tree
version=v4
num_class=1
num_tree_per_iteration=1
label_index=0
max_feature_idx=85
objective=quantile
feature_names=cur_dev_s lead_s cur_dev_is0 hour n_stops_plan since_last_plan plan_path_s plan_path_m plan_path_speed max_gap_path n_trip_starts_path layover_path_s tgt_is_trip_start tgt_gap_prev tgt_dist_prev tgt_pos_in_trip tgt_to_trip_end trip_len last_is_trip_end tgt_after_layover_s layover_end_minus_T has_telemetry age_last_pkt age_last_valid n_pkt_5m valid_share_5m n_pkt_15m valid_share_15m n_pkt_30m valid_share_30m speed_last speed_mean_2m stop_share_2m speed_mean_5m stop_share_5m speed_mean_10m stop_share_10m moved_5m moved_10m dist_to_tgt dist_to_next_plan det_delay detw_delay dist_to_last_plan det_age det_stops_to_tgt det_plan_to_tgt det_same_trip det_delay_mean3 det_n15m det_lb det_next_plan_minus_T detw_age detw_stops_to_tgt detw_plan_to_tgt detw_same_trip detw_delay_mean3 detw_n15m detw_lb detw_next_plan_minus_T pos_delay pos_u det_slope det_extrap det_speed_route det_plan_rate phys_delay plan_rate_extrap detw_slope detw_extrap det_rate_recent n_plan_recent det_at_last_plan cur_minus_det_last dist_to_layover_stop at_terminal_s layover_slack_s hist_tripstart_delay hist_tgt_det_share hist_tgt_dmin hist_tgt_delay hist_tgt_age hist_tgt_delay_mean3 hist_gain hist_gain_mean det_plus_hist_gain
feature_infos=[-404:661] [603.09427642822266:900] [0:1] [0:23.916666666686069] [1:14] [0:14892.05751824379] [660:15540] [0:12827.943764811294] [0:10.803044886087546] [0:14940] [0:2] [0:14940] [0:1] [0:14940] [0:9831.9945560320557] [0:71] [0:70] [1:72] [0:1] [0:780] [4.8826858997344971:900] none [0:1949.1842980384827] [0:11451] [0:107] [0:1] [0:291] [0:1] [0:550] [0:1] [0:121] [0:117.2] [0:1] [0:110.14999999999999] [0:1] [0:101.8] [0:1] [0:35802.811543782569] [0:51722.121883766056] [3.3583940281732638:33148.477351940295] [0.60254003257475619:34656.366069555101] [-300:799.38736510276794] [-300:671.981440782547] [0.60254003257475619:34670.831137284273] [0.12392640113830566:15326.934791564941] [1:49] [360:16080] [0:1] [-287.7758509318034:632.42421825726831] [0:15] [0:15192.05751824379] [-15192.05751824379:900] [0.4447624683380127:15047.163184165955] [1:49] [360:15720] [0:1] [-294.66666666666669:600.06247250239051] [0:15] [0:14892.05751824379] [-14892.05751824379:900] [-337.63885021209717:11803.174602270126] [0:1] [-0.97196972299573325:2.2040685286124546] [-732.22170826366983:900] [0.4406616482338348:13.09750292924962] [0.13973357400680286:1.8669609362695787] [-560.88408207893372:1500] [-535.96999738090915:1500] [-0.94803408100491515:2.8931824797675731] [-748.9516192664089:900] [0:1] [1:24] [-300:799.38736510276794] [-799.38736510276794:783.48914670944214] [0.60254003257475619:34656.366069555101] [0:14262.05751824379] [-297.29506731033325:14913.388998508453] [-299:308.65542531013489] [0:1] [0.16551709419740437:17658.273421561607] [-300:799.38736510276794] [1054.9078302383423:71620.322207450867] [-295:799.38736510276794] [-782.74478268623352:774.56811666488647] [-651.39952778816223:774.56811666488647] [-620.86606168746948:1195.8801209926605]
tree_sizes=1349 1407 1404 1399 1401 1404 1399 1411 1418 1409 1413 1412 1413 1411 1412 1417 1415 1410 1414 1411 1424 1410 1413 1417 1435 1404 1428 1417 1418 1437 1421 1422 1423 1420 1411 1418 1422 1423 1428 1418 1441 1428 1425 1436 1432 1426 1435 1436 1434 1430 1425 1430 1437 1436 1446 1445 1437 1439 1450 1442 1437 1441 1439 1436 1442 1444 1446 1435 1448 1439 1440 1433 1439 1451 1445 1439 1436 1436 1434 1451 1432 1444 1432 1431 1439 1465 1443 1447 1445 1446 1434 1459 1438 1441 1457 1435 1443 1450 1457 1441 1449 1445 1458 1440 1451 1447 1445 1443 1445 1466 1462 1445 1445 1440 1456 1447 1441 1453 1453 1458 1454 1453 1466 1448 1445 1459 1450 1462 1426 1445 1464 1452 1452 1446 1447 1426 1452 1463 1454 1447 1456 1455 1439 1448 1458 1462 1471 1476 1458 1453 1459 1465 1467 1456 1441 1465 1458 1440 1464 1470 1471 1453 1453 1439 1463 1456 1480 1471 1468 1467 1441 1477 1452 1431 1459 1446 1457 1476 1437 1458 1479 1465 1482 1469 1450 1458 1479 1459 1468 1471 1470 1473 1466 1477 1464 1466 1453 1461 1454 1480 1472 1456 1468 1456 1463 1475 1460 1478 1467 1471 1472 1492 1454 1484 1469 1468 1470 1478 1462 1467 1469 1480 1456 1489 1464 1456 1483 1455 1472 1484 1458 1457 1461 1465 1481 1469 1475 1460 1484 1479 1463 1488 1472 1467 1476 1459 1472 1468 1456 1469 1480 1484 1461 1468 1468 1470 1478 1482 1453 1467 1486 1463 1484 1469 1465 1461 1460 1471 1471 1467 1475 1464 1472 1476 1480 1456 1455 1477 1453 1470 1460 1477 1457 1474 1473 1488 1483 1473 1469 1477 1471 1468 1473 1454 1472 1493 1487 1483 1485 1480 1484 1475 1474 1489 1462 1466 1481 1461 1463 1481 1461 1465 1460 1475 1479 1468 1465 1470 1473 1467 1473 1461 1457 1474 1481 1468 1486 1480 1479 1468 1473 1483 1473 1475 1463 1469 1468 1484 1481 1476 1493 1459 1465 1472 1459 1460 1467 1465 1468 1462 1484 1470 1474 1470 1450 1471 1492 1473 1462 1476 1475 1446 1490 1455 1463 1477 1476 1482 1469 1471 1456 1490 1461 1470 1462 1476 1469 1451 1461 1485 1491 1465 1471 1482 1475 1463 1478 1467 1478 1487 1469 1472 1490 1466 1470 1464 1487 1477 1472 1465

Tree=0
num_leaves=15
num_cat=0
split_feature=0 11 80 84 60 0 4 29 0 36 80 69 29 29
split_gain=65.1981 37.5678 9.17537 6.16881 5.39249 4.82771 6.0694 4.51926 4.46445 3.63707 1.81189 1.30863 0.945645 1.21255
threshold=248.50000000000003 210.00000000000003 134.949208855629 165.08391296863559 275.40367996692663 122.50000000000001 7.5000000000000009 0.93201941747572825 155.50000000000003 0.28856066613798576 38.590087890625007 229.75265395584771 0.92502927400468404 0.93465694485499407
decision_type=2 2 10 10 8 2 2 10 2 10 8 8 10 8
left_child=2 4 5 8 -2 -1 -7 11 12 -5 -6 -8 -4 -14
right_child=1 -3 3 9 10 6 7 -9 -10 -11 -12 -13 13 -15
leaf_value=221.4778886628151 229.64989026069642 221.89789047241212 222.7678897356987 225.23689043879509 231.65088822722436 222.79189027070998 224.05489030718803 228.16788963556289 228.1438894867897 228.6958898115158 232.44589039802551 227.09988948822021 226.02588979005813 224.00389009475708
leaf_weight=2531 75 111 207 48 44 283 78 66 54 85 105 44 54 89
leaf_count=2531 75 111 207 48 44 283 78 66 54 85 105 44 54 89
internal_value=224.4 224.413 224.399 224.402 224.42 224.398 224.401 224.405 224.4 224.408 224.423 224.402 224.399 224.401
internal_weight=3874 335 3539 537 224 3002 471 188 404 133 149 122 350 143
internal_count=3874 335 3539 537 224 3002 471 188 404 133 149 122 350 143
is_linear=0
shrinkage=1


Tree=1
num_leaves=15
num_cat=0
split_feature=67 85 45 29 48 69 80 77 84 80 27 35 44 8
split_gain=42.9047 11.9204 7.62704 15.3353 6.86725 5.63334 4.15659 4.02449 3.5229 3.17632 2.62436 2.37015 1.66337 1.49361
threshold=312.00922562927008 184.4075035254161 10.500000000000002 0.89426985616010024 62.622362295786552 313.32278987485523 148.012978553772 26.710686981678013 131.29405224323276 66.349470496177688 0.92526050059082621 13.279990925589839 118.23393440246583 6.529190610226502
decision_type=10 8 10 10 10 10 10 8 10 10 10 8 10 10
left_child=2 9 6 13 -5 -3 -1 -7 -8 -2 -6 -10 -12 -4
right_child=1 5 3 4 10 7 8 -9 11 -11 12 -13 -14 -15
leaf_value=-2.3543366598844528 -0.37520187989330361 5.4646231993675229 -4.1669367141723637 0.98200675440065355 2.7462180419397009 8.9326230963706958 -0.22616083027690273 5.4508891989627255 4.3201226454734805 2.4929492202129544 5.7610111358614011 0.66912203460929554 6.2440070171212536 3.2719646113901444
leaf_weight=2597 75 63 293 66 60 68 248 58 72 42 42 51 40 48
leaf_count=2597 75 63 293 66 60 68 248 58 72 42 42 51 40 48
internal_value=-6.51158e-05 0.0106906 -0.0010037 0.00224182 0.00864115 0.0153316 -0.00160458 0.0189921 0.0013629 0.00312712 0.0123357 0.00549193 0.0158313 -0.00167544
internal_weight=3823 306 3517 549 208 189 2968 126 371 117 142 123 82 341
internal_count=3823 306 3517 549 208 189 2968 126 371 117 142 123 82 341
is_linear=0
shrinkage=0.03


Tree=2
num_leaves=15
num_cat=0
split_feature=0 11 0 3 0 83 80 15 83 11 3 0 80 65
split_gain=52.404 35.057 7.92814 7.93389 6.18182 4.95748 4.35108 3.48555 3.04782 3.79653 3.30071 3.19479 3.00483 3.38712
threshold=248.50000000000003 270.00000000000006 118.50000000000001 20.291666666656969 341.50000000000006 143.66439068317416 92.32829320430757 13.500000000000002 -7.1079481840133658 210.00000000000003 15.541666666656967 189.50000000000003 148.012978553772 0.96072807753419298
decision_type=2 2 2 2 2 10 8 2 8 2 2 2 10 10
left_child=2 4 5 8 6 -1 -2 -5 -4 10 11 -10 -7 -14
right_child=1 -3 3 7 -6 12 -8 -9 9 -11 -12 -13 13 -15
leaf_value=-2.6654074752888444 1.8122642172119772 -2.3533066994912621 -1.9093232261393012 1.4902227045303176 8.0104405436738624 -1.914707480622053 5.5829266990359443 4.5175240785354696 -0.083992051541719071 -1.7531269087321759 2.5665235044923822 4.1679281742875585 4.0598089533430031 -2.3120878647212142
leaf_weight=2673 40 120 218 45 99 100 85 61 121 85 44 46 131 42
leaf_count=2673 40 120 218 45 99 100 85 61 121 85 44 46 131 42
internal_value=-6.90368e-05 0.0110957 -0.00114887 0.00193237 0.01808 -0.00179776 0.0134524 0.00936449 0.000384465 0.00236364 0.00451415 0.00255357 0.00204744 0.00443103
internal_weight=3910 344 3566 620 224 2946 125 106 514 296 211 167 273 173
internal_count=3910 344 3566 620 224 2946 125 106 514 296 211 167 273 173
is_linear=0
shrinkage=0.03


Tree=3
num_leaves=15
num_cat=0
split_feature=0 19 3 80 0 0 4 25 80 84 0 3 27 81
split_gain=51.2257 24.3604 7.50322 7.03477 6.32843 5.1112 4.92879 3.78457 3.44335 3.42741 3.74196 2.76289 2.2206 1.20402
threshold=243.50000000000003 450.00000000000006 18.458333333343038 127.00085854530336 355.00000000000006 176.50000000000003 6.5000000000000009 0.9059551886792454 48.1667287349701 141.92666435241702 90.500000000000014 16.125000000000004 0.91030061892130865 1692.4195175170901
decision_type=2 8 2 10 2 2 2 10 10 10 2 2 10 8
left_child=3 -2 4 5 8 13 -7 -8 -3 10 -5 -12 -11 -1
right_child=1 2 -4 9 -6 6 7 -9 -10 12 11 -13 -14 -15
leaf_value=1.2555543979542583 -1.8785533770705929 1.6953851596364387 8.1734862044783974 -1.3274449581017458 5.6717485232564036 -1.8305480490585448 4.1052091613850088 2.2169617768825813 3.1847212485981289 0.6850252627838207 -0.045861130419471832 3.886168631869948 4.5648348555910152 -2.5637443358292535
leaf_weight=48 108 49 98 276 53 93 44 70 45 67 57 60 92 2650
leaf_count=48 108 49 98 276 53 93 44 70 45 67 57 60 92 2650
internal_value=-4.72324e-05 0.010822 0.0160366 -0.00115992 0.0116149 -0.00174983 0.00278365 0.00693913 0.00682105 0.00194213 0.000434009 0.00490678 0.00564375 -0.00209856
internal_weight=3810 353 245 3457 147 2905 207 114 94 552 393 117 159 2698
internal_count=3810 353 245 3457 147 2905 207 114 94 552 393 117 159 2698
is_linear=0
shrinkage=0.03


Tree=4
num_leaves=15
num_cat=0
split_feature=0 9 0 4 60 3 83 36 80 3 17 68 35 41
split_gain=52.4625 32.235 7.57881 9.19003 7.05677 5.81232 4.54829 3.37529 4.02488 2.85553 2.74257 1.82705 1.66244 1.48296
threshold=243.50000000000003 270.00000000000006 115.50000000000001 7.5000000000000009 275.40367996692663 18.375000000000004 143.66439068317416 0.2410176419965577 148.012978553772 18.458333333343038 39.500000000000007 0.13920371705791459 15.667333333333335 107.24660813808443
decision_type=2 2 2 2 8 2 10 10 10 2 2 8 10 10
left_child=2 4 6 13 12 10 -1 -8 -9 -6 -5 -10 -2 -4
right_child=1 -3 3 5 9 -7 7 8 11 -11 -12 -13 -14 -15
leaf_value=-2.6368320057543762 2.2163191596194354 -2.0073515101685726 0.72963312193062946 2.2647833708819878 5.4798721658416003 3.8482571827054102 -1.7541244416307757 -2.0332104840269989 3.5027797355261767 8.1996693909024803 -1.1818269379183499 4.2335250828737001 4.6400371841100325 -1.8156472371934904
leaf_weight=2587 43 123 98 123 79 76 120 51 63 72 73 51 42 265
leaf_count=2587 43 123 98 123 79 76 120 51 63 72 73 51 42 265
internal_value=1.86184e-05 0.010925 -0.00110063 0.00186321 0.0173924 0.00602198 -0.00175635 0.00183566 0.00460843 0.0212961 0.00325888 0.00772174 0.0102907 -0.00126099
internal_weight=3866 359 3507 635 236 272 2872 285 165 151 196 114 85 363
internal_count=3866 359 3507 635 236 272 2872 285 165 151 196 114 85 363
is_linear=0
shrinkage=0.03


Tree=5
num_leaves=15
num_cat=0
split_feature=0 76 0 4 16 3 80 0 65 84 85 43 80 82
split_gain=49.0274 26.1001 6.67239 8.50545 4.95542 4.9124 3.99579 3.54451 3.28941 3.02131 2.94358 2.01553 1.5218 1.37657
threshold=248.50000000000003 -100.69896233081816 107.50000000000001 7.5000000000000009 9.5000000000000018 18.375000000000004 148.012978553772 355.00000000000006 0.9664228042478763 141.92666435241702 230.42798066139224 736.55988410204748 -2.68707263469696 37.966474493344627
decision_type=2 10 2 2 2 2 10 2 10 10 10 10 10 8
left_child=2 4 6 -4 -2 11 -1 -6 9 -8 -11 13 -3 -5
right_child=1 12 3 5 7 -7 8 -9 -10 10 -12 -13 -14 -15
leaf_value=-2.5882895726078026 7.4243853460038061 -3.2547526299257052 -1.4162573517138912 -1.8966425031896623 4.1285664320519171 3.9665274863399667 0.21244294507724082 5.7122979454512111 -2.7035703686149999 8.9309637378316431 0.70027364383803203 3.1066887304881319 1.3376609037050022 1.540387721278258
leaf_weight=2442 97 86 388 49 78 82 154 50 133 42 50 51 40 114
leaf_count=2442 97 86 388 49 78 82 154 50 133 42 50 51 40 114
internal_value=-0.00011356 0.0105597 -0.00118511 0.00147153 0.0166593 0.00529293 -0.00182955 0.0126047 0.00103421 0.00308502 0.00735484 0.00287442 -0.000377953 0.00122561
internal_weight=3856 351 3505 684 225 296 2821 128 379 246 92 214 126 163
internal_count=3856 351 3505 684 225 296 2821 128 379 246 92 214 126 163
is_linear=0
shrinkage=0.03


Tree=6
num_leaves=15
num_cat=0
split_feature=0 11 0 8 3 16 0 84 82 36 44 39 68 29
split_gain=45.1451 28.5299 7.41054 7.96712 7.14146 6.3366 4.7176 4.53575 2.82801 2.80152 2.84437 2.31771 2.2124 1.4229
threshold=248.50000000000003 210.00000000000003 127.50000000000001 3.6207762768027947 16.041666666656969 9.5000000000000018 355.00000000000006 141.92666435241702 45.488253990809135 0.24015503875968994 114.40960347652437 2612.184311776391 0.07620272252734242 0.92357745942400082
decision_type=2 2 2 10 2 2 2 10 10 10 10 10 8 10
left_child=2 5 7 -4 11 -2 12 13 -6 -9 -11 -5 -7 -1
right_child=1 -3 3 4 8 6 -8 9 -10 10 -12 -13 -14 -15
leaf_value=-2.8910796794808573 7.5844051506163561 -1.613105907739431 -1.4666635146431086 3.778499858112359 3.6456371863477033 1.493018011422347 6.0407482900244309 -1.936652629560462 3.188470031971824 3.0127674964137143 1.8413388409806746 -0.211910975430497 4.4212257876120855 -1.294582486745085
leaf_weight=1848 90 121 251 40 57 44 48 73 56 56 76 150 41 893
leaf_count=1848 90 121 251 40 57 44 48 73 56 56 76 150 41 893
internal_value=-0.000127959 0.0102261 -0.00114824 0.00203243 0.00529934 0.016567 0.0122463 -0.00174686 0.0112368 0.00254854 0.00514286 0.00172775 0.00784884 -0.00206893
internal_weight=3844 344 3500 554 303 223 133 2946 113 205 132 190 85 2741
internal_count=3844 344 3500 554 303 223 133 2946 113 205 132 190 85 2741
is_linear=0
shrinkage=0.03


Tree=7
num_leaves=15
num_cat=0
split_feature=0 11 3 52 80 36 81 80 3 3 35 0 53 29
split_gain=38.3419 28.318 15.0765 6.55557 6.36044 6.42953 4.27775 3.49518 3.23127 2.10549 3.22973 1.86473 2.40406 1.75223
threshold=189.50000000000003 210.00000000000003 18.625000000000004 152.87008345127109 127.00085854530336 0.29198717948717956 4368.5585507154474 316.8799142837525 22.791666666656969 15.458333333343036 3.8717867231638423 122.50000000000001 10.500000000000002 0.92502927400468404
decision_type=2 2 2 10 10 10 10 10 2 2 10 2 10 10
left_child=4 2 3 6 11 -6 -2 9 -4 -7 -11 -1 -13 -8
right_child=1 -3 8 -5 5 7 13 -9 -10 10 -12 12 -14 -15
leaf_value=-2.4932189074249989 4.200144147294516 -1.4919759598281295 6.8131599048151159 4.8579298578046206 -1.1127091959885664 0.38644529698438096 -0.3953804180247778 4.1928601963032506 7.3359418723376875 0.3977286143153545 2.4299105844732192 -0.68224499512798964 1.7449907930917237 2.8221310655894403
leaf_weight=2463 73 196 85 42 273 128 65 43 45 43 43 255 47 40
leaf_count=2463 73 196 85 42 273 128 65 43 45 43 43 255 47 40
internal_value=-0.000149142 0.00720658 0.0123077 0.00746606 -0.00136984 0.00163842 0.00489385 0.00503488 0.0203817 0.00343256 0.00703448 -0.00194686 0.000277227 0.000990565
internal_weight=3841 546 350 220 3295 530 178 257 130 214 86 2765 302 105
internal_count=3841 546 350 220 3295 530 178 257 130 214 86 2765 302 105
is_linear=0
shrinkage=0.03


Tree=8
num_leaves=15
num_cat=0
split_feature=3 45 85 80 65 69 80 29 65 64 33 29 42 29
split_gain=20.2278 20.6296 10.5872 9.85628 5.33862 4.8411 3.13331 2.96321 2.21863 3.12598 2.03539 3.85037 1.97408 1.5969
threshold=20.875000000000004 10.500000000000002 132.69242783387503 100.66583168506624 0.92569678480918383 279.43751141429829 92.32829320430757 0.92357745942400082 0.81239081717605943 3.6835287751673564 0.35192307692307695 0.94234726179170636 -208.83164739608762 0.90630852059925104
decision_type=2 10 10 8 8 10 10 10 8 10 10 10 8 10
left_child=2 5 8 -3 6 -2 -4 -8 9 -1 -6 -12 13 -10
right_child=1 3 4 -5 10 -7 7 -9 12 -11 11 -13 -14 -15
leaf_value=-1.0269200087098753 -0.2190432009618965 3.5019541698475947 0.30661774844918893 7.0835838983705006 -2.1831287338297392 4.0413167427935344 3.6796945163547075 3.7657289850344413 -2.6255959283404269 4.4113845759059167 0.13407335649552959 6.611476150315136 -2.195548511489879 2.7244087568917443
leaf_weight=84 212 61 45 92 113 40 40 49 42 43 194 61 2687 43
leaf_count=84 212 61 45 92 113 40 40 49 42 43 194 61 2687 43
internal_value=-0.000233255 0.00609606 -0.000988537 0.0147468 0.00302982 0.000806323 0.00813333 0.0113667 -0.00168517 0.00217969 0.00115447 0.00263672 -0.00186297 0.00261628
internal_weight=3806 405 3401 153 502 252 134 89 2899 127 368 255 2772 85
internal_count=3806 405 3401 153 502 252 134 89 2899 127 368 255 2772 85
is_linear=0
shrinkage=0.03


Tree=9
num_leaves=15
num_cat=0
split_feature=0 11 80 82 70 65 0 0 4 84 17 29 84 29
split_gain=38.6128 24.4079 7.57765 5.69101 5.41906 4.18439 4.00135 3.85901 3.74931 3.82707 3.06679 3.38295 4.90087 1.07554
threshold=243.50000000000003 210.00000000000003 134.949208855629 123.29898506402971 0.8973684210526317 0.92436766150863325 304.50000000000006 176.50000000000003 6.5000000000000009 70.850828170776381 41.500000000000007 0.90744819709577429 106.07549870014192 0.920697250493696
decision_type=2 2 10 8 10 10 2 2 2 8 2 10 10 10
left_child=2 3 7 4 -2 10 -5 13 -9 -10 11 -4 -13 -1
right_child=1 -3 5 6 -6 -7 -8 8 9 -11 -12 12 -14 -15
leaf_value=-2.7836842164610838 6.4174906253845831 -1.7511576488500926 0.64084955257790399 3.9083583026999462 3.4532027829826362 -1.748294911181969 6.4413771620677878 -2.0304304451418087 0.15180138653930483 3.825329133378216 0.047762789247408434 2.1150424577899383 4.9687776540037811 -1.1594937800405836
leaf_weight=1778 43 125 93 40 64 200 76 89 58 52 120 74 54 979
leaf_count=1778 43 125 93 40 64 200 76 89 58 52 120 74 54 979
internal_value=-0.000214509 0.00930086 -0.00116381 0.0152277 0.0100833 0.00209779 0.0198462 -0.00176125 0.002265 0.00594595 0.00411403 0.0062027 0.00934884 -0.00205258
internal_weight=3845 348 3497 223 107 541 116 2956 199 110 341 221 128 2757
internal_count=3845 348 3497 223 107 541 116 2956 199 110 341 221 128 2757
is_linear=0
shrinkage=0.03


Tree=10
num_leaves=15
num_cat=0
split_feature=0 11 80 0 80 36 0 45 29 36 80 0 5 41
split_gain=38.4097 24.0019 7.38314 6.96567 7.62721 4.24544 3.98899 3.56608 3.19459 3.06197 2.72192 1.90388 1.87497 1.40119
threshold=255.00000000000003 210.00000000000003 127.00085854530336 389.50000000000006 94.218508958816543 0.29198717948717956 162.50000000000003 9.5000000000000018 0.93201941747572825 0.30202253291706266 316.8799142837525 118.50000000000001 2.4722244739532475 122.90904271602632
decision_type=2 2 10 2 8 10 2 10 10 10 10 2 10 10
left_child=2 3 6 4 -2 11 -1 13 -9 -6 12 -4 -7 -8
right_child=1 -3 5 -5 9 10 7 8 -10 -11 -12 -13 -14 -15
leaf_value=-2.1356943888760243 1.090282414823333 -1.6626227810399485 -0.9198538827871896 6.6915648442534188 5.000742462601945 1.9504302041768717 1.5374526203544427 1.4522569407698205 3.0965481648998208 4.5854541997889537 3.8025039435487487 3.2218666803128002 0.96589767106666979 -1.8753949420476748
leaf_weight=2685 50 117 259 53 68 52 40 77 40 47 42 42 171 124
leaf_count=2685 50 117 259 53 68 52 40 77 40 47 42 42 171 124
internal_value=-0.000183817 0.00950893 -0.00110558 0.0153699 0.0121988 0.00203175 -0.00170475 0.00169149 0.00566949 0.0164224 0.00479323 -0.000407285 0.00344196 -0.00116364
internal_weight=3867 335 3532 218 165 566 2966 281 117 115 265 301 223 164
internal_count=3867 335 3532 218 165 566 2966 281 117 115 265 301 223 164
is_linear=0
shrinkage=0.03


Tree=11
num_leaves=15
num_cat=0
split_feature=0 11 60 81 80 0 4 43 84 82 65 40 60 3
split_gain=41.5987 23.1419 6.44701 6.08152 4.47094 4.33797 4.99721 4.62517 2.37426 2.03151 1.91489 1.6302 1.41785 1.31585
threshold=243.50000000000003 210.00000000000003 237.19145154953006 1546.7510825395586 92.32829320430757 75.500000000000014 7.5000000000000009 791.03397327249456 150.56124365329745 26.559634009997051 0.86372693639698839 109.36015248449736 2.9600795507431035 16.875000000000004
decision_type=2 2 8 8 8 2 2 10 10 8 8 10 10 2
left_child=3 2 -2 -1 -4 8 -7 9 -5 -8 -11 -10 -12 -6
right_child=1 -3 4 5 13 6 7 -9 11 10 12 -13 -14 -15
leaf_value=3.3368945108597323 2.1716101906032144 -1.4486452155901857 4.4315526578723432 -2.5563066703531372 4.3461476812624333 -1.0702877535143742 -2.0166932329185432 2.9149283887862745 2.6566732436896583 3.1012477109584986 3.1649075351769147 -0.6282195747322622 0.041273663239795255 6.0895378729312926
leaf_weight=40 54 123 57 2335 50 540 88 80 55 41 41 105 161 73
leaf_count=40 54 123 57 2335 50 540 88 80 55 41 41 105 161 73
internal_value=-0.000244278 0.00949441 0.0150128 -0.00124405 0.0177348 -0.00138033 0.000343487 0.00283252 -0.00203726 0.00125602 0.00266803 0.00149068 0.00144828 0.0209758
internal_weight=3843 357 234 3486 180 3446 951 411 2495 331 243 160 202 123
internal_count=3843 357 234 3486 180 3446 951 411 2495 331 243 160 202 123
is_linear=0
shrinkage=0.03


Tree=12
num_leaves=15
num_cat=0
split_feature=67 85 3 3 53 85 26 29 81 40 29 3 42 84
split_gain=23.8601 10.6491 8.38153 7.13314 10.9299 5.36206 4.97655 3.58797 3.5606 2.21041 3.80743 1.66938 1.39095 1.01891
threshold=312.00922562927008 141.30845952033999 18.458333333343038 20.875000000000004 10.500000000000002 70.050521771113097 111.50000000000001 0.92539052986814185 3083.1409046649937 1207.9853058364151 0.88536888379204903 21.958333333343038 -208.83164739608762 155.28539949655536
decision_type=10 8 2 2 10 10 2 10 10 10 10 2 8 10
left_child=3 -2 6 5 -5 12 -3 -6 -7 13 -11 -4 -1 -10
right_child=1 2 11 4 7 8 -8 -9 9 10 -12 -13 -14 -15
leaf_value=1.2354357222365908 -0.34635942452906082 3.1984510690618033 5.6802069428759765 -0.28167977486190576 3.1257639011538756 0.76714914626096919 0.22701540586124 4.1377028288155708 -0.99020484463153158 -2.2423314032602275 3.8588039026666006 6.5658803279893538 -2.3953767282948877 1.381706669891748
leaf_weight=72 86 67 40 240 59 74 72 40 379 47 59 40 2442 131
leaf_count=72 86 67 40 240 59 74 72 40 379 47 59 40 2442 131
internal_value=-0.000341388 0.00769608 0.0111955 -0.00103527 0.00309706 -0.00147332 0.00666429 0.01143 0.000868306 0.000116693 0.00403738 0.0188889 -0.0021161 -0.000704502
internal_weight=3848 305 219 3543 339 3204 139 99 690 616 106 80 2514 510
internal_count=3848 305 219 3543 339 3204 139 99 690 616 106 80 2514 510
is_linear=0
shrinkage=0.03


Tree=13
num_leaves=15
num_cat=0
split_feature=0 9 3 0 0 3 80 27 17 9 35 67 39 0
split_gain=35.1776 19.7566 8.19014 6.12646 6.05948 5.71359 3.67099 3.32212 2.74757 3.26725 2.30406 2.27583 1.67735 1.39961
threshold=255.00000000000003 270.00000000000006 20.958333333343038 362.50000000000006 118.50000000000001 18.458333333343038 89.95680952072145 0.93817328854395932 29.000000000000004 210.00000000000003 8.6055044955044959 137.24336018164956 2271.4718653978603 66.500000000000014
decision_type=2 2 2 2 2 2 10 10 2 2 8 8 10 2
left_child=2 3 6 5 10 -2 13 -6 9 11 -4 -8 -13 -1
right_child=1 -3 4 -5 7 -7 8 -9 -10 -11 -12 12 -14 -15
leaf_value=-2.8955106663586254 1.26654617102401 -1.4327057888826364 3.2327472131080759 6.0022394377475701 3.2065735668846198 5.6128544915473455 -0.22593725824783437 0.57212639670987075 -1.1188877004156959 -0.84106321571457865 -0.58724383398929969 0.94899083147420349 3.6986893919568491 -0.70382932364392337
leaf_weight=1822 73 106 41 80 48 58 42 40 402 103 164 69 60 695
leaf_count=1822 73 106 41 80 48 58 42 40 402 103 164 69 60 695
internal_value=-0.000278392 0.00927358 -0.00114941 0.0145613 0.00364286 0.0104318 -0.00159017 0.0101798 0.00037223 0.00268364 0.00080097 0.00521512 0.00717692 -0.00211716
internal_weight=3803 317 3486 211 293 131 3193 88 676 274 205 171 129 2517
internal_count=3803 317 3486 211 293 131 3193 88 676 274 205 171 129 2517
is_linear=0
shrinkage=0.03


Tree=14
num_leaves=15
num_cat=0
split_feature=0 9 3 60 3 0 81 27 0 83 67 64 67 35
split_gain=41.9393 17.7969 6.50776 9.59932 5.81102 5.97243 3.55943 3.1015 2.83565 2.68553 3.02256 3.20353 2.63775 1.84172
threshold=243.50000000000003 270.00000000000006 18.458333333343038 467.13900649547583 21.041666666656969 118.50000000000001 4497.8316410779962 0.93156539046950015 56.500000000000007 3.1215480566024785 160.70731811663697 4.3858562359547344 448.47620174288755 12.860484848484852
decision_type=2 2 2 8 2 2 10 10 2 8 10 10 8 10
left_child=4 2 3 6 8 -6 -2 -7 -1 -10 -11 13 -4 -12
right_child=1 -3 12 -5 5 7 -8 -9 9 10 11 -13 -14 -15
leaf_value=-2.5296857653413256 2.4479099160264814 -1.475697839325796 5.4485187854881785 4.2784253324741934 -0.088205626562742875 2.8000116457264115 -0.67350800273399014 0.79265336330880243 -1.2746373447758939 -0.12717788724775711 2.0765403152260076 3.8928867295625103 6.3427864337985529 -1.1559886756568385
leaf_weight=2110 55 114 53 40 195 40 49 50 452 457 59 49 54 45
leaf_count=2110 55 114 53 40 195 40 49 50 452 457 59 49 54 45
internal_value=-0.000189904 0.00946721 0.0139167 0.00964138 -0.00121197 0.00288461 0.00474286 0.00923077 -0.00158084 -0.000316087 0.000981996 0.00461688 0.0195278 0.0016
internal_weight=3822 365 251 144 3457 285 104 90 3172 1062 610 153 107 104
internal_count=3822 365 251 144 3457 285 104 90 3172 1062 610 153 107 104
is_linear=0
shrinkage=0.03


Tree=15
num_leaves=15
num_cat=0
split_feature=0 11 60 3 45 69 61 83 80 77 77 0 84 4
split_gain=30.2936 17.3883 6.14001 5.1541 4.10076 3.85371 3.4295 3.09846 2.87577 2.66443 2.46681 1.93576 2.38098 2.14808
threshold=243.50000000000003 210.00000000000003 237.19145154953006 21.041666666656969 10.500000000000002 279.43751141429829 0.71392182459712006 143.66439068317416 107.45434272289278 -208.35183674097058 -43.542308747768395 58.500000000000007 -14.970578074455259 6.5000000000000009
decision_type=2 2 8 2 10 8 8 10 8 8 10 2 8 2
left_child=3 2 -2 7 -5 -4 -7 11 -6 -9 -11 -1 -13 -14
right_child=1 -3 5 4 8 6 -8 9 -10 10 -12 12 13 -15
leaf_value=-2.6109571627135959 1.6204929905270113 -1.7488558163945185 4.2741541218765056 0.026856068038085951 2.4340138278403756 5.1146430718272908 5.6154003700311099 2.8598990448935395 2.5625648040019806 -0.91383184218929125 1.8119186788322947 -1.7238823863480266 -1.1712148499169019 0.79496736395746237
leaf_weight=1983 54 128 55 176 47 78 51 54 43 156 46 400 174 396
leaf_count=1983 54 128 55 176 47 78 51 54 43 156 46 400 174 396
internal_value=-0.000399012 0.00779836 0.0125774 -0.00126439 0.00274157 0.0151784 0.0180231 -0.0015972 0.00791209 0.0015642 -2.95574e-05 -0.0018717 -0.0007724 0.000472854
internal_weight=3841 366 238 3475 266 184 129 3209 90 256 202 2953 970 570
internal_count=3841 366 238 3475 266 184 129 3209 90 256 202 2953 970 570
is_linear=0
shrinkage=0.03


Tree=16
num_leaves=15
num_cat=0
split_feature=67 85 3 3 53 69 41 85 36 40 56 17 42 29
split_gain=19.4617 13.5756 12.4992 6.9573 8.06645 4.09559 3.17621 2.65975 2.11655 2.96302 2.86735 1.34798 1.73711 2.9578
threshold=242.85366642475134 176.55637625853225 18.541666666656969 20.875000000000004 10.500000000000002 400.48009334291743 120.8123598098755 70.050521771113097 0.24015503875968994 1231.4083856288883 -39.091741442680352 41.500000000000007 -174.80952572822568 0.90630852059925104
decision_type=10 8 2 2 10 8 10 10 10 10 10 2 8 10
left_child=3 -2 5 7 -5 -3 -6 11 -9 10 -10 12 13 -1
right_child=1 2 -4 4 6 -7 -8 8 9 -11 -12 -13 -14 -15
leaf_value=-1.8909817768779149 -0.3406304449918709 0.77839385629385105 5.6671900397114063 0.065354857519813681 2.9505216209462373 3.571785317585904 3.7422926079467866 -1.8026904109113742 1.1596656441809916 2.3512251042124901 -0.13558687592648197 -3.29946782790251 -1.642832353833434 2.4035985435009
leaf_weight=53 165 99 84 231 41 62 51 233 44 42 337 945 1436 46
leaf_count=53 165 99 84 231 41 62 51 233 44 42 337 945 1436 46
internal_value=-0.000332559 0.00583942 0.0103049 -0.00106561 0.00312037 0.00535185 0.0105806 -0.00149761 0.000200913 0.00146462 0.000620418 -0.0019468 -0.00139649 0.00243
internal_weight=3869 410 245 3459 323 161 92 3136 656 423 381 2480 1535 99
internal_count=3869 410 245 3459 323 161 92 3136 656 423 381 2480 1535 99
is_linear=0
shrinkage=0.03


Tree=17
num_leaves=15
num_cat=0
split_feature=0 9 0 4 3 40 68 3 17 84 3 80 77 29
split_gain=30.4803 20.6653 7.0461 8.54443 4.47953 3.7576 3.65808 3.87705 2.83111 2.71879 1.71204 1.83414 1.71141 1.53931
threshold=290.50000000000006 270.00000000000006 107.50000000000001 7.5000000000000009 18.375000000000004 1132.1144101624566 0.21071136982935432 20.958333333343038 39.500000000000007 141.92666435241702 11.375000000000002 38.590087890625007 -208.35183674097058 0.91777856846350014
decision_type=2 2 2 2 2 10 8 2 2 10 2 10 8 10
left_child=2 6 9 -4 8 -6 7 -2 10 13 11 -5 -11 -1
right_child=1 -3 3 4 5 -7 -8 -9 -10 12 -12 -13 -14 -15
leaf_value=-2.6404230219958746 3.1699340006153705 -1.6941309732899872 -0.80348384873535839 1.9339690668146723 2.1600135030218324 2.8440243892639936 5.1034866126510874 6.0356834103801091 -0.44994724479629356 2.4554709984701648 0.13227319589943398 3.1959339539115899 0.032710440153087529 -0.67574263940100376
leaf_weight=1633 40 88 451 75 47 54 71 43 80 51 57 41 159 956
leaf_count=1633 40 88 451 75 47 54 71 43 80 51 57 41 159 956
internal_value=-0.000308813 0.00997531 -0.00100194 0.00147022 0.00495211 0.0102647 0.0165677 0.0120357 0.00279921 -0.00171322 0.00494828 0.00702564 0.00156398 -0.00197954
internal_weight=3846 242 3604 805 354 101 154 83 253 2799 173 116 210 2589
internal_count=3846 242 3604 805 354 101 154 83 253 2799 173 116 210 2589
is_linear=0
shrinkage=0.03


Tree=18
num_leaves=15
num_cat=0
split_feature=0 11 3 61 0 3 77 42 45 83 74 17 67 8
split_gain=27.2143 15.0597 7.12099 6.09001 5.1508 4.09754 3.43404 3.00536 2.79525 2.39269 2.19951 3.25495 3.1042 3.89096
threshold=243.50000000000003 210.00000000000003 18.458333333343038 1.0000000180025095e-35 46.500000000000007 20.291666666656969 -190.39628857374188 274.6617803573609 10.500000000000002 3.1215480566024785 22.155697278280368 37.500000000000007 233.98869414329533 4.5117053425751559
decision_type=2 2 2 10 2 2 10 10 10 8 10 2 8 10
left_child=4 2 3 -2 -1 9 -7 -4 -8 -6 11 12 -11 -14
right_child=1 -3 7 -5 5 6 8 -9 -10 10 -12 -13 13 -15
leaf_value=-2.2526011543367273 3.6206543994837235 -1.646112435811943 4.9496458303326616 1.3891174465063771 -1.4383040921495618 -1.1948237730577167 2.4247843316203586 5.5775815093963201 2.7587130486086582 0.31946378820509352 -0.79949323840257636 -1.1910312715504729 1.0385131284560998 3.3482873446092825
leaf_weight=2135 44 119 46 84 479 52 88 50 59 128 219 184 76 72
leaf_count=2135 44 119 46 84 479 52 88 50 59 128 219 184 76 72
internal_value=-0.000402764 0.00764826 0.0122133 0.00748837 -0.00119553 0.000249631 0.004215 0.0183711 0.0065473 -0.000434858 0.000710293 0.0018872 0.00394224 0.00688591
internal_weight=3835 343 224 128 3492 1357 199 96 147 1158 679 460 276 148
internal_count=3835 343 224 128 3492 1357 199 96 147 1158 679 460 276 148
is_linear=0
shrinkage=0.03


Tree=19
num_leaves=15
num_cat=0
split_feature=0 11 80 3 80 64 8 36 81 3 3 29 53 35
split_gain=22.2901 14.0705 7.81849 5.22642 4.00629 3.56409 3.5601 3.4591 4.12215 3.38013 2.56426 1.53162 1.86042 1.68573
threshold=189.50000000000003 210.00000000000003 95.561455726623549 18.458333333343038 127.00085854530336 6.8225836585711823 5.607918058426046 0.29198717948717956 7642.4991779327402 7.7916666666569663 15.291666666656967 0.92539052986814185 10.500000000000002 20.558191489361704
decision_type=2 2 8 2 10 8 10 10 10 2 2 10 10 10
left_child=4 2 5 9 11 -2 -5 -6 10 -4 -9 -1 13 -13
right_child=1 -3 3 6 7 -7 -8 8 -10 -11 -12 12 -14 -15
leaf_value=-2.1805062666884472 -0.23125644877310175 -1.1430909738869257 3.2569659370036455 5.3295256970792408 -0.75906539573678433 3.1890095246887626 2.7722403658405246 -0.3172324347895476 4.8662512564800338 1.9015785293174068 2.306966360503631 -1.6430846515523356 1.7995630681014656 2.7397127808973325
leaf_weight=1876 92 191 41 52 273 40 56 123 67 70 57 752 50 81
leaf_count=1876 92 191 41 52 273 40 56 123 67 70 57 752 50 81
internal_value=-0.00050314 0.00512707 0.00868466 0.01215 -0.00143506 0.00288722 0.016844 0.000978886 0.00354435 0.00747321 0.00116022 -0.00189022 -0.000858598 -0.00119784
internal_weight=3821 542 351 219 3279 132 108 520 247 111 180 2759 883 833
internal_count=3821 542 351 219 3279 132 108 520 247 111 180 2759 883 833
is_linear=0
shrinkage=0.03


Tree=20
num_leaves=15
num_cat=0
split_feature=67 85 3 3 53 85 77 36 70 44 34 71 32 9
split_gain=15.0417 9.2239 8.20611 4.31614 6.62075 3.9926 3.7979 2.26161 2.51489 2.02221 1.77015 1.97617 1.44914 1.32017
threshold=312.00922562927008 169.55085607369745 18.291666666656969 20.958333333343038 10.500000000000002 70.050521771113097 -170.43623745441434 0.1861605107159143 0.67708333333333337 103.42585635185243 0.95916666666666683 5.5000000000000009 0.30901856763925734 150.00000000000003
decision_type=10 8 2 2 10 10 10 10 8 10 8 10 10 2
left_child=3 -2 6 5 -5 12 -3 -7 -9 -6 11 -10 -1 -13
right_child=1 2 -4 4 9 7 -8 8 10 -11 -12 13 -14 -15
leaf_value=-2.3988369322532153 -0.20648249655067033 2.9253676474871386 5.2853097824816642 -0.13030945084115278 4.4874715704688084 -1.8420716366638066 1.1426840394082916 2.296130210695289 3.977179733981377 2.5126266090097138 -1.7498450520685755 0.96638329842849446 -0.68350935891199927 -0.32101787094526751
leaf_weight=1557 105 42 68 223 41 147 77 44 60 45 107 145 949 198
leaf_count=1557 105 42 68 223 41 147 77 44 60 45 107 145 949 198
internal_value=-0.000407982 0.00612287 0.0101011 -0.000951948 0.00242903 -0.00127837 0.005275 0.000722222 0.0016 0.00944828 0.000998042 0.00190842 -0.00183805 0.00102035
internal_weight=3808 292 187 3516 309 3207 119 701 554 86 510 403 2506 343
internal_count=3808 292 187 3516 309 3207 119 701 554 86 510 403 2506 343
is_linear=0
shrinkage=0.03


Tree=21
num_leaves=15
num_cat=0
split_feature=0 11 80 3 61 17 3 26 0 4 7 34 84 61
split_gain=24.8527 12.7741 6.05864 5.0317 5.04512 3.19958 3.43875 3.27842 2.06522 2.26312 1.95918 1.48308 1.62224 1.67466
threshold=290.50000000000006 210.00000000000003 127.00085854530336 18.458333333343038 0.56298546614987044 21.500000000000004 21.125000000000004 106.50000000000001 75.500000000000014 8.5000000000000018 3872.4679407200251 0.1925393883225209 141.92666435241702 0.69842613628362138
decision_type=2 2 10 2 8 2 2 2 2 2 10 10 8 8
left_child=2 3 8 4 -2 -4 11 -8 -1 -10 -11 -7 -13 -14
right_child=1 -3 5 -5 -6 6 7 -9 9 10 -12 12 13 -15
leaf_value=-2.2223239611853307 0.66024194569041172 -1.5135126154732093 1.8204080196833565 5.1980964402375518 3.9729181008911363 -1.5601659774035559 2.6353847209665004 0.20531692589099776 -0.66945639227255516 0.13219886991422744 2.7592155896124515 -0.12849842191131661 0.14885002036142667 4.8394487894714251
leaf_weight=2164 42 73 66 72 42 142 40 47 700 92 54 206 50 40
leaf_count=2164 42 73 66 72 42 142 40 47 700 92 54 206 50 40
internal_value=-0.00054816 0.00901304 -0.00115852 0.0138344 0.00868235 0.00161655 0.000826995 0.00623864 -0.00170375 -0.000446282 0.00293877 -0.000259682 0.000949494 0.00428571
internal_weight=3830 229 3601 156 84 591 525 87 3010 846 146 438 296 90
internal_count=3830 229 3601 156 84 591 525 87 3010 846 146 438 296 90
is_linear=0
shrinkage=0.03


Tree=22
num_leaves=15
num_cat=0
split_feature=0 53 80 69 80 31 45 64 0 83 54 45 14 51
split_gain=28.2378 13.6754 3.88624 3.62971 2.4263 2.33836 2.89611 2.02595 2.01439 1.92746 1.81155 1.62737 2.3623 1.486
threshold=266.50000000000006 10.500000000000002 99.379082083702102 344.57296450913185 110.44351768493654 12.481746031746034 10.500000000000002 3.6492604915308444 23.500000000000004 157.54430651664737 990.00000000000011 9.5000000000000018 766.19171013776656 206.67701900005343
decision_type=2 10 10 8 8 8 10 10 2 10 10 8 10 10
left_child=2 4 8 -3 -2 6 9 -5 -1 -4 -6 13 -13 -10
right_child=1 3 5 7 10 -7 -8 -9 11 -11 -12 12 -14 -15
leaf_value=-2.8256421851522107 -1.0056280305133949 4.385075915074502 -0.023971473613415957 4.1899159372107206 2.289386457368586 -0.18060482338620915 3.3408994268677921 5.0421536320814395 -1.1821312391560894 2.87172381128262 0.37013240005120818 0.048650535078585369 2.4568629591229492 2.4811588061369267
leaf_weight=1541 73 52 210 52 40 399 44 42 819 86 46 333 42 50
leaf_count=1541 73 52 210 52 40 399 44 42 819 86 46 333 42 50
internal_value=-0.000359531 0.00838235 -0.0011183 0.0149796 0.00226875 0.000814864 0.0026393 0.0185053 -0.00163137 0.00155555 0.00565517 -0.000732531 0.000917552 -0.00144483
internal_weight=3829 305 3524 146 159 739 340 94 2785 296 86 1244 375 869
internal_count=3829 305 3524 146 159 739 340 94 2785 296 86 1244 375 869
is_linear=0
shrinkage=0.03


Tree=23
num_leaves=15
num_cat=0
split_feature=67 3 85 3 45 84 63 63 29 53 41 8 29 29
split_gain=13.1499 10.2191 8.42095 3.9834 5.2766 2.85446 2.93922 2.74421 2.50921 4.48446 2.37604 2.23292 1.97391 1.84563
threshold=242.85366642475134 18.125000000000004 190.421635111173 20.958333333343038 10.500000000000002 -34.976302862167351 501.18500317567475 212.78448207504223 0.90071280521712771 10.500000000000002 -176.93770289421079 5.0810954811165594 0.94234726179170636 0.920697250493696
decision_type=10 2 8 2 10 8 8 8 10 10 10 10 10 10
left_child=3 5 -3 8 -5 -2 13 -6 -1 10 12 -4 -10 -7
right_child=1 2 11 4 7 6 -8 -9 9 -11 -12 -13 -14 -15
leaf_value=-2.5791516904523499 -0.62479784727441745 0.71835920442139922 6.6539466888329795 -0.30525414522911792 0.67832590456401953 -1.1756284842032849 3.29151313727822 2.9690761643033703 3.6551598389121165 2.7921450309138178 -0.8306720744967212 2.8811500349400729 0.074154289207303381 1.8700214082079489
leaf_weight=1427 107 41 42 207 44 58 44 42 42 92 1520 40 69 64
leaf_count=1427 107 41 42 207 44 58 44 42 42 92 1520 40 69 64
internal_value=-0.000530469 0.0046398 0.0117823 -0.00112631 0.00221429 0.00139051 0.00384431 0.00841379 -0.00143764 -0.000666474 -0.00103125 0.0172771 0.0031875 0.00141463
internal_weight=3839 396 123 3443 293 273 166 86 3150 1723 1631 82 111 122
internal_count=3839 396 123 3443 293 273 166 86 3150 1723 1631 82 111 122
is_linear=0
shrinkage=0.03


Tree=24
num_leaves=15
num_cat=0
split_feature=3 45 60 29 45 65 3 42 58 62 37 39 67 82
split_gain=12.6711 9.1756 4.28321 3.58913 5.65762 3.2923 2.83454 2.65404 2.50893 2.51337 1.80843 2.2188 1.62383 1.55189
threshold=20.708333333343038 10.500000000000002 275.40367996692663 0.90071280521712771 10.500000000000002 0.89686205155151633 22.875000000000004 -174.80952572822568 60.916535377502449 0.18106774796326536 2163.5370812377541 2199.9667582723364 340.6629939207665 40.087382753690086
decision_type=2 10 10 10 10 8 2 8 10 8 10 10 10 10
left_child=3 5 6 12 7 -2 -3 -5 -6 -10 13 -12 -1 -9
right_child=1 2 -4 4 8 -7 -8 10 9 -11 11 -13 -14 -15
leaf_value=-2.3902262539609316 2.8002074907205952 3.2925523704351818 4.6506378248556368 2.5467661487214586 -0.80774044213211715 -0.16941495362335773 1.7954933387042886 -1.5991856774025131 2.7275669677837495 2.6128206532785017 3.6177191365325436 -0.03022475685262771 2.4392525371549074 -0.049209133751614766
leaf_weight=1422 51 52 45 79 49 244 54 930 75 63 40 106 40 592
leaf_count=1422 51 52 45 79 49 244 54 930 75 63 40 106 40 592
internal_value=-0.000493365 0.00425503 0.0102434 -0.00111805 -0.000269768 0.00116554 0.00684112 -0.000801488 0.00467553 0.00673381 -0.00105692 0.00212245 -0.00223924 -0.0013631
internal_weight=3842 446 151 3396 1934 295 106 1747 187 138 1668 146 1462 1522
internal_count=3842 446 151 3396 1934 295 106 1747 187 138 1668 146 1462 1522
is_linear=0
shrinkage=0.03


Tree=25
num_leaves=15
num_cat=0
split_feature=0 11 69 80 3 67 0 64 58 83 71 14 82 16
split_gain=21.9709 10.8289 5.81485 5.18032 5.10597 3.78599 2.34192 4.1649 2.26332 2.26379 1.88181 1.88442 1.3062 0.974171
threshold=290.50000000000006 270.00000000000006 776.07581870434694 127.00085854530336 18.458333333343038 180.27534961333649 169.50000000000003 4.48559860904862 240.91653537750247 81.19319593906404 8.5000000000000018 322.96122070216484 44.427120010058097 21.500000000000004
decision_type=2 2 8 10 2 8 2 10 10 8 8 10 10 2
left_child=3 2 4 6 -2 -5 -1 12 9 13 -11 -12 -8 -7
right_child=1 -3 -4 5 -6 8 7 -9 -10 10 11 -13 -14 -15
leaf_value=-1.5529977120632983 1.9075800755814689 -1.3743736670075712 4.4235372915709323 -1.3202357708739392 4.4366618926726051 3.2451565974639291 -1.088206938984092 2.7313790340517872 -0.89265389899563241 1.906428402825151 3.9825420384212524 0.85093221301623811 0.91633868202593938 -0.48506880286421783
leaf_weight=2686 54 79 40 244 64 52 190 64 96 42 46 80 52 42
leaf_count=2686 54 79 40 244 64 52 190 64 96 42 46 80 52 42
internal_value=-0.000470512 0.00835714 0.0128679 -0.0010548 0.00937815 0.00148259 -0.00156565 0.000918566 0.0034429 0.00488213 0.00695858 0.00505512 -0.00088889 0.00113684
internal_weight=3831 237 158 3594 118 602 2992 306 358 262 168 126 242 94
internal_count=3831 237 158 3594 118 602 2992 306 358 262 168 126 242 94
is_linear=0
shrinkage=0.03


Tree=26
num_leaves=15
num_cat=0
split_feature=67 85 81 29 45 77 25 38 25 7 83 48 30 59
split_gain=11.714 10.0044 6.00405 4.56623 7.80749 3.42578 3.25424 2.70049 2.32757 1.98415 1.95395 4.38378 1.91629 1.89156
threshold=312.00922562927008 192.86940999825799 7702.8771815299997 0.92502927400468404 10.500000000000002 -149.14443445205686 0.90070422535211281 3914.3197607280536 0.94849690539345721 3537.6033024976673 183.08780026435855 -20.49043250083923 13.550000000000002 57.021626114845283
decision_type=10 8 8 10 10 10 10 10 10 10 10 10 10 10
left_child=3 -2 -3 10 7 -6 -4 9 -9 -5 -1 -12 -7 -11
right_child=1 2 6 4 5 12 -8 8 -10 13 11 -13 -14 -15
leaf_value=-1.4167057539118666 -0.25399015680643178 4.8445424891562716 2.6635314434019279 -0.99333908502084878 0.22503761567308089 3.7492656281584611 1.394795567783242 3.8119429909286793 -0.59121671133199216 2.3626837855398377 1.3759182062553577 -1.4143136186251102 2.6822088903930883 -0.79553824307118604
leaf_weight=2201 122 45 49 825 40 40 85 70 59 74 45 88 40 40
leaf_count=2201 122 45 49 825 40 40 85 70 59 74 45 88 40 40
internal_value=-0.000316162 0.0053543 0.00985 -0.000802158 0.000711522 0.00793388 0.00657778 -0.000106642 0.00394615 -0.000667022 -0.00157259 0.00194776 0.0114815 0.00302609
internal_weight=3823 301 179 3522 1188 120 134 1068 129 939 2334 133 80 114
internal_count=3823 301 179 3522 1188 120 134 1068 129 939 2334 133 80 114
is_linear=0
shrinkage=0.03


Tree=27
num_leaves=15
num_cat=0
split_feature=0 9 0 8 67 0 64 84 82 24 73 79 84 16
split_gain=19.7311 13.2099 5.08711 4.9847 4.76189 4.40133 3.28066 2.95411 2.08142 2.00796 1.64306 1.38095 1.26264 1.71268
threshold=290.50000000000006 270.00000000000006 58.500000000000007 3.6207762768027947 758.43548120771152 189.50000000000003 4.4334419921958697 141.92666435241702 -1.4478027224540708 23.500000000000004 -0.76622056961059559 8.4154251434675285 -199.34875261783597 21.500000000000004
decision_type=2 2 2 10 8 2 10 10 10 2 8 10 8 2
left_child=2 4 7 -4 6 9 -2 12 -7 -5 -9 -12 13 -1
right_child=1 -3 3 5 -6 8 -8 10 -10 -11 11 -13 -14 -15
leaf_value=-4.2658814977301533 1.7119500334012996 -1.3875087775273494 -0.85343509298532771 2.8789239847120949 4.1503814904481304 1.0597164044772807 3.8699268614930915 4.9217165515050594 2.9843382692211096 0.20528757157112223 0.67341966567705747 -1.8359577948235446 -2.0103698463549984 3.5261905182465449
leaf_weight=45 48 86 596 57 55 77 58 40 79 502 41 90 2008 52
leaf_count=45 48 86 596 57 55 77 58 40 79 502 41 90 2008 52
internal_value=-0.000284746 0.00789919 -0.000850335 0.000637957 0.0129444 0.00232542 0.00908411 -0.00170751 0.00676433 0.00107679 0.00207558 0.000431817 -0.00201567 0.00131633
internal_weight=3834 247 3587 1311 161 715 106 2276 156 559 171 131 2105 97
internal_count=3834 247 3587 1311 161 715 106 2276 156 559 171 131 2105 97
is_linear=0
shrinkage=0.03


Tree=28
num_leaves=15
num_cat=0
split_feature=0 11 0 84 53 68 69 48 69 39 0 83 83 66
split_gain=19.301 9.58057 4.4809 4.2206 4.07705 3.38063 1.60245 1.75975 2.18571 2.08004 2.08792 1.4838 1.46293 1.56177
threshold=290.50000000000006 210.00000000000003 75.500000000000014 -47.523958404858902 9.5000000000000018 0.11381740042902601 23.065097433798254 60.768820762634284 117.71777204912182 1674.4608487291491 189.50000000000003 163.59525883197787 -3.9411000013351436 46.942046999931343
decision_type=2 2 2 8 8 8 8 8 10 10 2 10 8 8
left_child=2 3 11 -2 12 -5 -6 -8 -9 -10 -11 -1 -4 -14
right_child=1 -3 4 5 6 -7 7 8 9 10 -12 -13 13 -15
leaf_value=-1.7302808587804219 0.63670068898381305 -1.2031400359939715 -1.6000602100570027 3.8714158678433392 -0.25028660463615066 3.9394495192655623 -0.51867485674747826 2.7227407366517622 1.6407321398142938 -0.49972853543310375 1.7270902404931443 0.2600708474392055 3.2568244491221736 -0.18065156455399203
leaf_weight=2319 41 80 317 51 72 70 55 71 41 76 67 184 60 324
leaf_count=2319 41 80 317 51 72 70 55 71 41 76 67 184 60 324
internal_value=-0.000429356 0.00775309 -0.000983552 0.0119264 0.000628228 0.0147295 0.00311749 0.00405145 0.00509766 0.00334054 0.00160417 -0.00168091 -0.00073077 0.000514285
internal_weight=3828 242 3586 162 1083 121 382 310 255 184 143 2503 701 384
internal_count=3828 242 3586 162 1083 121 382 310 255 184 143 2503 701 384
is_linear=0
shrinkage=0.03


Tree=29
num_leaves=15
num_cat=0
split_feature=3 68 85 60 81 36 6 70 17 17 17 60 77 14
split_gain=9.78327 7.81133 4.19177 2.83621 2.57995 2.53129 2.53005 1.8371 2.28511 1.79635 1.92578 2.2875 2.25329 2.6757
threshold=20.791666666656969 0.17640135322929967 70.050521771113097 240.62907075881961 7311.4504338502893 0.20611577964519143 810.00000000000011 0.91287878787878796 21.500000000000004 41.500000000000007 16.500000000000004 84.448752164840712 -202.85004067420957 575.63230582899553
decision_type=2 10 10 10 10 10 10 8 2 2 2 8 10 10
left_child=2 3 9 -2 -3 -4 7 -7 -9 10 -1 -12 13 -13
right_child=1 4 5 -5 -6 6 -8 8 -10 -11 11 12 -14 -15
leaf_value=-2.368602458176821 0.14503560085051564 3.9299035035492929 -1.4264009146962735 1.8864164410205098 1.727791747787959 2.5234179698001302 -0.72865894871665393 2.7025282332707063 0.22087455795719388 -2.5010507681973042 -1.5106913832525675 0.65601859000602325 -0.50695574989752124 3.0921071359928951
leaf_weight=423 270 40 195 70 40 125 155 46 279 978 535 219 409 41
leaf_count=423 270 40 195 70 40 125 155 46 279 978 535 219 409 41
internal_value=-0.000466545 0.00384798 -0.000999707 0.00184751 0.0122222 0.000898876 0.00185643 0.00299335 0.00179448 -0.00158289 -0.000971131 -0.000358507 0.000810447 0.00298851
internal_weight=3825 420 3405 340 80 800 605 450 325 2605 1627 1204 669 260
internal_count=3825 420 3405 340 80 800 605 450 325 2605 1627 1204 669 260
is_linear=0
shrinkage=0.03


Tree=30
num_leaves=15
num_cat=0
split_feature=0 11 84 0 69 82 71 85 31 26 3 45 29 65
split_gain=14.5562 9.83881 5.75034 5.08051 3.96227 2.87821 3.80642 2.52606 2.22806 3.32379 2.97493 1.86183 2.77046 1.6737
threshold=290.50000000000006 210.00000000000003 -47.523958404858902 24.500000000000004 516.65796121609276 44.427120010058097 4.5000000000000009 -172.9748840332031 11.406250000000004 106.50000000000001 11.541666666656967 10.500000000000002 0.92909124589816883 0.83194501907130369
decision_type=2 2 8 2 8 10 8 8 8 2 2 8 10 8
left_child=3 2 -2 -1 -4 7 -7 -5 9 -8 -11 -9 -13 -10
right_child=1 -3 4 5 -6 6 8 11 13 10 -12 12 -14 -15
leaf_value=-2.179141452578464 0.29629829480294212 -1.3334648827490436 3.65862801705843 2.1793678488293291 3.783925546572156 2.4129432419342116 0.13135373696959843 -0.97898281696546186 1.8342093202069933 2.7427300895136129 0.20002654851044346 -0.095124053578162449 3.0183281415144609 -0.36444604850906648
leaf_weight=1885 41 79 67 45 51 59 163 810 45 47 74 106 59 308
leaf_count=1885 41 79 67 45 51 59 163 810 45 47 74 106 59 308
internal_value=-0.000366407 0.00680335 0.0110812 -0.000842033 0.0144202 0.000338963 0.00182496 -0.000675809 0.00114263 0.00311579 0.00686066 -0.000998976 0.00189759 -0.000449153
internal_weight=3839 238 159 3601 118 1716 696 1020 637 284 121 975 165 353
internal_count=3839 238 159 3601 118 1716 696 1020 637 284 121 975 165 353
is_linear=0
shrinkage=0.03


Tree=31
num_leaves=15
num_cat=0
split_feature=0 11 81 84 0 8 68 83 71 20 41 39 34 38
split_gain=14.1265 7.08652 5.38462 4.16184 3.69485 3.26531 2.93225 2.42748 4.62211 1.8229 3.14691 1.76727 1.87594 1.17566
threshold=304.50000000000006 270.00000000000006 1546.7510825395586 -25.539957006772358 46.500000000000007 3.491507242804738 0.11937464951944218 61.59887099266053 6.5000000000000009 434.27329885959631 -126.66368198394774 1339.9716772987606 0.73205128205128212 4405.6581019328851
decision_type=2 2 8 8 2 10 8 10 10 8 10 10 8 10
left_child=2 3 -1 -2 9 13 -5 11 -9 10 -4 -7 -13 -6
right_child=1 -3 4 6 5 7 -8 8 -10 -11 -12 12 -14 -15
leaf_value=2.5231857426913482 0.56982639781545119 -1.0593929392910586 3.3460178267155807 3.6133431702321195 -1.4122086598020884 1.8392932701468101 3.6870126880737466 2.8974877574673954 0.27255400386655676 -2.1169814744216815 -0.71957843844203584 -0.14395291592736278 2.278476144275456 1.0811583261476265
leaf_weight=55 40 72 45 40 521 56 55 40 150 1825 269 586 43 45
leaf_count=55 40 72 45 40 521 56 55 40 150 1825 269 586 43 45
internal_value=-0.000493365 0.00711058 -0.000928219 0.0111397 -0.00107233 0.000101941 0.0145312 0.00125 0.00424084 -0.00186308 0.000247618 0.000415451 -4.28579e-05 -0.00167196
internal_weight=3842 207 3635 135 3580 1441 95 875 190 2139 314 685 629 566
internal_count=3842 207 3635 135 3580 1441 95 875 190 2139 314 685 629 566
is_linear=0
shrinkage=0.03


Tree=32
num_leaves=15
num_cat=0
split_feature=0 9 81 0 3 0 4 0 70 20 80 68 37 82
split_gain=13.949 8.51782 4.68307 4.55822 3.25361 3.07556 2.91038 1.86585 1.74219 1.44814 2.06293 1.44353 1.23932 1.24295
threshold=290.50000000000006 270.00000000000006 1506.3282308578493 389.50000000000006 18.458333333343038 46.500000000000007 7.5000000000000009 129.50000000000003 0.88562091503267981 434.27329885959631 142.87368917465213 -0.13449009866464459 2253.7379144897664 94.171003639698043
decision_type=2 2 8 2 2 2 2 2 8 8 10 10 10 10
left_child=2 3 -1 4 -2 9 12 -8 -9 10 -4 -10 13 -7
right_child=1 -3 5 -5 -6 6 7 8 11 -11 -12 -13 -14 -15
leaf_value=2.4920271255039981 0.37045166509520866 -1.1651445581286959 -0.82493004842308582 3.7911320863813329 3.5627738923369057 -1.4017574346992066 0.031232794448850288 2.0189262227029787 -0.44701014611103085 -1.8957386073604885 3.5634435170986043 1.3875503210855706 1.6218518522075367 0.28867614973260775
leaf_weight=42 56 80 251 51 55 523 406 52 55 1813 52 145 70 139
leaf_count=42 56 80 251 51 55 523 406 52 55 1813 52 145 70 139
internal_value=-0.000435242 0.00651852 -0.000911243 0.010454 0.0069375 -0.00103165 6.47009e-05 0.00151138 0.0035336 -0.00175154 0.000167762 0.00223881 -0.00123602 -0.00163801
internal_weight=3790 242 3548 162 111 3506 1390 658 252 2116 303 200 732 662
internal_count=3790 242 3548 162 111 3506 1390 658 252 2116 303 200 732 662
is_linear=0
shrinkage=0.03


Tree=33
num_leaves=15
num_cat=0
split_feature=0 4 81 61 0 8 57 77 38 69 84 76 8 64
split_gain=12.7107 5.17609 4.31382 3.84416 3.3283 2.92572 4.65827 4.84561 2.67691 2.53411 2.07245 1.78548 1.74254 1.54685
threshold=304.50000000000006 5.5000000000000009 1587.2678377628329 0.47184347897815454 24.500000000000004 4.5231064963969434 5.5000000000000009 -141.8530007600784 4286.5911592263255 639.4670242742252 -42.409906287988015 391.70566487312323 4.8680216566702512 4.1685807728831863
decision_type=2 2 8 8 2 10 10 10 10 8 10 8 10 8
left_child=2 -2 -1 -3 -4 8 7 -7 -6 -5 -9 -10 13 -8
right_child=1 3 4 9 5 6 12 10 11 -11 -12 -13 -14 -15
leaf_value=2.1050732189766168 -1.7344941182402644 2.8294236646647697 -2.0251800989545132 1.7902732840423765 -0.71549225060025801 3.1526790750198295 -0.17621564812053622 -0.40528669433234549 -0.49888305127874333 3.3607621612825587 1.7971413504523894 3.2252327972899115 -0.28734019959941337 2.2600333611665229
leaf_weight=63 48 70 1836 42 1076 49 42 57 41 43 51 40 313 40
leaf_count=63 48 70 1836 42 1076 49 42 57 41 43 51 40 313 40
internal_value=-0.000417892 0.00686765 -0.000829593 0.00951923 -0.000968698 -1.57902e-05 0.00177938 0.00613291 -0.000873058 0.0137791 0.00253211 0.00435366 3.78781e-05 0.00390361
internal_weight=3811 203 3608 155 3545 1709 552 157 1157 85 108 81 395 82
internal_count=3811 203 3608 155 3545 1709 552 157 1157 85 108 81 395 82
is_linear=0
shrinkage=0.03


Tree=34
num_leaves=15
num_cat=0
split_feature=0 11 82 81 84 0 66 4 82 0 66 17 65 14
split_gain=14.0962 6.77475 5.01637 4.57691 3.26157 3.00147 2.72967 1.94872 1.7498 1.54003 2.23607 1.421 1.40219 1.11167
threshold=304.50000000000006 270.00000000000006 123.29898506402971 1587.2678377628329 132.19874233007434 31.500000000000004 552.74238443374645 6.5000000000000009 26.559634009997051 179.50000000000003 552.74238443374645 35.000000000000007 0.96865784469853877 250.24287296422565
decision_type=2 2 8 8 10 2 8 2 8 2 8 2 8 10
left_child=3 2 -2 -1 5 -5 -4 -7 -9 -10 11 -11 -6 -14
right_child=1 -3 6 4 12 7 -8 8 9 10 -12 -13 13 -15
leaf_value=2.4378760656525715 2.6256084158932369 -1.0932706546234447 2.4752112577257668 -1.9351233072785798 1.0337589914591212 -1.2817215914358824 3.633712566580436 -0.68074983382404564 0.21857480286941947 3.3539223225972856 -0.1257505751664264 0.8163360113155872 -1.0575532378918111 1.6897107603106842
leaf_weight=66 57 72 44 1818 40 476 42 307 560 42 71 43 73 145
leaf_count=66 57 72 44 1818 40 476 42 307 560 42 71 43 73 145
internal_value=-0.000432461 0.00701389 0.0107708 -0.000873971 -0.0010193 -0.00127215 0.0153103 -0.000278001 0.00045996 0.00127197 0.00389809 0.00715116 0.00222394 0.00126027
internal_weight=3856 215 143 3641 3575 3317 86 1499 1023 716 156 85 258 218
internal_count=3856 215 143 3641 3575 3317 86 1499 1023 716 156 85 258 218
is_linear=0
shrinkage=0.03


Tree=35
num_leaves=15
num_cat=0
split_feature=0 9 83 83 67 27 67 4 67 28 63 77 28 81
split_gain=12.1941 7.06785 4.89076 3.47457 3.15286 2.45674 2.04175 1.80315 3.08452 1.69002 2.26159 2.93547 1.80505 1.67089
threshold=307.50000000000006 270.00000000000006 -1.0000000180025095e-35 89.400611758232131 211.55950678719415 0.91064169570267139 573.70915751023733 6.5000000000000009 137.24336018164956 220.50000000000003 215.07923129063025 -141.5755937695503 126.50000000000001 3767.1098896265034
decision_type=2 2 8 10 10 10 8 2 8 2 10 8 2 10
left_child=3 2 -2 5 -5 -1 -4 -7 -9 12 11 -11 -10 -13
right_child=1 -3 6 4 -6 7 -8 8 9 10 -12 13 -14 -15
leaf_value=-1.8261824979856107 2.7137211568594339 -1.2903133036079972 3.194254225166167 0.32123487716092763 2.3117437113000587 -0.8520655787801098 3.2156059047123535 -0.90653501599561226 1.8284708633214286 -0.25884456545129669 -0.1181943928721764 2.1874604426151909 -0.58772702356765905 3.0336921586714198
leaf_weight=1558 50 69 42 493 41 551 45 361 56 61 106 55 251 67
leaf_count=1558 50 69 42 493 41 551 45 361 56 61 106 55 251 67
internal_value=-0.000501183 0.00657971 0.0105 -0.000908082 0.00132336 -0.00129703 0.0147614 -0.0004334 0.000353861 0.00167839 0.00332069 0.00533152 0.000126623 0.008
internal_weight=3806 206 137 3600 534 3066 87 1508 957 596 289 183 307 122
internal_count=3806 206 137 3600 534 3066 87 1508 957 596 289 183 307 122
is_linear=0
shrinkage=0.03


Tree=36
num_leaves=15
num_cat=0
split_feature=0 11 16 82 67 65 58 39 3 83 27 27 27 64
split_gain=12.0775 7.7266 5.04485 3.51844 3.05804 2.94233 3.11979 2.97028 1.68071 1.64128 1.61894 2.06427 1.3145 2.10859
threshold=290.50000000000006 210.00000000000003 8.5000000000000018 45.488253990809135 617.65194018820796 0.93562649946110821 208.62831258773807 4512.7353701189886 20.958333333343038 86.698409795761123 0.94670611439842223 0.92325017325017333 0.94005988023952103 5.0496473365073635
decision_type=2 2 2 10 8 10 10 10 2 8 10 10 10 8
left_child=3 2 -2 8 -4 6 7 9 -1 -5 11 -11 13 -10
right_child=1 -3 4 5 -6 -7 -8 -9 12 10 -12 -13 -14 -15
leaf_value=-1.4190142021189229 3.9079996908787895 -1.2829722721061283 -0.13197143382610457 0.17916953586536022 2.1909889952408164 -0.94005273400533151 -1.5071583295254158 2.3177005233202506 -0.99328403210655281 0.61796520314275249 -0.042245078646239699 2.22123507539788 -0.40138374249341363 2.0623125141131116
leaf_weight=2220 69 81 42 303 44 395 195 40 58 121 74 68 58 55
leaf_count=2220 69 81 42 303 44 395 195 40 58 121 74 68 58 55
internal_value=-0.000559363 0.006 0.00990385 -0.000992476 0.00496552 0.000335839 0.0013803 0.00244151 -0.00165677 0.00187302 0.00360227 0.00506842 0.00120349 0.00307895
internal_weight=3823 236 155 3587 86 1196 801 606 2391 566 263 189 171 113
internal_count=3823 236 155 3587 86 1196 801 606 2391 566 263 189 171 113
is_linear=0
shrinkage=0.03


Tree=37
num_leaves=15
num_cat=0
split_feature=0 9 0 81 0 8 24 3 83 51 45 67 83 42
split_gain=10.2941 4.99399 4.77191 4.34935 2.96105 2.50101 4.87473 2.03038 1.69106 1.66325 1.51776 1.49602 1.48263 1.27077
threshold=319.50000000000006 270.00000000000006 394.50000000000006 1546.7510825395586 24.500000000000004 3.9910513001799739 22.500000000000004 21.458333333343038 47.471253395080574 235.93281006813052 9.5000000000000018 130.97357070446017 191.1447426080704 87.64442098140718
decision_type=2 2 2 8 2 10 2 2 10 10 10 10 10 10
left_child=3 2 -2 -1 7 9 -7 12 -8 10 -6 -10 -5 -12
right_child=1 -3 -4 4 5 6 8 -9 11 -11 13 -13 -14 -15
leaf_value=2.7921218759998823 2.2537566883918236 -1.0760619755898881 3.278270205683528 -1.913814388108116 -1.0340698274821021 2.1794348839761106 -0.15927527007020673 1.1712122338813507 0.71799988693333217 4.0356076938045788 -1.2197705505447156 2.0926375480086596 0.42668630595618445 1.3335418583531549
leaf_weight=48 76 56 46 1714 732 60 551 57 124 49 78 74 85 106
leaf_count=48 76 56 46 1714 732 60 551 57 124 49 78 74 85 106
internal_value=-0.000455795 0.00656983 0.00995122 -0.0007975 -0.000917103 -4.05641e-05 0.00118889 -0.00175444 0.000523999 -0.00107143 -0.00136096 0.00289447 -0.00193167 0.00107027
internal_weight=3856 178 122 3678 3630 1774 809 1856 749 965 916 198 1799 184
internal_count=3856 178 122 3678 3630 1774 809 1856 749 965 916 198 1799 184
is_linear=0
shrinkage=0.03


Tree=38
num_leaves=15
num_cat=0
split_feature=0 9 33 81 54 0 83 71 37 83 71 17 50 36
split_gain=11.4412 5.15509 5.1897 3.03546 2.88682 2.01175 1.86459 2.04105 3.36144 1.42651 1.18536 1.62763 1.71743 1.0672
threshold=304.50000000000006 270.00000000000006 18.317885375494079 1587.2678377628329 1050.0000000000002 22.500000000000004 -14.148926377296446 6.5000000000000009 1526.0946788865836 183.08780026435855 14.500000000000002 41.500000000000007 1.0000000180025095e-35 0.27475490196078439
decision_type=2 2 8 8 10 2 8 8 10 10 8 2 10 8
left_child=3 2 4 -1 -2 9 -7 8 -8 -5 -9 12 -12 -14
right_child=1 -3 -4 5 -6 6 7 10 -10 -11 11 -13 13 -15
leaf_value=1.9373277280361598 0.023628636413196496 -1.0013313388366019 2.9519202954661217 -1.8819502062059619 2.9794090085688394 -0.99166211025291728 0.161001852286875 -0.29348847782445853 2.9728739167464515 0.45654663710557003 3.9002005442557302 -0.33459485243557291 1.9421055899678379 -0.58697434347228739
leaf_weight=64 49 67 48 1749 46 666 93 613 51 96 44 137 44 70
leaf_count=64 49 67 48 1749 46 666 93 613 51 96 44 137 44 70
internal_value=-0.000677697 0.00611374 0.0093125 -0.00107249 0.00515625 -0.00118939 -0.000450262 0.000336182 0.00364138 -0.00187703 -0.00019142 0.00136824 0.00343396 0.00146087
internal_weight=3837 210 143 3627 95 3563 1718 1052 144 1845 908 295 158 114
internal_count=3837 210 143 3627 95 3563 1718 1052 144 1845 908 295 158 114
is_linear=0
shrinkage=0.03


Tree=39
num_leaves=15
num_cat=0
split_feature=0 11 80 29 63 82 35 83 68 4 25 15 9 14
split_gain=9.37763 6.10155 3.83692 3.54027 2.92683 2.71574 2.69919 2.38426 2.90699 2.1985 2.03236 1.98128 3.22938 1.38011
threshold=290.50000000000006 210.00000000000003 183.46640920639041 0.90630852059925104 426.33958378121423 64.125519792238876 21.32164562879851 8.0886323451995867 -0.022723342478096095 9.5000000000000018 0.95275297619047628 13.500000000000002 210.00000000000003 477.2079353694466
decision_type=2 2 8 10 8 10 10 8 10 2 8 2 2 8
left_child=3 2 -2 -1 -4 6 9 -7 -9 -5 13 12 -10 -8
right_child=1 -3 4 5 -6 7 10 8 11 -11 -12 -13 -14 -15
leaf_value=-1.6654658776807041 3.1478787969601245 -1.0445205317473218 1.0561641674104478 -0.87315495547977384 2.8684014517692114 -0.47761306549902355 3.3748401571439035 0.21045527282548285 2.8829757932008442 2.511601995743963 -0.84851798221740238 0.68897519486364578 1.1608873829025708 0.36884898563862767
leaf_weight=1706 71 84 40 1096 40 197 57 253 41 49 44 111 40 42
leaf_count=1706 71 84 40 1096 40 197 57 253 41 49 44 111 40 42
internal_value=-0.000519887 0.00527542 0.00886184 -0.000895794 0.0133333 -1.55367e-05 -0.000809931 0.00157698 0.00279148 -0.00129581 0.0030625 0.00556477 0.00910976 0.00543
internal_weight=3871 235 151 3636 80 1930 1288 642 445 1145 143 192 81 99
internal_count=3871 235 151 3636 80 1930 1288 642 445 1145 143 192 81 99
is_linear=0
shrinkage=0.03


Tree=40
num_leaves=15
num_cat=0
split_feature=0 11 70 44 83 27 60 81 84 27 40 17 20 31
split_gain=10.6661 5.91417 6.01669 4.25117 2.60429 2.4516 2.31992 1.65867 1.44165 1.33063 1.27085 0.973999 1.24782 1.53483
threshold=205.50000000000003 210.00000000000003 0.87083333333333346 74.590004920959487 10.431733250617983 0.91064169570267139 281.70826160907751 1587.2678377628329 136.2838052113851 0.94670611439842223 1195.9111731889291 16.500000000000004 242.44134294986728 0.13942307692307696
decision_type=2 2 10 10 8 10 10 8 10 10 10 2 8 10
left_child=5 2 3 -2 -4 -1 10 -7 11 -10 -6 -9 13 -13
right_child=1 -3 4 -5 6 7 -8 8 9 -11 -12 12 -14 -15
leaf_value=-1.7489100683564494 2.7284014000352399 -0.75123057220244116 -0.048651432111564384 2.7014242204844243 2.3170497216872046 1.8042076442498378 2.2925019200654515 -1.7679069534868612 1.3334411268115864 -0.35803728465090501 -0.00057286332466537353 -0.51361556771763595 -0.37326672526635046 2.4462104212668927
leaf_weight=1709 45 160 104 40 40 42 41 187 79 60 48 69 1150 46
leaf_count=1709 45 160 104 40 40 42 41 187 79 60 48 69 1150 46
internal_value=-0.000604554 0.00358246 0.00594357 0.0127326 0.00342308 -0.00120431 0.00625385 -0.000372706 -0.000529523 0.00237857 0.0034382 -0.000809361 -0.000509479 0.0024569
internal_weight=3820 478 318 85 233 3342 129 1633 1591 139 88 1452 1265 115
internal_count=3820 478 318 85 233 3342 129 1633 1591 139 88 1452 1265 115
is_linear=0
shrinkage=0.03


Tree=41
num_leaves=15
num_cat=0
split_feature=0 4 0 0 80 71 37 83 33 4 66 27 74 25
split_gain=7.78006 5.54474 3.73925 2.7661 2.66322 1.7982 3.40057 2.82316 2.86819 1.79414 1.76646 1.67117 1.65531 1.29079
threshold=243.50000000000003 6.5000000000000009 394.50000000000006 24.500000000000004 95.561455726623549 7.5000000000000009 1564.5387680779352 73.615269303321853 0.35192307692307695 8.5000000000000018 -54.278324246406548 0.87194394752534299 19.504095786856563 0.9225774225774227
decision_type=2 2 2 2 10 10 10 10 10 2 8 10 8 10
left_child=3 -2 4 12 13 6 7 -5 -9 -7 -11 -12 -1 -3
right_child=1 2 -4 5 -6 9 -8 8 -10 10 11 -13 -14 -15
leaf_value=2.4093756345113966 -0.83073489550608082 -0.34542512117292412 2.6833993889276369 -0.82050061809371289 3.0039053026000824 -0.54330560181052623 3.3726057002524619 -0.60841568804392021 7.8165581397256423 2.5459617870829492 0.86227085003820436 -0.26801958734325443 -1.5641306512781528 1.1816057501926058
leaf_weight=57 127 61 52 213 70 961 69 41 45 40 44 184 1795 48
leaf_count=57 127 61 52 213 70 961 69 41 45 40 44 184 1795 48
internal_value=-0.000509717 0.00369359 0.00645259 -0.000946957 0.00435 -3.19156e-05 0.00180488 0.000409999 0.00496552 -0.000582928 0.00158364 0.000550218 -0.00173556 0.00139091
internal_weight=3807 358 231 3449 179 1597 368 299 86 1229 268 228 1852 109
internal_count=3807 358 231 3449 179 1597 368 299 86 1229 268 228 1852 109
is_linear=0
shrinkage=0.03


Tree=42
num_leaves=15
num_cat=0
split_feature=0 11 33 83 27 82 3 83 27 57 80 4 65 81
split_gain=7.77487 5.47405 4.48622 3.90334 2.76245 2.07073 1.7172 1.688 2.05443 2.56448 1.88011 1.33873 1.33092 1.29805
threshold=205.50000000000003 210.00000000000003 19.553472222222226 11.856281042099001 0.91064169570267139 64.125519792238876 20.791666666656969 -44.580413460731499 0.94466316710411202 4.5000000000000009 243.51602375507358 9.5000000000000018 0.84952856529790688 3131.2216314077382
decision_type=2 2 8 10 10 10 2 8 10 10 10 2 10 10
left_child=4 2 3 6 -1 11 -2 -7 9 -9 13 -6 -4 -11
right_child=1 -3 12 -5 5 7 -8 8 -10 10 -12 -13 -14 -15
leaf_value=-1.610528665549799 -0.1242318896920475 -0.83094698067311434 2.0817851885810366 2.7708233883033935 -0.67732888061640073 -0.99356594687060751 2.7214064658750172 2.6617503395105286 -0.13453296632537862 0.87698938883638189 -0.3809719392484382 1.768743517882873 2.9372025309885883 0.6600116824022294
leaf_weight=1710 126 157 40 57 1027 104 47 54 195 49 47 68 40 113
leaf_count=1710 126 157 40 57 1027 104 47 54 195 49 47 68 40 113
internal_value=-0.00052725 0.00309615 0.00540193 0.00324675 -0.00103058 -0.000157419 0.000982758 0.00132149 0.00210457 0.00382954 0.0023 -0.000916972 0.0114815 0.00382822
internal_weight=3834 467 310 230 3367 1657 173 562 458 263 209 1095 80 162
internal_count=3834 467 310 230 3367 1657 173 562 458 263 209 1095 80 162
is_linear=0
shrinkage=0.03


Tree=43
num_leaves=15
num_cat=0
split_feature=0 4 27 0 65 80 17 17 33 67 63 85 20 42
split_gain=7.01073 4.93422 3.60217 3.0633 2.85671 2.19985 2.09668 2.00343 2.59182 3.01365 1.77625 3.32246 1.74167 2.31875
threshold=290.50000000000006 6.5000000000000009 0.93189548546691414 24.500000000000004 0.92164276502867737 38.590087890625007 41.500000000000007 16.500000000000004 18.508288409703507 119.26038452456979 -143.87567562033038 230.42798066139224 357.02162611484533 -124.02969777584075
decision_type=2 2 10 2 8 8 2 2 10 8 10 8 8 10
left_child=3 -2 4 12 -3 -5 7 -7 10 -10 11 -9 13 -1
right_child=1 2 -4 5 -6 6 -8 8 9 -11 -12 -13 -14 -15
leaf_value=3.2969663911021345 -0.78459660057762548 2.4778405810721789 2.9042101026537086 -0.92990640823877402 -0.23924968344887182 -0.60593715486975441 -0.17115098108576249 3.1855187234394413 0.47853818923160207 3.1530291349087975 0.089421336831535456 -0.028248762628393691 -1.8599663294305737 -0.40804833063557788
leaf_weight=40 86 57 40 586 53 127 407 77 44 71 318 76 1695 166
leaf_count=40 86 57 40 586 53 127 407 77 44 71 318 76 1695 166
internal_value=-0.00051743 0.00448101 0.00774834 -0.000845622 0.00486486 7.73279e-05 0.000856378 0.00183613 0.00257581 0.00659483 0.00158263 0.00422727 -0.0016735 0.000927536
internal_weight=3843 236 150 3607 110 1706 1120 713 586 115 471 153 1901 206
internal_count=3843 236 150 3607 110 1706 1120 713 586 115 471 153 1901 206
is_linear=0
shrinkage=0.03


Tree=44
num_leaves=15
num_cat=0
split_feature=0 4 84 29 69 80 85 70 77 38 16 3 4 82
split_gain=5.47884 6.28789 3.28726 3.17166 2.92898 2.83991 2.08381 2.68674 2.32435 1.47467 3.06594 1.29196 1.27519 1.03558
threshold=224.50000000000003 6.5000000000000009 -54.075685262680047 0.90630852059925104 498.28611063937939 45.098634958267219 81.008234977722182 0.90454545454545465 -109.34446936845778 3935.3674878393208 22.500000000000004 21.375000000000004 9.5000000000000018 -164.44167923927304
decision_type=2 2 8 10 8 10 10 8 8 10 2 2 2 10
left_child=3 -2 -3 11 5 -4 9 8 -8 12 13 -1 -5 -11
right_child=1 2 4 6 -6 -7 7 -9 -10 10 -12 -13 -14 -15
leaf_value=-1.6634756641235628 -0.72656496548185656 -0.1661657050249099 0.13496487570492566 -0.87176646771646094 2.3192483266798902 2.7276861643044938 1.1227231079709399 0.13926752634851514 2.4003659996919349 0.89668840311643239 2.0532606844553043 0.78560196910006996 1.1115194596711564 -1.6332976622292645
leaf_weight=1559 159 58 65 1023 63 55 51 402 44 85 43 71 58 71
leaf_count=1559 159 58 65 1023 63 55 51 402 44 85 43 71 58 71
internal_value=-0.000549108 0.00276808 0.00581405 -0.000939261 0.00777717 0.00495868 -6.24304e-05 0.00158434 0.00609375 -0.000702577 0.001665 -0.00189454 -0.00113956 -0.000305733
internal_weight=3807 400 241 3407 183 120 1777 497 95 1280 199 1630 1081 156
internal_count=3807 400 241 3407 183 120 1777 497 95 1280 199 1630 1081 156
is_linear=0
shrinkage=0.03


Tree=45
num_leaves=15
num_cat=0
split_feature=0 9 82 0 85 36 27 57 65 76 79 34 68 28
split_gain=5.68644 3.25046 3.1077 2.88963 2.4373 2.37757 2.80167 4.01704 1.93845 1.24812 1.18038 1.24996 1.05841 1.23008
threshold=290.50000000000006 270.00000000000006 38.767879247665412 389.50000000000006 67.603314538796766 0.20866437284954648 0.94313562453806365 4.5000000000000009 0.76081654144606636 434.63731288909918 17.205800103454166 0.26120401337792648 0.050428902339737527 228.50000000000003
decision_type=2 2 10 2 8 10 10 10 10 8 10 10 10 2
left_child=2 3 -1 8 9 -6 7 -7 -2 -4 11 -9 -13 -14
right_child=1 -3 4 -5 5 6 -8 10 -10 -11 -12 12 13 -15
leaf_value=-1.0324828018526355 2.078950651788634 -1.0996092974594629 0.90490136919172459 2.7711198285737204 -0.6619997520103188 2.7729189481483449 -0.22267860888305135 0.074648241087329731 0.047528867617032088 -1.0736021326279412 -0.32879464847728418 0.39769401323729009 1.2375166139556051 0.97250257518900551
leaf_weight=2329 41 78 47 53 203 68 206 75 65 445 57 78 40 41
leaf_count=2329 41 78 47 53 203 68 206 75 65 445 57 78 40 41
internal_value=-0.000545598 0.00394538 -0.000843176 0.00639375 0.000356859 0.00141222 0.00241166 0.00400833 0.00347663 -0.00129006 0.00245548 0.00339574 0.00489375 0.00728049
internal_weight=3826 237 3589 159 1260 768 565 359 106 492 291 234 159 81
internal_count=3826 237 3589 159 1260 768 565 359 106 492 291 234 159 81
is_linear=0
shrinkage=0.03


Tree=46
num_leaves=15
num_cat=0
split_feature=0 4 71 17 85 42 84 34 51 71 68 0 4 40
split_gain=6.27171 5.29403 4.53993 2.57039 1.95636 2.61156 1.80154 2.22573 1.37152 2.26922 2.45488 1.20683 2.45519 1.14525
threshold=205.50000000000003 6.5000000000000009 16.500000000000004 42.500000000000007 70.050521771113097 -87.589705586433396 -54.97367606560389 0.25137362637362642 -110.75148093700408 7.5000000000000009 -0.0068633183697481776 129.50000000000003 7.5000000000000009 382.67696129329084
decision_type=2 2 8 2 10 10 8 8 10 10 10 2 2 10
left_child=4 -2 3 6 11 -6 -3 -8 -7 10 -10 -1 -13 -11
right_child=1 2 -4 -5 5 8 7 -9 9 13 -12 12 -14 -15
leaf_value=-1.2187354721300734 -0.73781033715858235 -0.064957628275886914 2.2124541992652267 -0.34929767791484218 1.5110898951604761 -0.81191032255134599 2.658785772914614 0.93819688606392082 1.5091696338050395 0.61204650403359406 1.9455490307581524 -0.74339336797038302 1.3777627050823433 -0.64042705098918817
leaf_weight=2347 187 41 41 71 43 274 54 82 84 109 40 140 88 209
leaf_count=2347 187 41 41 71 43 274 54 82 84 109 40 140 88 209
internal_value=-0.000676988 0.00254088 0.00507931 0.00351807 -0.00113703 0.000201315 0.00544382 0.00709489 -0.00023431 0.000799096 0.004224 -0.00153144 0.000550218 -0.000545455
internal_weight=3810 476 289 248 3334 759 177 136 716 442 124 2575 228 318
internal_count=3810 476 289 248 3334 759 177 136 716 442 124 2575 228 318
is_linear=0
shrinkage=0.03


Tree=47
num_leaves=15
num_cat=0
split_feature=0 4 83 71 68 80 36 3 85 57 36 71 8 8
split_gain=5.83169 6.06428 3.57031 2.8414 2.77178 1.89368 1.77785 1.58982 1.36572 1.22497 1.19511 1.66372 2.62784 1.69117
threshold=189.50000000000003 6.5000000000000009 78.644024014472976 14.500000000000002 0.10536914701818066 3.1373730897903447 0.16169772256728782 21.041666666656969 8.5078893105189035 5.5000000000000009 0.97849213691026837 7.5000000000000009 5.0279504622049824 4.012505536383606
decision_type=2 2 10 10 8 8 10 2 8 10 10 10 10 10
left_child=5 -2 3 9 -5 -1 7 -7 -8 -3 11 12 13 -10
right_child=1 2 -4 4 -6 6 8 -9 10 -11 -12 -13 -14 -15
leaf_value=-1.6124224287773117 -0.81187565516027593 0.7029791431302731 3.2011186109847438 1.2178953340095742 2.339314643155245 -2.2627853809414291 -1.0904325722824093 1.015308053290487 2.0492439433607292 0.1980921432112149 -1.0881641787028093 -0.00087133258379713059 1.9456436828546968 -1.1876833684526875
leaf_weight=1020 207 56 40 41 40 527 347 40 143 146 177 887 78 79
leaf_count=1020 207 56 40 41 40 527 347 40 143 146 177 887 78 79
internal_value=-0.000601724 0.00231638 0.00487963 0.00366549 0.00837805 -0.00107123 -0.000589733 -0.00204401 -0.000106893 0.00174384 0.000320878 0.000664141 0.00259136 0.000914797
internal_weight=3828 530 323 283 81 3298 2278 567 1711 202 1364 1187 300 222
internal_count=3828 530 323 283 81 3298 2278 567 1711 202 1364 1187 300 222
is_linear=0
shrinkage=0.03


Tree=48
num_leaves=15
num_cat=0
split_feature=3 53 16 29 65 45 82 23 74 84 45 33 60 56
split_gain=5.75169 4.32346 3.42064 2.83774 2.71443 2.65697 1.94371 1.61688 1.40515 1.3104 1.57593 1.15001 1.2439 1.41698
threshold=20.708333333343038 10.500000000000002 23.500000000000004 0.89825433878006711 0.82316342367070094 10.500000000000002 32.745044469833381 9.1185901165008563 45.067296290537051 141.92666435241702 8.5000000000000018 19.696479076479083 7.9173983335495004 80.976713498433455
decision_type=2 10 2 10 10 8 8 10 8 10 10 10 10 10
left_child=3 -2 4 8 -3 6 -5 -7 -1 11 -11 -8 -13 -14
right_child=1 2 -4 5 -6 7 9 -9 -10 10 -12 12 13 -15
leaf_value=0.86221805811845864 0.38473706075473701 3.2290103214865606 -0.10038885097673203 -1.1749090823063024 2.188758165206937 0.76932528635982289 -0.21611065563012927 2.3553376564566317 -1.7034976479733703 2.5890305895815504 -0.18128553682934462 -0.34140831103378766 2.5882340183230075 0.11724418464692274
leaf_weight=51 286 42 41 660 52 195 854 69 1295 70 48 69 41 41
leaf_count=51 286 42 41 660 52 195 854 69 1295 70 48 69 41 41
internal_value=-0.000537878 0.0027654 0.00716912 -0.000948439 0.0102947 -0.00024463 -0.000660875 0.00255849 -0.00201782 9.87537e-05 0.00307563 -0.00025348 0.00215132 0.00462651
internal_weight=3814 421 135 3393 94 2047 1783 264 1346 1123 118 1005 151 82
internal_count=3814 421 135 3393 94 2047 1783 264 1346 1123 118 1005 151 82
is_linear=0
shrinkage=0.03


Tree=49
num_leaves=15
num_cat=0
split_feature=0 9 84 69 0 56 53 20 80 3 36 37 62 83
split_gain=5.93626 3.47703 4.26448 3.7408 2.80496 2.72567 2.53867 2.15073 2.28868 1.67307 1.46081 1.42965 1.72225 1.36562
threshold=285.50000000000006 270.00000000000006 -54.97367606560389 498.28611063937939 46.500000000000007 -50.047511935234063 9.5000000000000018 614.27329885959637 152.83603918552402 21.625000000000004 0.51087470449172578 1338.2992085159933 0.15652641872472398 8.0886323451995867
decision_type=2 2 8 8 2 10 10 8 10 2 10 8 10 10
left_child=4 2 -2 -4 7 -6 13 8 -1 -9 11 -8 -13 -7
right_child=1 -3 3 -5 5 6 10 9 -10 -11 -12 12 -14 -15
leaf_value=-0.11828011287023842 -0.64924233619236382 -0.91116695936771719 2.421636429483554 2.4045491193682911 1.2226234002536964 -0.76234167050503365 -0.27871699372172026 -1.4876348599963387 2.131240294030893 1.8846637238217259 1.996909282400869 0.5198452630825221 1.7586056917660975 0.27672001972298199
leaf_weight=363 43 79 65 58 59 688 123 1683 55 59 71 211 44 254
leaf_count=363 43 79 65 58 59 688 123 1683 55 59 71 211 44 254
internal_value=-0.000424015 0.00408537 0.00653892 0.0093629 -0.0007311 0.000289455 1.93958e-05 -0.00141601 0.000515512 -0.00187952 0.00187333 0.00112401 0.00240234 -0.000865324
internal_weight=3855 245 166 123 3610 1450 1391 2160 418 1742 449 378 255 942
internal_count=3855 245 166 123 3610 1450 1391 2160 418 1742 449 378 255 942
is_linear=0
shrinkage=0.03


Tree=50
num_leaves=15
num_cat=0
split_feature=0 83 4 63 17 4 33 80 67 73 3 56 20 26
split_gain=6.32948 3.70586 2.49329 3.26579 2.43525 4.42115 3.24437 2.35712 2.47762 2.21044 1.87839 1.20676 1.9678 3.80831
threshold=290.50000000000006 14.167497038841249 6.5000000000000009 501.18500317567475 41.500000000000007 9.5000000000000018 13.948008534850642 55.555194139480598 134.06569338747957 49.751993298530586 17.291666666656969 86.986274401346847 434.27329885959631 67.500000000000014
decision_type=2 10 2 8 2 2 10 8 10 10 2 10 8 2
left_child=4 2 -2 -4 5 7 -7 -1 9 11 -10 12 13 -9
right_child=1 -3 3 -5 -6 6 -8 8 10 -11 -12 -13 -14 -15
leaf_value=-1.1812544157535765 -0.68774222769024684 2.7968369050867405 -0.21573932944582142 2.0876957929156439 -1.0976474974074144 2.1287138093334015 0.61941358204920094 -1.2684099933746935 0.5874251212973276 0.80628223541862298 3.2620756853664257 -1.1082684406339061 -0.20026965490568432 3.277082960895938
leaf_weight=945 84 46 53 59 1375 46 44 49 157 40 49 285 519 60
leaf_count=945 84 46 53 59 1375 46 44 49 157 40 49 285 519 60
internal_value=-0.00051233 0.00417284 0.00234518 0.00525664 -0.000831093 -0.000210479 0.00626374 -0.000490262 0.000416379 -0.00022956 0.0033913 -0.000535012 0.000200317 0.00384545
internal_weight=3811 242 196 112 3569 2194 90 2104 1159 953 206 913 628 109
internal_count=3811 242 196 112 3569 2194 90 2104 1159 953 206 913 628 109
is_linear=0
shrinkage=0.03


Tree=51
num_leaves=15
num_cat=0
split_feature=0 83 29 4 69 82 35 25 7 71 3 15 83 62
split_gain=4.84075 3.88257 2.76932 2.15854 3.02982 1.87822 1.95631 2.06492 2.03045 1.77571 1.57281 2.12344 1.37565 1.02691
threshold=290.50000000000006 13.079893589019777 0.91056453326334486 6.5000000000000009 516.65796121609276 59.333262999852508 19.22811550151976 0.95101959216313481 3724.8700306535015 3.5000000000000004 21.375000000000004 16.500000000000004 15.891394376754763 -0.094022676929812254
decision_type=2 10 10 2 8 10 10 8 10 8 2 2 8 8
left_child=2 3 10 -2 -5 6 -4 8 -8 -7 -1 -12 -11 -14
right_child=1 -3 5 4 -6 9 7 -9 -10 12 11 -13 13 -15
leaf_value=-1.2569934288725537 -0.72774675496906693 2.8231437337259706 -0.71324444045671354 -0.11338917861032952 2.0883369755824415 1.6498234711000324 3.5383078911887318 -0.2680937924259244 0.29908933741967936 -0.49015408127518972 -2.6470571077119098 1.4431700659946223 -0.22284538504503604 0.95810252382717198
leaf_weight=1700 77 48 944 58 52 44 52 64 56 188 41 52 105 309
leaf_count=1700 77 48 944 58 52 44 52 64 56 188 41 52 105 309
internal_value=-0.000538117 0.00362288 -0.000814118 0.00164362 0.00432432 3.06289e-05 -0.000714414 0.00221965 0.00473394 0.00131685 -0.00164381 0.0021383 0.000885571 0.0018506
internal_weight=3790 235 3555 187 110 1762 1116 172 108 646 1793 93 602 414
internal_count=3790 235 3555 187 110 1762 1116 172 108 646 1793 93 602 414
is_linear=0
shrinkage=0.03


Tree=52
num_leaves=15
num_cat=0
split_feature=67 85 34 29 53 41 69 84 35 16 74 8 49 80
split_gain=4.07783 4.57115 2.76265 2.62847 2.28514 2.70335 1.98771 1.95893 1.58551 2.53168 1.27282 0.914835 1.91944 2.22302
threshold=130.97357070446017 295.37771900494897 0.12158167036215818 0.91280560524746579 10.500000000000002 -176.93770289421079 587.95222467908263 -33.88470156987507 23.26663254406267 11.500000000000002 45.067296290537051 6.0433030104753334 4.5000000000000009 -143.44643378257749
decision_type=10 10 10 10 10 8 8 8 10 2 8 10 8 10
left_child=3 2 -2 10 5 -5 -6 -4 -7 -10 -1 -12 13 -13
right_child=1 -3 7 4 6 8 -8 -9 9 -11 11 12 -14 -15
leaf_value=0.75830415375478932 2.1054594636626911 2.8746845415214302 -0.61315663842809431 2.5057374667375023 0.5974481709032794 -0.3922765051786225 2.3447022143104008 0.53983639750294632 -0.28971149206843305 2.3084828332612135 -1.6143070337888172 -1.6243558872864274 -1.6061688599845287 1.3910963099188882
leaf_weight=77 69 59 209 55 50 1218 40 327 51 40 1490 41 100 42
leaf_count=77 69 59 209 55 50 1218 40 327 51 40 1490 41 100 42
internal_value=-0.000486948 0.00165113 0.000866336 -0.000930422 1.23704e-05 -0.000294506 0.00461538 0.000134077 -0.00057023 0.00322826 -0.00171331 -0.0018871 0.00011413 0.00346429
internal_weight=3868 664 605 3204 1454 1364 90 536 1309 91 1750 1673 183 83
internal_count=3868 664 605 3204 1454 1364 90 536 1309 91 1750 1673 183 83
is_linear=0
shrinkage=0.03


Tree=53
num_leaves=15
num_cat=0
split_feature=0 84 16 35 19 17 17 4 74 78 0 84 6 71
split_gain=5.61356 4.39367 3.13937 2.48459 3.06161 1.89259 2.35514 2.18041 1.9766 1.90509 1.66768 1.50204 1.29578 1.48948
threshold=219.50000000000003 -46.43478071689605 8.5000000000000018 17.158795458285343 450.00000000000006 41.500000000000007 16.500000000000004 9.5000000000000018 37.063089557138952 0.87500000000000011 10.500000000000002 53.129394690195731 690.00000000000011 15.500000000000002
decision_type=2 10 2 8 8 2 2 2 8 8 2 8 10 8
left_child=5 3 -3 -2 -5 6 -1 8 9 -8 -10 -12 -13 -14
right_child=1 2 -4 4 -6 -7 7 -9 10 -11 11 12 13 -15
leaf_value=-1.670425111621713 -0.20903419029562575 2.9633749812517887 0.74248230473827115 -0.8206214442396611 1.743642429823471 -1.0439690706394489 3.2768325030268719 1.7344295955538445 -0.98174164933849462 -0.034423906552701507 -0.29561319751270032 0.98251671723079259 -0.28039620680097727 1.3475765105676578
leaf_weight=442 210 44 83 43 60 1331 56 78 615 61 418 185 171 44
leaf_count=442 210 44 83 43 60 1331 56 78 615 61 418 185 171 44
internal_value=-0.000531755 0.00265306 0.00733594 0.000735668 0.00452885 -0.000944445 -0.00037663 0.000151012 -9.67125e-05 0.00363559 -0.000403766 0.000483516 0.00179551 0.000208333
internal_weight=3841 440 127 313 103 3401 2070 1628 1550 117 1433 818 400 215
internal_count=3841 440 127 313 103 3401 2070 1628 1550 117 1433 818 400 215
is_linear=0
shrinkage=0.03


Tree=54
num_leaves=15
num_cat=0
split_feature=67 84 27 85 43 64 64 84 70 53 66 77 20 68
split_gain=3.55967 3.99509 2.89085 2.84046 1.86611 1.63997 2.75737 1.53556 1.98595 1.76648 1.86728 2.68807 1.42196 2.5255
threshold=153.00547340862894 -44.534590164820351 0.90927796483352041 259.4983446995418 10.114616283519835 4.3434489844474236 5.7532043909127077 136.2838052113851 0.93541666666666679 8.5000000000000018 -207.34775412082669 -52.608513593673699 357.02162611484533 0.12948724708848183
decision_type=10 8 10 10 8 10 10 10 10 8 10 10 8 8
left_child=2 -2 -1 5 -4 -3 -7 9 -9 12 11 -11 13 -6
right_child=1 3 4 -5 7 6 -8 8 -10 10 -12 -13 -14 -15
leaf_value=-1.4436056513612292 -0.60986384370764457 0.24381027763368165 1.5500231447363753 2.2115558726296261 1.1727340218129301 2.9742491642015807 -0.18370700416706831 2.6919125027110939 -0.12746607160130527 0.23503629351656288 -0.39656112642553648 1.9762727985843098 -0.84007031572347879 -0.98274974134003734
leaf_weight=1640 212 206 42 60 58 70 53 65 74 274 187 81 739 115
leaf_count=1640 212 206 42 60 58 70 53 65 74 274 187 81 739 115
internal_value=-0.000530824 0.0015897 -0.00092033 0.00339231 -2.75068e-05 0.00228182 0.00500806 -0.000193853 0.00280714 -0.000482475 0.000872927 0.00214888 -0.00128806 0.00115517
internal_weight=3876 601 3275 389 1635 329 123 1593 139 1454 542 355 912 173
internal_count=3876 601 3275 389 1635 329 123 1593 139 1454 542 355 912 173
is_linear=0
shrinkage=0.03


Tree=55
num_leaves=15
num_cat=0
split_feature=0 4 29 34 37 7 4 74 27 22 82 39 82 31
split_gain=5.25227 4.31523 2.89691 2.34125 2.25735 3.25602 2.14902 1.74789 1.59879 1.2443 1.18472 1.09548 0.958912 1.0356
threshold=205.50000000000003 6.5000000000000009 0.91218821253368354 0.090230664857530549 2210.0829483385223 3700.5270552492043 9.5000000000000018 45.067296290537051 0.93521849187316819 14.118590116500856 59.333262999852508 4777.0235039493837 62.50952736536663 12.251086956521741
decision_type=2 2 10 10 10 10 2 8 10 2 10 10 8 10
left_child=2 -2 7 -3 6 -6 9 -1 10 11 -5 12 -4 -14
right_child=1 3 4 8 5 -7 -8 -9 -10 -11 -12 -13 13 -15
leaf_value=0.86175682224457428 -0.57172313514656703 1.8167554814775324 -1.2819958880364906 0.22539059110078083 3.4775702977758698 -0.10491261161061198 1.7776960600608664 -1.3487749869747776 2.0060050164755197 0.73286808887902444 1.9290833726067571 1.8884512392229547 0.1722005680644795 -0.58787297866022048
leaf_weight=72 179 41 531 121 60 86 63 1716 64 45 54 50 443 275
leaf_count=72 179 41 531 121 60 86 63 1716 64 45 54 50 443 275
internal_value=-0.000520916 0.00248478 -0.000934471 0.00480427 1.35128e-05 0.00355102 -0.000355825 -0.00175741 0.0036375 -0.000611153 0.00213068 -0.000782308 -0.000957601 -0.000242003
internal_weight=3800 459 3341 280 1553 146 1407 1788 239 1344 175 1299 1249 718
internal_count=3800 459 3341 280 1553 146 1407 1788 239 1344 175 1299 1249 718
is_linear=0
shrinkage=0.03


Tree=56
num_leaves=15
num_cat=0
split_feature=3 0 0 83 14 76 43 39 14 69 5 82 82 61
split_gain=4.01111 2.65983 2.56419 1.91601 1.8821 1.40766 1.4055 1.26386 1.77526 1.23584 1.40504 2.38559 2.45517 1.92993
threshold=20.708333333343038 346.50000000000006 26.500000000000004 -44.580413460731499 143.23020948653141 817.12641394138348 1527.6278475810298 1906.7528096026003 366.23495461435363 44.967882363877287 2.4722244739532475 99.461926937103286 41.418583234151207 0.79608723353294353
decision_type=2 2 2 8 10 8 10 10 10 8 10 8 10 8
left_child=2 6 5 -4 -5 -1 7 8 -2 -6 13 12 -12 -11
right_child=1 -3 3 4 9 -7 -8 -9 -10 10 11 -13 -14 -15
leaf_value=-0.038574815028541244 0.17096169992805024 1.7829763310493385 -0.6304263820025835 -1.3021055531805124 -0.13235218135785887 -1.6264229502973504 1.2421235916261157 -0.31670913822941504 2.2801859907729924 0.23234687874052903 -0.0035272964775480472 -0.094658617160912367 1.582547239904555 1.9586700101425969
leaf_weight=346 97 56 509 159 282 1465 46 192 41 86 92 315 94 59
leaf_count=346 97 56 509 159 282 1465 46 192 41 86 92 315 94 59
internal_value=-0.000655469 0.00206466 -0.00100088 -0.000123983 0.000587315 -0.00177318 0.00114589 0.000453171 0.00263309 0.00110441 0.00182689 0.00106972 0.00375401 0.00441781
internal_weight=3839 432 3407 1596 1087 1811 376 330 138 928 646 501 186 145
internal_count=3839 432 3407 1596 1087 1811 376 330 138 928 646 501 186 145
is_linear=0
shrinkage=0.03


Tree=57
num_leaves=15
num_cat=0
split_feature=29 67 53 29 64 37 19 74 7 33 76 6 82 37
split_gain=2.83152 3.23871 2.73141 2.26831 2.10358 2.06861 1.94886 1.9145 1.67733 1.4758 1.59177 1.32847 1.44099 1.1076
threshold=0.91056453326334486 401.45981596497927 10.500000000000002 0.93142977757074663 2.4934288302529 2163.5370812377541 390.00000000000006 45.067296290537051 3684.8942810936355 0.22954545454545458 341.44716060161596 690.00000000000011 63.440370798110969 2488.8144090807195
decision_type=10 10 10 10 10 10 10 8 8 10 10 10 8 10
left_child=1 7 5 -4 -5 6 11 -1 -7 -8 -11 12 -2 -10
right_child=2 -3 3 4 -6 8 9 -9 13 10 -12 -13 -14 -15
leaf_value=0.9203876314797621 -0.87034285898621166 1.7068262153078129 -0.20145437175571576 2.9594773289688385 1.9130842742769754 3.6770852438701991 -0.21185649487937844 -1.1897724305937827 1.0068616583092118 0.16670592910672144 3.8559175213197778 -0.77421548591209277 0.51186828330788126 -0.31379259591511727
leaf_weight=73 211 66 93 49 72 59 86 1786 45 56 48 821 353 59
leaf_count=73 211 66 93 49 72 59 86 1786 45 56 48 821 353 59
internal_value=-0.000562404 -0.00137851 0.000242703 0.00343256 0.00612295 -0.000151812 -0.000485407 -0.00161129 0.00305488 0.00235602 0.00474286 -0.000876624 0.000244247 0.000742856
internal_weight=3877 1925 1952 214 121 1738 1575 1859 163 190 104 1385 564 104
internal_count=3877 1925 1952 214 121 1738 1575 1859 163 190 104 1385 564 104
is_linear=0
shrinkage=0.03


Tree=58
num_leaves=15
num_cat=0
split_feature=3 68 85 36 53 33 49 82 33 82 3 82 14 14
split_gain=3.81683 2.59385 2.02098 2.40856 1.71854 1.67869 1.58685 1.82707 1.84937 1.52809 1.24993 1.06085 1.34102 1.30602
threshold=20.708333333343038 0.17640135322929967 7.2406205336252869 0.17981569800339506 11.500000000000002 0.0906926406926407 3.5000000000000004 10.028531670570375 11.484731934731936 -187.17055660486218 16.625000000000004 28.378154794375103 541.18816838512942 143.23020948653141
decision_type=2 10 8 10 10 10 8 10 10 10 2 8 8 10
left_child=2 4 9 -4 -2 -5 7 -7 10 -1 -9 -8 13 -13
right_child=1 -3 3 5 -6 6 11 8 -10 -11 -12 12 -14 -15
leaf_value=2.7913136900993551 -0.068515125426767756 1.7306170373089889 -1.3289445069330954 -0.96753199161433678 1.6017492966138656 -0.41259797801008935 -0.46365668717503833 2.0244892500459395 1.6023934586957023 -1.5995930267355689 -0.91829016663295238 -0.6390657127770788 -0.22679302703470905 0.62944244730444221
leaf_weight=58 284 78 623 251 70 96 251 65 40 1030 40 130 201 599
leaf_count=58 284 78 623 251 70 96 251 65 40 1030 40 130 201 599
internal_value=-0.000657061 0.00199538 -0.00099616 -0.000491076 0.000895774 0.00010215 0.000501756 0.00271488 0.00482877 -0.00206061 0.00268868 4.82226e-05 0.000515574 0.0011137
internal_weight=3816 432 3384 2296 354 1673 1422 241 145 1088 105 1181 930 729
internal_count=3816 432 3384 2296 354 1673 1422 241 145 1088 105 1181 930 729
is_linear=0
shrinkage=0.03


Tree=59
num_leaves=15
num_cat=0
split_feature=0 53 56 16 49 29 0 76 3 82 50 38 32 33
split_gain=4.60505 6.01164 3.12682 2.42939 2.51664 1.97072 1.87252 1.53339 1.47634 1.23297 1.14901 1.13219 1.06402 1.05959
threshold=36.500000000000007 10.500000000000002 -50.047511935234063 19.500000000000004 4.5000000000000009 0.92909124589816883 331.00000000000006 196.4278955459595 21.625000000000004 37.966474493344627 188.53424263000491 3697.5784601704645 0.31142241379310348 18.437335164835165
decision_type=2 8 10 2 8 10 2 10 2 8 8 10 10 10
left_child=7 2 -2 4 -3 -5 10 8 12 -4 -6 -9 -1 -11
right_child=1 3 9 5 6 -7 -8 11 -10 13 -12 -13 -14 -15
leaf_value=-1.7982919396438974 0.93899401054362919 1.5744223417265586 -0.69085909507589316 -1.4630624024562198 1.8171918627832548 1.9299751606883273 1.8351070922174102 -0.54507720646390001 1.4932628130417178 -0.11210219313591793 -0.098625966736996279 0.94381317598302639 -0.60135401037989 0.70330900586269318
leaf_weight=1090 46 42 524 73 81 62 51 487 41 647 56 57 329 212
leaf_count=1090 46 42 524 73 81 62 51 487 41 647 56 57 329 212
internal_value=-0.000559095 0.000544846 -0.000333567 0.00397541 0.00584416 0.000772058 0.00431746 -0.00154713 -0.00205339 -0.000591764 0.00245652 -0.000187157 -0.0022162 0.000108139
internal_weight=3798 1794 1429 365 230 135 188 2004 1460 1383 137 544 1419 859
internal_count=3798 1794 1429 365 230 135 188 2004 1460 1383 137 544 1419 859
is_linear=0
shrinkage=0.03


Tree=60
num_leaves=15
num_cat=0
split_feature=0 4 36 36 85 84 59 39 66 6 56 35 15 68
split_gain=4.10005 4.35643 3.11389 2.08912 2.58116 1.85408 1.75323 1.71758 2.44839 1.40401 1.30145 1.18679 1.71986 1.70113
threshold=162.50000000000003 6.5000000000000009 0.1637390857729841 0.17981569800339506 7.2406205336252869 -46.43478071689605 -124.06718993186949 2345.9196444808044 -210.64191126823422 1230.0000000000002 -124.01919833819069 15.667333333333335 12.500000000000002 -0.039321547495143876
decision_type=2 2 10 10 8 8 10 10 10 10 10 10 2 8
left_child=3 -2 -3 -1 9 -4 -6 8 -7 -5 -8 -12 13 -13
right_child=1 2 5 4 6 7 10 -9 -10 -11 11 12 -14 -15
leaf_value=-1.5502187166663688 -0.80955207213398772 2.108916424006078 -0.10296382362326534 -1.8287058980080804 -0.71512725250837605 1.157827287635198 1.4297530759222055 0.25209363242600419 2.9691232101451512 1.532209584254312 0.013117262318808564 0.11737342994149955 0.24255686283917921 1.1696871774391722
leaf_weight=934 248 64 98 749 302 53 43 167 40 77 774 53 181 40
leaf_count=934 248 64 98 749 302 53 43 167 40 77 774 53 181 40
internal_value=-0.000520137 0.00160954 0.00346099 -0.000973051 -0.000471622 0.00235655 0.000316355 0.00367816 0.00692553 -0.00179928 0.000876373 0.000663488 0.00235636 0.00564894
internal_weight=3823 670 422 3153 2219 358 1393 260 93 826 1091 1048 274 93
internal_count=3823 670 422 3153 2219 358 1393 260 93 826 1091 1048 274 93
is_linear=0
shrinkage=0.03


Tree=61
num_leaves=15
num_cat=0
split_feature=3 69 29 33 3 71 72 4 53 22 35 17 74 46
split_gain=3.85918 3.46853 2.16985 2.4565 2.16914 1.59764 1.54871 1.49018 1.27395 1.25384 1.32648 1.17488 1.01754 0.969457
threshold=20.875000000000004 356.97567554960852 0.90071280521712771 19.34241379310345 17.541666666656969 14.500000000000002 -189.41540086269376 9.5000000000000018 9.5000000000000018 5.2247534990310678 11.330578963795256 35.000000000000007 45.067296290537051 870.00000000000011
decision_type=2 10 10 10 2 8 8 2 8 2 10 2 8 10
left_child=2 7 12 6 5 -5 -4 13 -8 -10 11 -11 -1 -2
right_child=1 -3 3 4 -6 -7 8 -9 9 10 -12 -13 -14 -15
leaf_value=0.59716059302440438 -0.42110002464901902 1.8377111432853761 2.0870846423716127 -0.080042817959208049 2.70370904377909 1.4524552199328695 -0.47385962681765886 1.4921271518122468 -0.10950132643050266 2.0241923520277769 -0.031355935796024421 0.29426244106433619 -1.3577192293470279 0.38533052624264363
leaf_weight=58 135 76 40 183 40 54 1272 63 196 51 71 47 1410 141
leaf_count=58 135 76 40 183 40 54 1272 63 196 51 71 47 1410 141
internal_value=-0.000529183 0.00219952 -0.000860649 -0.000205627 0.00240647 0.00129832 -0.000638261 0.000891176 -0.000782052 0.000778688 0.00266471 0.00490909 -0.00173179 -6.49827e-05
internal_weight=3837 415 3422 1954 277 237 1677 339 1637 365 169 98 1468 276
internal_count=3837 415 3422 1954 277 237 1677 339 1637 365 169 98 1468 276
is_linear=0
shrinkage=0.03


Tree=62
num_leaves=15
num_cat=0
split_feature=3 53 17 85 36 50 17 80 83 42 44 14 14 38
split_gain=3.77681 4.36728 4.31837 2.0716 2.2222 1.65633 1.39066 1.32402 1.13308 1.3247 1.29704 1.43341 2.48651 1.0578
threshold=20.708333333343038 11.500000000000002 41.500000000000007 19.03448899586996 0.17981569800339506 297.55865705013281 27.500000000000004 278.90583515167242 -24.891122460365292 240.6866561174393 62.915798783302314 143.23020948653141 263.07857856803508 3365.0276454972977
decision_type=2 10 2 8 10 8 2 10 8 10 10 10 10 10
left_child=3 6 -3 -1 -5 8 -2 -8 -6 10 -10 -12 -13 -14
right_child=1 2 -4 4 5 -7 7 -9 9 -11 11 12 13 -15
leaf_value=-1.3186150123370413 1.876165438079082 3.3543043357104083 0.067234649381848838 -1.1603079362375626 -0.44101183862029009 -0.46690397785325993 -0.37289282385689276 1.6241605600038187 -0.070979699432659096 1.3551138488607759 -1.7314295038199163 1.6831561467537786 0.070939160964329784 1.0553621423987245
leaf_weight=1155 48 47 45 627 187 382 248 45 479 42 81 70 296 79
leaf_count=1155 48 47 45 627 187 382 248 45 479 42 81 70 296 79
internal_value=-0.000721034 0.00191475 0.00767742 -0.00105737 -0.000525402 6.30791e-05 0.000342105 -0.000438776 0.00059757 0.00098187 0.000760437 0.00178748 0.00245516 0.00147606
internal_weight=3831 433 92 3398 2243 1616 341 293 1234 1047 1005 526 445 375
internal_count=3831 433 92 3398 2243 1616 341 293 1234 1047 1005 526 445 375
is_linear=0
shrinkage=0.03


Tree=63
num_leaves=15
num_cat=0
split_feature=0 4 43 0 56 17 3 3 39 83 32 37 38 17
split_gain=3.15171 3.37004 2.52252 2.24303 2.03228 1.87094 2.87581 2.06368 1.97914 1.661 1.49523 1.39859 1.13192 1.10452
threshold=58.500000000000007 6.5000000000000009 359.24693017875643 389.50000000000006 -141.22795947392777 35.000000000000007 18.208333333343038 8.3750000000000018 2329.3634880649306 14.167497038841249 0.29814814814814822 1512.5201358212942 4405.6581019328851 42.500000000000007
decision_type=2 2 10 2 8 2 2 2 10 10 10 8 10 2
left_child=2 9 4 5 -1 6 7 10 -8 -2 -3 -7 13 -6
right_child=1 3 -4 -5 12 11 8 -9 -10 -11 -12 -13 -14 -15
leaf_value=2.8358192573585739 -0.9641779832712305 0.37692237009179269 -1.9971898126469025 1.6144799657936661 -0.069750154256091712 -0.4383232447531647 3.5625477631950315 -0.0074171441243661602 2.2459926661550971 0.38541721227599945 1.7831618702391892 0.61510311702857823 0.60526353241446795 -1.0605241727805277
leaf_weight=43 438 58 918 54 855 289 41 248 56 82 60 222 61 421
leaf_count=43 438 58 918 54 855 289 41 248 56 82 60 222 61 421
internal_value=-0.000519366 0.000526791 -0.00122401 0.00152187 -0.000412745 0.00118769 0.00256681 0.0013406 0.00713265 -0.00143954 0.00458823 -6.44538e-05 -0.000621077 -0.000812843
internal_weight=3846 1548 2298 1028 1380 974 463 366 97 520 118 511 1337 1276
internal_count=3846 1548 2298 1028 1380 974 463 366 97 520 118 511 1337 1276
is_linear=0
shrinkage=0.03


Tree=64
num_leaves=15
num_cat=0
split_feature=0 74 84 33 67 31 43 81 8 80 76 84 85 14
split_gain=3.14182 2.09133 2.47386 1.7843 2.09201 2.02873 1.74835 1.50668 2.96005 1.40792 1.68767 1.45155 1.31799 1.20237
threshold=32.500000000000007 280.63688410749893 -16.694749295711514 18.247950819672134 66.712296694078873 24.240374331550807 371.63742697979609 4421.1829808950433 4.3993280999101385 -33.165536522865288 401.00031745433813 155.28539949655536 -160.00269371271131 763.65540717752003
decision_type=2 10 8 10 8 10 10 8 10 8 8 10 8 10
left_child=6 2 12 7 -5 -6 9 8 -4 -1 -11 -12 -2 -9
right_child=1 -3 3 4 5 -7 -8 13 -10 10 11 -13 -14 -15
leaf_value=-2.2800184977920663 1.5158162992970576 -0.69353121909345838 0.095441944302433204 -0.33141119032956917 2.3404213979411561 0.95848226075077159 -2.1231856009619516 -0.080291423442751669 1.8400461178298331 0.85937445042636396 -0.4211896911004202 1.3872459425156938 -0.40105914147769006 1.4602511827346341
leaf_weight=266 40 333 151 56 77 81 843 497 57 80 740 66 517 40
leaf_count=266 40 333 151 56 77 81 843 497 57 80 740 66 517 40
internal_value=-0.00056489 0.000325945 0.000798945 0.00172187 0.00413023 0.00588679 -0.00139028 0.00102547 0.0031866 -0.000629662 -5.41157e-05 -0.000468402 -0.000790323 0.000184014
internal_weight=3844 1849 1516 959 214 158 1995 745 208 1152 886 806 557 537
internal_count=3844 1849 1516 959 214 158 1995 745 208 1152 886 806 557 537
is_linear=0
shrinkage=0.03


Tree=65
num_leaves=15
num_cat=0
split_feature=3 16 57 82 8 83 0 82 37 28 15 39 70 53
split_gain=4.03712 2.45873 4.66277 1.90657 1.39454 1.3457 1.64279 1.66359 1.85313 1.11338 1.36344 1.1769 1.03264 1.96394
threshold=20.708333333343038 12.500000000000002 8.5000000000000018 26.559634009997051 4.6771475909661264 3.1215480566024785 1.0000000180025095e-35 75.001820087432876 1338.2992085159933 157.50000000000003 13.500000000000002 1641.87575925176 0.94590643274853814 9.5000000000000018
decision_type=2 2 10 10 10 8 2 10 10 2 2 10 8 10
left_child=3 2 -2 12 -4 -5 -7 8 -8 -9 11 -11 -1 -14
right_child=1 -3 4 5 -6 6 7 9 -10 10 -12 -13 13 -15
leaf_value=-1.5903499151757439 3.2611356210691524 0.20632490546185789 1.4301085748342814 -0.50029929489979941 -0.48496941004605743 -0.65536930445320474 0.20620166868350517 -0.24302545911478651 1.6858813466003277 0.070999608838749784 -0.13834313937413922 1.6533924377096494 -0.81757437567174374 0.38966596350174898
leaf_weight=717 49 302 54 412 47 335 93 133 64 61 113 64 1215 187
leaf_count=717 49 302 54 412 47 335 93 133 64 61 113 64 1215 187
internal_value=-0.000620744 0.00203973 0.00516556 -0.000975553 0.00144118 -5.87781e-05 0.000614583 0.00165595 0.00423418 0.000556451 0.00178243 0.00392857 -0.00152689 -0.00105203
internal_weight=3846 452 150 3394 101 1275 863 528 157 371 238 125 2119 1402
internal_count=3846 452 150 3394 101 1275 863 528 157 371 238 125 2119 1402
is_linear=0
shrinkage=0.03


Tree=66
num_leaves=15
num_cat=0
split_feature=0 84 36 27 77 39 38 5 4 66 30 80 29 70
split_gain=3.85195 3.80525 2.75507 1.62056 1.69833 1.55879 4.43124 2.52862 2.14541 1.96828 1.9434 1.40545 1.66703 3.22697
threshold=238.50000000000003 -46.43478071689605 0.31955828779599277 0.85926496478873249 -286.91039746999735 2612.184311776391 4002.913543957286 18.156389236450199 9.5000000000000018 -121.73333251476286 14.750000000000002 115.43888473510744 0.95761545572971396 0.97500000000000009
decision_type=2 10 8 10 8 8 10 10 2 8 10 10 10 10
left_child=3 -2 -3 -1 -5 6 8 -8 9 -6 -10 -11 13 -13
right_child=1 2 -4 4 5 -7 7 -9 10 11 -12 12 -14 -15
leaf_value=-1.6084301513350467 0.03168838499867338 1.8870731176366455 0.72549811756412619 -1.4408245464580691 -1.8327696917737546 -0.29691174354220468 2.9284760402966881 1.0183192368955383 2.2519348088432576 -0.25962002285485697 -0.091990920319069414 6.0106401609091824 -1.9719056539720039 0.86050246682558795
leaf_weight=653 244 60 54 270 252 755 52 72 42 1085 42 43 62 121
leaf_count=653 244 60 54 270 252 755 52 72 42 1085 42 43 62 121
internal_value=-0.000517595 0.00244011 0.00693913 -0.000825218 -0.000510548 -0.000268303 0.000218397 0.005664 -0.000194782 -0.000446932 0.00444706 2.05786e-05 0.0021674 0.00374545
internal_weight=3807 358 114 3449 2796 2526 1771 124 1647 1563 84 1311 226 164
internal_count=3807 358 114 3449 2796 2526 1771 124 1647 1563 84 1311 226 164
is_linear=0
shrinkage=0.03


Tree=67
num_leaves=15
num_cat=0
split_feature=17 4 31 80 53 52 65 57 77 85 35 16 8 77
split_gain=2.60392 3.07084 2.5141 2.20981 2.32833 2.26254 1.89081 1.61804 1.87561 1.75743 1.48738 0.982608 0.961018 1.20905
threshold=41.500000000000007 9.5000000000000018 12.34404761904762 52.647702932357795 10.500000000000002 87.735487222671523 0.96072807753419298 8.5000000000000018 -200.20634990930554 -18.376265168189999 19.880871212121217 2.5000000000000004 6.2834113874302036 33.779822111129768
decision_type=2 2 10 10 10 10 10 10 8 10 10 2 10 10
left_child=1 3 -3 -1 6 -6 7 8 -5 -9 11 -2 13 -12
right_child=10 2 -4 4 5 -7 -8 9 -10 -11 12 -13 -14 -15
leaf_value=-0.45371943624823108 0.68959451992064758 2.2523925063039871 1.1498344620555916 1.198806953460003 1.8363351179879903 0.92486146480206166 -1.8227300652267255 1.5894515412495458 -0.16097340803125901 0.20238339974493114 -0.050455213564637773 -1.0377000064985218 -0.38255301611781894 1.4111368375929978
leaf_weight=1582 63 40 52 68 40 48 134 40 281 85 67 1218 64 59
leaf_count=1582 63 40 52 68 40 48 134 40 281 85 67 1218 64 59
internal_value=-0.000539563 7.59166e-05 0.00541935 -0.000142168 0.00126542 0.00579775 0.000600985 0.00149053 0.000437142 0.00440476 -0.00153057 -0.00189782 0.000942408 0.00245669
internal_weight=3841 2370 92 2278 696 88 608 474 349 125 1471 1281 190 126
internal_count=3841 2370 92 2278 696 88 608 474 349 125 1471 1281 190 126
is_linear=0
shrinkage=0.03


Tree=68
num_leaves=15
num_cat=0
split_feature=29 53 80 64 37 39 48 39 33 35 77 64 74 82
split_gain=2.12834 1.89314 1.58793 1.33353 1.31083 1.97779 1.45419 1.14261 1.56725 1.48287 1.41142 1.27911 1.06118 0.868643
threshold=0.90630852059925104 9.5000000000000018 141.08551847934726 4.3252999858073808 2302.8548707427431 2680.9831849851485 -146.63568774859107 2777.3878283760719 19.553472222222226 11.902608401084013 -149.14443445205686 5.6252911504796561 45.067296290537051 16.703648467858638
decision_type=10 10 10 8 10 10 8 10 10 10 10 10 8 8
left_child=2 4 12 -4 6 -6 -2 9 -9 10 -3 -10 -1 -8
right_child=1 7 3 -5 5 -7 13 8 11 -11 -12 -13 -14 -15
leaf_value=0.91373916134651911 1.674334322144829 1.2023635177489469 1.1818529704631611 -0.066438771068081048 3.1175592849582308 -0.18804903931067068 -1.1655999822810104 -0.37209611819794536 1.8874156086268439 0.037652085278704304 2.2941230459714732 -0.017915520508384786 -1.2257628219225236 -0.11473343076737244
leaf_weight=55 54 73 55 156 45 64 414 158 44 91 65 49 1503 995
leaf_count=55 54 73 55 156 45 64 414 158 44 91 65 49 1503 995
internal_value=-0.000558085 9.93661e-05 -0.00132034 0.00111792 -0.000404324 0.00275454 -0.000641394 0.00174636 0.000345237 0.00327391 0.00522302 0.00341489 -0.00165106 -0.00082766
internal_weight=3821 2052 1769 211 1572 109 1463 480 251 229 138 93 1558 1409
internal_count=3821 2052 1769 211 1572 109 1463 480 251 229 138 93 1558 1409
is_linear=0
shrinkage=0.03


Tree=69
num_leaves=15
num_cat=0
split_feature=80 31 53 17 28 43 39 33 81 81 85 25 79 75
split_gain=2.6463 2.30167 1.81814 1.75499 1.51771 1.92345 1.89196 1.6062 1.99458 1.72265 1.30985 1.55 3.00859 1.32751
threshold=-15.897557258605955 48.494047619047628 9.5000000000000018 41.500000000000007 354.50000000000006 1215.4981978116009 2872.9873543430294 10.719985775248935 1371.1821092367175 4087.7564445734029 67.603314538796766 0.91277173913043486 7.3869212151962804 189.55054748058322
decision_type=8 8 10 2 2 10 10 10 10 10 10 10 10 8
left_child=-1 2 10 4 5 6 7 9 -9 -4 13 12 -12 -2
right_child=1 -3 3 -5 -6 -7 -8 8 -10 -11 11 -13 -14 -15
leaf_value=-1.2936632717752801 0.46039595832538915 -1.9627091767049971 -0.22616667688097206 -0.085074255216630562 -0.15153084730103084 1.5578023864869672 -0.023075394345867854 3.2063351847090331 0.43812498514318365 1.619584529192367 1.3543972995982996 -0.044539819830902404 0.28485042021972673 -0.49267586464741925
leaf_weight=975 292 347 44 256 50 48 97 40 40 42 57 353 135 1025
leaf_count=975 292 347 44 256 50 48 97 40 40 42 57 353 135 1025
internal_value=-0.000482115 -1.69798e-05 0.000303628 0.00171359 0.00305801 0.00383654 0.00280682 0.00474251 0.00777778 0.00186207 -0.000164252 0.00107143 0.00323316 -0.000676025
internal_weight=3801 2826 2479 617 361 311 263 166 80 86 1862 545 192 1317
internal_count=3801 2826 2479 617 361 311 263 166 80 86 1862 545 192 1317
is_linear=0
shrinkage=0.03


Tree=70
num_leaves=15
num_cat=0
split_feature=3 80 31 79 16 65 60 77 77 56 77 3 26 39
split_gain=3.02021 2.30081 2.16919 2.14245 2.10362 2.49025 1.60508 1.43347 1.60105 3.04709 4.80224 2.08302 1.27912 1.52507
threshold=20.458333333343038 -15.897557258605955 48.494047619047628 19.641171685849869 10.500000000000002 0.92569678480918383 -43.658729672431939 -286.91039746999735 -220.40539968013761 86.986274401346847 -244.4408195018768 11.291666666656967 104.50000000000001 2429.4513413337695
decision_type=2 8 8 10 2 10 8 8 8 10 10 2 2 10
left_child=1 -1 6 4 5 -2 -3 -8 9 10 11 -9 -10 -14
right_child=3 2 -4 -5 -6 -7 7 8 12 -11 -12 -13 13 -15
leaf_value=-1.3197639887019861 3.15003485665761 -1.2999562067751658 -2.1810997394641785 -0.83968536054664078 0.37785143861812787 0.48344963592891904 -1.361637249866404 -2.0189255739829051 -0.26115456360000111 -0.74465847694993925 2.8403447187519038 1.0197463965842939 0.51524582937038133 -0.063238915311765925
leaf_weight=846 54 257 320 95 275 57 117 53 880 63 45 40 380 345
leaf_count=846 54 257 320 95 275 57 117 53 880 63 45 40 380 345
internal_value=-0.000546239 -0.000865851 -0.000407838 0.00167427 0.00266667 0.00613393 -6.87765e-05 0.000229209 0.000438295 0.00295544 0.00543885 0.0015 0.000121419 0.00105372
internal_weight=3827 3346 2500 481 386 111 2180 1923 1806 201 138 93 1605 725
internal_count=3827 3346 2500 481 386 111 2180 1923 1806 201 138 93 1605 725
is_linear=0
shrinkage=0.03


Tree=71
num_leaves=15
num_cat=0
split_feature=0 83 82 0 64 29 3 68 68 82 24 69 64 34
split_gain=2.9203 1.66565 1.95241 1.8799 2.0303 1.44963 1.3528 1.31914 1.45973 1.34855 1.63452 1.2842 1.85458 2.22212
threshold=22.500000000000004 -17.777909755706784 11.05922967195511 208.50000000000003 3.8979113245030281 0.74841772151898744 21.458333333343038 -0.027431872502836598 0.019299193235283337 109.66190890471141 33.500000000000007 77.257246040136295 4.5057946934600173 0.16035714285714289
decision_type=2 8 10 2 10 10 2 8 8 10 2 10 10 10
left_child=6 5 11 7 -5 -2 -1 -4 -9 10 -10 -3 -13 -14
right_child=1 2 3 4 -6 -7 -8 8 9 -11 -12 12 13 -15
leaf_value=-1.0651508991161276 1.12777421955858 -0.54396849173682027 -0.32186940957941446 0.43168315036465077 1.604827439940882 -0.48234291446831273 0.67150235548319459 1.3279996526145592 0.34844729866592139 -0.26874776145100099 1.9372575326410202 -0.15165972891881835 2.927310402232703 0.63606137520027661
leaf_weight=1767 46 312 159 86 41 663 61 43 107 150 53 218 43 66
leaf_count=1767 46 312 159 86 41 663 61 43 107 150 53 218 43 66
internal_value=-0.000640724 0.000155432 0.000802188 0.00197344 0.00522656 -0.00100986 -0.00150574 0.00115789 0.00217797 0.00144694 0.00335404 -0.000370313 0.000942072 0.00411818
internal_weight=3815 1987 1278 639 127 709 1828 512 353 310 160 639 327 109
internal_count=3815 1987 1278 639 127 709 1828 512 353 310 160 639 327 109
is_linear=0
shrinkage=0.03


Tree=72
num_leaves=15
num_cat=0
split_feature=81 0 38 85 52 37 4 82 77 16 8 26 26 83
split_gain=3.01798 2.79184 1.66391 2.0571 1.5652 1.63592 1.38523 2.23781 1.36118 1.76938 1.30194 1.21968 2.19783 2.27537
threshold=1546.7510825395586 389.50000000000006 6322.489445363738 -1.0691810448964387 361.33320283889776 271.85735962849452 6.5000000000000009 167.52266955375674 -120.3162531852722 22.500000000000004 3.5847987196485303 187.50000000000003 134.50000000000003 47.471253395080574
decision_type=8 2 8 8 10 8 2 10 10 2 10 2 2 8
left_child=-1 2 3 4 8 -6 7 -5 -2 -10 -3 12 -8 -14
right_child=1 10 -4 6 5 -7 11 -9 9 -11 -12 -13 13 -15
leaf_value=1.5185976953938183 -1.9773096843490188 0.2504895507610081 -1.790785252804338 -0.65894888302500187 -0.49069003094894192 2.5135335519383291 0.075895079132705698 1.837393930408459 -0.87062558984148897 1.0506471605538628 1.2814195906349839 -0.41190632111519782 -0.11030410681975532 1.5306736944471684
leaf_weight=58 665 40 369 618 69 46 1249 42 250 56 45 145 66 120
leaf_count=58 665 40 369 618 69 46 1249 42 250 56 45 145 66 120
internal_value=-0.000529826 -0.000634753 -0.000758929 -0.000546439 -0.0016173 0.00168103 -2.67745e-05 -0.00118003 -0.00200926 -0.000351792 0.0047093 0.000455407 0.000720751 0.00375401
internal_weight=3838 3780 3695 3326 1086 115 2240 660 971 306 85 1580 1435 186
internal_count=3838 3780 3695 3326 1086 115 2240 660 971 306 85 1580 1435 186
is_linear=0
shrinkage=0.03


Tree=73
num_leaves=15
num_cat=0
split_feature=0 4 14 36 36 7 33 74 9 17 80 51 25 17
split_gain=1.9788 3.50816 2.57931 2.16324 1.82199 1.5065 1.78869 1.34719 3.75094 2.24242 1.49172 0.933221 1.17465 2.1536
threshold=160.50000000000003 6.5000000000000009 795.69033424516317 0.14803857111549421 0.18971809715580168 2680.9915164199633 10.892888563049853 46.913695152474382 570.00000000000011 35.000000000000007 -33.165536522865288 -124.06718993186949 0.93377192982456159 26.500000000000004
decision_type=2 2 10 10 10 10 10 8 2 2 8 8 10 2
left_child=4 -2 3 -3 -1 6 -5 8 -6 -10 -9 -12 -13 -14
right_child=1 2 -4 5 7 -7 -8 10 9 -11 11 12 13 -15
leaf_value=-1.1946139699423168 -0.69318311037428115 1.5761333408758345 1.5423720039472828 -0.24376046972842172 2.7750676092161615 -0.092889137842486078 1.5000968926524996 -1.571565155139736 -1.4290158562781632 2.615681027806112 -0.61733757660082145 -0.067178631793222296 0.91076274360776899 -0.075110844949508246
leaf_weight=1029 250 47 46 56 49 215 62 455 129 46 282 824 127 220
leaf_count=1029 250 47 46 56 49 215 62 455 129 46 282 824 127 220
internal_value=-0.000568265 0.000903987 0.00255738 0.00173228 -0.000883302 0.000871257 0.00357983 -0.00038256 0.00181333 -0.000255683 -0.000641174 -0.000171252 0.000202218 0.00166379
internal_weight=3837 676 426 380 3161 333 118 2132 224 175 1908 1453 1171 347
internal_count=3837 676 426 380 3161 333 118 2132 224 175 1908 1453 1171 347
is_linear=0
shrinkage=0.03


Tree=74
num_leaves=15
num_cat=0
split_feature=81 29 33 14 50 84 14 22 71 53 66 14 70 71
split_gain=3.0173 1.79946 1.83968 1.80991 1.85817 1.54774 1.23565 1.40216 1.13805 1.15368 1.85808 1.13287 1.69864 1.03721
threshold=1546.7510825395586 0.90630852059925104 18.143297101449281 247.18402282261374 1.972092390060425 -11.256462574005125 100.52443622388932 13.426078677177431 14.500000000000002 9.5000000000000018 126.87829232215883 315.77787558579763 0.92582417582417598 7.5000000000000009
decision_type=8 10 10 8 10 8 10 2 10 10 8 10 8 8
left_child=-1 8 5 4 -4 -3 -7 11 -2 -10 -11 12 -8 -5
right_child=1 2 3 13 -6 6 7 -9 9 10 -12 -13 -14 -15
leaf_value=1.1206161158305361 -1.0645091051249931 -0.79726597999338833 3.4868818912217017 1.2654312605301441 0.83192030852961218 -1.2600959254583188 2.0621714426628914 1.4160720445612371 -1.0972445033799916 1.0386456968661211 -0.028975570647779923 -0.15000680717971648 0.19887062523845664 -0.043408976786356315
leaf_weight=54 1276 542 44 71 49 138 40 55 278 40 138 536 271 232
leaf_count=54 1276 542 44 71 49 138 40 55 278 40 138 536 271 232
internal_value=-0.000648606 -0.00075182 -0.000133401 0.00169269 0.00532979 -0.000591283 8.64546e-05 0.000491694 -0.00145759 -0.000170679 0.0017095 0.000187499 0.001625 0.000562499
internal_weight=3764 3710 1978 396 93 1582 1040 902 1732 456 178 847 311 303
internal_count=3764 3710 1978 396 93 1582 1040 902 1732 456 178 847 311 303
is_linear=0
shrinkage=0.03


Tree=75
num_leaves=15
num_cat=0
split_feature=3 79 3 45 70 29 16 4 37 8 8 30 73 82
split_gain=3.56848 2.22331 2.22681 2.04389 2.03444 1.81329 1.7582 1.50206 1.74582 1.66139 1.13581 1.0764 1.10766 1.20988
threshold=20.708333333343038 18.687737280866497 23.125000000000004 8.5000000000000018 0.87083333333333346 0.89716955941255017 11.500000000000002 9.5000000000000018 2163.5370812377541 5.1320944737147736 6.529190610226502 1.0000000180025095e-35 -2.5209554433822627 16.703648467858638
decision_type=2 10 2 10 10 10 2 2 10 8 10 8 10 8
left_child=5 2 3 -2 -5 11 -6 8 10 -10 -7 12 -1 -14
right_child=1 -3 -4 4 6 7 -8 -9 9 -11 -12 -13 13 -15
leaf_value=-0.94114372462772666 0.093772501988721793 -0.8932355128722862 -0.13172792182896914 1.8087204899478992 2.0808260888281325 -0.26310277210745348 -0.034408196678424194 1.1031820263655279 2.9023628402666652 0.037589120685309584 1.2228551495475293 -1.263160581654404 -0.81639552235576218 1.1009919939844981
leaf_weight=137 76 88 116 54 58 1727 55 74 65 107 70 1107 40 40
leaf_count=137 76 88 116 54 58 1727 55 74 65 107 70 1107 40 40
internal_value=-0.000553605 0.00196205 0.00300833 0.00463525 0.00648214 -0.000888065 0.00413158 -0.0003273 -0.000485788 0.00239306 -0.000762515 -0.00175245 0.000178898 0.00296296
internal_weight=3814 447 359 243 167 3367 113 2043 1969 172 1797 1324 217 80
internal_count=3814 447 359 243 167 3367 113 2043 1969 172 1797 1324 217 80
is_linear=0
shrinkage=0.03


Tree=76
num_leaves=15
num_cat=0
split_feature=3 0 82 59 66 25 33 3 3 7 16 26 38 16
split_gain=2.41996 1.90397 1.63147 2.11126 1.65821 1.613 1.70629 2.75773 1.70744 1.37784 1.85054 1.46244 1.27501 2.92965
threshold=20.708333333343038 346.50000000000006 6.6147942145665501 -237.55865705013272 -121.73333251476286 0.73623188405797102 19.108427815570678 15.458333333343036 16.708333333343038 4140.1623316625491 7.5000000000000009 84.500000000000014 1973.1677345098676 23.500000000000004
decision_type=2 2 8 8 8 10 10 2 2 10 2 2 8 2
left_child=2 12 -1 -4 -5 -6 8 9 -7 10 -8 -12 13 -2
right_child=1 -3 3 4 5 6 7 -9 -10 -11 11 -13 -14 -15
leaf_value=-1.0063609071640691 2.5877130798547134 1.2726118810249039 -1.1004894057045791 -1.1224912793061341 -1.6501591031232516 0.19959212055351211 -0.76449010377442828 1.7828081306341417 -0.58950560736268709 -0.23209250989072361 0.36827941055840896 2.8468956790176945 -0.13099017085256123 -0.58728032783202888
leaf_weight=994 46 55 481 275 118 1034 44 52 237 95 42 41 272 71
leaf_count=994 46 55 481 275 118 1034 44 52 237 95 42 41 272 71
internal_value=-0.000557543 0.00152359 -0.000828647 -0.000407852 3.40374e-05 0.000391225 0.000650064 0.00279273 0.00018632 0.00131838 0.00335156 0.00596429 0.000776922 0.00338136
internal_weight=3857 444 3413 2419 1938 1663 1545 274 1271 222 127 83 389 117
internal_count=3857 444 3413 2419 1938 1663 1545 274 1271 222 127 83 389 117
is_linear=0
shrinkage=0.03


Tree=77
num_leaves=15
num_cat=0
split_feature=45 35 39 81 39 71 22 70 79 15 56 33 62 22
split_gain=3.04479 2.58872 1.96383 2.0065 2.42898 2.11201 2.30159 1.7931 2.15918 1.45117 1.64314 1.60454 2.54646 1.35346
threshold=8.5000000000000018 29.944696969696974 1608.1173982266625 1546.7510825395586 1087.536424387695 13.500000000000002 3.4126864671707158 0.71008403361344552 8.3472263017980808 13.500000000000002 109.00527997811638 18.143297101449281 0.0052070809663418687 4.0054835081100473
decision_type=10 8 10 10 10 8 2 8 10 2 10 10 10 2
left_child=9 2 3 4 -2 -5 -7 8 -4 10 11 -1 13 -13
right_child=1 -3 7 5 -6 6 -8 -9 -10 -11 -12 12 -14 -15
leaf_value=-0.15968016046517228 1.3090040801783518 -1.3426758645315207 -0.55540452624120273 -0.10858957779348168 1.4189343353952615 1.3379012237017651 0.039079368558776938 -0.0090005215926678376 1.6446890445994251 -1.2106788706379972 -0.89704490850017615 1.4922998972748402 1.2106281904463567 -1.373544707011461
leaf_weight=808 61 290 54 162 57 40 75 945 70 873 273 44 41 60
leaf_count=808 61 290 54 162 57 40 75 945 70 873 273 44 41 60
internal_value=-0.000399326 0.000523076 0.00103618 0.00284091 0.00610084 0.00143525 0.00452586 0.000367289 0.003744 -0.00117 -0.000503668 8.49049e-05 0.00297945 0.000457142
internal_weight=3853 1754 1464 395 118 277 115 1069 124 2099 1226 953 145 104
internal_count=3853 1754 1464 395 118 277 115 1069 124 2099 1226 953 145 104
is_linear=0
shrinkage=0.03


Tree=78
num_leaves=15
num_cat=0
split_feature=3 45 17 82 33 67 33 3 16 45 72 16 40 14
split_gain=2.19292 1.79117 3.77339 1.69226 1.81341 1.44201 2.06629 3.22883 2.42633 1.69327 1.42842 1.39657 1.09361 1.06033
threshold=20.875000000000004 10.500000000000002 41.500000000000007 -19.532269040743504 31.098916576381367 -83.284462877682216 18.437335164835165 17.708333333343038 7.5000000000000009 9.5000000000000018 -129.44802308082578 13.500000000000002 223.47519502210992 39.635943674464663
decision_type=2 10 2 8 8 8 10 2 2 8 8 2 10 10
left_child=3 -2 11 13 5 -5 10 8 -8 12 -7 -3 -10 -1
right_child=1 2 -4 4 -6 6 7 -9 9 -11 -12 -13 -14 -15
leaf_value=0.19753362223393178 0.015737052765446177 1.3075159936872283 -0.31398979140205041 -1.4881003688376415 -1.6996258150759396 0.97201109433202326 -0.39747540775838275 2.4126164768602734 1.2745031512255904 1.5997460094498723 -0.064741162761098911 1.1398993805081015 -0.2710223295571087 -1.5601409641004593
leaf_weight=115 261 43 60 246 352 69 159 48 40 76 1629 41 84 637
leaf_count=115 261 43 60 246 352 69 159 48 40 76 1629 41 84 637
internal_value=-0.000497281 0.00158867 0.00426207 -0.000742188 -0.000391643 -9.05619e-05 0.000163817 0.00208088 0.00109167 0.00328358 -0.000296646 0.00832941 0.001104 -0.002
internal_weight=3860 405 144 3455 2703 2351 2105 407 359 200 1698 84 124 752
internal_count=3860 405 144 3455 2703 2351 2105 407 359 200 1698 84 124 752
is_linear=0
shrinkage=0.03


Tree=79
num_leaves=15
num_cat=0
split_feature=0 19 27 85 77 16 58 53 42 36 14 28 41 36
split_gain=2.63637 2.1937 1.87388 2.01379 1.83349 4.52373 1.42298 1.51544 1.53668 1.99661 1.22773 1.4766 1.82937 1.41083
threshold=389.50000000000006 690.00000000000011 0.8578167115902966 -2.4213190674781795 -103.93103235960005 22.500000000000004 242.47222447395328 10.500000000000002 217.51199030876163 0.35767590618336892 160.79954182373555 270.50000000000006 -90.091878294944749 0.83469945355191266
decision_type=2 8 10 8 10 2 10 10 10 10 10 2 10 10
left_child=2 -2 -1 4 -4 -6 7 10 9 -9 -5 12 13 -12
right_child=1 -3 3 6 5 -7 -8 8 -10 -11 11 -13 -14 -15
leaf_value=-1.3570475084180431 -0.21861307997128951 1.4185495606096377 -1.5638848184880361 -0.55916727330031579 -0.81253269403815265 3.341458111269044 -0.62905658456516789 -0.10548240734760739 1.9283674621294205 1.579284273086069 1.7076414113146023 -0.35062121213606284 0.26937979199532314 0.026615341351393165
leaf_weight=649 40 51 703 255 186 60 263 94 47 47 61 270 1061 42
leaf_count=649 40 51 703 255 186 60 263 94 47 47 61 270 1061 42
internal_value=-0.000484857 0.00453261 -0.000608185 -0.000300001 -0.00144947 0.000777327 0.000210181 0.000499999 0.00304762 0.00145775 0.000214792 0.000556097 0.00101974 0.00481731
internal_weight=3829 91 3738 3089 949 246 2140 1877 188 141 1689 1434 1164 103
internal_count=3829 91 3738 3089 949 246 2140 1877 188 141 1689 1434 1164 103
is_linear=0
shrinkage=0.03


Tree=80
num_leaves=15
num_cat=0
split_feature=3 80 58 48 16 57 74 52 3 28 81 15 68 3
split_gain=2.59478 1.86076 1.87365 1.45055 2.26538 2.37916 1.39915 0.981781 1.66031 2.08484 3.43244 1.42375 2.20619 1.28427
threshold=20.458333333343038 -15.897557258605955 242.47222447395328 63.585794091224678 11.500000000000002 8.5000000000000018 43.859234170522576 36.063311576843269 11.708333333343036 246.50000000000003 9038.4425308704394 18.500000000000004 0.087694280699949084 7.6250000000000009
decision_type=2 8 8 10 2 10 8 10 2 2 8 2 8 2
left_child=1 6 7 -2 5 -5 -1 -3 9 11 -11 -9 13 -13
right_child=3 2 -4 4 -6 -7 -8 8 -10 10 -12 12 -14 -15
leaf_value=3.1652494386484444 -0.036448213283793114 -0.20880197723030511 -0.96266726855947382 2.7296726471414949 0.32829108127956852 1.168487248235855 -1.0741213369088134 -0.27950802579063527 -0.1642224659810779 1.6692799932341933 0.17238748389104941 -1.460045325337846 1.6495041227899048 0.70475144585388982
leaf_weight=43 197 569 593 47 197 44 778 321 629 76 120 54 52 67
leaf_count=43 197 569 593 47 197 44 778 321 629 76 120 54 52 67
internal_value=-0.00047281 -0.000773843 -0.00036382 0.00157407 0.00292733 0.00681522 -0.00201095 9.84641e-05 0.000547727 0.00156295 0.00417259 0.000521211 0.0027069 0.000467212
internal_weight=3787 3302 2481 485 288 91 821 1888 1319 690 196 494 173 121
internal_count=3787 3302 2481 485 288 91 821 1888 1319 690 196 494 173 121
is_linear=0
shrinkage=0.03


Tree=81
num_leaves=15
num_cat=0
split_feature=0 67 58 82 83 42 20 76 31 72 8 82 33 39
split_gain=2.39581 1.99857 1.6806 1.44183 1.65654 1.75749 0.98551 1.5718 3.33822 1.70451 1.10914 2.02343 1.51316 1.14641
threshold=389.50000000000006 -61.804500483629965 297.55865705013281 19.397353808085125 -220.64074397087094 96.051825761795058 591.46575736999523 277.91035938262945 0.70294117647058829 -233.2019929885864 4.5117053425751559 77.268832882245405 18.92971014492754 3122.1144633354111
decision_type=2 8 8 8 8 10 10 10 10 10 8 8 10 10
left_child=1 -1 3 4 5 -3 7 10 -9 -10 -5 12 -12 -13
right_child=-2 2 -4 6 -6 -7 -8 8 9 -11 11 13 -14 -15
leaf_value=-1.6700262595671633 0.8822598570404373 3.0919893967117691 -0.8627880788363288 -0.13136799069388028 -0.53924949595783234 -1.5657529902824456 -0.54641694695138321 -0.1070689973920108 0.34023839197497074 2.0330690099346969 0.32877401257001521 0.97210537756532689 1.2395884474823999 -0.11780005168663739
leaf_weight=523 86 51 709 701 716 47 172 139 44 58 81 141 41 328
leaf_count=523 86 51 709 701 716 47 172 139 44 58 81 141 41 328
internal_value=-0.000646431 -0.000760395 -0.000481264 -0.000117858 -0.00115583 0.00248485 0.000378077 0.000619947 0.00283884 0.00693204 0.000204176 0.00116047 0.00458537 0.000261701
internal_weight=3837 3751 3228 2519 814 98 1705 1533 241 102 1292 591 122 469
internal_count=3837 3751 3228 2519 814 98 1705 1533 241 102 1292 591 122 469
is_linear=0
shrinkage=0.03


Tree=82
num_leaves=15
num_cat=0
split_feature=3 53 17 67 50 82 79 72 79 49 40 40 36 8
split_gain=2.33909 2.04829 3.16109 1.64672 2.13535 1.9271 1.37082 3.02669 1.15528 1.19128 1.27765 1.18231 1.04602 1.70773
threshold=20.708333333343038 11.500000000000002 41.500000000000007 -96.126303315162644 237.55865705013278 27.696646213531498 31.628794947973521 67.673326373100295 15.290020046952174 10.500000000000002 470.23264088996586 140.06669608517313 0.18971809715580168 5.917610112545316
decision_type=2 10 2 8 8 8 10 8 10 8 10 10 10 10
left_child=3 8 -3 -1 5 -5 12 -8 9 10 11 -2 -7 -14
right_child=1 2 -4 4 -6 6 7 -9 -10 -11 -12 -13 13 -15
leaf_value=-1.6173854190462664 0.24949988311957885 2.6032089995553132 -0.11355327546249891 -0.519020678539863 -0.74646981184153816 -0.51394586702875411 1.9133348098054932 0.18643917678394331 -1.5089161529379074 -1.3191069099331454 0.34829603691464972 1.1930741366749316 0.075331059454156635 0.90209308463241977
leaf_weight=396 43 40 41 767 877 281 47 98 92 53 117 42 821 94
leaf_count=396 43 40 41 767 877 281 47 98 92 53 117 42 821 94
internal_value=-0.000534646 0.00155245 0.00581707 -0.000799232 -0.000557603 -3.983e-05 0.00064605 0.00339041 0.000543103 0.00158203 0.00263054 0.00540698 0.000310776 0.000802401
internal_weight=3809 428 81 3381 2985 2108 1341 145 347 255 202 85 1196 915
internal_count=3809 428 81 3381 2985 2108 1341 145 347 255 202 85 1196 915
is_linear=0
shrinkage=0.03


Tree=83
num_leaves=15
num_cat=0
split_feature=0 75 7 70 81 39 42 38 29 27 26 84 35 57
split_gain=1.94394 1.77912 1.76904 1.69522 2.066 2.29406 5.43467 2.69059 2.40808 1.54533 2.47216 2.45347 2.16734 1.259
threshold=36.500000000000007 980.92421007156383 1945.6342611639923 0.37980769230769235 5070.6015328168878 2589.5297847243696 72.262430310249343 3105.7307975143694 0.93057746232036465 0.87931947570501789 76.500000000000014 -261.4524353345235 18.975079365079363 8.5000000000000018
decision_type=2 8 10 8 10 10 8 10 10 10 2 10 10 10
left_child=1 9 -2 -4 5 6 -5 8 13 -1 11 -11 -12 -8
right_child=2 -3 3 4 -6 -7 7 -9 -10 10 12 -13 -14 -15
leaf_value=-1.1745717132783846 -0.664587359974945 -0.99354823571423856 0.89999690733138116 -0.10486647523947917 -0.18135038207842127 -0.030405737772410305 -0.44141206875225975 2.5031682272363316 1.9285602468354994 0.32548566139556251 -0.54842170653376288 4.5791504191557575 2.9376832432226343 1.0040417862436872
leaf_weight=155 345 1583 59 222 519 410 47 61 54 45 180 42 43 47
leaf_count=155 345 1583 59 222 519 410 47 61 54 45 180 42 43 47
internal_value=-0.000583793 -0.0012123 0.000146175 0.000614788 0.000396766 0.00131473 0.00284028 0.0063 0.00406711 0.000418454 0.00163987 0.00589773 -4.01793e-05 0.00113684
internal_weight=3812 2048 1764 1419 1360 841 431 209 148 465 310 87 223 94
internal_count=3812 2048 1764 1419 1360 841 431 209 148 465 310 87 223 94
is_linear=0
shrinkage=0.03


Tree=84
num_leaves=15
num_cat=0
split_feature=3 29 0 33 67 3 42 43 48 77 8 79 33 36
split_gain=2.97017 1.88834 1.85437 1.57956 1.58968 1.50608 1.43723 1.31676 1.21474 1.28984 1.57714 0.921438 1.02415 0.892519
threshold=20.708333333343038 0.89825433878006711 341.50000000000006 19.34241379310345 137.24336018164956 10.541666666656967 -228.95544385910031 198.12365469395201 272.49739034970611 -100.32442498207091 5.5145890019369377 17.205800103454166 14.502872260015119 0.1924501424501425
decision_type=2 10 2 10 10 2 8 10 8 10 10 10 10 10
left_child=1 13 8 6 5 7 -3 -5 9 11 -11 12 -2 -1
right_child=2 3 -4 4 -6 -7 -8 -9 -10 10 -12 -13 -14 -15
leaf_value=-1.3390255113698208 0.58609653026999253 0.81077835421446165 0.96263896926720383 1.8244675151205427 1.9143943079373997 -0.595476755251235 -0.16386356281916031 -0.00026527765826049262 -0.81852194777395804 1.4024605591383648 0.1865545346621135 -1.094134575744182 -0.66371764278129808 -0.28472652520007191
leaf_weight=706 72 41 62 40 72 110 1714 62 70 62 63 56 65 644
leaf_count=706 72 41 62 40 72 110 1714 62 70 62 63 56 65 644
internal_value=-0.000491407 -0.000795576 0.00179601 -0.000219118 0.00185263 0.000535211 -0.00055524 0.00314563 0.00101799 0.00180564 0.00416667 0.000262886 0.00158696 -0.00166543
internal_weight=3839 3389 450 2039 284 212 1755 102 388 318 125 193 137 1350
internal_count=3839 3389 450 2039 284 212 1755 102 388 318 125 193 137 1350
is_linear=0
shrinkage=0.03


Tree=85
num_leaves=15
num_cat=0
split_feature=81 0 82 38 85 85 15 77 58 5 35 71 28 37
split_gain=3.31477 2.23041 1.70445 1.54281 1.3043 1.71874 1.54393 1.02518 1.0216 1.09091 2.72569 1.01052 0.858093 1.03684
threshold=1546.7510825395586 389.50000000000006 -19.532269040743504 6322.489445363738 -234.17826902866361 -1.0691810448964387 1.5000000000000002 -28.138663232326504 297.55865705013281 2251.8231589794163 1.0000000180025095e-35 15.500000000000002 390.50000000000006 1327.7521991193612
decision_type=8 2 8 8 8 8 2 10 10 8 10 10 2 10
left_child=-1 2 7 4 -4 -6 -7 -2 9 12 -11 -5 13 -8
right_child=1 -3 3 11 5 6 8 -9 -10 10 -12 -13 -14 -15
leaf_value=1.2108644051774522 -1.3986123648035176 1.0543860189391503 1.5407422896052863 -1.6158479637704932 -0.73991920907663777 -0.96454391917027238 -0.052927767821926243 0.28873524717828825 -0.35705906125459058 -0.20934564632393826 6.3544573825721589 0.34469425370389417 -0.51864154690602338 0.42242722977350172
leaf_weight=55 709 83 40 289 512 270 631 77 183 40 40 42 117 769
leaf_count=55 709 83 40 289 512 270 631 77 183 40 40 42 117 769
internal_value=-0.000549767 -0.000656325 -0.000765323 -0.000432516 -0.000186708 -0.000271557 0.000117015 -0.00200508 0.000437955 0.000681476 0.00407407 -0.00235843 0.000499999 0.000706637
internal_weight=3857 3802 3719 2933 2602 2562 2050 786 1780 1597 80 331 1517 1400
internal_count=3857 3802 3719 2933 2602 2562 2050 786 1780 1597 80 331 1517 1400
is_linear=0
shrinkage=0.03


Tree=86
num_leaves=15
num_cat=0
split_feature=0 0 85 29 4 7 67 28 81 39 53 62 38 5
split_gain=2.41889 1.73463 1.54842 1.89442 1.40347 1.18322 2.26396 1.83219 1.77322 1.29454 1.55073 1.68946 1.99327 1.1308
threshold=26.500000000000004 389.50000000000006 -234.17826902866361 0.88295277633627411 9.5000000000000018 3700.5270552492043 119.26038452456979 139.50000000000003 5070.6015328168878 2429.4513413337695 7.5000000000000009 -0.033433133802364727 3093.0558243035343 2297.1991205215459
decision_type=2 2 8 10 2 10 8 2 8 8 10 10 10 10
left_child=2 5 3 -1 -4 9 -7 -8 -9 10 13 -12 -13 -2
right_child=1 -3 4 -5 -6 6 7 8 -10 -11 11 12 -14 -15
leaf_value=-2.1538268562421052 -0.46706708437278355 0.98394660128635048 -0.86572328588200487 3.4849866108443814 0.43534863575266403 -0.37379703405274889 1.6589298197890101 1.6043266269690539 0.022263732672499922 -0.38131334408229783 -0.10664711432980546 0.2610906551769332 2.4466168825847792 6.6896021295855936
leaf_weight=47 401 84 1656 45 133 116 58 49 160 411 270 248 50 40
leaf_count=47 401 84 1656 45 133 116 58 49 160 411 270 248 50 40
internal_value=-0.000499868 0.000259004 -0.00126089 0.00251613 -0.00145643 6.15292e-05 0.00153906 0.00305597 0.00172857 -0.000337791 0.000240593 0.00127592 0.00282943 -0.00109276
internal_weight=3768 1887 1881 92 1789 1803 383 267 209 1420 1009 568 298 441
internal_count=3768 1887 1881 92 1789 1803 383 267 209 1420 1009 568 298 441
is_linear=0
shrinkage=0.03


Tree=87
num_leaves=15
num_cat=0
split_feature=29 67 30 8 65 37 20 84 79 81 32 63 68 36
split_gain=1.92285 1.97762 1.59795 1.23888 1.21157 1.69846 1.58614 1.66329 1.76157 1.65873 1.44395 1.2993 1.27616 1.38606
threshold=0.90670953912111474 448.47620174288755 5.2500000000000009 5.917610112545316 1.0836408434704146 1919.0207146620855 417.02162611484533 9.7929721673329677 30.851612822748645 4597.665326476098 0.3816526610644258 34.62213921341796 -0.060827322346966334 0.20866437284954648
decision_type=10 10 8 10 10 10 10 8 10 8 10 10 10 10
left_child=1 2 3 -1 5 6 7 -2 9 10 11 -9 13 -7
right_child=4 -3 -4 -5 -6 12 -8 8 -10 -11 -12 -13 -14 -15
leaf_value=-0.18000380495044263 -0.19696430976507556 0.74398380099009631 -1.0081648901482623 1.0059845528126898 -0.70063583680919206 1.7657080944603862 -1.1223195193919613 1.5992318107156638 2.2618037381996103 -0.068719497999569709 0.1764146278697506 0.3528359438484367 0.66843692552681555 0.59500554381075765
leaf_weight=438 467 52 1267 41 193 44 351 56 40 477 133 53 195 50
leaf_count=438 467 52 1267 41 193 44 351 56 40 477 133 53 195 50
internal_value=-0.000580872 -0.00129739 -0.00146995 6.24929e-06 4.51449e-05 0.000279592 -0.000108366 0.000400977 0.0012671 0.000920833 0.00293827 0.00548182 0.00238965 0.0052421
internal_weight=3857 1798 1746 479 2059 1866 1577 1226 759 719 242 109 289 94
internal_count=3857 1798 1746 479 2059 1866 1577 1226 759 719 242 109 289 94
is_linear=0
shrinkage=0.03


Tree=88
num_leaves=15
num_cat=0
split_feature=67 3 85 64 67 48 4 31 27 67 35 16 76 25
split_gain=2.15427 2.03462 4.11314 1.90669 2.04276 1.48594 1.53306 2.25113 1.07898 1.07587 1.53342 1.88386 2.05483 1.01469
threshold=119.26038452456979 18.291666666656969 219.42300315697989 3.9079255478901982 259.57074263549987 -210.79433159033456 9.5000000000000018 9.8080128205128219 0.87931947570501789 66.712296694078873 15.667333333333335 7.5000000000000009 246.21367394924167 0.87194394752534299
decision_type=10 2 10 10 10 8 2 8 10 8 10 2 10 10
left_child=5 13 3 -3 -5 -1 8 -8 -7 -10 -11 -12 -13 -2
right_child=1 2 -4 4 -6 6 7 -9 9 10 11 12 -14 -15
leaf_value=2.095592980640705 0.51739038937540471 -1.1221609752671324 1.9438589896795373 2.3757309751483353 -0.29090076125431502 -1.1599403817229079 2.0695488393345531 -0.013150669883868794 -0.67545945740817104 -0.22461037108837784 -0.66851879722164853 0.43198438416570362 1.0149978428150694 -0.18411301211684897
leaf_weight=43 86 60 45 40 40 834 41 137 648 1090 103 147 69 412
leaf_count=43 86 60 45 40 40 834 41 137 648 1090 103 147 69 412
internal_value=-0.000572972 0.000951754 0.00362903 0.00106383 0.00407407 -0.000907807 -0.000985994 0.0017095 -0.00115249 -0.0007828 -0.000317022 0.00150937 0.00309677 -4.80969e-05
internal_weight=3795 683 185 140 80 3112 3069 178 2891 2057 1409 319 216 498
internal_count=3795 683 185 140 80 3112 3069 178 2891 2057 1409 319 216 498
is_linear=0
shrinkage=0.03


Tree=89
num_leaves=15
num_cat=0
split_feature=0 15 81 60 38 77 85 17 83 83 85 65 66 66
split_gain=3.04025 1.79761 1.78205 1.31597 1.71697 1.28069 1.95716 3.88549 1.95546 1.54732 1.27841 1.20978 1.6112 1.7271
threshold=389.50000000000006 11.500000000000002 1546.7510825395586 -34.78967368602752 5713.5663758342516 -286.18455314636225 -124.07147747278212 25.500000000000004 -147.18204820156095 -26.45753979682922 17.156591018040981 0.96410614614914136 136.21284437179568 -74.209285497665391
decision_type=2 2 8 8 8 8 8 2 10 8 10 8 8 10
left_child=2 -2 -1 10 5 -5 7 -7 -9 -8 -4 12 13 -11
right_child=1 -3 3 4 -6 6 9 8 -10 11 -12 -13 -14 -15
leaf_value=1.2663612862937013 -0.018143397896541843 1.8533335029375644 -1.5157430715056912 -1.203223556907288 -1.1942618780414274 -1.5303257845869633 -0.48748932496067177 2.8920929777567483 1.4880679292605463 -0.027792677270921468 1.1748700671893653 -0.065469437628494873 -0.023624044801039853 1.0626831767996174
leaf_weight=49 43 44 495 231 392 78 621 44 42 56 61 1277 258 131
leaf_count=49 43 44 495 231 392 78 621 44 42 56 61 1277 258 131
internal_value=-0.000637197 0.004875 -0.000766864 -0.000842962 -0.000603642 -0.00033735 -0.000139953 0.00301818 0.00737931 -0.000362202 -0.00218672 0.000100986 0.00144619 0.00355851
internal_weight=3822 87 3735 3686 3130 2738 2507 164 86 2343 556 1722 445 187
internal_count=3822 87 3735 3686 3130 2738 2507 164 86 2343 556 1722 445 187
is_linear=0
shrinkage=0.03


Tree=90
num_leaves=15
num_cat=0
split_feature=3 53 17 67 31 33 67 17 3 7 3 3 44 17
split_gain=2.18622 1.77442 3.01992 1.62584 2.0838 1.9168 1.65733 1.98923 2.06502 1.74434 1.38156 1.6231 1.31386 1.81495
threshold=20.708333333343038 11.500000000000002 41.500000000000007 -83.284462877682216 48.494047619047628 19.222995666305525 160.70731811663697 16.500000000000004 15.458333333343036 3364.0072210850126 16.708333333343038 16.375000000000004 64.25559258461 24.500000000000004
decision_type=2 10 2 8 8 10 8 2 2 10 2 2 8 2
left_child=3 -2 -3 -1 5 10 -7 -8 9 -9 11 12 -5 -14
right_child=1 2 -4 4 -6 6 7 8 -10 -11 -12 -13 13 -15
leaf_value=-1.4387291057003893 0.30371317294205485 2.2771954582737868 -0.28561946664839927 -0.38661905741220587 -1.3450602369656945 -0.14560364252028371 -0.7161611211957325 1.6901701488065111 1.7713250046623508 -0.036669291175235444 -0.61451712549927673 1.1802370698120543 -0.22073153385909183 0.33312495261772013
leaf_weight=399 369 49 46 649 376 199 74 62 50 75 507 51 345 589
leaf_count=399 369 49 46 649 376 199 74 62 50 75 507 51 345 589
internal_value=-0.000406145 0.00152258 0.00515625 -0.000671603 -0.000430155 -0.000127979 0.0016269 0.00319466 0.00483511 0.0028913 -0.000505603 -8.07347e-05 -0.000251895 0.000468448
internal_weight=3840 464 95 3376 2977 2601 460 261 187 137 2141 1634 1583 934
internal_count=3840 464 95 3376 2977 2601 460 261 187 137 2141 1634 1583 934
is_linear=0
shrinkage=0.03


Tree=91
num_leaves=15
num_cat=0
split_feature=0 43 74 77 28 14 29 1 83 69 72 0 11 39
split_gain=2.00771 1.49917 1.34731 1.46764 1.40041 1.68074 1.53425 1.2062 1.25729 2.83506 1.09813 2.70719 1.74831 2.10153
threshold=26.500000000000004 371.63742697979609 280.63688410749893 -291.74999999999994 354.50000000000006 1229.6500214790319 0.61764189070462139 659.08346462249767 -154.75962543487546 -58.514433729994643 40.323201417922981 82.500000000000014 570.00000000000011 1923.2849805381127
decision_type=2 10 10 8 2 10 10 2 10 8 10 2 2 10
left_child=1 7 3 -2 5 6 -5 8 9 -1 12 -12 13 -8
right_child=2 -3 -4 4 -6 -7 10 -9 -10 -11 11 -13 -14 -15
leaf_value=1.5608916629204586 -1.6470101517225113 -1.2941738092313206 -0.50643620523421162 0.72138102567207674 -0.35393951456711903 1.7119640356641308 0.89053148003712412 -0.65704688468162409 -0.17001769123288049 0.0869564576703451 6.2504353386026743 -0.59440988420456375 -0.89705254761623243 -0.027931947020617017
leaf_weight=47 99 820 332 69 124 46 327 649 278 125 52 59 156 657
leaf_count=47 99 820 332 69 124 46 327 649 278 125 52 59 156 657
internal_value=-0.000499871 -0.00118594 0.000185743 0.000549056 0.000784708 0.00106218 0.000862982 -0.00046091 0.000731707 0.00273988 0.000620606 0.00345536 0.000341805 0.000810152
internal_weight=3840 1919 1921 1589 1490 1366 1320 1099 450 172 1251 111 1140 984
internal_count=3840 1919 1921 1589 1490 1366 1320 1099 450 172 1251 111 1140 984
is_linear=0
shrinkage=0.03


Tree=92
num_leaves=15
num_cat=0
split_feature=45 15 38 15 81 7 66 39 15 85 17 28 3 69
split_gain=1.93209 1.91926 2.22399 2.00709 1.73073 1.67327 1.6577 1.33187 1.92687 1.35888 1.30525 1.69941 1.0933 1.00856
threshold=8.5000000000000018 22.500000000000004 5147.8779577605937 32.500000000000007 4225.8326207399377 4462.6690025137041 54.127017259597785 1608.1173982266625 15.500000000000002 65.85157845417659 44.000000000000007 396.50000000000006 11.041666666656967 177.63937254490386
decision_type=10 2 8 2 8 10 8 10 2 10 2 2 2 8
left_child=10 2 5 4 -3 7 -6 8 9 12 11 -1 -2 -5
right_child=1 3 -4 13 6 -7 -8 -9 -10 -11 -12 -13 -14 -15
leaf_value=-0.37889105747745128 -0.46311336787764934 0.91578069732985834 -1.3671197550816561 -0.71212525032057294 1.3528533365020499 1.3097605742285194 0.19480871303313047 -0.20302031811408874 1.3765102162493774 -0.62191547860841589 -0.92827040098004343 0.88142802875148463 0.65684647174241695 0.30322034961129135
leaf_weight=1524 48 42 244 151 75 70 180 598 66 100 506 63 69 70
leaf_count=1524 48 42 244 151 75 70 180 598 66 100 506 63 69 70
internal_value=-0.000524823 0.000222286 -0.000438964 0.00174566 0.00335235 0.000217436 0.00240234 -0.000139456 0.00155282 0.000178898 -0.0011361 -0.000712217 0.00236441 -0.00041892
internal_weight=3806 1713 1195 518 297 951 255 881 283 217 2093 1587 117 221
internal_count=3806 1713 1195 518 297 951 255 881 283 217 2093 1587 117 221
is_linear=0
shrinkage=0.03


Tree=93
num_leaves=15
num_cat=0
split_feature=0 7 56 82 67 85 3 31 51 81 67 16 13 26
split_gain=2.48757 2.63441 2.07165 1.93071 1.55791 2.10974 4.68906 1.4017 1.37626 1.34532 1.12209 1.06911 1.06896 1.15887
threshold=13.500000000000002 5123.2697457641034 -216.39326194922128 102.96407943964006 147.79942305598942 219.42300315697989 18.291666666656969 27.253125000000004 295.93281006813055 2810.9470167160039 249.22446274509039 3.5000000000000004 90.000000000000014 122.50000000000001
decision_type=2 10 8 8 10 10 2 8 8 8 10 2 10 2
left_child=2 4 -1 -3 8 7 -7 10 12 -4 11 -6 13 -2
right_child=1 3 9 -5 5 6 -8 -9 -10 -11 -12 -13 -14 -15
leaf_value=1.9909854783872234 -0.082154098553386165 1.2520004026207876 1.2534058667973822 0.035167353019159901 0.85742184315242598 -0.39750898179133137 1.8203921124072466 0.91924703977088806 2.7573338765806477 -0.91748142413228395 -0.22907294190192379 0.15762243285957844 -0.34755861210676403 0.37210804369781247
leaf_weight=45 344 42 54 67 44 52 41 41 69 1620 257 133 880 139
leaf_count=45 344 42 54 67 44 52 41 41 69 1620 257 133 880 139
internal_value=-0.00054688 0.000143601 -0.00139361 0.00466364 -0.000104948 0.0012232 0.00532979 0.000409663 -0.000632241 -0.00156537 -9.65524e-05 0.00173595 -0.000842376 0.000291322
internal_weight=3828 2109 1719 109 2000 568 93 475 1432 1674 434 177 1363 483
internal_count=3828 2109 1719 109 2000 568 93 475 1432 1674 434 177 1363 483
is_linear=0
shrinkage=0.03


Tree=94
num_leaves=15
num_cat=0
split_feature=0 84 67 51 85 17 80 4 38 70 77 77 22 48
split_gain=1.7964 2.3379 1.34979 1.72103 1.86702 2.64828 1.3796 1.32177 1.08423 2.11236 4.65102 0.993792 0.967523 0.916432
threshold=319.50000000000006 -46.43478071689605 -49.134272711617619 -241.9720923900604 -176.99295409520462 24.500000000000004 -11.492262601852415 7.5000000000000009 620.6043858729995 0.29705882352941182 -100.32442498207091 -84.791746497154222 1.1995086669921877 50.451713681221015
decision_type=2 10 8 8 8 2 8 2 10 10 8 8 2 10
left_child=2 7 -1 -4 5 -5 -6 -2 -8 10 -10 -11 -13 -14
right_child=1 -3 3 4 6 -7 8 -9 9 11 -12 12 13 -15
leaf_value=-1.1554340011663151 -0.58388270451587776 1.4452750283803888 -0.59065213454651766 -1.941709929762838 -0.69934442200172497 3.1308973000549751 -0.86981654480041126 0.73488501778937598 4.5116361345119831 -0.14009198731977049 -0.097559255386847107 -0.40780428615530101 -0.030112427067722707 0.5417317724046582
leaf_weight=578 91 54 698 53 509 60 218 45 47 698 80 123 216 313
leaf_count=578 91 54 698 53 509 60 218 45 47 698 80 123 216 313
internal_value=-0.000636629 0.00219895 -0.000787146 -0.000532163 -0.000138482 0.00360526 -0.000331974 8.75905e-05 7.95983e-05 0.000371447 0.00405469 2.22051e-05 0.000863705 0.00142075
internal_weight=3783 190 3593 3015 2317 113 2204 136 1695 1477 127 1350 652 529
internal_count=3783 190 3593 3015 2317 113 2204 136 1695 1477 127 1350 652 529
is_linear=0
shrinkage=0.03


Tree=95
num_leaves=15
num_cat=0
split_feature=0 8 35 43 75 4 63 67 84 3 16 84 71 77
split_gain=2.3015 1.93285 2.39632 1.50036 1.51686 1.78329 1.6237 1.43993 1.53859 1.73338 3.96156 1.39897 1.24146 1.20558
threshold=40.500000000000007 3.2830749428918504 1.4002659574468088 371.63742697979609 718.50471162796032 9.5000000000000018 485.37242895863409 119.26038452456979 -46.43478071689605 15.625000000000002 11.500000000000002 -160.83437299728391 13.500000000000002 -241.54876583814618
decision_type=2 10 10 10 8 2 8 10 8 2 2 10 10 10
left_child=3 -2 -3 4 6 -6 11 -4 -9 -10 12 13 -11 -1
right_child=1 2 7 -5 5 -7 -8 8 9 10 -12 -13 -14 -15
leaf_value=-0.24979162360448726 -0.31927790022685004 1.8433290281944255 -0.050684299426381745 -1.2276571551177204 -0.562352873686082 0.49390991526516564 2.2475868220398389 -0.063426627035052099 0.23917119887279473 2.3342707248778214 0.1745930170066794 -0.46950889119667005 0.57222183186936559 1.1813844958097717
leaf_weight=52 582 48 569 848 848 69 57 164 208 41 84 121 40 59
leaf_count=52 582 48 569 848 848 69 57 164 208 41 84 121 40 59
internal_value=-0.000538117 0.000265975 0.000976623 -0.00121752 -0.000536869 -0.00113399 0.00135517 0.000688346 0.00180111 0.00286364 0.0051506 0.000231759 0.00984146 0.00265179
internal_weight=3790 1736 1154 2054 1206 917 289 1106 537 373 165 232 81 111
internal_count=3790 1736 1154 2054 1206 917 289 1106 537 373 165 232 81 111
is_linear=0
shrinkage=0.03


Tree=96
num_leaves=15
num_cat=0
split_feature=3 85 54 17 26 75 17 17 85 83 67 39 8 81
split_gain=1.93951 1.35813 1.6384 1.70748 1.57216 1.39764 1.64744 2.64916 3.5163 1.33154 1.54832 1.82584 1.27891 2.49759
threshold=20.625000000000004 3.4420584440231301 1050.0000000000002 44.000000000000007 62.500000000000007 1271.0000000000002 25.500000000000004 42.500000000000007 -133.67049274841943 -208.64871227741239 130.97357070446017 2396.2808199483848 5.7159521581546002 7983.1920174360284
decision_type=2 8 10 2 2 8 2 2 10 8 10 10 10 8
left_child=1 5 3 4 -3 6 -1 8 -8 -2 -11 -12 -6 -14
right_child=9 2 -4 -5 12 -7 7 -9 -10 10 11 -13 13 -15
leaf_value=-1.4135829370678823 0.71765336609504704 1.8896280496666369 -0.72552368019642177 -0.57429947443112106 0.044157608849670855 -1.1789089454725865 3.6289299027681685 -1.5261810139200154 -0.024029599663240829 -0.0706125055729038 1.9734016528242369 0.18566978245729795 1.4193793865210207 0.0085624607564369366
leaf_weight=164 45 55 662 394 1039 772 45 49 40 280 40 82 61 106
leaf_count=164 45 55 662 394 1039 772 45 49 40 280 40 82 61 106
internal_value=-0.000495959 -0.000741146 -0.000332615 0.000172101 0.000710776 -0.00162465 0.000120401 0.00257778 0.00575581 0.00135937 0.00080397 0.00360976 0.000482187 0.00291071
internal_weight=3834 3387 2317 1655 1261 1070 298 134 85 447 402 122 1206 167
internal_count=3834 3387 2317 1655 1261 1070 298 134 85 447 402 122 1206 167
is_linear=0
shrinkage=0.03


Tree=97
num_leaves=15
num_cat=0
split_feature=0 15 67 33 67 58 80 19 77 63 69 53 3 27
split_gain=2.02854 3.0005 2.56267 1.70583 1.45511 1.35518 1.78185 1.66932 1.68228 1.33389 1.22129 1.07965 1.59921 1.54693
threshold=205.50000000000003 17.500000000000004 465.5453544421631 19.553472222222226 -96.126303315162644 184.06718993186954 41.021534562110908 1.0000000180025095e-35 -202.1419001817703 -107.4303951019546 -108.11523343428489 8.5000000000000018 6.8750000000000009 0.89254528397199984
decision_type=2 2 8 10 8 10 8 10 10 10 8 10 2 10
left_child=4 -2 3 -3 -1 6 -6 11 9 -9 -10 -8 -13 -14
right_child=1 2 -4 -5 5 -7 7 8 10 -11 -12 12 13 -15
leaf_value=-1.3001322013823322 -0.12310635065135495 -0.15889775612847618 1.050894112001149 1.2350216362087647 -0.42290792600885618 -0.84545837290674974 -0.15993603968957407 2.0131026558453406 1.4335815725102465 0.18909094014875502 -0.098271148947318351 -0.69438325672032108 1.5872843270488348 0.19900362559053975
leaf_weight=404 291 74 75 42 951 532 625 45 44 46 129 150 100 324
leaf_count=404 291 74 75 42 951 532 625 45 44 46 129 150 100 324
internal_value=-0.000525959 0.00129192 0.00420312 0.00138461 -0.000787825 -0.00055582 -0.000253417 0.000403688 0.00255849 0.00583696 0.000810344 -7.25007e-05 0.000866086 0.00180706
internal_weight=3832 482 191 116 3350 2946 2414 1463 264 91 173 1199 574 424
internal_count=3832 482 191 116 3350 2946 2414 1463 264 91 173 1199 574 424
is_linear=0
shrinkage=0.03


Tree=98
num_leaves=15
num_cat=0
split_feature=85 35 85 77 16 13 68 14 25 14 37 53 77 7
split_gain=1.86891 2.0412 1.4585 1.42028 1.64038 1.19091 1.26224 1.19297 1.48149 1.22829 1.45038 1.6562 1.79578 1.91348
threshold=-2.4213190674781795 33.675772151898734 -122.04013556241988 -100.32442498207091 22.500000000000004 570.00000000000011 -0.16865542931208519 1116.6233001745152 0.9243853630646085 484.00534592793605 2528.1613883500154 9.5000000000000018 -234.00628936290738 3537.6033024976673
decision_type=8 8 10 10 2 8 8 10 10 10 10 8 8 10
left_child=2 5 3 -1 -5 6 -2 9 -9 10 11 -8 -13 -14
right_child=1 -3 -4 4 -6 -7 7 8 -10 -11 -12 12 13 -15
leaf_value=-1.2934180682488809 -0.24591550966618811 -1.1498060663191272 -1.1719521453926127 -0.040458116654142055 3.1244344927243928 -1.0048883934933812 0.013389474333284964 -0.015625492001801345 1.0452419019669064 -0.14204972488055365 1.3113331318630261 -1.130541870107278 1.0974289689976191 -0.038008013586904026
leaf_weight=328 240 308 665 96 44 129 990 40 43 477 45 52 295 114
leaf_count=328 240 308 665 96 44 129 990 40 43 477 45 52 295 114
internal_value=-0.000439101 -1.42655e-05 -0.00146296 -0.000179105 0.00234042 0.000278235 0.00043622 0.000676713 0.00417857 0.000527355 0.000949899 0.000783057 0.00226623 0.00293415
internal_weight=3866 2733 1133 468 140 2425 2296 2056 83 1973 1496 1451 461 409
internal_count=3866 2733 1133 468 140 2425 2296 2056 83 1973 1496 1451 461 409
is_linear=0
shrinkage=0.03


Tree=99
num_leaves=15
num_cat=0
split_feature=80 0 15 43 67 8 72 84 33 33 42 42 72 0
split_gain=1.79873 1.56267 2.18943 1.62191 1.61413 1.32839 1.10278 1.33831 0.789837 1.41368 1.27978 1.86376 0.776388 0.888457
threshold=-5.5213953256607047 205.50000000000003 17.500000000000004 394.22665010812244 465.5453544421631 4.832805352778931 -64.826420783996568 176.58815729618075 22.885351665785297 19.696479076479083 20.666925191879276 -15.209429264068602 39.07595098018647 60.500000000000007
decision_type=8 2 2 10 8 10 8 8 10 10 10 8 10 2
left_child=-1 3 -3 5 -4 6 7 -2 9 10 11 -7 -8 -14
right_child=1 2 4 -5 -6 8 12 -9 -10 -11 -12 -13 13 -15
leaf_value=-0.71774765252306172 -0.31136943292798708 -0.067288101347512355 0.69435305692850968 -0.48834780773451913 0.85382712785800863 -0.10838128535783945 -0.17084335720541144 1.0353431421865478 -0.25543472782435284 0.52455021741183383 -0.13552655181301226 1.692741261803304 5.8208093784600425 -0.70394083340522284
leaf_weight=1059 61 226 82 902 61 49 997 53 61 41 74 57 44 52
leaf_count=1059 61 226 82 902 61 49 997 53 61 41 74 57 44 52
internal_value=-0.000588221 -0.000184716 0.00162973 -0.000465302 0.00452083 0.000142952 -0.000290564 0.00250435 0.00199293 0.00282432 0.00165746 0.00375701 -0.000584096 0.00197938
internal_weight=3819 2760 369 2391 143 1489 1207 114 282 221 180 106 1093 96
internal_count=3819 2760 369 2391 143 1489 1207 114 282 221 180 106 1093 96
is_linear=0
shrinkage=0.03


Tree=100
num_leaves=15
num_cat=0
split_feature=85 0 38 5 25 83 68 25 14 7 43 84 14 81
split_gain=1.61417 1.42662 1.78375 1.78245 1.19896 1.22571 1.23202 1.40451 2.05201 1.12084 1.06928 1.35151 0.928624 0.858753
threshold=-2.4213190674781795 64.500000000000014 3576.8578990269302 13.69447958469391 0.73623188405797102 -120.90988647937773 -0.163087135960677 0.86254133207368933 415.2261600801807 4615.3894004535077 228.16386757627035 -179.04394753774002 391.84975505002637 1853.8129324913027
decision_type=10 2 8 10 10 10 8 10 10 8 10 8 10 10
left_child=1 10 -3 -4 -2 -6 -7 8 -8 13 -1 -12 -5 -9
right_child=4 2 3 12 5 6 7 9 -10 -11 11 -13 -14 -15
leaf_value=-0.2556331350397324 -1.0923763834344615 -0.17785152499355633 1.0578964681492706 -0.54514244896829189 -0.50922482353710441 -0.25174966396187526 1.4386873461639524 1.2373902347026919 -0.22649410043807544 0.94486620500422747 0.96742636912951618 -1.2126613399798909 0.66602049825830278 0.086937341054589098
leaf_weight=748 96 453 70 66 142 158 76 66 44 57 66 888 65 791
leaf_count=748 96 453 70 66 142 158 76 66 44 57 66 888 65 791
internal_value=-0.000543439 -0.00102588 0.000164885 0.0025099 0.000251572 0.000485393 0.000799664 0.00117681 0.00421488 0.00077377 -0.00148327 -0.00214869 0.000431817 0.000499999
internal_weight=3786 2356 654 201 1430 1334 1192 1034 120 914 1702 954 131 857
internal_count=3786 2356 654 201 1430 1334 1192 1034 120 914 1702 954 131 857
is_linear=0
shrinkage=0.03


Tree=101
num_leaves=15
num_cat=0
split_feature=77 77 56 62 53 81 66 84 75 81 3 69 77 23
split_gain=1.62906 2.35824 3.23971 3.39859 1.58219 1.79931 1.80489 1.50706 1.39028 1.48829 1.58332 1.46599 1.35505 1.5227
threshold=-244.4408195018768 -218.04855072498319 63.929648637771614 0.029102754341497793 7.5000000000000009 5175.3435243368158 516.94300901889812 -207.72094575564066 598.21218180656444 9736.4718060493487 8.2083333333430364 52.783038730907627 -170.43623745441434 3.8332028388977055
decision_type=8 8 10 8 10 8 10 8 8 10 2 8 10 10
left_child=-1 2 3 -2 8 6 12 -7 9 10 11 -3 -6 -14
right_child=1 4 -4 -5 5 7 -8 -9 -10 -11 -12 -13 13 -15
leaf_value=-0.82368342895817859 0.29946005901746964 0.4601067387017484 -0.34051511487774055 3.0256229721264694 -0.11939661982404239 1.6864614823109212 1.0535302357159062 -0.15886852679613464 -0.97929693325080669 1.0249655043270396 -0.67050029468151429 -0.300312891211727 1.0484118026992397 0.051594956515922025
leaf_weight=550 43 41 59 42 178 40 47 1227 858 54 324 42 151 191
leaf_count=550 43 41 59 42 178 40 47 1227 858 54 324 42 151 191
internal_value=-0.000558992 -0.00030655 0.00343448 0.00715116 -0.000478441 9.15524e-05 0.00149472 -0.000537067 -0.00127046 5.84408e-05 -0.000566177 0.00310714 0.000978886 0.00208163
internal_weight=3847 3297 144 85 3153 1834 567 1267 1319 461 407 83 520 342
internal_count=3847 3297 144 85 3153 1834 567 1267 1319 461 407 83 520 342
is_linear=0
shrinkage=0.03


Tree=102
num_leaves=15
num_cat=0
split_feature=81 80 26 22 79 79 77 14 14 80 0 61 77 33
split_gain=1.88413 1.80887 1.52953 1.19079 1.14648 2.0397 1.53071 1.7339 0.964256 1.09792 0.875655 1.5395 1.00092 1.19895
threshold=1546.7510825395586 -12.746731281280516 82.500000000000014 13.426078677177431 75.100698281818779 37.254137026532604 -202.1419001817703 337.27922674029611 1.0000000180025095e-35 -248.15716445446012 331.00000000000006 0.5816232970509766 106.79547423124315 20.487500000000001
decision_type=8 8 2 2 8 10 8 10 10 10 2 8 10 10
left_child=-1 8 4 10 5 6 7 -3 9 -2 12 -12 13 -4
right_child=1 2 3 -5 -6 -7 -8 -9 -10 -11 11 -13 -14 -15
leaf_value=1.0033760716326177 -1.5640284919018772 1.2824660322490349 -0.027836468867401553 1.1486322904724255 -1.0142792351595606 0.59476978730379437 -0.29195350765261335 -0.020384881764809626 -0.88437210050591997 0.9639790728393588 -0.060138441083699777 0.74323026287125327 -0.67579846708648983 0.55726784879825486
leaf_weight=51 48 50 1177 71 430 43 500 77 880 57 42 40 128 207
leaf_count=51 48 50 1177 71 430 43 500 77 880 57 42 40 128 207
internal_value=-0.000537349 -0.000615836 -0.000222343 0.00035114 -0.00108992 -0.000312966 -0.000750001 0.00217969 -0.00171907 0.000990565 0.000180564 0.00318072 1.58618e-05 0.000251263
internal_weight=3801 3750 2765 1665 1100 670 627 127 985 105 1594 82 1512 1384
internal_count=3801 3750 2765 1665 1100 670 627 127 985 105 1594 82 1512 1384
is_linear=0
shrinkage=0.03


Tree=103
num_leaves=15
num_cat=0
split_feature=29 53 41 39 8 42 37 35 83 69 71 85 52 14
split_gain=1.98404 1.72209 1.96606 1.62107 2.0954 1.87342 1.62035 1.41057 1.40911 1.21752 0.988103 1.19345 1.9101 0.96513
threshold=0.90071280521712771 9.5000000000000018 -176.93770289421079 2541.5682582444447 4.3993280999101385 112.60414755344392 2302.8548707427431 17.016987179487185 114.32852864265443 218.28765940356865 13.500000000000002 75.743351300557464 42.450601220130928 461.8655871810555
decision_type=10 8 8 10 10 10 10 10 8 8 8 10 10 10
left_child=10 2 -2 4 5 -3 -4 -5 -7 -9 -1 -12 -13 -8
right_child=1 3 6 7 -6 8 13 9 -10 -11 11 12 -14 -15
leaf_value=-0.81817614805467787 1.8078251437204222 -0.059454304462914241 -0.23074840613254224 -0.34557923575266175 1.8397528947303368 0.13135697166736621 1.400983732563192 0.82662206737362243 1.8141683140930549 -0.19543995685149826 -0.46283425029358072 0.70967885008156328 -0.076932382774522884 0.030399024691675706
leaf_weight=787 55 145 1470 184 44 44 55 65 40 55 695 44 70 58
leaf_count=787 55 145 1470 184 44 44 55 65 40 55 695 44 70 58
internal_value=-0.0005202 6.09199e-05 -0.000435632 0.00146886 0.00314234 0.00196956 -0.000630683 -3.9345e-05 0.00550588 0.00247934 -0.00132624 -0.00058889 0.00224348 0.00281579
internal_weight=3811 2215 1638 577 273 229 1583 304 84 120 1596 809 114 113
internal_count=3811 2215 1638 577 273 229 1583 304 84 120 1596 809 114 113
is_linear=0
shrinkage=0.03


Tree=104
num_leaves=15
num_cat=0
split_feature=35 67 4 48 83 39 35 81 81 15 48 83 62 85
split_gain=1.51863 1.85375 1.56774 1.52644 1.90047 1.48814 2.60443 1.68749 1.75983 1.49011 4.22206 1.48523 1.41361 1.32127
threshold=33.675772151898734 -96.126303315162644 6.5000000000000009 39.47003102302552 -141.57078766822812 2429.4513413337695 20.098951048951051 4577.3540856838235 4087.7564445734029 17.500000000000004 86.531833171844497 -43.349408149719231 0.10843296388170263 28.720225473244987
decision_type=8 8 2 8 8 10 10 10 10 2 10 10 10 8
left_child=1 -1 -3 4 -4 6 7 8 9 -5 -11 -7 -9 -6
right_child=-2 2 3 5 13 11 -8 12 -10 10 -12 -13 -14 -15
leaf_value=-1.0625236539186202 -1.0038381073448668 -0.25023248512157464 2.3654554929177469 0.06161770675941141 -0.71296485049569847 -0.27266738059387396 1.4435400786096144 -0.66538098510666654 1.2250106858773391 -0.17444237873253415 2.0198590083047998 0.30371939380632296 0.71832923741880039 0.039934382629285357
leaf_weight=416 370 975 46 165 386 383 40 157 47 60 47 212 46 486
leaf_count=416 370 975 46 165 386 383 40 157 47 60 47 212 46 486
internal_value=-0.00052072 -0.000325354 -6.88306e-05 0.000397398 -0.000515779 0.00112176 0.00222735 0.00165201 0.00300937 0.00206593 0.00480555 7.55026e-05 -0.000485295 -0.000831616
internal_weight=3836 3466 3050 2075 918 1157 562 522 319 272 107 595 203 872
internal_count=3836 3466 3050 2075 918 1157 562 522 319 272 107 595 203 872
is_linear=0
shrinkage=0.03


Tree=105
num_leaves=15
num_cat=0
split_feature=0 9 34 83 42 71 76 31 40 81 39 34 3 25
split_gain=1.56376 1.62664 1.71832 1.28773 2.60837 1.44497 1.18434 1.76091 2.21058 1.88247 1.17605 1.77725 1.304 1.08345
threshold=58.500000000000007 270.00000000000006 0.90692640692640702 62.864355087280281 168.29106438159945 7.5000000000000009 277.91035938262945 0.58819444444444458 163.24887915099464 7776.2150688171396 2541.5682582444447 0.14686274509803923 8.3750000000000018 0.94312668463611871
decision_type=2 2 8 10 10 10 10 10 10 8 10 10 2 10
left_child=6 2 3 10 5 -5 -1 -8 9 -9 11 -2 -13 -12
right_child=1 -3 -4 4 -6 -7 7 8 -10 -11 13 12 -14 -15
leaf_value=-0.45190353011248408 1.8519589358261821 -0.35649204377465626 1.3634582160070521 1.1142913211312335 1.4724968893767862 -0.1886596018264779 -0.55834564100799189 0.094817027542187154 -0.19398939432120016 3.6321120446996664 -0.24605285363781509 1.0655021358812073 -0.077287486960412058 0.25232507167414198
leaf_weight=1758 45 458 66 40 40 117 279 48 115 64 393 77 260 71
leaf_count=1758 45 458 66 40 40 117 279 48 115 64 393 77 260 71
internal_value=-0.000454855 0.000273596 0.000894594 0.000594827 0.00277273 0.00100633 -0.000958941 0.000319526 0.00227632 0.00525664 8.50052e-05 0.00131593 0.000559171 -0.000929033
internal_weight=3831 1567 1109 1043 197 157 2264 506 227 112 846 382 337 464
internal_count=3831 1567 1109 1043 197 157 2264 506 227 112 846 382 337 464
is_linear=0
shrinkage=0.03


Tree=106
num_leaves=15
num_cat=0
split_feature=81 80 28 8 43 56 43 35 70 84 16 30 82 20
split_gain=1.68584 1.43876 1.22374 2.06293 0.99484 0.828519 1.07724 1.5266 2.10859 2.23645 2.69649 1.38034 1.31217 1.28693
threshold=1587.2678377628329 -11.492262601852415 148.50000000000003 5.917610112545316 355.8295237031021 352.41871488094336 952.32028676935477 20.913519813519819 0.93541666666666679 -41.319732447465249 7.5000000000000009 3.1500000000000008 132.66302112738296 271.37168741226202
decision_type=8 8 2 8 8 10 10 10 10 10 2 10 10 8
left_child=-1 -2 3 -3 -5 6 7 11 -9 10 -10 12 13 -4
right_child=1 2 5 4 -6 -7 -8 8 9 -11 -12 -13 -14 -15
leaf_value=1.0988282665951188 -0.57043465583967834 -0.7458826954861757 0.48467380010548172 1.7910603366924036 0.3276506974457527 0.42136375471960125 -0.28691496972300795 -0.78520060663030267 0.13563787468391869 -0.0013396340165696648 2.0260125422207018 -0.11559342286757528 1.0569881027627623 -0.080695677496423854
leaf_weight=59 997 627 69 40 129 51 301 41 42 53 48 896 95 336
leaf_count=59 997 627 69 40 129 51 301 41 42 53 48 896 95 336
internal_value=-0.000439102 -0.000519324 -0.000162698 -0.00115182 0.00178235 0.000245214 0.00014187 0.000455407 0.00301622 0.00472917 0.00758242 0.000115962 0.00137724 0.000628078
internal_weight=3784 3725 2728 796 169 1932 1881 1580 184 143 90 1396 500 405
internal_count=3784 3725 2728 796 169 1932 1881 1580 184 143 90 1396 500 405
is_linear=0
shrinkage=0.03


Tree=107
num_leaves=15
num_cat=0
split_feature=67 83 4 3 25 30 27 30 64 56 26 48 81 50
split_gain=1.32196 1.50311 1.27802 1.55791 1.4036 1.21837 1.18832 1.09634 1.04228 1.46471 1.65493 1.70592 1.27307 1.13991
threshold=128.40027550525141 98.097891449928298 9.5000000000000018 7.6250000000000009 0.88126566416040109 16.150000000000002 0.87244472256987915 5.3500000000000005 6.2811925567240587 87.554863055547102 204.50000000000003 87.502622882525145 3794.4488123655324 1.972092390060425
decision_type=10 10 2 2 10 10 10 10 8 10 2 10 8 10
left_child=2 6 4 -4 -1 -5 -2 -8 12 10 11 -10 13 -6
right_child=1 -3 3 5 8 -7 7 -9 9 -11 -12 -13 -14 -15
leaf_value=-0.7779345297111171 0.25874151445202292 0.76422448737124238 -0.16353487163302019 1.5814751610767217 -0.092860373193636297 0.23499506594181499 -0.84886114479073571 0.025486046270874578 0.0073211167836415422 -0.25559375506140758 2.6219759538615599 1.568395549647603 -0.93341524252442876 1.4744285425937076
leaf_weight=897 82 73 85 51 156 42 142 374 819 462 40 67 534 40
leaf_count=897 82 73 85 51 156 42 142 374 819 462 40 67 534 40
internal_value=-0.000499871 0.000709821 -0.000754227 0.0017095 -0.0009002 0.00437234 0.00021035 -0.000324952 -0.000478528 4.31894e-06 0.000692556 0.00041939 -0.00139535 0.00067005
internal_weight=3864 671 3193 178 3015 93 598 516 2118 1388 926 886 730 196
internal_count=3864 671 3193 178 3015 93 598 516 2118 1388 926 886 730 196
is_linear=0
shrinkage=0.03


Tree=108
num_leaves=15
num_cat=0
split_feature=0 75 77 31 31 48 80 80 67 3 14 77 62 48
split_gain=1.87099 1.54963 1.67928 1.25228 1.28628 1.2301 1.48148 3.29062 1.63276 1.49963 1.92836 1.43826 1.94715 1.26133
threshold=26.500000000000004 60.558657050132759 -291.74999999999994 4.9798076923076922 0.70294117647058829 12.147560278574629 175.78559553623202 123.29665410518648 410.69847726872001 7.9583333333430355 586.88981655742157 -144.67806553840634 0.12775663866955855 157.26073670387271
decision_type=2 8 8 8 10 8 10 10 10 2 10 8 8 8
left_child=3 -2 -3 4 -1 -4 7 9 -8 10 -7 -9 -13 -11
right_child=1 2 5 -5 -6 6 8 11 -10 13 -12 12 -14 -15
leaf_value=-0.17403082864601094 -0.55681499852875149 -1.6457333562116769 -0.13372901669304388 -0.5976794405646384 0.87184549054005478 0.30133660484815039 -0.33582607207222193 1.2614440755435063 0.46986272065626633 0.25435430955875438 1.6302200276362144 1.5670824247790776 -0.65562409329948657 -0.21258251221810745
leaf_weight=293 365 106 204 1544 78 136 161 40 41 482 41 41 40 251
leaf_count=293 365 106 204 1544 78 136 161 40 41 482 41 41 40 251
internal_value=-0.000425994 0.000238868 0.000654792 -0.00108821 0.000475806 0.0009242 0.0012812 0.00174128 -0.00106404 0.00111965 0.00358989 0.00636885 0.0039878 0.000519073
internal_weight=3823 1908 1543 1915 371 1437 1233 1031 202 910 177 121 81 733
internal_count=3823 1908 1543 1915 371 1437 1233 1031 202 910 177 121 81 733
is_linear=0
shrinkage=0.03


Tree=109
num_leaves=15
num_cat=0
split_feature=85 31 4 56 14 37 84 68 3 16 7 50 37 34
split_gain=1.38055 1.76094 1.22346 1.57854 1.20429 1.18016 0.85581 0.984924 0.996545 2.20164 1.96996 0.995573 1.19488 1.10417
threshold=-2.4213190674781795 48.494047619047628 2.5000000000000004 -216.39326194922128 144.1502471187674 1698.7497631051931 -46.43478071689605 -0.17804766301900851 20.541666666656969 11.500000000000002 3341.6732868961676 182.47222447395328 2640.1079139419403 0.1908263305322129
decision_type=8 8 2 10 10 10 8 8 2 2 10 8 10 10
left_child=4 2 -2 -4 5 -1 -5 -8 11 10 -10 12 13 -9
right_child=1 -3 3 6 -6 -7 7 8 9 -11 -12 -13 -14 -15
leaf_value=-0.25828013589001259 -0.95465359140895412 -0.9325101730178611 1.458320580113017 -0.20620497614752378 -0.95733725179759299 2.2562406120288023 -0.22021980988361994 -0.17060064048218224 1.9897007535686861 0.12483794999079875 0.031973627451232119 -0.13580871285155069 0.62483087228931156 0.26973669573789383
leaf_weight=125 160 324 64 281 960 44 197 347 43 155 40 258 51 773
leaf_count=125 160 324 64 281 960 44 197 347 43 155 40 258 51 773
internal_value=-0.000550877 -0.000181515 0.000102531 0.000286425 -0.00143097 0.000899999 0.000146784 0.000379624 0.000616906 0.00241004 0.00632143 0.000316783 0.000688566 0.000481712
internal_weight=3822 2693 2369 2209 1129 169 2145 1864 1667 238 83 1429 1171 1120
internal_count=3822 2693 2369 2209 1129 169 2145 1864 1667 238 83 1429 1171 1120
is_linear=0
shrinkage=0.03


Tree=110
num_leaves=15
num_cat=0
split_feature=29 31 85 3 32 43 83 14 66 36 76 71 58 16
split_gain=1.22399 1.39047 1.28145 1.10009 1.09446 1.07151 0.926356 1.20647 1.03812 0.90259 1.51069 1.24468 1.46017 1.93474
threshold=0.90670953912111474 31.862500000000004 -222.02098544438675 21.625000000000004 0.30495169082125612 576.83658492047391 -5.0947985649108878 120.97157499983108 -121.73333251476286 0.83469945355191266 341.44716060161596 13.500000000000002 100.27996754646303 13.500000000000002
decision_type=10 10 8 2 10 10 8 10 8 10 10 10 8 2
left_child=3 2 -2 4 -1 -5 -4 -8 -9 10 11 12 -10 -14
right_child=1 -3 6 5 -6 -7 7 8 9 -11 -12 -13 13 -15
leaf_value=-0.72314627946168608 2.2158963206468645 1.3069577957987411 -0.40080046672541075 -0.3842214578433788 -0.0068574268699386669 1.1079503971314351 -0.74319085642943306 -0.51918301254803534 0.16964957122718388 -0.26146850358960855 1.2099800946941888 -0.21713212943822222 1.4262854015079387 0.38604872440524057
leaf_weight=1264 41 61 625 56 402 42 183 130 412 208 66 189 57 68
leaf_count=1264 41 61 625 56 402 42 183 130 412 208 66 189 57 68
internal_value=-0.000618135 -0.00011759 -0.000256061 -0.0011966 -0.00137853 0.00187879 -0.000368232 8.44742e-05 0.000450928 0.00077922 0.00124086 0.000841815 0.00157807 0.00440476
internal_weight=3804 2040 1979 1764 1666 98 1938 1313 1130 1000 792 726 537 125
internal_count=3804 2040 1979 1764 1666 98 1938 1313 1130 1000 792 726 537 125
is_linear=0
shrinkage=0.03


Tree=111
num_leaves=15
num_cat=0
split_feature=80 77 81 35 85 77 0 43 4 9 3 39 80 62
split_gain=1.60268 1.74345 1.76741 2.12232 1.12532 3.0232 1.19036 1.25852 1.28668 1.24956 1.49721 1.11522 0.958055 1.28357
threshold=127.00085854530336 -144.67806553840634 4022.8917257785802 14.934553349875932 -234.17826902866361 -70.249142825603471 35.500000000000007 201.99580723321591 9.5000000000000018 270.00000000000006 6.2083333333430355 1628.7825529073757 164.24278211593631 0.09548916368206288
decision_type=10 8 10 10 8 10 2 10 2 2 2 10 10 8
left_child=4 2 -2 11 5 -1 7 8 -6 10 -8 -4 13 -3
right_child=1 12 3 -5 6 -7 9 -9 -10 -11 -12 -13 -14 -15
leaf_value=-0.55060059267269845 -0.080806103617061739 1.0675857102157071 1.3869959810102508 -0.037075009202198195 -0.22401037042025609 2.6484170719802256 0.97662851508332738 -0.86891093818967347 0.61525148916995076 -0.57649047083439509 0.009841708985950116 0.65922881795883437 -0.21707326398071494 -0.6591106343627352
leaf_weight=74 85 75 40 42 686 40 70 943 49 421 912 46 297 57
leaf_count=74 85 75 40 42 686 40 70 943 49 421 912 46 297 57
internal_value=-0.000396301 0.00097045 0.00318224 0.00539535 -0.000671152 0.00224348 -0.000779689 -0.00131864 -0.000387229 -0.000134616 0.000451678 0.00806896 -0.000132559 0.00198496
internal_weight=3837 642 213 128 3195 114 3081 1678 735 1403 982 86 429 132
internal_count=3837 642 213 128 3195 114 3081 1678 735 1403 982 86 429 132
is_linear=0
shrinkage=0.03


Tree=112
num_leaves=15
num_cat=0
split_feature=82 30 65 85 26 59 35 26 22 16 3 15 85 35
split_gain=1.36913 1.19927 1.01489 1.02294 1.48656 1.48582 1.46393 1.49698 1.3433 0.941357 1.50289 2.2977 1.60243 0.938104
threshold=-18.678651392459866 64.450000000000017 1.1347892233020838 -122.04013556241988 83.500000000000014 177.0216261148453 13.341607142857145 74.500000000000014 13.426078677177431 13.500000000000002 18.541666666656969 32.500000000000007 75.743351300557464 24.324405149934808
decision_type=8 10 10 8 2 10 10 2 2 2 2 2 10 10
left_child=-1 2 3 5 -5 6 7 -2 9 10 -6 12 -12 -11
right_child=1 -3 -4 4 8 -7 -8 -9 -10 13 11 -13 -14 -15
leaf_value=-0.65541402595199194 0.56166017886061792 -1.013595824285076 -0.86418023827238988 -0.22569106189721166 0.021836425919939041 -0.83697941930345188 1.4516753222510603 -0.87876063274047644 0.97933020898274437 -0.15166050340695514 0.55374682751222404 -0.57296577014606698 1.4318465456682852 0.62452330576407555
leaf_weight=810 40 149 169 982 577 53 40 41 71 686 55 46 43 64
leaf_count=810 40 149 169 982 577 53 40 41 71 686 55 46 43 64
internal_value=-0.000459368 -0.000165065 -2.82434e-05 0.000113375 -4.03968e-05 0.00233143 0.00415574 0.00179268 0.000540505 0.000344429 0.00111773 0.00384828 0.00642424 -0.000399468
internal_weight=3826 3016 2867 2698 2524 174 121 81 1542 1471 721 144 98 750
internal_count=3826 3016 2867 2698 2524 174 121 81 1542 1471 721 144 98 750
is_linear=0
shrinkage=0.03


Tree=113
num_leaves=15
num_cat=0
split_feature=29 37 39 53 43 3 62 7 5 77 16 4 81 64
split_gain=1.50422 1.65391 1.82668 1.40097 1.15913 1.35794 1.11987 1.11927 1.2892 1.0019 1.30988 0.883421 1.99619 2.48696
threshold=0.91264255734090827 2253.7379144897664 2872.9873543430294 9.5000000000000018 371.63742697979609 21.625000000000004 1.0000000180025095e-35 2621.89257627495 23.281450629234318 -40.959725677967064 11.500000000000002 8.5000000000000018 8027.6036782264719 5.1528241567789275
decision_type=10 10 10 10 8 2 10 10 10 10 2 2 8 8
left_child=4 3 -3 -2 11 -6 -4 8 -5 -9 -11 -1 -13 -14
right_child=1 2 6 7 5 -7 -8 9 -10 10 -12 12 13 -15
leaf_value=-0.23885811869501491 -0.17303615308363723 2.2313421923706374 -0.18656714319600584 0.13519348542057322 -0.63745873782026907 0.77126568116272909 0.71178589158328343 -0.14245267456139518 1.1784790807744219 0.78688221500366839 -0.099217659591341975 -0.33051545588292669 1.7645780396815047 -0.49834682907100664
leaf_weight=728 1292 54 53 47 1007 58 53 177 43 57 67 113 40 42
leaf_count=728 1292 54 53 47 1007 58 53 177 43 57 67 113 40 42
internal_value=-0.000540971 7.64635e-05 0.00298137 -0.000201307 -0.00111312 -0.00178706 0.000672896 0.0013699 0.00428571 0.000486754 0.002544 -0.000334416 0.00145408 0.00498795
internal_weight=3831 1843 160 1683 1988 1065 106 391 90 301 124 923 195 82
internal_count=3831 1843 160 1683 1988 1065 106 391 90 301 124 923 195 82
is_linear=0
shrinkage=0.03


Tree=114
num_leaves=15
num_cat=0
split_feature=35 53 16 39 79 82 43 72 4 23 77 81 11 8
split_gain=1.56345 1.75394 1.39573 1.63819 1.77443 1.31452 1.30956 1.63727 1.17795 1.25857 0.985258 2.01579 1.33238 2.36093
threshold=30.624074074074077 9.5000000000000018 24.500000000000004 1522.1359823802065 7.0893857683125985 -18.678651392459866 402.37435176555806 -155.25860452651975 7.5000000000000009 12.240019679069521 -202.1419001817703 6970.4694567918787 570.00000000000011 2.5665668283778005
decision_type=8 8 2 10 10 8 8 8 2 10 8 10 2 10
left_child=1 5 3 4 -3 -1 7 -7 -5 -10 11 -9 13 -12
right_child=-2 2 -4 8 -6 6 -8 10 9 -11 12 -13 -14 -15
leaf_value=-0.78023710233034826 -0.84976315563848981 0.72990382350611882 -0.25021555321377598 -0.72207849089906895 -0.065405065791016945 1.1611585871258223 -0.33698304404683049 8.3135392966539879e-05 0.24146764520259614 2.7699258575928281 0.70938499783113118 1.1726808894097358 -0.59639720987005185 -0.019452134830997503
leaf_weight=692 385 72 242 85 41 43 556 204 364 40 75 74 309 666
leaf_count=692 385 72 242 85 41 43 556 204 364 40 75 74 309 666
internal_value=-0.000481684 -0.000279735 0.000908875 0.00168159 0.00492105 -0.000662978 -0.000259855 0.000238337 0.000924489 0.0016 4.96607e-05 0.00163441 -0.000371076 0.000319406
internal_weight=3848 3463 844 602 113 2619 1927 1371 489 404 1328 278 1050 741
internal_count=3848 3463 844 602 113 2619 1927 1371 489 404 1328 278 1050 741
is_linear=0
shrinkage=0.03


Tree=115
num_leaves=15
num_cat=0
split_feature=67 17 17 66 33 39 0 20 39 15 59 81 15 7
split_gain=1.48959 1.33993 1.54674 1.1333 1.8658 4.10391 1.59497 1.42544 1.37562 2.25205 1.4933 1.29416 1.71999 1.6019
threshold=-74.402537147204043 16.500000000000004 41.500000000000007 -80.358425259590135 19.108427815570678 2454.0748203983303 179.50000000000003 477.52777552604681 1695.4150407170443 18.500000000000004 127.54545378684999 4536.5667403936395 14.500000000000002 4782.6948971881584
decision_type=8 2 2 8 10 10 2 10 10 2 10 8 2 10
left_child=-1 -2 3 -3 7 -6 -7 8 9 10 -5 12 -10 -13
right_child=1 2 -4 4 5 6 -8 -9 11 -11 -12 13 -14 -15
leaf_value=-0.96935194449820383 -0.64623660331434163 -0.84939299174503125 -0.20649427130025624 0.018518677326868096 1.4708268328520968 -0.20413239879381509 1.0052770422180497 -0.74497450645382168 1.4012790196285738 1.6457583473462856 0.92312093675235873 -0.22651810486312579 -0.14657445266083979 0.41492148087340019
leaf_weight=485 496 118 1168 293 70 132 50 238 56 51 73 500 41 59
leaf_count=485 496 118 1168 293 70 132 50 238 56 51 73 500 41 59
internal_value=-0.00045419 -0.000228632 2.21045e-05 0.000604637 0.000819053 0.00317786 0.000786885 0.000363566 0.000829608 0.00217464 0.0013406 -2.7398e-05 0.00315306 -0.000583929
internal_weight=3830 3345 2849 1681 1563 252 182 1311 1073 417 366 656 97 559
internal_count=3830 3345 2849 1681 1563 252 182 1311 1073 417 366 656 97 559
is_linear=0
shrinkage=0.03


Tree=116
num_leaves=15
num_cat=0
split_feature=0 29 8 80 80 35 39 45 73 70 0 85 44 61
split_gain=1.39099 1.18117 1.27611 2.22121 1.14526 1.21883 3.11703 2.35572 1.19784 1.27567 1.10178 1.15558 1.04733 0.899374
threshold=389.50000000000006 0.87187304565353363 5.917610112545316 181.17023324966434 88.33819687366487 20.913519813519819 3275.9286375344518 7.5000000000000009 -12.315823197364805 0.89181286549707617 248.50000000000003 -124.07147747278212 59.540224909782417 0.94314820142942957
decision_type=2 10 10 8 10 10 10 8 8 8 2 10 10 8
left_child=1 2 -1 -4 5 -3 7 -7 -6 12 11 -11 -10 -2
right_child=13 4 3 -5 8 6 -8 -9 9 10 -12 -13 -14 -15
leaf_value=-0.8572499402729794 0.032596854792043051 -0.22820688999104266 0.49670152681530877 -0.80927580667667509 1.2532152069804701 0.24588374509763142 -0.42805392054489688 2.0659620952264746 1.1487575177389007 0.80323375765188332 0.83430929506485418 -0.18611321832968114 0.017459484794301979 1.7332143471107249
leaf_weight=673 44 1938 73 88 66 55 142 54 45 49 64 425 62 40
leaf_count=673 44 1938 73 88 66 55 142 54 45 49 64 425 62 40
internal_value=-0.000406914 -0.000493173 -0.00148743 0.000907407 -0.000206826 -0.000546576 0.00141667 0.00520909 0.000838482 0.000441176 -0.000155845 -0.000656843 0.00341667 0.00338823
internal_weight=3818 3734 834 161 2900 2189 251 109 711 645 538 474 107 84
internal_count=3818 3734 834 161 2900 2189 251 109 711 645 538 474 107 84
is_linear=0
shrinkage=0.03


Tree=117
num_leaves=15
num_cat=0
split_feature=56 0 78 9 9 75 43 4 76 76 48 31 26 7
split_gain=1.2463 1.50617 1.25676 1.3673 1.2923 1.75742 1.12457 1.68062 1.55145 1.65209 1.04982 1.31683 1.21814 1.18882
threshold=-216.39326194922128 17.500000000000004 0.41666666666666669 3090.0000000000005 570.00000000000011 107.15816259384157 371.63742697979609 9.5000000000000018 401.00031745433813 277.91035938262945 37.264665166536979 0.58819444444444458 80.500000000000014 2021.0375052220036
decision_type=8 2 8 2 2 10 10 2 8 10 8 10 2 10
left_child=-1 6 -3 4 5 10 7 8 9 -2 -4 -12 -13 -14
right_child=1 2 3 -5 -6 -7 -8 -9 -10 -11 11 12 13 -15
leaf_value=1.4067732861283069 -0.37265304046449005 -0.76901739145093972 -0.15851380356098915 6.5476940441286908 -0.53631209336749386 1.0351711808326922 -0.77583010428259058 0.89263775808647317 -0.54626978498905532 0.74626886841835727 1.3115318630108725 -0.22529836165806341 -0.68081691824828638 0.18251303324917054
leaf_weight=43 52 255 387 46 186 40 750 55 820 55 64 198 77 823
leaf_count=43 52 255 387 46 186 40 750 55 820 55 64 198 77 823
internal_value=-0.000452493 -0.000510371 3.46647e-05 0.000311196 0.000177364 0.000454716 -0.0011633 -0.000494406 -0.000798492 0.00258333 0.000292257 0.000742906 0.000496815 0.000965593
internal_weight=3851 3808 2076 1821 1775 1589 1732 982 927 107 1549 1162 1098 900
internal_count=3851 3808 2076 1821 1775 1589 1732 982 927 107 1549 1162 1098 900
is_linear=0
shrinkage=0.03


Tree=118
num_leaves=15
num_cat=0
split_feature=31 82 4 76 35 43 16 81 45 39 27 37 51 43
split_gain=1.28149 1.20575 1.15086 1.45019 2.22418 1.51698 1.34989 2.94558 1.19598 1.72737 1.52362 1.12499 1.01571 1.00312
threshold=48.494047619047628 -14.672169685363768 3.5000000000000004 277.91035938262945 13.279990925589839 366.39048502441261 27.500000000000004 7275.1010299921045 11.500000000000002 2519.7779918389792 0.95391052462182191 2640.1079139419403 267.41329634189611 422.74805406962855
decision_type=8 8 2 10 10 10 2 8 8 10 10 10 10 8
left_child=1 12 -3 8 6 -6 -5 -8 11 10 -10 13 -1 -4
right_child=-2 2 3 4 5 -7 7 -9 9 -11 -12 -13 -14 -15
leaf_value=-0.7103997997689333 -0.70307643794999164 -0.72584169500713291 -0.0015624005581546579 -0.2849342718473622 0.89133710256770715 0.37457262210602438 -0.042172333809879628 2.5545842245917068 1.3691074542143185 -0.027086876468453366 0.54702562180379577 0.49003009998926761 3.4269333752046784 -0.21931978032693655
leaf_weight=779 404 239 1108 162 43 46 66 40 52 142 46 71 44 621
leaf_count=779 404 239 1108 162 43 46 66 40 52 142 46 71 44 621
internal_value=-0.000506988 -0.000319943 -6.82665e-06 0.000191409 0.00195251 0.00603333 0.000579925 0.00319626 -0.00011759 0.00186722 0.00490909 -0.000383121 -0.0013216 -0.000535839
internal_weight=3863 3459 2636 2397 357 89 268 106 2040 240 98 1800 823 1729
internal_count=3863 3459 2636 2397 357 89 268 106 2040 240 98 1800 823 1729
is_linear=0
shrinkage=0.03


Tree=119
num_leaves=15
num_cat=0
split_feature=26 76 67 9 75 82 28 63 59 27 83 83 64 62
split_gain=1.18145 1.97711 1.19888 1.50067 2.41418 1.68354 1.18351 1.64569 1.56413 1.60616 2.03769 1.13545 1.18035 1.42012
threshold=64.500000000000014 2912.6329948902135 -34.219854347289534 570.00000000000011 107.15816259384157 34.581902742385871 217.50000000000003 228.31753099741593 -54.461329936981194 0.92653804641122517 -91.483688831329331 199.74051034450534 4.4425835345467828 0.12492958864045452
decision_type=2 10 8 2 10 8 2 8 10 10 10 10 10 8
left_child=-1 2 -2 4 6 -6 11 8 9 -8 -11 12 -4 -14
right_child=1 -3 3 -5 5 -7 7 -9 -10 10 -12 -13 13 -15
leaf_value=-0.59470756493180443 -0.52531193486508221 5.2336694062247897 -0.35049949422502619 -0.77843816257762599 0.071624783175988457 1.0037078303869196 0.17383096808459367 -0.1454639038352846 0.097247116410591639 0.89485068671334134 0.63449540344548494 1.1855169666706553 -0.0064056828776816732 0.84161916191336128
leaf_weight=528 619 57 985 297 41 47 134 350 376 46 62 40 182 52
leaf_count=528 619 57 985 297 41 47 134 350 376 46 62 40 182 52
internal_value=-0.000374117 -0.00016236 -0.00026083 2.06652e-05 0.000278497 0.00512359 8.48287e-05 0.000873064 0.00180291 0.00367901 0.00638532 -0.000521429 -0.000686066 0.00122553
internal_weight=3816 3288 3231 2612 2315 88 2227 968 618 242 108 1259 1219 234
internal_count=3816 3288 3231 2612 2315 88 2227 968 618 242 108 1259 1219 234
is_linear=0
shrinkage=0.03


Tree=120
num_leaves=15
num_cat=0
split_feature=77 77 70 45 3 37 3 16 39 80 77 64 43 31
split_gain=1.39414 1.47003 3.97132 1.4176 1.38967 1.2238 1.56778 2.44002 1.32713 1.77526 1.64344 1.76469 1.11796 1.06904
threshold=-244.4408195018768 -208.35183674097058 0.30384615384615393 7.5000000000000009 6.8750000000000009 1327.7521991193612 20.625000000000004 11.500000000000002 2429.4513413337695 49.95072531700135 -118.72150576114653 4.2563564351089225 218.0970712858788 0.13942307692307696
decision_type=8 8 10 10 2 10 2 2 10 10 10 8 10 10
left_child=-1 2 -2 -3 -5 6 -6 -8 9 10 11 -7 -4 -9
right_child=1 3 12 4 5 8 7 13 -10 -11 -12 -13 -14 -15
leaf_value=-0.70041253919588309 4.9120505828133698 -0.4830458726510774 0.56029988701297451 -0.31127622622341189 -0.19873126012354816 0.88794586796151131 1.3177999046638302 0.43590650791080165 0.020114606426725544 -0.00048110638252406356 2.3021440399784545 -0.074111095889463255 -0.52188110534875121 -0.53355622146240889
leaf_weight=525 50 1277 52 328 643 54 41 46 432 136 58 82 101 64
leaf_count=525 50 1277 52 328 643 54 41 46 432 136 58 82 101 64
internal_value=-0.000531363 -0.000306687 0.00216176 -0.000465845 5.72937e-05 0.000431599 -0.000392454 0.00234868 0.00128965 0.00271903 0.00455385 0.00271533 -0.000253247 -7.08812e-10
internal_weight=3889 3364 203 3161 1884 1556 794 151 762 330 194 136 153 110
internal_count=3889 3364 203 3161 1884 1556 794 151 762 330 194 136 153 110
is_linear=0
shrinkage=0.03


Tree=121
num_leaves=15
num_cat=0
split_feature=35 45 39 27 39 77 58 28 7 82 63 39 63 41
split_gain=1.54521 1.27885 1.14647 1.67827 1.14446 1.86978 0.989383 0.94618 2.88634 0.888913 1.13838 1.12879 0.857188 0.78098
threshold=33.675772151898734 8.5000000000000018 1608.1173982266625 0.87931947570501789 1405.6979592793325 -266.05513942241663 83.281450629234328 139.50000000000003 3904.5492793696326 137.27425515651706 470.99167217205019 4572.1220811381836 68.42644868098202 116.81552624702455
decision_type=8 8 10 10 10 10 10 2 10 10 8 10 10 10
left_child=1 9 3 -3 6 -6 -5 8 -4 11 -11 13 -8 -1
right_child=-2 2 7 4 5 -7 12 -9 -10 10 -12 -13 -14 -15
leaf_value=-0.27749360638761783 -0.7557665484230256 0.72877655654338402 -0.13569702078223531 -0.16841978701279803 0.0057893427713943601 0.88602630207954092 1.326268971609686 -0.12701411263582574 1.6038997860191924 -0.03052379051472728 0.43414466360645809 0.10729758853859256 -0.096812786516968757 -0.95544909089875496
leaf_weight=1387 352 57 116 219 57 41 40 898 58 137 42 52 43 314
leaf_count=1387 352 57 116 219 57 41 40 898 58 137 42 52 43 314
internal_value=-0.000505769 -0.000312826 0.000335293 0.0015917 0.000897755 0.00369697 -1.98027e-05 -0.000201305 0.00181714 -0.00082566 0.00118333 -0.00103136 0.00275 -0.0011651
internal_weight=3813 3461 1529 457 400 98 302 1072 174 1932 179 1753 83 1701
internal_count=3813 3461 1529 457 400 98 302 1072 174 1932 179 1753 83 1701
is_linear=0
shrinkage=0.03


Tree=122
num_leaves=15
num_cat=0
split_feature=30 45 48 85 3 50 24 0 76 83 25 0 61 61
split_gain=1.02839 0.898797 1.20366 1.29017 1.12744 1.06124 1.17935 1.04923 1.02605 1.00304 1.33082 1.66367 0.953696 1.66058
threshold=66.350000000000009 6.5000000000000009 38.364022254943855 -106.22165739536284 7.6250000000000009 242.47222447395328 21.500000000000004 389.50000000000006 358.72461068630224 110.04707741737367 0.86526825332795487 -3.4999999999999996 0.84930834856831694 0.92545138502680924
decision_type=8 8 8 8 2 10 2 2 10 8 10 2 10 10
left_child=1 -1 4 -4 -3 6 -5 -7 9 -6 11 -11 -8 -14
right_child=-2 2 3 5 8 7 12 -9 -10 10 -12 -13 13 -15
leaf_value=-0.43871409825545943 -0.89274320858660694 -0.80429694063783785 0.8304474779561305 1.3034130561506101 -0.40477949868566288 -0.29909403857904965 0.025231550175378443 0.35000876538356251 0.32105362316897529 1.1559263839154543 -0.038451034919923896 -0.097008684586102942 0.81081788629524132 -0.034482105174036819
leaf_weight=835 159 241 46 72 606 293 1016 60 96 43 237 44 45 61
leaf_count=835 159 241 46 72 606 293 1016 60 96 43 237 44 45 61
internal_value=-0.000438911 -0.000336851 -8.38875e-05 0.000464868 -0.00077366 0.000315891 0.000743096 -0.00112712 -0.000338852 -0.000644469 0.000701538 0.00385227 0.000502225 0.00319626
internal_weight=3854 3695 2860 1593 1267 1547 1194 353 1026 930 324 87 1122 106
internal_count=3854 3695 2860 1593 1267 1547 1194 353 1026 930 324 87 1122 106
is_linear=0
shrinkage=0.03


Tree=123
num_leaves=15
num_cat=0
split_feature=0 0 28 63 63 1 81 81 40 27 81 74 80 40
split_gain=1.56684 2.01757 1.56578 2.23885 3.02096 1.37981 1.35925 1.27542 1.08881 2.1517 1.64472 0.982703 1.00956 0.928421
threshold=-214.49999999999997 3.5000000000000004 217.50000000000003 232.28841183114147 154.0270932974754 719.08346462249767 4368.5585507154474 3051.2980377674107 566.97498327247479 0.94005988023952103 4536.5667403936395 592.59824438327826 -167.86078178882596 286.62940528812231
decision_type=2 2 2 10 10 2 10 8 10 10 8 10 8 10
left_child=-1 7 11 4 5 8 -6 -2 13 10 -10 12 -3 -4
right_child=1 2 3 -5 6 -7 -8 -9 9 -11 -12 -13 -14 -15
leaf_value=1.2361942694178087 1.1284844171498787 2.6227369262249129 0.19705342365611558 -0.20654899046911698 0.9463975220113342 -0.29564250616538096 0.07923551873162353 -0.60110650326142101 1.4108824935791309 0.99302564272418337 0.028620448535640081 -1.5550593809856712 -0.037475125259024251 -0.10453475167390647
leaf_weight=43 52 40 102 275 73 113 46 1460 41 44 159 175 1087 113
leaf_count=43 52 40 102 275 73 113 46 1460 41 44 159 175 1087 113
internal_value=-0.000378923 -0.000444328 0.000121639 0.00103619 0.00194653 0.00103665 0.006275 -0.0012928 0.00176739 0.00313469 0.00179104 -0.000557176 -0.000231384 0.000208333
internal_weight=3823 3780 2268 966 691 572 119 1512 459 244 200 1302 1127 215
internal_count=3823 3780 2268 966 691 572 119 1512 459 244 200 1302 1127 215
is_linear=0
shrinkage=0.03


Tree=124
num_leaves=15
num_cat=0
split_feature=58 80 77 24 66 42 77 4 39 83 26 17 39 35
split_gain=1.39039 1.59884 1.2978 1.66897 2.03273 2.15918 1.52539 1.00745 1.27901 1.40026 1.48033 1.43444 1.4651 1.51177
threshold=242.47222447395328 -34.518487572669976 50.850534498691566 55.500000000000007 311.67719292640692 86.076736330986037 -118.72150576114653 3.5000000000000004 2454.0748203983303 183.08780026435855 71.500000000000014 42.500000000000007 1473.5192567868955 15.359212136041107
decision_type=10 8 10 2 8 10 10 2 8 8 2 2 10 10
left_child=1 -1 3 7 6 -6 -5 -3 9 10 -9 12 13 -11
right_child=-2 2 -4 4 5 -7 -8 8 -10 11 -12 -13 -14 -15
leaf_value=-0.66181295152765518 -0.39026164401916602 -0.89683426915181885 -0.52595116026316235 -0.39581790488193619 1.3740172279532679 0.11415175806711504 1.3312879741924928 0.60635778898248827 -0.15032785681219968 0.41502279625104171 -0.05300862391207746 -0.46795600908397106 0.65097782389198622 0.81593142618886905
leaf_weight=716 659 154 187 110 48 51 43 101 624 97 675 99 172 52
leaf_count=716 659 154 187 110 48 51 43 101 624 97 675 99 172 52
internal_value=-0.000425971 -0.000161982 0.000207539 0.000409519 0.00270356 0.00603 0.000525973 0.000115442 0.000313014 0.000887217 0.000131273 0.00228028 0.00325155 0.00542
internal_weight=3788 3129 2413 2226 252 99 153 1974 1820 1196 776 420 321 149
internal_count=3788 3129 2413 2226 252 99 153 1974 1820 1196 776 420 321 149
is_linear=0
shrinkage=0.03


Tree=125
num_leaves=15
num_cat=0
split_feature=30 37 8 50 8 49 82 71 48 35 82 26 62 83
split_gain=1.09263 1.22093 1.79856 2.37006 1.28664 1.72789 1.40733 1.61556 1.0797 0.87419 0.811253 1.74783 0.978646 0.934675
threshold=66.350000000000009 2253.7379144897664 4.8440375778244009 62.978373885154731 5.7313569727385891 7.5000000000000009 137.27425515651706 12.500000000000002 -185.59599506855008 21.202013888888896 -19.532269040743504 86.500000000000014 -0.25026840479727358 -63.22269427776336
decision_type=8 10 10 10 10 8 8 8 8 10 8 2 8 8
left_child=1 4 3 -3 8 6 7 -6 -1 -4 -10 -12 -13 -14
right_child=-2 2 9 -5 5 -7 -8 -9 10 -11 11 12 13 -15
leaf_value=0.77481893717060601 -0.78432815302932202 2.074423617198061 0.43128657622005867 -0.067353629116119723 0.52729580094650286 -0.20440558395006084 0.056163123122004395 1.2483885218498598 -0.748258722862439 -0.38453016028541259 -0.26494272854199441 0.26195713341508059 -0.49598640253925014 0.049452475718833523
leaf_weight=56 171 59 49 47 56 161 91 51 693 130 1023 60 216 969
leaf_count=56 171 59 49 47 56 161 91 51 693 130 1023 60 216 969
internal_value=-0.000471172 -0.000361279 0.00152098 0.00459813 -0.000520581 0.001175 0.00304523 0.00536111 -0.000722665 -0.000316667 -0.000801149 -0.000526224 0.000228731 3.79419e-05
internal_weight=3832 3661 285 106 3376 359 198 107 3017 179 2961 2268 1245 1185
internal_count=3832 3661 285 106 3376 359 198 107 3017 179 2961 2268 1245 1185
is_linear=0
shrinkage=0.03


Tree=126
num_leaves=15
num_cat=0
split_feature=0 75 85 77 27 85 41 41 61 25 77 61 33 35
split_gain=1.20841 1.2705 1.23688 1.19244 1.09496 1.04156 1.08067 1.20809 2.35484 2.55272 1.82834 1.67673 1.29803 1.40956
threshold=13.500000000000002 60.558657050132759 -288.69880616664881 -286.91039746999735 0.93817328854395932 -124.07147747278212 41.390168309211738 107.24660813808443 0.66961352546104502 0.88416815742397148 11.784121215343477 0.88565808976562865 10.892888563049853 11.763145161290323
decision_type=2 8 8 8 10 8 8 10 8 10 8 8 8 10
left_child=2 4 -1 -3 -2 -5 -7 8 -8 -10 11 -11 -9 -14
right_child=1 3 -4 5 -6 6 7 12 9 10 -12 -13 13 -15
leaf_value=2.0576817818278195 -0.67291877920135201 -0.87954927703720043 -0.40388449341624283 1.0970053661114212 0.098616744328703876 -0.15248643047540059 0.080927064235941801 -0.17167789233348893 -0.056776373576500672 1.209204713152024 0.11611569608116074 4.8399752735419073 1.230511137763364 0.015412347935695426
leaf_weight=42 355 131 1697 59 72 380 293 218 56 46 59 40 77 365
leaf_count=42 355 131 1697 59 72 380 293 218 56 46 59 40 77 365
internal_value=-0.000393216 8.22484e-05 -0.000981035 0.000445217 -0.00138084 0.000671894 0.000519869 0.000976623 0.00209697 0.00458911 0.00667808 0.00944828 0.000136157 0.00106998
internal_weight=3890 2151 1739 1724 427 1593 1534 1154 494 201 145 86 660 442
internal_count=3890 2151 1739 1724 427 1593 1534 1154 494 201 145 86 660 442
is_linear=0
shrinkage=0.03


Tree=127
num_leaves=15
num_cat=0
split_feature=26 67 71 77 81 35 77 51 77 4 26 85 8 61
split_gain=1.48862 1.54083 1.30732 2.63465 2.23845 1.87559 1.3603 1.29395 0.948636 1.32436 1.84072 1.06706 0.833591 0.780133
threshold=64.500000000000014 -96.126303315162644 6.5000000000000009 -202.1419001817703 5070.6015328168878 13.341607142857145 -244.4408195018768 305.53867006301886 96.784004092216506 9.5000000000000018 88.500000000000014 -234.17826902866361 5.917610112545316 0.33905211302087052
decision_type=2 8 10 8 8 10 8 10 10 2 2 8 10 10
left_child=12 -2 3 -3 -5 -6 -4 8 9 11 -11 -8 -1 -13
right_child=1 2 6 4 5 -7 7 -9 -10 10 -12 13 -14 -15
leaf_value=-0.68333785033443273 -0.93153216236717595 2.2388219670986875 -0.95161619570961031 1.0716278272586697 -0.54899194197977752 0.67971004495665532 1.9725963587044408 1.8796526770503805 -0.60363977417622006 -0.078441849945408204 1.1028831779560799 -0.081318204925613299 0.31595582112785431 0.057264181171410793
leaf_weight=467 423 68 331 55 239 68 48 43 154 51 55 1030 49 727
leaf_count=467 423 68 331 55 239 68 48 43 154 51 55 1030 49 727
internal_value=-0.000337097 -0.000102035 0.000147386 0.00167053 0.000644627 -0.00036039 -0.000121722 0.000159316 5.08221e-05 0.000233786 0.00347663 4.15275e-05 -0.00183366 -8.02055e-05
internal_weight=3808 3292 2869 430 362 307 2439 2108 2065 1911 106 1805 516 1757
internal_count=3808 3292 2869 430 362 307 2439 2108 2065 1911 106 1805 516 1757
is_linear=0
shrinkage=0.03


Tree=128
num_leaves=15
num_cat=0
split_feature=42 80 54 17 26 3 28 38 3 57 3 76 63 63
split_gain=1.0619 1.07623 1.30903 1.77564 1.50359 1.89143 3.00179 2.49364 1.2381 1.1487 1.82334 1.61843 1.04075 1.0751
threshold=-228.95544385910031 -15.897557258605955 990.00000000000011 35.000000000000007 62.500000000000007 17.375000000000004 199.50000000000003 3152.2655762455511 6.9583333333430355 8.5000000000000018 11.625000000000002 197.71731877326968 -54.502347925649012 310.8112435235696
decision_type=8 8 10 2 2 2 2 10 2 8 2 10 8 8
left_child=-1 -2 3 4 -3 9 -7 -8 -5 -6 11 12 -11 -14
right_child=1 2 -4 8 5 6 7 -9 -10 10 -12 -13 13 -15
leaf_value=0.29336733643227703 -0.51981097289878064 1.9956670065515345 -0.15654725165811725 -0.75628574955257166 -0.13062140396958696 -0.011447838459901719 1.1623325656046011 1.52907346735414 0.027687773720024497 1.2736787118223936 -0.29669598489053545 0.94202939024846144 -0.12893585590989781 0.39967735118054948
leaf_weight=77 970 42 863 253 358 97 49 40 786 40 105 52 69 49
leaf_count=77 970 42 863 253 358 97 49 40 786 40 105 52 69 49
internal_value=-0.000272657 -0.000344198 -4.60064e-05 0.000386398 0.00136031 0.00108488 0.00375401 0.0077 -0.000458655 0.000342729 0.00166139 0.00327014 0.00173585 0.00030252
internal_weight=3850 3773 2803 1940 901 859 186 89 1039 673 315 210 158 118
internal_count=3850 3773 2803 1940 901 859 186 89 1039 673 315 210 158 118
is_linear=0
shrinkage=0.03


Tree=129
num_leaves=15
num_cat=0
split_feature=4 60 1 62 5 26 76 81 34 51 34 15 37 14
split_gain=1.27885 1.30101 1.11177 1.35975 1.4414 1.1091 2.9783 1.26879 1.44499 0.995904 0.957783 1.13555 1.35656 1.0421
threshold=4.5000000000000009 -34.78967368602752 659.08346462249767 0.22847935199756536 2.4722244739532475 86.500000000000014 277.91035938262945 5070.6015328168878 0.12158167036215818 82.452883243560805 0.70185185185185195 22.500000000000004 1871.5589769507733 295.46163900987386
decision_type=2 8 2 10 8 2 10 10 8 8 10 2 8 10
left_child=-1 -2 3 4 -3 10 7 8 -7 -10 11 -6 -13 -12
right_child=1 2 -4 -5 5 6 -8 -9 9 -11 13 12 -14 -15
leaf_value=-0.67107764965182881 -0.78787001831981196 1.4758824708692277 -0.048671279081437278 -0.62811896928546718 -0.65824595137932684 0.90840689466556601 1.1143264313096568 -0.24089149021364775 0.395605995016652 -0.57497280025358755 1.3427538039463625 -0.29323069108866257 0.50358263655876823 -0.092556128618775879
leaf_weight=499 545 59 1529 125 231 40 48 194 296 42 40 49 61 73
leaf_count=499 545 59 1529 125 231 40 48 194 296 42 40 49 61 73
internal_value=-0.000439197 -0.000226823 3.55086e-05 0.00069579 0.00102381 0.000770232 0.0015942 0.000984292 0.00199472 0.00134513 -0.000356045 -0.00114912 0.00135135 0.00202632
internal_weight=3831 3332 2787 1258 1133 1074 620 572 378 338 454 341 110 113
internal_count=3831 3332 2787 1258 1133 1074 620 572 378 338 454 341 110 113
is_linear=0
shrinkage=0.03


Tree=130
num_leaves=15
num_cat=0
split_feature=67 26 71 32 3 61 13 56 62 62 44 83 29 56
split_gain=1.09982 1.33468 1.68501 1.26543 1.24884 1.12677 1.55937 1.29906 1.02861 1.40403 1.53079 1.01288 1.10361 1.0063
threshold=-96.126303315162644 138.50000000000003 6.5000000000000009 0.051315789473684217 0.70833333334303472 0.66423433508119778 150.00000000000003 -141.22795947392777 0.16221737705717931 0.042898378633112515 119.72183811664583 5.2649759054183969 0.61764189070462139 60.436603188514717
decision_type=8 2 10 10 2 10 10 8 10 8 10 10 10 10
left_child=-1 3 -3 -2 -4 7 8 -5 9 -7 -11 12 -9 -13
right_child=1 2 4 5 -6 6 -8 11 -10 10 -12 13 -14 -15
leaf_value=-0.88312659273789895 -0.52173842307865004 1.1621399972004229 0.91647156397134399 1.7808022597984943 0.012432196851441873 0.1778088492594235 -0.92604087511881039 0.11839119491827386 -0.26226769044220344 1.1047553051142243 0.13420681828759859 -0.1103419769672658 -0.47028319777738747 0.51102315749262595
leaf_weight=421 540 43 42 44 537 187 112 41 66 72 87 357 1110 223
leaf_count=421 540 43 42 44 537 187 112 41 66 72 87 357 1110 223
internal_value=-0.000480557 -0.00030416 0.00095345 -0.00057993 0.000522413 -0.000272609 0.000948571 -0.000633447 0.00180145 0.00245533 0.00451875 -0.000763858 -0.00127865 0.000258175
internal_weight=3882 3461 622 2839 579 2299 524 1775 412 346 159 1731 1151 580
internal_count=3882 3461 622 2839 579 2299 524 1775 412 346 159 1731 1151 580
is_linear=0
shrinkage=0.03


Tree=131
num_leaves=15
num_cat=0
split_feature=80 56 56 80 83 66 77 38 39 67 22 35 77 82
split_gain=1.26088 0.95045 2.62561 1.40125 2.11068 1.86573 0.949203 0.944092 1.21916 4.17809 1.37013 0.89831 0.882475 1.33779
threshold=99.379082083702102 55.310460090637214 67.592612663904845 167.08415758609775 -16.603446841239926 1094.9079445600512 -120.90247732400893 2487.7218150629637 2054.4928767943197 141.82127556380098 9.7657687664032 20.00793650793651 106.79547423124315 -74.102843920389788
decision_type=10 10 10 10 8 8 8 10 10 10 2 10 8 8
left_child=6 -2 -3 4 -4 -6 -1 -8 9 10 11 -9 13 -10
right_child=1 2 3 -5 5 -7 7 8 12 -11 -12 -13 -14 -15
leaf_value=-0.38883952895596446 -0.045381439279558775 2.1896894165809169 -0.45011575272645415 -0.090031847667980697 1.4141059624927625 0.037856056763584667 -0.24547487864033349 -0.29213632250117211 0.28800143872977896 1.4267515830516588 0.90751385926801764 0.32214204575784161 -0.44657183718478549 -0.011437746162273452
leaf_weight=1245 394 43 44 200 49 48 834 234 42 41 62 66 225 292
leaf_count=1245 394 43 44 200 49 48 834 234 42 41 62 66 225 292
internal_value=-0.000376179 0.000700898 0.00176104 0.00086842 0.00314789 0.00560204 -0.000651874 -0.000210351 0.000429906 0.00168564 0.000644627 -0.000199336 -0.000476786 0.000501492
internal_weight=3819 778 384 341 141 97 3041 1796 962 403 362 300 559 334
internal_count=3819 778 384 341 141 97 3041 1796 962 403 362 300 559 334
is_linear=0
shrinkage=0.03


Tree=132
num_leaves=15
num_cat=0
split_feature=4 17 38 67 38 70 70 17 29 8 28 3 84 29
split_gain=1.3243 1.62245 0.893971 1.30353 1.90024 2.22051 1.76422 1.73074 1.59324 0.76729 0.716469 0.603278 1.06826 0.990352
threshold=9.5000000000000018 39.500000000000007 6322.489445363738 66.712296694078873 4038.7453531603019 0.93933823529411775 0.46410256410256417 25.500000000000004 0.92502927400468404 6.659732622603669 287.50000000000006 17.208333333343038 150.56124365329745 0.93026373215287739
decision_type=2 2 8 8 10 8 8 2 10 10 2 2 10 10
left_child=2 -2 3 -1 6 -6 -5 -7 -9 11 -3 12 13 -8
right_child=1 10 -4 4 5 7 9 8 -10 -11 -12 -13 -14 -15
leaf_value=-0.39079315983795648 1.2679054844139386 -0.55203213400032014 -0.57214075005152465 0.2708955105879774 -0.26298859595543933 0.1828919953784201 0.019187090797000719 0.41584708379425256 1.883012211093074 0.66116973211281627 0.37082750435014322 -0.25980094938669579 1.6506272469298293 -0.39141398770225722
leaf_weight=935 75 101 349 57 72 58 848 44 46 62 51 557 71 464
leaf_count=935 75 101 349 57 72 58 848 44 46 62 51 557 71 464
internal_value=-0.000466896 0.00175 -0.000608587 -0.000451634 -6.44744e-05 0.00257918 -0.000348059 0.00467114 0.00725275 -0.000497255 -3.92164e-05 -0.000602783 -0.000266619 -0.000461539
internal_weight=3790 227 3563 3214 2279 220 2059 148 90 2002 152 1940 1383 1312
internal_count=3790 227 3563 3214 2279 220 2059 148 90 2002 152 1940 1383 1312
is_linear=0
shrinkage=0.03


Tree=133
num_leaves=15
num_cat=0
split_feature=1 67 63 61 25 63 0 39 3 3 57 79 77 81
split_gain=1.07125 1.1173 1.08462 1.01806 1.53778 0.994313 1.46567 1.38896 1.54888 2.4897 1.39674 1.41358 1.35801 0.945212
threshold=659.08346462249767 128.40027550525141 45.985575956850944 0.34637731036753067 0.89596861471861489 221.8192991023582 219.50000000000003 1906.7528096026003 11.625000000000002 10.375000000000002 7.5000000000000009 15.452574356626435 -43.542308747768395 3767.1098896265034
decision_type=2 10 10 8 10 10 2 8 2 2 8 8 10 10
left_child=5 -2 -3 4 -4 6 7 8 9 10 -1 -12 13 -10
right_child=1 2 3 -5 -6 -7 -8 -9 12 -11 11 -13 -14 -15
leaf_value=-0.88108653464828668 -0.31746365007205302 0.92627982703196998 0.53571229150062749 -0.17221735669280805 -0.092295359625191614 -0.23615854557606719 0.80652438602417065 -0.15077655174191704 0.16569603137363129 0.95301439859617421 -0.097958427155150657 1.1405171242987313 1.0802346150270641 -0.64803318763917472
leaf_weight=57 1827 40 54 184 88 267 77 609 153 46 52 79 45 251
leaf_count=57 1827 40 54 184 88 267 77 609 153 46 52 79 45 251
internal_value=-0.000555353 -0.000988606 0.00052316 -5.50466e-05 0.00184615 2.5656e-05 0.000352554 0.000111368 0.00103947 0.00301277 0.00146032 0.00315909 6.66595e-06 -0.000548149
internal_weight=3829 2193 366 326 142 1636 1369 1292 683 234 188 131 449 404
internal_count=3829 2193 366 326 142 1636 1369 1292 683 234 188 131 449 404
is_linear=0
shrinkage=0.03


Tree=134
num_leaves=15
num_cat=0
split_feature=3 16 30 61 64 61 85 15 53 16 59 3 30 59
split_gain=1.0448 1.50842 2.26464 1.20933 0.809818 0.844408 1.09461 0.719268 0.711441 1.28446 1.94522 0.898894 0.827789 0.849637
threshold=20.458333333343038 12.500000000000002 17.950000000000003 0.063205065545204428 6.4866600770735925 0.87712349887605245 -94.438211878140763 6.5000000000000009 6.5000000000000009 28.500000000000004 208.91311836242679 8.1250000000000018 66.350000000000009 225.73015666007998
decision_type=2 2 10 10 8 8 10 2 8 2 10 2 10 8
left_child=8 2 3 -2 -3 6 -6 -7 9 11 -11 -1 13 -10
right_child=1 4 -4 -5 5 7 -8 -9 12 10 -12 -13 -14 -15
leaf_value=0.11747493804318936 1.3104567413952357 -0.6789847592678302 -0.094148364091929962 0.61437866132656271 0.33976846637376706 -0.8851705172242903 0.011392619472628072 0.32387198306076576 -0.028477756646251642 -0.43036983296981896 2.5784352547589817 -1.077807280538877 -0.6496054993593765 0.43394391663943982
leaf_weight=78 43 122 82 45 40 65 57 41 2269 149 70 486 143 105
leaf_count=78 43 122 82 45 40 65 57 41 2269 149 70 486 143 105
internal_value=-0.000407008 0.000877015 0.00315789 0.00647191 -0.000322087 0.000838235 0.00284694 -0.00100935 -0.000599819 -0.00138903 0.00055909 -0.00214513 -0.000353853 -0.00021979
internal_weight=3795 495 170 88 325 203 97 106 3300 783 219 564 2517 2374
internal_count=3795 495 170 88 325 203 97 106 3300 783 219 564 2517 2374
is_linear=0
shrinkage=0.03


Tree=135
num_leaves=15
num_cat=0
split_feature=17 17 3 39 38 17 85 83 16 26 41 7 45 0
split_gain=1.27878 1.7455 2.35703 1.81781 1.70017 0.947433 1.25377 1.79339 3.13973 1.3668 2.72014 2.5327 1.21974 1.05978
threshold=16.500000000000004 21.500000000000004 10.791666666656967 965.45711360630082 2094.9073063351784 41.500000000000007 -124.07147747278212 -141.57078766822812 21.500000000000004 138.50000000000003 122.90904271602632 3616.7276424581 9.5000000000000018 341.50000000000006
decision_type=2 2 2 10 8 2 10 8 2 2 10 10 8 2
left_child=-1 2 -2 -4 -5 6 7 8 -3 12 11 -11 -9 -8
right_child=1 5 3 4 -6 -7 13 9 -10 10 -12 -13 -14 -15
leaf_value=-0.57705236123790737 -0.37933698002071092 -0.015922393172307783 -0.063909074052354881 1.8958934306709097 0.49074179095633663 -0.21289165026828044 -0.14093069627404634 -0.60746145528440265 3.0029364480507583 1.4541001205089676 -1.0593219436270507 0.029464878699828952 0.6828736521699611 0.48979110444961915
leaf_weight=492 77 47 44 40 51 1432 944 289 43 47 44 41 183 71
leaf_count=492 77 47 44 40 51 1432 944 289 43 47 44 41 183 71
internal_value=-0.00047192 -0.000262076 0.0023662 0.00474265 0.0071413 -0.000440166 3.68414e-05 0.0010187 0.00494505 0.000426446 0.00311278 0.00613483 -0.00032981 -0.000634843
internal_weight=3845 3353 212 135 91 3141 1709 694 90 604 132 88 472 1015
internal_count=3845 3353 212 135 91 3141 1709 694 90 604 132 88 472 1015
is_linear=0
shrinkage=0.03


Tree=136
num_leaves=15
num_cat=0
split_feature=0 4 72 0 81 43 77 63 3 74 73 22 28 5
split_gain=1.02464 0.965278 1.14585 1.09582 1.06227 1.18694 1.30992 1.41334 1.49713 2.16754 1.52082 1.45759 1.42947 1.02788
threshold=-214.49999999999997 4.5000000000000009 45.423985242843635 389.50000000000006 5070.6015328168878 1570.1269005527431 -190.39628857374188 235.53359392168804 15.208333333343036 1844.8099014392903 4.885270595550538 11.943318128585817 221.50000000000003 113.47129118442537
decision_type=2 2 10 2 10 10 10 10 2 8 10 2 2 8
left_child=-1 2 -2 4 5 6 13 8 11 -10 12 -8 -11 -3
right_child=1 3 -4 -5 -6 -7 7 -9 9 10 -12 -13 -14 -15
leaf_value=0.99890822203384877 -0.75093657459527297 -0.19490927869396066 3.5407750388523036 0.91160042829743582 -0.20082624110500866 -0.57866557915846539 -0.033473759125718747 -0.071447092706897003 -0.2779029730772607 1.3530779196615021 0.070667990756170376 0.86033740384652813 1.0399071467299381 0.096375881994388179
leaf_weight=41 450 730 47 57 1412 185 279 165 65 52 50 40 100 157
leaf_count=41 450 730 47 57 1412 185 279 165 65 52 50 40 100 157
internal_value=-0.000446359 -0.00049789 -0.00172892 -0.000311571 -0.000384735 9.37493e-05 0.000351433 0.00127261 0.00196252 0.00361567 0.00514286 0.000571874 0.00662745 -0.000429055
internal_weight=3830 3789 497 3292 3235 1823 1638 751 586 267 202 319 152 887
internal_count=3830 3789 497 3292 3235 1823 1638 751 586 267 202 319 152 887
is_linear=0
shrinkage=0.03


Tree=137
num_leaves=15
num_cat=0
split_feature=0 4 43 17 72 27 68 29 77 36 40 82 34 8
split_gain=1.34132 1.19804 1.04369 1.29844 0.872475 1.31825 0.824978 0.794503 1.11327 2.09834 2.32938 1.60171 0.910845 1.38192
threshold=-214.49999999999997 4.5000000000000009 11.278484205491464 39.500000000000007 65.779366493225112 0.93623797262501707 -0.21505974883563392 0.91264255734090827 -8.9835835099220258 0.30395962732919263 529.14072702647866 143.17034693559012 0.18441295546558709 5.917610112545316
decision_type=2 2 10 2 8 10 8 10 10 10 10 8 10 10
left_child=-1 4 3 -3 5 -2 -4 -8 12 10 -10 -12 -9 -14
right_child=1 2 6 -5 -6 -7 7 8 9 -11 11 -13 13 -15
leaf_value=0.96894126590204921 1.9657732937992169 0.97171271336894038 -0.33142570537602045 -0.31948916013983703 -0.72468252395490984 -1.4359902518153347 -0.15538097038871326 -0.49349073384866105 1.753658380432477 -0.071593349337082834 0.48629391127508304 -0.17837422318230528 -0.0085465189336053297 1.0898131294694731
leaf_weight=41 43 76 231 44 396 54 1578 191 43 158 57 79 775 47
leaf_count=41 43 76 231 44 396 54 1578 191 43 158 57 79 775 47
internal_value=-0.000403514 -0.000462762 -0.000255184 0.00247934 -0.00184008 0.000704081 -0.000359811 -0.000223285 0.00031088 0.00180177 0.00401667 0.00205839 -0.000186391 0.000247873
internal_weight=3813 3772 3279 120 493 97 3159 2928 1350 337 179 136 1013 822
internal_count=3813 3772 3279 120 493 97 3159 2928 1350 337 179 136 1013 822
is_linear=0
shrinkage=0.03


Tree=138
num_leaves=15
num_cat=0
split_feature=36 0 38 71 56 43 20 85 77 14 81 4 25 56
split_gain=1.07088 0.962019 0.813281 1.7474 1.40326 1.34087 1.23522 2.95628 1.04111 1.11481 0.776576 0.629725 0.838916 1.051
threshold=0.13359580052493442 -202.49999999999997 3152.2655762455511 7.5000000000000009 31.083050568898521 535.81628550991888 626.67701900005352 -118.22305071353911 -118.72150576114653 455.63683804149679 3696.7420524358754 3.5000000000000004 0.93569065343258895 96.936377406120315
decision_type=10 2 10 10 10 10 8 10 10 10 8 2 10 8
left_child=10 -2 11 4 -4 6 7 -5 -8 -10 -1 -3 -13 -14
right_child=1 2 3 5 -6 -7 8 -9 9 -11 -12 12 13 -15
leaf_value=0.1834753548894659 0.58049622479677943 -0.90988858379330051 0.042411714767011027 1.2126555423295939 1.3641072437995254 -0.18055126045689379 -0.18998186700652958 -0.17604554268658157 1.0622256659977103 -0.18522883571635052 -0.44558400374232315 -0.16457794712886012 0.21582203459216612 -0.15284549442252382
leaf_weight=45 46 273 46 40 41 375 239 44 75 53 631 1329 403 233
leaf_count=45 46 273 46 40 41 375 239 44 75 53 631 1329 403 233
internal_value=-0.000405008 -0.000175423 -0.000238897 0.000515317 0.00453409 8.7061e-05 0.00118805 0.00444706 0.000432065 0.00260465 -0.00148892 -0.000546673 -0.000358597 0.000536891
internal_weight=3873 3197 3151 913 87 826 451 84 367 128 676 2238 1965 636
internal_count=3873 3197 3151 913 87 826 451 84 367 128 676 2238 1965 636
is_linear=0
shrinkage=0.03


Tree=139
num_leaves=15
num_cat=0
split_feature=0 76 34 75 76 77 14 3 79 34 24 34 66 0
split_gain=1.00983 1.581 1.14611 1.01331 1.88383 1.87007 2.67142 1.23825 1.22865 0.822123 0.955807 0.945873 1.13729 1.55184
threshold=58.500000000000007 -100.69896233081816 0.95553359683794481 1134.4753245115282 1303.3020354509356 -69.598561823368058 332.96059217307328 21.208333333343038 13.362584575102854 0.38935969868173265 71.500000000000014 0.36140661938534285 618.84322929382336 149.50000000000003
decision_type=2 10 8 8 10 10 10 2 8 10 2 10 10 2
left_child=3 2 9 4 5 -1 -7 -5 -9 10 11 12 13 -2
right_child=1 -3 -4 7 -6 6 -8 8 -10 -11 -12 -13 -14 -15
leaf_value=-0.47573829689679464 0.013935502048843029 -0.22189869400850892 1.1961986373244791 -0.37214933843942061 1.2195556594408203 1.7179544206048876 -0.36731794127413736 0.81732655917854591 -0.19798981447403388 -0.15053998342062744 -0.47910259893608204 1.0607839676640993 -0.3585905235856176 0.45987819804308361
leaf_weight=372 375 500 51 1690 51 46 60 44 40 197 51 41 59 270
leaf_count=372 375 500 51 1690 51 46 60 44 40 197 51 41 59 270
internal_value=-0.000465437 0.000128155 0.000792344 -0.000863282 0.000288679 -0.000300627 0.00319626 -0.00120676 0.00232941 0.000564386 0.000993726 0.00126676 0.00100425 0.00136997
internal_weight=3847 1544 1044 2303 529 478 106 1774 84 993 796 745 704 645
internal_count=3847 1544 1044 2303 529 478 106 1774 84 993 796 745 704 645
is_linear=0
shrinkage=0.03


Tree=140
num_leaves=15
num_cat=0
split_feature=17 48 4 17 3 75 68 71 3 56 0 70 26 60
split_gain=0.973276 0.981445 1.09576 1.57104 1.36667 1.00205 1.7857 1.42881 0.788224 1.50171 0.764893 1.28511 1.16033 1.33773
threshold=16.500000000000004 32.815857688585922 6.5000000000000009 21.500000000000004 14.375000000000002 980.92421007156383 -0.13709970557503828 11.500000000000002 10.958333333343036 76.814218640327468 1.0000000180025095e-35 0.76696832579185525 120.50000000000001 33.675532102584846
decision_type=2 8 2 2 2 8 8 8 2 8 2 10 2 10
left_child=-1 5 8 4 -4 6 -2 -8 9 -3 -5 12 13 -12
right_child=1 2 3 10 -6 -7 7 -9 -10 -11 11 -13 -14 -15
leaf_value=-0.54470897570757593 0.70574719142100628 4.7130708632678822 0.19971608183614489 -0.49539357282529112 2.0490845780941154 -0.28248978232505584 1.3280774849230261 -0.47524665272813232 -0.29269417280823973 -0.16897671467584888 0.93880707882670411 0.0029488713337876937 1.2019232634783612 -0.068997764714226903
leaf_weight=469 79 47 40 183 41 1187 60 201 332 177 66 767 40 118
leaf_count=469 79 47 40 183 41 1187 60 201 332 177 66 767 40 118
internal_value=-0.000438814 -0.000258761 0.000213575 0.000704617 0.00471951 -0.000818718 0.000615835 -0.00058397 -0.000894076 0.000479999 0.000423829 0.000753023 0.00274667 0.00171892
internal_weight=3807 3338 1811 1255 81 1527 340 261 556 224 1174 991 224 184
internal_count=3807 3338 1811 1255 81 1527 340 261 556 224 1174 991 224 184
is_linear=0
shrinkage=0.03


Tree=141
num_leaves=15
num_cat=0
split_feature=26 76 85 74 38 72 31 13 26 60 31 77 26 54
split_gain=1.02331 1.36899 1.00629 1.58123 1.16001 1.15243 1.30225 1.29626 1.18275 0.992228 1.88135 1.68322 1.29906 0.949067
threshold=64.500000000000014 2912.6329948902135 17.156591018040981 46.913695152474382 4545.6710666402914 -64.826420783996568 16.218333333333337 90.000000000000014 83.500000000000014 162.05481624603274 12.108712121212124 -291.74999999999994 124.50000000000001 930.00000000000011
decision_type=2 10 8 8 8 8 10 10 2 8 10 10 2 10
left_child=13 2 3 -2 -5 6 7 -4 -7 10 11 -10 -13 -1
right_child=1 -3 5 4 -6 8 -8 -9 9 -11 -12 12 -14 -15
leaf_value=0.097009048716565932 1.6076422421194623 4.9529956036374587 0.86512332292071903 -0.51944122359884304 0.57585136834069917 -0.24450382353424294 -0.5768981617221417 0.21555775554099529 -0.078504043510202098 -0.023413205144484948 0.027524315825440102 1.0015625185363248 0.55563441280803472 -0.54881929999474988
leaf_weight=128 62 61 43 1016 70 577 40 42 58 713 520 77 53 417
leaf_count=128 62 61 43 1016 70 577 40 42 58 713 520 77 53 417
internal_value=-0.000307118 -0.000109812 -0.00019346 -0.000908617 -0.00117571 0.000193502 0.00297619 0.00505814 1.80083e-05 0.000483122 0.00127786 0.00384127 0.00572519 -0.00151099
internal_weight=3877 3332 3271 1148 1086 2123 125 85 1998 1421 708 188 130 545
internal_count=3877 3332 3271 1148 1086 2123 125 85 1998 1421 708 188 130 545
is_linear=0
shrinkage=0.03


Tree=142
num_leaves=15
num_cat=0
split_feature=4 51 27 43 0 62 33 54 33 39 29 0 67 76
split_gain=1.09287 1.177 1.60751 1.04807 1.25122 1.13398 2.11803 1.08675 1.5812 1.5578 2.16791 1.26218 0.991161 0.884545
threshold=4.5000000000000009 31.371687412261966 0.92376916868442305 15.029813630428155 172.50000000000003 0.017209902641105782 0.44000000000000006 990.00000000000011 10.892888563049853 2897.5584050073321 0.92539052986814185 394.50000000000006 249.22446274509039 277.91035938262945
decision_type=2 10 10 10 2 8 10 10 10 10 10 2 8 10
left_child=1 -1 -3 5 13 -2 -7 8 -6 10 -10 -9 -11 -5
right_child=3 2 -4 4 7 6 -8 11 9 12 -12 -13 -14 -15
leaf_value=-0.85002011930599741 -0.16590762512229679 5.5397583863185336 -0.91187868177066944 -0.1608687356140184 -0.23436192490258964 -0.60108173060434511 1.2844238949842197 -0.11792677196647748 0.077056909694626544 0.45332213181122788 1.1378512251999382 0.57695431029724531 -0.18533460693216344 0.071623475867501091
leaf_weight=374 63 41 72 2268 77 45 62 173 42 61 40 56 71 353
leaf_count=374 63 41 72 2268 77 45 62 173 42 61 40 56 71 353
internal_value=-0.000377468 -0.00170287 0.000973684 -0.000182066 -0.000306493 0.00210526 0.00397222 0.00103647 0.00225 0.00357209 0.00679518 -0.000508696 0.00153383 -0.000573227
internal_weight=3798 487 113 3311 3141 170 107 520 291 214 82 229 132 2621
internal_count=3798 487 113 3311 3141 170 107 520 291 214 82 229 132 2621
is_linear=0
shrinkage=0.03


Tree=143
num_leaves=15
num_cat=0
split_feature=45 29 35 83 25 3 60 44 59 17 71 63 3 80
split_gain=1.23386 1.29085 0.831181 1.77765 2.95099 0.878804 1.17302 0.880935 0.825003 0.984544 1.18527 0.80307 0.75644 0.719486
threshold=6.5000000000000009 0.91389144142716827 21.202013888888896 -103.5653610229492 0.95101959216313481 9.6250000000000018 138.94678008556369 11.242655277252199 266.67701900005346 35.000000000000007 11.500000000000002 242.5817613749619 8.1250000000000018 79.979851722717299
decision_type=8 10 10 10 8 2 8 10 10 2 10 8 2 8
left_child=8 -2 5 4 -4 6 -3 -7 12 -10 -11 -8 -1 -9
right_child=1 2 3 -5 -6 7 11 13 9 10 -12 -13 -14 -15
leaf_value=0.10839286042323623 -0.117869904866141 -0.98465421906170303 1.3535286224207148 -0.18821653501217092 -0.34744113794807507 -0.48633802831325923 1.0250520049700955 0.0063699508344997472 -0.99862094091254128 2.8429420125965219 -0.35396998343965719 -0.35249086286082981 -0.78502114641433485 0.47392882981505308
leaf_weight=69 1646 170 57 76 43 81 40 424 138 42 43 119 529 379
leaf_count=69 1646 170 57 76 43 81 40 424 138 42 43 119 529 379
internal_value=-0.000432461 -0.000153163 0.000520143 0.00244068 0.0050495 0.000239703 -0.00108182 0.000732203 -0.0014635 9.37493e-05 0.00261628 0.000768749 -0.00204341 0.00103358
internal_weight=3856 3035 1389 176 100 1213 329 884 821 223 85 159 598 803
internal_count=3856 3035 1389 176 100 1213 329 884 821 223 85 159 598 803
is_linear=0
shrinkage=0.03


Tree=144
num_leaves=15
num_cat=0
split_feature=29 4 48 85 74 70 84 84 70 81 8 82 65 60
split_gain=0.973081 1.08661 1.47259 1.44745 1.1859 1.01318 0.966238 1.27238 0.897826 0.851944 1.60598 2.2617 1.09207 1.04724
threshold=0.1559678802525922 6.5000000000000009 37.264665166536979 -258.05809517701459 43.859234170522576 0.11805555555555557 41.962059736251838 49.811008473237358 0.2752525252525253 5070.6015328168878 4.3440792300536479 152.70632143815359 0.91360199949024012 91.035918593406691
decision_type=10 2 8 8 8 8 8 8 10 8 10 10 10 10
left_child=-1 -2 3 -3 -5 -4 8 -8 -6 10 12 -12 -7 -14
right_child=1 2 5 4 6 9 7 -9 -10 -11 11 -13 13 -15
leaf_value=-0.60806953109299677 -0.26578907148128922 1.427212661340584 0.69166677078917682 0.38334463072917624 0.097634358970866961 -0.11287151508678372 1.0443977082224962 -0.07836807398666186 -0.87844086524069553 -0.0013815048247800556 1.2222952022038791 -0.11564310108955539 -0.26054619734147622 0.92094798990347526
leaf_weight=171 1147 42 43 42 48 184 42 623 517 764 74 48 49 44
leaf_count=171 1147 42 43 42 48 184 42 623 517 764 74 48 49 44
internal_value=-0.000428237 -0.000324701 2.37994e-05 -0.000670723 -0.000853104 0.000780447 -0.00102356 -0.000247748 -0.00193463 0.000610824 0.0017325 0.00458537 0.000464028 0.00309574
internal_weight=3838 3667 2520 1314 1272 1206 1230 665 565 1163 399 122 277 93
internal_count=3838 3667 2520 1314 1272 1206 1230 665 565 1163 399 122 277 93
is_linear=0
shrinkage=0.03


Tree=145
num_leaves=15
num_cat=0
split_feature=4 33 42 75 36 56 51 75 41 85 28 60 75 37
split_gain=0.870763 0.732715 1.28133 1.31887 0.890715 0.71695 0.695386 1.22734 0.671682 1.80111 0.882408 0.673152 0.959287 0.87052
threshold=4.5000000000000009 1.5164502164502167 80.911804437637343 1233.3798408508303 0.99305555555555569 -116.69433482487995 362.44134294986731 1146.9805258512499 -94.766748785972581 3.4420584440231301 209.50000000000003 371.44825458526617 7.1563892364501962 2793.4067995448781
decision_type=2 8 10 8 10 10 10 10 8 8 2 8 10 10
left_child=6 2 3 -2 -5 -3 -1 -8 9 10 -7 12 13 -10
right_child=1 5 -4 4 -6 8 7 -9 11 -11 -12 -13 -14 -15
leaf_value=-0.75942842296041668 1.7569914728779787 -0.4975256012757247 -0.33555740837240128 0.93571855358258238 -0.36590185865785579 -0.92062498594671383 3.7570973044361589 -1.5785987524658847 -0.036745585878380928 0.80813035381437714 0.48595037041677153 -0.14034768715041079 0.6020620804556206 0.44889856223156738
leaf_weight=410 48 340 103 70 62 68 46 42 1880 42 46 586 40 49
leaf_count=410 48 340 103 70 62 68 46 42 1880 42 46 586 40 49
internal_value=-0.000502479 -0.000327437 0.00113028 0.00265193 0.00108271 -0.000462976 -0.00167134 0.000741572 -0.000299779 0.00160509 -0.000365218 -0.000416667 -0.000150762 -0.000247151
internal_weight=3832 3334 283 180 132 3051 498 88 2711 156 114 2555 1969 1929
internal_count=3832 3334 283 180 132 3051 498 88 2711 156 114 2555 1969 1929
is_linear=0
shrinkage=0.03


Tree=146
num_leaves=15
num_cat=0
split_feature=81 50 46 53 3 63 66 17 61 65 62 48 41 3
split_gain=1.1482 0.695597 2.68136 0.757319 1.01026 1.05229 0.705123 0.666959 0.691221 0.909525 1.15008 0.948657 1.24613 1.99273
threshold=1639.4267635345461 2384.2843724489217 3090.0000000000005 6.5000000000000009 8.1250000000000018 -21.385027240972118 618.84322929382336 15.500000000000002 0.63869556650051684 1.07625991853548 0.18106774796326536 -80.960208694140093 119.37001323699953 7.7083333333430355
decision_type=8 10 10 8 2 10 10 2 10 10 10 10 10 2
left_child=-1 2 3 4 5 -2 7 -5 -9 10 11 -10 13 -13
right_child=1 -3 -4 6 -6 -7 -8 8 9 -11 -12 12 -14 -15
leaf_value=0.37028961220546003 0.3807144535349406 -0.83091070238273268 4.0395599276056373 -0.64305919055928595 -0.77479237954724223 -0.032627407928017403 -0.38488596228922251 -0.081302556857399122 -0.63707284287906873 -0.80210819785037968 -0.20294351226440649 -0.33891793988869068 -0.043869368072846866 0.84401760913651658
leaf_weight=89 49 166 75 200 621 52 124 1872 45 82 65 44 105 201
leaf_count=89 49 166 75 200 621 52 124 1872 45 82 65 44 105 201
internal_value=-0.000648906 -0.000730147 -0.000640555 -0.000762786 -0.00162656 0.00114706 -0.000534502 -0.000429064 -0.000290684 0.000651933 0.00117137 0.0017803 0.00230769 0.00347561
internal_weight=3790 3701 3535 3460 722 101 2738 2614 2414 542 460 395 350 245
internal_count=3790 3701 3535 3460 722 101 2738 2614 2414 542 460 395 350 245
is_linear=0
shrinkage=0.03


Tree=147
num_leaves=15
num_cat=0
split_feature=74 81 67 4 5 75 82 2 64 6 84 36 82 26
split_gain=1.02426 0.932837 0.804548 1.02591 0.888247 1.61542 0.823846 0.777314 0.810926 0.73957 0.798206 1.83874 1.0661 0.861808
threshold=1620.4224805519323 1587.2678377628329 -89.577258284886668 3.5000000000000004 2281.0555570125584 2431.8611481189732 -124.80478258927663 1.0000000180025095e-35 3.7825058993032372 810.00000000000011 -160.83437299728391 0.24015503875968994 -18.678651392459866 88.500000000000014
decision_type=10 8 8 2 8 10 8 2 8 10 8 10 8 2
left_child=1 -1 -3 6 7 -6 -4 8 -5 10 11 -10 -12 -14
right_child=-2 2 3 4 5 -7 -8 -9 9 -11 12 -13 13 -15
leaf_value=0.67033273342546962 -0.49891955643796476 -0.71772418713366948 1.8590290571067984 -0.129207862040431 1.9671269997090175 -0.2125974916349806 -0.68730855356150733 -0.77076210445864746 0.97908942410388045 -0.21393172300123522 -0.4516647192056234 -0.64039186063477882 -0.035598182538688843 0.21582960921444388
leaf_weight=68 237 431 50 411 65 62 292 121 50 363 266 48 546 781
leaf_count=68 237 431 50 411 65 62 292 121 50 363 266 48 546 781
internal_value=-0.000451741 -0.000324051 -0.000392315 -0.000220878 -2.54244e-05 0.00241406 -0.00176676 -0.000146116 -3.04143e-05 0.000213138 0.00047695 0.00309091 0.000314303 0.000661897
internal_weight=3791 3554 3486 3055 2713 127 342 2586 2465 2054 1691 98 1593 1327
internal_count=3791 3554 3486 3055 2713 127 342 2586 2465 2054 1691 98 1593 1327
is_linear=0
shrinkage=0.03


Tree=148
num_leaves=15
num_cat=0
split_feature=67 77 77 70 54 85 81 4 1 83 62 5 22 7
split_gain=0.859771 0.891018 1.63808 2.5395 1.00797 0.858167 0.846709 1.16267 0.820962 1.27402 1.25524 1.39128 1.53668 1.13589
threshold=-96.126303315162644 -244.4408195018768 -208.35183674097058 0.37171052631578955 810.00000000000011 -247.79132628440854 5024.683819413186 4.5000000000000009 659.08346462249767 56.68145155906678 0.21424381210215052 2.9783738851547246 3.7886008024215703 1670.6346008501371
decision_type=8 8 8 10 10 8 10 2 2 10 10 10 2 8
left_child=-1 -2 3 -3 -5 -4 7 -7 10 -10 11 12 -9 -13
right_child=1 2 5 4 -6 6 -8 8 9 -11 -12 13 -14 -15
leaf_value=-0.76251273111686024 -0.41006877307165862 2.5579286170894839 1.2583717002996528 0.58892710004305338 -0.30356217797797086 -0.52166450123093788 -0.16309649604252824 0.0035845857650364278 -0.081343354406796298 0.1820759706073892 -0.23492106841220051 0.74830371037550725 1.4402537187302011 0.018731905621197979
leaf_weight=411 452 53 62 63 68 257 1108 41 628 108 79 40 55 399
leaf_count=411 452 53 62 63 68 257 1108 41 628 108 79 40 55 399
internal_value=-0.000387452 -0.000231108 -4.15267e-05 0.00269189 0.000431817 -0.000223543 -0.000303756 0.000136193 0.000488526 -0.000187246 0.00129756 0.00181903 0.00507216 0.00109773
internal_weight=3824 3413 2961 184 131 2777 2715 1607 1350 736 614 535 96 439
internal_count=3824 3413 2961 184 131 2777 2715 1607 1350 736 614 535 96 439
is_linear=0
shrinkage=0.03


Tree=149
num_leaves=15
num_cat=0
split_feature=4 3 81 7 3 4 57 77 1 44 43 54 26 37
split_gain=1.02043 1.14087 1.25715 0.849658 2.91813 1.00616 2.1612 1.00173 0.965281 1.13564 0.965051 0.901315 0.854994 1.65089
threshold=4.5000000000000009 20.458333333343038 3706.1434942483907 4484.0249221317981 15.541666666656967 9.5000000000000018 8.5000000000000018 -202.1419001817703 659.08346462249767 33.961335062980659 15.029813630428155 870.00000000000011 87.500000000000014 1617.9512934338545
decision_type=2 2 8 8 2 2 8 10 2 8 10 8 2 10
left_child=-1 3 -3 5 7 8 -7 11 9 -2 -10 -5 -11 -14
right_child=1 2 -4 4 -6 6 -8 -9 10 12 -12 -13 13 -15
leaf_value=-0.53539484472331456 -0.39596296376793599 0.87087001254432872 0.070866379207180058 -0.26330356527649912 0.98906190456705501 -0.11326190550091324 1.3460640917158895 -0.49396744362469774 0.45691896963686013 -0.11065563339349688 -0.2896012893062338 0.46111254147540942 0.32292600546395145 -0.44114712367514497
leaf_weight=497 247 42 401 41 41 73 42 120 59 342 1357 67 344 164
leaf_count=497 247 42 401 41 41 73 42 120 59 342 1357 67 344 164
internal_value=-0.000341585 -0.00015265 0.00126351 -0.000369566 0.00123333 -0.000534044 0.00219828 -0.000104804 -0.000659905 8.19601e-06 -0.00117714 0.00198165 0.000528789 0.00130845
internal_weight=3837 3340 443 2897 269 2628 115 228 2513 1097 1416 108 850 508
internal_count=3837 3340 443 2897 269 2628 115 228 2513 1097 1416 108 850 508
is_linear=0
shrinkage=0.03


Tree=150
num_leaves=15
num_cat=0
split_feature=3 22 30 16 0 80 0 63 28 35 77 70 25 25
split_gain=0.981169 1.19496 1.53713 1.62622 0.956528 0.813246 1.40305 0.952312 1.29866 1.11829 1.97453 1.84296 1.60414 1.53563
threshold=20.625000000000004 5.8354868888854989 14.050000000000002 14.500000000000002 51.500000000000007 13.331244111061098 -157.49999999999997 212.78448207504223 161.50000000000003 17.158795458285343 50.850534498691566 0.93095238095238109 0.88416815742397148 0.954284221525601
decision_type=2 2 10 2 2 8 2 10 2 10 10 10 10 10
left_child=5 2 3 -2 -5 6 -1 8 -7 13 11 -11 -13 -10
right_child=1 -3 -4 4 -6 7 -8 -9 9 10 -12 12 -14 -15
leaf_value=0.60466826762308512 1.2369148651925139 -0.14416983884203913 -0.036116448550127592 0.80925424442059235 -0.37376550891672478 -0.26205329182554066 -0.41262265106070489 -0.14748046891738145 -0.025567036850478803 -0.10567054249261892 -0.67152824595806637 0.027201636452065886 0.88795804834780423 0.22900507128024802
leaf_weight=41 51 210 105 43 53 797 1091 364 750 56 48 42 105 143
leaf_count=41 51 210 105 43 53 797 1091 364 750 56 48 42 105 143
internal_value=-0.000337693 0.000958963 0.00234783 0.00431757 0.00197938 -0.000512217 -0.00117034 -0.000188639 7.56944e-05 0.000723143 0.00248809 0.00377941 0.00553378 0.000224832
internal_weight=3899 462 252 147 96 3437 1132 2305 1941 1144 251 203 147 893
internal_count=3899 462 252 147 96 3437 1132 2305 1941 1144 251 203 147 893
is_linear=0
shrinkage=0.03


Tree=151
num_leaves=15
num_cat=0
split_feature=29 33 30 25 1 29 14 45 72 31 84 83 76 29
split_gain=0.858602 1.21307 1.2089 1.2106 1.11365 0.960239 1.70825 1.08779 1.67109 0.761002 0.729062 0.609687 0.927739 0.835588
threshold=0.91264255734090827 20.203179824561406 29.050000000000004 0.95141620771046431 659.08346462249767 0.91582742914979764 295.46163900987386 5.5000000000000009 -117.78074395656584 24.240374331550807 -146.72037502129868 9.3235359191894549 276.09044134616857 0.92096477151565426
decision_type=10 10 10 10 2 10 10 8 8 10 10 8 8 10
left_child=9 5 3 4 -3 6 -2 -7 -9 -1 -4 12 -10 -13
right_child=1 2 10 -5 -6 7 -8 8 11 -11 -12 13 -14 -15
leaf_value=-0.085035785938576428 0.72960634878039377 0.50800527956364205 0.68659740768375954 -0.32638979682114005 1.1837290739159461 -0.57196747964147876 -0.26726760196557914 0.76112225914527676 0.24196522413082633 -0.70499152621202699 -0.69142975937174112 -0.24891399925347324 -0.35036126511310783 0.082672668343051411
leaf_weight=1690 50 52 54 40 55 268 68 40 55 293 53 83 379 664
leaf_count=1690 50 52 54 40 55 268 68 40 55 293 53 83 379 664
internal_value=-0.00043225 3.06115e-05 0.00195294 0.00370946 0.00536111 -0.000274254 0.00231933 -0.000481209 -0.000100655 -0.000866432 -0.000472223 -0.000307107 -0.0012 0.000212566
internal_weight=3844 1861 254 147 107 1607 118 1489 1221 1983 107 1181 434 747
internal_count=3844 1861 254 147 107 1607 118 1489 1221 1983 107 1181 434 747
is_linear=0
shrinkage=0.03


Tree=152
num_leaves=15
num_cat=0
split_feature=80 4 85 81 51 27 83 42 85 81 24 73 39 35
split_gain=0.955817 0.869203 0.806494 0.791247 0.780255 1.1485 0.708908 0.948942 0.712663 0.848713 1.12038 0.583177 0.63025 2.66233
threshold=-11.492262601852415 4.5000000000000009 -247.79132628440854 1587.2678377628329 -110.75148093700408 0.93521849187316819 -200.4711910486221 97.977947831153884 -72.074333826700823 3832.0189039707188 37.500000000000007 -32.592731237411492 2364.198827776172 20.913519813519819
decision_type=8 2 8 8 10 10 8 10 10 10 2 8 8 10
left_child=2 4 -1 -3 -2 -6 7 -4 -8 10 -10 -5 13 -13
right_child=1 3 6 11 5 -7 8 -9 9 -11 -12 12 -14 -15
leaf_value=0.24923576288336899 -0.52543318256926852 0.66792590106120864 1.8764091622345171 -0.18167085114960713 0.46548126230681081 -0.40877113446225544 -1.0198833232406845 -0.33367112431271079 -0.34035957368249087 -0.54624282265857971 0.69858330400893165 0.00392470359370704 -0.072159311977356463 0.78730219562346282
leaf_weight=67 262 48 40 60 53 55 321 72 86 376 40 1102 1134 98
leaf_count=67 262 48 40 60 53 55 321 72 86 376 40 1102 1134 98
internal_value=-0.000467104 -0.000183435 -0.00126221 2.21033e-05 -0.00153639 0.000605504 -0.00149039 0.000743362 -0.0017949 -0.00108549 0.00103937 -5.51155e-05 2.0556e-05 0.000499583
internal_weight=3814 2812 1002 2442 370 108 935 112 823 502 126 2394 2334 1200
internal_count=3814 2812 1002 2442 370 108 935 112 823 502 126 2394 2334 1200
is_linear=0
shrinkage=0.03


Tree=153
num_leaves=15
num_cat=0
split_feature=4 62 29 29 35 26 64 34 77 77 81 28 3 79
split_gain=1.28328 1.47246 1.54861 0.996877 1.00301 1.1927 1.70966 1.39276 1.24011 2.30167 0.759446 0.753707 1.03897 0.977974
threshold=9.5000000000000018 -0.077534356286400721 0.86965655827548416 0.90630852059925104 16.676711560044897 104.50000000000001 5.6252911504796561 0.25658350658350665 -31.812312424182888 50.850534498691566 58952.692848563202 285.50000000000006 9.7916666666569672 11.039991296817059
decision_type=2 10 10 10 10 2 10 10 8 8 8 2 2 8
left_child=3 2 -2 -1 11 -6 7 8 -7 -10 -8 12 -5 -14
right_child=1 -3 -4 4 5 6 10 -9 9 -11 -12 -13 13 -15
leaf_value=-0.28080844626682033 0.02215972261825672 -0.045147413239141607 1.1596646516903024 -0.62331822821134109 -0.3412509183655893 0.090394788763657558 -0.41920206840342367 -0.10318100760831647 1.3468420599065545 0.13978067860591153 0.37982974609368136 -0.54036068790850411 -0.066159060286466287 0.21561725605514737
leaf_weight=1670 59 126 60 341 105 41 81 46 41 45 49 178 537 493
leaf_count=1670 59 126 60 341 105 41 81 46 41 45 49 178 537 493
internal_value=-0.000450814 0.00164634 0.004025 -0.000592889 -0.0001333 0.00118826 0.00214145 0.00408621 0.00569531 0.00772414 -0.000458016 -0.000481936 -0.000242712 0.000232783
internal_weight=3872 245 119 3627 1957 408 303 173 127 86 130 1549 1371 1030
internal_count=3872 245 119 3627 1957 408 303 173 127 86 130 1549 1371 1030
is_linear=0
shrinkage=0.03


Tree=154
num_leaves=15
num_cat=0
split_feature=4 0 39 15 62 69 67 62 38 0 56 3 0 80
split_gain=0.744774 0.860139 1.08616 1.6632 0.836803 0.979094 1.72723 1.00995 0.800116 0.770174 0.730637 0.702334 0.84713 0.698829
threshold=4.5000000000000009 169.50000000000003 1923.2849805381127 15.500000000000002 0.22847935199756536 77.257246040136295 229.76968989372259 0.12492958864045452 2746.6376884477427 262.50000000000006 76.814218640327468 13.791666666656967 26.500000000000004 -31.828577518463131
decision_type=2 2 10 2 10 8 8 8 8 2 8 2 2 8
left_child=10 13 3 9 5 -4 -7 -8 -9 -3 11 12 -1 -2
right_child=1 2 4 -5 -6 6 7 8 -10 -11 -12 -13 -14 -15
leaf_value=-0.53740664036856189 -0.4706383064316102 -0.71317119368925164 -0.38125465723806262 0.76365505367758091 -0.27386308140610127 0.52357332352268049 -0.21324515498355792 -0.043414404430117542 0.9098591124545401 0.17737578737763487 -0.72859122265629517 -0.40365590168326188 1.6669577491137653 -0.031095881870795847
leaf_weight=56 668 44 62 52 100 40 92 41 40 42 264 126 42 2097
leaf_count=56 668 44 62 52 100 40 92 41 40 42 264 126 42 2097
internal_value=-0.000490577 -0.00032754 0.00079961 0.00306475 -3.98943e-05 0.000815217 0.00178037 0.000465517 0.00289024 0.000482758 -0.00158282 -0.000320001 0.00157576 -0.000536877
internal_weight=3766 3278 513 138 375 275 213 173 81 86 488 224 98 2765
internal_count=3766 3278 513 138 375 275 213 173 81 86 488 224 98 2765
is_linear=0
shrinkage=0.03


Tree=155
num_leaves=15
num_cat=0
split_feature=2 45 38 85 37 74 27 65 31 3 3 61 27 80
split_gain=0.797095 0.811857 0.868286 0.824399 1.18931 0.838699 0.960981 0.821872 1.40264 1.08056 1.18546 1.3963 0.965394 0.766421
threshold=1.0000000180025095e-35 23.500000000000004 12628.430839159493 -2.4213190674781795 2363.6802229905943 46.913695152474382 0.93922076281889377 0.8579648059303705 9.1894444444444456 7.3750000000000009 8.9583333333430364 0.92168544011412923 0.90294884799304465 156.61385095119479
decision_type=2 8 8 8 8 8 10 10 8 2 2 10 10 10
left_child=1 2 3 4 5 6 -1 -5 -9 -10 12 -12 -11 -7
right_child=-2 -3 -4 7 -6 13 -8 8 9 10 11 -13 -14 -15
leaf_value=0.28319903531856594 -0.69092570361862593 0.35681413902501735 -0.65500777955744816 -0.052797231309356471 1.3563246677138432 -0.67941066054042387 -1.0116727206388596 0.51496362161149845 -0.30409709238229238 1.4297025167229613 -0.013058384707052785 0.75833097589870002 0.018539462515541217 0.21218041546997174
leaf_weight=41 249 100 168 1249 43 858 41 79 193 47 566 56 40 53
leaf_count=41 249 100 168 1249 43 858 41 79 193 47 566 56 40 53
internal_value=-0.000390857 -0.000274965 -0.000352839 -0.000244262 -0.000943106 -0.00115594 0.00173494 8.06806e-05 0.000730142 0.000392026 0.000933802 0.000471909 0.00419318 -0.00141776
internal_weight=3783 3534 3434 3266 1036 993 82 2230 981 902 709 622 87 911
internal_count=3783 3534 3434 3266 1036 993 82 2230 981 902 709 622 87 911
is_linear=0
shrinkage=0.03


Tree=156
num_leaves=15
num_cat=0
split_feature=77 56 3 22 50 22 5 80 71 82 63 48 65 24
split_gain=0.751006 0.804562 1.20308 1.19164 1.8257 1.09208 0.822576 0.793547 1.35079 0.733997 0.708073 0.65049 0.61755 1.21913
threshold=-286.91039746999735 277.67982323964446 20.625000000000004 5.8354868888854989 182.97837388515475 1.2718257904052737 2.9783738851547246 108.45711195468904 13.500000000000002 -164.44167923927304 31.86621221590277 76.219563762346908 0.96410614614914136 55.500000000000007
decision_type=8 10 2 2 10 2 8 10 8 8 8 10 10 2
left_child=-1 2 5 4 6 7 -4 -2 -9 -7 -8 -5 13 -11
right_child=1 -3 3 11 -6 9 10 8 -10 12 -12 -13 -14 -15
leaf_value=-0.49373472038912825 -0.47427909630863757 -0.1496394396928569 0.72835831474260204 -1.1759363758477628 0.81884845200142864 1.5727630388132405 0.49490680524850794 -0.55485593540801115 0.85936702406938204 -0.0094656786805786784 -0.85001015286450576 0.22266461585162561 -0.26385698272938618 0.36365050507718033
leaf_weight=324 410 281 40 69 40 44 47 75 41 1482 51 56 695 158
leaf_count=324 410 281 40 69 40 44 47 75 41 1482 51 56 695 158
internal_value=-0.00041138 -0.000282809 -0.00014771 0.00164803 0.00321788 -0.000335513 0.00155396 -0.00157116 0.000615384 -6.17654e-05 6.06054e-05 -0.000595239 -0.000134847 0.000182815
internal_weight=3813 3489 3208 303 178 2905 138 526 116 2379 98 125 2335 1640
internal_count=3813 3489 3208 303 178 2905 138 526 116 2379 98 125 2335 1640
is_linear=0
shrinkage=0.03


Tree=157
num_leaves=15
num_cat=0
split_feature=51 11 81 39 3 7 14 16 80 39 40 22 13 24
split_gain=0.858419 1.00345 0.903086 1.25828 1.27688 2.21896 1.67215 1.20824 1.19077 1.08961 1.18206 1.24704 1.50992 1.07314
threshold=-242.9783738851547 3090.0000000000005 5175.3435243368158 315.48805072629528 15.208333333343036 2215.0466277858545 247.18402282261374 13.500000000000002 88.33819687366487 2364.198827776172 919.73911556175494 9.7657687664032 90.000000000000014 41.500000000000007
decision_type=8 2 10 10 2 10 10 2 8 10 10 2 10 2
left_child=-1 2 3 -2 9 -6 -7 8 -8 10 11 -5 -13 -10
right_child=1 -3 -4 4 5 6 7 -9 13 -11 -12 12 -14 -15
leaf_value=-0.17642411029305852 -0.92814511131949839 4.7688382173815267 -0.22069481575734864 -0.040790338303334485 -0.72530324999560858 1.1069263775902298 0.17314486876910587 -0.066968532459837082 0.56027842284402474 -0.27727731787958326 0.36011928935677023 0.6609183939741069 -0.029422076132844734 0.58266391277185448
leaf_weight=824 120 45 1238 438 111 91 111 151 41 431 42 56 64 48
leaf_count=824 120 45 1238 438 111 91 111 151 41 431 42 56 64 48
internal_value=-0.000394282 -0.000157631 -0.0002263 0.0002217 0.000446687 0.0016083 0.00255982 0.00161079 0.00313433 -0.000177326 0.000648918 0.000279069 0.00297521 0.0057
internal_weight=3811 2987 2942 1704 1584 553 442 351 200 1031 600 558 120 89
internal_count=3811 2987 2942 1704 1584 553 442 351 200 1031 600 558 120 89
is_linear=0
shrinkage=0.03


Tree=158
num_leaves=15
num_cat=0
split_feature=17 77 42 35 29 39 77 77 28 49 66 39 22 77
split_gain=0.81196 1.00276 2.24696 0.806891 1.35805 1.47507 1.07832 1.976 3.01716 0.910212 0.923982 1.19136 0.872175 0.829108
threshold=16.500000000000004 -52.608513593673699 17.554896712303165 16.676711560044897 0.84449404761904778 3582.1060374382719 -111.05397963523863 38.12003558874131 164.50000000000003 8.5000000000000018 112.14658272266389 1967.8965117459918 14.128551363945009 -220.40539968013761
decision_type=2 8 10 10 10 10 10 10 2 10 10 10 2 10
left_child=1 -1 -3 9 -5 6 13 8 -8 12 -11 -12 -2 -6
right_child=3 2 -4 4 5 -7 7 -9 -10 10 11 -13 -14 -15
leaf_value=-0.74668756721019647 -0.028662642478236605 0.47514636792106812 -0.23028554095046447 -0.28473192168064571 0.16442550254870339 -0.060883390864067299 0.016218419787115551 -0.12505574758594939 1.5838923994428262 -0.42472875641966334 0.66295422654535607 -0.035003045705487873 0.37348379503285462 -0.30751658789105196
leaf_weight=318 1663 41 118 198 137 245 51 66 73 631 40 112 54 108
leaf_count=318 1663 41 118 198 137 245 51 66 73 631 40 112 54 108
internal_value=-0.000392895 -0.00155021 0.000393749 -0.000229063 0.0005529 0.00118943 0.00223624 0.0039267 0.006144 -0.000503799 -0.00135077 0.000745097 -0.000116997 0.000914633
internal_weight=3855 477 159 3378 878 680 435 190 124 2500 783 152 1717 245
internal_count=3855 477 159 3378 878 680 435 190 124 2500 783 152 1717 245
is_linear=0
shrinkage=0.03


Tree=159
num_leaves=15
num_cat=0
split_feature=51 4 29 0 8 77 33 41 63 60 24 52 60 41
split_gain=0.700686 0.850013 0.727345 0.938107 1.88168 1.11865 1.11183 0.9154 0.763044 0.848696 1.00078 1.67304 0.759519 1.1884
threshold=651.46575736999523 4.5000000000000009 0.91280560524746579 248.50000000000003 3.3181617843396194 -37.733892202377312 27.325730045425058 166.42797732353213 -260.95330620302735 138.94678008556369 42.500000000000007 107.85191833972932 -15.567252159118651 -39.557383894920342
decision_type=10 2 10 2 10 10 10 10 8 10 2 10 10 10
left_child=1 -1 12 6 -5 -6 7 8 -4 -10 11 -11 -3 -14
right_child=-2 2 3 4 5 -7 -8 -9 9 10 -12 -13 13 -15
leaf_value=-0.40103226371328787 1.5716387354800383 -0.36497038923417158 1.2674306835418263 0.41479071972217135 -0.41824688707600688 0.46585915382268966 0.88362646668240086 -0.25286912685939583 -0.037049480936115375 1.0102711821470789 -0.71471588472042624 0.056966921667969003 0.43962347135548008 -0.028762154502674848
leaf_weight=449 42 899 43 50 55 67 43 158 949 40 43 101 42 822
leaf_count=449 42 899 43 50 55 67 43 158 949 40 43 101 42 822
internal_value=-0.00045978 -0.000503191 -0.000336856 0.000137419 0.00221965 0.000195121 -0.000124094 -0.000278652 1.01947e-05 -0.000140212 0.00171892 0.00293662 -0.000753402 -0.00011792
internal_weight=3803 3761 3312 1549 172 122 1377 1334 1176 1133 184 141 1763 864
internal_count=3803 3761 3312 1549 172 122 1377 1334 1176 1133 184 141 1763 864
is_linear=0
shrinkage=0.03


Tree=160
num_leaves=15
num_cat=0
split_feature=26 76 80 85 40 61 85 31 85 85 72 17 68 25
split_gain=0.815263 1.75354 1.02403 0.916254 0.785561 0.945791 1.50412 1.60985 0.783331 0.835403 1.03788 0.962804 0.75529 0.740505
threshold=66.500000000000014 2912.6329948902135 92.32829320430757 -124.07147747278212 628.93969194685747 0.47885419381046501 109.43419903516771 13.665476190476193 -277.56233890851337 1.0000000180025095e-35 -55.762485027313225 41.500000000000007 0.089347902290383169 0.87138130686517801
decision_type=2 10 8 8 10 8 10 10 8 10 8 2 8 10
left_child=-1 2 4 -4 8 13 7 -7 -2 -10 -11 -12 -13 -6
right_child=1 -3 3 -5 5 6 -8 -9 9 10 11 12 -14 -15
leaf_value=-0.28076469757465472 1.8438478309685129 4.6010124507014769 0.6530586069545059 0.013444615824678818 0.1553099301525239 -0.022105336305940582 -0.40038953213283957 0.33164732215915893 -0.60108833749872137 0.39947242749783762 -0.47937478698347968 -0.12630104365754383 0.29903325992624097 -0.37403401915777196
leaf_weight=629 40 44 54 1407 80 67 63 75 783 40 190 77 56 178
leaf_count=629 40 44 54 1407 80 67 63 75 783 40 190 77 56 178
internal_value=-0.000343288 -0.000146435 -0.000231438 0.000346785 -0.000743637 0.000303879 0.00182039 0.00352447 -0.00115249 -0.0012973 -0.000107144 -0.000675927 0.00127612 -0.000903476
internal_weight=3783 3154 3110 1461 1649 463 205 142 1186 1146 363 323 133 258
internal_count=3783 3154 3110 1461 1649 463 205 142 1186 1146 363 323 133 258
is_linear=0
shrinkage=0.03


Tree=161
num_leaves=15
num_cat=0
split_feature=4 54 0 70 81 70 85 8 45 0 81 40 62 68
split_gain=0.991284 2.03668 0.944024 1.42123 1.35462 1.27133 1.22197 0.882396 1.40372 1.41974 1.09304 1.92842 2.02579 1.08495
threshold=9.5000000000000018 690.00000000000011 8.5000000000000018 0.46410256410256417 3131.2216314077382 1.0000000180025095e-35 -258.05809517701459 4.0249755842701216 7.5000000000000009 63.500000000000007 5024.683819413186 558.382352287147 0.14579932736243373 0.07620272252734242
decision_type=2 8 2 8 8 10 8 10 8 2 8 10 8 8
left_child=2 -2 4 5 -1 -4 -6 13 9 -9 11 -10 -13 -5
right_child=1 -3 3 7 6 -7 -8 8 10 -11 -12 12 -14 -15
leaf_value=0.97601045440037104 1.04722545525693 -0.0055702366628710281 -0.08034197966703141 -0.20375770745752783 0.95826779195520873 0.93845590136869361 -0.43119330761539798 -0.054584637382883494 -0.30097563538471817 0.46162533303042924 -0.10245890150232266 1.1842572104614606 -0.024112195856660246 0.0072529582993598012
leaf_weight=61 61 175 53 578 52 43 1392 54 70 52 524 71 66 573
leaf_count=61 61 175 53 578 52 43 1392 54 70 52 524 71 66 573
internal_value=-0.000309724 0.00156962 -0.000433705 -2.01446e-05 -0.00100598 0.00352577 -0.0011917 -0.000193063 0.000547732 0.00375701 7.78681e-05 0.00191827 0.00397826 -0.000731772
internal_weight=3825 236 3589 2084 1505 96 1444 1988 837 106 731 207 137 1151
internal_count=3825 236 3589 2084 1505 96 1444 1988 837 106 731 207 137 1151
is_linear=0
shrinkage=0.03


Tree=162
num_leaves=15
num_cat=0
split_feature=29 62 53 11 6 8 85 83 66 66 70 82 24 52
split_gain=0.918738 1.14368 0.88754 0.86919 2.50758 1.17936 1.15776 1.66153 1.05694 1.16574 1.01468 2.32962 1.51307 0.912854
threshold=0.91264255734090827 -0.30175088567063529 23.500000000000004 3150.0000000000005 2910.0000000000005 0.93369684066697045 -182.08251611391699 9.3235359191894549 -127.22491204738616 -66.951850652694688 0.93095238095238109 109.66190890471141 22.500000000000004 1228.678602576256
decision_type=10 8 10 2 10 8 8 8 8 8 8 8 2 8
left_child=2 -2 -1 4 5 -3 -7 -8 -9 -10 11 -11 13 -12
right_child=1 3 -4 -5 -6 6 7 8 9 10 12 -13 -14 -15
leaf_value=-0.16634802688820338 0.57955263850964389 -0.41511574501175014 0.37390622232809373 -0.62786238614372414 4.249462347955995 1.516080797919592 -0.19354129520159899 -0.49404496585017044 1.2187540302465734 0.99307934487900817 0.72226866289180836 0.16829707295858204 -0.019958088053337802 1.3882651252458755
leaf_weight=1921 40 188 78 115 43 44 459 108 47 57 40 124 509 44
leaf_count=1921 40 188 78 115 43 44 459 108 47 57 40 124 509 44
internal_value=-0.000319802 0.000168224 -0.000763501 5.39622e-05 0.000228966 3.70135e-05 0.000330774 0.000177105 0.000906451 0.00127372 0.000990967 0.00295055 0.000388888 0.00409412
internal_weight=3817 1818 1999 1778 1663 1620 1432 1388 929 821 774 181 593 84
internal_count=3817 1818 1999 1778 1663 1620 1432 1388 929 821 774 181 593 84
is_linear=0
shrinkage=0.03


Tree=163
num_leaves=15
num_cat=0
split_feature=27 34 14 14 38 77 77 80 0 14 79 0 31 43
split_gain=0.962563 1.20208 1.45456 1.82991 1.14533 1.37149 1.34785 1.84238 1.08424 1.58696 1.59704 0.927908 0.79036 0.737094
threshold=0.97189680136896162 0.95553359683794481 346.52969252738063 248.97566214264006 3200.5094342171928 -118.72150576114653 -95.138040244579301 -36.62875580787658 194.50000000000003 310.81481067560577 8.792730688248648 266.50000000000006 18.779513888888893 284.75770150075817
decision_type=8 10 8 10 10 8 8 10 2 8 10 2 10 10
left_child=1 4 3 -3 -1 -6 7 -7 9 10 -8 -10 -12 -11
right_child=-2 2 -4 -5 5 6 8 -9 11 13 12 -13 -14 -15
leaf_value=-0.077563349880733823 -0.38737852831917768 -0.015306796165122429 -0.11546370663523614 1.15422906440215 -0.15107819618865115 1.9572921947433692 1.1130350871406556 0.049435188704368312 0.78498908731252071 0.078395575514564095 -0.75358859092673414 0.030639709816820057 0.5695144282202832 -0.54233987028838715
leaf_weight=2120 419 45 79 51 430 40 68 42 45 111 41 58 40 207
leaf_count=2120 419 45 79 51 430 40 68 42 45 111 41 58 40 207
internal_value=-0.000281275 -0.000112789 0.00230114 0.00476289 -0.000245396 0.000548476 0.00141501 0.00498795 0.000893169 0.00027564 0.00282 0.00366346 -3.65861e-05 -0.000921631
internal_weight=3796 3377 175 96 3202 1082 652 82 570 467 149 103 81 318
internal_count=3796 3377 175 96 3202 1082 652 82 570 467 149 103 81 318
is_linear=0
shrinkage=0.03


Tree=164
num_leaves=15
num_cat=0
split_feature=80 50 79 3 3 42 80 80 42 41 68 69 67 36
split_gain=0.866293 0.959996 0.971236 0.873196 0.960633 0.889427 0.735247 1.51945 1.50734 1.24239 0.993434 0.881328 0.853896 0.754308
threshold=-15.897557258605955 2176.8010172843938 396.46469057803557 2.9583333333430351 0.37500000000000006 292.57955873012548 127.00085854530336 168.8160529136658 40.758834481239326 107.24660813808443 -1.0000000180025095e-35 127.03507482970741 410.69847726872001 0.51991033755274274
decision_type=8 10 10 2 2 10 10 10 10 10 8 8 8 8
left_child=-1 2 3 4 -2 6 -5 8 -8 -10 -9 -12 -13 -14
right_child=1 -3 -4 5 -6 -7 7 10 9 -11 11 12 13 -15
leaf_value=-0.28717394625973436 0.41138131035660985 -0.61474136478578578 -0.78438034953688518 0.011837331339556563 -0.56356825608137628 -0.07023979199374536 0.10016601700838434 -0.16774052288803953 3.0024587601258657 0.52178145882316407 0.74958187058839665 -0.50563908993874784 0.37248572418890663 -0.054633787339113594
leaf_weight=961 62 155 145 1667 210 143 74 124 46 46 47 44 40 47
leaf_count=961 62 155 145 1667 210 143 74 124 46 46 47 44 40 47
internal_value=-0.000378542 -0.00011575 1.66907e-05 0.000152881 -0.00145055 0.000344887 0.000498595 0.00154797 0.00384431 0.0063871 0.000277227 0.0017095 0.000431817 0.00214773
internal_weight=3811 2850 2695 2550 272 2278 2135 468 166 92 302 178 131 87
internal_count=3811 2850 2695 2550 272 2278 2135 468 166 92 302 178 131 87
is_linear=0
shrinkage=0.03


Tree=165
num_leaves=15
num_cat=0
split_feature=75 51 81 4 8 73 39 35 8 29 15 81 33 45
split_gain=0.992422 1.15492 2.04878 1.09746 1.30009 1.04986 0.989793 3.39838 1.49242 1.65343 1.90037 1.00579 1.5214 0.940877
threshold=995.55993306636822 305.53867006301886 7642.4991779327402 4.5000000000000009 0.63150081989989304 18.875041007995609 1906.7528096026003 20.284294871794877 4.5117053425751559 0.95837458745874604 13.500000000000002 1371.1821092367175 12.705976430976433 9.5000000000000018
decision_type=10 10 8 2 10 10 10 10 10 10 2 10 8 10
left_child=1 3 -3 -1 -5 6 7 11 -8 -10 -11 12 -6 -14
right_child=-2 2 -4 4 5 -7 8 -9 9 10 -12 -13 13 -15
leaf_value=-0.44140011411086072 -0.51249951788261616 -0.63588524861304074 3.4637387427659716 1.7659009710438391 0.76266505323383693 -0.36428452284120105 -0.36362665884292933 1.0020496516284809 -0.0037697664531190947 1.1419052940596455 -0.015420437221320134 -0.01127450323252523 -0.86654956846512188 0.18413163519386833
leaf_weight=335 234 40 40 45 67 354 712 58 868 43 43 792 68 59
leaf_count=335 234 40 40 45 67 354 712 58 868 43 43 792 68 59
internal_value=-0.0003336 -0.00020766 0.00333333 -0.000290857 -0.000114792 -0.000189887 1.10653e-05 0.000734928 -0.000442712 0.000332984 0.00427586 0.000316109 0.00224615 0.000304687
internal_weight=3758 3524 80 3444 3109 3064 2710 1044 1666 954 86 986 194 127
internal_count=3758 3524 80 3444 3109 3064 2710 1044 1666 954 86 986 194 127
is_linear=0
shrinkage=0.03


Tree=166
num_leaves=15
num_cat=0
split_feature=75 76 4 34 48 60 4 39 1 58 85 3 0 74
split_gain=0.924954 1.00746 0.851804 1.70269 0.835353 0.847025 0.858861 0.738279 0.887665 1.65667 0.764041 1.64252 1.01792 0.832436
threshold=995.55993306636822 2689.2255296707158 9.5000000000000018 0.25782013685239497 -58.967038313547768 -77.695678949356065 4.5000000000000009 1097.8990312020258 658.02790760993969 148.62831258773807 -124.07147747278212 16.458333333343038 4.5000000000000009 2053.9054714626041
decision_type=10 10 2 10 8 8 2 10 2 8 8 2 2 10
left_child=1 2 4 -4 -1 -6 -7 8 9 -8 11 -9 -12 -14
right_child=-2 -3 3 -5 5 6 7 10 -10 -11 12 -13 13 -15
leaf_value=-0.43358121748590073 -0.32042314510612752 4.5779820043121573 -0.013888118181176756 0.89667858778627807 0.64878929862254797 -0.36129374847066964 0.15428219790798772 -0.62133236757948829 -0.032981801328270756 1.1125774145933232 -0.39780462610045925 0.35671275302931982 0.0097039902121362296 -0.73525054994666583
leaf_weight=594 217 40 155 84 43 304 144 44 219 45 495 61 1307 102
leaf_count=594 217 40 155 84 43 304 144 44 219 45 495 61 1307 102
internal_value=-0.000400001 -0.000286147 -0.000339356 0.0013875 -0.000462638 -0.000243039 -0.000309699 -0.000120348 0.00104156 0.0025421 -0.000356717 0.00212264 -0.000494489 -8.29794e-05
internal_weight=3854 3637 3597 239 3358 2764 2721 2417 408 189 2009 105 1904 1409
internal_count=3854 3637 3597 239 3358 2764 2721 2417 408 189 2009 105 1904 1409
is_linear=0
shrinkage=0.03


Tree=167
num_leaves=15
num_cat=0
split_feature=27 76 81 35 74 32 4 50 39 52 52 48 62 48
split_gain=0.936608 0.768209 0.909153 1.02632 1.24053 0.910866 0.837486 0.652511 0.648556 1.11508 1.16733 1.77017 1.05387 0.786544
threshold=0.97362624623232097 2912.6329948902135 8466.2391763925571 18.975079365079363 17828.143430449582 0.73030303030303034 4.5000000000000009 110.7514809370041 2091.511228083843 36.746353268623359 92.498616099357619 85.228519181410476 -0.0014180991972718479 -72.558961311976091
decision_type=8 10 10 10 8 10 2 8 8 8 10 10 10 8
left_child=1 2 6 5 -5 -4 7 -1 9 -8 11 -11 -13 -10
right_child=-2 -3 3 4 -6 -7 8 -9 13 10 -12 12 -14 -15
leaf_value=0.0015086908295455588 -0.36394126433935237 3.6086145927494999 -0.92321970234314099 0.61856529613758016 -0.13746974398493675 0.10491209854463358 -0.10053303578319961 -0.54462908224493001 -0.77823130543342089 0.14232908604394051 -0.0019190336603728086 0.65518029666373401 0.69475918629652855 -0.020280222299871451
leaf_weight=91 394 60 467 46 132 40 305 180 124 336 383 46 40 1182
leaf_count=91 394 60 467 46 132 40 305 180 124 336 383 46 40 1182
internal_value=-0.000545598 -0.000386252 -0.000446488 -0.00142128 0.000536312 -0.00210827 -0.000197545 -0.00177574 -1.986e-05 0.000513051 0.00109801 0.0021844 0.006 -0.000472839
internal_weight=3826 3432 3372 685 178 507 2687 271 2416 1110 805 422 86 1306
internal_count=3826 3432 3372 685 178 507 2687 271 2416 1110 805 422 86 1306
is_linear=0
shrinkage=0.03


Tree=168
num_leaves=15
num_cat=0
split_feature=9 75 80 81 13 39 48 70 56 41 39 8 29 72
split_gain=0.873612 1.62783 0.754843 0.986534 1.03443 1.30809 1.43925 0.951119 1.11114 1.25517 1.21516 1.09505 1.61089 0.898701
threshold=570.00000000000011 261.74108421802526 4.8254847526550302 24570.887790799145 90.000000000000014 1967.8965117459918 76.219563762346908 0.29705882352941182 -113.25689784685768 -86.6054172515869 392.3068248644621 5.7159521581546002 0.84449404761904778 -64.826420783996568
decision_type=2 10 10 10 8 8 10 10 10 10 10 10 10 8
left_child=1 2 3 4 5 6 13 11 -9 -10 -11 12 -4 -1
right_child=-2 -3 7 -5 -6 -7 -8 8 9 10 -12 -13 -14 -15
leaf_value=0.36781006340515782 -0.31652709261431444 0.51626214072186949 -0.86179712865974023 0.95808767542668161 -0.29382691981706521 -0.17552511821255862 0.6849031452320915 -1.4801684001928532 0.4676757105248831 0.63021780834462926 -0.017120437892392284 0.8619980860064167 0.29188669337862927 -0.053359246247268469
leaf_weight=69 583 47 61 45 1170 396 53 110 55 41 940 40 55 192
leaf_count=69 583 47 61 45 1170 396 53 110 55 41 940 40 55 192
internal_value=-0.000487559 -0.000296795 -0.000378254 -0.000755452 -0.000861245 4.21934e-05 0.00148571 0.000179585 -0.000120315 0.000185149 -6.41555e-05 0.00236943 0.000871794 0.000561068
internal_weight=3857 3274 3227 1925 1880 710 314 1302 1146 1036 981 156 116 261
internal_count=3857 3274 3227 1925 1880 710 314 1302 1146 1036 981 156 116 261
is_linear=0
shrinkage=0.03


Tree=169
num_leaves=15
num_cat=0
split_feature=4 60 68 41 82 82 26 33 80 30 43 61 28 34
split_gain=0.894025 0.975031 1.10513 1.22948 1.26269 1.41179 0.936697 1.08334 1.2724 1.21357 0.849546 0.739826 1.14128 1.29424
threshold=6.5000000000000009 -23.505741238594052 -0.2051324581469772 -123.28939306735991 143.17034693559012 127.88824037710826 138.50000000000003 19.108427815570678 -118.45985734462737 25.250000000000004 446.73794423390336 0.66961352546104502 169.50000000000003 0.33105022831050229
decision_type=2 8 8 8 10 10 2 8 10 10 10 10 2 10
left_child=-1 -2 -3 -4 5 6 11 10 9 -9 -8 -5 -13 -14
right_child=1 2 3 4 -6 -7 7 8 -10 -11 -12 12 13 -15
leaf_value=-0.19193865383623765 -0.41809161145792817 -0.30208626602988253 0.83870713227673499 -0.01295266565088379 -0.21590288071237787 0.50013782167884457 0.31435027137652055 -0.27983991258508667 0.70263564489845465 0.54036796552354838 -0.40224425895742627 -0.058113705104064606 0.20365615297775916 0.54604978826312711
leaf_weight=1196 534 154 42 1047 262 53 68 44 63 62 65 124 96 45
leaf_count=1196 534 154 42 1047 262 53 68 44 63 62 65 124 96 45
internal_value=-0.000361775 -5.52639e-05 0.000232831 0.000424441 0.000312435 0.000616906 0.000456965 0.0019604 0.00354706 0.00151402 -6.71649e-05 0.000109672 0.00152256 0.00335915
internal_weight=3855 2659 2125 1971 1929 1667 1614 302 169 106 133 1312 265 141
internal_count=3855 2659 2125 1971 1929 1667 1614 302 169 106 133 1312 265 141
is_linear=0
shrinkage=0.03


Tree=170
num_leaves=15
num_cat=0
split_feature=8 29 17 8 38 37 41 29 35 64 85 25 64 61
split_gain=0.850071 1.20034 2.49094 1.79017 1.20117 1.2606 1.27448 0.835703 1.5842 2.4066 2.30045 1.05914 1.27609 0.648233
threshold=5.7159521581546002 0.93800051252482552 35.000000000000007 8.1588673648624752 3879.7899791111604 1861.6263809118288 23.587893605232242 0.86809371184371198 20.913519813519819 6.5219206351290975 56.788795113563545 0.83130081300813019 3.8792191999208128 0.9383358852641267
decision_type=8 10 2 8 10 10 8 10 10 8 8 10 10 10
left_child=7 4 3 -3 5 6 -2 13 11 -10 -11 12 -9 -1
right_child=1 2 -4 -5 -6 -7 -8 8 9 10 -12 -13 -14 -15
leaf_value=-0.45307812723385449 0.12294710294269937 1.3874455355608972 -0.65063506940202265 0.26675287557530658 -0.52710682324288061 0.33829409109316388 -0.072773878163364225 -0.78466167225696659 1.088229864744205 1.2541516365161611 -0.28440767268702749 -0.069150399035066132 1.0703921663843707 0.36422863879939205
leaf_weight=575 47 45 60 58 182 44 176 42 40 46 98 2354 40 41
leaf_count=575 47 45 60 58 182 44 176 42 40 46 98 2354 40 41
internal_value=-0.000349182 0.000675366 0.00287195 0.00568269 -0.000126667 0.00115298 0.000227678 -0.000543096 -0.000309043 0.00236757 0.00053793 -0.000512106 0.00281928 -0.00153647
internal_weight=3848 612 163 103 449 267 223 3236 2620 184 144 2436 82 616
internal_count=3848 612 163 103 449 267 223 3236 2620 184 144 2436 82 616
is_linear=0
shrinkage=0.03


Tree=171
num_leaves=15
num_cat=0
split_feature=72 29 33 16 81 9 74 28 30 64 61 56 56 48
split_gain=0.770593 0.753514 1.30501 1.18739 2.00837 0.871159 1.23759 1.07975 0.831671 0.903276 0.780851 0.766546 0.637607 0.832293
threshold=76.637621164321914 0.89426985616010024 20.487500000000001 30.500000000000004 7776.2150688171396 570.00000000000011 181.69295447457918 126.50000000000001 36.45000000000001 5.6252911504796561 0.17894552292422347 61.505011995633453 158.57630646228793 59.809412042299918
decision_type=10 10 10 2 10 2 8 2 10 8 8 8 8 10
left_child=1 10 3 5 -5 6 -3 -8 9 -4 -1 -11 13 -9
right_child=-2 2 8 4 -6 -7 7 12 -10 11 -12 -13 -14 -15
leaf_value=-0.39728527378643003 -0.48364071135744791 0.3459151614494973 0.94535561145779101 0.0019058910823549361 2.0712689403464997 -0.77569129816914739 1.7021409678398505 -0.16720607811714336 -0.038991110059684822 0.84211873779043811 -0.043052306722926599 -0.14486803819571062 -0.17681559482973641 0.083380700090477447
leaf_weight=372 105 55 60 232 66 230 41 752 89 76 995 75 251 412
leaf_count=372 105 55 60 232 66 230 41 752 89 76 995 75 251 412
internal_value=-0.000449371 -0.000377125 -5.00007e-05 -0.00032206 0.00142475 -0.0006217 -0.000359128 -0.000527111 0.00179402 0.00281604 -0.000936404 0.00155921 -0.000667374 -0.000370816
internal_weight=3811 3706 2339 2039 298 1741 1511 1456 300 211 1367 151 1415 1164
internal_count=3811 3706 2339 2039 298 1741 1511 1456 300 211 1367 151 1415 1164
is_linear=0
shrinkage=0.03


Tree=172
num_leaves=15
num_cat=0
split_feature=4 81 6 66 3 49 43 38 59 8 49 3 3 3
split_gain=0.815053 0.810483 1.15729 1.15337 1.17739 1.53304 1.502 1.71693 1.01753 1.01314 1.94176 2.08943 1.15772 1.31554
threshold=6.5000000000000009 4536.5667403936395 750.00000000000011 162.01244449615481 11.125000000000002 9.5000000000000018 585.69449131104363 3093.0558243035343 146.67701900005343 5.7159521581546002 7.5000000000000009 17.625000000000004 11.541666666656967 10.208333333343036
decision_type=2 10 10 10 2 8 10 10 10 10 10 2 2 2
left_child=-1 2 3 4 -2 6 7 -6 -4 12 11 -11 13 -3
right_child=1 9 8 -5 5 -7 -8 -9 -10 10 -12 -13 -14 -15
leaf_value=-0.19312988592769187 0.0041553387657561015 -0.2764666607332274 -0.31907702604434662 -0.074224633236842627 0.47878329185770224 -0.18570200816917215 -0.036966218717050491 0.84649435569329234 0.54331888219127422 -0.012007855897465461 -0.45664539119078923 1.0579746094835341 -0.50022731388692177 0.48938276645909118
leaf_weight=1161 439 159 293 251 143 96 56 41 45 74 121 54 797 100
leaf_count=1161 439 159 293 251 143 96 56 41 45 74 121 54 797 100
internal_value=-0.000501175 -0.00021236 0.0002989 0.000800389 0.00137242 0.00270623 0.0039834 0.00528649 -0.00122124 -0.000746555 0.000971999 0.00353488 -0.00115232 0.000588461
internal_weight=3830 2669 1364 1026 775 336 240 184 338 1305 249 128 1056 259
internal_count=3830 2669 1364 1026 775 336 240 184 338 1305 249 128 1056 259
is_linear=0
shrinkage=0.03


Tree=173
num_leaves=15
num_cat=0
split_feature=3 81 29 70 8 28 66 83 17 49 17 81 76 17
split_gain=1.37078 1.69351 1.43311 3.72184 1.5569 1.61595 1.14302 2.1376 1.09449 1.02754 1.77206 1.37747 1.27408 1.3628
threshold=11.625000000000002 4282.5274147987375 0.95761545572971396 0.36038961038961043 5.0810954811165594 264.50000000000006 461.25809431076055 32.230449914932258 42.500000000000007 7.5000000000000009 39.500000000000007 2871.5226068496709 199.17728698253634 32.500000000000007
decision_type=2 10 10 10 10 2 10 10 2 8 2 10 10 2
left_child=1 9 3 -3 5 8 -2 -8 -5 -1 11 12 13 -11
right_child=6 2 -4 4 -6 -7 7 -9 -10 10 -12 -13 -14 -15
leaf_value=-0.26017247225599044 -0.11321223754395009 3.9625210148067218 -0.67624657950495393 0.040187621014202132 -0.61183505566683227 1.4018565403623695 -0.22123572501291436 0.77900259618245926 0.43255652030762937 0.0443456947839444 -0.26772907108094079 -0.11367031884764683 0.34022778899222811 2.2609630381565586
leaf_weight=412 2211 42 95 165 92 58 76 47 44 149 307 49 48 47
leaf_count=412 2211 42 95 165 92 58 76 47 44 149 307 49 48 47
internal_value=-0.00024356 0.000461232 0.00189537 0.0026791 0.001675 0.00283209 -0.00069893 0.00210484 0.00158571 -0.000242844 0.000549084 0.00221429 0.00313469 0.00204061
internal_weight=3842 1508 496 401 359 267 2334 123 209 1012 600 293 244 196
internal_count=3842 1508 496 401 359 267 2334 123 209 1012 600 293 244 196
is_linear=0
shrinkage=0.03


Tree=174
num_leaves=15
num_cat=0
split_feature=75 35 85 71 8 76 76 73 20 41 26 33 71 65
split_gain=1.09377 0.97912 1.08293 1.44598 1.83216 0.99218 1.20837 1.13968 1.51071 1.21972 1.01719 1.12102 1.47953 1.23472
threshold=1172.5119364261629 26.939693969396945 -2.4213190674781795 15.500000000000002 4.1761948675895475 255.07023596763614 133.59285902976993 3.0910593271255498 428.56582868099218 2.6152381896972661 80.500000000000014 19.108427815570678 7.5000000000000009 1.0082570408619633
decision_type=10 8 8 8 10 10 10 10 10 10 2 8 8 8
left_child=1 2 3 -1 -5 6 10 8 9 -7 -4 -12 -13 -14
right_child=-2 -3 5 4 -6 7 -8 -9 -10 -11 11 12 13 -15
leaf_value=-0.44425691064490319 -0.50014052309121748 -0.28786607659023189 -0.10345331824521223 -0.53978960942185972 0.63836321767182391 -0.24271600742495306 -0.60411585277186908 0.56655239023382431 -0.540145827974433 0.69313350356292491 0.010742559804283243 0.78291684645940463 -0.26553632488558104 0.25699129617872407
leaf_weight=915 195 464 439 67 44 40 126 63 133 75 992 50 97 116
leaf_count=915 195 464 439 67 44 40 126 63 133 75 992 50 97 116
internal_value=-0.000342678 -0.000224462 -3.51495e-05 -0.000835444 0.00238393 0.000350375 8.23716e-05 0.00191346 0.000987951 0.00349138 0.000293805 0.000728502 0.00246591 0.00135981
internal_weight=3816 3621 3157 1026 111 2131 1820 311 248 115 1694 1255 263 213
internal_count=3816 3621 3157 1026 111 2131 1820 311 248 115 1694 1255 263 213
is_linear=0
shrinkage=0.03


Tree=175
num_leaves=15
num_cat=0
split_feature=6 63 26 78 4 39 0 30 24 66 3 80 68 68
split_gain=0.952763 0.862487 0.760015 0.699547 1.00436 1.49789 0.770505 1.04674 1.25454 1.01996 1.07924 1.16656 0.838101 0.706397
threshold=690.00000000000011 441.00119230330716 85.500000000000014 0.87500000000000011 9.5000000000000018 3254.5773866147051 61.500000000000007 24.950000000000003 42.500000000000007 173.48368418216708 16.708333333343038 18.117109894752506 0.054774927968916552 -0.10716496192286869
decision_type=10 10 2 8 2 10 2 10 2 10 2 8 8 8
left_child=3 -2 -3 13 6 -6 -5 9 -9 10 11 -8 -13 -1
right_child=1 2 -4 4 5 -7 7 8 -10 -11 -12 12 -14 -15
leaf_value=0.19091711903728789 -0.1422197622049354 1.1101411848314582 -0.045769478991285154 -0.038044198904751886 0.9835277710935455 -0.069198386159500039 0.61313790441597471 0.21192532343733114 0.8604937120884808 -0.46415313458690988 -0.92298033006884084 0.40722146453270303 -0.33103393213841847 -0.45926830024874787
leaf_weight=66 2198 60 109 659 51 41 40 62 49 113 55 52 46 214
leaf_count=66 2198 60 109 659 51 41 40 62 49 113 55 52 46 214
internal_value=-0.000436321 -0.000807011 0.00125294 0.000169772 0.000492728 0.00348387 0.000233983 0.00124163 0.00372321 0.000332247 0.00165464 0.00306475 0.00127273 -0.00117438
internal_weight=3815 2367 169 1448 1168 92 1076 417 111 306 193 138 98 280
internal_count=3815 2367 169 1448 1168 92 1076 417 111 306 193 138 98 280
is_linear=0
shrinkage=0.03


Tree=176
num_leaves=15
num_cat=0
split_feature=14 81 8 77 35 60 38 42 77 42 42 81 0 77
split_gain=0.834935 0.96425 1.04863 1.37761 0.984763 1.45508 0.83706 1.61792 0.841515 1.05502 2.65487 1.656 1.96619 2.81391
threshold=409.68054493568519 24570.887790799145 5.6488499421908083 -208.35183674097058 18.484289564882562 196.89840686321261 391.42792779479151 -296.99999999999994 -243.40340566635129 39.35622692108155 45.825402855873115 3639.9758070707326 5.5000000000000009 -165.26840126514432
decision_type=8 10 10 8 8 8 10 10 8 10 10 10 2 10
left_child=6 2 -2 -4 5 -5 -1 -8 -9 11 -11 12 13 -10
right_child=1 -3 3 4 -6 -7 7 8 9 10 -12 -13 -14 -15
leaf_value=-0.27862921014693198 -0.28255097476845481 0.24962476973553333 0.90568717516065433 0.23620257172630207 -0.29373116241695019 -0.1315485366461088 1.6423896436966057 -0.1691672041339764 0.031943704790107948 3.8545731297500154 0.044133681335301399 -0.45455497432550623 -0.27142366548480806 1.3778820006351833
leaf_weight=268 1106 62 42 52 192 56 43 306 132 41 775 567 114 58
leaf_count=268 1106 62 42 52 192 56 43 306 132 41 775 567 114 58
internal_value=-0.000325558 -0.000873594 -0.00103106 0.000419824 -0.000299004 0.00198165 3.38388e-05 0.000241531 0.000115847 0.000378554 0.001153 -0.000347478 0.00143606 0.00329843
internal_weight=3814 1510 1448 342 300 108 2304 2036 1993 1687 816 871 304 190
internal_count=3814 1510 1448 342 300 108 2304 2036 1993 1687 816 871 304 190
is_linear=0
shrinkage=0.03


Tree=177
num_leaves=15
num_cat=0
split_feature=77 67 26 77 80 71 80 28 15 7 69 53 72 77
split_gain=0.836202 0.830311 0.836289 1.44007 1.05748 1.426 0.976932 0.97561 0.879808 1.47595 2.73369 0.889556 0.893576 0.733481
threshold=-291.74999999999994 -96.126303315162644 66.500000000000014 -146.72816359996793 168.8160529136658 8.5000000000000018 -203.66100168228147 197.50000000000003 2.5000000000000004 1613.4040265097485 -83.012638532266948 17.500000000000004 -124.46037340164183 106.79547423124315
decision_type=8 8 2 10 8 10 8 2 2 10 10 10 8 10
left_child=-1 -2 3 4 5 -3 7 -4 -8 10 -10 12 -11 -14
right_child=1 2 6 -5 -6 -7 8 -9 9 11 -12 -13 13 -15
leaf_value=-0.58798271540869629 -0.60298988056926139 -0.0051574766091986475 3.318157275898316 -0.64542463692561292 -0.13407351737448073 0.61162089203731351 -0.2278240045357057 -0.076380465542604956 0.83533465767240844 0.37313737687717791 -0.054868169518571173 0.44216930834866403 -0.0019037814942620135 -0.5415903114589784
leaf_weight=259 375 82 40 288 184 47 441 40 59 53 74 58 1689 118
leaf_count=259 375 82 40 288 184 47 441 40 59 53 74 58 1689 118
internal_value=-0.000423057 -0.000302621 -0.000144613 -0.00115116 0.000257961 0.00233077 9.09437e-05 0.00333333 -1.44411e-05 0.000247075 0.00329104 3.43922e-05 -8.06025e-05 -0.000194138
internal_weight=3807 3548 3173 601 313 129 2572 80 2492 2051 133 1918 1860 1807
internal_count=3807 3548 3173 601 313 129 2572 80 2492 2051 133 1918 1860 1807
is_linear=0
shrinkage=0.03


Tree=178
num_leaves=15
num_cat=0
split_feature=1 52 80 68 17 28 43 80 28 28 53 24 3 79
split_gain=0.950226 1.26367 1.04244 0.922724 0.991017 1.69609 1.56103 1.75521 1.10348 1.68423 0.926936 0.900846 1.05014 0.724146
threshold=659.08346462249767 46.969131231307991 243.51602375507358 0.20602825578296338 32.500000000000007 199.50000000000003 81.38246659827773 60.570403456687934 266.50000000000006 244.50000000000003 9.5000000000000018 36.500000000000007 10.958333333343036 5.5766468366875399
decision_type=2 8 10 10 2 2 8 8 2 2 8 2 2 10
left_child=1 -1 3 4 5 -3 7 -6 9 -7 13 12 -12 -8
right_child=-2 2 -4 -5 6 8 10 -9 -10 -11 11 -13 -14 -15
leaf_value=-0.16849005721257268 -0.10468628928950797 -0.31258615519368343 -0.47346109654751678 -0.76345703207886362 0.038652721815105665 0.35658973241437242 -0.29429612002015049 1.4666026626550064 -0.023167351100541359 1.2061867760041742 0.63785658251150956 0.49829092842758171 -0.17458503655418653 0.096055662962776137
leaf_weight=553 2172 201 79 99 41 68 78 43 92 47 78 55 58 160
leaf_count=553 2172 201 79 99 41 68 78 43 92 47 78 55 58 160
internal_value=-0.000418824 0.000123411 0.000711817 0.000969637 0.00126573 0.000161368 0.00214202 0.00585882 0.0020625 0.00400862 0.00140232 0.00295312 0.00162044 0.000150627
internal_weight=3824 1652 1099 1020 921 408 513 84 207 115 429 191 136 238
internal_count=3824 1652 1099 1020 921 408 513 84 207 115 429 191 136 238
is_linear=0
shrinkage=0.03


Tree=179
num_leaves=15
num_cat=0
split_feature=73 24 77 35 77 35 22 30 31 62 62 11 9 62
split_gain=0.768088 0.982137 0.963722 1.85202 2.00789 1.17268 0.95014 0.927556 0.828183 1.2307 1.1105 1.06869 1.64348 0.982796
threshold=18.546819806098942 55.500000000000007 60.856666743755348 16.736403940886703 -31.812312424182888 13.708016235413497 1.8354868888854983 1.0500000000000003 26.604347826086961 0.14294712533038337 0.16652740172698458 3240.0000000000005 2700.0000000000005 0.12067962072760828
decision_type=10 2 10 10 10 10 2 10 8 10 10 2 2 10
left_child=1 8 3 5 -5 6 -3 -2 10 -10 11 12 13 -1
right_child=7 2 -4 4 -6 -7 -8 -9 9 -11 -12 -13 -14 -15
leaf_value=0.0011131795616955234 0.087689330372766175 -0.13732974023841163 -0.47022858981824933 0.035064199853140778 1.4433429205283284 -0.56730667309699778 0.72367763244001904 -0.59448441173657884 -0.32446379597249775 0.5438284526863445 -0.24556955148827386 -0.6019896130772564 3.067416732765921 0.3125048082197745
leaf_weight=1785 121 47 107 111 55 77 49 300 476 41 410 109 42 104
leaf_count=1785 121 47 107 111 55 77 49 300 476 41 410 109 42 104
internal_value=-0.000292569 -0.000143234 0.00116778 0.00195 0.00420359 -0.000224139 0.00197938 -0.0015 -0.000340634 -0.0014305 -0.00011016 0.000176383 0.000340061 0.000207936
internal_weight=3834 3413 446 339 166 173 96 421 2967 517 2450 2040 1931 1889
internal_count=3834 3413 446 339 166 173 96 421 2967 517 2450 2040 1931 1889
is_linear=0
shrinkage=0.03


Tree=180
num_leaves=15
num_cat=0
split_feature=22 53 38 26 80 75 76 77 29 20 29 9 38 67
split_gain=0.998022 0.863647 1.28305 0.849033 0.87576 0.818015 1.19589 0.841048 0.834806 1.26785 1.84161 1.61567 1.46484 1.48493
threshold=0.51161921024322521 17.500000000000004 14555.391783759891 143.50000000000003 167.08415758609775 1233.3798408508303 1831.1370159387591 106.79547423124315 0.91280560524746579 314.27329885959631 0.92747102796345382 330.00000000000006 3798.4843307200149 160.70731811663697
decision_type=2 10 8 2 8 10 10 10 10 8 10 2 10 8
left_child=-1 2 5 4 -3 6 7 8 -2 10 -10 12 -11 -14
right_child=1 3 -4 -5 -6 -7 -8 -9 9 11 -12 -13 13 -15
leaf_value=-0.59810344158014039 -0.06312130022230604 0.75898334256610711 -0.46251070567292696 0.72831848454551651 -0.48822819142842871 -0.38801645707495558 3.5778553382182974 -0.54505672575130948 0.63255209812183055 0.0040330653389399054 -0.094422251705398155 -0.80638729557851363 0.0061448423321335405 0.98106649456006489
leaf_weight=313 1490 40 200 41 47 182 41 112 63 916 59 162 94 103
leaf_count=313 1490 40 200 41 47 182 41 112 63 916 59 162 94 103
internal_value=-0.000413821 -0.000270347 -0.000361087 0.00213953 0.000443181 -0.000215949 -9.86525e-05 -0.000169001 -6.95991e-05 0.000457081 0.00336585 0.000176332 0.00058438 0.00292424
internal_weight=3863 3550 3422 128 87 3222 3040 2999 2887 1397 122 1275 1113 197
internal_count=3863 3550 3422 128 87 3222 3040 2999 2887 1397 122 1275 1113 197
is_linear=0
shrinkage=0.03


Tree=181
num_leaves=15
num_cat=0
split_feature=4 17 34 23 67 4 85 16 35 85 3 3 59 83
split_gain=0.843087 1.99603 0.800012 0.576199 0.634963 0.585137 0.632227 1.3148 2.03479 1.04551 0.742733 1.0656 0.799226 2.20416
threshold=9.5000000000000018 39.500000000000007 0.25782013685239497 0.72670114040374767 -96.126303315162644 4.5000000000000009 -124.07147747278212 14.500000000000002 13.181424148606814 -24.627312620480854 0.45833333334303467 6.9583333333430355 145.07315599918368 542.8696906566621
decision_type=2 2 8 10 8 2 8 2 10 8 2 2 10 8
left_child=3 -2 -3 -1 -5 -6 7 -7 -9 -8 -11 -12 -13 -14
right_child=1 2 -4 4 5 6 9 8 -10 10 11 12 13 -15
leaf_value=-0.39847786726215512 1.0303027494230748 -0.5611837699186476 0.077386945190484474 -0.50821547824240065 -0.2590630394325566 -0.80323119776745133 -0.67449388147745204 0.025664222884348265 0.88560713194816565 0.84988694849593982 -0.21943845642682183 0.0081615104234142866 -0.057194097635403576 0.46857816680645326
leaf_weight=265 68 98 70 372 465 59 308 78 47 42 273 1576 74 47
leaf_count=265 68 98 70 372 465 59 308 78 47 42 273 1576 74 47
internal_value=-0.000290399 0.00144304 -0.000319527 -0.000404215 -0.000297128 -0.000150506 3.1137e-05 0.00171892 0.00345238 -0.000103404 0.00014605 6.08821e-05 0.000340989 0.00268033
internal_weight=3842 236 168 3606 3341 2969 2504 184 125 2320 2012 1970 1697 121
internal_count=3842 236 168 3606 3341 2969 2504 184 125 2320 2012 1970 1697 121
is_linear=0
shrinkage=0.03


Tree=182
num_leaves=15
num_cat=0
split_feature=27 27 52 16 77 32 45 77 5 76 17 4 81 22
split_gain=0.581365 0.756744 1.22482 3.02259 0.979092 1.2033 0.920326 0.681279 0.658683 0.797804 1.42978 0.645139 0.643268 0.993911
threshold=0.97362624623232097 0.90995495495495515 664.19093370437633 29.500000000000004 34.022626459598548 0.067816091954023008 11.500000000000002 -153.83024227619168 182.47222447395328 350.30984318256384 42.500000000000007 6.5000000000000009 7275.1010299921045 9.0342426300048846
decision_type=10 10 10 2 8 10 10 8 10 10 2 2 10 2
left_child=1 8 4 -4 5 -3 -7 -2 9 11 -11 -1 13 -13
right_child=7 2 3 -5 -6 6 -8 -9 -10 10 -12 12 -14 -15
leaf_value=-0.46409183960111955 0.028073690630240809 1.0526353797671859 -0.28903205578567404 3.0394677886904113 -0.094054880755164022 -0.00068490099798809907 0.59269198241337528 -0.65895922858550804 -0.96304516089201286 0.32530721007097252 -0.98546731823892642 -0.035908853267426093 -0.31011978841765092 0.24952079993801318
leaf_weight=333 73 53 84 47 504 841 44 333 133 66 44 593 504 201
leaf_count=333 73 53 84 47 504 841 44 333 133 66 44 593 504 201
internal_value=-0.000446031 -0.000319316 0.000165819 0.00293182 -8.73188e-05 0.000485622 0.00022009 -0.00151843 -0.000726401 -0.000570035 0.00189189 -0.000737133 -0.000434181 9.81125e-05
internal_weight=3853 3447 1573 131 1442 938 885 406 1874 1741 110 1631 1298 794
internal_count=3853 3447 1573 131 1442 938 885 406 1874 1741 110 1631 1298 794
is_linear=0
shrinkage=0.03


Tree=183
num_leaves=15
num_cat=0
split_feature=4 51 35 41 4 2 83 82 72 7 25 70 48 68
split_gain=0.956064 1.07058 1.02627 1.49767 0.805029 0.735714 0.797202 0.850443 1.79129 0.920442 1.01668 1.45739 1.14434 0.784656
threshold=7.5000000000000009 577.75507247447979 1.4002659574468088 59.644648432731636 4.5000000000000009 1.0000000180025095e-35 103.39340400695802 76.17968070507051 -92.821619033813462 3664.8240966206799 0.83935483870967753 0.18465909090909094 66.520578662554428 -0.21505974883563392
decision_type=2 10 8 10 2 2 8 8 10 10 10 10 10 10
left_child=1 4 3 -2 -1 6 13 8 -8 10 11 -9 -12 -4
right_child=2 -3 5 -5 -6 -7 7 9 -10 -11 12 -13 -14 -15
leaf_value=-0.47004164383245478 1.3607372523115746 2.2688753935967374 -0.21289044037657545 -0.12810686259907914 -0.07834912579100041 -0.53258485170872949 0.68265576132350225 -0.041452350126775679 -0.058099262898835331 -0.24079881254958227 -0.16119213006248534 1.0655349870405231 0.53236399838253534 -0.014685454844980485
leaf_weight=437 65 52 170 42 1478 79 79 40 47 218 238 40 120 728
leaf_count=437 65 52 170 42 1478 79 79 40 47 218 238 40 120 728
internal_value=-0.000464007 -0.000925306 2.24953e-05 0.00286111 -0.00104123 -0.000151705 -1.78472e-05 0.000681992 0.00292913 0.000246575 0.00103872 0.00407407 0.000350974 -0.000627364
internal_weight=3833 1967 1866 107 1915 1759 1680 782 126 656 438 80 358 898
internal_count=3833 1967 1866 107 1915 1759 1680 782 126 656 438 80 358 898
is_linear=0
shrinkage=0.03


Tree=184
num_leaves=15
num_cat=0
split_feature=4 82 81 3 17 28 33 32 3 39 38 22 57 0
split_gain=0.833833 0.996838 0.964759 1.69793 2.10874 1.84212 2.08495 2.12372 1.24402 0.923638 1.21445 1.12867 1.33091 0.946487
threshold=6.5000000000000009 65.116611440976484 5175.3435243368158 15.208333333343036 44.000000000000007 268.50000000000006 11.36923076923077 0.13100686498855837 18.375000000000004 2345.9196444808044 1339.8109768819063 9.7657687664032 9.5000000000000018 1.0000000180025095e-35
decision_type=2 10 10 2 2 2 10 10 2 10 10 2 8 2
left_child=1 -1 3 9 5 6 -5 -8 -9 11 13 -2 -13 -11
right_child=2 -3 -4 4 -6 -7 7 8 -10 10 -12 12 -14 -15
leaf_value=-0.23993980170389193 -0.0089704248597704695 0.022849273185197579 -0.097568250060267023 0.078667475174370838 -0.18253718774559108 -0.055395527919417327 0.16345961266791664 0.52319020025916596 1.0684031597941801 -0.25832502024869486 -0.66821838438271952 0.019124762820738266 1.4953605567762769 1.0918066518591034
leaf_weight=951 412 238 1126 112 176 77 58 61 48 46 333 73 53 54
leaf_count=951 412 238 1126 112 176 77 58 61 48 46 333 73 53 54
internal_value=-0.000422624 -0.00108151 -0.000124335 0.000373005 0.00173358 0.00305882 0.00418929 0.00630357 0.00875454 -0.000373458 -0.00140323 0.0004564 0.00292913 0.00148515
internal_weight=3818 1189 2629 1503 532 356 279 167 109 971 433 538 126 100
internal_count=3818 1189 2629 1503 532 356 279 167 109 971 433 538 126 100
is_linear=0
shrinkage=0.03


Tree=185
num_leaves=15
num_cat=0
split_feature=50 80 74 40 38 8 39 71 33 27 77 8 45 33
split_gain=1.03848 0.738217 1.16042 1.208 1.15939 1.08007 0.886001 1.09614 0.854279 2.49635 0.735807 0.729822 0.702625 0.648537
threshold=2176.8010172843938 -31.828577518463131 46.913695152474382 628.93969194685747 3093.0558243035343 4.8440375778244009 2429.4513413337695 4.5000000000000009 20.851069703243621 0.88757022471910119 13.88852369785309 4.9637245475861684 21.500000000000004 14.75841514726508
decision_type=10 8 8 10 10 10 8 8 10 10 8 10 10 8
left_child=1 2 -1 -4 -5 -6 8 -8 11 -10 -11 13 -9 -3
right_child=-2 6 3 4 5 -7 7 12 9 10 -12 -13 -14 -15
leaf_value=1.9389580808645959 -0.44080486101268318 0.028117977119280994 -0.59300893152454004 -0.35369573615305144 0.31227742504695449 -0.013939601673344577 0.28557302793114364 -0.15212366181570749 -0.97840322971869498 1.043608341418266 0.1246514211258874 0.3204071398065837 0.43626213493108817 -0.07145285613686303
leaf_weight=45 194 1044 572 129 49 52 78 1032 61 43 40 42 40 407
leaf_count=45 194 1044 572 129 49 52 78 1032 61 43 40 42 40 407
internal_value=-0.000390181 -0.000275654 -0.00105071 -0.00131507 0.00051948 0.00291176 -3.98142e-05 -0.000677672 0.000408424 0.0026069 0.00596429 0.000194778 -0.000928239 8.05778e-05
internal_weight=3828 3634 847 802 230 101 2787 1150 1637 144 83 1493 1072 1451
internal_count=3828 3634 847 802 230 101 2787 1150 1637 144 83 1493 1072 1451
is_linear=0
shrinkage=0.03


Tree=186
num_leaves=15
num_cat=0
split_feature=27 2 53 14 25 0 84 81 69 37 38 60 32 31
split_gain=0.729864 0.714282 1.18802 1.4783 0.919461 0.760795 0.802766 0.760825 1.25871 1.71441 0.864227 1.69768 1.19782 0.812995
threshold=0.98518437225636535 1.0000000180025095e-35 17.500000000000004 529.0739941642554 0.70185185185185195 -202.49999999999997 31.175808588663738 16459.262199997906 896.34887288234847 290.02424801410626 3190.1624755906846 180.15866160392764 0.25320512820512825 24.240374331550807
decision_type=8 2 10 10 10 2 8 8 8 10 10 8 10 10
left_child=1 2 4 -4 -1 -6 -7 8 13 -10 -9 12 -12 -8
right_child=-2 -3 3 -5 5 6 7 10 9 -11 11 -13 -14 -15
leaf_value=-0.54708781347264701 -0.32745202538706691 -0.47482591533725266 -0.0021272043750623268 1.0990436878334158 0.33172994262069833 -0.1239207907914049 0.054571594917882119 -0.22031403512370365 -0.011867120698008706 1.3280664933171766 0.048862890561100845 -0.15988007928855125 0.64501391011069742 -0.56662375141246002
leaf_weight=212 304 186 61 40 45 1382 611 396 51 53 149 190 65 60
leaf_count=212 304 186 61 40 45 1382 611 396 51 53 149 190 65 60
internal_value=-0.000500526 -0.000377785 -0.000275936 0.00291176 -0.000376984 -0.000241759 -0.000301218 0.000161801 0.000831185 0.00388571 -0.000486892 0.000488888 0.00231628 0.000352678
internal_weight=3805 3501 3315 101 3214 3002 2957 1575 775 104 800 404 214 671
internal_count=3805 3501 3315 101 3214 3002 2957 1575 775 104 800 404 214 671
is_linear=0
shrinkage=0.03


Tree=187
num_leaves=15
num_cat=0
split_feature=27 27 39 80 33 77 73 83 67 62 81 62 25 44
split_gain=0.932747 1.30148 1.08849 1.08814 1.05774 1.05931 1.24321 1.05314 1.02334 1.67973 0.925483 1.61784 1.09422 0.954688
threshold=0.94466316710411202 0.93949562741509063 2039.1779439038273 115.43888473510744 24.422619047619051 -234.55698454380033 -16.994790792465206 -14.965274333953856 117.31599818958951 0.015237585881489072 3783.8286072015767 -0.1435593731482088 0.937104430379747 39.218227744102485
decision_type=10 10 8 8 10 10 8 10 8 10 10 8 10 8
left_child=1 2 4 -3 5 7 -7 -1 9 -9 11 -8 13 -13
right_child=-2 3 -4 -5 -6 6 10 8 -10 -11 -12 12 -14 -15
leaf_value=-0.3276928435211382 -0.19586787467875991 -0.026840527983410172 -0.094279877463210995 0.68128693779265348 0.25116034003319571 0.89388209554941211 1.1992227646904616 -0.060095702697350289 -0.085699390706268821 1.0082043097645261 -0.034576124877435076 0.81650528202229344 -0.15972604045594643 0.064307323625986679
leaf_weight=376 823 59 1498 53 47 50 44 72 91 53 464 44 52 110
leaf_count=376 823 59 1498 53 47 50 44 72 91 53 464 44 52 110
internal_value=-0.000536357 -0.00029164 -0.000414542 0.00286726 0.000185897 3.09499e-05 0.000768627 -0.000920743 0.000746543 0.0025 0.000444755 0.00191235 0.000782608 0.00205161
internal_weight=3836 3013 2901 112 1403 1356 764 592 216 125 714 250 206 154
internal_count=3836 3013 2901 112 1403 1356 764 592 216 125 714 250 206 154
is_linear=0
shrinkage=0.03


Tree=188
num_leaves=15
num_cat=0
split_feature=26 8 39 57 42 42 37 56 73 3 3 80 42 81
split_gain=0.864575 0.869173 0.961264 0.818579 1.1843 1.09565 0.782684 0.859208 0.764161 0.782465 1.85448 1.01676 1.40527 1.88715
threshold=64.500000000000014 5.5145890019369377 4269.2783031509362 2.5000000000000004 53.763827443122871 36.129825115203865 951.077128960496 -124.01919833819069 25.488497734069828 7.5416666666569663 7.8750000000000009 -26.472220659255978 -11.169914364814757 9091.2034698724765
decision_type=2 8 10 8 10 10 8 8 10 2 2 8 10 10
left_child=1 -1 -3 4 5 -2 -5 -8 9 -9 -11 -12 13 -13
right_child=3 2 -4 6 -6 -7 7 8 -10 10 11 12 -14 -15
leaf_value=-0.328094370209571 0.087328653046659044 1.6371182331795311 -0.10986165127537627 -0.1803782031090542 -0.23506197409473412 2.3439076942905053 -0.70507419976933394 -0.12369008697617552 -0.42218153182061113 1.2492564139554998 -0.35611857314219614 0.44610479668501452 0.0014794239172454401 -0.89184419565691286
leaf_weight=407 156 40 73 524 147 42 186 406 175 44 489 230 799 64
leaf_count=407 156 40 73 524 147 42 186 406 175 44 489 230 799 64
internal_value=-0.0004774 -0.00161228 0.000710526 -0.000296047 0.00108381 0.00259296 -0.000459562 -0.000229324 -6.38594e-05 0.000100344 0.000394591 0.000223625 0.000732175 0.00250169
internal_weight=3782 520 113 3262 345 198 2917 2393 2207 2032 1626 1582 1093 294
internal_count=3782 520 113 3262 345 198 2917 2393 2207 2032 1626 1582 1093 294
is_linear=0
shrinkage=0.03


Tree=189
num_leaves=15
num_cat=0
split_feature=23 16 85 16 56 80 14 52 28 3 42 66 76 40
split_gain=0.955989 0.822973 0.668585 1.22893 0.69525 0.631988 0.805041 0.769006 2.50406 1.22591 1.4864 1.54855 0.989593 0.969561
threshold=13.861959576606752 42.500000000000007 -234.17826902866361 19.500000000000004 -155.02945939699808 -34.518487572669976 1.0000000180025095e-35 98.376412510871901 124.50000000000001 16.375000000000004 -78.127854824066148 404.83429896831518 266.24217844009405 1256.756713885947
decision_type=8 2 8 2 8 8 10 10 2 2 8 10 10 10
left_child=1 2 3 -1 -4 6 -6 8 -7 12 -11 13 -10 -12
right_child=-2 -3 4 -5 5 7 -8 -9 9 10 11 -13 -14 -15
leaf_value=-0.37066426060778562 -0.18094270246379177 -0.45278677510803017 -0.76035488854469213 1.166796043435405 0.17101920356905825 1.4172599219828237 -0.44493681506264188 -0.052392893607003055 -0.059038737431856156 0.66880235436177515 -0.029081366388842581 0.38776429162084597 0.12121446050144173 0.36288590208910104
leaf_weight=48 540 96 101 48 54 46 612 759 961 51 305 66 75 58
leaf_count=48 540 96 101 48 54 46 612 759 961 51 305 66 75 58
internal_value=-0.000439676 -0.000246877 -0.000163894 0.00228866 -0.000240855 -0.000157631 -0.000971515 7.62267e-05 0.000456813 0.00024522 0.00149688 0.000913953 -0.000335584 0.000140109
internal_weight=3820 3280 3184 96 3088 2987 666 2321 1562 1516 480 429 1036 363
internal_count=3820 3280 3184 96 3088 2987 666 2321 1562 1516 480 429 1036 363
is_linear=0
shrinkage=0.03


Tree=190
num_leaves=15
num_cat=0
split_feature=48 0 75 24 76 24 28 4 68 71 80 80 35 27
split_gain=0.862848 0.73919 1.33897 1.06474 0.93217 0.914265 0.893884 0.863052 1.17321 0.861473 0.80693 2.03989 1.16449 0.71157
threshold=-185.59599506855008 22.500000000000004 237.44862365722659 66.500000000000014 395.23195803165441 56.500000000000007 399.50000000000006 9.5000000000000018 -0.090159765240607953 13.500000000000002 164.24278211593631 127.00085854530336 10.802922322775265 0.92802877697841735
decision_type=8 2 8 2 8 2 2 2 10 10 10 10 10 10
left_child=-1 4 6 5 9 10 -3 -6 -9 -2 11 13 -13 -4
right_child=1 2 3 -5 7 -7 -8 8 -10 -11 -12 12 -14 -15
leaf_value=0.23793454636340064 -0.021681285258284031 -0.34362419356444018 0.078068089175600874 -0.40111897558756182 -0.26653545868090478 0.65410608393389913 0.1069242827599563 0.89189936156362315 -0.080263904769877145 0.19357029977847789 -0.052129540699782678 1.021547433753045 0.11074371114968685 -0.058832321429063104
leaf_weight=64 165 411 620 125 1437 74 42 56 62 66 252 68 41 355
leaf_count=64 165 411 620 125 1437 74 42 56 62 66 252 68 41 355
internal_value=-0.00038135 -0.000440266 -4.2233e-05 0.000380859 -0.000883045 0.000616583 -0.00147357 -0.00114717 0.00131092 0.000892241 0.000435302 0.000790783 0.00466364 0.000353483
internal_weight=3838 3774 1988 1535 1786 1410 453 1555 118 231 1336 1084 109 975
internal_count=3838 3774 1988 1535 1786 1410 453 1555 118 231 1336 1084 109 975
is_linear=0
shrinkage=0.03


Tree=191
num_leaves=15
num_cat=0
split_feature=9 9 79 3 3 81 61 39 80 81 68 48 67 28
split_gain=0.705115 0.744435 0.640169 0.546237 1.37551 1.21844 2.17353 1.50024 1.2696 0.805487 0.621303 0.66175 0.636627 0.680623
threshold=3330.0000000000005 2700.0000000000005 396.46469057803557 23.125000000000004 20.541666666656969 8456.1572152376193 0.90040803138923031 3616.6430389380507 113.70059084892274 14235.45507335663 0.25169418911671365 -185.59599506855008 -188.17690091729165 249.50000000000003
decision_type=2 2 10 2 2 10 8 10 8 10 10 8 8 2
left_child=1 2 3 4 10 6 7 8 -6 -7 11 -1 -13 -14
right_child=-2 -3 -4 -5 5 9 -8 -9 -10 -11 -12 12 13 -15
leaf_value=0.26213477365407883 -0.40333742648788445 0.60722967277955131 -0.60500266738900221 -0.28220546958947129 0.43613375345229843 -1.0293549957652088 -0.56141971937913027 -0.030121920197330621 0.85871136953559768 0.39225884323927557 -0.32044393602173438 -0.99332138619203536 -0.061366345697059066 0.021807858875927611
leaf_weight=49 120 47 166 128 63 66 49 40 40 46 217 144 1970 737
leaf_count=49 120 47 166 128 63 66 49 40 40 46 217 144 1970 737
internal_value=-0.000472831 -0.000400213 -0.000448063 -0.000362536 -0.000290182 0.00163279 0.00307772 0.0049375 0.00683654 -0.000849558 -0.000478192 -0.000361945 -0.00042181 -0.000317948
internal_weight=3882 3762 3715 3549 3421 304 192 143 103 112 3117 2900 2851 2707
internal_count=3882 3762 3715 3549 3421 304 192 143 103 112 3117 2900 2851 2707
is_linear=0
shrinkage=0.03


Tree=192
num_leaves=15
num_cat=0
split_feature=75 76 81 61 5 30 37 45 44 28 16 3 39 79
split_gain=0.760787 1.17851 0.763567 1.12092 1.34977 0.77131 0.760918 0.662897 0.670944 1.67687 1.03112 1.79584 1.88288 1.01842
threshold=1172.5119364261629 2876.1071532964711 8456.1572152376193 0.9287790772979162 53.471291184425361 56.750000000000007 1380.5006441320725 20.500000000000004 107.36790573596956 126.50000000000001 14.500000000000002 20.458333333343038 3275.9286375344518 21.538182245334671
decision_type=10 10 10 8 10 10 8 10 10 2 2 2 10 10
left_child=1 2 5 -4 6 7 -5 8 9 -1 11 13 -13 -11
right_child=-2 -3 3 4 -6 -7 -8 -9 -10 10 -12 12 -14 -15
leaf_value=1.3160249248588121 -0.39664305648951964 3.192356993190939 -0.59311718864901608 0.074039768392147792 -0.25603421007402555 -0.23983012593468345 0.80344215092330751 0.40796864388515036 -0.087970597958024949 -0.0028833229102180682 -0.10562746521893411 0.70340366883394712 -0.015079944780711462 0.70249218957475834
leaf_weight=58 214 43 526 47 102 170 57 79 814 781 790 65 40 78
leaf_count=58 214 43 526 47 102 170 57 79 814 781 790 65 40 78
internal_value=-0.00041449 -0.000312244 -0.000371675 -0.00123602 0.00063768 -0.000151252 0.00302857 -2.77169e-05 -0.000109631 0.000211803 4.44437e-05 0.00070259 0.00438679 0.000247674
internal_weight=3864 3650 3607 732 206 2875 104 2705 2626 1812 1754 964 105 859
internal_count=3864 3650 3607 732 206 2875 104 2705 2626 1812 1754 964 105 859
is_linear=0
shrinkage=0.03


Tree=193
num_leaves=15
num_cat=0
split_feature=17 77 28 81 73 38 25 74 71 7 64 36 82 82
split_gain=0.635623 0.769129 0.738972 1.42956 0.675438 0.774006 1.18173 1.4546 1.00726 0.965855 1.65228 0.910209 1.05285 0.897044
threshold=16.500000000000004 106.79547423124315 155.50000000000003 2810.9470167160039 25.488497734069828 3256.4517221824012 0.93002855977152199 1266.0735940258505 7.5000000000000009 3794.5468891967676 6.1065302508021171 0.35767590618336892 147.77504696448645 44.427120010058097
decision_type=2 10 2 10 10 10 10 8 10 10 10 10 8 10
left_child=2 4 -1 -4 5 11 7 -7 -9 10 -10 -2 13 -13
right_child=1 -3 3 -5 -6 6 -8 8 9 -11 -12 12 -14 -15
leaf_value=-0.43802842869194319 -0.11025300215607554 -0.42165346697711409 0.1926343095637445 -0.81496445952109908 -0.26227877973529962 0.57689900432427532 -0.044625776859421991 0.89856970837200412 0.0099780199640611134 -0.25188522333974239 1.7855755977492285 -0.0010302703445260976 -0.12381733009125878 0.27246679780298094
leaf_weight=262 1298 184 79 145 278 50 222 47 194 126 50 299 292 285
leaf_count=262 1298 184 79 145 278 50 222 47 194 126 50 299 292 285
internal_value=-0.000441501 -0.000293146 -0.0014538 -0.000186667 -0.000182369 -4.50426e-05 0.000830434 0.0016859 0.00109809 0.000566037 0.00166531 -0.000322759 0.000424173 0.00115897
internal_weight=3811 3325 486 224 3141 2863 689 467 417 370 244 2174 876 584
internal_count=3811 3325 486 224 3141 2863 689 467 417 370 244 2174 876 584
is_linear=0
shrinkage=0.03


Tree=194
num_leaves=15
num_cat=0
split_feature=50 17 24 39 3 40 9 81 60 73 81 16 9 70
split_gain=0.701437 0.708744 0.691898 1.50804 1.04693 0.887913 0.724328 0.900999 1.1514 1.41978 0.801095 0.913689 0.786708 1.02245
threshold=242.47222447395328 52.000000000000007 55.500000000000007 2105.40759992417 16.875000000000004 1640.3461154666331 3090.0000000000005 8456.1572152376193 -70.701669096946702 3.4454309940338139 7776.2150688171396 13.500000000000002 150.00000000000003 0.81534090909090928
decision_type=10 2 2 10 2 10 2 10 8 10 10 2 2 8
left_child=1 2 5 -4 -5 6 7 8 9 -1 12 -12 13 -10
right_child=-2 -3 3 4 -6 -7 -8 -9 10 -11 11 -13 -14 -15
leaf_value=0.48875359764413462 -0.1152103681922437 -0.20028025669019162 0.59404297923122562 -0.10526104252794813 0.42414406390094933 0.27015806382660867 2.6819090203260036 -0.43933837715859092 -0.22455420024113806 -0.072953270286597649 -0.056811439628132482 0.98918782083229095 -0.17686447915674058 0.13079156993939525
leaf_weight=70 826 330 64 163 40 75 47 495 77 94 47 41 855 593
leaf_count=70 826 330 64 163 40 75 47 495 77 94 47 41 855 593
internal_value=-0.000445522 -0.000231618 -6.8746e-05 0.00137686 0.00010294 -0.000230481 -0.000334915 -0.000411791 -9.61762e-05 0.00229091 -0.000340149 0.00242697 -0.000501311 0.000268256
internal_weight=3817 2991 2661 267 203 2394 2319 2272 1777 164 1613 88 1525 670
internal_count=3817 2991 2661 267 203 2394 2319 2272 1777 164 1613 88 1525 670
is_linear=0
shrinkage=0.03


Tree=195
num_leaves=15
num_cat=0
split_feature=13 51 43 8 29 29 77 53 71 56 74 3 59 83
split_gain=0.718864 0.831606 0.830993 0.817412 0.777445 1.42685 1.90617 1.199 0.805497 1.10497 0.692672 1.32562 1.75263 0.782368
threshold=90.000000000000014 542.44134294986736 4.8693131735429906 3.6520137755815365 0.92865626060400419 0.93697240547634253 -69.269413292407975 7.5000000000000009 15.500000000000002 23.749589085578922 31.130451883806291 12.125000000000002 5.5386700630187997 -84.912016630172715
decision_type=8 10 10 10 10 10 8 10 10 10 10 2 10 8
left_child=2 3 -1 -2 8 6 -6 -7 -5 -10 -4 12 -12 -13
right_child=1 -3 10 4 5 7 -8 -9 9 -11 11 13 -14 -15
leaf_value=0.88107083195292246 -0.31378395761396011 2.9694054335868914 -0.039222454732689316 -0.14626987342756104 -0.053793099949553898 0.66901832499653791 2.0157757090403345 -0.17328120158847909 -0.14786049198650661 1.1866190711424331 -0.046531483404614042 0.030217574062973471 1.0325329435880497 -0.19824118751324543
leaf_weight=41 1121 42 1117 762 41 63 52 163 68 61 66 46 76 137
leaf_count=41 1121 42 1117 762 41 63 52 163 68 61 66 46 76 137
internal_value=-0.000463573 -0.00078728 5.45815e-05 -0.000863208 -0.000322049 0.000946874 0.00405319 -0.000343613 -0.000776907 0.00140769 -6.65288e-05 0.00115031 0.00331468 -0.000538044
internal_weight=3856 2373 1483 2331 1210 319 93 226 891 129 1442 325 142 183
internal_count=3856 2373 1483 2331 1210 319 93 226 891 129 1442 325 142 183
is_linear=0
shrinkage=0.03


Tree=196
num_leaves=15
num_cat=0
split_feature=77 77 0 85 81 52 80 1 34 62 58 81 62 72
split_gain=1.08958 1.1796 1.73832 2.39782 1.21874 0.931018 0.847322 0.858677 0.814743 1.51914 1.2769 2.51095 1.2655 0.993255
threshold=-244.4408195018768 -202.85004067420957 82.500000000000014 99.512461423873916 5024.683819413186 1485.2769974470141 -110.7866402864456 661.54713821411144 0.19538706256627789 0.13484574985745026 57.558657050132759 3639.9758070707326 0.12492958864045452 -34.634397745132439
decision_type=8 8 2 8 10 10 8 2 8 10 10 10 8 8
left_child=-1 2 3 -2 5 6 -3 8 12 10 13 -12 -8 -10
right_child=1 4 -4 -5 -6 -7 7 -9 9 -11 11 -13 -14 -15
leaf_value=-0.20357378472581164 0.1580878032085743 0.341669159705488 -0.2054603802782326 0.83054462521561534 -0.13547782934961633 -0.27977707098936599 -0.30664267091689512 -0.068629715375134265 0.78516048233058244 -0.18125481358073589 0.53905078318394695 1.2387463309427336 0.54740290479149312 0.013592495278703964
leaf_weight=515 78 43 81 63 1365 107 213 531 79 162 113 54 55 300
leaf_count=515 78 43 81 63 1365 107 213 531 79 162 113 54 55 300
internal_value=-0.000318352 -0.000114639 0.00199103 0.00399296 -0.000269931 0.000276839 0.000464216 0.000344164 0.000872057 0.00140479 0.00216088 0.00433929 -0.000535317 0.0011921
internal_weight=3759 3244 222 141 3022 1657 1550 1507 976 708 546 167 268 379
internal_count=3759 3244 222 141 3022 1657 1550 1507 976 708 546 167 268 379
is_linear=0
shrinkage=0.03


Tree=197
num_leaves=15
num_cat=0
split_feature=51 14 77 33 67 25 34 17 85 7 51 48 42 83
split_gain=0.696279 0.699814 1.30613 1.03478 0.888002 1.6031 1.22474 1.33867 1.80311 0.959621 0.682632 0.627155 0.867057 1.34206
threshold=-2396.5686182975764 297.49389700629644 -243.40340566635129 25.981836734693882 170.01665441543739 0.9059551886792454 0.37176079734219275 30.500000000000004 144.6140732765198 1037.7915764408683 -285.72670114040369 -106.1358791987101 -87.589705586433396 42.415975928306587
decision_type=8 8 8 10 10 10 10 2 8 8 10 10 10 10
left_child=-1 2 -2 4 6 -6 -4 10 -9 -10 -8 -3 13 -13
right_child=1 11 3 -5 5 -7 7 8 9 -11 -12 12 -14 -15
leaf_value=-0.5551155366442978 -0.50146747592762042 -0.28871379908826894 -0.089335650405208883 0.55958496642381039 0.3973161586317755 -0.042167525525007202 0.051064107540213378 1.1681945403333907 -0.14665468461337736 0.42886782453654743 -0.22234398287329171 -0.031851312492396776 -0.066121110040020081 1.0174707326541093
leaf_weight=153 193 322 631 44 56 88 40 58 43 53 109 126 1823 52
leaf_count=153 193 322 631 44 56 88 40 58 43 53 109 126 1823 52
internal_value=-0.000420096 -0.000336357 0.000216565 0.000609082 0.000422613 0.0026069 8.34217e-05 0.00164803 0.0036 0.00105155 -0.000380001 -0.000649312 -0.00045105 0.0015419
internal_weight=3791 3638 1315 1122 1078 144 934 303 154 96 149 2323 2001 178
internal_count=3791 3638 1315 1122 1078 144 934 303 154 96 149 2323 2001 178
is_linear=0
shrinkage=0.03


Tree=198
num_leaves=15
num_cat=0
split_feature=26 14 31 38 69 16 11 8 85 85 0 25 7 38
split_gain=0.632127 1.05702 1.62337 2.5816 3.97684 2.26996 0.836144 1.1132 0.803611 1.02734 1.02997 0.87416 1.33229 1.27438
threshold=80.500000000000014 360.21335510520356 13.003846153846155 635.21722990706223 -34.156087092128402 25.500000000000004 330.00000000000006 2.6891704798051523 -247.79132628440854 5.8526595433553057 96.500000000000014 0.90342013214146921 4193.2620378964939 3190.1624755906846
decision_type=2 8 8 10 10 2 2 8 8 8 2 10 10 8
left_child=1 2 3 -1 5 -5 7 -2 -9 10 -10 12 13 -11
right_child=6 -3 -4 4 -6 -7 -8 8 9 11 -12 -13 -14 -15
leaf_value=-0.085491850057324084 0.073551377778290614 -0.20535659409025656 -0.45464557372174524 0.3342355941232345 -0.27435930605475239 2.7504918820041659 -0.2491117547967098 0.54182150406358764 -0.4121231507433592 0.078362672088127555 0.18763862157344868 -0.022035722961079671 -0.56792475394275221 0.84010602359700104
leaf_weight=217 76 676 260 41 50 50 431 42 601 287 65 807 91 165
leaf_count=217 76 676 260 41 50 50 431 42 601 287 65 807 91 165
internal_value=-0.000395597 -0.000935908 -3.87729e-05 0.00127019 0.00441549 0.00811956 -0.00012276 0.000120842 -1.16569e-05 -9.81663e-05 -0.00106147 0.000377497 0.00130698 0.00197351
internal_weight=3859 1294 618 358 141 91 2565 2134 2058 2016 666 1350 543 452
internal_count=3859 1294 618 358 141 91 2565 2134 2058 2016 666 1350 543 452
is_linear=0
shrinkage=0.03


Tree=199
num_leaves=15
num_cat=0
split_feature=2 53 80 38 29 17 77 80 77 20 38 71 77 59
split_gain=0.722961 0.623463 1.40402 1.03399 0.802325 0.649905 1.14228 0.965746 1.0067 0.905688 0.794124 1.38675 1.13063 1.42846
threshold=1.0000000180025095e-35 11.500000000000002 -44.078241586685174 2357.3587326844367 0.86809371184371198 16.500000000000004 -51.525978863239281 -196.27006793022153 50.850534498691566 706.3055204153062 3265.5886395022267 6.5000000000000009 -131.91550755500791 115.93281006813051
decision_type=2 8 8 8 10 2 8 8 10 8 10 10 10 10
left_child=1 4 -3 -4 -1 6 -6 -7 10 -8 -9 -12 -13 -14
right_child=-2 2 3 -5 5 7 9 8 -10 -11 11 12 13 -15
leaf_value=-0.32522181694987584 -0.40854828678717875 0.49109588681607791 0.32797568974941887 -0.079419397743611328 -1.1559262536489423 1.0266357155232182 -0.036740557724058674 -0.038573751944259424 -0.37859099505980265 0.30127952770540939 0.84614057244967611 -0.083036941804026779 0.010607737056602843 1.5072073964953199
leaf_weight=437 249 49 71 279 234 71 66 1683 152 60 42 242 163 41
leaf_count=437 249 49 71 279 234 71 66 1683 152 60 42 242 163 41
internal_value=-0.000467969 -0.000359232 0.000757499 8.54694e-05 -0.000499061 -0.000309257 -0.00149585 -0.000130272 -0.000236231 0.000803149 -7.04427e-05 0.000993864 0.000496644 0.00213658
internal_weight=3839 3590 399 350 3191 2754 360 2394 2323 126 2171 488 446 204
internal_count=3839 3590 399 350 3191 2754 360 2394 2323 126 2171 488 446 204
is_linear=0
shrinkage=0.03


Tree=200
num_leaves=15
num_cat=0
split_feature=51 48 41 82 71 36 24 77 79 73 79 22 77 29
split_gain=0.539827 0.588765 1.4114 2.20008 1.36567 0.606152 1.06079 0.907769 1.42624 1.42867 1.23577 1.55252 0.902758 0.856935
threshold=-2396.5686182975764 -80.960208694140093 -85.930968284606919 -53.450790603955575 14.500000000000002 0.32960789210789215 25.500000000000004 -84.791746497154222 11.956173279112695 -24.587601065635678 19.040078915681438 4.8354868888854989 -147.89309221506116 0.88295277633627411
decision_type=8 8 8 10 8 10 2 10 10 10 10 2 8 10
left_child=-1 4 3 -3 -2 6 -4 8 -7 10 11 -10 13 -8
right_child=1 2 5 -5 -6 7 12 -9 9 -11 -12 -13 -14 -15
leaf_value=-0.54733629098261749 -0.5732436759745605 -0.87213582322119443 -0.2658334430895824 0.5392193574124029 0.2332380776855224 -0.0092769452155763051 0.2305170667409891 -0.12854550134451068 0.56197460917018616 1.0095565383177729 -0.03994384986511651 -0.044312970464702436 0.0098000646228603907 -0.40778635084219622
leaf_weight=162 417 51 446 54 69 471 79 284 46 53 111 41 1175 399
leaf_count=162 417 51 446 54 69 471 79 284 46 53 111 41 1175 399
internal_value=-0.0003716 -0.000296998 -0.000149487 0.00325472 -0.00126899 -0.000265616 -0.000555715 0.000339622 0.000904564 0.00272619 0.00153769 0.00419318 -0.000204958 -0.00130271
internal_weight=3858 3696 3210 105 486 3105 2099 1006 722 251 198 87 1653 478
internal_count=3858 3696 3210 105 486 3105 2099 1006 722 251 198 87 1653 478
is_linear=0
shrinkage=0.03


Tree=201
num_leaves=15
num_cat=0
split_feature=13 56 72 43 22 16 61 25 3 8 76 56 61 34
split_gain=0.823099 0.99543 0.708338 0.864748 1.26286 0.889739 1.2304 1.2217 0.974097 0.920903 0.901453 0.839578 0.797877 0.768856
threshold=90.000000000000014 -181.32317801316574 -38.527683258056634 45.386496805761261 4.1269359588623056 14.500000000000002 0.59406617938884854 0.86729559748427687 16.875000000000004 3.9277078271905066 367.8131144046784 62.524496555328376 0.76520808480258096 0.38315602836879442
decision_type=8 8 10 10 2 2 8 10 2 10 8 10 10 10
left_child=2 -2 3 4 -1 6 7 -5 13 12 -7 -4 -8 -9
right_child=1 -3 11 5 -6 10 9 8 -10 -11 -12 -13 -14 -15
leaf_value=-0.25182333370653892 0.20673002370547128 -0.091758873750587777 -0.3475006449097075 0.71356164221945395 0.31822611871514944 0.12073290127115897 -0.32434258397008203 -0.11666539782545411 1.1729433459441023 -0.069389069980264367 -0.095818664477327495 0.32335960474265896 0.20712775058448929 0.30494941291139971
leaf_weight=56 44 2304 230 52 91 70 49 101 57 151 458 68 40 40
leaf_count=56 44 2304 230 52 91 70 49 101 57 151 458 68 40 40
internal_value=-0.000339193 -0.000687102 0.000219262 0.000553173 0.00269595 0.000241412 0.0011609 0.00262948 0.00153769 -0.000373445 -0.000612477 -0.00108361 0.00203333 0.00019014
internal_weight=3811 2348 1463 1165 147 1018 490 250 198 240 528 298 89 141
internal_count=3811 2348 1463 1165 147 1018 490 250 198 240 528 298 89 141
is_linear=0
shrinkage=0.03


Tree=202
num_leaves=15
num_cat=0
split_feature=56 11 7 72 31 56 45 77 71 83 9 63 81 68
split_gain=0.744358 0.652504 0.697847 0.669724 1.71892 0.647973 0.930116 0.723999 0.681917 1.62818 1.98373 0.792064 0.585571 0.556428
threshold=-192.69682474931079 330.00000000000006 1670.6346008501371 45.423985242843635 0.13942307692307696 10.546316623687746 20.500000000000004 106.79547423124315 6.5000000000000009 -3.9411000013351436 150.00000000000003 -216.43469886577637 1740.1549569368365 0.36653151441188075
decision_type=8 2 8 10 8 10 8 10 8 8 2 8 8 10
left_child=-1 2 -2 12 -5 -4 7 8 9 -7 -11 -10 -3 -13
right_child=1 3 5 4 -6 6 -8 -9 11 10 -12 13 -14 -15
leaf_value=0.18815315996189444 0.067089441052605947 0.11581582848848869 -0.08864813967781103 -0.668925164180459 2.4089990788183449 -0.79741540723486726 0.60002601876358819 -0.51287689860703045 0.16873924080746538 -0.0037817482194575495 0.82339489205303418 -0.018293912649113623 -0.36358369868447149 0.3953225220925991
leaf_weight=67 46 42 1254 51 40 55 68 104 43 58 71 1175 675 51
leaf_count=67 46 42 1254 51 40 55 68 104 43 58 71 1175 675 51
internal_value=-0.000331492 -0.000388056 -0.000179427 -0.00114215 0.00127174 -0.000238542 0.000156826 5.77592e-06 0.000179504 0.00188108 0.00371538 -6.85047e-05 -0.00144986 -0.00021027
internal_weight=3800 3733 2925 808 91 2879 1625 1557 1453 184 129 1269 717 1226
internal_count=3800 3733 2925 808 91 2879 1625 1557 1453 184 129 1269 717 1226
is_linear=0
shrinkage=0.03


Tree=203
num_leaves=15
num_cat=0
split_feature=17 77 17 20 85 79 3 80 40 4 38 37 62 80
split_gain=0.750092 0.931901 1.0929 1.09357 1.24127 2.25805 1.19947 1.05837 1.11514 1.09812 0.825868 1.35561 1.44878 1.3025
threshold=16.500000000000004 106.79547423124315 41.500000000000007 434.27329885959631 -133.67049274841943 9.8611592982772525 11.791666666656967 -196.27006793022153 637.21957280545223 9.5000000000000018 4447.0744198865459 1838.7636495103168 -0.044253939481876628 159.56312286853793
decision_type=2 10 2 8 10 10 2 8 10 2 8 8 10 8
left_child=-1 2 3 4 5 -2 -6 -5 9 -9 11 12 13 -10
right_child=1 -3 -4 7 6 -7 -8 8 10 -11 -12 -13 -14 -15
leaf_value=-0.33155733700722156 0.013484368430275747 -0.36420208096160017 -0.070530936071228428 1.4500832199381473 1.1070370100968312 0.70744210208429636 -0.057844375437625356 -0.13015037794625467 0.62399730014458421 0.99812603125629806 -0.078732718858546727 0.50276427724106521 -0.084030973654605989 -0.26996529637418792
leaf_weight=478 46 173 1345 59 40 47 123 843 86 56 87 102 212 52
leaf_count=478 46 173 1345 59 40 47 123 843 86 56 87 102 212 52
internal_value=-0.000319201 -0.000156786 -3.67868e-05 0.00045667 0.00226459 0.00501064 0.000676829 0.000146194 -1.6679e-05 -0.000663334 0.00106111 0.00157616 0.00068376 0.00306475
internal_weight=3749 3271 3098 1753 256 93 163 1497 1438 899 539 452 350 138
internal_count=3749 3271 3098 1753 256 93 163 1497 1438 899 539 452 350 138
is_linear=0
shrinkage=0.03


Tree=204
num_leaves=15
num_cat=0
split_feature=1 56 45 36 71 39 52 36 3 81 46 85 14 7
split_gain=0.750394 0.877667 0.692541 1.07466 0.962288 1.2116 1.88015 0.926913 0.856366 0.839418 0.661934 0.626132 0.994464 0.980289
threshold=659.08346462249767 -285.28393558661139 6.5000000000000009 0.80669434353918013 13.500000000000002 1522.1359823802065 65.465440273284926 0.48875126390293228 8.2916666666569672 7147.0181655883798 1050.0000000000002 -72.074333826700823 429.46670079490315 2850.6117312087813
decision_type=2 10 10 10 10 10 10 8 2 10 10 10 10 10
left_child=1 -1 8 4 10 6 -6 11 -3 -5 -4 -7 13 -13
right_child=-2 2 3 9 5 7 -8 -9 -10 -11 -12 12 -14 -15
leaf_value=0.67039418475963164 -0.090392261175620339 0.11444991051400828 -0.010265293497557147 0.023319364823378604 -0.018200575525852605 -0.46938238317120867 0.75409757025498203 0.88707306080475634 -0.57730652093900026 1.6248395987114133 -0.1186422158315602 -0.17098756105905516 -0.19055998261534018 0.34709739191805222
leaf_weight=64 2206 50 519 54 73 132 74 41 292 40 139 41 47 74
leaf_count=64 2206 50 519 54 73 132 74 41 292 40 139 41 47 74
internal_value=-0.000394594 9.1407e-05 -4.94617e-05 0.000281781 2.6292e-05 0.00104348 0.00330405 4.46421e-05 -0.00124198 0.00334737 -0.000719272 -0.000549153 0.000699386 0.00219828
internal_weight=3846 1640 1576 1234 1140 482 147 335 342 94 658 294 162 115
internal_count=3846 1640 1576 1234 1140 482 147 335 342 94 658 294 162 115
is_linear=0
shrinkage=0.03


Tree=205
num_leaves=15
num_cat=0
split_feature=50 65 81 48 41 57 81 81 56 48 17 85 31 82
split_gain=0.947361 0.802873 1.10124 1.09884 1.4783 0.9499 1.77863 0.758146 0.75 0.766536 0.733931 1.33542 0.95128 1.24394
threshold=1473.1038138866427 0.93867212142873668 4984.049847960473 93.338217695554121 119.37001323699953 11.500000000000002 8584.5142171382922 1587.2678377628329 -181.32317801316574 -61.631317377090447 24.500000000000004 -135.62698262929914 11.469210526315793 42.044564406077079
decision_type=10 10 10 10 10 10 8 8 8 8 2 8 8 10
left_child=1 5 3 -3 -5 7 -7 -1 -9 -10 -11 -12 13 -13
right_child=-2 2 -4 4 -6 6 -8 8 9 10 11 12 -14 -15
leaf_value=0.27010576884918841 -0.25620820874993155 -0.11515545210858753 -0.36311972900718947 1.0347281576666785 -0.00086935069157551405 -0.12660930342144083 0.56777213479733402 0.24350988575818663 -0.55671836428312083 -0.063577796293255842 0.96555749115205691 -0.00075374172201509771 -0.045020844446744132 0.16608031570793433
leaf_weight=62 295 483 600 40 61 45 42 44 215 720 67 282 674 191
leaf_count=62 295 483 600 40 61 45 42 44 215 720 67 282 674 191
internal_value=-0.000346155 -0.000209244 -0.00084557 8.20506e-05 0.00291176 0.000112675 0.00317045 -6.64965e-06 -9.98184e-05 -0.000180001 9.30161e-06 0.000459259 0.000216898 0.00124683
internal_weight=3821 3526 1184 584 101 2342 87 2255 2193 2149 1934 1214 1147 473
internal_count=3821 3526 1184 584 101 2342 87 2255 2193 2149 1934 1214 1147 473
is_linear=0
shrinkage=0.03


Tree=206
num_leaves=15
num_cat=0
split_feature=11 29 74 59 16 80 85 14 8 81 82 61 38 69
split_gain=0.905609 1.03551 0.787306 0.734757 0.715023 1.65096 1.5848 1.46441 1.03442 0.89698 0.718164 1.05359 0.919644 1.19129
threshold=3150.0000000000005 0.91280560524746579 27.012872208461499 355.93281006813055 23.500000000000004 168.8160529136658 116.61309587955476 296.6507547109357 6.9937671881973218 6115.0662645101556 73.799781779448196 0.41104790302618982 2194.564592042329 -62.226760225021387
decision_type=2 10 8 10 2 8 10 10 10 10 8 8 10 10
left_child=1 3 -3 -1 8 6 7 9 10 -6 -4 12 -12 -14
right_child=-2 2 4 -5 5 -7 -8 -9 -10 -11 11 -13 13 -15
leaf_value=-0.082510011164592389 -0.39904325836867216 -1.2084855720575649 -0.21053950608176716 0.025259074954407702 0.12405825908419316 -0.089008019844533881 0.56914894828000029 -0.047772708253322645 0.19383473662058029 1.3529334606158201 0.56737603713673068 -0.02898593121601312 0.806938294885852 -0.010982348535422213
leaf_weight=1953 132 63 529 51 40 174 61 111 67 41 67 352 54 144
leaf_count=1953 132 63 529 51 40 174 61 111 67 41 67 352 54 144
internal_value=-0.000319532 -0.000232201 0.000311619 -0.000694265 0.000438756 0.00149299 0.00303543 0.00167876 6.67209e-05 0.00471951 -0.00014647 0.000548543 0.00197368 0.000934673
internal_weight=3839 3707 1703 2004 1640 427 253 192 1213 81 1146 617 265 198
internal_count=3839 3707 1703 2004 1640 427 253 192 1213 81 1146 617 265 198
is_linear=0
shrinkage=0.03


Tree=207
num_leaves=15
num_cat=0
split_feature=22 27 76 34 70 7 9 74 3 77 79 63 61 22
split_gain=0.654488 0.518049 0.92595 0.799905 1.89307 0.724118 0.523893 1.04466 0.584965 0.658735 0.569423 0.770408 1.28532 0.61761
threshold=0.99171459674835216 0.98518437225636535 2677.7980589866643 0.95553359683794481 0.91987179487179505 2573.2302857545951 570.00000000000011 51.172615792667067 0.29166666665696545 106.79547423124315 1089.513089851014 401.70756633579725 0.10884758123495618 5.8354868888854989
decision_type=2 8 10 10 8 8 2 8 2 10 10 10 10 2
left_child=-1 2 3 6 -5 -6 7 -2 -9 10 11 -10 -13 -14
right_child=1 -3 -4 4 5 -7 -8 8 9 -11 -12 12 13 -15
leaf_value=-0.24787883941723468 0.30902782419893665 -0.21333980008856443 2.0052565893015948 0.32924190231933054 -0.15612129345355641 0.069066804988138983 -0.76861273603817593 0.47103929531556776 -0.029977749146047682 -0.37009096817261938 -0.70789212119819067 0.28135195754257647 0.23519155178026266 -0.089129221975374137
leaf_weight=413 52 278 67 40 59 42 180 52 2306 112 73 63 41 46
leaf_count=413 52 278 67 40 59 42 180 52 2306 112 73 63 41 46
internal_value=-0.000489412 -0.00035258 -0.000242183 -0.000318879 0.00188028 -0.00032353 -0.000425496 -0.000322288 -0.000404232 -0.000466693 -0.000366404 -0.000288157 0.00178808 -0.000579546
internal_weight=3824 3411 3133 3066 141 101 2925 2745 2693 2641 2529 2456 150 87
internal_count=3824 3411 3133 3066 141 101 2925 2745 2693 2641 2529 2456 150 87
is_linear=0
shrinkage=0.03


Tree=208
num_leaves=15
num_cat=0
split_feature=35 8 14 67 84 3 3 79 8 51 36 77 22 57
split_gain=0.643904 0.65671 1.27203 1.12556 0.983726 0.912328 1.53497 1.07906 1.04801 1.03543 2.37678 0.956839 0.874159 1.5973
threshold=26.939693969396945 6.1231703144295997 467.45502903787309 448.47620174288755 -91.687966505686418 16.708333333343038 16.291666666656969 5.3339509685466515 4.9637245475861684 298.94444298744207 0.79356060606060608 -237.89631617069242 9.8864582777023333 8.5000000000000018
decision_type=8 10 8 10 10 2 2 8 10 8 10 8 2 10
left_child=1 2 3 5 -5 6 7 -1 -7 11 -11 -9 -13 -14
right_child=-2 -3 -4 4 -6 8 -8 9 -10 10 -12 12 13 -15
leaf_value=-0.30955422310869957 -0.15224848075430672 0.058552907516128704 -0.13606148056145179 0.0087343672279991524 1.4805947232218994 -0.22797550543738682 0.65542146045523841 -0.37102459287652101 0.35863591324282218 2.6393194598993865 -0.6066207581870614 -0.0042834740396993556 -0.010631472438775953 0.40966716899177719
leaf_weight=181 455 282 759 53 40 705 50 191 41 53 61 706 112 98
leaf_count=181 455 282 759 53 40 705 50 191 41 53 61 706 112 98
internal_value=-0.000488649 -0.000343835 -0.000471977 -0.000119111 0.00309574 -0.000256481 0.000181692 -4.27726e-06 -0.00110843 0.000316693 0.00302609 3.51978e-05 0.000438385 0.0021327
internal_weight=3787 3332 3050 2291 93 2198 1452 1402 746 1221 114 1107 916 210
internal_count=3787 3332 3050 2291 93 2198 1452 1402 746 1221 114 1107 916 210
is_linear=0
shrinkage=0.03


Tree=209
num_leaves=15
num_cat=0
split_feature=52 76 79 81 1 26 71 43 62 26 83 81 17 3
split_gain=0.76669 1.55234 0.578695 0.611021 1.22159 1.13815 0.910933 0.731098 1.4355 0.799652 0.755789 1.31703 0.696958 1.06481
threshold=3015.5875756740575 2677.7980589866643 1089.513089851014 4450.1530262231836 609.24851906299602 97.500000000000014 16.500000000000004 244.32755809013057 0.12067962072760828 87.500000000000014 -161.53003680706021 13013.15733933449 44.000000000000007 14.958333333343036
decision_type=10 10 10 10 2 2 10 10 10 2 10 10 2 2
left_child=1 2 3 4 5 -1 7 8 -5 -10 11 -9 13 -6
right_child=-2 -3 -4 6 12 -7 -8 10 9 -11 -12 -13 -14 -15
leaf_value=0.02575191488750132 -0.45431447771157685 2.6716113674123663 -0.72843938924240448 -0.045132778769054742 -0.011367725573998576 1.2431589665148917 0.54094117489588622 -0.14008991714635952 0.020961308229496486 0.91620129214156376 -0.36488145079153922 0.30127117356179367 -0.10771988439876402 0.13131800137436281
leaf_weight=70 145 43 99 557 828 51 47 136 41 40 843 40 532 343
leaf_count=70 145 43 99 557 828 51 47 136 41 40 843 40 532 343
internal_value=-0.000436321 -0.000351404 -0.00041924 -0.000355342 2.63007e-05 0.00292623 -0.000763637 -0.000881183 -8.45078e-05 0.00362195 -0.00137941 0.000406779 -0.000181339 0.000227815
internal_weight=3815 3670 3627 3528 1824 121 1704 1657 638 81 1019 176 1703 1171
internal_count=3815 3670 3627 3528 1824 121 1704 1657 638 81 1019 176 1703 1171
is_linear=0
shrinkage=0.03


Tree=210
num_leaves=15
num_cat=0
split_feature=11 9 48 48 41 57 4 53 22 39 25 25 66 9
split_gain=0.718032 1.65714 0.719312 0.839449 0.826353 1.17294 0.605861 0.74616 1.23691 1.34353 0.84717 0.998071 0.826247 0.78743
threshold=3150.0000000000005 2700.0000000000005 -185.59599506855008 -94.291331211725861 -94.766748785972581 9.5000000000000018 4.5000000000000009 23.500000000000004 5.833202838897706 4737.1126593817507 0.73623188405797102 0.82426470588235301 54.127017259597785 150.00000000000003
decision_type=2 2 8 8 8 10 2 8 2 10 10 10 8 2
left_child=1 2 -1 -4 5 -5 -6 10 -9 -10 -8 -12 13 -13
right_child=-2 -3 3 4 6 -7 7 8 9 -11 11 12 -14 -15
leaf_value=0.20610623019796881 -0.6192901916449427 2.3229628261651727 -0.43524048157973499 -0.037791935374390968 -0.22707784991666147 0.81307680378355707 -0.50855554055211927 -0.13274450620556383 1.1561346150282046 0.19760117916021971 0.70790752235488752 -0.0060013562663714754 0.003950719142135059 -0.48861685178303049
leaf_weight=54 132 41 335 52 374 47 194 71 40 60 64 339 1641 364
leaf_count=54 132 41 335 52 374 47 194 71 40 60 64 339 1641 364
internal_value=-0.000360725 -0.000282296 -0.000350661 -0.000402848 -0.000255005 0.00243 -0.000340217 -0.000187095 0.00172674 0.00386139 -0.000313485 -0.000159403 -0.000260982 -0.00112074
internal_weight=3808 3676 3635 3581 3246 99 3147 2773 171 100 2602 2408 2344 703
internal_count=3808 3676 3635 3581 3246 99 3147 2773 171 100 2602 2408 2344 703
is_linear=0
shrinkage=0.03


Tree=211
num_leaves=15
num_cat=0
split_feature=76 2 42 65 26 53 76 16 8 81 29 77 14 30
split_gain=1.05991 0.987346 0.918476 0.755893 0.75932 0.814256 0.743114 1.90323 0.720078 0.669666 1.16924 0.981282 1.36022 1.4222
threshold=-57.062481522560113 1.0000000180025095e-35 -296.99999999999994 0.55469707615189634 64.500000000000014 17.500000000000004 920.09738314151775 28.500000000000004 0.69903049172299547 5175.3435243368158 0.36785130718954256 -192.25392317771909 260.08539519642414 9.6500000000000004
decision_type=8 2 10 8 2 10 10 2 10 10 10 10 10 10
left_child=-1 2 -2 -4 -5 6 8 -8 -6 11 -11 -10 13 -13
right_child=1 -3 3 4 5 -7 7 -9 9 10 -12 12 -14 -15
leaf_value=0.048344805116662011 0.30777169151514061 -0.36319050274399972 0.14726473609510982 -0.18143512247688659 -0.75143980507810482 0.39164284810056743 -0.57158248034024206 1.5171036614670064 -0.045477322033171008 0.26832607900650651 -0.19080672711254634 0.55367198016807162 0.00056019945736801601 0.056502678744062701
leaf_weight=40 55 251 40 404 119 64 54 75 754 43 1077 89 610 121
leaf_count=40 55 251 40 404 119 64 54 75 754 43 1077 89 610 121
internal_value=-0.000407691 -0.000459942 -0.000329436 -0.000391192 -0.000439754 -0.000275358 -0.000348625 0.00186923 -0.00045096 -0.000349537 -0.000909903 4.95231e-05 0.000767356 0.0028436
internal_weight=3796 3756 3505 3450 3410 3006 2942 129 2813 2694 1120 1574 820 210
internal_count=3796 3756 3505 3450 3410 3006 2942 129 2813 2694 1120 1574 820 210
is_linear=0
shrinkage=0.03


Tree=212
num_leaves=15
num_cat=0
split_feature=4 0 26 44 7 33 3 29 28 29 61 1 5 14
split_gain=0.953044 0.868068 0.58792 0.860779 1.06792 1.78434 1.04797 2.07064 1.48926 0.915052 1.16877 0.608051 0.81549 1.07185
threshold=4.5000000000000009 389.50000000000006 87.500000000000014 57.69633066654206 3064.0526101895161 18.804523809523811 12.041666666656967 0.88713813068651792 257.50000000000006 0.93435318435318448 0.79608723353294353 674.27329885959637 50.751480937004096 241.6703462258705
decision_type=2 2 2 8 10 10 2 10 2 10 8 2 10 10
left_child=-1 2 -2 11 5 6 7 -5 -9 -6 -11 12 -4 -14
right_child=1 -3 3 4 9 -7 -8 8 -10 10 -12 -13 13 -15
leaf_value=-0.23947290012290254 -0.056700596064641937 0.17614086953050168 -0.050385115825465183 0.75918418076918193 -0.23180235169881344 0.80322623877643484 -0.007699907894058531 -0.047083998330824751 0.57918332403422634 0.5744009885045438 -0.010241165184513358 -0.2165183029766474 1.3666413069538914 1.4017900738271596e-05
leaf_weight=506 1346 61 401 41 267 61 372 142 53 41 58 299 61 146
leaf_count=506 1346 61 401 41 267 61 372 142 53 41 58 299 61 146
internal_value=-0.000361775 -0.00017821 -0.000244452 8.95515e-05 0.000680501 0.00139254 0.000896551 0.0024557 0.00114796 -0.000621254 0.00183 -0.000584802 -3.94096e-05 0.00148558
internal_weight=3855 3349 3288 1942 1035 669 608 236 195 366 99 907 608 207
internal_count=3855 3349 3288 1942 1035 669 608 236 195 366 99 907 608 207
is_linear=0
shrinkage=0.03


Tree=213
num_leaves=15
num_cat=0
split_feature=77 25 48 80 80 41 41 82 85 73 15 68 62 38
split_gain=0.774078 0.678055 0.851851 0.844621 1.54009 0.92088 0.878431 0.818244 0.862443 0.733618 0.868067 0.934855 1.63436 1.61558
threshold=106.79547423124315 0.70185185185185195 -15.722171227137247 175.78559553623202 146.03015339374545 -41.76592826843261 82.143619298934951 152.70632143815359 -247.79132628440854 6.0762559175491342 1.0000000180025095e-35 -0.17804766301900851 -0.055285914888965317 2370.8214730327891
decision_type=10 10 8 10 10 8 10 10 8 8 2 8 8 10
left_child=1 -1 7 4 5 -4 -6 8 -3 -7 -11 -12 13 -13
right_child=-2 2 3 -5 6 9 -8 -9 -10 10 11 12 -14 -15
leaf_value=-0.1732611875163115 -0.33064269702184235 0.88541799811328281 0.55906795831231415 -0.096251713244137144 0.68822110098767797 -0.23095760255189235 0.19221759218517845 0.38891249966881042 -0.29984124118776062 -0.18107145292005436 -0.36256478327046898 0.88014335165378987 0.013263167904265825 0.23054601475982078
leaf_weight=357 182 63 44 282 48 264 50 77 868 227 129 41 989 176
leaf_count=357 182 63 44 282 48 264 50 77 868 227 129 41 989 176
internal_value=-0.000424171 -0.000327711 -0.00019147 0.000133273 0.000353478 0.000160341 0.004 -0.000915759 -0.00116202 5.58285e-05 0.000303262 0.000595059 0.000855012 0.00320642
internal_weight=3797 3615 3258 2250 1968 1870 98 1008 931 1826 1562 1335 1206 217
internal_count=3797 3615 3258 2250 1968 1870 98 1008 931 1826 1562 1335 1206 217
is_linear=0
shrinkage=0.03


Tree=214
num_leaves=15
num_cat=0
split_feature=80 76 76 9 43 76 81 71 81 29 85 1 51 5
split_gain=0.688658 0.70019 2.04538 0.782575 0.938583 1.39712 1.34864 0.985609 1.36829 1.02261 0.938401 0.920205 1.73016 1.54636
threshold=252.25129950046542 3085.042280197144 2579.2370430231099 570.00000000000011 341.31603176696945 358.72461068630224 6034.1083370447168 15.500000000000002 3293.3193708658223 0.93761446886446898 5.8526595433553057 659.08346462249767 69.248519062995925 4.0671899318695077
decision_type=10 10 10 2 10 10 8 10 8 10 8 2 10 8
left_child=1 2 3 4 5 11 -7 8 -6 -10 -11 12 13 -1
right_child=-2 -3 -4 -5 7 6 -8 -9 9 10 -12 -13 -14 -15
leaf_value=0.8689793872630972 -0.35226697449830507 -0.56864071390899518 2.5299236663921527 -0.19210496819655115 0.27499838516479519 0.0156611290616059 1.7939616068107413 0.26048178136788813 -0.21764945156214058 -0.89174522173122861 0.20110336358118414 -0.019428282961858424 -0.12303956588730376 0.21911768366072906
leaf_weight=52 202 125 41 382 59 49 40 173 1161 50 194 752 117 431
leaf_count=52 202 125 41 382 59 49 40 173 1161 50 194 752 117 431
internal_value=-0.000398016 -0.00030273 -0.000223587 -0.000303381 -0.000144203 0.000414008 0.00403333 -0.000635532 -0.000888738 -0.00107753 0.000685714 0.000172948 0.00104825 0.00184091
internal_weight=3828 3626 3501 3460 3078 1441 89 1637 1464 1405 244 1352 600 483
internal_count=3828 3626 3501 3460 3078 1441 89 1637 1464 1405 244 1352 600 483
is_linear=0
shrinkage=0.03


Tree=215
num_leaves=15
num_cat=0
split_feature=58 45 29 31 19 56 52 62 1 79 79 77 37 85
split_gain=0.993604 1.18918 0.666392 0.857945 0.75597 1.09613 0.930604 0.882768 0.65981 0.828864 1.23382 0.956703 1.00234 0.786243
threshold=1470.128134608269 21.500000000000004 0.90630852059925104 31.862500000000004 390.00000000000006 87.554863055547102 348.52317249774939 -0.30175088567063529 781.54713821411144 12.005546052278056 13.666631169599286 -208.35183674097058 1564.5387680779352 -182.08251611391699
decision_type=10 10 10 10 10 10 10 8 2 8 8 8 10 10
left_child=1 2 -1 4 7 6 -6 -4 9 13 -11 12 -12 -9
right_child=-2 -3 3 -5 5 -7 -8 8 -10 10 11 -13 -14 -15
leaf_value=-0.073022107477529061 -0.14261168960124906 0.70608995747674741 0.25373706535727841 0.74450277918338092 0.061742732084171727 -0.029878559858942361 1.1466166016634747 0.64685055212989762 -0.75329088881175854 0.54627708654239893 0.07871873160596228 -0.013884059891810369 0.87800461364280491 -0.1662352081993366
leaf_weight=1610 235 42 42 58 41 71 52 61 99 75 69 637 41 700
leaf_count=1610 235 42 42 58 41 71 52 61 99 75 69 637 41 700
internal_value=-0.000338811 -0.00021506 -0.000274952 9.86125e-05 -1.27058e-05 0.00192727 0.00405319 -0.000198262 -0.000306596 -0.000157198 0.000503037 0.000132352 0.0027027 -0.000870079
internal_weight=3833 3598 3556 1946 1888 164 93 1724 1682 1583 822 747 110 761
internal_count=3833 3598 3556 1946 1888 164 93 1724 1682 1583 822 747 110 761
is_linear=0
shrinkage=0.03


Tree=216
num_leaves=15
num_cat=0
split_feature=4 3 79 79 61 57 80 56 39 85 52 75 36 36
split_gain=0.827463 1.02477 1.25247 0.845424 1.86216 1.24554 0.913122 0.777185 0.696195 0.60751 0.743829 1.16399 0.675411 1.59114
threshold=8.5000000000000018 6.8750000000000009 19.290986078862701 12.370122957812271 0.025519044153806941 9.5000000000000018 -5.5213953256607047 59.000920772552497 1150.3570647655529 -33.682548801104225 141.32145059108737 99.416667461395278 0.096871945259042039 0.074734042553191507
decision_type=2 2 10 8 8 10 10 8 10 8 10 10 8 10
left_child=9 -2 3 4 -3 7 -6 -5 -8 -1 11 12 13 -11
right_child=1 2 -4 5 6 -7 8 -9 -10 10 -12 -13 -14 -15
leaf_value=-0.3943003062567117 -0.13303768318913348 0.62717227009045229 -0.18196716736220428 0.85051223662061626 -0.26532488360616596 1.5076016995589969 0.67408407301865003 -0.053079711491331436 -0.00052383778313022601 -0.096772522253068788 -0.094485112314265277 0.48935041813728375 -0.028681204975869772 0.38006108936806954
leaf_weight=757 220 55 94 84 114 63 46 48 172 44 736 42 1353 40
leaf_count=757 220 55 94 84 114 63 46 48 172 44 736 42 1353 40
internal_value=-0.000517964 0.000280936 0.000859674 0.00137907 0.000564432 0.00298469 -0.000288289 0.00130827 0.000849314 -0.00075883 -0.000507672 -0.000119595 -0.000264952 0.00232941
internal_weight=3868 896 676 582 387 195 332 132 218 2972 2215 1479 1437 84
internal_count=3868 896 676 582 387 195 332 132 218 2972 2215 1479 1437 84
is_linear=0
shrinkage=0.03


Tree=217
num_leaves=15
num_cat=0
split_feature=85 44 37 77 66 30 54 40 69 85 52 23 77 85
split_gain=0.655792 0.933939 0.915947 1.70571 1.3719 0.731516 0.64286 0.765836 0.984636 0.830224 0.976612 1.40367 0.938357 0.715896
threshold=-2.4213190674781795 40.315804243087776 1363.170748722546 -118.72150576114653 237.87565791606906 6.4500000000000011 1050.0000000000002 255.12713525000183 23.065097433798254 169.55085607369745 63.260771393775947 4.8354868888854989 -90.032415628433213 21.114725351333622
decision_type=8 10 10 10 8 10 10 8 8 10 10 10 10 8
left_child=1 -1 -3 5 -5 -4 7 9 -9 10 12 -12 -2 -10
right_child=6 2 3 4 -6 -7 -8 8 13 -11 11 -13 -14 -15
leaf_value=-0.63592413961851546 -0.039366733767733739 -0.28341185080157372 0.31643359619887879 -0.18536270430213478 0.65899253311383288 -0.45601609890222022 -0.043891752752268497 -0.094518276018029396 0.60730112751488718 -0.35682850454185183 0.68538304716066467 0.0091276884691591266 0.56710885376046449 -0.00018476939511341507
leaf_weight=329 235 431 49 49 57 195 794 385 55 42 78 102 45 972
leaf_count=329 235 431 49 49 57 195 794 385 55 42 78 102 45 972
internal_value=-0.000493324 -0.00110711 -0.000540921 0.00059829 0.00375701 -0.000783674 -0.000241418 5.63962e-05 -0.000301487 0.00106163 0.00143167 0.00314917 0.000320284 0.000183851
internal_weight=3818 1110 781 350 106 244 2708 1914 1412 502 460 180 280 1027
internal_count=3818 1110 781 350 106 244 2708 1914 1412 502 460 180 280 1027
is_linear=0
shrinkage=0.03


Tree=218
num_leaves=15
num_cat=0
split_feature=53 77 77 77 28 14 53 47 84 28 49 28 43 51
split_gain=0.784171 0.978872 1.23215 1.25782 0.917168 1.27257 1.29668 1.56867 1.24051 1.28298 1.22588 1.09419 1.02301 1.09128
threshold=7.5000000000000009 50.850534498691566 -235.36567074060437 -211.71267640590665 255.50000000000003 457.84496714298882 9.5000000000000018 1.0000000180025095e-35 -105.07144588232039 270.50000000000006 8.5000000000000018 130.50000000000003 1250.9407367033825 55.9328100681305
decision_type=8 10 8 8 2 8 8 8 8 2 10 2 10 10
left_child=-1 2 -2 -4 5 6 -5 -8 -6 -10 11 -9 13 -11
right_child=1 -3 3 4 8 -7 7 10 9 12 -12 -13 -14 -15
leaf_value=-0.089204078891728725 -0.18684111267393733 -0.2648624815208328 0.34759934076887189 -0.018526868987864018 0.77668610030902052 -0.12277943723484415 -0.18567649795393129 0.93542288296612908 0.67094262688032591 -0.14724808071699347 0.79075734691958621 0.054246841220424176 0.77878489868295986 0.4923891811130281
leaf_weight=1479 335 215 63 503 45 439 132 46 72 165 65 179 41 50
leaf_count=1479 335 215 63 503 45 439 132 46 72 165 65 179 41 50
internal_value=-0.000430027 -8.93244e-05 0.000105336 0.000416435 0.000264096 -9.6704e-05 0.000534557 0.00175886 0.00158021 0.00093009 0.00298969 0.00192478 -7.00396e-05 -0.000902778
internal_weight=3829 2350 2135 1800 1737 1364 925 422 373 328 290 225 256 215
internal_count=3829 2350 2135 1800 1737 1364 925 422 373 328 290 225 256 215
is_linear=0
shrinkage=0.03


Tree=219
num_leaves=15
num_cat=0
split_feature=77 77 14 76 34 17 37 38 31 65 1 1 38 22
split_gain=0.655606 0.591908 1.4679 1.91057 0.819156 0.746756 0.789159 0.733328 1.23613 1.15786 0.836671 0.920197 0.864188 0.775068
threshold=29.977396488189701 -45.014875531196587 372.16899721145455 1377.2326934337618 0.18245838668373884 16.500000000000004 2910.975422898513 3740.5770590441566 22.363888888888894 0.82770312581455097 659.08346462249767 657.52777552604687 3353.4609590957102 5.2247534990310678
decision_type=10 10 10 8 8 2 10 10 10 10 2 2 10 2
left_child=1 5 3 -3 -4 6 -1 8 10 -10 11 -7 -12 -14
right_child=-2 2 4 -5 -6 7 -8 -9 9 -11 12 -13 13 -15
leaf_value=-0.73992236535784806 -0.058861073249537418 1.1173141094733192 0.53753333679538096 0.2953116346606483 -0.26856601404630637 0.0060209857456378149 0.021619524849240304 -0.17320979906397332 0.8818954508858915 0.012234165851734357 -0.09785359974930545 0.93319088544567552 0.31234297832316033 -0.060218359528138102
leaf_weight=292 582 40 50 79 116 931 62 294 47 90 1147 48 40 40
leaf_count=292 582 40 50 79 116 931 62 294 47 90 1147 48 40 40
internal_value=-0.000472662 -0.000307599 0.000996503 0.003525 -0.000826348 -0.000432153 -0.00172394 -0.000258151 -8.06321e-05 0.00267391 -0.000252833 0.00040102 -0.000774431 0.00222222
internal_weight=3858 3276 285 119 166 2991 354 2637 2343 137 2206 979 1227 80
internal_count=3858 3276 285 119 166 2991 354 2637 2343 137 2206 979 1227 80
is_linear=0
shrinkage=0.03


Tree=220
num_leaves=15
num_cat=0
split_feature=9 56 81 60 64 0 80 70 61 0 60 61 61 80
split_gain=0.924225 1.02133 1.02684 1.05858 1.19691 0.930015 0.755769 0.856734 1.06498 0.744465 0.668019 0.658205 0.764698 0.50001
threshold=570.00000000000011 -192.69682474931079 5024.683819413186 -68.570379853248582 4.1483264761654732 248.50000000000003 -98.655865430831895 0.77350427350427364 0.53636695156072212 389.50000000000006 -92.061981797218309 0.68438989232828717 0.81108658285637703 -151.72366833686826
decision_type=2 8 8 8 10 2 10 10 8 2 8 10 10 8
left_child=1 -1 3 4 -3 6 -5 8 -8 10 -4 -9 -13 -12
right_child=-2 2 9 5 -6 -7 7 11 -10 -11 13 12 -14 -15
leaf_value=0.15958010454064794 -0.16458756702385524 0.93987767340840545 -1.1053047820427562 0.35400910156563459 -0.0013555774864593456 0.27365066061647647 0.69831075439391133 -0.16987390097504421 -0.035718095566244355 0.37477533640123334 -0.58992530785456643 0.5277262268857259 -0.019834510888880802 -0.027474132579082437
leaf_weight=46 581 40 167 73 52 76 40 508 43 51 103 46 108 1932
leaf_count=46 581 40 167 73 52 76 40 508 43 51 103 46 108 1932
internal_value=-0.000501164 -0.000305844 -0.000369445 0.000437689 0.00348387 0.00012067 -0.000175825 -0.000462467 0.00239286 -0.000722716 -0.000806174 -0.00082353 0.000890322 -0.000655698
internal_weight=3866 3285 3239 986 92 894 818 745 83 2253 2202 662 154 2035
internal_count=3866 3285 3239 986 92 894 818 745 83 2253 2202 662 154 2035
is_linear=0
shrinkage=0.03


Tree=221
num_leaves=15
num_cat=0
split_feature=43 61 2 70 80 60 27 37 59 62 73 1 81 25
split_gain=0.809494 1.0135 0.585947 0.660736 1.10477 1.26 1.05674 0.694644 0.573015 0.631855 0.675522 1.13418 1.04028 1.36234
threshold=11.278484205491464 0.016539681691803285 1.0000000180025095e-35 0.60555555555555574 45.720177531242378 247.42478013038638 0.8556128293241696 2793.4067995448781 585.41130781173717 0.20132477342461561 -7.2801159620285025 646.3055204153062 8384.7217878103274 0.90260840108401097
decision_type=10 8 2 8 8 8 10 10 8 10 10 2 8 10
left_child=1 -1 3 4 5 -2 -5 8 9 10 11 12 13 -8
right_child=2 -3 -4 6 -6 -7 7 -9 -10 -11 -12 -13 -14 -15
leaf_value=0.7250961107900662 -0.10114072520103635 -0.0010333423150087374 -0.332547832802982 -0.63339216634323114 -0.0099547721707440376 0.21732779619471326 0.88892304912922537 0.15990149866712908 0.76208352686675584 -0.25276750877811471 -0.15018542082560277 -0.018506224312060074 -0.039895540260121203 0.015806802941145309
leaf_weight=52 53 120 152 269 272 58 90 79 70 336 772 1090 199 209
leaf_count=52 53 120 152 269 272 58 90 79 70 336 772 1090 199 209
internal_value=-0.000479593 0.00152601 -0.000574521 -0.000494855 0.000679687 0.0031875 -0.000639487 -0.00046908 -0.000548609 -0.000618466 -0.000444728 -9.06237e-05 0.00109419 0.00221
internal_weight=3821 172 3649 3497 383 111 3114 2845 2766 2696 2360 1588 498 299
internal_count=3821 172 3649 3497 383 111 3114 2845 2766 2696 2360 1588 498 299
is_linear=0
shrinkage=0.03


Tree=222
num_leaves=15
num_cat=0
split_feature=22 75 9 14 56 8 69 41 83 77 85 1 85 70
split_gain=0.596767 0.678367 1.41622 0.619298 1.21865 0.759318 1.04065 1.5104 2.4761 1.31876 1.31618 0.964891 0.799466 0.774646
threshold=0.72729837894439708 1233.3798408508303 2970.0000000000005 260.08539519642414 -237.65012673536935 0.69903049172299547 177.63937254490386 18.160686135292057 -187.88965189456937 -254.6864638328552 -126.42385311921437 625.07315599918377 70.983317057291671 0.92582417582417598
decision_type=2 10 2 8 10 10 8 10 10 10 10 2 10 10
left_child=-1 2 3 4 -2 -6 7 8 9 -7 13 -10 -12 -8
right_child=1 -3 -4 -5 5 6 10 -9 11 -11 12 -13 -14 -15
leaf_value=-0.36715366078066924 0.89707581619548238 -0.29283290073607027 2.3514167207443424 -0.022791326580126062 -0.51509359983361558 0.050754732664731461 -0.62515088646522243 -0.1403820462243065 1.0993060446204919 0.72671840672250332 0.53588894119124619 -0.2553570744296586 0.070653149545745558 0.2018292714934668
leaf_weight=302 43 175 44 2405 138 44 49 201 42 41 45 163 72 58
leaf_count=302 43 175 44 2405 138 44 49 201 42 41 45 163 72 58
internal_value=-0.000425321 -0.000315252 -0.000219666 -0.000291642 0.00038127 0.000129976 0.000523742 -0.000250001 0.00113402 0.00540698 0.00221333 -0.000655341 0.0043983 -0.000194445
internal_weight=3822 3520 3345 3301 896 853 715 491 290 85 224 205 117 107
internal_count=3822 3520 3345 3301 896 853 715 491 290 85 224 205 117 107
is_linear=0
shrinkage=0.03


Tree=223
num_leaves=15
num_cat=0
split_feature=75 76 9 74 69 26 5 32 85 2 53 3 76 81
split_gain=0.671919 0.774566 0.743391 1.06549 0.718487 0.715883 0.746566 0.909865 0.77664 0.624669 1.00133 0.821421 0.790665 1.13353
threshold=956.50000000000011 1230.4449925422671 570.00000000000011 65.562702074566957 -97.64721308544371 84.500000000000014 4.0671899318695077 0.067816091954023008 -234.17826902866361 1.0000000180025095e-35 19.500000000000004 7.4583333333430355 371.3533326387406 8456.1572152376193
decision_type=10 10 2 8 8 2 10 10 10 2 8 2 8 10
left_child=1 2 3 -1 5 -5 8 -8 -7 10 11 -6 -13 -14
right_child=-2 -3 -4 4 9 6 7 -9 -10 -11 -12 12 13 -15
leaf_value=0.2540861703951478 -0.27122393543250117 0.84967497229162314 -0.53617791642108237 -0.62943812432357815 -0.11448339389881264 0.6597037699186572 0.25590051639033634 -0.31070614947662223 -0.10799554501989862 -0.30437301979286141 0.35592105923267331 -0.14821377317377255 0.064698721873097595 -0.16752503005433478
leaf_weight=71 243 74 264 184 353 44 40 393 119 210 115 275 1168 328
leaf_count=71 243 74 264 184 353 44 40 393 119 210 115 275 1168 328
internal_value=-0.000479908 -0.000377577 -0.000440954 -0.000318086 -0.000398453 -0.00119078 -0.000683418 -0.0013341 0.00104268 -0.000145715 1.33857e-06 -0.000146824 0.000116816 0.000388777
internal_weight=3881 3638 3564 3300 3229 780 596 433 163 2449 2239 2124 1771 1496
internal_count=3881 3638 3564 3300 3229 780 596 433 163 2449 2239 2124 1771 1496
is_linear=0
shrinkage=0.03


Tree=224
num_leaves=15
num_cat=0
split_feature=76 6 14 8 20 52 39 52 30 26 1 14 53 31
split_gain=0.87527 0.892186 0.65655 1.02459 1.22452 1.01786 1.34353 1.39989 0.937192 0.883735 0.687124 0.72834 0.713355 0.932211
threshold=3144.0902465581898 3090.0000000000005 260.08539519642414 3.6151617922609574 396.71854937076574 89.576128244400039 1217.2803136891187 62.145050764083869 28.950000000000003 196.50000000000003 719.08346462249767 276.41785934569697 7.5000000000000009 24.027619047619059
decision_type=10 10 8 8 8 10 10 10 10 2 2 8 8 8
left_child=1 2 3 4 -1 6 -5 8 -8 -6 11 -4 -13 -14
right_child=-2 -3 10 5 9 -7 7 -9 -10 -11 -12 12 13 -15
leaf_value=0.56851710404255573 -0.49698259703875136 2.2928463880303909 -0.21877964572623501 0.92289392766391598 -0.25978548660141448 -0.095553342448220155 -0.1458200762392918 0.45399952972951579 0.3090133474150647 0.18220232069727157 -0.28781603392432142 -0.12530427252368578 0.016756216898193729 -0.11222270283933947
leaf_weight=59 118 43 138 61 502 90 129 52 51 44 433 716 987 389
leaf_count=59 118 43 138 61 502 90 129 52 51 44 433 716 987 389
internal_value=-0.000442172 -0.000360488 -0.000411556 0.000248735 -0.000519803 0.00146094 0.00231633 0.0012618 -7.11304e-10 -0.000965266 -0.000656532 -0.000443748 -0.000303871 9.58599e-05
internal_weight=3812 3694 3651 988 605 383 293 232 180 546 2663 2230 2092 1376
internal_count=3812 3694 3651 988 605 383 293 232 180 546 2663 2230 2092 1376
is_linear=0
shrinkage=0.03


Tree=225
num_leaves=15
num_cat=0
split_feature=14 16 41 34 61 85 38 15 76 77 70 79 41 60
split_gain=0.556369 1.03545 1.47315 1.8495 1.43432 1.56719 0.958608 0.863829 0.681253 0.679723 1.95084 0.969189 1.09995 0.665661
threshold=297.49389700629644 22.500000000000004 80.815500497818007 0.35917467948717957 0.54214331433378005 102.16516387462617 3493.2109600197323 10.500000000000002 404.83978223800665 -144.67806553840634 0.58578431372549034 8.2658719309291318 51.611154794693 -100.84871685504912
decision_type=8 2 10 10 10 8 10 2 10 8 10 10 10 10
left_child=1 8 3 6 5 -5 7 -3 -1 10 11 -2 -13 -12
right_child=9 2 -4 4 -6 -7 -8 -9 -10 -11 13 12 -14 -15
leaf_value=-0.011807876931748047 -0.16492757175898709 -0.44676110570675487 -0.32308768667702958 1.6696818298272755 0.0043858533377913265 0.68225435510263288 0.26788369023848757 0.18340778272033614 -0.50589617737609927 -0.076138683218641964 -0.34013832429987417 1.061497447710386 0.11052408376005796 -0.0027090878767676565
leaf_weight=789 41 114 152 40 41 42 55 45 127 1613 198 45 65 483
leaf_count=789 41 114 152 40 41 42 55 45 127 1613 198 45 65 483
internal_value=-0.000358349 0.000117353 0.00123061 0.00233432 0.00525 0.00751807 0.00064186 -0.000543751 -0.000477645 -0.000631644 6.48252e-05 0.00313816 0.00459459 -0.000620235
internal_weight=3850 1405 489 337 123 82 214 159 916 2445 832 151 110 681
internal_count=3850 1405 489 337 123 82 214 159 916 2445 832 151 110 681
is_linear=0
shrinkage=0.03


Tree=226
num_leaves=15
num_cat=0
split_feature=27 74 23 45 22 57 15 77 28 67 41 77 31 62
split_gain=0.694091 0.527184 0.562488 0.780749 0.632325 1.05181 0.573286 0.471375 1.21553 0.600977 1.28892 0.911563 0.995927 0.896711
threshold=0.9546596619460942 2434.5028029732798 13.861959576606752 22.500000000000004 11.943318128585817 6.5000000000000009 22.500000000000004 50.850534498691566 390.50000000000006 -147.85418197465319 -90.091878294944749 -121.89752739667891 10.102631578947369 -0.12541305495146673
decision_type=8 10 10 8 2 8 2 8 2 10 10 10 10 8
left_child=1 2 4 -4 7 -6 -5 8 9 -1 -11 -12 -13 -14
right_child=-2 -3 3 6 5 -7 -8 -9 -10 10 11 12 13 -15
leaf_value=-0.048961725128968354 -0.16058161137217286 -0.26973220311412155 -0.35421141578491588 -0.11563501357821586 0.61002525799390772 -0.011846838621616547 0.45062973537697804 -0.048631244020353952 0.56998113860478972 0.69255466457001458 -0.077498528816617784 -0.22189812905183703 0.91681322011042721 0.075315833922371067
leaf_weight=834 650 158 317 59 50 100 70 551 40 47 559 57 78 277
leaf_count=834 650 158 317 59 50 100 70 551 40 47 559 57 78 277
internal_value=-0.000535604 -0.000353659 -0.000265461 -0.00124832 -9.59915e-05 0.00178808 0.000715384 -0.000212358 1.26776e-05 -0.000100378 0.000388616 0.000151234 0.00122034 0.0018118
internal_weight=3847 3197 3039 446 2593 150 129 2443 1892 1852 1018 971 412 355
internal_count=3847 3197 3039 446 2593 150 129 2443 1892 1852 1018 971 412 355
is_linear=0
shrinkage=0.03


Tree=227
num_leaves=15
num_cat=0
split_feature=77 39 28 33 67 22 51 84 41 15 1 67 29 62
split_gain=0.59952 0.701329 0.597516 1.68012 1.06131 1.58911 1.17098 1.02696 1.13569 2.18796 0.920796 0.891191 1.59114 0.74093
threshold=50.850534498691566 367.92732871414313 254.50000000000003 19.108427815570678 163.96943277120596 2.9433181285858159 55.9328100681305 -105.07144588232039 84.037244439125075 19.500000000000004 631.37168741226208 448.47620174288755 0.92633618931048567 0.24415575707013712
decision_type=10 10 2 8 8 2 10 10 10 2 2 10 10 10
left_child=1 -1 10 7 6 -6 -5 8 9 -4 13 -12 -13 -3
right_child=-2 2 3 4 5 -7 -8 -9 -10 -11 11 12 -14 -15
leaf_value=-0.28203696945009588 -0.22523487642159212 0.12675661528582507 0.47292048282099591 -0.48074381468906352 0.019229790683839603 0.70777317192896128 0.23326358483523205 -0.16652094897302464 -0.26786945768245096 -0.032075161696591345 -0.06922418833258237 0.47519818110036183 -0.068882150118249996 -0.53678031130437542
leaf_weight=307 294 586 53 46 62 58 49 270 79 63 1799 40 44 47
leaf_count=307 294 586 53 46 62 58 49 270 79 63 1799 40 44 47
internal_value=-0.000368879 -0.000259419 -0.00012762 0.000660792 0.00284722 0.00471074 0.000468749 -0.000354078 0.00130102 0.00317949 -0.000340883 -0.000673568 0.00232941 0.000648264
internal_weight=3797 3503 3196 680 215 120 95 465 195 116 2516 1883 84 633
internal_count=3797 3503 3196 680 215 120 95 465 195 116 2516 1883 84 633
is_linear=0
shrinkage=0.03


Tree=228
num_leaves=15
num_cat=0
split_feature=50 76 53 77 17 16 54 26 29 62 77 17 20 76
split_gain=0.739999 1.16721 0.736708 0.589397 0.676911 1.67411 1.95391 1.02436 0.838045 1.28398 1.05476 0.91204 1.24332 0.720936
threshold=2176.8010172843938 2410.3431358337407 4.5000000000000009 50.850534498691566 35.000000000000007 21.500000000000004 810.00000000000011 105.50000000000001 0.91986841550335308 -0.13937257701367431 -1.3028392791748045 21.500000000000004 239.08346462249759 539.11502468585979
decision_type=10 10 8 10 2 2 10 2 10 8 10 2 10 10
left_child=1 2 -1 4 5 7 -7 -4 -9 -10 11 12 -11 -6
right_child=-2 -3 3 -5 13 6 -8 8 9 10 -12 -13 -14 -15
leaf_value=-0.43751272144242159 -0.34532826726861038 1.152500377969824 -0.066152478141746962 -0.27364732510578854 -0.046391861864729371 1.1805614089290117 0.013266896103973988 -0.012290295987025577 0.73461116733818521 1.6861357793699963 0.26684035122419564 -0.084383148753905124 -0.077387593008016869 0.047178972557286918
leaf_weight=238 174 68 664 248 1632 42 48 167 62 40 75 220 41 88
leaf_count=238 174 68 664 248 1632 42 48 167 62 40 75 220 41 88
internal_value=-0.000391545 -0.000299671 -0.00037437 -0.000258715 -0.000145131 0.000355146 0.00428571 7.32276e-05 0.000965346 0.00165376 0.000986737 0.000188741 0.00289024 -0.000540384
internal_weight=3807 3633 3565 3327 3079 1359 90 1269 605 438 376 301 81 1720
internal_count=3807 3633 3565 3327 3079 1359 90 1269 605 438 376 301 81 1720
is_linear=0
shrinkage=0.03


Tree=229
num_leaves=15
num_cat=0
split_feature=48 42 77 17 28 48 42 69 17 46 32 41 41 40
split_gain=0.666424 0.603927 0.647285 0.629184 0.638679 0.704492 0.894768 0.802957 1.13155 0.936816 0.794705 0.982048 0.814057 0.691357
threshold=-185.59599506855008 -149.08322167396543 50.850534498691566 5.0000000000000009 212.50000000000003 -78.514901638030992 -81.004273533821092 -553.80923763704686 48.000000000000007 2070.0000000000005 0.09232954545454547 -27.63773691654205 -8.7990982532501203 663.64123671143295
decision_type=8 8 10 2 2 10 10 10 2 10 8 10 10 10
left_child=-1 -2 3 -3 -5 -6 -7 9 10 -8 -9 -12 -13 -14
right_child=1 2 -4 4 5 6 7 8 -10 -11 11 12 13 -15
leaf_value=0.0688191335228997 -0.38851485343864711 -1.4615459786019775 -0.1902262835537922 -0.034383362541487043 -0.42504617981402426 0.48848837933133282 0.71866026716351417 0.51808523797416939 -0.095202251485119266 -0.057380395165856669 -0.70855339118413108 0.76060059437366123 -0.015845614989028593 0.11602703388112838
leaf_weight=64 164 76 275 2005 113 47 41 66 195 47 87 42 345 235
leaf_count=64 164 76 275 2005 113 47 41 66 195 47 87 42 345 235
internal_value=-0.000427558 -0.000479808 -0.000397763 -0.00028091 -0.000216812 0.000324856 0.000556057 0.000373937 0.000123583 0.00310112 0.000637886 0.000342253 0.000760834 0.000464715
internal_weight=3802 3738 3574 3299 3223 1218 1105 1058 970 88 775 709 622 580
internal_count=3802 3738 3574 3299 3223 1218 1105 1058 970 88 775 709 622 580
is_linear=0
shrinkage=0.03


Tree=230
num_leaves=15
num_cat=0
split_feature=39 14 7 30 33 53 34 36 63 70 1 29 72 66
split_gain=0.75622 1.36277 1.44322 1.25762 1.19753 1.24941 1.08883 0.881128 1.49768 0.680956 0.853329 1.09743 0.605203 0.708922
threshold=1906.7528096026003 455.63683804149679 2656.046618781997 2.9500000000000006 17.943226381461677 7.5000000000000009 0.12158167036215818 0.81725417439703174 -85.194037222007495 0.91987179487179505 641.84361076354992 0.92096477151565426 45.423985242843635 -121.73333251476286
decision_type=8 8 8 10 10 10 8 10 10 8 2 10 10 10
left_child=1 2 4 7 9 -6 -5 8 -4 10 -1 -12 13 -11
right_child=-2 -3 3 6 5 -7 -8 -9 -10 12 11 -13 -14 -15
leaf_value=0.061376475627704534 -0.063189479241434171 -0.39101398968901091 1.4423956312782269 0.60426064082046049 0.0080379874072743582 0.85220413694930552 -0.0062771923633491494 0.018308170396723444 0.37968360194836293 -0.26037045244823842 -0.42115473839695844 0.59199585564590418 0.7387044761963375 0.17534659481994333
leaf_weight=41 1986 304 40 45 81 43 214 40 41 697 67 46 77 130
leaf_count=41 1986 304 40 45 81 43 214 40 41 697 67 46 77 130
internal_value=-0.000507657 -7.39161e-05 0.000284068 0.00188976 -0.000233306 0.002544 0.000703845 0.00440164 0.00618293 -0.000560907 0.00127742 -7.89481e-05 -0.000875139 -0.00111232
internal_weight=3852 1866 1562 380 1182 124 259 121 81 1058 154 113 904 827
internal_count=3852 1866 1562 380 1182 124 259 121 81 1058 154 113 904 827
is_linear=0
shrinkage=0.03


Tree=231
num_leaves=15
num_cat=0
split_feature=1 5 30 33 39 8 73 85 53 29 69 81 20 8
split_gain=0.842134 0.941653 0.949526 0.952147 0.613952 0.991194 1.10125 1.02025 0.788302 0.797459 1.20402 0.987973 0.717941 0.864601
threshold=659.08346462249767 2.9783738851547246 10.450000000000001 8.1660618279569928 2074.3934361134488 0.43265484503480894 -6.2534359693527213 92.729625066121443 9.5000000000000018 0.9293142399502744 -53.437894271848698 3656.6889895200734 351.46575736999517 3.9197146698567553
decision_type=2 10 10 8 10 10 10 10 10 10 10 8 10 10
left_child=1 2 3 -1 5 -3 7 8 9 10 -7 -12 13 -8
right_child=-2 4 -4 -5 -6 6 12 -9 -10 -11 11 -13 -14 -15
leaf_value=0.83228487850900057 -0.068356947529272863 -0.51252900584759375 0.67350712319470407 -0.48010522744842954 -0.049866018153325725 0.44363161433292725 -0.62204076784045348 -0.040076982586481895 0.22485910943734133 -0.14046543335069303 0.2565669966324321 -0.15570972227118307 0.099377107285035265 0.25139900849361457
leaf_weight=43 2229 103 79 46 687 76 162 135 67 56 44 81 40 78
leaf_count=43 2229 103 79 46 687 76 162 135 67 56 44 81 40 78
internal_value=-0.00046295 4.06353e-05 0.00216568 3.33326e-05 -0.000194118 0.000348754 0.000733783 0.00163696 0.00254769 0.00177907 0.00265842 0.000833333 -0.000747332 -0.0013693
internal_weight=3926 1697 168 89 1529 842 739 459 324 257 201 125 280 240
internal_count=3926 1697 168 89 1529 842 739 459 324 257 201 125 280 240
is_linear=0
shrinkage=0.03


Tree=232
num_leaves=15
num_cat=0
split_feature=28 64 64 8 71 83 48 36 45 0 7 28 3 3
split_gain=0.639744 0.525336 0.898492 0.599137 1.38681 2.38277 1.3978 1.20557 1.08469 1.02471 0.942388 0.891674 0.816991 1.65201
threshold=120.50000000000001 3.9329899194115043 3.9840886472198696 4.0249755842701216 15.500000000000002 -55.942715644836419 -15.722171227137247 0.87627551020408168 7.5000000000000009 136.50000000000003 2984.1549194858785 275.50000000000006 11.291666666656967 9.9583333333430364
decision_type=2 8 8 10 8 8 10 8 10 2 10 2 2 2
left_child=-1 -2 -3 12 6 -6 -5 9 11 -7 -10 -8 13 -4
right_child=1 2 3 4 5 7 8 -9 10 -11 -12 -13 -14 -15
leaf_value=-0.1719962298831218 -0.13034515703103963 0.17534434457730944 -0.044662156402518624 -0.36695581255716558 1.1125119698462582 -0.58485918252077806 0.6682804883317347 0.91264320993981651 0.27468263956153333 0.35484864050887754 -0.0078783512064778405 0.017185085348112136 -0.14939614898668657 0.77908614630380302
leaf_weight=194 615 47 498 313 43 110 47 48 64 40 516 43 1119 127
leaf_count=194 615 47 498 313 43 110 47 48 64 40 516 43 1119 127
internal_value=-0.000387452 -0.000297439 -0.000134285 -0.000200068 0.000308571 0.00234297 -0.000192074 0.000934673 0.000581221 -0.000397352 0.00010327 0.00362637 -0.000557021 0.000311501
internal_weight=3824 3630 3015 2968 1224 241 983 198 670 150 580 90 1744 625
internal_count=3824 3630 3015 2968 1224 241 983 198 670 150 580 90 1744 625
is_linear=0
shrinkage=0.03


Tree=233
num_leaves=15
num_cat=0
split_feature=14 43 16 84 36 76 0 52 77 1 2 0 8 39
split_gain=0.612118 0.960031 0.823917 1.38791 1.24241 1.48258 1.17184 0.956154 0.866565 0.850429 0.689013 0.590715 0.574874 0.82044
threshold=296.6507547109357 11.278484205491464 22.500000000000004 -117.1984350879987 0.33222958057395152 1313.5663189888003 172.50000000000003 62.784280896186836 -167.87642562389371 627.41329634189617 1.0000000180025095e-35 -90.499999999999986 3.5984659071474692 1561.5185058257553
decision_type=8 10 2 8 10 8 2 10 8 2 2 2 10 10
left_child=1 -1 6 -4 9 -6 12 -8 -7 -5 11 -2 -3 -14
right_child=10 2 3 4 5 8 7 -9 -10 -11 -12 -13 13 -15
leaf_value=0.51244862486894538 -0.36679144501168892 -0.54194567446902697 0.80447832337339764 0.079335569827909763 0.70039356666652552 0.40363002327974079 0.3316997737426442 -0.013265767867282218 -0.22381248689991817 -0.47926649593548015 -0.30299026897314152 -0.02014706081265925 0.77588883546032117 -0.14677245157113222
leaf_weight=56 203 357 79 46 51 45 75 84 83 160 180 2074 111 255
leaf_count=56 203 357 79 46 51 45 75 84 83 160 180 2074 111 255
internal_value=-0.000418913 8.12537e-05 -8.01789e-05 0.000941935 0.0001943 0.00201667 -0.000618347 0.00170625 0.000279069 -0.00139131 -0.000704232 -0.000562336 -0.00113122 -0.000294279
internal_weight=3859 1402 1346 464 385 179 882 159 128 206 2457 2277 723 366
internal_count=3859 1402 1346 464 385 179 882 159 128 206 2457 2277 723 366
is_linear=0
shrinkage=0.03


Tree=234
num_leaves=15
num_cat=0
split_feature=51 44 53 31 27 27 48 41 35 85 28 42 61 66
split_gain=0.774935 0.684171 0.573145 0.559815 0.97945 2.38695 0.907093 0.902987 2.00955 0.748786 0.725692 0.932101 0.740941 1.03702
threshold=-1496.5686182975767 2016.240507245064 17.500000000000004 24.240374331550807 0.8700649350649351 0.862622549019608 -97.04352235794066 -68.474479436874375 16.676711560044897 35.433146476745613 126.50000000000001 -61.6236023902893 0.67243540872762586 327.06145203113562
decision_type=8 10 10 8 10 8 8 8 10 8 2 10 10 10
left_child=-1 2 3 4 5 -2 -6 8 9 -8 -9 -12 -13 -14
right_child=1 -3 -4 -5 6 -7 7 10 -10 -11 11 12 13 -15
leaf_value=-0.15872756572707986 0.0026697821735776508 1.2864501052523731 0.61544324706301723 -0.10191132972971474 -0.37246259328184478 0.37048461847930947 -0.15481359947537607 0.55208639563137329 0.55042082295801509 0.65703475833685143 -0.54862137937931454 -0.033706792322055895 0.089691636256470211 -0.25388266107252416
leaf_weight=280 276 65 49 614 294 79 90 52 41 47 146 1354 363 64
leaf_count=280 276 65 49 614 294 79 90 52 41 47 146 1354 363 64
internal_value=-0.000191875 -7.12878e-05 -0.000128819 -0.000175388 4.27431e-06 0.00147472 -0.000209218 4.16981e-06 0.00204469 0.000282608 -0.000180304 -0.000275416 -8.58593e-05 0.00100234
internal_weight=3814 3534 3469 3420 2806 355 2451 2157 178 137 1979 1927 1781 427
internal_count=3814 3534 3469 3420 2806 355 2451 2157 178 137 1979 1927 1781 427
is_linear=0
shrinkage=0.03


Tree=235
num_leaves=15
num_cat=0
split_feature=81 3 77 0 9 76 0 14 61 32 32 81 70 66
split_gain=0.921469 0.934398 1.20611 2.63764 0.746446 0.935019 0.771506 1.93934 0.965134 1.01757 1.30916 0.763322 0.969356 0.707315
threshold=5175.3435243368158 11.541666666656967 -184.56964433193204 77.500000000000014 570.00000000000011 432.97974550724035 -62.499999999999993 297.49389700629644 0.84930834856831694 0.23205128205128209 0.34632683658170921 3998.3423856496815 0.86190476190476206 423.05960953235632
decision_type=10 2 10 2 2 10 2 10 10 8 10 10 8 10
left_child=4 2 3 -2 5 6 7 -1 11 -10 -11 -8 -13 -3
right_child=1 13 -4 -5 -6 -7 8 -9 9 10 -12 12 -14 -15
leaf_value=0.39610181303924458 1.4798966669715579 -0.21883007105158114 -0.14313016805221657 -0.50016099526187052 -0.14998266070409907 0.17241086774603892 -0.048283950470623976 -0.043486846445165775 -0.065952910693289693 0.48154862347491001 0.11570711010347802 0.62366102347830743 0.0018914607767660007 0.031582627163318104
leaf_weight=56 67 1159 263 58 326 49 1247 95 87 43 42 49 247 54
leaf_count=56 67 1159 263 58 326 49 1247 95 87 43 42 49 247 54
internal_value=-0.000407495 -0.00095693 0.000323907 0.00273809 -1.47197e-05 0.000211377 0.000102838 0.00215132 -7.8672e-05 0.00204624 0.00436046 -0.000316711 0.0010505 -0.00136656
internal_weight=3842 1601 388 125 2241 1915 1866 151 1715 172 85 1543 296 1213
internal_count=3842 1601 388 125 2241 1915 1866 151 1715 172 85 1543 296 1213
is_linear=0
shrinkage=0.03


Tree=236
num_leaves=15
num_cat=0
split_feature=11 11 79 72 14 39 34 11 5 1 56 36 38 39
split_gain=0.75454 1.3349 0.605174 0.547147 0.924335 0.768409 1.36239 1.19975 1.34482 0.960044 1.20819 2.11007 0.754403 1.07725
threshold=3150.0000000000005 2700.0000000000005 1089.513089851014 -34.147504806518548 1.0000000180025095e-35 1906.7528096026003 0.95742753623188415 570.00000000000011 118.45286178588869 659.08346462249767 38.014462232589729 0.20398256389934619 2949.8996728975662 934.79190079939588
decision_type=2 2 10 10 10 10 10 2 10 2 8 10 10 10
left_child=1 2 3 5 -5 7 -7 8 9 10 -1 -12 -11 -14
right_child=-2 -3 -4 4 -6 6 -8 -9 -10 12 11 -13 13 -15
leaf_value=0.010933355115066472 -0.32833855886246927 1.6257985703524109 -0.54965144511632114 0.64318338343236647 -0.16628043990040384 -0.052129786234188631 0.052780114329087864 -0.082562049260026291 0.78990223500054968 -0.17206767364548131 0.4936815816257531 0.39472307378199545 -0.44606801786005268 0.21979791785043457
leaf_weight=261 135 40 96 51 632 1560 48 269 72 380 40 144 44 99
leaf_count=261 135 40 96 51 632 1560 48 269 72 380 40 144 44 99
internal_value=-0.000341685 -0.000261708 -0.000321342 -0.000258262 -0.00102193 -7.91645e-05 -0.000518335 0.000460305 0.000922189 0.000625386 0.00164798 0.0035027 -0.000246184 0.00160417
internal_weight=3871 3736 3696 3600 683 2917 1608 1309 1040 968 445 184 523 143
internal_count=3871 3736 3696 3600 683 2917 1608 1309 1040 968 445 184 523 143
is_linear=0
shrinkage=0.03


Tree=237
num_leaves=15
num_cat=0
split_feature=75 74 1 85 0 83 9 85 71 28 43 57 39 29
split_gain=0.766313 0.75411 1.24723 1.0785 0.896166 1.40629 0.823194 0.798566 0.840464 0.76279 1.06619 1.6949 0.726469 1.95721
threshold=1172.5119364261629 181.69295447457918 623.82469952106487 -133.67049274841943 4.5000000000000009 -43.349408149719231 630.00000000000011 -24.627312620480854 15.500000000000002 151.50000000000003 1434.0115877156907 1.5000000000000002 1906.7528096026003 0.88365940691522094
decision_type=10 8 2 8 2 8 2 8 10 2 10 8 10 10
left_child=1 2 -1 -4 -5 -6 -7 8 -3 -9 11 -11 13 -13
right_child=-2 7 3 4 5 6 -8 9 -10 10 -12 12 -14 -15
leaf_value=0.34931395899183321 -0.40706410136855153 -0.36477995586113959 1.1627211354977454 -0.1336885262274376 -0.80108101305841517 0.43165785849630772 0.065485998197828077 -0.13573815887659443 0.18789686884936183 0.65826634452017363 -0.23437633480222161 0.45256959022995064 -0.023189301890245203 0.035062026850148829
leaf_weight=44 205 739 53 123 58 44 48 689 74 71 164 104 846 583
leaf_count=44 205 739 53 123 58 44 48 689 74 71 164 104 846 583
internal_value=-0.000331514 -0.000230707 0.00105121 0.000403669 -0.000361315 0.00119205 0.00348387 -0.000376033 -0.00119042 -0.000106185 0.000223855 0.000459812 0.00024837 0.000972383
internal_weight=3845 3640 370 326 273 150 92 3270 813 2457 1768 1604 1533 687
internal_count=3845 3640 370 326 273 150 92 3270 813 2457 1768 1604 1533 687
is_linear=0
shrinkage=0.03


Tree=238
num_leaves=15
num_cat=0
split_feature=41 68 84 2 49 53 37 68 26 80 77 63 39 15
split_gain=0.622578 0.88175 0.684841 0.5817 0.892934 0.566012 0.921665 0.959545 1.1246 0.943753 1.06553 1.88722 0.770471 0.758243
threshold=-229.44080281257627 -0.21852772146808633 210.64368347326919 1.0000000180025095e-35 13.500000000000002 9.5000000000000018 2672.3743642777463 -0.14441149522393734 156.50000000000003 97.505323648452773 -144.97388792037961 378.00766587459799 4777.0235039493837 19.500000000000004
decision_type=8 8 10 2 8 10 10 8 2 10 8 8 10 2
left_child=-1 -2 3 4 5 6 7 8 -3 12 11 -11 -9 -7
right_child=1 2 -4 -5 -6 13 -8 9 -10 10 -12 -13 -14 -15
leaf_value=0.045369970235244049 -0.078377103440896753 0.0080372509571935962 -0.3035089262931685 -0.2286125668589333 0.30134348942467204 -0.014844991439513091 0.18965817369875859 -0.23407250652631811 0.62836027630443736 0.14584076755596179 -0.036016448835100974 0.92669575414920258 0.12276072036279599 0.2142268335963812
leaf_weight=44 222 195 109 237 54 527 79 1588 41 91 232 40 40 348
leaf_count=44 222 195 109 237 54 527 79 1588 41 91 232 40 40 348
internal_value=-0.000442049 -0.000483439 -0.000369347 -0.000295423 -0.00019005 -0.0002555 -0.000501951 -0.000615351 0.00118987 -0.00082982 0.000552197 0.00270454 -0.00113812 0.000393835
internal_weight=3847 3803 3581 3472 3235 3181 2306 2227 236 1991 363 131 1628 875
internal_count=3847 3803 3581 3472 3235 3181 2306 2227 236 1991 363 131 1628 875
is_linear=0
shrinkage=0.03


Tree=239
num_leaves=15
num_cat=0
split_feature=17 65 27 51 8 39 39 44 83 67 48 64 7 83
split_gain=0.591368 0.547478 0.57933 1.314 0.702546 0.669073 0.894122 1.29748 1.5207 1.41652 0.928766 0.754997 0.911949 1.39319
threshold=5.0000000000000009 1.1735353986299786 0.97362624623232097 298.94444298744207 8.9809324727582496 545.9483874399989 1150.3570647655529 86.462260842323317 -493.8521425724029 -39.924524001609129 89.838854749997481 4.4334419921958697 3594.3783239747522 -2.422505140304565
decision_type=2 10 10 10 8 10 10 8 10 8 10 10 10 10
left_child=-1 2 3 4 5 -2 7 8 -7 -10 -11 -8 13 -13
right_child=1 -3 -4 -5 -6 6 11 -9 9 10 -12 12 -14 -15
leaf_value=-0.61129454862446275 -0.32560403355005652 -0.51386556071490919 -0.13386392642829495 1.3076886733257396 0.044722727527074624 0.88636913539330853 -0.048370230781757929 -0.0067180593598074696 0.89026288976432022 -0.043534196901368179 0.46332369020868974 0.3296708765378501 -0.05442785020689489 -0.02951424252209273
leaf_weight=101 263 162 402 75 40 41 1755 242 41 102 51 179 282 105
leaf_count=101 263 162 402 75 40 41 1755 242 41 102 51 179 282 105
internal_value=-0.000422437 -0.000360867 -0.00028332 -0.000147309 -0.000242747 -0.000294906 -0.000158629 0.00102301 0.00260593 0.00147692 0.000136363 -0.00040181 0.000550264 0.00174737
internal_weight=3841 3740 3578 3176 3101 3061 2798 477 235 194 153 2321 566 284
internal_count=3841 3740 3578 3176 3101 3061 2798 477 235 194 153 2321 566 284
is_linear=0
shrinkage=0.03


Tree=240
num_leaves=15
num_cat=0
split_feature=75 68 1 68 75 5 22 80 80 67 44 67 78 70
split_gain=0.710108 0.745964 0.700592 1.57616 2.84911 1.04611 1.07872 0.829509 0.970833 0.915241 0.827519 0.813729 0.710324 1.0927
threshold=1233.3798408508303 -0.21852772146808633 659.08346462249767 0.0098693754932384446 107.15816259384157 2.9783738851547246 3.8332028388977055 236.52785205841067 -118.45985734462737 -52.867880000705611 34.403895020484931 53.2948379102506 0.70833333333333337 0.92582417582417598
decision_type=10 8 2 10 10 10 2 10 8 10 10 10 10 8
left_child=1 -1 3 4 5 6 -3 8 -7 12 -11 -12 -10 -14
right_child=-2 2 -4 -5 -6 7 -8 -9 9 10 11 -13 13 -15
leaf_value=-0.093012885383471702 -0.30168933565312189 -0.025436312562170327 -0.039933153733054221 -0.065569739485122958 0.85796060390577744 -0.69962260058301728 1.0157634197006569 -0.63137886492776774 -0.038037717654361057 0.12662446132375607 0.27420902972200295 0.75743042593955667 0.34951587403952844 -0.0070872071063549074
leaf_weight=236 196 40 1919 607 55 59 53 61 186 74 46 40 66 164
leaf_count=236 196 40 1919 607 55 59 53 61 186 74 46 40 66 164
internal_value=-0.000317119 -0.000221237 -0.000106794 0.000390495 0.0012284 0.00076329 0.00373404 0.000361549 0.000683962 0.00106066 0.00298137 0.00496552 0.000316546 0.00142857
internal_weight=3802 3606 3370 1451 844 789 93 696 635 576 160 86 416 230
internal_count=3802 3606 3370 1451 844 789 93 696 635 576 160 86 416 230
is_linear=0
shrinkage=0.03


Tree=241
num_leaves=15
num_cat=0
split_feature=2 42 56 42 80 77 85 42 66 66 35 24 65 33
split_gain=0.925352 0.879844 0.879567 0.982416 2.12725 1.0449 0.927121 0.815855 0.745527 1.05284 0.778331 0.631907 0.640385 0.780583
threshold=1.0000000180025095e-35 -296.99999999999994 -113.25689784685768 -87.589705586433396 63.682977080345161 -291.74999999999994 -2.4213190674781795 -61.6236023902893 -92.241711735725389 -66.951850652694688 20.746175393234221 79.500000000000014 0.93867212142873668 10.280005296610172
decision_type=2 10 10 10 10 8 8 10 8 8 10 2 8 10
left_child=1 -1 -3 4 6 -5 -4 -7 10 -10 -9 12 13 -11
right_child=-2 2 3 5 -6 7 -8 8 9 11 -12 -13 -14 -15
leaf_value=0.71962751380721313 -0.25240470953256183 -0.35998687785929062 -0.38301056137199441 -0.6820784779785044 0.59508673988533356 -0.49474025053887677 0.25119282644721252 -0.5521871520495385 0.82663469735694295 -0.17909067680075574 0.14284518185094852 0.41431562355968321 -0.0094596987513888356 0.091994519586131238
leaf_weight=54 236 340 126 208 58 136 70 170 41 77 74 51 1688 452
leaf_count=54 236 340 126 208 58 136 70 170 41 77 74 51 1688 452
internal_value=-0.000286357 -0.000164975 -0.000224228 -6.75769e-05 0.00171765 -0.000224638 0.000213197 -6.58e-05 5.52068e-05 0.000222077 -0.00151837 0.00013486 5.81598e-05 0.000967924
internal_weight=3781 3545 3491 3151 254 2897 196 2689 2553 2309 244 2268 2217 529
internal_count=3781 3545 3491 3151 254 2897 196 2689 2553 2309 244 2268 2217 529
is_linear=0
shrinkage=0.03


Tree=242
num_leaves=15
num_cat=0
split_feature=79 42 42 4 46 59 85 76 22 76 79 80 82 36
split_gain=0.582847 0.662472 1.50493 1.34235 1.08437 0.728867 0.578958 0.811806 0.686035 0.56801 0.692895 0.930924 1.07608 1.10829
threshold=1089.513089851014 39.35622692108155 44.50621676445008 9.5000000000000018 690.00000000000011 44.093195319175727 -234.17826902866361 817.12641394138348 1.8864582777023318 2876.1071532964711 13.362584575102854 154.98317921161654 91.612301945686355 0.14803857111549421
decision_type=10 8 8 2 10 10 8 8 2 10 10 10 10 8
left_child=1 3 -3 6 -5 9 7 -1 -8 10 -4 12 13 -12
right_child=-2 2 5 4 -6 -7 8 -9 -10 -11 11 -13 -14 -15
leaf_value=0.89231118016145383 -0.52336121544051295 1.1677302232039553 -0.014884252168817169 0.68471448022044767 -0.033474773697282301 -0.21702676836475665 -0.30569058530581705 -0.50901748448775674 -0.042632816462388021 -0.45544012903950826 0.21606586456078661 -0.43349849543622571 0.34522306650553947 0.0021061360776404945
leaf_weight=54 107 76 1100 65 73 169 414 48 1233 57 79 69 42 251
leaf_count=54 107 76 1100 65 73 169 414 48 1233 57 79 69 42 251
internal_value=-0.000521366 -0.000458323 -5.36884e-05 -0.000853285 0.00198561 -0.000232467 -0.00107829 0.0011068 -0.0012142 -3.37718e-05 7.58748e-05 0.00107918 0.00167292 0.00108761
internal_weight=3837 3730 1843 1887 138 1767 1749 102 1647 1598 1541 441 372 330
internal_count=3837 3730 1843 1887 138 1767 1749 102 1647 1598 1541 441 372 330
is_linear=0
shrinkage=0.03


Tree=243
num_leaves=15
num_cat=0
split_feature=14 37 35 5 76 25 35 83 64 35 83 43 71 26
split_gain=0.635717 0.902855 0.747631 0.793076 1.04987 0.904744 1.93166 0.861763 1.05441 0.626244 0.562063 0.498538 1.13585 1.42749
threshold=260.08539519642414 2334.6803497199885 16.254041666666669 50.751480937004096 3144.0902465581898 0.97122153209109741 0.43547641073080484 7.0478394031524667 4.4641757520933742 15.077251344086024 -82.208390951156602 221.94030375873743 15.500000000000002 94.500000000000014
decision_type=8 10 8 8 10 10 10 10 8 10 8 8 10 2
left_child=1 2 3 9 5 7 -7 10 -9 -1 -5 -2 -13 -14
right_child=11 -3 -4 4 -6 6 -8 8 -10 -11 -12 12 13 -15
leaf_value=-0.13976260017730568 -0.0056022544054054671 0.43946471648977159 -0.33816640760834582 0.10637131332061041 -0.50969710938816903 0.00093182568722663666 0.86906480037553779 1.3073439413435082 -0.0065865845885864508 0.082541441413912439 -0.40860301737210097 -0.16800609452141949 0.64771281356226029 -0.37825722582679888
leaf_weight=224 1023 63 279 76 59 56 53 43 41 61 110 1528 78 108
leaf_count=224 1023 63 279 76 59 56 53 43 41 61 110 1528 78 108
internal_value=-0.000467 0.000154784 -6.58033e-05 0.000443369 0.00124374 0.00182368 0.00411818 0.000885608 0.00338823 -0.000786714 -0.000256685 -0.000708912 -0.00102158 0.00118717
internal_weight=3802 1065 1002 723 438 379 109 270 84 285 186 2737 1714 186
internal_count=3802 1065 1002 723 438 379 109 270 84 285 186 2737 1714 186
is_linear=0
shrinkage=0.03


Tree=244
num_leaves=15
num_cat=0
split_feature=29 33 25 67 38 18 8 77 81 25 56 2 34 38
split_gain=0.705469 0.724683 0.97508 0.918272 0.777244 0.699704 0.881434 1.40653 0.943027 1.68515 1.08908 0.713009 0.840121 0.74665
threshold=0.91389144142716827 19.34241379310345 0.95101959216313481 137.24336018164956 4447.0744198865459 1.0000000180025095e-35 2.2057157944365602 -170.43623745441434 3706.1434942483907 0.91607981220657286 14.159761071205141 1.0000000180025095e-35 1.0000000180025095e-35 3935.3674878393208
decision_type=10 10 10 8 10 2 10 10 8 10 8 2 8 10
left_child=5 -2 3 -3 -5 6 7 -1 9 -8 -10 12 -12 -14
right_child=1 2 -4 4 -6 -7 8 -9 10 -11 11 -13 13 -15
leaf_value=-0.34013776545259639 -0.016268485439309834 0.013585988457216402 -0.16293679653289347 0.70196262344884874 0.18386359684843079 -0.26644917318995831 -0.012803548370773092 0.77884661474324357 -0.36089496261069398 0.63836706488612294 0.1821202212238798 -0.26685543782896815 0.017249803884166776 -0.33203216572321659
leaf_weight=73 1533 96 70 77 51 306 175 41 676 45 41 75 497 108
leaf_count=73 1533 96 70 77 51 306 175 41 676 45 41 75 497 108
internal_value=-0.000406728 2.13341e-05 0.00138305 0.00234667 0.004 -0.000790482 -0.000556005 0.00198261 -0.000736095 0.00108597 -0.00102361 -0.000211912 0.000111282 -0.000173268
internal_weight=3864 1827 294 224 128 2037 1731 114 1617 220 1397 721 646 605
internal_count=3864 1827 294 224 128 2037 1731 114 1617 220 1397 721 646 605
is_linear=0
shrinkage=0.03


Tree=245
num_leaves=15
num_cat=0
split_feature=39 14 7 27 37 48 80 25 25 41 19 17 60 82
split_gain=0.681312 1.00241 1.28264 1.98349 1.35932 2.71687 1.23226 0.931743 0.902839 1.09505 0.743091 0.720136 0.68537 1.0162
threshold=1906.7528096026003 455.63683804149679 2673.3798137340277 0.87077798861480094 1490.1578054820959 84.292435765266433 1.4507950544357302 0.91277173913043486 0.90260840108401097 -35.534977197647088 270.00000000000006 32.500000000000007 275.40367996692663 43.433822194735221
decision_type=8 8 8 10 10 10 10 10 10 8 10 2 10 10
left_child=1 2 4 -4 12 6 -6 -8 -5 -10 -3 -11 -1 -14
right_child=-2 10 3 8 5 -7 7 -9 9 11 -12 -13 13 -15
leaf_value=-0.11725007928977529 -0.05474643671820735 -0.44829219828251865 0.2406044107147442 -0.030733431486119778 -0.40355811222835547 0.95693358632943326 0.71733857935150314 -0.082962951914604469 0.92453924276864041 -0.060684395403338622 0.0052593008578809353 0.39041720311502764 -0.35226583335816447 0.034297965494887776
leaf_weight=723 2050 250 65 134 130 52 42 42 40 42 61 74 87 116
leaf_count=723 2050 250 65 134 130 52 42 42 40 42 61 74 87 116
internal_value=-0.000412894 3.22683e-06 0.000315891 0.00189607 -0.00015591 0.00173034 0.000223255 0.00303529 0.000824742 0.00236943 -0.00154808 0.000871794 -0.00069903 0.000838235
internal_weight=3908 1858 1547 355 1192 266 214 84 290 156 311 116 926 203
internal_count=3908 1858 1547 355 1192 266 214 84 290 156 311 116 926 203
is_linear=0
shrinkage=0.03


Tree=246
num_leaves=15
num_cat=0
split_feature=67 41 83 81 28 62 45 28 45 48 79 33 14 28
split_gain=0.5634 0.978791 1.53632 0.956238 0.638005 0.813264 0.78052 0.775497 1.21023 1.04889 0.924591 0.822161 2.16622 2.56339
threshold=-147.85418197465319 -94.766748785972581 -139.23711800575254 3832.0189039707188 215.50000000000003 0.13484574985745026 8.5000000000000018 230.50000000000003 7.5000000000000009 -15.722171227137247 30.851612822748645 14.803610930383867 325.87649212131106 275.50000000000006
decision_type=8 8 10 10 2 10 8 2 8 10 10 10 10 2
left_child=-1 2 -2 -4 6 7 -3 8 -6 -9 11 12 -11 -14
right_child=1 4 3 -5 5 -7 -8 9 -10 10 -12 -13 13 -15
leaf_value=-0.36049688331601598 0.25746598974835289 -0.24595959633885889 0.20023498639397377 -0.087190569647335792 1.096921840053759 -0.10857848934897391 -0.012172788383417026 -0.33127922902693163 0.091649530652759145 -0.067828513719189507 0.27947393564971412 -0.024264053680318209 1.0944345661963721 0.015160751292996696
leaf_weight=300 52 887 40 149 43 245 1142 173 145 113 46 342 74 96
leaf_count=300 52 887 40 149 43 245 1142 173 145 113 46 342 74 96
internal_value=-0.000348493 -0.000242673 0.00159917 0.000331578 -0.000377382 0.000147887 -0.000707882 0.00051694 0.00225397 0.00012781 0.000665178 0.000359424 0.00155282 0.00368421
internal_weight=3847 3547 241 189 3306 1277 2029 1032 188 844 671 625 283 170
internal_count=3847 3547 241 189 3306 1277 2029 1032 188 844 671 625 283 170
is_linear=0
shrinkage=0.03


Tree=247
num_leaves=15
num_cat=0
split_feature=79 66 0 1 74 25 24 50 5 69 63 17 42 38
split_gain=0.681164 0.610305 0.708439 0.630948 0.874571 0.88906 1.33648 0.774324 0.932878 0.702884 0.6427 0.630991 0.747934 0.586714
threshold=1089.513089851014 604.12421393394482 401.50000000000006 627.41329634189617 47.499793762746727 0.90508365508365518 39.500000000000007 2384.2843724489217 1951.8231589794161 746.3994327310711 -159.46135917936206 36.500000000000007 80.911804437637343 1186.0077683036841
decision_type=10 10 2 2 8 10 2 10 10 10 10 2 8 10
left_child=1 2 3 4 -1 6 11 8 9 -5 13 -6 -13 -7
right_child=-2 -3 -4 7 5 10 -8 -9 -10 -11 -12 12 -14 -15
leaf_value=0.19678420917351624 -0.50828596474804455 -0.31488681924795425 0.067487051053811919 -0.020557280663507184 -0.10334771991497406 -0.6630207779013666 0.64309094848658599 -0.52961655436928856 0.37225166789061276 0.28683105524369723 -0.21697243269682956 0.0081073237723492935 0.55172139716019397 0.28043945551907029
leaf_weight=48 110 133 53 2673 98 49 51 129 69 49 160 120 51 64
leaf_count=48 110 133 53 2673 98 49 51 129 69 49 160 120 51 64
internal_value=-0.00038647 -0.00031777 -0.000243984 -0.000295621 0.000556074 0.000237373 0.00130841 -0.000482712 -0.00037715 -0.000464929 -0.00101825 0.000455555 0.00155232 0.000710526
internal_weight=3857 3747 3614 3561 641 593 320 2920 2791 2722 273 269 171 113
internal_count=3857 3747 3614 3561 641 593 320 2920 2791 2722 273 269 171 113
is_linear=0
shrinkage=0.03


Tree=248
num_leaves=15
num_cat=0
split_feature=38 71 56 3 84 28 37 85 60 52 60 42 79 70
split_gain=0.610068 1.08529 1.46341 1.02358 0.839012 1.06988 0.740048 0.943103 1.66574 0.620393 1.02645 0.502984 0.794621 0.477979
threshold=3180.9716239725954 6.5000000000000009 2.4758145014444994 0.45833333334303467 -40.23731076717376 362.50000000000006 1617.9512934338545 7.2406205336252869 54.33006155490876 46.969131231307991 167.17685556411746 173.16005635261538 11.12752555072244 0.93095238095238109
decision_type=10 10 10 2 8 2 8 8 8 10 8 10 10 10
left_child=13 2 -2 -3 5 9 7 -6 -9 -5 -11 -8 -13 -1
right_child=1 3 -4 4 6 -7 11 8 -10 10 -12 12 -14 -15
leaf_value=-0.017436692503110158 -0.13543849345944298 0.43065408357919394 0.84720285016876806 -0.69895001277286251 -1.1084280230287034 0.58784795450093796 -0.21313744483011346 0.43470088540006829 -0.088642647066257046 0.14500543546482175 -0.020361212443560116 -0.040470242025625047 0.19444603951177569 -0.14672141867777377
leaf_weight=1197 40 40 40 95 58 43 471 51 77 67 84 92 40 1438
leaf_count=1197 40 40 40 95 58 43 471 51 77 67 84 92 40 1438
internal_value=-0.000581378 -2.00174e-05 0.00333333 -0.000262735 -0.000439296 0.000941379 -0.00094557 0.000705882 0.00213953 0.00017004 0.00136184 -0.0014553 0.00018045 -0.000836495
internal_weight=3833 1198 80 1118 1078 289 789 186 128 246 151 603 132 2635
internal_count=3833 1198 80 1118 1078 289 789 186 128 246 151 603 132 2635
is_linear=0
shrinkage=0.03


Tree=249
num_leaves=15
num_cat=0
split_feature=3 68 4 79 27 51 17 3 81 14 81 26 38 42
split_gain=0.676928 0.661294 0.775459 0.912427 0.938597 0.856851 2.01867 1.33665 1.49516 1.37809 1.64604 1.30736 1.46266 1.19285
threshold=23.208333333343038 -0.21852772146808633 6.5000000000000009 5.3339509685466515 0.862622549019608 187.54545378685 35.000000000000007 15.375000000000002 8456.1572152376193 230.51019556499912 4632.2083827257165 86.500000000000014 635.21722990706223 47.527288794517524
decision_type=2 8 2 10 10 8 2 2 10 10 8 2 10 10
left_child=1 -1 3 -3 -5 7 -7 -4 9 10 -9 12 -11 -10
right_child=-2 2 5 4 -6 6 -8 8 13 11 -12 -13 -14 -15
leaf_value=-0.02531526139896248 -0.29993990800229098 -0.31029354843885226 -0.04843626476472835 -0.30716663670511923 0.0071359480912458985 0.9892055471074821 -0.00062961519083336748 0.45056588570035816 -1.0190265396286438 -0.13160233441753405 0.091675329002607164 -0.0009382834047288348 0.53653809154612031 0.10589752566152411
leaf_weight=230 125 322 1330 135 666 49 132 51 133 43 67 331 122 95
leaf_count=230 125 322 1330 135 666 49 132 51 133 43 67 331 122 95
internal_value=-0.000337422 -0.000263826 -0.000160484 -0.00080872 -0.000265587 0.000149107 0.00212637 -1.65677e-05 0.000918149 0.0016878 0.00458823 0.000989939 0.00316265 -0.00115284
internal_weight=3831 3706 3476 1123 801 2353 181 2172 842 614 118 496 165 228
internal_count=3831 3706 3476 1123 801 2353 181 2172 842 614 118 496 165 228
is_linear=0
shrinkage=0.03


Tree=250
num_leaves=15
num_cat=0
split_feature=4 9 0 81 81 76 63 7 60 32 71 64 25 63
split_gain=0.667156 0.54787 0.746156 0.703237 1.09116 1.01331 0.834065 1.46867 0.714378 1.49429 0.685027 0.5724 0.856536 0.485438
threshold=10.500000000000002 570.00000000000011 401.50000000000006 4450.1530262231836 4282.5274147987375 350.30984318256384 2.3922823057297076 4551.8125488102496 -68.570379853248582 0.16172624237140368 15.500000000000002 4.5847448583859167 0.90342013214146921 232.28841183114147
decision_type=2 2 2 10 10 10 10 10 8 10 10 10 10 10
left_child=1 2 3 4 8 6 10 11 9 -1 -5 -8 -13 -10
right_child=-2 -3 -4 5 -6 -7 7 -9 13 -11 -12 12 -14 -15
leaf_value=-0.79465059669856253 0.20437308502861642 -0.093776602836832729 0.083711394318002216 -0.24813785582796444 0.65683068089277907 0.46831093056867185 -0.11730860983781584 0.54508491910140333 -0.00057895929210100905 0.48676772715846639 0.020356892458292995 0.30110219780471842 -0.056411614002885704 -0.1054308319796218
leaf_weight=43 50 557 40 843 42 68 414 50 1194 73 60 63 88 242
leaf_count=43 50 557 40 843 42 68 414 50 1194 73 60 63 88 242
internal_value=-0.000467869 -0.000513765 -0.000363242 -0.000414965 3.00933e-05 -0.000862004 -0.00102304 -0.000170455 -0.000100451 0.00215385 -0.00160288 -0.000609541 0.000967105 -0.000283926
internal_weight=3827 3777 3220 3180 1594 1586 1518 615 1552 116 903 565 151 1436
internal_count=3827 3777 3220 3180 1594 1586 1518 615 1552 116 903 565 151 1436
is_linear=0
shrinkage=0.03


Tree=251
num_leaves=15
num_cat=0
split_feature=76 17 66 40 40 38 23 0 2 53 28 31 83 31
split_gain=0.925141 0.922265 0.568202 0.572296 0.532686 1.01686 0.66696 0.563507 0.653551 0.588231 1.02312 0.636906 0.894643 0.893059
threshold=-42.405506014823906 13.500000000000002 -321.72467041015619 27.012872208461499 36.630507273040308 1604.228670386475 5.7453938722610483 -87.499999999999986 1.0000000180025095e-35 22.500000000000004 285.50000000000006 25.017933723196887 -112.61937785148619 23.07628205128206
decision_type=8 2 8 10 10 10 10 2 2 8 2 8 8 10
left_child=-1 -2 -3 -4 5 6 -5 -6 9 11 -11 13 -13 -9
right_child=1 2 3 4 7 -7 -8 8 -10 10 -12 12 -14 -15
leaf_value=0.052979916938257543 -0.38100166943648278 -0.96128586951203998 -0.33809316714619336 -0.30204739489792309 -0.29999940422711702 0.75887282256450428 0.10239977551634151 -0.002438759626513787 -0.25262587434201267 -0.042589931797073766 0.49821206262353368 0.52928515766003392 -0.23625685930215062 0.60795964848354778
leaf_weight=43 210 74 268 52 262 42 42 2078 188 72 40 40 342 90
leaf_count=43 210 74 268 52 262 42 42 2078 188 72 40 40 342 90
internal_value=-0.000439387 -0.000489346 -0.000375941 -0.000320729 -0.000210527 0.00162044 -0.000126316 -0.000291038 -0.000168363 -4.73158e-05 0.0020708 -0.000141122 -0.00126893 5.80906e-05
internal_weight=3843 3800 3590 3516 3248 136 94 3112 2850 2662 112 2550 382 2168
internal_count=3843 3800 3590 3516 3248 136 94 3112 2850 2662 112 2550 382 2168
is_linear=0
shrinkage=0.03


Tree=252
num_leaves=15
num_cat=0
split_feature=67 41 81 39 39 56 14 71 0 56 37 71 44 66
split_gain=0.564927 0.565658 1.84008 0.711107 1.18406 0.927409 0.767253 1.06094 0.67456 0.670897 0.779818 1.20023 1.0329 1.11139
threshold=-188.17690091729165 -85.930968284606919 3706.1434942483907 1193.6626356383256 1824.832297019462 -108.48933132489522 529.0739941642554 13.500000000000002 13.500000000000002 -48.874988794326775 1455.9562634672532 4.5000000000000009 42.698042154312141 -159.57808005809781
decision_type=8 10 8 10 10 8 8 8 2 10 10 10 10 10
left_child=-1 2 -2 -4 5 -5 -6 -8 -3 -10 -11 -12 -13 -14
right_child=1 8 3 4 6 -7 7 -9 9 10 11 12 13 -15
leaf_value=-0.5339768295148829 0.58865308783790982 -0.112221326309648 -0.14320931526504985 0.015028089727631751 -0.28864071665510999 0.96772490088480989 -0.2812744923972727 0.17473675593316515 0.4356961121866339 -0.056000512785314496 0.83583100266988164 -0.097583050422684864 -0.08189613970674034 0.24865150425973231
leaf_weight=184 44 1087 176 43 126 50 42 44 40 1116 48 291 201 318
leaf_count=184 44 1087 176 43 126 50 42 44 40 1116 48 291 201 318
internal_value=-0.000393598 -0.000311002 0.000598859 5.60159e-05 0.000931372 0.00373404 -0.00030986 0.00186207 -0.000465184 -0.000139951 -0.000218735 0.000461 0.000184956 0.000986538
internal_weight=3810 3626 525 481 305 93 212 86 3101 2014 1974 858 810 519
internal_count=3810 3626 525 481 305 93 212 86 3101 2014 1974 858 810 519
is_linear=0
shrinkage=0.03


Tree=253
num_leaves=15
num_cat=0
split_feature=85 85 51 45 28 48 63 26 26 68 62 69 85 36
split_gain=0.789226 0.642401 0.897667 0.722419 1.61427 1.14337 0.718686 1.10265 1.03041 1.52648 1.33792 0.823192 1.19008 1.11301
threshold=165.59136895338696 1.7560592889785787 358.94444298744207 6.5000000000000009 396.50000000000006 88.75630215803784 247.92815998648439 85.500000000000014 94.500000000000014 -0.14441149522393734 -0.003697590284536163 141.54477351639176 137.42886225382492 0.23836580086580089
decision_type=10 8 10 10 2 10 10 2 2 10 10 10 8 10
left_child=1 2 3 -1 5 -5 7 -3 9 -9 -11 -10 -13 -14
right_child=-2 6 -4 4 -6 -7 -8 8 11 10 -12 12 13 -15
leaf_value=-0.63189308037761105 -0.078424515725558183 -0.033504417247779653 1.5177076028106478 -0.28431861684025189 0.47364251409058888 0.16506859316999381 -0.12682120414168413 0.41737596462826465 0.0018875901974041466 -0.056768078577842065 0.87713723874231675 -0.034320633427699268 0.045305504083123976 1.2494548661169702
leaf_weight=371 480 800 40 623 43 86 311 43 741 64 63 74 40 41
leaf_count=371 480 800 40 623 43 86 311 43 741 64 63 74 40 41
internal_value=-0.000298352 -0.000134691 -0.000703609 -0.0008621 -0.000326694 -0.000671832 0.000169421 0.000392072 0.00102343 0.00315789 0.00147656 0.000615384 0.00259615 0.00508537
internal_weight=3820 3340 1163 1123 752 709 2177 1866 1066 170 127 896 155 81
internal_count=3820 3340 1163 1123 752 709 2177 1866 1066 170 127 896 155 81
is_linear=0
shrinkage=0.03


Tree=254
num_leaves=15
num_cat=0
split_feature=29 33 25 84 39 52 71 26 80 15 1 66 29 39
split_gain=0.523268 1.23822 0.914021 0.921802 0.771932 0.651058 0.636055 1.23544 0.81392 0.575441 0.896451 1.6219 0.774455 1.27972
threshold=0.91389144142716827 20.36739130434783 0.95199692780337952 47.810947577158622 3375.480070074595 16.541173338890079 15.500000000000002 161.50000000000003 -92.14047002792357 1.5000000000000002 614.27329885959637 -325.7490980625152 0.9278478740319025 2748.083243408289
decision_type=10 10 10 10 10 10 10 2 8 2 2 10 10 10
left_child=6 5 3 4 -3 -2 -1 8 -8 -7 11 -11 13 -12
right_child=1 2 -4 -5 -6 9 7 -9 -10 10 12 -13 -14 -15
leaf_value=-0.056005719282175015 -0.34709407839705342 0.6733654877768156 -0.17088267316907568 -0.14623140233017931 0.15329383030558591 -0.3846735769086031 0.48565179364166278 0.37331929431758282 -0.085755190228863992 0.83188219275291586 0.25966264107726039 -0.033913691377709283 -0.03990241057544143 -0.27005075578139492
leaf_weight=1741 194 61 55 42 80 216 40 43 207 48 213 60 702 94
leaf_count=1741 194 61 55 42 80 216 40 43 207 48 213 60 702 94
internal_value=-0.000352384 2.54806e-05 0.00203347 0.00304891 0.00420422 -0.000288613 -0.000680611 0.000618556 -0.000205646 -5.17249e-05 0.000222718 0.00280734 -5.64364e-05 0.00119805
internal_weight=3796 1765 238 183 141 1527 2031 290 247 1333 1117 108 1009 307
internal_count=3796 1765 238 183 141 1527 2031 290 247 1333 1117 108 1009 307
is_linear=0
shrinkage=0.03


Tree=255
num_leaves=15
num_cat=0
split_feature=22 24 77 32 68 70 70 77 45 75 53 48 40 69
split_gain=0.627602 0.749025 1.25344 1.14952 1.38092 0.956907 0.588272 0.911797 1.3596 2.75598 0.815907 0.807598 0.753042 0.716451
threshold=1.0757622718811037 55.500000000000007 50.850534498691566 0.27842377260981915 -0.059921641398814042 0.19375000000000003 0.90454545454545465 -146.72816359996793 7.5000000000000009 590.19047796726238 11.500000000000002 -72.558961311976091 4535.7301658969418 -222.05656469284932
decision_type=2 2 8 10 10 8 10 10 8 10 10 10 10 10
left_child=-1 6 3 4 -3 -4 7 8 9 -2 11 -10 -12 -8
right_child=1 2 5 -5 -6 -7 13 -9 10 -11 12 -13 -14 -15
leaf_value=-0.074867726603119744 2.0520069330836024 0.64607253860648262 0.26403658811450048 -0.03518124616769553 0.080879412536975226 -0.12715992538707385 -0.23335242940269171 -0.11222550459912116 0.054426781166399166 -0.020014702927711132 0.35062528192502501 -0.084909721250023801 0.019943530803288798 -0.022653031979267376
leaf_weight=552 44 41 45 49 59 188 268 512 140 67 40 240 59 1497
leaf_count=552 44 41 45 49 59 188 268 512 140 67 40 240 59 1497
internal_value=-0.000324304 -0.000165231 0.00108094 0.00322 0.0050495 -0.000294873 -0.000331591 0.000212148 0.00101523 0.00399107 0.000318749 -0.000314961 0.00273 -0.000671009
internal_weight=3801 3249 382 149 100 233 2867 1102 590 111 479 380 99 1765
internal_count=3801 3249 382 149 100 233 2867 1102 590 111 479 380 99 1765
is_linear=0
shrinkage=0.03


Tree=256
num_leaves=15
num_cat=0
split_feature=77 54 72 72 48 72 15 32 43 60 0 85 28 3
split_gain=0.67125 0.733307 0.656707 1.1232 2.35051 0.703867 0.648721 0.923463 1.00617 0.875204 0.939792 0.80768 1.6065 1.11998
threshold=-291.74999999999994 630.00000000000011 76.637621164321914 42.419218420982368 62.622362295786552 1.0000000180025095e-35 34.500000000000007 0.43614130434782611 15.029813630428155 545.25383734703075 102.50000000000001 -33.682548801104225 354.50000000000006 15.458333333343036
decision_type=8 10 10 10 10 10 2 8 10 10 2 8 2 2
left_child=1 -1 3 5 -5 6 7 8 -2 -9 -11 12 -10 -13
right_child=2 -3 -4 4 -6 -7 -8 9 11 10 -12 13 -14 -15
leaf_value=0.074136088070441697 0.57862211780025385 -0.80855017761046077 -0.19881939161084433 -0.11563230815304672 2.5556671672578677 -0.097318568212318893 -0.10042578642102505 -0.074699981973295096 -0.63832755243196448 0.071549089044936412 -0.40981881701872702 0.0025832528335997195 0.36155013767938843 0.15232325802294555
leaf_weight=67 40 214 94 44 42 229 354 877 387 96 51 813 42 478
leaf_count=67 40 214 94 44 42 229 354 877 387 96 51 813 42 478
internal_value=-0.000303997 -0.00171277 -0.00019194 -0.000124205 0.00324138 -0.000211105 -9.36611e-05 6.03224e-05 0.000477001 -0.00065561 0.00147973 0.000366066 -0.000760466 0.000740711
internal_weight=3828 281 3547 3453 86 3367 3138 2784 1760 1024 147 1720 429 1291
internal_count=3828 281 3547 3453 86 3367 3138 2784 1760 1024 147 1720 429 1291
is_linear=0
shrinkage=0.03


Tree=257
num_leaves=15
num_cat=0
split_feature=77 73 85 77 56 85 85 62 85 41 66 39 39 81
split_gain=0.507093 0.767581 0.648442 1.57997 0.993212 0.678132 1.8465 1.47918 0.780315 0.774483 0.804942 0.549306 0.702316 1.23184
threshold=-291.74999999999994 6.6408193111419687 -234.17826902866361 -87.414005398750291 -116.69433482487995 -124.07147747278212 -145.48938655853269 0.12976021255896378 -33.682548801104225 -90.091878294944749 -152.39769208431241 267.44720411579345 2733.3051758392598 4450.1530262231836
decision_type=8 8 8 10 8 8 10 8 8 8 8 10 10 10
left_child=1 -1 3 -2 -4 6 7 -6 -7 -10 -11 -12 13 -13
right_child=2 -3 4 -5 5 8 -8 -9 9 10 11 12 -14 -15
leaf_value=0.23637050672668433 -0.16141576921068426 -0.58186222328284565 -0.4678878939463062 1.039909787989155 -1.2541593031363725 -0.30614531526479949 0.34062905690531292 1.371153307539839 0.40781785199620446 -0.3443899658455184 -0.36314350596917488 0.1334210736279979 -0.028504459135769742 -0.019739616973571267
leaf_weight=78 61 194 259 40 79 317 56 43 78 152 187 753 974 538
leaf_count=78 61 194 259 40 79 317 56 43 78 152 187 753 974 538
internal_value=-0.00042441 -0.00167033 -0.000328152 0.00202941 -0.000398022 -0.000252046 0.0015419 -0.000536586 -0.000359001 -0.000192323 -0.000280999 -0.000149206 -1.98595e-05 0.000438854
internal_weight=3809 272 3537 101 3436 3177 178 122 2999 2682 2604 2452 2265 1291
internal_count=3809 272 3537 101 3436 3177 178 122 2999 2682 2604 2452 2265 1291
is_linear=0
shrinkage=0.03


Tree=258
num_leaves=15
num_cat=0
split_feature=14 77 41 48 28 50 62 79 17 33 79 79 43 8
split_gain=0.867708 0.970226 1.50777 0.743826 0.862596 1.08007 0.735809 1.10038 0.803487 1.64588 0.708986 1.11951 0.848366 1.15589
threshold=296.6507547109357 -43.542308747768395 4.6045364141464242 51.597572882970177 165.50000000000003 180.91653537750247 0.039101609545326189 899.52824566542233 16.500000000000004 18.59348290598291 18.429738558499334 14.704154158890129 94.225558978172444 4.1507830371045387
decision_type=8 10 10 10 2 10 8 8 2 10 10 10 8 8
left_child=1 6 -3 -4 -5 -6 7 -1 -8 10 11 12 -10 -14
right_child=-2 2 3 4 5 -7 8 -9 9 -11 -12 -13 13 -15
leaf_value=-0.27629760124856795 -0.043720583463257384 0.76076317374392821 -0.57431883522298677 -0.27618907940357418 0.30735349304900755 -0.038206188498809565 -1.0014452443132431 0.19045654170539564 -0.29434578298123193 0.42320897205930269 -0.26242959153702416 0.64105154234924666 0.16684570853536906 -0.083549470715596666
leaf_weight=443 2440 76 48 52 49 52 87 66 102 40 139 41 137 68
leaf_count=443 2440 76 48 52 49 52 87 66 102 40 139 41 137 68
internal_value=-0.000531112 6.42391e-05 0.00165108 0.000282178 0.00130519 0.00291176 -0.000328293 -0.00117059 0.000370731 0.000812499 0.000325819 0.00104871 0.00041883 0.00152913
internal_weight=3840 1400 277 201 153 101 1123 509 614 527 487 348 307 205
internal_count=3840 1400 277 201 153 101 1123 509 614 527 487 348 307 205
is_linear=0
shrinkage=0.03


Tree=259
num_leaves=15
num_cat=0
split_feature=60 83 45 83 60 29 33 28 28 45 75 81 84 59
split_gain=0.749154 0.697661 0.651801 0.768646 1.35834 0.764906 0.615954 0.734402 1.00189 1.14159 1.32437 1.64648 1.0971 0.849236
threshold=837.75383734703075 -2.422505140304565 7.5000000000000009 -208.64871227741239 6.8580247163772592 0.87431563201196727 26.560442890442893 231.50000000000003 208.50000000000003 6.5000000000000009 743.50000000000011 9584.3833498954791 24.982596874237064 117.52777552604677
decision_type=10 8 8 8 10 10 10 2 2 10 10 8 10 10
left_child=2 -2 5 4 -4 -1 7 8 9 10 11 13 -10 -7
right_child=1 -3 3 -5 -6 6 -8 -9 12 -11 -12 -13 -14 -15
leaf_value=-0.60409823296561482 0.099193975941287621 -0.023373951714596868 0.80475557340733606 -0.01298596374288917 -0.43166361332960668 -1.4726143619629679 0.10428586848938615 -0.14025990406209773 -0.11510045582744793 -0.76398977736962492 -0.94469075642019706 0.74406588887352865 0.92086585121512832 0.064342170303084006
leaf_weight=228 40 74 40 2320 60 59 40 391 64 213 89 76 47 82
leaf_count=228 40 74 40 2320 60 59 40 391 64 213 89 76 47 82
internal_value=-0.000402459 0.00198261 -0.000476281 -0.000185874 0.00237624 -0.00102093 -0.000680792 -0.000824854 -0.000190175 -0.000744231 0.000429967 0.00169266 0.00238393 -0.000232395
internal_weight=3823 114 3709 2420 100 1289 1061 1021 630 519 306 217 111 141
internal_count=3823 114 3709 2420 100 1289 1061 1021 630 519 306 217 111 141
is_linear=0
shrinkage=0.03


Tree=260
num_leaves=15
num_cat=0
split_feature=65 74 83 56 82 61 25 68 83 23 85 82 23 53
split_gain=0.642777 0.674803 0.673553 0.741919 0.713866 1.43974 1.60176 1.90046 1.22909 0.751482 0.788405 0.722556 0.762439 1.04596
threshold=1.1735353986299786 2434.5028029732798 77.600713968276992 -181.32317801316574 106.90746714671455 0.048185831588004734 0.91864313292884736 0.054774927968916552 -21.933028578758236 1.9433181285858157 -218.10801780223844 -154.71361529827115 4.2400196790695199 22.500000000000004
decision_type=10 10 10 8 10 10 10 8 10 10 8 8 10 8
left_child=1 2 3 -1 9 -6 7 -7 -8 -5 -11 -12 -13 -14
right_child=-2 -3 -4 4 5 6 8 -9 -10 10 11 12 13 -15
leaf_value=0.29163529420064493 -0.55400948279511797 -0.23353483521389498 -0.038673499425214121 -0.096821810659056207 -0.028109121019001985 1.0268910661717665 0.12014942058108355 0.22640316997759349 -0.33950389828002964 -0.50746967688542843 0.65310321171875418 0.085987095699582156 -0.031349409695693609 0.2168492716312462
leaf_weight=49 155 184 592 519 125 41 42 40 47 91 42 538 1190 170
leaf_count=49 155 184 592 519 125 41 42 40 47 91 42 538 1190 170
internal_value=-0.000325406 -0.000245166 -0.00015142 3.7305e-05 -2.63535e-05 0.00136824 0.00315789 0.00618293 0.000366666 -0.000188162 7.23418e-05 0.000200927 0.000113743 -0.000264512
internal_weight=3825 3670 3486 2894 2845 295 170 81 89 2550 2031 1940 1898 1360
internal_count=3825 3670 3486 2894 2845 295 170 81 89 2550 2031 1940 1898 1360
is_linear=0
shrinkage=0.03


Tree=261
num_leaves=15
num_cat=0
split_feature=14 77 81 73 38 30 73 57 64 40 8 77 28 77
split_gain=0.537269 0.921998 0.920601 1.0605 1.45372 0.767355 0.71731 0.698751 0.807354 0.616921 0.608473 0.927431 1.4971 0.904418
threshold=316.92622101155365 -254.6864638328552 11326.027888894083 -12.315823197364805 2594.5632551622789 12.750000000000002 4.6150530576705941 10.500000000000002 3.9840886472198696 38.553667209180723 3.3113228411366467 -149.14443445205686 232.50000000000003 -111.05397963523863
decision_type=8 8 10 8 10 10 8 10 10 10 8 10 2 10
left_child=1 6 3 4 -3 9 -1 -7 -9 -5 11 12 -11 -12
right_child=-2 2 -4 5 -6 7 -8 8 -10 10 13 -13 -14 -15
leaf_value=0.012348768076228457 -0.035946959243292304 0.04309028213296115 -0.26269287310487893 -0.040889174757059027 0.74537199013378364 -0.069821223455542189 -0.88441516995561253 0.12031299242116428 -0.064782644706243439 0.56699739910249436 -0.059539647188529492 0.053289742922475847 0.011908612536691737 0.34508400514796156
leaf_weight=50 2229 55 194 97 45 376 142 54 67 74 169 137 58 86
leaf_count=50 2229 55 194 97 45 376 142 54 67 74 169 137 58 86
internal_value=-0.00037011 4.85974e-05 0.000314224 0.00062018 0.00356436 0.000353887 -0.00189637 -0.000524097 0.00145082 0.00105627 0.00146286 0.00245555 0.0042406 0.000410156
internal_weight=3833 1604 1412 1218 100 1118 192 497 121 621 524 269 132 255
internal_count=3833 1604 1412 1218 100 1118 192 497 121 621 524 269 132 255
is_linear=0
shrinkage=0.03


Tree=262
num_leaves=15
num_cat=0
split_feature=43 42 72 22 44 72 15 34 62 26 69 60 52 53
split_gain=0.609272 0.617235 0.592852 0.599383 0.510211 0.823429 0.880472 0.844625 0.719467 0.587967 0.599629 0.558203 0.646953 1.07266
threshold=11.278484205491464 -234.04894626140592 76.637621164321914 0.1025601625442505 33.961335062980659 40.323201417922981 1.5000000000000002 0.21089696071163827 -0.11217950365255722 168.50000000000003 746.3994327310711 975.62286269664776 1342.1707023382189 17.500000000000004
decision_type=8 8 10 2 8 10 2 8 10 2 8 10 10 10
left_child=-1 -2 3 -3 9 6 7 8 -6 10 -5 12 13 -8
right_child=1 2 -4 4 5 -7 11 -9 -10 -11 -12 -13 -14 -15
leaf_value=0.063610656549949698 0.058065020506169872 -0.26682217433093147 -0.5502996083002617 -0.18848087525589111 -0.066205905760320927 1.2108243541017547 -0.002975904337543456 -0.45176528265889559 0.13395017845788137 0.052132467615648118 0.15987489292588702 0.063394234161385871 -0.15123398983917888 0.71141218684460561
leaf_weight=97 59 161 86 546 45 43 1910 294 70 106 42 76 194 42
leaf_count=97 59 161 86 546 45 43 1910 294 70 106 42 76 194 42
internal_value=-0.000406416 -0.000468572 -0.000518529 -0.000458074 -0.000372218 -0.000183926 -0.0002519 -0.00152927 0.000646551 -0.0010964 -0.00146689 -1.6195e-05 -0.000106195 5.8371e-05
internal_weight=3771 3674 3615 3529 3368 2674 2631 409 115 694 588 2222 2146 1952
internal_count=3771 3674 3615 3529 3368 2674 2631 409 115 694 588 2222 2146 1952
is_linear=0
shrinkage=0.03


Tree=263
num_leaves=15
num_cat=0
split_feature=2 51 75 70 35 14 77 14 39 65 41 84 68 26
split_gain=0.541888 0.829548 0.908561 0.719745 1.02628 0.75448 0.862133 0.635739 0.967076 0.597699 0.697982 1.34151 0.586251 0.607907
threshold=1.0000000180025095e-35 542.44134294986736 618.38592791557323 0.71008403361344552 8.0844541910331404 688.33603743154015 -202.1419001817703 313.39081141872032 564.44711977080988 1.1735353986299786 -176.93770289421079 69.213865935802474 0.039853671532549408 175.50000000000003
decision_type=2 8 10 8 8 10 10 10 10 10 10 8 10 2
left_child=1 3 -3 4 -1 12 -7 8 -2 10 11 -5 13 -6
right_child=7 2 -4 9 5 6 -8 -9 -10 -11 -12 -13 -14 -15
leaf_value=0.35678673929738186 -0.31673469560137002 1.2931201187438754 -0.85033021207957382 0.4580522588833506 -0.18077054152053715 0.22490668036382533 -0.0025636593019410722 -0.23425242080371256 0.10735966397647918 -0.8303363967022549 -0.020619569765185697 -0.14461782705870282 0.096891055090585473 0.15603164916845033
leaf_weight=49 47 62 44 43 169 40 64 164 56 145 2806 42 58 52
leaf_count=49 47 62 44 43 169 40 64 164 56 145 2806 42 58 52
internal_value=-0.000344353 -0.000246714 0.00235514 -0.000326896 0.000817551 0.000289062 0.00245714 -0.00164552 0.000201922 -0.000489958 -0.000395229 0.00226744 -0.000525001 -0.00122973
internal_weight=3841 3574 106 3468 432 383 104 267 103 3036 2891 85 279 221
internal_count=3841 3574 106 3468 432 383 104 267 103 3036 2891 85 279 221
is_linear=0
shrinkage=0.03


Tree=264
num_leaves=15
num_cat=0
split_feature=0 84 61 42 43 14 39 77 37 34 22 72 72 8
split_gain=0.756071 1.35685 0.97648 0.656599 0.678012 1.09994 0.762 0.60225 0.612887 0.582667 0.503298 0.441175 0.840974 0.578583
threshold=248.50000000000003 -122.68316225210823 0.15791012161668103 -234.04894626140592 11.278484205491464 310.81481067560577 2054.4928767943197 2.8389582037925725 1584.9022778259175 0.2965856481481482 0.85646033287048351 76.637621164321914 42.419218420982368 0.63150081989989304
decision_type=2 10 8 8 10 8 10 8 10 8 2 10 10 10
left_child=3 7 -3 -1 5 -5 -7 -2 -9 -4 -6 12 13 -12
right_child=1 2 9 4 10 6 -8 8 -10 -11 11 -13 -14 -15
leaf_value=0.071052476145310683 -0.72076355237411827 0.21523828382032986 0.40377429134244791 0.3519578628130719 -0.11425163736625486 -0.43405579223593183 0.12311874792660064 0.028752957734146094 -0.070718909854284459 -0.038440988146819371 -0.26388478406104454 -0.60375981103353793 1.0778094243650793 -0.010373717607328999
leaf_weight=57 80 41 45 58 339 74 40 62 48 64 257 61 65 2532
leaf_count=57 80 41 45 58 339 74 40 62 48 64 257 61 65 2532
internal_value=-0.000292626 0.00105572 0.00317881 -0.000424513 -0.00047797 0.0013526 -0.000365218 -0.000628273 0.00081081 0.00166364 -0.000575116 -0.000447532 -0.000392995 -0.000472044
internal_weight=3823 340 150 3483 3426 172 114 190 110 109 3254 2915 2854 2789
internal_count=3823 340 150 3483 3426 172 114 190 110 109 3254 2915 2854 2789
is_linear=0
shrinkage=0.03


Tree=265
num_leaves=15
num_cat=0
split_feature=84 62 1 0 79 43 75 52 30 7 7 17 81 81
split_gain=0.574062 0.601372 0.705919 1.74077 1.01524 1.92825 1.18277 1.45957 0.872927 1.48669 1.32904 0.849225 0.753863 0.713686
threshold=217.70695833365127 -0.082207587478339519 659.08346462249767 238.50000000000003 3877.6318845283399 205.9213045895701 1233.3798408508303 168.01142919063571 1.0500000000000003 2573.2302857545951 2984.1549194858785 39.500000000000007 8242.9177157878894 7311.4504338502893
decision_type=10 10 2 2 8 8 8 10 10 10 10 2 8 10
left_child=1 2 3 4 6 -6 7 -1 9 11 -11 -4 13 -8
right_child=-2 -3 8 -5 5 -7 12 -9 -10 10 -12 -13 -14 -15
leaf_value=-0.042268421896992307 -0.59744459469304734 -0.03538174000424562 -0.24057015317055372 0.58521296161810288 0.54961487533602926 0.0084429826293494492 -0.028853206876835097 0.7894519002841125 -0.057962008176719024 0.36658414680244034 0.012731592615856307 0.14319843555727679 -0.2712544693127748 0.99010015430078724
leaf_weight=57 123 1886 160 47 43 123 224 61 701 40 76 75 161 52
leaf_count=57 123 1886 160 47 43 123 224 61 701 40 76 75 161 52
internal_value=-0.000242037 -0.000174805 0.000214167 0.000905071 0.00053601 0.00258683 -8.0936e-05 0.00257143 -0.000290599 0.000928977 0.00369231 -0.000444916 -0.000801371 0.000151624
internal_weight=3829 3706 1820 768 721 166 555 118 1052 351 116 235 437 276
internal_count=3829 3706 1820 768 721 166 555 118 1052 351 116 235 437 276
is_linear=0
shrinkage=0.03


Tree=266
num_leaves=15
num_cat=0
split_feature=81 9 51 63 3 80 9 56 25 82 35 34 3 81
split_gain=0.748219 1.21196 1.21044 1.13029 0.803289 0.997442 2.10803 0.944065 1.57956 0.798222 0.764276 1.20248 1.1917 0.881518
threshold=5175.3435243368158 330.00000000000006 542.44134294986736 -56.783581299441188 11.125000000000002 30.415309309959415 150.00000000000003 95.322244564692198 0.89596861471861489 -41.105708201726266 5.336477987421385 0.16247642991829042 18.375000000000004 3679.0364328622823
decision_type=10 2 10 10 2 8 2 10 10 10 8 8 2 8
left_child=1 3 -2 10 7 6 -6 -5 -9 -8 -1 -12 13 -13
right_child=2 -3 -4 4 5 -7 9 8 -10 -11 11 12 -14 -15
leaf_value=-0.020007912270018337 -0.065672455766380478 -0.13723248213191669 2.1961004193919242 -0.37390721895339446 0.75244806664187103 -0.008357242998534499 0.14438745141675446 0.57519258368905157 -0.037132880351530444 -0.80183451942836714 -0.045567420151518039 -0.05820436913544972 0.50126589122100917 0.13855979940738078
leaf_weight=156 1579 502 41 258 51 330 41 42 132 45 186 86 69 338
leaf_count=156 1579 502 41 258 51 330 41 42 132 45 186 86 69 338
internal_value=-0.000323568 3.21852e-05 -0.000814313 0.000408068 -0.000330001 0.000532051 0.00267391 -0.00126097 0.000445714 -0.000206897 0.00120215 0.00163676 0.00241093 0.00180706
internal_weight=3856 2236 1620 1734 899 467 137 432 174 86 835 679 493 424
internal_count=3856 2236 1620 1734 899 467 137 432 174 86 835 679 493 424
is_linear=0
shrinkage=0.03


Tree=267
num_leaves=15
num_cat=0
split_feature=79 29 75 72 8 31 0 37 52 23 24 80 9 27
split_gain=0.786708 0.860794 1.42785 0.87113 0.851193 1.24486 0.738338 0.691343 0.924412 0.550373 0.601581 1.52865 1.07135 0.557718
threshold=5.3339509685466515 0.95545634920634936 738.56861829757702 -0.75809442996978749 4.7587986378724585 16.893201754385966 248.50000000000003 238.99077042156185 2510.8893816471104 14.726701140403749 21.500000000000004 60.570403456687934 330.00000000000006 0.94466316710411202
decision_type=8 10 8 10 10 10 2 10 10 10 2 10 2 8
left_child=6 3 -3 9 7 -6 -1 8 -4 10 11 12 -2 -12
right_child=1 2 4 -5 5 -7 -8 -9 -10 -11 13 -13 -14 -15
leaf_value=-0.15241040187938293 0.098917771695642379 1.3056365730853345 0.15395405500523107 -0.19389451289510434 0.61812479636691176 -0.44512868266690492 0.027616200424877436 -0.2951507194968942 -0.35757269123305513 -0.13222231025433601 -0.0046575598765927892 0.66979431360194042 -0.78835814504806268 -0.32304453808915828
leaf_weight=433 64 69 75 316 45 43 40 224 52 436 1793 40 60 157
leaf_count=433 64 69 75 316 45 43 40 224 52 436 1793 40 60 157
internal_value=-0.000520011 -0.000359112 0.000777995 -0.000560866 0.000143181 0.00276404 -0.00166456 -0.000519887 0.00124219 -0.000376324 -0.000175887 0.00156364 -9.60007e-05 -0.000322912
internal_weight=3847 3374 508 2866 439 88 473 351 127 2550 2114 164 124 1950
internal_count=3847 3374 508 2866 439 88 473 351 127 2550 2114 164 124 1950
is_linear=0
shrinkage=0.03


Tree=268
num_leaves=15
num_cat=0
split_feature=40 60 80 75 51 35 14 81 33 3 77 60 29 67
split_gain=0.514803 0.53669 0.816893 0.545561 0.730343 0.585313 1.94172 0.683878 0.885518 1.00544 1.02604 1.78293 0.92647 0.642885
threshold=23.647329506458252 837.75383734703075 16.336725234985355 895.78712701797497 308.56582868099218 1.4002659574468088 315.77787558579763 5070.6015328168878 17.117857142857144 11.541666666656967 -165.26840126514432 85.701100111007705 0.44033059697325078 215.06761027384209
decision_type=10 10 10 10 10 8 8 10 10 2 10 8 10 8
left_child=-1 3 -3 4 5 6 -2 -7 9 10 11 -9 -10 -14
right_child=1 2 -4 -5 -6 7 -8 8 12 -11 -12 -13 13 -15
leaf_value=-0.28662199867799637 0.68175476944994573 -0.23428409989280094 0.14829067652100655 -0.77653809923189943 1.0903869620931932 -0.0024393002822626704 -0.022203096631340045 0.93866703637472115 0.487653279380378 -0.32014376566695596 -0.5670407234997038 -0.031046371465574676 -0.13969018140902945 0.14093001835010796
leaf_weight=254 47 41 65 110 53 1864 91 40 46 628 106 41 238 161
leaf_count=254 47 41 65 110 53 1864 91 40 46 628 106 41 238 161
internal_value=-0.000392235 -0.000298132 0.00179439 -0.000363398 -0.00029403 -0.000351211 0.00155396 -0.000435841 -0.000975417 -0.0015625 0.000367021 0.00289024 0.000100896 -0.000367501
internal_weight=3785 3531 106 3425 3315 3262 138 3124 1260 815 187 81 445 399
internal_count=3785 3531 106 3425 3315 3262 138 3124 1260 815 187 81 445 399
is_linear=0
shrinkage=0.03


Tree=269
num_leaves=15
num_cat=0
split_feature=81 9 81 77 85 29 74 75 5 77 85 77 64 82
split_gain=0.645885 0.836569 0.824981 1.04029 1.39044 0.882793 0.730943 0.729185 1.58689 1.33017 1.55535 0.800481 1.10221 1.10745
threshold=5024.683819413186 270.00000000000006 4282.5274147987375 -170.43623745441434 61.235074341297157 0.93142977757074663 1442.9936929534053 1233.3798408508303 1082.5054835081103 -69.801007568836198 -133.67049274841943 -167.721780359745 5.106168162565071 35.288372953732811
decision_type=10 2 10 10 8 10 8 8 10 8 10 10 10 10
left_child=1 2 6 -4 -5 -6 -1 8 9 -2 -11 12 13 -9
right_child=7 -3 3 4 5 -7 -8 11 -10 10 -12 -13 -14 -15
leaf_value=0.085324730598661205 -0.25053532930027245 -0.063028448275132626 -0.80297114314899465 0.67290644525227383 -0.004458658901452018 0.62337852380710745 -0.0025183795054851744 -0.18639800713454552 1.9343038139301889 0.36215638560261854 -0.05500011063374749 -0.28362616803134016 0.41893303549065747 0.35744555378869963
leaf_weight=44 195 608 41 49 70 43 1349 263 40 60 49 827 59 147
leaf_count=44 195 608 41 49 70 43 1349 263 40 60 49 827 59 147
internal_value=-0.00046346 -0.000127892 0.000232936 0.00201471 0.00309202 0.00123684 -2.79778e-05 -0.000914077 0.000313043 -0.000432788 0.00220909 -0.00123978 -0.000248937 -0.00080292
internal_weight=3844 2204 1596 203 162 113 1393 1640 344 304 109 1296 469 410
internal_count=3844 2204 1596 203 162 113 1393 1640 344 304 109 1296 469 410
is_linear=0
shrinkage=0.03


Tree=270
num_leaves=15
num_cat=0
split_feature=22 45 22 5 22 71 77 82 36 9 75 3 51 22
split_gain=0.650025 0.682124 0.740265 0.75068 0.662204 0.743578 1.53314 1.60087 1.37336 0.662763 0.947521 0.644129 0.989021 1.19998
threshold=1.0000000180025095e-35 17.500000000000004 5.0054835081100473 58.452861785888679 7.1303247213363656 4.5000000000000009 -146.72816359996793 44.427120010058097 0.41486424298205254 630.00000000000011 107.15816259384157 12.541666666656967 103.1989827156067 11.426078677177431
decision_type=2 8 2 10 2 10 8 10 8 2 10 2 10 2
left_child=-1 4 -3 -4 5 6 7 -2 -8 10 -7 12 13 -6
right_child=1 2 3 -5 11 9 8 -9 -10 -11 -12 -13 -14 -15
leaf_value=-0.2418640391173614 -0.0823156787061015 -0.077598863743241042 0.24889949454889332 -0.17208636998221419 -0.11960846785754307 -0.015409972411381685 0.40047860818188119 0.60390614371813378 -0.29101549689769773 -0.31511190197773048 0.44403208691679413 -0.17509158198705771 0.26656530113156263 0.025582488053490265
leaf_weight=149 44 95 146 40 233 1745 44 61 177 126 74 660 76 168
leaf_count=149 44 95 146 40 233 1745 44 61 177 126 74 660 76 168
internal_value=-0.000443866 -0.000365041 0.00105319 0.00214973 -0.000482254 -0.00018618 0.00113761 0.00410377 -0.000283784 -0.000408531 -0.000262089 -0.00107294 -0.000232218 -0.000828359
internal_weight=3838 3689 281 186 3408 2271 326 105 221 1945 1819 1137 477 401
internal_count=3838 3689 281 186 3408 2271 326 105 221 1945 1819 1137 477 401
is_linear=0
shrinkage=0.03


Tree=271
num_leaves=15
num_cat=0
split_feature=29 14 29 39 45 61 34 56 31 8 83 27 33 67
split_gain=0.685839 0.740533 1.62672 0.680696 1.8225 1.20745 0.999602 1.36369 0.88658 1.31821 1.70719 0.932563 0.916006 0.81254
threshold=0.47772697207603604 529.0739941642554 0.19138741378257954 1906.7528096026003 8.5000000000000018 0.9383358852641267 0.10690476190476192 -1.0000000180025095e-35 11.827500000000002 3.8732310360510218 -39.440051913261406 0.90132150930273014 7.0847826086956536 119.26038452456979
decision_type=8 8 10 10 10 10 8 8 10 10 10 10 8 8
left_child=1 -1 -3 4 6 8 7 -2 12 10 -10 -11 -6 -5
right_child=3 2 -4 13 5 -7 -8 -9 9 11 -12 -13 -14 -15
leaf_value=0.00067130215969541914 -0.44554230657204141 -0.15341214845705328 0.68749524461025791 -0.25463609622149352 0.029146330747035296 0.42527235120040474 -0.041870204185288293 0.43927373827405064 0.90250485103037548 0.61490886269448908 0.029168829501712394 -0.43838741662794317 -0.14946052946390748 -0.018989032816202105
leaf_weight=232 47 48 42 618 102 50 1157 41 55 41 65 71 115 1110
leaf_count=232 47 48 42 618 102 50 1157 41 55 41 65 71 115 1110
internal_value=-0.000319368 0.0010031 0.0032967 -0.00044227 -2.40695e-05 0.001506 -0.000638042 0.00242697 0.00100667 0.00229184 0.00446281 -5.30981e-05 -0.00037156 -0.000864084
internal_weight=3794 322 90 3472 1744 499 1245 88 449 232 120 112 217 1728
internal_count=3794 322 90 3472 1744 499 1245 88 449 232 120 112 217 1728
is_linear=0
shrinkage=0.03


Tree=272
num_leaves=15
num_cat=0
split_feature=77 56 83 56 37 59 1 8 11 14 68 60 80 3
split_gain=0.538586 0.565608 0.925873 0.913761 1.88345 1.35993 1.00998 1.1075 0.8751 0.957619 1.00834 0.742625 0.881579 0.781805
threshold=106.79547423124315 36.759046196937568 -208.64871227741239 65.995601574579894 1909.5748289996243 66.52870881557466 641.84361076354992 3.2517200487726696 330.00000000000006 234.10194847143859 0.15972952114217492 -128.72500991821286 -30.380624413490292 9.7083333333430364
decision_type=10 8 8 10 10 10 2 10 2 10 10 10 8 2
left_child=1 2 -1 4 5 6 7 -3 9 10 -5 -4 -13 -14
right_child=-2 3 11 8 -6 -7 -8 -9 -10 -11 -12 12 13 -15
leaf_value=0.46949590324377549 -0.14303067817549353 -0.44898103762077252 -0.29158734967634553 0.0030763410980305132 0.48269800385053069 0.4277033421015391 -0.15022623420677256 0.36766329774204892 -0.2801828084979196 -0.017123947648152886 0.39871393402857702 -0.30478676678542738 -0.080390005929126387 0.014161811945463265
leaf_weight=61 203 47 531 99 74 59 292 80 337 767 42 296 316 582
leaf_count=61 203 47 531 99 74 59 292 80 337 767 42 296 316 582
internal_value=-0.000456299 -0.000370815 -0.000748742 5.00485e-06 0.00101989 0.000325678 -0.000278572 0.00194531 -0.000445426 3.96032e-05 0.00230282 -0.000877753 -0.000461925 6.67337e-06
internal_weight=3786 3583 1786 1797 552 478 419 127 1245 908 141 1725 1194 898
internal_count=3786 3583 1786 1797 552 478 419 127 1245 908 141 1725 1194 898
is_linear=0
shrinkage=0.03


Tree=273
num_leaves=15
num_cat=0
split_feature=77 1 73 79 14 54 77 77 85 32 28 23 65 70
split_gain=0.571155 0.568021 0.513382 0.641346 1.0294 0.617266 1.00312 1.29359 1.13753 0.943412 1.29044 0.787973 0.830371 0.826017
threshold=106.79547423124315 789.24851906299602 9.7615275382995623 15.190675172892931 268.89878196464218 690.00000000000011 -43.542308747768395 -218.04855072498319 8.5078893105189035 0.23205128205128209 183.50000000000003 4.2400196790695199 1.073153121836999 0.88562091503267981
decision_type=10 2 10 8 10 10 10 10 10 8 2 10 10 10
left_child=1 2 5 -4 -5 6 7 8 9 -1 -11 12 13 -7
right_child=-2 -3 3 4 -6 11 -8 -9 -10 10 -12 -13 -14 -15
leaf_value=-0.1528510180246089 -0.17088179237451295 -0.22716672627411005 -0.21462409904251445 0.25294339168643587 -0.076380106886023577 0.13911094570152183 1.0129756727165389 -0.29457372267951604 0.73678689463273062 0.011503031609145812 0.27213112058877775 -0.038408677744251385 0.3068825377343708 -0.011868948966104461
leaf_weight=110 187 162 347 52 151 216 66 238 47 111 62 1428 62 578
leaf_count=110 187 162 347 52 151 216 66 238 47 111 62 1428 62 578
internal_value=-0.000414092 -0.000330488 -0.000249064 -0.00108893 0.000249999 -9.04426e-05 0.000737007 0.000326889 0.00154078 0.00081338 0.00218965 -0.000320351 0.000399066 0.000135848
internal_weight=3817 3630 3468 550 203 2918 634 568 330 283 173 2284 856 794
internal_count=3817 3630 3468 550 203 2918 634 568 330 283 173 2284 856 794
is_linear=0
shrinkage=0.03


Tree=274
num_leaves=15
num_cat=0
split_feature=27 43 38 41 84 85 41 66 29 72 44 69 8 61
split_gain=0.774924 0.688434 0.847487 0.546103 1.41226 0.531068 0.839903 0.637595 0.794118 0.780323 0.741691 0.73108 0.652805 0.834745
threshold=0.97362624623232097 11.278484205491464 3020.4541332829026 -176.93770289421079 73.222546617190048 -24.627312620480854 -94.766748785972581 327.06145203113562 0.93761446886446898 56.029533982276924 30.256864905357364 413.48453026472936 3.2626060070629843 0.61503941224368641
decision_type=10 10 8 8 8 8 8 8 10 8 8 10 10 10
left_child=1 2 -1 4 -3 -5 -7 11 -9 -10 -11 12 -8 -14
right_child=-2 3 -4 5 -6 6 7 8 9 10 -12 -13 13 -15
leaf_value=-0.018745641631926959 -0.10638893754757364 0.49210791899918405 0.44188494723883942 -0.24774478750678031 -0.31514913493235236 0.24859474499710052 -0.3300719328025119 -0.074090991861937683 0.47828804100943473 0.05107830565017283 -0.023619668866871096 0.29535719413098999 -0.013195232394973047 0.3133380548489072
leaf_weight=66 407 57 44 792 55 79 82 1092 40 41 187 49 600 228
leaf_count=66 407 57 44 792 55 79 82 1092 40 41 187 49 600 228
internal_value=-0.000580367 -0.000432465 0.00189189 -0.000510446 0.00153982 -0.00058289 -0.000360151 -0.000464225 -0.000881705 0.000579925 -0.000104804 0.000128124 -6.58624e-05 0.000188178
internal_weight=3819 3412 110 3302 112 3190 2398 2319 1360 268 228 959 910 828
internal_count=3819 3412 110 3302 112 3190 2398 2319 1360 268 228 959 910 828
is_linear=0
shrinkage=0.03


Tree=275
num_leaves=15
num_cat=0
split_feature=4 83 84 58 28 82 16 77 35 81 33 83 33 17
split_gain=0.573026 0.552051 1.31089 2.06586 0.588707 0.731628 0.691401 1.23267 1.62523 1.09319 1.39373 1.7298 1.015 1.33481
threshold=10.500000000000002 -208.64871227741239 -267.95753725369769 23.281450629234318 147.50000000000003 -19.532269040743504 14.500000000000002 -211.71267640590665 14.134300061488011 3862.6455700397496 10.812000000000003 50.283302903175361 11.985326086956526 37.500000000000007
decision_type=2 8 10 10 2 8 2 8 10 10 8 8 10 2
left_child=1 2 -1 -4 -3 -6 7 8 -7 10 -9 -12 -13 -14
right_child=-2 4 3 -5 5 6 -8 9 -10 -11 11 12 13 -15
leaf_value=-0.16166584250398094 0.14778328918895897 -0.11865018124568148 1.1134672226879356 -0.16208097272891606 -0.20000388252269655 0.83519938356778223 -0.014323359987820685 -0.11045777370373464 0.073565810918365976 -0.096443610239865016 0.89666521174850311 0.8523949411352687 0.14671871741112341 -0.61643510970241022
leaf_weight=111 52 866 45 77 593 52 1022 100 97 436 46 42 225 74
leaf_count=111 52 866 45 77 593 52 1022 100 97 436 46 42 225 74
internal_value=-0.00038135 -0.000424611 0.000987179 0.00312195 -0.000517446 -0.000297992 -3.43683e-05 0.000497669 0.00302 8.76616e-05 0.00106352 0.00187887 0.00113158 0.000509999
internal_weight=3838 3786 233 122 3553 2687 2094 1072 149 923 487 387 341 299
internal_count=3838 3786 233 122 3553 2687 2094 1072 149 923 487 387 341 299
is_linear=0
shrinkage=0.03


Tree=276
num_leaves=15
num_cat=0
split_feature=70 77 28 49 3 1 7 3 3 39 7 27 25 27
split_gain=0.548945 1.17579 1.57545 1.66554 2.03564 0.966413 0.959949 0.873123 0.723528 0.654019 1.13176 1.36186 0.957153 1.1072
threshold=0.67708333333333337 -102.10408639907835 134.50000000000003 6.5000000000000009 12.625000000000002 644.09319531917583 3594.3783239747522 15.541666666656967 8.6250000000000018 2160.097873081073 2656.046618781997 0.87077798861480094 0.89699381078691431 0.90336728919071885
decision_type=10 10 2 8 2 2 8 2 2 10 10 10 10 10
left_child=1 2 6 4 -4 -6 -1 8 -8 10 -2 -12 -13 -14
right_child=9 -3 3 -5 5 -7 7 -9 -10 -11 11 12 13 -15
leaf_value=-0.11924229934224942 -0.04273172800486854 -0.15681607110054346 1.3923752495012667 -0.010510588874813227 0.32337879628326799 -0.008292797141075137 0.44407604215119606 0.37145695767347653 -0.25480576140649064 -0.077822558226665881 0.31785996933204441 -0.034083388137183868 0.62241526193830732 0.021024527554908072
leaf_weight=234 1114 291 60 81 41 72 50 49 42 1277 73 189 48 178
leaf_count=234 1114 291 60 81 41 72 50 49 42 1277 73 189 48 178
internal_value=-0.000409738 0.000228012 0.000957142 0.00277647 0.00443103 0.00202632 -0.000279256 0.00166901 -6.45168e-05 -0.000613542 -0.000209608 0.000993864 0.000324519 0.00163877
internal_weight=3799 920 629 254 173 113 375 141 92 2879 1602 488 415 226
internal_count=3799 920 629 254 173 113 375 141 92 2879 1602 488 415 226
is_linear=0
shrinkage=0.03


Tree=277
num_leaves=15
num_cat=0
split_feature=22 79 50 2 58 71 52 70 26 26 70 82 40 77
split_gain=0.758928 0.589884 0.830708 0.670149 1.2009 0.821301 1.15646 0.811111 0.788957 0.66696 0.646093 0.604916 0.826835 0.714412
threshold=0.99171459674835216 11.956173279112695 2427.5586570501332 1.0000000180025095e-35 1114.5714374780657 4.5000000000000009 77.806914567947402 0.17914438502673799 80.500000000000014 66.500000000000014 0.29705882352941182 -14.672169685363768 1207.9853058364151 -244.4408195018768
decision_type=2 8 10 2 10 10 10 8 2 2 8 8 10 10
left_child=-1 10 3 4 5 6 -3 -6 -7 -8 -2 -10 13 -13
right_child=1 2 -4 -5 7 8 9 -9 11 -11 -12 12 -14 -15
leaf_value=-0.17698578301751766 0.10305699204580092 0.51333025131976207 -0.25304384670393187 -0.1038901159290711 0.011693899803001423 -0.14589298003899154 -0.47808582293884327 0.31397706739783143 -0.53227287025815051 0.25451829776970031 -0.04278485816022886 -0.0036810452128383836 -0.043649841135005314 0.13628789647386924
leaf_weight=397 72 76 80 188 46 416 52 43 195 42 1402 256 166 412
leaf_count=397 72 76 80 188 46 416 52 43 195 42 1402 256 166 412
internal_value=-0.000470604 -0.000327242 1.21635e-05 0.00013946 0.000327272 0.000139232 0.00210526 0.0037 -9.33617e-05 -0.000126316 -0.000781018 0.000352426 0.000704191 0.00117489
internal_weight=3843 3446 1972 1892 1704 1615 170 89 1445 94 1474 1029 834 668
internal_count=3843 3446 1972 1892 1704 1615 170 89 1445 94 1474 1029 834 668
is_linear=0
shrinkage=0.03


Tree=278
num_leaves=15
num_cat=0
split_feature=73 37 71 31 83 75 42 17 41 37 22 52 84 14
split_gain=0.650991 0.650973 1.13717 1.42339 1.18562 1.02489 1.32061 1.61917 1.71755 0.718204 0.952246 0.940206 0.860649 1.39427
threshold=1.9977046251296999 1485.2641194053699 7.5000000000000009 24.027619047619059 -214.63051068782804 287.92976641654974 80.911804437637343 32.500000000000007 -8.7990982532501203 1593.1676339876838 2.9433181285858159 71.281428456306472 32.097188870112113 370.78215971817662
decision_type=10 10 8 8 8 10 10 2 10 10 2 8 10 10
left_child=1 5 3 -3 -4 -1 7 -7 -9 10 -6 -12 -11 -14
right_child=-2 2 4 -5 9 6 -8 8 -10 12 11 -13 13 -15
leaf_value=-0.04341122595499624 -0.081448485815504471 0.75013635204605367 0.44260600708283471 -0.034480220832782814 -0.089756912914905368 -0.0077445005970773438 -0.1841909085427367 0.07945698486132316 0.94089135810512847 -0.089225724832810688 0.84210847465511007 -0.014949415298795102 -0.41107188213739287 0.34710412361557164
leaf_weight=1522 911 56 46 41 56 68 166 40 40 672 56 40 61 65
leaf_count=1522 911 56 46 41 56 68 166 40 40 672 56 40 61 65
internal_value=-0.000421766 -0.000203755 0.000375685 0.00345918 7.22159e-05 -0.000548721 0.00100952 0.0030604 0.00592593 -0.000157729 0.00172549 0.00352577 -0.000518148 0.00174803
internal_weight=3840 2929 1093 97 996 1836 314 148 80 950 152 96 798 126
internal_count=3840 2929 1093 97 996 1836 314 148 80 950 152 96 798 126
is_linear=0
shrinkage=0.03


Tree=279
num_leaves=15
num_cat=0
split_feature=85 1 32 80 50 44 81 81 83 85 58 30 79 63
split_gain=0.434826 0.448318 1.45226 0.602295 0.461981 1.2856 0.714319 0.651753 1.24861 1.01462 0.687476 0.803303 0.897962 0.672791
threshold=374.473062992096 609.24851906299602 0.62828947368421062 9.6947882175445574 122.47222447395326 1721.3331197500231 9137.6071962118167 7444.1175299882898 105.92203414440156 -133.67049274841943 13.69447958469391 14.15 7.3021057920199635 39.432763787139898
decision_type=10 2 10 8 8 10 10 10 8 10 10 10 8 10
left_child=1 2 3 -1 5 6 7 10 9 -9 13 -12 -13 -3
right_child=-2 4 -4 -5 -6 -7 -8 8 -10 -11 11 12 -14 -15
leaf_value=0.18293325057337123 -0.39967413389101647 -0.0063974755691928176 0.99679286276667844 -0.088545669834927884 -0.039282874166345877 0.44862248250794751 -0.4228321926710038 0.30657391895857744 0.76673187981249646 -0.15433661107059729 -0.018056304547834533 0.63430881316881493 0.045432862307671899 -0.15993426135487462
leaf_weight=70 99 816 44 153 1191 52 366 64 43 149 217 54 186 272
leaf_count=70 99 816 44 153 1191 52 366 64 43 149 217 54 186 272
internal_value=-0.000417793 -0.000364601 0.000817163 -0.000174108 -0.000457345 -0.000201352 -0.000314115 -6.82582e-05 0.00133074 0.000378504 -0.000300777 0.000674672 0.00186722 -0.000710745
internal_weight=3776 3677 267 223 3410 2219 2167 1801 256 213 1545 457 240 1088
internal_count=3776 3677 267 223 3410 2219 2167 1801 256 213 1545 457 240 1088
is_linear=0
shrinkage=0.03


Tree=280
num_leaves=15
num_cat=0
split_feature=79 35 70 37 79 36 35 65 1 81 7 81 24 8
split_gain=0.576669 0.558509 1.63691 1.71547 1.08428 0.840298 0.803214 0.49046 0.563176 1.05761 1.75893 1.30367 1.40471 1.27318
threshold=1089.513089851014 20.913519813519819 0.93933823529411775 1952.2527422476257 34.084566773416 0.13359580052493442 92.948611111111106 1.1735353986299786 691.37168741226208 5175.3435243368158 2242.0402723116617 3639.9758070707326 21.500000000000004 3.646927792402987
decision_type=10 10 8 8 8 10 10 10 2 10 8 10 2 10
left_child=1 7 6 5 -5 -4 -3 8 9 10 -1 12 -12 -13
right_child=-2 2 3 4 -6 -7 -8 -9 -10 -11 11 13 -14 -15
leaf_value=-0.11768931107654222 -0.51196444748823444 -0.2419637655245277 0.55464692580928099 -0.084144796266738847 0.28853562635091845 0.38214806261304163 0.097407707169159807 -0.63601525649850144 -0.069840139167755319 -0.076284303666210945 0.083597505835945135 0.38229022048772721 -0.004527527475891505 0.27318525517263897
leaf_weight=378 102 223 42 119 75 40 43 116 841 933 82 63 562 227
leaf_count=378 102 223 42 119 75 40 43 116 841 933 82 63 562 227
internal_value=-0.000464778 -0.000403739 0.000486187 0.00210108 0.000553845 0.00571084 -0.00119101 -0.000554481 -0.000482022 -0.00023375 0.000315308 0.0010139 0.000260464 0.00268041
internal_weight=3846 3744 542 276 194 82 266 3202 3086 2245 1312 934 644 290
internal_count=3846 3744 542 276 194 82 266 3202 3086 2245 1312 934 644 290
is_linear=0
shrinkage=0.03


Tree=281
num_leaves=15
num_cat=0
split_feature=29 51 0 68 53 3 69 3 73 56 79 81 59 1
split_gain=0.659451 0.784823 1.16966 0.566471 0.744768 0.923295 1.44018 0.758736 0.580617 0.747128 0.869892 0.642011 1.25856 0.60186
threshold=0.99190270128507751 577.75507247447979 1.5000000000000002 -0.21505974883563392 6.5000000000000009 8.0416666666569672 -45.298253868426258 7.4583333333430355 -1.2654671669006345 268.21729922294622 26.587214177763652 4690.8336360454568 119.08346462249757 644.09319531917583
decision_type=8 8 2 8 10 2 10 2 10 10 10 10 10 2
left_child=1 3 -3 -1 5 6 -5 -6 9 10 13 12 -10 -9
right_child=-2 2 -4 4 7 -7 -8 8 11 -11 -12 -13 -14 -15
leaf_value=-0.067244844846600441 -0.12918808601586937 -0.0021063946996553421 1.3376926263510032 0.2750512470097623 -0.097975607379228571 -0.243626031099485 -0.026821956327694199 0.23502263206267929 -0.065989830067637215 -0.042346117049107179 -0.19550266434253397 -0.20967573319367341 0.55634707182418019 0.030703055808946191
leaf_weight=247 163 106 43 40 419 623 49 364 156 170 206 273 57 842
leaf_count=247 163 106 43 40 419 623 49 364 156 170 206 273 57 842
internal_value=-0.000389466 -0.000304506 0.00182 -0.000396868 -0.000289688 -0.00114446 0.0017 -4.46149e-05 0.000191396 0.000469993 0.00069639 -0.00071458 0.000518691 0.00100414
internal_weight=3758 3595 149 3446 3199 712 89 2487 2068 1582 1412 486 213 1206
internal_count=3758 3595 149 3446 3199 712 89 2487 2068 1582 1412 486 213 1206
is_linear=0
shrinkage=0.03


Tree=282
num_leaves=15
num_cat=0
split_feature=27 71 50 37 39 83 68 69 52 30 22 27 39 79
split_gain=1.06185 1.40191 2.22229 0.586847 0.910455 1.09231 1.30286 1.35343 1.00013 0.833185 0.945681 0.791991 1.29462 0.783548
threshold=0.9546596619460942 23.500000000000004 1620.9165353775027 976.08841532694669 1473.5192567868955 -14.965274333953856 -0.035212856347909639 40.294756212683978 74.803609251976027 12.850000000000003 5.924535036087037 0.9376765536723165 1021.0968051431593 8.8837217895859464
decision_type=10 8 10 8 10 8 10 10 10 10 2 10 10 10
left_child=1 3 -3 11 5 -5 9 13 -9 10 -7 -1 -13 -8
right_child=-2 2 -4 4 -6 6 7 8 -10 -11 -12 12 -14 -15
leaf_value=-0.078530276167465177 -0.10777790782316893 1.4078891926350177 -0.30992028185751341 -0.14052659256362049 -0.022583945241472485 -0.024697683053077946 0.46630009941692918 -0.15200300833093999 0.42397567571783917 -0.040296713956695908 0.24808799845131535 -0.82150180528139127 0.11861121855225529 0.71589008213255156
leaf_weight=398 649 54 59 252 1815 61 40 87 50 156 57 45 68 48
leaf_count=398 649 54 59 252 1815 61 40 87 50 156 57 45 68 48
internal_value=-0.000413282 -0.00018803 0.00307895 -0.000308968 -0.000123881 0.000753989 0.001566 0.00325221 0.00136956 0.000174545 0.00206723 -0.00123633 0.000973684 0.00613483
internal_weight=3839 3190 113 3077 2566 751 499 225 137 274 118 511 113 88
internal_count=3839 3190 113 3077 2566 751 499 225 137 274 118 511 113 88
is_linear=0
shrinkage=0.03


Tree=283
num_leaves=15
num_cat=0
split_feature=45 37 84 14 37 84 53 39 77 77 85 25 77 14
split_gain=0.892953 0.837952 0.868865 2.06542 0.783812 1.14075 0.777587 0.730461 1.06025 1.03288 1.77502 1.0061 1.00587 1.3179
threshold=17.500000000000004 1327.7521991193612 -160.83437299728391 244.1889478111448 1380.5006441320725 -50.171976606051125 7.5000000000000009 2054.4928767943197 96.784004092216506 -120.16467797756194 23.737472534179691 0.86526825332795487 -235.36567074060437 351.48642561004436
decision_type=10 10 8 10 10 10 8 10 8 10 8 10 8 10
left_child=1 -1 3 -3 5 -4 -6 12 9 -9 -11 -12 -8 -14
right_child=-2 2 4 -5 6 -7 7 8 -10 10 11 -13 13 -15
leaf_value=-0.038267691942329811 0.088848201692887374 0.65967388429190943 0.23314332511219832 -0.23453052914322953 -0.1932970404801769 -0.052654568413382813 -0.44010062437055814 -0.12721443838964422 -0.20745512289249607 0.33075015223029747 0.34086709249857905 -0.031476746652416059 0.0033437221920296911 0.82349140682619348
leaf_weight=1834 148 46 59 62 567 73 55 242 176 50 44 208 163 106
leaf_count=1834 148 46 59 62 567 73 55 242 176 50 44 208 163 106
internal_value=-0.000424883 -0.000516821 -6.64154e-05 0.00253211 -0.000228785 0.00198496 -0.000411291 7.46404e-05 -0.000457698 0.000198164 0.00136634 0.000332015 0.00125538 0.00201111
internal_weight=3833 3685 1851 108 1743 132 1611 1044 720 544 302 252 324 269
internal_count=3833 3685 1851 108 1743 132 1611 1044 720 544 302 252 324 269
is_linear=0
shrinkage=0.03


Tree=284
num_leaves=15
num_cat=0
split_feature=29 37 61 25 80 40 48 76 16 49 79 42 42 76
split_gain=0.570603 0.966872 0.946675 1.03787 0.910939 1.13996 1.24775 0.597527 0.602878 1.06188 1.12364 0.657862 1.44358 1.11864
threshold=0.91389144142716827 2910.975422898513 0.29486312374474005 0.86254133207368933 -33.165536522865288 207.27422033834117 1.0000000180025095e-35 266.24217844009405 39.500000000000007 6.5000000000000009 24.084247776707322 -119.44734525680541 -99.649114489555345 395.23195803165441
decision_type=10 10 8 8 8 10 10 8 2 8 10 8 8 8
left_child=7 2 3 -2 -5 6 -6 -1 11 10 -10 -9 -13 -14
right_child=1 -3 -4 4 5 -7 -8 8 9 -11 -12 12 13 -15
leaf_value=-0.18919395931599189 0.48694259878742202 0.13313166947897523 -0.020383081475898682 -0.4733622762098712 0.14206541044775137 0.0013527514909167577 0.62385493547725701 -0.31500639510952155 0.47096052962686746 -0.30345096418164097 -0.050374850827590398 0.39041419376245873 0.078485444979229865 -0.067560559655855751
leaf_weight=194 43 45 1156 89 54 354 41 242 52 91 45 80 64 1255
leaf_count=194 43 45 1156 89 54 354 41 242 52 91 45 80 64 1255
internal_value=-0.00044535 -5.38426e-05 -0.000167435 0.000819587 0.0004564 0.00100667 0.00390625 -0.00079002 -0.000621312 0.000984126 0.00315306 -0.000805725 -0.000555001 -0.000793183
internal_weight=3805 1782 1737 581 538 449 95 2023 1829 188 97 1641 1399 1319
internal_count=3805 1782 1737 581 538 449 95 2023 1829 188 97 1641 1399 1319
is_linear=0
shrinkage=0.03


Tree=285
num_leaves=15
num_cat=0
split_feature=2 53 14 23 17 65 26 38 68 77 27 5 74 71
split_gain=0.751516 0.829476 0.691423 0.644869 0.488211 0.508872 0.608874 0.533331 1.82701 0.849582 1.05719 0.942683 1.70911 1.05842
threshold=1.0000000180025095e-35 17.500000000000004 529.0739941642554 15.212181806564333 5.0000000000000009 1.1735353986299786 148.50000000000003 2487.7218150629637 0.56171430778013531 -118.72150576114653 0.94670611439842223 61.972092390060432 657.53906921321197 8.5000000000000018
decision_type=2 8 10 10 2 10 2 10 8 10 10 10 10 10
left_child=1 3 -3 4 -1 7 -7 -6 9 -9 11 12 13 -11
right_child=-2 2 -4 -5 5 6 -8 8 -10 10 -12 -13 -14 -15
leaf_value=-0.76916263000500606 -0.17446105261742786 0.0017932385648651253 0.70688595036121726 -0.24497972364114595 -0.012280955446690252 -0.61290853050271632 0.048607999999708884 -0.035409601863424178 0.66716684469648768 0.30227236486115178 -0.52516962116838484 -0.024969000172714986 0.21270751242274549 0.045488196611263416
leaf_weight=100 251 90 50 232 1214 120 43 1074 46 59 72 165 41 316
leaf_count=100 251 90 50 232 1214 120 43 1074 46 59 72 165 41 316
internal_value=-0.000451472 -0.000341154 0.00191489 -0.000432387 -0.000322978 -0.000257062 -0.00188415 -0.000167671 0.000164035 5.20762e-06 0.000857797 0.0012835 0.00204316 0.00139628
internal_weight=3873 3622 140 3482 3250 3150 163 2987 1773 1727 653 581 416 375
internal_count=3873 3622 140 3482 3250 3150 163 2987 1773 1727 653 581 416 375
is_linear=0
shrinkage=0.03


Tree=286
num_leaves=15
num_cat=0
split_feature=27 2 77 45 53 35 28 85 8 80 64 68 14 72
split_gain=0.549148 0.674513 0.610531 0.597959 0.67975 1.50811 1.0389 1.41712 1.19783 0.867719 0.726902 1.02392 0.836236 0.812285
threshold=0.97362624623232097 1.0000000180025095e-35 -146.72816359996793 1.5000000000000002 5.5000000000000009 1.4002659574468088 239.50000000000003 -106.22165739536284 4.1761948675895475 172.16384315490725 4.6683992173335414 0.14684692262723634 472.4095040465449 -88.346882700920091
decision_type=8 2 10 10 10 8 2 8 10 10 10 10 10 10
left_child=1 3 -2 -1 -5 -6 10 8 -8 -9 -7 12 13 -12
right_child=2 -3 -4 4 5 6 7 9 -10 -11 11 -13 -14 -15
leaf_value=0.27564475623334705 -0.010824957385856751 -0.14797869325292995 -0.72286448539860615 -0.10922131592601683 0.44646824227027582 -0.074215441512186384 0.66560793057544021 0.027787914240098143 0.038974914392414704 -0.063095212704245701 0.20984954035790224 0.58032139337147259 -0.53434075708178597 -0.19730772562200188
leaf_weight=56 216 173 194 412 70 1583 40 659 40 111 112 40 103 79
leaf_count=56 216 173 194 412 70 1583 40 659 40 111 112 40 103 79
internal_value=-0.000422731 -0.000300087 -0.00145985 -0.000204175 -0.000257539 -9.19669e-05 -0.000202674 0.0006698 0.00444444 0.000272373 -0.000589677 0.000680596 6.10162e-05 0.00123437
internal_weight=3888 3478 410 3305 3249 2837 2767 850 80 770 1917 334 294 191
internal_count=3888 3478 410 3305 3249 2837 2767 850 80 770 1917 334 294 191
is_linear=0
shrinkage=0.03


Tree=287
num_leaves=15
num_cat=0
split_feature=25 26 27 24 29 85 77 46 81 11 39 61 25 43
split_gain=0.665631 1.07503 0.680896 0.867339 0.981872 1.43202 0.846322 0.803229 1.12604 0.582412 0.791644 0.926519 1.35112 1.41621
threshold=0.72570532915360519 182.50000000000003 0.95186515291936991 55.500000000000007 0.92137284725970281 -130.95779585838315 -292.55850327014917 1470.0000000000002 9137.6071962118167 330.00000000000006 1473.5192567868955 0.59104826525518395 0.9225774225774227 301.74384461594087
decision_type=10 2 10 2 10 10 10 10 8 2 10 10 10 10
left_child=1 -1 3 7 6 -6 -5 9 -9 10 11 -2 13 -13
right_child=2 -3 -4 4 5 -7 -8 8 -10 -11 -12 12 -14 -15
leaf_value=-0.21698752859249965 0.00024695881534503387 0.18808507492727305 -0.07196699363957941 0.095535833468983242 0.55937625608876451 0.031934409202829861 -0.1175720270489851 -0.0071093095745313238 0.50026377939943567 -0.3488156465852143 -0.018906959901438956 0.7342960475391862 -0.2593951701446679 0.12961800355477568
leaf_weight=340 369 57 708 59 57 93 93 50 65 396 1369 46 52 64
leaf_count=340 369 57 708 59 57 93 93 50 65 396 1369 46 52 64
internal_value=-0.000399058 -0.0015603 -0.000263881 -4.7532e-05 0.00146535 0.00317881 -0.000235295 -0.000237563 0.00219828 -0.000360471 -0.000142031 0.000840225 0.00272393 0.00459459
internal_weight=3818 397 3421 2713 302 150 152 2411 115 2296 1900 531 162 110
internal_count=3818 397 3421 2713 302 150 152 2411 115 2296 1900 531 162 110
is_linear=0
shrinkage=0.03


Tree=288
num_leaves=15
num_cat=0
split_feature=76 81 62 4 33 33 28 59 79 42 28 22 42 64
split_gain=0.720771 0.741915 1.08439 0.805157 0.795894 1.20646 1.14419 1.24091 1.03555 0.938099 0.883473 0.695108 0.635801 0.595708
threshold=-42.405506014823906 4668.6520421504983 0.14834860474784714 2.5000000000000004 14.453301886792454 13.256503378378381 126.50000000000001 -181.9720923900604 21.930474075216193 14.255678892135622 262.50000000000006 1.2718257904052737 -96.903693079948411 3.9840886472198696
decision_type=8 10 10 2 8 10 2 8 10 8 2 2 8 10
left_child=-1 2 3 -2 5 6 -5 -8 10 -7 12 -6 -9 -13
right_child=1 -3 -4 4 11 9 7 8 -10 -11 -12 13 -14 -15
leaf_value=0.014716255065042471 -0.20798127727842178 -0.052268601104201645 -0.20969098277057469 0.57344807201150094 -0.15461103220765554 0.64707487316399037 0.041798355844794501 0.02750087461741792 0.74106760026915075 0.011601231243511662 0.25284015458265108 0.020403365110208679 -0.13691410040220628 -0.058130944417718586
leaf_weight=40 121 1777 327 47 161 58 60 45 58 56 62 353 371 306
leaf_count=40 121 1777 327 47 161 58 60 45 58 56 62 353 371 306
internal_value=-0.000298205 -0.000340784 5.18255e-05 0.00035668 0.000538022 0.00123879 0.000731366 0.000371859 -8.93862e-05 0.00406956 -0.000551149 -0.000109623 -0.00105036 0.000322727
internal_weight=3842 3802 2025 1698 1577 757 643 596 536 114 478 820 416 659
internal_count=3842 3802 2025 1698 1577 757 643 596 536 114 478 820 416 659
is_linear=0
shrinkage=0.03


Tree=289
num_leaves=15
num_cat=0
split_feature=2 53 25 27 44 8 51 80 56 81 7 8 44 28
split_gain=0.541188 0.650578 1.00224 0.956806 0.763556 0.553725 0.502707 0.617893 1.01559 0.863904 0.798639 1.75517 0.767995 1.02944
threshold=1.0000000180025095e-35 17.500000000000004 0.50280898876404512 0.69678547634910071 1423.0636982917788 4.0355830278074407 651.46575736999523 -34.518487572669976 63.929648637771614 12515.320450901987 2467.6096048272352 1.7081823449234641 93.025752067565932 161.50000000000003
decision_type=2 8 10 10 8 10 8 8 10 8 10 10 10 2
left_child=1 2 -1 -4 -3 -6 7 8 -5 10 11 -10 13 -9
right_child=-2 4 3 6 5 -7 -8 12 9 -11 -12 -13 -14 -15
leaf_value=-0.60590005888359 -0.16439675356080757 0.69424432961255178 0.18471570648296595 -0.35774219077186042 0.072898812548392283 -0.23223380348126216 0.81250308808004279 -0.084675036436965362 -1.5154249396550707 0.28287647470991539 -0.21815483514095638 0.37381523216014156 -0.01792871718221363 0.013410393946574908
leaf_weight=130 246 40 67 508 48 53 40 344 56 40 108 42 1052 1090
leaf_count=130 246 40 67 508 48 53 40 344 56 40 108 42 1052 1090
internal_value=-0.00041449 -0.000321637 -0.000402818 -0.000301972 0.00166901 0.000264705 -0.000374886 -0.000416539 -0.00116821 0.000412955 -0.000376812 0.00157576 -0.000188179 0.000263414
internal_weight=3864 3618 3477 3347 141 101 3280 3240 754 246 206 98 2486 1434
internal_count=3864 3618 3477 3347 141 101 3280 3240 754 246 206 98 2486 1434
is_linear=0
shrinkage=0.03


Tree=290
num_leaves=15
num_cat=0
split_feature=37 83 56 52 56 80 83 14 60 5 28 29 28 70
split_gain=0.611459 1.30851 0.84935 0.983857 1.20465 0.821113 1.21102 0.682277 1.13976 1.40176 0.714148 0.654778 0.65281 1.05991
threshold=1421.6197217675797 -214.63051068782804 -25.962535023689266 62.145050764083869 1.2331361770629885 28.442380547523502 2.0543819665908818 484.00534592793605 104.51244652271272 28.628312587738041 170.50000000000003 0.93246094195461293 147.50000000000003 0.67708333333333337
decision_type=10 8 10 10 10 10 8 10 10 10 2 10 2 10
left_child=12 -2 -3 5 -5 -4 -7 8 9 -6 -11 -9 -1 -14
right_child=1 2 3 4 7 6 -8 11 -10 10 -12 -13 13 -15
leaf_value=-0.17275545251281865 0.43356849598188135 -0.286253139161249 -0.099106133300529503 0.5776347241807418 0.35638030665573639 0.24735379156192669 -0.036938199157875308 -0.068534407534095315 -0.034172254704031624 -0.20394989957742082 0.30107335470569807 0.54594451094067398 0.065203030940010356 -0.018022017108557338
leaf_weight=704 54 436 388 46 67 75 173 147 92 45 50 40 202 1352
leaf_count=704 54 436 388 46 67 75 173 147 92 45 50 40 202 1352
internal_value=-0.000302945 0.000143122 -1.73084e-05 0.000419038 0.00143238 -0.000357929 0.000987951 0.000943438 0.00195294 0.00346012 0.00109375 -0.000430852 -0.000621515 -0.000277814
internal_weight=3871 1613 1559 1123 487 636 248 441 254 162 95 187 2258 1554
internal_count=3871 1613 1559 1123 487 636 248 441 254 162 95 187 2258 1554
is_linear=0
shrinkage=0.03


Tree=291
num_leaves=15
num_cat=0
split_feature=84 33 61 7 48 56 26 18 17 16 31 37 82 71
split_gain=0.602303 0.523571 0.971303 1.11361 0.678956 1.0161 0.788958 0.669559 0.801525 0.936996 0.599101 0.803288 0.565549 0.645218
threshold=217.70695833365127 19.34241379310345 0.016539681691803285 3814.7187051840488 50.451713681221015 62.524496555328376 183.50000000000003 1.0000000180025095e-35 41.500000000000007 7.5000000000000009 21.79807692307693 3135.510503048969 94.87326687574388 14.500000000000002
decision_type=10 10 8 10 10 10 2 2 2 2 10 10 8 8
left_child=1 12 3 -3 6 -6 -4 8 9 10 -7 -12 13 -1
right_child=-2 2 4 -5 5 7 -8 -9 -10 -11 11 -13 -14 -15
leaf_value=-0.092406220566311481 -0.36500423136174581 0.55528803594009279 -0.32530514133044514 -0.047711030354571901 0.19075379051818148 0.28430747618431634 0.16026151354652865 -0.26165040690957936 -0.057773223781191839 0.23555049282890816 -0.36740717420295421 0.16599943660717353 0.0011683791577860336 0.0019958107493934936
leaf_weight=1238 117 42 217 41 44 41 43 49 87 65 61 45 1263 482
leaf_count=1238 117 42 217 41 44 41 43 49 87 65 61 45 1263 482
internal_value=-0.00035584 -0.000288788 0.000427988 0.00346429 3.67527e-05 0.000824427 -0.00114943 0.000275071 0.000809999 0.00180282 0.000466216 -0.000728973 -0.000465483 -0.000819292
internal_weight=3835 3718 735 83 652 392 260 348 299 212 147 106 2983 1720
internal_count=3835 3718 735 83 652 392 260 348 299 212 147 106 2983 1720
is_linear=0
shrinkage=0.03


Tree=292
num_leaves=15
num_cat=0
split_feature=72 77 67 44 80 28 66 77 34 75 48 68 68 15
split_gain=0.688467 0.497812 0.688802 1.03554 0.726853 0.687501 1.2934 1.17719 1.00456 0.817334 1.10512 0.575642 0.926539 0.542202
threshold=-194.42133450508115 106.79547423124315 448.47620174288755 50.285483121871955 243.51602375507358 255.50000000000003 300.83175408840185 -120.41459029912947 0.23845060412224592 281.05993306636816 61.637482484181731 -0.15368873780813311 -0.13709970557503828 40.500000000000007
decision_type=8 10 10 10 10 2 8 8 8 8 10 8 8 2
left_child=-1 2 4 -4 5 11 -7 -8 -9 -10 -11 -2 -13 -14
right_child=1 -3 3 -5 -6 6 7 8 9 10 -12 12 13 -15
leaf_value=0.03847557341213434 -0.20576629551480527 -0.11044793526757136 0.087203662535101562 -0.019340046354419434 -0.36650670282839176 -0.02804441629536468 -0.083425681049711542 0.3842518198955126 -0.039710585305536394 0.031456263025622801 0.40523737926704323 0.025275959948025957 -0.016260330351607722 0.48217360085010635
leaf_weight=68 297 199 62 74 199 308 98 73 61 64 45 61 2164 46
leaf_count=68 297 199 62 74 199 308 98 73 61 64 45 61 2164 46
internal_value=-0.000274084 -0.000328625 -0.000246553 0.00183942 -0.000330115 -0.000220945 0.000650769 0.00192105 0.00303688 0.00175439 0.0033 -0.000441418 -0.00027861 -0.000379919
internal_weight=3819 3751 3552 136 3416 3217 649 341 243 170 109 2568 2271 2210
internal_count=3819 3751 3552 136 3416 3217 649 341 243 170 109 2568 2271 2210
is_linear=0
shrinkage=0.03


Tree=293
num_leaves=15
num_cat=0
split_feature=39 81 3 0 82 61 36 64 70 20 60 51 42 7
split_gain=0.571485 0.674387 1.02139 0.584211 1.44975 0.971079 0.687447 1.27694 0.882012 0.897675 0.836783 0.688468 0.994185 0.684549
threshold=335.76637155128361 6775.2487986087808 15.291666666656967 248.50000000000003 135.40178410212204 0.15791012161668103 0.49691358024691362 3.4566993847784313 0.92582417582417598 106.30552041530611 226.10090732574466 25.073155999183658 28.500583052635196 2656.046618781997
decision_type=10 10 2 2 10 8 10 10 8 10 8 8 10 8
left_child=1 -1 -3 6 5 -5 -2 8 9 10 -8 -10 13 -13
right_child=3 2 -4 4 -6 -7 7 -9 11 -11 -12 12 -14 -15
leaf_value=-0.28452288585758956 -0.021894199161581484 0.75630311763534497 -0.29341184904472067 0.046547310797557931 0.14050380287087924 -0.024871185702931946 0.013208174933397376 0.54372346214460721 -0.064005878294892127 -0.012007212472678561 1.5367002159242549 -0.92204010152013161 0.47583582995299467 0.099426944553405033
leaf_weight=201 2605 43 50 61 57 193 42 41 262 45 40 63 40 76
leaf_count=201 2605 43 50 61 57 193 42 41 262 45 40 63 40 76
internal_value=-0.000297645 -0.0015661 0.000542552 -0.000191436 0.00104808 7.05875e-05 -0.000311665 0.000595081 0.00022144 0.00241406 0.00426506 -0.000414028 0.00101667 -0.000192858
internal_weight=3819 294 93 3525 311 254 3214 609 568 127 82 441 179 139
internal_count=3819 294 93 3525 311 254 3214 609 568 127 82 441 179 139
is_linear=0
shrinkage=0.03


Tree=294
num_leaves=15
num_cat=0
split_feature=48 81 77 60 72 41 39 14 41 1 36 41 23 36
split_gain=0.651604 0.425028 1.15891 1.68335 1.10227 1.15821 0.919995 1.1884 1.07461 0.845382 0.803644 0.803549 1.41799 1.67316
threshold=-185.59599506855008 5111.6478873491296 -170.43623745441434 -15.567252159118651 42.419218420982368 68.230406880378737 965.45711360630082 320.20354254096628 23.587893605232242 687.41329634189617 0.043015726179463469 -90.091878294944749 3.8354868888854985 0.7811529933481155
decision_type=8 10 10 8 10 10 10 10 10 2 8 10 10 8
left_child=-1 2 9 -4 10 -6 -5 8 -8 11 -3 12 -2 -14
right_child=1 4 3 6 5 -7 7 -9 -10 -11 -12 -13 13 -15
leaf_value=0.038928714277543817 -0.36494965513531796 0.29871864981377744 0.65741383538711196 -0.093716128720283565 1.3554109548124096 -0.36342541190811939 0.57459165534973122 -0.0028155623576373032 0.02270521419476413 -0.18852410277274717 -0.077283594582597745 -0.01975315436147804 0.60006649293809888 0.0012526779996708613
leaf_weight=56 65 45 75 201 43 44 47 435 221 353 1404 682 55 66
leaf_count=56 65 45 75 201 43 44 47 435 221 353 1404 682 55 66
internal_value=-0.000341683 -0.000390153 -0.000122672 0.000645918 -0.000772935 0.00248864 0.000285082 0.000796874 0.00236431 -0.000738953 -0.000970346 -0.000234753 0.00150802 0.00341803
internal_weight=3792 3736 2200 979 1536 87 904 703 268 1221 1449 868 186 121
internal_count=3792 3736 2200 979 1536 87 904 703 268 1221 1449 868 186 121
is_linear=0
shrinkage=0.03


Tree=295
num_leaves=15
num_cat=0
split_feature=56 4 56 41 7 80 38 46 84 7 39 7 56 44
split_gain=0.644861 0.652284 0.600651 0.83117 0.620715 1.10404 0.610848 2.71771 0.668895 0.819881 1.31965 0.892838 0.849158 0.850738
threshold=-192.69682474931079 10.500000000000002 -17.989003101984654 -52.181499123573296 3297.6340042390343 161.66694748401645 620.6043858729995 2730.0000000000005 -126.95968397458392 1174.018456582515 588.43481042006499 2189.9867776641709 36.759046196937568 16.988033294677738
decision_type=8 2 10 10 10 10 10 10 8 10 10 10 10 10
left_child=-1 2 4 -4 5 -2 -5 8 -8 10 -10 -11 -13 -14
right_child=1 -3 3 6 -6 -7 7 -9 9 11 -12 12 13 -15
leaf_value=0.038711432675782476 -0.031223369142862476 0.16739165983821241 0.34908736815852764 -0.086548604152303865 -0.30224666170936837 0.46618009303779417 -0.23872103402052014 1.3345745848777519 -0.26387921878225667 -0.25513934473580785 0.35460991185451401 -0.041161421770366351 0.30732365738880968 0.0027799610774418664
leaf_weight=64 909 50 56 430 244 49 252 43 53 198 49 421 129 910
leaf_count=64 909 50 56 430 244 49 252 43 53 198 49 421 129 910
internal_value=-0.000378694 -0.000429363 -0.000475161 -0.000213612 -0.00102743 -0.000681961 -0.000295656 -8.02536e-05 -0.000241431 -3.40723e-05 0.00256311 -0.000195299 6.16009e-05 0.000522115
internal_weight=3857 3793 3743 2541 1202 958 2485 2055 2012 1760 102 1658 1460 1039
internal_count=3857 3793 3743 2541 1202 958 2485 2055 2012 1760 102 1658 1460 1039
is_linear=0
shrinkage=0.03


Tree=296
num_leaves=15
num_cat=0
split_feature=37 78 17 77 48 56 56 77 77 75 38 1 60 8
split_gain=0.551331 1.15288 0.582854 0.920089 1.04761 0.554696 0.89314 0.667233 0.555326 0.518989 1.63296 0.877877 0.802267 1.20809
threshold=2729.6720416163575 0.41666666666666669 16.500000000000004 -51.525978863239281 69.205930431683882 -192.69682474931079 -116.69433482487995 121.64101433753969 -291.74999999999994 1.0000000180025095e-35 2883.6683610365949 691.37168741226208 96.685491442680373 1.3297042227577753
decision_type=10 8 2 8 10 8 8 10 8 10 10 2 10 10
left_child=2 -2 3 -1 -5 -4 -7 8 -8 11 12 -10 -11 -14
right_child=1 -3 5 4 -6 6 7 -9 9 10 -12 -13 13 -15
leaf_value=-0.62326616343680319 0.20892657648696969 -0.0075853875801746001 0.03611504072431633 0.2470155734131686 -0.1362171139067587 -0.35342341808293098 -0.27396181509961554 -0.3959036092932946 0.0017753820796312504 -0.18550664317590215 0.83599103033531263 -0.039783967149478225 0.0021701382320775393 0.30442340340086549
leaf_weight=278 42 147 53 46 70 236 237 139 1656 160 40 549 147 43
leaf_count=278 42 147 53 46 70 236 237 139 1656 160 40 549 147 43
internal_value=-0.000454996 0.00112105 -0.0005368 -0.00162532 0.000615384 -0.000404785 -0.000455425 -0.000313931 -0.000213908 -8.66725e-05 0.000920715 -0.000265187 0.00025641 0.00157068
internal_weight=3843 189 3654 394 116 3260 3207 2971 2832 2595 390 2205 350 190
internal_count=3843 189 3654 394 116 3260 3207 2971 2832 2595 390 2205 350 190
is_linear=0
shrinkage=0.03


Tree=297
num_leaves=15
num_cat=0
split_feature=69 3 24 77 77 67 61 68 71 44 72 28 9 71
split_gain=0.480368 0.818584 0.749153 0.598831 0.791431 0.733541 1.37569 0.75144 0.665192 0.622989 0.868286 1.35712 1.71224 1.28025
threshold=-164.15429313269493 6.5416666666569663 73.500000000000014 12.841655194759371 6.7750534415245065 448.47620174288755 0.082135715188056499 0.22645355324729607 7.5000000000000009 62.915798783302314 45.423985242843635 172.50000000000003 570.00000000000011 14.500000000000002
decision_type=8 2 2 10 10 10 10 10 8 10 10 2 2 10
left_child=1 -1 -3 4 5 7 -7 9 -5 -2 11 -11 13 -13
right_child=3 2 -4 8 -6 6 -8 -9 -10 10 -12 12 -14 -15
leaf_value=0.054043977170293515 -0.045751761251001694 -0.080382918146179455 0.11898129823955853 0.0037777157220444846 0.15972790305866466 0.20261319735370767 -0.060565632864319215 -0.40647229165503479 -0.089905602230689288 -0.048384537270478353 0.33045690458192123 0.074658573933619618 -0.21752817310469902 0.33348255245236469
leaf_weight=41 1033 459 48 84 43 45 71 210 477 652 74 392 124 102
leaf_count=41 1033 459 48 84 43 45 71 210 477 652 74 392 124 102
internal_value=-0.000424015 -0.0012459 -0.00157677 -0.000287486 -0.000104842 -0.000169749 0.00215385 -0.00027473 -0.00117972 -0.000122372 0.000303345 0.000118017 0.00112439 0.00191515
internal_weight=3855 548 507 3307 2746 2703 116 2587 561 2377 1344 1270 618 494
internal_count=3855 548 507 3307 2746 2703 116 2587 561 2377 1344 1270 618 494
is_linear=0
shrinkage=0.03


Tree=298
num_leaves=15
num_cat=0
split_feature=79 79 26 60 84 79 22 52 15 79 28 29 16 73
split_gain=0.595413 0.773939 0.940973 0.683086 0.590278 0.583054 0.57484 0.577821 0.554992 0.566844 0.768755 1.07935 0.94725 0.968836
threshold=6.8419942159652711 7.3021057920199635 99.500000000000014 357.58821022510534 191.74163279930755 1089.513089851014 0.350714921951294 8.1236757040023821 53.500000000000007 11.956173279112695 126.50000000000001 0.97601742919389989 11.500000000000002 -12.786622643470762
decision_type=8 8 2 10 10 10 2 8 2 10 2 10 2 8
left_child=3 2 -2 -1 5 6 -3 -8 9 10 11 -9 -12 -14
right_child=1 4 -4 -5 -6 -7 7 8 -10 -11 12 -13 13 -15
leaf_value=-0.078966125824755665 -0.001662533713591994 -0.17286246744437897 0.15990841099832653 0.0086987602745110752 -0.26468244111748085 -0.35433255074223785 -0.26225209860144177 -0.0097083889063923467 0.41281715874801506 0.022845759261062176 0.0083495390696142723 0.96172922995273169 0.083355874672817756 -0.17051692378972783
leaf_weight=689 40 201 45 52 109 103 57 75 41 1163 482 40 62 689
leaf_count=689 40 201 45 52 109 103 57 75 41 1163 482 40 62 689
internal_value=-0.000372565 -0.000190155 0.00261628 -0.00113612 -0.000269931 -0.000188402 -0.000106724 1.2643e-05 7.99053e-05 2.26904e-05 -0.000395849 0.00193965 -0.000615074 -0.00128059
internal_weight=3848 3107 85 741 3022 2913 2810 2609 2552 2511 1348 115 1233 751
internal_count=3848 3107 85 741 3022 2913 2810 2609 2552 2511 1348 115 1233 751
is_linear=0
shrinkage=0.03


Tree=299
num_leaves=15
num_cat=0
split_feature=67 17 85 51 30 66 17 72 41 56 69 24 31 83
split_gain=0.578063 0.559624 0.934032 0.760994 0.79651 0.968396 0.913801 0.72218 0.701092 0.700462 0.977539 1.42005 0.591038 0.681164
threshold=-188.17690091729165 24.500000000000004 -29.287706613540646 308.56582868099218 1.0500000000000003 263.03048706054693 26.500000000000004 -122.20005810260771 132.35644829273227 -29.711570223172505 -153.47097030073726 24.500000000000004 11.625757575757577 -29.269489645957943
decision_type=8 2 8 10 8 10 2 8 10 8 8 2 10 10
left_child=-1 2 -2 4 5 7 8 -3 -6 10 -4 -12 -11 -14
right_child=1 3 9 -5 6 -7 -8 -9 -10 12 11 -13 13 -15
leaf_value=-0.27107254484964799 -0.60059001087137798 0.56758667453263478 -0.035118726107549854 0.74680025218885504 0.35633124090485258 0.072941070450011289 -0.021242060689658029 0.0016078750752598053 -0.013996202705772497 -0.14099237295740757 -0.099110397708264131 0.8332911419479806 -0.047091123364670362 0.24027865300579093
leaf_weight=183 279 41 41 69 49 55 1785 546 52 290 42 53 279 106
leaf_count=183 279 41 41 69 49 55 1785 546 52 290 42 53 279 106
internal_value=-0.000364248 -0.000282268 -0.00085243 -4.27259e-05 -0.000128115 0.000783825 -0.000438792 0.000423469 0.00232353 -0.000336208 0.00162044 0.00328125 -0.000732249 3.88594e-05
internal_weight=3870 3687 1090 2597 2528 642 1886 587 101 811 136 95 675 385
internal_count=3870 3687 1090 2597 2528 642 1886 587 101 811 136 95 675 385
is_linear=0
shrinkage=0.03


Tree=300
num_leaves=15
num_cat=0
split_feature=44 76 70 77 14 84 13 27 27 42 60 77 30 14
split_gain=0.531912 1.04464 0.576694 1.20594 1.12589 1.08659 0.881651 0.851638 0.888692 2.25898 0.833428 0.771785 0.746681 0.72784
threshold=3299.0995926856999 2677.7980589866643 0.73030303030303034 -146.72816359996793 529.0739941642554 -50.171976606051125 90.000000000000014 0.85404962546816487 0.8700649350649351 -90.474886536598191 32.201367974281318 -181.98115479946134 64.450000000000017 260.08539519642414
decision_type=10 10 10 10 10 10 8 10 10 10 10 8 10 10
left_child=1 2 3 4 5 6 -1 -4 9 -9 -11 -10 -6 -13
right_child=-2 -3 7 -5 12 -7 -8 8 11 10 -12 13 -14 -15
leaf_value=0.050462517910674541 -0.16484306608748223 0.63932548295274771 -0.40916298002870877 -0.10690762268984842 0.42887706298994638 0.38499714671714713 -0.18438121647485262 0.40916074523767482 -0.19064464313082682 -0.3382430385402927 0.049390672962344805 0.010206166075808648 0.033234992793607206 -0.023803712592191838
leaf_weight=114 144 58 226 353 66 83 136 46 585 72 64 550 45 1301
leaf_count=114 144 58 226 353 66 83 136 46 585 72 64 550 45 1301
internal_value=-0.000369147 -0.00029919 -0.000363263 0.000349623 0.00138876 0.000511975 -0.000478088 -0.000563094 -0.000410081 0.00160656 -0.000350366 -0.000561347 0.00399107 -0.0002608
internal_weight=3843 3699 3641 797 444 333 250 2844 2618 182 136 2436 111 1851
internal_count=3843 3699 3641 797 444 333 250 2844 2618 182 136 2436 111 1851
is_linear=0
shrinkage=0.03


Tree=301
num_leaves=15
num_cat=0
split_feature=75 73 68 5 84 81 81 16 29 29 62 30 62 41
split_gain=0.709206 0.587696 1.44533 1.01911 0.668835 0.668654 0.649777 1.66358 0.843697 0.901 0.64009 0.967677 1.23866 0.57615
threshold=1172.5119364261629 1.9977046251296999 -0.37873753989133713 18.156389236450199 39.555125951766975 5175.3435243368158 4225.8326207399377 23.500000000000004 0.89716955941255017 0.93800051252482552 -0.14150732009306982 27.750000000000004 -0.16889713300741474 -123.28939306735991
decision_type=10 8 10 10 10 10 10 2 10 10 8 10 10 8
left_child=1 2 -1 -4 -5 6 10 8 -8 -10 11 12 -3 -12
right_child=-2 5 3 4 -6 -7 7 -9 9 -11 13 -13 -14 -15
leaf_value=1.3345454939049222 -0.1578965630490729 0.0096751172263529143 0.20017274894324827 -0.074581265379762868 0.18594604884892488 -0.036513241580213823 0.37462493670466451 0.38247597558822488 -0.22498239564623559 0.090212066815498232 0.091800076568530009 -0.55498091950874218 0.28327593964903475 -0.014784423770341877
leaf_weight=47 201 110 67 265 76 1256 40 42 149 63 45 47 46 1392
leaf_count=47 201 110 67 265 76 1256 40 42 149 63 45 47 46 1392
internal_value=-0.000215233 -0.00011931 0.000888157 0.000308068 -0.00035965 -0.000263241 8.6821e-05 0.00138305 0.000450592 -0.00030986 -0.000146253 0.00142647 0.00256051 -0.000369264
internal_weight=3846 3645 455 408 341 3190 1934 294 252 212 1640 203 156 1437
internal_count=3846 3645 455 408 341 3190 1934 294 252 212 1640 203 156 1437
is_linear=0
shrinkage=0.03


Tree=302
num_leaves=15
num_cat=0
split_feature=4 66 40 39 45 43 3 3 80 40 80 44 72 81
split_gain=0.655594 0.735035 0.756373 0.628247 0.838988 0.857703 0.823783 0.971322 1.23521 0.830983 0.683975 0.702104 1.44617 1.44566
threshold=6.5000000000000009 311.67719292640692 18954.573970191512 1906.7528096026003 21.500000000000004 12.2976824403697 16.291666666656969 18.875000000000004 141.08551847934726 2062.8966780803175 168.8160529136658 91.433838367462172 -31.984673738479611 8423.7805528640765
decision_type=2 10 10 10 10 8 2 2 8 10 10 10 10 10
left_child=1 2 -1 10 5 -5 -7 8 -8 -9 11 12 13 -2
right_child=3 -3 -4 4 -6 6 7 9 -10 -11 -12 -13 -14 -15
leaf_value=-0.12342175970080288 0.3644842232475991 0.12771782714753069 0.053275696937779102 0.23422607037967036 0.4144721299731628 -0.14534404933426368 0.00059998581642053505 -0.20246595995673 0.51408398594370297 0.14333279005468588 -0.10678429597169584 -0.0038793279176627116 -0.060925538681093488 -0.16747242607743379
leaf_weight=1113 346 49 42 49 70 910 127 298 46 46 138 376 156 89
leaf_count=1113 346 49 42 49 70 910 127 298 46 46 138 376 156 89
internal_value=-0.000525156 -0.00110539 -0.00125865 -0.000261313 -0.000651584 -0.000804334 -0.000939076 1.73738e-05 0.00184483 -0.000904349 0.000284809 0.000567148 0.00121115 0.00209862
internal_weight=3855 1204 1155 2651 1546 1476 1427 517 173 344 1105 967 591 435
internal_count=3855 1204 1155 2651 1546 1476 1427 517 173 344 1105 967 591 435
is_linear=0
shrinkage=0.03


Tree=303
num_leaves=15
num_cat=0
split_feature=22 39 43 48 67 40 81 14 81 63 65 30 56 61
split_gain=0.56549 0.557202 0.631058 0.579945 1.21478 1.01924 0.969459 0.75655 0.739524 0.620978 1.29454 0.758095 1.11652 0.661639
threshold=0.350714921951294 564.44711977080988 4.8693131735429906 38.364022254943855 -20.863396366437286 529.14072702647866 9137.6071962118167 51.094293393301065 8603.4720802307147 -35.985107437906272 0.98342123669968506 6.4500000000000011 -9.1560313701629621 0.0049058931779177341
decision_type=2 10 10 8 8 10 10 10 10 10 8 10 10 10
left_child=-1 -2 -3 5 -5 6 7 -4 9 10 -9 13 -13 -12
right_child=1 2 3 4 -6 -7 -8 8 -10 -11 11 12 -14 -15
leaf_value=-0.21467948809953957 -0.11598920615381217 0.46027688138412948 0.17175157038181502 0.047104295822502959 0.002156362552375848 -0.10901856098932723 -0.75535630006108656 0.33442562736572401 0.49927914134706841 -0.11982677273756735 -0.0065093615962340924 -0.17686259140689717 0.42394038535833245 0.22102903876066116
leaf_weight=251 437 60 41 49 1610 336 208 42 43 254 100 234 74 145
leaf_count=251 437 60 41 49 1610 336 208 42 43 254 100 234 74 145
internal_value=-0.000304248 -0.000208861 -7.13176e-05 -0.000130061 0.000254819 -0.000562247 -0.000133976 0.000279443 9.40642e-05 -0.000102354 0.000427852 3.79054e-05 -0.000951457 0.00128049
internal_weight=3884 3633 3196 3136 1659 1477 1141 933 892 849 595 553 308 245
internal_count=3884 3633 3196 3136 1659 1477 1141 933 892 849 595 553 308 245
is_linear=0
shrinkage=0.03


Tree=304
num_leaves=15
num_cat=0
split_feature=79 60 51 5 79 37 24 7 7 32 80 60 79 39
split_gain=0.542768 1.01062 0.722601 1.39374 0.690247 1.92082 0.563141 0.97448 0.938902 0.829209 0.522301 0.642897 0.519616 0.505849
threshold=6.8419942159652711 288.3193114995957 -2396.5686182975764 2281.0555570125584 7.3021057920199635 1237.0881735548785 41.500000000000007 2520.2442883591152 2255.8569862945228 0.30495169082125612 127.00085854530336 116.01381134986879 2300.2551001535121 115.4020506652742
decision_type=8 10 8 10 8 8 2 10 10 10 10 8 10 10
left_child=1 6 -2 4 5 -4 10 8 -8 -9 -1 -12 13 -6
right_child=2 -3 3 -5 12 -7 7 9 -10 -11 11 -13 -14 -15
leaf_value=-0.27637622393466416 -0.21722908562365054 0.047474461914719809 0.13725930209191384 0.28019540707146401 -0.22705612695696886 -0.30203632455935164 -0.06291372065358336 -0.27989917472974418 0.74562858109392682 0.27080971944012977 0.45592375073235752 -0.21769978076425917 -0.91678501467065576 0.00029738276970636549
leaf_weight=361 125 71 40 53 103 45 48 123 41 40 40 44 56 2646
leaf_count=361 125 71 40 53 103 45 48 123 41 40 40 44 56 2646
internal_value=-0.000215794 -0.000928479 -3.71464e-05 5.80835e-05 -3.11318e-05 0.00261628 -0.00127651 -0.000142293 0.00236667 -0.00151829 -0.00191704 0.000211764 -0.00011226 -5.34553e-05
internal_weight=3836 768 3068 2943 2890 85 697 252 89 163 445 84 2805 2749
internal_count=3836 768 3068 2943 2890 85 697 252 89 163 445 84 2805 2749
is_linear=0
shrinkage=0.03


Tree=305
num_leaves=15
num_cat=0
split_feature=27 6 58 9 74 79 3 3 8 35 3 60 62 26
split_gain=0.628976 1.09829 2.45272 0.639164 0.81447 0.758919 0.534382 2.09082 1.24585 1.11301 0.996641 1.23456 0.980947 1.41378
threshold=0.97189680136896162 1230.0000000000002 572.58670365810406 570.00000000000011 51.172615792667067 1316.0912213955942 16.208333333343038 16.708333333343038 4.1761948675895475 15.025657894736845 11.625000000000002 -77.695678949356065 -0.15750192461484605 75.500000000000014
decision_type=8 10 10 2 8 10 2 2 10 8 2 8 10 2
left_child=1 3 -3 4 -1 6 10 9 -9 -8 11 -6 -10 -14
right_child=-2 2 -4 -5 5 -7 7 8 12 -11 -12 -13 13 -15
leaf_value=0.20865095493204727 -0.12177583053839638 0.73605107909206224 -0.037399355759938399 -0.37353259435957936 0.051284292660170906 -0.66021389953552467 0.57822357377086531 -0.15589341918125649 -0.026589211698591592 0.017079475295317101 -0.12570517912657966 -0.0022321719943107676 0.63059744663092532 0.028761786648595168
leaf_weight=61 407 73 82 202 73 82 41 479 170 40 716 1096 40 289
leaf_count=61 407 73 82 202 73 82 41 479 170 40 716 1096 40 289
internal_value=-0.000187695 -5.57337e-05 0.00240385 -0.000172341 -6.50914e-05 -0.000134788 -5.50092e-05 0.000483962 9.80585e-05 0.00508537 -0.000357901 0.000182051 0.001146 0.0021
internal_weight=3851 3444 155 3289 3087 3026 2944 1059 978 81 1885 1169 499 329
internal_count=3851 3444 155 3289 3087 3026 2944 1059 978 81 1885 1169 499 329
is_linear=0
shrinkage=0.03


Tree=306
num_leaves=15
num_cat=0
split_feature=72 46 72 24 24 72 20 65 24 84 67 49 66 66
split_gain=0.555809 0.528925 0.527613 0.593469 1.08473 0.948994 0.931256 0.629902 0.510809 0.516664 0.498008 0.802513 0.443549 0.683924
threshold=67.673326373100295 510.00000000000006 42.419218420982368 55.500000000000007 58.500000000000007 -19.232009887695309 539.08346462249767 1.1683551765611404 82.500000000000014 43.338574687639884 448.47620174288755 7.5000000000000009 303.89275574684149 259.72913146018988
decision_type=10 8 10 2 2 10 10 10 2 10 10 10 10 10
left_child=1 -1 3 7 -5 6 8 10 9 -6 12 -12 13 -3
right_child=-2 2 -4 4 5 -7 -8 -9 -10 -11 11 -13 -14 -15
leaf_value=0.17026299740359835 -0.44265916095266827 -0.016908723227659662 0.46332803707206488 0.12851403332507649 -0.23950383014672805 0.17402979275633124 0.10353573400602328 -0.87568429817712068 0.061814193233370451 0.014310714012524973 -0.059115683001724935 0.18251238139610931 -0.32604458019146704 0.81515675946906663
leaf_weight=45 127 2605 75 44 222 45 44 132 57 58 96 42 175 42
leaf_count=45 127 2605 75 44 222 45 44 132 57 58 96 42 175 42
internal_value=-0.000329922 -0.000262287 -0.00030264 -0.000355319 0.000636942 0.000168618 -0.00032199 -0.000506305 -0.000860947 -0.0013879 -0.000415401 0.00133813 -0.000501595 -0.000404457
internal_weight=3809 3682 3637 3562 470 426 381 3092 337 280 2960 138 2822 2647
internal_count=3809 3682 3637 3562 470 426 381 3092 337 280 2960 138 2822 2647
is_linear=0
shrinkage=0.03


Tree=307
num_leaves=15
num_cat=0
split_feature=0 62 85 64 43 52 81 83 84 77 69 52 82 26
split_gain=0.533545 1.01709 0.651942 1.13025 0.609509 0.831739 0.742893 0.635186 1.15528 0.981864 1.85672 0.949765 0.771256 0.633629
threshold=238.50000000000003 -0.12541305495146673 51.447394728660591 4.7039680882902974 11.278484205491464 39.190141081810005 7251.3788547515878 -87.896295189857469 -81.91605178515114 -120.41459029912947 32.932033808140595 574.05250716209423 -2.6643025080362954 83.500000000000014
decision_type=2 8 10 8 8 8 8 8 10 8 8 10 10 2
left_child=4 -2 -3 -4 6 -6 -1 8 9 11 -11 -7 -12 -9
right_child=1 2 3 -5 5 7 -8 13 -10 10 12 -13 -14 -15
leaf_value=-0.025889225075449229 0.30496015441105917 -0.148790782733316 -0.068870858618125419 0.203917683749581 -0.15131425932109263 -0.64842615983256868 0.44363292429287982 -0.053825431019982981 0.28208369700473923 0.29159386825413747 0.21981172159580142 0.25477242431011859 -0.24024723266691467 0.0040783444033539121
leaf_weight=41 49 168 68 86 873 128 46 885 73 69 64 45 82 1127
leaf_count=41 49 168 68 86 873 128 46 885 73 69 64 45 82 1127
internal_value=-0.000200264 0.000879032 0.000260061 0.00166452 -0.000317124 -0.000381835 0.00214773 -0.000100647 0.000902597 0.000246786 0.00159722 -0.00143104 -0.000326531 -0.00033085
internal_weight=3804 371 322 154 3433 3346 87 2473 461 388 215 173 146 2012
internal_count=3804 371 322 154 3433 3346 87 2473 461 388 215 173 146 2012
is_linear=0
shrinkage=0.03


Tree=308
num_leaves=15
num_cat=0
split_feature=26 80 26 36 17 73 1 72 77 33 3 3 83 33
split_gain=0.572546 0.583968 1.2039 1.26909 1.06233 0.849812 0.567877 0.609064 0.917092 0.686072 0.5537 1.04897 0.734372 0.570396
threshold=87.500000000000014 3.1373730897903447 94.500000000000014 0.27151675485008825 36.500000000000007 -17.920572161674496 619.7200324535371 -98.309326887130723 -165.26840126514432 22.434583333333336 6.4583333333430355 0.37500000000000006 11.856281042099001 14.001515151515154
decision_type=2 8 2 10 2 8 2 8 8 8 2 2 10 10
left_child=-1 6 3 4 -3 -4 -2 8 -8 -9 11 -7 13 -12
right_child=1 2 5 -5 -6 10 7 9 -10 -11 12 -13 -14 -15
leaf_value=-0.026512324511831224 0.37997134510324243 0.038335628612975618 0.18152919789288541 -0.0052976932937254416 0.67659278463808514 0.33160049058083246 0.055569901516427558 -0.25854111401216656 -0.53525052289291997 0.21110973103696368 0.029824137279060092 -0.20640749345874893 -0.031076391066950974 -0.0020203607061429177
leaf_weight=1669 50 42 53 69 56 40 44 524 45 55 319 192 391 329
leaf_count=1669 50 42 53 69 56 40 44 524 45 55 319 192 391 329
internal_value=-0.000315546 1.35675e-06 0.000339812 0.00273214 0.00490909 3.62257e-05 -0.000700974 -0.000932736 0.00136667 -0.00128793 -0.000120284 -0.00144206 0.000175961 0.000795069
internal_weight=3878 2209 1491 167 98 1324 718 668 89 579 1271 232 1039 648
internal_count=3878 2209 1491 167 98 1324 718 668 89 579 1271 232 1039 648
is_linear=0
shrinkage=0.03


Tree=309
num_leaves=15
num_cat=0
split_feature=46 56 72 22 77 27 3 70 71 38 33 77 80 78
split_gain=0.510307 0.537659 0.891123 0.881316 0.630584 0.984916 0.60178 0.864169 1.11958 1.05838 2.22656 0.920717 0.803723 0.732734
threshold=510.00000000000006 -98.003811637560517 -86.462260842323289 3.9213792085647587 -291.74999999999994 0.88445645263827088 6.4583333333430355 0.73030303030303034 15.500000000000002 620.6043858729995 7.3434285714285723 -240.92693817615506 127.00085854530336 0.58333333333333337
decision_type=8 10 8 2 10 10 2 10 10 10 10 8 10 8
left_child=-1 4 3 -3 5 -2 -4 8 9 -8 -11 -9 13 -12
right_child=1 2 6 -5 -6 -7 7 11 -10 10 12 -13 -14 -15
leaf_value=0.16725198844212802 0.078293490345584305 -0.075845601229193857 -0.046737649281423654 0.23229805777671317 -0.30597712996039073 -0.12993525449649829 -0.022331025222147777 -0.28387067109007075 0.40605612354017873 1.0845983941605015 0.15233049529671602 -0.0024359436474405394 0.31209586687922358 -0.027710780006620653
leaf_weight=45 77 46 362 54 306 147 334 355 41 59 51 1805 40 144
leaf_count=45 77 46 362 54 306 147 334 355 41 59 51 1805 40 144
internal_value=-0.000206362 -0.000244114 -0.000101155 0.00267327 -0.00112994 7.99993e-05 -0.00018891 -4.13435e-05 0.000899999 0.000581875 0.00189152 -0.00033318 0.000572033 -0.000229593
internal_weight=3866 3821 3291 100 530 224 3191 2829 669 628 294 2160 235 195
internal_count=3866 3821 3291 100 530 224 3191 2829 669 628 294 2160 235 195
is_linear=0
shrinkage=0.03


Tree=310
num_leaves=15
num_cat=0
split_feature=72 0 74 0 80 39 80 80 22 3 49 48 28 60
split_gain=0.589505 0.596573 0.508812 0.627935 1.17009 1.41121 0.949608 1.7006 0.981479 1.03459 1.00709 0.817087 0.735246 1.09422
threshold=-205.89817106723783 -100.49999999999999 2434.5028029732798 248.50000000000003 118.91316413879396 3193.1105889473733 164.24278211593631 146.03015339374545 11.8354868888855 7.7083333333430355 6.5000000000000009 -41.25026150544484 123.50000000000001 37.798424839973457
decision_type=8 2 10 2 10 10 10 10 2 2 8 10 2 10
left_child=-1 -2 3 6 -5 -6 7 8 -3 -10 12 -8 -11 -14
right_child=1 2 -4 4 5 -7 11 -9 9 10 -12 -13 13 -15
leaf_value=0.023445619170832901 -0.30031921170383619 -0.016052973311628374 -0.099369930301395307 -0.0023012794904625476 0.25428609025479154 -0.00014067011445800413 0.44714428260654004 0.37571009497407848 0.51165642060376815 -0.086836360718270611 -0.099163835244754001 -0.21631464690581162 0.68030120938563754 0.012019350365389547
leaf_weight=58 265 2272 180 217 44 46 49 61 66 45 102 329 40 49
leaf_count=58 265 2272 180 217 44 46 49 61 66 45 102 329 40 49
internal_value=-0.000331852 -0.000378386 -0.000274208 -0.000189703 0.00110065 0.00395604 -0.0003215 -0.0001195 -0.000237671 0.00136634 0.000430379 -0.00172559 0.00213333 0.0037
internal_weight=3823 3765 3500 3320 307 90 3013 2635 2574 302 236 378 134 89
internal_count=3823 3765 3500 3320 307 90 3013 2635 2574 302 236 378 134 89
is_linear=0
shrinkage=0.03


Tree=311
num_leaves=15
num_cat=0
split_feature=42 9 20 77 39 46 61 3 36 67 15 77 3 57
split_gain=0.900896 0.68518 0.817108 1.48441 1.80792 0.994038 0.763398 1.35871 1.0624 0.653754 0.796967 2.40999 0.762786 1.1033
threshold=-257.1919234991073 330.00000000000006 295.93281006813055 -70.249142825603471 1507.2772992870089 870.00000000000011 0.53213220482633261 13.875000000000002 0.32274865591397855 -188.17690091729165 39.500000000000007 -150.20079201459882 16.291666666656969 8.5000000000000018
decision_type=8 2 10 8 10 10 8 2 10 8 2 8 2 8
left_child=-1 2 9 5 -5 -4 7 8 -3 -2 12 -12 -11 -14
right_child=1 6 3 4 -6 -7 -8 -9 -10 10 11 -13 13 -15
leaf_value=0.15333083107462009 -0.35151080833477394 -0.025018845408339534 -0.72579224937850939 0.24520551547438782 0.0044389878306170354 0.028412150719014116 -0.16239710718798295 -0.55970449729336502 0.66110272652660385 -0.03794467103312036 0.60194437171653914 0.0031352714564055152 0.095022962228411556 -0.033347777014415804
leaf_weight=41 171 54 78 41 59 74 605 101 43 1508 43 181 501 339
leaf_count=41 171 54 78 41 59 74 605 101 43 1508 43 181 501 339
internal_value=-0.000155469 -0.000203739 5.00596e-06 0.00163636 0.00445544 -0.000235295 -0.000981344 0.000633165 0.00315306 -0.000145409 -2.56517e-05 0.00168 -0.000189017 0.000535077
internal_weight=3839 3798 2995 252 100 152 803 198 97 2743 2572 224 2348 840
internal_count=3839 3798 2995 252 100 152 803 198 97 2743 2572 224 2348 840
is_linear=0
shrinkage=0.03


Tree=312
num_leaves=15
num_cat=0
split_feature=16 49 72 79 81 8 84 54 48 36 46 57 16 36
split_gain=0.599642 1.16605 2.61837 1.12194 1.36283 0.664108 0.632072 1.09816 0.605774 0.736522 0.600203 1.2217 0.744275 0.599559
threshold=30.500000000000004 6.5000000000000009 50.796053767204292 22.397597633943136 8338.3811569213885 0.63150081989989304 -199.34875261783597 990.00000000000011 -12.653876264890032 0.20701970443349757 2790.0000000000005 3.5000000000000004 37.500000000000007 1.0000000180025095e-35
decision_type=2 8 8 10 10 8 8 10 10 10 10 10 2 8
left_child=5 2 -2 4 10 -1 7 -7 -3 -10 11 12 -4 -8
right_child=1 8 3 -5 -6 6 13 -9 9 -11 -12 -13 -14 -15
leaf_value=-0.43909379126079867 0.64047053697243572 -0.29559763259580335 0.002522321354984767 -0.15538588926165947 0.20363291199120442 0.57181761580655199 0.043943774992718926 -0.024049652225530897 -0.050334621487968502 0.58770970076395268 -0.025451792259159174 -0.10834571243060299 0.3123092830959639 -0.01416039660179317
leaf_weight=198 65 166 44 113 44 51 66 82 41 60 58 54 43 2700
leaf_count=198 65 166 44 113 44 51 66 82 41 60 58 54 43 2700
internal_value=-0.000225833 0.000574745 0.00155687 0.000537814 0.00168443 -0.00040381 -0.000288621 0.00172388 -0.000973881 0.00085294 0.000614999 0.00166901 0.00385227 -0.000385978
internal_weight=3785 688 421 356 243 3097 2899 133 267 101 199 141 87 2766
internal_count=3785 688 421 356 243 3097 2899 133 267 101 199 141 87 2766
is_linear=0
shrinkage=0.03


Tree=313
num_leaves=15
num_cat=0
split_feature=35 2 73 73 24 0 23 61 63 71 17 29 45 85
split_gain=0.731817 0.561476 0.680156 0.71538 0.633621 0.523336 0.700481 1.54565 1.77289 0.99926 1.26701 0.967903 0.855596 0.788021
threshold=92.948611111111106 1.0000000180025095e-35 6.9340687990188608 5.3929685354232797 79.500000000000014 -19.499999999999996 4.2400196790695199 0.021590878864509302 78.613603468511101 6.5000000000000009 25.500000000000004 0.97202660406885777 22.500000000000004 106.29960274696352
decision_type=10 2 10 10 2 2 10 8 10 10 2 10 8 8
left_child=1 2 3 4 5 -1 7 8 -7 10 -9 -12 -8 -11
right_child=-2 -3 -4 -5 -6 6 12 9 -10 13 11 -13 -14 -15
leaf_value=-0.13922096561007907 0.050109939274182676 -0.15780555585207301 -0.11043020900213789 0.15259182021414558 0.25821201514490333 0.74835952446826481 -0.01214934479123436 -0.39616755773049078 0.016763590932182465 0.036365246288318213 0.36567619965070536 0.020737742419828654 0.1851786783630249 -0.040387841155902021
leaf_weight=611 53 226 620 64 75 43 1197 43 63 274 40 45 81 378
leaf_count=611 53 226 620 64 75 43 1197 43 63 274 40 45 81 378
internal_value=-0.000301259 -0.000350971 -0.000257992 -6.58669e-05 -0.000136795 -0.000210736 8.31337e-06 0.000656144 0.00403738 0.000192061 0.00260465 0.0047093 -0.00044097 -0.00028484
internal_weight=3813 3760 3534 2914 2850 2775 2164 886 106 780 128 85 1278 652
internal_count=3813 3760 3534 2914 2850 2775 2164 886 106 780 128 85 1278 652
is_linear=0
shrinkage=0.03


Tree=314
num_leaves=15
num_cat=0
split_feature=56 56 42 85 74 66 37 71 67 19 59 62 35 66
split_gain=0.583711 0.732215 0.736576 1.25776 1.109 0.836709 0.732965 1.10708 1.31548 0.791265 2.49703 0.792587 0.675798 1.54175
threshold=-192.69682474931079 -118.76712493101755 -87.589705586433396 8.5078893105189035 224.02726236865109 -210.64191126823422 1421.6197217675797 6.5000000000000009 128.40027550525141 390.00000000000006 145.07315599918368 -0.22587659593283352 13.032386363636368 75.218595504760756
decision_type=8 8 8 10 8 8 10 10 8 10 10 8 10 10
left_child=-1 -2 3 4 -3 -6 9 8 -8 11 -11 -4 13 -9
right_child=1 2 6 -5 5 -7 7 12 -10 10 -12 -13 -14 -15
leaf_value=0.057283670242645704 -0.29970002560558107 0.26994652209570613 0.047404345647101047 0.52534817020212043 0.078658479243361931 -0.28255407226074303 -0.30520450232757218 -0.067997206305136518 0.68719968675538057 -0.022302255458175439 0.20862138689334203 -0.048205015421460849 -0.0064098653546286076 0.82542131393959883
leaf_weight=64 257 53 60 43 52 156 53 63 74 150 47 1612 1113 54
leaf_count=64 257 53 60 43 52 156 53 63 74 150 47 1612 1113 54
internal_value=-0.000234424 -0.000282736 -0.000169924 0.00123934 0.000446564 -0.000545455 -0.000303069 0.00022754 0.00288281 -0.000688236 0.00110606 -0.00090018 -4.87416e-05 0.00211017
internal_weight=3851 3787 3530 304 261 208 3226 1357 127 1869 197 1672 1230 117
internal_count=3851 3787 3530 304 261 208 3226 1357 127 1869 197 1672 1230 117
is_linear=0
shrinkage=0.03


Tree=315
num_leaves=15
num_cat=0
split_feature=66 26 82 41 48 79 38 0 81 34 51 8 14 83
split_gain=0.694608 0.576167 0.962282 0.730804 0.773611 2.28473 1.21591 0.760957 0.658498 1.64724 2.36993 1.33891 0.895541 0.803042
threshold=-301.5292574167251 87.500000000000014 -58.568741202354424 137.56313264369967 85.228519181410476 13.362584575102854 3190.1624755906846 205.50000000000003 6173.5074518919 0.19538706256627789 31.371687412261966 4.1761948675895475 541.18816838512942 -30.381368637084957
decision_type=8 2 8 10 10 8 8 2 10 10 10 10 8 8
left_child=-1 -2 -3 4 8 -6 -7 -5 12 10 -10 -11 13 -4
right_child=1 2 3 7 5 6 -8 -9 9 11 -12 -13 -14 -15
leaf_value=-1.1237146643504812 -0.02466210975823744 -0.25365840497344816 -0.34774855255102899 -0.23502400762292686 -0.054672088976187895 0.58640575735975542 0.28614547717136518 0.0020225800287112365 0.023360931090440528 -0.14405017764474051 0.43150943412241699 0.35931860979123526 -0.16596702441820166 0.013439417319152764
leaf_weight=88 1624 329 125 215 115 66 40 224 56 138 40 70 150 542
leaf_count=88 1624 329 125 215 115 66 40 224 56 138 40 70 150 542
internal_value=-0.000346849 -0.000284338 4.26331e-05 0.000318181 0.000665673 0.00228378 0.00543925 -0.000743183 0.000344919 0.00153443 0.00476289 2.87074e-05 -9.90227e-05 0.000372754
internal_weight=3822 3734 2110 1781 1342 221 106 439 1121 304 96 208 817 667
internal_count=3822 3734 2110 1781 1342 221 106 439 1121 304 96 208 817 667
is_linear=0
shrinkage=0.03


Tree=316
num_leaves=15
num_cat=0
split_feature=2 53 23 77 14 27 17 27 16 65 37 1 17 23
split_gain=0.637555 0.834488 0.876213 0.78671 0.828996 0.62362 1.33799 1.43654 0.93357 0.894487 0.644672 1.17016 0.61833 0.608112
threshold=1.0000000180025095e-35 15.500000000000002 63.547003149986274 -141.24618506431577 346.52969252738063 0.8700649350649351 36.500000000000007 0.862622549019608 9.5000000000000018 1.0215383618663869 2729.6720416163575 667.54545378685009 6.5000000000000009 4.2400196790695199
decision_type=2 8 10 10 10 10 2 10 2 10 10 2 2 10
left_child=1 2 5 4 -3 6 13 8 -8 -10 12 -12 -7 -1
right_child=-2 3 -4 -5 -6 10 7 -9 9 -11 11 -13 -14 -15
leaf_value=0.0076642843270472759 -0.099641064814530902 0.055117862615119674 -0.37366037490312543 -0.022341159392941894 0.43439400068874195 -1.0876358026133062 0.28333826489480918 0.20804457866619153 -0.53756946921863069 0.1062665927690512 -0.027847325918257032 0.31079803162385133 -0.0089366832860037979 -0.29554375042417913
leaf_weight=72 262 47 127 80 47 85 47 66 111 41 47 40 2645 128
leaf_count=72 262 47 127 80 47 85 47 66 111 41 47 40 2645 128
internal_value=-0.000308113 -0.000203405 -0.000307039 0.00181714 0.00366316 -0.000212002 0.00080472 0.00219925 0.000914999 -0.000235295 -0.000380057 0.00214773 -0.00046137 -0.00104478
internal_weight=3845 3583 3409 174 94 3282 465 265 199 152 2817 87 2730 200
internal_count=3845 3583 3409 174 94 3282 465 265 199 152 2817 87 2730 200
is_linear=0
shrinkage=0.03


Tree=317
num_leaves=15
num_cat=0
split_feature=76 77 77 5 40 71 80 80 8 13 67 60 77 13
split_gain=0.772214 0.71891 0.667311 1.19498 1.91392 0.846654 1.06041 0.920401 0.866365 0.790978 0.664427 0.94392 1.35245 0.651895
threshold=-42.405506014823906 29.977396488189701 -45.014875531196587 61.972092390060432 462.73386773253139 14.500000000000002 -74.479985594749436 -104.40827083587645 3.5059841795373585 90.000000000000014 -188.17690091729165 -72.315112233161912 -266.05513942241663 90.000000000000014
decision_type=8 10 10 10 10 8 8 8 10 10 8 8 10 8
left_child=-1 2 5 4 -4 6 -2 8 -7 -6 -8 12 -12 -9
right_child=1 -3 3 -5 9 7 10 13 -10 -11 11 -13 -14 -15
leaf_value=0.011203261819355253 -0.3069002033664523 -0.046154549567872016 0.78619059163667515 -0.1359766516364142 0.42230438489559546 0.065936019969814907 -0.66196508473406013 0.080069806436861249 0.88088039245240624 -0.077922366566738413 0.15298145741998337 -0.010454503195785274 -0.19761265662632355 -0.023599187322964267
leaf_weight=45 363 581 46 96 47 49 99 347 40 85 48 1463 67 458
leaf_count=45 363 581 46 96 47 49 99 347 40 85 48 1463 67 458
internal_value=-0.000276924 -0.000323747 -0.00014771 0.00126545 0.00271508 -0.000280069 -0.000617345 0.000489385 0.00336667 0.000857142 -0.00029857 -0.000148196 0.0024569 0.000167493
internal_weight=3834 3789 3208 274 178 2934 2040 894 89 132 1677 1578 115 805
internal_count=3834 3789 3208 274 178 2934 2040 894 89 132 1677 1578 115 805
is_linear=0
shrinkage=0.03


Tree=318
num_leaves=15
num_cat=0
split_feature=76 51 26 71 39 77 35 54 15 52 39 15 7 31
split_gain=0.58448 0.473906 0.631751 1.04632 0.818608 1.26886 0.848628 1.33519 0.812712 0.801431 0.723192 1.02228 1.18243 0.8367
threshold=-42.405506014823906 577.75507247447979 87.500000000000014 3.5000000000000004 2840.5996145429585 -192.25392317771909 20.746175393234221 810.00000000000011 37.500000000000007 22.567606806755069 965.45711360630082 17.500000000000004 2802.658439235604 15.003333333333336
decision_type=8 10 2 10 10 8 10 10 2 8 10 2 10 8
left_child=-1 2 -2 -4 5 8 9 -8 -5 -7 -11 12 13 -12
right_child=1 -3 3 4 -6 6 7 -9 -10 10 11 -13 -14 -15
leaf_value=0.010867163964774766 -0.04477015492623878 0.11291758081592627 0.26263173435985904 -0.48721016114345417 -0.054397895832651429 -0.11137947698934086 0.2874286183214036 -0.012459976659310881 0.34839631708625696 -0.022773691662604501 0.00049833716129972006 0.0026970513911070389 0.79432693566540058 0.22271737315565801
leaf_weight=45 1591 57 83 352 561 158 64 44 44 285 115 357 64 40
leaf_count=45 1591 57 83 352 561 158 64 44 44 285 115 357 64 40
internal_value=-0.000427351 -0.000467768 -0.000509179 -0.000175739 -0.000307914 5.31489e-05 0.000566489 0.00308257 -0.00140554 0.000297058 0.000657772 0.00126863 0.00287727 0.00144231
internal_weight=3860 3815 3758 2167 2084 1523 1127 108 396 1019 861 576 219 155
internal_count=3860 3815 3758 2167 2084 1523 1127 108 396 1019 861 576 219 155
is_linear=0
shrinkage=0.03


Tree=319
num_leaves=15
num_cat=0
split_feature=10 79 3 37 84 68 79 28 23 3 84 16 57 84
split_gain=0.540699 0.498509 0.54086 1.25199 1.00395 1.79151 0.942007 1.53073 0.879112 1.13803 1.04861 0.823791 1.04067 1.04294
threshold=1.5000000000000002 1316.0912213955942 16.208333333343038 2729.6720416163575 -199.34875261783597 -0.0068633183697481776 31.628794947973521 223.50000000000003 11.034242630004885 16.791666666656969 -29.401357928911839 8.5000000000000018 7.5000000000000009 40.708599289258323
decision_type=2 10 2 10 8 10 10 2 10 2 10 2 8 8
left_child=1 2 4 8 5 -1 -6 -8 9 10 -4 12 -11 -14
right_child=-2 -3 3 -5 6 -7 7 -9 -10 11 -12 -13 13 -15
leaf_value=1.1997840612821173 -0.73990836553666472 -0.34913148273342837 0.0066784712450237271 0.400504046437473 -0.021441456297734234 -0.4168564635730021 -0.00038085123647367601 0.39239725950922821 -0.15267279862296329 0.31259672294779584 0.31754073208961209 -0.0067612713637368116 -0.068421673699377461 0.64092125592667648
leaf_weight=40 86 96 42 48 2021 65 139 50 264 69 40 637 137 75
leaf_count=40 86 96 42 48 2021 65 139 50 264 69 40 637 137 75
internal_value=-0.000282678 -0.000227981 -0.000171169 0.000315308 -0.000446892 0.00240566 -0.000583447 0.00143684 0.000132806 0.00053946 0.00390361 0.000235037 0.00158511 0.000535211
internal_weight=3809 3723 3627 1312 2315 105 2210 189 1264 1000 82 918 281 212
internal_count=3809 3723 3627 1312 2315 105 2210 189 1264 1000 82 918 281 212
is_linear=0
shrinkage=0.03


Tree=320
num_leaves=15
num_cat=0
split_feature=39 43 61 41 23 29 26 56 81 39 61 56 33 81
split_gain=0.55492 0.972253 0.87762 0.750205 0.748475 0.798999 1.3288 1.97012 1.49426 0.957586 0.840234 0.726669 0.625206 0.806879
threshold=1473.5192567868955 27.243921028782506 0.0059564390913991461 -176.93770289421079 15.212181806564333 0.99795918367346947 78.500000000000014 87.554863055547102 6970.4694567918787 1364.2532916696503 0.5816232970509766 41.081772406895958 12.911688311688312 3696.7420524358754
decision_type=8 10 10 8 10 10 2 8 10 10 10 8 10 8
left_child=1 -1 3 -2 5 6 7 8 -3 12 -11 -5 -8 -14
right_child=2 4 -4 11 -6 -7 9 -9 -10 10 -12 -13 13 -15
leaf_value=-0.14334427301922623 0.12332726420713579 0.23780995764315682 -0.05767880004377049 -0.077699181378399068 -0.15659105749707444 -0.21104793428279991 -0.04755760301773327 -0.028227280699801668 1.6943267605861099 0.014693555343249646 0.20126897625481371 0.026513267106031326 0.60575405039716079 0.0035613015661831249
leaf_weight=221 43 69 1590 347 113 67 380 63 47 50 41 490 77 287
leaf_count=221 43 69 1590 347 113 67 380 63 47 50 41 490 77 287
internal_value=-0.000420742 5.29654e-05 -0.000692028 6.81037e-05 0.000391631 0.000634935 0.000845319 0.00318333 0.00548718 0.000340908 0.00322826 -0.000132459 -1.61081e-05 0.000871232
internal_weight=3885 1415 2470 880 1194 1081 1014 179 116 835 91 837 744 364
internal_count=3885 1415 2470 880 1194 1081 1014 179 116 835 91 837 744 364
is_linear=0
shrinkage=0.03


Tree=321
num_leaves=15
num_cat=0
split_feature=28 66 7 44 3 51 57 36 27 43 8 3 83 3
split_gain=0.56931 0.761043 1.54707 1.36609 0.660154 1.03826 0.877005 1.08948 0.991138 1.07869 0.799075 1.16713 1.35047 1.89805
threshold=204.50000000000003 -193.28093290328977 2311.8741142029289 74.590004920959487 11.458333333343036 194.27329885959628 8.5000000000000018 0.17981569800339506 0.87077798861480094 239.8255871636608 4.103933004722145 15.541666666656967 -82.208390951156602 19.125000000000004
decision_type=2 8 10 10 2 10 8 10 10 8 10 2 10 2
left_child=4 2 -2 -4 5 6 -1 -8 -9 -10 -6 -12 13 -13
right_child=1 -3 3 -5 10 -7 7 8 9 -11 11 12 -14 -15
leaf_value=-0.076315254903406224 -1.044435124025515 -0.0040886821635593351 0.17037083871273304 -0.032401068871180765 -0.21726961936524758 0.60435432738110595 -0.046440216109827792 0.26840142875211176 0.25808158929751174 -0.16831133456682051 -0.17552509342931993 0.5244528081641201 -0.018672949542557687 0.0025223301752134602
leaf_weight=390 41 1491 60 54 788 63 180 52 77 108 185 41 243 76
leaf_count=390 41 1491 60 54 788 63 180 52 77 108 185 41 243 76
internal_value=-0.000396624 2.55002e-05 0.00201923 0.00380869 -0.000711888 -6.88871e-05 -0.000360149 0.000595693 0.00192857 0.000887096 -0.00113119 -0.000247253 0.000747922 0.00338136
internal_weight=3849 1646 155 114 2203 870 807 417 237 185 1333 545 360 117
internal_count=3849 1646 155 114 2203 870 807 417 237 185 1333 545 360 117
is_linear=0
shrinkage=0.03


Tree=322
num_leaves=15
num_cat=0
split_feature=84 14 80 80 44 35 77 3 23 81 16 81 8 3
split_gain=0.573723 0.928387 1.24433 0.75926 0.724641 0.694054 0.847967 0.62862 1.41535 1.04771 1.60684 1.41782 1.14032 1.5588
threshold=-267.95753725369769 1.0000000180025095e-35 -48.456532001495354 -34.518487572669976 49.38104689121247 20.477729384436703 -237.89631617069242 16.208333333343038 11.005483508110048 4480.4049687385568 7.5000000000000009 4022.8917257785802 4.1352197528859262 19.041666666656969
decision_type=8 8 8 8 8 8 10 2 10 8 2 10 10 2
left_child=-1 2 -2 5 -4 -3 -7 -5 9 10 -9 -12 -11 -14
right_child=1 3 4 7 -6 6 -8 8 -10 12 11 -13 13 -15
leaf_value=-0.2354988256903392 0.33919694277583473 -0.27830980891352353 0.20123926419307994 -0.013341368156521143 -0.14759017697048815 0.27474222798100689 -0.061512910492327308 0.79320696943492852 -0.16629244519421704 -0.015586577358035033 -0.1066963592384242 0.51769619601638794 0.31069369130230656 0.00057676983805123548
leaf_weight=115 57 592 46 1866 129 41 78 55 187 269 96 40 74 167
leaf_count=115 57 592 46 1866 129 41 78 55 187 269 96 40 74 167
internal_value=-0.00037923 -0.000313954 0.00151931 -0.000437104 0.000255681 -0.00131039 0.000774999 -0.000211253 0.000445444 0.0010641 0.00295312 0.00118248 0.00035225 0.00184711
internal_weight=3812 3697 232 3465 175 711 119 2754 888 701 191 136 510 241
internal_count=3812 3697 232 3465 175 711 119 2754 888 701 191 136 510 241
is_linear=0
shrinkage=0.03


Tree=323
num_leaves=15
num_cat=0
split_feature=1 81 35 31 67 72 85 58 59 42 54 72 77 14
split_gain=0.425846 0.424095 0.726774 0.972341 1.21759 0.817505 0.728131 0.762014 0.618138 0.818384 1.18425 1.16654 0.803663 0.984835
threshold=877.75507247447979 5175.3435243368158 19.880871212121217 28.975000000000005 161.99477146478259 43.529369950294502 -17.052879075209294 2.9783738851547246 298.02790760993963 -96.903693079948411 570.00000000000011 -103.06590247154234 -178.13303071260449 1.0000000180025095e-35
decision_type=2 10 10 8 8 10 8 10 10 8 10 8 10 10
left_child=1 8 5 4 6 -3 -4 -8 9 10 -1 -12 -11 -14
right_child=-2 2 3 -5 -6 -7 7 -9 -10 12 11 -13 13 -15
leaf_value=-0.15922554520160034 -0.49175590389816742 -0.10666417491174993 -0.073931220967994468 -0.27341832121575993 0.31910501489703447 0.3985010743109918 0.45134842112678597 -0.043002355485424179 -0.073319558488150083 -0.022257368918645968 0.010631518653290869 0.3967937375680563 0.33780240953525958 0.0042766312470801154
leaf_weight=66 52 1215 57 75 71 68 42 43 94 1033 61 57 56 860
leaf_count=66 52 1215 57 75 71 68 42 43 94 1033 61 57 56 860
internal_value=-0.000272657 -0.000235326 -0.000612596 0.000747404 0.00178037 -0.000918225 0.000167831 0.0019186 3.09688e-05 0.000136363 0.00204324 0.00383193 -4.46161e-05 0.000601962
internal_weight=3850 3798 1571 288 213 1283 142 85 2227 2133 184 118 1949 916
internal_count=3850 3798 1571 288 213 1283 142 85 2227 2133 184 118 1949 916
is_linear=0
shrinkage=0.03


Tree=324
num_leaves=15
num_cat=0
split_feature=35 56 82 77 28 54 3 77 43 33 49 73 28 62
split_gain=0.693902 0.57605 0.547249 0.857096 0.686344 0.850261 1.73211 1.46507 0.620442 0.797561 0.594602 0.563119 0.703747 0.781725
threshold=92.948611111111106 -192.69682474931079 -56.8056052327156 -111.05397963523863 151.50000000000003 630.00000000000011 18.125000000000004 -30.310070514678952 9.2353495260094238 0.44000000000000006 7.5000000000000009 -1.7676351070404051 155.50000000000003 0.0018418266201726693
decision_type=10 8 8 10 2 8 2 8 10 8 10 10 2 10
left_child=1 -1 3 -3 8 6 7 -6 9 -4 -5 12 -7 -14
right_child=-2 2 4 10 5 11 -8 -9 -10 -11 -12 -13 13 -15
leaf_value=0.044671903168607995 0.045701918645809178 -0.47162002166492117 -0.083744924797545223 0.41376074891430092 -0.34968622670332561 0.21257826454152839 0.73744627131454343 0.12265638380133773 -0.079427022369057187 0.39174361034397903 -0.11162123192203274 -0.048141078649105364 0.0055968425185166657 -0.03283876133019905
leaf_weight=61 49 372 41 40 138 45 60 79 885 40 81 438 806 715
leaf_count=61 49 372 41 40 138 45 60 79 885 40 81 438 806 715
internal_value=-0.000451831 -0.000497897 -0.000545309 -0.00147571 -0.000403634 -0.000119633 0.00143525 0.000178898 -0.00107342 0.00142683 0.000713114 -0.000335163 -6.89222e-05 -0.00017937
internal_weight=3850 3801 3740 493 3247 2281 277 217 966 81 121 2004 1566 1521
internal_count=3850 3801 3740 493 3247 2281 277 217 966 81 121 2004 1566 1521
is_linear=0
shrinkage=0.03


Tree=325
num_leaves=15
num_cat=0
split_feature=80 22 33 74 80 81 50 14 61 71 50 37 43 6
split_gain=0.675706 0.562317 0.562151 0.674161 0.561229 0.771293 1.0468 0.779778 1.20351 1.04442 1.22026 0.7444 0.875308 0.66418
threshold=243.51602375507358 0.350714921951294 91.351092896174876 2406.5829915259696 127.00085854530336 7642.4991779327402 52.454546213150032 241.6703462258705 0.22776230291246694 6.5000000000000009 31.086881637573246 213.15913051954061 1570.1269005527431 810.00000000000011
decision_type=10 2 10 10 8 10 10 8 8 8 8 10 8 10
left_child=1 -1 3 4 -3 7 -7 8 -6 10 -9 12 -11 -10
right_child=-2 2 -4 -5 5 6 -8 9 13 11 -12 -13 -14 -15
leaf_value=-0.16071052398017213 -0.19620220346478287 -0.016503393910312743 0.049732077049286005 -0.23132106139582728 0.33456309057943284 0.53867886519879615 -0.029455108224351968 -0.066630169203220735 0.020885554276150149 0.25653464800714654 0.64028414466353201 -0.044983301764891057 -0.006351195217521248 -0.030527904180660037
leaf_weight=242 224 1950 58 140 68 72 60 44 99 54 46 624 99 79
leaf_count=242 224 1950 58 140 68 72 60 44 99 54 46 624 99 79
internal_value=-0.000457773 -0.000358912 -0.000258987 -0.000310253 -0.000220589 0.000276885 0.00243609 1.88503e-05 0.00150607 -0.000404379 0.00263736 -0.000759641 0.00111039 0.000201117
internal_weight=3859 3635 3393 3335 3195 1245 132 1113 246 867 90 777 153 178
internal_count=3859 3635 3393 3335 3195 1245 132 1113 246 867 90 777 153 178
is_linear=0
shrinkage=0.03


Tree=326
num_leaves=15
num_cat=0
split_feature=76 52 6 75 29 79 35 23 73 37 73 64 85 85
split_gain=0.778456 0.538163 0.567419 0.988657 0.575075 0.514138 0.729133 0.917755 0.820521 0.690646 1.37082 0.952176 1.12727 0.706389
threshold=-42.405506014823906 7.4896520376205453 810.00000000000011 107.15816259384157 0.89146900269541784 396.46469057803557 10.131225851773797 12.118590116500856 4.674436330795289 1482.095782029741 31.957031846046451 3.1556361599964586 -124.07147747278212 -40.487925648689263
decision_type=8 8 10 10 10 8 8 10 8 10 10 10 8 10
left_child=-1 -2 3 5 -4 6 7 8 -3 10 -8 12 -11 -13
right_child=1 2 4 -5 -6 -7 9 -9 -10 11 -12 13 -14 -15
leaf_value=0.007994377954282891 -0.28951403931955078 0.46637971190568428 -0.43777541020180155 0.23766481052431848 -0.015458114766739757 -0.013041927545410517 -0.086734218842457772 0.94079374388083403 -0.0012412122498539424 0.31470202552593657 0.068761177050464861 -0.29098320481042678 0.14198864090565039 0.0096243082399230882
leaf_weight=46 95 44 191 58 622 743 777 43 286 40 53 231 151 449
leaf_count=46 95 44 191 58 622 743 777 43 286 40 53 231 151 449
internal_value=-0.000390862 -0.000438426 -0.000380592 -0.000182546 -0.00107985 -0.000262953 -2.02417e-05 0.00117914 0.00063444 -0.000283784 -0.000902528 0.000306192 0.00217187 -0.000220265
internal_weight=3829 3783 3688 2875 813 2817 2074 373 330 1701 830 871 191 680
internal_count=3829 3783 3688 2875 813 2817 2074 373 330 1701 830 871 191 680
is_linear=0
shrinkage=0.03


Tree=327
num_leaves=15
num_cat=0
split_feature=76 56 72 72 60 9 76 60 24 84 27 83 73 31
split_gain=1.11932 0.539845 0.419391 0.576577 1.88544 0.434701 1.04197 0.681955 0.529673 0.52244 0.550536 0.521116 0.570406 0.7823
threshold=-42.405506014823906 -192.69682474931079 76.637621164321914 42.419218420982368 80.800451397895827 330.00000000000006 350.30984318256384 346.8288946151734 46.500000000000007 -203.28121503194168 0.88648078725398316 -170.81070125102994 -1.1162499189376829 12.481746031746034
decision_type=8 8 10 10 8 2 10 10 2 8 10 8 10 10
left_child=-1 -2 3 5 -5 6 9 8 -7 10 -3 -11 -13 -14
right_child=1 2 -4 4 -6 7 -8 -9 -10 11 -12 12 13 -15
leaf_value=0.013729579866767478 0.040570281706710946 -0.045681688468414174 -0.2898163402915645 -0.1124156760591561 0.99557399643708766 -0.52529802070449649 0.16386174325337224 0.0065327489633793985 0.017185272653100811 -0.22074589047921542 0.45287347594822769 -0.00457890085541331 0.0081644489663742093 -0.16876666182139829
leaf_weight=45 62 46 103 47 45 461 40 175 62 96 40 1915 252 473
leaf_count=45 62 46 103 47 45 461 40 175 62 96 40 1915 252 473
internal_value=-0.000413151 -0.000469094 -0.000515176 -0.000461539 0.00187097 -0.000522326 -0.000358366 -0.00119313 -0.00173473 -0.000427206 0.00186207 -0.000499818 -0.000420296 -0.00113636
internal_weight=3862 3817 3755 3652 92 3560 2862 698 523 2822 86 2736 2640 725
internal_count=3862 3817 3755 3652 92 3560 2862 698 523 2822 86 2736 2640 725
is_linear=0
shrinkage=0.03


Tree=328
num_leaves=15
num_cat=0
split_feature=77 69 17 65 3 3 30 60 22 69 82 85 85 80
split_gain=0.554813 0.553231 0.529845 0.509494 0.623244 0.53631 1.43542 1.26027 1.27765 1.04077 0.69443 0.8048 0.853668 0.575706
threshold=50.850534498691566 -377.27270027532171 5.0000000000000009 1.1735353986299786 23.125000000000004 20.458333333343038 9.3500000000000032 -103.85485804080962 6.1986126899719247 320.48042051172325 -164.44167923927304 -148.80727489789322 -133.67049274841943 175.78559553623202
decision_type=10 8 2 10 2 2 10 10 2 10 8 8 8 10
left_child=1 -1 -3 4 5 10 7 -7 -9 -8 -4 -12 -13 -14
right_child=-2 2 3 -5 -6 6 9 8 -10 -11 11 12 13 -15
leaf_value=0.024667218848833741 -0.087825488650034048 -1.056961536149569 0.34425682771890764 -0.43320527529794045 -0.4069357322319499 -0.026042068943514796 -0.12860877058728418 0.50899349610093869 0.039384129985326657 0.22174968795316122 -0.27693996837223922 0.33424939847951973 -0.001953812985251603 -0.06992787030175851
leaf_weight=51 284 85 67 146 88 46 124 69 41 44 203 42 2269 253
leaf_count=51 284 85 67 146 88 46 124 69 41 44 203 42 2269 253
internal_value=-0.000347758 -0.000244829 -0.000290685 -0.000231654 -0.000153373 -8.35715e-05 0.00107077 0.00313376 0.00486486 -0.000852072 -0.000215874 -0.000289379 -0.00014503 -0.00021641
internal_weight=3812 3528 3477 3392 3246 3158 324 156 110 168 2834 2767 2564 2522
internal_count=3812 3528 3477 3392 3246 3158 324 156 110 168 2834 2767 2564 2522
is_linear=0
shrinkage=0.03


Tree=329
num_leaves=15
num_cat=0
split_feature=75 76 35 26 31 14 76 15 27 27 14 65 22 35
split_gain=0.587016 1.70876 0.511713 0.49874 0.919222 0.875506 1.40514 0.973455 0.827313 1.21276 1.94122 1.8287 0.789218 0.73746
threshold=2038.1435635089877 2410.3431358337407 92.948611111111106 80.500000000000014 4.9798076923076922 369.05796030000255 1313.5663189888003 7.5000000000000009 0.8734904699548961 0.86061230497497798 448.55415230277617 1.0188571649005735 5.0054835081100473 16.550102432778491
decision_type=10 10 10 2 8 8 8 2 10 10 10 10 2 10
left_child=1 2 3 4 5 6 -1 -8 9 12 11 -11 -5 -10
right_child=-2 -3 -4 8 -6 -7 7 -9 13 10 -12 -13 -14 -15
leaf_value=0.19745348721339506 -0.32248512164808169 0.4476212191816733 0.030134638321554857 -0.077423234458918341 -0.16157477356235539 -0.19728937411471664 -0.14497586488883185 0.5554465399200913 -0.032898707859761789 0.2606784733340331 -0.3571307315391905 0.0076007958861996332 0.054071970492078757 0.011661719849600512
leaf_weight=48 127 56 53 195 788 115 77 44 1489 60 40 41 114 553
leaf_count=48 127 56 53 195 788 115 77 44 1489 60 40 41 114 553
internal_value=-0.000276244 -0.000206588 -0.000287729 -0.000331558 -0.000872321 0.000589473 0.00195882 0.000221311 -9.8677e-05 0.0010643 0.00335915 0.00555882 9.67671e-06 -0.00035536
internal_weight=3800 3673 3617 3564 1072 284 169 121 2492 450 141 101 309 2042
internal_count=3800 3673 3617 3564 1072 284 169 121 2492 450 141 101 309 2042
is_linear=0
shrinkage=0.03


Tree=330
num_leaves=15
num_cat=0
split_feature=64 7 40 65 71 48 25 17 32 45 67 15 35 34
split_gain=0.620882 0.724266 0.999156 1.13679 0.685342 1.67343 0.845727 0.822121 0.936661 0.901361 0.721764 0.76373 1.87718 0.633989
threshold=3.9329899194115043 2680.9915164199633 960.03231026876949 1.0226829658358534 14.500000000000002 -86.745964368184389 0.92907444668008055 41.500000000000007 0.088562091503267992 7.5000000000000009 -188.17690091729165 37.500000000000007 15.306061224489797 0.25782013685239497
decision_type=8 10 10 10 10 8 10 2 10 10 8 2 8 8
left_child=1 2 3 -1 10 -6 7 8 -7 -9 -2 -12 -13 -11
right_child=4 -3 -4 -5 5 6 -8 9 -10 13 11 12 -14 -15
leaf_value=-0.21100225408858331 -0.50451406760358408 -0.28768600878796968 0.16847550883053855 0.48299763120562422 0.21632486319763369 0.34248086967726316 -0.11229039632469361 -0.36496073917391786 0.11229034036987633 -0.14168545720651696 -0.0067266889234735092 -0.44537760951108507 0.20818193831766885 0.21239429687331074
leaf_weight=149 132 386 40 40 40 45 152 72 147 102 2292 45 57 87
leaf_count=149 132 386 40 40 40 45 152 72 147 102 2292 45 57 87
internal_value=-0.000321627 -0.00119318 0.000143478 -0.000773685 -0.000152271 0.000719814 0.000321781 0.000971365 0.00245596 -0.000125955 -0.000375149 -0.000255533 0.00227184 0.000963157
internal_weight=3786 615 229 189 3171 645 605 453 192 261 2526 2394 102 189
internal_count=3786 615 229 189 3171 645 605 453 192 261 2526 2394 102 189
is_linear=0
shrinkage=0.03


Tree=331
num_leaves=15
num_cat=0
split_feature=56 85 34 20 36 34 60 84 53 68 84 80 83 29
split_gain=0.464555 0.512956 0.693603 1.00015 0.620428 0.967775 0.53388 0.765821 0.788448 0.770139 0.807766 1.15333 1.14504 1.39725
threshold=-192.69682474931079 -25.279912968476609 0.23706512042818914 631.37168741226208 0.17664992826398854 0.18090909090909094 -59.040949106216424 75.267496705055251 23.500000000000004 -0.17533051296747018 31.175808588663738 -15.897557258605955 38.909331560134895 0.91909827760891594
decision_type=8 8 10 8 10 10 8 8 10 8 10 10 10 10
left_child=-1 2 3 -2 -5 -6 -3 9 -9 -8 -11 -12 -13 -14
right_child=1 6 -4 4 5 -7 7 8 -10 10 11 12 13 -15
leaf_value=0.049856005101061578 0.18465359698760961 0.036097803766616157 -0.27886292018313763 -0.17486455356004724 0.25481862587393117 -0.25356338136214268 -0.079977494218942458 -0.017047969099452321 0.36098748716110796 0.0016296605818262753 -0.40918287943327242 0.54456752057010371 0.27984260391171906 -0.1334628185012281
leaf_weight=64 41 129 472 202 78 105 106 1618 50 753 44 55 72 65
leaf_count=64 41 129 472 202 78 105 106 1618 50 753 44 55 72 65
internal_value=-0.000392219 -0.000435242 -0.00106118 -0.000182671 -0.000660622 0.00060326 -0.000240581 -0.000328872 -0.000733374 0.000287408 0.000548484 0.00207595 0.00307772 0.00158696
internal_weight=3854 3790 898 426 385 183 2892 2763 1668 1095 989 236 192 137
internal_count=3854 3790 898 426 385 183 2892 2763 1668 1095 989 236 192 137
is_linear=0
shrinkage=0.03


Tree=332
num_leaves=15
num_cat=0
split_feature=76 76 73 46 24 39 79 81 81 30 69 69 22 46
split_gain=0.559703 1.72309 0.551654 1.07411 1.05107 0.859564 0.726928 1.15922 0.706686 1.02789 1.54911 1.83021 0.587868 1.20709
threshold=3085.042280197144 2410.3431358337407 -7.2801159620285025 690.00000000000011 39.500000000000007 711.33366985155669 8.6216211396952289 8242.9177157878894 4690.8336360454568 6.4500000000000011 4.0670162860253081 -147.71647359452643 13.165074467658998 870.00000000000011
decision_type=10 10 10 8 2 10 10 10 10 10 8 10 2 10
left_child=1 2 3 4 6 -5 -1 -8 9 10 11 -4 -7 -14
right_child=-2 -3 8 5 -6 12 7 -9 -10 -11 -12 -13 13 -15
leaf_value=-0.62817826693192125 -0.24052115185371412 0.72666576191608168 0.00090524785955326502 -0.15066172143857731 0.46816510338254708 -0.0040889658515649826 0.32974603003912839 -0.85882488870728502 -0.16786425618167378 -0.029251739614685836 -0.27734258712825455 0.46068965434875603 0.26463772678005054 -0.012394323150753951
leaf_weight=49 125 56 62 294 61 1968 45 48 577 300 62 51 48 103
leaf_count=49 125 56 62 294 61 1968 45 48 577 300 62 51 48 103
internal_value=-0.000295325 -0.000228726 -0.000309077 -7.56599e-05 0.00201471 -0.000252279 0.000587412 0.0021383 -0.00088889 -3.15133e-05 0.00178977 0.00386842 -4.10385e-05 0.00175658
internal_weight=3849 3724 3668 2616 203 2413 142 93 1052 475 175 113 2119 151
internal_count=3849 3724 3668 2616 203 2413 142 93 1052 475 175 113 2119 151
is_linear=0
shrinkage=0.03


Tree=333
num_leaves=15
num_cat=0
split_feature=43 37 72 77 79 79 25 82 8 48 68 8 7 7
split_gain=0.676841 1.11861 0.656338 0.556215 0.657026 0.985398 0.909465 1.12595 0.837487 0.798119 0.855284 0.924984 2.38788 1.37104
threshold=11.278484205491464 1284.3885576511634 50.796053767204292 306.13608062267309 6.8419942159652711 7.3021057920199635 0.91277173913043486 -113.03075238068897 6.4334458331929634 -13.931354165077208 0.15972952114217492 3.960717450483632 3341.6732868961676 1174.018456582515
decision_type=8 10 10 10 10 10 10 8 10 10 10 10 10 10
left_child=1 -1 3 4 -2 -6 8 -8 -7 -9 11 13 -13 -11
right_child=2 -3 -4 -5 5 6 7 9 -10 10 -12 12 -14 -15
leaf_value=-0.050668225887210996 -0.014933142015273177 0.35332822252576324 -0.59723669146789127 0.1714455041633493 0.086329790397450895 -0.089029287753232961 0.50172353996230634 -0.10496140788917359 0.35511380500424433 0.17028028531840556 -0.20692556099876408 1.0087335897643159 0.0078371899712025312 -0.023613914569004385
leaf_weight=45 1359 40 148 45 76 1029 60 316 65 94 96 64 132 221
leaf_count=45 1359 40 148 45 76 1029 60 316 65 94 96 64 132 221
internal_value=-0.000364021 0.00226744 -0.000424987 -0.000343171 -0.000385996 -5.98893e-05 -0.00018335 0.000478658 -0.000778083 0.000217532 0.000853618 0.0013418 0.00295431 0.000332278
internal_weight=3790 85 3705 3557 3512 2153 2077 983 1094 923 607 511 196 315
internal_count=3790 85 3705 3557 3512 2153 2077 983 1094 923 607 511 196 315
is_linear=0
shrinkage=0.03


Tree=334
num_leaves=15
num_cat=0
split_feature=51 4 39 60 25 27 56 29 77 42 56 85 63 43
split_gain=0.544556 0.729113 0.833554 1.10545 1.35198 2.08677 1.06337 1.47443 1.36041 1.12662 1.08028 0.776301 1.10763 0.644486
threshold=577.75507247447979 4.5000000000000009 1473.5192567868955 -203.2291028499603 0.85329985652797713 0.8700649350649351 -87.581478873888628 0.93109695152423799 -289.75356954336161 -4.1737872362136832 75.345421393712385 -57.62300914525985 90.901581685497803 11.278484205491464
decision_type=10 2 8 10 10 10 10 10 10 10 10 10 10 8
left_child=1 -1 3 -3 -5 -6 -7 8 11 -10 -11 -8 -13 -4
right_child=-2 2 13 4 5 6 7 -9 9 10 -12 12 -14 -15
leaf_value=-0.14220252217563739 0.68041485826708925 -0.20601348122432894 0.14075908870902729 -0.062219996096354771 0.26159455513774077 -0.33071338762890451 -0.54131305874486191 -0.020734902102643161 0.73500166396874511 -0.0088041963989097995 0.5725797330374699 0.18529389703483717 -0.089224513148075738 -0.020839240942096184
leaf_weight=441 53 225 60 70 53 94 62 210 61 62 59 55 48 2238
leaf_count=441 53 225 60 70 53 94 62 210 61 62 59 55 48 2238
internal_value=-0.000380539 -0.000423643 -0.000270164 0.000452999 0.000990967 0.00138723 0.000915643 0.00141398 0.00261207 0.00439344 0.00268033 0.000632529 0.00222115 -0.000584603
internal_weight=3791 3738 3297 999 774 704 651 557 347 182 121 165 103 2298
internal_count=3791 3738 3297 999 774 704 651 557 347 182 121 165 103 2298
is_linear=0
shrinkage=0.03


Tree=335
num_leaves=15
num_cat=0
split_feature=56 16 79 74 68 31 14 17 82 78 23 50 37 83
split_gain=0.778708 0.691748 1.25308 0.53448 0.556672 0.619228 1.34122 1.32709 1.04624 1.28289 1.74291 1.34154 0.903069 0.950415
threshold=-192.69682474931079 47.500000000000007 206.8073415591129 31.130451883806291 -0.22309782860960134 8.7866071428571448 366.23495461435363 30.500000000000004 8.6873822212219256 0.70833333333333337 9.1025601625442523 120.91653537750246 1421.6197217675797 -208.64871227741239
decision_type=8 2 8 8 8 8 8 2 8 8 10 8 10 8
left_child=-1 3 -3 -2 -5 6 7 -6 -9 -10 11 -11 -7 -14
right_child=1 2 -4 4 5 12 -8 8 9 10 -12 -13 13 -15
leaf_value=0.072366690750644891 -0.40422209403222864 0.025697740701302742 -0.0075815720052151312 -0.0584480880440085 -0.021531160265113248 -0.066489811362848053 -0.026205065685670492 -0.0049882024541654689 -0.0044365667743778174 0.80326230920247765 0.0040590469503891998 0.18855779452505264 0.42265581374872185 -0.0053595477689328741
leaf_weight=60 141 44 75 190 195 1136 328 60 45 42 43 52 52 1351
leaf_count=60 141 44 75 190 195 1136 328 60 45 42 43 52 52 1351
internal_value=-0.000412058 -0.000466579 0.001775 -0.00054043 -0.000466954 -0.000375795 0.000372062 0.0014589 0.00293827 0.00406557 0.0055 0.00776842 -0.000601182 -9.18811e-05
internal_weight=3814 3754 119 3635 3494 3304 765 437 242 182 137 94 2539 1403
internal_count=3814 3754 119 3635 3494 3304 765 437 242 182 137 94 2539 1403
is_linear=0
shrinkage=0.03


Tree=336
num_leaves=15
num_cat=0
split_feature=42 40 85 85 77 0 43 61 16 23 5 66 60 84
split_gain=0.582103 1.2321 0.513016 0.527828 0.836345 1.0535 0.691949 0.660951 0.947029 0.81229 0.572117 0.517801 0.566498 0.557819
threshold=-285.2556362152099 36.630507273040308 -25.279912968476609 35.433146476745613 -31.812312424182888 -5.4999999999999991 10.114616283519835 0.67969911176106845 9.5000000000000018 3.886458277702332 40.27996754646302 -229.32036554813382 -64.930349230766282 191.74163279930755
decision_type=10 10 8 8 8 2 10 8 2 10 10 8 8 10
left_child=1 -1 -2 4 7 -6 -5 8 -4 -9 -7 -8 -13 -14
right_child=2 -3 3 6 5 10 11 9 -10 -11 -12 12 13 -15
leaf_value=0.92974229087759641 -0.10772095364699874 -0.0025245305990671102 0.13150452290874443 0.20064908412273852 -0.031562716656742935 0.16259296228709635 -0.69479781284026765 0.32193505986752713 -0.45502028605155342 -0.28807924371256988 0.26477032519036209 0.21261678363447672 -0.0053102696072119095 -0.2700734717113335
leaf_weight=40 961 134 56 49 44 40 74 47 110 63 40 53 2005 120
leaf_count=40 961 134 56 49 44 40 74 47 110 63 40 53 2005 120
internal_value=-0.000387804 0.00130286 -0.000468469 -0.000256477 0.000748129 0.002784 -0.000431365 -0.000173286 -0.00136527 0.00162162 0.00481481 -0.000508656 -0.000424048 -0.000500941
internal_weight=3836 174 3662 2701 400 124 2301 276 166 110 80 2252 2178 2125
internal_count=3836 174 3662 2701 400 124 2301 276 166 110 80 2252 2178 2125
is_linear=0
shrinkage=0.03


Tree=337
num_leaves=15
num_cat=0
split_feature=23 22 28 68 68 39 64 15 51 8 80 82 35 68
split_gain=0.548877 1.14546 0.953901 0.635098 0.725148 0.77488 1.01663 0.992524 0.816527 0.830057 0.938627 1.19988 0.633815 0.788328
threshold=13.114214062690737 12.7657687664032 206.50000000000003 0.16817388787274137 0.14684692262723634 1906.7528096026003 6.2811925567240587 1.5000000000000002 151.37168741226199 4.5117053425751559 33.236309289932258 143.17034693559012 21.887348790322584 -0.15368873780813311
decision_type=8 2 2 10 10 10 8 2 10 10 10 10 10 8
left_child=1 3 -2 4 5 7 -7 -1 9 -8 -11 -12 13 -9
right_child=2 -3 -4 -5 -6 6 8 12 -10 10 11 -13 -14 -15
leaf_value=-0.11518729978182264 -0.14090388607529261 0.25368519719442889 0.014847523888467523 -0.040701287296041132 0.43679446834949309 -0.13130824063247051 -0.13828417403716953 -0.12209435104988324 0.13017318061892011 -0.0075919122706722591 0.3088658104311206 -0.021717948157282247 0.14947933804643257 0.021356568264564214
leaf_weight=313 423 49 173 429 45 704 246 162 60 214 77 53 51 810
leaf_count=313 423 49 173 429 45 704 246 162 60 214 77 53 51 810
internal_value=-0.000400788 -0.000245489 -0.00123618 -0.000316588 -0.000148027 -0.000211818 -0.000717344 0.000300672 0.000138248 -0.000203046 0.000747825 0.00274809 0.000752929 0.00057965
internal_weight=3809 3213 596 3164 2735 2690 1354 1336 650 590 344 130 1023 972
internal_count=3809 3213 596 3164 2735 2690 1354 1336 650 590 344 130 1023 972
is_linear=0
shrinkage=0.03


Tree=338
num_leaves=15
num_cat=0
split_feature=61 79 79 36 33 27 6 16 11 8 84 3 57 81
split_gain=0.534462 0.533561 1.11166 1.51688 0.694982 0.68297 1.41862 1.71433 0.805768 0.659095 1.50167 0.908437 1.48823 1.60829
threshold=0.85802717533552342 275.37175887992549 42.34358018533613 0.40450861195542048 19.222995666305525 0.97362624623232097 1230.0000000000002 29.500000000000004 570.00000000000011 2.2424006315976475 -193.81024674574533 16.208333333343038 6.5000000000000009 3706.1434942483907
decision_type=10 10 10 8 10 8 8 2 2 10 10 2 10 10
left_child=1 2 5 4 -4 6 8 -8 9 10 -1 -11 -13 -14
right_child=-2 -3 3 -5 -6 -7 7 -9 -10 11 -12 12 13 -15
leaf_value=0.37565783345911996 -0.026584069884859646 -0.20783132346617578 -0.36438221674814297 0.31148957215079026 0.17658884482831472 -0.075133606141671846 -0.0069355412239930766 0.93128715013136254 -0.42755793065028747 -0.019468183526951895 -0.011180490816768909 0.22040701289306142 0.23325341188405335 -0.078786044513888528
leaf_weight=54 423 159 54 44 43 349 74 62 145 1534 78 255 110 436
leaf_count=54 423 159 54 44 43 349 74 62 145 1534 78 255 110 436
internal_value=-0.000290501 -0.000165098 -8.15074e-05 0.00251408 0.000397958 -0.000200453 -4.14703e-05 0.00293431 -0.000197475 -6.92876e-05 0.00198496 -0.000186216 0.000632169 -0.000252286
internal_weight=3820 3397 3238 141 97 3097 2748 136 2612 2467 132 2335 801 546
internal_count=3820 3397 3238 141 97 3097 2748 136 2612 2467 132 2335 801 546
is_linear=0
shrinkage=0.03


Tree=339
num_leaves=15
num_cat=0
split_feature=48 17 3 35 61 39 20 27 85 51 66 66 72 37
split_gain=0.510468 0.444898 0.7923 0.960843 0.477051 0.679625 0.933913 0.919177 0.823475 1.60931 0.55545 1.38624 1.45739 0.587492
threshold=420.30523606141418 16.500000000000004 8.1250000000000018 92.948611111111106 0.36525711224956259 1582.1982560240456 207.41329634189609 0.87931947570501789 97.019600232442244 36.718549370765693 -301.5292574167251 -215.17771553993222 -100.24059021472929 2455.5388438318864
decision_type=10 2 2 10 10 10 10 10 8 10 8 8 10 10
left_child=1 2 -1 -4 10 6 7 -6 9 -9 -3 12 -12 -13
right_child=-2 4 3 -5 5 -7 -8 8 -10 -11 11 13 -14 -15
leaf_value=0.030210364922511244 -0.47524356857623667 -1.1717422138213225 -0.17904820677045136 0.033939188846803539 0.29615958001074028 -0.038540731195687898 -0.045685523700349055 0.56033787477811159 -0.020077788773251289 -0.080112119553781599 -0.082783517780561949 0.0026669700401272247 0.29256362976113959 -0.2243573722157878
leaf_weight=67 63 50 367 42 59 678 205 68 126 76 40 1832 40 104
leaf_count=67 63 50 367 42 59 678 205 68 126 76 40 1832 40 104
internal_value=-0.000296229 -0.000250866 -0.00110692 -0.00160244 -0.000126259 -0.000598517 0.000201868 0.00119091 0.000442804 0.00198621 0.000150943 0.000229052 0.00407407 6.81459e-05
internal_weight=3817 3754 476 409 3278 1212 534 329 270 144 2066 2016 80 1936
internal_count=3817 3754 476 409 3278 1212 534 329 270 144 2066 2016 80 1936
is_linear=0
shrinkage=0.03


Tree=340
num_leaves=15
num_cat=0
split_feature=46 65 68 16 1 23 27 27 61 6 18 44 32 77
split_gain=0.707938 0.485343 0.545816 1.14738 1.06502 0.599517 0.556838 0.7744 0.979575 0.529508 0.540542 0.677507 0.840704 0.703937
threshold=510.00000000000006 1.1562631401165824 -0.13105399114743113 30.500000000000004 626.95470333099377 1.3285579681396487 0.94466316710411202 0.93949562741509063 0.14926988347402734 2970.0000000000005 1.0000000180025095e-35 36.018036961555488 0.15894736842105264 -108.47597461938857
decision_type=8 10 8 2 2 10 8 10 10 8 2 8 8 10
left_child=-1 2 3 4 -2 -6 7 9 -9 10 11 -4 13 -13
right_child=1 -3 6 -5 5 -7 -8 8 -10 -11 -12 12 -14 -15
leaf_value=0.13520137672043495 0.24460183351240161 -0.43955527145173684 -0.046703027082879135 0.029579089871767019 0.050008413521617702 -0.079749575839257514 -0.083356658125569846 0.34585966238746951 -0.057630518345192269 0.01695493162458599 -0.11642879740027959 0.0031956147323982339 -0.011771786526392606 0.24459255759046353
leaf_weight=42 59 168 521 73 52 287 773 46 43 55 320 270 956 144
leaf_count=42 59 168 521 73 52 287 773 46 43 55 320 270 956 144
internal_value=-0.000479528 -0.00052309 -0.000449167 0.000502118 -0.000135339 -0.000785295 -0.000592522 -0.000362904 0.00236667 -0.000471108 -0.000543852 -0.000350424 -7.14734e-10 0.00112771
internal_weight=3809 3767 3599 471 398 339 3128 2355 89 2266 2211 1891 1370 414
internal_count=3809 3767 3599 471 398 339 3128 2355 89 2266 2211 1891 1370 414
is_linear=0
shrinkage=0.03


Tree=341
num_leaves=15
num_cat=0
split_feature=77 83 83 70 14 50 23 84 42 51 3 82 71 33
split_gain=0.46987 1.14528 2.09326 1.20009 1.17408 1.39111 1.04239 1.01273 0.665065 0.659307 0.847312 0.634743 1.01179 0.795003
threshold=-144.97388792037961 105.92203414440156 131.57842433452609 0.62828947368421062 529.0739941642554 1376.5686182975771 8.0342426300048846 -117.1984350879987 42.311617016792304 205.07315599918368 14.708333333343036 -3.8289689620335889 13.500000000000002 17.181754161331629
decision_type=10 10 10 10 10 8 10 10 10 10 2 10 8 10
left_child=1 3 -3 4 7 -6 -4 -1 -9 -5 -11 12 -2 -14
right_child=11 2 6 9 5 -7 -8 8 -10 10 -12 -13 13 -15
leaf_value=-0.058792101891339869 -0.062890353562624179 0.32149824022065338 0.35937968792375047 -0.036007146902724545 0.3299737107483191 -0.0076840321120775386 -0.18576899730698718 0.18871084935204985 0.0039178971382885508 0.041707934568395118 -0.38195079458732623 -0.047665125747348346 0.0011935783556864469 0.23335523080916859
leaf_weight=257 390 61 93 1317 56 42 58 40 49 41 45 1023 249 123
leaf_count=257 390 61 93 1317 56 42 58 40 49 41 45 1023 249 123
internal_value=-0.000307413 1.4556e-06 0.00208451 -0.000238637 0.0011191 0.004 0.000177631 0.000293947 0.00303333 -0.000668804 0.00186207 -0.000663495 -7.86441e-06 0.00110992
internal_weight=3844 2059 212 1847 444 98 151 346 89 1403 86 1785 762 372
internal_count=3844 2059 212 1847 444 98 151 346 89 1403 86 1785 762 372
is_linear=0
shrinkage=0.03


Tree=342
num_leaves=15
num_cat=0
split_feature=75 9 64 75 26 36 49 27 24 27 81 3 60 43
split_gain=0.519393 1.01687 0.552457 0.649841 0.779042 1.27601 0.654042 0.767704 0.709158 0.633038 1.3948 1.62571 1.03773 0.788037
threshold=1146.9805258512499 2970.0000000000005 3.6664926312595116 261.74108421802526 149.50000000000003 0.26546556122448989 10.500000000000002 0.87244472256987915 30.500000000000004 0.92840054682159956 3706.1434942483907 15.291666666656967 -25.992049694061276 116.74885398950589
decision_type=10 2 8 8 2 8 10 10 2 10 8 2 8 10
left_child=1 2 -1 4 -4 -6 9 8 -8 10 11 13 -12 -5
right_child=-2 -3 3 6 5 -7 7 -9 -10 -11 12 -13 -14 -15
leaf_value=-0.09655175321955678 -0.16569885465319997 1.1490472320585186 -0.073557489497122611 0.13922309564885846 0.17684325367033826 -0.15944051526377265 0.20145107401330659 -0.21736266296248727 -0.27981785759437267 -0.014777110555486746 -0.26080531193475265 0.58130268898961557 0.014770331559358514 -0.27619900020652433
leaf_weight=398 209 40 639 41 71 40 49 280 43 698 241 54 931 63
leaf_count=398 209 40 639 41 71 40 49 280 43 698 241 54 931 63
internal_value=-0.000392576 -0.000307607 -0.000361793 -0.0002285 -0.000998669 0.0013125 1.24941e-05 -0.00114209 0.00122581 0.000224741 0.000608564 0.00324528 0.000250639 0.00102857
internal_weight=3797 3588 3548 3150 750 111 2400 372 92 2028 1330 158 1172 104
internal_count=3797 3588 3548 3150 750 111 2400 372 92 2028 1330 158 1172 104
is_linear=0
shrinkage=0.03


Tree=343
num_leaves=15
num_cat=0
split_feature=85 80 80 42 61 80 81 82 43 81 82 42 37 85
split_gain=0.785413 0.837448 0.757476 0.648074 1.84836 0.846334 0.815515 0.75185 1.12327 0.743301 1.55377 1.77504 0.696321 0.6676
threshold=-25.279912968476609 164.24278211593631 148.012978553772 -67.212146759033189 0.13446659675182984 127.00085854530336 7983.1920174360284 16.191405892372135 225.5543708952396 6775.2487986087808 6.6147942145665501 86.076736330986037 1148.0405127079318 -6.7217433055241882
decision_type=8 10 10 10 8 10 10 10 8 10 10 10 8 8
left_child=2 3 -1 4 -2 6 9 8 -6 13 -11 -12 -7 -5
right_child=1 -3 -4 5 7 12 -8 -9 -10 10 11 -13 -14 -15
leaf_value=-0.11301637671558018 0.29848907161771743 -0.038718322024256575 0.17170647565226624 0.15794161185206637 0.30863725160345851 0.38098603338935294 -0.10157362598278362 -0.66896052212834611 0.0027943405567531685 -0.15928276868119715 1.1826220810940034 -0.0056517961473491474 -0.00011492303250311475 -0.0057946032589075219
leaf_weight=873 54 405 75 61 46 64 382 77 205 60 55 56 68 1337
leaf_count=873 54 405 75 61 46 64 382 77 205 60 55 56 68 1337
internal_value=-0.000351925 -0.000104494 -0.00110011 0.000103406 0.0012376 -0.000105087 -0.000262808 0.000382978 0.00117857 4.01267e-05 0.00190116 0.00399107 0.00221053 -0.000188707
internal_weight=3818 2870 948 2465 382 2083 1951 328 251 1569 171 111 132 1398
internal_count=3818 2870 948 2465 382 2083 1951 328 251 1569 171 111 132 1398
is_linear=0
shrinkage=0.03


Tree=344
num_leaves=15
num_cat=0
split_feature=84 28 1 7 66 83 68 68 25 17 39 46 79 28
split_gain=0.678153 0.966023 0.908359 0.723534 1.13839 0.904548 1.05415 1.74842 1.00991 0.955483 0.793931 0.791303 0.898461 1.08019
threshold=31.175808588663738 161.50000000000003 605.53867006301891 2365.9671549680302 143.50935471057895 140.94113409519198 -0.19646349352067857 -0.14243832670721371 0.89596861471861489 17.500000000000004 1954.710738173188 870.00000000000011 9.8611592982772525 242.50000000000003
decision_type=8 2 2 8 10 8 8 10 10 2 10 10 10 2
left_child=-1 2 -2 11 5 6 -5 -8 -9 -7 -10 -3 -13 -14
right_child=1 3 -4 4 -6 9 7 8 10 -11 -12 12 13 -15
leaf_value=-0.028819900675600026 0.13027164362956686 -0.19043001959143355 -0.049297556179438318 -0.085092205525866729 -0.0372669770058391 0.062210708988041138 0.73845895853471832 0.31248169868323805 0.443424179592601 0.0029587880582666705 -0.032263866151319529 -0.17902140020004892 -0.024320080288291246 0.088209212565947007
leaf_weight=1653 41 159 792 40 232 56 44 60 55 463 47 80 67 53
leaf_count=1653 41 159 792 40 232 56 44 60 55 463 47 80 67 53
internal_value=-0.000345044 1.36915e-06 -0.000802159 0.000495209 0.000910821 0.00146867 0.00296356 0.00382609 0.00235583 0.000755769 0.000524271 -0.000658334 0.000597014 0.0022314
internal_weight=3842 2189 833 1356 997 765 246 206 162 519 102 359 200 120
internal_count=3842 2189 833 1356 997 765 246 206 162 519 102 359 200 120
is_linear=0
shrinkage=0.03


Tree=345
num_leaves=15
num_cat=0
split_feature=62 79 71 41 73 65 65 70 69 81 85 51 51 75
split_gain=0.639602 1.14942 1.405 1.05915 2.27745 0.768493 1.03121 0.700788 1.51453 0.875129 1.13876 0.665587 0.907234 0.704495
threshold=-0.082207587478339519 4.2890241682361081 15.500000000000002 52.715003490448005 1.9977046251296999 1.0188571649005735 0.94820677143922283 0.73030303030303034 303.47408884305224 5543.6277067661294 190.421635111173 -1389.9766005277631 -1089.9766005277631 738.56861829757702
decision_type=8 10 8 10 10 10 10 10 10 8 8 8 8 8
left_child=1 3 5 4 -1 6 -3 8 9 10 -2 -11 -13 -14
right_child=7 2 -4 -5 -6 -7 -8 -9 -10 11 -12 12 13 -15
leaf_value=0.2600374601557679 0.23101495831163726 -0.0019290441662024693 0.18859376087559623 -0.17290383207328636 -0.00053871971446176102 -0.24639075497711385 0.45467107839582849 -0.025303662286732372 1.0008490083313673 -0.069229534934652934 -0.039186075756609921 0.32594535485684029 0.784616137237654 -0.035931517866241755
leaf_weight=76 42 312 40 55 81 344 42 1997 41 277 49 52 42 403
leaf_count=76 42 312 40 55 81 344 42 1997 41 277 49 52 42 403
internal_value=-0.000391542 0.000283911 -0.000276049 0.00222535 0.00347468 -0.000592275 0.000388732 -0.000612604 7.93819e-05 -0.000190532 0.00257609 -0.00051871 0.000138554 -0.000302691
internal_weight=3853 950 738 212 157 698 354 2903 906 865 91 774 497 445
internal_count=3853 950 738 212 157 698 354 2903 906 865 91 774 497 445
is_linear=0
shrinkage=0.03


Tree=346
num_leaves=15
num_cat=0
split_feature=85 77 3 3 3 77 61 51 3 82 20 17 30 39
split_gain=0.570741 0.931356 1.39641 0.887478 0.700108 0.651833 0.826121 0.852342 1.39912 0.816402 0.744917 1.05817 0.932888 1.04838
threshold=-25.279912968476609 -43.542308747768395 11.708333333343036 14.875000000000002 0.29166666665696545 -102.10408639907835 0.98093540973849846 206.67701900005343 15.375000000000002 34.581902742385871 662.44134294986736 27.500000000000004 5.9500000000000011 2872.9873543430294
decision_type=8 10 2 2 2 10 10 10 2 10 8 2 10 10
left_child=1 -1 -3 -4 -2 6 7 -6 -9 10 -7 12 -12 -14
right_child=4 2 3 -5 5 9 -8 8 -10 -11 11 -13 13 -15
leaf_value=-0.14030691228991657 0.39568719761170734 0.68967229562761179 -0.82575044552747923 0.22614031396690651 -0.0038838901863308328 -0.15137864622779409 0.13158276323741383 0.36154290570233488 -0.40977737027711836 -0.069260963619822202 -0.0051295218598143167 -0.052815067957670707 0.62336030219864558 0.013613274865035059
leaf_weight=807 46 40 63 50 1713 132 72 43 44 394 61 240 41 59
leaf_count=807 46 40 63 50 1713 132 72 43 44 394 61 240 41 59
internal_value=-0.000398056 -0.00103018 0.00111039 -0.000605264 -0.00018447 -0.000245358 7.68813e-05 -4.9973e-05 0.00282954 -0.000895475 -0.000129214 0.000514925 0.00238889 0.00415842
internal_weight=3805 960 153 113 2845 2799 1872 1800 87 927 533 401 161 100
internal_count=3805 960 153 113 2845 2799 1872 1800 87 927 533 401 161 100
is_linear=0
shrinkage=0.03


Tree=347
num_leaves=15
num_cat=0
split_feature=77 29 29 66 33 28 68 83 81 41 38 31 34 14
split_gain=0.594573 0.528598 0.644843 0.733991 1.04797 0.464659 1.05236 1.07269 0.830166 1.11727 0.827604 0.901527 0.888909 0.717402
threshold=29.977396488189701 0.91264255734090827 0.93166584744626668 190.68568563461307 18.388392857142858 224.50000000000003 0.0685278732435365 13.079893589019777 4536.5667403936395 58.60452330112458 4601.9831466874621 12.670000000000003 0.32650501672240811 441.24208658664645
decision_type=10 10 10 10 10 2 10 10 8 10 8 8 10 10
left_child=5 -2 3 4 -3 -1 7 8 9 -7 11 12 -10 -9
right_child=1 2 -4 -5 -6 6 -8 13 10 -11 -12 -13 -14 -15
leaf_value=-0.024334865836357505 -0.28138457254095883 -0.0027748583227189187 -0.091861024468841188 -0.20767664459483556 0.14094502681506388 0.1837765797572064 -0.14862610046216548 -0.14779078824365013 0.50885580601936409 1.0334551051544592 0.12006795323189499 -0.14905110704251692 -0.042069030365910094 0.03396216608154741
leaf_weight=2230 211 86 176 53 46 57 287 144 69 45 99 170 46 92
leaf_count=2230 211 86 176 53 46 57 287 144 69 45 99 170 46 92
internal_value=-0.000480851 -0.00137173 -0.000671271 0.000564515 0.0017594 -0.000323149 0.00021089 0.000821576 0.00162628 0.00401942 0.000981817 0.000157342 0.00219828 -0.000835444
internal_weight=3811 572 361 185 132 3239 1009 722 486 102 384 285 115 236
internal_count=3811 572 361 185 132 3239 1009 722 486 102 384 285 115 236
is_linear=0
shrinkage=0.03


Tree=348
num_leaves=15
num_cat=0
split_feature=76 17 24 77 41 63 37 61 84 3 41 61 53 77
split_gain=0.587921 0.620266 0.662408 0.518628 0.533651 0.45169 0.951584 0.780278 0.690751 0.459673 0.796309 0.475631 0.710212 0.781275
threshold=-36.556874513626092 13.500000000000002 55.500000000000007 106.79547423124315 405.10230302810675 401.70756633579725 1611.4565824803392 0.73513369580305932 -119.93984699249266 21.375000000000004 34.16923654079438 0.9383358852641267 7.5000000000000009 -151.74329483509061
decision_type=8 2 2 10 8 10 8 8 8 2 8 10 10 10
left_child=-1 2 -2 5 -5 9 7 8 -7 11 -11 -3 -13 -14
right_child=1 3 -4 4 -6 6 -8 -9 -10 10 -12 12 13 -15
leaf_value=0.0076847812397166449 -0.3751167768996142 -0.0061504862952640339 0.02973633212472275 -0.30338654561380424 0.015294281960238947 -0.2565304036057402 0.58899989965065636 -0.31304491323622496 0.021983313108856706 0.093135274814900165 -0.1385090691806902 -0.135807895323137 0.52998262877695623 -0.0065681601135178765
leaf_weight=44 167 2769 40 138 45 49 50 53 58 49 198 83 58 49
leaf_count=44 167 2769 40 138 45 49 50 53 58 49 198 83 58 49
internal_value=-0.000342769 -0.000382979 -0.00197596 -0.000290834 -0.00184239 -0.0002072 0.00113744 -7.10813e-10 0.00147222 -0.000295604 -0.00153629 -0.000191555 0.00125654 0.00286111
internal_weight=3850 3806 207 3599 183 3416 210 160 107 3206 247 2959 190 107
internal_count=3850 3806 207 3599 183 3416 210 160 107 3206 247 2959 190 107
is_linear=0
shrinkage=0.03


Tree=349
num_leaves=15
num_cat=0
split_feature=29 39 14 37 58 62 29 59 37 73 0 3 82 85
split_gain=0.469727 0.646058 1.52641 1.16269 1.90066 1.15884 1.10973 1.08352 1.14716 1.04983 0.761435 1.29901 1.06899 2.47416
threshold=0.99795918367346947 2054.4928767943197 466.10639599691336 1501.8306612753838 78.15638923645021 -0.21396673651301337 0.95761545572971396 79.720032453537002 1752.4671785759872 1.5880572795867922 47.500000000000007 15.291666666656967 110.36290669441225 25.882110277811694
decision_type=8 8 8 10 8 10 10 8 8 8 2 2 10 10
left_child=1 2 3 10 5 -5 -3 8 -8 -7 11 12 13 -1
right_child=-2 6 -4 4 -6 9 7 -9 -10 -11 -12 -13 -14 -15
leaf_value=0.073907585307994725 -0.15068557706044619 -0.040866682795405403 -0.13949065317035853 0.15822591851406217 0.71932537256290618 0.38606048115186281 0.41810188606148452 -0.18227337352083611 -0.099505359544643096 -0.016214774587641031 -0.049258557731247835 -0.039577746797077595 -0.028084704585959405 0.79147141409177579
leaf_weight=285 132 1643 316 55 48 61 74 45 48 224 437 321 48 52
leaf_count=285 132 1643 316 55 48 61 74 45 48 224 437 321 48 52
internal_value=-0.000323747 -0.000259979 0.00013474 0.000526762 0.00194344 0.00114369 -0.000662618 0.00166071 0.00312195 0.000367132 4.45797e-05 0.000653465 0.00182642 0.00242308
internal_weight=3789 3657 1847 1531 388 340 1810 167 122 285 1143 706 385 337
internal_count=3789 3657 1847 1531 388 340 1810 167 122 285 1143 706 385 337
is_linear=0
shrinkage=0.03


Tree=350
num_leaves=15
num_cat=0
split_feature=4 61 7 79 74 59 71 30 4 39 31 63 33 23
split_gain=0.525936 0.721926 0.691064 0.631357 0.597071 1.26046 0.565847 0.596579 1.02528 0.705667 0.908364 1.27113 0.776407 0.622672
threshold=6.5000000000000009 0.016539681691803285 4925.3465560779887 5.2616281241160108 65.562702074566957 127.54545378684999 12.500000000000002 16.850000000000005 9.5000000000000018 1405.6979592793325 10.102631578947369 -1.0000000180025095e-35 2.339583333333334 3.2718608379364018
decision_type=2 8 10 10 8 8 10 10 2 10 8 8 10 10
left_child=1 -1 3 -3 5 -2 7 8 9 10 12 -12 -6 -11
right_child=4 2 -4 -5 6 -7 -8 -9 -10 13 11 -13 -14 -15
leaf_value=0.0097799489768420154 -0.038267554382647853 -0.33581181831493467 0.0074246459907525474 -0.028077874178183002 0.17677825331432764 0.095656441062645731 0.003521183532800792 -0.090199948494988039 0.69538737850558163 -0.27077030885312314 0.64985931222338167 -3.0554177496817441e-05 -0.61872505708552406 -0.0037055191628259185
leaf_weight=78 77 303 41 778 47 42 1312 505 57 173 41 63 65 276
leaf_count=78 77 303 41 778 47 42 1312 505 57 173 41 63 65 276
internal_value=-0.000278311 -0.000799335 -0.000993767 -0.00113956 -4.2874e-05 0.002025 -0.000140552 -0.000603421 -4.97932e-05 -0.000382884 0.00102304 0.00302857 -0.000849558 -0.00106
internal_weight=3858 1200 1122 1081 2658 119 2539 1227 722 665 216 104 112 449
internal_count=3858 1200 1122 1081 2658 119 2539 1227 722 665 216 104 112 449
is_linear=0
shrinkage=0.03


Tree=351
num_leaves=15
num_cat=0
split_feature=39 71 26 74 38 35 85 38 28 28 77 63 83 17
split_gain=0.513978 1.09648 0.636054 1.1509 2.23319 1.00847 1.1605 0.964703 1.44556 0.93158 0.910637 1.33367 1.51667 0.884094
threshold=4512.7353701189886 6.5000000000000009 80.500000000000014 78.575874777585923 742.29137611075464 17.39231761238025 15.846431692441309 4815.3421930484574 396.50000000000006 317.50000000000006 -244.4408195018768 37.37844707045889 -36.715108990669243 24.500000000000004
decision_type=10 8 2 8 10 8 8 10 2 2 10 10 10 2
left_child=2 -2 3 4 -1 6 -4 8 13 10 -8 12 -12 -7
right_child=1 -3 5 -5 -6 7 9 -9 -10 -11 11 -13 -14 -15
leaf_value=-0.033080047301376495 0.4391828655218602 0.0029907038548406296 -0.18520329777379496 -0.15246980409685471 0.79544304347434736 -0.84397329561756185 -0.017984014025835725 -0.022383961035237782 0.27017780049333368 -0.19440901966316498 0.52922389479907617 -0.0023862043484612554 0.069603908651011945 0.017973128770966195
leaf_weight=206 49 497 741 747 51 79 358 103 64 107 98 319 143 278
leaf_count=206 49 497 741 747 51 79 358 103 64 107 98 319 143 278
internal_value=-0.000226504 0.000625228 -0.000367831 -0.000997016 0.000732557 -9.16637e-05 -0.000434636 0.00106286 0.00169905 0.000219298 0.000528835 0.00128342 0.00296281 0.000946927
internal_weight=3840 546 3294 1004 257 2290 1766 524 421 1025 918 560 241 357
internal_count=3840 546 3294 1004 257 2290 1766 524 421 1025 918 560 241 357
is_linear=0
shrinkage=0.03


Tree=352
num_leaves=15
num_cat=0
split_feature=8 7 29 32 28 82 35 42 42 16 77 77 83 7
split_gain=0.591755 0.959078 0.68553 0.908586 0.585508 1.01636 0.820098 0.732876 1.22004 0.994475 0.72077 1.14075 0.950774 0.940738
threshold=6.161102029410034 4343.8164385623313 0.92909124589816883 0.20942982456140355 147.50000000000003 66.283704678217575 92.948611111111106 -99.649114489555345 -112.9021781682968 28.500000000000004 -242.23714649677274 -211.71267640590665 140.94113409519198 3649.7363915815845
decision_type=10 10 10 10 2 8 10 10 10 2 8 8 10 10
left_child=4 -2 -3 -4 6 7 -1 8 9 -6 -7 -12 13 -13
right_child=1 2 3 -5 5 10 -8 -9 -10 -11 11 12 -14 -15
leaf_value=-0.12528854554450838 0.54855996653963146 -0.041160636712567332 -0.028000523064260891 0.53794677444782402 -0.18274114285202572 -0.36404467283750136 0.0285380236653738 -0.066495592765080977 0.25875318493733029 0.3241254457228363 0.36442740724197226 0.024770775120901242 -0.16362538281000241 -0.11844065481069427
leaf_weight=820 46 236 42 47 167 102 40 1085 56 40 59 793 145 135
leaf_count=820 46 236 42 47 167 102 40 1085 56 40 59 793 145 135
internal_value=-0.000419246 0.000717741 0.000138036 0.00236667 -0.00054197 -0.000315912 -0.00121951 -0.000885101 0.00053409 -0.000533655 0.000306072 0.000524271 0.000298882 0.000652314
internal_weight=3813 371 325 89 3442 2582 860 1348 263 207 1234 1132 1073 928
internal_count=3813 371 325 89 3442 2582 860 1348 263 207 1234 1132 1073 928
is_linear=0
shrinkage=0.03


Tree=353
num_leaves=15
num_cat=0
split_feature=80 29 28 71 85 61 82 82 5 14 81 66 22 67
split_gain=0.54353 0.612886 0.891504 1.03989 1.04016 0.540376 0.67901 0.980927 0.957306 0.756366 0.461085 0.429558 0.408176 0.374025
threshold=366.11366200447088 0.53153358501317771 131.50000000000003 15.500000000000002 87.553562939167037 0.028243811252035466 119.24064238866173 68.162252843379989 34.926844000816352 440.36884289470623 1639.4267635345461 -150.44089114665982 8.9433181285858172 -147.85418197465319
decision_type=10 8 2 8 8 8 8 10 10 10 8 10 2 8
left_child=1 2 12 4 -4 6 7 8 -3 -10 -7 -8 -1 -12
right_child=-2 5 3 -5 -6 10 11 -9 9 -11 13 -13 -14 -15
leaf_value=-0.41903815812355649 -0.54124127855700865 -0.37428620026272302 0.17785498113153722 0.17025534617536806 -0.093675494035203324 0.0095997436913586708 0.0076426738682548612 0.33477519902040925 0.33405723259058989 -0.15417174052016286 -0.36756027434295763 -0.093946408003944271 0.0034664685932789463 -0.016041426466206422
leaf_weight=60 71 117 65 71 86 68 80 67 69 41 196 108 48 2672
leaf_count=60 71 117 65 71 86 68 80 67 69 41 196 108 48 2672
internal_value=-0.000376179 -0.000326488 0.000906344 0.00199103 0.000572368 -0.000445745 0.000484471 0.00138305 0.00043421 0.00243243 -0.000598571 -0.000920636 -0.0013211 -0.000656676
internal_weight=3819 3748 330 222 151 3418 482 294 227 110 2936 188 108 2868
internal_count=3819 3748 330 222 151 3418 482 294 227 110 2936 188 108 2868
is_linear=0
shrinkage=0.03


Tree=354
num_leaves=15
num_cat=0
split_feature=45 17 38 8 36 37 30 5 5 56 26 81 76 58
split_gain=0.66967 0.897966 0.884096 0.879356 0.710217 0.915674 0.693199 0.923319 1.1753 0.580272 0.535511 0.531036 0.547887 1.05326
threshold=11.500000000000002 41.500000000000007 21941.496939254361 5.7313569727385891 0.1977383082034245 1155.0776948291843 8.2500000000000018 1.972092390060425 45.726701140403755 -192.69682474931079 61.500000000000007 39826.74358308316 2010.795796632767 2023.3458130359652
decision_type=8 2 8 10 10 8 10 8 10 10 2 10 10 10
left_child=9 2 3 4 -2 -6 -3 -8 -9 -1 -11 12 -12 -14
right_child=1 6 -4 -5 5 -7 7 8 -10 10 11 -13 13 -15
leaf_value=0.070726161195527923 0.10719241904927027 -0.37635028134196352 -0.17902933577533037 0.73835871994677493 0.13332955251581616 -0.12663648903861291 -0.1303587537519407 0.17484519494256362 -0.0049363626498172769 -0.22963800974751195 -0.01726146014326517 0.025544741157667018 0.32058994184750256 -0.21708907914031153
leaf_weight=61 60 79 60 40 91 45 57 62 99 179 2883 40 44 51
leaf_count=61 60 79 60 40 91 45 57 62 99 179 2883 40 44 51
internal_value=-0.00033567 0.000590908 0.00175758 0.00258228 0.00173604 0.000525547 -0.000573826 0.000301369 0.00146296 -0.00050445 -0.000560038 -0.000465055 -0.000511582 0.00171875
internal_weight=3851 593 296 236 196 136 297 218 161 3258 3197 3018 2978 95
internal_count=3851 593 296 236 196 136 297 218 161 3258 3197 3018 2978 95
is_linear=0
shrinkage=0.03


Tree=355
num_leaves=15
num_cat=0
split_feature=9 75 73 58 2 80 83 39 62 61 3 35 15 17
split_gain=0.575602 1.57083 1.2147 0.679749 0.997225 0.997325 0.865514 0.809628 1.23462 0.728534 0.704182 0.703031 1.2393 1.00718
threshold=570.00000000000011 107.15816259384157 -26.973121404647824 542.50548350811016 1.0000000180025095e-35 -44.078241586685174 299.95072662830358 1473.5192567868955 -0.21396673651301337 0.84458964745171738 0.37500000000000006 14.198214285714288 39.500000000000007 39.500000000000007
decision_type=2 10 10 8 2 8 8 10 8 8 2 10 2 2
left_child=1 3 -3 7 5 -5 -7 8 -1 11 -9 -10 13 -13
right_child=-2 2 -4 4 -6 6 -8 10 9 -11 -12 12 -14 -15
leaf_value=0.077907251985723583 -0.05270055223883139 0.48218770755486545 -0.0027328365159083696 0.30484251542820495 -0.046721123326991278 -0.14541870054990078 0.098382214060055095 0.21595319935562374 -0.030303417295361918 -0.21742040136716609 -0.031631525873730561 0.35330436947741584 0.2756552360902742 -0.15146671792595584
leaf_weight=78 565 48 54 42 156 68 143 46 280 185 1924 96 41 107
leaf_count=78 565 48 54 42 156 68 143 46 280 185 1924 96 41 107
internal_value=-0.000362286 -0.000209239 0.00343689 -0.000327756 0.000812194 0.00197244 0.00111792 -0.0004971 0.000315989 -8.02824e-05 -0.000821919 0.000491428 0.00166531 0.000691176
internal_weight=3833 3268 102 3166 409 253 211 2757 787 709 1970 524 244 203
internal_count=3833 3268 102 3166 409 253 211 2757 787 709 1970 524 244 203
is_linear=0
shrinkage=0.03


Tree=356
num_leaves=15
num_cat=0
split_feature=27 59 60 18 29 4 43 32 81 68 38 2 80 80
split_gain=0.608361 0.957164 0.640718 0.716973 0.734843 0.684448 0.669311 1.00637 0.600982 1.57894 0.758916 0.699858 0.929132 1.04443
threshold=0.97189680136896162 585.41130781173717 545.25383734703075 1.0000000180025095e-35 0.920697250493696 3.5000000000000004 11.278484205491464 0.19292803970223329 4668.6520421504983 0.56171430778013531 3137.3776235750543 1.0000000180025095e-35 -44.078241586685174 -69.921666026115403
decision_type=10 10 10 2 10 2 10 10 8 8 8 2 10 10
left_child=1 2 3 6 -5 -6 7 -1 9 -8 -10 12 13 -12
right_child=-2 -3 -4 4 5 -7 8 -9 10 -11 11 -13 -14 -15
leaf_value=0.19393895163453839 -0.11002411499252639 1.727547066633242 0.043299307417262942 -0.23876941464409107 -0.89208352687479675 0.094450322298548814 0.00043254207929210013 -0.035711293735070031 -0.15312290856969363 0.46306440165822138 0.016965323669414247 -0.076309461555663718 -0.01602625400603902 0.39962815446299599
leaf_weight=46 405 41 71 314 45 116 712 44 948 43 560 86 416 42
leaf_count=46 405 41 71 314 45 116 712 44 948 43 560 86 416 42
internal_value=-0.000415682 -0.000287519 -0.000342335 -0.000402017 -0.00148109 0.000166666 -0.000224638 0.00230769 -0.000306625 0.000416666 -0.000572821 -3.80098e-05 0.000182531 0.000935323
internal_weight=3889 3484 3443 3372 475 161 2897 90 2807 755 2052 1104 1018 602
internal_count=3889 3484 3443 3372 475 161 2897 90 2807 755 2052 1104 1018 602
is_linear=0
shrinkage=0.03


Tree=357
num_leaves=15
num_cat=0
split_feature=43 67 72 72 46 85 45 20 3 22 3 14 14 50
split_gain=0.526759 1.11796 0.820872 0.510059 0.46154 0.465633 0.67787 0.920125 0.731219 0.828937 0.479677 0.636083 0.912456 1.22144
threshold=11.278484205491464 123.52275986472766 46.518862366676338 37.42152130603791 510.00000000000006 -40.487925648689263 7.5000000000000009 686.67701900005352 16.291666666656969 7.1142140626907358 0.29166666665696545 472.4095040465449 441.24208658664645 62.978373885154731
decision_type=8 8 10 10 8 8 10 8 2 2 2 8 10 10
left_child=1 -1 3 4 -2 6 -6 -8 -9 -10 -7 12 -12 -14
right_child=2 -3 -4 -5 5 10 7 8 9 -11 11 -13 13 -15
leaf_value=-0.019534809356897082 0.066209242656907016 0.15816256270728002 -0.36401568675064461 1.1716517113424276 -0.24942373120819372 0.4584459680379746 0.26864715602504879 -0.20964178062354835 -0.026488545395127079 0.42942353561406787 -0.0051300575594124959 -0.030743940264754781 0.41552614330455151 -0.063593458826803284
leaf_weight=45 42 49 158 40 468 40 42 129 85 46 1726 838 94 63
leaf_count=45 42 49 158 40 468 40 42 129 85 46 1726 838 94 63
internal_value=-0.000438438 0.00176842 -0.000493903 -0.000400942 -0.000439005 -0.000476501 -0.00112841 -1.98027e-05 -0.000689656 0.000886363 -0.000294353 -0.000342763 -3.66249e-05 0.00214557
internal_weight=3865 94 3771 3613 3573 3531 770 302 260 131 2761 2721 1883 157
internal_count=3865 94 3771 3613 3573 3531 770 302 260 131 2761 2721 1883 157
is_linear=0
shrinkage=0.03


Tree=358
num_leaves=15
num_cat=0
split_feature=14 43 82 25 40 27 3 68 51 27 60 7 57 0
split_gain=0.641422 0.990962 0.864963 1.07896 1.57281 0.781935 0.75385 1.8961 1.3008 1.06336 0.816692 1.44015 0.787323 0.819073
threshold=300.22566295837902 276.71974132919621 67.015349348386152 0.9388999502239922 251.51961241638557 0.90294884799304465 11.541666666656967 -0.15812866945919796 122.44134294986726 0.95059381307797042 275.40367996692663 2215.0466277858545 8.5000000000000018 133.50000000000003
decision_type=10 8 10 10 10 10 2 8 8 10 10 10 10 2
left_child=6 2 -2 4 -4 -6 7 -1 12 -10 -8 -12 -9 -14
right_child=1 -3 3 -5 5 -7 10 8 9 -11 11 -13 13 -15
leaf_value=0.20762402636833643 -0.011896159087839531 -0.060738917370780098 0.33245918508011518 -0.014712246037535216 0.31553578180213243 -0.10519714205564411 -0.018277098964786909 -0.099667253182825641 0.4100501035992507 -0.01177554622431597 -0.025715746939212716 0.11979676576503052 -0.008087495226238705 0.10421099765319758
leaf_weight=64 657 1394 56 137 55 59 771 185 60 50 99 41 156 56
leaf_count=64 657 1394 56 137 55 59 771 185 60 50 99 41 156 56
internal_value=-0.000351472 -0.000658754 8.08283e-05 0.00139286 0.00298246 0.00093913 0.000137558 0.000991258 0.000372047 0.00324324 -0.000398027 0.00170213 -0.000429649 0.000816901
internal_weight=3840 2358 964 307 170 114 1482 571 507 110 911 140 397 212
internal_count=3840 2358 964 307 170 114 1482 571 507 110 911 140 397 212
is_linear=0
shrinkage=0.03


Tree=359
num_leaves=15
num_cat=0
split_feature=9 28 42 76 33 35 41 3 76 39 50 83 69 35
split_gain=0.48894 0.484655 0.737063 0.84389 0.820516 0.893115 0.770643 1.36513 0.978039 0.691181 1.17941 0.689144 0.946542 0.890277
threshold=90.000000000000014 206.50000000000003 39.35622692108155 1905.8000824451449 20.704554554554559 21.740964912280706 -85.930968284606919 8.7916666666569672 336.38815021514898 1075.4034870172911 2036.9026728868487 73.615269303321853 233.0545760265457 10.476731601731602
decision_type=2 2 8 8 10 10 8 2 10 8 8 10 10 10
left_child=-1 2 6 -4 9 -6 7 -2 -9 10 -5 12 13 -3
right_child=1 11 3 4 5 -7 -8 8 -10 -11 -12 -13 -14 -15
leaf_value=0.09696390073459521 0.050140651807322557 0.15920950331468614 -0.16218822750549336 0.30284014663454772 0.24046763597395987 0.047903775877461176 -0.10630545949225206 -0.57293585455904938 0.20969202627952149 -0.021647573619287964 -0.16927745608955222 -0.072891205728293315 -0.09244504797634634 0.0018361780042779878
leaf_weight=55 40 252 222 73 53 100 806 204 75 544 66 290 268 800
leaf_count=55 40 252 222 73 53 100 806 204 75 544 66 290 268 800
internal_value=-0.000372565 -0.000413548 -0.000704671 -0.000135978 0.000301075 0.00227922 -0.0012389 9.37429e-06 -0.000739286 -0.000144738 0.00173571 -1.86227e-05 0.00027252 0.000678062
internal_weight=3848 3793 2183 1058 836 153 1125 319 279 683 139 1610 1320 1052
internal_count=3848 3793 2183 1058 836 153 1125 319 279 683 139 1610 1320 1052
is_linear=0
shrinkage=0.03


Tree=360
num_leaves=15
num_cat=0
split_feature=46 28 69 29 69 35 69 3 14 25 79 23 35 85
split_gain=0.838054 0.571625 0.647655 0.617616 0.609013 0.587993 0.932089 1.1022 0.817047 0.667663 0.622398 0.608116 0.646701 1.86141
threshold=510.00000000000006 208.50000000000003 252.94045415282372 0.93514435937644136 746.3994327310711 10.131225851773797 -58.514433729994643 11.208333333343036 595.44629279962362 0.98473193473193488 8.1371933716590323 6.8024632930755624 16.736403940886703 -62.749523758888245
decision_type=8 2 10 10 10 10 10 2 8 10 8 10 10 8
left_child=-1 4 5 -4 -2 6 8 -8 10 11 -3 12 -7 -14
right_child=1 2 3 -5 -6 9 7 -9 -10 -11 -12 -13 13 -15
leaf_value=0.086629087895911117 -0.027798713926407499 0.13489363594746143 -0.18687120308661526 0.0042623371086061082 0.24451866417119231 -0.0089240801861409143 0.13179206222630205 0.31549295528097887 0.44789849279745991 0.084911835444439324 -0.093160751087035393 -0.090732842507585829 0.56691973220068226 0.0055477815013055378
leaf_weight=44 2162 59 204 73 40 455 41 42 41 59 117 242 40 200
leaf_count=44 2162 59 204 73 40 455 41 42 41 59 117 242 40 200
internal_value=-0.000336912 -0.000385329 5.14605e-05 -0.00126259 -0.000697232 0.000333076 0.00149502 0.00417857 0.000454128 -1.80549e-05 -0.000440679 -0.000214286 0.000237068 0.00149378
internal_weight=3819 3775 1573 277 2202 1296 300 83 217 996 176 937 695 240
internal_count=3819 3775 1573 277 2202 1296 300 83 217 996 176 937 695 240
is_linear=0
shrinkage=0.03


Tree=361
num_leaves=15
num_cat=0
split_feature=70 77 26 79 14 79 60 35 4 5 39 33 14 84
split_gain=0.524595 0.850433 0.820371 0.70149 1.32269 0.924843 0.626676 0.585004 1.20622 1.21148 1.7403 1.06223 0.984998 1.10714
threshold=0.75735294117647067 -146.72816359996793 80.500000000000014 9.3037554951707051 529.0739941642554 23.72087392036175 10.313685178756716 17.39231761238025 8.5000000000000018 2.4722244739532475 2417.8878186046354 25.527142857142859 469.29517163985491 -105.07144588232039
decision_type=10 8 2 10 10 10 10 8 2 10 10 10 10 10
left_child=1 3 -2 6 5 -5 -1 -4 9 10 -9 12 13 -10
right_child=2 -3 7 4 -6 -7 -8 8 11 -11 -12 -13 -14 -15
leaf_value=-0.081060841597243041 -0.16046665610956226 -0.010265251487344215 -0.019616809447213085 0.23767552154057325 0.25717456696562213 -0.096131531975995554 0.16945768267963043 0.19918554079366585 0.4378659930079537 -0.035843707424429369 -0.31374510947002682 -0.038458613793539445 0.58140383569797283 -0.18658983786625724
leaf_weight=44 519 805 1759 72 47 44 40 41 42 290 42 41 41 40
leaf_count=44 519 805 1759 72 47 44 40 41 42 290 42 41 41 40
internal_value=-0.000377715 0.000193731 -0.000591265 0.00172984 0.00287195 0.0011282 -0.000494118 -0.00034741 0.000518587 -0.000425134 0.00275 0.00265454 0.00404032 0.00209638
internal_weight=3867 1052 2815 247 163 116 84 2296 537 373 83 164 123 82
internal_count=3867 1052 2815 247 163 116 84 2296 537 373 83 164 123 82
is_linear=0
shrinkage=0.03


Tree=362
num_leaves=15
num_cat=0
split_feature=76 56 36 31 50 53 44 53 31 82 83 8 49 17
split_gain=0.788008 0.688247 0.819781 1.26601 0.427283 0.760723 0.768616 0.561999 0.482071 0.466019 1.03727 0.885035 0.95134 0.830798
threshold=-42.405506014823906 -181.32317801316574 0.99305555555555569 1.7645833333333336 1473.1038138866427 17.500000000000004 2107.7441546916966 3.5000000000000004 103.19500000000002 26.559634009997051 105.92203414440156 2.1394989352889313 7.5000000000000009 32.500000000000007
decision_type=8 10 10 8 10 10 8 10 8 8 10 10 10 2
left_child=-1 2 3 -2 5 6 7 -3 9 10 -9 12 13 -11
right_child=1 4 -4 -5 -6 -7 -8 8 -10 11 -12 -13 -14 -15
leaf_value=0.014305592399454906 1.1592743634387226 -0.3239714560288991 -0.33450394805127559 0.0074655399797068159 -0.077907385610666929 0.38261951824434365 0.27710069918130414 -0.10037165948914564 -0.25382657206583081 -0.75128711510213297 0.36978474802350114 -0.0098779118207143763 0.20927608632867392 0.052998387641464743
leaf_weight=40 44 135 48 127 286 48 63 1003 95 65 47 1633 103 47
leaf_count=40 44 135 48 127 286 48 63 1003 95 65 47 1633 103 47
internal_value=-0.000478733 -0.000523899 0.00110454 0.00207558 -0.000625355 -0.000526853 -0.000583647 -0.000650049 -0.000564129 -0.000494654 -0.000999049 -0.000207681 0.00159722 -0.000318585
internal_weight=3784 3744 219 171 3525 3239 3191 3128 2993 2898 1050 1848 215 112
internal_count=3784 3744 219 171 3525 3239 3191 3128 2993 2898 1050 1848 215 112
is_linear=0
shrinkage=0.03


Tree=363
num_leaves=15
num_cat=0
split_feature=53 3 1 42 1 73 63 3 3 81 28 81 46 85
split_gain=0.588023 0.823749 0.86148 0.738629 0.663181 1.04713 0.865767 0.679697 1.43632 1.30659 1.69974 1.06231 1.57636 0.818774
threshold=6.5000000000000009 10.791666666656967 711.46575736999523 -88.699519634246812 703.1989827156068 -4.3722749948501578 485.37242895863409 15.208333333343036 17.125000000000004 4709.7794868946085 210.50000000000003 3706.1434942483907 690.00000000000011 172.67275679111484
decision_type=8 2 2 10 2 8 10 2 2 8 2 8 10 10
left_child=1 2 3 -1 7 -6 -7 13 9 10 -9 12 -10 -2
right_child=4 -3 -4 -5 5 6 -8 8 11 -11 -12 -13 -14 -15
leaf_value=0.10512405069412649 -0.0052025889367811832 -0.15739820555581335 0.11251377593516007 -0.018862912503012644 0.18643120370843982 -0.099799286728294606 0.023136606238549118 0.60801642423549174 0.81404149619312971 0.02042942558069143 0.040903013661105679 -0.024403400085430557 -0.031336455809825442 -0.23090620855774058
leaf_weight=40 1167 655 59 136 40 608 57 52 40 166 40 599 43 121
leaf_count=40 1167 655 59 136 40 608 57 52 40 166 40 599 43 121
internal_value=-0.000402459 -0.00107744 0.000444915 -0.00061017 -0.000197342 -0.000998584 -0.00128378 5.65269e-05 0.0006695 0.00257143 0.00541935 -5.27094e-05 0.00310714 -0.000391001
internal_weight=3823 890 235 176 2933 705 665 2228 940 258 92 682 83 1288
internal_count=3823 890 235 176 2933 705 665 2228 940 258 92 682 83 1288
is_linear=0
shrinkage=0.03


Tree=364
num_leaves=15
num_cat=0
split_feature=76 79 79 22 39 16 48 49 7 32 79 83 31 1
split_gain=0.783715 0.608993 0.508613 0.669189 0.555778 0.925403 0.910964 0.619695 1.13135 0.883091 0.700946 0.700072 0.679759 0.812038
threshold=-42.405506014823906 396.46469057803557 13.159288945712291 0.350714921951294 545.9483874399989 34.500000000000007 92.74852053324382 7.5000000000000009 1382.2813710382345 0.27097902097902099 42.34358018533613 56.68145155906678 11.105555555555558 659.08346462249767
decision_type=8 10 8 2 10 2 8 8 10 10 10 10 10 2
left_child=-1 2 -2 -4 5 -5 -7 10 9 -9 -6 12 13 -10
right_child=1 -3 3 4 7 6 -8 8 11 -11 -12 -13 -14 -15
leaf_value=0.01171860595173153 -0.019346274013842722 -0.25515607836064569 -0.40473159522292823 -0.32584884121659052 -0.016606717841629745 0.71636958323115751 -0.20014399815160916 0.27205733627240036 0.44174310544433421 0.060591735488482096 0.24050987144157202 0.51585861237231945 -0.0089682940687647802 -0.0036368976103288838
leaf_weight=46 1795 162 116 139 616 54 42 40 70 59 70 71 434 76
leaf_count=46 1795 162 116 139 616 54 42 40 70 59 70 71 434 76
internal_value=-0.000403588 -0.000451803 -0.000370082 -1.17457e-05 0.000141746 -0.00120763 0.00105155 0.000363256 0.000958721 0.00393 -0.00028821 0.000501533 0.000154905 0.00191837
internal_weight=3790 3744 3582 1787 1671 235 96 1436 750 99 686 651 580 146
internal_count=3790 3744 3582 1787 1671 235 96 1436 750 99 686 651 580 146
is_linear=0
shrinkage=0.03


Tree=365
num_leaves=15
num_cat=0
split_feature=60 24 81 60 50 40 70 4 0 65 47 82 25 68
split_gain=0.513309 0.609257 0.408253 1.43524 1.06891 0.429562 0.382404 0.70183 0.660875 1.01011 1.08952 0.601664 0.541682 0.408428
threshold=975.62286269664776 20.500000000000004 3217.5012662410741 -11.886912941932676 198.15638923645022 643.45305366407422 0.75735294117647067 7.5000000000000009 1.0000000180025095e-35 1.0325866077738535 1.0000000180025095e-35 44.427120010058097 0.8021739130434784 -0.21505974883563392
decision_type=10 2 8 8 10 10 8 2 2 8 10 8 10 8
left_child=2 -2 3 -1 5 -5 7 -4 11 -10 -11 -9 -8 -14
right_child=1 -3 6 4 -6 -7 12 8 9 10 -12 -13 13 -15
leaf_value=0.71921486291499404 0.052380703492829979 -0.055527003438142986 -0.058932280591024025 -0.10465176179810287 0.052109774856933279 0.014177513415317066 -0.34152455349652833 0.013628713106438572 -0.051172792497094659 0.074070179572061093 0.42739773865049646 -0.1099354139455196 -0.04324235622798666 -0.017595356209015665
leaf_weight=41 59 46 310 161 57 41 168 42 54 53 40 105 189 2442
leaf_count=41 59 46 310 161 57 41 168 42 54 53 40 105 189 2442
internal_value=-0.000502495 0.0015566 -0.000561286 0.000498338 -0.000334616 -0.00135961 -0.000654819 2.97514e-05 0.00107797 0.00249324 0.00437234 -0.000344595 -0.000802501 -0.000696429
internal_weight=3808 105 3703 300 259 202 3403 604 294 147 93 147 2799 2631
internal_count=3808 105 3703 300 259 202 3403 604 294 147 93 147 2799 2631
is_linear=0
shrinkage=0.03


Tree=366
num_leaves=15
num_cat=0
split_feature=76 74 3 60 23 82 48 34 20 1 30 29 39 77
split_gain=1.2731 0.556533 0.544031 0.624933 0.642792 0.749742 0.600689 1.18939 0.715957 0.71864 0.749098 0.661556 0.747432 1.00292
threshold=-42.405506014823906 2434.5028029732798 23.125000000000004 545.25383734703075 2.886458277702332 66.283704678217575 50.451713681221015 0.040408163265306128 417.52777552604681 609.24851906299602 10.450000000000001 0.93166584744626668 1473.5192567868955 -91.8778741955757
decision_type=8 10 2 10 10 8 8 8 10 2 10 10 10 10
left_child=-1 2 3 6 -5 -6 11 -8 9 10 -9 12 13 -2
right_child=1 -3 -4 4 5 -7 7 8 -10 -11 -12 -13 -14 -15
leaf_value=0.016018122252618817 -0.00047030732046455934 -0.12756356094857482 -0.1907714467388949 -0.035342693893582688 -0.017236175031548576 0.21739274459227334 0.14862942679284594 0.62127899716961565 -0.284788715181925 0.002487177591427055 0.017750021327902564 -0.13584748307758074 -0.051578025603127506 0.32567776395617126
leaf_weight=41 521 160 136 40 42 63 56 45 240 1197 54 367 825 76
leaf_count=41 521 160 136 40 42 63 56 45 240 1197 54 367 825 76
internal_value=-0.000266305 -0.000323307 -0.000247339 -0.00017522 0.00174657 0.0029717 -0.000258132 0.000165724 7.8067e-06 0.000286815 0.00273 -0.000635196 -0.000341533 0.000466554
internal_weight=3863 3822 3662 3526 145 105 3381 1592 1536 1296 99 1789 1422 597
internal_count=3863 3822 3662 3526 145 105 3381 1592 1536 1296 99 1789 1422 597
is_linear=0
shrinkage=0.03


Tree=367
num_leaves=15
num_cat=0
split_feature=76 56 70 77 82 84 27 14 40 72 72 65 44 16
split_gain=0.999727 0.607949 0.652245 1.03842 0.787231 0.980835 0.935705 0.693292 1.32386 0.666644 0.523355 0.598192 0.759314 1.01132
threshold=-42.405506014823906 379.69196009635931 0.65686274509803932 -146.72816359996793 43.433822194735221 127.99255073070528 0.92991228070175447 300.22566295837902 1174.5445047412893 -0.75809442996978749 -8.8229101896285993 0.98741634214007745 19.013046026229862 8.5000000000000018
decision_type=8 10 10 8 10 10 10 10 10 10 10 8 10 2
left_child=-1 2 3 4 6 -6 -2 8 -5 -9 11 12 13 -4
right_child=1 -3 10 7 5 -7 -8 9 -10 -11 -12 -13 -14 -15
leaf_value=0.011390332028579891 0.14870884078427393 -0.35357239091780146 0.69779428776001595 -0.0055169986367218093 0.43495388197112533 0.00021723980919609946 -0.12758600609142293 -0.077759505518305655 0.15312120032388726 0.12702296436773955 -0.13368217437218483 -0.020411048579841017 -0.003011559078707583 -0.044127716725074657
leaf_weight=41 40 83 52 166 59 42 52 404 49 50 422 1681 670 62
leaf_count=41 40 83 52 166 59 42 52 404 49 50 422 1681 670 62
internal_value=-0.000389521 -0.000439865 -0.000383201 0.000340671 0.0022732 0.00408823 0.000258064 -0.000219404 0.00118055 -0.000883517 -0.000599377 -0.000431874 0.000252229 0.00250435
internal_weight=3873 3832 3749 862 193 101 92 669 215 454 2887 2465 784 114
internal_count=3873 3832 3749 862 193 101 92 669 215 454 2887 2465 784 114
is_linear=0
shrinkage=0.03


Tree=368
num_leaves=15
num_cat=0
split_feature=76 67 41 81 7 4 77 0 9 60 31 76 27 35
split_gain=0.589115 0.456926 0.651541 1.34679 0.872768 1.16041 1.12467 0.587497 0.676583 0.60359 1.03735 0.515069 0.509951 1.2304
threshold=-42.405506014823906 -188.17690091729165 -90.091878294944749 3794.4488123655324 3089.9075409560614 8.5000000000000018 -43.542308747768395 -21.499999999999996 3090.0000000000005 -27.71271991729736 13.336666666666671 106.64203035831453 0.95973134208840494 1.4002659574468088
decision_type=8 8 8 8 10 2 8 2 2 10 8 8 10 8
left_child=-1 -2 3 -3 5 6 -5 9 11 -4 -11 -9 13 -13
right_child=1 2 7 4 -6 -7 -8 8 -10 10 -12 12 -14 -15
leaf_value=0.0077497844768398567 -0.36324021531044043 0.3034020995350048 -0.38319904950199124 -0.44592076668308417 -0.17658555913366442 0.66650089232710352 0.24031928551880505 -0.61760728716442481 0.20715953371534168 0.30393731503334076 -0.20079380283914947 0.11834557037948686 -0.04666599743223019 -0.0030807711682343934
leaf_weight=43 189 53 363 112 74 46 48 61 74 62 68 57 358 2239
leaf_count=43 189 53 363 112 74 46 48 61 74 62 68 57 358 2239
internal_value=-0.000247142 -0.000286992 -0.00021156 0.0010509 0.000213522 0.00121739 -7.10813e-10 -0.000339934 -0.000170968 -0.00129352 0.000458015 -0.000248528 -0.000185311 -2.08975e-05
internal_weight=3847 3804 3615 333 280 206 160 3282 2789 493 130 2715 2654 2296
internal_count=3847 3804 3615 333 280 206 160 3282 2789 493 130 2715 2654 2296
is_linear=0
shrinkage=0.03


Tree=369
num_leaves=15
num_cat=0
split_feature=74 43 32 82 38 61 36 77 77 85 17 41 49 69
split_gain=0.804147 0.653006 0.617526 1.81639 1.14971 0.705805 0.578939 0.532675 1.34064 1.13344 0.874465 0.820017 0.725981 0.549343
threshold=2053.9054714626041 933.34098399862933 0.18634259259259262 58.104709625244148 2842.5715054277771 0.10884758123495618 0.14608739837398377 -43.542308747768395 12.140736043453218 54.669824282328292 16.500000000000004 232.56434452533725 6.5000000000000009 -120.61473012188479
decision_type=10 10 8 8 10 8 10 10 10 8 2 8 10 8
left_child=1 7 6 4 -4 -5 -3 10 9 -9 -1 13 -11 -10
right_child=-2 2 3 5 -6 -7 -8 8 11 12 -12 -13 -14 -15
leaf_value=-0.50528566758032034 -0.15891660178850223 0.014458283943004567 0.090753116849672008 0.024528763206491104 0.92571562717579459 -0.020573479987187528 -0.16213850515964492 0.59943516741123659 0.010665819447518 -0.063256851750471618 -0.011756391112131195 0.028824073394067066 0.1067866155059484 -0.035473162227079136
leaf_weight=215 195 77 74 48 41 195 106 45 102 45 2279 40 44 306
leaf_count=215 195 77 74 48 41 195 106 45 102 45 2279 40 44 306
internal_value=-0.000347758 -0.000246269 0.000714021 0.00143733 0.00452586 -3.6886e-05 -0.000701088 -0.00041534 0.000401371 0.00302222 -0.000606013 -0.000387529 0.00103333 -0.000792177
internal_weight=3812 3617 541 358 115 243 183 3076 582 134 2494 448 89 408
internal_count=3812 3617 541 358 115 243 183 3076 582 134 2494 448 89 408
is_linear=0
shrinkage=0.03


Tree=370
num_leaves=15
num_cat=0
split_feature=29 9 58 9 39 14 81 3 80 54 8 39 22 36
split_gain=0.513552 0.549193 1.65332 0.709265 0.645347 1.07173 1.40624 1.12106 1.10719 1.43261 1.28531 1.83253 1.87131 1.55712
threshold=0.99795918367346947 2490.0000000000005 2236.1904779672627 570.00000000000011 1906.7528096026003 466.10639599691336 8242.9177157878894 11.625000000000002 24.813884139060978 870.00000000000011 3.7401529001659646 810.37109443971497 5.924535036087037 0.27151675485008825
decision_type=8 2 10 2 8 8 10 2 10 10 8 10 2 8
left_child=1 3 -3 4 5 6 8 -8 10 -10 -1 -12 13 -13
right_child=-2 2 -4 -5 -6 -7 7 -9 9 -11 11 12 -14 -15
leaf_value=0.023743713808088162 -0.18006233996371682 0.99986352120844979 -0.062074177635694339 -0.12988467029154419 -0.015865032861748781 -0.1169591545863623 0.096684610183545558 -0.50364512298340913 -0.040484210411471371 0.37203352422357372 -0.022244170595120936 0.58564728309092062 0.8241661298884051 -0.037729130633743474
leaf_weight=320 123 40 73 337 1932 229 47 178 248 66 48 51 61 41
leaf_count=320 123 40 73 337 1932 229 47 178 248 66 48 51 61 41
internal_value=-0.000350989 -0.000286765 0.00176316 -0.000352347 -0.000215085 0.00030465 0.00070688 -0.00139381 0.00127392 -0.000133334 0.00212069 0.00399505 0.00559091 0.00283871
internal_weight=3794 3671 113 3558 3221 1289 1060 225 835 314 521 201 153 92
internal_count=3794 3671 113 3558 3221 1289 1060 225 835 314 521 201 153 92
is_linear=0
shrinkage=0.03


Tree=371
num_leaves=15
num_cat=0
split_feature=48 22 66 8 29 66 35 43 31 43 22 81 16 82
split_gain=0.508522 0.466757 0.546653 0.610818 0.816982 0.749764 1.30144 0.563186 0.88078 0.686595 0.560463 0.521707 0.843406 0.798569
threshold=-185.59599506855008 1.0000000180025095e-35 143.50935471057895 6.161102029410034 0.93800051252482552 101.5181646347046 14.934553349875932 14.262552170752912 12.670000000000003 23.903802539193503 6.0054835081100473 4892.601760983468 39.500000000000007 73.799781779448196
decision_type=8 2 10 10 10 10 10 8 10 8 2 10 2 10
left_child=-1 -2 3 5 -5 7 -7 8 -3 -9 -4 13 -13 -11
right_child=1 2 10 4 -6 6 -8 9 -10 11 -12 12 -14 -15
leaf_value=0.049694068591404163 -0.098690624952850234 -0.041011995589935055 -0.012460633389665226 0.01110489858761898 0.57495244614626928 0.31983945279895298 -0.20774870155071321 -0.26160049006012503 0.31845690250853909 -0.012611235718465862 -0.30064657056739791 -0.087018389521510725 0.10927910128416048 0.044919770493629149
leaf_weight=63 145 53 421 160 40 48 42 100 40 1143 220 996 94 222
leaf_count=63 145 53 421 160 40 48 42 100 40 1143 220 996 94 222
internal_value=-0.00044905 -0.000494497 -0.000426537 -0.000253148 0.00134328 -0.000370209 0.00230769 -0.000462062 0.00181915 -0.000545775 -0.00121963 -0.000445848 -0.000934923 -5.49055e-05
internal_weight=3787 3724 3579 2938 200 2738 90 2648 93 2555 641 2455 1090 1365
internal_count=3787 3724 3579 2938 200 2738 90 2648 93 2555 641 2455 1090 1365
is_linear=0
shrinkage=0.03


Tree=372
num_leaves=15
num_cat=0
split_feature=70 63 77 45 0 85 23 43 6 3 81 27 27 25
split_gain=0.674714 1.45721 0.699563 0.977473 0.701293 0.894502 1.19596 0.659486 0.986804 0.715099 0.564662 0.51725 0.728985 1.01004
threshold=0.73030303030303034 276.28537734071182 -208.35183674097058 7.5000000000000009 -19.499999999999996 -6.7217433055241882 7.7657687664031991 952.32028676935477 690.00000000000011 2.7083333333430351 6004.0417358875284 0.85062672283767626 0.8700649350649351 0.86159003831417635
decision_type=10 10 8 8 2 8 10 10 10 2 10 10 10 10
left_child=1 2 3 -1 -4 6 -6 -7 9 -9 -5 -2 13 -13
right_child=11 -3 4 10 5 7 -8 8 -10 -11 -12 12 -14 -15
leaf_value=0.58417170711990551 -0.32405072099544829 0.9503947854605177 -0.36688011774312368 -0.02328082456052168 0.1732266696698577 -0.073654683596425075 -0.043314011101442826 0.045321653014598361 -0.091909971413795574 0.17174394039826599 0.035482193668636829 -0.034730166220394543 -0.015954346035973923 0.18991379491565624
leaf_weight=55 196 40 160 64 44 388 54 40 88 41 40 84 2456 112
leaf_count=55 196 40 160 64 44 388 54 40 88 41 40 84 2456 112
internal_value=-0.000351023 0.0003133 7.99993e-05 0.00189375 -0.000275736 0.00016006 0.00278788 -0.000306452 0.00125294 0.00362195 0.000171428 -0.000587575 -0.000477196 0.00127919
internal_weight=3862 1014 974 159 815 655 98 557 169 81 104 2848 2652 196
internal_count=3862 1014 974 159 815 655 98 557 169 81 104 2848 2652 196
is_linear=0
shrinkage=0.03


Tree=373
num_leaves=15
num_cat=0
split_feature=64 84 5 58 50 3 22 83 4 22 72 79 61 79
split_gain=0.591341 0.771892 0.597119 0.618329 0.782837 0.902224 1.30891 0.804881 0.549965 0.564272 0.598506 0.642253 0.761667 1.46218
threshold=4.4558299431961101 150.56124365329745 118.45286178588869 13.69447958469391 151.08688163757327 17.125000000000004 3.886458277702332 9.3235359191894549 10.500000000000002 0.83320283889770519 -166.32264852523801 9.5018530985770564 0.54214331433378005 10.281726433912015
decision_type=8 10 10 10 10 2 2 8 2 2 8 8 10 8
left_child=1 2 3 -1 5 6 7 -5 9 -2 -11 -12 13 -13
right_child=8 -3 -4 4 -6 -7 -8 -9 -10 10 11 12 -14 -15
leaf_value=-0.18664988206213085 -0.154470383452116 0.67722709057227404 0.040096712848792633 0.50915310025426908 -0.18647657255420189 -0.315359281538035 -0.020732882554060118 0.22758971127103247 0.13118769071027936 0.060798397181363831 -0.0228387848755571 0.18743111148368402 -0.01870988812509285 0.0078289097690798712
leaf_weight=553 220 46 64 44 133 67 122 42 43 82 688 53 441 1194
leaf_count=553 220 46 64 44 133 67 122 42 43 82 688 53 441 1194
internal_value=-0.000357501 -0.000954292 -0.00112573 -0.00131289 -0.000425429 0.00048913 0.00146411 0.00427586 -0.000122337 -0.000176932 -4.6361e-05 -0.000133783 0.000181172 0.000560095
internal_weight=3792 1071 1025 961 408 275 208 86 2721 2678 2458 2376 1688 1247
internal_count=3792 1071 1025 961 408 275 208 86 2721 2678 2458 2376 1688 1247
is_linear=0
shrinkage=0.03


Tree=374
num_leaves=15
num_cat=0
split_feature=57 27 39 69 65 15 61 77 34 7 50 32 60 39
split_gain=0.675113 1.17631 1.77718 1.71887 1.77558 0.889582 0.637082 1.33996 0.69782 1.60021 0.74145 0.616641 0.539512 0.536476
threshold=5.5000000000000009 0.92526050059082621 639.30170232205762 -67.112575425766721 0.88925207832423558 22.500000000000004 0.29486312374474005 -146.72816359996793 0.70185185185185195 2174.0553856848132 508.62831258773809 0.33809523809523817 545.25383734703075 2144.0417717133987
decision_type=10 10 10 10 10 2 8 8 10 10 8 8 8 10
left_child=1 2 -1 5 12 11 7 -3 -8 -10 -11 -4 -5 -2
right_child=13 6 3 4 -6 -7 8 -9 9 10 -12 -13 -14 -15
leaf_value=0.3283161314640593 -0.0047269488750907836 0.31153963262570378 0.013191749291567847 -0.057641523028372062 0.62453389680156191 0.17096054005880593 -0.10126650544755461 -0.077951120310499139 -0.063733393680469597 -0.0031002484339318313 0.2565151867399284 -0.1151392316920329 0.23765776865569979 -0.042968047460861573
leaf_weight=68 1340 52 100 53 40 98 191 91 271 40 53 226 44 1119
leaf_count=68 1340 52 100 53 40 98 191 91 271 40 53 226 44 1119
internal_value=-0.00028994 0.00025527 0.00119524 0.000635231 0.00354348 -0.000310589 -0.000592275 0.0011875 -0.00105216 -0.000279453 0.00309574 -0.00106422 0.00131633 -0.000584147
internal_weight=3786 1327 629 561 137 424 698 143 555 364 93 326 97 2459
internal_count=3786 1327 629 561 137 424 698 143 555 364 93 326 97 2459
is_linear=0
shrinkage=0.03


Tree=375
num_leaves=15
num_cat=0
split_feature=81 76 66 74 74 24 84 84 71 84 81 22 41 35
split_gain=0.601457 0.540502 0.505129 0.44845 0.819185 0.625409 0.440075 0.940695 1.14925 0.596768 0.692807 0.555842 0.834972 1.74397
threshold=1587.2678377628329 -42.405506014823906 -312.33257269859308 1400.7087723346278 1080.4253714913805 44.500000000000007 -261.4524353345235 -199.34875261783597 13.500000000000002 -61.892289479573556 16944.338188409809 12.886458277702333 49.407892465591438 13.919768403639372
decision_type=8 8 8 10 10 2 8 8 10 8 10 2 8 10
left_child=-1 -2 -3 4 6 -5 -4 8 -8 10 -9 -11 -13 -14
right_child=1 2 3 5 -6 -7 7 9 -10 11 -12 12 13 -15
leaf_value=0.022165311704059526 0.010336271650671908 -1.1548112361682343 -0.54257931163005402 -0.70047814214394422 0.13652871375975217 0.00033546029846473355 1.0271195425072033 -0.10940578698029425 -0.80910848046760886 -0.0044101129884384369 0.063282645112252109 -0.018852053299891595 0.54720651416112465 -0.014267910557987866
leaf_weight=65 46 90 95 165 44 61 41 471 40 2452 55 102 59 48
leaf_count=65 46 90 95 165 44 61 41 471 40 2452 55 102 59 48
internal_value=-0.000339505 -0.000389125 -0.000429378 -0.000373969 -0.000287853 -0.0016652 -0.000341558 -0.000282656 0.00289024 -0.000364179 -0.00128653 -0.000181443 0.0013 0.00313889
internal_weight=3834 3769 3723 3633 3407 226 3363 3268 81 3187 526 2661 209 107
internal_count=3834 3769 3723 3633 3407 226 3363 3268 81 3187 526 2661 209 107
is_linear=0
shrinkage=0.03


Tree=376
num_leaves=15
num_cat=0
split_feature=43 60 28 14 67 85 36 43 70 81 3 37 22 22
split_gain=0.593753 0.88924 0.5568 0.895406 1.02543 0.840322 0.832815 1.38891 0.800555 0.738751 0.655532 0.998681 0.71737 0.672164
threshold=15.029813630428155 -4.9943246841430655 244.50000000000003 466.10639599691336 465.5453544421631 35.433146476745613 0.2669211195928754 81.38246659827773 0.93095238095238109 17583.166187167171 16.541666666656969 1623.8469968243087 4.7453938722610483 6.7736294269561776
decision_type=8 10 2 8 10 10 10 10 10 10 2 8 2 2
left_child=1 -1 3 4 9 6 7 -4 -8 -2 12 -12 -9 -14
right_child=2 -3 5 -5 -6 -7 8 10 -10 -11 11 -13 13 -15
leaf_value=-0.058356906389018567 -0.0062539931499685387 0.3224127322947265 0.15377244728015962 -0.095947410772327685 0.10451500656722602 -0.038724998718524112 0.14189945803327803 -0.0099222552500435619 -0.085903939120736988 -0.84789070366849861 0.17330992537815751 0.014336957495775975 0.14899233836996778 -0.0040553977675466752
leaf_weight=56 1710 88 52 754 65 301 45 180 196 134 40 85 40 58
leaf_count=56 1710 88 52 754 65 301 45 180 196 134 40 85 40 58
internal_value=-0.000310645 0.00157241 -0.000385141 -0.000611487 -0.000265446 0.000219438 0.000791965 0.00154605 -0.000632232 -0.000396749 0.000943069 0.00273809 0.000129032 0.00218182
internal_weight=3804 144 3660 2663 1909 997 696 455 241 1844 403 125 278 98
internal_count=3804 144 3660 2663 1909 997 696 455 241 1844 403 125 278 98
is_linear=0
shrinkage=0.03


Tree=377
num_leaves=15
num_cat=0
split_feature=3 3 38 34 27 1 73 31 80 70 81 16 57 8
split_gain=0.58072 0.995901 1.30415 1.6038 1.18741 0.973144 1.06063 1.33318 1.48745 0.924481 1.36419 1.49619 0.833992 0.831316
threshold=15.208333333343036 17.125000000000004 3675.2888181295862 0.15831244778613202 0.93521849187316819 696.7185493707658 27.781977891922001 8.3493927125506087 -44.078241586685174 0.8973684210526317 3706.1434942483907 9.5000000000000018 7.5000000000000009 6.0015029857437598
decision_type=2 2 10 10 10 2 8 8 8 10 10 2 10 10
left_child=-1 5 9 -4 -5 6 -2 -8 -9 13 11 -11 -10 -3
right_child=1 2 3 4 -6 -7 7 8 12 10 -12 -13 -14 -15
leaf_value=-0.01170641694885877 -0.039329622814485141 -0.0078609553036652017 -0.017262418947251411 0.57110464387817395 0.0057723065505958801 -0.0052103416792689565 0.17078017643535806 0.30465134294675839 0.19576550866185791 0.58601720589734896 -0.37725120668406559 -0.018407552138787198 -0.18204583403297755 0.36034381394925358
leaf_weight=2240 78 284 114 57 51 123 50 64 65 62 486 91 57 50
leaf_count=2240 78 284 114 57 51 123 50 64 65 62 486 91 57 50
internal_value=-0.000195198 0.000235149 -0.000213211 0.0018565 0.00445871 0.0014589 0.00234286 0.00334177 0.00214973 -0.000686859 -0.00135469 0.00111039 0.000195121 0.000591044
internal_weight=3872 1632 1195 222 108 437 314 236 186 973 639 153 122 334
internal_count=3872 1632 1195 222 108 437 314 236 186 973 639 153 122 334
is_linear=0
shrinkage=0.03


Tree=378
num_leaves=15
num_cat=0
split_feature=48 34 56 37 82 22 36 16 39 36 39 54 39 60
split_gain=0.673193 0.788868 0.944605 1.01921 0.957944 1.0399 0.745716 0.707483 1.34627 0.772588 0.665831 0.684105 1.60237 1.19953
threshold=47.551522453625999 0.087337909992372245 65.995601574579894 1919.0207146620855 68.973316431045546 8.1303247213363665 0.37089947089947095 4.5000000000000009 3776.131218143923 0.056079664570230614 772.63727052238494 1050.0000000000002 1319.2873016492752 153.03056514263156
decision_type=8 8 8 10 8 2 10 2 10 10 10 10 10 10
left_child=-1 7 3 4 5 6 -3 -2 -9 -10 -4 12 13 -12
right_child=1 2 10 -5 -6 -7 -8 8 9 -11 11 -13 -14 -15
leaf_value=-0.02162586261847925 -0.015393192762800632 -0.12773291934054182 -0.38553288462619129 0.29619738129354251 -0.106866663902888 0.57484523813700616 0.11872321622810968 0.26766432245022731 0.1453433028424039 -0.083240200706171968 0.17902344924311384 -0.030361979659658967 -0.013537860657287633 0.55497619420782041
leaf_weight=1894 50 90 209 47 163 52 44 43 44 48 80 329 700 43
leaf_count=1894 50 90 209 47 163 52 44 43 44 48 80 329 700 43
internal_value=-0.000395622 -3.08872e-06 -0.000199659 0.00108816 0.000522856 0.0019893 0.000577777 0.00185484 0.00297794 0.000903225 -0.000574891 -0.000291414 0.000171116 0.00331452
internal_weight=3836 1942 1757 396 349 186 134 185 135 92 1361 1152 823 123
internal_count=3836 1942 1757 396 349 186 134 185 135 92 1361 1152 823 123
is_linear=0
shrinkage=0.03


Tree=379
num_leaves=15
num_cat=0
split_feature=17 69 66 77 83 40 78 79 66 83 66 81 83 80
split_gain=0.691588 0.553629 0.557424 0.476383 0.472025 0.517105 0.578262 0.715625 0.505398 1.15229 0.564529 0.615707 1.11914 0.529647
threshold=13.500000000000002 -339.96940935109882 -321.72467041015619 121.64101433753969 140.94113409519198 328.511651137147 0.87500000000000011 8.9557193095525172 -215.17771553993222 -12.799632549285887 -152.39769208431241 17783.19362342358 -75.359058260917649 -34.518487572669976
decision_type=2 8 8 10 10 10 10 10 8 10 8 10 10 8
left_child=-1 -2 -3 4 8 6 -6 -8 9 -4 -10 13 -13 -12
right_child=1 2 3 -5 5 -7 7 -9 10 -11 11 12 -14 -15
leaf_value=-0.10202481764286049 0.032605515960223541 -1.0158519434298505 -0.0086458840667037982 -0.15482849507780927 -0.48247976327448694 -0.19357125586443152 -0.051549375179257374 0.39504822713521165 -0.1846342985361635 0.26936779755963886 -0.061424786366968236 0.16479434777770879 -0.07273706770530558 0.0011752956224454388
leaf_weight=227 80 68 74 157 42 145 58 41 159 50 568 71 77 1984
leaf_count=227 80 68 74 157 42 145 58 41 159 50 568 71 77 1984
internal_value=-0.000332194 -0.000229931 -0.000286696 -0.000232857 -0.000155047 -0.00131707 -2.11275e-05 0.00123 -4.32313e-05 0.001824 -0.000124826 -2.22147e-05 0.00185235 -0.000131611
internal_weight=3801 3574 3494 3426 3269 286 141 99 2983 124 2859 2700 148 2552
internal_count=3801 3574 3494 3426 3269 286 141 99 2983 124 2859 2700 148 2552
is_linear=0
shrinkage=0.03


Tree=380
num_leaves=15
num_cat=0
split_feature=76 25 69 75 69 17 38 84 59 68 11 39 69 39
split_gain=0.702065 0.457556 0.73259 1.0016 0.834464 1.41492 1.25962 0.918607 0.731744 0.721482 0.664507 1.05071 0.656591 0.616668
threshold=-42.405506014823906 0.91331186258722497 233.0545760265457 1134.4753245115282 147.63570570350751 24.500000000000004 2993.8307015951536 44.080124417940787 242.44134294986728 -0.068366857259361841 330.00000000000006 639.30170232205762 413.48453026472936 2144.0417717133987
decision_type=8 10 10 8 8 2 10 10 10 10 2 8 10 8
left_child=-1 10 3 4 5 -3 -6 9 -5 -7 11 -2 13 -13
right_child=1 2 -4 8 6 7 -8 -9 -10 -11 -12 12 -14 -15
leaf_value=0.0090824494912559572 0.056669348647501255 -0.097139998486308415 -0.11885543034141603 -0.00094693276449481657 0.029129017428674034 0.31996811277073933 0.36152590753516284 -0.0022747746850724231 -0.52712808853083171 0.29030593978004421 -0.56134854816658997 -0.0020166770903583026 0.18396832618656847 -0.089091492091265642
leaf_weight=41 68 130 317 1061 119 40 42 51 102 44 288 639 69 827
leaf_count=41 68 130 317 1061 119 40 42 51 102 44 288 639 69 827
internal_value=-0.000357906 -0.000400475 -7.23657e-05 0.000190565 0.00143325 0.000394736 0.00312963 0.00253676 -0.000265465 0.00444706 -0.000730973 -0.000491896 -0.000654298 -0.000789367
internal_weight=3838 3797 1906 1589 426 265 161 135 1163 84 1891 1603 1535 1466
internal_count=3838 3797 1906 1589 426 265 161 135 1163 84 1891 1603 1535 1466
is_linear=0
shrinkage=0.03


Tree=381
num_leaves=15
num_cat=0
split_feature=46 0 64 57 3 28 26 24 36 57 34 3 65 64
split_gain=0.841142 0.860295 1.17615 0.681952 0.833134 0.51916 0.795863 1.09921 2.02831 1.70262 0.830079 0.768461 0.747456 1.37265
threshold=630.00000000000011 1.5000000000000002 3.9136384184295703 7.5000000000000009 2.0416666666569658 219.50000000000003 126.50000000000001 35.500000000000007 0.27311577311577317 7.5000000000000009 0.19538706256627789 0.45833333334303467 0.94045187478139392 4.48559860904862
decision_type=10 2 8 8 2 2 2 2 10 10 8 2 8 10
left_child=1 2 -1 -4 -5 12 7 -7 10 -10 -9 -8 13 -2
right_child=5 -3 3 4 -6 6 11 8 9 -11 -12 -13 -14 -15
leaf_value=0.54464625108827081 -0.059825362498638845 0.083166895308504463 0.12874512861369536 0.015548022965201037 -0.16273650565025111 -0.023277408933840126 0.37185238674824272 0.080639142432905986 0.096260826303424599 0.98574988918430695 -0.52352824594131775 -0.014434239759163562 -0.034788284376888925 0.21214488508264448
leaf_weight=40 325 70 63 43 332 185 43 46 101 65 71 749 1585 85
leaf_count=40 325 70 63 43 332 185 43 46 101 65 71 749 1585 85
internal_value=-0.000365143 0.000721311 0.000263047 -0.000191345 -0.000678192 -0.000548219 -7.13726e-05 0.000908315 0.00208099 0.00420359 -0.000940679 -0.000650694 -0.000849199 0.00029197
internal_weight=3803 548 478 438 375 3255 1260 468 283 166 117 792 1995 410
internal_count=3803 548 478 438 375 3255 1260 468 283 166 117 792 1995 410
is_linear=0
shrinkage=0.03


Tree=382
num_leaves=15
num_cat=0
split_feature=46 71 7 35 35 53 35 26 39 42 77 1 61 37
split_gain=0.742144 0.523566 1.30013 2.93243 1.15953 0.564185 0.722807 0.628195 0.821871 1.29497 1.05752 0.595538 1.13393 0.584509
threshold=510.00000000000006 22.500000000000004 2710.8177644707471 1.4002659574468088 2.0208401084010843 3.5000000000000004 0.6629464285714286 80.500000000000014 4875.5219720155401 95.053520321846023 -232.80013161897656 609.24851906299602 0.46659722267745246 951.077128960496
decision_type=8 8 10 10 10 10 8 2 10 10 10 2 10 8
left_child=-1 5 4 -4 -3 -2 -7 8 -8 -10 -11 12 -9 -13
right_child=1 2 3 -5 -6 6 7 11 9 10 -12 13 -14 -15
leaf_value=0.11102698839297667 -0.087351532371111207 -0.10593381044211184 0.80894328154250372 -0.10041159620355147 1.886623621080936 0.060883363715750809 -0.13426463564882185 -0.0051302576547355393 -0.16153153939429524 -0.0047638283455166087 0.33239085426670284 -0.028454738244705038 0.18759187951309733 -0.0034832138883364198
leaf_weight=40 180 286 47 53 40 55 577 86 94 46 50 328 40 1914
leaf_count=40 180 286 47 53 40 55 577 86 94 46 50 328 40 1914
internal_value=-0.000356529 -0.00039979 0.000590163 0.00356436 -0.000330276 -0.000525067 -0.000432467 -0.000492667 -0.00123828 0.000471203 0.00290722 -0.000250739 0.00174803 -0.000363799
internal_weight=3836 3796 426 100 326 3370 3190 3135 767 190 96 2368 126 2242
internal_count=3836 3796 426 100 326 3370 3190 3135 767 190 96 2368 126 2242
is_linear=0
shrinkage=0.03


Tree=383
num_leaves=15
num_cat=0
split_feature=46 68 68 38 39 36 69 80 49 18 42 81 64 67
split_gain=0.727949 0.473231 0.635547 1.11585 1.15221 1.29626 0.678997 0.565967 0.777982 0.5187 0.715792 1.9118 0.757564 0.619705
threshold=510.00000000000006 -0.21852772146808633 -0.14441149522393734 3365.0276454972977 3013.128456762704 0.20866437284954648 -164.15429313269493 1.0000000180025095e-35 8.5000000000000018 1.0000000180025095e-35 -90.474886536598191 3713.5307439565663 4.116177473415326 448.47620174288755
decision_type=8 8 8 10 10 10 8 10 10 2 8 10 10 8
left_child=-1 -2 3 7 5 -5 -4 8 -3 10 11 -8 -13 -12
right_child=1 2 6 4 -6 -7 9 -9 -10 -11 13 12 -14 -15
leaf_value=0.08938186956533932 -0.055814089188023004 0.13841314137996738 -0.19843701542308997 0.49005674720072795 -0.010600561427951006 0.0089320966525182725 0.40955787454998194 -0.6241767723389906 -0.45013395771610371 -0.025037972280646061 -0.02637869108752133 -0.78058135818721675 0.079793855862706153 0.0048140468376765408
leaf_weight=41 242 50 159 43 58 42 40 92 49 654 1226 50 44 1072
leaf_count=41 242 50 159 43 58 42 40 92 49 654 1226 50 44 1072
internal_value=-0.000428683 -0.000471743 -0.000384638 0.000859701 0.00285417 0.00505814 -0.00051294 -0.000640626 0.000929999 -0.000413995 -0.000212085 0.00191111 -0.000442106 -0.000336669
internal_weight=3862 3821 3579 334 143 85 3245 191 99 3086 2432 134 94 2298
internal_count=3862 3821 3579 334 143 85 3245 191 99 3086 2432 134 94 2298
is_linear=0
shrinkage=0.03


Tree=384
num_leaves=15
num_cat=0
split_feature=35 4 41 48 37 28 26 68 79 85 53 7 35 82
split_gain=0.410097 0.427461 1.40376 1.28095 1.08428 0.647773 0.756962 0.997874 1.93549 0.769929 0.656099 0.805241 1.48231 0.921997
threshold=92.948611111111106 8.5000000000000018 -72.576890349388108 -94.291331211725861 1155.0776948291843 208.50000000000003 117.50000000000001 -0.057552277659316933 11.772956129706225 -25.279912968476609 4.5000000000000009 3297.6340042390343 19.22811550151976 112.42983669042589
decision_type=10 2 10 10 8 2 2 10 10 10 10 10 10 10
left_child=1 5 3 4 -3 -1 7 9 -9 -7 -8 12 13 -12
right_child=-2 2 -4 -5 -6 6 10 8 -10 -11 11 -13 -14 -15
leaf_value=-0.039713546312100952 0.035674752910757432 0.38926579928032795 -0.010170886253879215 0.56617088749013877 -0.062174002452575157 -0.26678342850359232 -0.14495808410137739 0.023594225107850551 0.81409431497389284 0.053394814748503348 -0.014188966311719464 -0.073546873935269888 0.13833140166659849 0.060172905946189431
leaf_weight=1652 52 50 706 65 91 96 95 114 55 77 382 297 40 83
leaf_count=1652 52 50 706 65 91 96 95 114 55 77 382 297 40 83
internal_value=-0.000470696 -0.000507099 5.9145e-05 0.00223188 0.000612675 -0.000685685 -0.000166936 0.00103207 0.00266471 -0.000568966 -0.000624722 -0.000343712 0.000385375 -9.65672e-05
internal_weight=3855 3803 912 206 141 2891 1239 342 169 173 897 802 505 465
internal_count=3855 3803 912 206 141 2891 1239 342 169 173 897 802 505 465
is_linear=0
shrinkage=0.03


Tree=385
num_leaves=15
num_cat=0
split_feature=39 72 51 23 14 23 0 14 43 23 77 67 85 36
split_gain=0.570316 0.586038 0.464855 0.932275 0.89842 0.483529 1.14759 1.0476 0.965144 0.807826 0.931169 1.81211 1.92972 0.795087
threshold=115.4020506652742 -189.41540086269376 542.44134294986736 5.8024632930755624 302.31706796501754 4.0054835081100473 319.50000000000006 1257.0367517637555 189.89974029841781 0.350714921951294 -144.97388792037961 -10.560467971695834 73.832158744335189 0.22264957264957266
decision_type=10 8 8 10 10 10 2 10 8 10 8 10 8 10
left_child=-1 -2 5 -4 -5 6 8 -7 9 -3 11 12 -11 -12
right_child=1 2 3 4 -6 7 -8 -9 -10 10 13 -13 -14 -15
leaf_value=-0.28841627529154812 0.040887519498285098 -0.43896587889895494 -0.24808324796810721 0.55969966101266344 0.0067504041051311466 -0.017980385437482656 0.14258166538662229 0.14113168126705566 -0.017818563034326551 0.20342035711283912 0.30460143145748275 -0.182612767766204 0.65231296423365648 -0.029277436066369546
leaf_weight=167 65 82 46 42 67 2007 65 57 849 69 78 62 42 183
leaf_count=167 65 82 46 42 67 2007 65 57 849 69 78 62 42 183
internal_value=-0.000379444 -0.00030202 -0.000352603 0.00125 0.00275454 -0.000424035 -7.14756e-10 -0.000717676 -0.000186677 0.000835589 0.00135172 0.00305172 0.00533036 0.000217557
internal_weight=3881 3714 3649 155 109 3494 1430 2064 1365 516 434 173 111 261
internal_count=3881 3714 3649 155 109 3494 1430 2064 1365 516 434 173 111 261
is_linear=0
shrinkage=0.03


Tree=386
num_leaves=15
num_cat=0
split_feature=76 75 76 46 45 35 35 26 80 14 7 48 43 22
split_gain=0.436596 0.4127 1.31352 0.401787 0.472147 0.482038 0.571501 1.11565 0.842571 1.81864 1.63878 0.863944 0.628146 0.613564
threshold=-42.405506014823906 2705.8798408508305 2677.7980589866643 510.00000000000006 4.5000000000000009 24.126131221719458 16.676711560044897 80.500000000000014 43.076737761497505 378.1611256061833 3851.4151831247659 175.92469640572867 1434.0115877156907 3.886458277702332
decision_type=8 10 10 8 8 10 8 2 10 10 10 10 8 2
left_child=-1 2 3 -2 -5 6 -6 12 11 -10 -11 13 -8 -9
right_child=1 -3 -4 4 5 -7 7 8 9 10 -12 -13 -14 -15
leaf_value=0.0045808203467475528 0.079317950081824629 -0.25713494676733317 0.35785268801283721 -0.14358501030351356 -0.013136242840561124 -0.062806102311259202 -0.37048838960734937 -0.027831533013015691 -0.010278683339479879 0.54342079047952552 0.0052735936810302045 0.35192913481966559 0.0012067090508789333 0.033582033054823344
leaf_weight=43 45 100 60 218 2153 330 206 196 74 47 41 57 126 174
leaf_count=43 45 100 60 218 2153 330 206 196 74 47 41 57 126 174
internal_value=-0.000449497 -0.000483543 -0.000432136 -0.000504635 -0.000539885 -0.000452864 -0.00033561 0.000289587 0.00107288 0.00290797 0.00579775 0.000371495 -0.0010991 -0.000161726
internal_weight=3870 3827 3727 3667 3622 3404 3074 921 589 162 88 427 332 370
internal_count=3870 3827 3727 3667 3622 3404 3074 921 589 162 88 427 332 370
is_linear=0
shrinkage=0.03


Tree=387
num_leaves=15
num_cat=0
split_feature=28 65 34 39 32 30 79 27 31 48 83 33 45 66
split_gain=0.544317 0.696637 0.683634 1.39807 0.986391 0.694659 0.676272 0.85156 0.657656 0.656958 0.648886 0.779744 0.633838 0.954008
threshold=242.50000000000003 0.91758945918737622 0.2228132387706856 4269.2783031509362 0.20294117647058826 23.950000000000003 11.838237316775302 0.93189548546691414 28.571343873517794 -185.59599506855008 470.60296320915228 13.755136268343817 9.5000000000000018 75.218595504760756
decision_type=2 8 10 10 10 10 10 10 8 8 8 10 8 8
left_child=9 -2 3 4 5 6 7 -3 -7 -1 -4 -12 -11 -14
right_child=1 2 10 -5 -6 8 -8 -9 -10 12 11 -13 13 -15
leaf_value=0.24382048783024465 -0.069434547559704102 0.1039387119215343 -0.073100000624061287 -0.022265734301378976 0.52886854801433669 0.40501959069113597 -0.11795556187134967 -0.034394412665170258 0.013491013061184739 -0.038485879567997677 0.073080188356570555 -0.032814086040019022 0.44354093615073736 -0.0078044417056549985
leaf_weight=45 182 55 328 95 56 41 42 43 66 1835 86 64 92 842
leaf_count=45 182 55 328 95 56 41 42 43 66 1835 86 64 92 842
internal_value=-0.000404338 0.000175637 0.000526795 0.00144361 0.0024375 0.00160887 0.000212765 0.00157576 0.00341667 -0.000622381 -0.000237997 0.00139073 -0.000681228 -4.49205e-05
internal_weight=3872 1058 876 398 303 247 140 98 107 2814 478 150 2769 934
internal_count=3872 1058 876 398 303 247 140 98 107 2814 478 150 2769 934
is_linear=0
shrinkage=0.03


Tree=388
num_leaves=15
num_cat=0
split_feature=52 54 81 30 7 22 7 7 0 60 74 74 53 1
split_gain=0.783201 0.869834 2.15526 1.18508 1.06696 0.589878 0.535151 1.07078 0.527829 0.52596 0.643885 0.708571 0.703361 0.575541
threshold=36.746353268623359 690.00000000000011 3435.8629423379903 2.8500000000000001 2820.3385568185263 1.4870437383651736 2820.3385568185263 2551.4672980673354 307.50000000000006 21.493895649909977 690.70995841571278 133.60188963319135 22.500000000000004 607.54545378685009
decision_type=8 8 8 10 10 2 8 10 2 8 10 10 10 2
left_child=8 2 -2 4 -4 6 7 -3 -1 -7 11 12 13 -11
right_child=1 5 3 -5 -6 9 -8 -9 -10 10 -12 -13 -14 -15
leaf_value=-0.056388792557839337 0.56553259620804464 -0.068238551202554745 -0.017096531959543707 -0.067901267109962013 0.43118841171557115 -0.24875995814462412 -0.14292333652482586 0.071949421872648481 0.096784713184264792 0.15948073828355194 -0.034565014748206217 0.030026238942773738 0.31820304978587771 -0.0040185385393650321
leaf_weight=905 43 154 53 289 58 206 188 45 41 85 295 68 57 1338
leaf_count=905 43 154 53 289 58 206 188 45 41 85 295 68 57 1338
internal_value=-0.000474386 -0.000228126 0.000993243 0.000299251 0.00291964 -0.000450555 -0.0015232 -0.000435001 -0.00122281 -0.000247318 -8.62263e-05 0.000158811 2.02559e-05 -0.000111658
internal_weight=3825 2879 443 400 111 2436 387 199 946 2049 1843 1548 1480 1423
internal_count=3825 2879 443 400 111 2436 387 199 946 2049 1843 1548 1480 1423
is_linear=0
shrinkage=0.03


Tree=389
num_leaves=15
num_cat=0
split_feature=37 34 35 17 68 14 0 16 67 56 48 3 82 81
split_gain=0.531773 0.687355 0.671428 0.546956 0.491679 0.610089 0.51855 0.831077 0.954997 0.588318 1.37761 0.59479 0.74036 0.692302
threshold=2793.4067995448781 0.18933143669985777 79.616393666393677 13.500000000000002 0.26195548936638197 248.97566214264006 238.50000000000003 12.500000000000002 438.78170242905622 115.34832398096721 120.2729961872101 5.7083333333430355 -20.576139728228245 9809.0951838493365
decision_type=10 10 10 2 10 10 2 2 8 10 10 2 8 10
left_child=3 2 -2 -1 6 -6 9 8 -8 10 11 -5 -13 -14
right_child=1 -3 -4 4 5 -7 7 -9 -10 -11 -12 12 13 -15
leaf_value=-0.28855874112900387 -0.053907715489742825 0.011502002309678488 0.039884718520293155 -0.1087297991818215 0.012131757476949218 -0.17461423606177193 0.016362705496122645 -0.009676957962012251 0.079760044160079216 -0.05133897157406507 0.29457682245393124 -0.097743788068763188 0.0044481033114455743 -0.14198176508111382
leaf_weight=165 79 45 69 252 52 180 52 143 40 445 40 545 1562 212
leaf_count=165 79 45 69 252 52 180 52 143 40 445 40 545 1562 212
internal_value=-0.000495364 0.00103608 4.02677e-05 -0.000575767 -0.000496312 -0.00182833 -0.000401884 0.000953389 0.00316129 -0.00050638 -0.000334227 -0.000421074 -0.000270259 2.70415e-05
internal_weight=3881 193 148 3688 3523 232 3291 235 92 3056 2611 2571 2319 1774
internal_count=3881 193 148 3688 3523 232 3291 235 92 3056 2611 2571 2319 1774
is_linear=0
shrinkage=0.03


Tree=390
num_leaves=15
num_cat=0
split_feature=10 48 61 27 29 39 81 78 22 3 46 34 83 48
split_gain=0.563454 0.425712 0.410143 0.753391 1.4327 1.66442 1.1941 1.21672 0.983089 1.18109 0.947421 0.642077 0.635786 0.634754
threshold=1.5000000000000002 420.30523606141418 0.016539681691803285 0.94274004683840762 0.90870467255998566 3510.36610283034 7199.2714924812326 0.87500000000000011 3.8332028388977055 7.6250000000000009 870.00000000000011 0.95553359683794481 114.32852864265443 107.19344095389049
decision_type=2 10 10 10 10 10 8 10 2 2 10 10 10 8
left_child=1 2 3 4 12 6 10 -8 -5 -10 -6 -4 -1 -11
right_child=-2 -3 11 8 5 -7 7 -9 9 13 -12 -13 -14 -15
leaf_value=0.0016090671336108013 -0.71315273539592594 -0.28670755495071404 -0.0098656088089678576 -0.18409947853776726 -0.023583916096658507 -0.1388767407312419 0.37972322098503719 0.28874835264016463 0.70583045269172917 0.0082979299649963058 0.24492934394042942 0.014173751194886628 -0.47965832302725775 -0.36346088783613689
leaf_weight=606 90 51 2079 169 80 78 66 41 41 108 44 131 64 82
leaf_count=606 90 51 2079 169 80 78 66 41 41 108 44 131 64 82
internal_value=-0.000305549 -0.000247186 -0.000208079 0.000197825 0.000645918 0.00233226 0.00360776 0.00591667 -0.000897756 0.000374999 0.001584 -0.00046133 -0.000134129 -0.000628273
internal_weight=3730 3640 3589 1379 979 309 231 107 400 231 124 2210 670 190
internal_count=3730 3640 3589 1379 979 309 231 107 400 231 124 2210 670 190
is_linear=0
shrinkage=0.03


Tree=391
num_leaves=15
num_cat=0
split_feature=35 84 84 16 24 3 0 66 23 76 69 35 68 68
split_gain=0.625536 0.55529 0.481275 0.958163 0.928342 0.86203 0.859905 1.8815 0.858688 1.22065 0.844165 0.791289 0.745544 0.778573
threshold=92.948611111111106 255.52683063348135 34.66137500603994 14.500000000000002 22.500000000000004 5.9583333333430355 -41.499999999999993 -229.32036554813382 3.8332028388977055 211.14200949668887 -265.73906539253227 15.077251344086024 -0.17533051296747018 -0.11557861490376485
decision_type=10 10 8 2 2 2 2 10 10 8 8 10 8 8
left_child=1 2 8 6 5 -5 7 -4 9 -1 -11 -9 -8 -14
right_child=-2 -3 3 4 -6 -7 12 11 -10 10 -12 -13 13 -15
leaf_value=0.23848780844879455 0.040359961454828217 -0.48032587167902402 -0.081877600173449944 0.052468400415566767 -0.022349477648164726 -0.0072807377119446549 -0.32098922602145236 0.68679493786035706 -0.06540051532030168 0.076370825446837473 -0.010095788031300817 0.39813433633284967 0.12367450846355516 0.0030124283690456367
leaf_weight=40 50 74 78 73 764 253 76 40 999 44 572 41 68 680
leaf_count=40 50 74 78 73 764 253 76 40 999 44 572 41 68 680
internal_value=-0.00035972 -0.000403892 -0.000352374 -4.77346e-05 -0.000659946 0.000678898 0.000631097 0.00264375 -0.000733696 0.000109588 -0.000223664 0.00581707 0.000239999 0.000528704
internal_weight=3852 3802 3728 2073 1090 326 983 159 1655 656 616 81 824 748
internal_count=3852 3802 3728 2073 1090 326 983 159 1655 656 616 81 824 748
is_linear=0
shrinkage=0.03


Tree=392
num_leaves=15
num_cat=0
split_feature=62 73 27 27 19 83 70 41 35 25 58 5 26 76
split_gain=0.538886 0.548886 0.586499 0.979853 1.01005 1.4451 0.690313 0.551024 0.483323 0.472263 0.452797 0.760227 0.435282 0.583538
threshold=0.26963012312595108 45.788704395294197 0.862622549019608 0.86827646038172368 390.00000000000006 -119.14851403236388 0.51470588235294124 75.629062533378615 14.474949210814193 0.82683658170914553 182.97837388515475 52.454546213150032 88.500000000000014 590.24609887599956
decision_type=10 10 10 10 10 10 8 10 8 10 10 10 2 10
left_child=1 2 8 -4 6 7 -5 -6 -1 -8 -2 -12 -11 -14
right_child=10 -3 3 4 5 -7 9 -9 -10 12 11 -13 13 -15
leaf_value=-0.44026448964098119 -0.36757166553668491 -0.078618409067445785 0.061731015462880137 0.040522212209724712 0.040402698692751093 -0.021920834139424004 0.27927321893665369 0.042559248328822283 -0.032853923246381117 -0.047759026603539687 -0.12357696418825617 0.078308895917408472 -0.0016309228363014941 -0.37499810897592994
leaf_weight=105 159 148 77 70 44 114 42 40 563 866 46 50 1465 66
leaf_count=105 159 148 77 70 44 114 42 40 563 866 46 50 1465 66
internal_value=-0.000486256 -0.000391559 -0.00031451 -0.000122801 -0.000218243 0.0018392 -0.000381276 0.0048 -0.00111211 -0.000465984 -0.00181641 -0.000185568 -0.000521685 -0.000217364
internal_weight=3855 3600 3452 2784 2707 198 2509 84 668 2439 255 96 2397 1531
internal_count=3855 3600 3452 2784 2707 198 2509 84 668 2439 255 96 2397 1531
is_linear=0
shrinkage=0.03


Tree=393
num_leaves=15
num_cat=0
split_feature=65 60 80 24 22 60 0 76 39 0 43 81 24 42
split_gain=0.545033 0.517774 1.06678 0.926574 0.814091 0.808697 0.808468 0.75963 1.12823 0.804178 1.06136 1.02249 0.983726 0.702565
threshold=1.1735353986299786 545.25383734703075 -134.41663193702695 55.500000000000007 1.1185901165008547 2084.1682296991353 75.500000000000014 459.49186480045324 1522.1359823802065 89.500000000000014 239.8255871636608 5024.683819413186 31.500000000000004 123.9431130886078
decision_type=10 8 8 2 2 8 2 10 10 2 10 8 2 10
left_child=1 7 -3 5 -5 6 -4 8 -1 -10 12 13 -11 -12
right_child=-2 2 3 4 -6 -7 -8 -9 9 10 11 -13 -14 -15
leaf_value=0.0083177181602525942 -0.22236496367648387 0.53760389981377943 0.12841552621598526 -0.09791327891487786 0.24011963390383656 -0.0086153603715470577 -0.0098306516361014069 -0.28573779186639903 -0.044883912381498851 0.31564770691257232 0.66407007543163321 -0.038123136659975132 -0.0013960351109762392 0.0042398558616200044
leaf_weight=738 179 62 41 40 75 915 43 172 950 40 45 389 53 90
leaf_count=738 179 62 41 40 75 915 43 172 950 40 45 389 53 90
internal_value=-0.000205062 -0.000125616 0.000392523 0.000177578 0.00271552 -0.000117001 0.00268235 -0.000371671 -0.000227668 -0.000683036 0.000160193 -0.000365715 0.00309574 0.001875
internal_weight=3832 3653 1176 1114 115 999 84 2477 2305 1567 617 524 93 135
internal_count=3832 3653 1176 1114 115 999 84 2477 2305 1567 617 524 93 135
is_linear=0
shrinkage=0.03


Tree=394
num_leaves=15
num_cat=0
split_feature=43 38 60 32 45 68 37 39 19 42 79 39 43 30
split_gain=0.550292 0.801773 1.86686 1.00499 0.720378 0.871214 1.09289 1.08976 0.554078 0.594079 0.543536 0.480774 0.681686 0.684939
threshold=83.519460071712203 2897.2888508549931 -1.0000000180025095e-35 0.27097902097902099 8.5000000000000018 0.0079627793614226918 260.87387675962481 1725.8432905327036 390.00000000000006 6.5038928985595712 5.8159730180451836 1097.8990312020258 142.67194104791437 3.0500000000000003
decision_type=8 10 10 10 8 8 8 10 10 10 10 8 10 10
left_child=1 4 3 -3 8 -6 -7 -8 -1 -10 -4 12 -2 -14
right_child=11 2 10 -5 5 6 7 -9 9 -11 -12 -13 13 -15
leaf_value=-0.083302215323634243 -0.031769610703314174 0.086058596498289369 0.018636528096786644 0.17119709222634572 -0.075973933837351418 -0.071773475617238694 0.44460060370255583 0.0071799414833413682 -0.0078277548668614378 0.04007948477696445 -0.075636074380150797 -0.01575639199481936 0.13052030156151567 -0.00032746178447951154
leaf_weight=375 149 41 67 40 46 57 48 45 41 52 90 2275 142 331
leaf_count=375 149 41 67 40 46 57 48 45 41 52 90 2275 142 331
internal_value=-0.000354474 0.000292358 0.00178243 0.00545122 -0.00024361 0.00127919 0.00238411 0.00437234 -0.00088273 0.00118085 -0.000132912 -0.000555901 0.000182985 0.000740506
internal_weight=3799 902 238 81 664 196 150 93 468 93 157 2897 622 473
internal_count=3799 902 238 81 664 196 150 93 468 93 157 2897 622 473
is_linear=0
shrinkage=0.03


Tree=395
num_leaves=15
num_cat=0
split_feature=39 9 3 57 33 27 41 69 27 3 16 34 48 60
split_gain=0.735839 0.703569 0.611503 1.05705 1.64289 1.18943 1.38654 1.11532 1.02983 0.928541 1.17539 0.760557 0.622208 0.997241
threshold=115.4020506652742 90.000000000000014 15.291666666656967 6.5000000000000009 11.484731934731936 0.89672947031638828 97.652043819427504 299.95441688568343 0.9022147760706114 11.958333333343036 39.500000000000007 0.040408163265306128 -76.314244389533982 -59.040949106216424
decision_type=10 2 2 8 10 10 10 8 10 2 2 8 10 10
left_child=-1 -2 9 4 -4 6 -6 -7 -5 11 -11 -3 -10 -14
right_child=1 2 3 8 5 7 -8 -9 12 10 -12 -13 13 -15
leaf_value=-0.2722364211061335 0.12529375361521172 0.040225111948888372 0.00018636540749551148 -0.14859484495687375 0.33562226783473681 -0.091358027334225517 0.081571686244477193 0.89532541613859518 -0.080801098372522931 -0.23410493382295433 0.36053206265883719 -0.0075483001779408539 0.24779557805478322 0.00055481424696991158
leaf_weight=173 47 66 397 428 41 59 45 41 73 584 53 1366 72 367
leaf_count=173 47 66 397 428 41 59 45 41 73 584 53 1366 72 367
internal_value=-0.000387097 -0.00029588 -0.000344003 0.000112204 0.00111473 0.00343315 0.006 0.00118812 -0.000510096 -0.000679711 -0.00163166 -0.000255409 0.00039766 0.000824999
internal_weight=3812 3639 3592 1523 583 186 86 100 940 2069 637 1432 512 439
internal_count=3812 3639 3592 1523 583 186 86 100 940 2069 637 1432 512 439
is_linear=0
shrinkage=0.03


Tree=396
num_leaves=15
num_cat=0
split_feature=69 61 66 17 76 56 77 79 31 48 80 48 85 79
split_gain=0.463484 1.45501 0.417445 0.429675 0.423641 1.47774 3.75281 0.73367 0.725053 0.633567 0.47598 0.873904 0.787866 0.598017
threshold=639.4670242742252 0.082135715188056499 649.14879858493816 13.500000000000002 404.83978223800665 -16.199839353561398 -69.598561823368058 16.466792425830231 14.938445378151261 -58.967038313547768 51.382740855216987 -185.59599506855008 -133.67049274841943 14.080510409396094
decision_type=10 10 10 2 8 10 8 8 10 10 10 8 8 10
left_child=2 -2 3 -1 5 6 9 8 -7 -5 11 -6 -13 -12
right_child=1 -3 -4 4 10 7 -8 -9 -10 -11 13 12 -14 -15
leaf_value=-0.096661552507278495 0.38754678395117631 -0.082033905730271889 -0.1262304037108507 -0.73074814584509173 0.32862437987991117 -0.010091477048951294 0.28075952390281811 -0.37256214621413547 0.073995187206115837 0.014535017663625882 -0.0071571969298885648 -0.41443019732676478 -0.0006592549367888782 -0.15214307163196611
leaf_weight=196 50 72 99 45 42 86 45 130 55 40 670 212 1760 302
leaf_count=196 50 72 99 45 42 86 45 130 55 40 670 212 1760 302
internal_value=-0.000397373 0.00141463 -0.00045778 -0.000404298 -0.000324971 0.000589552 0.00320611 -0.000672795 0.000823943 -0.000523257 -0.000447942 -0.000184616 -0.000276737 -0.000992806
internal_weight=3804 122 3682 3583 3387 401 130 271 141 85 2986 2014 1972 972
internal_count=3804 122 3682 3583 3387 401 130 271 141 85 2986 2014 1972 972
is_linear=0
shrinkage=0.03


Tree=397
num_leaves=15
num_cat=0
split_feature=14 14 42 84 83 60 61 52 52 14 60 78 25 80
split_gain=0.579343 1.40499 1.21295 0.604235 0.992268 2.52754 0.650609 0.810265 0.922689 1.26355 0.709464 0.909096 0.685231 1.60625
threshold=817.9126611848352 840.20807278671248 154.29595792293551 -275.35625759760529 -195.86100196838376 -3.5763680934906001 0.40238593642734738 35.301449775695808 89.576128244400039 144.1502471187674 545.25383734703075 0.87500000000000011 0.91277173913043486 100.66583168506624
decision_type=10 10 8 8 8 10 8 10 10 10 10 10 10 10
left_child=3 -2 -3 -1 5 -5 7 -6 9 -9 -8 -12 13 -11
right_child=1 2 -4 4 6 -7 10 8 -10 12 11 -13 -14 -15
leaf_value=-0.53347072115296212 0.033490194558809215 -0.13896985783284474 0.23024742827837713 0.41774044851658926 -0.019877493685373074 -0.15159656535044977 -0.025115943868132578 0.20344504835759458 -0.024111574475744295 0.07099783346641278 -0.033228853226870074 0.093421339018923175 -0.013186286426208196 0.24491011088649919
leaf_weight=100 43 192 75 56 651 99 1888 44 205 184 44 59 162 43
leaf_count=100 43 192 75 56 651 99 1888 44 205 184 44 59 162 43
internal_value=-0.000276912 0.00096463 0.000145522 -0.00038603 -0.000318685 0.00201923 -0.000429748 9.53481e-05 0.000854459 0.00163825 -0.000769579 0.00164423 0.00108461 0.00214474
internal_weight=3845 310 267 3535 3435 155 3280 1289 638 433 1991 103 389 227
internal_count=3845 310 267 3535 3435 155 3280 1289 638 433 1991 103 389 227
is_linear=0
shrinkage=0.03


Tree=398
num_leaves=15
num_cat=0
split_feature=29 34 14 75 41 7 27 26 36 85 36 26 77 26
split_gain=0.430143 0.698045 1.22611 1.16393 1.05924 0.632818 0.629406 0.573412 1.26621 1.23497 1.0745 0.673795 0.706911 0.583582
threshold=0.99227787716159821 0.95346320346320357 366.23495461435363 445.24108421802526 82.143619298934951 6334.0175366531239 0.95529051172707902 143.50000000000003 0.2669211195928754 -106.22165739536284 0.18537609774723179 210.50000000000003 -118.72150576114653 130.50000000000003
decision_type=10 10 8 10 10 8 10 2 10 8 8 2 10 2
left_child=1 5 3 -3 -5 6 7 13 9 -9 -11 12 -12 -1
right_child=-2 2 -4 4 -6 -7 -8 8 -10 10 11 -13 -14 -15
leaf_value=-0.0080531339590926773 -0.074762009794447207 0.35330904360131232 -0.010542176360112503 0.099195637587111918 -0.22408079797135574 0.023429860614884952 -0.16700789978639638 0.4144868038512402 -0.16752782269409477 -0.12480357132939936 0.01383795920960168 -0.0034767030777649592 0.65368869959010911 -0.13602614583338152
leaf_weight=2354 157 49 126 59 62 57 290 45 143 95 72 68 71 176
leaf_count=2354 157 49 126 59 62 57 290 45 143 95 72 68 71 176
internal_value=-0.00030902 -0.000242912 0.00115151 0.00280702 0.00120492 -0.000365659 -0.00041991 -0.000291571 0.000642424 0.00161079 0.000918566 0.00210849 0.00327083 -0.000474122
internal_weight=3824 3667 296 170 121 3371 3314 3024 494 351 306 211 143 2530
internal_count=3824 3667 296 170 121 3371 3314 3024 494 351 306 211 143 2530
is_linear=0
shrinkage=0.03


Tree=399
num_leaves=15
num_cat=0
split_feature=24 74 61 61 81 63 77 85 85 84 14 32 40 37
split_gain=0.545839 1.03705 0.774537 0.929913 0.941796 1.15568 0.563063 0.477304 0.669362 1.48645 1.1951 0.746348 1.36512 1.24267
threshold=56.500000000000007 733.25909446924311 0.52881235493982592 0.30258414920265525 8338.3811569213885 41.482769345383502 306.13608062267309 -25.279912968476609 92.729625066121443 80.779652158419296 293.16500793530679 0.267948717948718 566.97498327247479 1571.3325148443153
decision_type=2 10 10 10 8 8 8 8 8 10 10 8 10 10
left_child=7 2 3 4 -2 -6 -7 -1 9 11 -11 12 -9 -14
right_child=1 -3 -4 -5 5 6 -8 8 -10 10 -12 -13 13 -15
leaf_value=-0.071744928532406424 -0.036443071875267602 0.028796158927695936 -0.056386549291630061 0.2445204164407456 0.10146960698951915 -0.24386276043059579 0.30983480190382295 -0.013584678264375923 -0.0080874367431319222 0.00096788692733858846 0.3297200341116503 -0.051510586718808642 0.54268198730733574 -0.0031100425536401926
leaf_weight=873 112 67 117 51 66 44 43 165 1765 46 58 314 63 55
leaf_count=873 112 67 117 51 66 44 43 165 1765 46 58 314 63 55
internal_value=-0.000264844 0.000658682 0.000117511 0.000889589 0.000169172 0.0016948 -0.000579546 -0.000403294 -0.000189705 0.000594016 0.00388571 1.50495e-05 0.00113028 0.00357983
internal_weight=3839 500 433 316 265 153 87 3339 2466 701 104 597 283 118
internal_count=3839 500 433 316 265 153 87 3339 2466 701 104 597 283 118
is_linear=0
shrinkage=0.03


end of trees

feature_importances:
hour=232
cur_dev_s=208
hist_tripstart_delay=207
hist_tgt_age=176
hist_tgt_delay=156
det_plus_hist_gain=153
dist_to_tgt=136
valid_share_30m=120
hist_gain=116
tgt_dist_prev=111
trip_len=110
n_stops_plan=103
hist_tgt_delay_mean3=102
speed_mean_10m=99
hist_gain_mean=98
plan_path_speed=94
valid_share_15m=94
plan_rate_extrap=93
n_pkt_30m=89
hist_tgt_dmin=89
layover_slack_s=87
detw_delay_mean3=82
n_pkt_15m=81
speed_mean_5m=76
pos_delay=76
tgt_to_trip_end=75
moved_5m=75
detw_slope=75
dist_to_last_plan=73
pos_u=73
n_plan_recent=72
stop_share_10m=71
det_delay_mean3=71
plan_path_m=70
moved_10m=70
detw_delay=70
detw_stops_to_tgt=70
age_last_pkt=68
det_delay=65
valid_share_5m=63
phys_delay=63
detw_extrap=63
det_rate_recent=61
speed_mean_2m=58
det_stops_to_tgt=58
det_slope=56
det_at_last_plan=56
max_gap_path=55
stop_share_5m=51
lead_s=50
det_next_plan_minus_T=49
det_plan_rate=49
at_terminal_s=49
dist_to_layover_stop=48
det_speed_route=47
det_extrap=44
n_pkt_5m=42
tgt_pos_in_trip=41
speed_last=41
dist_to_next_plan=40
cur_minus_det_last=39
detw_age=38
layover_path_s=37
since_last_plan=36
age_last_valid=34
det_age=33
det_lb=32
detw_n15m=31
stop_share_2m=30
layover_end_minus_T=27
detw_next_plan_minus_T=26
detw_lb=25
det_plan_to_tgt=23
cur_dev_is0=22
det_n15m=22
detw_plan_to_tgt=20
plan_path_s=15
tgt_gap_prev=11
tgt_after_layover_s=10
hist_tgt_det_share=10
last_is_trip_end=5
n_trip_starts_path=2
det_same_trip=2

parameters:
[boosting: gbdt]
[objective: quantile]
[metric: quantile]
[tree_learner: serial]
[device_type: cpu]
[data_sample_strategy: bagging]
[data: ]
[valid: ]
[num_iterations: 400]
[learning_rate: 0.03]
[num_leaves: 15]
[num_threads: 8]
[seed: 0]
[deterministic: 0]
[force_col_wise: 0]
[force_row_wise: 0]
[histogram_pool_size: -1]
[max_depth: -1]
[min_data_in_leaf: 40]
[min_sum_hessian_in_leaf: 0.001]
[bagging_fraction: 0.8]
[pos_bagging_fraction: 1]
[neg_bagging_fraction: 1]
[bagging_freq: 1]
[bagging_seed: 7719]
[bagging_by_query: 0]
[feature_fraction: 0.7]
[feature_fraction_bynode: 1]
[feature_fraction_seed: 2437]
[extra_trees: 0]
[extra_seed: 11797]
[early_stopping_round: 0]
[early_stopping_min_delta: 0]
[first_metric_only: 0]
[max_delta_step: 0]
[lambda_l1: 0]
[lambda_l2: 1]
[linear_lambda: 0]
[min_gain_to_split: 0]
[drop_rate: 0.1]
[max_drop: 50]
[skip_drop: 0.5]
[xgboost_dart_mode: 0]
[uniform_drop: 0]
[drop_seed: 21238]
[top_rate: 0.2]
[other_rate: 0.1]
[min_data_per_group: 100]
[max_cat_threshold: 32]
[cat_l2: 10]
[cat_smooth: 10]
[max_cat_to_onehot: 4]
[top_k: 20]
[monotone_constraints: ]
[monotone_constraints_method: basic]
[monotone_penalty: 0]
[feature_contri: ]
[forcedsplits_filename: ]
[refit_decay_rate: 0.9]
[cegb_tradeoff: 1]
[cegb_penalty_split: 0]
[cegb_penalty_feature_lazy: ]
[cegb_penalty_feature_coupled: ]
[path_smooth: 0]
[interaction_constraints: ]
[verbosity: -1]
[saved_feature_importance_type: 0]
[use_quantized_grad: 0]
[num_grad_quant_bins: 4]
[quant_train_renew_leaf: 0]
[stochastic_rounding: 1]
[linear_tree: 0]
[max_bin: 255]
[max_bin_by_feature: ]
[min_data_in_bin: 3]
[bin_construct_sample_cnt: 200000]
[data_random_seed: 38]
[is_enable_sparse: 1]
[enable_bundle: 1]
[use_missing: 1]
[zero_as_missing: 0]
[feature_pre_filter: 1]
[pre_partition: 0]
[two_round: 0]
[header: 0]
[label_column: ]
[weight_column: ]
[group_column: ]
[ignore_column: ]
[categorical_feature: ]
[forcedbins_filename: ]
[precise_float_parser: 0]
[parser_config_file: ]
[objective_seed: 8855]
[num_class: 1]
[is_unbalance: 0]
[scale_pos_weight: 1]
[sigmoid: 1]
[boost_from_average: 1]
[reg_sqrt: 0]
[alpha: 0.9]
[fair_c: 1]
[poisson_max_delta_step: 0.7]
[tweedie_variance_power: 1.5]
[lambdarank_truncation_level: 30]
[lambdarank_norm: 1]
[label_gain: ]
[lambdarank_position_bias_regularization: 0]
[eval_at: ]
[multi_error_top_k: 1]
[auc_mu_weights: ]
[num_machines: 1]
[local_listen_port: 12400]
[time_out: 120]
[machine_list_filename: ]
[machines: ]
[gpu_platform_id: -1]
[gpu_device_id: -1]
[gpu_device_id_list: ]
[gpu_use_dp: 0]
[num_gpu: 1]

end of parameters

pandas_categorical:[]
