tree
version=v4
num_class=1
num_tree_per_iteration=1
label_index=0
max_feature_idx=85
objective=regression_l1
feature_names=cur_dev_s lead_s cur_dev_is0 hour n_stops_plan since_last_plan plan_path_s plan_path_m plan_path_speed max_gap_path n_trip_starts_path layover_path_s tgt_is_trip_start tgt_gap_prev tgt_dist_prev tgt_pos_in_trip tgt_to_trip_end trip_len last_is_trip_end tgt_after_layover_s layover_end_minus_T has_telemetry age_last_pkt age_last_valid n_pkt_5m valid_share_5m n_pkt_15m valid_share_15m n_pkt_30m valid_share_30m speed_last speed_mean_2m stop_share_2m speed_mean_5m stop_share_5m speed_mean_10m stop_share_10m moved_5m moved_10m dist_to_tgt dist_to_next_plan det_delay detw_delay dist_to_last_plan det_age det_stops_to_tgt det_plan_to_tgt det_same_trip det_delay_mean3 det_n15m det_lb det_next_plan_minus_T detw_age detw_stops_to_tgt detw_plan_to_tgt detw_same_trip detw_delay_mean3 detw_n15m detw_lb detw_next_plan_minus_T pos_delay pos_u det_slope det_extrap det_speed_route det_plan_rate phys_delay plan_rate_extrap detw_slope detw_extrap det_rate_recent n_plan_recent det_at_last_plan cur_minus_det_last dist_to_layover_stop at_terminal_s layover_slack_s hist_tripstart_delay hist_tgt_det_share hist_tgt_dmin hist_tgt_delay hist_tgt_age hist_tgt_delay_mean3 hist_gain hist_gain_mean det_plus_hist_gain
feature_infos=[-404:661] [603.09427642822266:900] [0:1] [0:23.916666666686069] [1:14] [0:14892.05751824379] [660:15540] [0:12827.943764811294] [0:10.803044886087546] [0:14940] [0:2] [0:14940] [0:1] [0:14940] [0:9831.9945560320557] [0:71] [0:70] [1:72] [0:1] [0:780] [4.8826858997344971:900] none [0:1949.1842980384827] [0:11451] [0:107] [0:1] [0:291] [0:1] [0:550] [0:1] [0:121] [0:117.2] [0:1] [0:110.14999999999999] [0:1] [0:101.8] [0:1] [0:35802.811543782569] [0:51722.121883766056] [3.3583940281732638:33148.477351940295] [0.60254003257475619:34656.366069555101] [-300:799.38736510276794] [-300:671.981440782547] [0.60254003257475619:34670.831137284273] [0.12392640113830566:15326.934791564941] [1:49] [360:16080] [0:1] [-287.7758509318034:632.42421825726831] [0:15] [0:15192.05751824379] [-15192.05751824379:900] [0.4447624683380127:15047.163184165955] [1:49] [360:15720] [0:1] [-294.66666666666669:600.06247250239051] [0:15] [0:14892.05751824379] [-14892.05751824379:900] [-337.63885021209717:11803.174602270126] [0:1] [-0.97196972299573325:2.2040685286124546] [-732.22170826366983:900] [0.4406616482338348:13.09750292924962] [0.13973357400680286:1.8669609362695787] [-560.88408207893372:1500] [-535.96999738090915:1500] [-0.94803408100491515:2.8931824797675731] [-748.9516192664089:900] [0:1] [1:24] [-300:799.38736510276794] [-799.38736510276794:783.48914670944214] [0.60254003257475619:34656.366069555101] [0:14262.05751824379] [-297.29506731033325:14913.388998508453] [-299:308.65542531013489] [0:1] [0.16551709419740437:17658.273421561607] [-300:799.38736510276794] [1054.9078302383423:71620.322207450867] [-295:799.38736510276794] [-782.74478268623352:774.56811666488647] [-651.39952778816223:774.56811666488647] [-620.86606168746948:1195.8801209926605]
tree_sizes=1312 1413 1418 1426 1422 1427 1449 1440 1445 1438 1444 1448 1425 1443 1449 1442 1442 1448 1444 1442 1449 1447 1429 1436 1447 1435 1452 1442 1424 1445 1433 1448 1440 1442 1432 1443 1433 1438 1456 1447 1448 1448 1457 1441 1446 1447 1446 1435 1442 1455 1444 1444 1442 1435 1440 1450 1445 1454 1439 1443 1462 1450 1449 1442 1449 1437 1444 1453 1452 1457 1441 1435 1451 1462 1438 1448 1444 1446 1467 1438 1440 1434 1449 1451 1435 1459 1431 1452 1446 1453 1444 1448 1470 1446 1445 1454 1442 1444 1442 1464 1458 1451 1444 1444 1445 1455 1456 1456 1445 1443 1451 1429 1455 1443 1465 1442 1440 1438 1449 1453 1457 1445 1445 1447 1442 1455 1435 1448 1450 1446 1447 1433 1456 1448 1437 1449 1452 1446 1454 1426 1444 1453 1450 1457 1454 1455 1449 1445 1458 1440 1459 1458 1445 1464 1449 1457 1450 1429 1437 1456 1466 1442 1441 1454 1438 1449 1461 1436 1447 1457 1453 1436 1466 1454 1442 1452 1451 1446 1449 1452 1436 1443 1447 1437 1456 1453 1447 1444 1464 1457 1450 1454 1445 1439 1429 1453 1438 1458 1449 1439 1432 1462 1445 1459 1440 1455 1451 1449 1442 1463 1430 1447 1442 1456 1447 1457 1445 1456 1453 1463 1457 1448 1453 1463 1439 1445 1456 1451 1455 1445 1448 1462 1457 1431 1450 1476 1434 1431 1454 1454 1461 1440 1433 1467 1462 1465 1452 1468 1460 1444 1459 1445 1450 1452 1462 1450 1434 1452 1454 1445 1466 1449 1458 1441 1454 1472 1458 1449 1434 1450 1456 1463 1456 1448 1458 1462 1432 1461 1454 1431 1454 1460 1434 1456 1464 1456 1455 1455 1458 1451 1449 1457 1455 1442 1449 1449 1472 1448 1446 1451 1452 1450 1458 1468 1438 1452 1433 1448 1455 1452 1452 1433 1455 1462 1454 1452 1455 1449 1453 1451 1460 1459 1456 1450 1429 1463 1442 1448 1453 1423 1446 1463 1432 1459 1457 1458 1458 1449 1448 1458 1472 1447 1445 1452 1451 1463 1467 1442 1435 1444 1457 1445 1462 1462 1467 1447 1455 1446 1430 1449 1438 1450 1451 1457 1460 1435 1453 1466 1443 1434 1433 1452 1452 1448 1467 1451 1449 1458 1458 1457 1453 1448 1453 1463 1461 1456 1466 1464 1430 1443 1449 1438 1452 1470 1456 1451 1461 1470 1447 1436 1460 1462 1461 1437 1452 1463 1431 1452 1463 1449 1454 1428 1454 1445 1452 1434 1472 1454 1445 1468 1458 1452 1457 1468 1460 1455 1457 1423 1453 1462 1448 1457 1461 1465 1467 1458 1447 1458 1461 1469 1460 1430 1437 1472 1459 1441 1440 1446 1443 1447 1448 1446 1459 1450 1429 1440 1461 1458 1466 1445 1460 1451 1447 1453 1428 1440 1463 1476 1456 1431 1442 1444 1467 1463 1444 1447 1469 1445 1460 1460 1463 1453 1457 1436 1467 1436 1464 1445 1451 1460 1466 1453 1445 1455 1456 1440 1474 1469 1455 1453

Tree=0
num_leaves=15
num_cat=0
split_feature=85 27 85 27 66 85 3 77 63 36 3 53 53 76
split_gain=418.48 165.796 120.616 105.662 58.7628 47.9569 37.4057 33.7756 33.41 28.3735 26.158 27.6047 24.27 25.316
threshold=17.156591018040981 0.89776874585268762 -9.5148916641871111 0.85404962546816487 206.38153994083407 109.43419903516771 20.375000000000004 -243.40340566635129 93.68762460323633 0.12974987974987975 5.8750000000000009 8.5000000000000018 7.5000000000000009 684.8845672607423
decision_type=10 10 8 10 10 10 2 10 10 10 2 8 10 10
left_child=1 4 7 8 -1 -5 9 -3 -2 -4 -11 -12 13 -9
right_child=3 2 6 5 -6 -7 -8 12 -10 10 11 -13 -14 -15
leaf_value=24.010000000000002 24.25 23.02 24.25 26.050000000000001 26.289999999999999 28.120000000000001 28.164999999999999 23.109999999999999 27.25 24.445 25.210000000000001 26.710000000000001 25.329999999999998 25.809999999999999
leaf_weight=1010 124 180 60 492 90 663 130 187 43 116 315 213 141 60
leaf_count=1010 124 180 60 492 90 663 130 187 43 116 315 213 141 60
internal_value=24.9997 24.9925 24.9993 25.0133 24.9838 25.0166 25.0066 24.9887 24.9911 25.0038 25.0057 25.0085 24.9937 24.988
internal_weight=3824 2502 1402 1322 1100 1155 834 568 167 704 644 528 388 247
internal_count=3824 2502 1402 1322 1100 1155 834 568 167 704 644 528 388 247
is_linear=0
shrinkage=1


Tree=1
num_leaves=15
num_cat=0
split_feature=0 29 76 28 0 9 84 3 32 84 67 17 27 81
split_gain=551.815 160.618 119.601 78.5383 74.2197 57.1057 54.9125 60.5595 51.82 46.0707 31.7568 31.7332 29.1068 25.0735
threshold=26.500000000000004 0.91056453326334486 633.34686565399181 216.50000000000003 155.50000000000003 390.00000000000006 27.087720115979518 6.0416666666569663 0.65686274509803932 1.0000000180025095e-35 -99.394935578107834 37.500000000000007 0.89119672836848907 3679.0364328622823
decision_type=2 10 8 2 2 2 8 2 10 10 8 2 10 8
left_child=1 8 3 -2 9 -5 -3 -8 13 12 -9 -10 -4 -1
right_child=2 6 4 5 -6 -7 7 10 11 -11 -12 -13 -14 -15
leaf_value=-0.42059999999999997 -0.72030000000000005 -1.1343000000000001 -0.69869999999999999 2.7755999999999998 4.7186999999999992 -0.42360000000000003 -0.73334999999999995 -1.0206 1.5296999999999998 2.1225000000000001 1.0286999999999999 -2.3233499999999996 0.92969999999999997 -1.1403000000000001
leaf_weight=109 165 249 163 132 509 143 75 61 59 351 363 43 437 991
leaf_count=109 165 249 163 132 509 143 75 61 59 351 363 43 437 991
internal_value=-0.000109063 -0.0113173 0.011394 -0.00231293 0.0155236 0.0075 -0.000400534 0.00534 -0.0181047 0.0105567 0.00974118 0.0023301 0.00549085 -0.02
internal_weight=3850 1950 1900 440 1460 275 748 499 1202 951 424 102 600 1100
internal_count=3850 1950 1900 440 1460 275 748 499 1202 951 424 102 600 1100
is_linear=0
shrinkage=0.03


Tree=2
num_leaves=15
num_cat=0
split_feature=0 85 43 82 76 28 53 17 0 35 74 82 32 4
split_gain=520.927 131.188 129.621 95.5977 85.8661 65.8362 37.9982 35.9069 35.2692 36.3409 31.4603 25.3913 24.786 25.4919
threshold=31.500000000000004 -2.4213190674781795 381.30323397447916 -13.958739002545672 1831.1370159387591 201.50000000000003 7.5000000000000009 29.000000000000004 155.50000000000003 23.606506099468255 3349.2190330070548 -23.599052131175991 0.43095238095238103 8.5000000000000018
decision_type=2 8 10 8 8 2 10 2 2 8 8 10 10 2
left_child=2 6 3 -1 5 -3 -2 -5 9 -6 11 -4 13 -9
right_child=1 4 10 7 8 -7 -8 12 -10 -11 -12 -13 -14 -15
leaf_value=-1.8776819999999999 -1.5205919999999999 -0.69869099999999995 -1.8560909999999999 0.74903399999999987 1.704825 1.8664079999999998 0.44066099999999991 -0.74982599999999999 5.0298389999999991 -0.34117499999999995 -0.98789099999999985 1.789239 0.51878400000000002 0.27270899999999998
leaf_weight=279 155 158 57 338 643 221 154 242 464 65 708 41 176 123
leaf_count=279 155 158 57 338 643 221 154 242 464 65 708 41 176 123
internal_value=-0.000219608 0.0111553 -0.0109924 -0.00455565 0.0147101 0.00228947 -0.00667742 0.000306818 0.0187212 0.0144711 -0.020223 -0.00424242 -0.00448339 -0.00893443
internal_weight=3824 1860 1964 1158 1551 379 309 879 1172 708 806 98 541 365
internal_count=3824 1860 1964 1158 1551 379 309 879 1172 708 806 98 541 365
is_linear=0
shrinkage=0.03


Tree=3
num_leaves=15
num_cat=0
split_feature=0 29 85 76 28 80 45 39 34 29 85 33 71 28
split_gain=514.286 151.195 128.825 93.1256 58.0601 52.5134 38.202 37.3945 37.1607 33.8111 33.0612 31.027 27.7916 27.244
threshold=26.500000000000004 0.90630852059925104 -2.4213190674781795 1831.1370159387591 201.50000000000003 -34.518487572669976 7.5000000000000009 1906.7528096026003 0.95346320346320357 0.86599660814046298 -10.688115278879801 24.204807692307693 10.500000000000002 235.50000000000003
decision_type=2 10 8 8 2 8 10 10 10 10 10 8 10 2
left_child=1 8 6 4 12 -3 -2 -7 10 11 -1 -5 -4 -8
right_child=2 5 3 9 -6 7 13 -9 -10 -11 -12 -13 -14 -15
leaf_value=-1.3464542700000002 -1.4933972400000002 -1.68815838 0.19226973 2.0076802499999999 1.8104157599999999 0.63036797999999994 -0.67126082999999992 -0.68171276999999986 0.84303798000000008 2.5612048649999997 -0.65645427000000001 -0.68910375000000001 -0.67773026999999997 1.8349691699999999
leaf_weight=878 154 142 51 57 234 400 106 237 48 1096 209 57 104 64
leaf_count=878 154 142 51 57 234 400 106 237 48 1096 209 57 104 64
internal_value=-0.000367379 -0.0113734 0.0105873 0.0140812 0.00130769 -0.00119231 -0.00664615 0.00249216 -0.0183539 0.0181833 -0.0194945 0.0026087 -0.0128846 0.00315789
internal_weight=3837 1914 1923 1599 389 779 324 637 1135 1210 1087 114 155 170
internal_count=3837 1914 1923 1599 389 779 324 637 1135 1210 1087 114 155 170
is_linear=0
shrinkage=0.03


Tree=4
num_leaves=15
num_cat=0
split_feature=0 29 8 80 31 80 3 0 80 27 24 82 84 29
split_gain=514.21 160.283 128.098 75.1863 49.8478 44.8623 44.7661 44.644 36.9762 30.5491 32.8257 29.611 28.4922 21.2562
threshold=31.500000000000004 0.91191304565478581 3.4179651307492547 74.198228836059585 2.4908730158730168 -35.584459185600274 6.0416666666569663 197.50000000000003 43.877347111701972 0.90705980066445191 35.500000000000007 -36.262559056282036 3.231938481330872 0.92165387894288153
decision_type=2 10 10 10 8 8 2 2 10 10 2 8 8 10
left_child=1 4 3 9 -1 -3 -7 8 -4 10 -2 -11 -8 -13
right_child=2 5 7 -5 -6 6 12 -9 -10 11 -12 13 -14 -15
leaf_value=0.52043982060000005 -0.91850968349999995 -1.6361314685999999 0.84555867720000011 2.26474410405 -0.97621064190000006 -0.65830736189999994 -0.54990305939999995 6.8911174856250001 2.1197361040499998 -1.1041726639499998 1.0528353894750002 1.8584542871999998 0.94741081559999996 0.4232016381
leaf_weight=99 170 127 489 161 1162 100 106 286 372 84 42 47 396 177
leaf_count=99 170 127 489 161 1162 100 106 286 372 84 42 47 396 177
internal_value=-0.00069128 -0.0112406 0.0107928 0.000483871 -0.01771 -4.10959e-05 0.00338308 0.0169077 0.0134687 -0.00506718 -0.0138028 0.000970874 0.00703777 0.00666667
internal_weight=3818 1990 1828 681 1261 729 602 1147 861 520 212 308 502 224
internal_count=3818 1990 1828 681 1261 729 602 1147 861 520 212 308 502 224
is_linear=0
shrinkage=0.03


Tree=5
num_leaves=15
num_cat=0
split_feature=0 29 45 85 74 80 83 80 0 65 3 24 32 83
split_gain=505.722 162.205 123.361 73.9306 59.2189 44.168 38.866 35.8847 35.015 34.2184 44.6471 27.9242 26.76 23.2422
threshold=31.500000000000004 0.90630852059925104 7.5000000000000009 19.03448899586996 1620.4224805519323 -34.518487572669976 191.1447426080704 -16.649368524551388 155.50000000000003 1.0445755225996647 6.0416666666569663 39.500000000000007 0.65686274509803932 -59.046375393867486
decision_type=2 10 8 8 10 8 10 10 2 10 2 2 10 8
left_child=1 6 3 -2 8 -3 12 -5 13 10 -7 -6 -1 -4
right_child=2 5 4 7 11 9 -8 -9 -10 -11 -12 -13 -14 -15
leaf_value=-1.036774322643 -1.3839012636828751 -1.5870475245419999 0.46290055427624999 -0.3873305029987501 -0.72070290361874989 -0.68793921684299986 0.83565868666949994 1.4556398725034998 5.1885156009284996 -1.1110293999554999 0.72554403238199994 1.95734222551575 -0.40988158651799994 1.4474613437339998
leaf_weight=1032 174 143 174 162 60 72 62 178 474 126 483 41 86 605
leaf_count=1032 174 143 174 162 60 72 62 178 474 126 483 41 86 605
internal_value=-0.000697134 -0.0111621 0.0105297 -0.00198058 0.0152768 -0.000945455 -0.0182896 0.00615836 0.0170574 0.0022434 0.00544964 -0.00676471 -0.019571 0.0131154
internal_weight=3872 2004 1868 514 1354 824 1180 340 1253 681 555 101 1118 779
internal_count=3872 2004 1868 514 1354 824 1180 340 1253 681 555 101 1118 779
is_linear=0
shrinkage=0.03


Tree=6
num_leaves=15
num_cat=0
split_feature=0 29 8 85 25 0 80 34 80 85 29 39 85 64
split_gain=440.089 156.886 127.093 99.9462 58.1648 49.0122 40.4425 39.7255 27.5703 27.3642 31.3779 26.146 25.1203 24.6679
threshold=26.500000000000004 0.91163137398077165 3.6919725040660381 68.954903562863691 0.90443574690150041 155.50000000000003 -1.0000000180025095e-35 0.95346320346320357 46.328000426292427 -15.899140298366545 0.873455848711301 1906.7528096026003 -34.657474994659417 4.5191747235519175
decision_type=2 10 10 10 10 2 8 10 8 10 10 10 8 8
left_child=1 7 3 4 -2 12 -3 9 -6 -1 -11 -8 -4 -13
right_child=2 6 5 -5 8 -7 11 -9 -10 10 -12 13 -14 -15
leaf_value=-1.18973009296371 -0.86427004285994613 -0.88993022483946005 -0.39082678204428739 1.7335611237664799 -0.62702482128105941 5.3827686914533954 0.62126829516053994 0.99863759357754001 1.3830033096449623 -0.59071304296370997 0.069637911896602553 -1.3596162793693352 1.42893750342198 0.20702219766053992
leaf_weight=914 212 179 71 325 184 386 353 47 161 127 118 41 614 151
leaf_count=914 212 179 71 325 184 386 353 47 161 127 118 41 614 151
internal_value=-0.000718332 -0.0108752 0.00931934 0.000883352 -0.00682796 0.0162593 0.000165517 -0.0174979 0.000780347 -0.0185948 -0.00963415 0.00423077 0.011414 -0.00466321
internal_weight=3883 1930 1953 882 557 1071 724 1206 345 1159 245 545 685 192
internal_count=3883 1930 1953 882 557 1071 724 1206 345 1159 245 545 685 192
is_linear=0
shrinkage=0.03


Tree=7
num_leaves=15
num_cat=0
split_feature=85 82 27 35 3 85 17 65 4 45 27 28 53 27
split_gain=343.117 134.577 127.873 68.8798 44.8742 35.4518 33.9342 33.0511 28.3974 27.5007 23.8581 22.5152 22.1084 19.8674
threshold=5.0967040061950692 12.217373530069988 0.88757022471910119 25.114858156028372 21.041666666656969 68.954903562863691 37.500000000000007 0.91150424444985456 6.5000000000000009 7.5000000000000009 0.89776874585268762 229.50000000000003 2.5000000000000004 0.84907613889773825
decision_type=10 8 10 8 2 10 2 8 2 10 10 2 10 10
left_child=1 9 7 5 6 10 8 -3 -4 12 -2 -11 -1 -7
right_child=3 2 4 -5 -6 13 -8 -9 -10 11 -12 -13 -14 -15
leaf_value=-0.13279968619656904 -0.58296650032060804 2.3240013783193207 -0.15254058939408191 -0.56584970167479853 3.1075690128361684 -0.12330536323067917 -0.57997919017479871 -0.52712114017479872 1.7279440555138206 -1.0830015386716725 0.91980378910747373 0.40183563155979329 -2.6734208930987151 2.2215542900534855
leaf_weight=42 119 51 263 117 98 49 295 540 345 250 267 87 404 867
leaf_count=42 119 51 263 117 98 49 295 540 345 250 267 87 404 867
internal_value=-0.000110672 -0.00708333 -0.00207156 0.0115563 0.00446108 0.013538 0.00235619 -0.013125 0.00640394 -0.0172577 0.00589147 -0.0107396 -0.0221477 0.0167503
internal_weight=3794 2375 1592 1419 1001 1302 903 591 608 783 386 337 446 916
internal_count=3794 2375 1592 1419 1001 1302 903 591 608 783 386 337 446 916
is_linear=0
shrinkage=0.03


Tree=8
num_leaves=15
num_cat=0
split_feature=0 29 11 0 80 11 3 85 34 28 35 60 77 85
split_gain=410.027 133.401 119.453 75.5364 55.7804 55.5025 43.3334 40.3971 38.7443 34.854 33.9693 30.7949 23.6087 22.4323
threshold=32.500000000000007 0.90303869722152286 330.00000000000006 169.50000000000003 -15.897557258605955 870.00000000000011 6.0416666666569663 5.8526595433553057 0.38935969868173265 210.50000000000003 18.413756613756618 -90.296313405036912 -120.90247732400893 -3.8093678951263423
decision_type=2 10 2 2 8 2 2 8 10 2 8 8 10 10
left_child=1 8 3 7 -3 9 -6 12 13 -4 -9 -8 -2 -1
right_child=2 4 5 -5 6 -7 11 10 -10 -11 -12 -13 -14 -15
leaf_value=-1.0141655559695546 -1.0998708746949379 -1.4321779947221496 -0.95819852600485289 5.0777415170365687 -0.59620746589062001 0.86588457946729613 -2.8948754250189075 1.4768350125245644 -0.29530931198318733 -0.35646030575868015 0.18317806566257686 0.69341411822671006 0.99635826573713082 -0.54408335070121649
leaf_weight=817 119 192 119 451 108 169 49 611 126 159 176 524 78 180
leaf_count=817 119 192 119 451 108 169 49 611 126 159 176 524 78 180
internal_value=-0.000324826 -0.00979469 0.00971853 0.0139345 -0.000995423 -0.00381696 0.00303519 0.00925888 -0.0166281 -0.012043 0.012297 0.00632404 -0.00287879 -0.0186072
internal_weight=3878 1996 1882 1435 873 447 681 984 1123 278 787 573 197 997
internal_count=3878 1996 1882 1435 873 447 681 984 1123 278 787 573 197 997
is_linear=0
shrinkage=0.03


Tree=9
num_leaves=15
num_cat=0
split_feature=0 4 43 85 84 0 31 3 74 62 36 85 3 65
split_gain=382.817 112.193 101.295 69.5415 56.1297 42.5002 35.5971 34.0415 32.7469 27.2964 25.4372 28.613 24.9202 28.0541
threshold=31.500000000000004 6.5000000000000009 381.30323397447916 68.954903562863691 33.77324171861013 103.50000000000001 48.494047619047628 9.1250000000000018 2507.4318005138916 -0.18919452397090217 0.21940522036799318 -9.5148916641871111 6.0416666666569663 1.0455079132097458
decision_type=2 2 10 10 8 2 8 2 8 10 10 8 2 10
left_child=2 3 4 7 9 10 12 -2 -4 -1 -3 -12 -6 -14
right_child=1 5 8 -5 6 -7 -8 -9 -10 -11 11 -13 13 -15
leaf_value=-0.26654796650096851 0.80217356226862846 -0.032702042523285117 -0.33864548929046806 1.5615527702305274 -0.55296999025684179 3.5355287199848804 -0.48977025969699317 -0.6807864711897319 -0.95615734878055103 -1.5048992445677496 -0.50580268039492249 1.3550260062781689 0.66093005017570094 -1.0000346565631346
leaf_weight=146 93 196 83 191 101 664 46 319 717 322 71 323 480 80
leaf_count=146 93 196 83 191 101 664 46 319 717 322 71 323 480 80
internal_value=-0.000782677 0.00899354 -0.0099747 -0.00163907 -0.00436224 0.0141036 0.000974576 -0.00857143 -0.0182022 -0.0124094 0.00822335 0.0126076 0.00276435 0.00524064
internal_weight=3832 1857 1975 603 1175 1254 707 412 800 468 590 394 661 560
internal_count=3832 1857 1975 603 1175 1254 707 412 800 468 590 394 661 560
is_linear=0
shrinkage=0.03


Tree=10
num_leaves=15
num_cat=0
split_feature=0 29 76 24 80 53 65 11 32 27 0 35 80 65
split_gain=365.684 122.348 107.468 69.6023 55.3072 43.7389 43.3454 40.6536 37.4723 36.3685 26.9184 28.5943 24.9236 21.7115
threshold=31.500000000000004 0.91056453326334486 633.34686565399181 35.500000000000007 85.216893911361709 9.5000000000000018 1.0020418593265805 390.00000000000006 0.70294117647058829 0.91217864205669097 151.50000000000003 18.484289564882562 -0.67900657653808583 0.894064199951634
decision_type=2 10 8 2 8 10 10 2 10 10 2 8 8 10
left_child=1 8 3 9 5 13 12 -5 -1 -2 11 -6 -3 -4
right_child=2 6 4 7 10 -7 -8 -9 -10 -11 -12 -13 -14 -15
leaf_value=-0.76681446999852931 -0.93777731833812383 -0.60901507500709351 0.7795143038231056 2.0699518307877991 1.7730330565621879 2.6053777901898996 -0.99121030971881452 -0.5738641752300685 0.096315310277582125 0.27778106437259659 5.101931380669626 0.073684270323849235 0.51611330758042728 -0.34946415287461402
leaf_weight=1103 144 116 217 123 372 198 209 102 99 68 316 114 443 203
leaf_count=1103 144 116 217 123 372 198 209 102 99 68 316 114 443 203
internal_value=-0.000587774 -0.00958904 0.00896125 -0.0040411 0.0129627 0.00620355 -0.00023407 0.00756637 -0.0155611 -0.016338 0.0181569 0.0136756 0.004125 0.000712589
internal_weight=3827 1970 1857 437 1420 618 768 225 1202 212 802 486 559 420
internal_count=3827 1970 1857 437 1420 618 768 225 1202 212 802 486 559 420
is_linear=0
shrinkage=0.03


Tree=11
num_leaves=15
num_cat=0
split_feature=85 29 83 29 67 53 3 34 53 71 38 53 35 74
split_gain=288.055 143.097 75.1528 49.6752 38.23 34.7404 34.5601 33.9711 27.9558 31.9416 25.2522 25.1812 32.0199 24.9079
threshold=12.213870803515116 0.90591147350029133 62.864355087280281 0.86179029034912435 197.85332337220521 9.5000000000000018 20.291666666656969 0.95346320346320357 7.5000000000000009 12.500000000000002 1536.0528127509731 8.5000000000000018 23.853428142910712 2445.040148583158
decision_type=10 10 8 10 10 10 2 10 10 8 10 10 10 8
left_child=1 4 8 -2 7 -5 -4 11 10 -10 -3 13 -13 -1
right_child=3 2 6 5 -6 -7 -8 -9 9 -11 -12 12 -14 -15
leaf_value=-0.9818565375218985 -0.21233900234729391 0.038881404161315095 0.46042193176361684 0.93532879806167513 1.9757691529817567 3.1927842383087617 2.721353495654113 1.1111435197343313 -0.64991091234367704 1.3170835317966592 -1.5506845441596893 -0.18917737932941378 -0.47196505548280698 -1.8875237625664418
leaf_weight=214 179 71 565 806 75 354 129 41 128 91 182 283 127 569
leaf_count=214 179 71 565 806 75 354 129 41 128 91 182 283 127 569
internal_value=-0.000346003 -0.00640953 0.00123393 0.0108582 -0.0132137 0.0131266 0.00751079 -0.0144777 -0.00799154 -0.000136364 -0.0147638 -0.015402 -0.00934307 -0.0185587
internal_weight=3814 2475 1166 1339 1309 1160 694 1234 472 219 253 1193 410 783
internal_count=3814 2475 1166 1339 1309 1160 694 1234 472 219 253 1193 410 783
is_linear=0
shrinkage=0.03


Tree=12
num_leaves=15
num_cat=0
split_feature=0 29 8 82 82 25 67 3 81 0 83 29 74 83
split_gain=311.837 131.594 104.548 57.5927 56.1231 49.777 35.0689 36.2708 32.094 29.1925 26.1466 23.0978 23.0717 23.2221
threshold=49.500000000000007 0.90303869722152286 4.012505536383606 -6.381268183390298 96.516979038715377 0.90443574690150041 -145.14775675629809 6.0416666666569663 3435.8629423379903 169.50000000000003 -269.54037213325495 0.97683363148479441 369.83579689035787 -82.208390951156602
decision_type=2 10 10 8 10 10 8 2 8 2 8 10 10 8
left_child=1 8 4 -3 5 12 -5 -8 -1 -4 -7 -12 13 -2
right_child=2 3 9 6 -6 10 7 -9 -10 -11 11 -13 -14 -15
leaf_value=0.39847398048782701 -1.5820928008839075 -0.80430881116706454 1.2348087540664716 -2.3849887199978648 2.2276097559045636 -1.0986235928729586 -0.55517227247798684 0.71248192774749308 -0.78250699449202266 5.3275671096307784 0.4291927071668733 2.0304051462091457 -0.83307325361033535 0.57663649646121029
leaf_weight=74 52 212 457 59 177 59 100 612 1122 292 352 53 107 90
leaf_count=74 52 212 457 59 177 59 100 612 1122 292 352 53 107 90
internal_value=-0.000974077 -0.00840826 0.00890854 -0.00027439 0.00195286 -0.00180672 0.00353627 0.00538569 -0.0150877 0.01716 0.004 0.00672414 -0.0126 -0.00461538
internal_weight=3818 2179 1639 983 890 713 771 712 1196 749 464 405 249 142
internal_count=3818 2179 1639 983 890 713 771 712 1196 749 464 405 249 142
is_linear=0
shrinkage=0.03


Tree=13
num_leaves=15
num_cat=0
split_feature=0 4 34 83 0 83 27 81 9 80 80 84 80 27
split_gain=326.718 101.223 95.466 53.4393 51.231 46.9718 39.2347 35.7117 34.9884 34.1414 26.832 22.7486 22.6817 21.1635
threshold=26.500000000000004 6.5000000000000009 0.39339826839826847 177.53569090366366 151.50000000000003 -43.349408149719231 0.8948992852501626 3418.1595023870473 270.00000000000006 72.573922872543349 16.336725234985355 44.080124417940787 -14.513577699661253 0.91064169570267139
decision_type=2 2 10 10 2 10 10 8 2 10 8 8 8 10
left_child=2 5 3 7 9 6 -2 -1 -6 -3 -4 -9 -8 -13
right_child=1 4 10 -5 8 -7 12 11 -10 -11 -12 13 -14 -15
leaf_value=0.29428808657873956 -0.7005406402686285 0.34032731381805553 -0.60805149881808951 1.1054260498452047 4.7424770216049517 1.5936382992462923 -0.81128079379571161 -1.9536741000604352 -0.33710648340963456 1.6228348888703366 0.51077095293443875 -0.45101717563496613 0.57419349340557813 -0.40285468975127225
leaf_weight=85 144 543 133 87 398 155 111 605 43 306 328 486 215 197
leaf_count=85 144 543 133 87 398 155 111 605 43 306 328 486 215 197
internal_value=-0.00101642 0.00775052 -0.00975546 -0.0135113 0.0125484 -0.00215655 -0.00687898 -0.0149563 0.0208371 0.00822353 0.00214286 -0.0161986 -0.00110092 -0.0124123
internal_weight=3836 1915 1921 1460 1290 625 470 1373 441 849 461 1288 326 683
internal_count=3836 1915 1921 1460 1290 625 470 1373 441 849 461 1288 326 683
is_linear=0
shrinkage=0.03


Tree=14
num_leaves=15
num_cat=0
split_feature=0 8 29 80 25 0 43 82 80 3 67 84 84 82
split_gain=339.322 110.143 104.784 70.6786 40.2519 37.2933 36.5789 34.743 29.5072 27.7796 29.2769 25.3502 23.6322 21.5578
threshold=26.500000000000004 3.9308110232793632 0.91191304565478581 97.505323648452773 0.90342013214146921 192.50000000000003 79.177282605265972 -53.450790603955575 77.053166270256057 6.0416666666569663 -155.61108865235977 -1.0000000180025095e-35 -1.0000000180025095e-35 44.427120010058097
decision_type=2 10 10 10 10 2 10 8 10 2 8 8 8 10
left_child=2 3 6 4 -2 8 13 -4 -3 -9 -11 -6 -12 -1
right_child=1 5 7 -5 11 -7 -8 9 -10 10 12 -13 -14 -15
leaf_value=-0.71475925912608385 -0.55272540265376868 0.75943332649252582 -1.2520472220093337 2.0219396112446346 -0.3597372903760141 5.8594345074209535 -0.83468022422254295 -0.5998946871202947 2.313425391825124 -2.5508356360890256 -0.54340128525899356 1.0497484656850657 0.72563545738528701 1.1470135723606021
leaf_weight=166 268 421 67 223 264 261 971 89 233 47 121 259 390 57
leaf_count=166 268 421 67 223 264 261 971 89 233 47 121 259 390 57
internal_value=-0.000461178 0.00840933 -0.00942902 0.00159606 -0.00261364 0.0159498 -0.0148619 -0.000335664 0.0120916 0.00180556 0.00429338 0.00223282 0.00638672 -0.00388393
internal_weight=3837 1929 1908 1014 791 915 1194 714 654 647 558 523 511 223
internal_count=3837 1929 1908 1014 791 915 1194 714 654 647 558 523 511 223
is_linear=0
shrinkage=0.03


Tree=15
num_leaves=15
num_cat=0
split_feature=0 45 29 83 29 29 82 3 32 3 65 53 85 15
split_gain=312.003 104.769 92.3921 65.2928 48.7617 37.4902 36.0264 33.5398 33.2381 31.9794 32.4935 27.4558 26.0358 24.389
threshold=26.500000000000004 8.5000000000000018 0.91056453326334486 -0.88298010826110829 0.94518338488731779 0.87187304565353363 -58.568741202354424 14.708333333343036 0.71825396825396837 6.0416666666569663 1.0445755225996647 9.5000000000000018 -14.474515497684477 17.500000000000004
decision_type=2 10 10 10 10 10 8 2 10 2 10 10 10 2
left_child=2 3 8 4 -2 13 -4 11 12 -8 -11 -7 -1 -3
right_child=1 5 6 -5 -6 7 9 -9 -10 10 -12 -13 -14 -15
leaf_value=-1.0058463512321256 -0.53081562191985987 -0.59140563493473575 -1.114006340218135 1.3012890477735444 1.5532360605713793 0.25149138450129382 -0.6149104403926402 3.5150659104620003 0.1946596050687755 0.50682934875496011 -1.4941697958992666 2.424660019821316 -0.36736654590647677 1.3930879761965405
leaf_weight=859 499 70 63 201 108 226 99 447 100 470 93 294 219 81
leaf_count=859 499 70 63 201 108 226 99 447 100 470 93 294 219 81
internal_value=-0.00035248 0.00815776 -0.00896534 -7.41656e-05 -0.00498355 0.0141019 -0.00053719 0.0162707 -0.0141476 0.00153846 0.00430851 0.0110557 -0.0156812 0.000197368
internal_weight=3829 1926 1903 808 607 1118 725 967 1178 662 563 520 1078 151
internal_count=3829 1926 1903 808 607 1118 725 967 1178 662 563 520 1078 151
is_linear=0
shrinkage=0.03


Tree=16
num_leaves=15
num_cat=0
split_feature=85 29 53 53 83 28 74 65 7 11 28 43 3 59
split_gain=272.669 168.551 82.4977 50.6471 44.0549 41.5145 36.4997 32.1432 30.1549 27.5057 25.0851 24.5537 23.6831 21.5781
threshold=-2.4213190674781795 0.87187304565353363 9.5000000000000018 7.5000000000000009 3.1215480566024785 235.50000000000003 328.511651137147 1.0203474401241179 3486.0431026247902 210.00000000000003 183.50000000000003 9601.0762164708576 15.958333333343036 87.413296341896071
decision_type=8 10 10 10 10 2 8 10 8 2 2 10 2 10
left_child=3 11 4 6 8 10 13 -6 -3 -4 -5 -2 -10 -1
right_child=1 2 9 5 7 -7 -8 -9 12 -11 -12 -13 -14 -15
leaf_value=-1.9002703451690142 -0.3043431933468182 -0.13701929159298504 2.8543931909673219 -0.22533123122752083 1.6442320154130219 1.1391391340193411 -2.4616323818301598 -0.20235716961548708 0.34680981919957382 -0.51313965898097968 -1.4575861248716975 -0.33555325179509399 2.0157521194276624 0.22778652798130855
leaf_weight=80 492 708 546 182 422 104 520 114 180 45 125 122 62 109
leaf_count=80 492 708 546 182 422 104 520 114 180 45 125 122 62 109
internal_value=-0.000842078 0.00433507 0.00841675 -0.0132739 0.00464022 -0.00487864 -0.0181268 0.0115084 0.000757098 0.0178885 -0.0104221 -0.00946341 0.00987654 -0.00678947
internal_weight=3811 2691 2077 1120 1486 411 709 536 950 591 307 614 242 189
internal_count=3811 2691 2077 1120 1486 411 709 536 950 591 307 614 242 189
is_linear=0
shrinkage=0.03


Tree=17
num_leaves=15
num_cat=0
split_feature=0 80 8 27 43 25 0 84 85 53 81 85 39 81
split_gain=284.15 85.327 81.428 70.883 56.0573 46.3575 36.2534 30.9196 24.7701 23.7703 20.8768 18.3889 18.2117 17.6155
threshold=26.500000000000004 74.198228836059585 4.1462990685532128 0.91064169570267139 415.91076209892634 0.90342013214146921 194.50000000000003 45.101051211357124 -81.573751807212815 10.500000000000002 7914.4659513235101 -9.5148916641871111 2303.5626772213145 16459.262199997906
decision_type=2 10 10 10 10 10 2 10 8 10 10 8 10 10
left_child=3 2 5 8 7 -2 -4 10 -1 11 -5 -7 13 -10
right_child=1 -3 6 4 -6 9 -8 -9 12 -11 -12 -13 -14 -15
leaf_value=-2.5669600548918856 -0.61389972088382516 2.2526175864534697 0.75404183120827628 0.091280772248099246 -1.1479729873381272 -0.66945948032769476 4.8115931048424336 1.0848935862283635 -0.26407390368224809 5.1247984893546707 -0.67933995454711715 0.40193985530572857 -0.37919896972089873 -1.5039486355313414
leaf_weight=335 283 610 362 350 196 128 146 160 383 43 78 332 364 48
leaf_count=335 283 610 362 350 196 128 146 160 383 43 78 332 364 48
internal_value=-0.000455617 0.00774803 0.00338224 -0.00861619 -0.00168153 -0.00266836 0.0127308 0.00295416 -0.0134218 0.00279762 -0.00125874 0.000780911 -0.0105151 -0.00631944
internal_weight=3818 1904 1294 1914 784 786 508 588 1130 503 428 460 795 431
internal_count=3818 1904 1294 1914 784 786 508 588 1130 503 428 460 795 431
is_linear=0
shrinkage=0.03


Tree=18
num_leaves=15
num_cat=0
split_feature=0 53 80 43 25 0 85 83 80 64 74 7 1 81
split_gain=291.13 84.7108 73.7666 65.1852 39.4516 35.0567 31.3363 30.4482 27.6183 25.4514 23.3035 19.4207 19.0837 18.995
threshold=24.500000000000004 9.5000000000000018 97.505323648452773 111.26782604029943 0.88603896103896107 151.50000000000003 -38.244549314180993 98.097891449928298 21.462538957595829 3.9248033622585203 2507.4318005138916 3851.4151831247659 625.07315599918377 3605.8852480649953
decision_type=2 10 10 10 10 2 8 10 8 10 8 10 2 8
left_child=3 2 4 8 9 -3 -6 10 -1 -2 -5 -8 -12 -10
right_child=1 5 -4 7 6 -7 11 -9 13 -11 12 -13 -14 -15
leaf_value=-0.69829252517732443 -0.79431978947951642 0.58449628613504256 1.8255929571478631 -0.57673585815994588 -1.0005572549156379 4.874902766532009 0.28081718453010107 -0.077108539814077115 1.7249074277758025 0.09695236783652085 -0.39051504595215519 2.1066473721760408 -0.85911561479057474 0.051154554874612471
leaf_weight=186 168 310 288 161 139 351 510 176 48 90 154 90 765 376
leaf_count=186 168 310 288 161 139 351 510 176 48 90 154 90 765 376
internal_value=-0.000566483 0.00755008 0.00305599 -0.00903053 -0.000811623 0.0162689 0.00271622 -0.0129356 -0.000981997 -0.010888 -0.0148196 0.00569052 -0.016663 0.00324706
internal_weight=3812 1946 1285 1866 997 661 739 1256 610 258 1080 600 919 424
internal_count=3812 1946 1285 1866 997 661 739 1256 610 258 1080 600 919 424
is_linear=0
shrinkage=0.03


Tree=19
num_leaves=15
num_cat=0
split_feature=0 29 11 0 82 85 82 34 11 8 45 83 66 35
split_gain=255.883 98.222 87.962 54.2924 41.5721 40.3023 27.6778 31.2304 25.9221 24.8713 24.0911 23.1428 22.1883 20.2183
threshold=56.500000000000007 0.90591147350029133 330.00000000000006 243.50000000000003 -33.674072265624993 -18.376265168189999 -10.293292760848997 0.38673020527859242 870.00000000000011 6.9062061017654619 7.5000000000000009 -117.01509642601012 -363.45784783363337 24.892147353545742
decision_type=2 10 2 2 10 8 8 10 2 10 8 8 10 8
left_child=1 6 3 9 8 12 -1 -8 -4 10 -2 -6 -3 -12
right_child=2 5 4 -5 11 -7 7 -9 -10 -11 13 -13 -14 -15
leaf_value=-1.8140318867085579 -0.55491348333090884 -0.15214822138866355 -0.75114906503278756 5.9573952024179926 -0.64417835724649242 0.22549010911101894 -0.35543368662719915 0.9351400128846814 0.69459285913142255 2.85367386474659 1.1246830256987721 1.4497343543246819 -1.4557685273066103 -0.55817027319319656
leaf_weight=427 118 144 169 245 65 733 762 89 47 92 679 120 141 43
leaf_count=427 118 144 169 245 65 733 762 89 47 92 679 120 141 43
internal_value=-0.000975484 -0.00736613 0.00832172 0.0124533 -0.00380597 -0.000412169 -0.0129007 -0.00975352 -0.0127189 0.00913183 0.00749108 0.0066129 -0.00996503 0.00954357
internal_weight=3874 2296 1578 1177 401 1018 1278 851 216 932 840 185 285 722
internal_count=3874 2296 1578 1177 401 1018 1278 851 216 932 840 185 285 722
is_linear=0
shrinkage=0.03


Tree=20
num_leaves=15
num_cat=0
split_feature=85 31 80 37 66 17 26 65 42 16 79 85 85 36
split_gain=203.194 134.56 62.235 42.525 41.0307 35.7687 30.6889 45.1726 22.4054 23.2577 25.532 21.571 19.7882 20.8233
threshold=-2.4213190674781795 48.494047619047628 74.198228836059585 672.96670746532925 3.1184359788894658 16.500000000000004 138.50000000000003 0.84233934413328682 188.19006454944613 12.500000000000002 10.102399572930775 -50.510957360267632 122.70665005842845 0.18770973154362419
decision_type=8 8 10 10 8 2 2 10 10 2 8 10 8 10
left_child=3 2 4 -1 -2 -6 11 -8 9 -7 -11 -5 13 -4
right_child=1 -3 12 6 5 8 7 -9 -10 10 -12 -13 -14 -15
leaf_value=-3.0951900420896903e-05 -0.36674869373292779 -0.27679398046581422 -0.35537691875304772 -2.2018395515376961 -0.31729685460649065 1.4158262411266114 2.0289072017561867 -1.1290466768362208 2.0450483168312488 -0.55489679041145623 0.39716649348748806 -0.67826856845217731 2.2441893458731488 1.0616021032003446
leaf_weight=232 337 332 73 532 201 268 40 113 234 144 469 216 482 201
leaf_count=232 337 332 73 532 201 268 40 113 234 144 469 216 482 201
internal_value=-0.000774194 0.00364333 0.00611203 -0.011455 0.00284764 0.00523918 -0.0144013 -0.00214286 0.00733871 0.00513605 0.00190554 -0.0169025 0.0132365 0.00676364
internal_weight=3874 2741 2409 1133 1653 1316 901 153 1115 881 613 748 756 274
internal_count=3874 2741 2409 1133 1653 1316 901 153 1115 881 613 748 756 274
is_linear=0
shrinkage=0.03


Tree=21
num_leaves=15
num_cat=0
split_feature=0 53 29 80 35 8 84 83 84 43 82 28 68 0
split_gain=238.239 88.2738 74.6938 63.3029 36.2645 35.9356 30.4123 29.2075 26.9089 26.3593 30.7036 24.551 28.3237 23.555
threshold=26.500000000000004 9.5000000000000018 0.91163137398077165 67.693006038665786 25.114858156028372 4.441831023352365 80.779652158419296 -70.732159256935105 43.338574687639884 247.94645244804335 58.104709625244148 213.50000000000003 0.15593488758991633 192.50000000000003
decision_type=2 10 10 10 8 10 10 8 8 10 8 2 8 2
left_child=2 3 6 5 13 11 9 -5 -4 10 -1 12 -2 -3
right_child=1 4 8 7 -6 -7 -8 -9 -10 -11 -12 -13 -14 -15
leaf_value=-1.0170663182355224 -0.98771668429352344 1.4411157917349326 -0.62018824322817434 -0.3716450704882111 -0.32706768100635558 0.94138942539457404 0.010966717486034909 1.567628410759373 0.31041252672865516 -0.82047723418296992 0.031606283388667805 0.10849351632650853 -0.12197683159066064 5.0446960045927822
leaf_weight=210 216 322 268 42 87 199 143 333 441 703 165 260 174 243
leaf_count=210 216 322 268 42 87 199 143 333 441 703 165 260 174 243
internal_value=-0.000898345 0.00671284 -0.00829622 0.00195918 0.0156202 -0.00257647 -0.0127905 0.0122074 -0.000549296 -0.0145134 -0.00805851 -0.00599078 -0.0107417 0.0183922
internal_weight=3806 1876 1930 1224 652 849 1221 375 709 1078 375 650 390 565
internal_count=3806 1876 1930 1224 652 849 1221 375 709 1078 375 650 390 565
is_linear=0
shrinkage=0.03


Tree=22
num_leaves=15
num_cat=0
split_feature=85 31 80 45 80 3 67 25 77 60 81 25 77 7
split_gain=206.979 119.473 60.7526 52.7487 37.1953 36.9085 28.2095 27.6966 26.0471 22.5547 28.0152 22.446 20.6758 19.9562
threshold=-2.4213190674781795 48.494047619047628 3.1373730897903447 9.5000000000000018 89.95680952072145 5.9583333333430355 43.423981930227832 0.92768564171522494 -202.71433103084561 55.116945028305061 3259.223057866097 0.84731934731934744 -237.40033417940137 5461.3932987094968
decision_type=8 8 10 8 10 2 8 8 8 10 10 8 10 10
left_child=4 2 3 11 7 -5 -6 -1 -7 10 -4 -2 -9 -13
right_child=1 -3 9 5 6 8 -8 12 -10 -11 -12 13 -14 -15
leaf_value=-1.620695418326499 -0.62891702754316892 -0.24007723997103547 2.0454201964940846 -0.47975075598399297 -1.8577926085088328 -0.31357510686746382 1.3896674992779849 -0.7745976306670197 2.0713136588247965 1.4240073697828779 0.39429070859581733 -0.21779837556722015 0.038004062289440213 1.8575751150094182
leaf_weight=667 73 356 76 93 73 72 90 129 301 632 451 620 194 42
leaf_count=667 73 356 76 93 73 72 90 129 301 632 451 620 194 42
internal_value=-0.000612403 0.00390872 0.00635324 0.0016223 -0.0112565 0.00950749 0.0020122 -0.013441 0.0137166 0.01125 0.00664773 -0.00338315 -0.0062037 -0.00162896
internal_weight=3869 2716 2360 1201 1153 466 163 990 373 1159 527 735 323 662
internal_count=3869 2716 2360 1201 1153 466 163 990 373 1159 527 735 323 662
is_linear=0
shrinkage=0.03


Tree=23
num_leaves=15
num_cat=0
split_feature=0 29 9 0 85 84 77 29 3 75 67 84 29 66
split_gain=223.771 98.9367 86.0788 48.625 43.6581 39.805 36.6531 35.0595 32.7983 22.7578 21.8104 18.4688 24.4638 17.2632
threshold=64.500000000000014 0.91163137398077165 330.00000000000006 243.50000000000003 36.681990206241615 80.779652158419296 -123.1773418188095 0.97830792396009791 6.0416666666569663 6392.0555570125589 -99.394935578107834 -67.569088697433457 0.86599660814046298 386.49966418743139
decision_type=2 10 2 2 8 10 10 10 2 8 8 8 10 8
left_child=1 5 3 11 9 10 -7 -4 -6 -3 -1 13 -13 -2
right_child=2 4 7 -5 8 6 -8 -9 -10 -11 -12 12 -14 -15
leaf_value=-2.6681007911977801 -0.57740876136179886 0.32969603777857004 -0.45925898179498786 5.5423672396142782 -0.60214589965728627 0.87413005580939018 -0.92308027800596126 1.276612675534053 0.73607625822198874 -0.87976723301238524 -0.4152047001560451 -0.50535883622316369 1.3649716815262312 1.8604980144088517
leaf_weight=231 105 112 295 249 92 107 57 69 489 265 981 65 597 63
leaf_count=231 105 112 295 249 92 107 57 69 489 265 981 65 597 63
internal_value=-0.00078613 -0.00652677 0.00849723 0.01275 0.000875912 -0.0116776 0.00218182 -0.00410959 0.00603093 -0.00706349 -0.0135532 0.00924188 0.0114932 0.00035503
internal_weight=3777 2334 1443 1079 958 1376 164 364 581 377 1212 830 662 168
internal_count=3777 2334 1443 1079 958 1376 164 364 581 377 1212 830 662 168
is_linear=0
shrinkage=0.03


Tree=24
num_leaves=15
num_cat=0
split_feature=29 53 85 67 80 83 53 2 31 78 31 80 62 75
split_gain=173.12 94.4281 64.3169 62.2513 43.2752 34.5528 33.0737 44.6028 32.0427 29.122 23.4146 22.8 19.3723 26.7287
threshold=0.90591147350029133 9.5000000000000018 -9.5148916641871111 161.99477146478259 123.29665410518648 24.878504157066349 8.5000000000000018 1.0000000180025095e-35 22.540625000000006 0.70833333333333337 26.370714285714289 -35.584459185600274 -0.12541305495146673 718.50471162796032
decision_type=10 10 8 10 10 10 10 2 8 8 10 8 10 8
left_child=3 2 12 4 6 10 -1 9 -6 -8 -4 -5 13 -2
right_child=1 -3 5 11 8 -7 7 -9 -10 -11 -12 -13 -14 -15
leaf_value=-1.2065061955016012 2.5537395695801997 2.4102958550880791 0.033363472179651264 -0.91281955542946036 1.2222938910123211 1.4488470724272271 -0.34660221495930743 -0.21463525240192283 -0.32507318214807346 0.097258805759366601 2.1751996513536067 1.45348679889278 -1.0190263408688138 -0.7599132097230703
leaf_weight=842 40 489 731 46 118 390 139 63 95 299 57 136 236 132
leaf_count=842 40 489 731 46 118 390 139 63 95 299 57 136 236 132
internal_value=-0.000401154 0.00544798 0.00189036 -0.00738355 -0.00932563 0.00544529 -0.011317 -0.0051992 0.0032243 -0.00177677 0.0018251 0.00918033 -0.00836186 -0.000693642
internal_weight=3813 2075 1586 1738 1556 1178 1343 501 213 438 788 182 408 172
internal_count=3813 2075 1586 1738 1556 1178 1343 501 213 438 788 182 408 172
is_linear=0
shrinkage=0.03


Tree=25
num_leaves=15
num_cat=0
split_feature=0 53 29 82 35 29 83 4 28 74 0 1 62 71
split_gain=196.941 73.3028 63.6803 45.7825 29.6377 29.4186 27.12 24.8105 24.2973 23.0979 22.5016 22.4381 20.6319 17.2375
threshold=23.500000000000004 9.5000000000000018 0.91163137398077165 49.512644569079093 24.126131221719458 0.94862368024132737 -70.732159256935105 9.5000000000000018 215.50000000000003 45.067296290537051 238.50000000000003 665.53867006301891 0.14834860474784714 14.500000000000002
decision_type=2 10 10 10 8 10 8 2 2 8 2 2 8 8
left_child=2 3 7 5 10 8 -5 9 -2 -1 -3 -4 -10 -6
right_child=1 4 11 6 13 -7 -8 -9 12 -11 -12 -13 -14 -15
leaf_value=1.3109596577279383 -0.54836740133276984 1.3486079556252861 0.23916992591806896 -0.47656748501387319 -0.80882188497157848 1.2122048665302976 1.2755315004297176 0.10828838251045532 0.39934582073650732 -0.68512375391969882 4.9310275685443603 -0.52302917385952452 -0.75311633235721054 3.4658072985245045
leaf_weight=51 371 382 441 77 66 133 364 93 249 1021 175 229 83 43
leaf_count=51 371 382 441 77 66 133 364 93 249 1021 175 229 83 43
internal_value=-0.00068272 0.00597222 -0.00772876 0.00176056 0.014033 -0.00236559 0.00957014 -0.011964 -0.00481534 -0.0132526 0.016828 -0.000357675 0.00108108 -0.000272727
internal_weight=3778 1943 1835 1277 666 836 441 1165 703 1072 557 670 332 109
internal_count=3778 1943 1835 1277 666 836 441 1165 703 1072 557 670 332 109
is_linear=0
shrinkage=0.03


Tree=26
num_leaves=15
num_cat=0
split_feature=29 53 53 85 2 62 74 83 33 56 75 74 43 4
split_gain=158.354 83.3491 58.8667 48.3453 42.5787 30.6755 29.9828 29.3731 24.1435 34.2292 23.2681 21.2362 20.8814 20.2455
threshold=0.90591147350029133 9.5000000000000018 7.5000000000000009 -2.4213190674781795 1.0000000180025095e-35 -0.12541305495146673 45.067296290537051 123.58128261566164 28.578525641025646 45.020970940589912 856.86213755607616 1419.5963253910197 239.8255871636608 9.5000000000000018
decision_type=10 10 8 8 2 10 8 10 10 10 8 10 10 2
left_child=2 3 6 5 8 10 -1 -5 9 13 -2 -11 -6 -4
right_child=1 -3 4 7 12 -7 -8 -9 -10 11 -12 -13 -14 -15
leaf_value=1.0582546311984515 2.0100320539539913 2.3951162046736694 -0.33576015214543165 0.27336145598892969 -0.17840959409076301 -0.95160571444777142 -1.8324594321090801 2.0208587728271548 -0.42757937191906281 0.86429188379515487 -0.39731034984018387 -0.45688407646800427 -0.17822255017422411 0.28057704563003666
leaf_weight=48 50 494 393 1003 47 259 618 152 113 294 131 50 92 89
leaf_count=48 50 494 393 1003 47 259 618 152 113 294 131 50 92 89
internal_value=-0.000446009 0.0051244 -0.00711748 0.00178571 -0.00278035 -0.00666667 -0.0141229 0.00500865 -0.000478723 0.00130593 0.0028022 0.00852174 -0.0182143 -0.00385093
internal_weight=3833 2089 1744 1595 1078 440 666 1155 939 826 181 344 139 482
internal_count=3833 2089 1744 1595 1078 440 666 1155 939 826 181 344 139 482
is_linear=0
shrinkage=0.03


Tree=27
num_leaves=15
num_cat=0
split_feature=29 45 84 45 2 36 85 81 3 28 31 45 66 48
split_gain=140.317 71.5363 48.5125 46.9201 54.5679 40.1465 27.0095 26.8101 26.4909 25.6218 24.6322 19.6213 21.2561 19.2468
threshold=0.90591147350029133 9.5000000000000018 106.78723096847536 8.5000000000000018 1.0000000180025095e-35 0.53640862495581498 36.681990206241615 3519.1049057245259 9.7083333333430364 285.50000000000006 20.91555555555556 7.5000000000000009 -272.3514158725738 94.886293133099898
decision_type=10 10 10 8 2 10 8 8 2 2 8 10 10 10
left_child=3 2 6 5 10 7 11 -1 9 -3 -5 -2 -13 -12
right_child=1 8 -4 4 -6 -7 -8 -9 -10 -11 13 12 -14 -15
leaf_value=0.75869051356834194 -0.78725225059256088 -0.38749831008500063 1.8036206598691871 0.50892611402678667 -0.1728758736689974 0.84415365110640672 0.26387399213099511 -1.4604634599698463 2.5808008559396587 1.4228800567852136 -0.33891857902916228 0.92462164681850956 -0.55283722432601934 0.13779259941672131
leaf_weight=51 280 112 169 330 128 54 806 765 382 54 260 92 147 166
leaf_count=51 280 112 169 330 128 54 806 765 382 54 260 92 147 166
internal_value=-0.000616276 0.00472834 0.00132441 -0.00683761 -0.0019661 -0.0117796 -0.00061086 -0.0134394 0.0139891 0.0039521 0.00110964 -0.00594231 0.000375 -0.0036534
internal_weight=3796 2042 1494 1754 884 870 1325 816 548 166 756 519 239 426
internal_count=3796 2042 1494 1754 884 870 1325 816 548 166 756 519 239 426
is_linear=0
shrinkage=0.03


Tree=28
num_leaves=15
num_cat=0
split_feature=0 27 9 0 84 67 69 29 7 81 81 28 79 3
split_gain=189.451 77.0015 72.7099 55.7516 39.9322 34.7931 27.3951 23.1142 22.1191 21.8754 20.0124 19.2791 19.0893 19.8382
threshold=64.500000000000014 0.91064169570267139 330.00000000000006 243.50000000000003 58.91614758968354 -106.94127275262555 40.294756212683978 0.97071383900652208 5123.2697457641034 3616.6289366483693 4792.6585782766351 189.50000000000003 8.552304811309229 20.208333333343038
decision_type=2 10 2 2 10 8 10 10 10 8 10 2 8 2
left_child=1 9 3 8 5 -3 12 -4 10 11 -2 -1 -7 -14
right_child=2 4 7 -5 -6 6 -8 -9 -10 -11 -12 -13 13 -15
leaf_value=0.93325156894950556 1.2033285042886184 -2.0657447491740974 -0.28980269536597353 4.8452733388377567 0.8803607253831135 -0.50532534547442154 -0.49948274063046938 1.1228068968225664 2.5195568416328169 -0.58789314105373813 0.076105422988901092 -0.97202415039789991 0.21769983540221566 1.4554198499126159
leaf_weight=69 409 94 288 252 238 141 157 62 67 1209 356 42 382 48
leaf_count=69 409 94 288 252 238 141 157 62 67 1209 356 42 382 48
internal_value=-0.000833552 -0.00602268 0.007777 0.0116129 0 -0.00313487 -0.00090535 -0.00410256 0.00785114 -0.0108554 0.00638381 0.001875 0.00215035 0.00529002
internal_weight=3814 2380 1434 1084 1060 822 728 350 832 1320 765 111 571 430
internal_count=3814 2380 1434 1084 1060 822 728 350 832 1320 765 111 571 430
is_linear=0
shrinkage=0.03


Tree=29
num_leaves=15
num_cat=0
split_feature=0 43 82 8 0 80 28 31 85 80 83 3 57 77
split_gain=203.521 71.3143 74.8319 66.2076 39.0154 31.8977 23.7721 25.93 30.2967 21.6865 20.2425 18.3809 16.6438 16.4278
threshold=64.500000000000014 437.07330409171738 -23.599052131175991 3.6919725040660381 243.50000000000003 105.73080992698671 259.50000000000006 19.689487179487184 65.85157845417659 2.2342927455902104 100.86936461925508 16.125000000000004 7.5000000000000009 -69.598561823368058
decision_type=2 10 8 10 2 10 2 8 10 8 10 2 10 8
left_child=1 2 13 5 9 -2 7 8 -4 -5 -3 -11 -8 -1
right_child=3 10 6 4 -6 -7 12 -9 -10 11 -12 -13 -14 -15
leaf_value=-2.0830370525691353 -0.11270233346589374 -0.65467388585362585 -0.11344438399072455 -0.029535948971537634 5.2800888696535369 1.4850731549332334 -0.044704373837589212 -0.38033377241259808 1.0308866837513773 0.86520124839253909 -0.014632920838687221 2.9785197564818429 1.130859577504101 -0.35033782696410382
leaf_weight=214 549 706 687 131 201 124 56 170 222 307 90 153 136 109
leaf_count=214 549 706 687 131 201 124 56 170 222 307 90 153 136 109
internal_value=-0.000676867 -0.00607277 -0.00240752 0.00812415 0.0139975 0.00120178 0.000872642 -0.000861111 0.00115385 0.0100845 -0.0134003 0.0131453 0.0105699 -0.0152778
internal_weight=3855 2390 1594 1465 792 673 1271 1079 909 591 796 460 192 323
internal_count=3855 2390 1594 1465 792 673 1271 1079 909 591 796 460 192 323
is_linear=0
shrinkage=0.03


Tree=30
num_leaves=15
num_cat=0
split_feature=0 8 29 80 43 83 39 3 43 0 84 17 26 3
split_gain=176.382 91.6779 90.0491 37.3197 25.0656 24.7403 36.6728 23.9381 23.6932 21.4805 21.0664 19.81 21.66 19.1945
threshold=75.500000000000014 3.6919725040660381 0.90591147350029133 87.083806753158584 198.12365469395201 -14.148926377296446 2439.0346413748298 9.9583333333430364 681.36998831511721 234.50000000000003 80.779652158419296 19.500000000000004 103.50000000000001 20.958333333343038
decision_type=2 10 10 10 10 8 10 2 10 2 10 2 2 2
left_child=2 5 4 8 -1 -2 11 -5 13 -3 -6 -7 -13 -4
right_child=1 9 3 7 10 6 -8 -9 -10 -11 -12 12 -14 -15
leaf_value=-0.242586119869106 -0.45552383207022118 1.4588518336717631 -0.083363144180302759 -0.45675399501390629 -0.62793304761056234 -0.23277574554662886 -0.32296766529599025 1.3007850416789724 -1.3150097488758095 4.9429400134535744 -0.0049903027694828952 0.29083026160614706 1.9662087170211411 1.4698454428800247
leaf_weight=429 278 520 774 77 804 53 80 197 61 207 101 115 113 57
leaf_count=429 278 520 774 77 804 53 80 197 61 207 101 115 113 57
internal_value=-0.000325834 0.00833943 -0.00506198 0.00102828 -0.010382 4.6875e-05 0.00522099 0.0106909 -0.00194849 0.0156181 -0.0132119 0.0103191 0.0141485 -0.000612981
internal_weight=3866 1366 2500 1166 1334 639 361 274 892 727 905 281 228 831
internal_count=3866 1366 2500 1166 1334 639 361 274 892 727 905 281 228 831
is_linear=0
shrinkage=0.03


Tree=31
num_leaves=15
num_cat=0
split_feature=0 0 11 27 83 64 45 27 28 68 70 8 8 4
split_gain=151.723 69.8126 58.9694 53.849 45.1828 37.9087 35.9397 29.598 26.0566 24.2149 23.7169 22.1143 21.6353 21.4944
threshold=1.0000000180025095e-35 227.50000000000003 210.00000000000003 0.90486029122392775 5.2649759054183969 3.6943862883203042 7.5000000000000009 0.8818539727988548 222.50000000000003 -0.064420054609504243 0.92582417582417598 0.0343562966975283 4.1507830371045387 9.5000000000000018
decision_type=2 2 2 10 10 10 8 10 2 10 10 8 10 2
left_child=3 4 -3 13 6 11 9 12 -8 -2 -10 -5 -6 -1
right_child=1 2 -4 5 7 -7 8 -9 10 -11 -12 -13 -14 -15
leaf_value=-0.64068002204723606 0.018471327918984416 4.6303331578670219 -0.050958085284034629 -0.59524070188499956 -0.95180841619711942 -0.99535407849533242 -0.093905328181880174 1.2893333371165048 -0.27590932246513272 -0.80161866624526634 1.0193921439526745 0.39621091917313483 0.14414919015547639 0.15245616392451092
leaf_weight=726 158 262 143 43 60 250 516 496 84 297 241 395 51 61
leaf_count=726 158 262 143 43 60 250 516 496 84 297 241 395 51 61
internal_value=-0.00080074 0.00400173 0.0152956 -0.00831301 0.00159139 -0.00217707 -0.00157286 0.00833882 0.00210214 -0.00835526 0.00874233 0.00314351 -0.005625 -0.0136675
internal_weight=3783 2308 405 1475 1903 688 1296 607 841 455 325 438 111 787
internal_count=3783 2308 405 1475 1903 688 1296 607 841 455 325 438 111 787
is_linear=0
shrinkage=0.03


Tree=32
num_leaves=15
num_cat=0
split_feature=0 8 43 77 67 84 53 16 77 11 26 29 31 3
split_gain=153.099 69.2712 44.7126 41.2727 35.8643 35.1835 29.8851 27.2968 26.6709 24.5632 29.8108 21.0311 19.2204 24.5931
threshold=26.500000000000004 4.3339587165264906 437.07330409171738 -251.29376238584516 229.76968989372259 45.101051211357124 9.5000000000000018 38.500000000000007 -69.598561823368058 1050.0000000000002 103.50000000000001 0.86965655827548416 20.415476190476195 5.8750000000000009
decision_type=2 10 10 8 8 8 10 2 8 2 2 10 8 2
left_child=2 3 5 -2 -3 8 9 -4 -1 10 -5 -8 13 -7
right_child=1 4 7 6 -6 12 11 -9 -10 -11 -12 -13 -14 -15
leaf_value=-1.1825236091103277 -0.72398940068873285 0.3318989050129969 -0.68458823109827738 -0.44791612311366114 2.6698053274449483 -0.58899039472912873 -0.53704775774973035 0.22348953855814682 0.044126315342089377 1.11763595477897 0.40214305469272194 2.0254736288613877 -0.2090859337460223 0.42547797566637402
leaf_weight=342 175 314 651 296 400 68 42 65 163 144 359 209 127 492
leaf_count=342 175 314 651 296 400 68 42 65 163 144 359 209 127 492
internal_value=-0.000600312 0.00533505 -0.00663174 0.00100326 0.0127552 -0.0030679 0.00325404 -0.0125523 -0.00907115 0.0004125 -0.00205793 0.0122619 0.00135174 0.00374332
internal_weight=3847 1939 1908 1225 714 1192 1050 716 505 799 655 251 687 560
internal_count=3847 1939 1908 1225 714 1192 1050 716 505 799 655 251 687 560
is_linear=0
shrinkage=0.03


Tree=33
num_leaves=15
num_cat=0
split_feature=0 45 29 83 81 83 76 7 34 45 0 77 81 82
split_gain=144.465 77.5225 75.5075 40.5242 35.9876 34.6185 32.216 31.404 28.7256 31.4164 27.0614 23.5923 23.6347 18.4886
threshold=67.500000000000014 9.5000000000000018 0.91163137398077165 24.878504157066349 3461.431612014771 123.58128261566164 -36.556874513626092 4113.1039627634827 0.94868421052631591 8.5000000000000018 243.50000000000003 -102.10408639907835 6775.2487986087808 6.6147942145665501
decision_type=2 8 10 10 8 10 10 10 10 8 2 10 10 10
left_child=2 3 4 7 13 -4 10 -2 9 -6 -3 12 -11 -1
right_child=1 6 5 -5 8 -7 -8 -9 -10 11 -12 -13 -14 -15
leaf_value=-0.27494068576280345 -0.25200120378622171 1.5779744971371483 -0.065587973166336494 1.4899374234170024 -1.5065844204876944 1.6205108927924543 -0.50065607694276237 1.4238637176036575 0.81395615346813843 -0.10942202227990412 5.0602516262368162 -0.33367312461622262 0.26758760005573823 1.9137977954684036
leaf_weight=42 577 330 850 183 736 137 63 60 49 258 198 157 131 46
leaf_count=42 577 330 850 183 736 137 63 60 49 258 198 157 131 46
internal_value=-0.000840754 0.00677762 -0.00530951 0.000803898 -0.00973944 0.00106275 0.0150507 -0.00277429 -0.0109685 -0.0118316 0.0174669 -0.00636197 -0.00238462 0.00876404
internal_weight=3817 1411 2406 820 1419 987 591 637 1331 1282 528 546 389 88
internal_count=3817 1411 2406 820 1419 987 591 637 1331 1282 528 546 389 88
is_linear=0
shrinkage=0.03


Tree=34
num_leaves=15
num_cat=0
split_feature=0 9 29 80 29 60 85 48 3 0 28 4 40 3
split_gain=133.15 59.1707 52.4074 42.0226 27.0395 26.625 25.0359 24.9175 23.3045 23.2317 23.1971 22.669 27.0342 20.9828
threshold=77.500000000000014 330.00000000000006 0.90591147350029133 95.561455726623549 0.97071383900652208 -31.139643192291256 49.671498537063606 142.34063855806988 20.458333333343038 341.50000000000006 207.50000000000003 7.5000000000000009 47.499793762746727 18.125000000000004
decision_type=2 2 10 8 10 8 10 8 2 2 2 2 10 2
left_child=2 3 5 9 -3 -1 8 -5 13 10 -2 12 -7 -4
right_child=1 4 6 7 -6 11 -8 -9 -10 -11 -12 -13 -14 -15
leaf_value=-1.9517320853227023 -0.2938751454611514 -0.38364725422030083 -0.14545660695918367 1.029530247052264 1.1845115929623637 0.53660955941140809 0.76626107153380096 3.8608231050362831 1.0485568312807521 4.9261218680092682 1.3739995458808234 -0.017595007594718614 -0.4719463153902036 -1.1251627737140064
leaf_weight=361 197 283 683 304 52 72 299 246 80 44 180 433 456 111
leaf_count=361 197 283 683 304 52 72 299 246 80 44 180 433 456 111
internal_value=-0.000733824 0.00702372 -0.00479567 0.0107716 -0.00383929 -0.00888889 -0.000178876 0.016225 -0.00274286 0.00362559 0.00119048 -0.00626819 -0.0104348 -0.00430189
internal_weight=3801 1306 2495 971 335 1322 1173 550 874 421 377 961 528 794
internal_count=3801 1306 2495 971 335 1322 1173 550 874 421 377 961 528 794
is_linear=0
shrinkage=0.03


Tree=35
num_leaves=15
num_cat=0
split_feature=0 82 0 81 36 74 53 83 31 3 8 6 28 17
split_gain=142.897 73.5542 53.7984 43.8623 34.4487 31.9773 25.858 25.3442 25.564 24.7419 27.9581 22.6472 20.2959 23.023
threshold=1.0000000180025095e-35 -38.34798336029052 219.50000000000003 3293.3193708658223 0.5674242424242425 1522.9450463094745 7.5000000000000009 94.882938146591201 12.889444444444447 15.875000000000002 4.7405433302825264 690.00000000000011 210.50000000000003 24.500000000000004
decision_type=2 8 2 8 10 10 8 8 8 2 10 10 2 2
left_child=3 12 9 -1 6 -4 7 -5 -9 11 -11 -3 -2 -14
right_child=1 2 5 4 -6 -7 -8 8 -10 10 -12 -13 13 -15
leaf_value=0.90465283971596377 -1.3500290829909596 0.44829687758902215 3.4761756654759126 -2.0527117805309958 0.014041292334942499 -0.52478031481489096 -0.10812205384168788 0.39522324574298284 -1.0140762421837652 0.22132107738536649 2.1156150911068372 -0.17800694820233146 -0.87897037938632927 0.67895971923172682
leaf_weight=88 186 454 346 396 284 40 561 65 109 388 169 603 76 68
leaf_count=88 186 454 346 396 284 40 561 65 109 388 169 603 76 68
internal_value=-0.00043036 0.00422136 0.00638681 -0.00763963 -0.00891949 0.0164341 -0.0112633 -0.0157618 -0.00617143 0.00397523 0.00908602 0.00127599 -0.00888218 -0.000413793
internal_weight=3833 2330 2000 1503 1415 386 1131 570 174 1614 557 1057 330 144
internal_count=3833 2330 2000 1503 1415 386 1131 570 174 1614 557 1057 330 144
is_linear=0
shrinkage=0.03


Tree=36
num_leaves=15
num_cat=0
split_feature=80 85 29 29 53 8 3 38 29 65 3 29 77 6
split_gain=102.346 73.2274 38.7949 34.6469 34.3662 30.366 25.7207 19.3194 19.0047 18.5557 27.0156 18.2001 18.1955 16.5357
threshold=85.216893911361709 5.0967040061950692 0.90039077406847723 0.85995556577032117 7.5000000000000009 5.7495117148593602 9.9583333333430364 3823.415592664936 0.93960780598711646 0.96953413898266549 5.8750000000000009 0.93389289678135412 -91.8778741955757 690.00000000000011
decision_type=10 8 10 10 10 10 2 10 10 10 2 10 8 10
left_child=1 4 13 -2 12 9 8 -6 -5 10 -4 -7 -1 -3
right_child=3 2 5 6 7 11 -8 -9 -10 -11 -12 -13 -14 -15
leaf_value=-1.7566094274930357 -0.12086717953847224 0.0074605143879644068 -0.66429278258147018 0.87099946308763676 -0.31448534029282149 1.0297473174038172 1.4625078283408535 0.82536492026427832 -0.77950679783267074 -0.34396584616736969 0.39818318888688847 2.8840355911379274 -0.63729510847390702 -0.18157798585413404
leaf_weight=399 139 310 67 87 347 92 592 48 67 163 750 66 207 470
leaf_count=399 139 310 67 87 347 92 592 48 67 163 750 66 207 470
internal_value=-0.000567674 -0.0032774 0.000156331 0.00836343 -0.0098503 0.00368745 0.0109237 -0.00295455 0 0.00171254 0.00355746 0.0158491 -0.0143328 -0.0049936
internal_weight=3804 2919 1918 885 1001 1138 746 395 154 980 817 158 606 780
internal_count=3804 2919 1918 885 1001 1138 746 395 154 980 817 158 606 780
is_linear=0
shrinkage=0.03


Tree=37
num_leaves=15
num_cat=0
split_feature=85 0 53 31 74 28 28 85 74 63 26 28 48 80
split_gain=128.069 67.7558 45.7035 39.0659 38.3999 35.9 32.7434 30.9427 25.94 27.9855 26.018 20.8031 19.6491 19.3314
threshold=5.8526595433553057 55.500000000000007 7.5000000000000009 15.40689655172414 369.83579689035787 249.50000000000003 235.50000000000003 169.55085607369745 19.504095786856563 -260.95330620302735 66.500000000000014 164.50000000000003 132.88944848378503 107.45434272289278
decision_type=8 2 10 8 10 2 2 8 10 10 2 2 10 10
left_child=2 3 8 12 7 -6 11 -3 -1 10 -10 -4 13 -2
right_child=1 4 6 -5 5 -7 -8 -9 9 -11 -12 -13 -14 -15
leaf_value=-1.9241862654983071 0.14536883746725046 0.28512515950561063 0.055765074171865547 -0.11724116415231808 -0.57267681989345864 0.57212549839922155 0.67686172253471866 1.9129023934843832 -0.62985576112553809 -1.0566555060024481 1.9175696956163664 -0.89816351071007183 -0.51690653971198419 1.421515372435338
leaf_weight=426 473 470 131 677 133 93 114 613 44 185 52 216 70 124
leaf_count=426 473 470 131 677 133 93 114 613 44 185 52 216 70 124
internal_value=-0.000965463 0.00267898 -0.00923867 -0.00205204 0.00753435 -0.00370044 -0.00188312 0.00988007 -0.0140254 -0.00691489 0.00618557 -0.00646552 0.0030988 0.00486622
internal_weight=3821 2653 1168 1344 1309 226 461 1083 707 281 96 347 667 597
internal_count=3821 2653 1168 1344 1309 226 461 1083 707 281 96 347 667 597
is_linear=0
shrinkage=0.03


Tree=38
num_leaves=15
num_cat=0
split_feature=0 80 81 80 27 67 28 57 45 58 41 65 27 63
split_gain=118.07 52.7705 42.7767 36.4179 33.2248 32.2228 28.4394 37.1447 29.1575 25.4713 25.391 24.0579 23.4392 23.6978
threshold=26.500000000000004 74.198228836059585 3616.6289366483693 51.382740855216987 0.87450787401574814 -184.14710521099093 224.50000000000003 7.5000000000000009 7.5000000000000009 170.75148093700412 -170.37493264675138 0.93867212142873668 0.90132150930273014 184.85967618280861
decision_type=2 8 8 10 10 8 2 10 10 10 10 8 10 10
left_child=2 6 3 -1 11 -4 7 -2 -8 -6 -7 -3 -12 -14
right_child=1 4 5 -5 9 10 8 -9 -10 -11 12 -13 13 -15
leaf_value=-0.15619531439532131 0.2041768202353299 2.9809775422357894 -2.5164839451849343 1.1219372769544671 0.96863430989343535 0.068217110918020032 -0.35677948457781067 -0.80390090798173175 1.0017884523146814 2.3136260842395937 -0.44153354264893563 -0.28257507645502711 -0.07856702755628707 -0.6081635937509714
leaf_weight=123 231 42 170 84 679 180 141 254 208 227 724 172 580 45
leaf_count=123 231 42 170 84 679 180 141 254 208 227 724 172 580 45
internal_value=-0.000761461 0.00441944 -0.00607236 0.00677885 0.00867083 -0.00764118 -0.00129341 -0.00598765 0.00522857 0.0111797 -0.0062549 -0.00195349 -0.00766667 -0.00340256
internal_weight=3860 1954 1906 207 1120 1699 834 485 349 906 1529 214 1349 625
internal_count=3860 1954 1906 207 1120 1699 834 485 349 906 1529 214 1349 625
is_linear=0
shrinkage=0.03


Tree=39
num_leaves=15
num_cat=0
split_feature=85 27 53 80 28 38 8 50 83 28 81 1 81 75
split_gain=101.866 44.8125 42.4726 36.8091 34.5661 26.5212 26.048 25.2419 24.794 21.8088 19.8378 19.5637 18.4936 18.2474
threshold=-2.4213190674781795 0.88780278466526807 7.5000000000000009 95.561455726623549 235.50000000000003 1502.9486569538669 4.6976593661439443 1.0000000180025095e-35 -67.552277088165269 183.50000000000003 3293.3193708658223 622.4528832435609 11765.18967652321 767.09645617008221
decision_type=8 10 10 10 2 8 10 8 8 2 10 2 10 8
left_child=2 11 5 6 9 -1 7 -3 -5 -4 -7 -2 -13 -10
right_child=1 3 4 8 -6 10 -8 -9 13 -11 -12 12 -14 -15
leaf_value=0.27823511389720579 0.28760722324130128 -0.32124402364359189 0.021463922481066575 -0.73630364108634816 0.73669320049529319 0.092472433879962429 1.2766758380364052 0.19715054064703708 2.7204578331098204 -1.0190897989931331 -1.7041922896863899 -0.062312798918573636 -0.59794540291285703 1.2790888521489261
leaf_weight=99 143 371 192 48 115 44 321 645 82 134 536 627 58 403
leaf_count=99 143 371 192 48 115 44 321 645 82 134 536 627 58 403
internal_value=-0.000534171 0.00262319 -0.00813559 0.00519508 -0.000882353 -0.0128382 0.00253363 0.000176991 0.0118539 -0.00587156 -0.015284 -0.00318456 -0.00529155 0.0138889
internal_weight=3818 2698 1120 1870 441 679 1337 1016 533 326 580 828 685 485
internal_count=3818 2698 1120 1870 441 679 1337 1016 533 326 580 828 685 485
is_linear=0
shrinkage=0.03


Tree=40
num_leaves=15
num_cat=0
split_feature=0 27 45 11 84 67 80 81 80 8 3 75 35 0
split_gain=114.159 68.0067 52.2716 50.6356 50.0999 38.0569 23.7006 19.6904 21.219 19.4535 18.2564 19.2917 17.6025 20.1949
threshold=169.50000000000003 0.91030061892130865 7.5000000000000009 330.00000000000006 53.129394690195731 -133.07076014190156 45.098634958267219 8584.5142171382922 107.45434272289278 4.1507830371045387 20.958333333343038 2195.9903212785725 22.292033457852856 1.0000000180025095e-35
decision_type=2 10 8 2 10 8 8 10 10 8 2 10 10 2
left_child=1 2 7 6 5 -3 -2 8 -1 -4 11 -7 13 -11
right_child=3 4 9 -5 -6 10 -8 -9 -10 12 -12 -13 -14 -15
leaf_value=-1.1513981173595569 0.48553068331576782 -2.0618658138166341 -0.3114573482502222 -0.06699129754295341 1.0307950795803471 0.0067431143909526267 3.706947314329728 -2.519799412370721 0.59529919971813483 -0.053556094389525667 1.2732743640352768 -0.70411110440885138 -0.10226531409449471 0.56298006931846023
leaf_weight=375 134 79 417 187 384 945 323 178 51 217 84 73 138 222
leaf_count=375 134 79 417 187 384 945 323 178 51 217 84 73 138 222
internal_value=-0.000433298 -0.00277813 -0.00712946 0.0110698 0.00166667 -0.00139594 0.016441 -0.0140826 -0.0105386 -0.00289447 5.43971e-05 -0.00105986 0.00067474 0.00361364
internal_weight=3807 3163 1598 644 1565 1181 457 604 426 994 1102 1018 577 439
internal_count=3807 3163 1598 644 1565 1181 457 604 426 994 1102 1018 577 439
is_linear=0
shrinkage=0.03


Tree=41
num_leaves=15
num_cat=0
split_feature=82 3 67 38 83 81 70 28 3 3 56 28 83 70
split_gain=84.7526 53.8646 49.5449 42.8706 26.9542 38.7103 24.8014 29.6933 28.5866 20.7312 21.6099 24.7378 22.1849 17.6841
threshold=-33.674072265624993 21.125000000000004 -12.150211760109594 6322.489445363738 92.910899281501784 4792.6585782766351 0.80625000000000013 221.50000000000003 15.291666666656967 5.8750000000000009 229.21684710184735 206.50000000000003 -175.32100319862363 0.93095238095238109
decision_type=8 2 8 8 10 10 8 2 2 2 8 2 8 8
left_child=6 2 -2 4 9 -6 -1 -8 -9 13 11 -11 -13 -4
right_child=1 -3 3 -5 5 -7 7 8 -10 10 -12 12 -14 -15
leaf_value=0.10515606901629247 -0.7405840266182494 1.9909390024406219 -0.60691150731611976 -0.087269979090000366 1.9482919417161619 0.087636127082867152 -1.6477307968686878 -1.3041818120828468 0.22477971998225751 -0.049410677425710682 1.2817672359578118 -0.78079240357080482 0.79398518785578764 -0.14082141957503183
leaf_weight=89 497 297 51 333 145 175 386 98 110 808 192 53 494 125
leaf_count=89 497 297 51 333 145 175 386 98 110 808 192 53 494 125
internal_value=-0.000817333 0.00124882 -1.04384e-05 0.00179218 0.00341977 0.0114019 -0.0103947 -0.012605 -0.00344498 0.00193155 0.00304264 0.00170354 0.00662409 -0.00779661
internal_weight=3853 3170 2873 2376 2043 320 683 594 208 1723 1547 1355 547 176
internal_count=3853 3170 2873 2376 2043 320 683 594 208 1723 1547 1355 547 176
is_linear=0
shrinkage=0.03


Tree=42
num_leaves=15
num_cat=0
split_feature=0 53 29 83 83 67 3 78 59 81 67 40 64 27
split_gain=112.823 53.1995 49.2276 36.0538 33.3136 23.3064 22.3686 19.9558 19.4676 20.3574 19.0312 22.8927 17.3213 17.2006
threshold=75.500000000000014 10.500000000000002 0.90591147350029133 -179.05349552631375 123.58128261566164 -172.21324871164373 20.958333333343038 0.70833333333333337 381.09184873104101 3500.4149638414387 224.99378787726167 92.012621032954186 3.439537578585822 0.90187324929972001
decision_type=2 8 10 8 10 8 2 8 8 8 8 10 10 10
left_child=2 3 5 -2 6 -1 13 -5 9 -7 -9 -12 -6 -4
right_child=1 -3 4 7 12 8 -8 10 -10 -11 11 -13 -14 -15
leaf_value=-2.7255914022303083 -0.70010122835204036 3.0371863175538549 -0.81199201866544135 -0.15663779526902857 2.3093621669198754 0.31758169261865427 1.2537306600439704 0.027988680965526137 0.028209779348381252 -0.34807389554183771 -0.2239357743970195 1.4362019829778685 -0.17514592815970673 -0.0944369543206907
leaf_weight=153 147 329 108 176 104 87 75 220 109 1008 66 407 47 827
leaf_count=153 147 329 108 176 104 87 75 220 109 1008 66 407 47 827
internal_value=-0.000659938 0.00635215 -0.00440651 0.00294985 0.000129088 -0.00828424 -0.00183976 0.00527586 -0.00687137 -0.00807482 0.00756484 0.0109494 0.0132237 -0.00310897
internal_weight=3863 1345 2518 1016 1161 1357 1010 869 1204 1095 693 473 151 935
internal_count=3863 1345 2518 1016 1161 1357 1010 869 1204 1095 693 473 151 935
is_linear=0
shrinkage=0.03


Tree=43
num_leaves=15
num_cat=0
split_feature=0 82 80 39 29 7 4 0 53 3 56 0 4 26
split_gain=82.7502 48.938 41.2787 31.8186 27.0812 38.0811 27.8615 26.3583 25.1777 25.0148 22.81 22.7394 22.2205 22.6457
threshold=-4.4999999999999991 -28.322841564814247 67.693006038665786 2256.8327613916181 0.93843898037446438 3904.5492793696326 6.5000000000000009 341.50000000000006 2.5000000000000004 5.8750000000000009 -16.199839353561398 248.50000000000003 7.5000000000000009 64.500000000000014
decision_type=2 8 10 10 10 10 2 2 10 2 8 2 2 2
left_child=1 -1 4 12 6 9 8 -8 -2 -6 -5 -4 13 -3
right_child=2 3 11 10 5 -7 7 -9 -10 -11 -12 -13 -14 -15
leaf_value=-1.5527070212316834 0.36499765974421089 -0.6111148005916156 0.4960190851739007 -1.5105373527342987 -0.69411498531958493 2.5283580391143223 -0.019188135972289366 4.3194290487597131 -0.38360562662597908 0.38235799932377718 -0.098803936138166459 3.8933244300259133 0.29618440008022195 -0.0077482447918684012
leaf_weight=319 57 84 667 165 54 75 848 61 454 303 119 107 281 210
leaf_count=319 57 84 667 165 54 75 848 61 454 303 119 107 281 210
internal_value=-0.000725361 -0.00732824 0.00223829 -0.00359302 -0.00019428 0.00637413 -0.00219564 0.000956044 -0.00779297 0.00226257 -0.0117895 0.00805161 0.00046875 -0.00528814
internal_weight=3804 1178 2626 859 1852 432 1420 909 511 357 284 774 575 294
internal_count=3804 1178 2626 859 1852 432 1420 909 511 357 284 774 575 294
is_linear=0
shrinkage=0.03


Tree=44
num_leaves=15
num_cat=0
split_feature=82 0 74 53 33 80 53 29 3 67 3 77 26 68
split_gain=85.8789 65.4857 40.7146 38.2897 37.8735 32.3122 26.8948 23.9653 22.4081 15.6207 16.6761 16.0245 17.3477 21.4343
threshold=-38.34798336029052 169.50000000000003 2344.0097528876599 7.5000000000000009 13.755136268343817 105.73080992698671 9.5000000000000018 0.95657137184832253 21.208333333343038 -85.443746651921913 9.2083333333430364 115.06792348623277 136.50000000000003 -0.01350083976765694
decision_type=8 2 10 10 8 10 10 10 2 8 2 10 2 8
left_child=3 4 6 -1 5 -2 -3 -7 9 10 -6 12 -11 -14
right_child=1 2 -4 -5 8 7 -8 -9 -10 11 -12 -13 13 -15
leaf_value=-1.429422461209817 0.031651801558638157 0.67339175938408435 -0.53473293910741615 -0.086294279488017073 0.18622924028458029 1.56701581233974 3.2528628500884529 -0.080899301842939683 1.043794831732979 -0.097395258101526383 -1.8910908975538783 -0.43613118622271535 1.4134430940602041 -0.060573337508203103
leaf_weight=389 895 228 49 279 42 225 276 80 99 815 158 80 94 125
leaf_count=389 895 228 49 279 42 225 276 80 99 815 158 80 94 125
internal_value=-0.000547588 0.00151563 0.0108845 -0.0103139 -0.000470543 0.00344713 0.0134257 0.0118627 -0.00379774 -0.0048365 -0.0125373 -0.00344395 -0.00243478 0.00504545
internal_weight=3834 3166 553 668 2613 1200 504 305 1413 1314 200 1114 1034 219
internal_count=3834 3166 553 668 2613 1200 504 305 1413 1314 200 1114 1034 219
is_linear=0
shrinkage=0.03


Tree=45
num_leaves=15
num_cat=0
split_feature=85 0 74 44 28 84 27 0 3 3 77 29 3 69
split_gain=82.5688 47.8279 33.5133 32.6755 36.5943 24.3257 24.3721 23.5469 18.129 29.8805 16.7455 14.9429 14.8161 15.0469
threshold=-38.244549314180993 248.50000000000003 900.62091653824666 469.24057686328894 235.50000000000003 76.871282339096084 0.90705980066445191 58.500000000000007 16.375000000000004 11.625000000000002 -103.93103235960005 0.95042482971701436 20.208333333343038 161.52250792404257
decision_type=8 2 10 10 2 10 10 2 2 2 8 10 2 10
left_child=3 5 -3 4 10 7 -7 12 9 -6 -1 -8 13 -2
right_child=1 2 -4 -5 8 6 11 -9 -10 -11 -12 -13 -14 -15
leaf_value=-1.7330439789217991 -0.087545563690223385 2.6831326573283052 -0.36029350662965376 0.14755189651125156 1.8599752800205447 -0.092727395569826856 1.7971518592765598 0.17999071732304994 0.34833618903407637 -1.6990766944793103 -0.86827539801505493 0.21029770159868255 0.43563986521543219 -0.46685700827451998
leaf_weight=386 1065 273 67 138 40 177 219 873 91 86 153 97 101 101
leaf_count=386 1065 273 67 138 40 177 219 873 91 86 153 97 101 101
internal_value=-0.000659255 0.00174512 0.0123167 -0.00864804 -0.0110964 0.000375854 0.00637652 -0.00100887 -0.000688073 -0.0080315 -0.0152778 0.0113565 -0.00361987 -0.00457584
internal_weight=3867 2973 340 894 756 2633 493 2140 217 126 539 316 1267 1166
internal_count=3867 2973 340 894 756 2633 493 2140 217 126 539 316 1267 1166
is_linear=0
shrinkage=0.03


Tree=46
num_leaves=15
num_cat=0
split_feature=45 82 3 65 17 1 82 68 65 25 71 56 3 5
split_gain=76.644 49.5475 43.4147 40.4018 34.0968 29.8678 27.1711 20.197 23.6263 19.4016 18.8409 18.0614 18.0202 16.9998
threshold=7.5000000000000009 -33.674072265624993 20.708333333343038 0.81686705494914091 29.000000000000004 658.02790760993969 32.149947226047523 0.29549036205658297 0.98647353312243269 0.91157855547282207 7.5000000000000009 -76.768016974131257 6.8750000000000009 62.978373885154731
decision_type=8 8 2 10 2 2 10 8 10 10 10 10 2 10
left_child=1 9 4 -3 6 -6 10 8 -8 -1 12 -7 -2 -12
right_child=2 3 -4 -5 5 11 7 -9 -10 -11 13 -13 -14 -15
leaf_value=-2.0253842798317243 -0.10634446883168479 0.12703316847868001 1.9921359121926789 -1.0971355557284042 0.17459099580335849 0.033487354700850992 2.8065116042784504 -0.0083079030852815806 -0.21442033171135008 -0.89288483410967778 0.053473564897584397 -0.1761913902782769 1.3422734913594068 -0.50602856349919567
leaf_weight=196 46 627 336 348 551 128 213 81 43 183 281 614 72 101
leaf_count=196 46 627 336 348 551 128 213 81 43 183 281 614 72 101
internal_value=-0.000157027 -0.0058893 0.00299149 -0.00230533 0.00140779 -0.00164606 0.00612172 0.0126923 0.0168093 -0.0150789 0.00167665 -0.00557201 0.0121008 -0.00156658
internal_weight=3820 1354 2466 975 2130 1293 837 337 256 379 500 742 118 382
internal_count=3820 1354 2466 975 2130 1293 837 337 256 379 500 742 118 382
is_linear=0
shrinkage=0.03


Tree=47
num_leaves=15
num_cat=0
split_feature=0 8 67 81 48 74 81 84 0 45 28 48 82 77
split_gain=73.9999 43.2243 42.4593 30.1386 24.8564 24.6602 23.8362 21.0239 20.5697 19.5578 36.9617 19.5371 17.3785 17.0306
threshold=77.500000000000014 3.9910513001799739 -149.89071390675556 3671.723894476891 225.69090763727829 269.42307260731764 1546.7510825395586 83.970846732457503 27.500000000000004 8.5000000000000018 206.50000000000003 110.93007254600526 15.385537107785543 115.06792348623277
decision_type=2 10 8 8 8 8 8 10 2 8 2 10 10 10
left_child=2 6 -1 7 -3 8 -2 -4 11 10 12 -5 -7 -11
right_child=1 4 3 5 -6 9 -8 -9 -10 13 -12 -13 -14 -15
leaf_value=-1.5377097841757443 3.5582578971205221 1.0784817885464806 0.067935662205639041 0.30457835720959281 3.7412285907940217 -1.2655894012980033 -0.034400151374107027 1.7928794347368957 1.3093834411274539 -0.012018013897702256 -0.009544360052408862 -0.94272660015081899 -0.49853874990792901 -0.33531795796367647
leaf_weight=262 42 441 223 249 145 291 674 77 80 740 310 51 156 66
leaf_count=262 42 441 223 249 145 291 674 77 80 740 310 51 156 66
internal_value=-0.000181197 0.00561781 -0.00319633 -0.00185829 0.0116525 -0.00322531 0.000669456 0.00697674 0.00362205 -0.0048913 -0.00835092 0 -0.0138616 -0.00163569
internal_weight=3807 1302 2505 2243 586 1943 716 300 380 1563 757 300 447 806
internal_count=3807 1302 2505 2243 586 1943 716 300 380 1563 757 300 447 806
is_linear=0
shrinkage=0.03


Tree=48
num_leaves=15
num_cat=0
split_feature=85 80 52 81 26 66 74 73 33 81 27 1 34 7
split_gain=72.3557 35.7638 29.1371 26.5517 24.994 30.9399 22.9336 23.8871 22.543 21.5729 20.3189 15.827 14.8651 14.1705
threshold=-38.244549314180993 107.45434272289278 274.28937065601355 8405.8995032310504 132.50000000000003 271.55406856536871 3227.0181699085065 3.0910593271255498 14.565349264705885 3794.4488123655324 0.95899750933997518 659.08346462249767 0.18245838668373884 2505.266058796366
decision_type=8 10 10 10 2 8 10 8 8 10 10 2 10 10
left_child=2 3 4 6 9 12 7 -2 10 -1 -3 -9 -6 -4
right_child=1 8 13 -5 5 -7 -8 11 -10 -11 -12 -13 -14 -15
leaf_value=-0.44521371474120114 -0.32163395985064575 2.3836588661269253 -0.21527035743705702 -0.29629341505633428 0.16492033678618198 1.8847093956815388 -0.3591588733949313 0.40211619912130159 0.075750855874958986 -1.6578463801937116 0.032185615020857768 0.018781357999684407 -1.3557045843472824 0.66437084412887226
leaf_weight=149 252 285 95 364 40 41 105 697 258 408 99 927 63 58
leaf_count=149 252 285 95 364 40 41 105 697 258 408 99 927 63 58
internal_value=-0.000445081 0.00175703 -0.00814035 3.83632e-05 -0.0107265 0.000413793 0.00140767 0.00217368 0.00802488 -0.0136022 0.0126234 0.00350769 -0.00836538 0.0037013
internal_weight=3841 2987 854 2345 701 144 1981 1876 642 557 384 1624 103 153
internal_count=3841 2987 854 2345 701 144 1981 1876 642 557 384 1624 103 153
is_linear=0
shrinkage=0.03


Tree=49
num_leaves=15
num_cat=0
split_feature=0 82 0 76 67 28 85 39 56 27 28 69 69 64
split_gain=77.9045 40.5178 39.8907 35.8231 28.4885 26.6822 23.7738 22.0294 21.155 26.593 20.9109 31.6892 21.3752 19.0967
threshold=-4.4999999999999991 -23.599052131175991 252.50000000000003 3924.4588472843175 -188.17690091729165 147.50000000000003 192.86940999825799 2256.8327613916181 -53.818645636240639 0.98373876255949244 215.50000000000003 240.47359631423384 206.21552992914783 4.1384287101037733
decision_type=2 8 2 8 8 2 10 10 10 10 2 8 8 10
left_child=1 -1 6 -4 -3 -6 8 -7 9 -2 12 -12 -10 -14
right_child=2 4 3 -5 5 7 -8 -9 10 -11 11 -13 13 -15
leaf_value=-1.2809474702321222 0.56307909043772719 -2.4302587228514705 -0.08548556864342291 3.4021979600214527 -0.41201737757435297 0.34521183835463176 1.067533013777386 -0.45116843673523555 -0.32372975308341695 -0.47853789453040207 0.43043741717326856 -0.16040328139771406 -0.022250887004087852 1.5926501272159725
leaf_weight=335 169 91 120 226 220 395 250 138 618 77 560 198 388 43
leaf_count=335 169 91 120 226 220 395 250 138 618 77 560 198 388 43
internal_value=-0.000579786 -0.00699153 0.00227547 0.0117579 -0.00347929 -0.00155172 0.000846354 0.00207865 -0.000219085 0.00801619 -0.00134403 0.00245059 -0.00408571 0.00104167
internal_weight=3828 1179 2649 346 844 753 2303 533 2053 246 1807 758 1049 431
internal_count=3828 1179 2649 346 844 753 2303 533 2053 246 1807 758 1049 431
is_linear=0
shrinkage=0.03


Tree=50
num_leaves=15
num_cat=0
split_feature=85 28 52 65 77 28 28 57 77 77 81 53 82 48
split_gain=72.629 33.1832 33.0381 28.6473 21.6339 20.5376 23.9289 20.5593 20.0377 19.921 18.6346 15.7387 15.5279 15.2629
threshold=-38.244549314180993 261.50000000000006 441.57093095779425 0.89686205155151633 35.477936506271369 204.50000000000003 466.50000000000006 5.5000000000000009 -244.4408195018768 -151.74329483509061 3713.5307439565663 36.500000000000007 7.3096038103103647 14.734679182370506
decision_type=8 2 10 8 8 2 2 10 8 10 10 8 10 8
left_child=1 2 10 -2 -3 7 8 9 -7 12 -1 -10 13 -5
right_child=3 4 -4 5 -6 6 -8 -9 11 -11 -12 -13 -14 -15
leaf_value=-0.35456109183527879 1.0961524040285677 0.64665899522793868 0.25693142343750047 -0.14203496710316499 -0.44571826487941585 -0.2202402472695397 -2.2477871163212195 -0.22130651615270386 0.55992872796629356 -0.15366042935064783 -1.6004580654724059 -0.08044224946271801 1.1676606855406728 0.029148677071005557
leaf_weight=130 458 83 111 64 77 133 40 649 865 365 473 43 136 218
leaf_count=130 458 83 111 64 77 133 40 649 865 365 473 43 136 218
internal_value=-0.000631825 -0.00822857 -0.010993 0.00160498 0.00409938 0.000346062 0.0034658 -0.00200977 0.00434741 0.00126276 -0.0137583 0.00594059 0.00572792 0.00169611
internal_weight=3845 874 714 2971 160 2513 1081 1432 1041 783 603 908 418 282
internal_count=3845 874 714 2971 160 2513 1081 1432 1041 783 603 908 418 282
is_linear=0
shrinkage=0.03


Tree=51
num_leaves=15
num_cat=0
split_feature=27 45 83 0 43 28 76 45 0 68 1 35 77 83
split_gain=69.4964 59.646 38.2795 39.674 25.2982 26.0028 24.9842 24.9502 19.2551 18.6952 18.5081 16.8172 16.2449 19.9434
threshold=0.90132150930273014 8.5000000000000018 58.953629374504096 164.50000000000003 385.76077395773353 259.50000000000006 121.54489421844484 9.5000000000000018 341.50000000000006 -0.010625084200844013 626.5180026292802 10.875702247191013 -244.4408195018768 -2.422505140304565
decision_type=10 8 10 2 10 2 10 10 2 8 2 10 8 8
left_child=1 -1 3 4 5 12 8 -5 10 -7 -3 -6 13 -2
right_child=2 6 -4 7 11 9 -8 -9 -10 -11 -12 -13 -14 -15
leaf_value=-0.87569395260791694 -1.2054461209972585 0.40987601718178279 0.89223144849866987 0.30063588907753552 0.30380426260321242 1.4062166142428276 -0.36615094021834538 3.2714970868933393 4.0774496935418671 -0.017709520397146718 -0.014395959584113575 -0.69033793271052013 0.017276944090100697 0.12606284415757898
leaf_weight=768 70 117 510 206 59 132 107 149 41 88 539 320 662 54
leaf_count=768 70 117 510 206 59 132 107 149 41 88 539 320 662 54
internal_value=-0.000502223 -0.00534011 0.00287872 0.000758185 -0.0015368 0.000953327 0.000372671 0.00969101 0.00244986 0.0100452 0.00118721 -0.00813158 -0.00160102 -0.01152
internal_weight=3822 1572 2250 1740 1385 1006 804 355 697 220 656 379 786 124
internal_count=3822 1572 2250 1740 1385 1006 804 355 697 220 656 379 786 124
is_linear=0
shrinkage=0.03


Tree=52
num_leaves=15
num_cat=0
split_feature=53 83 67 28 77 1 69 67 77 81 72 26 8 48
split_gain=61.2012 38.8044 29.215 31.4447 30.1299 24.5177 23.0691 22.9515 21.2973 17.1199 17.6209 16.8175 16.6071 20.9288
threshold=7.5000000000000009 26.236197948455814 573.70915751023733 221.50000000000003 57.194347918033607 626.5180026292802 -339.96940935109882 -188.17690091729165 -167.721780359745 4709.7794868946085 -71.490866422653184 66.500000000000014 4.1507830371045387 -44.762522776921585
decision_type=8 8 10 2 8 2 10 8 10 8 10 2 8 8
left_child=1 6 3 5 8 -2 11 -3 -5 10 -9 -1 13 -7
right_child=2 7 -4 4 -6 12 -8 9 -10 -11 -12 -13 -14 -15
leaf_value=-0.36855443036682345 0.32961912970970264 -1.9685307552087086 3.0829032277659487 0.24898626407487756 -0.022090598463114723 0.37797223214980241 -1.1456651904997865 1.1613105710536027 1.7213554596220229 -0.070479985059056602 -0.2268728804381985 1.8612237549985078 0.0034148567434704549 -0.45971029032073463
leaf_weight=74 244 73 113 152 294 72 587 86 339 534 52 44 679 465
leaf_count=74 244 73 113 152 294 72 587 86 339 534 52 44 679 465
internal_value=-0.000693095 -0.00554101 0.00228911 0.00153606 0.00637405 -0.00106776 -0.0105807 -0.000764075 0.0109146 0.000980684 0.0103597 0.00151261 -0.00281019 -0.00674721
internal_weight=3808 1450 2358 2245 785 1460 705 745 491 672 138 118 1216 537
internal_count=3808 1450 2358 2245 785 1460 705 745 491 672 138 118 1216 537
is_linear=0
shrinkage=0.03


Tree=53
num_leaves=15
num_cat=0
split_feature=29 53 85 36 81 14 73 40 71 3 3 37 53 85
split_gain=63.6612 40.0766 29.4758 23.1401 23.1109 23.064 20.855 20.8402 18.3611 18.1469 18.9986 21.1464 15.6239 15.2668
threshold=0.90591147350029133 7.5000000000000009 116.61309587955476 0.55634920634920648 8584.5142171382922 349.5295189180934 30.872934937477115 74.464321751082025 10.500000000000002 21.375000000000004 11.791666666656967 1829.6726007230427 11.500000000000002 12.213870803515116
decision_type=10 8 10 10 10 8 8 10 8 2 2 10 10 8
left_child=1 3 5 4 -1 -2 13 -4 -8 10 11 -3 -11 -7
right_child=2 9 7 -5 -6 6 8 -9 -10 12 -12 -13 -14 -15
leaf_value=-0.75222427899591504 -0.12634335417725703 0.14911064819443368 -0.21317520880243027 0.91693698946982349 -1.98677786383077 -0.84423677418678178 0.025202213073347187 1.5903834477248739 0.70962377405703791 0.08203563467277851 -0.10569044413808619 -0.21303659061316782 6.0919283355428862 0.26820120080984933
leaf_weight=425 808 405 88 40 177 95 184 416 363 56 478 116 42 120
leaf_count=425 808 405 88 40 177 95 184 416 363 56 478 116 42 120
internal_value=7.86576e-06 -0.00422414 0.00355663 -0.0101711 -0.0116418 0.00152769 0.00526868 0.00986139 0.00837591 -0.000737705 -0.00195 0.00201149 0.0115152 -0.00263889
internal_weight=3813 1739 2074 642 602 1570 762 504 547 1097 999 521 98 215
internal_count=3813 1739 2074 642 602 1570 762 504 547 1097 999 521 98 215
is_linear=0
shrinkage=0.03


Tree=54
num_leaves=15
num_cat=0
split_feature=0 0 76 84 84 52 39 27 65 25 81 59 81 3
split_gain=80.4201 42.9083 42.6713 38.2211 22.6074 17.2729 16.9118 16.7633 16.3876 16.1011 13.6775 13.1151 12.9349 12.6978
threshold=-24.499999999999996 252.50000000000003 3924.4588472843175 44.080124417940787 76.871282339096084 87.735487222671523 2329.3634880649306 0.89119672836848907 0.97440441109209341 0.91864313292884736 4690.8336360454568 182.44134294986728 4556.6182372570047 14.208333333343036
decision_type=2 2 8 8 10 10 10 10 10 10 10 10 10 2
left_child=3 4 9 5 -2 10 11 -6 -9 -3 -1 -5 -4 -14
right_child=1 2 12 6 7 -7 -8 8 -10 -11 -12 -13 13 -15
leaf_value=-0.78765311814528716 -0.012871894446242881 -0.60076538945650981 3.9295296115643499 0.27788578270042885 -0.36468442030341475 -0.50582663527272587 -0.72815066462791689 1.2938389646533823 -0.22986382517400727 0.71767514741528049 -2.1646811654672518 -0.27721027195398801 -0.19119516928016012 3.9537891276777222
leaf_weight=68 2238 46 114 217 77 181 114 242 59 64 192 110 40 71
leaf_count=68 2238 46 114 217 77 181 114 242 59 64 192 110 40 71
internal_value=-0.00041471 0.00196138 0.0120536 -0.00835787 0.000664883 -0.0145928 -0.00210407 0.00744063 0.0106291 -0.00324324 -0.0195402 0.00137195 0.0195133 0.0120536
internal_weight=3833 2951 335 882 2616 441 441 378 301 110 260 327 225 111
internal_count=3833 2951 335 882 2616 441 441 378 301 110 260 327 225 111
is_linear=0
shrinkage=0.03


Tree=55
num_leaves=15
num_cat=0
split_feature=85 3 27 73 17 17 39 16 35 77 65 77 3 80
split_gain=51.4558 34.4236 33.9116 29.3396 23.9784 27.5164 21.6946 18.7616 20.2782 17.9907 17.4437 17.2137 18.147 16.6274
threshold=-60.917475740114845 5.9583333333430355 0.88780278466526807 45.788704395294197 16.500000000000004 21.500000000000004 4875.5219720155401 7.5000000000000009 17.29665282823041 -293.80850327014917 0.84669820122953965 -54.499478757381432 14.291666666656967 -17.863368153572079
decision_type=8 2 10 8 2 2 10 2 10 8 8 8 2 10
left_child=3 -2 10 -1 11 -6 7 -7 13 -5 -3 12 -4 -9
right_child=1 2 4 9 5 6 -8 8 -10 -11 -12 -13 -14 -15
leaf_value=-1.2611918361653844 -0.21225078117088395 1.8830609068383046 -1.1497168609334321 -1.7862239436550282 1.6863848471285514 0.8355151953798996 2.1599119500220647 -0.24173524623192474 1.2584469817276835 0.070587876130876678 -0.062512682875019723 0.45163590250153685 -0.052337013478800286 0.35214126171358606
leaf_weight=416 358 46 54 43 154 295 106 410 163 287 768 91 93 545
leaf_count=416 358 46 54 43 154 295 106 410 163 287 768 91 93 545
internal_value=-0.000164491 0.00154669 0.00269626 -0.00722892 0.00487971 0.00614695 0.00491447 0.00392504 0.00214477 -0.000543807 -0.00242945 -0.00401674 -0.0103378 0.000470711
internal_weight=3829 3083 2725 746 1911 1673 1519 1413 1118 330 814 238 147 955
internal_count=3829 3083 2725 746 1911 1673 1519 1413 1118 330 814 238 147 955
is_linear=0
shrinkage=0.03


Tree=56
num_leaves=15
num_cat=0
split_feature=60 80 3 28 81 70 79 83 81 81 14 58 29 81
split_gain=61.6654 48.078 39.8487 34.0484 31.0999 30.6376 26.7085 22.0993 21.4904 20.6809 19.5906 23.2629 19.46 18.8976
threshold=-77.695678949356065 4.8254847526550302 20.208333333343038 223.50000000000003 4556.6182372570047 0.90454545454545465 23.568981465514895 110.04707741737367 4690.8336360454568 4119.3760538101205 151.58102049564917 353.47129118442541 0.93598524762908342 6193.4521247148523
decision_type=8 8 2 2 8 10 10 8 10 10 8 10 10 10
left_child=8 3 4 5 7 13 -4 9 -1 12 -6 -12 -3 -2
right_child=1 2 6 -5 10 -7 -8 -9 -10 -11 11 -13 -14 -15
leaf_value=-0.56234613639959619 -0.60400023813673631 0.23222683513579673 2.1591584977486886 0.094055805681925231 -0.36652592465877554 -0.93311333654127693 -0.28181534110609169 1.6242713156324553 -1.447740546624664 1.9111745576294952 0.086672500868222993 -0.078637893386460572 -0.8403414650595763 0.23280839867444159
leaf_weight=113 49 209 277 340 254 457 65 145 216 59 1217 295 40 145
leaf_count=113 49 209 277 340 254 457 65 145 216 59 1217 295 40 145
internal_value=-0.000595054 0.000557276 0.00272834 -0.0050504 0.00125676 -0.00906442 0.0122449 0.00825991 -0.013 0.00368932 -0.000543294 0.00075347 -0.00012 0.000923077
internal_weight=3881 3552 2561 991 2219 651 342 453 329 308 1766 1512 249 194
internal_count=3881 3552 2561 991 2219 651 342 453 329 308 1766 1512 249 194
is_linear=0
shrinkage=0.03


Tree=57
num_leaves=15
num_cat=0
split_feature=0 0 76 84 83 81 62 27 80 39 3 81 3 81
split_gain=68.4498 34.9289 43.7012 29.455 25.3971 23.1409 21.5465 19.3604 19.1035 19.0716 17.0064 21.0228 16.7953 19.5088
threshold=-22.499999999999996 255.00000000000003 -100.69896233081816 43.338574687639884 31.038077831268314 4668.6520421504983 -0.015476807734053756 0.88304780326056931 -34.518487572669976 2329.3634880649306 18.458333333343038 1740.1549569368365 9.9583333333430364 3184.1654009819035
decision_type=2 2 10 8 10 10 10 10 10 10 2 10 2 10
left_child=3 4 -3 5 6 8 -2 -6 -1 -5 -8 -12 -9 -14
right_child=1 2 -4 9 7 -7 10 12 -10 -11 11 -13 13 -15
leaf_value=-0.72697770476140611 0.028416374005283563 3.4427381778788582 -0.15546349409255497 0.08049952851232145 -0.11363892412009229 -1.4262996470376921 -0.14373158558341892 -0.085299162386002214 0.51121313924345813 -0.66749956303445634 0.05422738624965516 -0.85585384318039182 2.6502133597269744 0.58212216505944214
leaf_weight=51 1138 210 107 344 141 328 664 113 72 122 48 119 71 359
leaf_count=51 1138 210 107 344 141 328 664 113 72 122 48 119 71 359
internal_value=-0.000192901 0.00201952 0.0114151 -0.00735294 0.000892992 -0.0128097 -0.000837563 0.00586861 -0.00169355 -0.00205567 -0.00450721 -0.0130357 0.0084375 0.0111369
internal_weight=3887 2970 317 917 2653 451 1969 684 123 466 831 167 543 430
internal_count=3887 2970 317 917 2653 451 1969 684 123 466 831 167 543 430
is_linear=0
shrinkage=0.03


Tree=58
num_leaves=15
num_cat=0
split_feature=0 0 76 67 82 30 81 83 78 81 46 16 65 83
split_gain=60.8152 34.3549 45.4541 33.5974 33.6327 26.1842 25.559 23.6916 21.1465 20.3982 14.709 14.6682 14.4325 17.6083
threshold=-22.499999999999996 252.50000000000003 3924.4588472843175 -188.17690091729165 -56.8056052327156 20.050000000000004 9091.2034698724765 8.0886323451995867 0.70833333333333337 4282.5274147987375 1170.0000000000002 21.500000000000004 0.88231078457675027 55.831604480743415
decision_type=2 2 8 8 8 10 10 10 10 8 10 2 10 8
left_child=3 7 10 -1 -5 6 -6 9 -9 11 -3 -2 -4 -14
right_child=1 2 12 4 5 -7 -8 8 -10 -11 -12 -13 13 -15
leaf_value=-1.7679423495249436 -0.15693989434957459 0.17627424338018913 4.2771446568933644 -1.5467775841620812 0.35400706177998936 -0.76810762634203644 -0.68008454621701164 -0.41866521625968484 0.5235793070814394 0.00029174272277369598 -0.58581175392319607 -0.80927228065349754 -0.37091312005163912 3.3128895240570619
leaf_weight=149 237 57 148 149 354 153 109 101 683 1480 56 93 42 40
leaf_count=149 237 57 148 149 354 153 109 101 683 1480 56 93 42 40
internal_value=-0.000459502 0.00164398 0.0105523 -0.00721311 -0.00466057 -0.00155592 0.00200431 0.000462428 0.00481529 -0.00142463 -0.005 -0.0081571 0.0181818 0.00795181
internal_weight=3851 2937 343 914 765 616 463 2594 784 1810 113 330 230 82
internal_count=3851 2937 343 914 765 616 463 2594 784 1810 113 330 230 82
is_linear=0
shrinkage=0.03


Tree=59
num_leaves=15
num_cat=0
split_feature=0 82 65 30 0 54 25 83 81 63 79 3 39 64
split_gain=78.6846 32.4129 32.3436 26.5473 22.1206 21.5562 20.1577 31.2348 19.4094 21.6144 16.7938 16.0467 19.8233 23.0186
threshold=-24.499999999999996 -56.8056052327156 0.81686705494914091 18.650000000000002 224.50000000000003 570.00000000000011 0.89377820760799487 94.882938146591201 8027.6036782264719 -100.39588499557721 6.4472905684273458 1.5416666666569656 4875.5219720155401 4.116177473415326
decision_type=2 8 8 10 2 10 10 10 8 10 10 2 8 10
left_child=1 -1 4 5 -2 -3 11 -8 9 -7 -10 -4 13 -13
right_child=2 3 6 -5 -6 8 7 -9 10 -11 -12 12 -14 -15
leaf_value=-1.4708706446024367 0.5368939100886807 -1.7098682119677884 -0.34295611557256417 -1.0597265552277846 4.387578700436678 0.60975297593390643 0.067192298596149627 1.1076195431746341 0.35200937952806949 -0.37547361151467556 -0.64673739298525579 -0.15880563191549776 0.035876221121675544 0.17644060685397914
leaf_weight=175 139 78 76 200 85 143 1499 253 64 53 140 523 184 218
leaf_count=175 139 78 76 200 85 143 1499 253 64 53 140 523 184 218
internal_value=-0.000438528 -0.00846604 0.00186367 -0.00547865 0.0128 -0.00162839 0.000969499 0.0029093 0.00119701 0.00791878 -0.00526829 -0.00242515 -0.00132829 -0.00351752
internal_weight=3830 853 2977 678 224 478 2753 1752 400 196 204 1001 925 741
internal_count=3830 853 2977 678 224 478 2753 1752 400 196 204 1001 925 741
is_linear=0
shrinkage=0.03


Tree=60
num_leaves=15
num_cat=0
split_feature=85 53 67 27 28 28 2 17 41 3 85 80 20 55
split_gain=55.951 34.4146 33.4797 22.3893 20.6523 26.8745 27.8043 23.0189 18.8037 18.2504 21.9542 16.993 16.7808 16.5568
threshold=-28.389277736345928 7.5000000000000009 382.84088006790961 0.90533428165007124 463.50000000000006 204.50000000000003 1.0000000180025095e-35 6.5000000000000009 -52.181499123573296 13.291666666656967 120.39322070280711 56.360190868377693 877.75507247447979 1.0000000180025095e-35
decision_type=8 10 10 10 2 2 2 2 10 2 8 10 8 10
left_child=1 3 4 -1 5 8 7 -7 -2 11 -11 -9 -5 -3
right_child=2 13 -4 12 -6 6 -8 9 -10 10 -12 -13 -14 -15
leaf_value=-1.7456740171316232 0.14371776284027701 0.45806849032709102 2.0628991368182925 0.086225156368233719 -1.7814329123319772 -0.8218380070535064 -0.098206077469105035 -0.096253752671120477 -0.090556267295854087 0.38884399637514833 1.2097345658890422 1.0335994288017092 -0.84815028440645845 -0.29769366659214214
leaf_weight=330 306 119 214 138 42 56 43 323 1215 215 309 162 133 208
leaf_count=330 306 119 214 138 42 56 43 323 1215 215 309 162 133 208
internal_value=-5.50603e-05 -0.00645856 0.00200624 -0.0107143 0.00108907 0.00142586 0.00497746 0.00593809 -0.00116294 0.0069802 0.0108571 0.00277778 -0.00430147 0.00137195
internal_weight=3813 928 2885 601 2671 2629 1108 1065 1521 1009 524 485 271 327
internal_count=3813 928 2885 601 2671 2629 1108 1065 1521 1009 524 485 271 327
is_linear=0
shrinkage=0.03


Tree=61
num_leaves=15
num_cat=0
split_feature=82 67 3 53 79 3 50 77 56 29 42 25 3 82
split_gain=54.0688 32.4404 32.4984 26.341 24.6941 22.5274 23.5261 22.3678 22.086 21.314 18.6771 17.6795 14.7331 13.8138
threshold=-8.5624464352925589 -12.150211760109594 5.8750000000000009 8.5000000000000018 206.8073415591129 20.208333333343038 1502.5054835081103 -70.249142825603471 -116.69433482487995 0.91163137398077165 -257.1919234991073 0.94352909912304017 15.875000000000002 267.35669974486035
decision_type=8 8 2 10 10 2 10 8 10 10 10 10 2 8
left_child=3 8 -3 7 5 6 10 9 -2 -1 -4 -5 -9 -7
right_child=1 2 4 11 -6 13 -8 12 -10 -11 -12 -13 -14 -15
leaf_value=-1.4768141859316439 -1.3679916180934748 -0.18838778542103163 1.6004155358704288 -0.039605796516434331 -0.090342178177454019 1.096625426542468 -0.13959730834963613 -0.62673329359525198 -0.11530815612290304 -0.15112982228459806 0.27230546916889126 1.4992114748822609 0.23483231223120923 3.1355654017901053
leaf_weight=303 101 300 68 219 170 185 142 138 365 124 1387 42 99 131
leaf_count=303 101 300 68 219 170 185 142 138 365 124 1387 42 99 131
internal_value=0.000174834 0.00222105 0.00363674 -0.00612311 0.00496641 0.00594044 0.00448686 -0.00929323 -0.00501071 -0.0133879 0.005625 0.00194656 -0.00189076 0.0132492
internal_weight=3774 2849 2383 925 2083 1913 1597 664 466 427 1455 261 237 316
internal_count=3774 2849 2383 925 2083 1913 1597 664 466 427 1455 261 237 316
is_linear=0
shrinkage=0.03


Tree=62
num_leaves=15
num_cat=0
split_feature=53 33 3 84 77 58 3 28 25 15 77 83 3 3
split_gain=51.3508 37.5816 34.6109 23.9527 26.9431 23.9456 25.1881 20.4291 19.6573 19.0287 18.342 17.5266 17.1603 19.2338
threshold=7.5000000000000009 7.3434285714285723 20.625000000000004 136.2838052113851 15.967813551425936 1502.5054835081103 5.9583333333430355 250.50000000000003 0.66025641025641035 34.500000000000007 60.856666743755348 72.345285177230849 17.291666666656969 14.875000000000002
decision_type=8 8 2 8 8 10 2 2 10 2 10 10 2 2
left_child=1 11 5 4 9 6 8 12 -2 -3 -9 -1 13 -8
right_child=2 3 -4 -5 -6 -7 7 10 -10 -11 -12 -13 -14 -15
leaf_value=-0.0055923858687907564 0.014147536746068771 -1.1118396057037747 1.4944446224281525 -0.031288199536236697 0.031511283144799111 -0.083721877770248712 0.0319544891580167 0.71915151153168844 -0.38266405104667944 0.0181294279546254 -0.67631068519081328 0.71339822721922108 -0.26466821635731508 0.51045169446488226
leaf_weight=309 82 521 343 306 160 130 803 291 226 69 44 83 214 224
leaf_count=309 82 521 343 306 160 130 803 291 226 69 44 83 214 224
internal_value=-0.00027588 -0.0047205 0.00245547 -0.0076632 -0.0105459 0.000952854 0.00181432 0.00334813 -0.00601942 -0.0135025 0.00991071 0.00320611 0.00157005 0.00318093
internal_weight=3805 1448 2357 1056 750 2014 1884 1576 308 590 335 392 1241 1027
internal_count=3805 1448 2357 1056 750 2014 1884 1576 308 590 335 392 1241 1027
is_linear=0
shrinkage=0.03


Tree=63
num_leaves=15
num_cat=0
split_feature=0 0 76 60 82 81 81 31 77 15 3 77 70 39
split_gain=57.3817 35.4799 45.3892 31.8397 28.4215 26.1539 21.2566 20.638 19.019 16.9693 16.4361 17.155 14.3108 14.2652
threshold=-29.499999999999996 255.00000000000003 3924.4588472843175 -107.04284620285033 -54.631650884946175 9091.2034698724765 1587.2678377628329 20.718012422360253 -289.75356954336161 28.500000000000004 21.125000000000004 121.64101433753969 0.83974358974358987 2160.097873081073
decision_type=2 2 8 8 8 8 8 8 8 2 2 10 10 10
left_child=3 6 12 -1 -5 -6 -2 13 9 -8 11 -10 -3 -7
right_child=1 2 -4 4 5 7 8 -9 10 -11 -12 -13 -14 -15
leaf_value=-1.6051144587885511 2.7475493173531538 -0.63551874172777978 2.7568518770330539 -1.3402834496629477 0.22583036275428611 0.039343672129104591 -0.76146441220216854 -1.1118636123918555 0.01033659533464474 0.15652131193898638 1.0875621632349965 -0.37312403832390612 0.27490177912009506 -1.3260132235645834
leaf_weight=195 52 42 214 113 282 138 134 52 2159 44 193 113 71 49
leaf_count=195 52 42 214 113 282 138 134 52 2159 44 193 113 71 49
internal_value=-0.000350467 0.00156798 0.0108841 -0.00733735 -0.00406299 -0.00109195 0.000433976 -0.008375 5.67322e-05 -0.00938547 0.000742092 2.63968e-05 -0.00447368 -0.00367021
internal_weight=3851 3022 327 829 634 521 2695 239 2643 178 2465 2272 113 187
internal_count=3851 3022 327 829 634 521 2695 239 2643 178 2465 2272 113 187
is_linear=0
shrinkage=0.03


Tree=64
num_leaves=15
num_cat=0
split_feature=29 48 83 80 77 53 77 14 1 4 5 76 16 39
split_gain=51.0475 38.0502 26.5779 24.6052 32.6588 21.2557 17.2988 18.2945 18.1883 22.817 16.2578 16.1473 20.4925 18.7132
threshold=0.90591147350029133 87.502622882525145 147.63712191581729 -56.016805171966546 -204.02106446027753 10.500000000000002 -285.94808512926096 86.156459915139592 659.08346462249767 8.5000000000000018 128.53424263000491 350.30984318256384 14.500000000000002 3917.9894445791497
decision_type=10 8 10 10 10 10 8 10 2 2 10 10 2 10
left_child=1 3 5 6 -5 -2 -1 -8 9 -9 -3 12 -6 -14
right_child=2 10 -4 4 11 -7 7 8 -10 -11 -12 -13 13 -15
leaf_value=-1.3138696554426528 0.030727783119546589 0.072720013960742111 1.5390291464867618 0.33279207393824367 -0.23276891031957284 2.2085439658063573 0.48001841336413154 -0.71097441978989806 -0.91214099195846055 0.32236074954550986 -0.38924484447031898 0.92252378788532752 -1.9613460988044502 -0.070372418704183384
leaf_weight=91 1705 460 192 241 235 204 63 147 233 50 93 52 98 53
leaf_count=91 1705 460 192 241 235 204 63 147 233 50 93 52 98 53
internal_value=-0.000114855 -0.00379747 0.00306851 -0.0066693 -0.00277941 0.00199476 -0.0111795 -0.00892713 -0.0111369 -0.00439394 0.00276173 -0.00765376 -0.00976744 -0.0183553
internal_weight=3917 1816 2101 1263 679 1909 584 493 430 197 553 438 386 151
internal_count=3917 1816 2101 1263 679 1909 584 493 430 197 553 438 386 151
is_linear=0
shrinkage=0.03


Tree=65
num_leaves=15
num_cat=0
split_feature=0 67 8 3 3 3 3 4 81 17 49 28 63 49
split_gain=43.9814 31.4433 30.3378 19.6325 17.8487 17.6451 16.6087 16.1298 15.2273 19.998 18.3032 16.8563 27.9268 24.8732
threshold=172.50000000000003 -184.14710521099093 3.829721678959157 15.875000000000002 11.041666666656967 21.041666666656969 22.375000000000004 8.5000000000000018 3259.223057866097 21.500000000000004 7.5000000000000009 250.50000000000003 -31.990754552238347 8.5000000000000018
decision_type=2 8 10 2 2 2 2 2 8 2 10 2 8 10
left_child=1 7 -2 4 -4 8 -7 -1 9 -3 -11 13 -13 -10
right_child=2 5 3 -5 -6 6 -8 -9 11 10 -12 12 -14 -15
leaf_value=-2.4373492025451329 0.031492133724611404 1.5017804162647039 1.6342779460513246 3.7613809859832856 -0.41370134217547194 1.6670694646375568 0.081538287673502768 -0.36290513758874793 -0.030235617563688394 -0.67332995120451822 0.45053262110161785 0.59383223315872291 -0.077018281233789801 -0.55995734610749937
leaf_weight=113 306 77 106 152 58 78 127 67 1382 72 81 206 382 623
leaf_count=113 306 77 106 152 58 78 127 67 1382 72 81 206 382 623
internal_value=-0.000360219 -0.00177625 0.00693419 0.0134385 0.00618182 -0.00104985 0.00742718 -0.0139227 -0.00166785 0.00571429 -0.000584416 -0.0023246 0.00213922 -0.0036341
internal_weight=3830 3208 622 316 164 3028 205 180 2823 230 153 2593 588 2005
internal_count=3830 3208 622 316 164 3028 205 180 2823 230 153 2593 588 2005
is_linear=0
shrinkage=0.03


Tree=66
num_leaves=15
num_cat=0
split_feature=82 65 28 81 8 82 53 57 53 43 57 76 75 28
split_gain=40.5823 32.2859 29.7333 26.9089 22.7439 31.8258 22.0525 20.9349 17.4329 15.9116 15.6887 16.0509 16.4328 14.8833
threshold=-45.480947335561112 0.92926644237299272 235.50000000000003 1546.7510825395586 5.481355959220874 165.25253645579025 5.5000000000000009 7.5000000000000009 10.500000000000002 981.99451784760106 6.5000000000000009 2217.7235084772115 2247.8798408508305 256.50000000000006
decision_type=8 10 2 8 10 10 10 10 10 10 8 10 10 2
left_child=2 3 -1 -2 5 10 -3 -7 9 -8 11 -5 -13 -12
right_child=1 6 -4 4 -6 7 8 -9 -10 -11 13 12 -14 -15
leaf_value=-0.8583880601022712 2.7987472382014391 -3.1976549658172613 0.072871686602547281 -0.1165086786198004 0.64556838789726234 0.55935727031372473 -0.14653603858851033 3.9815660721624107 0.73369124954909781 -0.94950409455775453 0.021189497280983471 0.86401026796917813 -0.1027668034573265 0.55399866747234916
leaf_weight=406 47 43 165 717 310 87 806 64 105 43 622 51 100 213
leaf_count=406 47 43 165 717 310 87 806 64 105 43 622 51 100 213
internal_value=7.14286e-05 0.00138361 -0.00729021 0.00340416 0.00290993 0.0016496 -0.00309619 0.0148026 -0.00213613 -0.00356471 0.000475352 -0.00234753 0.00651316 0.00340909
internal_weight=3779 3208 571 2211 2164 1854 997 151 954 849 1703 868 151 835
internal_count=3779 3208 571 2211 2164 1854 997 151 954 849 1703 868 151 835
is_linear=0
shrinkage=0.03


Tree=67
num_leaves=15
num_cat=0
split_feature=45 82 66 43 72 65 81 3 61 45 1 3 77 77
split_gain=47.8023 33.6772 27.1791 32.2867 24.6946 25.9882 19.9749 19.7784 16.8469 14.7202 14.7007 13.6476 13.0068 14.7574
threshold=8.5000000000000018 -36.262559056282036 516.94300901889812 545.41794117912934 11.597105622291567 0.80692708644322064 17583.166187167171 21.041666666656969 0.86698296174362521 12.500000000000002 619.7200324535371 23.125000000000004 57.194347918033607 -40.959725677967064
decision_type=10 8 8 10 8 8 8 2 8 10 2 2 10 10
left_child=1 10 3 6 -2 -6 -3 12 -4 11 -1 -9 13 -7
right_child=4 2 8 -5 5 7 -8 9 -10 -11 -12 -13 -14 -15
leaf_value=0.062563607593301401 0.71318562372551375 0.076697928703662488 0.4295869942321161 -1.1344188465762317 1.6022230204816446 -0.027634950748805395 -0.90464338235503561 2.3312053122583105 -0.013087321157786689 4.7893737455019494 -1.0052213795277889 -0.30129501190085717 -0.4638217321542985 0.69697303609209993
leaf_weight=49 186 352 387 169 151 914 140 87 587 50 443 66 86 170
leaf_count=49 186 352 387 169 151 914 140 87 587 50 443 66 86 170
internal_value=-0.000226681 -0.00322838 -0.00115526 -0.00584592 0.00350672 0.00224262 -0.00194726 0.000938865 0.00203077 0.00955882 -0.0101014 0.00487013 -0.000563621 0.000331797
internal_weight=3837 2127 1635 661 1710 1524 492 1373 974 203 492 153 1170 1084
internal_count=3837 2127 1635 661 1710 1524 492 1373 974 203 492 153 1170 1084
is_linear=0
shrinkage=0.03


Tree=68
num_leaves=15
num_cat=0
split_feature=45 27 81 14 13 40 80 48 62 78 48 39 7 65
split_gain=45.3448 34.8112 24.3712 19.9948 18.9217 18.0767 17.9689 18.4191 16.318 11.6675 11.7702 12.5667 13.3901 11.6356
threshold=7.5000000000000009 0.89922011970255744 1587.2678377628329 151.58102049564917 90.000000000000014 1046.0337190696089 141.08551847934726 -95.252482414245591 -0.0135054425131371 0.70833333333333337 251.5664264758428 2589.5297847243696 3872.4679407200251 1.0068004957899068
decision_type=8 10 8 10 10 10 10 10 10 8 10 10 10 8
left_child=1 5 -2 13 9 -1 7 -3 -9 -5 11 -11 -13 -4
right_child=2 6 3 4 -6 -7 -8 8 -10 10 -12 12 -14 -15
leaf_value=-1.1372512985889591 2.6800409203564386 -0.68113375084478811 0.14876509183308795 -0.060413712215089746 0.0044341791888599189 0.20199335745564947 1.6791907638555834 0.20526478781605897 -0.37710825154395361 0.65461296633984434 2.3640519069331938 -0.16207412743728672 0.2947159724050446 -0.44157607452729769
leaf_weight=473 54 127 68 116 1208 45 89 377 262 409 97 162 141 190
leaf_count=473 54 127 68 116 1208 45 89 377 262 409 97 162 141 190
internal_value=-0.000377062 -0.00473799 0.00207277 0.00161789 0.00257263 -0.0108671 -0.00101636 -0.00250326 -0.000421875 0.00579914 0.00707407 0.0057223 0.00108553 -0.00625483
internal_weight=3818 1373 2445 2391 2133 518 855 766 639 925 809 712 303 258
internal_count=3818 1373 2445 2391 2133 518 855 766 639 925 809 712 303 258
is_linear=0
shrinkage=0.03


Tree=69
num_leaves=15
num_cat=0
split_feature=45 85 79 66 67 24 77 31 58 53 39 83 28 77
split_gain=40.9823 27.0325 19.4043 19.0542 18.214 19.1119 17.4191 16.1614 15.4374 18.0486 20.8045 20.1924 19.8645 16.0404
threshold=7.5000000000000009 -60.917475740114845 55.482541578946446 -50.870374560356133 448.47620174288755 32.500000000000007 -69.598561823368058 14.894243421052634 1553.4712911844256 10.500000000000002 1546.7600317339788 119.16864275932313 248.50000000000003 -149.14443445205686
decision_type=8 8 10 10 10 2 8 8 10 10 10 10 2 8
left_child=1 6 4 7 8 -6 -1 -3 9 10 11 12 -2 -12
right_child=2 3 -4 -5 5 -7 -8 -9 -10 -11 13 -13 -14 -15
leaf_value=-1.0796313659753543 0.037667565759727066 0.22981107706086157 -0.15597419223306946 -0.83109100919438184 3.5657294694311434 0.62768443806483709 -0.13061245632293497 -0.42648469309315229 -0.12743870097923707 0.36636709803134487 -0.41283975316042643 1.6216733221095694 0.72901009077077228 0.022878966493407649
leaf_weight=329 385 500 207 135 57 94 151 239 104 342 341 80 72 762
leaf_count=329 385 500 207 135 57 94 151 239 104 342 341 80 72 762
internal_value=-0.000331666 -0.00451661 0.00198773 -0.00137143 0.00280161 0.0128289 -0.0102287 0.000527027 0.00206996 0.00266263 0.00135283 0.00618959 0.00373362 -0.00100543
internal_weight=3798 1354 2444 874 2237 151 480 739 2086 1982 1640 537 457 1103
internal_count=3798 1354 2444 874 2237 151 480 739 2086 1982 1640 537 457 1103
is_linear=0
shrinkage=0.03


Tree=70
num_leaves=15
num_cat=0
split_feature=0 84 67 77 3 8 3 26 53 9 48 83 82 68
split_gain=45.3422 34.0531 28.2358 25.6501 27.2854 24.9612 33.6306 25.2322 19.8553 19.934 18.9973 17.7844 16.3239 16.2932
threshold=-20.499999999999996 80.779652158419296 -145.14775675629809 -291.74999999999994 14.708333333343036 4.6976593661439443 17.875000000000004 136.50000000000003 10.500000000000002 2490.0000000000005 -3.9152094523111978 -2.422505140304565 -23.599052131175991 -0.026461043131037788
decision_type=2 10 8 8 2 10 2 2 10 2 8 10 8 8
left_child=1 2 -1 11 -5 6 -6 8 9 10 -8 -2 -4 -14
right_child=3 -3 12 4 5 -7 7 -9 -10 -11 -12 -13 13 -15
leaf_value=-1.5306908137178845 -0.84410231769958455 0.5095275892741139 -1.0116221213123224 0.0024407312024916708 0.37172193072442761 1.4669248403398634 0.11584237978338265 0.53850425302554439 0.5909994178537854 0.7299562443260379 -0.9471577318164216 0.17781201468797084 0.39075441225349755 -0.31923723470187526
leaf_weight=203 111 147 148 1583 367 342 47 88 52 43 221 58 139 279
leaf_count=203 111 147 148 1583 367 342 47 88 52 43 221 58 139 279
internal_value=0.000125359 -0.00569248 -0.00822078 0.00195675 0.00265671 0.00614987 0.0032967 -0.00219027 -0.00568681 -0.00855769 -0.0115985 -0.00935294 -0.0047619 -0.00171838
internal_weight=3828 916 769 2912 2743 1160 818 451 363 311 268 169 566 418
internal_count=3828 916 769 2912 2743 1160 818 451 363 311 268 169 566 418
is_linear=0
shrinkage=0.03


Tree=71
num_leaves=15
num_cat=0
split_feature=0 9 74 0 81 45 83 48 17 40 27 80 67 29
split_gain=42.6019 31.1658 30.6189 29.2177 28.3277 26.5852 24.2118 22.563 21.7959 19.2753 22.6273 19.1255 16.8556 16.1953
threshold=75.500000000000014 390.00000000000006 243.3351795038416 355.00000000000006 3586.0762547254567 7.5000000000000009 92.910899281501784 148.2022386391958 35.000000000000007 442.6029663066966 0.93521849187316819 141.08551847934726 215.06761027384209 0.97071383900652208
decision_type=2 2 8 2 8 8 10 10 2 10 10 10 10 10
left_child=2 3 7 8 6 -6 -4 11 9 -2 -11 -1 -7 -3
right_child=1 13 4 -5 5 12 -8 -9 -10 10 -12 -13 -14 -15
leaf_value=0.21903184947496282 2.8835780787559098 -0.42075512245337771 0.044045743775724532 4.1503741757601089 -0.90974017376244987 -0.038487988505598099 1.4410028778195341 -1.064001035026074 0.018046540397188407 0.36684373653133817 1.7768226865456624 3.1508001164449899 -0.63625064411373333 0.52353614708036988
leaf_weight=326 67 211 187 89 655 1116 52 40 462 326 122 53 48 58
leaf_count=326 67 211 187 89 655 1116 52 40 462 326 122 53 48 58
internal_value=1.57356e-05 0.00433383 -0.00231235 0.00663543 -0.00381739 -0.00509341 0.005875 0.00507143 0.0051227 0.00936047 0.00708241 0.00734211 -0.0023691 -0.00477778
internal_weight=3812 1335 2477 1066 2058 1819 239 419 977 515 448 379 1164 269
internal_count=3812 1335 2477 1066 2058 1819 239 419 977 515 448 379 1164 269
is_linear=0
shrinkage=0.03


Tree=72
num_leaves=15
num_cat=0
split_feature=45 0 84 80 3 16 33 17 77 28 57 82 84 77
split_gain=42.8771 33.3906 31.6337 24.0873 26.8109 25.3493 21.636 20.7679 18.867 18.058 16.293 20.4729 15.742 22.0202
threshold=7.5000000000000009 86.500000000000014 53.129394690195731 43.877347111701972 20.458333333343038 22.500000000000004 9.1543831168831193 16.500000000000004 115.06792348623277 250.50000000000003 7.5000000000000009 2.2887285153071093 85.350084662437453 -165.26840126514432
decision_type=8 2 8 8 2 2 8 2 10 2 10 10 10 10
left_child=2 8 6 -3 5 7 -1 -5 9 12 11 -11 -2 -14
right_child=1 3 -4 4 -6 -7 -8 -9 -10 10 -12 -13 13 -15
leaf_value=-0.018785451606845562 -0.088038302033188159 -0.059438977460565492 0.00062818892299571156 -0.39033107842362619 3.6247700889938232 -0.49395805665004161 -0.97905519402178831 1.4203186745179215 -0.42507861240063444 0.28071981230603638 0.56653759987425278 -0.45297329380058088 1.1719007864578435 -0.095915678404091542
leaf_weight=206 1039 273 614 50 152 101 549 312 84 52 136 41 89 111
leaf_count=206 1039 273 614 50 152 101 549 312 84 52 136 41 89 111
internal_value=-0.000811024 0.00157313 -0.00505839 0.00620922 0.00949675 0.00588362 -0.00916667 0.00958678 -0.00108178 -0.000285909 0.00743478 -0.00223404 -0.00171774 0.00597015
internal_weight=3809 2440 1369 888 615 463 755 362 1552 1468 229 93 1239 200
internal_count=3809 2440 1369 888 615 463 755 362 1552 1468 229 93 1239 200
is_linear=0
shrinkage=0.03


Tree=73
num_leaves=15
num_cat=0
split_feature=0 83 83 60 67 67 70 81 62 27 79 25 15 73
split_gain=52.2673 29.1481 23.1577 29.9875 21.808 21.6675 21.2173 19.2914 17.6958 16.2023 13.8278 12.9281 14.6219 13.3544
threshold=77.500000000000014 5.2649759054183969 103.39340400695802 -77.695678949356065 279.5549707403988 221.01676688591641 0.90454545454545465 3671.723894476891 0.084306685549691188 0.93521849187316819 11.12752555072244 0.92907444668008055 38.500000000000007 4.885270595550538
decision_type=2 8 10 8 10 10 8 10 8 10 10 10 2 8
left_child=2 6 3 10 11 8 -2 -4 -3 -10 -1 12 13 -5
right_child=1 5 7 4 -6 -7 -8 -9 9 -11 -12 -13 -14 -15
leaf_value=-0.64783511234404079 0.94494050339417335 0.63598579730955918 1.3775779560350692 -0.65771247095425667 -0.65919491947219999 2.6793301005206458 -0.2107279387302477 0.023470099577705055 -0.35889951350508303 0.53351294750291567 -1.8040998593445066 0.054489139938092623 0.14320641923088726 -0.061464821933769988
leaf_weight=160 107 317 72 263 52 195 460 290 140 135 112 637 68 846
leaf_count=160 107 317 72 263 52 195 460 290 140 135 112 637 68 846
internal_value=-0.000140078 0.00460517 -0.00271092 -0.00389902 -0.00253883 0.00833756 -0.000580986 0.00429752 0.00546374 -0.000108696 -0.0131868 -0.00198347 -0.0038455 -0.00467568
internal_weight=3854 1354 2500 2138 1866 787 567 362 592 275 272 1814 1177 1109
internal_count=3854 1354 2500 2138 1866 787 567 362 592 275 272 1814 1177 1109
is_linear=0
shrinkage=0.03


Tree=74
num_leaves=15
num_cat=0
split_feature=67 81 3 53 3 3 85 70 77 73 82 75 24 77
split_gain=42.3337 28.9713 24.844 25.29 21.2955 17.3699 20.1775 18.8154 17.0139 14.2806 13.7706 20.5269 19.4051 14.5057
threshold=-188.17690091729165 1613.2379046678545 20.708333333343038 10.500000000000002 12.625000000000002 18.708333333343038 81.008234977722182 0.90454545454545465 -14.129018008708952 1.801839351654053 42.044564406077079 718.50471162796032 51.500000000000007 -95.138040244579301
decision_type=8 8 2 10 2 2 8 8 8 10 10 8 2 10
left_child=4 -2 5 9 -1 10 7 -7 -8 -4 -3 -12 13 -13
right_child=1 2 3 -5 -6 6 8 -9 -10 -11 11 12 -14 -15
leaf_value=0.14948089920963634 2.2182597752528448 -0.034272540353073269 -0.068843280895596728 3.1909614523492746 -2.0507505005985336 0.12824354099694288 -0.05696948616599537 -0.95524213651880452 1.8956374073135893 0.7377144908643557 0.74068668797280246 0.4738327111986535 -0.62682740846197671 -0.12963429880708816
leaf_weight=45 77 1861 225 144 152 69 85 191 43 41 186 423 111 174
leaf_count=45 77 1861 225 144 152 69 85 191 43 41 186 423 111 174
internal_value=2.3511e-05 0.000760121 0.000362971 0.00729927 -0.0134848 -0.000543893 -0.00647815 -0.0112644 0.00325581 0.00179775 0.000293904 0.00335196 0.00101551 0.00316054
internal_weight=3827 3630 3553 410 197 3143 388 260 128 266 2755 894 708 597
internal_count=3827 3630 3553 410 197 3143 388 260 128 266 2755 894 708 597
is_linear=0
shrinkage=0.03


Tree=75
num_leaves=15
num_cat=0
split_feature=0 11 28 80 52 64 63 82 40 65 7 39 3 82
split_gain=36.6519 45.3456 22.805 30.9255 25.7342 25.6365 28.4754 24.1606 20.1378 16.8336 18.5584 17.7996 16.4362 34.4875
threshold=252.50000000000003 210.00000000000003 217.50000000000003 -33.165536522865288 488.89654541015631 3.9136384184295703 260.57704613735513 106.90746714671455 865.09848269531187 0.82120367045437104 4965.4098579102001 1193.6626356383256 16.791666666656969 24.482953071594242
decision_type=2 2 2 8 10 10 10 10 10 8 8 10 2 10
left_child=2 -2 3 4 -1 6 7 -4 -3 -5 11 -11 -7 -14
right_child=1 8 5 9 -6 12 -8 -9 -10 10 -12 -13 13 -15
leaf_value=-0.85340518979522029 2.7179314622017854 0.1873143567580616 0.19617695326032894 1.1579240298714872 0.13581350306271583 -0.41702679635808054 -0.36112404317152669 2.0110051815025205 -0.71930200664438881 0.1235453907673677 0.47921972070930308 -0.13691419452768472 0.69716946157011173 -0.88188100513533196
leaf_weight=442 220 72 505 73 78 364 126 139 49 412 132 1053 106 73
leaf_count=442 220 72 505 73 78 364 126 139 49 412 132 1053 106 73
internal_value=0.000187256 0.0095614 -0.00072774 -0.00260155 -0.00898273 0.00239726 0.0059144 0.00846512 -0.00516393 -0.000610413 -0.00125782 -0.00223056 -0.00259191 0.00483333
internal_weight=3844 341 3503 2190 520 1313 770 644 121 1670 1597 1465 543 179
internal_count=3844 341 3503 2190 520 1313 770 644 121 1670 1597 1465 543 179
is_linear=0
shrinkage=0.03


Tree=76
num_leaves=15
num_cat=0
split_feature=0 67 67 81 13 3 82 74 79 82 42 41 74 24
split_gain=36.8107 32.2516 27.9413 23.8494 24.1618 23.7478 22.5873 26.571 18.0832 17.5123 14.4651 19.4814 14.1395 12.299
threshold=164.50000000000003 448.47620174288755 -188.17690091729165 1587.2678377628329 90.000000000000014 12.625000000000002 -35.277639567852013 1941.9917449914931 6.5968385050656284 -23.599052131175991 118.13134706020357 42.748956561088569 43.859234170522576 27.500000000000004
decision_type=2 10 8 8 8 2 8 10 10 8 10 8 8 2
left_child=2 6 5 -4 9 -1 -2 8 -8 -5 11 12 -6 -14
right_child=1 -3 3 4 10 -7 7 -9 -10 -11 -12 -13 13 -15
leaf_value=0.33751226852685168 -0.66456742977226901 2.6050356503622152 2.2865562027561479 -0.43365810457870152 0.42792220332184272 -2.0006191965785893 1.4303046059912015 -0.57571222894130936 0.30949405270954117 0.1267327219101439 -0.45403656527239983 0.039726364437236969 -0.43892063287863892 -0.27090693849211422
leaf_weight=40 88 126 43 176 77 140 144 60 263 983 247 594 241 611
leaf_count=40 88 126 43 176 77 140 144 60 263 983 247 594 241 611
internal_value=-0.000117371 0.00620235 -0.0014843 -0.000787084 -0.00111604 -0.0129282 0.00307554 0.00570513 0.00845588 0.00225 -0.00332016 -0.00222441 -0.00493548 -0.00604924
internal_weight=3833 681 3152 2972 2929 180 555 467 407 1159 1770 1523 929 852
internal_count=3833 681 3152 2972 2929 180 555 467 407 1159 1770 1523 929 852
is_linear=0
shrinkage=0.03


Tree=77
num_leaves=15
num_cat=0
split_feature=45 29 3 3 77 28 63 68 61 25 80 28 7 60
split_gain=30.1952 30.6164 16.3663 23.7741 23.05 31.9616 18.9641 17.9177 15.7128 15.5899 16.3405 15.2885 15.2675 12.6838
threshold=7.5000000000000009 0.90508639009516789 20.958333333343038 23.125000000000004 107.6919767856598 250.50000000000003 62.672141866545942 0.0685278732435365 0.014218126113415762 0.98346994535519128 -87.238682150840745 268.50000000000006 2652.3501136852851 187.40602767467502
decision_type=8 10 2 2 10 2 8 8 10 10 8 2 10 8
left_child=1 9 4 12 5 6 -2 -7 -6 10 -1 -5 -4 -14
right_child=2 -3 3 11 8 7 -8 -9 -10 -11 -12 -13 13 -15
leaf_value=-1.6840622567600907 -0.15634879582325734 0.0056354420182642426 -0.0053435032757690234 -0.47231272506984323 -0.022724505096247273 0.71561318796850948 0.036378601842917156 0.020727256313360965 -0.86642363371461928 0.19475615126068918 -0.47817554214009955 1.9253963947892134 0.77625353018554977 3.2945877290037444
leaf_weight=142 556 756 47 71 60 257 1048 174 60 61 385 40 70 83
leaf_count=142 556 756 47 71 60 257 1048 174 60 61 385 40 70 83
internal_value=-0.000220415 -0.00383643 0.00175111 0.00817308 0.000820965 0.00157662 -0.000373832 0.00881944 -0.0119008 -0.00896435 -0.010625 -0.00294643 0.0143284 0.0188961
internal_weight=3810 1344 2466 311 2155 2035 1604 431 120 588 527 111 200 153
internal_count=3810 1344 2466 311 2155 2035 1604 431 120 588 527 111 200 153
is_linear=0
shrinkage=0.03


Tree=78
num_leaves=15
num_cat=0
split_feature=29 48 81 83 53 60 65 26 43 39 65 26 37 29
split_gain=26.8932 22.27 24.4558 21.6922 18.5049 15.8174 13.7519 13.2702 17.2323 20.1827 13.9355 11.5364 11.8228 15.0943
threshold=0.90185482483802548 13.996713240941366 8655.1340399980563 119.16864275932313 10.500000000000002 -113.06775200366972 0.95564540507447104 138.50000000000003 172.26647293182302 1641.87575925176 0.86159407531670096 88.500000000000014 1861.6263809118288 0.88470400567174778
decision_type=10 8 10 10 10 10 10 2 10 10 10 2 10 10
left_child=1 2 5 4 7 -1 -5 -2 -9 -10 -11 -3 13 -13
right_child=3 11 -4 6 -6 -7 -8 8 9 10 -12 12 -14 -15
leaf_value=-0.43221692880268398 -0.087327495846416664 0.027026256299897605 -1.3314323757437081 1.2269786985532589 1.5580827343412054 -0.011467976137290612 -0.11740874476545567 0.86774443534192069 0.90749201775850863 0.73043387613892496 -0.68860032277601257 0.075271702167589175 -0.49686354052615611 -0.63645364112146097
leaf_weight=218 1337 503 177 192 222 366 56 119 54 82 137 154 76 113
leaf_count=218 1337 503 177 192 222 366 56 119 54 82 137 154 76 113
internal_value=-0.000614657 -0.00356343 -0.00728346 0.00154091 0.000476434 -0.00430769 0.00987952 -0.000572254 0.00427481 0.000109489 -0.00395455 -0.000212515 -0.00444767 -0.00145522
internal_weight=3806 1607 761 2199 1951 584 248 1729 392 273 219 846 343 267
internal_count=3806 1607 761 2199 1951 584 248 1729 392 273 219 846 343 267
is_linear=0
shrinkage=0.03


Tree=79
num_leaves=15
num_cat=0
split_feature=0 67 67 3 69 15 82 28 28 39 27 62 8 63
split_gain=41.07 23.0462 20.1552 24.4283 16.3956 16.8051 14.8756 14.7224 25.8692 18.1733 21.0992 19.3625 16.8437 28.4244
threshold=61.500000000000007 596.58559644527941 -184.14710521099093 12.625000000000002 144.92814611641825 38.500000000000007 -44.708956122398369 204.50000000000003 176.50000000000003 2710.6573875577938 0.9437410982750436 0.14579932736243373 4.3855941893514174 247.92815998648439
decision_type=2 10 8 2 10 2 10 2 2 10 10 8 10 8
left_child=2 7 3 -1 5 -4 -6 8 12 -9 11 -11 -2 -14
right_child=1 -3 4 -5 6 -7 -8 9 -10 10 -12 -13 13 -15
leaf_value=0.39969388694916302 -0.062499915836138911 2.3407791120386303 -0.057361199917202579 -1.6763553012817072 -0.6195458448670349 0.1869392112699412 -0.049129956389132479 0.70427519195947086 -0.79091515462996398 0.074831251269456375 2.2794699485041754 -1.1601195931914503 0.0045347611519517272 2.5326945007197237
leaf_weight=41 355 107 1823 140 84 155 91 401 143 170 55 73 115 74
leaf_count=41 355 107 1823 140 84 155 91 401 143 170 55 73 115 74
internal_value=-0.000289969 0.00359438 -0.00277516 -0.0123626 -0.00196379 -0.00118242 -0.0107386 0.00255227 -0.00056686 0.00561429 0 -0.00381148 0.00242202 0.00963158
internal_weight=3827 1493 2334 181 2153 1978 175 1386 687 699 298 243 544 189
internal_count=3827 1493 2334 181 2153 1978 175 1386 687 699 298 243 544 189
is_linear=0
shrinkage=0.03


Tree=80
num_leaves=15
num_cat=0
split_feature=0 76 84 60 0 16 77 28 4 3 28 51 60 49
split_gain=41.3663 30.9748 28.6334 25.7924 18.1755 20.1257 16.9882 19.8302 16.9421 17.4344 13.3187 19.9551 18.7655 17.6151
threshold=255.00000000000003 -100.69896233081816 127.99255073070528 -107.04284620285033 355.00000000000006 8.5000000000000018 -144.97388792037961 204.50000000000003 8.5000000000000018 6.0416666666569663 208.50000000000003 492.57023358345037 545.25383734703075 10.500000000000002
decision_type=2 10 10 8 2 2 8 2 2 2 2 8 10 8
left_child=2 4 3 -1 5 -2 -4 -8 10 -10 11 12 -5 -12
right_child=1 -3 6 8 -6 -7 7 -9 9 -11 13 -13 -14 -15
leaf_value=-1.1966879749094166 2.9246839944666303 -0.13245154152005556 1.29146524160957 -0.28516001580283123 4.4488013784240774 -0.062710295077511663 -0.42773906537049883 1.2761319386679917 -0.176118975395226 0.2037377359455555 0.05339923196048213 0.075539893824823207 0.58811372959042996 -0.6662214770952164
leaf_weight=200 51 115 114 1155 87 79 99 71 152 542 844 153 78 133
leaf_count=200 51 115 114 1155 87 79 99 71 152 542 844 153 78 133
internal_value=-0.000379453 0.00972973 -0.00132976 -0.00212707 0.0163761 0.00916031 0.00778947 0.00175439 -0.00144212 0.00267626 -0.00265228 -0.00454218 -0.00581037 3.06748e-05
internal_weight=3873 332 3541 3257 217 130 284 170 3057 694 2363 1386 1233 977
internal_count=3873 332 3541 3257 217 130 284 170 3057 694 2363 1386 1233 977
is_linear=0
shrinkage=0.03


Tree=81
num_leaves=15
num_cat=0
split_feature=0 9 84 1 0 72 67 52 0 3 4 45 58 3
split_gain=32.9636 35.2481 27.7857 21.2363 19.4906 18.5764 17.58 16.7168 16.1399 16.54 15.4391 12.8867 12.7545 13.8394
threshold=255.00000000000003 270.00000000000006 85.350084662437453 686.95470333099377 -24.499999999999996 -34.147504806518548 -194.35756507515907 69.826359629631057 355.00000000000006 16.125000000000004 7.5000000000000009 10.500000000000002 1524.7034965753558 5.7916666666569663
decision_type=2 2 10 2 2 8 10 10 2 2 2 8 10 2
left_child=2 8 4 -3 7 6 -6 -1 9 -2 -4 -7 13 -13
right_child=1 3 10 -5 5 11 -8 -9 -10 -11 -12 12 -14 -15
leaf_value=-0.6987172435013832 -0.38694890260857023 0.20742962887414909 -0.029404629347315633 -0.67383461868364947 0.0013934941395460209 -0.1384925847739456 0.59743701026617757 -0.15587954662178458 4.3109464595304896 2.7008649791693453 0.92373668409659515 -0.031151342056746779 -0.052135351147520048 0.17752895430200019
leaf_weight=353 51 66 189 45 55 1634 46 368 91 76 297 141 80 341
leaf_count=353 51 66 189 45 55 1634 46 368 91 76 297 141 80 341
internal_value=0.000117371 0.00918182 -0.000736091 -0.00455357 -0.00180855 -0.000456919 0.0120588 -0.00610803 0.0161644 0.00914062 0.00591376 -0.00103778 0.00287744 0.0047205
internal_weight=3833 329 3504 111 3018 2297 101 721 218 127 486 2196 562 482
internal_count=3833 329 3504 111 3018 2297 101 721 218 127 486 2196 562 482
is_linear=0
shrinkage=0.03


Tree=82
num_leaves=15
num_cat=0
split_feature=0 80 15 83 67 77 29 3 31 77 68 3 45 39
split_gain=35.4298 24.8629 30.9862 22.0828 21.55 17.9104 15.8454 15.422 18.0528 15.6671 13.4096 16.9675 21.7041 19.7765
threshold=164.50000000000003 95.561455726623549 17.500000000000004 98.097891449928298 -157.29440929492313 -193.9720347523689 0.91389144142716827 11.125000000000002 20.91555555555556 -93.497821152210221 -0.015912462383346312 5.9583333333430355 7.5000000000000009 1695.4150407170443
decision_type=2 8 2 10 8 10 10 2 8 10 10 2 10 10
left_child=3 -2 6 4 -1 -5 -3 -7 9 -9 -6 -12 -13 -14
right_child=1 2 -4 5 10 7 -8 8 -10 -11 11 12 13 -15
leaf_value=-1.1761444941671013 -0.036463118549695819 -0.34060520993426718 3.0932290821366624 0.59347087725309378 -0.00095670698882547049 -0.58749369436860799 0.72668906573469461 0.30342662574893309 -0.2515917244233612 1.8472448760973543 -0.57513859926632072 -0.4798680867941893 0.47569473650188687 -0.17848058731893668
leaf_weight=209 273 76 148 144 1535 70 146 101 72 57 89 370 180 350
leaf_count=209 273 76 148 144 1535 70 146 101 72 57 89 370 180 350
internal_value=-0.000314054 0.00610248 0.011159 -0.00161422 -0.00262253 0.00458427 0.00403587 0.000398671 0.00415584 0.00981132 -0.00185347 -0.00457576 -0.00332963 0.000564972
internal_weight=3820 643 370 3177 2733 444 222 300 230 158 2524 989 900 530
internal_count=3820 643 370 3177 2733 444 222 300 230 158 2524 989 900 530
is_linear=0
shrinkage=0.03


Tree=83
num_leaves=15
num_cat=0
split_feature=0 80 74 70 67 42 81 70 46 41 26 62 42 77
split_gain=34.1099 25.5915 34.9862 22.7902 20.8347 17.7929 16.1297 18.6048 18.0991 16.862 23.147 15.5492 14.7852 13.397
threshold=164.50000000000003 95.561455726623549 2344.0097528876599 0.90454545454545465 -184.14710521099093 -208.83164739608762 8635.6329511404056 0.86190476190476206 690.00000000000011 40.624070882797248 138.50000000000003 -0.12141781434491902 79.46953129768373 -154.97655028104779
decision_type=2 8 10 10 8 8 10 8 10 10 2 10 10 10
left_child=4 3 -3 -2 13 -6 8 -8 -7 10 -9 -5 -11 -1
right_child=1 2 -4 11 5 6 7 9 -10 12 -12 -13 -14 -15
leaf_value=-0.27876613024989538 1.2440547062320453 1.7777886580200553 -0.44664425250328188 0.46850510376713966 1.7058014290158754 0.10453144204543577 0.07205674898325852 -0.82598989198725759 -0.043056439336103557 0.66790414306424351 0.46003019011838109 -0.70429019063596698 -0.43932168204349004 -1.6746289096305327
leaf_weight=103 78 321 46 40 51 594 85 255 1808 74 40 152 108 71
leaf_count=103 78 321 46 40 51 594 85 255 1808 74 40 152 108 71
internal_value=1.56781e-05 0.00634796 0.0114946 -0.000664207 -0.00125078 -0.000666446 -0.000971332 -0.00554174 9.98752e-05 -0.00784519 -0.0122635 -0.00621762 -0.000655738 -0.0113143
internal_weight=3826 637 367 270 3189 3015 2964 562 2402 477 295 192 182 174
internal_count=3826 637 367 270 3189 3015 2964 562 2402 477 295 192 182 174
is_linear=0
shrinkage=0.03


Tree=84
num_leaves=15
num_cat=0
split_feature=67 0 39 80 30 60 81 28 41 4 28 37 77 3
split_gain=30.0989 23.371 20.7157 20.7118 19.723 24.332 19.4715 18.8389 17.0615 15.733 16.2626 15.2879 14.6333 19.4153
threshold=596.58559644527941 -25.499999999999996 2160.097873081073 -126.84077084064482 16.150000000000002 -37.095265030860894 1587.2678377628329 271.50000000000006 -118.02781558036803 8.5000000000000018 177.50000000000003 1838.7636495103168 -289.75356954336161 15.125000000000002
decision_type=10 2 10 8 10 8 8 2 8 2 2 8 8 2
left_child=1 2 3 -1 5 -4 -3 9 -8 11 -11 -5 -10 -14
right_child=-2 6 4 7 -6 -7 8 -9 12 10 -12 -13 13 -15
leaf_value=-1.2595760057462471 2.1342238139492915 1.9557594043699511 -1.0498314282161374 -0.13670908067437834 -1.5357056895884011 0.43456740731549537 2.0660087684519017 0.72343252701940208 -0.37574353155485818 0.93447385348065515 -0.24899371602006254 -1.019719954972345 -0.038180318890983354 0.15461035687794095
leaf_weight=75 122 54 76 307 135 73 53 64 192 60 55 40 1537 1035
leaf_count=75 122 54 76 307 135 73 53 64 192 60 55 40 1537 1035
internal_value=3.09358e-05 -0.000447165 -0.00470655 -0.00154485 -0.0113684 -0.0038 0.000866992 0.00056926 0.000521647 -0.00155508 0.00801724 -0.00474138 0.000195298 0.000792849
internal_weight=3878 3756 885 601 284 149 2871 526 2817 462 115 347 2764 2572
internal_count=3878 3756 885 601 284 149 2871 526 2817 462 115 347 2764 2572
is_linear=0
shrinkage=0.03


Tree=85
num_leaves=15
num_cat=0
split_feature=45 3 67 77 70 84 26 67 63 62 3 26 32 36
split_gain=29.17 20.7682 27.0242 18.9748 21.8487 19.3526 19.3458 18.2844 21.8299 18.1833 20.0634 17.4264 15.6359 14.6077
threshold=7.5000000000000009 5.8750000000000009 448.47620174288755 -241.54876583814618 0.65686274509803932 27.087720115979518 103.50000000000001 56.777191337786313 306.44437496297309 -0.21841738588089057 8.7083333333430364 61.500000000000007 0.17712418300653598 0.080322580645161304
decision_type=8 2 10 8 10 10 2 8 8 10 2 2 10 10
left_child=9 13 3 4 -3 -6 -5 -8 -9 11 12 -1 -11 -2
right_child=1 2 -4 6 5 -7 7 8 -10 10 -12 -13 -14 -15
leaf_value=-0.26648492915357508 0.014432551488974994 0.20214295207852309 1.8607452110252609 0.016180570249781475 -0.70114947762073276 0.066924295476447584 -0.10673258949249539 1.3841204003046039 0.018052038791453152 -0.43071089227055226 -0.53963272916083804 0.30693737513882496 0.6717105963701544 -0.39049117536724876
leaf_weight=108 92 65 144 1002 164 82 176 343 175 62 826 272 112 219
leaf_count=108 92 65 144 1002 164 82 176 343 175 62 826 272 112 219
internal_value=-0.000202966 0.00175396 0.00280204 0.00189741 -0.00490385 -0.00898785 0.00314673 0.00699281 0.00982659 -0.00369298 -0.00581419 0.00188976 0.00342857 -0.00548077
internal_weight=3842 2462 2151 2007 311 246 1696 694 518 1380 1000 380 174 311
internal_count=3842 2462 2151 2007 311 246 1696 694 518 1380 1000 380 174 311
is_linear=0
shrinkage=0.03


Tree=86
num_leaves=15
num_cat=0
split_feature=45 29 81 0 57 13 39 15 14 65 82 15 81 16
split_gain=36.5536 25.4419 24.9357 25.6229 16.2348 15.9165 15.7688 15.6443 15.1182 14.2367 13.2169 15.2535 13.1912 12.7258
threshold=7.5000000000000009 0.89763239002521722 1587.2678377628329 362.50000000000006 6.5000000000000009 90.000000000000014 2364.198827776172 14.500000000000002 370.78215971817662 1.1735353986299786 -39.674277702967323 4.5000000000000009 8655.1340399980563 9.5000000000000018
decision_type=8 10 8 2 10 8 10 2 10 10 8 2 8 2
left_child=1 4 -2 5 -1 6 -4 -5 -8 -7 -6 -12 13 -13
right_child=2 -3 3 7 10 9 8 -9 -10 -11 11 12 -14 -15
leaf_value=0.065738468658101915 2.1233227556704311 -0.08491471743065887 0.39102996819459318 0.30485616658134906 -1.3331203481767027 -0.019828815850134397 -0.26756815510206833 3.2932205659600027 0.21545891713046336 -1.1964473414041676 0.12482474718575511 0.99742496759216492 -2.1456108040665067 -1.5142950884975925
leaf_weight=95 51 845 526 43 166 1299 266 61 191 48 68 41 82 45
leaf_count=95 51 845 526 43 166 1299 266 61 191 48 68 41 82 45
internal_value=-0.000211599 -0.00419955 0.00194288 0.00150308 -0.00957831 0.000849421 0.00375 0.016 -0.000327511 -0.00126855 -0.0122084 -0.00759494 -0.012426 -0.00413793
internal_weight=3827 1342 2485 2434 497 2330 983 104 457 1347 402 236 168 86
internal_count=3827 1342 2485 2434 497 2330 983 104 457 1347 402 236 168 86
is_linear=0
shrinkage=0.03


Tree=87
num_leaves=15
num_cat=0
split_feature=60 67 4 83 81 83 77 77 41 85 43 77 28 51
split_gain=32.9676 24.4856 21.9613 17.9347 18.774 18.9519 17.5593 13.8002 14.9377 13.4922 13.2416 12.952 12.4976 11.897
threshold=-77.695678949356065 596.58559644527941 8.5000000000000018 4.2720547914505014 4792.6585782766351 94.882938146591201 -289.75356954336161 -204.02106446027753 -6.4031927585601798 -54.293093601862587 623.18503463623563 -84.791746497154222 198.50000000000003 5.5386700630187997
decision_type=8 10 2 10 10 10 8 10 10 8 10 8 2 10
left_child=10 2 3 6 5 -5 12 -6 -9 -4 11 -1 -2 -10
right_child=1 -3 9 4 7 -7 -8 8 13 -11 -12 -13 -14 -15
leaf_value=-0.92587148682253251 -1.1195755097235267 1.8331118667774295 0.68258121744013311 0.16746712419574086 0.50129470747291716 1.2973772822704714 -0.068543183511924649 -1.0841473322616972 -0.12781853074688643 0.12980634096401844 -1.2363362133951725 0.49746427439291524 -0.23904622638442008 1.264077552723158
leaf_weight=104 79 123 86 180 109 114 1759 117 201 665 164 52 56 51
leaf_count=104 79 123 86 180 109 114 1759 117 201 665 164 52 56 51
internal_value=-0.00013986 0.000694719 0.000219427 -0.00105737 0.00279431 0.00874576 -0.00262797 -0.000876827 -0.00364865 0.00474734 -0.00934579 -0.00305732 -0.0130147 0.000474308
internal_weight=3860 3540 3417 2666 772 294 1894 478 369 751 320 156 135 252
internal_count=3860 3540 3417 2666 772 294 1894 478 369 751 320 156 135 252
is_linear=0
shrinkage=0.03


Tree=88
num_leaves=15
num_cat=0
split_feature=80 81 65 24 28 53 36 17 3 3 17 17 67 78
split_gain=25.0275 25.1152 24.4256 24.2718 22.4863 29.0973 21.6685 18.8558 17.9583 17.2203 20.5959 31.0523 15.8701 17.8499
threshold=-20.287330508232113 3259.223057866097 0.82120367045437104 33.500000000000007 217.50000000000003 11.500000000000002 0.15638586956521741 21.500000000000004 17.291666666656969 1.5416666666569656 24.500000000000004 26.500000000000004 -188.17690091729165 0.70833333333333337
decision_type=8 8 8 2 2 10 8 2 2 2 2 2 8 8
left_child=4 7 3 -3 5 8 -6 -2 -1 -4 -11 -12 -13 -14
right_child=1 2 9 -5 6 -7 -8 -9 -10 10 11 12 13 -15
leaf_value=-0.30139941274436027 2.1623031954407232 2.516384333403801 -0.22705784406904039 0.026947262412643197 1.0193346503675844 0.20261177075424047 -0.026104076766678617 0.1107067353199902 -1.1525382364668406 -0.17331212809232552 1.9439501113090056 -0.9013571252132242 -0.16069873525020184 0.11689625138610577
leaf_weight=308 93 79 162 96 47 54 289 117 234 537 102 106 332 1243
leaf_count=308 93 79 162 96 47 54 289 117 234 537 102 106 332 1243
internal_value=2.36842e-05 0.00141213 0.000620767 0.0114205 -0.00424437 -0.00773869 0.00195846 0.0113744 -0.00983425 -0.000144986 0.000517019 0.00206839 0.00108799 0.00184645
internal_weight=3799 2867 2657 175 932 596 336 210 542 2482 2320 1783 1681 1575
internal_count=3799 2867 2657 175 932 596 336 210 542 2482 2320 1783 1681 1575
is_linear=0
shrinkage=0.03


Tree=89
num_leaves=15
num_cat=0
split_feature=0 8 81 80 81 64 4 52 43 58 26 82 81 62
split_gain=33.8766 27.0052 26.998 21.7865 20.0474 18.2264 17.6837 17.5095 24.0405 18.7189 16.8064 15.3416 20.4688 14.9352
threshold=77.500000000000014 4.4673222072876362 1546.7510825395586 31.535599708557132 8655.1340399980563 4.2851443425489268 8.5000000000000018 137.04072868824008 535.81628550991888 1320.9165353775027 128.50000000000003 -58.568741202354424 7444.1175299882898 -0.11362107349295415
decision_type=2 10 8 8 8 10 2 8 10 10 2 10 10 8
left_child=4 2 -2 -3 6 13 11 8 10 -9 -6 12 -1 -4
right_child=1 3 5 -5 7 -7 -8 9 -10 -11 -12 -13 -14 -15
leaf_value=-0.97632674569769051 2.0583581664460757 -0.18375416040577422 0.65217272364651846 1.6705465322038688 -0.4986747601202064 1.4004136080823109 0.28502119034699613 0.015022639470441194 -0.88418342418815798 -0.22607763781533585 0.23095767645343701 0.052986887704920806 0.22289884722367759 -0.15895852746386802
leaf_weight=156 43 100 73 356 370 92 356 420 152 121 118 753 59 660
leaf_count=156 43 100 73 356 370 92 356 420 152 121 118 753 59 660
internal_value=0.000195822 0.00407547 0.000966628 0.00997812 -0.00185555 -0.000254237 0.000679245 -0.00469543 -0.00804992 -0.000719557 -0.00478528 -0.00142415 -0.00847222 -0.00183924
internal_weight=3829 1324 868 456 2505 825 1324 1181 640 541 488 968 215 733
internal_count=3829 1324 868 456 2505 825 1324 1181 640 541 488 968 215 733
is_linear=0
shrinkage=0.03


Tree=90
num_leaves=15
num_cat=0
split_feature=81 3 81 0 41 60 80 1 77 65 3 4 75 76
split_gain=27.1918 22.9037 20.2441 16.6747 22.231 17.613 21.8041 16.4931 15.9004 15.4412 22.3161 23.19 15.0233 17.1747
threshold=1587.2678377628329 20.541666666656969 58337.763437628753 -23.499999999999996 -118.02781558036803 -80.202543616294847 -71.240303993225083 628.91311836242687 115.06792348623277 1.0578302872363379 23.125000000000004 7.5000000000000009 630.76576876640331 432.97974550724035
decision_type=8 2 8 2 8 10 8 2 10 10 2 2 8 10
left_child=-1 3 9 5 -5 12 -7 -8 -6 10 11 -3 13 -2
right_child=1 2 -4 4 8 6 7 -9 -10 -11 -12 -13 -14 -15
leaf_value=1.7350258168744279 -0.31595766973736727 -0.080865450274320155 1.5693755142100991 1.7585948456139966 -0.0027870456927927122 -0.94884801854976331 0.70658391906547202 0.0079455974137666273 -0.3461392674277457 -0.86369356918350682 -0.77187805607654003 2.0697243454761947 -0.82775124681341095 0.93192580224260568
leaf_weight=74 81 107 116 54 2290 65 49 193 132 46 64 123 360 40
leaf_count=74 81 107 116 54 2290 65 49 193 132 46 64 123 360 40
internal_value=-0.000284585 -0.000644988 0.00564551 -0.00152527 -0.000314897 -0.00532319 0.000292208 0.00444444 -0.000742881 0.00193548 0.00447458 0.00883117 -0.00890041 0.000245902
internal_weight=3794 3720 456 3264 2476 788 307 242 2422 340 294 230 481 121
internal_count=3794 3720 456 3264 2476 788 307 242 2422 340 294 230 481 121
is_linear=0
shrinkage=0.03


Tree=91
num_leaves=15
num_cat=0
split_feature=81 0 76 67 60 7 77 35 56 28 28 63 76 16
split_gain=21.974 21.5525 25.6696 17.7559 16.4965 15.8811 14.8285 13.0395 12.3136 10.8763 29.2966 24.0395 21.2862 15.115
threshold=1587.2678377628329 304.50000000000006 -71.801445722579942 -239.93171453448676 713.92004549503338 5123.2697457641034 60.856666743755348 13.620668859649124 -192.69682474931079 208.50000000000003 183.50000000000003 247.92815998648439 255.07023596763614 4.5000000000000009
decision_type=8 2 10 8 10 10 10 8 8 2 2 10 8 2
left_child=-1 3 7 -2 5 8 -7 -3 -5 10 -10 12 -11 -14
right_child=1 2 -4 4 -6 6 -8 -9 9 11 -12 -13 13 -15
leaf_value=1.7620299629068039 -1.5341642356470517 0.90511539718268275 -0.2233184196562403 1.7370011370451193 0.69356961030966835 0.8830413186718471 -0.18110325793712184 3.7396219692349546 -0.060863410895687052 0.78985830691627723 -0.66791305325047512 -0.4903752722391474 0.49007229982034017 -0.02362064517885273
leaf_weight=65 97 56 68 40 123 129 43 78 1532 96 351 207 161 800
leaf_count=65 97 56 68 40 123 129 43 78 1532 96 351 207 161 800
internal_value=-0.000343125 -0.000642517 0.008867 -0.00118156 -0.000826873 -0.00122321 0.00763006 0.0164444 -0.00170326 -0.0019155 -0.00335987 0.000237154 0.00206994 0.000717256
internal_weight=3846 3781 202 3579 3482 3359 172 134 3187 3147 1883 1264 1057 961
internal_count=3846 3781 202 3579 3482 3359 172 134 3187 3147 1883 1264 1057 961
is_linear=0
shrinkage=0.03


Tree=92
num_leaves=15
num_cat=0
split_feature=53 78 3 34 80 30 83 60 49 70 36 30 60 27
split_gain=21.6636 23.6369 18.1822 22.4069 20.0162 18.5509 17.5031 19.8716 17.7482 16.5051 16.3339 15.8332 15.1562 15.6505
threshold=7.5000000000000009 0.70833333333333337 6.0416666666569663 0.044466403162055343 33.236309289932258 56.350000000000001 -11.965709447860716 11.203838229179384 7.5000000000000009 0.92582417582417598 0.16936114732724905 21.250000000000004 96.357080817222609 0.93239979109544346
decision_type=8 8 2 10 8 10 8 10 10 8 8 10 8 10
left_child=6 -2 3 -3 10 12 8 -8 -1 -5 -4 -12 13 -6
right_child=1 2 4 9 5 -7 7 -9 -10 -11 11 -13 -14 -15
leaf_value=-0.070182193748539012 -0.10950028332696511 0.025447913207571331 0.2662973911167994 -0.50585025840463971 0.35432346128033615 -0.22320500869144716 -0.21934202674084682 0.27748951026408619 -0.73781823424344672 -0.097491798660425663 0.031006954008572563 -0.43356689946024346 1.1137191148867418 -0.18687129488300058
leaf_weight=242 377 102 109 75 281 40 614 242 359 156 346 121 623 107
leaf_count=242 377 102 109 75 281 40 614 242 359 156 346 121 623 107
internal_value=-0.000237154 0.00155261 0.00287608 -0.00350299 0.00418305 0.00664449 -0.003107 -0.000350058 -0.00702658 -0.00866379 -0.000311958 -0.00275641 0.00744071 0.00277635
internal_weight=3794 2337 1960 333 1627 1051 1457 856 601 231 576 467 1011 388
internal_count=3794 2337 1960 333 1627 1051 1457 856 601 231 576 467 1011 388
is_linear=0
shrinkage=0.03


Tree=93
num_leaves=15
num_cat=0
split_feature=80 65 57 28 67 64 8 39 71 56 14 60 64 68
split_gain=21.5373 20.2884 17.9086 22.5998 17.8624 15.2255 14.9981 16.1463 22.0831 19.3949 17.3598 15.6317 13.7987 13.2001
threshold=-65.404178261756883 0.81686705494914091 4.5000000000000009 221.50000000000003 -188.17690091729165 4.2023019591365616 7.6095631558242802 1561.5185058257553 13.500000000000002 293.45490034421289 726.86574003316889 inf 6.5219206351290975 0.013407940549422867
decision_type=8 8 10 2 8 10 10 10 8 10 8 8 10 10
left_child=2 5 -1 -4 -3 -2 7 9 12 11 -10 -6 -9 -13
right_child=1 4 3 -5 6 -7 -8 8 10 -11 -12 13 -14 -15
leaf_value=0.24989825089012754 0.38786287742957198 -0.83097021038156837 -0.97632595776608022 0.023657199431720032 0.31263088858984234 3.2595467410477368 0.83952961276438487 -0.13011039928717547 0.014517910189569277 -0.83744613172302784 0.95559669552376714 0.066645577333723838 -1.3033457134297508 -0.65609762847756758
leaf_weight=111 157 140 317 193 777 52 83 878 562 52 99 275 59 66
leaf_count=111 157 140 317 193 777 52 83 878 562 52 99 275 59 66
internal_value=-0.000149137 0.000843486 -0.00525723 -0.00763209 0.000210561 0.00985714 0.000725806 0.000346696 -0.00161351 0.00302306 0.00258308 0.00386059 -0.00457356 -0.00149123
internal_weight=3821 3200 621 510 2991 209 2851 2768 1598 1170 661 1118 937 341
internal_count=3821 3200 621 510 2991 209 2851 2768 1598 1170 661 1118 937 341
is_linear=0
shrinkage=0.03


Tree=94
num_leaves=15
num_cat=0
split_feature=0 81 9 42 60 80 28 31 8 55 41 3 17 0
split_gain=29.5694 31.9826 26.92 20.5744 25.8962 11.0608 20.3315 16.1252 16.0314 19.1551 14.964 13.9299 13.3411 12.8772
threshold=304.50000000000006 1587.2678377628329 270.00000000000006 -257.1919234991073 -113.06775200366972 -20.287330508232113 235.50000000000003 17.101785714285722 1.8241177208404886 1.0000000180025095e-35 -94.766748785972581 9.2916666666569672 24.500000000000004 82.500000000000014
decision_type=2 8 2 8 8 8 2 10 10 10 8 2 2 2
left_child=1 -1 -2 -3 -5 6 8 10 -6 -10 -7 -11 -8 -9
right_child=2 3 -4 4 5 7 12 13 9 11 -12 -13 -14 -15
leaf_value=1.7879939831933382 2.6830782396883879 2.4872396619555048 -0.24063620587350354 -0.88984553722719351 -1.0338920209086737 0.70313921109317878 -0.4065875334375556 -0.20390892465903498 0.1336904110841268 0.67165863569831541 0.015578500291503055 -0.88007924102289004 0.32287908495763556 0.12664226576776155
leaf_weight=68 149 44 70 179 105 143 88 490 116 41 1658 304 149 242
leaf_count=68 149 44 70 179 105 143 88 490 116 41 1658 304 149 242
internal_value=-0.0004523 -0.00109978 0.0102273 -0.00149157 -0.00174915 -0.00115073 -0.00421642 -0.000177585 -0.00730159 -0.00487013 0.0013485 -0.0084104 0.00315126 -0.00392906
internal_weight=3846 3627 219 3559 3515 3336 803 2533 566 461 1801 345 237 732
internal_count=3846 3627 219 3559 3515 3336 803 2533 566 461 1801 345 237 732
is_linear=0
shrinkage=0.03


Tree=95
num_leaves=15
num_cat=0
split_feature=0 76 81 65 28 8 82 62 59 3 70 62 64 0
split_gain=27.373 34.0671 19.2319 15.7303 15.3371 23.52 22.2743 20.0195 18.8096 18.3161 19.0446 16.2567 31.4145 17.1761
threshold=304.50000000000006 -85.565303683280931 1546.7510825395586 1.1735353986299786 208.50000000000003 4.1507830371045387 43.433822194735221 0.21978851306924133 117.52777552604677 6.0416666666569663 0.93095238095238109 0.16652740172698458 3.8792191999208128 -31.499999999999996
decision_type=2 10 8 10 2 8 8 10 8 2 10 10 8 2
left_child=2 -2 -1 4 5 6 -4 9 -8 10 -6 12 -7 -14
right_child=1 -3 3 -5 7 11 8 -9 -10 -11 -12 -13 13 -15
leaf_value=1.8366901826375124 2.5606524763569904 -0.23728335147202534 -0.64756427381200055 -0.7222248039508955 -0.3308168228125381 -0.77479349924345031 -0.33371061863062412 -0.52565712745295257 0.15977470369238098 0.21487215904564591 0.099022816700737329 0.7868241726275168 -0.56801752794829241 0.10853699451000724
leaf_weight=49 155 70 477 153 80 87 449 121 205 1086 91 127 152 491
leaf_count=49 155 70 477 153 80 87 449 121 205 1086 91 127 152 491
internal_value=-0.000434897 0.00969027 -0.00107593 -0.00133807 -0.000908821 -0.00259427 -0.00543286 0.00152284 -0.00183206 0.00264706 -0.00645349 0.00115385 -0.000574555 0.0017236
internal_weight=3793 225 3568 3519 3366 1988 1131 1378 654 1257 171 857 730 643
internal_count=3793 225 3568 3519 3366 1988 1131 1378 654 1257 171 857 730 643
is_linear=0
shrinkage=0.03


Tree=96
num_leaves=15
num_cat=0
split_feature=0 7 84 67 3 15 82 15 67 67 39 77 39 39
split_gain=27.0943 21.4451 17.8423 18.5418 17.6971 18.1715 18.2592 16.0698 18.0931 15.9851 15.4238 16.4941 13.9733 17.5608
threshold=75.500000000000014 4484.0249221317981 88.188659906387343 -239.93171453448676 2.9583333333430351 1.0000000180025095e-35 94.87326687574388 30.500000000000004 448.47620174288755 265.47515840963888 3831.1253502504796 -149.14443445205686 3122.1144633354111 689.5336171858828
decision_type=2 10 10 8 2 2 8 2 10 10 10 10 10 10
left_child=2 4 3 -1 -2 -6 7 8 -7 -5 11 -8 13 -4
right_child=1 -3 12 9 5 6 10 -9 -10 -11 -12 -13 -14 -15
leaf_value=-1.998580571826952 -0.80381916026475031 1.347054509633939 -0.50543787218449954 -0.058632841565529996 -0.50114153584724841 -0.23822835624035818 0.14098043538495736 0.68886139775272492 1.0769644249249228 -0.6897418351147041 -0.074428077785382116 1.6909025218967375 -0.35546784239156387 0.61082182587362577
leaf_weight=69 53 138 40 2034 122 385 168 69 51 45 93 224 43 252
leaf_count=69 53 138 40 2034 122 385 168 69 51 45 93 224 43 252
internal_value=-0.000396092 0.00310583 -0.0022343 -0.00323872 0.0017753 0.0025876 0.00393542 -5.92885e-05 -0.0021968 -0.00272596 0.00808642 0.010687 0.00419643 0.0065529
internal_weight=3786 1303 2483 2148 1165 1112 990 505 436 2079 485 392 335 292
internal_count=3786 1303 2483 2148 1165 1112 990 505 436 2079 485 392 335 292
is_linear=0
shrinkage=0.03


Tree=97
num_leaves=15
num_cat=0
split_feature=0 76 4 67 13 80 16 64 3 28 33 35 3 29
split_gain=25.7039 33.6454 18.4201 26.9119 15.0603 14.1253 14.4351 12.9297 24.8802 11.2542 12.9331 15.1729 13.603 11.831
threshold=304.50000000000006 -85.565303683280931 8.5000000000000018 -239.93171453448676 90.000000000000014 5.8047277927398691 34.500000000000007 5.505979718076019 15.625000000000002 290.50000000000006 14.256776556776559 14.61977878985036 10.291666666656967 0.8649477698557454
decision_type=2 10 2 8 10 8 2 10 2 2 10 10 2 10
left_child=2 -2 3 -1 5 6 -5 -6 -9 10 12 -12 -4 -13
right_child=1 -3 9 4 7 -7 -8 8 -10 -11 11 13 -14 -15
leaf_value=-2.5981673282236999 2.8858360173174167 -0.22644525277014826 -0.015208384655737745 -0.074870294266029036 -0.11538195187951798 0.16712620381848295 -0.94868348531897251 -1.4305229906875123 0.072001559662169187 0.3902338245589787 -0.80226428277825412 -0.36146259296423211 0.81196058217939038 0.17766292304629569
leaf_weight=61 153 74 171 248 1552 713 41 99 56 132 76 58 235 182
leaf_count=61 153 74 171 248 1552 713 41 99 56 132 76 58 235 182
internal_value=-0.000428349 0.00934211 -0.00104276 -0.00223024 -0.00178229 0.00113659 -0.00444828 -0.00349532 -0.0117308 0.00280702 0.0013278 -0.00321767 0.00486486 0.000497925
internal_weight=3851 227 3624 2770 2709 1002 289 1707 155 854 722 316 406 240
internal_count=3851 227 3624 2770 2709 1002 289 1707 155 854 722 316 406 240
is_linear=0
shrinkage=0.03


Tree=98
num_leaves=15
num_cat=0
split_feature=0 80 3 16 83 81 28 28 69 85 3 66 42 80
split_gain=29.9471 21.7973 21.6704 22.9463 16.6697 19.5237 14.1836 19.9323 23.2894 15.0446 12.6411 12.5539 13.143 12.4394
threshold=75.500000000000014 99.379082083702102 19.708333333343038 22.500000000000004 100.86936461925508 3806.2279412746434 258.50000000000006 485.00000000000006 75.683334668537995 -104.35373508930205 22.041666666656969 220.67688810825351 -112.9021781682968 64.490866184234633
decision_type=2 8 2 2 10 10 2 2 8 10 2 10 8 10
left_child=4 -2 3 -3 6 -6 11 8 9 -8 -4 12 13 -1
right_child=1 2 10 -5 5 -7 7 -9 -10 -11 -12 -13 -14 -15
leaf_value=-0.36690480211056631 -0.03924579038841685 0.61491456461118288 2.9260897480714578 -0.3411965947125884 0.99458611949432374 -0.0086363277933382675 0.68353715020522754 -1.2166451736229686 -0.054824326756474022 0.0106153450773715 1.0206038889931164 -0.56252055614297725 -0.098388482572179609 -1.123109343382559
leaf_weight=198 622 431 84 114 78 274 141 57 143 93 99 115 1366 42
leaf_count=198 622 431 84 114 78 274 141 57 143 93 99 115 1366 42
internal_value=-0.000536547 0.0030644 0.00658436 0.00357143 -0.00247608 0.00356941 -0.00346475 0.00137931 0.00388889 0.00970213 0.0154891 -0.00468641 -0.00399502 -0.0104564
internal_weight=3857 1350 728 545 2507 352 2155 434 377 234 183 1721 1606 240
internal_count=3857 1350 728 545 2507 352 2155 434 377 234 183 1721 1606 240
is_linear=0
shrinkage=0.03


Tree=99
num_leaves=15
num_cat=0
split_feature=3 6 79 84 60 85 27 64 34 3 64 26 79 85
split_gain=22.0915 18.4987 18.2553 19.2177 23.9992 15.1603 14.4823 13.923 13.7626 17.7111 12.8089 12.6587 14.6199 17.2333
threshold=20.458333333343038 690.00000000000011 18.255438690447829 30.259966611862186 288.3193114995957 -69.510727941989884 0.91064169570267139 4.2160246989409629 0.17089216944801031 9.2916666666569672 5.4922653051896706 61.500000000000007 14.330282322299132 -106.22165739536284
decision_type=2 10 10 8 8 8 10 8 8 2 10 2 10 8
left_child=1 5 3 4 -2 -1 8 -7 -3 -10 -9 -8 13 -13
right_child=2 6 -4 -5 -6 7 11 10 9 -11 -12 12 -14 -15
leaf_value=-0.28619294283296148 -0.6375286653548754 -0.0098006834596739614 -0.20119275784773205 1.5048263539789819 2.2937281360987454 -0.063803910062742664 -0.37874702219904272 0.32393917237757186 -0.00025678216648471457 -0.44700981763556741 -0.10200145292311949 0.7155330155440951 0.36745864674694217 -0.13657968936610018
leaf_weight=204 120 309 110 210 54 361 110 604 182 527 127 80 245 581
leaf_count=204 120 309 110 210 54 361 110 604 182 527 127 80 245 581
internal_value=-0.000580392 -0.00145902 0.00533333 0.00841558 0.00102857 0.00134156 -0.00324324 0.00274474 -0.00577036 -0.00807042 0.00512295 -0.000707965 0.000463065 -0.00185801
internal_weight=3824 3330 494 384 174 1296 2034 1092 1018 709 731 1016 906 661
internal_count=3824 3330 494 384 174 1296 2034 1092 1018 709 731 1016 906 661
is_linear=0
shrinkage=0.03


Tree=100
num_leaves=15
num_cat=0
split_feature=67 4 67 37 83 15 69 81 28 70 63 28 45 77
split_gain=20.0313 18.686 20.5404 18.1434 17.7839 15.8414 15.7357 15.4788 14.8624 19.6666 18.7888 17.2586 15.7869 13.1065
threshold=448.47620174288755 8.5000000000000018 111.62155800395549 1803.3368213590277 -359.24796485900873 28.500000000000004 13.934095746863351 3418.1595023870473 208.50000000000003 0.75735294117647067 232.28841183114147 132.50000000000003 15.500000000000002 -154.97655028104779
decision_type=10 2 8 10 8 2 10 8 2 10 10 2 8 10
left_child=1 2 3 5 -4 7 -7 -1 9 11 12 -6 -10 -3
right_child=-2 13 4 -5 8 6 -8 -9 10 -11 -12 -13 -14 -15
leaf_value=1.15820623951264 1.3237821813981729 -0.0056308680883803437 -0.8178755865017362 -0.97623597843586252 -0.024479961422022807 -0.17842145175344726 0.42545115803961037 -0.66585192759560718 0.42111441859952059 -0.20938042733893714 -0.16049774530361588 0.4114907127000898 -0.22347868305749397 0.51996282484774858
leaf_weight=43 177 449 53 211 389 213 62 278 508 619 209 186 44 377
leaf_count=43 177 449 53 211 389 213 62 278 508 619 209 186 44 377
internal_value=-0.000219953 -0.000700165 -0.00186435 -0.00590347 -0.000238925 -0.00321608 0.00206522 -0.00773292 0.000230061 -0.00185774 0.00350394 0.00213542 0.00640145 0.00326481
internal_weight=3818 3641 2815 807 2008 596 275 321 1955 1194 761 575 552 826
internal_count=3818 3641 2815 807 2008 596 275 321 1955 1194 761 575 552 826
is_linear=0
shrinkage=0.03


Tree=101
num_leaves=15
num_cat=0
split_feature=80 29 28 36 28 80 28 39 51 3 25 16 80 3
split_gain=23.738 23.7863 18.3868 17.6681 17.0517 16.8687 15.704 16.0755 15.2054 14.8505 12.1731 12.4148 11.6025 14.7304
threshold=123.29665410518648 0.93648139300313227 485.00000000000006 0.33452380952380956 220.50000000000003 -20.287330508232113 163.50000000000003 3307.2910743602974 -1562.5054835081098 10.125000000000002 0.85540069686411158 7.5000000000000009 -42.96464014053344 15.458333333343036
decision_type=10 10 2 10 2 8 2 10 10 2 10 2 10 2
left_child=2 3 4 -2 5 6 7 -1 -6 -3 -8 -12 13 -10
right_child=1 9 -4 -5 8 -7 10 -9 12 -11 11 -13 -14 -15
leaf_value=-0.21423076616479811 0.2482079984641892 -1.2383568077510416 -1.4837523192428779 1.5739020965078929 -0.10283337183326242 -0.020229170661672291 -1.4160515655318924 0.15702360422418687 0.11530325992466571 0.31411016388513613 0.021752929017135755 -0.92070808863339693 -0.033384957278660608 0.68824058997763282
leaf_weight=151 335 57 54 154 57 1440 54 87 352 114 75 219 473 190
leaf_count=151 335 57 54 154 57 1440 54 87 352 114 75 219 473 190
internal_value=-0.000267506 0.00490166 -0.00135109 0.00826531 -0.0010455 -0.00266404 -0.0069506 -0.00100418 0.00201305 -0.0047093 -0.0110029 -0.00854237 0.00286417 0.00585635
internal_weight=3812 660 3152 489 3098 2026 586 238 1072 171 348 294 1015 542
internal_count=3812 660 3152 489 3098 2026 586 238 1072 171 348 294 1015 542
is_linear=0
shrinkage=0.03


Tree=102
num_leaves=15
num_cat=0
split_feature=3 7 81 60 85 85 28 28 37 3 8 28 60 15
split_gain=19.1762 20.2305 17.6801 20.5444 16.5775 15.6245 22.7463 17.8103 15.8206 15.0941 15.3744 15.5032 14.3038 15.0716
threshold=20.458333333343038 529.98699021975347 3696.7420524358754 378.94084358215338 195.37783139944079 -28.389277736345928 463.50000000000006 378.00000000000006 1578.3303618096393 5.9583333333430355 6.0015029857437598 204.50000000000003 92.673679947853103 20.500000000000004
decision_type=2 10 10 8 10 8 2 2 10 2 8 2 10 2
left_child=5 -2 -3 4 -4 7 9 8 -1 12 11 -11 13 -7
right_child=1 2 3 -5 -6 6 -8 -9 -10 10 -12 -13 -14 -15
leaf_value=-0.17311501683635391 -0.77954209147911258 1.5280670649912398 -0.44353852561859436 1.3949879597762438 2.9764953115815529 -0.26340048955152873 -1.7789556797096175 0.26266173930286696 -0.91245983704460409 -0.060026258619517409 0.47226018377171247 0.21976906448923514 -0.48151211285046963 0.062945221966684714
leaf_weight=557 41 136 182 86 41 167 41 85 213 1134 186 795 90 106
leaf_count=557 41 136 182 86 41 167 41 85 213 1134 186 795 90 106
internal_value=-0.000637141 0.00492813 0.00679372 0.00280645 -0.00200893 -0.00144 -0.00025 -0.00494159 -0.00638132 0.000121017 0.00109168 0.000295337 -0.00552198 -0.00208029
internal_weight=3860 486 445 309 223 3374 2519 855 770 2478 2115 1929 363 273
internal_count=3860 486 445 309 223 3374 2519 855 770 2478 2115 1929 363 273
is_linear=0
shrinkage=0.03


Tree=103
num_leaves=15
num_cat=0
split_feature=81 3 69 71 84 28 77 28 3 3 8 68 15 28
split_gain=21.463 19.3019 16.3602 13.7296 13.3436 13.2243 13.0552 16.2191 21.0105 25.2253 23.47 19.1181 18.2727 17.2654
threshold=1546.7510825395586 20.458333333343038 344.57296450913185 11.500000000000002 75.267496705055251 476.50000000000006 121.64101433753969 250.50000000000003 17.291666666656969 16.125000000000004 4.7142830392149042 -0.015912462383346312 34.500000000000007 177.50000000000003
decision_type=8 2 10 8 8 2 10 2 2 2 10 8 2 2
left_child=-1 5 3 4 -3 6 7 8 9 -2 12 -9 13 -10
right_child=1 2 -4 -5 -6 -7 -8 11 10 -11 -12 -13 -14 -15
leaf_value=1.6769302328894569 -0.057213007245138559 -1.563506640259118 2.5434369459995305 0.31705136286010899 0.56460348341082989 -1.1795296842730654 -0.20132288440926954 0.58448462453772276 -0.36134660274585778 0.29221916687608473 0.48552264522256122 -0.024714144940620495 0.68928828301026501 -1.2119755025451933
leaf_weight=56 1782 48 84 287 52 67 137 300 230 193 66 340 42 138
leaf_count=56 1782 48 84 287 52 67 137 300 230 193 66 340 42 138
internal_value=-0.000376668 -0.00065304 0.00502119 0.00239691 -0.00712871 -0.00146541 -0.00118922 -0.000785899 -0.00189641 -0.000531377 -0.00754717 0.00346334 -0.010219 -0.0123577
internal_weight=3822 3766 471 387 100 3295 3228 3091 2451 1975 476 640 410 368
internal_count=3822 3766 471 387 100 3295 3228 3091 2451 1975 476 640 410 368
is_linear=0
shrinkage=0.03


Tree=104
num_leaves=15
num_cat=0
split_feature=0 8 67 56 67 35 9 56 20 36 26 37 81 81
split_gain=20.4564 18.3703 26.3636 19.6872 17.6174 16.684 18.7155 18.9962 17.5124 16.5563 16.3002 15.3831 12.7549 18.4896
threshold=56.500000000000007 4.5117053425751559 177.59835775065849 70.435036460558578 265.47515840963888 5.5245529061102845 150.00000000000003 124.17148363590242 425.8727246522904 0.29449472096530926 109.50000000000001 453.09663082688246 8584.5142171382922 6970.4694567918787
decision_type=2 10 8 10 10 10 2 8 8 10 2 8 10 10
left_child=4 5 -3 -4 12 11 7 -7 10 -5 -8 -2 13 -1
right_child=1 2 3 9 -6 6 8 -9 -10 -11 -12 -13 -14 -15
leaf_value=-0.047254402804985746 -0.12776878397391528 -0.11493996776562962 2.5061299582038381 1.4349181773803088 -0.69772352299745111 0.30753982197430557 -0.068884019298051463 1.9994061074734009 -0.1092331958858309 -0.21975222022135341 0.84688974828266583 -0.59927060824278255 -0.30985830892022831 0.24398558173823337
leaf_weight=1387 161 164 92 144 42 129 49 70 494 100 83 78 473 307
leaf_count=1387 161 164 92 144 42 129 49 70 494 100 83 78 473 307
internal_value=-5.56439e-05 0.00256869 0.00730539 0.0121068 -0.00191403 0.000338028 0.00236077 0.01035 -0.000191388 0.00759184 0.00947368 -0.006625 -0.00153598 -0.000318584
internal_weight=3773 1564 500 336 2209 1064 825 199 626 244 132 239 2167 1694
internal_count=3773 1564 500 336 2209 1064 825 199 626 244 132 239 2167 1694
is_linear=0
shrinkage=0.03


Tree=105
num_leaves=15
num_cat=0
split_feature=0 19 67 69 60 77 8 43 48 35 33 34 68 33
split_gain=20.2374 27.8715 16.2511 16.2495 11.9215 12.2981 12.4675 11.8166 11.6073 10.6164 14.4832 10.5382 11.2311 12.8799
threshold=252.50000000000003 210.00000000000003 -239.93171453448676 -246.36992301137263 -115.71950185298918 122.25493597984315 7.6095631558242802 595.74280184743952 171.25841116905215 13.852325174825173 11.36923076923077 0.2228132387706856 0.13451013757252409 14.803610930383867
decision_type=2 8 8 8 8 10 10 10 8 10 8 8 8 10
left_child=2 -2 -1 7 -5 6 11 -4 -7 10 -3 12 13 -6
right_child=1 9 3 4 5 8 -8 -9 -10 -11 -12 -13 -14 -15
leaf_value=-1.5031556681422855 -0.48978754475641195 1.4694228792478916 0.7963911728894788 -0.8038680465752116 0.39912635481675179 -0.59197095949611445 0.93355530561406441 -0.034670792259108359 -0.014024433657857074 1.9424344682342112 -0.29089838406173779 -0.062997565424579419 0.23720591137797234 -0.059648223049798409
leaf_weight=82 71 89 107 91 179 64 74 58 58 128 52 1899 226 650
leaf_count=82 71 89 107 91 179 64 74 58 58 128 52 1899 226 650
internal_value=6.26796e-05 0.00703812 -0.000619089 -0.000299384 -0.000768044 -0.000456998 -7.92341e-05 0.00885542 -0.0097561 0.0114444 0.00570423 -0.000385787 0.00201705 0.00039759
internal_weight=3828 340 3488 3406 3241 3150 3028 165 122 269 141 2954 1055 829
internal_count=3828 340 3488 3406 3241 3150 3028 165 122 269 141 2954 1055 829
is_linear=0
shrinkage=0.03


Tree=106
num_leaves=15
num_cat=0
split_feature=67 4 77 63 15 66 83 80 27 34 25 15 60 28
split_gain=18.1124 24.3127 21.6258 17.9111 18.3373 17.2859 16.4175 14.8405 19.1361 15.8084 14.1646 13.7457 13.4183 11.7867
threshold=177.59835775065849 8.5000000000000018 -289.75356954336161 -204.11486375435098 30.500000000000004 193.27578485012057 52.272177577018745 188.56412458419803 0.87931947570501789 0.16035714285714289 0.94654761904761908 6.5000000000000009 837.75383734703075 255.50000000000003
decision_type=8 2 8 10 2 10 8 10 10 8 10 2 10 2
left_child=1 3 11 -1 10 13 -6 9 -9 -4 -5 -2 -11 -3
right_child=2 5 7 4 6 -7 -8 8 -10 12 -12 -13 -14 -15
leaf_value=-1.2833609455679311 -0.86775699441659948 0.05276388403347889 0.21381038409225667 -0.61040323996757773 0.31742870301054543 -0.33193067875654442 -0.28357353549420666 -0.58502480611334651 1.8259731129909911 -0.0099893061202561816 0.44778251150576587 -0.055227266979995589 0.82108977720357312 0.61372925869091099
leaf_weight=124 70 293 316 485 167 63 133 40 164 1696 43 72 105 93
leaf_count=124 70 293 316 485 167 63 133 40 164 1696 43 72 105 93
internal_value=-0.000294955 -0.00301712 0.00125406 -0.00572928 -0.00412545 0.00273333 0.00179402 0.0019509 0.00965854 0.00120397 -0.00748582 -0.0100699 0.000116537 0.00511628
internal_weight=3864 1401 2463 952 828 449 300 2321 204 2117 528 142 1801 386
internal_count=3864 1401 2463 952 828 449 300 2321 204 2117 528 142 1801 386
is_linear=0
shrinkage=0.03


Tree=107
num_leaves=15
num_cat=0
split_feature=79 0 76 83 60 81 81 53 28 28 82 76 28 39
split_gain=23.261 24.2665 29.9803 16.6867 16.327 11.3757 16.5818 10.7853 15.2982 23.2312 19.6952 17.2176 17.1806 14.0841
threshold=275.37175887992549 355.00000000000006 -176.05895972251889 138.65970242023471 -125.98607969284056 4709.7794868946085 6004.0417358875284 7.5000000000000009 202.50000000000003 184.50000000000003 26.559634009997051 317.75830173492437 122.50000000000001 1695.4150407170443
decision_type=10 2 10 10 8 10 10 8 2 2 10 10 2 8
left_child=1 3 -3 4 -1 -5 -7 8 9 11 -10 -6 -13 -9
right_child=-2 2 -4 5 7 6 -8 13 10 -11 -12 12 -14 -15
leaf_value=-1.2343067265857426 -0.16372571894103047 3.0121744893664815 -0.17799389706338392 1.089435788241726 -0.40249599116499174 -0.94138149656223047 0.3449184250396467 0.27703411690682583 0.20555512505722148 -1.110397908104009 -0.27952569620937906 -0.24243262749355252 0.38270057245402489 -0.0058291408119613801
leaf_weight=117 188 83 42 112 263 40 172 579 373 126 177 61 169 1315
leaf_count=117 188 83 42 112 263 40 172 579 373 126 177 61 169 1315
internal_value=0.000102148 0.000636364 0.0135714 0.000171184 -0.000490412 0.00664615 0.00253521 -6.85379e-05 -0.00233333 -0.00556452 0.00130672 -0.00261134 0.00337662 0.00132982
internal_weight=3817 3629 125 3504 3180 324 212 3063 1169 619 550 493 230 1894
internal_count=3817 3629 125 3504 3180 324 212 3063 1169 619 550 493 230 1894
is_linear=0
shrinkage=0.03


Tree=108
num_leaves=15
num_cat=0
split_feature=0 76 84 0 81 29 58 3 44 29 48 8 48 27
split_gain=16.755 29.8903 14.532 15.5602 15.9838 14.4491 14.9523 14.2141 13.3938 12.627 12.5582 12.3266 12.1687 11.706
threshold=362.50000000000006 -71.801445722579942 76.871282339096084 -4.4999999999999991 7983.1920174360284 0.71222498962225 1114.5714374780657 10.041666666656967 1579.8317813873293 0.91727056311155464 4.0797160863876352 6.7756259322430941 -55.889925281206764 0.84907613889773825
decision_type=2 10 10 2 10 10 10 2 10 10 10 10 8 10
left_child=2 -2 3 4 -1 8 12 -4 11 -6 -11 -5 -7 -9
right_child=1 -3 7 5 9 6 -8 13 -10 10 -12 -13 -14 -15
leaf_value=-0.062453974638669453 2.7806410060490085 -0.51325537773635221 -0.49888708273606575 0.17149439822483567 -1.1756748271692907 0.60660044660426371 0.28709306002496759 -0.29605118649524143 -0.047272326185132732 0.32517257327398541 -0.70491206295073094 -0.068230167733351249 -0.053132207449625886 0.55986752902433357
leaf_weight=688 83 40 72 179 208 70 73 51 62 44 41 46 1744 434
leaf_count=688 83 40 72 179 208 70 73 51 62 44 41 46 1744 434
internal_value=3.91032e-05 0.0108871 -0.000323189 -0.00111217 -0.00424644 0.000303448 -0.000651483 0.00413978 0.0065625 -0.010102 -0.000348837 0.00995575 -0.00119008 0.00598765
internal_weight=3835 123 3712 3155 981 2174 1887 557 287 293 85 225 1814 485
internal_count=3835 123 3712 3155 981 2174 1887 557 287 293 85 225 1814 485
is_linear=0
shrinkage=0.03


Tree=109
num_leaves=15
num_cat=0
split_feature=3 45 23 66 42 81 64 39 73 82 25 31 77 85
split_gain=18.6426 17.8328 15.8896 15.0429 15.0301 9.6265 9.47331 14.2848 21.0853 14.728 12.0332 10.6634 10.4767 14.6202
threshold=20.958333333343038 12.500000000000002 11.886458277702333 -301.5292574167251 -234.04894626140592 1546.7510825395586 4.1086542204485008 2288.0135666683341 61.440041899681098 14.256920297940573 0.86425061425061445 17.842500000000005 -289.75356954336161 -140.81449550390241
decision_type=2 10 10 8 8 8 8 10 8 8 10 10 8 10
left_child=3 2 -2 -1 -5 -6 7 10 -9 -10 -7 -12 13 -8
right_child=1 -3 -4 4 5 6 12 8 9 -11 11 -13 -14 -15
leaf_value=-1.139749468046614 0.47348750371229997 2.50693843232856 -1.1041494626940056 2.7388806864012127 1.1080874106877103 -0.51824869631627168 -0.99381949033365535 -1.4365372255991176 0.40587768360174342 -0.55031830232072243 0.15840435666765684 -0.58036153499482834 0.0078937227018952179 0.015713641726318599
leaf_weight=99 293 61 44 40 46 58 64 69 64 138 305 74 2408 87
leaf_count=99 293 61 44 40 46 58 64 69 64 138 305 74 2408 87
internal_value=-0.000124643 0.00601504 0.00328402 -0.000834057 -0.00049195 -0.000715148 -0.000908813 -0.00397743 -0.009375 -0.0044335 -0.000616438 0.00134211 -5.85937e-05 -0.00769737
internal_weight=3850 398 337 3452 3353 3313 3267 708 271 202 437 379 2559 151
internal_count=3850 398 337 3452 3353 3313 3267 708 271 202 437 379 2559 151
is_linear=0
shrinkage=0.03


Tree=110
num_leaves=15
num_cat=0
split_feature=4 0 43 42 0 29 77 51 77 17 16 30 42 56
split_gain=19.5232 25.6781 25.9162 19.0972 14.7851 14.4782 14.2139 13.9871 11.8795 16.7761 13.0882 14.2819 11.5831 23.9609
threshold=8.5000000000000018 -41.499999999999993 545.41794117912934 -138.9594198465347 252.50000000000003 0.89022934978753143 115.06792348623277 -165.72670114040372 11.347275078296663 5.0000000000000009 6.5000000000000009 19.950000000000003 37.264449119567878 67.592612663904845
decision_type=2 2 10 8 2 10 10 10 8 2 2 10 10 10
left_child=1 2 5 -3 -2 -1 8 -8 9 -5 11 -10 -11 -14
right_child=4 3 -4 6 -6 -7 7 -9 10 12 -12 -13 13 -15
leaf_value=-1.3093988599539714 0.10607313135425847 1.7237394963747739 -1.3493899746655535 -1.6960381795987334 2.3363603559007147 0.075241101093091026 -0.047787491275361652 -0.59100221072821146 0.78751590028585716 -0.22190154991674069 0.02362707157356846 -0.047599132259986014 0.58814849285519244 -0.038985212847512815
leaf_weight=114 836 54 159 46 67 228 61 47 87 550 663 57 245 648
leaf_count=114 836 54 159 46 67 228 61 47 87 550 663 57 245 648
internal_value=-0.000108724 -0.00128716 -0.00747012 -2.44002e-05 0.00375 -0.00279883 -0.000424116 -0.0110092 7.83631e-05 -0.00151007 0.00300743 0.0111724 -0.000934903 0.0011745
internal_weight=3862 2959 501 2458 903 342 2404 108 2296 1489 807 144 1443 893
internal_count=3862 2959 501 2458 903 342 2404 108 2296 1489 807 144 1443 893
is_linear=0
shrinkage=0.03


Tree=111
num_leaves=15
num_cat=0
split_feature=3 7 0 72 49 80 71 13 0 56 45 39 43 41
split_gain=16.5486 15.2497 17.6103 17.89 18.4765 21.401 14.1239 11.1383 13.5848 17.1243 18.567 14.8309 13.4676 11.5264
threshold=20.375000000000004 699.45274510419051 307.50000000000006 13.435855507850649 7.5000000000000009 -167.86078178882596 9.5000000000000018 90.000000000000014 -24.499999999999996 -51.071248928705842 2.5000000000000004 865.44409428511096 53.931709197706283 42.748956561088569
decision_type=2 8 2 8 8 10 8 8 2 10 10 10 10 10
left_child=7 -2 3 -3 6 -6 -5 -1 -9 11 -11 -10 -12 -14
right_child=1 2 -4 4 5 -7 -8 8 9 10 12 -13 13 -15
leaf_value=0.037125694751060222 -0.92644037146771063 0.53716533907626174 2.5862641358426388 -0.30702410943119646 0.72292257691218709 -0.77411902720634596 1.3052184234011635 -0.44539372056506349 -0.437483499307046 0.84754364380057778 -0.43592646688538345 0.47474275585006265 -0.320957815178261 0.0064509758962093856
leaf_weight=1241 44 96 79 61 40 97 98 454 44 53 222 151 348 809
leaf_count=1241 44 96 79 61 40 97 98 454 44 53 222 151 348 809
internal_value=-0.000289213 0.0047093 0.00629237 0.00366412 0 -0.00804348 0.0069375 -0.0010653 -0.00240634 -0.00112408 -0.00226099 0.00719388 -0.00293478 -0.00163212
internal_weight=3837 515 471 392 296 137 159 3322 2081 1627 1432 195 1379 1157
internal_count=3837 515 471 392 296 137 159 3322 2081 1627 1432 195 1379 1157
is_linear=0
shrinkage=0.03


Tree=112
num_leaves=15
num_cat=0
split_feature=4 0 60 83 40 60 83 31 29 34 83 39 41 0
split_gain=16.0137 23.9213 21.243 19.2058 16.655 16.157 17.1752 15.9708 15.677 15.3824 14.4136 13.5699 11.6057 14.7047
threshold=7.5000000000000009 129.50000000000003 10.313685178756716 100.86936461925508 628.93969194685747 14.390598297119142 -137.57225072383878 20.415476190476195 0.84954321287088697 0.1908263305322129 109.21520459651948 1810.4553229287114 110.80160033702852 202.50000000000003
decision_type=2 2 8 10 10 10 8 10 10 8 8 10 10 2
left_child=2 3 8 5 11 6 -2 -8 -1 -4 -3 -5 -11 -14
right_child=1 10 9 4 -6 -7 7 -9 -10 12 -12 -13 13 -15
leaf_value=-2.7617245025084354 1.3854487075682536 0.17543910523900591 0.13327585967898434 0.89347420619877638 -0.38416590888867896 -0.20601121047342275 0.05222027916518257 -0.39806709760143122 -0.5640109006703421 -0.0038781667332316604 2.0293360373497813 0.026494144538605057 -0.45944928286927272 0.0012291801745940489
leaf_weight=53 45 205 420 124 52 486 548 113 288 774 168 90 274 200
leaf_count=53 45 205 420 124 52 486 548 113 288 774 168 90 274 200
internal_value=-0.000374902 0.00165393 -0.00222388 -8.22481e-05 0.00719101 -0.00170997 0.00118812 -4.53172e-05 -0.00903509 -0.000826842 0.00842246 0.0108837 -0.002498 -0.00618947
internal_weight=3840 1831 2009 1458 266 1192 706 661 341 1668 373 214 1248 474
internal_count=3840 1831 2009 1458 266 1192 706 661 341 1668 373 214 1248 474
is_linear=0
shrinkage=0.03


Tree=113
num_leaves=15
num_cat=0
split_feature=79 3 42 81 85 56 53 40 48 48 19 56 42 31
split_gain=17.6357 21.9657 16.9706 15.547 16.3703 15.7257 14.887 14.6555 12.0945 12.9351 12.0246 11.4967 10.447 17.3642
threshold=275.37175887992549 20.375000000000004 -257.1919234991073 3259.223057866097 162.27294830481213 -40.967615286509194 10.500000000000002 422.66557053384571 163.02931185563406 61.637482484181731 270.00000000000006 50.732399582862861 37.93373095989228 20.415476190476195
decision_type=10 2 8 8 10 10 10 10 10 10 10 10 8 10
left_child=1 2 -1 4 5 -4 10 -2 9 -7 -3 -9 13 -5
right_child=7 6 3 12 -6 8 -8 11 -10 -11 -12 -13 -14 -15
leaf_value=2.7447154816673689 -0.98769435482790824 0.054116455424838901 1.3615856676531664 -0.058640722146873915 1.9478477843700244 0.055643601322628536 2.32976911692176 -0.34911366996027399 0.40385234944799642 -0.57191969781673369 1.2106819793663155 0.040518847113807155 0.0087318731165830568 -0.77243603639811143
leaf_weight=45 58 280 44 1246 44 79 144 46 40 60 41 87 1339 233
leaf_count=45 58 280 44 1246 44 79 144 46 40 60 41 87 1339 233
internal_value=-4.7531e-05 0.000425473 -0.00047908 -0.000748542 0.00615672 0.0028125 0.00650215 -0.00890625 -0.00116667 -0.00535714 0.0028882 -0.00335821 -0.00140475 -0.00314189
internal_weight=3786 3595 3130 3085 267 223 465 191 179 139 321 133 2818 1479
internal_count=3786 3595 3130 3085 267 223 465 191 179 139 321 133 2818 1479
is_linear=0
shrinkage=0.03


Tree=114
num_leaves=15
num_cat=0
split_feature=3 4 67 68 13 30 16 68 36 36 27 0 70 17
split_gain=20.7943 18.0576 17.7974 14.6358 13.7962 14.1011 24.8042 22.6969 18.2601 14.0336 13.1908 13.1001 12.7955 12.0027
threshold=6.0416666666569663 8.5000000000000018 -239.93171453448676 -0.07234506919405026 90.000000000000014 3.3500000000000001 36.500000000000007 -0.050500807685811964 0.16169772256728782 0.12392463562033418 0.89341222879684434 281.50000000000006 0.91987179487179505 41.500000000000007
decision_type=2 2 8 10 8 10 2 10 8 8 10 2 8 2
left_child=3 2 -2 -1 5 6 -4 8 -7 -6 13 -3 -12 -11
right_child=1 11 4 -5 9 7 -8 -9 -10 10 12 -13 -14 -15
leaf_value=-0.014297028426705639 -2.0833827478258846 0.17226213923891212 0.76183950568907177 -0.42006324929879357 0.1165406246330128 0.25419389918464874 -0.31692086937893493 0.32080784031479809 -0.41076320199458782 -0.83319915541460676 0.76298705929743782 2.0301550911444401 -0.091808130670141389 -0.01208486861816859
leaf_weight=261 56 670 301 180 159 55 64 291 215 283 159 46 878 202
leaf_count=261 56 670 301 180 159 55 64 291 215 283 159 46 878 202
internal_value=7.85135e-05 0.000878698 -0.000259009 -0.00604072 0.000103528 0.00304207 0.00762295 5.33808e-05 -0.00619926 -0.00151605 -0.00240315 0.0051046 -0.000491329 -0.00648148
internal_weight=3820 3379 2663 441 2607 926 365 561 270 1681 1522 716 1037 485
internal_count=3820 3379 2663 441 2607 926 365 561 270 1681 1522 716 1037 485
is_linear=0
shrinkage=0.03


Tree=115
num_leaves=15
num_cat=0
split_feature=45 76 6 77 77 27 77 41 77 29 16 73 54 26
split_gain=15.401 20.8428 16.188 14.3473 22.2874 12.5683 12.6833 12.4408 13.3441 17.5682 14.8555 12.7628 12.0906 11.6732
threshold=5.5000000000000009 317.75830173492437 690.00000000000011 57.194347918033607 15.967813551425936 0.91064169570267139 -15.32595908641815 282.1090220212937 -285.94808512926096 0.91335958005249351 40.500000000000007 -20.0956357717514 990.00000000000011 95.500000000000014
decision_type=8 10 8 10 10 10 10 10 10 8 2 10 10 2
left_child=1 -1 -2 4 5 6 -4 8 10 -10 -3 12 -11 -6
right_child=2 7 3 -5 13 -7 -8 -9 9 11 -12 -13 -14 -15
leaf_value=-1.3893110228126717 0.11143162145594857 0.12927293328347134 -0.080229631916938687 -0.3564584537373135 0.97635028947817415 0.054706308348410816 -1.3806399873878967 -0.69391182357249015 0.587796436196514 -0.42712688749586331 -1.2558008663422977 -0.42619284123087453 0.3195406026783067 0.42002505252039418
leaf_weight=119 1281 42 880 120 58 792 40 40 88 45 46 44 82 115
leaf_count=119 1281 42 880 120 58 792 40 40 88 45 46 44 82 115
internal_value=-0.00045874 -0.00532544 0.00029206 -0.00139083 -0.000747614 -0.00178634 -0.00416938 -0.00193299 -8.62069e-05 0.00334615 -0.0101124 -0.00226744 0.00257812 0.00948276
internal_weight=3792 506 3286 2005 1885 1712 920 387 347 259 88 171 127 173
internal_count=3792 506 3286 2005 1885 1712 920 387 347 259 88 171 127 173
is_linear=0
shrinkage=0.03


Tree=116
num_leaves=15
num_cat=0
split_feature=0 9 81 42 67 82 39 8 67 33 30 9 69 76
split_gain=14.2539 22.6783 16.98 12.8378 16.5792 11.0813 10.2243 23.8305 21.0778 18.368 18.2765 15.9524 15.1904 14.6091
threshold=304.50000000000006 270.00000000000006 1546.7510825395586 -257.1919234991073 -261.95527132919852 123.29898506402971 2364.198827776172 6.0433030104753334 -110.03750626065515 10.637903225806452 32.350000000000001 150.00000000000003 -18.38957061370218 159.44806933403018
decision_type=2 2 8 8 8 8 8 8 10 10 8 2 8 10
left_child=2 5 -1 -4 -5 -2 9 -8 10 -6 -9 12 -11 -13
right_child=1 -3 3 4 6 -7 7 8 -10 11 -12 13 -14 -15
leaf_value=1.6093512158761774 0.61737693712303321 -0.38981162905115135 2.5791387710415226 -1.4205555824854497 -0.0784750110690422 3.4905679931988982 -0.21659237840245968 0.73610142619609831 -0.033039272454427476 0.090665648664190218 -0.032766012065755044 -0.12578972200320923 0.85882180354721505 0.24655355171378132
leaf_weight=52 58 70 44 52 903 79 1024 112 201 188 66 524 191 273
leaf_count=52 58 70 44 52 903 79 1024 112 201 188 66 524 191 273
internal_value=-0.00057061 0.00706731 -0.00100799 -0.00125733 -0.00145969 0.0141304 -0.00120586 -0.00318376 0.00323684 0.000129808 0.0107263 0.00259983 0.00765789 0.00018797
internal_weight=3837 207 3630 3578 3534 137 3482 1403 379 2079 178 1176 379 797
internal_count=3837 207 3630 3578 3534 137 3482 1403 379 2079 178 1176 379 797
is_linear=0
shrinkage=0.03


Tree=117
num_leaves=15
num_cat=0
split_feature=65 3 22 30 3 1 27 5 3 73 66 9 69 36
split_gain=18.9225 20.4958 17.8398 14.6189 13.8131 12.8092 12.9124 13.4033 11.6672 15.0733 11.3619 14.3155 16.5373 13.2568
threshold=1.0773425792597915 20.458333333343038 8.9433181285858172 12.850000000000003 22.041666666656969 682.4528832435609 0.9842509920634922 338.9081512689591 19.375000000000004 39.422416687011726 -17.220052480697628 150.00000000000003 -105.39739667780711 0.20284787676092028
decision_type=10 2 2 10 2 2 8 8 2 10 10 2 10 10
left_child=1 5 4 -4 -3 8 7 -7 9 -1 11 13 -13 -2
right_child=10 2 3 -5 -6 6 -8 -9 -10 -11 -12 12 -14 -15
leaf_value=0.027840632960896859 0.49958082147519128 1.3719796661111932 -1.009542853782031 0.20215214282139946 0.23374404977843399 -0.15448781428205655 -0.43570872349365941 0.28055995944555706 -0.3062778268972437 0.68832961524764924 -0.481145930158631 -1.1611563258665385 0.20261014834671462 -0.27223894528645892
leaf_weight=1767 62 151 64 44 168 797 93 102 109 86 131 125 46 91
leaf_count=1767 62 151 64 44 168 797 93 102 109 86 131 125 46 91
internal_value=-0.000250195 0.000523359 0.00665888 -0.00385321 0.0102188 -0.000365482 -0.00314199 -0.00203333 0.00103923 0.00160194 -0.00598684 -0.00295385 -0.00889535 0.0037013
internal_weight=3836 3381 427 108 319 2954 992 899 1962 1853 455 324 171 153
internal_count=3836 3381 427 108 319 2954 992 899 1962 1853 455 324 171 153
is_linear=0
shrinkage=0.03


Tree=118
num_leaves=15
num_cat=0
split_feature=0 9 82 81 67 79 42 79 14 16 69 42 51 34
split_gain=15.4713 25.6613 16.0914 13.2395 10.0716 10.2547 12.2988 12.0993 14.4654 14.1599 14.4808 13.796 12.9215 10.7349
threshold=290.50000000000006 270.00000000000006 123.29898506402971 1546.7510825395586 -261.95527132919852 11.216482071624336 -87.589705586433396 18.255438690447829 774.29708057228675 14.500000000000002 -69.705393714907515 126.79964375495912 104.09319531917573 0.14686274509803923
decision_type=2 2 8 8 8 10 8 10 10 2 8 10 10 10
left_child=3 2 -2 -1 -5 6 -6 8 12 10 -9 -11 -7 -8
right_child=1 -3 -4 4 5 7 13 9 -10 11 -12 -13 -14 -15
leaf_value=1.195848548763959 0.57718699223124548 -0.42960693888838841 3.1523268276916574 -1.2197068028000573 0.12212302647831967 0.19419761505733785 0.0075348936732089295 -0.2078043351753058 0.84773759658703596 -0.078213189406187072 0.18458972733807746 -1.3662352269038081 -0.23700559166023991 -0.18726773298719129
leaf_weight=53 70 82 86 61 294 454 443 84 70 336 263 80 123 1321
leaf_count=53 70 82 86 61 294 454 443 84 70 336 263 80 123 1321
internal_value=-0.000361162 0.00702929 0.0141401 -0.000854033 -0.00107932 -0.000864803 -0.00221467 0.0011056 0.00412037 -0.00145288 0.00301724 -0.00517986 0.00254325 -0.00316147
internal_weight=3820 238 156 3582 3529 3468 2058 1410 647 763 347 416 577 1764
internal_count=3820 238 156 3582 3529 3468 2058 1410 647 763 347 416 577 1764
is_linear=0
shrinkage=0.03


Tree=119
num_leaves=15
num_cat=0
split_feature=0 9 6 81 73 68 72 27 22 30 53 20 56 80
split_gain=15.2108 23.2112 12.8685 13.8813 14.212 9.67509 14.2285 10.5625 14.2299 11.2626 14.6037 12.9112 12.2836 11.5428
threshold=304.50000000000006 270.00000000000006 690.00000000000011 3435.8629423379903 49.751993298530586 -0.11557861490376485 35.774103641510017 0.9842509920634922 7.1303247213363656 8.9500000000000011 6.5000000000000009 382.2590110301972 -55.942687511444085 -34.518487572669976
decision_type=2 2 8 8 10 10 10 8 2 8 8 10 10 8
left_child=2 -2 3 -1 -5 6 7 9 -9 -4 -11 12 -12 -14
right_child=1 -3 5 4 -6 -7 -8 8 -10 10 11 -13 13 -15
leaf_value=0.51650600831227689 1.8717555507101957 -0.17005916824032702 0.23355018160019098 0.004789245363892307 0.99033811452709941 -0.16814085831040163 0.82536406990531708 -0.042060143346085321 -0.7366445924996351 -0.96182678912906594 0.21187661755889195 0.13376737820795082 0.12807746199543713 -0.25122401218818635
leaf_weight=161 138 76 329 1109 44 1186 94 126 70 55 85 64 56 211
leaf_count=161 138 76 329 1109 44 1186 94 126 70 55 85 64 56 211
internal_value=6.30749e-05 0.00781395 -0.000401003 0.00196198 0.000805893 -0.00176548 0.000274977 -0.000782347 -0.00700508 0.000749064 -0.00222458 -0.00028777 -0.00254958 -0.00570896
internal_weight=3804 214 3590 1314 1153 2276 1090 996 196 800 471 416 352 267
internal_count=3804 214 3590 1314 1153 2276 1090 996 196 800 471 416 352 267
is_linear=0
shrinkage=0.03


Tree=120
num_leaves=15
num_cat=0
split_feature=3 7 83 39 35 60 3 65 62 60 64 48 60 28
split_gain=18.4281 25.1294 20.5597 17.0508 18.9498 18.924 15.8331 16.9161 13.0783 19.6563 12.9876 15.0039 12.8189 12.2255
threshold=15.708333333343036 3203.7940214437817 -182.74283123016355 1561.5185058257553 6.5183492999263093 -77.695678949356065 19.208333333343038 0.82120367045437104 -0.24264590319649901 -125.98607969284056 4.1483264761654732 -40.424691081047051 275.40367996692663 225.50000000000003
decision_type=2 10 8 8 10 8 2 10 10 10 8 8 10 2
left_child=3 2 13 4 -1 -5 -3 -8 -6 -10 -7 -12 -4 -2
right_child=1 6 12 5 8 10 7 -9 9 -11 11 -13 -14 -15
leaf_value=-0.12671494553156148 -0.99073013540085264 0.75494905139585822 -0.0053598852590877833 -1.3190214614011622 1.4987234234078162 -0.44751108350329372 0.78901872567582154 -0.073476540310745672 -0.3690323465684146 0.31331865602199127 0.7207559753988092 -0.064801197477307934 0.51922453722406436 0.035294153128823516
leaf_weight=291 80 182 758 90 68 294 129 157 133 445 138 890 137 42
leaf_count=291 80 182 758 90 68 294 129 157 133 445 138 890 137 42
internal_value=-0.000172099 0.0024428 -0.000206287 -0.00182553 0.0013113 -0.00390658 0.00818763 0.00376307 0.00417311 0.0026943 -0.0029932 -0.00139942 0.00137277 -0.0117073
internal_weight=3834 1485 1017 2349 937 1412 468 286 646 578 1322 1028 895 122
internal_count=3834 1485 1017 2349 937 1412 468 286 646 578 1322 1028 895 122
is_linear=0
shrinkage=0.03


Tree=121
num_leaves=15
num_cat=0
split_feature=3 42 4 67 20 3 65 15 24 80 3 81 81 39
split_gain=14.1798 19.8269 20.2268 26.1753 13.694 14.713 17.8033 17.5759 16.0454 15.3538 13.5716 13.1474 16.6252 15.559
threshold=5.8750000000000009 -257.1919234991073 8.5000000000000018 -234.28647959232327 577.75507247447979 15.708333333343036 0.82120367045437104 31.500000000000004 45.500000000000007 -134.41663193702695 17.541666666656969 4632.2083827257165 5907.5514587163934 975.88039098169202
decision_type=2 10 2 8 8 2 8 2 2 8 2 8 8 10
left_child=-1 -2 3 -3 -5 11 -7 8 9 -8 -11 13 -13 -6
right_child=1 2 -4 4 5 6 7 -9 -10 10 -12 12 -14 -15
leaf_value=-0.10584094657851015 1.2372583108933117 -2.2067916257737261 0.17004048028306651 0.11204023281119503 -0.33583082785951168 1.21865779607312 -0.76440282147395744 0.27670230025002118 0.24053489206346057 0.20791681237215215 -0.20667921809666048 -2.692798466983231 -0.27806346735409709 0.37031637571254694
leaf_weight=393 87 53 727 594 77 74 87 154 105 107 310 47 775 236
leaf_count=393 87 53 727 594 77 74 87 154 105 107 310 47 775 236
internal_value=-1.56781e-05 0.000602796 0.000233045 -0.000996183 -0.000560966 -0.00176381 0.00125298 -0.000117801 -0.00240984 -0.00463366 -0.00222488 -0.00398768 -0.00597813 0.00124204
internal_weight=3826 3433 3346 2619 2566 1972 837 763 609 504 417 1135 822 313
internal_count=3826 3433 3346 2619 2566 1972 837 763 609 504 417 1135 822 313
is_linear=0
shrinkage=0.03


Tree=122
num_leaves=15
num_cat=0
split_feature=0 9 81 69 60 51 84 15 69 43 84 16 45 28
split_gain=21.7267 19.0834 16.9692 12.9273 10.729 10.1212 11.6611 17.7222 25.8997 18.934 13.3731 12.6366 11.2052 14.8358
threshold=307.50000000000006 270.00000000000006 1546.7510825395586 356.97567554960852 837.75383734703075 -1496.5686182975767 41.962059736251838 32.500000000000007 -265.73906539253227 614.27774298932388 -63.128884832064308 6.5000000000000009 7.5000000000000009 250.50000000000003
decision_type=2 2 8 8 10 8 8 2 10 10 10 2 10 2
left_child=2 3 -1 -2 5 -4 7 8 10 11 -7 -9 -10 -14
right_child=1 -3 4 -5 -6 6 -8 9 12 -11 -12 -13 13 -15
leaf_value=1.4563114866040634 0.22954359931750218 -0.14848044575676975 -0.15520838312978658 3.2843708835172256 0.65770520889537487 0.61472063135312216 0.025741862984906199 0.84313600086807217 -0.61716548850789676 -0.15495154215078058 -0.063137512938503407 0.040547794074164881 -0.34576185663052 0.27659626944926441
leaf_weight=51 55 63 190 94 110 95 1742 94 462 67 118 80 445 150
leaf_count=51 55 63 190 94 110 95 1742 94 462 67 118 80 445 150
internal_value=0.000267226 0.00957746 -0.00028294 0.0154 -0.000531795 -0.000827526 -0.000433313 -0.00236111 -0.00377655 0.00508264 0.00574766 0.0102857 -0.00569943 -0.0029698
internal_weight=3816 212 3604 149 3553 3443 3253 1511 1270 241 213 174 1057 595
internal_count=3816 212 3604 149 3553 3443 3253 1511 1270 241 213 174 1057 595
is_linear=0
shrinkage=0.03


Tree=123
num_leaves=15
num_cat=0
split_feature=0 20 66 42 16 38 30 16 7 35 76 8 3 60
split_gain=18.1155 18.9234 14.7561 12.7551 11.3008 10.3907 11.4558 9.85034 16.7707 13.053 17.8622 15.6237 19.2224 13.6251
threshold=304.50000000000006 382.2590110301972 -325.7490980625152 -228.95544385910031 1.0000000180025095e-35 3031.6966194912798 6.4500000000000011 7.5000000000000009 2490.4252572478076 17.158795458285343 266.24217844009405 6.0885345621350027 15.291666666656967 837.75383734703075
decision_type=2 10 8 8 2 8 10 2 10 10 10 10 2 10
left_child=2 5 -1 -4 -5 6 -2 8 -6 11 -11 13 -13 -9
right_child=1 -3 3 4 7 -7 -8 9 -10 10 -12 12 -14 -15
leaf_value=-0.97001958788540454 1.8767315435274501 -0.46419579489652085 1.1481849037503375 -0.55526950288644794 0.45808787356915726 2.1179829589501331 -0.44938041449042199 -0.12977185553061174 0.011409024718414358 0.019994061009204245 1.0032793494965733 -0.01745882047377325 2.1712482090224046 0.56222021805241607
leaf_weight=74 44 47 54 134 187 74 48 1770 628 453 74 80 53 103
leaf_count=74 44 47 54 134 187 74 48 1770 628 453 74 80 53 103
internal_value=7.06067e-05 0.0085514 -0.000432013 -0.000152672 -0.000378984 0.0132934 0.00645161 -3.58316e-05 0.00283088 -0.000958958 0.00323864 -0.00206278 0.00783582 -0.00276948
internal_weight=3823 213 3610 3536 3482 166 92 3348 815 2533 527 2006 133 1873
internal_count=3823 213 3610 3536 3482 166 92 3348 815 2533 527 2006 133 1873
is_linear=0
shrinkage=0.03


Tree=124
num_leaves=15
num_cat=0
split_feature=28 81 20 25 82 71 28 68 28 75 39 14 3 27
split_gain=17.8985 15.3033 10.3953 9.90659 17.3746 16.5047 19.011 14.6524 17.1085 11.6782 16.5763 11.246 11.1998 11.5685
threshold=485.00000000000006 1546.7510825395586 862.4528832435609 0.94258241758241768 -70.419214248657212 12.500000000000002 233.50000000000003 0.011812562265405458 134.50000000000003 567.44331812858593 315.48805072629528 268.89878196464218 5.8750000000000009 0.92407888788426773
decision_type=2 8 10 10 8 8 2 10 2 8 10 10 2 10
left_child=1 -1 3 4 5 -3 -7 8 -5 -10 -11 -9 -12 -14
right_child=-2 2 -4 7 -6 6 -8 11 9 10 12 -13 13 -15
leaf_value=1.26343515986467 -1.2063454990072866 0.055153350530585295 -0.34105657224278463 -0.12336827891666496 -0.00054358862866758187 -1.095196980088823 0.21168250282170351 0.32744636483854667 0.9059087282555417 -0.43692119236445698 -0.066057475149878253 -0.22859468356683335 -0.03994805475555939 0.76084287028822084
leaf_weight=58 56 91 54 241 2375 166 42 94 105 51 51 207 42 191
leaf_count=58 56 91 54 241 2375 166 42 94 105 51 51 207 42 191
internal_value=-0.000156863 9.55161e-05 -0.000145513 4.92207e-05 -0.000897196 -0.0077 -0.0123445 0.00262462 0.00505865 0.00857143 0.00580357 -0.00288079 0.00863158 0.0114103
internal_weight=3824 3768 3710 3656 2674 299 208 982 681 440 335 301 284 233
internal_count=3824 3768 3710 3656 2674 299 208 982 681 440 335 301 284 233
is_linear=0
shrinkage=0.03


Tree=125
num_leaves=15
num_cat=0
split_feature=65 82 70 70 13 3 68 27 3 53 56 4 35 39
split_gain=14.4143 13.2727 18.2645 15.2315 16.5294 14.8269 11.839 15.7093 11.7515 11.5648 13.2699 11.3567 13.2984 13.7045
threshold=1.0455079132097458 -32.529322008291878 0.80625000000000013 0.10555555555555557 270.00000000000006 6.0416666666569663 -0.087830874633507819 0.98373876255949244 8.5416666666569672 12.500000000000002 -53.818645636240639 8.5000000000000018 16.151631514234374 1779.2051877915781
decision_type=10 8 8 8 10 2 10 10 2 10 10 2 10 10
left_child=1 2 -1 -3 5 6 7 -5 -6 10 -7 -2 13 -13
right_child=11 3 -4 4 8 9 -8 -9 -10 -11 -12 12 -14 -15
leaf_value=0.14899496902372 -0.39067833525783374 -0.074233550383741256 -0.37855469541629894 0.36587858439388171 0.43426474273082494 0.34181399956477243 -0.37991214990157052 -0.5309466095309997 -0.35807422845391429 0.24473667410811947 0.095255432830021441 0.13084423256660996 0.27677964027381585 -0.50772511324114056
leaf_weight=67 424 202 463 72 43 387 130 40 146 120 1518 41 110 41
leaf_count=67 424 202 463 72 43 387 130 40 146 120 1518 41 110 41
internal_value=1.57687e-05 0.000827846 -0.00350282 0.00169237 0.00234432 0.00305556 -0.00395062 0.00318584 -0.00615789 0.00389437 0.00332109 -0.00418152 0.00186528 -0.00722892
internal_weight=3804 3188 530 2658 2456 2267 242 112 189 2025 1905 616 192 82
internal_count=3804 3188 530 2658 2456 2267 242 112 189 2025 1905 616 192 82
is_linear=0
shrinkage=0.03


Tree=126
num_leaves=15
num_cat=0
split_feature=4 65 82 64 81 3 15 26 64 35 36 82 3 14
split_gain=16.048 16.7523 18.3348 18.7557 15.1571 15.0181 20.6382 14.2165 14.1131 12.46 12.5529 12.4073 12.4059 11.5355
threshold=8.5000000000000018 0.88231078457675027 126.13015345732371 4.1350097637415333 3500.4149638414387 15.708333333343036 31.500000000000004 105.50000000000001 5.7920761269129395 5.336477987421385 0.81725417439703174 106.90746714671455 17.291666666656969 761.76300300386606
decision_type=2 10 10 10 8 2 2 2 10 10 10 8 2 10
left_child=1 2 3 -1 7 8 11 -3 -6 10 -4 12 -7 -2
right_child=13 4 9 -5 5 6 -8 -9 -10 -11 -12 -13 -14 -15
leaf_value=-0.016601542864827082 0.092248096203072408 -0.2568635837369293 -1.7508075480415408 1.1240291915042198 -0.38305023698448015 0.080581438266184122 0.23646105535285422 1.0469246651695701 -1.1364981783715251 2.0867455030593702 0.69632075035963492 1.1833259867030617 -1.0889244763873906 0.88550933740553928
leaf_weight=1567 794 42 40 85 446 41 167 44 124 127 50 51 117 91
leaf_count=1567 794 42 40 85 446 41 167 44 124 127 50 51 117 91
internal_value=0.000427779 -0.000651275 0.00104278 -3.62976e-05 -0.00371733 -0.00481521 -0.000159151 0.00827586 -0.00788091 0.00922018 0.000659341 -0.00642857 -0.010566 0.00396163
internal_weight=3786 2901 1869 1652 1032 946 376 86 570 217 90 209 158 885
internal_count=3786 2901 1869 1652 1032 946 376 86 570 217 90 209 158 885
is_linear=0
shrinkage=0.03


Tree=127
num_leaves=15
num_cat=0
split_feature=65 77 80 85 28 28 81 77 28 77 15 43 42 43
split_gain=10.3266 15.7851 13.2359 13.3735 11.7464 29.8605 16.3406 13.1954 11.5099 12.3889 14.7373 11.4098 14.1477 12.5902
threshold=0.82120367045437104 39.558089613914497 99.379082083702102 70.983317057291671 204.50000000000003 186.50000000000003 3723.7626841068272 -103.93103235960005 485.00000000000006 -244.4408195018768 37.500000000000007 675.44764103792602 -153.95554423332212 981.99451784760106
decision_type=8 8 8 10 2 2 8 8 2 8 2 8 8 10
left_child=1 2 3 -1 5 6 -2 -7 9 10 -6 12 -11 -13
right_child=4 -3 -4 -5 8 7 -8 -9 -10 11 -12 13 -14 -15
leaf_value=0.81282337225027124 0.5465277543053223 -0.37253454578251055 1.3410345960677663 -0.47481766033922668 -0.32305914260666868 -1.0140535281633383 -0.035026477723046096 -0.11839595744995379 -0.86589974540186276 1.3394245378240477 0.86233512505751553 -0.23291537692729639 0.19460836625837746 0.070967228232639568
leaf_weight=43 135 65 102 41 177 150 1670 124 61 51 40 128 856 228
leaf_count=43 135 65 102 41 177 150 1670 124 61 51 40 128 856 228
internal_value=-3.87397e-05 0.00583333 0.0102674 0.00141176 -0.00044739 -0.00191827 -0.00051495 -0.0111273 0.00153696 0.00206617 -0.00454128 0.00320411 0.00498899 -0.00134454
internal_weight=3871 251 186 84 3620 2079 1805 274 1541 1480 217 1263 907 356
internal_count=3871 251 186 84 3620 2079 1805 274 1541 1480 217 1263 907 356
is_linear=0
shrinkage=0.03


Tree=128
num_leaves=15
num_cat=0
split_feature=0 76 67 69 1 79 83 42 74 35 63 3 7 61
split_gain=17.0775 18.5334 12.2205 11.6095 10.261 9.11841 11.1794 8.95393 9.3924 12.4955 10.0879 12.1404 13.3644 12.0485
threshold=304.50000000000006 -20.011215209960934 -239.93171453448676 356.97567554960852 679.7200324535371 206.8073415591129 256.42899131774908 271.97035562992102 1173.1504362397536 15.943920335429771 143.80051738559158 15.458333333343036 2753.9763443462621 0.039954928431057447
decision_type=2 10 8 8 2 10 10 10 8 10 10 2 10 10
left_child=2 3 -1 -2 5 6 -4 8 9 -6 11 -10 -13 -12
right_child=1 -3 4 -5 7 -7 -8 -9 10 -11 13 12 -14 -15
leaf_value=-1.1124764728600554 0.12965630595630898 -0.090541897757625472 0.032941257399708379 2.0684234226139186 -0.021431474525456264 -0.088549670786478504 1.1238955727858575 -0.39499233784991561 -0.38711489394701382 0.65779918332337806 0.98360044264265234 -0.86638933375869476 0.15029991102515622 -0.028783471531747293
leaf_weight=87 42 66 2155 100 254 126 80 80 394 66 45 80 131 121
leaf_count=87 42 66 2155 100 254 126 80 80 394 66 45 80 131 121
internal_value=0.000274295 0.00861244 -0.000207182 0.0146853 6.79309e-05 0.0012066 0.00165027 -0.00222696 -0.00151099 0.00280374 -0.00330311 -0.00509901 0.000707547 0.00323353
internal_weight=3827 208 3619 142 3532 2361 2235 1171 1091 320 771 605 211 166
internal_count=3827 208 3619 142 3532 2361 2235 1171 1091 320 771 605 211 166
is_linear=0
shrinkage=0.03


Tree=129
num_leaves=15
num_cat=0
split_feature=42 0 29 42 27 24 8 54 3 8 3 69 81 81
split_gain=12.0934 11.759 19.507 14.7037 12.8507 10.4612 15.5172 10.2903 9.95786 18.3997 20.1502 19.2134 19.0927 17.7885
threshold=-257.1919234991073 -29.499999999999996 0.87631637290766007 -124.02969777584075 0.87194394752534299 39.500000000000007 3.9197146698567553 570.00000000000011 14.375000000000002 4.4274824289109782 17.625000000000004 -95.844777147247314 4817.2466622591028 1613.2379046678545
decision_type=8 2 10 8 10 2 10 10 2 10 2 8 8 10
left_child=-1 2 -2 -3 -4 7 -7 -6 -5 10 11 -10 -13 -12
right_child=1 3 4 8 5 6 -8 -9 9 -11 13 12 -14 -15
leaf_value=2.475676284048391 -0.98973409359567677 1.2859611046729356 1.048123525456784 -0.023755446950266951 -0.6992662124966087 0.67527199288991813 -0.19688261126647633 -0.052148869338910019 -0.24084677700337795 0.37940554027146361 0.29558948766748455 0.65578354235256719 0.043043733304071317 -0.43489438354911553
leaf_weight=51 216 42 47 1578 54 67 65 332 44 443 92 130 202 404
leaf_count=51 216 42 47 1578 54 67 65 332 44 443 92 130 202 404
internal_value=5.57325e-05 -0.000145278 -0.00341432 0.000725477 -0.000477032 -0.00184971 0.00541353 -0.00434109 0.000466482 0.00239362 -0.000137457 0.00509284 0.00756757 -0.00410463
internal_weight=3767 3716 781 2935 565 518 132 386 2893 1315 872 376 332 496
internal_count=3767 3716 781 2935 565 518 132 386 2893 1315 872 376 332 496
is_linear=0
shrinkage=0.03


Tree=130
num_leaves=15
num_cat=0
split_feature=84 77 67 3 8 3 82 35 43 63 82 8 69 26
split_gain=14.2319 18.06 19.3237 14.9138 15.8555 16.5717 20.207 14.703 15.2392 15.217 13.4359 12.65 12.2153 14.9161
threshold=14.720274130503338 -289.75356954336161 -63.55616506127749 15.041666666656967 3.829721678959157 17.541666666656969 -92.084950089454637 15.579128550794415 236.17563958545966 -73.562452404841537 7.3096038103103647 3.2985418666644892 115.86986283268736 61.500000000000007
decision_type=10 8 8 2 10 2 10 8 10 8 8 10 8 2
left_child=1 -1 -3 7 5 -5 -7 9 -9 11 -10 -4 -2 -14
right_child=12 2 3 4 -6 6 -8 8 10 -11 -12 -13 13 -15
leaf_value=-0.48204592419595321 0.021634949369561552 -0.68061314714717291 1.2953242536702925 0.24667098260643935 0.42120084167159405 0.07569319909302194 -0.58184072191740577 0.50834178788019113 -0.57857427717092891 -0.24532201122835431 0.016402312575546463 -0.2283817342987392 -0.2397102778139196 0.73376687110420291
leaf_weight=193 664 299 50 181 406 123 167 179 62 663 401 50 64 331
leaf_count=193 664 299 50 181 406 123 167 179 62 663 401 50 64 331
internal_value=0.000524257 -0.000605405 5.80945e-05 0.000998686 0.00406606 0.000317797 -0.00412371 -0.000917496 0.00242613 -0.00373037 -0.000452586 0.00712871 0.00348113 0.00765152
internal_weight=3833 2774 2581 2282 877 471 290 1405 642 763 463 100 1059 395
internal_count=3833 2774 2581 2282 877 471 290 1405 642 763 463 100 1059 395
is_linear=0
shrinkage=0.03


Tree=131
num_leaves=15
num_cat=0
split_feature=28 3 22 68 3 28 84 57 53 3 64 82 64 62
split_gain=18.0813 11.5435 20.073 16.0041 15.7934 13.5984 11.5429 15.4042 9.6915 11.6946 19.4379 14.2628 13.9448 15.7706
threshold=485.00000000000006 20.375000000000004 11.32855796813965 -0.16036284123180808 22.958333333343038 449.50000000000006 34.66137500603994 7.5000000000000009 12.500000000000002 17.458333333343038 4.6197370438354346 165.25253645579025 5.7532043909127077 -0.024310107149634181
decision_type=2 2 2 8 2 2 8 10 10 2 10 8 10 10
left_child=1 5 3 -3 -5 8 -6 -8 9 12 11 -11 -1 -14
right_child=-2 2 -4 4 6 -7 7 -9 -10 10 -12 -13 13 -15
leaf_value=0.033727630288822835 -1.2522733317087757 -0.28892379291407999 -0.6588361014008608 0.90653293258486145 -0.86442973960177905 0.2831977724508708 -0.28619578065245788 1.7956694574453451 -0.051613180352568476 -0.49076059582085274 0.90197755213551811 0.19401114526055302 0.01791756180046189 -0.84233139655740275
leaf_weight=2157 62 58 67 263 40 69 47 41 240 406 68 64 132 92
leaf_count=2157 62 58 67 263 40 69 47 41 240 406 68 64 132 92
internal_value=-0.000252167 1.60214e-05 0.00417795 0.00646667 0.00864796 -0.000650356 0 0.00606742 -0.000939873 -0.000462329 -0.00445269 -0.0066242 0.000440806 -0.00666667
internal_weight=3806 3744 516 449 391 3228 128 88 3159 2919 538 470 2381 224
internal_count=3806 3744 516 449 391 3228 128 88 3159 2919 538 470 2381 224
is_linear=0
shrinkage=0.03


Tree=132
num_leaves=15
num_cat=0
split_feature=6 65 42 66 79 82 3 70 38 28 52 14 3 71
split_gain=13.3285 12.8876 13.2806 11.6017 11.5259 11.4938 19.4015 14.4588 21.3024 16.1333 14.1355 13.2608 13.4631 11.57
threshold=690.00000000000011 1.0486778456354555 224.19261944293979 -159.57808005809781 275.37175887992549 106.90746714671455 10.375000000000002 0.91987179487179505 3433.3029565163574 203.50000000000003 116.24787402153017 86.156459915139592 5.7083333333430355 11.500000000000002
decision_type=8 10 10 8 10 10 2 10 10 2 10 10 2 10
left_child=1 2 -1 -2 5 7 13 11 9 -9 -10 -5 -13 -7
right_child=3 -3 -4 4 -6 6 -8 8 10 -11 -12 12 -14 -15
leaf_value=0.085111564898003284 -0.58517558583280627 -0.10187537916627171 1.2262030429689339 -0.2062605036939999 -0.19309275141662152 -1.13000071987383 0.87197640310811664 -0.58240454840538802 0.30892383429920278 -0.04227309234055468 -0.47974085988129883 -0.14376412524936605 0.18634724512525097 0.44624986903415531
leaf_weight=987 221 262 106 145 144 58 222 348 190 407 46 90 533 47
leaf_count=987 221 262 106 145 144 58 222 348 190 407 46 90 533 47
internal_value=0.000157604 0.00254425 0.00397623 -0.00116232 -0.000510982 5.74988e-05 0.00521341 -0.000903409 -0.00329637 -0.00575397 0.00455696 0.00218466 0.00408654 -0.00537736
internal_weight=3806 1355 1093 2451 2230 2086 327 1759 991 755 236 768 623 105
internal_count=3806 1355 1093 2451 2230 2086 327 1759 991 755 236 768 623 105
is_linear=0
shrinkage=0.03


Tree=133
num_leaves=15
num_cat=0
split_feature=4 66 31 56 79 33 58 80 17 60 5 84 68 39
split_gain=14.6831 15.4689 15.7788 16.8012 17.7393 15.8361 14.4779 14.1658 13.873 13.3644 12.9087 15.7761 12.9789 12.8958
threshold=8.5000000000000018 -348.38698029518122 12.34404761904762 42.259851376215629 52.721247598201387 15.315354767184036 8.5342426300048846 107.45434272289278 48.000000000000007 6.8580247163772592 122.47222447395326 -96.926874756813035 -0.18090326310394703 1493.2433538745202
decision_type=2 8 8 8 10 10 10 10 2 8 10 8 8 10
left_child=1 -1 7 4 5 6 9 8 -3 13 11 -5 -13 -4
right_child=-2 2 3 10 -6 -7 -8 -9 -10 -11 -12 12 -14 -15
leaf_value=-1.1638599591523 0.12084181545866143 -0.034350538386306084 0.42805852835983199 -0.26625653500104834 -0.85377517836445482 -0.61968080682149829 -0.69464396162422815 0.46022234413065632 0.5326137018763174 0.32260094348186852 -0.2568879555668433 -0.34584245129635943 0.084384054005191195 -0.64408116606847032
leaf_weight=53 900 949 55 137 57 397 71 259 65 87 103 47 592 75
leaf_count=53 900 949 55 137 57 397 71 259 65 87 103 47 592 75
internal_value=-0.000288462 -0.00131275 -0.00101554 -0.00297781 -0.00629879 -0.00494169 0.000415225 0.00148352 -0.000118227 0.00426606 -0.000170455 0.0011583 0.00314062 -0.00183206
internal_weight=3847 2947 2894 1621 742 685 288 1273 1014 217 879 776 639 130
internal_count=3847 2947 2894 1621 742 685 288 1273 1014 217 879 776 639 130
is_linear=0
shrinkage=0.03


Tree=134
num_leaves=15
num_cat=0
split_feature=0 9 82 67 63 24 36 84 31 56 77 82 28 17
split_gain=11.5068 24.1111 12.7703 10.1784 11.0221 10.9387 9.27581 11.5217 12.9388 10.6958 13.7822 10.4043 18.7302 17.2408
threshold=307.50000000000006 270.00000000000006 123.29898506402971 -261.95527132919852 -241.11394063845037 34.500000000000007 0.12392463562033418 -80.281417727470384 18.963571428571431 125.72860348224641 15.967813551425936 -20.576139728228245 216.50000000000003 24.500000000000004
decision_type=2 2 8 8 8 2 8 8 8 10 8 8 2 2
left_child=3 2 -2 -1 5 -5 7 -6 -9 10 -10 12 -8 -14
right_child=1 -3 -4 4 6 -7 11 8 9 -11 -12 -13 13 -15
leaf_value=-1.0756739488519573 0.43978557300058185 -0.34092626333610732 2.8707216982291519 0.028467685336801125 0.39968797624470848 1.3055924056566179 -0.54351470205937169 0.60517170366502948 -0.33032724705055438 0.031592134163888237 0.095096550675479077 0.0041661207298074841 -0.4492198161580272 0.41274476179053837
leaf_weight=66 53 57 82 110 44 66 371 82 86 66 50 2398 97 151
leaf_count=66 53 57 82 110 44 66 371 82 86 66 50 2398 97 151
internal_value=0.000325397 0.00746114 0.0143382 -5.85284e-05 0.00016184 0.00745763 -0.000224148 0.00455927 0.00231579 -0.0017734 -0.00656934 -0.000745527 -0.00420968 0.00216867
internal_weight=3779 192 135 3587 3521 176 3345 328 284 202 136 3017 619 248
internal_count=3779 192 135 3587 3521 176 3345 328 284 202 136 3017 619 248
is_linear=0
shrinkage=0.03


Tree=135
num_leaves=15
num_cat=0
split_feature=67 80 7 39 9 60 34 64 36 38 24 82 22 5
split_gain=17.3411 15.2188 14.884 14.2863 15.8721 14.7547 13.3454 12.0879 12.0268 11.5763 11.1542 10.4302 10.4074 11.1861
threshold=202.58982433776072 -66.827454328536973 5046.7826956723011 2417.8878186046354 150.00000000000003 -143.26215791702268 0.12158167036215818 3.7756686004186268 0.63373983739837414 3879.7899791111604 37.500000000000007 62.50952736536663 3.075762271881104 97.547116756439223
decision_type=10 8 8 10 2 8 10 8 8 10 2 8 2 8
left_child=2 -2 3 4 8 -6 -3 -5 -1 -7 -8 -4 -13 -14
right_child=1 6 11 7 5 9 10 -9 -10 -11 -12 12 13 -15
leaf_value=0.26305898161851721 -0.69615277095743211 2.2453194544192332 2.1600400527822403 -0.93123152150575517 -1.8374115091494181 -0.06278164313750785 0.8601846257287179 -0.079337083855892901 -0.083464459389245543 0.36316668386026124 0.0047831294763232618 0.29889109266321329 -0.20012727133799216 0.14805863102017608
leaf_weight=485 64 48 42 65 47 1271 170 966 118 121 190 89 41 79
leaf_count=485 64 48 42 65 47 1271 170 966 118 121 190 89 41 79
internal_value=-0.000173821 0.00520085 -0.000938346 -0.00151269 -5.87372e-05 -0.00177083 0.00733496 -0.00438953 0.00402318 -0.00120603 0.00531856 0.00607143 0.00328571 -0.00247934
internal_weight=3796 472 3324 3073 2042 1439 408 1031 603 1392 360 251 209 120
internal_count=3796 472 3324 3073 2042 1439 408 1031 603 1392 360 251 209 120
is_linear=0
shrinkage=0.03


Tree=136
num_leaves=15
num_cat=0
split_feature=3 67 39 3 28 36 77 77 15 3 71 8 36 17
split_gain=16.3788 20.8177 18.9032 17.6705 16.4812 23.5844 16.3598 16.6186 16.3763 16.3772 15.5263 15.0875 17.7505 17.7256
threshold=15.708333333343036 448.47620174288755 2345.9196444808044 10.125000000000002 290.50000000000006 0.46225071225071229 -100.32442498207091 34.815876245498664 32.500000000000007 17.041666666656969 9.5000000000000018 4.103933004722145 0.97646733111849404 32.500000000000007
decision_type=2 10 8 2 2 10 8 8 2 2 10 10 10 2
left_child=2 6 -1 -4 5 -5 8 -8 9 10 -2 12 13 -11
right_child=1 -3 3 4 -6 -7 7 -9 -10 11 -12 -13 -14 -15
leaf_value=0.044579146091424486 1.4950050671116748 1.4687959510956254 -0.022305079976637873 -0.40274301014733205 -1.7401291095129372 0.91154435056098204 0.72854187225400702 0.016089347563450342 0.2500002562480716 -0.0048266057069545811 -0.0069671575449366686 0.052514435461458502 0.44787223217777933 -0.93977456368840773
leaf_weight=1349 58 81 532 287 108 48 225 249 128 111 131 223 64 231
leaf_count=1349 58 81 532 287 108 48 225 249 128 111 131 223 64 231
internal_value=5.48876e-05 0.00249667 -0.00152258 -0.00470287 -0.00912162 -0.00580357 0.00164673 0.00618947 -0.00063358 -0.0021978 0.00552632 -0.00452381 -0.00796069 -0.0106706
internal_weight=3825 1501 2324 975 443 335 1420 474 946 818 189 629 406 342
internal_count=3825 1501 2324 975 443 335 1420 474 946 818 189 629 406 342
is_linear=0
shrinkage=0.03


Tree=137
num_leaves=15
num_cat=0
split_feature=4 60 29 48 31 28 68 79 7 36 36 83 54 0
split_gain=12.6673 21.0983 16.6461 15.7156 15.4929 17.5946 14.1544 14.0054 12.3181 10.9866 13.2395 13.0478 10.8588 10.864
threshold=7.5000000000000009 9.1268948316574114 0.84954321287088697 107.19344095389049 20.415476190476195 250.50000000000003 0.13302584971250184 10.934302744559231 1883.9277196633577 0.11145617667356798 0.15133897110641301 -55.942715644836419 1110.0000000000002 276.50000000000006
decision_type=2 8 10 10 10 2 10 10 10 8 10 8 10 2
left_child=1 2 -1 7 5 6 8 -3 -2 -5 -11 -12 13 -13
right_child=4 3 -4 9 -6 -7 -8 -9 -10 10 11 12 -14 -15
leaf_value=-2.2304419227256105 0.94333677402805738 -0.037081720369049373 -0.37240035935412941 0.025220165455298656 -0.17763000762588108 0.37767614480152412 0.71598700519543379 0.1843113899000749 -0.010837320626040956 -0.55668094257033485 -0.4784652885657425 -0.026853014547981686 -0.23178253407112165 0.54936207182543351
leaf_weight=57 40 511 262 81 380 318 191 497 942 47 194 155 91 56
leaf_count=57 40 511 262 81 380 318 191 497 942 47 194 155 91 56
internal_value=1.56945e-05 -0.0016752 -0.00871875 -0.000293938 0.00177885 0.00315684 0.00145656 0.0020218 0 -0.004032 -0.00556985 -0.00410463 -0.00019802 0.00353774
internal_weight=3822 1951 319 1632 1871 1491 1173 1008 982 624 543 496 302 211
internal_count=3822 1951 319 1632 1871 1491 1173 1008 982 624 543 496 302 211
is_linear=0
shrinkage=0.03


Tree=138
num_leaves=15
num_cat=0
split_feature=6 41 77 76 3 8 45 3 73 85 69 76 26 78
split_gain=15.3375 13.6065 11.9989 14.6322 14.9024 13.7719 11.9742 11.745 10.7349 10.7096 10.6878 15.4108 10.7131 15.9089
threshold=690.00000000000011 408.78963303565985 -286.18455314636225 355.85716199874884 15.541666666656967 3.9277078271905066 6.5000000000000009 20.375000000000004 37.083138227462776 -115.58988815546034 227.29271178951601 503.77627515792852 61.500000000000007 0.70833333333333337
decision_type=10 10 8 10 2 10 8 2 10 8 10 10 2 8
left_child=7 2 -2 4 6 -6 -4 8 9 -1 11 -5 13 -13
right_child=1 -3 3 10 5 -7 -8 -9 -10 -11 -12 12 -14 -15
leaf_value=-0.46145966023706403 -0.32520108723356961 -0.62662262302624638 -0.88314660794286404 1.1816850122634379 -0.08701225324791792 0.2080164257277515 -0.11388700530587798 0.69450739503957071 0.57025854385765185 0.048354535770025513 -0.30405290152322256 -0.43937839079886043 0.24247472057295325 0.17063291943042438
leaf_weight=119 191 62 127 90 296 324 791 197 57 1052 73 42 301 47
leaf_count=119 191 62 127 90 296 324 791 197 57 1052 73 42 301 47
internal_value=7.95756e-06 -0.00148401 -0.00110381 -0.000444551 -0.00194932 0.00164251 -0.00437432 0.00246143 0.00136697 0.000742321 0.00373646 0.00536383 0.00276215 -0.00633333
internal_weight=3769 2344 2282 2091 1538 620 918 1425 1228 1171 553 480 390 89
internal_count=3769 2344 2282 2091 1538 620 918 1425 1228 1171 553 480 390 89
is_linear=0
shrinkage=0.03


Tree=139
num_leaves=15
num_cat=0
split_feature=67 80 79 3 3 17 75 77 62 15 34 27 67 8
split_gain=13.5913 13.0714 16.5477 10.8576 14.1608 17.0832 15.9045 14.8743 12.3943 10.25 12.6439 12.5864 10.5092 9.1426
threshold=-261.95527132919852 85.216893911361709 58.953799434186791 23.291666666656969 19.708333333343038 42.500000000000007 1397.3192082643511 -202.1419001817703 -0.12278481116584786 17.500000000000004 0.19742875859810025 0.95782060785767242 27.57558730069325 6.0885345621350027
decision_type=8 10 10 2 2 2 8 8 10 2 10 10 10 8
left_child=-1 13 3 4 6 -6 8 -8 -3 10 -9 12 -12 -2
right_child=1 2 -4 -5 5 -7 7 9 -10 -11 11 -13 -14 -15
leaf_value=-1.2093506083908969 -0.033305346602748878 2.1409699859026907 -0.71882059524574671 -0.41959123556863814 2.3866259150850859 0.28917598911090114 0.7396286559932147 -1.2206171603778351 0.13263745891664547 0.18252225541054515 0.78365567790671742 -0.47488612333238356 -0.34538214256282118 0.11209249633120577
leaf_weight=66 2528 77 41 43 68 53 96 47 58 223 62 70 46 375
leaf_count=66 2528 77 41 43 68 53 96 47 58 223 62 70 46 375
internal_value=-3.89206e-05 0.000197994 0.00338983 0.00430095 0.00509363 0.0145082 0.00339706 0.00110092 0.0125735 -0.00120267 -0.00570796 -0.00201117 0.00440367 -0.000774793
internal_weight=3853 3787 884 843 800 121 679 544 135 448 225 178 108 2903
internal_count=3853 3787 884 843 800 121 679 544 135 448 225 178 108 2903
is_linear=0
shrinkage=0.03


Tree=140
num_leaves=15
num_cat=0
split_feature=78 26 31 22 28 25 80 54 34 27 48 35 81 81
split_gain=10.8191 13.6834 12.4017 14.6437 10.3792 12.9475 16.2075 18.227 16.9454 13.7432 17.454 16.8857 12.916 17.4195
threshold=0.70833333333333337 61.500000000000007 13.196153846153846 2.0054835081100468 485.00000000000006 0.93377192982456159 105.73080992698671 2190.0000000000005 0.17287356321839084 0.96828988005458605 69.205930431683882 0.6629464285714286 8242.9177157878894 4597.665326476098
decision_type=8 2 8 2 2 10 8 10 10 10 8 10 10 10
left_child=1 -1 -3 -4 5 6 8 12 -2 11 -11 -7 13 -8
right_child=4 2 3 -5 -6 9 7 -9 -10 10 -12 -13 -14 -15
leaf_value=-0.19664958207045258 0.10404382497009895 0.1047327257006026 0.11278192875753265 -0.37036282458668379 -1.0842680703232987 1.1054822625781462 0.11356501041879198 -0.167898494934166 -0.21141924848082239 0.29967748263201704 -0.3265224098606937 0.22525893252909626 1.204285453766833 -0.4352140663229277
leaf_weight=122 367 245 98 296 49 49 621 51 804 123 205 581 139 108
leaf_count=122 367 245 98 296 49 49 621 51 804 123 205 581 139 108
internal_value=0.000171029 -0.0030315 -0.00126563 -0.00455696 0.000958683 0.00118071 -0.000143472 0.00283696 -0.00248294 0.00406674 -0.000911854 0.0066561 0.00386651 0.00226027
internal_weight=3858 761 639 394 3097 3048 2090 919 1171 958 328 630 868 729
internal_count=3858 761 639 394 3097 3048 2090 919 1171 958 328 630 868 729
is_linear=0
shrinkage=0.03


Tree=141
num_leaves=15
num_cat=0
split_feature=4 0 0 39 77 33 3 72 0 31 26 77 64 56
split_gain=15.4379 23.0975 21.1939 23.3785 19.4637 18.3008 14.9818 14.6964 15.5438 13.6139 12.8165 12.4325 13.459 12.7238
threshold=7.5000000000000009 -2.4999999999999996 155.50000000000003 1824.832297019462 -232.80013161897656 15.851925925925928 15.291666666656967 -110.07857191562651 98.500000000000014 20.415476190476195 121.50000000000001 36.790439248085029 4.0918922451920468 108.26193467775981
decision_type=2 2 2 10 8 8 2 10 2 8 2 10 8 10
left_child=1 5 3 9 -5 -1 -4 8 -6 10 -2 12 13 -3
right_child=2 11 6 4 7 -7 -8 -9 -10 -11 -12 -13 -14 -15
leaf_value=-0.11745738188826692 0.15380171003250143 0.010242166918705954 0.21994662811272064 -0.53051961575031226 -0.23648229267013918 -0.44523795658100135 1.6413245513373353 0.19552133807510266 0.70626896435712139 -0.10378709236734958 0.99437349255650498 -0.38857865389935065 0.05757387324155825 -1.0583376268979579
leaf_weight=372 423 147 146 117 391 240 147 281 114 94 134 127 1024 91
leaf_count=372 423 147 146 117 391 240 147 281 114 94 134 127 1024 91
internal_value=-7.79423e-05 -0.0019031 0.00189935 0.000501608 -0.00262168 -0.00675367 0.00928571 -0.000914867 -0.00397233 0.00483129 0.0066129 0.00023741 0.00114014 -0.00527197
internal_weight=3848 2001 1847 1554 903 612 293 786 505 651 557 1389 1262 238
internal_count=3848 2001 1847 1554 903 612 293 786 505 651 557 1389 1262 238
is_linear=0
shrinkage=0.03


Tree=142
num_leaves=15
num_cat=0
split_feature=7 28 82 77 77 65 65 0 28 7 28 3 11 35
split_gain=13.8577 12.1677 14.5082 22.0014 19.6481 28.3215 17.8004 17.3204 14.8184 14.7342 15.1295 12.7037 12.1858 12.162
threshold=5123.2697457641034 485.00000000000006 102.96407943964006 55.777269005775459 22.592483520507816 0.94762101116797581 0.92926644237299272 88.500000000000014 253.50000000000003 2110.1700640061431 254.50000000000003 10.541666666656967 390.00000000000006 13.43059523809524
decision_type=10 2 8 10 8 10 8 2 2 8 2 2 2 10
left_child=1 2 3 4 -1 13 7 11 -9 12 -11 -4 -8 -6
right_child=-2 -3 6 -5 5 -7 9 8 -10 10 -12 -13 -14 -15
leaf_value=-0.093803066117709652 0.46227420585247714 -0.94769392356585158 -0.42802312964415534 -1.0640607769180654 -0.27494570276811442 0.66480633225121755 0.85254274394920393 1.6169410498790937 -0.33355162742836908 -0.084778785609934598 0.24744079341054326 0.29247062548177521 0.070465434182468645 0.37533261758406128
leaf_weight=1550 182 62 41 77 169 134 98 131 46 733 231 60 185 123
leaf_count=1550 182 62 41 77 169 134 98 131 46 733 231 60 185 123
internal_value=0.00014125 -0.000263664 -3.35289e-05 -0.00167965 -0.00106222 0.004637 0.00218218 0.00903226 0.0146629 0.000649038 -0.00111917 -0.000882353 0.00665493 -0.000614334
internal_weight=3822 3640 3578 2053 1976 426 1525 278 177 1247 964 101 283 292
internal_count=3822 3640 3578 2053 1976 426 1525 278 177 1247 964 101 283 292
is_linear=0
shrinkage=0.03


Tree=143
num_leaves=15
num_cat=0
split_feature=0 4 56 17 77 77 77 17 3 56 17 77 60 14
split_gain=12.1324 20.7509 16.1331 15.8237 14.9194 16.7655 15.7326 13.9386 19.2282 26.4905 16.2503 17.3294 18.309 17.2812
threshold=-4.4999999999999991 7.5000000000000009 -53.818645636240639 37.500000000000007 -244.4408195018768 -266.05513942241663 115.06792348623277 24.500000000000004 13.291666666656967 124.17148363590242 29.000000000000004 -3.0912309288978572 132.77201163768771 455.63683804149679
decision_type=2 2 8 2 8 10 10 2 2 8 2 8 10 8
left_child=1 3 -2 -1 5 -4 7 8 9 -6 11 12 -9 -12
right_child=2 -3 4 -5 6 -7 -8 10 -10 -11 13 -13 -14 -15
leaf_value=-0.036253719103796517 0.71861941442367849 0.032708818556501026 -0.032874528583464159 -0.68011107627220979 -0.87383406353917714 -1.6109285284372958 -0.24691798436343459 1.0271030246360855 0.1358798917945489 0.051771094913232361 0.086667534556219811 1.4875145683147097 -0.52935418554850044 -0.11600565784317382
leaf_weight=301 133 593 252 298 163 48 147 107 264 107 846 123 62 393
leaf_count=301 133 593 252 298 163 48 147 107 264 107 846 123 62 393
internal_value=-0.000304846 -0.00281643 0.000827664 -0.00675 0.00028651 -0.00598007 0.00113873 0.0018151 -0.00235514 -0.00797048 0.00327023 0.00962457 0.00335294 0.00176613
internal_weight=3837 1192 2645 599 2512 300 2212 2065 534 270 1531 292 169 1239
internal_count=3837 1192 2645 599 2512 300 2212 2065 534 270 1531 292 169 1239
is_linear=0
shrinkage=0.03


Tree=144
num_leaves=15
num_cat=0
split_feature=0 17 77 17 76 28 84 66 4 0 80 39 8 69
split_gain=13.7013 12.0026 18.4771 22.6395 30.8405 21.0986 16.579 13.8026 17.004 16.9723 13.7398 13.5401 15.8349 15.2747
threshold=385.50000000000006 35.000000000000007 121.64101433753969 24.500000000000004 539.11502468585979 287.50000000000006 123.01136714220048 202.75392520427707 8.5000000000000018 -35.499999999999993 13.331244111061098 2345.9196444808044 3.1973082658937417 132.21371454956508
decision_type=2 2 10 2 8 2 10 10 2 2 10 10 8 10
left_child=1 2 3 5 -5 6 -1 8 9 -3 -9 12 -6 -13
right_child=-2 7 -4 4 11 -7 -8 10 -10 -11 -12 13 -14 -15
leaf_value=-0.0060053152234918385 0.90324099466421581 -0.64581192186312941 -0.39447352469363178 2.1421750233122272 -0.027963698295998894 -0.78834364034422888 0.9488959164629982 -0.58679332901804804 0.073750588888497934 -0.0092100256677963791 -0.073768567282678665 -0.27757549814844212 1.0950445957998765 1.0594888768974073
leaf_weight=862 94 313 105 105 61 83 85 124 503 940 135 200 108 119
leaf_count=862 94 313 105 105 61 83 85 124 503 940 135 200 108 119
internal_value=0.000117249 -0.000168269 0.0016657 0.0024569 0.00712121 -0.000232784 0.0010443 -0.00174107 -0.00078543 -0.0026555 -0.00819231 0.00392638 0.0107647 0.00028125
internal_weight=3837 3743 1728 1623 593 1030 947 2015 1756 1253 259 488 169 319
internal_count=3837 3743 1728 1623 593 1030 947 2015 1756 1253 259 488 169 319
is_linear=0
shrinkage=0.03


Tree=145
num_leaves=15
num_cat=0
split_feature=4 67 77 26 3 68 28 77 81 60 69 28 56 84
split_gain=14.0859 17.7701 14.2713 15.6049 13.6378 16.3667 15.593 18.2567 16.6399 18.8123 13.8022 14.0636 12.5715 14.5482
threshold=7.5000000000000009 -157.29440929492313 -241.54876583814618 72.500000000000014 5.9583333333430355 0.15593488758991633 135.50000000000003 -142.86096280813214 9038.4425308704394 4.0886147022247323 -100.78605152213107 212.50000000000003 52.669573386510216 -41.319732447465249
decision_type=2 8 8 2 2 10 2 8 10 10 8 2 10 10
left_child=1 -1 3 -2 -4 6 7 -6 9 -8 -11 -12 13 -5
right_child=2 -3 4 12 5 -7 8 -9 -10 10 11 -13 -14 -15
leaf_value=-1.5398446756277326 1.3471110417498013 -0.01492325083920882 -0.075490423617389724 -0.83163563429357323 0.75525490717041543 0.7512074778039054 0.47564324944777514 -0.29065373394176286 -0.16150207138543637 -0.48274970676299844 -0.055550928130445668 0.86184131211916004 -1.1672433103985089 0.031758527343700389
leaf_weight=87 44 1899 217 57 46 176 395 114 179 70 186 192 48 123
leaf_count=87 44 1899 217 57 46 176 395 114 179 70 186 192 48 123
internal_value=0.000273865 -0.00147962 0.00215909 -0.00417582 0.00325508 0.00437086 0.00309383 -0.00559006 0.00445748 0.00622038 0.00200445 0.00427441 -0.00733624 -0.00364641
internal_weight=3833 1986 1847 272 1575 1358 1182 160 1022 843 448 378 228 180
internal_count=3833 1986 1847 272 1575 1358 1182 160 1022 843 448 378 228 180
is_linear=0
shrinkage=0.03


Tree=146
num_leaves=15
num_cat=0
split_feature=3 79 68 39 7 83 36 85 28 28 3 42 60 41
split_gain=13.2746 26.2838 19.6867 18.6166 18.3062 14.8008 12.1765 11.8834 11.8026 14.8992 12.0224 10.2798 10.6321 11.9834
threshold=20.208333333343038 75.100698281818779 0.10979762241866169 3275.9286375344518 2625.7880105301506 -170.81070125102994 0.1913329161451815 208.99333202838901 485.00000000000006 449.50000000000006 19.541666666656969 311.64459013938909 -107.04284620285033 -90.091878294944749
decision_type=2 10 8 10 10 10 10 8 2 2 2 10 8 10
left_child=8 2 3 6 5 -4 -2 -5 9 10 11 12 -1 -14
right_child=1 -3 4 7 -6 -7 -8 -9 -10 -11 -12 -13 13 -15
leaf_value=-0.36322064559653761 1.1757875802967175 -0.68593650414941154 -0.44767979695765814 -1.5025589280436111 1.5162278152633835 0.62893933469124141 -0.036524773067843554 -0.017419524067330484 -0.87988398080507657 0.37884229929847046 -0.44893416214352377 -0.16688600248837177 0.084431928938934461 -0.011893439683302814
leaf_weight=148 80 40 48 44 149 40 86 55 50 68 122 173 355 2379
leaf_count=148 80 40 48 44 149 40 86 55 50 68 122 173 355 2379
internal_value=-0.000257947 0.0040884 0.00596421 0.000338346 0.0122269 0.00134831 0.00646707 -0.0099 -0.000973908 -0.000748614 -0.00104783 -0.000677356 -0.00024974 0.000175503
internal_weight=3837 542 502 265 237 88 166 99 3295 3245 3177 3055 2882 2734
internal_count=3837 542 502 265 237 88 166 99 3295 3245 3177 3055 2882 2734
is_linear=0
shrinkage=0.03


Tree=147
num_leaves=15
num_cat=0
split_feature=28 1 1 53 39 33 79 81 80 29 16 32 81 60
split_gain=17.1725 15.6891 15.4594 12.2099 11.6747 13.8553 12.7925 9.73769 8.96495 16.9479 13.456 11.969 10.8964 9.2165
threshold=485.00000000000006 659.08346462249767 657.02162611484539 7.5000000000000009 2439.0346413748298 10.719985775248935 11.838237316775302 4597.665326476098 123.29665410518648 0.95464829288358721 11.500000000000002 0.30495169082125612 8242.9177157878894 493.56062042713171
decision_type=2 2 2 8 8 10 8 10 10 10 2 10 10 10
left_child=1 2 4 -4 5 -1 7 -6 13 10 -10 12 -12 -3
right_child=-2 8 3 -5 6 -7 -8 -9 9 -11 11 -13 -14 -15
leaf_value=-0.015151888359273363 -0.88658967407523426 -0.06803454063826006 -0.0057383333719697302 1.0633783405847306 0.30039196223390235 0.24899712720712996 0.047434018612031822 -0.46415239888736537 0.85647128938400618 -0.66973412278350553 -0.76733660562064154 1.2412536086753299 0.76263939443991846 0.3197381472039143
leaf_weight=377 52 1714 69 144 43 491 329 169 116 59 71 54 40 87
leaf_count=377 52 1714 69 144 43 491 329 169 116 59 71 54 40 87
internal_value=-2.35849e-05 0.000215197 0.00243993 0.00995327 0.00129787 0.00345224 -0.00215867 -0.00788732 -0.00147059 0.0029912 0.00606383 0.000542169 -0.00508929 -0.0023141
internal_weight=3815 3763 1622 213 1409 868 541 212 2141 340 281 165 111 1801
internal_count=3815 3763 1622 213 1409 868 541 212 2141 340 281 165 111 1801
is_linear=0
shrinkage=0.03


Tree=148
num_leaves=15
num_cat=0
split_feature=28 41 63 31 28 68 16 80 39 56 56 80 35 34
split_gain=11.8456 11.0653 12.1475 16.976 17.2629 25.44 16.6375 13.8632 13.6081 13.3054 18.1842 12.3299 12.2443 14.5823
threshold=485.00000000000006 408.78963303565985 113.40358750638323 20.415476190476195 259.50000000000006 0.0685278732435365 7.5000000000000009 -120.80613541603087 3092.6151298114996 -55.942687511444085 -118.76712493101755 5.8047277927398691 10.875702247191013 0.2228132387706856
decision_type=2 10 8 8 2 8 2 8 10 10 10 10 10 10
left_child=1 2 3 4 7 8 12 -1 -6 10 11 -9 -4 -14
right_child=-2 -3 6 -5 5 -7 -8 9 -10 -11 -12 -13 13 -15
leaf_value=-0.7379526603336104 -0.85999198385297737 -0.50104845165438416 0.61274085216160012 -0.26584471171367718 0.88495346306222555 -0.96258386167951926 0.00094659378498135425 0.23106341448988577 -0.0072570262897582432 -0.15329854860433711 0.35638981978115936 -0.65257730020871252 0.2532631833730048 -0.16304288475283293
leaf_weight=118 62 90 111 386 175 44 1396 64 81 645 213 67 231 130
leaf_count=118 62 90 111 386 175 44 1396 64 81 645 213 67 231 130
internal_value=-0.000432617 -0.000215885 4.09612e-05 -0.00172241 -0.000191761 0.0061794 0.00173355 -0.00192238 0.00980545 -0.000757576 0.004 -0.00477273 0.00659619 0.00389503
internal_weight=3813 3751 3661 1793 1407 300 1868 1107 256 989 344 131 472 361
internal_count=3813 3751 3661 1793 1407 300 1868 1107 256 989 344 131 472 361
is_linear=0
shrinkage=0.03


Tree=149
num_leaves=15
num_cat=0
split_feature=6 39 39 17 56 62 31 3 8 15 17 48 61 85
split_gain=18.3464 12.7835 13.9315 18.0802 11.3682 11.8709 10.9881 10.534 18.6837 16.0937 17.3656 16.7452 16.1422 15.7395
threshold=690.00000000000011 4512.7353701189886 2396.2808199483848 19.500000000000004 33.854473988215133 -0.19633821585790831 20.91555555555556 15.541666666656967 4.4056636968576113 28.500000000000004 37.500000000000007 15.687763532002768 0.98093540973849846 -135.62698262929914
decision_type=10 10 8 2 10 8 8 2 10 2 2 10 8 8
left_child=1 2 4 -4 5 -1 -7 -2 9 10 11 12 -9 -12
right_child=7 -3 3 -5 -6 6 -8 8 -10 -11 13 -13 -14 -15
leaf_value=0.45137147987863652 -0.10751252963911589 0.2148546826228894 0.81433463811883378 -0.1723610280457531 0.43190705782038769 0.063145585037519603 -0.29167887612449483 1.1715511831108483 0.41710812282790294 0.34860761696335124 -1.740059246584198 -0.16177392516654721 -0.0005513943474576877 -0.17104288942077625
leaf_weight=68 1386 210 40 373 288 436 56 49 269 91 40 261 51 218
leaf_count=68 1386 210 40 373 288 436 56 49 269 91 40 261 51 218
internal_value=0.000203284 0.00283288 0.0016878 -0.00282609 0.00388693 0.00139037 -0.000243408 -0.0014328 0.00094898 -0.00160338 -0.00333871 0.000911602 0.0112871 -0.00926641
internal_weight=3836 1471 1261 413 848 560 492 2365 979 710 619 361 100 258
internal_count=3836 1471 1261 413 848 560 492 2365 979 710 619 361 100 258
is_linear=0
shrinkage=0.03


Tree=150
num_leaves=15
num_cat=0
split_feature=81 79 79 41 63 81 1 14 56 85 26 41 7 25
split_gain=15.4096 12.7218 14.7685 17.5343 13.9355 12.7522 12.9584 13.2047 12.6282 12.3214 12.1807 11.9019 11.6261 11.3565
threshold=1587.2678377628329 206.8073415591129 10.724888020592759 -70.736657738685594 369.84534239432026 3259.223057866097 659.08346462249767 160.79954182373555 -104.62531300385791 -5.3031510710716239 203.50000000000003 60.593534588813789 3004.4487682646454 0.92768564171522494
decision_type=8 10 8 10 8 8 2 10 10 10 2 10 10 10
left_child=-1 2 3 8 11 -4 7 -7 10 -8 -2 -3 -10 -11
right_child=1 4 5 -5 -6 6 9 -9 12 13 -12 -13 -14 -15
leaf_value=0.97190875084879202 -0.35134360863114095 -0.19077285320659815 0.57698439632759912 -0.16920958082550183 -0.38617462447197343 -0.16413773717630989 -0.071812888552914025 0.21401349905674907 0.96982701413116823 -0.0086377622627563967 0.54096939523726073 0.24146932147833311 -0.0003952901554157506 0.31989852147781833
leaf_weight=60 134 54 77 1146 90 101 843 740 81 218 42 47 54 141
leaf_count=60 134 54 77 1146 90 101 843 740 81 218 42 47 54 141
internal_value=-0.000203709 -0.000445742 -4.19229e-05 -0.00236626 -0.00796875 0.00155587 0.00110078 0.00395487 0.00394231 -0.000897756 -0.00135593 -0.000294118 0.0108088 0.00375
internal_weight=3828 3768 3577 1457 191 2120 2043 841 311 1202 176 101 135 359
internal_count=3828 3768 3577 1457 191 2120 2043 841 311 1202 176 101 135 359
is_linear=0
shrinkage=0.03


Tree=151
num_leaves=15
num_cat=0
split_feature=28 0 66 28 60 81 56 38 56 34 3 62 77 81
split_gain=12.7438 11.2561 15.0889 12.667 11.252 11.2544 19.4647 15.998 10.4748 10.5149 13.497 13.5967 11.2964 15.6157
threshold=485.00000000000006 84.500000000000014 220.67688810825351 453.50000000000006 713.92004549503338 3500.4149638414387 -7.8159504731496172 1502.9486569538669 -46.991277376810707 0.30717948717948723 14.541666666656967 0.051478514914676872 2.8389582037925725 4536.5667403936395
decision_type=2 2 10 2 10 8 10 10 10 10 2 10 8 8
left_child=1 2 3 4 5 6 -1 -8 -3 12 11 -11 13 -10
right_child=-2 8 -4 -5 -6 -7 7 -9 9 10 -12 -13 -14 -15
leaf_value=0.69025670361638813 -0.74772792845106617 1.6976805822300831 -0.35609518269450546 0.37188351809232711 0.63761375781551621 -0.039630272530999766 -0.25835994133252371 0.23710608856079662 0.71109249115305861 0.070080826830764234 0.14042553289205156 -0.80904412816373983 0.64353668651353013 -0.065678494397556339
leaf_weight=99 62 40 158 43 73 2030 43 87 98 128 252 127 280 284
leaf_count=99 62 40 158 43 73 2030 43 87 98 128 252 127 280 284
internal_value=4.73062e-05 0.000272509 -0.000864246 -0.000265152 -0.000565795 -0.000942478 0.00534783 -0.00229008 0.00265289 0.00212821 -0.00112205 -0.00597656 0.00461538 0.00125326
internal_weight=3804 3742 2533 2375 2332 2259 229 130 1209 1169 507 255 662 382
internal_count=3804 3742 2533 2375 2332 2259 229 130 1209 1169 507 255 662 382
is_linear=0
shrinkage=0.03


Tree=152
num_leaves=15
num_cat=0
split_feature=4 67 70 39 79 26 52 27 16 26 3 28 17 28
split_gain=12.0976 17.9803 14.2445 30.4457 17.6499 15.511 14.2346 13.7681 13.065 11.3292 14.7938 13.1738 13.8816 14.9565
threshold=8.5000000000000018 -252.84170236205094 0.91287878787878796 2519.7779918389792 75.100698281818779 105.50000000000001 59.183415651321418 0.95529051172707902 13.500000000000002 106.50000000000001 15.791666666656967 135.50000000000003 48.000000000000007 124.50000000000001
decision_type=2 8 10 10 10 2 10 10 2 2 2 2 2 2
left_child=1 -1 4 5 8 6 -4 -2 -3 11 -11 12 13 -10
right_child=7 2 3 -5 -6 -7 -8 -9 9 10 -12 -13 -14 -15
leaf_value=-1.6364948497859062 0.11285136958830122 0.23219082785127984 0.056340746895379039 -0.50863770410529585 -0.15005356795017169 0.15631160103704198 -0.31543037931732365 -0.28614146996069129 0.1207690399135668 -0.64032985713971069 0.059651018408908879 0.26029903782719704 0.14921510603706672 -0.46476355729607316
leaf_weight=44 798 342 268 527 118 620 374 104 113 61 60 237 46 105
leaf_count=44 798 342 268 527 118 620 374 104 113 61 60 237 46 105
internal_value=-0.000243583 -0.00118313 -0.000887883 -0.00253073 0.00182825 0 -0.00326594 0.0027907 0.00317098 0.000577849 -0.00762295 0.00256972 -0.00203774 -0.00520548
internal_weight=3817 2915 2871 1789 1082 1262 642 902 964 622 121 501 264 218
internal_count=3817 2915 2871 1789 1082 1262 642 902 964 622 121 501 264 218
is_linear=0
shrinkage=0.03


Tree=153
num_leaves=15
num_cat=0
split_feature=17 77 67 4 28 23 38 65 7 62 1 66 8 57
split_gain=12.5311 15.0805 15.2906 14.8087 11.5762 11.4801 10.5832 18.0272 11.251 13.9478 10.1052 12.8266 12.7098 10.4391
threshold=71.500000000000014 107.6919767856598 596.58559644527941 5.5000000000000009 485.00000000000006 1.8619595766067507 2679.1771764750888 0.87319254788516354 2576.0842226591053 0.067317629589960862 666.52870881557476 162.01244449615481 5.8923942482609677 6.5000000000000009
decision_type=2 10 10 2 2 8 10 10 10 10 2 10 8 10
left_child=1 2 4 -3 5 6 -1 -8 -9 -10 11 12 -7 -14
right_child=-2 3 -4 -5 -6 10 7 8 9 -11 -12 -13 13 -15
leaf_value=-0.012188593773898332 2.026797974399241 0.025881378080590961 0.7849967318187856 -0.4265251465287016 -0.85514006459327074 0.0068412124020352395 0.95246134080011791 0.48939487331499298 0.074801875389958444 -0.93755363813555714 -0.12512220813614014 -0.26163277334703455 0.54281108334626682 -0.32374176176330505
leaf_weight=309 40 45 105 107 54 1349 110 74 137 42 1033 266 119 43
leaf_count=309 40 45 105 107 54 1349 110 74 137 42 1033 266 119 43
internal_value=-0.000399061 -0.000577227 -0.000189456 -0.00980392 -0.000525869 -0.000310078 0.00320951 0.00667582 0.00224409 -0.00183333 -0.00115261 0.000219348 0.00128968 0.00920245
internal_weight=3833 3793 3641 152 3536 3482 672 363 253 179 2810 1777 1511 162
internal_count=3833 3793 3641 152 3536 3482 672 363 253 179 2810 1777 1511 162
is_linear=0
shrinkage=0.03


Tree=154
num_leaves=15
num_cat=0
split_feature=1 1 26 79 65 5 34 38 7 83 16 17 60 29
split_gain=12.6096 20.0236 12.8712 11.7744 10.8345 12.4522 12.5775 12.6674 10.1979 9.55774 9.23386 10.1887 12.3124 11.662
threshold=659.08346462249767 657.02162611484539 122.50000000000001 10.598716366969347 1.0823437920351526 64.067189931869521 0.091750841750841763 2549.8179284707853 3904.5492793696326 -326.85508012771601 1.0000000180025095e-35 35.000000000000007 493.56062042713171 0.81719043151969994
decision_type=2 2 2 8 10 10 8 10 10 8 2 2 10 8
left_child=1 4 3 -3 5 6 -1 8 -8 -2 -11 13 -13 -12
right_child=9 2 -4 -5 -6 -7 7 -9 -10 10 11 12 -14 -15
leaf_value=-0.21844100023952287 -0.32118570191590606 0.59739358745118398 1.304218546152093 -0.15215916649410985 -0.20869294081310322 -0.054926752214705415 -0.020738631666159347 0.52586136110598081 0.7841729161684261 -0.73827031097864426 0.13342867003336692 -0.072866861875581584 0.61431903814793809 0.061641423685571461
leaf_weight=72 60 50 108 59 185 475 274 384 41 81 73 1017 69 866
leaf_count=72 60 50 108 59 185 475 274 384 41 81 73 1017 69 866
internal_value=0.00042464 0.00240146 0.0108716 0.00354545 0.00111034 0.00211708 0.00446891 0.0057 0.00123418 -0.00107983 -0.000740389 -0.000340573 -0.00231831 0.00194681
internal_weight=3814 1648 217 109 1431 1246 771 699 315 2166 2106 2025 1086 939
internal_count=3814 1648 217 109 1431 1246 771 699 315 2166 2106 2025 1086 939
is_linear=0
shrinkage=0.03


Tree=155
num_leaves=15
num_cat=0
split_feature=4 65 74 83 0 77 3 85 0 19 77 4 81 0
split_gain=10.5269 18.5789 15.7437 15.6032 14.2662 16.7009 14.0544 23.321 11.1661 17.8105 17.2302 17.9626 22.0102 13.7113
threshold=6.5000000000000009 0.8579648059303705 2507.4318005138916 -326.85508012771601 96.500000000000014 107.6919767856598 15.541666666656967 25.882110277811694 11.500000000000002 150.00000000000003 -183.1619641780853 8.5000000000000018 3500.4149638414387 -1.0000000180025095e-35
decision_type=2 10 10 8 2 10 2 10 2 10 10 2 10 2
left_child=1 3 4 -1 5 8 7 -6 10 -10 -2 12 -12 -14
right_child=2 -3 -4 -5 6 -7 -8 -9 9 -11 11 -13 13 -15
leaf_value=-0.47158843721371974 0.10144232047247903 -0.53669801707653064 -0.47658720709952845 -0.0021473370752043051 0.74567098903104323 -0.40196685728707715 1.1988625837752829 -0.52101309983391675 -0.15296482124283584 0.36229006886500398 0.72291516737298478 0.17830247603330121 -0.75657316747480874 0.054983507394166409
leaf_weight=60 591 208 54 912 205 71 316 185 628 78 73 144 254 51
leaf_count=60 591 208 54 912 205 71 316 185 628 78 73 144 254 51
internal_value=-0.000438528 -0.00279424 0.00061109 -0.0010483 0.000947247 -0.00041248 0.00458274 0.000767263 0.000148352 -0.00280057 0.00201975 -0.00195029 -0.00538259 -0.00892157
internal_weight=3830 1180 2650 972 2596 1890 706 390 1819 706 1113 522 378 305
internal_count=3830 1180 2650 972 2596 1890 706 390 1819 706 1113 522 378 305
is_linear=0
shrinkage=0.03


Tree=156
num_leaves=15
num_cat=0
split_feature=6 81 0 34 31 2 81 0 41 68 30 80 39 70
split_gain=11.3261 13.4519 12.0393 11.6594 10.2529 13.8309 11.7344 13.3344 12.3817 12.1881 11.2962 10.6673 10.2014 9.39689
threshold=690.00000000000011 4668.6520421504983 181.50000000000003 0.3603278688524591 14.938445378151261 1.0000000180025095e-35 8384.7217878103274 67.500000000000014 86.628336191177382 -0.12862135874077915 19.950000000000003 42.192313551902778 315.48805072629528 0.97500000000000009
decision_type=10 10 2 10 8 2 8 2 10 10 10 8 10 10
left_child=1 2 12 -4 11 6 9 -8 -9 -6 -7 -2 -1 -3
right_child=4 13 3 -5 5 10 7 8 -10 -11 -12 -13 -14 -15
leaf_value=-0.40687466566863228 -0.047527709827960153 0.0706015753868907 1.9293634121743624 0.12302093521867907 0.26634178827402355 -0.029827463779751526 -0.37496529138687679 0.5305349553320502 -0.1664578001938983 -0.25237674516281938 0.055294269041025322 0.12514034624870363 0.09224081318040793 -0.17664716340400474
leaf_weight=53 556 238 73 41 145 40 331 47 182 287 41 725 686 406
leaf_count=53 556 238 73 41 145 40 331 47 182 287 41 725 686 406
internal_value=2.33645e-05 0.00206275 0.00453162 0.0135652 -0.00127389 -0.00343575 -0.00441088 -0.00727273 -0.00169565 -0.000692841 0.00841463 0.000538222 0.00312162 -0.0012093
internal_weight=3851 1497 853 114 2354 1073 992 560 229 432 81 1281 739 644
internal_count=3851 1497 853 114 2354 1073 992 560 229 432 81 1281 739 644
is_linear=0
shrinkage=0.03


Tree=157
num_leaves=15
num_cat=0
split_feature=83 60 83 0 23 67 0 39 70 56 71 3 3 22
split_gain=10.4443 11.5202 21.1606 13.1009 11.6634 11.2705 17.0091 14.962 9.71899 12.629 10.9006 16.8952 19.4954 10.235
threshold=-55.942715644836419 2626.8194124698643 -96.573196291923509 -12.499999999999998 14.726701140403749 312.00922562927008 96.500000000000014 2589.5297847243696 0.75735294117647067 192.9798923333486 13.500000000000002 14.541666666656967 18.458333333343038 4.9345921277999887
decision_type=8 8 10 2 10 10 2 10 8 10 10 2 2 2
left_child=1 4 3 -3 8 -2 -7 -8 -1 10 11 -10 13 -13
right_child=5 2 -4 -5 -6 6 7 -9 9 -11 -12 12 -14 -15
leaf_value=0.61692420372991408 0.002405932612152739 -0.20270652190590091 -0.39594887919548832 0.54184395477580227 -0.87097831359866029 -0.39279889001290058 2.3603128230772357 0.5679902465810176 -0.73582387226131774 -1.1490007667778261 0.077031381789714679 -0.014476415947765648 -0.92496782184643045 0.5848529861206504
leaf_weight=49 2705 52 45 117 56 42 47 130 139 78 226 48 46 44
leaf_count=49 2705 52 45 117 56 42 47 130 139 78 226 48 46 44
internal_value=-0.000172549 -0.00299667 0.00306977 0.00794118 -0.00489083 0.000697436 0.00722727 0.0112921 -0.0037084 -0.00479381 -0.00303571 -0.00701439 0.000431655 0.0083871
internal_weight=3824 900 214 169 686 2924 219 177 630 581 503 277 138 92
internal_count=3824 900 214 169 686 2924 219 177 630 581 503 277 138 92
is_linear=0
shrinkage=0.03


Tree=158
num_leaves=15
num_cat=0
split_feature=82 66 1 81 56 29 81 76 78 28 16 64 28 71
split_gain=13.4033 14.6017 13.8673 14.8763 13.1449 25.378 13.3508 14.8197 12.3765 15.5214 18.4177 13.0798 11.4048 14.6926
threshold=-56.8056052327156 139.02085912227633 838.02790760993969 1546.7510825395586 -53.818645636240639 0.71222498962225 3500.4149638414387 700.29019629955303 0.70833333333333337 177.50000000000003 19.500000000000004 3.5406777696734628 233.50000000000003 12.500000000000002
decision_type=8 10 2 8 8 10 8 8 10 2 2 10 2 10
left_child=1 12 3 -2 5 -5 -7 -8 -9 11 -11 -10 13 -1
right_child=2 -3 -4 4 -6 6 7 8 9 10 -12 -13 -14 -15
leaf_value=0.11458399762235974 1.4132057963217028 -0.90002745494722014 -0.29135035666623593 -1.2650081317526858 0.00018392658991258414 1.1157761339842276 0.74817598960052922 -0.25530876853760992 0.21003193058416605 0.0997527041747788 -0.95006027521277181 0.89501969012082339 0.13122431800796869 -0.48053876512499327
leaf_weight=130 52 58 88 50 2605 58 100 114 71 101 43 60 144 199
leaf_count=130 52 58 88 50 2605 58 100 114 71 101 43 60 144 199
internal_value=0.000193598 -0.00422932 0.000897398 0.00121659 0.000955354 0.00496656 0.00684307 0.00520408 0.00253846 0.00597826 -0.000827586 0.0134091 -0.00246835 -0.00554545
internal_weight=3873 531 3342 3254 3202 597 547 489 389 275 144 131 473 329
internal_count=3873 531 3342 3254 3202 597 547 489 389 275 144 131 473 329
is_linear=0
shrinkage=0.03


Tree=159
num_leaves=15
num_cat=0
split_feature=4 67 84 28 0 77 65 7 82 31 3 77 35 29
split_gain=13.6398 20.6517 17.8446 17.1735 12.3474 15.5748 11.9305 11.3834 10.2204 9.85723 12.6446 13.9031 10.3661 12.9576
threshold=7.5000000000000009 -184.14710521099093 131.29405224323276 250.50000000000003 129.50000000000003 -226.54864656925199 0.79245790483919942 3695.1080210746372 82.153601646423354 15.003333333333336 10.541666666656967 -68.991974949836717 16.014413265306128 0.9150452973982387
decision_type=2 8 10 2 2 10 8 10 10 8 2 8 8 10
left_child=1 -1 3 4 6 -6 -2 8 -5 10 11 -8 13 -11
right_child=2 -3 -4 7 5 -7 9 -9 -10 12 -12 -13 -14 -15
leaf_value=-1.6654860414382324 -0.60669308077135908 -0.017450678546664464 0.76503173961357585 0.40773616513563787 -0.63273538678317076 0.98882769317377506 -0.8931593384922375 0.024007669326713454 2.4837119522893238 -0.027508012586028734 0.25357442407761782 0.027355096268642142 -0.0097870041826461102 -0.91019066506293611
leaf_weight=71 43 1922 177 179 72 164 69 181 40 102 331 127 303 87
leaf_count=71 43 1922 177 179 72 164 69 181 40 102 331 127 303 87
internal_value=0.000418713 -0.00130893 0.0022548 0.00130665 -0.000369515 0.00582278 -0.00174976 0.00673317 0.0113182 -0.00108824 0.00176136 -0.00426396 -0.00413793 -0.00963158
internal_weight=3868 1993 1875 1698 1298 236 1062 400 219 1019 527 196 492 189
internal_count=3868 1993 1875 1698 1298 236 1062 400 219 1019 527 196 492 189
is_linear=0
shrinkage=0.03


Tree=160
num_leaves=15
num_cat=0
split_feature=82 36 70 53 25 82 85 83 3 68 3 26 40 36
split_gain=12.7282 14.0451 12.1837 14.5956 11.9033 10.9804 11.7041 10.862 11.3861 11.8182 22.053 16.2935 15.6957 12.5833
threshold=-56.8056052327156 0.15949737897008945 0.10555555555555557 17.500000000000004 0.89237451737451756 -147.49403742949167 -108.36027109622954 -269.54037213325495 5.4583333333430355 -0.076517595976534472 8.4583333333430364 152.50000000000003 136.01977653710614 0.17981569800339506
decision_type=8 8 8 10 10 10 10 8 2 8 2 2 10 10
left_child=1 -1 -2 7 -3 -6 -7 -4 -9 10 -10 12 -12 -14
right_child=2 4 3 -5 5 6 -8 8 9 -11 11 -13 13 -15
leaf_value=0.16175566633491398 -0.057404108468674969 -0.74128986940746133 -0.48593030224189815 0.47981701743512378 0.36916909028108635 -0.73582429609648159 -0.10140992944985612 -0.24113975366103893 0.81267949909303205 0.078854930979957119 0.20547994550779058 0.59319864112202558 -0.0021295785769505217 -0.42165809607999793
leaf_weight=105 220 159 55 54 81 66 124 223 116 2022 127 104 107 286
leaf_count=105 220 159 55 54 81 66 124 223 116 2022 127 104 107 286
internal_value=-0.000132468 -0.00442164 0.000561086 0.00104685 -0.00682135 -0.00297794 -0.00691099 0.000769484 0.00101474 0.0015418 -0.0017004 -0.003936 -0.00610365 -0.00906091
internal_weight=3849 535 3314 3094 430 271 190 3040 2985 2762 740 624 520 393
internal_count=3849 535 3314 3094 430 271 190 3040 2985 2762 740 624 520 393
is_linear=0
shrinkage=0.03


Tree=161
num_leaves=15
num_cat=0
split_feature=7 31 1 1 81 26 8 22 40 77 77 77 29 41
split_gain=11.51 11.0898 9.22741 15.0282 13.1191 11.3385 8.19165 13.3386 11.3981 12.1682 11.1838 22.314 15.1876 11.2465
threshold=5123.2697457641034 24.587500000000006 659.08346462249767 657.02162611484539 1692.4195175170901 124.50000000000001 4.1116967280546719 11.788600802421572 280.85853832229787 -251.29376238584516 -145.85363817214963 -91.8778741955757 0.93246094195461293 -8.0449914932250959
decision_type=10 8 2 2 8 2 8 2 10 10 10 10 10 10
left_child=2 -2 3 4 -1 -5 8 -8 9 -4 13 -12 -13 -11
right_child=1 -3 6 5 -6 -7 7 -9 -10 10 11 12 -14 -15
leaf_value=1.3114882419463401 0.8018587482721653 -0.0104788209487503 -0.28558673022454517 0.071272092993776931 -0.019214281861695253 1.1099047204498629 -0.013859562991606388 0.26587992727989557 -0.20848297465359539 0.052105033070121466 -0.7109381710838103 0.61377415779624978 -0.31350135139109264 1.042556330985468
leaf_weight=41 95 88 181 112 1361 93 720 97 639 90 112 90 75 60
leaf_count=41 95 88 181 112 1361 93 720 97 639 90 112 90 75 60
internal_value=-0.000311284 0.00701087 -0.000678105 0.00102612 -8.5531e-05 0.00859223 -0.00200484 0.000330073 -0.00353365 -0.000591133 0.0021729 -0.00140288 0.00560241 0.00874172
internal_weight=3854 183 3671 1607 1402 205 2064 817 1247 608 427 277 165 150
internal_count=3854 183 3671 1607 1402 205 2064 817 1247 608 427 277 165 150
is_linear=0
shrinkage=0.03


Tree=162
num_leaves=15
num_cat=0
split_feature=1 45 76 81 73 82 40 24 52 0 24 81 64 68
split_gain=13.0784 14.591 13.6255 11.6444 9.57692 9.95545 10.313 12.2271 12.1767 11.4609 9.46858 12.6458 11.1608 10.222
threshold=666.52870881557476 5.5000000000000009 6432.2518073320398 6193.4521247148523 45.788704395294197 -70.419214248657212 43.884955955166269 28.500000000000004 1751.1505913734438 314.50000000000006 49.500000000000007 4937.5465606451044 4.1260179689204346 0.032369282631093593
decision_type=2 8 8 8 10 8 8 2 8 2 2 8 8 8
left_child=1 2 3 -1 5 -3 7 8 -7 10 -8 -12 -13 -14
right_child=-2 4 -4 -5 -6 6 9 -9 -10 -11 11 12 13 -15
leaf_value=-0.27921779953848852 -0.087129144332774189 -0.32212724080538202 -1.3309875826865734 0.28115652285988535 0.60474213179169189 -0.23217104142523012 0.035022975512056569 0.67489127390456405 0.79486152184217529 1.1281988200363451 -0.72315367114038553 -0.53755459723610544 0.52362975553844304 -0.10480975678927985
leaf_weight=96 1381 171 78 102 78 75 1301 88 41 102 47 42 96 124
leaf_count=96 1381 171 78 102 78 75 1301 88 41 102 47 42 96 124
internal_value=-0.000251112 0.0010688 -0.00541516 -0.00120603 0.00189751 0.00150862 0.00212833 0.0084878 0.00205128 0.00136602 0.000744879 -0.00396774 -0.00136882 0.00135747
internal_weight=3822 2441 276 198 2165 2087 1916 204 116 1712 1610 309 262 220
internal_count=3822 2441 276 198 2165 2087 1916 204 116 1712 1610 309 262 220
is_linear=0
shrinkage=0.03


Tree=163
num_leaves=15
num_cat=0
split_feature=66 79 45 83 1 42 81 70 82 82 3 49 39 79
split_gain=14.47 14.7228 13.5985 10.9553 9.33627 10.8897 10.6832 9.98352 15.0228 13.6255 13.0813 11.7232 11.6342 11.4547
threshold=-301.5292574167251 275.37175887992549 6.5000000000000009 -493.8521425724029 837.52777552604687 -208.83164739608762 1546.7510825395586 0.91287878787878796 69.79549900690715 209.33787163098654 15.125000000000002 9.5000000000000018 2519.7779918389792 10.413275038723702
decision_type=8 10 10 10 2 8 8 10 8 10 2 10 10 10
left_child=2 4 -1 -3 5 -2 -7 8 11 12 -10 13 -9 -8
right_child=1 3 -4 -5 -6 6 7 9 10 -11 -12 -13 -14 -15
leaf_value=-2.0609677905469646 1.4223239998710426 -0.030763428944356828 0.0036054837257397132 -0.6634911440129414 -0.25805969056359596 1.2889912746073682 0.17729419428846735 0.019300152875656115 -0.037281852203737698 0.94181145652541653 0.35899399115216579 -0.7147620201641629 -0.19143039032157302 0.53006279272531409
leaf_weight=45 58 143 48 48 107 49 213 1320 512 104 256 43 655 223
leaf_count=45 58 143 48 48 107 49 213 1320 512 104 256 43 655 223
internal_value=0.000454902 0.000747588 -0.0111702 -0.00734375 0.00118611 0.00145894 0.00123519 0.00102795 0.00314904 -0.000245192 0.000546164 0.0073125 -0.000804656 0.00878719
internal_weight=3824 3731 93 191 3540 3433 3375 3326 1247 2079 768 479 1975 436
internal_count=3824 3731 93 191 3540 3433 3375 3326 1247 2079 768 479 1975 436
is_linear=0
shrinkage=0.03


Tree=164
num_leaves=15
num_cat=0
split_feature=4 67 83 1 15 80 5 66 39 35 39 1 65 84
split_gain=12.5253 18.7311 12.5067 11.9955 18.7184 13.314 12.3705 13.8242 11.1028 10.2753 9.72607 9.44792 12.4684 14.8601
threshold=8.5000000000000018 -239.93171453448676 -157.75662386417386 631.37168741226208 32.500000000000007 42.192313551902778 8.5342426300048846 220.67688810825351 2199.9667582723364 19.154618226600991 3917.9894445791497 816.7185493707658 0.88231078457675027 -149.75802612304685
decision_type=2 8 8 2 2 10 8 8 10 8 10 2 10 8
left_child=1 -1 -2 4 8 6 7 -5 -4 -8 -9 12 -3 -14
right_child=2 11 3 5 -6 -7 9 10 -10 -11 -12 -13 13 -15
leaf_value=-1.4387887049691943 1.2577701349253532 0.024848601221498446 0.78940951897810729 1.2242333082904713 -0.16838099942023518 0.39273392554532094 -0.47041062502352921 -0.15654514988606097 0.10971593927451866 0.027621000946267914 0.067687557745331889 -0.25394740479394556 -1.5966106740111354 -0.075036527682613138
leaf_weight=53 47 1786 99 65 43 233 184 45 66 63 47 133 40 968
leaf_count=53 47 1786 99 65 43 233 184 45 66 63 47 133 40 968
internal_value=0.000108443 -0.000825226 0.00322508 0.00237589 0.00861244 0.000329154 -0.00296296 0.00360759 0.0131928 -0.0071371 -0.00387097 -0.000502049 -0.000128801 -0.00279485
internal_weight=3872 2980 892 845 208 637 404 157 165 247 92 2927 2794 1008
internal_count=3872 2980 892 845 208 637 404 157 165 247 92 2927 2794 1008
is_linear=0
shrinkage=0.03


Tree=165
num_leaves=15
num_cat=0
split_feature=28 28 82 1 57 31 56 68 0 15 85 61 23 67
split_gain=11.3986 9.84262 10.9119 11.8779 9.95063 16.7498 10.4032 9.68965 13.3237 16.5311 12.8168 9.22274 9.06462 11.5979
threshold=476.50000000000006 453.50000000000006 -23.599052131175991 666.52870881557476 6.5000000000000009 9.5235449735449755 72.432371099789947 -0.21158629448186397 -37.499999999999993 31.500000000000004 32.488714337348945 0.99981487465806562 10.114214062690737 -3.6242916207564648
decision_type=2 2 8 2 10 10 10 10 2 2 8 10 10 8
left_child=1 2 4 11 5 6 -1 -6 -9 10 -10 -4 13 -5
right_child=-2 -3 3 12 7 -7 -8 8 9 -11 -12 -13 -14 -15
leaf_value=0.22298899908041783 -0.7071628038577723 0.26721269825602323 0.033060115080447046 -0.45614238013092384 0.31924736256244324 0.4871162656684106 -0.43215802571040712 -0.9185303900728633 -0.10116141302891009 0.26445391645303412 -0.93676803875888881 0.51301078154930291 -0.19123465001161477 0.048875013376023908
leaf_weight=50 63 48 1869 135 42 57 42 139 229 60 75 78 276 654
leaf_count=50 63 48 1869 135 42 57 42 139 229 60 75 78 276 654
internal_value=-0.000102148 0.000111851 -6.47424e-05 0.000716893 -0.00345324 0.0034 -0.00451613 -0.00532967 -0.0064881 -0.00345205 -0.00629508 0.00210986 -0.00182927 -0.000189873
internal_weight=3817 3754 3706 3012 694 149 92 545 503 364 304 1947 1065 789
internal_count=3817 3754 3706 3012 694 149 92 545 503 364 304 1947 1065 789
is_linear=0
shrinkage=0.03


Tree=166
num_leaves=15
num_cat=0
split_feature=66 80 54 67 27 34 26 7 30 69 34 77 66 60
split_gain=13.2249 8.82977 13.8046 17.7231 15.4704 10.7484 16.8728 10.6075 9.82311 10.1909 9.35683 9.48538 8.96692 12.8451
threshold=-325.7490980625152 123.29665410518648 2310.0000000000005 438.78170242905622 0.92916869904536281 0.17287356321839084 230.50000000000003 5231.3618681014495 30.250000000000004 279.43751141429829 0.09491634491634493 -286.91039746999735 -180.18178999423978 134.86945664882663
decision_type=8 10 10 8 10 10 2 10 10 10 10 8 8 10
left_child=-1 5 3 4 -3 10 7 8 -7 -10 11 -2 -12 -14
right_child=1 2 -4 -5 -6 6 -8 -9 9 -11 12 -13 13 -15
leaf_value=-0.50479751506387793 -0.28383332023669056 0.13348381093041248 -0.50539313983147194 0.87327367490687435 -0.67917322217704446 -0.028037085351584848 -0.53752914544556318 0.50260183009338244 -0.59386125287499536 0.25374709569261389 -0.57966743093552797 0.0029396658730922276 0.33467131681496992 -0.15155139918372598
leaf_weight=71 45 235 72 277 60 1722 44 81 192 44 67 503 298 78
leaf_count=71 45 235 72 277 60 1722 44 81 192 44 67 503 298 78
internal_value=-0.000182058 6.45335e-05 0.00325581 0.00481675 -0.000304054 -0.000604878 -0.00182821 -0.00142647 -0.0018683 -0.00759494 0.00196573 -0.000655738 0.0052027 0.00700265
internal_weight=3789 3718 644 572 295 3074 2083 2039 1958 236 991 548 443 376
internal_count=3789 3718 644 572 295 3074 2083 2039 1958 236 991 548 443 376
is_linear=0
shrinkage=0.03


Tree=167
num_leaves=15
num_cat=0
split_feature=77 17 42 15 85 42 62 31 17 28 65 80 68 3
split_gain=14.1024 16.7957 14.3058 21.6609 17.5777 12.0832 11.4009 11.0616 13.0784 12.5503 10.9049 10.8385 11.1125 10.131
threshold=-37.733892202377312 5.0000000000000009 37.93373095989228 25.500000000000004 -137.83129515250522 48.624633669853218 0.025903682046346656 13.75504807692308 42.500000000000007 131.50000000000003 0.74197636275008994 156.61385095119479 0.072269428919974676 14.291666666656967
decision_type=8 2 10 2 8 8 8 8 2 2 8 8 8 2
left_child=1 -1 3 7 -5 -4 13 11 9 -9 -2 -3 -13 -6
right_child=10 2 5 4 6 -7 -8 8 -10 -11 -12 12 -14 -15
leaf_value=-1.3763843387692709 -0.44691483204279503 -0.19225941932002602 0.6424860945323233 -1.4232894173961808 0.4037800928100474 0.0030125842088052292 0.31852294865364433 -0.94403073089859602 -0.84700836427319004 -0.14029419858262671 0.047211082528940983 1.012759502428449 -0.22990066318025429 -0.097126234048644733
leaf_weight=53 50 372 84 55 65 944 80 56 66 211 1553 66 40 115
leaf_count=53 50 372 84 55 65 944 80 56 66 211 1553 66 40 115
internal_value=-0.000251902 -0.00180707 -0.00139211 -0.00372671 0.00294304 0.00116618 0.0062069 -0.00631773 -0.010509 -0.0075 0.00188903 -0.00338205 0.00504673 0.00198895
internal_weight=3810 2207 2154 1126 315 1028 260 811 333 267 1603 478 106 180
internal_count=3810 2207 2154 1126 315 1028 260 811 333 267 1603 478 106 180
is_linear=0
shrinkage=0.03


Tree=168
num_leaves=15
num_cat=0
split_feature=67 13 72 42 38 16 35 25 0 69 79 66 29 69
split_gain=11.9097 10.3225 8.598 8.28493 8.35165 12.5471 13.8099 11.7237 12.5292 13.13 13.3436 11.1917 10.3223 10.2363
threshold=-261.95527132919852 90.000000000000014 53.523997306823738 -208.83164739608762 3011.0612762949486 7.5000000000000009 13.032386363636368 0.9388999502239922 -4.4999999999999991 272.13886642743194 120.03008699665553 3.1184359788894658 0.92586048946472987 77.257246040136295
decision_type=8 8 10 8 8 2 10 10 2 10 8 8 10 8
left_child=-1 2 -2 -3 5 6 -5 13 -9 10 12 -8 -10 -7
right_child=1 3 -4 4 -6 7 11 8 9 -11 -12 -13 -14 -15
leaf_value=-0.93701903388080787 0.068326673227367726 1.3820446303982001 -0.83469504183739984 0.39303605739964381 0.014700889202100774 -0.60759907373889166 0.19399219356578756 -0.37848061650847797 1.5897511898231642 -0.47175340992682574 -0.35907253724483401 -0.59543976521625053 0.15112111092996788 -0.10680893464184281
leaf_weight=61 1396 41 51 167 1016 288 40 93 52 42 52 56 138 306
leaf_count=61 1396 41 51 167 1016 288 40 93 52 42 52 56 138 306
internal_value=-2.36842e-05 0.000192565 0.00217541 -0.00106021 -0.00130609 -0.00296356 0.00284091 -0.00453704 -0.000396825 0.00273684 0.0054321 -0.00618557 0.00910995 -0.00715966
internal_weight=3799 3738 1447 2291 2250 1234 263 971 377 284 242 96 190 594
internal_count=3799 3738 1447 2291 2250 1234 263 971 377 284 242 96 190 594
is_linear=0
shrinkage=0.03


Tree=169
num_leaves=15
num_cat=0
split_feature=67 4 31 35 16 3 34 39 4 8 8 77 39 62
split_gain=12.8264 11.4127 10.4055 17.9741 15.9511 26.3915 13.7919 15.6296 13.4816 12.4494 19.2094 12.1612 11.5401 11.2044
threshold=-261.95527132919852 8.5000000000000018 13.074285714285717 16.428207547169816 7.5000000000000009 12.291666666656967 0.2228132387706856 1779.2051877915781 6.5000000000000009 3.9197146698567553 3.3657353743140921 -244.4408195018768 4435.0037779288059 0.22847935199756536
decision_type=8 2 8 10 2 2 10 10 2 8 10 8 10 10
left_child=-1 2 3 4 5 -2 13 8 -8 10 11 -6 -9 -4
right_child=1 -3 6 -5 9 -7 7 12 -10 -11 -12 -13 -14 -15
leaf_value=-0.90890846286438387 -0.27716686349340197 0.076349100235681963 -0.014864787656188417 0.49989655117696591 -0.36761801738383376 0.60324979641346965 -0.64519029415297624 -0.67844469900858562 0.3142294242054573 0.24334728646201598 -0.62364174470502542 0.0040457297910955958 0.075437871595572359 0.73971883241153535
leaf_weight=65 82 891 1010 134 79 149 56 261 123 267 121 533 52 58
leaf_count=65 82 891 1010 134 79 149 56 261 123 267 121 533 52 58
internal_value=-6.95518e-05 0.000157192 -0.000748462 0.00116398 2.43506e-05 0.00711207 -0.00242152 -0.00657201 0.0005 -0.00161838 -0.0036376 -0.00146819 -0.0106051 -0.000505145
internal_weight=3881 3816 2925 1365 1231 231 1560 492 179 1000 733 612 313 1068
internal_count=3881 3816 2925 1365 1231 231 1560 492 179 1000 733 612 313 1068
is_linear=0
shrinkage=0.03


Tree=170
num_leaves=15
num_cat=0
split_feature=67 6 29 81 45 42 77 79 0 79 56 85 74 77
split_gain=10.5207 9.71753 11.7888 14.0163 13.1074 9.75577 13.7632 13.7196 13.221 10.9916 12.7039 10.1838 10.076 10.9665
threshold=-252.84170236205094 690.00000000000011 0.95464829288358721 7340.4857429265985 5.5000000000000009 -87.589705586433396 -244.4408195018768 9.5579601852469214 -22.499999999999996 11.520316038291293 -120.76433348655699 -83.591064135233538 832.2535658027399 -144.83976620435712
decision_type=8 10 10 10 8 10 8 10 2 8 8 8 8 8
left_child=-1 2 4 -4 -2 9 11 -8 -9 -3 -11 -7 13 -10
right_child=1 5 3 -5 -6 6 7 8 12 10 -12 -13 -14 -15
leaf_value=-1.0005372918629265 -0.73081611083743403 0.37187392311751094 -0.416221861246728 0.35649777636085428 0.11943779300789088 -0.89022801301889098 -0.095213929732438682 -0.33930730469305487 0.74054110273402796 -0.28929706913357234 0.064240604261569273 -0.11580617710000943 0.017326439493772505 0.13826161143042229
leaf_weight=71 61 161 151 41 1202 50 853 99 60 101 102 232 484 164
leaf_count=71 61 161 151 41 1202 50 853 99 60 101 102 232 484 164
internal_value=0.000109575 0.000326954 0.00224588 -0.00466321 0.00329905 -0.000884265 -0.00172928 -0.000686334 0.00211634 0.00361644 -0.00102941 -0.00784452 0.0035543 0.0088
internal_weight=3832 3761 1455 192 1263 2306 1942 1660 807 364 203 282 708 224
internal_count=3832 3761 1455 192 1263 2306 1942 1660 807 364 203 282 708 224
is_linear=0
shrinkage=0.03


Tree=171
num_leaves=15
num_cat=0
split_feature=28 6 45 81 28 84 77 4 82 66 80 3 38 22
split_gain=9.6195 7.97582 11.7079 10.5148 13.8509 10.7913 10.1183 8.96389 8.55354 8.15489 11.245 9.21893 8.97662 8.25499
threshold=497.50000000000006 690.00000000000011 5.5000000000000009 4668.6520421504983 296.50000000000006 102.56418824195863 -196.12977707386014 7.5000000000000009 143.17034693559012 -115.78525578975676 -56.016805171966546 15.708333333343036 3114.4683515396828 5.1303247213363656
decision_type=2 10 8 10 2 10 10 2 10 10 10 2 8 2
left_child=1 2 -1 4 5 -4 7 -5 9 12 -11 -12 -8 -14
right_child=-2 -3 3 6 -6 -7 8 -9 -10 10 11 -13 13 -15
leaf_value=-0.47013388400900485 -0.92304979176744018 -0.021602093005751624 0.041162080463606809 0.47820562816740453 0.70680783646626599 0.73066130722362599 -0.075870353185081715 -0.0089579506548837524 -0.53251609162742364 -0.57727471062667657 -0.50705817090609451 0.4904606166815404 0.28289398373424268 0.029899516910974349
leaf_weight=70 40 2334 648 78 92 47 90 74 75 47 65 57 48 40
leaf_count=70 40 2334 648 78 92 47 90 74 75 47 65 57 48 40
internal_value=-0.000181293 -2.3898e-05 0.00173883 0.00235683 0.0046066 0.00314655 -0.000730435 0.00588235 -0.00312057 -0.00112069 -0.00582353 -0.00097561 0.00335196 0.0101124
internal_weight=3805 3765 1431 1361 787 695 574 152 422 347 169 122 178 88
internal_count=3805 3765 1431 1361 787 695 574 152 422 347 169 122 178 88
is_linear=0
shrinkage=0.03


Tree=172
num_leaves=15
num_cat=0
split_feature=4 74 70 70 43 20 56 34 27 84 58 29 29 39
split_gain=13.2643 18.3848 13.7041 14.2023 16.1606 23.3615 12.6946 12.6035 17.6242 15.4273 15.2014 11.1306 14.0419 15.8527
threshold=7.5000000000000009 2293.2492002996983 0.069047619047619066 0.75735294117647067 569.51409323227188 598.02790760993969 10.546316623687746 0.18933143669985777 0.88780278466526807 -533.28926384448994 15.906804680824282 0.92669540229885061 0.98147353668826065 267.44720411579345
decision_type=2 10 8 8 10 8 10 8 10 10 8 10 10 10
left_child=2 -2 -1 6 7 -6 -4 10 9 -9 -5 -10 -13 -14
right_child=1 -3 3 4 5 -7 -8 8 11 -11 -12 12 13 -15
leaf_value=-0.14891722591260848 0.055808771755663143 -0.75354299605756958 -0.26443549030042202 0.0075785341232487008 0.15917666070157124 -0.52409954935240133 0.14785607080172578 0.075483664198677858 0.14342441753944044 -1.2711442977726841 0.61889417671338409 -0.28220993827084456 -0.24244041090227411 0.4003963040689445
leaf_weight=95 1823 41 78 178 77 317 144 41 411 126 85 266 64 100
leaf_count=95 1823 41 78 178 77 317 144 41 411 126 85 266 64 100
internal_value=-4.67897e-05 0.00176944 -0.00175492 -0.00119174 -0.00214286 -0.00744304 0.00591928 -0.000495283 -0.0020218 -0.0108929 0.00534091 -0.000249406 -0.00361949 0.00327273
internal_weight=3846 1864 1982 1887 1665 394 222 1271 1008 167 263 841 430 164
internal_count=3846 1864 1982 1887 1665 394 222 1271 1008 167 263 841 430 164
is_linear=0
shrinkage=0.03


Tree=173
num_leaves=15
num_cat=0
split_feature=7 39 3 0 77 77 81 17 74 85 16 3 81 82
split_gain=13.776 11.2913 19.6524 17.2092 17.1287 16.0472 23.301 17.6853 24.2419 21.0464 19.8129 15.7855 15.3537 13.3846
threshold=5123.2697457641034 2406.1262077703846 15.541666666656967 281.50000000000006 -40.959725677967064 -144.97388792037961 4792.6585782766351 41.500000000000007 95.021011060272954 -170.2211769024531 50.500000000000007 18.208333333343038 7199.2714924812326 21.24915913740794
decision_type=10 8 2 2 10 10 10 2 8 10 2 2 10 10
left_child=1 4 -3 11 5 7 -7 -1 -9 10 -10 -4 -8 -11
right_child=-2 2 3 -5 -6 6 12 8 9 13 -12 -13 -14 -15
leaf_value=0.21039840144875838 0.35038485284541188 -0.16450964462480272 0.19917061720361262 1.0968363309388462 0.40792291787100821 0.08036172353529282 -0.92827225100596877 -0.65071812878716628 -0.46761100013835977 0.3301115186546324 0.082935688789487677 -0.096591508238426368 -0.33593835006352363 -0.016525660928643972
leaf_weight=651 182 824 172 80 297 230 76 82 191 244 51 281 260 226
leaf_count=651 182 824 172 80 297 230 76 82 191 244 51 281 260 226
internal_value=0.000163721 -0.000237316 -0.00240795 0.00207865 0.00103941 4.47316e-05 -0.0042328 0.00172199 -0.00128302 0.000504909 -0.00666667 -0.000198238 -0.00925816 0.00420382
internal_weight=3847 3665 1357 533 2308 2011 566 1445 794 712 242 453 336 470
internal_count=3847 3665 1357 533 2308 2011 566 1445 794 712 242 453 336 470
is_linear=0
shrinkage=0.03


Tree=174
num_leaves=15
num_cat=0
split_feature=83 60 67 15 38 70 80 77 81 23 56 45 60 43
split_gain=11.3919 12.9821 10.085 15.7841 13.6498 17.263 22.7175 16.255 15.1853 13.0982 12.24 11.9431 11.0893 10.6752
threshold=-262.85735154151911 134.86945664882663 194.34923699547852 17.500000000000004 3020.4541332829026 0.91287878787878796 95.561455726623549 -285.94808512926096 7275.1010299921045 8.8354868888854998 -92.626026590665177 5.5000000000000009 363.25302803516394 109.2404482330583
decision_type=8 10 8 2 10 10 8 8 10 10 10 10 8 8
left_child=1 -1 3 9 5 -4 8 -6 -7 -2 -8 -5 -10 -9
right_child=2 -3 4 11 7 6 10 13 12 -11 -12 -13 -14 -15
leaf_value=-0.010838070907686244 -0.65528836589945372 -0.67527089852092426 0.062825343193033664 -1.2107428537390685 -0.2496128627099409 -0.13531110228548726 -0.2672910464592414 1.5991672337500791 -1.3404629421663319 0.23189629466803108 0.33656072004548032 0.019595664638595592 -0.25244667206248711 0.17233391366086498
leaf_weight=94 239 59 867 64 54 287 45 75 89 81 276 1021 57 488
leaf_count=94 239 59 867 64 54 287 45 75 89 81 276 1021 57 488
internal_value=0.000395049 -0.0075974 0.000732711 -0.00125889 0.00198303 0.000536375 -0.00278146 0.0057767 -0.00725806 -0.0071028 0.00326087 0.000469613 -0.015102 0.00728723
internal_weight=3796 153 3643 1405 2238 1621 754 617 433 320 321 1085 146 563
internal_count=3796 153 3643 1405 2238 1621 754 617 433 320 321 1085 146 563
is_linear=0
shrinkage=0.03


Tree=175
num_leaves=15
num_cat=0
split_feature=79 63 41 53 70 35 37 16 43 29 41 28 82 35
split_gain=10.2582 18.6024 15.2232 9.81439 16.6758 14.0358 18.74 12.0662 10.1556 12.3731 14.0458 13.8668 12.8352 16.5093
threshold=396.46469057803557 369.84534239432026 61.285649776458747 10.500000000000002 0.13809523809523813 11.173257080610023 1272.1686672088051 47.500000000000007 585.69449131104363 0.73396703798713858 -75.437159538269029 223.50000000000003 -56.8056052327156 16.887728937728941
decision_type=10 8 10 10 8 10 8 2 10 10 8 2 8 10
left_child=3 2 -2 7 -5 -6 -7 8 9 -1 12 -12 -11 -14
right_child=1 -3 -4 4 5 6 -8 -9 -10 10 11 -13 13 -15
leaf_value=0.19861073372515362 -0.1872072907349385 -0.49522075932479809 0.26171619822305114 -0.047329254383198079 0.59361535946583688 -1.1115124242139633 0.15347009782482821 0.1858105713513781 -0.13434380036324761 -0.2386581533533651 -0.17148421405803119 0.020100063014919494 0.18014474223795737 1.7280510634099413
leaf_weight=158 49 92 42 130 162 48 244 69 605 80 1239 702 246 41
leaf_count=158 49 92 42 130 162 48 244 69 605 80 1239 702 246 41
internal_value=-0.000422211 -0.00733696 0.00228261 -8.05369e-05 0.00348718 0.0061978 0.00225256 -0.000744986 -0.00102539 -0.000170247 -0.000727588 -0.00174562 0.00464674 0.00760417
internal_weight=3907 183 91 3724 584 454 292 3140 3071 2466 2308 1941 367 287
internal_count=3907 183 91 3724 584 454 292 3140 3071 2466 2308 1941 367 287
is_linear=0
shrinkage=0.03


Tree=176
num_leaves=15
num_cat=0
split_feature=0 67 1 31 16 36 33 38 16 79 28 48 72 68
split_gain=11.8016 13.1074 12.0666 11.9831 11.8849 12.789 11.867 14.8827 11.7447 15.9801 10.3461 16.5852 15.4408 15.8354
threshold=77.500000000000014 283.348123164404 794.27329885959637 20.415476190476195 24.500000000000004 0.1913329161451815 18.388392857142858 4601.9831466874621 3.5000000000000004 10.226473150002892 259.50000000000006 62.622362295786552 -137.44822096824643 -0.010625084200844013
decision_type=2 10 2 10 2 10 8 10 2 10 2 10 10 8
left_child=1 3 4 10 6 -6 -2 -8 -5 -10 -1 12 -12 -14
right_child=2 -3 -4 8 5 -7 7 -9 9 -11 11 -13 13 -15
leaf_value=-0.011753037261444381 0.10423789714141549 -0.37762621530934015 -0.46265824587372911 -0.67119227857299191 -1.0549236251989556 0.019818294553652364 0.94116326663146965 -0.051243233304447119 -0.23821127676638648 0.059554939173569438 -0.034837636562382812 1.2585420133143064 0.76413047284374991 -0.2310866020935709
leaf_weight=1664 702 49 57 77 59 234 188 68 192 160 159 52 92 60
leaf_count=1664 702 49 57 77 59 234 188 68 192 160 159 52 92 60
internal_value=0.000212375 -0.000993615 0.00252101 -0.000683761 0.00313898 -0.00214286 0.00475495 0.0102724 -0.00523256 -0.00288952 0.000281065 0.00486264 0.00221154 0.00901961
internal_weight=3813 2505 1308 2456 1251 293 958 256 429 352 2027 363 311 152
internal_count=3813 2505 1308 2456 1251 293 958 256 429 352 2027 363 311 152
is_linear=0
shrinkage=0.03


Tree=177
num_leaves=15
num_cat=0
split_feature=3 28 82 70 82 7 39 26 45 41 20 43 34 42
split_gain=8.81983 20.3198 18.6116 18.2448 16.0165 14.9401 13.601 20.561 16.137 13.4388 14.0352 13.3555 18.4021 12.7909
threshold=15.541666666656967 463.50000000000006 32.149947226047523 0.83974358974358987 -154.71361529827115 3203.7940214437817 2345.9196444808044 108.50000000000001 4.5000000000000009 -25.473896741867062 597.02162611484539 745.16827859972238 0.1645447219983884 117.39192199707033
decision_type=2 2 8 8 10 10 8 2 10 10 8 10 8 10
left_child=1 2 3 -1 -5 -2 7 9 -9 -4 13 12 -6 -11
right_child=5 -3 6 4 11 -7 -8 8 -10 10 -12 -13 -14 -15
leaf_value=0.16744013053626633 -0.0037139961848873782 -1.2669652566718803 0.15036025109030185 0.91684199979564729 0.55901637389760672 0.24634515214016373 -0.038900675571967441 -0.14796625181940792 0.76385824439312888 0.7950151063658778 -0.27264612831503926 -1.380631898617674 -0.30421596482731655 -0.052950097068245619
leaf_weight=75 1059 40 221 42 59 481 707 48 264 58 259 69 436 49
leaf_count=75 1059 40 221 42 59 481 707 48 264 58 259 69 436 49
internal_value=0.000147363 -0.00101804 -0.000642483 -0.00479472 -0.00652389 0.00190785 0.0011201 0.00356667 0.00977636 0.000255102 -0.00326975 -0.00785841 -0.00610887 0.00583333
internal_weight=3867 2327 2287 681 606 1540 1606 899 312 587 366 564 495 107
internal_count=3867 2327 2287 681 606 1540 1606 899 312 587 366 564 495 107
is_linear=0
shrinkage=0.03


Tree=178
num_leaves=15
num_cat=0
split_feature=77 8 7 41 32 81 29 26 80 56 0 17 52 62
split_gain=8.99857 13.4909 16.9265 11.9227 13.213 11.3511 12.6491 12.9887 12.4465 12.5759 10.9271 10.1076 16.3377 9.97447
threshold=-37.733892202377312 4.7142830392149042 3341.6732868961676 -68.474479436874375 0.22792207792207794 4169.4065548181543 0.93246094195461293 86.500000000000014 -52.825795292854302 10.546316623687746 -52.499999999999993 21.500000000000004 179.06502258777621 -0.27126839912761119
decision_type=8 10 10 8 10 8 10 2 10 10 2 2 10 8
left_child=1 2 13 4 10 -3 7 8 -7 -10 -2 12 -5 -1
right_child=3 5 -4 11 -6 6 -8 -9 9 -11 -12 -13 -14 -15
leaf_value=0.26864414317349244 -0.53424535245474836 0.59044458956907953 -0.57130385730340727 0.0087351494105453401 1.1755779890586799 -0.080819072571986034 0.98396154101638444 -0.71389818115447712 -0.31125007422689666 0.47351982602922082 0.37158396399629179 -0.0039600952538654689 0.35011337454437857 -0.051878469308298064
leaf_weight=63 47 75 98 118 95 91 87 78 47 103 45 1238 67 1580
leaf_count=63 47 75 98 118 95 91 87 78 47 103 45 1238 67 1580
internal_value=-3.13071e-05 -0.00126856 -0.00249713 0.00167598 0.0087766 0.00317427 0.00117936 -0.00159375 0.0018595 0.00715232 0.000645161 0.00073736 0.00725806 -0.00177007
internal_weight=3832 2222 1741 1610 187 481 406 319 241 150 92 1423 185 1643
internal_count=3832 2222 1741 1610 187 481 406 319 241 150 92 1423 185 1643
is_linear=0
shrinkage=0.03


Tree=179
num_leaves=15
num_cat=0
split_feature=41 0 3 69 39 37 41 42 7 76 77 76 31 76
split_gain=11.7214 14.2932 10.6325 9.29725 12.1702 9.60854 8.30211 16.2935 14.2932 20.3268 13.7316 17.7867 13.6563 11.9344
threshold=408.78963303565985 401.50000000000006 20.958333333343038 576.92608935777855 1432.1246155108117 1752.4671785759872 45.230598330497749 77.383584737777724 3220.8914210834487 920.09738314151775 -45.014875531196587 1362.0650701522829 17.842500000000005 467.64355170726782
decision_type=10 2 2 8 10 10 8 8 8 10 10 8 10 10
left_child=1 2 6 4 -4 -6 10 8 9 12 -1 -12 -8 -9
right_child=-2 -3 3 -5 5 -7 7 13 -10 -11 11 -13 -14 -15
leaf_value=-0.07938775852422629 -0.41169531778291329 2.6194950330012441 1.1190903717720182 0.86075487582592425 -0.45013187937649601 0.26642612832517071 0.019970368076491257 0.00061622815522746372 0.78357487915922996 0.96944904613343885 1.7998664175574892 -0.0059418926218911773 -0.59093245582845866 -0.36789808662452372
leaf_weight=1476 96 43 41 90 98 89 223 996 132 55 70 232 47 120
leaf_count=1476 96 43 41 90 98 89 223 996 132 55 70 232 47 120
internal_value=-0.00022053 4.84783e-05 -0.000155313 0.00507837 0.00183406 -0.00143617 -0.000653341 0.000933926 0.00569869 0.00230061 -0.00205734 0.00376238 -0.00110701 -0.00102059
internal_weight=3808 3712 3669 318 228 187 3351 1573 457 325 1778 302 270 1116
internal_count=3808 3712 3669 318 228 187 3351 1573 457 325 1778 302 270 1116
is_linear=0
shrinkage=0.03


Tree=180
num_leaves=15
num_cat=0
split_feature=17 60 77 17 3 4 28 27 39 74 85 3 33 65
split_gain=8.78669 18.3578 18.0569 21.2794 18.162 19.4887 18.2297 15.4022 14.4585 16.754 17.5539 14.775 14.0891 13.6511
threshold=35.000000000000007 493.56062042713171 107.6919767856598 24.500000000000004 13.291666666656967 2.5000000000000004 290.50000000000006 0.862622549019608 2406.1262077703846 55.089679645196171 31.475384712219242 19.791666666656969 25.981836734693882 0.70137336023190622
decision_type=2 10 10 2 2 2 2 10 10 8 10 2 10 10
left_child=2 -2 3 4 12 -6 7 -7 9 -5 -11 -10 -1 -12
right_child=1 -3 -4 8 5 6 -8 -9 11 10 13 -13 -14 -15
leaf_value=-0.38039608696873101 -0.040976835031236329 0.55532136497242257 -0.46663532157260484 -0.040791502971417051 -0.37523060461130359 -0.027968639163989943 -0.98938753472105156 0.37941298084451558 -0.0044664753922640087 1.3801663179083337 1.4612258052585605 1.3752047610248279 0.20124732428961753 -0.18700640795314499
leaf_weight=440 1938 112 104 63 46 80 44 371 302 139 41 43 64 43
leaf_count=440 1938 112 104 63 46 80 44 371 302 139 41 43 64 43
internal_value=-0.000328896 -0.00166748 0.0012128 0.0019678 -0.000659656 0.00315498 0.00489919 0.00670354 0.00631329 0.0112892 0.0151339 0.00216763 -0.00475248 0.00423529
internal_weight=3830 2050 1780 1676 1045 541 495 451 631 286 223 345 504 84
internal_count=3830 2050 1780 1676 1045 541 495 451 631 286 223 345 504 84
is_linear=0
shrinkage=0.03


Tree=181
num_leaves=15
num_cat=0
split_feature=80 27 39 27 24 0 48 43 52 53 34 32 0 29
split_gain=10.5928 14.6996 12.0486 15.0113 14.709 11.4453 11.3629 11.8608 10.8042 10.454 9.96631 12.7288 14.9818 10.5227
threshold=85.216893911361709 0.95529051172707902 3092.6151298114996 0.90779352226720655 30.500000000000004 122.50000000000001 5.5892210006713876 225.5543708952396 33.957469582557685 7.5000000000000009 0.18933143669985777 0.17712418300653598 371.50000000000006 0.96171709987499476
decision_type=10 10 10 10 2 2 10 10 10 10 10 10 2 8
left_child=10 2 3 6 5 -4 -2 -8 -5 -3 13 -12 -13 -1
right_child=1 9 4 8 -6 -7 7 -9 -10 -11 11 12 -14 -15
leaf_value=0.0092391306970798937 0.52559942892079248 0.19020434275785261 -0.0024003251631863668 0.025142772435391904 -0.82462892673866939 1.9292431877671605 -0.55788490450278883 0.13540056589216434 1.1494714516372264 -0.52555086217382452 -0.4382478393294289 -0.048244806717721404 0.81431115284872013 0.38424774693865599
leaf_weight=1053 74 47 72 74 114 40 63 76 212 77 305 1520 41 51
leaf_count=1053 74 47 72 74 114 40 63 76 212 77 305 1520 41 51
internal_value=-0.000164921 0.00278824 0.00442149 0.00702 -0.00132159 0.00637168 0.000981308 -0.00407143 0.0114983 -0.00672 -0.00100976 -0.00234601 -0.0012484 0.00124887
internal_weight=3819 849 725 499 226 112 213 139 286 124 2970 1866 1561 1104
internal_count=3819 849 725 499 226 112 213 139 286 124 2970 1866 1561 1104
is_linear=0
shrinkage=0.03


Tree=182
num_leaves=15
num_cat=0
split_feature=45 3 27 41 71 79 1 1 64 50 65 8 3 56
split_gain=12.1754 18.596 13.8003 11.6676 11.7889 11.0375 11.066 11.5817 18.8923 11.5177 11.2339 19.5413 12.21 12.9342
threshold=5.5000000000000009 8.4583333333430364 0.88932633420822405 84.972923040390029 4.5000000000000009 55.482541578946446 659.08346462249767 657.02162611484539 4.2023019591365616 1704.7034965753558 1.0486778456354555 6.2834113874302036 6.1250000000000009 -64.394696553548158
decision_type=8 2 10 10 10 10 2 2 8 10 10 10 2 10
left_child=1 -1 -3 4 -4 6 7 9 -9 10 11 12 -2 -14
right_child=5 2 3 -5 -6 -7 -8 8 -10 -11 -12 -13 13 -15
leaf_value=0.58159991801452249 -0.3107072512998405 -1.4056349890866582 0.22084167686512357 -0.36205086039672651 -0.14668928402503881 -0.067085870573102765 -0.011915240562476179 -0.75868697705314014 0.93939557707381094 -0.37806154816276377 -0.099895997666322567 0.6999284570776837 0.50004423538456089 0.04508164694480591
leaf_weight=60 84 106 73 135 142 238 1761 47 144 56 212 83 131 595
leaf_count=60 84 106 73 135 142 238 1761 47 144 56 212 83 131 595
internal_value=-0.000473113 -0.00475822 -0.00682713 -0.00393162 0.000416667 0.000187947 0.00066474 0.0027051 0.00953125 0.00157487 0.00225136 0.00372483 0.00229346 0.00354883
internal_weight=3867 516 456 350 215 3351 3113 1352 191 1161 1105 893 810 726
internal_count=3867 516 456 350 215 3351 3113 1352 191 1161 1105 893 810 726
is_linear=0
shrinkage=0.03


Tree=183
num_leaves=15
num_cat=0
split_feature=65 3 79 81 39 65 41 64 80 81 72 81 63 16
split_gain=11.1222 11.7771 17.1651 21.4053 16.6176 15.174 12.4986 11.1056 13.9021 10.2696 18.0855 12.0615 12.7335 13.1066
threshold=1.1683551765611404 20.458333333343038 48.659383239464489 7865.4075578451166 3375.480070074595 1.0520447170971901 396.44074285030371 5.1256210068444981 79.979851722717299 4668.6520421504983 -34.147504806518548 4169.4065548181543 17.842663252324083 24.500000000000004
decision_type=10 2 10 8 10 8 10 8 8 8 8 10 8 2
left_child=1 6 3 4 5 -3 9 8 -5 10 -1 12 -12 -14
right_child=-2 2 -4 7 -6 -7 -8 -9 -10 -11 11 -13 13 -15
leaf_value=0.61657157326814405 -0.40796370904049339 1.6216443853328282 -0.27375828800016938 -0.64427101757978733 -0.94195742469393329 -0.2579847016488569 -0.33982499306009367 1.0159601865888372 0.95976891876944015 -0.016424833902480434 -0.34473986063599071 0.40396582657264196 0.17513323409681389 -0.19577381392993218
leaf_weight=154 169 53 41 44 41 84 73 149 49 2321 168 133 297 89
leaf_count=154 169 53 41 44 41 84 73 149 49 2321 168 133 297 89
internal_value=-8.53595e-05 0.00025967 0.00474026 0.00655582 -0.00134078 0.00369565 -0.000380099 0.0123457 0.00414894 -9.48467e-05 0.00274347 0.00065407 -0.0012973 0.00170543
internal_weight=3865 3696 461 420 178 137 3235 242 93 3162 841 687 554 386
internal_count=3865 3696 461 420 178 137 3235 242 93 3162 841 687 554 386
is_linear=0
shrinkage=0.03


Tree=184
num_leaves=15
num_cat=0
split_feature=81 48 48 30 68 62 79 16 3 3 39 29 56 3
split_gain=12.7751 11.5917 12.8598 10.639 15.5971 17.0454 13.7327 12.2803 13.2896 10.7794 10.4934 14.0678 13.9234 11.4717
threshold=3259.223057866097 30.354999423027042 168.77522134780887 22.450000000000003 0.14418482396085047 0.099803017856334178 321.64098502364351 45.500000000000007 5.6250000000000009 8.3750000000000018 4435.0037779288059 0.92865626060400419 61.505011995633453 21.041666666656969
decision_type=8 10 10 8 10 10 10 2 2 2 10 10 10 2
left_child=1 -1 -3 6 5 -5 7 8 -2 -10 13 12 -12 -11
right_child=3 2 -4 4 -6 -7 -8 -9 9 10 11 -13 -14 -15
leaf_value=0.64460313955569826 -0.2956940717942208 -0.21946930240577825 0.87109386409508693 -0.044457642409202462 0.42323096030846508 -1.0798830653963742 -0.34866412975647948 0.38270342744690516 0.29537399693367528 -0.019602991671838096 0.66570202425100766 1.942468333374803 -0.14266501660897618 0.49089824587006714
leaf_weight=117 160 114 64 854 153 63 88 62 336 1479 40 46 72 169
leaf_count=117 160 114 64 854 153 63 88 62 336 1479 40 46 72 169
internal_value=0.000196438 0.00618243 0.00134078 -0.000306557 -0.00280112 -0.00428105 0.000782715 0.00121776 0.000859748 0.0014839 0.000564471 0.00792453 0.00212389 -0.000145543
internal_weight=3817 295 178 3522 1070 917 2452 2364 2302 2142 1806 158 112 1648
internal_count=3817 295 178 3522 1070 917 2452 2364 2302 2142 1806 158 112 1648
is_linear=0
shrinkage=0.03


Tree=185
num_leaves=15
num_cat=0
split_feature=79 30 74 0 8 68 66 82 68 64 40 82 68 82
split_gain=13.1008 11.5837 9.76983 12.7538 13.2154 11.3907 9.75561 12.6931 11.6139 11.5592 8.83009 14.2698 10.3625 10.3456
threshold=275.37175887992549 20.950000000000003 2445.040148583158 285.50000000000006 0.93369684066697045 0.11381740042902601 126.87829232215883 -67.741145372390733 -0.015912462383346312 3.5115607677699638 43.884955955166269 76.17968070507051 0.072269428919974676 -56.8056052327156
decision_type=10 10 10 2 10 8 10 8 10 8 8 10 8 10
left_child=2 -2 3 6 -5 -6 9 -8 -9 -1 11 -11 -13 -12
right_child=1 -3 -4 4 5 -7 7 8 -10 10 13 12 -14 -15
leaf_value=0.70913237215714786 -0.4284499550409403 0.010901819937862222 -0.093241306258419282 -0.28925816822693695 0.1185704657348856 1.7432666056596513 -1.4506147633784425 -0.27059119074246607 0.031584662094355488 0.20030920649650874 -0.055807783638373736 0.98551138348142253 -0.30478166677410196 0.049282187691715669
leaf_weight=42 95 89 121 40 72 102 49 179 364 356 864 44 67 1346
leaf_count=42 95 89 121 40 72 102 49 179 364 356 864 44 67 1346
internal_value=0.000328896 -0.00745946 0.000723883 0.00101248 0.00809302 0.0116571 0.000552536 -0.00293423 -0.00159926 0.0013125 0.00106423 0.00480769 -0.00455357 0.00027137
internal_weight=3830 184 3646 3525 214 174 3311 592 543 2719 2677 467 111 2210
internal_count=3830 184 3646 3525 214 174 3311 592 543 2719 2677 467 111 2210
is_linear=0
shrinkage=0.03


Tree=186
num_leaves=15
num_cat=0
split_feature=1 81 79 63 3 22 68 81 3 80 42 25 26 42
split_gain=10.0295 12.0583 8.68643 11.3933 9.67078 14.0716 12.1806 11.0446 13.0169 8.71888 8.06308 9.04951 10.8162 11.582
threshold=837.52777552604687 1613.2379046678545 396.46469057803557 369.84534239432026 20.291666666656969 11.32855796813965 -0.163087135960677 7865.4075578451166 23.041666666656969 28.442380547523502 311.64459013938909 0.94258241758241768 229.50000000000003 77.383584737777724
decision_type=2 8 10 8 2 2 8 8 2 8 10 10 2 8
left_child=1 -1 4 -4 10 6 -6 8 -8 -9 11 -3 13 -13
right_child=-2 2 3 -5 5 -7 7 9 -10 -11 -12 12 -14 -15
leaf_value=0.73953093809281267 -0.2515120881230703 -0.028531051753421341 0.031461128354688797 -0.48821635163549587 -0.32247478835354371 -0.61760625479429732 0.51963319140849995 0.026335978098945993 -0.91384343831159087 0.88210571603185994 -0.19542934680488566 0.27973557791985448 -0.33496186085616408 -0.021067324870084399
leaf_weight=78 125 2093 76 76 60 51 86 70 47 167 143 416 62 276
leaf_count=78 125 2093 76 76 60 51 86 70 47 167 143 416 62 276
internal_value=-0.00048602 -0.000202593 -0.000455298 -0.00745098 -0.000146889 0.00379668 0.00556845 0.00760108 0.000671642 0.0114706 -0.000782347 -0.000431882 0.00238411 0.0034632
internal_weight=3826 3701 3623 152 3471 481 430 370 133 237 2990 2847 754 692
internal_count=3826 3701 3623 152 3471 481 430 370 133 237 2990 2847 754 692
is_linear=0
shrinkage=0.03


Tree=187
num_leaves=15
num_cat=0
split_feature=7 39 67 0 48 29 27 77 0 38 31 16 33 33
split_gain=11.0622 13.1264 12.7752 20.9254 16.5203 11.0535 11.0431 15.4711 10.7187 10.5542 12.213 10.4681 10.4789 15.8137
threshold=5123.2697457641034 2345.9196444808044 194.34923699547852 67.500000000000014 312.86647427082067 0.91113931190073327 0.96725141719013341 -62.583481609821312 401.50000000000006 3952.459107779518 23.257777777777779 36.500000000000007 19.553472222222226 20.704554554554559
decision_type=8 10 10 2 10 10 10 10 2 10 10 2 10 10
left_child=1 2 4 -4 9 -5 7 -2 11 -1 -11 12 -3 -14
right_child=6 8 3 5 -6 -7 -8 -9 -10 10 -12 -13 13 -15
leaf_value=-0.0035301783752877979 0.73499081866496419 -0.22231753475845459 -0.32462403373607573 0.071058008551048532 -0.47911250035586761 1.3111268734759689 -0.070153882058488368 -0.0017649796038595154 2.4761116466142057 0.81524067208947482 -0.25179102740944925 0.11762916958154362 0.57936647295700461 -0.019642567149967625
leaf_weight=1770 99 895 50 52 59 83 93 80 43 89 48 81 58 354
leaf_count=1770 99 895 50 52 59 83 93 80 43 89 48 81 58 354
internal_value=-0.000326848 -0.000770304 0.000710967 0.00822581 0 0.0143382 0.00549451 0.00983333 -0.00299581 0.000487421 0.00847826 -0.00345572 -0.0041055 -0.000145278
internal_weight=3854 3582 2151 185 1966 135 272 179 1431 1907 137 1388 1307 412
internal_count=3854 3582 2151 185 1966 135 272 179 1431 1907 137 1388 1307 412
is_linear=0
shrinkage=0.03


Tree=188
num_leaves=15
num_cat=0
split_feature=66 6 77 27 60 41 4 41 40 16 0 77 66 63
split_gain=14.7808 11.8279 12.9044 15.2728 12.6757 11.1091 11.0763 9.89721 11.3267 11.1692 11.0575 10.6897 9.56218 10.2574
threshold=-325.7490980625152 690.00000000000011 -244.4408195018768 0.92963248239436636 -33.596698403358452 408.78963303565985 5.5000000000000009 227.89424192905429 45.180242109435198 24.500000000000004 14.500000000000002 -292.55850327014917 16.097652196884159 -21.385027240972118
decision_type=8 8 8 10 8 10 2 10 10 2 2 10 8 10
left_child=-1 6 3 4 -3 12 -2 8 -8 -10 11 -11 13 -4
right_child=1 2 5 -5 -6 -7 7 -9 9 10 -12 -13 -14 -15
leaf_value=-0.49837339792403468 -0.33435568948896521 0.39808806582102918 -0.010040860228057334 -0.64396155214403561 -0.11861730255908698 -0.46616748674400815 0.53288523269057053 0.63748598453596061 0.074307049175942802 0.082592430522307039 -0.45014023574612932 -0.13473916091018934 0.022793719865611309 -0.38511461088691334
leaf_weight=65 102 45 264 68 208 60 90 120 833 61 95 57 1659 139
leaf_count=65 102 45 264 68 208 60 90 120 833 61 95 57 1659 139
internal_value=-1.55159e-05 0.000228827 -0.00101882 -0.00661491 -0.00318898 -0.000169571 0.00247241 0.00324582 0.00237467 0.00148997 -0.00462617 0.00151261 0.000203587 -0.00393564
internal_weight=3866 3801 2443 321 253 2122 1358 1256 1136 1046 213 118 2062 403
internal_count=3866 3801 2443 321 253 2122 1358 1256 1136 1046 213 118 2062 403
is_linear=0
shrinkage=0.03


Tree=189
num_leaves=15
num_cat=0
split_feature=1 63 63 85 73 68 15 43 77 44 61 63 25 7
split_gain=10.3186 8.20034 12.2163 10.0125 13.0231 9.86151 8.56118 11.002 8.83828 8.05527 8.0351 9.70632 10.7108 8.88949
threshold=666.52870881557476 148.58551122933838 217.45770966158088 198.05423804124197 -16.565240025520321 -0.30836342391096222 23.500000000000004 332.69041285193867 -100.32442498207091 29.74743211269379 0.0065828563247955635 -107.4303951019546 0.90219990435198483 5020.6436175082208
decision_type=2 10 10 8 8 10 2 10 8 10 8 10 10 8
left_child=10 3 -3 4 -2 -6 8 -8 -7 -4 11 -1 -13 -12
right_child=1 2 9 -5 5 6 7 -9 -10 -11 13 12 -14 -15
leaf_value=0.54840359075298462 0.63800778689564341 0.30955398108623861 -0.45361082354050453 -0.24403717319635473 0.19719498918315403 -0.54136629430078009 0.29935541794880782 -0.20082029578613805 0.0016631509146858114 0.024633701749500764 0.0026116823177700478 0.31001197002471764 -0.18820579991096578 0.18693593197807742
leaf_weight=102 49 98 41 428 126 193 70 76 100 190 2119 40 77 144
leaf_count=102 49 98 41 428 126 193 70 76 100 190 2119 40 77 144
internal_value=5.44888e-05 -0.00203353 0.00209091 -0.00333653 -0.000878049 -0.00217314 -0.00429545 0.00163265 -0.0072449 -0.00168103 0.00120822 0.00668182 0.000762712 0.000675795
internal_weight=3853 1371 329 1042 614 565 439 146 293 231 2482 219 117 2263
internal_count=3853 1371 329 1042 614 565 439 146 293 231 2482 219 117 2263
is_linear=0
shrinkage=0.03


Tree=190
num_leaves=15
num_cat=0
split_feature=76 76 1 70 45 80 29 39 36 36 39 72 69 51
split_gain=11.279 12.2915 11.0125 11.4842 13.9424 8.97415 11.0501 14.781 10.9861 11.1048 10.6711 8.56002 16.5424 14.4331
threshold=-42.405506014823906 104.48191165924074 666.52870881557476 1.0000000180025095e-35 15.500000000000002 105.73080992698671 0.95657137184832253 3375.480070074595 0.28621378621378629 0.24217986314760512 4339.5161251555446 -80.445434331893907 -164.15429313269493 142.45288324356082
decision_type=8 8 2 8 10 10 10 10 10 8 10 8 8 10
left_child=-1 -2 3 -3 5 11 7 8 9 -7 -9 12 13 -5
right_child=1 2 -4 4 -6 6 -8 10 -10 -11 -12 -13 -14 -15
leaf_value=0.34326798445205831 -0.62846446597980643 -0.033920817130170922 -0.058158670330327594 0.72672575593396249 0.27186867168146173 0.61669531045447001 -0.14176854279861853 -0.88633299707452284 1.2956163259667275 -0.523266171685282 0.56595994368604352 -0.0060006668550662027 0.40224107860478781 -0.39299798737878344
leaf_weight=42 54 141 1343 44 55 103 78 54 160 52 50 1504 108 81
leaf_count=42 54 141 1343 44 55 103 78 54 160 52 50 1504 108 81
internal_value=6.97674e-05 -0.000101881 0.000103339 0.0013081 0.00182096 0.00144966 0.005 0.00692857 0.0101582 0.00442308 -0.00285714 0.00043153 0.00576923 -0.00166667
internal_weight=3869 3827 3773 2430 2289 2234 497 419 315 155 104 1737 233 125
internal_count=3869 3827 3773 2430 2289 2234 497 419 315 155 104 1737 233 125
is_linear=0
shrinkage=0.03


Tree=191
num_leaves=15
num_cat=0
split_feature=1 65 17 82 17 39 27 28 17 56 0 42 38 48
split_gain=7.90813 9.7126 16.6023 17.9079 13.5428 21.4995 20.5014 15.9917 15.88 13.2304 13.2108 13.2703 15.1847 14.9598
threshold=837.52777552604687 0.92569678480918383 37.500000000000007 205.76427392164871 24.500000000000004 2439.0346413748298 0.94313562453806365 123.50000000000001 21.500000000000004 -40.967615286509194 385.50000000000006 114.89558291435243 2447.1985917558377 13.996713240941366
decision_type=2 10 2 10 2 10 10 2 2 10 2 8 8 8
left_child=1 2 3 4 8 6 -6 -8 -1 -10 11 13 -13 -4
right_child=-2 -3 10 -5 5 -7 7 -9 9 -11 -12 12 -14 -15
leaf_value=0.043633444157641678 -0.22080992021999871 -0.041530341198858733 -0.12997612559882213 1.8078701629038292 1.4726429195303572 -0.029946223441127465 0.73230323019691368 -0.23415714058097822 0.20244302244649232 -0.4510207597164137 2.3520026697703105 -0.93646352200142002 -0.0049176524912604332 0.084222823468865102
leaf_weight=583 123 1298 321 80 161 210 41 115 46 235 43 126 166 306
leaf_count=583 123 1298 321 80 161 210 41 115 46 235 43 126 166 306
internal_value=-4.66926e-05 0.000200965 0.00131882 0.00332201 0.00252155 0.00630682 0.0112264 0.00343949 0.000208092 -0.0056383 -0.00174455 -0.00251087 -0.00778157 -4.77707e-05
internal_weight=3854 3731 2433 1471 1391 527 317 156 864 281 962 919 292 627
internal_count=3854 3731 2433 1471 1391 527 317 156 864 281 962 919 292 627
is_linear=0
shrinkage=0.03


Tree=192
num_leaves=15
num_cat=0
split_feature=3 7 28 42 35 60 38 43 3 63 84 58 41 70
split_gain=10.8357 18.89 18.1475 13.1268 11.7264 10.9822 12.503 10.9234 18.1277 14.4543 12.6666 11.835 14.4701 11.2311
threshold=15.708333333343036 2802.658439235604 469.50000000000006 281.10059678554541 11.957687626774851 650.78323733806621 4002.913543957286 605.77801138740358 11.375000000000002 -241.11394063845037 74.354996045430511 476.56861829757696 314.47353982925421 0.18465909090909094
decision_type=2 10 2 10 8 10 10 10 2 8 8 10 10 10
left_child=2 5 7 4 -3 6 -2 9 11 -1 -10 12 -9 -13
right_child=1 3 -4 -5 -6 -7 -8 8 10 -11 -12 13 -14 -15
leaf_value=0.55970197018722001 -0.10091293860471648 0.60203862488257964 -1.34890011236136 1.1891110796333351 0.046440026898169631 0.42198583881442697 1.0846252976660296 -0.00089737334496215999 -1.4953416970466065 -0.0029009594102739197 -0.044823689472483878 -0.0043768428526698138 -0.87258377534090359 0.31854659975018806
leaf_weight=68 664 170 41 80 453 63 46 277 115 1584 117 40 44 41
leaf_count=68 664 170 41 80 453 63 46 277 115 1584 117 40 44 41
internal_value=0.000102524 0.00211239 -0.00117268 0.00566761 0.00418269 -0.00112403 -0.00219409 -0.000813293 -0.00415748 0.000471869 -0.0108155 -0.000297767 -0.0028882 0.00987805
internal_weight=3803 1476 2327 703 623 773 710 2286 634 1652 232 402 321 81
internal_count=3803 1476 2327 703 623 773 710 2286 634 1652 232 402 321 81
is_linear=0
shrinkage=0.03


Tree=193
num_leaves=15
num_cat=0
split_feature=3 15 85 16 14 45 25 75 28 48 56 39 41 25
split_gain=12.1927 13.5186 14.1894 11.0802 11.593 11.7919 14.92 11.478 10.3479 8.63667 14.3201 8.47361 11.6923 15.2353
threshold=1.5416666666569656 24.500000000000004 -120.31627357006072 1.0000000180025095e-35 460.7434080897375 5.5000000000000009 0.90967365967365976 36.061706423759468 116.50000000000001 104.030081987381 -62.372955123583466 1163.7726434030544 134.94511187076571 0.89915254237288156
decision_type=2 2 10 2 8 8 8 8 2 10 10 10 8 10
left_child=1 2 -1 -2 5 6 7 -5 -7 10 -8 12 13 -10
right_child=3 -3 -4 4 -6 8 9 -9 11 -11 -12 -13 -14 -15
leaf_value=-0.075383109688813468 -0.57035321723560994 0.032233915109123358 -0.82773693673351412 -0.1243542782014817 -0.040202198411586634 0.67304241527360475 -0.11699933060815949 -1.0885441631419954 0.22734460132530351 -0.28918781568518703 0.37123524372477534 0.013249094881567735 0.80716544231732057 -0.019698871685520061
leaf_weight=67 133 71 57 61 1123 43 78 73 162 77 113 1411 91 257
leaf_count=67 133 71 57 61 1123 43 78 73 162 77 113 1411 91 257
internal_value=-0.000212153 -0.0075 -0.01344 0.000182169 0.000507163 0.00169835 -0.00297767 -0.0111111 0.00265649 0.00111524 0.00453125 0.0023257 0.00563601 0.0035
internal_weight=3817 195 124 3622 3489 2366 402 134 1964 268 191 1921 510 419
internal_count=3817 195 124 3622 3489 2366 402 134 1964 268 191 1921 510 419
is_linear=0
shrinkage=0.03


Tree=194
num_leaves=15
num_cat=0
split_feature=78 39 38 41 67 26 40 51 53 28 3 66 3 41
split_gain=8.3242 16.4362 12.4922 10.0185 11.3118 14.1735 9.655 9.61839 12.5634 12.8827 12.8615 15.4482 11.1788 10.7584
threshold=0.70833333333333337 435.26008266824584 55.70399361343889 324.79994058609014 7.5878930389880859 61.500000000000007 42.651475380322445 -1496.5686182975767 10.500000000000002 123.50000000000001 14.541666666656967 130.08650565147403 11.541666666656967 257.57191574573523
decision_type=8 10 8 10 8 2 8 8 10 2 2 10 2 10
left_child=3 -2 -3 4 -1 -6 -7 -4 9 -9 12 -12 -10 -13
right_child=1 2 7 -5 5 6 -8 8 10 -11 11 13 -14 -15
leaf_value=-0.55091169446201949 -0.2732739902384983 0.56480469255420107 -0.099787508821376339 -0.42562610361508552 -0.1472555403047521 0.78133639405705646 0.0068475993102438439 0.96009004833280309 0.092412823257469814 0.0040470548590553785 2.4466306168751775 -0.36917671567906096 -0.84628979003326787 0.81392397348934054
leaf_weight=116 232 49 154 62 98 64 398 69 194 2157 65 53 41 44
leaf_count=116 232 49 154 62 98 64 398 69 194 2157 65 53 41 44
internal_value=1.58019e-05 0.000706113 0.00133711 -0.00284168 -0.00177253 0 0.00220302 0.00106911 0.00149771 0.000619668 0.00640704 0.0128834 0.00190678 0.00520408
internal_weight=3796 3058 2826 738 676 560 462 2777 2623 2226 397 162 235 97
internal_count=3796 3058 2826 738 676 560 462 2777 2623 2226 397 162 235 97
is_linear=0
shrinkage=0.03


Tree=195
num_leaves=15
num_cat=0
split_feature=67 56 0 84 7 39 8 35 35 60 3 45 3 36
split_gain=8.27643 7.74245 9.99967 8.47985 6.934 11.0599 13.4613 16.9466 14.2304 12.6918 10.8017 17.3353 12.9615 12.3046
threshold=-261.95527132919852 -141.22795947392777 -139.49999999999997 51.396282434463508 5123.2697457641034 2396.2808199483848 4.1116967280546719 13.576667852695254 20.098951048951051 116.01381134986879 17.125000000000004 10.500000000000002 16.041666666656969 0.97646733111849404
decision_type=8 8 2 8 8 10 10 8 10 8 2 10 2 10
left_child=-1 2 3 -2 5 6 8 -8 10 -10 12 13 -3 -12
right_child=1 4 -4 -5 -6 -7 7 -9 9 -11 11 -13 -14 -15
leaf_value=-0.71725819241619426 0.24251132878903078 -0.019229317180726183 0.78293266071591516 -0.20941963648537479 0.12470687679638416 -0.078541154706212812 0.4801334433811148 -0.0021400932014366525 1.070578948640027 0.010579651570251864 -0.37049437370149901 0.35821392852213169 0.21314957118530889 0.1712975829766171
leaf_weight=64 49 929 49 41 256 1291 167 196 66 76 394 54 118 69
leaf_count=64 49 929 49 41 256 1291 167 196 66 76 394 54 118 69
internal_value=-0.000463351 -0.000279553 0.00664286 0.000659341 -0.000547415 -0.000910443 0.000449275 0.00568681 -0.000667838 0.00839161 -0.00149521 -0.00503861 0.000257634 -0.0069181
internal_weight=3819 3755 139 90 3616 3360 2069 363 1706 142 1564 517 1047 463
internal_count=3819 3755 139 90 3616 3360 2069 363 1706 142 1564 517 1047 463
is_linear=0
shrinkage=0.03


Tree=196
num_leaves=15
num_cat=0
split_feature=7 77 14 26 68 7 81 24 14 68 34 26 60 8
split_gain=9.0372 16.0313 10.6972 9.78756 22.4334 12.6051 10.4539 8.72984 16.0028 10.0963 8.38705 7.81836 14.0072 12.1896
threshold=5123.2697457641034 -62.583481609821312 460.7434080897375 142.50000000000003 0.061436613575363737 3089.9075409560614 7212.8415356874475 40.500000000000007 689.55589734680063 0.23020606787537953 0.24417344173441738 104.50000000000001 545.25383734703075 6.0885345621350027
decision_type=10 10 8 2 8 10 8 2 8 10 10 2 8 8
left_child=2 -2 -1 7 5 -5 -7 9 -9 11 -3 12 13 -4
right_child=1 10 3 4 -6 6 -8 8 -10 -11 -12 -13 -14 -15
leaf_value=0.0090683151855159138 0.70040484245398282 -0.18362637265044141 -0.50661861369403116 1.5836209115658748 -0.52212413060675311 -0.27593753581489761 0.63832903082155856 -0.15660803754710975 -1.4102107694410513 0.43604176763016256 0.44500111454662317 0.11638110253770151 -0.00035362255219704151 0.033357294068912212
leaf_weight=2581 75 63 273 40 73 45 68 71 46 55 41 100 249 56
leaf_count=2581 75 63 273 40 73 45 68 71 46 55 41 100 249 56
internal_value=-6.25489e-05 0.0065 -0.000385457 -0.00289694 0.00264317 0.00915584 0.00394737 -0.00437133 -0.0119492 -0.00314714 -0.00114286 -0.00415317 -0.00549223 -0.00954545
internal_weight=3836 179 3657 1076 226 153 113 850 117 733 104 678 578 329
internal_count=3836 179 3657 1076 226 153 113 850 117 733 104 678 578 329
is_linear=0
shrinkage=0.03


Tree=197
num_leaves=15
num_cat=0
split_feature=79 82 82 79 74 82 0 43 45 41 35 48 77 68
split_gain=8.34366 16.5688 12.1027 9.75377 9.25669 13.5877 12.4444 10.7962 17.3786 13.7762 12.3172 9.97883 9.72374 13.6558
threshold=52.721247598201387 77.268832882245405 -150.37561261653897 37.254137026532604 2406.5829915259696 -70.419214248657212 401.50000000000006 576.83658492047391 7.5000000000000009 -75.437159538269029 16.736403940886703 -86.745964368184389 -119.3242945075035 -0.071122538573389293
decision_type=10 10 8 10 10 8 2 8 8 10 10 8 8 8
left_child=2 -2 -1 4 5 12 7 9 -9 10 11 -7 13 -4
right_child=1 -3 3 -5 -6 6 -8 8 -10 -11 -12 -13 -14 -15
leaf_value=0.3184924684489906 -0.016999567936473097 -0.62739312814438031 -0.013157185922795874 0.85383706639558865 -0.25103205164849679 0.096201743589859695 2.2702309747193197 -0.46545290791050237 0.0019592213954240378 0.016246259587765478 1.687003053771684 0.63804320841889439 0.032471696150664114 -1.2151360059254845
leaf_weight=113 260 44 58 56 102 169 59 188 675 1777 47 68 119 87
leaf_count=113 260 44 58 56 102 169 59 188 675 1777 47 68 119 87
internal_value=0.000235417 -0.00452459 0.000647911 0.000325895 0.000116418 0.000397167 0.000975201 0.000697436 -0.00211806 0.00187682 0.008 0.00516807 -0.00611321 -0.0113014
internal_weight=3822 304 3518 3405 3349 3247 2983 2924 863 2061 284 237 264 145
internal_count=3822 304 3518 3405 3349 3247 2983 2924 863 2061 284 237 264 145
is_linear=0
shrinkage=0.03


Tree=198
num_leaves=15
num_cat=0
split_feature=4 67 0 69 39 81 14 25 25 41 81 27 77 5
split_gain=11.3698 16.4408 11.8997 13.7513 12.6405 16.1448 13.1015 12.5121 11.7591 15.3011 12.0058 14.9663 12.4799 13.3944
threshold=8.5000000000000018 -239.93171453448676 106.50000000000001 -286.81615183647085 1860.6376786451638 9137.6071962118167 358.51781940993902 0.91277173913043486 0.97385509227614497 408.78963303565985 4169.4065548181543 0.96623785485534397 -153.83024227619168 68.534242630004897
decision_type=2 8 2 8 10 8 10 10 8 10 8 10 8 8
left_child=1 -1 3 -2 5 7 -6 -5 9 -3 -10 -12 -13 -14
right_child=2 8 -4 4 6 -7 -8 -9 10 -11 11 12 13 -15
leaf_value=-1.3527642310473849 0.92176908223096998 -0.025221329952126659 0.83982192920723997 0.55289869094910371 -0.30003944617905526 -0.042734179828203218 0.0034092762500501942 0.01883241918434175 -0.11472688593289646 -0.74536821464673975 0.44298147574351998 0.68547076889885994 0.21720025823495315 -0.29987159873293773
leaf_weight=57 43 2377 191 109 150 96 229 84 65 42 150 58 40 179
leaf_count=57 43 2377 191 109 150 96 229 84 65 42 150 58 40 179
internal_value=-0.000356497 -0.00125295 0.00259136 0.000800562 -0.000269058 0.00444828 -0.00386842 0.00943299 -0.0009375 -0.00179752 0.003286 0.00511682 0.000971223 -0.00231818
internal_weight=3870 2968 902 711 668 289 379 193 2911 2419 492 427 277 219
internal_count=3870 2968 902 711 668 289 379 193 2911 2419 492 427 277 219
is_linear=0
shrinkage=0.03


Tree=199
num_leaves=15
num_cat=0
split_feature=67 34 80 41 28 82 70 42 73 25 15 28 17 84
split_gain=8.65069 8.93496 14.6372 16.8739 14.3523 14.3198 16.5828 14.8204 14.0128 13.9632 12.2338 11.0367 15.1231 23.0098
threshold=-261.95527132919852 0.17089216944801031 33.236309289932258 51.611154794693 230.50000000000003 32.149947226047523 0.83974358974358987 100.59478127956392 18.546819806098942 0.85239651416122009 34.500000000000007 228.50000000000003 24.500000000000004 -12.086762785911558
decision_type=8 8 8 8 2 8 10 10 10 8 2 2 2 10
left_child=-1 2 8 -4 -5 6 7 9 10 -3 -2 -8 -13 -14
right_child=1 5 3 4 -6 -7 11 -9 -10 -11 -12 12 13 -15
leaf_value=-0.9531554059472932 0.046417448867612489 -0.024923612381044399 -0.1136848925311577 0.24034192264458476 -0.16502187621917982 0.019805073250762768 -0.3434331776593692 -0.37672281668146329 0.47900732822877246 0.5036565449298992 0.54953401781943678 -0.24527123933458775 0.90414040353455072 -0.12220626454050972
leaf_weight=63 230 57 264 172 97 1893 508 78 54 96 46 150 67 67
leaf_count=63 230 57 264 172 97 1893 508 78 54 96 46 150 67 67
internal_value=0.000156128 0.00034127 0.00302083 -5.61798e-05 0.00522222 -0.00045252 -0.00331055 0.00375 0.00797583 0.00915584 0.00519856 -0.00537201 -0.000631579 0.00666667
internal_weight=3842 3779 863 533 269 2916 1023 231 330 153 276 792 284 134
internal_count=3842 3779 863 533 269 2916 1023 231 330 153 276 792 284 134
is_linear=0
shrinkage=0.03


Tree=200
num_leaves=15
num_cat=0
split_feature=81 56 28 41 77 79 56 81 58 82 65 80 4 65
split_gain=9.11697 19.7907 15.0067 14.416 21.492 13.538 11.4118 11.1112 18.9655 18.3572 21.9866 11.6364 11.5158 12.4518
threshold=8584.5142171382922 15.433030525843304 248.50000000000003 113.54844367504121 -128.32459855079648 12.885430294637409 -53.818645636240639 7551.3875182867059 353.47129118442541 61.410017450650535 1.0106471812639548 -77.620990753173814 6.5000000000000009 1.0286291719154159
decision_type=10 10 2 10 10 10 10 10 10 10 8 10 2 10
left_child=7 2 6 4 -3 -6 -2 12 9 10 -9 -12 -1 -14
right_child=1 3 -4 -5 5 -7 -8 8 -10 -11 11 -13 13 -15
leaf_value=-0.045978186816624848 -0.096030063046535899 1.0739119317766388 0.37037429798615085 -0.22143584569207356 -0.39375831134418843 0.11979825966757388 -1.0710832561594115 -0.39316340735027672 -0.13629997532173271 1.6882028995414311 0.54171835471760366 0.1074138624989521 0.057815959333277239 -0.083423399896661865
leaf_weight=834 166 77 42 218 49 75 129 63 68 88 44 54 1482 425
leaf_count=834 166 77 42 218 49 75 129 63 68 88 44 54 1482 425
internal_value=9.43644e-05 -0.00285337 -0.00825444 0.0015 0.00727723 -0.00048 -0.0106419 0.000823799 0.00613208 0.00996 0.00388889 0.0127273 0.000207877 0.00149371
internal_weight=3814 756 337 419 201 124 295 3058 317 249 161 98 2741 1907
internal_count=3814 756 337 419 201 124 295 3058 317 249 161 98 2741 1907
is_linear=0
shrinkage=0.03


Tree=201
num_leaves=15
num_cat=0
split_feature=77 71 16 0 26 4 77 56 59 46 34 0 61 37
split_gain=8.74592 10.865 9.97739 10.7184 9.10874 8.6618 15.925 21.9116 13.5781 16.3887 11.7199 14.8773 11.3327 10.7657
threshold=107.6919767856598 18.500000000000004 1.0000000180025095e-35 401.50000000000006 171.50000000000003 7.5000000000000009 -241.54876583814618 -24.541551828384396 -120.91653537750243 570.00000000000011 0.2228132387706856 -4.4999999999999991 0.85802717533552342 1004.4411609676118
decision_type=10 8 2 2 2 2 8 8 8 8 8 2 10 8
left_child=2 4 -1 5 -2 8 7 -7 12 -10 11 -11 -4 -8
right_child=1 -3 3 -5 -6 6 13 -9 9 10 -12 -13 -14 -15
leaf_value=-0.52877579085013349 -0.74482414966841237 0.10871078475890122 -0.052689580100956562 1.2059404202262449 -0.03279216281087121 0.15621453057734222 -0.043896085535831443 -0.44786456227503513 -1.0844857638499414 -0.1933052004869269 -0.023700223935171499 0.26638531583596714 -0.80703919051518869 0.11801993581909213
leaf_weight=135 76 47 478 44 66 118 334 136 58 138 764 316 63 1081
leaf_count=135 76 47 478 44 66 118 334 136 58 138 764 316 63 1081
internal_value=-0.000513619 -0.00678947 -0.000188216 0.000118946 -0.0109091 -6.88271e-05 0.00149102 -0.00541176 -0.00150165 0.00018794 0.000935193 0.00474725 -0.0054797 0.00273305
internal_weight=3854 189 3665 3530 142 3486 1669 254 1817 1276 1218 454 541 1415
internal_count=3854 189 3665 3530 142 3486 1669 254 1817 1276 1218 454 541 1415
is_linear=0
shrinkage=0.03


Tree=202
num_leaves=15
num_cat=0
split_feature=1 7 81 63 3 73 83 69 76 3 7 8 20 81
split_gain=11.4137 11.6989 9.61485 9.56191 17.1295 14.9 10.356 14.0209 12.8386 12.0033 11.6464 16.7673 12.2419 10.871
threshold=674.27329885959637 5123.2697457641034 1587.2678377628329 -113.33200824133895 12.041666666656967 32.694101452827461 -110.75879597663878 37.516639669968285 353.73220610618597 5.8750000000000009 2154.6798886825022 5.8923942482609677 147.41329634189609 5070.6015328168878
decision_type=2 8 8 8 2 10 8 10 8 2 10 10 10 10
left_child=1 2 -1 4 -4 -6 8 10 -5 -9 12 -12 -8 -13
right_child=-2 -3 3 6 5 -7 7 9 -10 -11 11 13 -14 -15
leaf_value=1.2390902560620438 -0.07182201063773902 0.43319189476965253 0.50228436631779561 0.12594862153700367 -0.18549802863730844 0.52843176246692591 0.3306056665427472 -0.63347215080414354 -0.25498932697483007 0.16378814586869464 -0.10695804198292976 -0.0022681681474739745 -0.019851216128018333 0.63340544589993553
leaf_weight=53 1269 146 171 51 264 43 73 59 248 602 567 63 171 42
leaf_count=53 1269 146 171 51 264 43 73 59 248 602 567 63 171 42
internal_value=-0.000392362 0.000763508 0.000261628 -2.54777e-05 0.00375783 -0.000487013 -0.000990943 -1.90114e-05 -0.0061 0.00330816 -0.00242094 -0.00445765 0.00318367 0.00650943
internal_weight=3822 2553 2407 2354 478 307 1876 1577 299 661 916 672 244 105
internal_count=3822 2553 2407 2354 478 307 1876 1577 299 661 916 672 244 105
is_linear=0
shrinkage=0.03


Tree=203
num_leaves=15
num_cat=0
split_feature=66 32 42 34 70 82 8 39 13 79 83 16 43 32
split_gain=8.96757 15.3017 11.9242 11.6571 12.4615 13.9092 13.459 11.2547 11.9952 14.8455 10.7568 13.8774 12.5314 10.4734
threshold=-269.19951641559595 0.29814814814814822 -208.83164739608762 0.2228132387706856 0.91287878787878796 209.33787163098654 5.481355959220874 2345.9196444808044 90.000000000000014 22.397597633943136 -259.89895069599146 12.500000000000002 675.44764103792602 0.27842377260981915
decision_type=8 8 8 8 10 10 10 10 10 8 10 2 8 10
left_child=1 -1 -2 -4 6 7 10 8 9 -6 11 -5 -13 -12
right_child=2 -3 3 4 5 -7 -8 -9 -10 -11 13 12 -14 -15
leaf_value=-0.94940321270783545 0.72633988982539621 0.28678699045825068 0.042273919910409352 0.12550344534095409 -0.01519757199308297 0.98397140544585393 0.29409356326402453 -0.42594522879341123 -0.15594393445186575 0.74423544342498105 -0.024825742905826238 -0.29697612931711315 -0.020864439531018224 0.30298308272092439
leaf_weight=91 59 48 1330 65 254 60 164 437 490 79 144 140 184 299
leaf_count=91 59 48 1330 65 254 60 164 437 490 79 144 140 184 299
internal_value=-4.6814e-05 -0.0075 0.000234754 1.64519e-05 -0.00126888 -0.00317941 0.00126379 -0.00385408 -0.00178398 0.00260479 -0.000288115 -0.00392308 -0.00646154 0.00290541
internal_weight=3844 139 3705 3646 2316 1320 996 1260 823 333 832 389 324 443
internal_count=3844 139 3705 3646 2316 1320 996 1260 823 333 832 389 324 443
is_linear=0
shrinkage=0.03


Tree=204
num_leaves=15
num_cat=0
split_feature=1 41 39 34 34 43 69 43 82 73 34 35 61 0
split_gain=9.97551 8.7099 8.93316 10.209 8.9618 10.8433 9.50618 9.13328 12.3612 9.96495 9.96228 8.84475 9.37391 8.78773
threshold=659.08346462249767 408.78963303565985 5442.543584670746 0.20638945233265724 0.2228132387706856 754.06807785443436 127.03507482970741 410.59544131642861 165.25253645579025 33.209735393524177 0.15034246575342466 15.227171428571429 0.52881235493982592 290.50000000000006
decision_type=2 10 10 8 8 10 8 8 8 8 10 10 8 2
left_child=-1 2 4 -4 5 7 -7 8 11 -10 -9 12 -2 -6
right_child=1 -3 3 -5 13 6 -8 10 9 -11 -12 -13 -14 -15
leaf_value=0.031176502310162453 0.095163393538754235 -0.45231406268537599 -0.0048311064490799364 0.11835383899908167 -0.14676176291449863 -0.9308369243141662 0.018449072038253002 0.010474634172460497 -0.75447247491952196 -0.009618171497406609 0.59172023622508374 0.21068830377901887 -1.003171162136113 0.3781196943134455
leaf_weight=1650 62 58 103 95 1169 71 72 85 57 73 97 167 40 59
leaf_count=1650 62 58 103 95 1169 71 72 85 57 73 97 167 40 59
internal_value=-0.000528634 -0.00184699 -0.00153417 0.00452261 -0.00215054 0.000496552 -0.006875 0.00231959 -0.000225 -0.00778626 0.00786885 0.00344444 -0.00349515 -0.00371033
internal_weight=3858 2208 2150 198 1952 724 143 581 399 130 182 269 102 1228
internal_count=3858 2208 2150 198 1952 724 143 581 399 130 182 269 102 1228
is_linear=0
shrinkage=0.03


Tree=205
num_leaves=15
num_cat=0
split_feature=67 56 0 67 79 41 76 14 82 78 78 83 24 81
split_gain=12.1354 10.1825 13.9868 9.17244 9.08873 13.5082 12.7893 12.2424 10.3371 13.9133 11.3516 9.33363 9.05978 8.71561
threshold=-261.95527132919852 -138.40220248699185 -150.49999999999997 596.58559644527941 10.724888020592759 408.78963303565985 192.78102958202365 484.00534592793605 -67.741145372390733 0.70833333333333337 0.58333333333333337 -127.08978462219237 33.500000000000007 7702.8771815299997
decision_type=8 8 2 10 8 10 8 10 8 10 10 10 2 10
left_child=-1 2 -2 4 6 8 -3 -8 11 10 -10 -6 -5 -9
right_child=1 3 -4 12 5 -7 7 13 9 -11 -12 -13 -14 -15
leaf_value=-0.92832142173819387 -0.021879489473771656 0.29347930646411069 0.67586104196594299 1.1028018355534543 0.0079882342050899609 -0.36898251264597404 -0.02119385740654943 -0.6353557567416479 0.0044243493368324137 0.2043676546656483 -0.98753602049958067 -0.6505770226547597 0.023679087374560197 -0.023153924929403668
leaf_weight=56 77 70 75 53 95 48 988 194 1190 679 52 87 63 102
leaf_count=56 77 70 75 53 95 48 988 194 1190 679 52 87 63 102
internal_value=5.48303e-05 0.000262321 0.00784314 -5.7979e-05 -0.000333714 0.000878253 -0.0022583 -0.00294163 0.00124049 0.00188866 0 -0.00557377 0.00820513 -0.00828283
internal_weight=3829 3773 152 3621 3505 2151 1354 1284 2103 1921 1242 182 116 296
internal_count=3829 3773 152 3621 3505 2151 1354 1284 2103 1921 1242 182 116 296
is_linear=0
shrinkage=0.03


Tree=206
num_leaves=15
num_cat=0
split_feature=65 66 29 77 28 16 44 77 74 81 41 81 17 69
split_gain=9.98165 15.6056 11.2762 8.6759 14.0331 16.9827 12.9588 12.8805 13.0501 15.2563 16.9113 11.8905 16.4656 14.2926
threshold=1.1562631401165824 -15.340794920921324 0.89885454465964243 -244.4408195018768 184.50000000000003 14.500000000000002 40.86904954910279 -198.13558185100553 1689.0544924758058 11765.18967652321 84.037244439125075 4668.6520421504983 23.000000000000004 154.10336447608594
decision_type=10 10 10 8 2 2 8 8 8 8 10 10 2 8
left_child=3 2 -2 4 6 -6 -1 8 -5 10 -10 -9 13 -13
right_child=1 -3 -4 7 5 -7 -8 11 9 -11 -12 12 -14 -15
leaf_value=0.40169476666310888 -0.46675436701323914 -0.8815166034770493 0.32765558902211211 0.87102519360583985 0.0059676729522284509 -0.66562821660136151 -0.01948874047399415 0.038316563885868786 0.80568911485505101 -0.28985221834620212 -0.43714890258036698 -0.84877766977285451 -0.0099987011326806655 0.0042133087810899989
leaf_weight=50 64 59 71 80 128 148 197 1513 87 80 43 114 1157 71
leaf_count=50 64 59 71 80 128 148 197 1513 87 80 43 114 1157 71
internal_value=-0.00015532 -0.00676923 -0.00110294 0.000196239 -0.00337786 -0.00801444 0.00181452 0.000791481 0.00680412 0.0028436 0.00916031 0.000178571 -0.0018764 -0.0101613
internal_weight=3862 194 135 3668 523 276 247 3145 290 210 130 2855 1342 185
internal_count=3862 194 135 3668 523 276 247 3145 290 210 130 2855 1342 185
is_linear=0
shrinkage=0.03


Tree=207
num_leaves=15
num_cat=0
split_feature=59 66 6 81 16 41 53 29 85 42 33 83 36 68
split_gain=7.73004 17.4783 10.3129 11.9173 12.4169 11.2076 10.7643 10.0359 10.0997 16.1503 10.0027 9.94775 11.1051 10.61
threshold=177.0216261148453 -321.72467041015619 690.00000000000011 3435.8629423379903 3.5000000000000004 405.10230302810675 10.500000000000002 0.92848324514991198 33.781055152416236 114.89558291435243 15.693750000000001 87.747775077819838 0.55634920634920648 -0.11089335303320026
decision_type=10 8 8 10 2 10 10 10 8 10 10 10 10 8
left_child=2 -2 3 11 10 6 -4 8 -8 -10 -5 12 13 -1
right_child=1 -3 5 4 -6 -7 7 -9 9 -11 -12 -13 -14 -15
leaf_value=0.489148010779897 -1.6432577230024015 0.11657544048003103 -0.090049394674372396 -0.018330072735203904 0.021768675605832826 -0.3896474385956577 0.086423306252843071 1.3899577002162704 -0.14306367263278491 0.0650889020981162 -0.53563106629519008 0.99157166023631504 -0.50297858012382446 0.056603829754033955
leaf_weight=64 46 478 1602 69 687 62 50 67 105 129 49 41 41 338
leaf_count=64 46 478 1602 69 687 62 50 67 105 129 49 41 41 338
internal_value=4.70097e-05 0.00342857 -0.000490166 0.00160465 -0.000632754 -0.00183036 -0.00142784 0.00332386 0.000842105 -0.00178723 -0.00957983 0.00531959 0.00398649 0.00550868
internal_weight=3828 524 3304 1289 805 2015 1953 351 284 234 118 484 443 402
internal_count=3828 524 3304 1289 805 2015 1953 351 284 234 118 484 443 402
is_linear=0
shrinkage=0.03


Tree=208
num_leaves=15
num_cat=0
split_feature=34 31 39 7 14 50 61 56 72 3 7 26 56 52
split_gain=6.80951 11.3637 13.2185 17.9036 11.7884 8.94257 8.71667 8.69025 12.2788 11.2829 8.56925 11.7197 9.07905 8.72788
threshold=0.2228132387706856 14.184659090909093 1763.9314282717914 3233.5505429744949 466.73763917001281 182.97837388515475 0.78047948440435666 -155.02945939699808 -90.776152610778794 15.708333333343036 3988.3109482268223 113.50000000000001 293.45490034421289 1181.9974150657656
decision_type=8 10 10 8 8 10 10 8 8 2 10 2 10 10
left_child=7 6 4 -4 -3 -5 10 -1 9 -9 12 13 -2 -12
right_child=1 2 3 5 -6 -7 -8 8 -10 -11 11 -13 -14 -15
leaf_value=-0.5124178485403651 -0.010463079259702255 0.22570251260235485 -0.65333482245853469 0.057519219855175691 -0.35528365289899372 -0.64092815213803356 0.14406164842239036 0.01035331560408629 0.02774723415323916 0.55514294696854227 0.75444170137924893 -0.047677690047771115 -0.3356037086034655 0.011609359406243866
leaf_weight=45 1367 139 161 161 43 45 265 43 1313 56 56 59 57 43
leaf_count=45 1367 139 161 161 43 45 265 43 1313 56 56 59 57 43
internal_value=0.00013233 -0.000851064 -0.00463636 -0.00790761 0.00196721 -0.00202899 0.000275974 0.00174897 0.00216561 0.0123 -0.000568541 0.00603774 -0.00130526 0.0123
internal_weight=3853 2396 549 367 182 206 1847 1457 1412 99 1582 158 1424 99
internal_count=3853 2396 549 367 182 206 1847 1457 1412 99 1582 158 1424 99
is_linear=0
shrinkage=0.03


Tree=209
num_leaves=15
num_cat=0
split_feature=67 45 17 59 41 42 17 38 77 40 42 64 76 81
split_gain=8.65922 13.0011 14.1335 9.65672 9.24343 14.209 11.6145 11.3465 9.96167 9.91592 9.06317 16.2926 14.3815 14.1727
threshold=107.8645920262618 5.5000000000000009 21.500000000000004 178.0279076099396 -70.736657738685594 -34.309117436408989 16.500000000000004 3391.9440655901521 -192.25392317771909 296.92600568046731 118.13134706020357 4.2242604647455293 154.58470845222476 4597.665326476098
decision_type=8 10 2 10 8 8 2 8 8 10 8 10 8 10
left_child=1 -1 -3 -4 7 6 -6 9 -8 -2 12 13 -7 -12
right_child=4 2 3 -5 5 10 8 -9 -10 -11 11 -13 -14 -15
leaf_value=-1.3073250870966744 0.30694616651860468 -0.92596487184643439 -0.028555207163461202 0.13561315608749011 -0.73484509337734694 -0.47291206563613175 0.82687577666056367 0.77545766847258135 -0.12264518682269079 -0.71816652341942433 -0.00035553863760732438 0.55157935304035222 0.089456515209336104 -0.4584721157461647
leaf_weight=84 170 56 909 149 42 54 41 44 131 54 565 175 1067 260
leaf_count=84 170 56 909 149 42 54 41 44 131 54 565 175 1067 260
internal_value=7.89058e-06 -0.00210175 -0.00123767 -0.000453258 0.000979263 0.000372432 -0.00697674 0.00624535 -0.00346821 0.00346667 0.00111687 -0.000959041 0.00296791 -0.00272397
internal_weight=3801 1198 1114 1058 2603 2335 214 268 172 224 2121 1000 1121 825
internal_count=3801 1198 1114 1058 2603 2335 214 268 172 224 2121 1000 1121 825
is_linear=0
shrinkage=0.03


Tree=210
num_leaves=15
num_cat=0
split_feature=34 80 73 0 33 8 3 3 68 31 37 33 17 27
split_gain=6.8465 15.6069 18.2969 15.1864 16.547 10.8418 12.9179 10.3808 13.692 9.68078 13.5497 14.0197 10.8649 12.0675
threshold=0.1645447219983884 33.236309289932258 18.546819806098942 -58.499999999999993 15.315354767184036 6.4334458331929634 16.041666666656969 1.2083333333430348 -0.10716496192286869 7.7816666666666672 1314.7758507848637 14.972670807453419 21.500000000000004 0.93718542125098026
decision_type=8 8 10 2 10 10 2 2 10 8 10 10 2 10
left_child=1 2 -1 -3 -5 9 7 -7 -9 12 -11 -12 13 -2
right_child=5 3 -4 4 -6 6 -8 8 -10 10 11 -13 -14 -15
leaf_value=0.076057981482960488 1.0395308093102946 -0.74028210489000457 0.51460415985868324 0.78954711912144582 -0.0079195692484828779 0.35054640115803132 1.619789589196039 0.14271365700115324 -0.7419833929459958 -0.09250031235859793 0.1899974165782867 -0.13283385356033059 -0.012202676967845678 0.085464108344710826
leaf_weight=277 72 58 55 43 425 42 68 47 41 897 379 593 721 119
leaf_count=277 72 58 55 43 425 42 68 47 41 897 379 593 721 119
internal_value=-5.4716e-05 0.00230501 0.00738739 -0.000910816 0.000895522 -0.000734899 0.00603015 0.000458015 -0.00539326 -0.00121855 -0.00245455 0 0.00131435 0.00765625
internal_weight=3837 858 332 526 468 2979 198 130 88 2781 1869 972 912 191
internal_count=3837 858 332 526 468 2979 198 130 88 2781 1869 972 912 191
is_linear=0
shrinkage=0.03


Tree=211
num_leaves=15
num_cat=0
split_feature=4 0 0 8 23 62 29 29 71 0 81 81 4 29
split_gain=13.2714 17.7869 14.146 10.5398 9.88083 9.77217 9.39874 10.7127 10.9287 9.28115 13.8466 11.5341 9.03936 12.2692
threshold=8.5000000000000018 106.50000000000001 -49.499999999999993 3.960717450483632 4.0054835081100473 -0.20078273797319052 0.94598433660933667 0.90388814242526039 13.500000000000002 -29.499999999999996 7983.1920174360284 11765.18967652321 6.5000000000000009 0.87533783783783792
decision_type=2 2 2 10 8 10 10 10 10 2 10 10 2 10
left_child=4 2 5 -3 12 -2 7 -4 -9 10 -6 -12 13 -1
right_child=1 3 6 -5 9 -7 -8 8 -10 -11 11 -13 -14 -15
leaf_value=-0.6823860841082231 0.68873461450950069 -0.07651598076155483 -0.041341463332940476 1.2061478296405703 -0.02947511875659032 0.088547081945816369 -0.38293402702243839 0.0112148935162611 1.0349163490774942 -0.014788173481116829 -1.5648198101045747 -0.15090647755978628 0.092152992161221053 -0.00057639442744562787
leaf_weight=62 49 46 260 150 221 120 93 135 59 1412 76 55 719 413
leaf_count=62 49 46 260 150 221 120 93 135 59 1412 76 55 719 413
internal_value=0.000123999 0.00328587 0.00108787 0.011269 -0.000851639 0.00864706 -0.00125912 0.000527473 0.00584615 -0.00227762 -0.0066289 -0.0143182 0.00125523 -0.00195378
internal_weight=3870 912 716 196 2958 169 547 454 194 1764 352 131 1194 475
internal_count=3870 912 716 196 2958 169 547 454 194 1764 352 131 1194 475
is_linear=0
shrinkage=0.03


Tree=212
num_leaves=15
num_cat=0
split_feature=81 79 64 68 3 83 79 17 17 85 3 65 81 7
split_gain=10.1178 12.6264 12.4718 10.5954 10.8166 11.0308 10.8815 9.42176 24.2444 20.0991 17.2088 20.1029 16.5151 14.3099
threshold=3259.223057866097 5.4203367627595336 3.7364123932352693 0.18592628841098088 17.875000000000004 -65.178555369377122 11.039991296817059 24.500000000000004 26.500000000000004 81.008234977722182 15.625000000000002 0.81239081717605943 7107.1712216138849 2165.3548378769824
decision_type=8 10 8 10 2 8 10 2 2 10 2 10 8 10
left_child=1 -1 3 4 5 -2 -7 10 9 -9 11 12 -4 -12
right_child=2 -3 7 -5 -6 6 -8 8 -10 -11 13 -13 -14 -15
leaf_value=-0.068891478341339463 0.36293434505368333 0.32406829316495123 -0.45888134580299561 0.026271903983559212 -0.91437400580087258 -0.76162404204440015 0.10756377082757311 1.91606105425148 0.0090563097844572216 -0.042224563292098338 -0.11655999389771028 -1.543510160775065 0.0044642601939956141 0.23979538123772637
leaf_weight=67 42 229 102 131 71 89 41 71 2263 47 94 78 282 168
leaf_count=67 42 229 102 131 71 89 41 71 2263 47 94 78 282 168
internal_value=0.000341631 0.00565657 -0.000112069 -0.00528 -0.00897541 -0.00485549 -0.00916031 0.000511912 0.00142317 0.0146218 -0.00248276 -0.00596112 -0.00311688 0.00365019
internal_weight=3775 296 3479 374 243 172 130 3105 2381 118 724 462 384 262
internal_count=3775 296 3479 374 243 172 130 3105 2381 118 724 462 384 262
is_linear=0
shrinkage=0.03


Tree=213
num_leaves=15
num_cat=0
split_feature=70 0 53 77 64 17 31 80 80 29 28 83 64 79
split_gain=12.6414 10.4973 10.4253 7.61034 11.1517 8.07548 7.89256 7.26219 14.359 12.675 12.0066 11.7802 10.8911 8.03624
threshold=1.0000000180025095e-35 10.500000000000002 19.500000000000004 121.64101433753969 5.9516907258829859 5.0000000000000009 14.184659090909093 -167.86078178882596 -124.6540319919586 0.88401793578348953 220.50000000000003 -269.54037213325495 4.4558299431961101 11.956173279112695
decision_type=8 2 10 10 8 2 10 8 8 10 2 8 8 10
left_child=1 -1 3 5 -5 6 -2 9 10 -7 12 -10 -9 -13
right_child=2 -3 -4 4 -6 7 -8 8 11 -11 -12 13 -14 -15
leaf_value=-0.008421186317820609 0.0074158034968555596 -0.47475172595849169 0.40846584979205552 -1.0027627226253868 -0.0021073388695125581 -0.012084497549244618 -1.1797402665609333 -1.5159237284185281 -0.60937775772381531 0.72373253677211924 0.038059239221026678 0.0019973489630982044 -0.042710856848242891 0.078462900356277884
leaf_weight=153 49 53 42 41 101 74 46 45 53 80 40 1913 42 1133
leaf_count=153 49 53 42 41 101 74 46 45 53 80 40 1913 42 1133
internal_value=0.000256079 -0.00695652 0.000663934 0.000489221 -0.00629371 0.000768124 -0.0078125 0.00101154 0.000706539 0.00735484 -0.00914062 0.0011129 -0.0153409 0.00135871
internal_weight=3865 206 3659 3617 142 3475 95 3380 3226 154 127 3099 87 3046
internal_count=3865 206 3659 3617 142 3475 95 3380 3226 154 127 3099 87 3046
is_linear=0
shrinkage=0.03


Tree=214
num_leaves=15
num_cat=0
split_feature=39 7 35 50 37 71 45 81 75 82 3 26 48 3
split_gain=9.44483 11.7842 12.0697 12.1032 14.6041 18.867 15.8499 13.4206 11.6788 12.0474 11.5604 15.2291 13.7969 13.7872
threshold=2396.2808199483848 2713.8932026441257 22.292033457852856 540.91653537750256 1161.2782821045364 15.500000000000002 9.5000000000000018 3519.1049057245259 22.741084218025211 -158.83502344290414 15.625000000000002 169.50000000000003 312.86647427082067 18.708333333343038
decision_type=8 10 10 10 10 10 8 8 10 10 2 2 10 2
left_child=1 2 3 4 8 6 7 -6 -1 -10 -2 12 13 -12
right_child=10 -3 -4 -5 5 -7 -8 -9 9 -11 11 -13 -14 -15
leaf_value=-0.27203151561861433 -0.10681404497182338 0.1404232839608302 0.51657181248557937 0.090456463261375547 0.45848305354786745 -0.51041228349709145 1.9555294470168019 -0.0098810591968525509 0.26986373705321653 -0.12827685078293505 0.23031893997611602 0.66641127554764956 0.47899168429710925 -0.23403857094528624
leaf_weight=297 969 653 85 261 70 80 53 497 53 249 156 81 53 284
leaf_count=297 969 653 85 261 70 80 53 497 53 249 156 81 53 284
internal_value=7.80843e-06 0.00122662 -0.000127582 -0.000730301 -0.00191538 0.0010271 0.00280193 0.00132042 -0.00535 -0.00118812 -0.00180699 0.00156522 -0.000425101 -0.00217687
internal_weight=3841 2298 1645 1560 1299 700 620 567 599 302 1543 574 493 440
internal_count=3841 2298 1645 1560 1299 700 620 567 599 302 1543 574 493 440
is_linear=0
shrinkage=0.03


Tree=215
num_leaves=15
num_cat=0
split_feature=3 52 20 65 77 53 68 40 15 39 83 28 62 82
split_gain=8.37773 12.2007 9.92496 9.54726 12.0103 13.584 15.5106 12.4316 11.2677 15.1901 10.533 13.1982 10.3095 9.39542
threshold=1.5416666666569656 35.696668863296516 659.08346462249767 0.92926644237299272 -266.05513942241663 5.5000000000000009 0.082043528678057712 773.27383372199574 15.500000000000002 1860.6376786451638 48.450216054916389 184.50000000000003 -0.050917339704717228 44.427120010058097
decision_type=2 10 8 10 10 10 10 10 2 10 8 2 10 10
left_child=1 -1 -3 13 7 -6 8 10 -7 -10 12 -12 -5 -2
right_child=3 2 -4 4 5 6 -8 -9 9 -11 11 -13 -14 -15
leaf_value=-0.20376144802061438 0.0015266380270462228 -0.32361212064434047 0.087664491507922354 0.097770272173232656 -2.1054309064054624 -0.51229411859902396 -0.87480449176620712 -0.27910350953520763 0.51822388356657745 -0.06885125537085926 0.26202818460828436 -0.15898002560076982 0.57423843948069087 0.14329679439345552
leaf_weight=72 1618 40 107 75 47 103 62 40 145 434 59 141 82 821
leaf_count=72 1618 40 107 75 47 103 62 40 145 434 59 141 82 821
internal_value=9.35794e-05 -0.00559091 -0.000608108 0.000438258 -0.00176619 -0.00390152 -0.00289933 0.00248744 -0.00158126 5.17241e-05 0.00427374 -0.000298507 0.0100633 0.0015123
internal_weight=3846 219 147 3627 1188 791 744 397 682 579 357 200 157 2439
internal_count=3846 219 147 3627 1188 791 744 397 682 579 357 200 157 2439
is_linear=0
shrinkage=0.03


Tree=216
num_leaves=15
num_cat=0
split_feature=23 76 75 8 4 83 50 0 71 25 81 16 64 64
split_gain=7.88882 10.3186 12.0752 10.552 8.67621 14.4888 12.9775 12.3671 17.314 12.0538 14.1702 17.2285 15.1246 14.1328
threshold=1.8332028388977053 2579.2370430231099 2038.1435635089877 0.08328200985935752 8.5000000000000018 -141.57078766822812 1543.0117584466936 276.50000000000006 15.500000000000002 0.97278785634950038 4632.2083827257165 38.500000000000007 4.419204124230844 4.5847448583859167
decision_type=8 10 10 10 2 8 10 2 10 10 8 2 8 8
left_child=-1 4 -3 -4 6 -6 9 8 -7 10 11 -2 -12 -14
right_child=1 2 3 -5 5 7 -8 -9 -10 -11 12 -13 13 -15
leaf_value=0.067770429200590163 0.12299238897292063 0.74598057798017248 -0.33507747815322941 0.53489831953404687 1.1173625488749239 0.020475949402482738 -0.21584164108877624 1.6450142209831267 -0.15697946889336084 0.076864996805277364 -0.52526755260873859 -0.39198336495120906 0.96428901606781603 -0.059142521868939965
leaf_weight=742 460 41 44 55 46 544 136 41 102 283 368 41 51 892
leaf_count=742 460 41 44 55 46 544 136 41 102 283 368 41 51 892
internal_value=-3.11931e-05 -0.000695652 0.00723404 0.0015 -0.00107251 0.00175749 -0.00200269 0.00065407 -0.000370943 -0.00141698 -0.0023166 0.00197211 -0.00395579 -0.00193856
internal_weight=3846 3104 140 99 2964 733 2231 687 646 2095 1812 501 1311 943
internal_count=3846 3104 140 99 2964 733 2231 687 646 2095 1812 501 1311 943
is_linear=0
shrinkage=0.03


Tree=217
num_leaves=15
num_cat=0
split_feature=42 42 42 57 31 5 16 85 32 81 79 52 32 36
split_gain=12.1924 13.2316 12.4336 14.1427 14.0992 10.4102 10.1833 10.6708 8.77611 7.85117 7.48149 7.44417 12.739 11.2775
threshold=37.93373095989228 48.624633669853218 23.187256574630741 4.5000000000000009 18.011111111111116 68.534242630004897 19.500000000000004 -64.179091751575456 0.267948717948718 8293.1055827140826 13.362584575102854 31.431358218193058 0.37715517241379315 0.25087412587412594
decision_type=8 8 10 10 8 10 2 8 10 10 10 8 8 8
left_child=2 -2 4 -4 -1 6 9 -8 -5 10 -6 -3 -13 -14
right_child=1 11 3 8 5 -7 7 -9 -10 -11 -12 12 13 -15
leaf_value=0.015048434040549273 0.48412099148282939 -0.11252712614202018 0.021602066547598834 -0.25251274924714878 -0.29797231005986186 -0.61537724420818618 0.61433863012656464 -0.0065069829183369053 -1.2478049752907365 -0.865679050347959 0.082529433657266366 0.088890957743531659 -0.2826085971767166 -0.0010047748711859983
leaf_weight=1198 125 311 79 82 125 124 41 80 50 63 59 777 70 658
leaf_count=1198 125 311 79 82 125 124 41 80 50 63 59 777 70 658
internal_value=-0.000359094 0.00131308 -0.00206625 -0.00891509 -0.00120639 -0.00547667 -0.00292683 0.00418033 -0.0148872 -0.00641129 -0.00324324 0.000660429 0.00153386 -0.00131687
internal_weight=3842 1941 1901 211 1690 492 368 121 132 247 184 1816 1505 728
internal_count=3842 1941 1901 211 1690 492 368 121 132 247 184 1816 1505 728
is_linear=0
shrinkage=0.03


Tree=218
num_leaves=15
num_cat=0
split_feature=38 16 77 34 81 77 8 71 71 29 7 77 16 49
split_gain=8.25413 14.7254 12.5755 17.6123 18.3648 12.5232 21.5347 10.3859 16.2422 16.4078 16.7957 16.026 14.1227 13.0936
threshold=3011.0612762949486 7.5000000000000009 -254.95557320117948 0.90692640692640702 1671.317119240761 57.194347918033607 6.3194778224721082 7.5000000000000009 12.500000000000002 0.90071280521712771 2174.0553856848132 -48.362476944923394 18.500000000000004 9.5000000000000018
decision_type=10 2 8 8 10 10 10 10 10 10 10 8 2 10
left_child=1 2 -1 4 -4 6 -3 -2 -9 10 -10 13 -11 -12
right_child=7 5 3 -5 -6 -7 -8 8 9 12 11 -13 -14 -15
leaf_value=0.54398420914319878 1.0191762075302699 -0.044329863362026246 0.52807269258895206 0.66071847374231008 -0.17975669905443267 -0.22902982463967989 0.64875317890312456 -0.1094469673008328 0.2632620817870322 0.16153343723725708 0.55210216641415655 -0.38386052136270071 1.5196055453209736 -0.16205007783507444
leaf_weight=51 113 1773 124 44 258 104 74 479 66 300 99 122 128 136
leaf_count=51 113 1773 124 44 258 104 74 479 66 300 99 122 128 136
internal_value=0.000302169 -0.000765747 0.00395397 0.00224824 0.000156658 -0.00192111 -0.0013474 0.00209834 0.00135237 0.00383803 -0.000353774 -0.00293296 0.00797203 0.00165254
internal_weight=3871 2428 477 426 382 1951 1847 1443 1330 851 423 357 428 235
internal_count=3871 2428 477 426 382 1951 1847 1443 1330 851 423 357 428 235
is_linear=0
shrinkage=0.03


Tree=219
num_leaves=15
num_cat=0
split_feature=65 15 66 7 82 29 39 0 77 82 77 81 81 33
split_gain=8.26671 12.3359 9.90047 8.47008 16.8048 14.4776 10.887 13.6148 12.0432 17.8207 12.7528 18.8443 14.6489 13.9516
threshold=1.1735353986299786 34.500000000000007 -22.397645354270932 4551.8125488102496 112.42983669042589 0.92909124589816883 2345.9196444808044 -43.499999999999993 -68.991974949836717 101.73115599155427 -144.83976620435712 4817.2466622591028 6680.4255408048639 8.8985714285714312
decision_type=10 2 10 10 8 10 8 2 10 10 10 10 10 8
left_child=3 2 -2 6 -5 -6 8 -8 10 -10 12 13 -1 -12
right_child=1 -3 -4 4 5 -7 7 -9 9 -11 11 -13 -14 -15
leaf_value=-0.0080714985023929223 0.23610844848624948 -1.0307184035086117 -0.89997311491442966 1.0275725280463961 -0.087245838124904024 0.78156392526967233 -0.85390988115024291 -0.025334084419816136 0.078051984871867236 1.2451491427838097 -0.28716934408523215 -0.48568837453881847 0.16863653192277911 0.55908325612530596
leaf_weight=982 84 44 41 90 135 78 113 1068 264 86 69 279 370 113
leaf_count=982 84 44 41 90 135 78 113 1068 264 86 69 279 370 113
internal_value=-6.28766e-05 -0.00652941 -0.00166667 0.000238487 0.00503289 0.000420561 -0.000197309 -0.00251269 0.00106747 0.00615385 8.26902e-05 -0.00422078 0.00155211 0.00327869
internal_weight=3816 169 125 3647 303 213 3344 1181 2163 350 1813 461 1352 182
internal_count=3816 169 125 3647 303 213 3344 1181 2163 350 1813 461 1352 182
is_linear=0
shrinkage=0.03


Tree=220
num_leaves=15
num_cat=0
split_feature=17 0 77 17 3 68 22 28 68 68 81 84 67 17
split_gain=9.73822 8.64127 9.23995 9.79273 11.1615 12.2542 9.87257 9.75139 9.20918 10.4344 11.0104 15.5043 11.9841 14.707
threshold=3.5000000000000004 389.50000000000006 107.6919767856598 35.000000000000007 20.625000000000004 -0.16865542931208519 14.886458277702333 405.50000000000006 -0.21852772146808633 -0.15093092527786464 3259.223057866097 83.970846732457503 119.26038452456979 25.500000000000004
decision_type=2 2 10 2 2 10 2 2 8 8 8 10 8 2
left_child=-1 2 3 4 7 -6 -5 8 -2 -10 11 -11 13 -12
right_child=1 -3 -4 6 5 -7 -8 -9 9 10 12 -13 -14 -15
leaf_value=-0.71418710063419999 -0.17744196656142919 0.84372586498350588 -0.17707390495888806 -0.0081315737868680495 -0.059148417929544422 2.2686491637744797 -0.54883529358566863 1.4435222555137497 0.46115145862388318 0.12516033925255551 -0.63228484785861627 1.6244931818675747 0.023393940506433973 0.010302241297903763
leaf_weight=89 91 74 159 1909 40 65 55 56 101 144 90 48 813 117
leaf_count=89 91 74 159 1909 40 65 55 56 101 144 90 48 813 117
internal_value=8.56698e-05 0.000318894 0.000113852 0.000433428 0.00220307 0.0116038 -0.000977099 0.00151951 0.00102491 0.00166667 0.000890354 0.00746114 -0.000352595 -0.00677885
internal_weight=3851 3762 3688 3529 1565 105 1964 1460 1404 1313 1212 192 1020 207
internal_count=3851 3762 3688 3529 1565 105 1964 1460 1404 1313 1212 192 1020 207
is_linear=0
shrinkage=0.03


Tree=221
num_leaves=15
num_cat=0
split_feature=1 77 85 64 8 33 34 16 68 64 76 39 8 30
split_gain=8.47513 7.13313 12.3809 10.4053 9.32217 12.2848 12.1293 13.6667 12.7346 18.3854 12.0501 11.7414 12.8307 12.8816
threshold=862.4528832435609 -35.511103272438042 -130.95779585838315 4.0016075668491142 6.0433030104753334 15.315354767184036 0.2215007215007215 1.5000000000000002 0.14418482396085047 4.0637225796594754 979.99618637561809 3652.4370612848611 4.7587986378724585 23.950000000000003
decision_type=2 8 8 10 10 8 8 2 10 8 8 10 10 10
left_child=1 4 3 -3 5 10 7 -7 9 -9 -1 12 13 -12
right_child=-2 2 -4 -5 -6 6 -8 8 -10 -11 11 -13 -14 -15
leaf_value=-0.090002120955178316 -0.21760488335582526 0.72708107196913041 0.015319037970075987 0.024108890920179107 0.16082674961724933 -0.52789090570938502 -0.32465477694494954 -1.0052587982359957 0.41286189368779813 0.011070468168191247 0.1104597153247296 -0.65752499656891472 0.80042008035926138 -0.4346608689594505
leaf_weight=308 68 57 1468 43 169 58 266 61 65 306 739 41 69 120
leaf_count=308 68 57 1468 43 169 58 266 61 65 306 739 41 69 120
internal_value=-1.56291e-05 0.00017502 0.00172084 0.0118812 -0.00092601 -0.00148968 -0.00451783 -0.00171079 0.000138568 -0.00203804 0.000305164 0.00194845 0.00264801 0.00163953
internal_weight=3838 3770 1568 100 2202 2033 756 490 432 367 1277 969 928 859
internal_count=3838 3770 1568 100 2202 2033 756 490 432 367 1277 969 928 859
is_linear=0
shrinkage=0.03


Tree=222
num_leaves=15
num_cat=0
split_feature=39 83 42 42 38 73 58 53 46 1 30 56 37 1
split_gain=7.85366 12.0634 13.4737 12.1355 9.39547 9.62608 8.80121 10.8834 9.04707 7.67061 7.54 14.9576 14.006 10.8533
threshold=435.26008266824584 46.428337693214424 99.023065924644484 1.7400944232940676 1.0000000180025095e-35 179.28754067420962 1553.4712911844256 20.500000000000004 2730.0000000000005 627.41329634189617 19.550000000000004 59.000920772552497 1363.170748722546 746.67701900005352
decision_type=10 10 8 10 8 10 10 10 10 2 10 8 8 2
left_child=1 2 3 -1 -2 6 7 9 -8 -6 -11 -12 -13 -14
right_child=4 -3 -4 -5 5 -7 8 -9 -10 10 11 12 13 -15
leaf_value=-0.10986018099733341 0.42822330819263293 -0.31384998784384338 -0.3596371557211257 0.37966196164207627 0.080612534442638828 1.2165232865283795 -0.15394014971073572 1.3133456373474448 -0.05373712005905238 0.011399522426184062 -0.2316485713111229 -0.32085326394833275 0.08304361296362818 -0.080085078356134334
leaf_weight=102 40 65 115 69 575 40 43 42 120 1631 476 86 310 60
leaf_count=102 40 65 115 69 575 40 43 42 120 1631 476 86 310 60
internal_value=-7.94702e-05 -0.00434659 -0.00167247 0.00366279 0.000359229 0.00018617 8.97129e-06 0.000358378 -0.00676829 0.000152915 -0.000549922 -0.00270096 0.00118162 0.00371968
internal_weight=3774 351 286 171 3423 3383 3343 3180 163 3138 2563 932 456 370
internal_count=3774 351 286 171 3423 3383 3343 3180 163 3138 2563 932 456 370
is_linear=0
shrinkage=0.03


Tree=223
num_leaves=15
num_cat=0
split_feature=1 65 66 27 62 77 40 27 8 3 39 69 84 22
split_gain=11.516 11.6272 13.903 9.96541 9.95909 12.3577 13.2233 11.0969 10.4926 16.1395 13.6787 14.1766 18.1988 15.0163
threshold=816.7185493707658 1.1735353986299786 1.0000000180025095e-35 0.90132150930273014 -0.12141781434491902 -138.00838798284528 185.64580970833831 0.9148111495959097 6.3194778224721082 5.9583333333430355 2199.9667582723364 136.55134955014947 -95.042599201202378 6.4260786771774301
decision_type=2 10 10 10 8 10 10 10 8 2 10 10 8 2
left_child=1 4 3 -3 5 -1 -7 -8 10 -10 -6 13 -13 -12
right_child=-2 2 -4 -5 8 6 7 -9 9 -11 11 12 -14 -15
leaf_value=0.0029866950943547052 -0.15528158349324026 0.29847521088314583 -0.99295564075901999 -0.40254346844235844 0.028458763599461576 1.5762446883259407 -0.0076344202222935736 1.1215222506305476 -0.01215136577347728 0.39522740766712477 -0.3192835377373795 -0.51452238728171729 0.28111608726952197 -0.0028425416932123517
leaf_weight=267 143 64 40 64 1578 65 110 86 141 183 376 105 292 296
leaf_count=267 143 64 40 64 1578 65 110 86 141 183 376 105 292 296
internal_value=0.000614012 0.000940567 -0.00674556 -0.00186047 0.00131143 0.00510397 0.00973282 0.0057868 0.000635935 0.00572308 1.13293e-05 -0.00260748 0.00188442 -0.00526003
internal_weight=3810 3667 168 128 3499 528 261 196 2971 324 2647 1069 397 672
internal_count=3810 3667 168 128 3499 528 261 196 2971 324 2647 1069 397 672
is_linear=0
shrinkage=0.03


Tree=224
num_leaves=15
num_cat=0
split_feature=34 43 40 84 3 59 1 40 79 70 41 3 3 80
split_gain=8.45746 9.75849 11.6762 12.6648 13.2654 11.1825 11.1453 10.9565 9.21726 11.044 16.9966 16.6942 17.4299 15.4223
threshold=0.2228132387706856 569.51409323227188 1099.8682591987181 16.802979747454327 11.041666666656967 -60.916535377502434 717.52777552604687 514.96565693625655 611.86425605948011 0.8973684210526317 -118.02781558036803 17.291666666656969 16.208333333343038 207.19527077674869
decision_type=8 10 10 10 2 10 2 10 10 10 8 2 2 10
left_child=1 5 3 4 -3 -1 -4 -6 9 10 -2 12 13 -11
right_child=8 2 6 -5 7 -7 -8 -9 -10 11 -12 -13 -14 -15
leaf_value=0.43743322320757932 1.7573384159468621 0.13119271319412049 0.10882575408370514 0.14042699691160562 -0.44539544038781537 0.047620658042436807 -0.054847771232082197 -1.1665711141494557 -0.244097456270782 -0.12268112377141357 0.0034798985980234675 -0.28899744473840672 0.52182438560267985 0.95101853666050884
leaf_weight=123 49 40 211 61 68 780 84 41 83 870 876 356 97 76
leaf_count=123 49 40 211 61 68 780 84 41 83 870 876 356 97 76
internal_value=-0.000227987 0.00161817 -0.00171937 -0.007109 -0.0118 0.00348451 0.00212838 -0.0171818 -0.00130814 -0.000954839 0.00158747 -0.00263571 -0.000718391 -0.0019641
internal_weight=3815 1408 505 210 149 903 295 109 2407 2324 925 1399 1043 946
internal_count=3815 1408 505 210 149 903 295 109 2407 2324 925 1399 1043 946
is_linear=0
shrinkage=0.03


Tree=225
num_leaves=15
num_cat=0
split_feature=42 66 34 31 56 32 31 61 42 83 60 60 7 61
split_gain=7.59266 7.88758 8.6959 9.38663 12.9732 12.3752 10.4507 11.9956 10.4345 9.52926 19.9402 15.0697 8.93708 8.17516
threshold=-257.1919234991073 -325.7490980625152 0.2228132387706856 17.101785714285722 33.854473988215133 0.088562091503267992 25.61964285714286 0.33905211302087052 -99.649114489555345 2.0543819665908818 -9.9970383644103986 19.00887215137482 2680.9915164199633 0.94712859315711806
decision_type=8 8 8 8 8 10 8 8 10 8 10 10 10 10
left_child=-1 -2 3 5 -5 -3 -6 -8 -7 11 -11 -10 -12 -4
right_child=1 2 13 4 6 8 7 -9 9 10 12 -13 -14 -15
leaf_value=2.0832918331063106 -0.34079792310118023 0.54739700366954935 -0.029034025007781804 -0.097778286641915707 0.2433790954612875 0.49020073113096641 -0.33139265682369767 0.021446579656889259 0.29091301928659297 -0.53395307767690847 0.1669699563184153 -0.52780598616201213 0.67296265011989831 0.15724229210316482
leaf_weight=42 60 69 2200 340 222 87 55 177 67 74 66 99 107 116
leaf_count=42 60 69 2200 340 222 87 55 177 67 74 66 99 107 116
internal_value=2.37969e-05 -0.000120321 5.70652e-05 0.00195748 -0.000150943 0.00489474 0.00316484 -0.00128755 0.00323353 0.00123188 0.00495968 -0.00431138 0.0105172 -0.00106172
internal_weight=3781 3739 3679 1363 794 569 454 232 500 413 247 166 173 2316
internal_count=3781 3739 3679 1363 794 569 454 232 500 413 247 166 173 2316
is_linear=0
shrinkage=0.03


Tree=226
num_leaves=15
num_cat=0
split_feature=16 42 16 14 85 41 68 6 0 39 73 56 65 32
split_gain=6.43179 9.41283 8.65924 11.958 10.3615 12.9003 12.0818 11.2848 14.4006 15.4339 11.0476 10.0671 9.47702 9.72229
threshold=45.500000000000007 36.129825115203865 24.500000000000004 662.99183583639513 -60.917475740114845 -118.02781558036803 -0.17533051296747018 690.00000000000011 136.50000000000003 772.63727052238494 41.029426932334907 184.22966333230337 0.92746073753046998 0.36181818181818187
decision_type=2 10 2 8 8 8 8 8 2 10 10 8 8 10
left_child=2 -2 4 -4 10 -6 -7 8 9 -8 -1 -11 13 -9
right_child=1 -3 3 -5 5 6 7 12 -10 11 -12 -13 -14 -15
leaf_value=-0.14108219189605736 0.12422464693611394 -0.016734553415076951 -0.035752305784647491 -0.45341785422993736 0.55227901893610332 -0.18278074593565732 -0.69119049048103087 0.31071607381405592 0.77444969939233144 0.1665027678935857 0.27245338172462275 -0.27770526725279004 -0.032265137971551353 -0.40186088095405254
leaf_weight=499 58 74 824 106 87 201 49 218 182 481 40 45 899 46
leaf_count=499 58 74 824 106 87 201 49 218 182 481 40 45 899 46
internal_value=-0.000165354 0.00631579 -0.000399674 -0.00290011 0.000447598 0.00135808 0.000890669 0.00162415 0.0044723 0.00213542 -0.00327778 0.00364326 -0.000231959 0.00475472
internal_weight=3809 132 3677 930 2747 2208 2121 1920 757 575 539 526 1163 264
internal_count=3809 132 3677 930 2747 2208 2121 1920 757 575 539 526 1163 264
is_linear=0
shrinkage=0.03


Tree=227
num_leaves=15
num_cat=0
split_feature=30 79 3 27 42 81 53 16 70 80 80 34 17 3
split_gain=7.88688 14.9685 10.9331 9.34199 22.406 13.1822 16.997 10.3014 10.0647 13.0911 9.68104 12.9098 10.0412 12.2596
threshold=23.950000000000003 611.86425605948011 1.5416666666569656 0.96828988005458605 -285.2556362152099 7127.3925220966348 2.5000000000000004 27.500000000000004 0.8973684210526317 278.90583515167242 105.73080992698671 0.16152751423149908 39.500000000000007 19.375000000000004
decision_type=8 10 2 10 10 8 10 2 10 8 8 8 2 2
left_child=1 2 -1 4 -4 -5 -7 -8 9 -6 11 -10 13 -12
right_child=-2 -3 3 5 8 6 7 -9 10 -11 12 -13 -14 -15
leaf_value=-0.22136567130847229 -0.03272565884209136 -0.22497892600397773 1.9713545240699606 -0.37044630404284695 0.26095570339331431 -0.26471511381520796 0.033754794900572586 1.0851546133831791 0.16809809140020665 -0.070436397778418841 0.26107614681584124 -0.094412949527877196 -0.041516363184247562 1.5482187361907651
leaf_weight=110 1074 73 42 137 396 108 97 50 189 134 336 796 234 44
leaf_count=110 1074 73 42 137 396 108 97 50 189 134 336 796 234 44
internal_value=-0.000109919 0.000742628 0.0011107 0.00150936 0.00227901 -0.00274809 0.00128906 0.00790541 0.00184507 0.00542373 0.00065625 -0.00118661 0.00360976 0.00661417
internal_weight=3820 2746 2673 2563 2171 392 255 147 2129 530 1599 985 614 380
internal_count=3820 2746 2673 2563 2171 392 255 147 2129 530 1599 985 614 380
is_linear=0
shrinkage=0.03


Tree=228
num_leaves=15
num_cat=0
split_feature=65 15 77 85 30 16 79 56 82 82 62 74 27 39
split_gain=8.84634 15.8636 8.65735 8.66971 7.14289 10.7755 10.8966 13.332 11.1498 10.7319 11.1617 9.82811 10.8336 14.6958
threshold=1.1683551765611404 34.500000000000007 -170.43623745441434 -3.8093678951263423 25.250000000000004 49.500000000000007 275.37175887992549 29.13625196615855 -158.83502344290414 -56.8056052327156 0.12492958864045452 2293.2492002996983 0.96828988005458605 315.48805072629528
decision_type=10 2 10 8 8 2 10 10 8 8 10 10 10 10
left_child=4 2 -2 -4 5 6 8 -8 -1 10 -10 12 -11 -14
right_child=1 -3 3 -5 -6 -7 7 -9 9 11 -12 -13 13 -15
leaf_value=0.26260326912205306 0.40323198813252659 -0.91853338400851392 -0.94049883877920992 0.092007830036844221 -0.028731797133272494 0.19424043868022914 -0.9600986349674725 0.0036703301352148973 -0.046111178181926817 0.08829489550357035 -0.92155726617688261 -0.52994537502823691 -0.45940331214883318 0.0045375609799448054
leaf_weight=84 42 42 41 42 925 49 43 54 243 1851 40 42 75 269
leaf_count=84 42 42 41 42 925 49 43 54 243 1851 40 42 75 269
internal_value=0.000124902 -0.00660714 -0.00119048 -0.00678571 0.000432535 0.00119956 0.000943745 -0.00887755 0.00131286 0.000952003 -0.00454225 0.00164879 0.00192623 -0.00295652
internal_weight=3842 167 125 83 3675 2750 2701 97 2604 2520 283 2237 2195 344
internal_count=3842 167 125 83 3675 2750 2701 97 2604 2520 283 2237 2195 344
is_linear=0
shrinkage=0.03


Tree=229
num_leaves=15
num_cat=0
split_feature=74 37 33 79 7 37 70 0 7 29 38 63 77 77
split_gain=8.16193 13.8368 8.6346 13.9515 12.1262 10.9962 9.92925 9.16821 9.51549 10.6037 12.0136 9.15503 8.97353 9.61961
threshold=3563.9869897058475 3246.353829369496 26.560442890442893 33.487318697916308 3765.3705480489702 2253.7379144897664 0.93095238095238109 304.50000000000006 2119.7207889820679 0.93598524762908342 2842.5715054277771 -287.74485302373847 106.79547423124315 15.967813551425936
decision_type=10 10 10 8 10 10 8 2 10 10 8 8 10 10
left_child=2 -2 5 4 -4 7 -5 11 -9 10 -10 -1 13 -13
right_child=1 -3 3 6 -6 -7 -8 8 9 -11 -12 12 -14 -15
leaf_value=0.16272924790492738 -0.3679837796236658 0.011334678783669149 -0.15684042620576918 -0.017028963077146932 -1.1192092429238105 1.1312000032546687 0.5558231913746069 -0.10820911056031882 -0.59244597202912452 1.8532348091845863 0.88262129986182569 -0.013371657748783261 -0.23656731010263146 0.23565872588593964
leaf_weight=99 49 52 49 74 52 110 47 42 47 40 47 2708 104 288
leaf_count=99 49 52 49 74 52 110 47 42 47 40 47 2708 104 288
internal_value=-0.000157522 -0.00852941 7.28155e-05 -0.00565022 -0.0138235 0.000438898 0.00122951 0.000133294 0.00677966 0.0106667 0.00505263 -0.000234375 -0.000522412 -0.00022022
internal_weight=3808 101 3707 222 101 3485 121 3375 176 134 94 3199 3100 2996
internal_count=3808 101 3707 222 101 3485 121 3375 176 134 94 3199 3100 2996
is_linear=0
shrinkage=0.03


Tree=230
num_leaves=15
num_cat=0
split_feature=61 8 45 35 59 1 0 65 77 79 31 35 8 32
split_gain=8.35934 7.36055 11.4995 11.6899 9.21073 7.15158 6.99735 6.67531 12.0598 15.1087 11.3633 11.6918 11.0377 10.3493
threshold=0.0065828563247955635 3.7603653694087691 8.5000000000000018 16.323154729360311 -36.175300478935235 838.02790760993969 -21.499999999999996 0.92569678480918383 217.584720492363 5.1772047820020815 16.893201754385966 14.804817541613318 5.481355959220874 0.16954022988505749
decision_type=8 8 10 8 10 2 2 10 8 10 8 10 10 8
left_child=1 4 6 -4 -1 7 -3 12 10 -10 -9 -12 13 -2
right_child=5 2 3 -5 -6 -7 -8 8 9 -11 11 -13 -14 -15
leaf_value=0.046938082748897644 0.076940411869544298 0.19895617311927721 -0.210229509353764 0.54885518253092513 -0.30365814383763357 -0.1227703209691091 1.5783736792309322 -0.0054629452736340905 -0.01203509763951408 0.6433613673507218 -0.75914459450733551 -0.18401639370418763 0.12856760921520249 -0.013546042139421564
leaf_weight=51 412 46 57 40 71 106 57 480 160 87 72 331 306 1553
leaf_count=51 412 46 57 40 71 106 57 480 160 87 72 331 306 1553
internal_value=0.000211488 0.00482972 0.00835821 0.000918367 -0.00097561 -0.000213797 0.0152885 2.6455e-05 -0.00185676 0.00399194 -0.00349548 -0.00720297 0.000963908 0.000137335
internal_weight=3829 322 200 97 122 3507 103 3401 1130 247 883 403 2271 1965
internal_count=3829 322 200 97 122 3507 103 3401 1130 247 883 403 2271 1965
is_linear=0
shrinkage=0.03


Tree=231
num_leaves=15
num_cat=0
split_feature=8 57 84 57 27 66 81 84 81 81 81 28 7 52
split_gain=6.19004 13.0815 13.3402 10.6522 17.4156 12.9736 13.998 11.7306 14.4085 14.3311 13.7126 13.257 12.538 11.2374
threshold=6.0015029857437598 5.5000000000000009 -51.419201135635369 7.5000000000000009 0.92151729801868398 -88.968615293502793 4368.5585507154474 -65.605557998021439 9964.8467030525226 8655.1340399980563 3688.3028855323796 156.50000000000003 2802.658439235604 80.169947624206557
decision_type=8 8 10 8 10 10 10 8 10 10 10 2 10 10
left_child=3 -2 -3 -1 7 -6 -7 8 -5 10 11 -9 -11 -12
right_child=1 2 -4 4 5 6 -8 9 -10 12 13 -13 -14 -15
leaf_value=-0.06569193960053106 0.34304131533168353 0.047000130970149705 -0.56443553049491146 -0.59372910921884037 0.42540359564342972 0.54928786325675405 -0.36614641973731327 0.072485776266751636 0.23143124481774399 -0.58040346200291126 0.32346945845388858 -0.14991360340097834 0.076682659427050978 -0.026144048276975935
leaf_weight=1515 172 246 89 251 271 82 75 107 63 120 250 382 76 106
leaf_count=1515 172 246 89 251 271 82 75 107 63 120 250 382 76 106
internal_value=-7.09406e-05 0.00301181 -0.000446429 -0.00054562 0.00102578 0.00629371 -0.00056962 -0.000641593 -0.00571429 0.000892514 0.00258865 -0.000673469 -0.00639594 0.00705882
internal_weight=3805 507 335 3298 1783 428 157 1355 314 1041 845 489 196 356
internal_count=3805 507 335 3298 1783 428 157 1355 314 1041 845 489 196 356
is_linear=0
shrinkage=0.03


Tree=232
num_leaves=15
num_cat=0
split_feature=3 8 44 16 33 60 72 73 27 25 1 60 68 80
split_gain=8.52203 17.0006 12.8845 12.442 9.18793 8.16643 8.02224 8.1298 7.09624 14.7339 11.9617 9.88703 8.94804 8.38194
threshold=1.5416666666569656 4.4056636968576113 50.285483121871955 1.0000000180025095e-35 15.25764119601329 -164.19627010822293 76.637621164321914 -24.587601065635678 0.96828988005458605 0.97202660406885777 679.7200324535371 70.879377484321608 -0.066036255243363123 100.66583168506624
decision_type=2 10 10 2 8 8 10 8 10 8 2 10 10 10
left_child=1 4 -3 -2 -1 -5 7 -7 9 13 -10 -12 -11 -9
right_child=3 2 -4 5 -6 6 -8 8 10 12 11 -13 -14 -15
leaf_value=-0.37301937484727377 -0.44502846561927512 -0.12674046541981268 0.22876278083056473 -0.8300940526413122 -0.49697914624202033 0.25723313815942134 -0.34792416306653756 0.00071469732950991017 0.014798985439350341 0.62662385755771977 -0.41234125384804982 0.004027989539000066 0.0075980751568090069 0.23168685869644776
leaf_weight=43 134 55 70 51 51 103 94 2115 232 104 84 56 87 543
leaf_count=43 134 55 70 51 51 103 94 2115 232 104 84 56 87 543
internal_value=0.00014125 -0.00559091 0.00166667 0.000491121 -0.0151579 0.000838617 0.00101784 0.00126316 0.000996276 0.00150526 -0.00289544 -0.00978723 0.00953125 0.00092516
internal_weight=3822 219 125 3603 94 3469 3418 3324 3221 2849 372 140 191 2658
internal_count=3822 219 125 3603 94 3469 3418 3324 3221 2849 372 140 191 2658
is_linear=0
shrinkage=0.03


Tree=233
num_leaves=15
num_cat=0
split_feature=41 37 64 42 77 56 35 7 81 81 40 16 65 77
split_gain=7.30353 12.7252 15.6365 11.2854 12.4915 9.45607 10.6476 12.7045 10.6186 8.86238 9.11409 8.25791 9.43063 7.89328
threshold=-70.736657738685594 1803.3368213590277 6.700248902261781 -61.6236023902893 -188.25127220153806 -120.76433348655699 16.887728937728941 3297.6340042390343 6567.2136197090158 8635.6329511404056 215.65461851332319 23.500000000000004 1.073153121836999 -243.40340566635129
decision_type=8 10 8 8 8 10 8 10 8 8 10 2 10 8
left_child=1 5 -3 4 -2 8 7 11 -1 -10 -11 12 -7 -5
right_child=3 2 -4 13 -6 6 -8 -9 9 10 -12 -13 -14 -15
leaf_value=-0.36754917750725935 0.28067627135289069 -0.70862520796825368 0.2720284950193087 -0.081513186734119211 -0.63255759010074075 0.92574956559936161 0.78936250849020362 -0.64750211628791832 0.40698509368294367 0.41867754807767654 -0.67145431345574835 0.019595716484020399 0.036058741682390157 0.0078025617518141122
leaf_weight=87 50 64 43 399 124 91 53 41 71 42 42 69 42 2620
leaf_count=87 50 64 43 399 124 91 53 41 71 42 42 69 42 2620
internal_value=0.000109403 0.00301858 -0.00638889 -0.000479023 -0.00788571 0.00489796 0.00848485 0.00577869 0.000493827 0.00519231 -0.00141176 0.008867 0.013209 -4.96689e-05
internal_weight=3838 645 107 3193 174 538 296 243 242 155 84 202 133 3019
internal_count=3838 645 107 3193 174 538 296 243 242 155 84 202 133 3019
is_linear=0
shrinkage=0.03


Tree=234
num_leaves=15
num_cat=0
split_feature=1 60 41 41 41 7 27 1 27 26 68 33 43 68
split_gain=8.36874 7.93456 9.99005 7.58633 7.75957 7.41455 8.9791 11.5769 8.86802 8.45446 23.0503 14.2678 14.0236 13.6434
threshold=838.02790760993969 493.56062042713171 82.898200035095229 405.10230302810675 357.28116190433508 5231.3618681014495 0.95706605222734276 659.08346462249767 0.96680440771349874 143.50000000000003 0.026890010693932955 18.143297101449281 261.66019297403756 0.05257882147980298
decision_type=2 10 10 10 10 10 10 2 10 2 10 8 10 8
left_child=1 3 -3 4 5 6 9 8 -8 13 12 -12 -11 -1
right_child=-2 2 -4 -5 -6 -7 7 -9 -10 10 11 -13 -14 -15
leaf_value=-0.04176166210068448 -0.14725129178292334 0.42641801910855204 0.0019923491380953351 -0.29989427069631652 0.19391615636700099 0.19664609682041329 -0.26566548477617158 -0.18399457377935446 0.081375502161196947 1.0258606517759516 -0.75556989798947904 0.58786179862700461 0.037567819833383712 0.042203997779808426
leaf_weight=1316 115 74 89 84 56 135 43 213 136 126 75 58 199 1080
leaf_count=1316 115 74 89 84 56 135 43 213 136 126 75 58 199 1080
internal_value=0.000434211 0.000683853 0.00713415 0.000383305 0.000602094 0.000416913 0.00012935 -0.00412214 0.0015 0.000714536 0.00444444 -0.00604478 0.00874233 0
internal_weight=3799 3684 163 3521 3437 3381 3246 392 179 2854 458 133 325 2396
internal_count=3799 3684 163 3521 3437 3381 3246 392 179 2854 458 133 325 2396
is_linear=0
shrinkage=0.03


Tree=235
num_leaves=15
num_cat=0
split_feature=6 40 60 41 72 68 53 42 38 82 59 23 79 76
split_gain=7.71445 11.7762 14.9538 10.806 12.8584 13.5019 11.7613 10.4521 10.2198 10.4767 10.1297 11.3215 11.4398 17.0432
threshold=690.00000000000011 43.884955955166269 -19.534747600555416 -70.736657738685594 -111.31669497489928 -0.12483990225095462 6.5000000000000009 -57.390140414237969 2875.6325177268313 -74.102843920389788 119.08346462249757 1.0054835081100466 11.12752555072244 159.44806933403018
decision_type=10 10 8 10 8 10 10 10 8 10 10 10 10 8
left_child=1 -1 -3 4 -2 6 -6 -5 9 -4 11 -9 -13 -14
right_child=3 2 8 7 5 -7 -8 10 -10 -11 -12 12 13 -15
leaf_value=0.5163712690316109 -0.099679138474998999 -0.20125319288563318 -0.3239462781153844 -0.61015669585650678 0.068092717577457273 -0.025500133135428885 0.74272945346626151 0.11007925355677108 0.085882596299085456 0.054435072603523052 0.082468929826370774 -0.24648276676809391 -0.63123648254364872 0.00824011155808165
leaf_weight=124 149 209 173 123 81 120 77 195 587 402 247 723 51 569
leaf_count=124 149 209 173 123 81 120 77 195 587 402 247 723 51 569
internal_value=6.26468e-05 0.00174465 0.000940233 -0.00101455 0.00329439 0.00709677 0.0128302 -0.00198009 0.00226999 -0.000572917 -0.00139418 -0.00230019 -0.00328125 -0.000289855
internal_weight=3830 1495 1371 2335 427 278 158 1908 1162 575 1785 1538 1343 620
internal_count=3830 1495 1371 2335 427 278 158 1908 1162 575 1785 1538 1343 620
is_linear=0
shrinkage=0.03


Tree=236
num_leaves=15
num_cat=0
split_feature=4 3 42 26 3 39 34 35 25 4 3 83 17 66
split_gain=9.08536 11.3296 14.6203 13.1933 16.6089 12.9386 15.7299 12.6939 16.3541 11.6403 11.2916 10.978 11.3872 10.389
threshold=6.5000000000000009 15.541666666656967 253.71145391464236 159.50000000000003 23.125000000000004 2396.2808199483848 0.040408163265306128 6.5183492999263093 0.94405320813771521 9.5000000000000018 17.291666666656969 -35.653399467468255 26.500000000000004 -207.34775412082669
decision_type=2 2 10 2 2 10 10 10 10 2 2 8 2 8
left_child=-1 5 3 4 9 7 -7 8 -2 10 11 -3 -13 -12
right_child=1 2 -4 -5 -6 6 -8 -9 -10 -11 13 12 -14 -15
leaf_value=-0.026045714613355812 -0.24882125129001709 0.50347064258147634 1.0493231321111443 0.33233690420091788 -0.42040062242608045 0.032185788396619119 -0.23951890089470199 0.13087032657273978 0.13764155082795398 1.1347500166067346 0.62560985016860349 1.5492691236383755 -0.11094782587599125 -0.05628969414127738
leaf_weight=1169 92 74 88 118 67 136 608 681 111 53 41 45 71 461
leaf_count=1169 92 74 88 118 67 136 608 681 111 53 41 45 71 461
internal_value=0.00043239 0.00140536 0.00388616 0.00277121 0.00140221 -0.00014733 -0.0030604 0.00230508 -0.00426471 0.00269437 0.00164502 0.0078534 0.00205128 -0.000715706
internal_weight=3815 2646 1018 930 812 1628 744 884 203 745 692 190 116 502
internal_count=3815 2646 1018 930 812 1628 744 884 203 745 692 190 116 502
is_linear=0
shrinkage=0.03


Tree=237
num_leaves=15
num_cat=0
split_feature=43 0 62 66 66 48 15 48 43 67 31 61 61 0
split_gain=8.77674 10.4788 6.72313 5.95 8.43936 9.9053 15.2778 12.7912 9.09095 8.10262 11.7665 10.2829 9.98158 12.2833
threshold=30.616615625139936 401.50000000000006 0.1377853215891294 -325.7490980625152 -115.78525578975676 -72.558961311976091 28.500000000000004 -7.6795515219370509 614.27774298932388 211.55950678719415 28.571343873517794 0.89615985545308285 0.82920775792225576 155.50000000000003
decision_type=8 2 10 8 8 10 2 10 10 8 10 10 8 2
left_child=2 3 -1 -2 5 8 -7 -8 -5 10 11 12 13 -6
right_child=1 -3 -4 4 9 6 7 -9 -10 -11 -12 -13 -14 -15
leaf_value=-0.16090743000581076 -0.35016880492480112 1.1018656856772082 0.15203327046436632 0.5688538313375473 -0.070200441649297285 -0.27947343555630988 -0.012388718221524275 0.39574520316187084 0.018236785198890538 0.012251615006335167 -1.0796906485806839 0.18877501427908389 -0.76380471110199832 0.70953840459311346
leaf_weight=318 67 63 48 102 557 126 50 74 70 2047 50 70 80 66
leaf_count=318 67 63 48 102 557 126 50 74 70 2047 50 70 80 66
internal_value=0.000158353 0.000631025 -0.00425068 0.000401786 0.000583055 0.00453901 0.000717131 0.00816 0.0100578 0 -0.00251214 -0.00158915 -0.00268466 -0.00139423
internal_weight=3788 3422 366 3359 3292 422 250 124 172 2870 823 773 703 623
internal_count=3788 3422 366 3359 3292 422 250 124 172 2870 823 773 703 623
is_linear=0
shrinkage=0.03


Tree=238
num_leaves=15
num_cat=0
split_feature=81 41 29 38 77 77 27 85 41 42 34 32 3 3
split_gain=9.74332 8.15962 13.9499 14.3681 11.6678 15.2017 14.7088 9.97019 7.91921 14.2988 12.3685 12.2295 10.7317 15.6506
threshold=1587.2678377628329 -85.930968284606919 0.87087712939470829 2769.3830573267842 -103.93103235960005 -183.1619641780853 0.89254528397199984 -79.220352927843706 45.230598330497749 48.624633669853218 0.1908263305322129 0.47913043478260875 14.625000000000002 7.7916666666569663
decision_type=8 8 10 10 8 10 10 8 8 8 8 10 2 2
left_child=-1 2 3 -2 5 6 -4 -7 -3 11 -11 -10 13 -12
right_child=1 8 4 -5 -6 7 -8 -9 9 10 12 -13 -14 -15
leaf_value=0.54722238352990382 0.18883531196965941 -0.044998076726101774 0.76717775964518575 -1.0511149927630672 0.53741360376395431 -0.31004832379054503 0.025752409126062827 0.18562764682872226 0.045861824724548007 0.053480316779541757 0.0098275523591046278 1.472794049177224 0.020307183105524339 -0.35175927129941209
leaf_weight=65 40 1319 42 63 150 82 84 61 122 460 296 59 565 406
leaf_count=65 40 1319 42 63 150 82 84 61 122 460 296 59 565 406
internal_value=-6.29096e-05 -0.000264 0.00321224 -0.00663462 0.00564286 0.00188889 0.00944882 -0.00479167 -0.000827138 0.000408591 -0.000434028 0.00840659 -0.00196372 -0.00443812
internal_weight=3814 3749 522 103 419 269 126 143 3227 1908 1727 181 1267 702
internal_count=3814 3749 522 103 419 269 126 143 3227 1908 1727 181 1267 702
is_linear=0
shrinkage=0.03


Tree=239
num_leaves=15
num_cat=0
split_feature=1 26 72 42 69 42 36 53 50 32 29 36 50 85
split_gain=8.52468 13.3354 11.2497 10.2965 11.3636 12.6206 11.3461 10.578 10.0092 9.94037 9.31193 9.03462 13.1154 10.1985
threshold=679.7200324535371 48.500000000000007 73.469976782798781 111.40837574005128 113.45374071603915 3.1749209165573125 0.18210405946255007 9.5000000000000018 117.55865705013277 0.69615384615384623 0.88401793578348953 0.97530487804878063 1636.1904779672625 172.67275679111484
decision_type=2 2 10 8 8 10 10 8 10 10 10 10 10 10
left_child=2 -2 11 4 6 8 10 -5 -6 -8 -3 12 13 -1
right_child=1 3 -4 7 5 -7 9 -9 -10 -11 -12 -13 -14 -15
leaf_value=0.012025297853529935 0.094419434015945353 -0.22732349037088942 -0.33480489564143856 -0.47005483139240689 -0.30351113127076784 0.25125816193114003 -0.28209482813367631 -0.024586437400895715 0.064137232949544237 0.40606302531725802 0.47357901146375758 0.18005881742386065 -0.14111895619996193 0.60278668656593959
leaf_weight=1995 41 61 73 172 47 204 365 192 42 52 80 141 106 246
leaf_count=1995 41 61 73 172 47 204 365 192 42 52 80 141 106 246
internal_value=0.000400733 -0.00162291 0.00139344 -0.00219572 -0.000387324 0.00438776 -0.00289803 -0.00641096 -0.005 -0.00538278 0.00443662 0.00173564 0.00129046 0.00177966
internal_weight=3817 1256 2561 1215 851 293 558 364 89 417 141 2488 2347 2241
internal_count=3817 1256 2561 1215 851 293 558 364 89 417 141 2488 2347 2241
is_linear=0
shrinkage=0.03


Tree=240
num_leaves=15
num_cat=0
split_feature=16 64 81 27 17 71 81 71 29 35 49 3 16 59
split_gain=9.42491 8.82251 15.2367 17.5566 12.0665 11.0174 14.4549 9.02788 16.9783 11.3772 11.0697 11.0022 11.4367 11.819
threshold=1.0000000180025095e-35 3.7028228203814462 4536.5667403936395 0.92840054682159956 42.500000000000007 13.500000000000002 17583.166187167171 13.500000000000002 0.92962053667571187 16.370635097907829 8.5000000000000018 0.70833333334303472 45.500000000000007 -62.978373885154717
decision_type=2 8 8 10 2 8 8 10 10 8 8 2 2 8
left_child=-1 2 3 4 -2 6 -4 11 9 -9 -11 -3 13 -13
right_child=1 7 5 -5 -6 -7 -8 8 -10 10 -12 12 -14 -15
leaf_value=-0.43191031391613038 1.2061653278028319 -0.55557644084430835 -0.44980521519000971 -0.26789096465474443 0.0087311670460784013 -1.1040190118619679 1.0183909262595492 -0.017020009294206009 0.63337876161820572 0.25398280855358835 0.029924535375547155 -0.10239725790483678 0.05055729900396165 0.020235191581338637
leaf_weight=144 51 42 125 80 44 67 43 600 113 191 304 603 106 1330
leaf_count=144 51 42 125 80 44 67 43 600 113 191 304 603 106 1330
internal_value=5.46306e-05 0.000348649 -0.00379562 0.00289773 0.0115625 -0.00877119 -0.00461538 0.000866261 0.00292804 0.0017792 0.00514113 -0.000331412 -1.47059e-05 -0.000542916
internal_weight=3843 3699 410 175 95 235 168 3289 1208 1095 495 2081 2039 1933
internal_count=3843 3699 410 175 95 235 168 3289 1208 1095 495 2081 2039 1933
is_linear=0
shrinkage=0.03


Tree=241
num_leaves=15
num_cat=0
split_feature=22 0 3 3 77 83 8 16 23 40 0 46 16 28
split_gain=8.74905 7.08357 7.32109 11.9179 24.3086 13.3887 12.2508 7.55797 9.72782 12.9202 12.3 14.7807 9.12114 9.96895
threshold=15.606637239456179 401.50000000000006 21.041666666656969 23.041666666656969 34.815876245498664 87.747775077819838 3.8476071392426401 47.500000000000007 15.005483508110048 944.490587833002 -2.4999999999999996 1890.0000000000002 43.500000000000007 91.000000000000014
decision_type=2 2 2 2 10 8 10 2 8 10 2 10 2 2
left_child=1 2 7 4 6 -5 -4 8 12 -10 -11 -12 13 -1
right_child=-2 -3 3 5 -6 -7 -8 -9 9 10 11 -13 -14 -15
leaf_value=0.46129206184271976 0.069268057292851654 0.63577086225538237 0.23212483789054567 -0.8284031724418589 -0.52132978048603995 0.084137228292949909 1.5277009356799247 0.049619324338709678 -0.56747666862630175 -0.17128098465310954 0.074540136687332614 -0.065569752211641727 -0.70128233880968394 -0.0087620437257314148
leaf_weight=42 78 72 60 60 57 77 104 96 98 66 66 41 40 2910
leaf_count=42 78 72 60 60 57 77 104 96 98 66 66 41 40 2910
internal_value=-7.75595e-06 -0.00021372 -0.000395374 0.00367688 0.00797297 -0.00326087 0.0138182 -0.000830357 -0.00107537 -0.00650735 -0.00155172 0.00472222 -0.000581356 -0.000386048
internal_weight=3867 3789 3717 358 221 137 164 3359 3263 271 173 107 2992 2952
internal_count=3867 3789 3717 358 221 137 164 3359 3263 271 173 107 2992 2952
is_linear=0
shrinkage=0.03


Tree=242
num_leaves=15
num_cat=0
split_feature=1 31 82 58 24 37 30 35 74 20 72 54 44 79
split_gain=8.17305 7.25304 10.5749 9.82695 10.7027 12.6782 12.8206 10.222 9.05289 8.78793 8.74544 7.77293 9.86122 9.15217
threshold=666.52870881557476 17.101785714285722 205.76427392164871 2.9783738851547246 53.500000000000007 1536.4125045500707 27.050000000000004 17.29665282823041 483.90117878307149 266.67701900005346 73.469976782798781 810.00000000000011 1459.0836529731753 9.0247594863629867
decision_type=2 8 10 10 2 10 10 10 8 8 10 8 10 8
left_child=1 2 3 7 5 6 9 10 -3 -5 -1 -10 13 -13
right_child=-2 8 -4 4 -6 -7 -8 -9 11 -11 -12 12 -14 -15
leaf_value=0.077741336261055449 -0.036763578379168604 -0.52614136204957429 0.96449757058104035 -0.5486320878434946 -0.6180952107487635 0.45946365656224852 -0.50831183050449413 0.71172521837078029 -0.063306319294045885 0.023912816500647978 -0.58130059876676554 -0.28350633355166455 -0.054662459555306145 0.088069548696469727
leaf_weight=741 1396 43 81 45 61 58 40 93 447 383 50 56 85 293
leaf_count=741 1396 43 81 45 61 58 40 93 447 383 50 56 85 293
internal_value=3.09837e-05 0.00106581 0.00231809 0.00173234 -0.00127551 0.000113852 -0.00153518 0.00372881 -0.00103784 0 0.00261364 -0.00037415 0.00248276 0.00471429
internal_weight=3872 2476 1552 1471 587 526 468 884 924 428 791 881 434 349
internal_count=3872 2476 1552 1471 587 526 468 884 924 428 791 881 434 349
is_linear=0
shrinkage=0.03


Tree=243
num_leaves=15
num_cat=0
split_feature=4 85 48 77 3 36 27 29 56 77 15 29 63 64
split_gain=10.031 14.7146 12.8534 16.7792 17.7447 14.3808 15.876 11.9776 13.1743 11.8143 11.0196 10.1384 11.7881 13.0759
threshold=7.5000000000000009 -214.06433800856271 96.034693320592268 -208.35183674097058 14.041666666656967 0.88165266106442586 0.93111357165453978 0.92539052986814185 -73.033443331718431 -149.14443445205686 27.500000000000004 0.38057628524046438 378.00766587459799 5.6402636516565261
decision_type=2 8 8 8 2 10 10 10 10 10 2 8 10 10
left_child=11 -2 5 -4 -5 6 7 8 -3 -9 -10 -1 13 -13
right_child=1 2 3 4 -6 -7 -8 9 10 -11 -12 12 -14 -15
leaf_value=-0.12323080687354765 0.65180378681879902 0.12370500351296954 -0.73529841982497746 0.02287117667418671 0.87979564918662745 0.646444787287347 -0.23822778324740268 -0.041437868291684547 -0.12260156434367234 1.3988513714862856 0.011794751728360565 -0.00023063006842150458 -0.29181182213884044 -0.62853702119009225
leaf_weight=123 62 201 57 263 212 43 286 71 348 83 225 1517 186 97
leaf_count=123 62 201 57 263 212 43 286 71 348 83 225 1517 186 97
internal_value=-0.000588079 0.000988121 0.000486034 0.00439024 0.0062395 -0.00116852 -0.00177778 0.000129171 -0.00139355 0.00774194 -0.0037108 -0.00210499 -0.00153248 -0.000705882
internal_weight=3774 1851 1789 532 475 1257 1214 928 774 154 573 1923 1800 1614
internal_count=3774 1851 1789 532 475 1257 1214 928 774 154 573 1923 1800 1614
is_linear=0
shrinkage=0.03


Tree=244
num_leaves=15
num_cat=0
split_feature=1 23 42 41 0 77 83 77 5 81 24 42 41 40
split_gain=6.94241 9.33547 9.4352 9.13853 9.20525 8.42639 15.8725 12.3924 8.54516 8.41729 9.18183 11.1894 8.6548 8.5609
threshold=666.52870881557476 1.0054835081100466 -47.865029096603386 373.64241290092474 331.00000000000006 -241.54876583814618 -2.422505140304565 -204.02106446027753 58.452861785888679 8686.2627488374728 40.500000000000007 15.996770739555361 -97.818839788436875 19.278112155470129
decision_type=2 10 10 10 2 8 10 8 10 10 2 10 10 10
left_child=5 2 -2 4 -3 6 8 -7 -1 13 11 12 -11 -9
right_child=1 3 -4 -5 -6 7 -8 9 -10 10 -12 -13 -14 -15
leaf_value=-0.083407963117687389 -0.19792472131198194 -0.072619229776155689 0.19766158272444587 -0.2622531250974946 0.73924733089332817 0.32750548857325723 0.14309726098346864 -0.31668348356450537 -0.39175776026119213 -0.045655160586955894 0.061697039037099582 0.023665734067790749 -0.74775419714482572 0.044610651627293683
leaf_weight=106 41 1126 134 47 40 97 144 65 101 57 86 130 101 1550
leaf_count=106 41 1126 134 47 40 97 144 65 101 57 86 130 101 1550
internal_value=-0.000164663 -0.00185745 0.00460227 -0.00279242 -0.00226221 0.000799836 -0.00349432 0.00152372 -0.00879808 0.00101005 -0.00304 -0.00560554 -0.0109434 0.00194926
internal_weight=3825 1388 175 1213 1166 2437 351 2086 207 1989 374 288 158 1615
internal_count=3825 1388 175 1213 1166 2437 351 2086 207 1989 374 288 158 1615
is_linear=0
shrinkage=0.03


Tree=245
num_leaves=15
num_cat=0
split_feature=6 0 70 81 81 7 7 8 49 42 29 82 74 44
split_gain=10.549 13.6319 15.4121 12.3325 9.36016 8.42398 10.5045 12.6855 9.76457 12.1388 12.0533 16.2973 16.3694 13.4948
threshold=690.00000000000011 81.500000000000014 0.74166666666666681 7107.1712216138849 8063.9443796873102 4965.4098579102001 3794.5468891967676 4.1507830371045387 10.500000000000002 111.40837574005128 0.93465694485499407 34.581902742385871 243.3351795038416 1459.0836529731753
decision_type=8 2 8 10 10 10 10 10 10 10 10 8 8 10
left_child=1 -1 -3 -4 -5 6 7 8 9 10 11 -2 -13 -12
right_child=5 2 3 4 -6 -7 -8 -9 -10 -11 13 12 -14 -15
leaf_value=0.0076498214634701965 -0.055570682333115365 1.7775045837058667 0.46175070087191217 -0.40001825149768511 0.060225571704437181 0.098647553061865303 -0.19837245640116585 0.13860582656308174 -0.32826519373656476 -0.19108158351565727 -0.26391957457828202 0.75940385870543425 0.050071463322399694 0.13525982727829389
leaf_weight=961 326 50 263 40 90 155 301 364 172 402 198 128 286 114
leaf_count=961 326 50 263 40 90 155 301 364 172 402 198 128 286 114
internal_value=0.00040509 0.00247687 0.00682432 0.00479695 -0.00274809 -0.000784634 -0.00124346 -0.000452034 -0.00158574 -0.000783505 0.000911681 0.00299595 0.00693976 -0.00402556
internal_weight=3850 1404 443 393 130 2446 2291 1990 1626 1454 1052 740 414 312
internal_count=3850 1404 443 393 130 2446 2291 1990 1626 1454 1052 740 414 312
is_linear=0
shrinkage=0.03


Tree=246
num_leaves=15
num_cat=0
split_feature=28 5 38 7 77 48 16 77 85 60 83 40 43 14
split_gain=10.3063 10.3413 8.00429 10.2429 9.6559 10.32 10.433 17.4002 12.4353 12.1742 9.04642 8.95055 8.92829 12.2465
threshold=104.50000000000001 76.801017284393325 2695.9974882516512 4551.8125488102496 -144.97388792037961 -126.37595538298288 7.5000000000000009 -60.861146926879876 -1.0691810448964387 16.000402331352237 39.862397670745857 37.536540786517868 201.99580723321591 358.51781940993902
decision_type=2 10 10 10 10 10 2 10 10 8 10 10 10 10
left_child=1 -1 3 4 11 -6 7 -7 -9 -8 -11 -2 13 -4
right_child=2 -3 12 -5 5 6 9 8 -10 10 -12 -13 -14 -15
leaf_value=0.58919911510648215 0.26604757158622544 9.0089883714104251e-05 0.0020039077385170857 0.19545546928411314 0.66660577121918096 -0.58625487383911012 -1.0497395012484536 1.0610303518066713 -0.032904204636241656 -0.06107595182620594 -0.6362747448764996 -0.01036476980938692 0.0003444844575205619 0.53718343374045285
leaf_weight=48 139 48 273 94 40 71 64 50 41 368 138 872 1314 273
leaf_count=48 139 48 273 94 40 71 64 50 41 368 138 872 1314 273
internal_value=0.000242567 0.00989691 -8.02568e-06 -0.00138978 -0.00190022 -0.00442432 -0.00523874 0.00147239 0.0101087 -0.00714536 -0.00556213 2.96443e-05 0.00138635 0.00460695
internal_weight=3833 96 3737 1877 1783 772 732 162 91 570 506 1011 1860 546
internal_count=3833 96 3737 1877 1783 772 732 162 91 570 506 1011 1860 546
is_linear=0
shrinkage=0.03


Tree=247
num_leaves=15
num_cat=0
split_feature=67 69 40 42 42 57 42 31 44 38 61 72 31 16
split_gain=8.21925 10.7785 14.1906 12.0624 11.7894 14.9254 9.66175 9.42298 12.9201 11.3016 11.8301 9.82121 9.60222 9.48098
threshold=-261.95527132919852 -222.05656469284932 246.60292770103135 37.93373095989228 23.187256574630741 4.5000000000000009 47.527288794517524 18.69148550724638 49.863659262657173 3314.4758799540245 0.76520808480258096 -117.78074395656584 23.07628205128206 9.5000000000000018
decision_type=8 8 10 10 10 10 10 8 10 10 10 10 10 2
left_child=-1 2 -2 4 7 -6 -5 9 12 10 -3 -11 -9 -10
right_child=1 3 -4 6 5 -7 -8 8 13 11 -12 -13 -14 -15
leaf_value=-0.63136061497410056 0.34708226580670321 -0.04498882051150687 0.0025147965388968734 0.48513136355083764 0.02825625447843624 -0.50570242548750222 0.020953337238998358 -0.018212750909566634 -0.86378873862315309 -0.025326043724548695 0.24519303108764845 0.71040637973958154 0.24375947354804564 -0.056796503085948156
leaf_weight=57 128 773 154 113 83 135 1635 127 81 59 139 98 59 179
leaf_count=57 128 773 154 113 83 135 1635 127 81 59 139 98 59 179
internal_value=0.000345459 0.000518066 0.00614841 6.03102e-05 -0.0017128 -0.00821918 0.00181818 -0.000771768 -0.00442953 0.000757009 -0.000525739 0.00816456 0.00160428 -0.00873563
internal_weight=3820 3763 282 3481 1733 218 1748 1515 446 1069 912 157 186 260
internal_count=3820 3763 282 3481 1733 218 1748 1515 446 1069 912 157 186 260
is_linear=0
shrinkage=0.03


Tree=248
num_leaves=15
num_cat=0
split_feature=45 75 14 83 0 77 64 57 16 68 85 56 0 65
split_gain=8.33408 18.0788 9.56862 13.4029 12.4357 11.0246 18.9474 14.6466 9.44265 13.5766 9.89257 10.2401 13.2942 9.37904
threshold=5.5000000000000009 2195.9903212785725 120.97157499983108 -157.75662386417386 401.50000000000006 57.194347918033607 5.5373878359696453 8.5000000000000018 24.500000000000004 -0.13449009866464459 -28.389277736345928 222.64724798997244 100.50000000000001 0.91611455720462287
decision_type=8 8 10 8 2 10 8 10 2 10 8 10 2 10
left_child=1 -1 3 -2 5 8 -7 -8 13 10 -10 12 -12 -4
right_child=2 -3 4 -5 -6 6 7 -9 9 -11 11 -13 -14 -15
leaf_value=0.00071015864091428682 0.2758455977015975 -0.59513059079095953 0.10243985266615137 -0.24977852895208064 1.8406933597543411 -1.0176534649884537 -0.075105219806226836 0.63788529231291491 0.46869791152931151 -0.15830238113659276 0.002883307589853926 0.79700125933738053 -1.0674704804416391 0.00024502774446748975
leaf_weight=370 43 150 1154 223 59 55 103 45 58 303 224 41 41 1026
leaf_count=370 43 150 1154 223 59 55 103 45 58 303 224 41 41 1026
internal_value=-3.8501e-05 -0.00357006 0.000506517 -0.00494382 0.000974277 0.000707965 -0.00602941 -0.000402685 0.00119031 -0.00193114 0.0019726 -0.00019544 -0.00236842 0.0021458
internal_weight=3895 520 3375 266 3109 3050 203 148 2847 667 364 306 265 2180
internal_count=3895 520 3375 266 3109 3050 203 148 2847 667 364 306 265 2180
is_linear=0
shrinkage=0.03


Tree=249
num_leaves=15
num_cat=0
split_feature=49 35 48 8 29 37 62 27 35 41 17 82 82 70
split_gain=7.18209 11.4784 13.0281 17.8439 11.8618 9.43199 7.77445 7.3604 16.8092 12.2865 9.92781 11.777 10.1542 15.3189
threshold=10.500000000000002 19.154618226600991 -70.005078633626297 3.6325958877680193 0.8649477698557454 1384.7739085782543 -0.11737446102444794 0.96828988005458605 1.0000000180025095e-35 95.49742960929872 3.5000000000000004 -158.83502344290414 -56.8056052327156 0.90454545454545465
decision_type=10 10 10 10 8 10 10 10 8 8 2 8 8 10
left_child=7 2 3 -2 -3 -4 -7 8 -1 -9 -10 -12 13 -13
right_child=1 4 5 -5 -6 6 -8 9 10 -11 11 12 -14 -15
leaf_value=0.5343677533845359 -1.0039422038786574 -0.15041332169886509 -0.026158011364778928 0.45898761448813857 0.1726396842808495 -0.03517069809980327 -0.7672772455350898 0.01968228576193479 -1.0511529901819041 -0.35994054224074529 0.25527993600631615 0.35341990196386447 0.018601582505476576 -0.31288008708015508
leaf_weight=67 40 48 76 49 92 52 117 234 62 209 70 40 2442 229
leaf_count=67 40 48 76 49 92 52 117 234 62 209 70 40 2442 229
internal_value=-0.000336991 -0.00378947 -0.00680597 0.003 0.00340426 -0.0103659 -0.0142941 0.000152057 0.00070079 -0.00344595 0.000348101 0.000614666 0.000298673 -0.00522222
internal_weight=3827 474 334 89 140 245 169 3353 2910 443 2843 2781 2711 269
internal_count=3827 474 334 89 140 245 169 3353 2910 443 2843 2781 2711 269
is_linear=0
shrinkage=0.03


Tree=250
num_leaves=15
num_cat=0
split_feature=60 60 1 29 81 46 82 29 4 83 63 76 67 17
split_gain=11.6048 9.95962 8.32144 9.45218 7.94718 9.04489 7.2894 9.71381 7.19749 10.8059 15.2003 11.5284 11.1588 16.2078
threshold=493.56062042713171 378.94084358215338 802.4528832435609 0.88828301438250346 8479.726010084154 2550.0000000000005 -158.83502344290414 0.89326952968867979 6.5000000000000009 -157.75662386417386 52.131550852423644 252.61925876140597 177.59835775065849 29.000000000000004
decision_type=10 10 2 10 8 10 8 10 2 8 10 8 8 2
left_child=1 2 6 -4 5 -2 7 -1 -8 10 -10 -11 -13 -14
right_child=4 -3 3 -5 -6 -7 8 -9 9 11 -12 12 13 -15
leaf_value=-0.021757536863079706 0.38104975833086946 -0.38469211893086547 0.18914184135478471 -0.34647432162746877 0.52577076773328824 -0.3480737278408827 -0.036735484933984035 0.58505749027993459 0.86109792113940864 -0.28069080268282831 -0.11006988209307067 -0.03059827779962946 0.49367224029069745 -0.0044670677561363713
leaf_weight=45 70 81 42 104 68 43 887 45 56 117 45 1190 405 627
leaf_count=45 70 81 42 104 68 43 887 45 56 117 45 1190 405 627
internal_value=-0.000635128 -0.00100412 -0.000765993 -0.0077551 0.00675824 0.00184211 -0.000465184 0.00791209 -0.000694111 0.000147481 0.00970588 -0.000269231 0.000215924 0.00249758
internal_weight=3825 3644 3563 146 181 113 3417 90 3327 2440 101 2339 2222 1032
internal_count=3825 3644 3563 146 181 113 3417 90 3327 2440 101 2339 2222 1032
is_linear=0
shrinkage=0.03


Tree=251
num_leaves=15
num_cat=0
split_feature=77 7 77 39 77 77 26 77 1 31 0 68 16 62
split_gain=9.50943 8.65663 8.42517 12.8596 16.7356 8.3714 8.44946 8.2672 7.71818 10.458 12.4098 9.20973 13.9336 10.0919
threshold=107.6919767856598 5435.5157734228787 15.967813551425936 2897.5584050073321 36.790439248085029 147.41154003143313 165.50000000000003 46.452067911624916 743.82469952106487 13.074285714285717 -8.4999999999999982 0.13451013757252409 29.500000000000004 0.15652641872472398
decision_type=10 10 10 10 10 10 2 10 2 10 2 10 2 10
left_child=1 2 8 4 -4 -2 -7 -6 11 -10 -11 -1 13 -13
right_child=5 -3 3 -5 7 6 -8 -9 9 10 -12 12 -14 -15
leaf_value=-0.0074608959502818475 -0.38468990103662054 0.38869700622742542 0.97051847774462296 -0.01818322785462044 -0.21328200521316901 -0.074430296058083267 0.10889535806491447 0.34677914740551702 -0.010467479800198715 0.028951389988971916 -0.5158648611633222 1.0542544955650657 -0.45099626195322701 0.10949816469940941
leaf_weight=2350 74 86 86 188 71 66 43 59 196 40 97 70 46 334
leaf_count=2350 74 86 86 188 71 66 43 59 196 40 97 70 46 334
internal_value=-3.15209e-05 0.000306291 7.63143e-05 0.00414815 0.00912442 -0.00668478 -0.00136364 0.00229008 -0.000449904 -0.00476048 -0.011087 6.42628e-05 0.00399113 0.00577778
internal_weight=3806 3623 3537 404 216 183 109 130 3133 333 137 2800 450 404
internal_count=3806 3623 3537 404 216 183 109 130 3133 333 137 2800 450 404
is_linear=0
shrinkage=0.03


Tree=252
num_leaves=15
num_cat=0
split_feature=66 80 26 32 28 85 80 67 27 83 41 60 35 8
split_gain=6.97428 10.6654 12.8752 10.8863 9.67022 8.97487 10.719 8.93591 12.0697 16.0178 8.16822 7.81631 8.60638 13.1722
threshold=223.58971846103671 100.66583168506624 165.50000000000003 0.33809523809523817 161.50000000000003 248.86870598793033 181.17023324966434 194.34923699547852 0.93059569685292243 -5.0947985649108878 408.78963303565985 713.92004549503338 14.198214285714288 5.481355959220874
decision_type=10 10 2 8 2 8 10 10 10 8 10 10 8 10
left_child=7 2 3 4 -2 6 -3 10 9 -9 11 12 13 -1
right_child=1 5 -4 -5 -6 -7 -8 8 -10 -11 -12 -13 -14 -15
leaf_value=-0.068019283955786838 -0.0407648824855147 0.41095259515463806 0.15891706041559672 0.075143637095377622 -0.71979540863576996 1.1089899371443368 -0.43909501641104437 -0.066084525353609244 -0.25130505264192798 0.72359071785353357 -0.25756991215766395 0.32527938598348727 0.014808297954471356 1.2036251997639413
leaf_weight=1213 89 56 41 74 149 41 47 56 73 83 75 116 1643 71
leaf_count=1213 89 56 41 74 149 41 47 56 73 83 75 116 1643 71
internal_value=-0.000242947 -0.00355422 -0.00635593 -0.0084345 -0.0115481 0.00331034 -0.00144231 0.000252177 0.00619718 0.0113571 -0.000153895 8.86991e-05 -0.000215164 -0.00205447
internal_weight=3827 497 353 312 238 144 103 3330 212 139 3118 3043 2927 1284
internal_count=3827 497 353 312 238 144 103 3330 212 139 3118 3043 2927 1284
is_linear=0
shrinkage=0.03


Tree=253
num_leaves=15
num_cat=0
split_feature=25 62 28 66 82 68 83 1 38 77 8 16 67 71
split_gain=8.74487 11.5922 11.7043 12.4948 13.3635 11.4356 10.9641 13.5385 10.2223 13.6862 21.2794 11.9924 11.2837 13.279
threshold=0.93861852433281012 0.065261498709531199 146.50000000000003 75.218595504760756 69.79549900690715 0.11381740042902601 -77.491367459297166 751.37168741226208 2508.7582689750484 -102.10408639907835 5.7159521581546002 8.5000000000000018 197.85332337220521 7.5000000000000009
decision_type=8 10 2 8 8 10 8 2 10 10 10 2 8 10
left_child=8 2 -2 4 -4 -3 -5 -8 9 10 -1 -11 -10 -14
right_child=1 5 3 6 -6 -7 7 -9 12 11 -12 -13 13 -15
leaf_value=-0.024345455390405637 0.00016926875449099654 -0.32689676025578013 0.15347815160112901 0.96371746344583353 -0.70927093392630414 0.026623161606148641 0.42737544586837684 -0.20922853598338312 -0.037743934774211813 0.36881067317474281 0.67652051012378844 -0.32636535439016584 2.1647374319445856 0.037646198375533117
leaf_weight=703 371 82 83 48 52 181 268 45 909 67 69 252 46 631
leaf_count=703 371 82 83 48 52 181 268 45 909 67 69 252 46 631
internal_value=0.000228466 0.00244032 0.0041129 0.00712274 -0.000661765 -0.00306818 0.0100276 0.00792994 -0.000705751 -0.00293956 -0.000776197 -0.00815625 0.000831758 0.00376106
internal_weight=3807 1130 867 496 135 263 361 313 2677 1091 772 319 1586 677
internal_count=3807 1130 867 496 135 263 361 313 2677 1091 772 319 1586 677
is_linear=0
shrinkage=0.03


Tree=254
num_leaves=15
num_cat=0
split_feature=77 58 57 67 41 64 39 79 77 25 65 16 16 52
split_gain=9.38275 12.0458 13.3793 8.78518 9.07366 8.68416 13.5864 13.1576 11.5131 11.3861 10.8573 10.7054 9.39301 11.0844
threshold=107.6919767856598 416.56861829757696 8.5000000000000018 758.43548120771152 408.78963303565985 4.3148947322195417 1522.1359823802065 7.8004249859310795 11.347275078296663 0.88516483516483524 0.88746094697267786 1.0000000180025095e-35 18.500000000000004 81.174286603927627
decision_type=10 10 8 10 10 8 10 10 8 10 10 2 2 10
left_child=3 2 -2 4 5 6 7 -1 12 -9 -10 -7 13 -8
right_child=1 -3 -4 -5 -6 11 8 9 10 -11 -12 -13 -14 -15
leaf_value=-0.073851532619982799 -0.4313810343982914 0.086838488718902249 -0.0087509858459679894 1.0970037742723744 -0.29911860752734037 -0.57680810301230212 -0.0044729719758770511 -0.064949755189685654 -0.69914188715996695 0.41644456721208373 0.23454898490974105 0.022290882058785273 -0.74136250746328414 -0.77739978777783547
leaf_weight=164 67 46 71 59 74 94 210 49 41 105 106 2469 153 84
leaf_count=164 67 46 71 59 74 94 210 49 41 105 106 2469 153 84
internal_value=-0.000221461 -0.00681081 -0.011223 0.000116376 -7.60563e-05 0.00014672 -0.00236583 0.00263323 -0.00504202 0.00890323 0.00222973 0.00104134 -0.00743304 -0.00427119
internal_weight=3792 184 138 3608 3549 3475 912 318 594 154 147 2563 447 294
internal_count=3792 184 138 3608 3549 3475 912 318 594 154 147 2563 447 294
is_linear=0
shrinkage=0.03


Tree=255
num_leaves=15
num_cat=0
split_feature=77 17 34 34 8 33 67 37 81 66 8 77 28 28
split_gain=9.40387 12.9579 9.51061 11.8108 9.52125 9.06974 10.9074 13.9807 9.68896 9.41319 9.92367 8.65003 8.33236 19.4033
threshold=107.6919767856598 2.5000000000000004 0.2228132387706856 0.20638945233265724 4.280397688079959 14.256776556776559 87.035427100956426 1871.5589769507733 9485.2814967632312 -110.05908977985381 3.6207762768027947 151.33354669809344 217.50000000000003 177.50000000000003
decision_type=10 2 8 10 8 10 8 10 8 8 10 10 2 2
left_child=1 -1 3 -3 -5 9 -7 -8 -9 10 -4 -2 13 -11
right_child=11 2 5 4 -6 6 7 8 -10 12 -12 -13 -14 -15
leaf_value=-0.56413634944425506 -0.29610222389345842 0.024138678607207927 0.01476262736895336 0.097282095876089797 0.89960668901531426 -0.37323655461068639 -0.31536501669025124 1.2404578627137031 -0.058512687997240673 0.012658502369263899 0.83551686216207144 0.0051635928649469065 0.057783471766729412 -0.35346395506789496
leaf_weight=58 86 1174 71 89 77 169 177 45 45 867 53 85 566 249
leaf_count=58 86 1174 71 89 77 169 177 45 45 867 53 85 566 249
internal_value=0.000401364 0.000725076 0.000954507 0.00295302 0.0104192 -0.000240749 -0.00411899 -0.000335821 0.00923077 0.000697288 0.00864 -0.00645349 0.000106952 -0.0013966
internal_weight=3811 3640 3582 1340 166 2242 436 267 90 1806 124 171 1682 1116
internal_count=3811 3640 3582 1340 166 2242 436 267 90 1806 124 171 1682 1116
is_linear=0
shrinkage=0.03


Tree=256
num_leaves=15
num_cat=0
split_feature=34 29 80 14 68 7 66 69 16 14 66 29 85 16
split_gain=7.28711 13.3334 14.8994 12.7528 12.0169 11.8813 12.4757 10.8885 10.7971 8.69621 8.69136 8.37774 7.9256 7.82723
threshold=0.1908263305322129 0.89380237430167608 -9.9167983531951887 364.59324076514037 0.12644406544229944 2606.7558994982614 -152.39769208431241 77.257246040136295 15.500000000000002 234.10194847143859 187.82146465778354 0.93514435937644136 30.515541672706608 5.5000000000000009
decision_type=8 10 10 8 8 10 8 8 2 10 10 10 8 2
left_child=1 5 3 7 9 8 -7 12 -1 -4 11 -5 -3 -11
right_child=-2 2 4 10 -6 6 -8 -9 -10 13 -12 -13 -14 -15
leaf_value=0.23755291089181088 -0.012127901641947344 0.23145962271639819 0.39806674235950784 1.1121516130104359 0.49065714055224369 -0.77028246377486953 -0.020640000021768742 0.59220446544511729 -0.031311113633445804 0.031083287425656161 0.089376446438406837 0.27198484440467813 -0.55524260820470184 -0.46367680128711197
leaf_weight=72 2734 44 40 67 47 54 328 49 68 44 45 66 45 116
leaf_count=72 2734 44 40 67 47 54 328 49 68 44 45 66 45 116
internal_value=-0.000117801 0.00196133 0.00515957 0.00946372 -0.000362903 -0.0014914 -0.00422977 0.00258993 0.00595745 -0.00358209 0.0147486 0.0185821 -0.00366667 -0.00670807
internal_weight=3819 1085 563 316 247 522 382 138 140 200 178 133 89 160
internal_count=3819 1085 563 316 247 522 382 138 140 200 178 133 89 160
is_linear=0
shrinkage=0.03


Tree=257
num_leaves=15
num_cat=0
split_feature=35 71 28 42 8 68 66 30 28 38 35 7 49 38
split_gain=7.71685 13.9144 10.2206 16.8309 14.7663 15.5471 12.3582 14.7273 14.5261 12.3127 11.1964 10.7998 9.44421 10.1725
threshold=16.620404172099089 13.500000000000002 314.50000000000006 -111.77716469764708 4.1116967280546719 0.13451013757252409 -76.216005206108079 9.0500000000000025 168.50000000000003 2267.5373528871478 14.435661764705884 3151.0393455254894 6.5000000000000009 3048.1654453622423
decision_type=10 8 2 8 10 10 10 10 2 10 8 10 10 10
left_child=2 -2 4 -4 11 6 7 -6 -8 -9 -5 -1 -3 -14
right_child=1 12 3 10 5 -7 8 9 -10 -11 -12 -13 13 -15
leaf_value=-0.02444016347395557 -0.005296961209729909 0.89606844441885558 0.21290551718386722 -1.0243626742308658 0.45440584149497704 0.39627825776094894 -0.58133661219227428 -0.1208028823068685 0.01765203039112876 0.69593030242536857 -0.030044812997724189 -0.85816216663737654 -0.50045858375477958 0.17709664840074327
leaf_weight=1630 605 82 47 95 169 177 86 122 221 44 102 53 42 370
leaf_count=1630 605 82 47 95 169 177 86 122 221 44 102 53 42 370
internal_value=8.58034e-05 0.00220909 -0.00076447 -0.00661224 -0.00019177 0.00310976 0.000933126 0.00491071 -0.00340909 -0.00143713 -0.0104545 -0.00179929 0.00593939 0.0040678
internal_weight=3845 1099 2746 244 2502 819 642 335 307 166 197 1683 494 412
internal_count=3845 1099 2746 244 2502 819 642 335 307 166 197 1683 494 412
is_linear=0
shrinkage=0.03


Tree=258
num_leaves=15
num_cat=0
split_feature=77 3 60 38 62 38 63 40 14 17 14 14 34 8
split_gain=9.72402 11.593 11.6366 11.2169 9.65393 9.14064 14.0524 10.5093 10.194 9.81971 13.1207 12.1636 12.6298 12.1517
threshold=121.64101433753969 23.125000000000004 545.25383734703075 3740.5770590441566 0.042898378633112515 2487.7218150629637 143.80051738559158 43.884955955166269 275.50990591843714 16.500000000000004 461.8655871810555 268.89878196464218 0.2228132387706856 3.9372509594035603
decision_type=10 2 10 8 8 10 8 10 10 2 10 8 10 8
left_child=1 2 5 -2 -3 -1 7 8 -7 10 -8 -11 13 -13
right_child=3 4 -4 -5 -6 6 9 -9 -10 11 -12 12 -14 -15
leaf_value=-0.02397808586591452 -0.3795164682657568 0.018286562162119571 0.31359402633551725 -0.0093539281238503233 -1.1387513402467562 0.92009455753899172 -0.28182315076480485 -0.019533103797998396 0.032863453215291397 1.1135313125910213 0.014397656429847095 -0.02750319052839522 -0.062898905541096256 0.66630476457072307
leaf_weight=1423 68 49 142 110 62 54 56 1190 103 119 85 58 142 108
leaf_count=1423 68 49 142 110 62 54 56 1190 103 119 85 58 142 108
internal_value=-0.000214854 0.000125278 0.000430911 -0.00703911 -0.009375 7.18778e-05 0.00142484 -0.000244807 0.00702532 0.00537786 -0.00147887 0.00764019 0.00446602 0.0100599
internal_weight=3769 3591 3480 178 111 3338 1915 1347 157 568 141 427 308 166
internal_count=3769 3591 3480 178 111 3338 1915 1347 157 568 141 427 308 166
is_linear=0
shrinkage=0.03


Tree=259
num_leaves=15
num_cat=0
split_feature=25 4 42 42 3 26 44 42 45 8 61 8 81 65
split_gain=7.51662 12.7495 11.692 11.5453 16.2349 13.4275 11.2321 10.657 9.96196 12.6951 10.446 9.98359 11.2041 9.63888
threshold=0.97385509227614497 8.5000000000000018 431.25662529468542 95.053520321846023 5.6250000000000009 61.500000000000007 44.784246444702156 -74.260457873344407 2.5000000000000004 0.49065332891525038 0.0065828563247955635 4.4521207047425317 4319.90939629078 0.93867212142873668
decision_type=10 2 10 8 2 2 10 8 8 8 8 10 10 10
left_child=1 2 8 5 -5 -2 7 -3 -1 -10 11 12 -11 -12
right_child=3 6 -4 4 -6 -7 -8 -9 9 10 13 -13 -14 -15
leaf_value=0.38711393321889187 -0.16185711596093721 0.52407766837817382 -0.6864107885683528 -0.46370925363394838 0.023757398181922153 0.27510110427046985 0.1399017357911061 -0.10970700698699691 -0.35382843969047606 -0.55187302690107609 -0.0048807084774267553 0.62458455354582754 0.11340294619297089 -0.22195050857122681
leaf_weight=45 75 57 43 56 222 256 496 258 101 59 1356 75 76 668
leaf_count=45 75 57 43 56 222 256 496 258 101 59 1356 75 76 668
internal_value=-5.46306e-05 -0.000630603 -0.0017203 0.003 -0.00150538 0.00677711 0.00262315 -0.0018038 -0.00143637 -0.00170805 -0.0012349 0.00511848 0.000220588 -0.0018963
internal_weight=3843 3234 2423 609 278 331 811 315 2380 2335 2234 210 135 2024
internal_count=3843 3234 2423 609 278 331 811 315 2380 2335 2234 210 135 2024
is_linear=0
shrinkage=0.03


Tree=260
num_leaves=15
num_cat=0
split_feature=43 4 68 8 38 0 80 14 39 61 41 42 41 61
split_gain=6.69148 16.8577 21.0122 13.3013 13.2666 13.1883 13.3256 11.5061 10.6654 15.1208 10.9808 12.4878 17.9693 10.3073
threshold=585.69449131104363 7.5000000000000009 -0.012305103167891501 4.4056636968576113 3879.7899791111604 160.50000000000003 45.098634958267219 630.42706288971829 2256.8327613916181 0.76063033810534197 -65.612006783485398 37.264449119567878 48.081330060958869 0.021590878864509302
decision_type=10 2 8 10 10 2 10 10 10 10 8 8 8 8
left_child=3 2 7 4 8 -3 -7 -2 10 -10 -1 -12 -13 -4
right_child=1 5 13 -5 -6 6 -8 -9 9 -11 11 12 -14 -15
leaf_value=0.10268817306401239 -0.72706059981922677 -0.017386706278039517 0.26967817139615652 0.10870645736852366 0.28748898317095883 0.044454742101814021 1.8210975729681551 -0.048794233846765692 -0.40486434126628312 0.47052881658391277 -0.12393937602374641 0.50187411348635702 -0.018329702605440694 -0.034406929530203391
leaf_weight=270 112 367 43 691 129 112 72 54 242 44 581 60 627 384
leaf_count=270 112 367 43 691 129 112 72 54 242 44 581 60 627 384
internal_value=-0.000285036 -0.00220087 -0.00570707 0.000544423 -0.000721597 0.00157609 0.00810811 -0.0147305 -0.00138082 -0.0066899 -0.000389864 -0.00156028 0.00117733 -0.0021729
internal_weight=3788 1144 593 2644 1953 551 184 166 1824 286 1538 1268 687 427
internal_count=3788 1144 593 2644 1953 551 184 166 1824 286 1538 1268 687 427
is_linear=0
shrinkage=0.03


Tree=261
num_leaves=15
num_cat=0
split_feature=65 72 25 8 82 81 17 46 28 4 15 34 17 72
split_gain=8.41167 11.8681 6.38673 9.3643 11.2187 11.1697 20.597 9.51247 8.62007 8.42644 10.8423 11.6682 11.3815 11.2916
threshold=1.1805939629132893 -106.6840077638626 0.94258241758241768 4.2969114774457973 94.87326687574388 8812.3775812387485 35.000000000000007 1110.0000000000002 120.50000000000001 8.5000000000000018 31.500000000000004 0.084523809523809543 35.000000000000007 -34.634397745132439
decision_type=10 10 10 10 10 10 2 10 2 2 2 10 2 10
left_child=2 -2 9 5 7 8 -7 -5 -4 10 12 -12 -1 -13
right_child=1 -3 3 4 -6 6 -8 -9 -10 -11 11 13 -14 -15
leaf_value=-0.0056104068123863727 -0.89270847015995769 0.1071185857586391 -0.60884241752173174 0.41203325123178569 -0.19186338603892805 -0.068823298921468698 1.0233118615364685 -0.016424601849075647 -0.0017669485680346052 0.043618141363409461 0.18385108761069219 -0.036655265190941984 -0.12295743254865385 0.44681171641966627
leaf_weight=961 75 81 50 165 59 77 59 45 606 674 43 149 767 41
leaf_count=961 75 81 50 165 59 77 59 45 606 674 43 149 767 41
internal_value=-7.78614e-05 -0.00687898 0.000210982 0.00217514 0.007 0.000529634 0.00832117 0.010237 -0.00109589 -0.000580425 -0.00157492 0.00448718 -0.00239445 0.00125654
internal_weight=3852 156 3696 1061 269 792 136 210 656 2635 1961 233 1728 190
internal_count=3852 156 3696 1061 269 792 136 210 656 2635 1961 233 1728 190
is_linear=0
shrinkage=0.03


Tree=262
num_leaves=15
num_cat=0
split_feature=1 3 60 27 66 73 85 37 70 70 42 42 65 35
split_gain=6.36071 8.56541 10.3361 9.30118 7.1788 6.46286 6.69511 9.99604 8.52851 5.75788 6.25327 16.5592 13.4275 10.4833
threshold=627.41329634189617 16.791666666656969 -125.98607969284056 0.94134846921224635 109.58274471759798 -9.5863378047943097 162.27294830481213 1564.5387680779352 0.43303571428571436 0.13809523809523813 39.35622692108155 44.50621676445008 0.91038885214745069 79.616393666393677
decision_type=2 2 10 10 10 8 8 10 10 8 10 10 8 8
left_child=1 4 -3 -4 5 -1 7 -7 -8 -2 12 -12 -11 -13
right_child=9 2 3 -5 -6 6 8 -9 -10 10 11 13 -14 -15
leaf_value=0.7438510965515065 -0.024077417440458854 -0.035426292008274296 0.50671612475937711 -0.00057453845483131257 -0.39832060120382434 -0.28596867997820252 -0.037680484516455753 0.17229460646756992 0.23683378419159176 -0.35623414568957501 0.99693334801053146 -0.0086978970557511845 -0.019689152781375761 0.13562345557219663
leaf_weight=47 183 67 125 47 78 91 86 60 92 100 50 1315 1408 64
leaf_count=47 183 67 125 47 78 91 86 60 92 100 50 1315 1408 64
internal_value=-0.000306765 0.00229107 0.006875 0.0107514 -0.000131868 0.00159151 9.09091e-05 -0.00453947 0.00402235 -0.000884332 -0.000561607 0.00086014 -0.00190855 0.00023913
internal_weight=3813 693 239 172 454 376 329 151 178 3120 2937 1429 1508 1379
internal_count=3813 693 239 172 454 376 329 151 178 3120 2937 1429 1508 1379
is_linear=0
shrinkage=0.03


Tree=263
num_leaves=15
num_cat=0
split_feature=63 3 48 17 77 33 77 39 3 28 3 3 37 3
split_gain=8.89563 16.9468 12.3897 7.95155 8.38515 11.6457 8.27831 16.2283 22.1511 17.1791 14.3255 33.0235 10.6729 11.0526
threshold=-241.11394063845037 14.041666666656967 -113.23560710748036 3.5000000000000004 107.6919767856598 34.869827586206902 15.967813551425936 3652.4370612848611 8.2916666666569672 258.50000000000006 21.208333333343038 17.041666666656969 2528.1613883500154 20.958333333343038
decision_type=8 2 10 2 10 8 10 10 2 2 2 2 10 2
left_child=1 -1 -3 -2 6 -6 12 8 -8 -10 11 -9 13 -5
right_child=3 2 -4 4 5 -7 7 10 9 -11 -12 -13 -14 -15
leaf_value=0.23901409261381432 -0.86751913266251401 -0.24618116087995309 0.17851819977510328 -0.018782277661987052 -0.30749227158980175 0.044376521552383329 1.7295854434582703 -0.29508816151298795 -0.020970534831892047 1.8216618669371434 -0.83974300108232569 1.0963408447068372 0.090412092109057901 0.13796188383836977
leaf_weight=111 75 72 50 2531 133 54 50 82 127 45 41 42 143 255
leaf_count=111 75 72 50 2531 133 54 50 82 127 45 41 42 143 255
internal_value=0.000102308 0.00576923 -0.00195122 -0.000268231 -5.99315e-05 -0.0062234 0.000289418 0.00440722 0.0096861 0.00450867 -0.00271084 0.0024 -0.000255973 -0.000667384
internal_weight=3811 233 122 3578 3503 187 3316 387 222 172 165 124 2929 2786
internal_count=3811 233 122 3578 3503 187 3316 387 222 172 165 124 2929 2786
is_linear=0
shrinkage=0.03


Tree=264
num_leaves=15
num_cat=0
split_feature=1 45 70 81 39 5 40 34 37 16 1 36 69 36
split_gain=7.46507 9.17072 8.30857 8.85485 10.8206 8.07654 6.32498 6.14524 11.7082 11.0474 13.8645 11.0124 10.7396 16.2135
threshold=614.27329885959637 7.5000000000000009 0.069047619047619066 7212.8415356874475 4269.2783031509362 105.72670114040376 109.36015248449736 0.2228132387706856 1847.7343796122939 14.500000000000002 766.3055204153062 0.23103087388801677 129.75636161194828 0.17369121561668147
decision_type=2 8 8 8 10 10 10 10 10 2 2 10 8 10
left_child=1 6 3 -2 -5 -3 -1 8 9 12 -11 -10 13 -4
right_child=2 5 7 4 -6 -7 -8 -9 11 10 -12 -13 -14 -15
leaf_value=0.14958631337748216 0.02354177181059634 0.48737709315413952 0.28637878388454435 -0.30784023475120087 -0.0099495389653224166 -0.023271352186825345 -0.33691931368430827 -0.035201892671785973 -0.036794697435109582 -0.063261360706927228 0.26303508392389341 0.20145368170173747 0.57193124695751696 -0.066218899309906196
leaf_weight=69 45 145 146 68 72 75 83 1908 370 387 43 88 138 167
leaf_count=69 45 145 146 68 72 75 83 1908 370 387 43 88 138 167
internal_value=-0.000331143 0.00369973 -0.000769007 -0.00693548 -0.0106383 0.00760181 -0.00196078 -0.00041564 0.00114179 0.00316327 -0.000278422 -0.0027451 0.00643805 0.00334395
internal_weight=3804 372 3432 185 140 220 152 3247 1339 881 430 458 451 313
internal_count=3804 372 3432 185 140 220 152 3247 1339 881 430 458 451 313
is_linear=0
shrinkage=0.03


Tree=265
num_leaves=15
num_cat=0
split_feature=70 28 62 17 16 3 60 82 82 26 66 3 84 24
split_gain=8.08753 7.96919 8.23128 10.5941 11.2158 19.055 12.8849 10.4897 16.6363 10.2353 10.1648 11.4346 9.71039 14.6821
threshold=0.069047619047619066 494.00000000000006 -0.11737446102444794 5.0000000000000009 2.5000000000000004 8.2916666666569672 73.708386898040786 -164.44167923927304 -129.07393074035642 161.50000000000003 -269.19951641559595 5.4583333333430355 -99.625032365322099 45.500000000000007
decision_type=8 2 10 2 2 2 10 8 8 2 8 2 8 2
left_child=-1 2 9 -4 5 -5 -7 -6 -9 -2 -10 -12 13 -13
right_child=1 -3 3 4 7 6 -8 8 10 -11 11 12 -14 -15
leaf_value=-0.027761608222161768 0.01820492773032626 -0.57255444387343546 -0.7652044572039256 -0.29709550313443728 0.28231865374683762 0.061137685755456486 1.0720999053371256 -0.63051353928528842 -0.60399340306090488 0.38965259705467958 -0.33695353214587087 -0.015586730181112429 0.020281123448762768 -1.1793613166584735
leaf_weight=215 1353 42 76 48 51 133 59 43 45 123 104 166 1331 62
leaf_count=215 1353 42 76 48 51 133 59 43 45 123 104 166 1331 62
internal_value=-5.45171e-05 0.000280451 0.000433936 -0.000764512 -0.000352423 0.00572614 0.00994819 -0.00116473 -0.00155822 0.00215301 -0.00108836 -0.000703125 -5.76923e-05 -0.00576419
internal_weight=3851 3636 3594 2118 2042 240 192 1802 1751 1476 1708 1663 1559 228
internal_count=3851 3636 3594 2118 2042 240 192 1802 1751 1476 1708 1663 1559 228
is_linear=0
shrinkage=0.03


Tree=266
num_leaves=15
num_cat=0
split_feature=31 53 72 48 63 35 8 8 77 67 35 28 71 63
split_gain=9.25011 12.4214 12.41 11.7489 11.6025 10.4387 10.3753 8.70606 14.945 11.2209 14.2841 12.6898 15.3537 15.4084
threshold=13.127500000000003 5.5000000000000009 -39.722932100296013 -76.314244389533982 575.02295238500153 16.428207547169816 4.9962871909592899 5.7159521581546002 115.06792348623277 229.76968989372259 17.016987179487185 232.50000000000003 12.500000000000002 -92.642340558361596
decision_type=8 8 10 8 10 10 10 8 10 10 10 2 10 10
left_child=4 2 -2 6 5 -1 -3 8 9 11 -11 -5 13 -13
right_child=1 3 -4 7 -6 -7 -8 -9 -10 10 -12 12 -14 -15
leaf_value=0.019214261933813575 -0.9298218542795893 0.43861905454750333 0.04713774727149371 -0.066126348511254845 -0.27318661970189206 0.21298538931064129 -0.08841117133143768 0.035414714237093657 -0.58012392185602557 0.0068694015313326062 1.1671052211014474 0.0284565723826001 0.20755691410981342 -0.94584709583584337
leaf_weight=1437 124 142 41 858 84 173 51 413 43 138 46 47 211 48
leaf_count=1437 124 142 41 858 84 173 51 413 43 138 46 47 211 48
internal_value=-3.11123e-05 -0.00133148 -0.00921687 -0.000675676 0.00162832 0.00219739 0.00634021 -0.00142936 -0.00256466 -0.00200148 0.00486486 -0.00309013 0.00214984 -0.0078125
internal_weight=3856 2162 165 1997 1694 1610 193 1804 1391 1348 184 1164 306 95
internal_count=3856 2162 165 1997 1694 1610 193 1804 1391 1348 184 1164 306 95
is_linear=0
shrinkage=0.03


Tree=267
num_leaves=15
num_cat=0
split_feature=84 38 80 33 42 31 5 48 42 8 38 39 15 7
split_gain=8.22592 10.6692 10.2397 8.64694 7.4113 6.85115 13.6539 15.5774 12.9367 11.2518 13.9787 12.9593 12.3739 10.7707
threshold=-100.96290338039397 1640.4937893605377 -196.27006793022153 23.09130660573328 100.59478127956392 17.040833333333335 64.067189931869521 127.80505506197613 300.83362460136419 4.1116967280546719 3823.415592664936 2439.0346413748298 34.500000000000007 1883.9277196633577
decision_type=8 8 10 10 10 8 10 8 8 10 10 10 2 10
left_child=1 4 -3 -4 -1 9 7 -7 13 10 -2 -11 -13 -8
right_child=5 2 3 -5 -6 6 8 -9 -10 11 -12 12 -14 -15
leaf_value=0.72361845982040518 -0.022202852309474431 0.20659582763132192 -0.40357791008952199 0.10738156085975166 -0.071817538226027752 -0.029146031186594396 0.14422901914184336 0.10572354319188239 -0.41914916252954121 0.39042941734216929 0.99339025856433794 0.07754119882466802 -0.48777242741387344 -0.18361549850904149
leaf_weight=57 1247 65 320 41 74 634 42 297 48 300 60 389 40 248
leaf_count=57 1247 65 320 41 74 634 42 297 48 300 60 389 40 248
internal_value=-0.00023298 -0.00360215 -0.00590164 -0.00787293 0.00386364 0.000335753 -0.0013937 0.000482833 -0.00654867 0.00141384 -0.000252294 0.00439726 0.00104651 -0.00412371
internal_weight=3862 557 426 361 131 3305 1269 931 338 2036 1307 729 429 290
internal_count=3862 557 426 361 131 3305 1269 931 338 2036 1307 729 429 290
is_linear=0
shrinkage=0.03


Tree=268
num_leaves=15
num_cat=0
split_feature=76 41 75 9 9 77 58 53 27 66 76 25 81 56
split_gain=6.25672 12.1426 11.3823 8.14318 7.87118 6.58629 6.4795 8.76079 10.6204 10.8343 10.1852 9.60394 11.6087 9.59103
threshold=1855.8653632402422 405.10230302810675 2195.9903212785725 210.00000000000003 2490.0000000000005 -146.72816359996793 1524.7034965753558 10.500000000000002 0.94274004683840762 126.87829232215883 86.803867936134353 0.85239651416122009 7251.3788547515878 58.118767619133003
decision_type=10 10 10 2 2 8 10 10 10 8 8 10 8 10
left_child=1 6 4 -3 -2 -4 7 10 9 -9 -1 13 -13 -11
right_child=2 3 5 -5 -6 -7 -8 8 -10 11 -12 12 -14 -15
leaf_value=-0.52424396615362534 0.064052948629763087 -0.11315940146137606 0.22460442384220247 -0.38334853452502904 0.51570670106529659 -0.33314029618933816 -0.058692601139973544 0.8758363338223758 1.1215764959740024 -0.0036126983317005079 0.0089740947857691114 0.62867782807251615 -0.28372965509428066 0.16463436190603251
leaf_weight=40 44 45 56 40 63 60 108 56 76 72 2903 73 133 65
leaf_count=40 44 45 56 40 63 60 108 56 76 72 2903 73 133 65
internal_value=0.000625815 0.00032392 0.00549107 -0.010814 0.0125 -0.00102564 0.000595407 0.000824803 0.00460084 0.002625 0.000213995 0.000610465 -0.00347826 0.00673913
internal_weight=3834 3611 223 85 107 116 3526 3418 475 399 2943 343 206 137
internal_count=3834 3611 223 85 107 116 3526 3418 475 399 2943 343 206 137
is_linear=0
shrinkage=0.03


Tree=269
num_leaves=15
num_cat=0
split_feature=3 8 24 46 74 27 33 38 56 37 43 34 71 34
split_gain=11.163 13.6945 14.6227 13.2148 6.38901 11.0286 6.83378 8.04867 16.7077 14.9818 16.4872 14.7691 13.1077 12.8755
threshold=1.5416666666569656 3.7023196081384389 56.500000000000007 750.00000000000011 3563.9869897058475 0.83947785706195499 36.767633928571435 3011.0612762949486 94.827027400334686 1617.9512934338545 371.63742697979609 0.25866188769414583 6.5000000000000009 0.30368906455862982
decision_type=2 10 2 8 10 10 10 10 8 10 10 10 10 10
left_child=1 -1 3 -3 6 -6 7 -2 9 10 -9 -12 -11 -10
right_child=4 2 -4 -5 5 -7 -8 8 13 12 11 -13 -14 -15
leaf_value=-0.72349975301529723 -0.0057718263619573659 0.11794828813923885 0.46552016741157759 -0.18759755610416445 0.015597252177034055 -0.37420879236493543 -0.058574423302220527 0.28040494901407675 0.43938228979683686 0.97756620593377486 0.1150135928178124 -0.58516909919982385 -0.10017490474356559 -0.093874526874198574
leaf_weight=51 2277 47 42 70 42 40 40 186 276 57 72 50 489 68
leaf_count=51 2277 47 42 70 42 40 40 186 276 57 72 50 489 68
internal_value=-0.000118172 -0.00682464 -0.0024375 -0.00788136 0.000275153 -0.00795181 0.000469283 0.000612773 0.00260217 0.000350877 0.00563107 -0.00292683 -0.00263254 0.00817391
internal_weight=3807 210 159 117 3597 82 3515 3475 1198 854 308 122 546 344
internal_count=3807 210 159 117 3597 82 3515 3475 1198 854 308 122 546 344
is_linear=0
shrinkage=0.03


Tree=270
num_leaves=15
num_cat=0
split_feature=13 40 14 7 14 41 85 4 43 16 7 69 77 70
split_gain=7.25649 9.27005 11.2482 10.9674 10.1384 14.3737 9.41824 9.10084 13.7879 17.546 15.551 14.201 13.6736 12.4798
threshold=6030.0000000000009 46.721914551537381 803.86820059012734 3256.7824591910362 872.52101336059934 170.16262173652652 205.69454371929172 7.5000000000000009 585.69449131104363 31.500000000000004 3168.5833822182035 206.21552992914783 -241.54876583814618 0.91987179487179505
decision_type=8 8 10 10 10 10 10 2 10 2 10 8 10 10
left_child=1 3 7 6 -4 -6 -1 8 9 11 -10 -3 13 -9
right_child=-2 2 4 -5 5 -7 -8 12 10 -11 -12 -13 -14 -15
leaf_value=0.20307264238493503 -0.32361180911087928 -0.041858413740506743 0.50700495255380951 -0.25813251114004093 -0.028357236621448755 0.23204364330588106 -0.53498812003950125 0.032586334405681074 -0.01782283498772071 -0.337089611136481 -0.3542267079211926 0.14868778406013672 0.049102569393621599 -0.13966855826873592
leaf_weight=427 42 497 71 57 180 51 42 290 297 226 198 232 940 311
leaf_count=427 42 497 71 57 180 51 42 290 297 226 198 232 940 311
internal_value=-0.000302952 -0.000164921 -0.00075592 0.00352941 0.00475248 0.00168103 0.00504255 -0.0013135 -0.00301861 -0.000910042 -0.00707661 0.00135616 0.000291829 -0.0032392
internal_weight=3861 3819 3293 526 302 231 469 2991 1450 955 495 729 1541 601
internal_count=3861 3819 3293 526 302 231 469 2991 1450 955 495 729 1541 601
is_linear=0
shrinkage=0.03


Tree=271
num_leaves=15
num_cat=0
split_feature=28 1 30 13 43 29 81 23 52 60 7 61 26 26
split_gain=7.16208 7.85893 9.24339 9.59093 8.13909 15.4748 22.7564 14.6699 14.1972 13.184 10.9547 10.5647 10.2529 17.936
threshold=494.00000000000006 623.82469952106487 26.050000000000004 90.000000000000014 614.27774298932388 0.93313432571012911 4062.2148548364644 13.861959576606752 18.17780697345734 171.91578292846683 3872.4679407200251 0.026542429345795107 165.50000000000003 108.50000000000001
decision_type=2 2 10 10 8 10 8 10 8 8 10 8 2 2
left_child=1 2 -1 -4 5 7 -7 8 -3 -9 -8 -6 13 -13
right_child=-2 4 3 -5 11 6 10 9 -10 -11 -12 12 -14 -15
leaf_value=0.13583298613262437 -0.46398555165133332 -0.081402368479929557 0.17037393837761261 -0.51387244959741252 0.049783506973043894 -0.56528158067036638 -0.080541356024726049 -0.45354629432328974 0.087152070314439861 0.03315797711362535 0.53419973297413315 -0.016724539051314248 0.041767633373578292 -0.46059146741725976
leaf_weight=344 47 190 64 49 130 109 471 69 1338 59 67 561 134 208
leaf_count=344 47 190 64 49 130 109 471 69 1338 59 67 561 134 208
internal_value=-0.000359281 -0.000213495 0.00347162 -0.00394737 -0.000719209 0.000273438 -0.00365741 0.0018105 0.00262917 -0.00790698 -0.00111317 -0.00293037 -0.00408186 -0.00541558
internal_weight=3840 3793 457 113 3336 2303 647 1656 1528 128 538 1033 903 769
internal_count=3840 3793 457 113 3336 2303 647 1656 1528 128 538 1033 903 769
is_linear=0
shrinkage=0.03


Tree=272
num_leaves=15
num_cat=0
split_feature=1 1 44 35 33 61 83 16 61 84 82 56 68 82
split_gain=5.57378 9.83411 9.13793 10.4266 14.801 14.4759 10.6752 11.4938 9.97945 16.5884 9.73761 9.62281 9.53316 15.4242
threshold=659.08346462249767 658.02790760993969 100.92645537853242 16.505508306962032 26.242222902633191 0.90330449391991352 -66.38557112216948 16.500000000000004 0.8620218770226139 93.062780439853682 -113.03075238068897 94.827027400334686 0.022787172224568639 -22.023104310035702
decision_type=2 2 8 10 10 8 10 2 8 10 8 10 10 8
left_child=1 -1 3 5 6 12 7 11 -4 10 -10 -5 13 -2
right_child=2 -3 8 4 -6 -7 -8 -9 9 -11 -12 -13 -14 -15
leaf_value=0.008952346677118932 0.026076236086073443 0.63484231335385743 0.091349812509425726 -0.41198874914918859 -0.28689791854080265 0.26150982398770761 0.43778327734662925 0.41453532389681907 0.21549574070400951 -0.85316048274016532 -0.0039645228840977636 0.15643988222660521 -0.031623711447816449 -0.63526678284238991
leaf_weight=1592 116 64 303 83 73 59 154 49 56 65 583 56 295 300
leaf_count=1592 116 64 303 83 73 59 154 49 56 65 583 56 295 300
internal_value=0.000171473 0.00148461 -0.000820793 -0.0026054 0.00122596 -0.00466926 0.0038484 -0.000952381 0.00127976 -0.000680851 0.000796875 -0.00535714 -0.00585674 -0.00877698
internal_weight=3848 1656 2192 1185 415 770 342 188 1007 704 639 139 711 416
internal_count=3848 1656 2192 1185 415 770 342 188 1007 704 639 139 711 416
is_linear=0
shrinkage=0.03


Tree=273
num_leaves=15
num_cat=0
split_feature=8 0 4 33 73 7 15 63 56 56 85 35 26 37
split_gain=5.50314 9.8354 12.47 9.80296 8.66102 9.90832 12.8949 11.6274 11.3005 9.84554 14.1543 11.817 10.101 9.96576
threshold=4.1462990685532128 -29.499999999999996 8.5000000000000018 20.36739130434783 -17.615499615669247 2522.4357818064095 26.500000000000004 -244.19483426467659 -27.716151356697079 287.82414170106262 167.82542705535892 2.2846949891067543 62.500000000000007 1728.8168286344878
decision_type=8 2 2 8 8 8 2 8 8 8 8 8 2 10
left_child=4 2 3 -2 -1 6 7 -6 -8 10 11 -9 -12 -13
right_child=1 -3 -4 -5 5 -7 8 9 -10 -11 12 13 -14 -15
leaf_value=0.088671279747156426 -0.024339405851383267 0.037785792596758815 0.13396557733504783 -0.92478505090639895 0.068426276083478038 -0.10910432712840759 -0.056756127511387908 0.16083391755247353 0.40395821122240821 -0.27054683602911828 -0.15750231788053273 -0.27037792982129805 0.16449893586078709 0.18737903028532626
leaf_weight=163 116 1369 124 68 69 685 63 98 107 88 45 418 339 61
leaf_count=163 116 1369 124 68 69 685 63 98 107 88 45 418 339 61
internal_value=5.50603e-05 0.00134088 -0.00349515 -0.00843243 -0.000954609 -0.00150456 4.65477e-05 -0.00112601 0.0077193 -0.00191429 -0.00102911 -0.00399654 0.00342857 -0.0059375
internal_weight=3813 1677 308 184 2136 1973 1288 1118 170 1049 961 577 384 479
internal_count=3813 1677 308 184 2136 1973 1288 1118 170 1049 961 577 384 479
is_linear=0
shrinkage=0.03


Tree=274
num_leaves=15
num_cat=0
split_feature=77 77 3 3 53 27 14 83 82 43 58 22 85 77
split_gain=6.58767 17.7775 9.96354 22.9723 12.037 10.6173 9.57415 10.5728 10.5087 12.248 11.9725 12.1503 11.7022 10.3636
threshold=15.967813551425936 34.815876245498664 23.125000000000004 20.958333333343038 10.500000000000002 0.2423193876481074 51.094293393301065 -133.56410682201383 -72.655928909778581 69.111394896741004 120.91653537750246 2.075762271881104 -34.657474994659417 -198.13558185100553
decision_type=8 8 2 2 10 8 10 8 10 10 10 2 8 10
left_child=2 -2 3 5 -5 -1 7 -7 9 -8 11 -11 -13 -10
right_child=1 -3 -4 4 -6 6 8 -9 13 10 -12 12 -14 -15
leaf_value=-0.30600149532735266 0.50579099113936099 0.0054498064142845101 -0.65659667127358801 0.10495059241179945 2.9179660593111754 0.33243891578057172 -0.76757472891895007 -0.002010924297397665 0.077959667426994908 -0.30364781733202562 -0.1079238664349558 -0.32955072710365813 0.33273645689799081 -0.038805954877840207
leaf_weight=68 134 1263 68 115 63 73 58 119 487 72 154 81 134 903
leaf_count=68 134 1263 68 115 63 73 58 119 487 72 154 81 134 903
internal_value=1.58186e-05 0.00165236 -0.000939065 -0.00060567 0.00972067 -0.00146512 -0.00108069 0.00528497 -0.00173016 -0.00546 -0.00373303 -0.000104167 0.00347222 -0.00038821
internal_weight=3792 1397 2395 2327 178 2149 2081 192 1889 499 441 287 215 1390
internal_count=3792 1397 2395 2327 178 2149 2081 192 1889 499 441 287 215 1390
is_linear=0
shrinkage=0.03


Tree=275
num_leaves=15
num_cat=0
split_feature=77 81 81 7 48 42 85 61 4 34 28 26 3 42
split_gain=10.0252 23.6533 20.5202 19.5017 17.6656 17.0873 12.9639 11.4529 13.3488 14.4327 12.9714 12.9946 10.9049 11.7144
threshold=-170.43623745441434 4668.6520421504983 6775.2487986087808 3647.9658115381767 100.86447393894197 3.1749209165573125 -162.87146461009976 0.017328252414411414 7.5000000000000009 0.66260162601626027 223.50000000000003 89.500000000000014 11.958333333343036 173.16005635261538
decision_type=10 10 10 10 10 10 8 10 2 10 2 2 2 10
left_child=2 3 6 -2 5 -4 -1 -3 9 12 11 -10 -9 -14
right_child=1 7 4 -5 -6 -7 -8 8 10 -11 -12 -13 13 -15
leaf_value=-0.68123810462641698 0.14473456139877569 -0.003199277694000848 0.079395312547833261 -0.09928926337295528 -0.063798330169715992 0.71420880116832164 0.0049612872544113175 -1.417717473085395 -0.081472187205398686 0.092728248331934715 0.3741596441700662 -0.54598426784549481 -0.13895420155297036 -0.91109675260568634
leaf_weight=52 664 472 183 222 114 121 1254 67 193 48 105 55 206 59
leaf_count=52 664 472 183 222 114 121 1254 67 193 48 105 55 206 59
internal_value=-2.35849e-05 -0.00141969 0.00166957 0.00229989 0.0074463 0.0112131 -0.000183627 -0.00415423 -0.00649864 -0.0103937 -0.00228814 -0.0060241 -0.0126126 -0.00981203
internal_weight=3815 2091 1724 886 418 304 1306 1205 733 380 353 248 332 265
internal_count=3815 2091 1724 886 418 304 1306 1205 733 380 353 248 332 265
is_linear=0
shrinkage=0.03


Tree=276
num_leaves=15
num_cat=0
split_feature=3 7 71 68 3 81 3 61 68 81 0 0 28 30
split_gain=9.03249 15.0754 13.5143 12.9824 11.1074 10.4713 18.9002 11.9255 10.3787 10.2412 9.61364 9.48431 12.4208 9.43903
threshold=15.625000000000002 2734.279649245404 13.500000000000002 -0.16036284123180808 20.375000000000004 3696.7420524358754 17.291666666656969 0.019635874306476359 -0.11089335303320026 4817.2466622591028 38.500000000000007 -81.499999999999986 275.50000000000006 25.950000000000003
decision_type=2 10 8 8 2 10 2 10 8 10 2 2 2 10
left_child=2 5 -1 4 -3 7 9 -2 -5 -7 -11 -8 -13 -10
right_child=1 3 -4 8 -6 6 11 -9 13 10 -12 12 -14 -15
leaf_value=-0.064388782000499203 -0.048032762691179398 0.1340314433118312 0.017657683216775695 0.45160835423380413 -0.34205460146503314 0.52990565749957597 0.078837474250193371 0.36569188756695109 0.20647967273138046 0.19291963644210366 -0.48723664122057697 -0.43714120650021904 0.10974111798769075 -0.0050552505529016063
leaf_weight=1186 64 63 1129 62 54 54 65 100 421 49 43 290 62 161
leaf_count=1186 64 63 1129 62 54 54 65 100 421 49 43 290 62 161
internal_value=7.09779e-05 0.00189389 -0.00110104 0.00484252 -0.00432203 -0.00119505 -0.0031383 0.00545455 0.00651163 0.00612245 0 -0.00638756 -0.00832861 0.00524871
internal_weight=3803 1488 2315 761 117 727 563 164 644 146 92 417 352 582
internal_count=3803 1488 2315 761 117 727 563 164 644 146 92 417 352 582
is_linear=0
shrinkage=0.03


Tree=277
num_leaves=15
num_cat=0
split_feature=16 28 16 56 82 82 3 74 34 71 16 74 17 3
split_gain=10.0792 8.17801 7.79498 9.69855 7.4714 8.83166 9.39732 10.0441 11.1296 9.47781 8.47798 9.27174 11.6614 15.7367
threshold=1.0000000180025095e-35 494.00000000000006 45.500000000000007 144.95290883382162 -158.83502344290414 -120.77330261468886 1.5416666666569656 2445.040148583158 0.18090909090909094 9.5000000000000018 41.500000000000007 92.934664194642792 24.500000000000004 14.875000000000002
decision_type=2 2 2 10 8 8 2 10 10 10 2 10 2 2
left_child=-1 2 4 -4 -2 -6 9 10 -9 -7 11 -8 -13 -14
right_child=1 -3 3 -5 5 6 7 8 -10 -11 -12 12 13 -15
leaf_value=-0.40696803963202993 0.11377964177359864 -0.58349317505610443 0.10691114845244022 -0.14349036607746682 -0.20597065875478693 -0.70990300434009146 0.002912956277972987 -0.0022086361527349128 -0.57568454099188182 -0.018342067840052278 -0.38860321788381713 0.0042806879574050312 1.0722568270488395 0.0078270963786622339
leaf_weight=135 99 40 104 45 86 47 2570 59 41 124 66 224 110 96
leaf_count=135 99 40 104 45 86 47 2570 59 41 124 66 224 110 96
internal_value=-0.000140369 0.000153556 0.000302288 0.007 1.70309e-05 -0.000219042 2.69623e-05 0.000397853 -0.00891089 -0.00680233 0.000704271 0.000939687 0.0050116 0.0101449
internal_weight=3846 3711 3671 149 3522 3423 3337 3166 100 171 3066 3000 430 206
internal_count=3846 3711 3671 149 3522 3423 3337 3166 100 171 3066 3000 430 206
is_linear=0
shrinkage=0.03


Tree=278
num_leaves=15
num_cat=0
split_feature=3 28 16 81 11 65 82 82 29 39 81 80 74 40
split_gain=8.77011 12.1107 10.5076 13.2618 13.0412 11.7192 14.8224 12.4794 10.7772 9.31307 14.5305 10.8567 11.5156 10.4354
threshold=15.708333333343036 463.50000000000006 9.5000000000000018 4022.8917257785802 270.00000000000006 0.91150424444985456 -93.768917858600602 38.767879247665412 0.93026373215287739 2364.198827776172 12515.320450901987 -95.134021878242478 69.540089858139211 470.23264088996586
decision_type=2 2 2 8 2 10 10 10 10 8 10 8 10 10
left_child=1 9 4 8 5 -2 -7 -8 -4 11 13 12 -1 -11
right_child=2 -3 3 -5 -6 6 7 -9 -10 10 -12 -13 -14 -15
leaf_value=0.81130837100258046 0.81803318586865503 -1.0123330145046037 -0.18896287974162582 0.033044801757723945 -0.22224872327946799 -0.24696009887163234 0.34134641897770968 -0.045911381571682168 -0.85949175720503435 -0.27885029128447497 -0.97811031104342183 0.0022557820159951445 -0.067989169661620663 -0.0041004618962672901
leaf_weight=48 164 42 160 798 71 42 121 91 43 247 43 1259 41 672
leaf_count=48 164 42 160 798 71 42 121 91 43 247 43 1259 41 672
internal_value=0.000171741 -0.000968976 0.00197183 0.000209581 0.00557143 0.0075895 0.00352941 0.00676056 -0.00661765 -0.000675032 -0.00292835 0.000934025 0.011 -0.00211957
internal_weight=3842 2352 1490 1001 489 418 254 212 203 2310 962 1348 89 919
internal_count=3842 2352 1490 1001 489 418 254 212 203 2310 962 1348 89 919
is_linear=0
shrinkage=0.03


Tree=279
num_leaves=15
num_cat=0
split_feature=38 74 8 14 39 77 77 60 17 36 42 42 3 39
split_gain=10.4004 12.7697 10.7566 11.0374 10.7068 9.86215 13.3564 17.2756 12.1287 12.0455 11.0667 8.64007 8.18599 8.05496
threshold=2508.7582689750484 369.83579689035787 6.0433030104753334 455.63683804149679 1394.1066431397176 -153.83024227619168 -69.401914954185472 50.027229547500617 15.500000000000002 0.37271518777002333 -119.44734525680541 -126.31515848636626 14.125000000000002 965.45711360630082
decision_type=10 8 10 10 10 8 8 10 2 8 10 10 2 10
left_child=2 4 3 5 12 10 7 -7 -8 -9 -1 -5 -2 -12
right_child=1 -3 -4 11 -6 6 8 9 -10 -11 13 -13 -14 -15
leaf_value=-0.27557642577735736 1.0919857286643915 0.0072405293623681874 0.13067265640681433 0.034713730975587734 1.7738498365904678 -0.75233392000552946 0.4809691820610254 -1.1148285660648261 -0.015037787776738112 0.063373165193612663 -0.045092697163487967 -0.26640191379817779 -0.13884496141196648 0.2078786239992092
leaf_weight=49 40 1952 139 56 50 155 57 45 461 85 103 356 42 230
leaf_count=49 40 1952 139 56 50 155 57 45 461 85 103 356 42 230
internal_value=-4.71081e-05 0.00138129 -0.00176166 -0.00245932 0.0103759 -0.000986509 -0.00287313 -0.00807692 0 0 0.0029765 -0.00668281 0.00361446 0.00494012
internal_weight=3820 2084 1736 1597 132 1185 803 285 518 130 382 412 82 333
internal_count=3820 2084 1736 1597 132 1185 803 285 518 130 382 412 82 333
is_linear=0
shrinkage=0.03


Tree=280
num_leaves=15
num_cat=0
split_feature=41 42 77 31 39 77 36 56 49 79 62 76 61 7
split_gain=8.08034 14.7223 11.3224 14.0742 12.4684 11.0908 11.0476 10.2915 13.6688 12.9459 12.6225 12.3471 11.8415 10.8153
threshold=45.230598330497749 23.187256574630741 23.233561098575596 15.781746031746035 3831.1253502504796 -182.41542613506314 0.18210405946255007 72.432371099789947 8.5000000000000018 12.370122957812271 0.079156212480434335 280.03755438327795 0.80811155755125674 3469.5379998451722
decision_type=8 10 10 8 10 10 10 8 10 8 8 8 10 8
left_child=1 2 3 -1 5 -5 -4 8 12 11 -10 -9 13 -2
right_child=7 -3 6 4 -6 -7 -8 9 10 -11 -12 -13 -14 -15
leaf_value=0.029725776236333275 0.13901008295250972 -0.18915709032776959 0.91841589731711759 -0.017731919564589232 0.036041287808615083 -0.58942769662362648 0.045276160837521645 0.19544340044872313 -0.27497550160045142 0.023090286609636416 0.22619216184052274 -0.20866664239772545 -0.37013767321421043 1.1547186620848828
leaf_weight=883 244 281 47 289 79 207 124 67 95 914 50 455 51 79
leaf_count=883 244 281 47 289 79 207 124 67 95 914 50 455 51 79
internal_value=0.000162959 -0.00122449 -0.000128834 -0.000986977 -0.00463542 -0.00639839 0.00715116 0.0015184 0.00513462 0.000208768 -0.00267123 -0.00355641 0.00816 0.0102778
internal_weight=3865 1910 1629 1458 575 496 171 1955 519 1436 145 522 374 323
internal_count=3865 1910 1629 1458 575 496 171 1955 519 1436 145 522 374 323
is_linear=0
shrinkage=0.03


Tree=281
num_leaves=15
num_cat=0
split_feature=57 84 82 17 70 82 36 3 79 67 39 37 17 81
split_gain=6.27661 13.4201 12.7624 15.3767 12.346 20.4466 12.5987 11.8825 12.3917 11.3868 9.88981 9.53961 8.95363 11.9128
threshold=7.5000000000000009 -261.4524353345235 -74.102843920389788 5.0000000000000009 0.90454545454545465 113.37824320793153 0.28524124881740781 11.791666666656967 21.202016273446976 172.35437778213569 2105.40759992417 3135.510503048969 35.000000000000007 9201.0562692880649
decision_type=8 8 8 2 10 8 8 2 8 8 10 10 2 10
left_child=4 -2 -3 -4 5 -1 11 8 -8 -6 -9 -7 13 -5
right_child=1 2 3 12 9 6 7 10 -10 -11 -12 -13 -14 -15
leaf_value=0.073121790440179579 0.49234178702867515 -0.14611467464422545 -1.0974463956165441 0.30754440465148708 -0.48684598589934103 -0.36738922973693294 -0.70357275231325167 -0.0032261547578098715 -0.00043423286981245584 -0.05323622968247136 0.76436239475897416 -0.0059736426844986144 0.0057812400142011628 -0.052671362221644175
leaf_weight=582 50 275 43 567 158 98 46 108 95 537 55 63 1032 109
leaf_count=582 50 275 43 567 158 98 46 108 95 537 55 63 1032 109
internal_value=0.000157109 0.00127106 0.000888012 0.00183219 -0.0011704 0.000887405 -0.00379828 -0.000196721 -0.0065493 -0.00426724 0.00530488 -0.0105556 0.00228204 0.00496307
internal_weight=3818 2076 2026 1751 1742 1047 465 304 141 695 163 161 1708 676
internal_count=3818 2076 2026 1751 1742 1047 465 304 141 695 163 161 1708 676
is_linear=0
shrinkage=0.03


Tree=282
num_leaves=15
num_cat=0
split_feature=73 29 68 6 0 70 66 24 14 44 48 66 65 50
split_gain=9.42064 12.7834 11.72 8.16671 7.55331 14.855 11.4924 10.4876 9.64009 8.716 7.92214 9.23162 7.86717 7.60554
threshold=-22.909306287765499 0.89075749010740546 0.22645355324729607 690.00000000000011 86.500000000000014 0.74166666666666681 70.215738654136672 32.500000000000007 320.20354254096628 98.413995623588576 -74.186098694801316 -296.94888293743128 1.0155916604760873 122.97837388515474
decision_type=8 10 8 10 2 8 8 2 10 8 10 10 8 10
left_child=1 -1 -3 4 8 -6 -7 13 10 12 11 -2 -9 -8
right_child=3 2 -4 -5 5 6 7 9 -10 -11 -12 -13 -14 -15
leaf_value=-0.11226553047397496 -0.015511847792351761 0.5439721422902416 0.022911547022464871 -0.013782649249779658 1.5594850125653983 0.76468017182769699 0.30576656593966267 -0.062598092645654899 0.043240043498932935 0.20321579553865646 -0.11932490583983102 0.31406894497105448 -0.53788744966652413 0.024355157801787344
leaf_weight=44 114 63 67 2193 51 74 47 95 553 50 303 48 51 62
leaf_count=44 114 63 67 2193 51 74 47 95 553 50 303 48 51 62
internal_value=0.000400943 0.0072 0.0119084 7.41351e-05 0.00182195 0.00515081 0.00307895 0.000490196 0.000412169 -0.00365482 -0.00276824 0.00257669 -0.00734694 0.00790909
internal_weight=3815 174 130 3641 1448 430 379 305 1018 196 465 162 146 109
internal_count=3815 174 130 3641 1448 430 379 305 1018 196 465 162 146 109
is_linear=0
shrinkage=0.03


Tree=283
num_leaves=15
num_cat=0
split_feature=28 36 62 42 70 27 85 40 70 3 39 14 64 48
split_gain=7.31022 7.50979 18.7536 13.7219 11.3221 8.38732 14.764 14.2426 11.8638 19.1745 10.7059 12.6285 12.0024 16.7978
threshold=485.00000000000006 0.10946593632317701 0.039101609545326189 154.29595792293551 0.81534090909090928 0.8818539727988548 144.6140732765198 173.38022575469049 0.89181286549707617 6.6250000000000009 2439.0346413748298 803.86820059012734 4.374672776706201 -9.6171479622522966
decision_type=2 8 8 8 10 8 10 10 8 2 10 8 10 10
left_child=1 2 4 -4 -1 6 7 -3 9 -7 12 -12 -10 -14
right_child=-2 5 3 -5 -6 8 -8 -9 10 -11 11 -13 13 -15
leaf_value=-0.037162950256995245 -0.31136491102269315 -0.25931265454853625 -0.093849924763238876 0.051788058014879707 0.23379613580460401 -0.4399567987683784 -0.54256463938213983 0.014266865586939412 0.011949004494058215 0.39388050478236381 -0.22060693726980474 0.56315651789867094 -0.012448970089993523 0.75728953764512696
leaf_weight=45 58 172 88 50 113 40 93 582 1396 302 584 84 84 104
leaf_count=45 58 172 88 50 113 40 93 582 1396 302 584 84 84 104
internal_value=0.000308219 0.000473515 0.00505051 -0.00302158 0.0120755 7.84428e-05 -0.00251179 -0.00111258 0.000924855 0.00612245 0.000133156 -0.00304933 0.00147634 0.00857143
internal_weight=3795 3737 296 138 158 3441 847 754 2594 342 2252 668 1584 188
internal_count=3795 3737 296 138 158 3441 847 754 2594 342 2252 668 1584 188
is_linear=0
shrinkage=0.03


Tree=284
num_leaves=15
num_cat=0
split_feature=80 25 62 31 32 42 83 22 3 80 7 38 40 62
split_gain=7.05307 9.73973 8.52319 6.96234 16.5845 14.2263 12.3839 14.4877 10.7314 13.0699 10.7985 10.127 10.108 13.6876
threshold=-167.86078178882596 0.86729559748427687 0.044389926485280007 17.101785714285722 0.088562091503267992 -78.127854824066148 -67.552277088165269 0.24001967906951907 10.375000000000002 217.92846810817721 1138.1244931045042 3646.5540107481479 178.01604362976607 -0.11928275068312603
decision_type=8 10 10 8 10 8 8 2 2 8 8 10 10 8
left_child=1 -1 -3 4 -2 -6 -7 -8 10 11 -9 -10 13 -5
right_child=3 2 -4 12 5 6 7 8 9 -11 -12 -13 -14 -15
leaf_value=-0.28451903396362616 0.38250248536557019 0.064536123579331597 0.76209679401043195 0.063671905049968558 0.1100305154309997 -0.21381161074332034 0.35690836650452701 0.18389909539867902 -0.050857492546465613 0.22155204414420765 -0.17582487639647509 0.6971875655994284 -0.01222055892279739 -0.5030011299481284
leaf_weight=46 84 84 51 69 435 357 74 68 534 209 449 43 1144 156
leaf_count=46 84 84 51 69 435 357 74 68 534 209 449 43 1144 156
internal_value=-0.000323344 0.00543956 0.00948529 -0.000612752 0.0004126 -9.67742e-05 -0.00131412 -2.17707e-05 -0.000759202 0.00144854 -0.00411197 -0.000882353 -0.00229927 -0.00809735
internal_weight=3803 181 135 3622 2253 2169 1734 1377 1303 786 517 577 1369 225
internal_count=3803 181 135 3622 2253 2169 1734 1377 1303 786 517 577 1369 225
is_linear=0
shrinkage=0.03


Tree=285
num_leaves=15
num_cat=0
split_feature=81 84 74 81 81 38 71 68 81 82 64 25 71 44
split_gain=10.7074 13.8274 14.3448 10.0314 16.4682 9.03481 10.6319 15.4387 15.1383 11.8617 10.8105 16.5302 14.2713 10.2019
threshold=17718.926158666614 -65.605557998021439 2035.0229295796833 14235.45507335663 11765.18967652321 1767.102455325796 7.5000000000000009 0.050428902339737527 7187.5008163452158 -72.655928909778581 4.4334419921958697 0.95811403508771942 9.5000000000000018 45.397838234901435
decision_type=10 10 8 10 10 10 10 8 8 10 8 10 10 10
left_child=3 2 -2 4 5 -1 7 8 -7 10 11 -8 -12 -14
right_child=1 -3 -4 -5 -6 6 9 -9 -10 -11 12 -13 13 -15
leaf_value=-0.015458140118849382 -0.11873559786671065 -0.74890215199129462 0.37628465858023691 0.14577503722628787 -0.52991279120009294 -0.93496133464303233 -0.57368959414418841 1.1363314895200107 0.5218719167458693 0.042616980780534379 -0.22089270215339232 0.082198644358871212 0.15474074091455875 -0.0068492387640677948
leaf_weight=1029 50 126 53 144 45 46 205 139 64 1238 79 60 179 412
leaf_count=1029 50 126 53 144 45 46 205 139 64 1238 79 60 179 412
internal_value=0.000147287 -0.00613043 0.00201923 0.000543807 0.000223048 0.000460603 0.001461 0.00732 -0.00108108 0.000786569 -0.00176282 -0.0068797 0.000268256 0.001875
internal_weight=3869 229 103 3640 3496 3451 2422 249 110 2173 935 265 670 591
internal_count=3869 229 103 3640 3496 3451 2422 249 110 2173 935 265 670 591
is_linear=0
shrinkage=0.03


Tree=286
num_leaves=15
num_cat=0
split_feature=67 64 48 29 15 82 77 3 27 80 59 36 43 80
split_gain=8.40519 13.3961 9.91162 16.6966 11.4676 15.4258 11.295 13.0501 11.2492 10.8029 10.6003 10.3932 9.39093 13.3564
threshold=186.65129619313959 4.3434489844474236 -70.005078633626297 0.86707031535816215 25.500000000000004 -92.084950089454637 -266.05513942241663 9.6250000000000018 0.91741124850418843 243.51602375507358 216.71854937076571 0.16724941724941728 279.94920674835311 39.43435990810395
decision_type=8 10 10 10 2 10 10 2 10 10 10 10 10 10
left_child=2 -2 3 -1 6 8 7 -4 -6 -8 11 -5 13 -7
right_child=1 -3 4 10 5 12 9 -9 -10 -11 -12 -13 -14 -15
leaf_value=-0.6602027705646929 0.003994159481138908 0.57134375000547077 -0.18315916425630605 0.27285320615380176 -0.50370400268934556 0.40231481247656586 -0.30861060300691667 0.33770256385854286 0.036006143147505935 -0.78742748114206373 -0.26210408881340214 0.080983099772452216 -0.01244806158453945 0.027553071995167145
leaf_weight=73 2253 165 73 62 125 76 381 68 65 40 49 161 158 98
leaf_count=73 2253 165 73 62 125 76 381 68 65 40 49 161 158 98
internal_value=-8.57588e-05 0.000992146 -0.00190909 0.00251445 -0.00331797 -0.000114723 -0.00628774 0.00105634 -0.00691099 -0.00874408 0.00593407 0.00870536 0.00378378 0.00857143
internal_weight=3847 2418 1429 345 1084 522 562 141 190 421 272 223 332 174
internal_count=3847 2418 1429 345 1084 522 562 141 190 421 272 223 332 174
is_linear=0
shrinkage=0.03


Tree=287
num_leaves=15
num_cat=0
split_feature=25 36 62 42 81 72 63 42 56 29 63 77 81 62
split_gain=8.3295 10.2363 14.4408 13.0725 11.1223 12.5791 12.2609 10.8673 20.3582 11.8445 9.97934 9.07288 9.96337 8.86719
threshold=0.94258241758241768 0.10507913139492088 -0.0014180991972718479 92.553382396698012 8456.1572152376193 11.597105622291567 37.37844707045889 96.051825761795058 29.13625196615855 0.93142977757074663 26.973786161777859 -113.496964097023 10059.800442814829 0.048243444510703393
decision_type=8 8 8 10 10 10 8 10 10 10 8 10 10 10
left_child=1 2 -1 -4 5 -3 -7 8 10 -9 11 -6 -13 -2
right_child=13 4 3 -5 7 6 -8 9 -10 -11 -12 12 -14 -15
leaf_value=0.29687915814752724 0.054113896353006792 0.0073582900141399054 -0.1783077367108673 0.053155344078275928 0.026117301057458488 -0.56641728330155661 -0.01527548613973587 -0.97202106289343804 0.26993486907826975 0.10528830610634077 -0.55240251071867552 -1.3369635965064566 -0.0040586993704850374 -0.023319742479209003
leaf_weight=96 805 1830 67 58 129 69 100 102 128 42 60 50 40 278
leaf_count=96 805 1830 67 58 129 69 100 102 128 42 60 50 40 278
internal_value=0.000233463 -0.000638528 0.00554054 -0.00119048 -0.00117601 -0.000135 -0.00794118 -0.00494565 -0.00242647 -0.012 -0.00696429 -0.00395455 -0.0112088 0.0024631
internal_weight=3854 2771 221 125 2550 1999 169 551 407 144 279 219 90 1083
internal_count=3854 2771 221 125 2550 1999 169 551 407 144 279 219 90 1083
is_linear=0
shrinkage=0.03


Tree=288
num_leaves=15
num_cat=0
split_feature=13 81 42 32 35 38 79 31 28 77 70 29 31 35
split_gain=8.48068 8.09097 7.62467 8.59733 12.1184 14.3165 12.4677 14.626 11.9644 11.8402 9.67855 10.0188 9.48229 8.87409
threshold=90.000000000000014 26965.108477473263 -201.37121427059171 0.10435571687840291 25.114858156028372 4545.6710666402914 9.1077195764890035 15.781746031746035 165.50000000000003 40.936418890953071 0.81534090909090928 0.97830792396009791 16.218333333333337 14.030026455026457
decision_type=8 10 8 10 10 10 10 10 2 10 8 10 8 10
left_child=1 -1 -2 12 5 6 -5 9 -9 10 -8 13 -4 -12
right_child=2 -3 3 4 -6 -7 7 8 -10 -11 11 -13 -14 -15
leaf_value=0.032886184598352936 0.95816386104486184 -0.30219770982323679 0.18514950855762946 -0.18482933043904667 -0.37133056720406588 0.51219290861477806 0.87706314673570562 0.023085115494352292 -0.69409396074493901 -0.41573752541773262 -0.043933152489148419 0.25642367625906753 0.00020688424292473169 0.12713048452120745
leaf_weight=1427 70 49 75 766 85 61 43 75 110 40 294 60 528 152
leaf_count=1427 70 49 75 766 85 61 43 75 110 40 294 60 528 152
internal_value=-0.00011731 0.00166554 -0.00123305 -0.00153275 -0.00263189 -0.0020412 -0.0026087 7.74194e-05 -0.00725806 0.00238983 0.00354545 0.00236686 0.00153974 0.000805369
internal_weight=3835 1476 2359 2289 1686 1601 1540 774 185 589 549 506 603 446
internal_count=3835 1476 2359 2289 1686 1601 1540 774 185 589 549 506 603 446
is_linear=0
shrinkage=0.03


Tree=289
num_leaves=15
num_cat=0
split_feature=34 31 5 39 68 74 79 8 64 48 64 45 4 78
split_gain=7.43227 13.1273 9.47119 12.5822 10.1526 9.96556 10.3617 9.82094 13.3496 9.47777 15.3709 13.8002 9.08329 9.08242
threshold=0.2228132387706856 11.254700854700856 114.46132993698122 1163.7726434030544 -0.23783364607697818 1326.5881115314396 396.46469057803557 3.7184856092209198 4.0422364942224371 107.19344095389049 4.2851443425489268 10.500000000000002 9.5000000000000018 0.87500000000000011
decision_type=10 8 10 8 8 10 8 8 10 8 8 10 2 10
left_child=2 12 3 7 -5 6 -4 8 -1 11 -11 13 -2 -6
right_child=1 -3 5 4 9 -7 -8 -9 -10 10 -12 -13 -14 -15
leaf_value=0.19392809822767473 0.0050798240658205878 -0.11938016591846515 -0.02029722345750189 -0.22939297523407887 -0.018916180197242057 0.069162181931250288 -0.46347065398579546 0.97370569117351546 -0.11729962151154268 -0.34044580619503384 0.084869166804075205 -0.10074368337949047 1.287242039548087 0.12248277744416654
leaf_weight=127 1218 881 117 62 281 42 41 55 51 64 302 162 43 367
leaf_count=127 1218 881 117 62 281 42 41 55 51 64 302 162 43 367
internal_value=0.000133718 -0.00103593 0.00163278 0.00246603 0.00125908 -0.00447761 -0.00792453 0.00884615 0.00536313 0.00188615 0.00588556 7.39827e-05 0.0009271 0.0020339
internal_weight=3813 2142 1671 1471 1238 200 158 233 178 1176 366 810 1261 648
internal_count=3813 2142 1671 1471 1238 200 158 233 178 1176 366 810 1261 648
is_linear=0
shrinkage=0.03


Tree=290
num_leaves=15
num_cat=0
split_feature=36 37 28 8 3 39 35 29 17 82 67 74 82 33
split_gain=7.00681 12.3664 11.2363 12.9051 13.0164 11.2444 13.8779 14.4268 13.7472 12.7043 18.4912 11.1755 17.5631 10.9781
threshold=0.24482660196945913 2528.1613883500154 126.50000000000001 5.0528382209693143 11.041666666656967 1582.1982560240456 6.248682598039216 0.92669540229885061 39.500000000000007 101.73115599155427 91.261941711107909 46.913695152474382 62.50952736536663 13.948008534850642
decision_type=10 10 2 8 2 10 10 10 2 10 8 10 8 8
left_child=13 2 3 4 -2 6 7 -4 -9 -7 -11 -8 -13 -1
right_child=1 -3 5 -5 -6 9 11 8 -10 10 -12 12 -14 -15
leaf_value=0.16766811586582306 -0.58638335025508914 0.92840351467709059 0.18866329602275411 1.9546718199910644 0.26635572870337121 -0.21220212737764782 0.22674584760825808 -0.33195948403168324 0.030798279973805479 -0.3237295284528493 0.70692474530450322 -0.40094697908831883 0.18906853497309242 0.0035984683629296699
leaf_weight=290 42 44 120 40 121 755 319 145 67 52 139 124 91 1496
leaf_count=290 42 44 120 40 121 755 319 145 67 52 139 124 91 1496
internal_value=0.000304212 -0.00088835 -0.00123512 0.00544118 0.00164634 -0.00198566 0.000484429 -0.00432432 -0.00901408 -0.00424498 0.00265625 0.00347664 -0.00180556 0.00167879
internal_weight=3845 2059 2015 203 163 1812 866 332 212 946 191 534 215 1786
internal_count=3845 2059 2015 203 163 1812 866 332 212 946 191 534 215 1786
is_linear=0
shrinkage=0.03


Tree=291
num_leaves=15
num_cat=0
split_feature=77 39 16 16 15 8 77 8 77 7 16 31 56 77
split_gain=6.41582 12.8574 9.00084 8.38294 7.85219 7.83221 13.3474 18.8838 14.1131 10.4622 9.47774 9.39831 11.7223 9.0443
threshold=107.6919767856598 4636.8601474955876 1.0000000180025095e-35 50.500000000000007 9.5000000000000018 4.1116967280546719 11.347275078296663 0.81946440912161977 36.790439248085029 3187.6306130818925 41.500000000000007 11.469210526315793 120.50928016503654 -62.583481609821312
decision_type=10 10 2 2 2 10 10 10 10 10 2 8 8 10
left_child=2 4 -1 5 -2 6 9 -8 -9 10 -4 12 -7 -13
right_child=1 -3 3 -5 -6 11 7 8 -10 -11 -12 13 -14 -15
leaf_value=-0.36210426479923141 -0.084560080722572692 0.02536084918035527 -0.014551153951644835 0.098845569833201197 -0.71646986810820434 0.46114693406943541 -0.33926352721970959 2.3244307008107321 0.22081008001257205 -0.63301039728635689 -0.51677749358521485 0.018417429500471483 -0.289488262694025 -0.19759825164724246
leaf_weight=135 46 82 1690 73 54 251 50 57 83 80 74 831 71 289
leaf_count=135 46 82 1690 73 54 251 50 57 83 80 74 831 71 289
internal_value=-0.000418929 -0.00590164 -0.00014654 0.000143662 -0.0130693 -6.9025e-05 -0.00126781 0.00628272 0.0119149 -0.00204878 -0.00156374 0.00162162 0.00613003 0.000321142
internal_weight=3866 182 3684 3549 100 3476 2034 190 140 1844 1764 1442 322 1120
internal_count=3866 182 3684 3549 100 3476 2034 190 140 1844 1764 1442 322 1120
is_linear=0
shrinkage=0.03


Tree=292
num_leaves=15
num_cat=0
split_feature=77 83 28 36 28 65 66 69 68 66 77 42 7 15
split_gain=7.15401 15.894 9.67298 10.0569 9.66257 9.27097 14.9064 13.3887 13.7186 13.0211 10.6147 11.0911 11.49 12.7358
threshold=-244.4408195018768 -2.422505140304565 237.50000000000003 0.1720302152317881 171.50000000000003 1.1683551765611404 -96.623912572860704 -222.05656469284932 -0.21505974883563392 -296.94888293743128 -212.41224920749661 -20.119911670684811 2411.9034316905077 15.500000000000002
decision_type=8 10 2 8 2 10 10 8 8 10 8 8 10 2
left_child=1 2 3 -1 -3 7 9 -2 -9 -7 -10 12 13 -12
right_child=5 4 -4 -5 -6 6 -8 8 10 -11 11 -13 -14 -15
leaf_value=-0.014821578812881285 0.22738055934005386 0.54447279431892237 0.18383301354244885 -0.49733746481632662 -0.01858106721734927 -0.32922834569410581 -0.8218970223810006 -0.27374285297843726 0.27882854635792825 0.38499247234377559 -0.018536537783214943 0.016216084980874734 -0.10694833163353638 0.32141255723895334
leaf_weight=111 201 67 41 181 131 41 61 57 151 45 164 2068 444 51
leaf_count=111 201 67 41 181 131 41 61 57 151 45 164 2068 444 51
internal_value=0.000125819 -0.0031015 -0.00709581 -0.00901024 0.00361809 0.000648599 -0.00668919 0.000994581 0.000480245 0.00137931 0.000771101 0.000340909 -0.00304545 0.00263889
internal_weight=3814 531 333 292 198 3283 147 3136 2935 86 2878 2727 659 215
internal_count=3814 531 333 292 198 3283 147 3136 2935 86 2878 2727 659 215
is_linear=0
shrinkage=0.03


Tree=293
num_leaves=15
num_cat=0
split_feature=1 5 85 27 25 26 77 85 26 83 36 45 27 72
split_gain=8.92744 11.0896 9.02454 8.12991 8.42823 8.33141 8.08746 10.2453 9.47672 9.10117 9.39652 8.23582 7.95719 7.91252
threshold=659.08346462249767 2.9783738851547246 198.05423804124197 0.88107024988213112 0.9652147610405325 116.50000000000001 -286.18455314636225 -115.58988815546034 103.50000000000001 -276.05645096302027 0.21235981865903128 5.5000000000000009 0.91974706272688256 39.07595098018647
decision_type=2 10 10 10 10 2 8 10 2 8 8 10 10 10
left_child=1 12 6 -4 5 -5 7 -3 -9 -8 11 -11 -1 -12
right_child=-2 2 3 4 -6 -7 9 8 -10 10 13 -13 -14 -15
leaf_value=0.060489573312113437 -0.01448956813409758 -0.47756023335741743 -0.22811444363066333 2.1791314347214699 0.0541732672106243 0.36064169515561556 0.11043008568806467 0.41080684279215568 -0.25459900202112601 -0.42367238191988726 -0.0063686393674372253 0.09141326636569741 0.99779168455873246 -0.61332090898404346
leaf_weight=67 2186 41 40 44 42 41 40 43 54 41 744 280 89 50
leaf_count=67 2186 41 40 44 42 41 40 43 54 41 744 280 89 50
internal_value=-9.46621e-05 0.00159555 0.000780287 0.00732143 0.0110156 0.0163953 -6.95518e-05 -0.00690647 -0.00153061 0.000752595 0.000241935 0.00456522 0.00917197 -0.00150943
internal_weight=3802 1616 1460 167 127 85 1293 138 97 1155 1115 321 156 794
internal_count=3802 1616 1460 167 127 85 1293 138 97 1155 1115 321 156 794
is_linear=0
shrinkage=0.03


Tree=294
num_leaves=15
num_cat=0
split_feature=71 27 42 9 84 33 3 35 7 27 68 16 54 73
split_gain=7.13762 8.0459 10.6218 14.2025 11.2504 12.3059 12.1861 10.6358 11.3028 11.6592 12.5163 11.3468 8.95547 8.47591
threshold=13.500000000000002 0.96828988005458605 349.24989867210394 870.00000000000011 -44.534590164820351 9.1543831168831193 16.125000000000004 21.485651629072688 3111.8267190061965 0.94134846921224635 0.070487915765559586 14.500000000000002 1710.0000000000002 7.5715981721878061
decision_type=8 10 10 2 8 8 2 10 10 10 10 2 10 10
left_child=1 2 3 4 5 -1 13 8 9 10 -8 -10 -3 -6
right_child=-2 12 -4 -5 6 -7 7 -9 11 -11 -12 -13 -14 -15
leaf_value=0.32774715729981713 0.01914762882448855 -0.2542327386290732 -0.26493784400393844 0.65104129958725909 -0.054475809639987598 -0.17685742737351204 0.018786011993028352 -0.18525980954754115 1.0975304515472182 -0.6330799400605206 0.27192467075208643 0.1531451710559105 0.030548566762252347 0.11757412443229193
leaf_weight=59 1781 114 78 53 693 338 160 44 81 48 60 79 40 170
leaf_count=59 1781 114 78 53 693 338 160 44 81 48 60 79 40 170
internal_value=4.73809e-05 -0.00117443 -0.000627682 -0.000151176 -0.000623197 -0.00505025 0.000696108 0.0045666 0.00601399 0.00223048 0.00515837 0.0122981 -0.00774194 -0.00142361
internal_weight=3798 2017 1863 1785 1732 397 1335 472 428 268 220 160 154 863
internal_count=3798 2017 1863 1785 1732 397 1335 472 428 268 220 160 154 863
is_linear=0
shrinkage=0.03


Tree=295
num_leaves=15
num_cat=0
split_feature=1 16 82 82 57 39 14 4 25 65 85 16 56 27
split_gain=8.08844 11.9822 9.9016 9.89825 12.6424 9.89795 8.75928 15.4958 9.86392 8.50912 8.42973 8.10972 7.88882 7.6128
threshold=743.82469952106487 15.500000000000002 -164.44167923927304 -60.66789257526397 6.5000000000000009 115.4020506652742 803.86820059012734 8.5000000000000018 0.91507392715470626 1.1238133060571989 -87.620358983675615 40.500000000000007 379.69196009635931 0.90639602803738328
decision_type=2 2 8 8 10 10 8 2 8 10 10 2 10 10
left_child=2 -2 -1 4 -4 -5 12 8 -8 10 -6 -3 -7 -12
right_child=1 11 3 5 9 6 7 -9 -10 -11 13 -13 -14 -15
leaf_value=0.1589758967815558 -0.33280814604752951 0.13018400127318175 0.26700229013513532 -0.16385074773348557 -0.59296321496086601 0.0085276075730188246 -0.080762403261071647 0.94931721503696564 0.21976463093336604 0.20956230465018891 0.11422788118200129 -0.16653088204215585 -0.26676567061859036 -0.16868821232997827
leaf_weight=62 161 148 52 84 104 2671 106 60 101 40 76 57 46 71
leaf_count=62 161 148 52 84 104 2671 106 60 101 40 76 57 46 71
internal_value=0.000148437 -0.00408719 0.000595855 0.000378077 -0.00444767 0.000918866 0.00120603 0.0063806 0.00245192 -0.00688356 -0.00892857 0.000728155 0.000695364 -0.00425676
internal_weight=3839 366 3473 3411 343 3068 2984 267 207 291 251 205 2717 147
internal_count=3839 366 3473 3411 343 3068 2984 267 207 291 251 205 2717 147
is_linear=0
shrinkage=0.03


Tree=296
num_leaves=15
num_cat=0
split_feature=82 39 75 62 62 79 79 60 20 41 43 24 68 82
split_gain=10.4491 9.50222 14.9933 10.8368 11.6392 14.0385 16.4005 13.7297 14.4107 13.4617 11.8482 11.1743 11.0292 11.6876
threshold=-150.37561261653897 131.7173984266681 2038.1435635089877 -0.12141781434491902 -0.18106303692705703 321.64098502364351 10.724888020592759 2.9600795507431035 239.08346462249759 -70.736657738685594 291.38688772827015 30.500000000000004 -0.10548856585028757 -72.655928909778581
decision_type=8 10 8 10 8 10 10 10 10 8 10 2 8 8
left_child=-1 2 -2 4 7 6 9 8 11 -6 -9 -3 -5 -14
right_child=1 3 -4 12 5 -7 -8 10 -10 -11 -12 -13 13 -15
leaf_value=0.11284080133532728 0.014736498500970079 -0.29768406179659085 -0.31307022187526717 -0.40411465426645687 0.3999074455589593 -0.035383081741828248 0.20099447016858107 -0.68915600988942549 0.49745399370943599 -0.0015129011454607089 -0.06604299411950218 0.090336303405279275 -0.30970562836751353 0.00028391873587139569
leaf_weight=140 86 72 78 121 99 57 385 67 41 590 74 102 192 1703
leaf_count=140 86 72 78 121 99 57 385 67 41 590 74 102 192 1703
internal_value=7.09034e-05 -0.000237186 -0.00727273 9.41781e-05 0.00203629 0.00352473 0.00429767 -0.00268908 0.00208333 0.00152174 -0.00992958 -0.00171429 -0.00133862 -0.000775316
internal_weight=3807 3667 164 3503 1487 1131 1074 356 215 689 141 174 2016 1895
internal_count=3807 3667 164 3503 1487 1131 1074 356 215 689 141 174 2016 1895
is_linear=0
shrinkage=0.03


Tree=297
num_leaves=15
num_cat=0
split_feature=77 54 79 83 63 66 23 1 62 27 37 28 38 83
split_gain=6.26528 10.7806 14.0363 9.94943 13.4762 9.442 8.32394 8.32264 11.2412 8.02171 15.9456 11.1606 10.348 12.3221
threshold=-244.4408195018768 750.00000000000011 7.0331081908637367 114.32852864265443 -152.15357090911877 101.5181646347046 3.075762271881104 701.84361076354992 0.12976021255896378 0.96828988005458605 267.05819168824945 118.50000000000001 1767.102455325796 -123.05861818790434
decision_type=8 8 10 10 10 10 10 2 10 10 8 2 8 8
left_child=1 2 -1 9 -5 -6 -4 8 -3 10 -2 -12 13 -13
right_child=3 7 6 4 5 -7 -8 -9 -10 -11 11 12 -14 -15
leaf_value=-0.22018852305335626 0.41089576652641246 -0.40134802533110153 -0.0040489517430347633 0.052887357555965055 -0.40291105540855915 0.039273900809278499 0.39073354292898149 -0.0015926552349981753 0.061592985850808329 -0.036924488589611511 0.22719813590680218 0.14270172526403854 0.01604257426707182 -0.16146251232199049
leaf_weight=68 136 136 73 187 124 41 98 111 42 398 47 58 2070 242
leaf_count=68 136 136 73 187 124 41 98 111 42 398 47 58 2070 242
internal_value=0.00019572 -0.00283554 0.001875 0.000680993 -0.00407932 -0.0103012 0.00645349 -0.00672414 -0.0107263 0.00125 0.00186766 0.00130273 0.00101223 -0.00418605
internal_weight=3831 528 239 3303 352 165 171 289 178 2951 2553 2417 2370 300
internal_count=3831 528 239 3303 352 165 171 289 178 2951 2553 2417 2370 300
is_linear=0
shrinkage=0.03


Tree=298
num_leaves=15
num_cat=0
split_feature=61 35 52 77 29 65 79 66 25 69 81 77 85 68
split_gain=8.58016 8.31368 12.9277 12.0489 7.73139 6.61829 11.204 10.1563 6.8755 18.442 13.0419 16.1973 12.4942 13.7763
threshold=0.013577608716249542 17.39231761238025 14.443997621536257 -192.25392317771909 0.8784788557856148 1.1683551765611404 6.1569512499938215 -54.278324246406548 0.93377192982456159 -86.718068020225431 4632.2083827257165 -292.55850327014917 165.59136895338696 0.016010125256051781
decision_type=8 10 10 10 10 10 10 10 8 8 10 10 10 10
left_child=1 2 -1 -4 -3 8 -7 -8 10 -10 12 -12 -2 -14
right_child=5 4 3 -5 -6 6 7 -9 9 -11 11 -13 13 -15
leaf_value=-0.18652964895600563 0.00095065094783578267 0.0032940964472288671 -0.01292873909729228 0.40775520754978417 1.3908064728366438 -0.60963876702058573 0.21916208371322099 -0.71566666246381361 0.30872730881971305 -0.00020587605421710009 0.26377741077190137 -0.15811237683324247 -0.09535249049807 1.5291541165236957
leaf_weight=64 1103 43 119 116 56 42 67 40 194 889 83 902 40 64
leaf_count=64 1103 43 119 116 56 42 67 40 194 889 83 902 40 64
internal_value=4.70834e-05 0.00421053 0.0017 0.00495763 0.0117 -0.000437956 -0.0066 -0.00138889 -0.000155678 0.00179889 -0.00112175 -0.00368154 0.000968543 0.0108571
internal_weight=3822 398 299 235 99 3424 149 107 3275 1083 2192 985 1207 104
internal_count=3822 398 299 235 99 3424 149 107 3275 1083 2192 985 1207 104
is_linear=0
shrinkage=0.03


Tree=299
num_leaves=15
num_cat=0
split_feature=30 56 37 40 73 64 41 41 24 7 43 28 28 82
split_gain=8.27435 11.9421 11.8213 10.3843 11.638 9.07959 7.46544 11.4673 10.8661 16.7781 10.7906 11.5523 11.4438 9.40003
threshold=25.250000000000004 -48.874988794326775 1309.8384729594197 17.842533960123905 85.448558449745192 4.1350097637415333 -72.576890349388108 45.230598330497749 43.500000000000007 4820.0446168914123 569.51409323227188 201.50000000000003 209.50000000000003 1.2898137569427492
decision_type=10 8 8 10 8 10 8 8 2 10 10 2 2 10
left_child=3 5 -3 4 -1 -2 10 -8 -9 -10 11 13 -12 -5
right_child=1 2 -4 6 -6 -7 7 8 9 -11 12 -13 -14 -15
leaf_value=-0.036711829872999681 -1.0623922477631365 -0.29859315289184402 0.0032293448808968514 -0.10657329653368336 -0.67679684064227796 -0.010837387934260886 -0.017985474035666797 0.108695026340019 -0.32902791702109202 0.57870939619489947 0.070470480426576818 0.42879008335367552 -0.44493131439442324 0.17998640123355408
leaf_weight=133 61 118 737 80 42 69 907 1006 243 41 84 135 64 94
leaf_count=133 61 118 737 80 42 69 907 1006 243 41 84 135 64 94
internal_value=0.000267366 -0.00209939 -0.000806075 0.00109187 -0.00596591 -0.0105344 0.00155932 0.000832575 0.00264911 -0.00252632 0.00504367 0.00822581 -0.00161074 0.00308571
internal_weight=3814 985 855 2829 175 130 2654 2197 1290 284 457 309 148 174
internal_count=3814 985 855 2829 175 130 2654 2197 1290 284 457 309 148 174
is_linear=0
shrinkage=0.03


Tree=300
num_leaves=15
num_cat=0
split_feature=77 60 79 37 3 8 17 8 60 34 82 48 31 69
split_gain=9.80577 13.7112 12.1922 10.8394 8.33848 15.8954 19.0088 11.9049 11.6133 13.572 12.28 13.2736 11.6111 12.5499
threshold=-286.91039746999735 120.10908091068269 7.0331081908637367 1416.3581026493232 15.625000000000002 3.8732310360510218 27.500000000000004 0.23344435680317646 80.800451397895827 0.23310502283105025 22.414097110430401 -48.872342427571603 25.61964285714286 209.27316348988333
decision_type=8 10 10 10 2 10 2 8 10 8 10 10 10 10
left_child=1 2 -1 -4 7 8 -7 -2 10 -10 -6 -12 13 -8
right_child=4 -3 3 -5 5 6 12 -9 9 -11 11 -13 -14 -15
leaf_value=-0.26762408118656805 0.2308518374736325 -0.85589835933763991 0.12765930078480361 -0.061779717739209462 0.0023684305480644596 0.72511293788632392 0.022919527512777739 -0.0066344550870243435 -0.29792288220525037 0.15273737970398957 0.049527547861441014 -0.61820605468420409 -0.44226083261090576 0.53504807395680287
leaf_weight=47 121 54 112 94 263 182 306 2125 53 230 44 122 55 86
leaf_count=47 121 54 112 94 263 182 306 2125 53 230 44 122 55 86
internal_value=0.000169448 -0.00496753 -0.00200787 0.00115942 0.000610368 0.00248137 0.00595238 -0.000507343 -0.00058906 0.00411972 -0.00369767 -0.0100599 0.00261161 0.00442748
internal_weight=3894 307 253 206 3587 1341 629 2246 712 283 429 166 447 392
internal_count=3894 307 253 206 3587 1341 629 2246 712 283 429 166 447 392
is_linear=0
shrinkage=0.03


Tree=301
num_leaves=15
num_cat=0
split_feature=43 4 40 50 31 77 70 41 77 35 31 26 0 0
split_gain=8.28935 13.1218 11.2525 15.7662 10.378 10.5354 10.3724 10.3497 14.8295 10.2973 9.33974 8.99178 8.78847 14.4678
threshold=576.83658492047391 7.5000000000000009 1231.4083856288883 61.972092390060432 29.552777777777781 -251.29376238584516 0.93095238095238109 -72.576890349388108 -84.791746497154222 19.22811550151976 8.2190909090909106 66.500000000000014 100.50000000000001 15.500000000000002
decision_type=8 2 10 10 10 8 10 10 8 10 10 2 2 2
left_child=7 2 9 -4 5 -3 11 8 10 -2 -1 -5 13 -7
right_child=1 4 3 6 -6 12 -8 -9 -10 -11 -12 -13 -14 -15
leaf_value=-0.086762426914780796 -0.11645470309414178 -0.47542004727623577 0.19443527782858822 -0.016914775385916448 -0.30752538508243926 0.021110764180675971 -0.71812563261150897 0.003274208829376317 0.61413391398448081 -0.55930946140313986 0.10904844647276306 0.020833249059557489 0.5264266416700536 -0.36143790931180436
leaf_weight=99 241 43 50 121 57 256 87 2176 153 62 152 111 197 45
leaf_count=99 241 43 50 121 57 256 87 2176 153 62 152 111 197 45
internal_value=-4.67411e-05 -0.0020299 -0.00490342 -0.00137838 0.001202 0.00249077 -0.00384375 0.000929872 0.00533333 -0.00917763 0.000833333 -0.000515021 0.00372745 0.000496689
internal_weight=3850 1270 672 369 598 541 319 2580 404 303 251 232 498 301
internal_count=3850 1270 672 369 598 541 319 2580 404 303 251 232 498 301
is_linear=0
shrinkage=0.03


Tree=302
num_leaves=15
num_cat=0
split_feature=64 37 71 77 25 84 79 64 3 61 41 79 68 41
split_gain=7.84963 14.5313 13.9182 11.0047 13.2133 12.6168 10.0709 11.3064 11.4869 9.87946 9.67809 10.6621 10.6519 9.4299
threshold=4.3148947322195417 850.1750031308942 13.500000000000002 -251.29376238584516 0.91331186258722497 -67.569088697433457 75.100698281818779 5.679453871472357 15.625000000000002 0.092686849826453518 23.587893605232242 12.66762391127704 -0.06287171498902018 130.54069435596469
decision_type=8 8 10 8 10 8 10 10 2 10 8 8 10 10
left_child=1 -1 6 -4 5 9 7 -2 -9 -5 12 -12 -7 -8
right_child=2 -3 3 4 -6 10 13 8 -10 -11 11 -13 -14 -15
leaf_value=-0.71710420431553989 0.0052945533867050894 -0.019731867085134098 -0.077310008233850883 0.67328367686695045 0.26931345863689804 0.1561572143789651 -0.016495129215344094 -0.8747972621349992 0.031881357209042276 0.22998561127643061 -0.30975620689725458 -0.0091315119512171798 -0.13099089994947505 -0.62746080504373136
leaf_weight=51 1495 942 106 41 392 131 130 126 65 50 43 175 65 43
leaf_count=51 1495 942 106 41 392 131 130 126 65 50 43 175 65 43
internal_value=-0.000147822 -0.00244467 0.000649668 0.00349602 0.00457684 0.00136364 -0.000887097 -0.00017783 -0.00703125 0.011413 -0.00086747 -0.00520548 0.00395939 -0.00775862
internal_weight=3855 993 2862 1003 897 505 1859 1686 191 91 414 218 196 173
internal_count=3855 993 2862 1003 897 505 1859 1686 191 91 414 218 196 173
is_linear=0
shrinkage=0.03


Tree=303
num_leaves=15
num_cat=0
split_feature=7 77 82 29 74 82 28 28 63 14 22 35 22 35
split_gain=10.4144 7.53003 7.51444 8.67156 8.12891 9.16864 7.76333 8.04505 6.88214 6.64005 9.99475 11.2129 10.887 11.1107
threshold=5195.1445863448107 -62.583481609821312 -164.44167923927304 0.88075158786167973 2445.040148583158 -129.07393074035642 485.00000000000006 447.50000000000006 -85.194037222007495 460.7434080897375 0.81920826435089122 0.43547641073080484 8.1502711772918719 6.5183492999263093
decision_type=10 10 8 10 10 8 2 2 10 8 2 10 2 10
left_child=2 -2 3 -1 5 8 7 9 -4 -7 -11 -12 13 -13
right_child=1 -3 4 -5 -6 6 -8 -9 -10 10 11 12 -14 -15
leaf_value=-0.008419080061836972 0.58080976730645362 0.0026703652831641289 -0.024782324473629911 0.43356522562407268 -0.1102873160489995 0.0083461242605422283 -0.68020818130438399 0.059636019801742025 -0.66930563135403065 -0.38013494033774858 0.10015467180917587 -0.47990659971458993 -0.093167845408045055 0.016588348348721995
leaf_weight=44 76 99 42 60 122 2308 40 40 43 74 125 59 243 473
leaf_count=44 76 99 42 60 122 2308 40 40 43 74 125 59 243 473
internal_value=-0.000140296 0.00698864 -0.000481764 0.00742857 -0.000714286 -0.000443735 -0.000196253 -3.61119e-05 -0.0101163 -0.000201036 -0.00227692 -0.00139845 -0.00274485 -0.000337711
internal_weight=3848 175 3673 104 3569 3447 3362 3322 85 3282 974 900 775 532
internal_count=3848 175 3673 104 3569 3447 3362 3322 85 3282 974 900 775 532
is_linear=0
shrinkage=0.03


Tree=304
num_leaves=15
num_cat=0
split_feature=80 83 33 3 77 64 3 80 36 85 14 85 64 69
split_gain=5.95295 12.5719 7.43219 6.62993 10.4149 15.2632 10.6224 8.5092 6.66594 6.38754 8.12313 7.24383 12.9019 12.6693
threshold=-196.27006793022153 -147.18204820156095 12.579655172413794 20.875000000000004 34.022626459598548 6.2325478309380182 23.125000000000004 120.73725020885469 0.18210405946255007 243.34518559773764 378.1611256061833 -25.279912968476609 5.8150853056200651 -83.012638532266948
decision_type=8 10 10 2 8 8 2 8 10 10 10 8 10 10
left_child=1 2 -1 9 6 -6 7 8 -5 11 -11 12 13 -2
right_child=3 -3 -4 4 5 -7 -8 -9 -10 10 -12 -13 -14 -15
leaf_value=0.14002447656861869 0.01555671226443082 -0.058054973920373211 0.90492244018823453 0.23921735808206876 -0.55499353410207386 0.2652751864337391 -0.045319938129122259 2.2311185811716308 -0.10759953563363664 -0.0019014589167831986 -0.767995198588594 0.0031474152740639028 -1.7732010376023641 -0.25249389231408864
leaf_weight=41 480 40 44 55 47 74 78 65 60 90 82 2347 58 277
leaf_count=41 480 40 44 55 47 74 78 65 60 90 82 2347 58 277
internal_value=1.56291e-05 0.00642857 0.012907 -0.000201939 0.00355263 -0.00368852 0.00694981 0.0109392 0.00594828 -0.000629685 -0.00624277 -0.000322479 -0.00275735 -0.00170185
internal_weight=3838 125 85 3713 379 121 258 180 115 3334 172 3162 815 757
internal_count=3838 125 85 3713 379 121 258 180 115 3334 172 3162 815 757
is_linear=0
shrinkage=0.03


Tree=305
num_leaves=15
num_cat=0
split_feature=1 14 14 71 43 14 16 79 79 3 84 40 70 27
split_gain=9.96464 11.3469 12.6865 12.653 14.4954 11.8116 11.3788 9.5139 9.45195 8.40113 9.93421 9.10244 12.219 12.192
threshold=666.52870881557476 360.21335510520356 300.22566295837902 10.500000000000002 218.0970712858788 402.00175549596088 14.500000000000002 3.5186774632490434 7.3399682214203592 8.4583333333430364 -29.401357928911839 577.44022917604013 0.93933823529411775 0.88648078725398316
decision_type=2 10 10 8 10 10 2 8 10 2 10 10 10 10
left_child=1 2 3 4 -1 6 -3 -7 -8 10 -9 -11 13 -13
right_child=-2 5 -4 -5 -6 7 8 9 -10 11 -12 12 -14 -15
leaf_value=-0.38476382883582205 -0.027800835995695685 0.87706242984680216 -0.059128223755261611 0.061150501602537814 0.065892796011088689 0.59308280628583177 0.094167482926060239 0.15361785679190457 -0.1312914899806765 0.098758598868422781 -0.097878603882283241 -0.057733197438882708 -0.50616607767099897 0.63979652777809481
leaf_weight=113 1375 100 379 716 128 40 68 162 60 303 47 98 126 62
leaf_count=113 1375 100 379 716 128 40 68 162 60 303 47 98 126 62
internal_value=0.000182636 0.00134831 -0.000493642 0.00134656 -0.00458678 0.00365511 0.00969432 0.00200238 0.00372093 0.0012766 0.00642857 -0.000559322 -0.00439024 0.00111801
internal_weight=3777 2402 1336 957 241 1066 228 838 128 798 209 589 286 160
internal_count=3777 2402 1336 957 241 1066 228 838 128 798 209 589 286 160
is_linear=0
shrinkage=0.03


Tree=306
num_leaves=15
num_cat=0
split_feature=0 4 83 15 78 71 28 29 34 44 1 43 0 77
split_gain=7.58408 7.63374 14.2722 9.4559 9.48255 10.0064 20.2234 12.637 12.5042 11.2394 10.2823 9.22492 7.09395 11.4579
threshold=435.00000000000006 8.5000000000000018 -157.75662386417386 35.500000000000007 0.70833333333333337 8.5000000000000018 177.50000000000003 0.89763239002521722 0.28966437833714725 135.51168322563174 643.1989827156068 336.80642255753133 -36.499999999999993 -183.1619641780853
decision_type=2 2 8 2 8 8 2 10 10 8 2 10 2 8
left_child=1 12 -3 4 -4 6 11 8 10 -9 -7 -6 13 -1
right_child=-2 2 3 -5 5 7 -8 9 -10 -11 -12 -13 -14 -15
leaf_value=0.030049438080210534 1.4518995813582092 0.91383969770978224 -0.11629520073275855 -0.13081857368481137 -0.08076462353486441 0.47548280336587628 -0.42186646010064155 0.61024000076491669 -0.29062336490022878 0.021220632260752961 0.022606534569100604 0.57088405563894107 0.0010408168161714392 -0.17273381756934711
leaf_weight=153 40 48 76 112 47 47 70 188 55 74 133 40 2349 391
leaf_count=153 40 48 76 112 47 47 70 188 55 74 133 40 2349 391
internal_value=0.000337343 0.000198203 0.00262626 0.00170819 0.00295486 0.00412214 -0.00246835 0.00620482 0.00114407 0.0107224 0.00497238 0.00715909 -0.000549413 -0.00363303
internal_weight=3823 3783 890 842 730 654 157 497 235 262 180 87 2893 544
internal_count=3823 3783 890 842 730 654 157 497 235 262 180 87 2893 544
is_linear=0
shrinkage=0.03


Tree=307
num_leaves=15
num_cat=0
split_feature=50 60 34 27 29 41 43 54 3 19 39 85 39 27
split_gain=8.17792 7.56025 10.3496 9.27032 12.4225 13.9927 12.2494 10.1103 9.7944 7.92349 8.49389 13.7148 12.2927 7.88944
threshold=3164.9433181285863 493.56062042713171 0.039230769230769243 0.9842509920634922 0.90985365510448191 -121.0036220550537 350.26776394730342 3090.0000000000005 19.541666666656969 510.00000000000006 1493.2433538745202 31.475384712219242 639.30170232205762 0.99449813693525868
decision_type=10 8 8 10 10 10 10 10 2 10 10 10 10 10
left_child=1 2 -1 4 9 -6 8 -5 -7 10 11 12 -3 -4
right_child=-2 3 13 7 5 6 -8 -9 -10 -11 -12 -13 -14 -15
leaf_value=0.24051494746776217 -0.21272360118349076 0.251106946975171 -0.014535264351637664 -0.27606709223672249 1.4077501915557882 0.46568796569702525 -0.13945382876733795 0.32541996751366697 -0.15305721910384038 -0.29720824847000388 0.026098706293107111 -0.82334030980945105 -0.14405004426142384 0.072847942718796507
leaf_weight=56 102 58 2496 157 60 177 78 74 46 41 331 43 76 40
leaf_count=56 102 58 2496 157 60 177 78 74 46 41 331 43 76 40
internal_value=-0.000398853 -0.00016872 -0.0010644 0.00186515 0.00322722 0.00754144 0.00486755 -0.00349138 0.0084375 0.000381818 0.00141454 -0.0038764 0.000888889 -0.00134805
internal_weight=3835 3733 2592 1141 910 361 301 231 223 549 508 177 134 2536
internal_count=3835 3733 2592 1141 910 361 301 231 223 549 508 177 134 2536
is_linear=0
shrinkage=0.03


Tree=308
num_leaves=15
num_cat=0
split_feature=73 41 61 81 41 17 17 81 68 38 17 81 56 27
split_gain=9.59678 8.46173 10.1561 10.6887 16.0609 11.7188 13.9038 16.405 11.884 11.2098 11.1622 10.3766 16.6151 11.5594
threshold=-25.306929588317868 43.823863863945014 0.023442666875573889 4536.5667403936395 82.143619298934951 44.000000000000007 24.500000000000004 3760.1464006900792 0.039853671532549408 3391.9440655901521 44.000000000000007 4022.8917257785802 100.40426564216615 0.90821007302003387
decision_type=8 8 10 10 10 2 2 10 8 10 2 10 10 10
left_child=-1 -2 11 5 -5 6 -4 8 -8 10 -6 -3 13 -13
right_child=1 2 3 4 9 -7 7 -9 -10 -11 -12 12 -14 -15
leaf_value=0.10106026887931842 -0.027158013246272539 0.0024763436370994363 -0.036259172131824946 0.16253474402123252 -0.67841020709022104 -0.28370948267599155 -0.35678039654190213 1.3032709880893678 0.4077593567379364 0.0073155211128414516 0.18345458417179636 0.10285587546493763 0.027888924790190579 1.9275930650480209
leaf_weight=154 1764 440 222 127 222 117 84 78 106 107 48 62 163 75
leaf_count=154 1764 440 222 127 222 117 84 78 106 107 48 62 163 75
internal_value=-0.000342175 -0.00065542 0.000761339 -0.00105216 -0.00427723 0.00162829 0.00366599 0.00825279 0.0034555 -0.00738095 -0.0106273 0.00348178 0.00777409 0.0154348
internal_weight=3769 3615 1851 1111 504 607 490 268 190 377 270 740 300 137
internal_count=3769 3615 1851 1111 504 607 490 268 190 377 270 740 300 137
is_linear=0
shrinkage=0.03


Tree=309
num_leaves=15
num_cat=0
split_feature=81 29 16 81 25 81 77 3 64 77 38 16 0 43
split_gain=8.59553 15.0527 18.1789 11.6358 10.8389 15.211 14.5295 11.8624 14.413 12.4395 12.3612 12.6241 15.95 11.7732
threshold=4577.3540856838235 0.93313432571012911 34.500000000000007 4062.2148548364644 0.97315315315315332 4937.5465606451044 15.967813551425936 15.708333333343036 4.1685807728831863 -161.10244762897489 4070.384461866784 5.5000000000000009 -56.499999999999993 551.10462312799984
decision_type=8 10 2 10 8 8 10 2 10 10 10 2 2 8
left_child=1 2 -1 -3 5 -2 7 9 -9 -7 11 -11 -13 -6
right_child=4 3 -4 -5 13 6 -8 8 -10 10 -12 12 -14 -15
leaf_value=0.14882843627147407 -0.52627363112091174 -0.38516841617567749 -0.15739745198195051 0.43898224482829729 0.16158321062473072 -0.013403557735085916 0.075998765282872999 -0.011462604060407245 0.08285771545044536 -1.7955906070215266 0.10645630645051697 -1.4378114147777348 -0.11700218829148819 -0.030282664765060488
leaf_weight=682 123 132 91 58 354 738 401 497 186 73 53 54 212 171
leaf_count=682 123 132 91 58 354 738 401 497 186 73 53 54 212 171
internal_value=7.05698e-05 0.00252075 0.00437984 -0.00502618 -0.000754453 -0.0016296 -0.00105643 -0.00219956 0.000921053 -0.00408488 -0.00839695 -0.0105 -0.00741573 0.00313688
internal_weight=3825 963 773 190 2862 2337 2214 1813 683 1130 392 339 266 525
internal_count=3825 963 773 190 2862 2337 2214 1813 683 1130 392 339 266 525
is_linear=0
shrinkage=0.03


Tree=310
num_leaves=15
num_cat=0
split_feature=80 29 52 33 20 72 72 72 9 29 40 29 28 26
split_gain=8.14765 12.7155 14.7009 18.9819 12.9981 8.79092 7.90901 11.799 9.4894 8.92888 16.3116 13.8644 9.43681 12.035
threshold=85.216893911361709 0.95761545572971396 77.806914567947402 1.0000000180025095e-35 119.08346462249757 18.592788219451908 -96.256320357322679 -108.95578694343565 150.00000000000003 0.93761446886446898 773.27383372199574 0.96300322061191634 152.50000000000003 105.50000000000001
decision_type=10 10 10 8 10 10 8 10 2 8 10 10 2 2
left_child=6 2 5 -4 -3 -2 7 8 -1 12 -11 -12 -8 -14
right_child=1 4 3 -5 -6 -7 9 -9 -10 10 11 -13 13 -15
leaf_value=0.13779623742323294 0.24508555608291893 -0.7956846529120869 0.8856091475784571 -0.11023740873517084 0.090429090438295959 -0.07919949959723005 0.009161423484860232 0.46526229811419229 -0.051367856544708927 -0.014988561005376369 1.0822869237863371 -0.2922097461932528 -0.15267552842249202 -0.010796245157680566
leaf_weight=83 382 77 46 286 49 42 451 45 142 459 94 43 723 860
leaf_count=83 382 77 46 286 49 42 451 45 142 459 94 43 723 860
internal_value=-0.000348929 0.00217441 0.00364597 -0.00108108 -0.00661417 0.00734118 -0.00111686 0.00376384 0.000929204 -0.00161916 0.00160804 0.0106522 -0.00256511 -0.0036553
internal_weight=3782 882 756 332 126 424 2900 270 225 2630 596 137 2034 1583
internal_count=3782 882 756 332 126 424 2900 270 225 2630 596 137 2034 1583
is_linear=0
shrinkage=0.03


Tree=311
num_leaves=15
num_cat=0
split_feature=81 68 39 25 65 5 34 28 68 71 81 4 66 27
split_gain=7.77311 10.5832 7.352 9.77775 6.29343 15.1037 9.25528 6.88531 12.141 13.3979 11.9679 11.8677 10.0654 14.7426
threshold=2810.9470167160039 -0.093572437466168057 826.93046668402951 0.93166251556662527 0.80692708644322064 45.726701140403755 0.28669275929549903 241.50000000000003 0.026890010693932955 9.5000000000000018 4368.5585507154474 8.5000000000000018 217.23979473114017 0.92963248239436636
decision_type=8 10 10 10 8 10 8 2 8 10 8 2 8 10
left_child=1 -1 -3 -4 5 6 -2 -6 9 -9 -10 -11 -12 -14
right_child=4 2 3 -5 7 -7 -8 8 10 11 12 -13 13 -15
leaf_value=-0.12805295791693808 -0.5620700101297238 0.010633462598198529 1.3927821000484057 0.15312672300922386 -0.02553624938046269 0.65728375155863716 0.084858500987975413 -0.45158747379824909 1.0087021097611888 0.053761641798899758 -0.31485130965055774 0.83659835967211016 -0.03439148509018599 0.34401743703656734
leaf_weight=53 51 58 46 45 2471 86 50 43 46 370 111 100 158 79
leaf_count=53 51 58 46 45 2471 86 50 43 46 370 111 100 158 79
internal_value=-0.000390127 0.0053202 0.0094 0.0146739 -0.000715087 0.00462766 -0.00323529 -0.00101213 0.00122247 0.0042607 -0.00273418 0.00573248 -0.00464183 -0.00113445
internal_weight=3767 202 149 91 3565 187 101 3378 907 513 394 470 348 237
internal_count=3767 202 149 91 3565 187 101 3378 907 513 394 470 348 237
is_linear=0
shrinkage=0.03


Tree=312
num_leaves=15
num_cat=0
split_feature=4 67 85 15 77 60 0 23 29 5 43 0 24 62
split_gain=6.75959 14.0529 11.5638 10.2055 9.25444 13.5239 11.6844 10.5111 9.27451 12.4782 10.316 19.8243 11.5952 11.3725
threshold=7.5000000000000009 -184.14710521099093 -191.6387451291084 37.500000000000007 -241.54876583814618 -43.658729672431939 84.500000000000014 1.7453938722610476 0.94234726179170636 91.086881637573256 355.8295237031021 15.500000000000002 44.500000000000007 0.0093180312018370567
decision_type=2 8 8 2 8 10 2 10 10 10 10 2 2 8
left_child=1 -1 -2 -3 5 -4 8 -8 10 -10 12 -12 13 -6
right_child=2 3 4 -5 6 -7 7 -9 9 -11 11 -13 -14 -15
leaf_value=-0.80432521878364105 0.46344078413210515 -0.014284085785435033 0.11904073286724112 0.050778679838397803 -0.061871685119308885 -0.21642148316291554 0.79607646272265598 0.1691076833440571 -0.37198694945171235 0.14303970651295031 0.0082449936189964036 -0.41130871782590378 0.61978779586405852 0.17249061433096469
leaf_weight=70 74 1782 95 121 195 172 94 376 153 42 288 75 124 168
leaf_count=70 74 1782 95 121 195 172 94 376 153 42 288 75 124 168
internal_value=-3.91645e-05 -0.0012614 0.0012601 -0.000772059 0.000773976 -0.00436567 0.00168206 0.0056051 -8.60421e-05 -0.00596939 0.0012691 -0.00255495 0.00411885 0.0014011
internal_weight=3829 1973 1856 1903 1782 267 1515 470 1045 195 850 363 487 363
internal_count=3829 1973 1856 1903 1782 267 1515 470 1045 195 850 363 487 363
is_linear=0
shrinkage=0.03


Tree=313
num_leaves=15
num_cat=0
split_feature=16 20 37 52 44 33 64 52 82 61 70 68 81 71
split_gain=6.46912 8.23835 12.8098 6.12039 8.89972 7.42839 7.04581 11.4001 10.4782 8.88419 7.98026 7.28756 7.02284 6.67012
threshold=1.0000000180025095e-35 535.93281006813061 1508.0106115805047 18.17780697345734 16.988033294677738 10.511111111111111 4.0749028980056723 63.260771393775947 11.05922967195511 0.52495666497654392 0.92582417582417598 0.13451013757252409 4709.7794868946085 8.5000000000000018
decision_type=2 10 10 8 8 10 8 10 10 10 8 10 8 10
left_child=1 2 -1 5 -5 -2 7 9 -9 10 -6 -10 -12 -7
right_child=3 -3 -4 4 6 13 -8 8 11 -11 12 -13 -14 -15
leaf_value=0.19559706406572738 -0.21124131125797485 -0.48750202273841492 -0.45963400445017466 0.32761554318993791 0.10525818087857479 -0.76411120284783163 0.0089475171070644722 -0.0053529078365539811 -0.78503153717625129 0.30567191191147541 0.0092989967485774105 -0.083921249910391529 -0.30659716655088365 -0.00048489236054450393
leaf_weight=48 47 40 65 73 69 50 2605 117 81 71 84 54 116 290
leaf_count=48 47 40 65 73 69 50 2605 117 81 71 84 54 116 290
internal_value=-1.57439e-05 -0.00603896 -0.00184211 0.000237835 0.000660349 -0.00332474 0.000422139 -0.00252951 -0.00735178 0.00105572 -0.00144444 -0.0130147 -0.00447761 -0.00175953
internal_weight=3810 153 113 3657 3270 387 3197 592 252 340 269 135 200 340
internal_count=3810 153 113 3657 3270 387 3197 592 252 340 269 135 200 340
is_linear=0
shrinkage=0.03


Tree=314
num_leaves=15
num_cat=0
split_feature=60 48 3 3 29 64 52 28 40 81 74 77 16 61
split_gain=7.45632 13.4761 10.4644 13.6359 13.0608 11.4888 11.1824 10.0748 17.8253 13.712 12.2104 13.3907 10.0334 9.97146
threshold=-107.04284620285033 -70.005078633626297 13.291666666656967 13.875000000000002 0.90792226381854235 5.0496473365073635 18.59870529174805 243.50000000000003 422.66557053384571 4480.4049687385568 615.15314376455797 -103.93103235960005 16.500000000000004 0.29250303394340005
decision_type=8 8 2 2 10 10 8 2 10 10 10 8 2 8
left_child=-1 -2 4 -4 -3 -5 -6 10 -9 -10 11 12 -8 -7
right_child=1 2 3 5 6 13 7 8 9 -11 -12 -13 -14 -15
leaf_value=-0.15401344480428023 0.087662613145588889 0.0066967521934560284 0.48977958998826066 -0.0016337433309557554 -0.76136857958967696 0.016673002617788767 -0.94846681731576121 0.5891597844757398 0.10124958049194972 -0.71890733512052429 -1.1123084928319653 -0.013682046213841179 -0.1292557678360251 0.62568950281751057
leaf_weight=217 389 768 67 1380 87 91 65 84 107 77 46 310 86 105
leaf_count=217 389 768 67 1380 87 91 65 84 107 77 46 310 86 105
internal_value=2.31959e-05 0.00034398 -0.000284056 0.00140511 -0.00198651 0.000837032 -0.00451912 -0.0033634 0.00133829 -0.00389189 -0.00584646 -0.00435065 -0.0116447 0.00761421
internal_weight=3879 3662 3273 1643 1630 1576 862 775 268 184 507 461 151 196
internal_count=3879 3662 3273 1643 1630 1576 862 775 268 184 507 461 151 196
is_linear=0
shrinkage=0.03


Tree=315
num_leaves=15
num_cat=0
split_feature=28 62 28 7 3 40 29 70 79 27 27 37 64 17
split_gain=6.41187 7.33675 11.0512 16.2081 14.6366 11.3989 8.34464 8.33414 13.5966 10.8883 13.2861 10.8668 11.3687 9.59005
threshold=469.50000000000006 -0.12141781434491902 259.50000000000006 3625.7068076676082 13.958333333343036 275.65973117329503 0.8784788557856148 0.91287878787878796 396.46469057803557 0.92191310975609764 0.88556547619047621 1474.8108148886572 5.4922653051896706 41.500000000000007
decision_type=2 8 2 10 2 10 10 10 10 10 8 8 8 2
left_child=1 2 5 4 -4 6 -1 8 9 10 11 -3 -13 -11
right_child=-2 7 3 -5 -6 -7 -8 -9 -10 13 -12 12 -14 -15
leaf_value=0.5667454376094071 -0.23683045734639974 -0.10377543482636173 1.7328689541958415 -0.054214070020115766 0.024875802379453516 -0.06623006480807396 0.016008002118037368 -0.034895607389888693 -0.13150317655891056 0.069185242730231925 0.4793780288427002 1.2111063776088848 0.017980308634209859 -0.19176919829706141
leaf_weight=43 60 100 58 73 55 274 197 1819 81 398 162 41 307 178
leaf_count=43 60 100 58 73 55 274 197 1819 81 398 162 41 307 178
internal_value=-0.000187159 -3.16874e-05 0.00273894 0.00898396 0.0160526 0.000466019 0.00522822 -0.000660836 0.00120662 0.0020219 0.00481178 0.00213808 0.00464183 -0.000935875
internal_weight=3846 3786 700 186 113 514 240 3086 1267 1186 610 448 348 576
internal_count=3846 3786 700 186 113 514 240 3086 1267 1186 610 448 348 576
is_linear=0
shrinkage=0.03


Tree=316
num_leaves=15
num_cat=0
split_feature=77 17 16 61 1 71 79 78 33 1 76 77 42 40
split_gain=9.76159 11.2687 8.93609 8.92643 6.74596 8.01091 7.23507 12.5641 11.4019 9.46505 9.43809 11.5519 10.0749 9.25321
threshold=107.6919767856598 5.0000000000000009 50.500000000000007 0.66961352546104502 609.24851906299602 8.5000000000000018 52.721247598201387 0.29166666666666669 30.002806122448984 628.91311836242687 449.30013060569769 -97.043278694152818 31.641355037689213 1330.7338663251874
decision_type=10 2 2 8 2 10 8 10 10 2 8 10 10 10
left_child=1 -1 4 -2 5 -3 8 9 10 -8 11 -6 -13 -12
right_child=3 2 -4 -5 6 -7 7 -9 -10 -11 13 12 -14 -15
leaf_value=-0.35642995481980633 -0.55529330382376196 -0.13075138822733406 0.1054753312768696 -0.012024227671425405 0.024129528308069866 0.20259322645075528 -0.19056642599917725 -0.65970076708833847 -0.2488829636026649 -4.26798429953483e-05 -0.0029134129278558874 2.5953006023972223 0.11111246146217414 0.16413618689890561
leaf_weight=93 75 57 73 106 201 192 114 48 48 643 1883 50 64 202
leaf_count=93 75 57 73 106 201 192 114 48 48 643 1883 50 64 202
internal_value=2.33766e-05 0.000359771 0.000629195 -0.00675824 0.000411076 0.00516 4.60971e-05 -0.00241935 0.000857493 -0.00146438 0.00114952 0.00598101 0.0135652 0.000417066
internal_weight=3849 3668 3575 181 3502 249 3253 805 2448 757 2400 315 114 2085
internal_count=3849 3668 3575 181 3502 249 3253 805 2448 757 2400 315 114 2085
is_linear=0
shrinkage=0.03


Tree=317
num_leaves=15
num_cat=0
split_feature=11 74 71 68 36 84 84 64 68 34 28 8 39 15
split_gain=8.42041 10.5087 16.4289 10.412 9.30291 9.08688 11.4966 10.7113 9.20087 13.3291 13.8017 8.94764 8.8544 8.50344
threshold=390.00000000000006 1620.4224805519323 12.500000000000002 0.028742615615011551 0.20866437284954648 -254.10940909385678 -117.1984350879987 4.7039680882902974 0.13451013757252409 0.2215007215007215 178.50000000000003 3.2626060070629843 1906.7528096026003 13.500000000000002
decision_type=2 8 10 10 10 8 8 10 10 10 2 8 8 2
left_child=1 2 -1 -4 -2 -3 7 11 -8 13 -11 -7 -12 -10
right_child=4 5 3 -5 -6 6 8 -9 9 10 12 -13 -14 -15
leaf_value=-0.039674039641648909 -0.18981320229133875 0.24372020714390871 0.85455370171519163 -0.12955754391240623 -0.015369395162774068 -0.77239135457953345 -0.0045001921672416963 -0.67501437276496479 -0.0037348050385766197 0.14429383674184962 0.19060133504118582 0.002388848130086742 -1.0311233707274117 0.49488945065036433
leaf_weight=119 124 54 135 42 584 42 2150 44 44 125 43 128 74 113
leaf_count=119 124 54 135 42 584 42 2150 44 44 125 43 128 74 113
internal_value=-0.000180534 0.000491329 0.00585859 0.0116292 -0.00313117 -7.45209e-05 -0.000314761 -0.00697674 0.000247059 0.004425 0 -0.00350877 -0.00737288 0.0112025
internal_weight=3821 3113 296 177 708 2817 2763 214 2549 399 242 170 117 157
internal_count=3821 3113 296 177 708 2817 2763 214 2549 399 242 170 117 157
is_linear=0
shrinkage=0.03


Tree=318
num_leaves=15
num_cat=0
split_feature=6 41 52 80 70 84 43 77 15 61 25 40 0 50
split_gain=5.74168 8.56661 9.18683 8.46297 12.7184 8.42019 11.145 13.987 8.85647 8.21262 9.11985 8.82045 8.09044 13.401
threshold=690.00000000000011 405.10230302810675 488.89654541015631 -41.911122083663933 0.069047619047619066 -35.713303049405404 576.83658492047391 -241.54876583814618 30.500000000000004 0.85802717533552342 0.83130081300813019 106.32654939741654 183.50000000000003 151.08688163757327
decision_type=8 10 10 8 8 8 10 8 2 8 10 10 2 10
left_child=12 2 5 -4 -5 6 7 -2 -9 11 -11 -6 13 -1
right_child=1 -3 3 4 9 -7 -8 8 -10 10 -12 -13 -14 -15
leaf_value=0.014877210525005182 -0.52057352354078634 -0.24053747062185218 0.13455332732472228 -0.019646750894671751 0.52010484849183947 -0.004570263779839827 -0.57240275325422652 -0.023559915873736299 0.43476717770723117 0.08407924462238324 -0.015339857875684293 0.024127431948997091 0.4571089515884007 -0.11639676321042088
leaf_weight=1027 65 76 77 57 60 1302 136 301 40 57 208 49 189 183
leaf_count=1027 65 76 77 57 60 1302 136 301 40 57 208 49 189 183
internal_value=-0.000180251 -0.00106217 -0.000739482 0.00282908 0.00118056 -0.00172358 -0.00486188 -0.00235872 8.77193e-05 0.0032 0.000338346 0.0100909 0.00135 0.000445912
internal_weight=3827 2428 2352 508 431 1844 542 406 341 374 265 109 1399 1210
internal_count=3827 2428 2352 508 431 1844 542 406 341 374 265 109 1399 1210
is_linear=0
shrinkage=0.03


Tree=319
num_leaves=15
num_cat=0
split_feature=7 44 3 15 39 31 28 15 71 32 58 82 73 3
split_gain=9.74655 8.79184 7.94529 9.3262 14.5833 8.87732 14.732 14.0531 11.7217 8.97288 9.71418 8.50844 8.15036 8.12521
threshold=5123.2697457641034 28.331794381141666 21.041666666656969 27.500000000000004 3538.2880213821177 20.27525252525253 131.50000000000003 11.500000000000002 13.500000000000002 0.1012820512820513 1.0000000180025095e-35 135.40178410212204 -2.5209554433822627 23.125000000000004
decision_type=10 10 2 2 10 10 2 2 10 8 8 10 10 2
left_child=2 -2 5 13 -5 6 11 -7 -9 10 -8 -1 -10 -4
right_child=1 -3 3 4 -6 7 9 8 12 -11 -12 -13 -14 -15
leaf_value=-0.048783250229646455 -0.028002036123275648 0.10838255395249703 0.20755825150824539 1.214485456828122 -0.0085396848918483665 0.0074996992717546642 0.0014544587302468413 -0.5488437923546029 0.051486031088965975 -0.00075133543942470734 0.36168386566808142 -1.3426746506255562 -0.7262138986349963 -0.54537390148953246
leaf_weight=298 46 149 171 41 42 204 133 195 104 2217 87 40 50 68
leaf_count=298 46 149 171 41 42 204 133 195 104 2217 87 40 50 68
internal_value=-0.00024181 0.00627551 -0.000591619 0.00390093 0.0125 -0.00102734 -0.000335014 -0.00449458 -0.00814286 0.000479902 0.00624434 -0.00619469 -0.00193548 0.000875
internal_weight=3845 195 3650 322 83 3328 2775 553 349 2437 220 338 154 239
internal_count=3845 195 3650 322 83 3328 2775 553 349 2437 220 338 154 239
is_linear=0
shrinkage=0.03


Tree=320
num_leaves=15
num_cat=0
split_feature=1 24 45 39 14 26 59 80 65 1 30 70 29 29
split_gain=9.10416 10.1259 8.11947 14.0995 8.87241 8.63782 8.48871 8.82762 8.33176 7.53485 11.4924 8.99071 11.5142 8.86271
threshold=666.52870881557476 75.500000000000014 5.5000000000000009 934.79190079939588 803.86820059012734 101.50000000000001 125.53867006301881 7.2814961671829233 0.80692708644322064 651.46575736999523 6.9500000000000011 0.91987179487179505 0.93598524762908342 0.94862368024132737
decision_type=2 2 8 10 10 2 10 10 8 2 8 10 10 10
left_child=2 -2 3 -1 6 -6 8 -8 -4 11 -11 -10 -13 -12
right_child=1 -3 4 -5 5 -7 7 -9 9 10 13 12 -14 -15
leaf_value=0.012653145744002359 -0.038106087671268406 0.13416792385986445 0.2459302875786718 -0.87021469385269989 0.04616103295309025 0.68835962654033389 0.31924182958553698 0.0059852947802311717 0.014149937893499498 0.2169710283325019 0.0021678422425745049 -0.034765771320250244 -0.60328823069306381 -0.36141367652497991
leaf_weight=185 1326 60 136 89 59 44 151 131 310 287 524 380 82 47
leaf_count=185 1326 60 136 89 59 44 151 131 310 287 524 380 82 47
internal_value=-0.000181007 -0.00211968 0.000927453 -0.00392727 0.0015474 0.0100962 0.00111274 0.0059364 0.000339559 -0.000257511 0.00167637 -0.00240621 -0.005054 -0.000786713
internal_weight=3811 1386 2425 274 2151 103 2048 282 1766 1630 858 772 462 571
internal_count=3811 1386 2425 274 2151 103 2048 282 1766 1630 858 772 462 571
is_linear=0
shrinkage=0.03


Tree=321
num_leaves=15
num_cat=0
split_feature=1 80 31 80 64 35 56 8 41 80 31 41 65 24
split_gain=8.65467 9.49208 9.75991 12.24 11.204 9.57178 9.91663 9.8401 9.49824 10.7565 10.5193 9.65887 9.30144 9.28737
threshold=666.52870881557476 -167.86078178882596 24.240374331550807 -130.63939535617826 6.2811925567240587 16.370635097907829 167.46027362346652 6.9062061017654619 -73.799732804298387 4.8254847526550302 1.7645833333333336 -54.965445756912224 0.96198062156380149 75.500000000000014
decision_type=2 8 10 8 8 10 8 10 8 8 8 8 10 2
left_child=1 -1 3 -3 12 7 -7 8 9 -5 -11 -10 -4 -2
right_child=13 2 4 5 -6 6 -8 -9 11 10 -12 -13 -14 -15
leaf_value=0.13688518986720538 -0.047737622951798779 -0.38553455993816993 -0.11178591919405945 0.21942103214816608 -0.00012528245873733265 0.077945051267632307 0.43574622671483515 0.29902761451312743 -0.41703070031740669 0.46725071683808722 -0.10771910751568185 -0.0064202196430039032 -0.76414900888288362 0.090373097561376431
leaf_weight=79 1317 61 40 94 152 337 86 56 75 54 98 1250 62 63
leaf_count=79 1317 61 40 94 152 337 86 56 75 54 98 1250 62 63
internal_value=-0.000360784 0.000711656 0.000367709 0.00103693 -0.00517647 0.00143345 0.00544811 0.000386978 -5.72519e-05 0.00534413 0.000392157 -0.00106335 -0.0128155 -0.00225923
internal_weight=3824 2444 2365 2111 254 2050 423 1627 1571 246 152 1325 102 1380
internal_count=3824 2444 2365 2111 254 2050 423 1627 1571 246 152 1325 102 1380
is_linear=0
shrinkage=0.03


Tree=322
num_leaves=15
num_cat=0
split_feature=16 77 77 41 82 41 49 64 57 30 34 16 24 34
split_gain=7.2863 11.7448 10.4612 8.10615 10.192 9.10033 9.40132 10.1285 11.394 9.56628 9.8665 12.2866 10.1955 10.5948
threshold=1.0000000180025095e-35 107.6919767856598 13.665728807449343 45.230598330497749 -164.44167923927304 48.081330060958869 9.5000000000000018 3.9248033622585203 11.500000000000002 58.350000000000009 0.1180340557275542 2.5000000000000004 43.500000000000007 0.17445652173913045
decision_type=2 10 8 10 8 10 10 10 10 10 8 2 2 8
left_child=2 3 -1 -2 -5 -6 9 -8 -9 10 -7 -12 -13 -14
right_child=1 -3 -4 4 5 6 7 8 -10 -11 11 12 13 -15
leaf_value=-0.35678827069353197 -0.0056306529919348232 -0.1143074695432534 0.14541091822142879 0.34881721249005371 0.39349623593746663 0.23927202607306958 -0.32671436439856938 0.20765471423169046 -0.26620083623184049 -0.06362327486901255 0.63765779366620756 0.057124993952143654 -0.70036949521718284 -0.014744313675940555
leaf_weight=98 1931 175 46 53 42 98 112 95 40 74 91 765 41 194
leaf_count=98 1931 175 46 53 42 98 112 95 40 74 91 765 41 194
internal_value=-2.33402e-05 0.000234375 -0.00662069 0.000610687 0.00218555 0.00173857 0.0013501 -0.00399194 0.00154412 0.00239715 0.00305042 0.00222527 0.00125874 -0.00419492
internal_weight=3855 3711 144 3536 1605 1552 1510 247 135 1263 1189 1091 1000 235
internal_count=3855 3711 144 3536 1605 1552 1510 247 135 1263 1189 1091 1000 235
is_linear=0
shrinkage=0.03


Tree=323
num_leaves=15
num_cat=0
split_feature=73 69 82 25 62 3 39 38 83 43 33 42 30 0
split_gain=6.21278 9.72875 14.1672 8.10661 6.73864 6.16592 6.11256 9.9681 9.74437 13.6462 13.3968 14.7944 10.3271 6.29206
threshold=0.77058696746826183 -18.38957061370218 -13.958739002545672 0.88762626262626265 0.11705931637196924 11.458333333343036 484.56119426343201 22.472537268438376 87.747775077819838 180.77732791119919 9.1543831168831193 99.023065924644484 7.6500000000000012 -29.499999999999996
decision_type=8 10 10 10 10 2 10 8 10 10 10 8 10 2
left_child=1 2 -1 -4 -3 -5 8 -8 9 10 11 -2 -11 -9
right_child=6 4 3 5 -6 -7 7 13 -10 12 -12 -13 -14 -15
leaf_value=0.32619174328490003 0.13810793823509024 -0.096280359311573291 0.63093252817713541 0.038814294194183439 0.057360803504742923 -0.481903249098946 0.41779262974207154 -0.056658315434027065 -0.37166341030568473 0.46488724219356253 -0.50532262493987457 -0.27297689486714655 -0.0050737069344521527 0.003204525768295241
leaf_weight=145 64 76 52 40 48 86 40 529 41 41 54 69 61 2491
leaf_count=145 64 76 52 40 48 86 40 529 41 41 54 69 61 2491
internal_value=-3.90829e-05 0.00328125 0.00601852 0.000335196 -0.00384 -0.00377953 -0.000477735 -5.88043e-05 -0.00435045 -0.00237931 -0.00718085 -0.00201493 0.00640777 -0.000258193
internal_weight=3837 447 323 178 124 126 3390 3060 330 289 187 133 102 3020
internal_count=3837 447 323 178 124 126 3390 3060 330 289 187 133 102 3020
is_linear=0
shrinkage=0.03


Tree=324
num_leaves=15
num_cat=0
split_feature=3 80 29 3 48 4 15 24 38 52 34 43 77 27
split_gain=6.5074 7.33566 9.46341 13.281 11.9893 10.0088 12.7746 11.2354 10.4014 10.1372 9.76315 8.78517 13.2199 8.67362
threshold=23.541666666656969 85.216893911361709 0.95761545572971396 11.958333333343036 -118.06956235567728 7.5000000000000009 10.500000000000002 40.500000000000007 1846.880188187394 76.108994245529189 0.24037037037037037 366.39048502441261 -144.97388792037961 0.91030061892130865
decision_type=2 10 10 2 10 2 2 2 10 10 10 10 10 10
left_child=1 -1 4 -4 -3 7 -7 8 13 11 -11 12 -8 -6
right_child=-2 2 3 -5 5 6 9 -9 -10 10 -12 -13 -14 -15
leaf_value=-0.0065502602065686229 -0.24185038799520056 -0.1618165950908266 -1.0955586607601033 0.14105002686721954 -0.39747248534751506 1.0056465177884857 0.42557085039085041 -0.43343645583724644 0.39530969833140162 0.076372588314506801 -0.34670102343103104 1.2335545173610751 -0.099284259948314399 0.3778434886366368
leaf_weight=2896 70 52 54 64 43 83 46 89 121 59 46 84 62 53
leaf_count=2896 70 52 54 64 43 83 46 89 121 59 46 84 62 53
internal_value=-0.000298195 -0.000127898 0.00231039 -0.00554622 0.0035724 0.00462882 0.00787402 0.000586319 0.00426606 0.00493289 -0.00254717 0.00901554 0.00330275 -0.00309278
internal_weight=3822 3752 856 118 738 686 380 306 217 297 105 192 108 96
internal_count=3822 3752 856 118 738 686 380 306 217 297 105 192 108 96
is_linear=0
shrinkage=0.03


Tree=325
num_leaves=15
num_cat=0
split_feature=77 79 43 37 65 80 80 61 77 40 77 84 80 36
split_gain=8.45027 9.27078 12.6214 15.991 9.1403 8.92622 16.6487 13.0477 8.12669 10.8197 9.73612 8.14382 11.4756 11.3986
threshold=-251.29376238584516 7.0331081908637367 232.21576155352625 1380.5006441320725 1.2472249232360861 -95.134021878242478 -80.556691408157334 0.89615985545308285 -202.1419001817703 280.85853832229787 -190.39628857374188 80.779652158419296 23.632955193519596 0.1924501424501425
decision_type=8 10 10 8 10 8 8 8 8 10 8 10 10 10
left_child=1 -1 -3 -4 5 7 -7 -2 9 -8 -10 -12 -13 -14
right_child=4 2 3 -5 -6 6 8 -9 10 -11 11 12 13 -15
leaf_value=-0.27034354908112285 0.0094559323688686095 -0.14329261079141686 0.19820688074558618 -0.010274841558504057 -0.30760962201699271 -0.57389198364131511 0.73831114837578626 0.31061852094115039 -0.24710036885854741 0.0050368689717612989 0.014921833900485026 0.59141058624726406 -0.64497292788362115 -0.10112577758137092
leaf_weight=104 236 160 89 141 60 74 86 120 74 134 2160 57 68 251
leaf_count=104 236 160 89 141 60 74 86 120 74 134 2160 57 68 251
internal_value=0.000141547 -0.00351515 -0.00138107 0.00311688 0.00068654 0.000901564 0.000351119 0.00537815 0.000720593 0.00624434 0.000252777 0.0005676 -0.00350133 -0.00571875
internal_weight=3814 494 390 230 3320 3260 2904 356 2830 220 2610 2536 376 319
internal_count=3814 494 390 230 3320 3260 2904 356 2830 220 2610 2536 376 319
is_linear=0
shrinkage=0.03


Tree=326
num_leaves=15
num_cat=0
split_feature=1 79 79 28 56 3 83 39 82 42 79 73 3 82
split_gain=9.48427 11.4425 9.68242 8.09389 7.83442 16.73 9.67998 9.35951 8.40384 9.8869 11.8417 8.23262 6.98934 11.6139
threshold=659.08346462249767 52.721247598201387 33.487318697916308 157.50000000000003 -57.459388732910149 12.958333333343036 151.68868875503543 8299.4202971598461 -78.576802273591355 -111.77716469764708 10.102399572930775 5.1494096517562875 13.208333333343036 102.96407943964006
decision_type=2 10 10 2 8 2 8 10 10 10 10 8 2 8
left_child=1 2 -1 -3 5 11 8 12 -7 10 -10 -2 -6 -14
right_child=4 3 -4 -5 7 6 -8 -9 9 -11 -12 -13 13 -15
leaf_value=0.020324368088932374 0.04538021796125697 -0.34100933755487928 1.2056494640356641 0.020716213695041483 -0.10751894282373144 -0.29930223236814013 -0.20590690916695137 0.016162443301150214 0.42371388128490534 0.26139789231094784 -0.25615994658226054 0.54764859456484438 -0.05567292365483794 0.11204443527742133
leaf_weight=1499 52 66 41 47 791 49 52 119 40 74 62 88 579 277
leaf_count=1499 52 66 41 47 791 49 52 119 40 74 62 88 579 277
internal_value=-0.000172009 0.00154172 0.00221934 -0.00763158 -0.00146978 0.00222488 -0.00205036 -0.00234295 0.000663717 0.00372881 -0.0023301 0.0106383 -0.00293083 -0.00105018
internal_weight=3836 1653 1540 113 2183 417 277 1766 225 176 102 140 1647 856
internal_count=3836 1653 1540 113 2183 417 277 1766 225 176 102 140 1647 856
is_linear=0
shrinkage=0.03


Tree=327
num_leaves=15
num_cat=0
split_feature=25 27 59 36 80 4 79 61 30 14 35 0 5 61
split_gain=6.96044 11.4085 13.5672 10.7388 9.7498 7.89724 15.3653 10.8695 10.619 15.8603 15.4646 11.3252 10.2786 10.0351
threshold=0.97278785634950038 0.96891108247422697 283.19898271560675 0.97646733111849404 102.85173714160921 6.5000000000000009 7.5027232965664563 0.61503941224368641 22.450000000000003 296.6507547109357 18.719761029411767 -29.499999999999996 45.726701140403755 0.18374157577389474
decision_type=8 10 8 8 10 2 10 10 10 10 8 2 10 10
left_child=5 3 4 -2 -3 6 -1 -8 13 10 -10 -11 -12 -7
right_child=1 2 -4 -5 -6 8 7 -9 9 11 12 -13 -14 -15
leaf_value=-0.26564846627461758 0.060807934044506788 0.12522235152322231 -0.26175842826141499 0.73339600247660064 -0.36547631375955975 -0.0038370544842045717 0.016747753895173103 -0.18011305327543176 -0.64395845683296604 -0.61455957507557235 0.16586167220533377 0.012308787732451093 -0.13238444640977279 0.090067564490378685
leaf_weight=303 210 154 138 40 52 931 414 142 153 71 47 410 44 655
leaf_count=303 210 154 138 40 52 931 414 142 153 71 47 410 44 655
internal_value=4.78088e-05 0.00302521 -0.000521739 0.00788845 0.00434783 -0.00051088 -0.00296512 0 0.000402249 -0.00260331 -0.00881633 0.000560166 0.000978261 0.00177694
internal_weight=3764 594 344 250 206 3170 859 556 2311 725 244 481 91 1586
internal_count=3764 594 344 250 206 3170 859 556 2311 725 244 481 91 1586
is_linear=0
shrinkage=0.03


Tree=328
num_leaves=15
num_cat=0
split_feature=3 41 72 26 43 17 80 16 66 81 30 27 69 82
split_gain=8.274 9.14109 11.2203 9.82144 8.70929 8.16908 10.6115 13.5302 10.3859 11.2181 9.24307 10.6805 10.1095 9.27374
threshold=23.625000000000004 45.230598330497749 65.779366493225112 212.50000000000003 605.77801138740358 35.000000000000007 252.25129950046542 1.0000000180025095e-35 197.57917284965518 16944.338188409809 29.250000000000004 0.98561076604554876 113.45374071603915 -38.34798336029052
decision_type=2 8 8 2 10 2 10 2 10 10 8 10 8 10
left_child=1 3 -3 -1 -5 6 7 -4 9 10 11 12 -7 -12
right_child=-2 2 5 4 -6 8 -8 -9 -10 -11 13 -13 -14 -15
leaf_value=-0.029446792169889519 -0.38525526414563616 0.39520113957097119 -0.36890195937800019 0.18301905828113016 -0.12253610831154015 -0.028852854069467488 1.6309061721687408 0.039847440205693127 -0.27619325759577223 0.64956754688494955 -0.012121888529016474 -0.40101194080123709 0.12168059474222723 -0.71897521761507677
leaf_weight=1711 58 72 54 104 59 114 41 827 207 71 109 69 259 46
leaf_count=1711 58 72 54 104 59 114 41 827 207 71 109 69 259 46
internal_value=-3.94529e-05 0.000136218 0.00162032 -0.001344 0.00567073 0.00115128 0.00312026 0.00241497 -0.000924658 0.000896861 -0.000451505 0.00176072 0.00377005 -0.00673077
internal_weight=3801 3743 1869 1874 163 1797 922 881 875 668 597 442 373 155
internal_count=3801 3743 1869 1874 163 1797 922 881 875 668 597 442 373 155
is_linear=0
shrinkage=0.03


Tree=329
num_leaves=15
num_cat=0
split_feature=28 26 84 48 29 67 28 62 3 40 29 37 50 29
split_gain=7.24288 5.74486 8.08657 7.83952 7.01654 6.70876 6.73061 18.7673 9.27342 7.98658 9.71405 6.64015 5.79547 7.5045
threshold=491.50000000000006 211.50000000000003 34.66137500603994 39.47003102302552 0.92249492262364496 -261.95527132919852 306.50000000000006 0.14834860474784714 16.958333333343038 255.12713525000183 0.9150452973982387 2910.975422898513 2936.9026728868489 0.97683363148479441
decision_type=2 2 10 10 10 8 2 10 2 10 10 8 10 8
left_child=1 5 3 4 -3 -1 12 8 9 -8 -11 -5 -7 -14
right_child=-2 2 -4 11 -6 6 7 -9 -10 10 -12 -13 13 -15
leaf_value=-0.49743406544360508 -0.53288224046019506 0.064931697661355869 -0.25112546529892993 -0.18151934516828652 0.64157811186511671 0.0084407340425402145 0.34878684809007043 -1.3383656066621579 0.2977738289069265 0.0080564891594697482 -1.1797829828595967 0.039182221186129941 -0.49880516124234053 0.089007742928297412
leaf_weight=45 48 43 49 47 41 3155 45 42 61 49 55 41 53 46
leaf_count=45 48 43 49 47 41 3155 45 42 61 49 55 41 53 46
internal_value=0.000439675 0.000588391 0.00527027 0.0083237 0.0148235 0.000295608 0.000444825 -0.00426877 -0.00056872 -0.0046 -0.00914286 0.00202247 0.00081106 -0.0063
internal_weight=3820 3772 221 172 84 3551 3506 252 210 149 104 88 3254 99
internal_count=3820 3772 221 172 84 3551 3506 252 210 149 104 88 3254 99
is_linear=0
shrinkage=0.03


Tree=330
num_leaves=15
num_cat=0
split_feature=81 42 49 24 0 61 48 66 50 32 85 82 79 29
split_gain=6.6181 11.0568 18.9276 12.13 11.9817 9.98644 9.93728 9.71564 8.72187 8.24775 11.1259 13.2053 11.3831 13.8943
threshold=8584.5142171382922 7.5352475643157968 6.5000000000000009 39.500000000000007 -20.499999999999996 0.87712349887605245 -76.314244389533982 -248.37490510940549 117.55865705013277 0.39208074534161497 172.67275679111484 183.17595358689627 14.020458558617921 0.92023057097329619
decision_type=10 10 10 2 2 8 10 10 10 8 10 10 10 10
left_child=9 3 4 6 -3 8 7 -2 -4 10 11 -1 13 -12
right_child=1 2 5 -5 -6 -7 -8 -9 -10 -11 12 -13 -14 -15
leaf_value=0.015660443853104122 -0.17112142787278428 -0.23692492593046982 -0.11856939949441529 0.071145670831160468 0.17934859174886961 0.091847269225454817 -0.57505509641462227 0.047572090365244575 -1.0076877433173244 -0.013794908766862251 -0.40017602475004066 -0.62299186220209857 0.97607148832980872 0.97396041092172947
leaf_weight=1695 73 45 107 58 154 49 157 49 57 1170 55 59 50 74
leaf_count=1695 73 45 107 58 154 49 157 49 57 1170 55 59 50 74
internal_value=0.000249157 -0.00228 0.00101695 -0.00630178 0.00765 -0.00518692 -0.00889286 -0.00243902 -0.00872727 0.00086018 0.00206308 0.00133333 0.00916667 0.00438462
internal_weight=3852 749 412 337 199 213 279 122 164 3103 1933 1754 179 129
internal_count=3852 749 412 337 199 213 279 122 164 3103 1933 1754 179 129
is_linear=0
shrinkage=0.03


Tree=331
num_leaves=15
num_cat=0
split_feature=37 36 74 4 52 79 5 72 37 52 28 36 31 14
split_gain=8.62103 19.8928 9.6409 9.35365 6.40323 10.6488 7.42467 6.82902 8.42085 6.70399 6.70481 11.0162 16.4136 12.4197
threshold=2528.1613883500154 0.22264957264957266 3563.9869897058475 5.5000000000000009 17.646703720092777 9.168879548112475 28.628312587738041 -62.464563608169549 1546.0017541648397 25.389671206474308 172.50000000000003 0.24217986314760512 12.538516746411485 408.30619023812739
decision_type=10 10 10 2 8 10 10 10 10 8 2 10 8 8
left_child=2 3 4 -2 5 6 -1 8 -7 -6 -11 13 -13 -12
right_child=1 -3 -4 -5 9 7 -8 -9 -10 10 11 12 -14 -15
leaf_value=-0.017956078068869896 0.04913050762767307 0.99630745550013211 -0.28157096985362284 -0.05594643684259995 0.15654181473757156 -0.20888296329974856 -0.59351305220179651 0.17842044932396908 0.069984126830749713 0.018456758258168889 -0.0090442798490920229 -0.0073086579354312772 -0.29602888707777941 0.12623052322775438
leaf_weight=76 67 66 45 110 208 64 105 46 50 1312 442 610 331 267
leaf_count=76 67 66 45 110 208 64 105 46 50 1312 442 610 331 267
internal_value=0.000323684 0.00577869 -5.06044e-05 0.000505618 0.000128132 -0.00377193 -0.00873626 0.00186335 -0.00208696 0.000548723 0.000182248 -0.00109025 -0.00321656 0.00173239
internal_weight=3799 243 3556 177 3511 341 181 160 114 3170 2962 1650 941 709
internal_count=3799 243 3556 177 3511 341 181 160 114 3170 2962 1650 941 709
is_linear=0
shrinkage=0.03


Tree=332
num_leaves=15
num_cat=0
split_feature=15 83 68 83 40 64 34 67 80 9 48 77 64 17
split_gain=7.07407 16.3127 15.3813 12.1311 11.3749 11.131 10.801 10.5212 13.844 14.7366 13.4789 12.059 12.8081 9.77498
threshold=27.500000000000004 29.727196931838993 0.12175648047250329 -59.046375393867486 458.40702113181447 6.2811925567240587 0.18090909090909094 208.27846338599926 128.97343146800998 150.00000000000003 -74.186098694801316 -106.59169405698775 4.5488914689107789 25.500000000000004
decision_type=2 8 8 10 10 10 10 8 10 2 10 8 10 2
left_child=7 2 3 6 -5 -3 -2 8 9 10 -1 -12 -13 -11
right_child=1 5 -4 4 -6 -7 -8 -9 -10 13 11 12 -14 -15
leaf_value=0.34675397596695717 0.1864908498075353 -0.036086025192006731 0.88234019950014542 0.49071473646637948 0.025973123113239186 0.12378433391562432 -0.40248759790703531 0.0067808306069143676 -0.39973030673417409 -0.70423267338773732 -0.18071413111294102 0.54237446820350155 -0.039171836849827453 -0.028675325535872636
leaf_weight=62 59 377 45 90 70 86 64 2245 139 76 126 89 91 219
leaf_count=62 59 377 45 90 70 86 64 2245 139 76 126 89 91 219
internal_value=0.000390727 0.00291667 0.00802432 0.00538732 0.0108075 -0.000711207 -0.00169355 -0.000265748 -0.00321295 -0.0014006 0.00260163 0 0.00497238 -0.00638514
internal_weight=3838 791 328 283 160 463 123 3047 802 663 368 306 180 295
internal_count=3838 791 328 283 160 463 123 3047 802 663 368 306 180 295
is_linear=0
shrinkage=0.03


Tree=333
num_leaves=15
num_cat=0
split_feature=4 85 74 31 41 77 3 27 40 43 32 61 85 82
split_gain=8.40071 15.0417 11.6856 10.1612 10.8072 9.97648 16.0347 11.7073 12.3953 10.2871 11.1225 9.38301 9.34893 13.0857
threshold=7.5000000000000009 -187.77971951166788 2035.0229295796833 29.552777777777781 172.35258769989017 36.790439248085029 11.291666666656967 0.88780278466526807 694.86234198129762 569.51409323227188 0.078461538461538485 0.12592028515652917 32.488714337348945 36.62393375237783
decision_type=2 8 10 10 10 10 2 8 10 8 10 10 10 10
left_child=5 -2 3 4 -3 7 -7 8 -1 10 -9 -6 -12 -14
right_child=1 2 -4 -5 11 6 -8 9 -10 -11 12 -13 13 -15
leaf_value=-0.40241733852997413 0.45489434261049083 0.0090301287205187073 -0.46759203014188766 -0.24638765935548831 1.0526549849734659 0.025376764039584641 -0.64481926439421222 0.27411595847312825 0.0041382599533923954 -0.12328793802050775 0.1003109538672652 0.13754093619690869 -0.35437182674893647 0.070285337252738958
leaf_weight=303 84 1434 40 82 95 81 109 56 281 284 555 126 87 203
leaf_count=303 84 1434 40 82 95 81 109 56 281 284 555 126 87 203
internal_value=0.000345459 0.0017884 0.00119798 0.00157077 0.00208333 -0.00102551 -0.00753927 -0.000322034 -0.00379487 0.00139123 0.00296009 0.00824324 0.0020922 -0.00226804
internal_weight=3820 1861 1777 1737 1655 1959 190 1769 584 1185 901 221 845 290
internal_count=3820 1861 1777 1737 1655 1959 190 1769 584 1185 901 221 845 290
is_linear=0
shrinkage=0.03


Tree=334
num_leaves=15
num_cat=0
split_feature=3 64 81 67 44 17 83 81 71 25 68 43 60 43
split_gain=7.19452 7.34391 16.221 12.527 12.4371 11.3631 14.2128 12.1353 10.9914 10.6577 10.0757 11.2531 10.5356 15.7092
threshold=23.708333333343038 4.0749028980056723 4536.5667403936395 204.69094971319041 50.729634404182441 44.000000000000007 256.42899131774908 6775.2487986087808 10.500000000000002 0.90219990435198483 0.03830095305861287 1398.4749738692342 146.08788359165194 394.22665010812244
decision_type=2 8 8 10 10 2 8 10 10 10 10 10 8 10
left_child=1 2 8 10 -5 6 -4 -7 9 -1 -3 12 -12 -14
right_child=-2 3 5 4 -6 7 -8 -9 -10 -11 11 -13 13 -15
leaf_value=0.21636271355419712 -0.73648306204563452 0.013421147595691955 -0.60018161807912862 -0.001352777702773551 0.84286132633638033 -0.068876295083995481 0.0092237228990371279 0.17905020101140151 0.22219862732923296 -0.089009933094618035 -0.00025138636586651941 0.074206699564648176 -0.082497173537186816 -0.7592749837407563
leaf_weight=40 41 2215 251 84 101 65 89 46 157 108 285 50 188 84
leaf_count=40 41 2215 251 84 101 65 89 46 157 108 285 50 188 84
internal_value=0.000204993 0.000342721 -0.00229855 0.00100731 0.00854839 -0.00590708 -0.0086217 0.00241071 0.00303922 -0.00281879 0.000510096 -0.00291118 -0.00413978 -0.00835165
internal_weight=3804 3763 756 3007 185 451 340 111 305 148 2822 607 557 272
internal_count=3804 3763 756 3007 185 451 340 111 305 148 2822 607 557 272
is_linear=0
shrinkage=0.03


Tree=335
num_leaves=15
num_cat=0
split_feature=14 12 29 79 30 40 27 36 22 41 8 31 16 35
split_gain=7.16408 10.6221 11.8554 11.6726 9.2028 10.3855 6.9631 10.5398 7.19594 7.25489 5.90271 6.56878 10.4701 10.4191
threshold=803.86820059012734 1.0000000180025095e-35 0.920697250493696 10.598716366969347 26.450000000000003 436.70981167175836 0.96891108247422697 0.97646733111849404 7.7657687664031991 65.150693893432631 7.8771177955558551 20.415476190476195 4.5000000000000009 16.505508306962032
decision_type=10 2 10 8 10 10 8 10 2 8 8 10 2 10
left_child=6 2 4 -4 5 -2 7 10 -8 -10 11 13 -13 -1
right_child=1 -3 3 -5 -6 -7 8 -9 9 -11 -12 12 -14 -15
leaf_value=-0.0050822526011913101 -0.12562105060740875 -0.080522291667890739 0.14577812267693388 1.3320436238796349 -0.079579481410800706 0.27081230332822454 -0.0084213107971794435 0.42581247079490941 -0.079812618914841135 -0.65851742350237508 0.29262629918105765 -0.29838614995400614 -0.013404527548048861 0.089351163980053619
leaf_weight=1920 40 42 53 67 73 55 285 64 60 74 51 106 437 465
leaf_count=1920 40 42 53 67 73 55 285 64 60 74 51 106 437 465
internal_value=-4.74558e-05 0.00416918 0.00622837 0.0133884 0.00106509 0.0071875 -0.000450476 4.92773e-05 -0.00407143 -0.00977778 -0.000211409 -0.000389211 -0.00336397 0.000289187
internal_weight=3792 330 288 120 168 95 3462 3043 419 134 2979 2928 543 2385
internal_count=3792 330 288 120 168 95 3462 3043 419 134 2979 2928 543 2385
is_linear=0
shrinkage=0.03


Tree=336
num_leaves=15
num_cat=0
split_feature=1 3 82 31 82 64 85 24 82 76 65 64 69 62
split_gain=5.60469 9.56647 7.20199 8.75204 6.80878 10.4041 9.66689 9.07138 6.57574 17.2029 11.446 12.5258 11.2119 10.8553
threshold=837.52777552604687 13.125000000000002 -164.44167923927304 14.13819628647215 -72.655928909778581 3.7756686004186268 -90.585510452588395 32.500000000000007 14.256920297940573 337.08380579948431 0.92926644237299272 6.1065302508021171 -246.36992301137263 0.0076137434640033393
decision_type=2 2 8 8 8 8 10 2 8 10 10 10 8 10
left_child=2 -2 3 -1 5 -4 7 -7 9 -6 12 -12 -10 -13
right_child=1 -3 4 -5 8 6 -8 -9 10 -11 11 13 -14 -15
leaf_value=0.15264558350844917 0.022230930357111767 -0.60101507011696098 -0.61858351811595591 -0.0084736764542213908 0.067297303709033682 -0.46881913307383155 0.040060010406836391 0.023771181067988534 0.5096778616388612 -0.15047577175585936 -0.13727335148150652 0.26553918414769173 0.0023295270522538836 -0.17350567461503444
leaf_weight=45 64 63 42 49 623 75 124 60 92 108 610 120 1738 41
leaf_count=45 64 63 42 49 623 75 124 60 92 108 610 120 1738 41
internal_value=-0.000155642 -0.00632812 5.63305e-05 0.00821053 -0.000156852 -0.0044702 -0.00219231 -0.00772059 0.000234023 0.0027459 -0.000472713 -0.00353627 0.000819224 0.00388889
internal_weight=3854 127 3727 94 3633 301 259 135 3332 731 2601 771 1830 161
internal_count=3854 127 3727 94 3633 301 259 135 3332 731 2601 771 1830 161
is_linear=0
shrinkage=0.03


Tree=337
num_leaves=15
num_cat=0
split_feature=80 61 34 4 62 80 52 80 80 80 82 0 35 27
split_gain=7.4138 10.3941 9.01906 7.63781 7.07236 8.07664 6.60437 6.14525 8.73889 14.3288 9.61819 6.58999 6.28181 11.8207
threshold=-155.93389177322385 0.77489762153908115 0.27561219390304853 9.5000000000000018 -0.078816743514469725 51.382740855216987 74.222493290901198 -126.84077084064482 -95.134021878242478 -79.522810459136949 -67.741145372390733 -2.4999999999999996 6.5183492999263093 0.93666428953467651
decision_type=8 8 8 2 10 10 8 8 8 8 10 2 8 8
left_child=1 2 -1 7 6 -6 -5 -2 10 11 -9 -10 -11 -14
right_child=3 -3 -4 4 5 -7 -8 8 9 12 -12 -13 13 -15
leaf_value=0.044676062004658908 -0.33775839880803643 0.18106387319286421 -0.48329725232580079 1.5815239139197417 -0.12715768463103977 0.19971284669301304 0.02854795581720633 0.0015276168131232025 -0.016986911103734813 -0.063326743410830055 0.83654911462597703 -0.86891695424378113 -0.0012054464707113421 0.12460950614843574
leaf_weight=75 81 86 48 50 80 44 55 71 41 642 53 45 2066 373
leaf_count=75 81 86 48 50 80 44 55 71 41 642 53 45 2066 373
internal_value=0.000377854 0.00585714 0.000241935 5.83009e-05 0.00534783 0.00048 0.0110377 -0.000302401 -0.000100243 -0.000407197 0.00768 -0.0124138 -6.81376e-05 0.000627049
internal_weight=3810 209 123 3601 229 124 105 3372 3291 3167 124 86 3081 2439
internal_count=3810 209 123 3601 229 124 105 3372 3291 3167 124 86 3081 2439
is_linear=0
shrinkage=0.03


Tree=338
num_leaves=15
num_cat=0
split_feature=10 80 84 31 74 15 80 42 40 48 3 3 26 31
split_gain=6.94433 9.0375 6.65899 8.64338 10.1282 7.86192 7.49273 12.9349 12.2051 8.75836 7.41935 11.4359 12.9081 12.2364
threshold=1.5000000000000002 -66.827454328536973 63.791955709457405 18.011111111111116 30.341465135291948 52.500000000000007 34.410676717758186 37.264449119567878 168.11244714221363 -53.194987138112374 15.625000000000002 16.625000000000004 159.50000000000003 16.802777777777781
decision_type=2 10 10 8 8 2 10 10 10 10 2 2 2 10
left_child=2 -2 5 4 -4 10 9 8 -8 -6 -1 -12 -13 -14
right_child=1 -3 3 -5 6 -7 7 -9 -10 -11 11 12 13 -15
leaf_value=-0.00098573512597702976 0.0343132709017374 -0.39180414563433524 -0.96402591112141678 -0.20914647265266578 0.56812256861997235 0.19107507501372792 0.031961075674506741 0.28360058807759558 -0.35673751045664159 -0.00096056731939071934 0.20255596636176251 0.0038736247011765959 0.0070251555122588429 1.0307168751873081
leaf_weight=1907 50 44 42 169 49 42 71 151 117 47 162 866 64 46
leaf_count=1907 50 44 42 169 49 42 71 151 117 47 162 866 64 46
internal_value=0.000431034 -0.00757895 0.000634708 -0.00213292 -6.27615e-05 0.00121438 0.00130734 -0.000794118 -0.00603175 0.00865979 0.00103414 0.00294996 0.00171955 0.0113514
internal_weight=3827 94 3733 646 477 3087 435 339 188 96 3045 1138 976 110
internal_count=3827 94 3733 646 477 3087 435 339 188 96 3045 1138 976 110
is_linear=0
shrinkage=0.03


Tree=339
num_leaves=15
num_cat=0
split_feature=16 22 53 82 80 82 65 7 14 58 41 60 81 70
split_gain=7.13336 7.18563 6.09316 6.26799 13.0454 8.95014 11.2076 9.9833 12.5325 6.34478 6.15259 6.9911 7.624 12.3348
threshold=45.500000000000007 7.8354868888854989 19.500000000000004 -164.44167923927304 -248.15716445446012 -74.102843920389788 1.0604047753555781 2255.8569862945228 341.01575402200893 2236.1904779672627 405.10230302810675 393.46554112434393 11765.18967652321 0.85164835164835173
decision_type=2 2 10 8 10 8 8 10 10 8 10 10 10 8
left_child=2 -2 3 4 -1 6 -5 -8 -9 10 11 12 -7 -14
right_child=1 -3 -4 5 -6 9 7 8 -10 -11 -12 -13 13 -15
leaf_value=-0.2803941243658255 0.0079856224128976375 0.20824955957822316 0.10669049956513049 -0.33772635996462708 0.163184392535978 0.0054147255434329362 -0.32248598990331445 0.35116668647819316 -0.040448397562117433 -0.066143457033406669 -0.44298411963063516 0.14319606778861207 0.14039283098504748 -0.14476840885941059
leaf_weight=41 103 45 70 111 65 2467 69 43 66 202 61 174 41 269
leaf_count=41 103 45 70 111 65 2467 69 43 66 202 61 174 41 269
internal_value=7.83699e-06 0.00644295 -0.000252717 -0.000423823 0.00672897 -0.000642123 -0.00568966 -0.00100559 0.00463636 -0.000186625 0.00015931 0.000355691 -1.07991e-05 -0.0044373
internal_weight=3827 148 3679 3609 106 3503 289 178 109 3214 3012 2951 2777 310
internal_count=3827 148 3679 3609 106 3503 289 178 109 3214 3012 2951 2777 310
is_linear=0
shrinkage=0.03


Tree=340
num_leaves=15
num_cat=0
split_feature=20 20 40 77 82 36 65 7 34 62 70 58 0 23
split_gain=8.17276 6.52385 8.09349 13.329 12.6995 12.1835 19.7794 9.09889 9.07816 14.0327 12.0301 13.2611 10.2055 9.90838
threshold=87.413296341896071 147.41329634189609 215.65461851332319 -69.339104831218705 94.87326687574388 0.20284787676092028 1.0970325402485355 2721.2635747458485 0.17445652173913045 -0.16350993190240734 0.8973684210526317 242.97837388515475 -1.0000000180025095e-35 3.0054835081100468
decision_type=8 8 8 10 10 10 10 10 10 8 10 10 2 10
left_child=-1 -2 3 5 -5 6 -3 -7 9 12 13 -12 -4 -10
right_child=1 2 8 4 -6 7 -8 -9 10 -11 11 -13 -14 -15
leaf_value=-0.27074277609125746 0.22096926579094184 -0.30178634195622472 0.10135358390816449 0.030510156400032427 1.1880379696102377 -0.072241398787333891 0.25580522494551017 0.034956527715819162 -0.018222256043716967 0.036751266033970179 -0.021053458817139461 -0.74552430465087915 -0.35546670014242643 0.21609977720853024
leaf_weight=103 72 174 45 179 44 513 42 172 132 877 1096 57 56 265
leaf_count=103 72 174 45 179 44 513 42 172 132 877 1096 57 56 265
internal_value=-7.05329e-05 0.000161074 -1.64249e-05 -0.00213333 0.00441964 -0.00375831 -0.00995392 -0.001793 0.000925267 0.00318693 -0.000502901 -0.00205373 -0.00735294 0.00399497
internal_weight=3827 3724 3652 1124 223 901 216 685 2528 978 1550 1153 101 397
internal_count=3827 3724 3652 1124 223 901 216 685 2528 978 1550 1153 101 397
is_linear=0
shrinkage=0.03


Tree=341
num_leaves=15
num_cat=0
split_feature=36 62 41 31 82 69 42 16 16 43 42 31 85 36
split_gain=7.64447 11.9454 12.024 10.6417 12.3282 12.121 11.2772 10.7892 10.4323 10.2975 9.8654 10.6052 9.65314 10.0433
threshold=0.10946593632317701 0.027437530053162535 95.49742960929872 18.011111111111116 245.0300513505936 20.570644506064173 191.52939891815188 47.500000000000007 9.5000000000000018 1026.5214799030352 27.345265626907352 30.459375000000005 38.322850008805602 0.1977383082034245
decision_type=8 8 8 8 10 8 10 2 2 10 8 10 10 10
left_child=1 -1 -3 4 7 9 10 -2 -8 12 -7 -12 13 -5
right_child=3 2 -4 5 -6 6 8 -9 -10 -11 11 -13 -14 -15
leaf_value=0.12855551066991025 0.0063494800573499783 -0.20276038797609663 0.026817922503577219 0.21126421097429368 1.0834827457317673 -0.089186377848233148 0.023479152884133488 0.44167965192963948 -0.73259230156171873 -0.38414905124070808 0.023135020578929348 0.52220831912071797 -0.26499667255471776 -0.25130086230985027
leaf_weight=159 2351 78 64 106 62 155 78 40 100 55 341 52 70 123
leaf_count=159 2351 78 64 106 62 155 78 40 100 55 341 52 70 123
internal_value=0.000485007 0.00506623 -0.00125874 9.33786e-05 0.00118582 -0.00238668 -0.000165062 0.000840301 -0.00670391 -0.00692958 0.00196721 0.00449239 -0.0047 -0.00169565
internal_weight=3834 301 142 3533 2453 1080 726 2391 178 354 548 393 299 229
internal_count=3834 301 142 3533 2453 1080 726 2391 178 354 548 393 299 229
is_linear=0
shrinkage=0.03


Tree=342
num_leaves=15
num_cat=0
split_feature=82 17 28 20 26 48 3 48 3 84 58 48 28 56
split_gain=9.11539 7.56717 6.64869 6.41088 6.18812 7.76086 8.96366 7.0863 6.56882 11.4625 7.52381 7.3302 12.7906 12.744
threshold=-158.83502344290414 3.5000000000000004 469.50000000000006 779.08346462249767 212.50000000000003 41.401291926701866 14.958333333343036 145.85433439413711 23.125000000000004 30.259966611862186 45.726701140403755 60.768820762634284 301.50000000000006 69.198091745376601
decision_type=8 2 2 8 2 10 2 10 2 8 10 8 2 8
left_child=3 -2 4 -1 8 6 -6 -7 11 -10 -11 12 -3 -13
right_child=1 2 -4 -5 5 7 -8 -9 9 10 -12 13 -14 -15
leaf_value=0.13618526512864321 -0.75674894795236669 -0.0060373248611014672 -0.31899056520948887 0.0070739179215176529 1.5560711219926155 -0.3142704347074759 0.017879775867513065 0.1053487887889608 -0.75291106683446696 -0.22803762283204618 0.29750999903343817 0.16956622546790739 -0.41871927960492222 0.0015780059320474726
leaf_weight=55 72 1685 53 61 40 42 54 45 42 41 40 237 109 1241
leaf_count=55 72 1685 53 61 40 42 54 45 42 41 40 237 109 1241
internal_value=-3.92876e-05 -0.000299838 -0.000107438 0.00820513 5.03215e-05 0.00543956 0.0113684 -0.00102273 -0.000238516 -0.00701613 -0.000365854 1.83318e-05 -0.00127019 0.00158215
internal_weight=3817 3701 3629 116 3576 181 94 87 3395 123 81 3272 1794 1478
internal_count=3817 3701 3629 116 3576 181 94 87 3395 123 81 3272 1794 1478
is_linear=0
shrinkage=0.03


Tree=343
num_leaves=15
num_cat=0
split_feature=67 31 17 56 35 85 34 67 4 38 49 14 8 43
split_gain=8.13626 10.1123 10.271 11.29 11.4686 16.2571 10.2274 8.15897 7.76142 7.73783 11.5603 10.4525 15.8308 12.2595
threshold=141.82127556380098 17.101785714285722 36.500000000000007 -25.962535023689266 16.067006802721092 112.85662388801576 0.35585996955859972 -170.53702543740062 8.5000000000000018 2487.7218150629637 8.5000000000000018 429.46670079490315 5.2988550205397811 675.44764103792602
decision_type=8 10 2 10 10 8 10 10 2 8 10 10 10 10
left_child=1 6 8 7 -5 -6 -1 -4 -3 10 11 13 -13 -2
right_child=9 2 3 4 5 -7 -8 -9 -10 -11 -12 12 -14 -15
leaf_value=0.022068163602768927 0.022820331746320619 -0.7916025616691752 0.010434027635698938 -0.27518504993127224 0.63546169923063534 -0.032058832516758083 -0.20756885229541636 -0.24425639393588247 -0.01377919860407438 0.027841095231853973 -0.51271860832635918 -0.21702687476836827 0.27547578880824192 0.45402232258969516
leaf_weight=670 693 106 50 40 78 92 86 87 58 1303 109 251 81 73
leaf_count=670 693 106 50 40 78 92 86 87 58 1303 109 251 81 73
internal_value=0.000468502 -0.00149054 -0.00474609 -0.00181034 0.00255924 0.00596491 0.000713342 -0.00847826 -0.0109091 0.00145759 -0.000273179 0.000655141 -0.00378378 0.00258149
internal_weight=3777 1267 511 347 210 170 756 137 164 2510 1207 1098 332 766
internal_count=3777 1267 511 347 210 170 756 137 164 2510 1207 1098 332 766
is_linear=0
shrinkage=0.03


Tree=344
num_leaves=15
num_cat=0
split_feature=36 84 31 25 82 25 80 56 49 35 79 64 35 6
split_gain=7.44252 7.81916 7.71699 13.5695 16.4957 9.27973 11.0349 7.78766 8.4902 10.2787 8.72196 16.0105 14.1871 13.1182
threshold=0.10946593632317701 -78.210264901320116 24.027619047619059 0.88975694444444453 40.087382753690086 0.95101959216313481 -19.12726259231567 -76.768016974131257 10.500000000000002 19.154618226600991 11.331508571641569 5.505979718076019 16.370635097907829 750.00000000000011
decision_type=8 8 10 10 8 10 10 8 10 10 10 10 10 10
left_child=1 -1 7 4 -4 6 -5 -2 10 -10 11 12 -9 -14
right_child=2 -3 3 5 -6 -7 -8 8 9 -11 -12 -13 13 -15
leaf_value=0.22892682628063055 0.028894263843881066 0.011282618565382038 -1.463173176239541 0.74206661998177104 -0.045416521383478251 -0.1624992079976107 -0.20886109457408278 -0.027711014525525001 -0.25253890573461873 0.24592533075615178 0.017938950279815059 -0.534584387891469 0.84266729097752202 -0.17715953502586276
leaf_weight=47 536 250 49 75 83 69 72 1212 215 45 931 76 131 52
leaf_count=47 536 250 49 75 83 69 72 1212 215 45 931 76 131 52
internal_value=-2.34131e-05 0.0045302 -0.000405977 -0.00464183 -0.0121805 0 0.00425676 5.62676e-05 -0.000608336 -0.00574713 -4.99376e-05 -0.00148777 -0.000752149 0.00701087
internal_weight=3843 297 3546 348 132 216 147 3198 2662 260 2402 1471 1395 183
internal_count=3843 297 3546 348 132 216 147 3198 2662 260 2402 1471 1395 183
is_linear=0
shrinkage=0.03


Tree=345
num_leaves=15
num_cat=0
split_feature=3 17 17 80 64 66 42 48 62 15 48 3 85 58
split_gain=9.23025 9.26934 26.7648 16.6709 12.5725 10.7416 9.81957 10.6612 10.1019 9.38993 10.9442 9.102 8.72874 8.67017
threshold=15.708333333343036 24.500000000000004 26.500000000000004 -147.07859933376309 3.3165491002834648 -312.33257269859308 126.79964375495912 91.575407584508284 -0.11737446102444794 14.500000000000002 208.68202400207522 13.958333333343036 63.753903925418861 120.91653537750246
decision_type=2 2 2 8 10 8 10 10 8 2 10 2 10 10
left_child=1 4 -3 -4 -1 -5 7 8 11 10 -8 -7 -11 -9
right_child=-2 2 3 5 -6 6 9 13 -10 12 -12 -13 -14 -15
leaf_value=-0.011313109073462755 0.019875177253652405 1.1296847134008425 0.51398969663684457 -1.3125156810520826 -0.65909104129399043 0.27957219874834338 -0.79032528630106724 0.46811932469733497 -0.014433769307299633 0.11021212797899944 -0.033885194447902584 -0.063843038700263199 -0.33470283697954428 -0.043834093268977518
leaf_weight=593 1469 79 45 45 137 139 57 96 846 82 44 54 75 40
leaf_count=593 1469 79 45 45 137 139 57 96 846 82 44 54 75 40
internal_value=0.000607575 -0.000565795 0.000711167 -0.000177165 -0.00336525 -0.000730223 -0.000271967 0.000892857 -0.000144231 -0.00555985 -0.0126471 0.00603093 -0.000949367 0.00875912
internal_weight=3801 2332 1602 1523 730 1478 1433 1175 1039 258 101 193 157 136
internal_count=3801 2332 1602 1523 730 1478 1433 1175 1039 258 101 193 157 136
is_linear=0
shrinkage=0.03


Tree=346
num_leaves=15
num_cat=0
split_feature=13 6 41 29 77 80 77 77 8 80 65 34 41 81
split_gain=6.90963 8.34404 11.3763 11.8422 19.7172 10.9214 11.0369 10.4969 8.94144 8.82257 8.41711 9.93938 9.88496 10.5327
threshold=450.00000000000006 690.00000000000011 -75.437159538269029 0.89194594594594612 -183.1619641780853 -16.649368524551388 -149.14443445205686 -286.18455314636225 3.8108411213951379 -48.456532001495354 1.0302285409872025 0.080322580645161304 -19.113526821136471 4632.2083827257165
decision_type=10 10 10 10 10 10 10 8 8 8 10 10 10 10
left_child=1 10 3 4 8 -5 -7 9 -3 -4 12 -12 13 -1
right_child=-2 2 7 5 -6 6 -8 -9 -10 -11 11 -13 -14 -15
leaf_value=0.023352897475552366 0.064450858637994615 -0.041327858337349352 -0.53888859422298774 0.27118503278589312 -0.72193410097185406 -0.060277352131330092 0.47273079431383386 -0.015566907141752106 0.42737912345039913 -0.058526209851827708 0.22089972566660254 -0.050743786367209401 0.09607133093472868 -0.17753391577327435
leaf_weight=254 192 45 42 79 91 56 58 1663 53 102 40 285 757 135
leaf_count=254 192 45 42 79 91 56 58 1663 53 102 40 285 757 135
internal_value=0.00068518 0.000393335 -0.000780822 0.00391645 -0.00142105 0.00912371 0.00313043 -0.00177544 0.00787879 -0.00951724 0.00213995 -0.00211656 0.00334786 -0.000538462
internal_weight=3852 3660 2189 382 189 193 114 1807 98 144 1471 325 1146 389
internal_count=3852 3660 2189 382 189 193 114 1807 98 144 1471 325 1146 389
is_linear=0
shrinkage=0.03


Tree=347
num_leaves=15
num_cat=0
split_feature=0 67 59 75 3 7 83 35 34 68 73 29 63 67
split_gain=7.88817 6.13676 6.93654 13.0838 13.3921 15.8064 13.0332 11.341 13.1727 9.74723 9.4588 8.83401 8.00449 6.25172
threshold=427.50000000000006 -261.95527132919852 122.44134294986726 577.52875912189495 16.291666666656969 2740.9900278459504 177.53569090366366 16.254041666666669 0.28035087719298252 0.022787172224568639 -15.434855818748472 0.89675666199158488 -17.032158446298748 -157.29440929492313
decision_type=2 8 10 8 2 10 8 10 10 8 10 10 10 8
left_child=1 -1 13 6 7 9 11 8 -5 -6 -10 -4 -13 -3
right_child=-2 2 3 4 5 -7 -8 -9 10 -11 -12 12 -14 -15
leaf_value=-0.4775961020158212 0.66505008418121558 0.30019555008484017 -0.43907562676661482 0.15241387336772091 -0.40686687033280222 0.34097288180994412 1.0927463977883132 -0.70324718803801889 0.030926409265927539 0.06302310189558824 -0.44524573265246009 0.92424139489929824 -0.012262582309845697 -0.0093854092889243644
leaf_weight=67 52 62 40 47 41 94 82 85 61 69 70 43 40 2971
leaf_count=67 52 62 40 47 41 94 82 85 61 69 70 43 40 2971
internal_value=-0.000172549 -0.000333952 -0.000169995 0.00258544 -0.000192308 0.00556098 0.0088835 -0.00465909 -0.000335196 -0.00216216 -0.00522727 0.00266129 0.00821429 -0.000781147
internal_weight=3824 3772 3705 672 467 204 205 263 178 110 131 123 83 3033
internal_count=3824 3772 3705 672 467 204 205 263 178 110 131 123 83 3033
is_linear=0
shrinkage=0.03


Tree=348
num_leaves=15
num_cat=0
split_feature=59 0 16 3 35 52 81 82 36 39 81 60 27 77
split_gain=7.68772 12.2646 10.152 20.7205 18.6918 14.1979 10.9066 8.60321 8.30452 10.8798 9.73124 8.04759 8.62276 9.77477
threshold=122.44134294986726 -25.499999999999996 7.5000000000000009 12.875000000000002 15.667333333333335 15.006342530250551 4536.5667403936395 170.41200455029806 0.12793235133660666 6459.2382376701216 11765.18967652321 -109.87964403629302 0.88009216589861761 -154.97655028104779
decision_type=10 2 2 2 8 8 10 8 8 10 8 8 10 8
left_child=2 11 3 5 7 -1 -7 -5 9 -6 -10 12 -2 -14
right_child=1 -3 -4 4 8 6 -8 -9 10 -11 -12 -13 13 -15
leaf_value=-0.69583558799320111 0.10358511863522871 0.25361056152924255 -0.01639729416705734 0.23497271427030283 0.40612231791566045 0.028606680363864882 -0.28941959203279094 1.2147033688683921 0.026827201227360715 -0.014818337648831812 -0.38202395302509023 0.034448079873420023 -0.60748719757000091 -0.0044769690229965776
leaf_weight=47 54 304 2177 165 45 265 94 81 71 41 73 251 59 56
leaf_count=47 54 304 2177 165 45 265 94 81 71 41 73 251 59 56
internal_value=0.000118922 0.00289655 -0.000539216 0.00217441 0.00641509 -0.00280098 -0.00075 0.0121457 0.00025974 0.00758621 -0.00413793 -0.000427553 -0.00547059 -0.0100862
internal_weight=3783 724 3059 882 476 406 359 246 230 86 144 420 169 115
internal_count=3783 724 3059 882 476 406 359 246 230 86 144 420 169 115
is_linear=0
shrinkage=0.03


Tree=349
num_leaves=15
num_cat=0
split_feature=14 14 29 31 6 37 14 43 7 81 56 41 29 60
split_gain=5.95152 11.7548 9.29707 9.75816 11.2559 7.76328 13.4765 10.5764 9.62308 11.0683 9.14148 9.75422 8.49976 8.45356
threshold=51.094293393301065 96.809017533079938 0.92586048946472987 13.074285714285717 810.00000000000011 1309.8384729594197 441.7357615193219 569.51409323227188 2943.1961824685172 9584.3833498954791 -40.967615286509194 51.611154794693 0.9950824029771399 204.07489490509036
decision_type=8 8 10 8 10 8 8 10 8 10 8 8 8 10
left_child=2 -2 3 -1 -5 6 8 10 9 12 -8 -12 13 -3
right_child=1 5 -4 4 -6 -7 7 -9 -10 -11 11 -13 -14 -15
leaf_value=0.33260117686939578 -0.39447117543353571 -0.18364362656368016 -0.02919513373964051 0.13263680348200493 -0.1100641836333795 0.010516615578879111 0.17888903420044427 -0.39364632263106653 0.27600309071395857 0.37070804118885159 -0.39653243522094583 -0.043097491401809192 0.22590506988874107 0.017176177092646867
leaf_weight=88 79 383 143 55 50 1963 122 109 271 89 106 150 51 165
leaf_count=88 79 383 143 55 50 1963 122 109 271 89 106 150 51 165
internal_value=0.000109804 -0.000257954 0.00391691 0.00819588 0.00198113 8.79765e-06 -0.0016586 -0.00571721 0.00040625 -0.00148041 -0.00332454 -0.00653696 -0.00295 -0.00404372
internal_weight=3824 3488 336 193 105 3409 1446 487 959 688 378 256 599 548
internal_count=3824 3488 336 193 105 3409 1446 487 959 688 378 256 599 548
is_linear=0
shrinkage=0.03


Tree=350
num_leaves=15
num_cat=0
split_feature=53 58 16 29 53 37 77 80 17 36 20 83 66 56
split_gain=8.5145 12.2086 7.31673 9.04406 11.2271 12.338 10.8475 12.7817 12.2894 10.8424 9.52444 13.7924 13.4206 13.6513
threshold=19.500000000000004 1470.128134608269 1.0000000180025095e-35 0.89763239002521722 6.5000000000000009 989.92115844945658 -182.41542613506314 -54.200379490852349 32.500000000000007 0.57364995178399236 67.54545378684999 -110.75879597663878 -76.216005206108079 -27.716151356697079
decision_type=10 10 2 8 8 8 8 8 2 10 10 10 8 10
left_child=2 -2 -1 4 6 9 7 -4 -8 -6 11 -7 -13 -14
right_child=1 -3 3 -5 5 10 8 -9 -10 -11 -12 12 13 -15
leaf_value=-0.28959285029057341 0.480538858096827 0.0019798920016007447 -0.47872851326060878 0.018820433659015982 -0.32375984716797779 -0.026263926493982018 0.013026849248773509 0.28388299358402203 -1.3454229476094526 0.30674537649287476 0.040861345419550547 0.24888816916448547 -0.22999925703492038 0.10015758752554044
leaf_weight=144 42 67 43 2225 111 338 53 45 123 52 166 107 64 191
leaf_count=144 42 67 43 2225 111 338 53 45 123 52 166 107 64 191
internal_value=0.000230647 0.00845455 -1.638e-05 0.000255754 -0.00173879 -0.000320388 -0.00724528 0.00134831 -0.0115254 -0.00786585 0.00110727 -0.00042796 0.00363636 -0.000117187
internal_weight=3771 109 3662 3518 1293 1029 264 88 176 163 866 700 362 255
internal_count=3771 109 3662 3518 1293 1029 264 88 176 163 866 700 362 255
is_linear=0
shrinkage=0.03


Tree=351
num_leaves=15
num_cat=0
split_feature=38 77 17 17 71 63 66 74 82 23 67 59 27 60
split_gain=8.33689 10.3971 10.1486 14.9516 13.5695 12.4923 12.4074 12.2252 12.5495 13.5837 11.4217 9.58711 12.4908 10.5127
threshold=3001.5023253427366 60.856666743755348 24.500000000000004 35.000000000000007 6.5000000000000009 -324.36411731046093 223.58971846103671 2434.5028029732798 65.116611440976484 4.819208264350892 156.79448634386071 146.67701900005343 0.94533384562841538 -115.71950185298918
decision_type=8 10 2 2 10 10 10 8 10 10 8 10 10 8
left_child=1 11 4 5 -2 -4 -5 -7 -9 -10 -6 -1 13 -13
right_child=2 -3 3 6 10 7 -8 8 9 -11 -12 12 -14 -15
leaf_value=-0.030742663663962517 1.4355824329072278 -0.28187617916929297 -0.16657304813722976 0.010626904482236976 -0.65909853927495676 2.4444120168942729 -0.22552471783420755 0.52590279210797586 -0.2644987139240742 0.23023907519222489 -0.010842158898309435 -0.11226180285744107 -0.03326745712429309 0.45432294405733831
leaf_weight=1687 41 91 40 853 73 59 92 134 46 41 325 58 137 159
leaf_count=1687 41 91 40 853 73 59 92 134 46 41 325 58 137 159
internal_value=-0.000297107 -0.00154712 0.00126686 0.00263033 -0.00265909 0.0082243 0.000729387 0.0104626 0.00716216 -0.00170455 -0.0043609 -0.00110186 0.00338028 0.00784404
internal_weight=3836 2132 1704 1265 439 320 945 280 221 87 398 2041 354 217
internal_count=3836 2132 1704 1265 439 320 945 280 221 87 398 2041 354 217
is_linear=0
shrinkage=0.03


Tree=352
num_leaves=15
num_cat=0
split_feature=80 63 73 20 80 70 80 62 80 83 82 82 74 34
split_gain=6.39866 8.82958 9.93415 7.88317 5.91272 11.7747 7.94853 14.8025 8.392 7.68221 7.02955 6.37239 5.82847 12.251
threshold=-167.86078178882596 161.40491657796721 13.057114720344545 216.71854937076571 -126.84077084064482 0.97500000000000009 -95.134021878242478 -0.10779195768597837 -80.556691408157334 -341.56217813491816 -97.829552173614488 -95.863730231920854 2035.0229295796833 0.18544973544973548
decision_type=8 10 8 10 8 10 8 10 8 8 10 8 10 10
left_child=1 2 -1 -4 5 -2 7 -6 -8 -10 -7 -11 -13 -14
right_child=4 -3 3 -5 6 10 8 -9 9 11 -12 12 13 -15
leaf_value=0.13490616433105088 -0.50918999480841154 0.51909742016489946 0.015452318125845519 -0.52686905301957554 0.28806601387983222 -0.43089429808042723 -0.35712724111972655 -0.010144448164714787 -0.29333108166489924 0.16390997100193913 0.089931277237559684 0.00081556241399355768 0.0021665924993664386 -0.4750946941431779
leaf_weight=40 42 57 48 42 55 43 86 76 45 40 44 3078 94 67
leaf_count=40 42 57 48 42 55 43 86 76 45 40 44 3078 94 67
internal_value=-0.000132193 0.00526596 0.000916031 -0.00461538 -0.000408608 -0.00669231 -0.000177866 0.00704545 -0.000457344 -0.000216541 -0.000340909 -4.57317e-05 -0.000194444 -0.00574074
internal_weight=3857 187 130 90 3670 129 3541 131 3410 3324 87 3279 3239 161
internal_count=3857 187 130 90 3670 129 3541 131 3410 3324 87 3279 3239 161
is_linear=0
shrinkage=0.03


Tree=353
num_leaves=15
num_cat=0
split_feature=29 41 73 53 29 45 82 84 29 7 7 69 76 27
split_gain=6.84504 17.8025 13.604 13.5641 12.9113 10.9607 9.46829 13.2221 14.236 14.2904 10.561 10.4822 12.9364 11.1859
threshold=0.89763239002521722 -118.02781558036803 65.476463079452529 6.5000000000000009 0.59873833254231934 5.5000000000000009 -2.6643025080362954 13.758753061294557 0.96300322061191634 935.24810975376397 3116.5635376385767 127.03507482970741 391.70566487312323 0.95706605222734276
decision_type=10 8 10 8 10 10 8 8 10 8 8 8 8 10
left_child=3 5 6 4 -1 -2 -3 -8 11 -10 -11 -9 -13 -14
right_child=1 2 -4 -5 -6 -7 7 8 9 10 -12 12 13 -15
leaf_value=-1.6273771571546718 -0.0026662306431799007 0.078831663827967011 -0.16584818647738939 0.00074852443804317658 -0.12651126345409161 0.60379840452141098 -0.079235662145689403 0.008914584494083843 0.24866763137481401 -0.62881332418309366 -0.0095074304759020824 -0.36891632116512085 0.68716520852041596 -0.013107571317095787
leaf_weight=42 49 463 54 1175 252 104 496 502 47 110 121 65 252 72
leaf_count=42 49 463 54 1175 252 104 496 502 47 110 121 65 252 72
internal_value=0.000236531 0.00124572 0.000549702 -0.00136735 -0.00711864 0.0111039 0.000930014 -0.00012605 0.00161538 -0.00430108 -0.00737069 0.00346413 0.00715385 0.0096
internal_weight=3804 2335 2182 1469 294 153 2128 1665 1169 278 231 891 389 324
internal_count=3804 2335 2182 1469 294 153 2128 1665 1169 278 231 891 389 324
is_linear=0
shrinkage=0.03


Tree=354
num_leaves=15
num_cat=0
split_feature=62 16 80 26 24 42 42 79 22 22 68 66 6 34
split_gain=6.99331 6.39821 6.61528 8.50993 5.86055 6.48196 11.7104 11.051 11.1506 10.9861 10.5615 12.2669 10.4172 9.67109
threshold=-0.36020306481264014 50.500000000000007 -191.50997149944303 76.500000000000014 84.500000000000014 -84.093352556228623 -34.309117436408989 10.014611876968912 7.1185901165008554 6.1203634738922128 -0.17152950627022298 -272.3514158725738 690.00000000000011 0.16152751423149908
decision_type=8 2 8 2 2 8 8 10 2 2 8 10 8 8
left_child=-1 2 3 -2 5 7 -7 9 -9 -4 11 -8 13 -12
right_child=1 -3 4 -5 -6 6 10 8 -10 -11 12 -13 -14 -15
leaf_value=-0.20424996130154424 -0.083329297763659618 0.062413911806041132 0.028052701383699759 0.18977843054726573 -0.28807060699382536 -0.12810988640954987 0.067351700915384033 0.014875131924193879 -0.19457910996898056 0.49651539377577719 0.23607528073124812 -0.42955863786094689 -0.012826425261660486 0.024434068122278951
leaf_weight=41 43 95 176 99 52 377 74 208 79 106 195 106 1496 677
leaf_count=41 43 95 176 99 52 377 74 208 79 106 195 106 1496 677
internal_value=3.13725e-05 0.00016649 -3.25291e-05 0.00629371 -0.000287567 -0.000137339 -0.00070745 0.00278947 -0.00135417 0.00699647 2.35386e-05 -0.00696133 0.000557197 0.00316151
internal_weight=3824 3783 3688 142 3546 3494 2925 569 287 282 2548 180 2368 872
internal_count=3824 3783 3688 142 3546 3494 2925 569 287 282 2548 180 2368 872
is_linear=0
shrinkage=0.03


Tree=355
num_leaves=15
num_cat=0
split_feature=16 15 24 16 32 43 33 82 42 39 35 42 0 43
split_gain=6.65292 9.41106 7.37008 7.24669 19.6829 9.54962 8.2659 6.98296 6.75172 6.13037 8.90875 7.70035 7.36726 7.61212
threshold=45.500000000000007 2.5000000000000004 84.500000000000014 37.500000000000007 0.89181286549707617 84.989408508933337 13.44089026915114 -150.37561261653897 37.264449119567878 219.2031480654513 0.161830131445905 93.317190408706679 401.50000000000006 605.77801138740358
decision_type=2 2 2 2 8 10 10 8 10 10 8 8 2 10
left_child=2 -2 3 7 6 -6 -5 -1 -3 11 -11 -9 13 -12
right_child=1 8 -4 4 5 -7 -8 9 -10 10 12 -13 -14 -15
leaf_value=0.048551257227118817 0.30916631225912078 0.044920762779513145 -0.61155864316939568 0.21724537250191289 -1.4826078366237709 -0.10873007814301416 -0.1686263941739764 0.0039152901605586619 -0.017068637793025854 0.31696334440495694 0.0067566477986514429 -0.31523150681012596 1.284240332181328 -0.021008087830158402
leaf_weight=99 42 53 42 77 44 60 60 90 43 154 2049 66 49 918
leaf_count=99 42 53 42 77 44 60 60 90 43 154 2049 66 49 918
internal_value=3.11931e-05 0.00647482 -0.000210299 -6.54486e-05 -0.00508264 -0.0148571 0.0023913 0.000288967 0.00123711 5.41028e-05 0.000340587 -0.00573248 -1.98873e-05 -0.000212264
internal_weight=3846 138 3708 3666 241 104 137 3425 96 3326 3170 156 3016 2967
internal_count=3846 138 3708 3666 241 104 137 3425 96 3326 3170 156 3016 2967
is_linear=0
shrinkage=0.03


Tree=356
num_leaves=15
num_cat=0
split_feature=17 16 13 66 29 15 84 3 60 37 30 33 60 42
split_gain=9.22556 11.4416 11.0166 8.42336 11.9462 11.2255 9.26624 7.37364 6.76407 6.62278 15.7069 12.2211 10.2888 10.1669
threshold=52.000000000000007 43.500000000000007 150.00000000000003 -88.968615293502793 0.85747051114023598 29.500000000000004 -37.808313528696694 23.125000000000004 63.151734352111824 1474.8108148886572 23.750000000000004 14.972670807453419 -39.17795813083648 39.35622692108155
decision_type=2 2 8 10 10 2 10 2 10 10 10 10 10 8
left_child=1 7 3 4 5 -2 -5 9 -9 10 -1 12 -11 -13
right_child=2 -3 -4 6 -6 -7 -8 8 -10 11 -12 13 -14 -15
leaf_value=0.001512881153797494 0.0073404936513138345 -0.49611787569753812 0.19908437837409979 0.0063071564858506691 0.27729356304966574 -0.077556480667983901 -0.76078491464070985 -0.018790745722737156 -0.90387375992371888 1.2027187346358807 -0.17917757197201381 -0.033804462543870588 0.13739204379255285 0.038683618258699752
leaf_weight=1756 94 40 94 78 107 55 43 40 43 51 290 512 139 510
leaf_count=1756 94 40 94 78 107 55 43 40 43 51 290 512 139 510
internal_value=0.00020244 -0.000345949 0.00413136 0.0018254 0.00490272 -0.0006 -0.00467213 -0.000152603 -0.00892857 7.36422e-05 -0.000967269 0.00183017 0.00879581 0.000527859
internal_weight=3852 3381 471 377 256 149 121 3341 83 3258 2046 1212 190 1022
internal_count=3852 3381 471 377 256 149 121 3341 83 3258 2046 1212 190 1022
is_linear=0
shrinkage=0.03


Tree=357
num_leaves=15
num_cat=0
split_feature=77 5 73 37 3 17 80 28 64 83 37 74 69 33
split_gain=8.21813 9.01979 7.64635 8.47142 7.58746 6.62719 9.21839 15.1446 10.1061 10.9107 9.57784 12.0434 11.9514 10.0452
threshold=-289.75356954336161 135.90680468082431 14.848884105682375 1380.5006441320725 15.041666666656967 3.5000000000000004 -42.96464014053344 221.50000000000003 4.2934104514336733 -44.580413460731499 940.29018958010045 296.67081615189653 -18.38957061370218 6.1913043478260876
decision_type=8 10 8 10 2 2 8 2 8 8 8 8 8 10
left_child=1 2 3 -1 -4 -2 7 8 -7 -10 13 12 -12 -8
right_child=5 -3 4 -5 -6 6 10 -9 9 -11 11 -13 -14 -15
leaf_value=0.18394004934664293 -0.36184853647413623 -0.64805188165075478 0.016598237784163316 -0.2264206199939586 -0.29195223084130095 -0.43216941658298508 -0.01216487602529142 0.19113300260966501 0.16581562107302622 -0.021669437475936935 1.2007858046142377 0.0015111170455472944 0.030158175371570221 -0.15637623310070148
leaf_weight=49 94 47 63 42 94 102 589 256 140 107 56 1924 62 204
leaf_count=49 94 47 63 42 94 102 589 256 140 107 56 1924 62 204
internal_value=-0.000164491 -0.00496622 -0.0026506 0.00423913 -0.00664557 0.000237624 0.000453357 0.00381188 -0.000257143 0.00302419 -0.000264457 0.00082232 0.010084 -0.00306045
internal_weight=3829 295 248 91 157 3534 3440 605 349 247 2835 2042 118 793
internal_count=3829 295 248 91 157 3534 3440 605 349 247 2835 2042 118 793
is_linear=0
shrinkage=0.03


Tree=358
num_leaves=15
num_cat=0
split_feature=46 4 27 77 45 8 62 7 77 80 7 10 5 28
split_gain=5.35846 9.47296 11.6834 6.49938 11.34 7.6779 7.20998 14.8076 14.2099 9.81968 16.2212 9.49116 9.08478 8.78187
threshold=570.00000000000011 7.5000000000000009 0.89254528397199984 107.6919767856598 11.500000000000002 7.6095631558242802 -0.12447698599024462 3684.8942810936355 -1.5096672177314756 7.2814961671829233 2673.3798137340277 1.5000000000000002 2.4722244739532475 232.50000000000003
decision_type=8 2 10 10 10 10 8 10 10 10 10 2 10 2
left_child=1 -1 -3 5 -5 6 7 8 9 12 -11 -8 -2 -12
right_child=3 2 -4 4 -6 -7 11 -9 -10 10 13 -13 -14 -15
leaf_value=-0.95190102905072849 0.38137925630441122 0.39582679007253779 -0.2016114386142808 -0.156932315278007 0.045248640221496855 0.40213610141108358 -0.00020213048511556945 -0.18374751060394751 0.99159696373120032 -0.16890528774706887 -0.018630173984495995 -0.55756874279705715 0.042257415452405023 0.49175466550182484
leaf_weight=65 47 46 52 123 57 68 2768 116 62 79 49 58 180 42
leaf_count=65 47 46 52 123 57 68 2768 116 62 79 49 58 180 42
internal_value=0 -0.00530488 0.000606061 0.000238356 -0.00530387 0.000527378 0.000326279 0.00338542 0.00580435 0.00369347 -0.00175439 -0.000297135 0.00776316 0.00684783
internal_weight=3812 163 98 3649 180 3469 3401 575 459 397 170 2826 227 91
internal_count=3812 163 98 3649 180 3469 3401 575 459 397 170 2826 227 91
is_linear=0
shrinkage=0.03


Tree=359
num_leaves=15
num_cat=0
split_feature=34 31 14 70 3 65 3 26 16 70 65 62 40 36
split_gain=9.25846 9.03701 10.8788 11.8254 14.0334 13.911 11.4914 15.5884 10.4798 10.2606 9.82403 9.80532 9.37472 13.289
threshold=0.23310502283105025 14.833809523809526 287.16105410712788 0.8973684210526317 17.291666666656969 1.0068004957899068 12.375000000000002 122.50000000000001 6.5000000000000009 0.91287878787878796 0.894064199951634 0.14579932736243373 92.012621032954186 0.4529775943396227
decision_type=10 10 8 8 2 8 2 2 2 8 8 10 10 10
left_child=-1 2 10 5 6 -4 8 -8 -5 -3 -2 -6 13 -12
right_child=1 9 3 4 11 -7 7 -9 -10 -11 12 -13 -14 -15
leaf_value=0.0082756575776011584 0.7886145553825008 0.022623721101265235 -0.12455394528265003 -0.63552612875340164 -0.19957936114792971 0.41779618171938943 0.35471333647712455 -0.026423914797332058 -0.041431568508588403 -0.33527609630021743 0.7949613351364182 -0.58451910198741286 -0.035528343851881396 0.011206472349030426
leaf_weight=1787 41 121 53 64 209 78 174 59 325 311 72 40 300 175
leaf_count=1787 41 121 53 64 209 78 174 59 325 311 72 40 300 175
internal_value=-0.000448819 -0.00183885 -0.000791955 -0.00269192 -0.00395642 0.00568182 -0.00154093 0.00371795 -0.00469231 -0.00568129 0.00244482 -0.00996 0.00136861 0.00568548
internal_weight=3809 2022 1590 1002 871 131 622 233 389 432 588 249 547 247
internal_count=3809 2022 1590 1002 871 131 622 233 389 432 588 249 547 247
is_linear=0
shrinkage=0.03


Tree=360
num_leaves=15
num_cat=0
split_feature=16 35 34 79 38 9 7 82 23 85 7 20 0 60
split_gain=7.29674 12.9994 13.8924 13.7667 10.1525 10.313 11.4878 20.781 10.5391 9.90953 9.42185 9.08374 9.12336 9.06348
threshold=7.5000000000000009 11.091690408357076 0.31311274509803927 8.1905585240692105 2975.2402846663813 210.00000000000003 2656.046618781997 -27.026342352231342 2.7453938722610478 15.846431692441309 2832.5648277214646 703.1989827156068 304.50000000000006 371.44825458526617
decision_type=2 10 10 8 8 2 8 8 10 10 8 10 2 8
left_child=1 3 11 9 5 6 8 -8 -2 -1 -9 12 -3 -10
right_child=4 2 -4 -5 -6 -7 7 10 13 -11 -12 -13 -14 -15
leaf_value=0.47853411694757048 0.013685551921668518 0.015858084837863801 -0.28408674606910189 0.5282943405174747 0.0094227663979729696 0.0027053705950967452 0.33862038595417143 0.10743591092260672 -0.72826439251834085 -0.20148155344079757 -0.11794831657836596 -0.32367618632285516 1.2164927710219671 -0.040835498757420589
leaf_weight=42 64 671 106 101 1140 755 85 86 150 48 493 47 41 49
leaf_count=42 64 671 106 101 1140 755 85 86 150 48 493 47 41 49
internal_value=3.09358e-05 0.00215705 0.000588915 0.00921875 -0.000765143 -0.00224599 -0.00436422 -0.00225564 -0.00965909 0.000659341 -0.0042931 0.00201316 0.00286115 -0.01305
internal_weight=3878 1056 865 191 2822 1682 927 664 263 90 579 759 712 199
internal_count=3878 1056 865 191 2822 1682 927 664 263 90 579 759 712 199
is_linear=0
shrinkage=0.03


Tree=361
num_leaves=15
num_cat=0
split_feature=6 14 40 41 38 61 36 35 83 48 83 38 61 64
split_gain=6.59533 10.3992 8.86882 11.7994 10.9199 9.55674 8.14986 10.1992 11.5824 8.47885 8.47332 10.7643 7.97386 9.48589
threshold=690.00000000000011 1053.0138490644842 43.884955955166269 1.6453763246536257 4002.913543957286 0.049537092832068579 0.27798663324979117 21.202013888888896 -96.573196291923509 107.19344095389049 85.059537768363967 2869.0089553687835 0.73513369580305932 3.1556361599964586
decision_type=10 8 10 10 10 8 10 10 8 10 10 8 10 10
left_child=1 2 5 4 -4 -1 7 8 -5 -9 11 -10 13 -8
right_child=-2 -3 3 6 -6 -7 12 9 10 -11 -12 -13 -14 -15
leaf_value=-0.0082878952264722056 -0.0071011699182547969 -0.17546066613286609 -0.027534605233024968 -0.030211343701156784 0.68772077884355043 0.57558170186248558 0.21597754872076094 -0.32859059818220698 0.058358484065188648 0.20372832075369454 -0.0093259072105477958 0.50630433108259942 -0.3435016638559979 -0.076038705278497501
leaf_weight=42 2373 66 430 49 53 76 155 56 75 55 43 159 66 125
leaf_count=42 2373 66 430 49 53 76 155 56 75 55 43 159 66 125
internal_value=0.000101987 0.00169538 0.00225271 0.00151539 -0.00216942 0.010084 0.00378827 0.00650685 0.00917431 -0.00133929 0.0115468 0.0137872 0.000345821 0.00256228
internal_weight=3823 1450 1384 1266 483 118 783 437 326 111 277 234 346 280
internal_count=3823 1450 1384 1266 483 118 783 437 326 111 277 234 346 280
is_linear=0
shrinkage=0.03


Tree=362
num_leaves=15
num_cat=0
split_feature=42 3 83 66 72 68 83 3 60 27 28 27 57 83
split_gain=8.32178 6.61318 12.0304 11.2189 10.8375 10.3473 8.67516 9.83729 9.31973 8.50298 9.15608 8.47157 11.1609 9.72499
threshold=-257.1919234991073 15.708333333343036 224.61117970943454 -301.5292574167251 34.126563191413886 0.34940822472174987 26.236197948455814 17.291666666656969 284.95545959472662 0.96680440771349874 290.50000000000006 0.8578167115902966 5.5000000000000009 54.667770743370063
decision_type=8 2 10 8 10 10 8 2 10 10 2 10 10 8
left_child=-1 3 4 -2 6 -5 7 -3 9 10 11 -8 -13 -14
right_child=1 2 -4 5 -6 -7 8 -9 -10 -11 -12 12 13 -15
leaf_value=1.7314019060161749 -0.59333365182952313 0.11988581122071669 -0.27471993081586082 -0.0096348599359029029 -0.22853222955831701 -0.40805946466356496 -0.057582712008378972 -0.019325694200780497 0.26471290183920093 -0.19409566627292207 0.34345736642889657 1.8392203843388339 0.58656761333999252 -0.011323127924283458
leaf_weight=47 59 182 80 2183 83 75 80 522 92 63 79 65 41 192
leaf_count=47 59 182 80 2183 83 75 80 522 92 63 79 65 41 192
internal_value=-0.000538502 -0.000695286 0.000871622 -0.00169543 0.00152143 -0.00135458 0.00218679 -8.51064e-05 0.00479608 0.00322457 0.00465066 0.00269129 0.00501672 0.00192308
internal_weight=3843 3796 1479 2317 1399 2258 1316 704 612 520 457 378 298 233
internal_count=3843 3796 1479 2317 1399 2258 1316 704 612 520 457 378 298 233
is_linear=0
shrinkage=0.03


Tree=363
num_leaves=15
num_cat=0
split_feature=36 68 67 8 82 35 82 77 35 42 20 34 19 84
split_gain=12.0372 8.1701 13.0251 12.5086 6.27526 12.8049 7.41864 5.94343 11.08 16.9003 12.6753 12.2002 10.3914 9.98912
threshold=0.096871945259042039 0.06311931639202796 -130.11797775768093 4.6771475909661264 -158.83502344290414 14.313817663817664 -129.07393074035642 147.45463597774508 22.865336879432625 163.19104599952701 239.08346462249759 0.2228132387706856 450.00000000000006 -99.625032365322099
decision_type=8 10 10 10 8 8 8 8 10 10 10 8 10 8
left_child=1 2 3 -1 5 -2 -6 8 11 10 -10 13 -13 -8
right_child=4 -3 -4 -5 6 -7 7 -9 9 -11 -12 12 -14 -15
leaf_value=0.0855431810893372 0.39864866614900302 -0.058081330207748284 0.34498562391079379 -0.068966125879083892 -0.20408562529950194 -0.12559019141984229 -0.35246766776474492 0.0092331592895513372 -0.2709404138425085 -0.82577929256285953 0.2779634693081689 -0.036572469814653577 0.19966544616848486 0.045552504532264067
leaf_weight=80 57 50 69 60 78 44 82 797 85 45 51 1538 170 631
leaf_count=80 57 50 69 60 78 44 82 797 85 45 51 1538 170 631
internal_value=-0.000117249 0.00611538 0.00871429 0.00340426 -0.000569992 0.00676471 -0.000784934 -0.000573529 -0.00126777 -0.00840659 -0.00306569 -0.000730801 -0.0021065 0.00256303
internal_weight=3837 259 209 140 3578 101 3477 3399 2602 181 136 2421 1708 713
internal_count=3837 259 209 140 3578 101 3477 3399 2602 181 136 2421 1708 713
is_linear=0
shrinkage=0.03


Tree=364
num_leaves=15
num_cat=0
split_feature=40 39 15 8 3 17 81 14 77 3 85 3 16 77
split_gain=6.86903 11.8227 10.6952 12.102 15.4733 12.2295 12.5416 11.0458 10.9929 12.0961 10.4828 12.412 10.2189 10.1641
threshold=1132.1144101624566 2396.2808199483848 38.500000000000007 4.3993280999101385 0.87500000000000011 42.500000000000007 6775.2487986087808 840.20807278671248 -146.72816359996793 8.3750000000000018 -140.81449550390241 11.541666666656967 27.500000000000004 -103.93103235960005
decision_type=10 8 2 10 2 2 10 8 10 2 8 2 2 10
left_child=1 2 3 4 -1 7 10 8 12 -10 -7 -12 -6 -11
right_child=-2 -3 -4 -5 5 6 -8 -9 9 13 11 -13 -14 -15
leaf_value=-0.6265509765014321 0.010377410347614031 -0.099571833391520814 0.1450020794821904 0.13485688751111966 0.03772246697606519 -1.3843321736503289 0.11594138030808494 -0.39333399428884974 0.5368124928997392 -0.27617362096599291 -0.48722401513157809 -0.0095141798624383614 0.5518148230569736 0.0051952832740312259
leaf_weight=41 767 831 172 217 415 45 93 62 57 233 132 280 109 349
leaf_count=41 767 831 172 217 415 45 93 62 57 233 132 280 109 349
internal_value=-0.000386435 -0.00102733 0.000122393 -0.000486726 -0.00128784 -0.000861486 -0.0045735 0.000807504 0.00146907 -0.00117187 -0.00661572 -0.00508475 0.00468571 -0.00246998
internal_weight=3803 3036 2205 2033 1816 1775 550 1225 1163 639 457 412 524 582
internal_count=3803 3036 2205 2033 1816 1775 550 1225 1163 639 457 412 524 582
is_linear=0
shrinkage=0.03


Tree=365
num_leaves=15
num_cat=0
split_feature=16 43 4 3 81 74 3 28 28 81 27 40 67 28
split_gain=5.85007 7.21636 5.93727 11.8134 12.0513 10.5336 7.99986 10.752 17.3972 8.52286 15.6673 12.9434 8.38584 12.6882
threshold=45.500000000000007 729.06929821571669 3.5000000000000004 13.041666666656967 8812.3775812387485 46.913695152474382 6.9583333333430355 273.50000000000006 184.50000000000003 3259.223057866097 0.93666428953467651 442.6029663066966 -59.898975020363231 138.50000000000003
decision_type=2 8 2 2 8 8 2 2 2 8 10 10 10 2
left_child=2 -2 3 -1 -5 -6 7 8 12 10 11 -8 13 -4
right_child=1 -3 6 4 5 -7 9 -9 -10 -11 -12 -13 -14 -15
leaf_value=0.01789357705885692 0.16156736761060991 -0.0021451439986465942 -0.015239624973075837 -0.59181602587680182 0.16393221211912581 -0.15171322190434039 0.7724296587734012 0.030217865480842602 -0.44266235726592057 0.0038865899352435221 -0.2284202206264698 -0.0148621393241797 -0.2283629246008553 0.16778861683949214
leaf_weight=137 68 75 85 83 43 41 105 144 133 2639 86 56 93 58
leaf_count=137 68 75 85 83 43 41 105 144 133 2639 86 56 93 58
internal_value=0.000109176 0.00604167 -0.00012149 -0.00413115 -0.00946429 -0.00141176 0.000238235 -0.00321012 -0.00591892 0.000852096 0.00616935 0.0116667 -0.00101266 0.00354167
internal_weight=3846 143 3703 304 167 84 3399 513 369 2886 247 161 236 143
internal_count=3846 143 3703 304 167 84 3399 513 369 2886 247 161 236 143
is_linear=0
shrinkage=0.03


Tree=366
num_leaves=15
num_cat=0
split_feature=42 42 42 68 26 60 29 74 17 61 0 67 60 17
split_gain=6.35247 14.2703 12.9401 15.3604 10.2194 12.167 10.142 8.54504 10.4748 8.11957 8.01287 7.91216 9.5864 8.54652
threshold=37.93373095989228 52.324355363845832 23.187256574630741 -0.37873753989133713 62.500000000000007 412.27412211894995 0.97601742919389989 657.53906921321197 23.000000000000004 0.52881235493982592 38.500000000000007 103.47751120255705 89.798434972763076 2.5000000000000004
decision_type=10 10 10 10 2 10 10 10 2 8 2 8 10 2
left_child=2 9 4 -4 6 7 -1 -6 -9 -2 -5 12 -3 -13
right_child=1 11 3 10 5 -7 -8 8 -10 -11 -12 13 -14 -15
leaf_value=-0.20429234164532065 0.027428851557062612 -0.20179040771062129 0.0268522176973311 -0.14760037293765818 -0.0043770355738860546 0.65837034521622151 0.23780099787406522 -0.29151375094361115 0.64726008065328067 0.58021419758553738 -0.62336152550338653 -0.36442936756868477 0.0073370680726571888 0.013532821434899459
leaf_weight=129 69 74 60 67 1512 41 40 43 67 90 91 41 74 1478
leaf_count=129 69 74 60 67 1512 41 40 43 67 90 91 41 74 1478
internal_value=9.28553e-05 0.00137931 -0.00105314 -0.00794521 -0.000229133 0.000486779 -0.00723529 7.39372e-05 0.00810811 0.0099375 -0.0128302 0.000557554 -0.00604027 0.00120395
internal_weight=3876 1826 2050 218 1832 1663 169 1622 110 159 158 1667 148 1519
internal_count=3876 1826 2050 218 1832 1663 169 1622 110 159 158 1667 148 1519
is_linear=0
shrinkage=0.03


Tree=367
num_leaves=15
num_cat=0
split_feature=62 81 84 82 48 4 60 79 14 29 14 30 80 58
split_gain=6.52318 6.35483 14.2418 7.32926 7.13581 6.90386 11.2856 10.6718 9.53953 11.0342 9.37262 9.35134 11.7042 9.524
threshold=-0.36020306481264014 17718.926158666614 -170.65614259243009 -164.44167923927304 57.203258037567146 6.5000000000000009 -8.7075213193893415 5.2616281241160108 120.97157499983108 0.91163137398077165 362.31494292825812 1.0000000180025095e-35 -35.584459185600274 353.47129118442541
decision_type=8 10 10 8 10 2 8 8 10 10 10 10 8 10
left_child=-1 3 4 -2 -3 6 -5 10 9 -7 -8 12 -9 -13
right_child=1 2 -4 5 -6 8 7 11 -10 -11 -12 13 -14 -15
leaf_value=-0.27615775554780914 0.079082982111631769 -0.011954406464869808 -0.31517482683587733 -0.5782113560926222 0.44685885554756188 0.0045837083183874186 -0.68804620173316744 -0.37300593353395639 0.0099998390887927249 -0.49150024072621501 -0.01947051219121267 0.11433906179583767 -0.023094992263632434 -0.017624870765181651
leaf_weight=46 92 40 156 76 46 76 49 49 2299 62 43 372 319 130
leaf_count=46 92 40 156 76 46 76 49 49 2299 62 43 372 319 130
internal_value=-0.000381224 -0.000244094 -0.00493827 7.56726e-05 0.00482759 -0.00014672 -0.00219442 -0.00130841 0.000726005 -0.00690647 -0.0109677 -0.000275545 -0.00390244 0.00238569
internal_weight=3855 3809 242 3567 86 3475 1038 962 2437 138 92 870 368 502
internal_count=3855 3809 242 3567 86 3475 1038 962 2437 138 92 870 368 502
is_linear=0
shrinkage=0.03


Tree=368
num_leaves=15
num_cat=0
split_feature=36 16 72 23 73 66 83 81 16 53 69 66 74 29
split_gain=7.53625 9.00523 8.8301 11.8083 9.16034 9.43835 10.9606 8.61331 8.27897 10.3485 8.89692 12.1556 8.32928 8.15238
threshold=0.25362623502207277 29.500000000000004 14.514973163604738 2.3507149219512944 -1.1162499189376829 -105.06042540073393 -21.933028578758236 26965.108477473263 3.5000000000000004 6.5000000000000009 141.54477351639176 -42.878328204154961 3563.9869897058475 0.90949251053206437
decision_type=8 2 10 10 8 8 10 10 2 8 8 10 8 10
left_child=1 2 4 -4 5 6 -1 -2 10 -10 11 -6 -11 -14
right_child=7 -3 3 -5 8 -7 -8 -9 9 12 -12 -13 13 -15
leaf_value=-0.18670047164729356 -0.0086595526149140633 -0.1332753876618607 0.21448645761297261 -0.31684663445006617 0.0047462195688757446 0.85202925974333532 0.43767861519428536 -0.50332817748708436 -0.035318100314655397 0.7740226032614973 0.029686649211140573 -0.34486196044382528 0.0060960390689276875 0.1937548391817826
leaf_weight=40 2136 164 44 74 89 55 40 56 172 83 120 81 451 239
leaf_count=40 2136 164 44 74 89 55 40 56 172 83 120 81 451 239
internal_value=3.12094e-05 0.0015608 0.00229684 -0.00554622 0.00297593 0.0103676 0.0037037 -0.00112175 0.00216019 0.00352008 -0.00226804 -0.00666667 0.005 0.00390738
internal_weight=3844 1652 1488 118 1370 135 80 2192 1235 945 290 170 773 690
internal_count=3844 1652 1488 118 1370 135 80 2192 1235 945 290 170 773 690
is_linear=0
shrinkage=0.03


Tree=369
num_leaves=15
num_cat=0
split_feature=14 42 82 39 29 35 60 4 43 48 66 33 82 77
split_gain=7.5057 12.0484 13.135 15.2269 11.6109 10.7597 11.8377 13.6967 9.70781 8.1985 7.82833 7.82362 8.93166 9.85418
threshold=460.7434080897375 -142.43861126899716 147.77504696448645 4512.7353701189886 0.93800051252482552 10.640319129969694 270.56831526756292 6.5000000000000009 623.18503463623563 66.520578662554428 649.14879858493816 19.696479076479083 96.516979038715377 -30.310070514678952
decision_type=10 8 10 10 10 10 8 2 8 10 8 8 10 10
left_child=-1 -2 3 8 5 -5 -7 -8 11 -10 -11 12 13 -3
right_child=1 2 -4 4 -6 6 7 -9 9 10 -12 -13 -14 -15
leaf_value=0.0052689043419853832 0.50745165568223771 -0.031092356073794781 -0.28640512250900174 0.20697721502932473 1.0419846505952111 0.134135456470797 0.00051657906722685589 -0.21916600607073322 -0.45222971238215787 -0.45374416801279899 0.037654810161291435 0.17023759012674949 0.46149822987085226 -0.44174616604121408
leaf_weight=2612 74 302 103 66 48 66 81 52 93 49 55 88 54 82
leaf_count=2612 74 302 103 66 48 66 81 52 93 49 55 88 54 82
internal_value=-0.000101934 -0.00205107 -0.00281579 -0.00179364 0.00372611 0.0012406 -0.00225 -0.00738806 -0.00418508 -0.00984848 -0.004 -0.00204934 -0.00369021 -0.0052987
internal_weight=3825 1213 1139 1036 313 265 199 133 723 197 104 526 438 384
internal_count=3825 1213 1139 1036 313 265 199 133 723 197 104 526 438 384
is_linear=0
shrinkage=0.03


Tree=370
num_leaves=15
num_cat=0
split_feature=76 17 17 15 22 82 81 48 81 7 3 80 7 8
split_gain=6.09682 5.96792 16.5023 17.2488 16.2965 13.6953 9.94669 13.2281 9.94481 9.25761 10.8643 11.0707 10.2629 9.97341
threshold=-12.485624670982359 24.500000000000004 27.500000000000004 8.5000000000000018 14.7657687664032 60.036110917727164 3259.223057866097 -19.48818206787109 7340.4857429265985 1.0000000180025095e-35 15.458333333343036 1.4507950544357302 2721.2635747458485 6.2834113874302036
decision_type=8 2 2 2 2 8 8 10 8 10 2 8 8 10
left_child=-1 4 3 -3 6 -5 7 -2 -7 -8 13 -12 -13 -11
right_child=1 2 -4 5 -6 8 9 -9 -10 10 11 12 -14 -15
leaf_value=0.077103301611294583 0.6453622838112385 1.5472233468544965 0.0020509064040915314 1.0972270098726558 0.15803371867840652 -0.7944280522260494 0.14223354034388919 -0.0081706868933292751 0.083447069938198212 -0.33295925353241657 0.090991040090699679 -0.14008455574366266 0.017485147426991785 0.18884192500770641
leaf_weight=60 47 85 2456 46 49 54 58 183 74 382 82 84 78 42
leaf_count=60 47 85 2456 46 49 54 58 183 74 382 82 84 78 42
internal_value=0.000428458 0.00027412 0.00100515 0.00819231 -0.0016998 0.00274286 -0.00257053 0.00285714 -0.00232558 -0.00429161 -0.00529148 -0.000244898 -0.00478528 -0.00818824
internal_weight=3780 3720 2715 259 1005 174 956 230 128 726 668 244 162 424
internal_count=3780 3720 2715 259 1005 174 956 230 128 726 668 244 162 424
is_linear=0
shrinkage=0.03


Tree=371
num_leaves=15
num_cat=0
split_feature=44 14 41 68 14 80 73 37 80 42 42 36 85 42
split_gain=9.05237 7.45748 9.15086 8.22775 7.86228 10.8589 6.3066 10.4978 10.2642 6.68009 13.5845 16.9352 12.426 10.3646
threshold=8.7682361602783221 1053.0138490644842 172.35258769989017 0.021206266817555917 824.0018727683082 127.00085854530336 -19.341217637062069 1512.5201358212942 26.848863005638126 40.758834481239326 64.00217711925508 0.36140661938534285 226.30659417311352 23.187256574630741
decision_type=8 8 10 8 10 8 8 8 8 8 8 10 10 10
left_child=-1 4 3 -3 6 -6 7 8 -2 12 11 -11 13 -8
right_child=1 2 -4 -5 5 -7 9 -9 -10 10 -12 -13 -14 -15
leaf_value=-0.10138554019956827 0.16560980183635279 -0.015003938261136404 0.10555458734538115 -0.22638399560600689 -0.0044989852073485537 0.75525571856575247 0.0033857934644039743 0.61869894416936 -0.056237563867990156 0.0083350567472347589 0.0058633627047187525 0.8603749126568524 -0.65247799630168202 -0.20646821991568776
leaf_weight=152 65 75 41 93 47 62 1382 59 83 149 1351 91 42 197
leaf_count=152 65 75 41 93 47 62 1382 59 83 149 1351 91 42 197
internal_value=0.000485861 0.000778491 -0.00471429 -0.00781065 0.00110513 0.009 0.000850877 0.00591346 0.00161074 0.000522876 0.00190327 0.00846473 -0.000832306 -0.000398734
internal_weight=3889 3737 209 168 3528 109 3419 207 148 3212 1591 240 1621 1579
internal_count=3889 3737 209 168 3528 109 3419 207 148 3212 1591 240 1621 1579
is_linear=0
shrinkage=0.03


Tree=372
num_leaves=15
num_cat=0
split_feature=38 71 25 38 16 25 51 69 30 1 8 81 7 70
split_gain=8.02419 11.0429 10.7503 12.572 9.86496 17.9712 10.1796 9.74278 11.5678 10.3642 9.39763 11.0995 9.27932 8.86172
threshold=3011.0612762949486 13.500000000000002 0.96992311171415657 1430.1960705109632 18.500000000000004 0.9539345711759506 129.24851906299594 115.86986283268736 23.950000000000003 659.08346462249767 0.81946440912161977 1793.730831384659 2740.9900278459504 0.83974358974358987
decision_type=10 8 8 8 2 10 10 8 10 2 8 8 10 8
left_child=2 -2 7 -4 6 -6 -3 8 9 -1 -9 -12 -11 -5
right_child=1 4 3 13 5 -7 -8 10 -10 12 11 -13 -14 -15
leaf_value=0.023435481236784739 -0.0042182073872252344 0.041960420811656067 0.0016394084095897197 0.018076187146234348 0.80063985737182453 -0.20360810485661032 -0.17482448318567834 -0.17982036525011408 -0.53840285776675645 -0.28887024227941693 1.369682128708994 0.0030879026553894471 -0.022075288493533234 0.5668730909267663
leaf_weight=271 779 383 377 40 135 41 73 133 178 217 46 862 233 60
leaf_count=271 779 383 377 40 135 41 73 133 178 217 46 862 233 60
internal_value=9.40193e-05 0.00189093 -0.000955335 0.00307531 0.00483412 0.0108475 0.00249453 -0.00194745 -0.00423333 -0.00253463 2.87908e-05 0.00112211 -0.00532151 0.0124752
internal_weight=3828 1411 2417 477 632 176 456 1940 899 721 1041 908 450 100
internal_count=3828 1411 2417 477 632 176 456 1940 899 721 1041 908 450 100
is_linear=0
shrinkage=0.03


Tree=373
num_leaves=15
num_cat=0
split_feature=39 0 77 77 28 40 68 0 41 35 77 35 8 67
split_gain=8.14449 15.7343 14.5233 12.5171 13.2755 12.6179 12.3192 9.14939 11.8633 12.8605 12.9266 12.6278 10.9812 9.98905
threshold=2396.2808199483848 -48.499999999999993 11.347275078296663 36.790439248085029 198.50000000000003 382.67696129329084 -0.27076123694585724 11.500000000000002 43.823863863945014 10.369546891464703 34.815876245498664 21.740964912280706 5.3846020429125003 28.943086384942756
decision_type=8 2 10 10 2 10 8 2 10 10 10 8 10 10
left_child=2 -2 6 4 -4 -5 -1 13 11 10 -10 12 -9 -3
right_child=1 7 3 5 -6 -7 -8 8 9 -11 -12 -13 -14 -15
leaf_value=0.10601070761031792 -0.39426786470662106 0.030481899189907399 0.10169949427463762 0.13934918164277235 2.3568016887536754 -0.14938213393423511 -0.00036545492605636552 -0.56324380749197533 0.92103143061715753 -0.074778996233761177 -0.41409633434719495 -0.6779459827222013 0.12485357401073308 -0.021074726095245779
leaf_weight=57 141 377 51 88 41 52 1994 103 113 575 40 51 71 59
leaf_count=57 141 377 51 88 41 52 1994 103 113 575 40 51 71 59
internal_value=7.86576e-06 -0.00168517 0.00114273 0.00824034 0.0167742 0.00255319 0.000336257 -0.00071223 -0.00235849 -0.000493827 0.00720779 -0.00836283 -0.00445714 0.0028833
internal_weight=3813 1530 2283 232 92 140 2051 1389 953 728 153 225 174 436
internal_count=3813 1530 2283 232 92 140 2051 1389 953 728 153 225 174 436
is_linear=0
shrinkage=0.03


Tree=374
num_leaves=15
num_cat=0
split_feature=52 43 82 37 82 16 4 43 52 27 78 28 28 60
split_gain=6.24675 8.69971 8.03268 8.14536 8.56994 8.51408 6.30186 11.5289 14.9939 13.2909 10.6267 10.9256 14.7189 11.7467
threshold=17.013303756713871 10.114616283519835 135.40178410212204 1474.8108148886572 29.290069540341701 21.500000000000004 7.5000000000000009 569.51409323227188 488.89654541015631 0.88107024988213112 0.58333333333333337 235.50000000000003 172.50000000000003 -14.383214592933653
decision_type=10 10 10 10 8 2 2 10 10 8 10 2 2 8
left_child=2 -2 3 4 -1 -6 7 9 -9 -3 -8 12 13 -12
right_child=1 6 -4 -5 5 -7 10 8 -10 -11 11 -13 -14 -15
leaf_value=0.029373537075489967 0.76854357859769962 -0.28232859504956109 -0.66295563617853559 0.04090127808899522 -0.22418581592653561 -0.014505564917543651 -0.011046923831080999 -0.21671054651915522 0.0053646193568663274 0.03409241780302559 0.46980896374253028 0.41475655120223898 -0.028197242950759715 0.072761808597105113
leaf_weight=70 55 223 53 184 94 120 518 374 186 970 81 278 363 327
leaf_count=70 55 223 53 184 94 120 518 374 186 970 81 278 363 327
internal_value=0.000123172 0.000595379 -0.00293103 -0.00166311 -0.00484211 -0.00781395 0.000397471 -0.000838084 -0.00438503 0.000829146 0.00177934 0.00351429 0.00167098 0.00557457
internal_weight=3896 3375 521 468 284 214 3320 1753 560 1193 1567 1049 771 408
internal_count=3896 3375 521 468 284 214 3320 1753 560 1193 1567 1049 771 408
is_linear=0
shrinkage=0.03


Tree=375
num_leaves=15
num_cat=0
split_feature=50 1 20 20 5 82 80 82 8 20 74 33 37 3
split_gain=8.74863 8.83256 8.07096 8.91895 7.41178 7.02764 9.53213 7.1715 9.53992 11.8226 8.15843 12.3868 8.00262 7.28373
threshold=3164.9433181285863 607.54545378685009 87.413296341896071 147.41329634189609 114.46132993698122 -164.44167923927304 -248.15716445446012 -67.741145372390733 3.8692071683571694 625.07315599918377 2507.4318005138916 25.981836734693882 1760.1716266821393 15.541666666656967
decision_type=10 2 8 8 8 8 10 8 10 10 10 10 10 2
left_child=1 4 -3 -4 -1 6 -5 8 9 -7 -9 -12 13 -10
right_child=-2 2 3 5 -6 7 -8 10 12 -11 11 -13 -14 -15
leaf_value=0.18771160741761972 -0.20496792713386328 -0.25119281601013305 0.32531886721570136 -0.23807881643136661 -0.038301057540191238 -0.50680795298397352 0.13649257043771723 0.0031299347396403121 -0.14208170993189306 0.026332603101353581 -0.30415128175934159 0.033935332305430353 -0.032780089772137443 0.17721387605121189
leaf_weight=158 104 82 64 41 58 123 61 2835 50 40 71 45 49 49
leaf_count=158 104 82 64 41 58 123 61 2835 50 40 71 45 49 49
internal_value=-3.13234e-05 0.000209284 -0.000153802 6.99913e-05 0.00608295 -0.000142645 0.00757282 -0.000386148 -0.00471154 -0.00969512 7.11382e-05 -0.00769231 0.000805369 0.0057
internal_weight=3830 3726 3510 3428 216 3364 102 3262 311 163 2951 116 148 99
internal_count=3830 3726 3510 3428 216 3364 102 3262 311 163 2951 116 148 99
is_linear=0
shrinkage=0.03


Tree=376
num_leaves=15
num_cat=0
split_feature=67 66 39 82 45 56 72 15 9 3 62 72 56 81
split_gain=8.68847 8.84482 8.71191 14.018 9.81666 11.5644 18.1574 11.3483 12.1193 10.3381 9.06253 9.27125 9.08296 8.24775
threshold=201.30084649210471 126.87829232215883 2256.8327613916181 112.42983669042589 5.5000000000000009 -76.768016974131257 -54.095027565956109 26.500000000000004 150.00000000000003 11.375000000000002 0.065261498709531199 14.514973163604738 79.725879510243743 6775.2487986087808
decision_type=8 8 10 10 10 10 8 2 2 2 10 10 8 10
left_child=2 -2 4 10 -1 -6 -7 8 -8 -10 11 12 -4 -9
right_child=1 -3 3 -5 5 6 7 13 9 -11 -12 -13 -14 -15
leaf_value=-0.79196759760457347 0.469314736734399 0.0049368221218067804 -0.0069804407651266592 -0.35494335750319789 0.11281801169349748 -0.65046925377672626 0.1184409491253669 0.0077895150412851423 -1.2171089239589195 -0.13171170389784856 -0.3008599618985357 -0.27757063251614816 0.21578768454894023 0.25962844436695171
leaf_weight=61 128 2282 308 110 175 42 157 147 41 93 79 52 90 83
leaf_count=61 128 2282 308 110 175 42 157 147 41 93 79 52 90 83
internal_value=9.35308e-05 0.00119453 -0.00175122 -0.00435938 0.0003375 0.00129905 -0.000797872 0.000747126 -0.00318493 -0.00977778 -0.00232075 -0.000665188 0.000902256 0.00571429
internal_weight=3848 2410 1438 639 799 738 563 521 291 134 529 450 398 230
internal_count=3848 2410 1438 639 799 738 563 521 291 134 529 450 398 230
is_linear=0
shrinkage=0.03


Tree=377
num_leaves=15
num_cat=0
split_feature=64 81 71 54 16 71 81 16 45 64 65 9 16 62
split_gain=7.78736 14.0976 14.5297 14.2154 10.6802 10.0887 14.4892 11.4853 13.7579 10.4857 14.2999 11.0231 10.0523 10.0246
threshold=4.3148947322195417 4536.5667403936395 10.500000000000002 930.00000000000011 4.5000000000000009 13.500000000000002 4450.1530262231836 32.500000000000007 7.5000000000000009 5.679453871472357 1.0226829658358534 150.00000000000003 4.5000000000000009 0.023388623560435182
decision_type=8 8 10 10 2 10 10 2 10 10 8 2 2 10
left_child=1 2 4 -3 -1 9 7 -7 -9 10 11 -2 -8 -11
right_child=5 3 -4 -5 -6 6 12 8 -10 13 -12 -13 -14 -15
leaf_value=0.24460550738110579 -0.0012084374135783449 -0.072218365868785009 0.18178665181395984 -0.67840767925559586 -0.081566793104125845 0.026769299812950693 -0.015808823131495942 -0.33650808321843684 0.023142610004049647 -0.016862772300475299 -0.0025131555324843279 0.58604837306559199 0.23069754422367281 -0.58367957339516918
leaf_weight=45 66 492 213 87 128 438 81 73 42 118 1510 88 355 69
leaf_count=45 66 492 213 87 128 438 81 73 42 118 1510 88 355 69
internal_value=0.000370468 -0.00195652 0.00248062 -0.00491379 -0.00396552 0.00116156 0.00360606 0.000379061 -0.00801724 -0.000145788 0.000612613 0.00929032 0.00768879 -0.0068617
internal_weight=3805 965 386 579 173 2840 989 553 115 1851 1664 154 436 187
internal_count=3805 965 386 579 173 2840 989 553 115 1851 1664 154 436 187
is_linear=0
shrinkage=0.03


Tree=378
num_leaves=15
num_cat=0
split_feature=34 85 3 64 56 62 72 26 42 42 63 69 36 80
split_gain=7.31612 9.15783 15.6189 5.23324 16.7866 13.2383 23.0322 10.7104 6.368 11.5834 10.7643 8.4291 9.05621 9.59322
threshold=0.040408163265306128 -19.853080034255978 11.291666666656967 5.505979718076019 130.24979984760287 -0.025768712197396539 -72.484111905097947 163.50000000000003 -87.589705586433396 -61.6236023902893 -74.769803911162271 -161.76198574654379 0.16169772256728782 132.87796092033389
decision_type=8 10 2 10 10 8 10 2 8 8 10 10 8 10
left_child=1 2 -1 8 5 6 -5 -6 11 10 -10 12 -2 -14
right_child=3 -3 -4 4 7 -7 -8 -9 9 -11 -12 -13 13 -15
leaf_value=0.19740552029060851 0.17781245889086328 0.18462998421270752 -0.049006260810901377 -0.34138980359287791 -0.047588756629548354 -0.64724927944516597 0.34728158051833263 0.87451823011924856 -0.059735008893400089 0.00029876062480909126 -1.0249247857366879 0.21999946586278571 -0.018843293741219399 1.1083363504692498
leaf_weight=51 47 42 69 100 64 101 63 47 105 2585 46 138 300 49
leaf_count=51 47 42 69 100 64 101 63 47 105 2585 46 138 300 49
internal_value=3.93908e-05 0.00625767 0.00198347 -0.000238618 -0.00359043 -0.00769811 -0.00237805 0.00616071 0.000146744 -0.000438436 -0.00848684 0.00314019 0.000906801 -0.000771429
internal_weight=3807 162 120 3645 375 264 163 111 3270 2736 151 534 396 349
internal_count=3807 162 120 3645 375 264 163 111 3270 2736 151 534 396 349
is_linear=0
shrinkage=0.03


Tree=379
num_leaves=15
num_cat=0
split_feature=81 82 80 15 64 26 77 3 8 60 3 80 68 59
split_gain=6.481 6.10232 14.3506 6.25744 11.0523 14.7179 20.5904 13.9361 18.9993 15.033 13.5398 13.2013 11.9453 11.7263
threshold=1587.2678377628329 -164.44167923927304 -248.15716445446012 28.500000000000004 5.7920761269129395 137.50000000000003 -119.3242945075035 17.291666666656969 4.8680216566702512 299.61385130882269 16.208333333343038 55.555194139480598 -0.0068633183697481776 103.1989827156067
decision_type=8 8 10 2 10 2 8 2 10 10 2 10 10 10
left_child=-1 2 -2 4 5 7 -7 10 9 -9 -3 -10 13 -6
right_child=1 3 -4 -5 12 6 -8 8 11 -11 -12 -13 -14 -15
leaf_value=0.62479189104629995 -0.37429050601518682 -0.012470863839518223 0.31346784021616397 0.014383056865146598 0.58290807968179037 -0.10682245790333525 0.2910098133381025 -0.27173772088874742 -0.038408984768784682 0.10369310190989971 0.13922626024740478 0.98335902562531086 -0.67667098644272183 -0.55856609864073103
leaf_weight=61 42 1530 63 705 45 107 260 470 49 107 154 73 89 41
leaf_count=61 42 1530 63 705 45 107 260 470 49 107 154 73 89 41
internal_value=-0.000426653 -0.000586188 0.00650943 -0.00079317 -0.00140465 -0.000937841 0.00464674 -0.0017995 -0.00535714 -0.00762976 -0.000320475 0.00536585 -0.00869318 -0.000689655
internal_weight=3796 3735 105 3630 2925 2750 367 2383 699 577 1684 122 175 86
internal_count=3796 3735 105 3630 2925 2750 367 2383 699 577 1684 122 175 86
is_linear=0
shrinkage=0.03


Tree=380
num_leaves=15
num_cat=0
split_feature=17 6 37 66 45 77 26 81 61 68 29 77 50 56
split_gain=7.11169 6.00177 8.64043 12.4754 9.94362 11.1578 11.1035 10.9813 8.88271 11.2039 9.01436 8.89808 8.99639 8.21277
threshold=71.500000000000014 690.00000000000011 940.29018958010045 -71.914528608322129 7.5000000000000009 -181.98115479946134 108.50000000000001 4709.7794868946085 0.74081997373237707 -0.19646349352067857 0.92283454408320442 -251.29376238584516 154.92684400081637 38.014462232589729
decision_type=2 8 10 10 8 10 2 10 10 8 10 8 10 8
left_child=1 2 3 13 5 6 -4 -7 9 -6 -10 -11 -13 -1
right_child=-2 -3 4 -5 8 7 -8 -9 10 11 -12 12 -14 -15
leaf_value=-0.10595136798299525 1.0249751915424719 -0.010513639099300982 0.38013267035342818 -0.66231588066153158 -0.089534254112555403 0.015949996538620431 -0.026586400602137558 -0.37411171218825984 0.39080444430674116 -0.049670985023775455 0.11685838252551092 0.15927340878440219 -0.038636921565137379 0.027249216500333837
leaf_weight=123 41 2406 90 53 52 70 83 108 84 63 69 335 84 150
leaf_count=123 41 2406 90 53 52 70 83 108 84 63 69 335 84 150
internal_value=-0.000133788 -0.000270485 0.00131868 -0.00293578 0.0026564 -0.00144886 0.00396552 -0.00670391 0.00475291 0.00291589 0.0111039 0.00434783 0.00592857 -0.000328467
internal_weight=3811 3770 1364 326 1038 351 173 178 687 534 153 482 419 273
internal_count=3811 3770 1364 326 1038 351 173 178 687 534 153 482 419 273
is_linear=0
shrinkage=0.03


Tree=381
num_leaves=15
num_cat=0
split_feature=77 77 57 59 17 82 81 83 0 25 36 40 7 27
split_gain=8.95471 12.2855 8.98704 11.1816 7.55343 12.6397 7.27271 11.6017 7.42331 10.3728 10.2022 6.83254 13.764 9.69086
threshold=107.6919767856598 131.09564304351809 7.5000000000000009 -302.97837388515467 5.0000000000000009 -101.69394946098326 26965.108477473263 -39.440051913261406 281.50000000000006 0.89915254237288156 0.34296141814389997 46.721914551537381 3220.8914210834487 0.9842509920634922
decision_type=10 10 10 8 2 10 10 10 2 10 10 8 10 10
left_child=4 -2 3 -3 5 -1 8 -8 11 -10 -11 12 13 -6
right_child=1 2 -4 -5 6 -7 7 -9 9 10 -12 -13 -14 -15
leaf_value=0.014625433525664987 -1.2651195358919667 0.026987953633904486 0.54565597753778838 -0.13707595960791868 0.21615171844000092 -1.2500743962018837 0.12598088932971355 -0.59502910241380391 -0.0090413468033681867 1.2361471360525109 0.15515633043324811 -0.00026079601783463247 -0.20711085086283723 -0.034243803727999095
leaf_weight=53 47 43 44 58 331 40 49 65 75 50 63 2722 68 102
leaf_count=53 47 43 44 58 331 40 49 65 75 50 63 2722 68 102
internal_value=7.87195e-05 -0.00621762 -0.00184932 -0.00676471 0.000414479 -0.00797872 0.000638117 -0.00678261 0.000888042 0.00666667 0.0123684 0.000549007 0.00376494 0.00573733
internal_weight=3810 192 145 101 3618 93 3525 114 3411 188 113 3223 501 433
internal_count=3810 192 145 101 3618 93 3525 114 3411 188 113 3223 501 433
is_linear=0
shrinkage=0.03


Tree=382
num_leaves=15
num_cat=0
split_feature=80 25 27 80 65 66 66 59 67 69 78 77 27 77
split_gain=5.41879 8.49246 8.82094 7.21007 12.6556 5.63139 8.74276 9.90043 7.83274 7.30662 6.97881 7.51549 6.84499 6.63317
threshold=-167.86078178882596 0.86729559748427687 0.91856158484065464 -126.84077084064482 1.0314968449411672 -348.38698029518122 -110.05908977985381 55.9328100681305 -12.150211760109594 -53.437894271848698 0.87500000000000011 -183.1619641780853 0.91741124850418843 -234.00628936290738
decision_type=8 10 10 8 8 8 8 10 8 10 10 10 10 8
left_child=1 -1 -3 4 -2 -5 7 9 13 -7 12 -12 -9 -8
right_child=3 2 -4 5 -6 6 8 10 -10 -11 11 -13 -14 -15
leaf_value=-0.26817129642164206 -1.2844969283302847 0.47808873231000476 -0.0012025002975617127 -0.30401013801690191 -0.0021045501023976951 -0.64287707910909653 0.016889020451363947 -0.46353746497313075 -0.0020305441574002357 0.015627653197177339 0.39866098895909224 0.038186250564502866 0.19376748647379649 -0.13823289742657055
leaf_weight=46 42 77 57 47 87 41 74 66 2726 81 102 79 52 231
leaf_count=46 42 77 57 47 87 41 74 66 2726 81 102 79 52 231
internal_value=-0.000425308 0.00464088 0.00844444 -0.000677873 -0.00761538 -0.00042 -0.000278019 0.00376777 -0.000841029 -0.00341463 0.0067 0.0103846 0.0010084 -0.00539216
internal_weight=3808 180 134 3628 129 3499 3452 421 3031 122 299 181 118 305
internal_count=3808 180 134 3628 129 3499 3452 421 3031 122 299 181 118 305
is_linear=0
shrinkage=0.03


Tree=383
num_leaves=15
num_cat=0
split_feature=28 8 80 65 77 79 81 34 84 0 63 80 17 17
split_gain=9.28592 10.9303 10.1674 16.2728 10.0924 10.4731 10.0504 9.83688 9.60281 9.42782 10.6248 8.82079 11.1719 8.81496
threshold=152.50000000000003 6.0015029857437598 45.720177531242378 0.86560658622244302 15.967813551425936 6.5968385050656284 6235.8737585544595 0.27812939521800289 233.46116226911548 66.500000000000014 390.70685217091653 -167.86078178882596 5.0000000000000009 35.000000000000007
decision_type=2 10 8 8 8 10 10 8 10 2 8 8 2 2
left_child=1 2 6 -4 5 -5 -1 -6 11 -7 -11 -2 -13 -14
right_child=8 -3 3 4 7 9 -8 -9 -10 10 -12 12 13 -15
leaf_value=-0.078016458996452862 0.10574091475007734 0.17179181882585162 0.6461505745246956 -0.32819791568223289 0.27908222406793903 0.0030148916788788681 0.13402010724746038 -0.0019489691990420609 -0.35902942081350259 0.033172120671348858 -0.75337613935209191 -0.78118402840115664 0.016392532482496447 -0.011388833569372644
leaf_weight=56 115 130 61 76 64 231 230 157 57 46 64 49 1103 1416
leaf_count=56 115 130 61 76 64 231 230 157 57 46 64 49 1103 1416
internal_value=8.55809e-05 0.00239247 0.00130832 -0.000642857 -0.00206573 -0.00480861 0.00606272 0.00310811 -0.000853703 -0.00254386 -0.00972973 -0.000592399 -0.000957571 -0.000678571
internal_weight=3855 1115 985 699 638 417 286 221 2740 341 110 2683 2568 2519
internal_count=3855 1115 985 699 638 417 286 221 2740 341 110 2683 2568 2519
is_linear=0
shrinkage=0.03


Tree=384
num_leaves=15
num_cat=0
split_feature=67 66 16 1 85 56 42 79 4 82 79 65 27 65
split_gain=8.44037 7.93016 6.34507 9.7651 7.99474 8.97075 16.0431 9.65504 12.181 11.2687 11.9685 9.87454 9.85131 11.807
threshold=758.43548120771152 698.59539151191723 14.500000000000002 659.08346462249767 -172.9748840332031 -75.206178466478974 -34.309117436408989 8.8837217895859464 6.5000000000000009 112.42983669042589 13.898947482507172 1.0188571649005735 0.91974706272688256 0.94235776104124702
decision_type=10 10 2 2 8 8 8 8 2 8 8 10 10 8
left_child=1 2 4 -4 -1 -6 -7 8 -8 -9 -11 -10 13 -12
right_child=-2 -3 3 -5 5 6 7 9 11 10 12 -13 -14 -15
leaf_value=-0.17614139262425227 0.2323098152053851 -0.29361217477601598 0.0086262857103198524 -0.033328560229350011 0.14620753457209418 -0.15198346008904803 -0.38995301502718366 0.096152067555322129 0.32318694946586046 -0.3892442635043043 0.25146153474770849 -0.18622474523460736 0.29306689330691582 -0.051427617460050451
leaf_weight=107 67 66 830 1104 225 216 94 333 210 40 69 66 172 237
leaf_count=107 67 66 830 1104 225 216 94 333 210 40 69 66 172 237
internal_value=-0.000328382 -0.000517241 -0.000332073 -0.00151938 0.000966102 0.00147925 0.000605007 0.00193944 -0.00210243 0.00369718 0.000924855 0.00108303 0.0022547 -0.000977199
internal_weight=3836 3769 3703 1934 1769 1662 1437 1221 370 851 518 276 478 306
internal_count=3836 3769 3703 1934 1769 1662 1437 1221 370 851 518 276 478 306
is_linear=0
shrinkage=0.03


Tree=385
num_leaves=15
num_cat=0
split_feature=17 68 28 16 82 57 49 48 82 27 83 23 14 53
split_gain=9.71653 8.30181 9.11397 7.63923 7.40505 18.7129 14.6209 19.1901 14.0039 13.3465 12.9218 11.9956 11.7455 9.50855
threshold=42.500000000000007 0.042515612167692944 167.50000000000003 6.5000000000000009 50.675014257431037 7.5000000000000009 8.5000000000000018 21.413916488488521 66.283704678217575 0.89922011970255744 -39.440051913261406 2.7453938722610478 341.01575402200893 9.5000000000000018
decision_type=2 10 2 2 8 8 10 10 8 10 10 10 10 10
left_child=4 -2 -3 -4 6 8 10 9 -6 12 -1 -9 -8 -12
right_child=1 2 3 -5 5 -7 7 11 -10 -11 13 -13 -14 -15
leaf_value=0.039671176151894812 -0.0047601008744755664 0.29455223370201317 0.02151273938314972 -0.19625608055605789 0.35306617804658913 0.1586037527931321 0.091934669112276449 -0.0060951110676638011 -0.016626175066959483 0.27595006194508431 -0.14463464571622509 -0.56510934220445275 -1.1519653376988115 0.096568853659527457
leaf_weight=414 861 40 60 274 79 776 74 49 727 42 193 123 74 51
leaf_count=414 861 40 60 274 79 776 74 49 727 42 193 123 74 51
internal_value=-0.000164148 -0.00235437 -0.00608 -0.00770149 0.000875912 0.00216045 -0.00111655 -0.00595041 -0.00104089 0.000628272 0.0015478 -0.0131792 -0.00362416 -0.00391837
internal_weight=3837 1235 374 334 2602 1582 1020 362 806 190 658 172 148 244
internal_count=3837 1235 374 334 2602 1582 1020 362 806 190 658 172 148 244
is_linear=0
shrinkage=0.03


Tree=386
num_leaves=15
num_cat=0
split_feature=28 79 30 60 50 84 46 81 42 23 61 38 69 14
split_gain=5.94848 10.996 9.31039 8.27767 9.97311 8.23422 8.3789 9.17505 8.53695 15.5468 11.7456 9.38262 9.09121 8.14248
threshold=120.50000000000001 29.823465774041644 9.6500000000000004 493.56062042713171 2984.2843724489217 -261.4524353345235 2670.0000000000005 7079.9755653142938 195.93288183212283 11.7657687664032 0.023442666875573889 1792.5674741477817 295.22637330112906 320.20354254096628
decision_type=2 10 10 10 10 8 10 10 10 10 10 8 10 10
left_child=1 2 -1 4 5 -2 8 -8 11 10 -10 -7 -13 -12
right_child=3 -3 -4 -5 -6 6 7 -9 9 -11 13 12 -14 -15
leaf_value=-0.16231738593205211 0.17813374570812565 -0.054988126261746685 0.19171571022195436 0.12712905322924634 -0.23451785833382557 -0.097740198967481068 -0.00039185806418155165 0.59618631473667649 0.14631252509358475 -0.51028919213223178 0.066602556397451565 0.0033096454308369516 0.40034850937189559 -0.3136251525213572
leaf_weight=62 96 76 45 174 61 527 65 60 71 72 90 2227 103 110
leaf_count=62 96 76 45 174 61 527 65 60 71 72 90 2227 103 110
internal_value=-0.000117187 -0.00538043 0.000833333 0.000147662 -0.000172265 4.3834e-05 -0.000207456 0.00738095 -0.000506092 -0.00497093 -0.00165441 3.14906e-05 0.000849421 -0.00537313
internal_weight=3839 183 107 3656 3482 3421 3325 125 3200 343 271 2857 2330 200
internal_count=3839 183 107 3656 3482 3421 3325 125 3200 343 271 2857 2330 200
is_linear=0
shrinkage=0.03


Tree=387
num_leaves=15
num_cat=0
split_feature=64 81 77 77 36 71 7 3 63 3 37 82 3 72
split_gain=8.5553 13.5314 12.3529 11.3415 11.3883 10.6035 11.1235 10.4018 18.0041 12.8608 9.42697 18.0769 12.7775 13.4844
threshold=4.4334419921958697 5387.595426917077 15.967813551425936 -144.67806553840634 0.31323815704088259 13.500000000000002 5195.1445863448107 6.3750000000000009 -149.6170428828494 7.8750000000000009 1439.8378026909606 68.162252843379989 15.041666666656967 -80.445434331893907
decision_type=8 8 10 10 10 8 10 2 10 2 10 10 2 10
left_child=1 -1 3 -3 -5 6 7 8 -2 -9 12 -12 13 -11
right_child=5 2 -4 4 -6 -7 -8 9 -10 10 11 -13 -14 -15
leaf_value=0.03431063403229679 0.014639471702923075 -0.036229518292110706 0.20453702704175358 -0.56948729899187378 -0.018927603791609897 0.032622931737599996 0.093572498686816052 0.66816590231280792 -0.99964927992771457 -0.45434957151327493 -0.0074653904709506237 0.51178180756713343 0.00061533566279297952 0.038023850455171343
leaf_weight=451 53 396 50 118 59 1375 91 82 49 211 355 117 335 67
leaf_count=451 53 396 50 118 59 1375 91 82 49 211 355 117 335 67
internal_value=0.000370079 -0.00189767 -0.00475962 -0.00601045 -0.0123034 0.00126096 -0.000617193 -0.00134646 -0.0104854 -0.000539384 -0.00140884 0.0017759 -0.00385993 -0.00860215
internal_weight=3809 1074 623 573 177 2735 1360 1269 102 1167 1085 472 613 278
internal_count=3809 1074 623 573 177 2735 1360 1269 102 1167 1085 472 613 278
is_linear=0
shrinkage=0.03


Tree=388
num_leaves=15
num_cat=0
split_feature=64 14 30 30 17 4 14 83 27 52 3 68 83 7
split_gain=8.20497 8.94124 8.83086 12.8892 9.31251 8.54616 11.0069 10.9083 14.7254 12.4749 12.0077 8.87324 7.94562 7.76613
threshold=3.6835287751673564 236.07087302292169 2.6500000000000008 21.050000000000004 35.000000000000007 8.5000000000000018 761.76300300386606 -11.965709447860716 0.95706605222734276 63.260771393775947 6.8750000000000009 -0.11557861490376485 86.698409795761123 3042.4717548059893
decision_type=8 10 10 10 2 2 10 8 10 8 2 10 10 10
left_child=1 -1 -3 4 -4 -2 7 11 9 10 -9 -7 -12 -11
right_child=5 2 3 -5 -6 6 -8 8 -10 13 12 -13 -14 -15
leaf_value=0.1879635265751903 -0.0040476991405393823 -0.26523494064891207 0.31309931259684248 -0.49982098888283133 -0.39609676494591894 0.45173399606885978 0.34204355086961646 -0.61766931191608088 -0.28999956125940918 0.094035964501908792 -0.042116010508328472 0.14945201421233464 0.18241303347950549 0.032238614320924695
leaf_weight=82 2618 76 69 103 67 71 88 50 59 100 122 88 60 130
leaf_count=82 2618 76 69 103 67 71 88 50 59 100 122 88 60 130
internal_value=-0.000372622 -0.00444724 -0.00674051 -0.003875 0.00218978 0.000106289 0.00288687 0.0015859 -0.000517241 0.0012959 -0.00360515 0.0084375 0 0.00623377
internal_weight=3783 397 315 239 136 3386 768 680 521 462 232 159 182 230
internal_count=3783 397 315 239 136 3386 768 680 521 462 232 159 182 230
is_linear=0
shrinkage=0.03


Tree=389
num_leaves=15
num_cat=0
split_feature=3 3 4 63 39 83 27 23 61 33 37 61 31 63
split_gain=6.79498 8.09138 10.9125 12.8213 15.2667 10.5096 17.2436 17.1451 11.2857 10.223 9.24244 10.3326 8.68884 9.64251
threshold=23.625000000000004 21.125000000000004 7.5000000000000009 746.30676642947833 3538.2880213821177 57.898165702819831 0.86385701676963822 6.8354868888854989 0.99981487465806562 12.818891402714934 1681.7233209458209 0.21237468488549718 17.101785714285722 96.104820721622801
decision_type=2 2 2 8 10 10 10 10 10 10 10 10 10 10
left_child=1 5 -3 4 -4 8 -7 10 -1 -10 12 -12 13 -8
right_child=-2 2 3 -5 -6 6 7 -9 9 -11 11 -13 -14 -15
leaf_value=-0.00035892912739205141 -0.36164726075658082 -0.11661728714039479 0.70660217148422355 1.5451929385970098 -0.31277858378583673 -0.19846773646400409 -0.13082278797004609 0.14516169392527753 0.53740509023223415 0.01219071617315457 0.62595449804143732 -0.082088469148134918 -0.93664416846745091 0.16221002538217219
leaf_weight=2660 56 103 90 41 60 88 187 208 46 47 43 41 42 53
leaf_count=2660 56 103 90 41 60 88 187 208 46 47 43 41 42 53
internal_value=-0.000246946 -8.89488e-05 0.00467797 0.00890625 0.00476821 -0.000500585 -0.0038914 -0.00198261 0.000315904 0.0105319 -0.00588556 0.00282353 -0.00848057 -0.00622407
internal_weight=3765 3709 294 191 150 3415 662 574 2753 93 366 84 282 240
internal_count=3765 3709 294 191 150 3415 662 574 2753 93 366 84 282 240
is_linear=0
shrinkage=0.03


Tree=390
num_leaves=15
num_cat=0
split_feature=73 14 37 20 73 56 26 36 82 38 27 66 40 63
split_gain=7.33584 7.62346 10.474 6.7094 7.51268 9.21204 8.37434 15.9954 11.8667 10.9612 9.2163 8.00555 6.45524 9.85062
threshold=-17.615499615669247 341.01575402200893 1363.170748722546 87.413296341896071 8.8526407480239886 -155.02945939699808 91.500000000000014 0.15638586956521741 115.64123360315959 2758.1303398631994 0.9437410982750436 -2.3214794397354122 20.487778516945976 -157.21241101064297
decision_type=8 10 8 8 10 8 2 10 8 10 10 8 10 10
left_child=1 2 -1 -2 5 -5 10 -8 9 -9 11 -6 13 -7
right_child=3 -3 -4 4 6 12 7 8 -10 -11 -12 -13 -14 -15
leaf_value=0.041515919600735418 -0.23658830441620907 -0.015123538371877328 0.9652769719770975 -0.26975939249809811 0.020715387334746652 0.013846252835071819 0.15982347429404362 0.059498425484520112 0.20114773037877789 -0.46819145338436247 -0.041149385906389738 0.24182026156415143 -0.0037950220111208802 -0.57897843247035996
leaf_weight=77 74 113 41 70 78 46 52 63 105 121 46 115 2710 47
leaf_count=77 74 113 41 70 78 46 52 63 105 121 46 115 2710 47
internal_value=-0.000383081 0.00478448 0.010084 -0.000722789 -0.00052982 -0.00115866 0.00258176 -0.000438596 -0.0032069 -0.00778378 0.006875 0.00974227 -0.000888017 -0.00861702
internal_weight=3758 231 118 3527 3453 2873 580 341 289 184 239 193 2803 93
internal_count=3758 231 118 3527 3453 2873 580 341 289 184 239 193 2803 93
is_linear=0
shrinkage=0.03


Tree=391
num_leaves=15
num_cat=0
split_feature=67 64 81 79 29 70 29 71 29 15 81 8 62 44
split_gain=6.1028 6.19902 10.4642 10.1428 9.79052 11.256 13.6281 9.5468 12.5622 8.80453 14.7455 8.21023 10.491 8.19096
threshold=758.43548120771152 4.3148947322195417 5387.595426917077 13.2477314716264 0.8649477698557454 0.90454545454545465 0.88365940691522094 13.500000000000002 0.92962053667571187 35.500000000000007 6775.2487986087808 4.6976593661439443 0.033055729166466326 97.20616996288301
decision_type=10 8 8 10 10 8 10 10 10 2 10 10 10 10
left_child=1 2 3 -1 -4 -6 -7 -3 -9 11 -11 12 -8 -10
right_child=-2 7 4 -5 5 6 9 8 13 10 -12 -13 -14 -15
leaf_value=-0.0072503237565581099 0.21222679016953214 -0.0018681117806046723 -0.6323756407645128 0.17054672587735523 0.12163046878973154 0.10774127475638227 -0.90881844108989462 0.012709792013443515 0.90883171104989735 -0.38850670507837193 0.13623845819800295 0.012838692749299083 -0.22024427790860734 0.0078780775998309599
leaf_weight=316 74 1872 46 92 76 75 89 875 77 51 50 44 86 45
leaf_count=316 74 1872 46 92 76 75 89 875 77 51 50 44 86 45
internal_value=0.000325666 0.000158103 -0.00197624 0.00161369 -0.00480695 -0.00349576 -0.0055303 0.00084669 0.00321643 -0.0082243 -0.000882353 -0.0115909 -0.0144886 0.0121951
internal_weight=3868 3794 925 408 517 471 395 2869 997 320 101 219 175 122
internal_count=3868 3794 925 408 517 471 395 2869 997 320 101 219 175 122
is_linear=0
shrinkage=0.03


Tree=392
num_leaves=15
num_cat=0
split_feature=78 4 27 28 68 66 85 77 58 24 60 28 33 29
split_gain=8.76257 10.9797 10.8521 10.0006 11.7402 11.6206 11.0218 10.372 9.48153 16.1978 9.8509 9.60961 9.27413 9.02557
threshold=0.70833333333333337 7.5000000000000009 0.92526050059082621 250.50000000000003 0.12377288823830827 220.67688810825351 5.8526595433553057 -251.29376238584516 120.91653537750246 54.500000000000007 50.027229547500617 202.50000000000003 17.671823334907888 0.92464032491223247
decision_type=8 2 10 2 10 10 8 10 10 2 8 2 10 8
left_child=-1 2 8 4 5 -3 -5 -6 9 10 11 -2 -10 -4
right_child=1 3 13 6 7 -7 -8 -9 12 -11 -12 -13 -14 -15
leaf_value=-0.024188529850283087 -0.29617901794858253 0.0077501828287780223 0.13994685326699483 0.50472034186098147 -0.022469661698397231 -0.26767047599879823 0.084094897416009312 0.51194617891047556 -0.28994437306464305 -1.4570896112232659 0.04861807292466501 0.41467381530488934 0.003962620793709788 -0.0013016955747100934
leaf_weight=749 168 859 149 98 68 123 300 126 177 50 333 69 63 468
leaf_count=749 168 859 149 98 68 123 300 126 177 50 333 69 63 468
internal_value=-9.47119e-05 0.000619266 -0.00123816 0.0023619 0.000968564 -0.000366226 0.00646617 0.00769231 -0.00341463 -0.00144928 0 -0.00466387 -0.00846473 0.00179612
internal_weight=3800 3051 1477 1574 1176 982 398 194 860 620 570 237 240 617
internal_count=3800 3051 1477 1574 1176 982 398 194 860 620 570 237 240 617
is_linear=0
shrinkage=0.03


Tree=393
num_leaves=15
num_cat=0
split_feature=1 61 61 8 82 7 66 68 82 45 32 0 32 80
split_gain=6.00921 8.66982 8.12372 9.41951 9.97216 8.53263 7.49105 15.076 14.0645 13.6052 9.32266 9.06274 10.5674 8.9959
threshold=609.24851906299602 0.041063953430358825 0.023442666875573889 3.829721678959157 141.82012351353964 4041.706025482134 -110.05908977985381 -0.17152950627022298 -95.863730231920854 7.5000000000000009 0.41277890466531447 149.50000000000003 0.18634259259259262 -98.655865430831895
decision_type=2 10 8 8 8 10 10 8 8 10 10 2 8 8
left_child=1 -1 3 -2 -5 -6 13 -8 -9 -10 11 -11 -13 -4
right_child=2 -3 6 4 5 -7 7 8 9 10 -12 12 -14 -15
leaf_value=-0.019253558974460495 -0.038287064692115513 0.20869551722909682 0.048307974977815547 0.35478016804166179 0.048150141824916941 -0.060793798979292074 -0.30275754113313497 -0.65561758860059094 -0.22652569673976122 -0.0024638889101847822 -0.16112057665527516 -0.0087740860148403498 0.74654934101890558 -0.005372941207542112
leaf_weight=127 164 149 238 184 74 42 118 60 138 508 71 89 104 1770
leaf_count=127 164 149 238 184 74 42 118 60 138 508 71 89 104 1770
internal_value=-0.000140735 0.00411552 -0.000471778 0.00322581 0.00637874 -0.000512821 -0.0010268 -0.0030303 -0.00179197 -0.000856202 0.000698577 0.00175214 0.00726804 5.97312e-05
internal_weight=3836 276 3560 464 300 116 3096 1088 970 910 772 701 193 2008
internal_count=3836 276 3560 464 300 116 3096 1088 970 910 772 701 193 2008
is_linear=0
shrinkage=0.03


Tree=394
num_leaves=15
num_cat=0
split_feature=73 77 72 16 33 81 60 33 16 29 16 69 31 81
split_gain=7.07301 6.1405 6.04593 6.41522 5.98906 11.2282 11.2059 10.8535 14.1445 14.0141 9.7682 14.0726 9.65557 9.5945
threshold=-34.855968952178948 -144.97388792037961 76.637621164321914 50.500000000000007 14.803610930383867 9778.7617419958133 371.44825458526617 13.197826086956523 12.500000000000002 0.88470400567174778 26.500000000000004 -473.07975576094304 0.58819444444444458 8655.1340399980563
decision_type=8 10 10 2 8 10 10 10 2 10 2 10 10 10
left_child=1 -1 3 4 5 7 -6 8 9 -2 11 -7 -11 -10
right_child=2 -3 -4 -5 6 10 -8 -9 13 12 -12 -13 -14 -15
leaf_value=0.29531582063450312 0.41283469339422396 0.0032194663156492531 -0.46205636609295253 0.042420013588911162 -0.0073025740019057239 -0.19847723673520828 -0.29145481367135923 0.13408318748813131 -0.040361857982758466 0.5989452624932794 0.44662248000158444 0.10757471212883779 -0.010299103283589552 -0.67468678196564813
leaf_weight=55 73 50 57 101 1670 43 53 304 790 50 71 119 342 52
leaf_count=55 73 50 57 101 1670 43 53 304 790 50 71 119 342 52
internal_value=0 0.00764151 -0.000217391 -6.54129e-05 -0.000277466 0.000910569 -0.00154872 1.86104e-05 -0.00116972 0.00302575 0.00705128 0.00294479 0.000763359 -0.00348754
internal_weight=3830 105 3725 3668 3567 1844 1723 1611 1307 465 233 162 392 842
internal_count=3830 105 3725 3668 3567 1844 1723 1611 1307 465 233 162 392 842
is_linear=0
shrinkage=0.03


Tree=395
num_leaves=15
num_cat=0
split_feature=52 43 77 77 26 56 83 85 43 83 32 70 68 64
split_gain=7.86818 7.79145 6.19958 6.08439 11.2971 16.7892 11.8361 10.1344 11.0172 8.31186 9.5351 11.3691 13.6311 9.37294
threshold=17.013303756713871 74.562753543770881 -235.36567074060437 -241.54876583814618 73.500000000000014 90.313267509142563 -22.98492336273193 -148.80727489789322 390.12147539975393 69.476742744445815 0.1012820512820513 0.93095238095238109 0.0098693754932384446 3.6835287751673564
decision_type=8 10 10 8 2 10 10 10 10 10 8 8 10 8
left_child=1 -1 -3 4 6 7 -2 -6 -9 13 -11 12 -12 -5
right_child=3 2 -4 9 5 -7 -8 8 -10 10 11 -13 -14 -15
leaf_value=-0.26089624196854233 -0.0019699161746109112 0.15810352534289562 -0.050187314638267408 -0.072876048431788965 -0.46626335525694568 -0.80222892420586922 1.4329486996498155 -0.024568144063297517 0.044281424549777813 0.17948503292169685 -0.031237514135521574 -0.10692150911118961 1.1475490191270683 0.02188395783805731
leaf_weight=93 130 78 192 247 74 45 48 156 60 70 74 337 43 2175
leaf_count=93 130 78 192 247 74 45 48 156 60 70 74 337 43 2175
internal_value=-0.000172639 -0.00436813 -0.00177122 0.000268786 -0.00274319 -0.00598214 0.00335196 -0.00329897 0 0.000794028 -0.00262857 -0.00421978 0.00381356 0.00153529
internal_weight=3822 363 270 3459 513 335 178 290 216 2946 524 454 117 2422
internal_count=3822 363 270 3459 513 335 178 290 216 2946 524 454 117 2422
is_linear=0
shrinkage=0.03


Tree=396
num_leaves=15
num_cat=0
split_feature=76 76 48 44 6 66 53 80 80 39 81 80 66 64
split_gain=9.56753 7.60354 9.2325 11.0852 10.3379 14.1769 11.8071 11.7648 10.2617 9.86963 14.7324 15.3294 15.3022 13.7442
threshold=-42.405506014823906 98.720164537429824 58.187365690867118 14.251281142234804 690.00000000000011 227.86460089683536 6.5000000000000009 -101.50122702121733 123.29665410518648 2396.2808199483848 8892.9584990739841 -31.828577518463131 204.20216298103335 5.1861497305889639
decision_type=8 8 8 8 8 10 10 8 8 10 10 8 10 8
left_child=-1 -2 9 -4 5 6 -5 -6 -7 -3 11 -11 13 -13
right_child=1 2 3 4 7 8 -8 -9 -10 10 -12 12 -14 -15
leaf_value=0.36223202307629765 -0.68855607627129878 -0.00063311017528403294 -0.16173587278625404 -0.01214586583765467 0.31245120667087317 -0.27879906102695634 0.27562563798688272 -0.0020559417956301828 0.36287808432179758 0.14372182126531199 -0.50760151007852128 -0.5310021637223572 0.26971450388848195 -0.051628502315385218
leaf_weight=42 55 1375 117 61 91 60 316 995 76 103 104 82 58 286
leaf_count=42 55 1375 117 61 91 60 316 995 76 103 104 82 58 286
internal_value=-0.000117739 -0.000277778 -0.000112752 0.00150262 0.00215625 0.00566148 0.00865079 0.00049678 -0.00262774 -0.00149328 -0.00458991 -0.00254717 -0.00505855 -0.00731707
internal_weight=3821 3779 3724 1716 1599 513 377 1086 136 2008 633 529 426 368
internal_count=3821 3779 3724 1716 1599 513 377 1086 136 2008 633 529 426 368
is_linear=0
shrinkage=0.03


Tree=397
num_leaves=15
num_cat=0
split_feature=70 70 77 41 32 39 14 83 63 43 77 77 56 7
split_gain=7.33434 9.35346 12.7719 10.4434 11.3574 8.76842 9.06417 11.8195 11.4788 9.13976 8.60145 14.4445 10.4087 8.53428
threshold=1.0000000180025095e-35 0.74166666666666681 -87.414005398750291 232.56434452533725 0.1126984126984127 2396.2808199483848 378.1611256061833 68.379567503929152 485.37242895863409 371.63742697979609 11.347275078296663 36.790439248085029 -9.1560313701629621 2721.2635747458485
decision_type=8 8 10 10 8 10 8 8 10 8 10 10 10 8
left_child=-1 2 3 4 -2 10 7 -7 -8 -9 13 -12 -13 -3
right_child=1 5 -4 -5 -6 6 8 9 -10 -11 11 12 -14 -15
leaf_value=-0.016446890222454259 -0.043388414757467082 -0.012998096569543928 -0.049391058393530009 0.85609343253142411 0.13088025232003375 -0.012830740998962895 0.006571150564754759 -0.65007068665723633 -0.44878951559143671 -0.17308050991153151 0.73334942327209462 0.50610776996309437 -0.077660507261920683 0.042484031790351262
leaf_weight=220 77 1320 96 43 155 234 639 89 45 132 77 40 100 616
leaf_count=220 77 1320 96 43 155 234 639 89 45 132 77 40 100 616
internal_value=-0.000393924 -7.369e-05 0.00443548 0.00771739 0.00515021 -0.000583055 -0.00271053 -0.00598684 -0.000525547 -0.0109459 0.000543175 0.00619266 0.000425532 -9.29272e-05
internal_weight=3883 3663 371 275 232 3292 1139 455 684 221 2153 217 140 1936
internal_count=3883 3663 371 275 232 3292 1139 455 684 221 2153 217 140 1936
is_linear=0
shrinkage=0.03


Tree=398
num_leaves=15
num_cat=0
split_feature=28 44 80 62 16 28 27 8 58 81 72 29 33 79
split_gain=6.8751 11.1487 10.6666 10.5264 14.4163 14.4142 12.6864 8.41215 11.3953 10.4723 10.236 9.0165 8.64723 8.64483
threshold=220.50000000000003 50.285483121871955 -98.655865430831895 0.061544039172846683 17.500000000000004 252.50000000000003 0.93460998106407678 3.5465349322776603 31.086881637573246 4536.5667403936395 -27.690072298049923 0.92669540229885061 10.892888563049853 5.5159798248616019
decision_type=2 10 8 8 2 2 10 10 10 8 8 10 10 8
left_child=-1 3 -3 4 6 -5 -2 8 10 -9 -4 -12 -10 -11
right_child=1 2 7 5 -6 -7 -8 9 12 13 11 -13 -14 -15
leaf_value=-0.0081261597013082814 -0.18630377416689797 0.36407474506581822 -0.26764097027347256 0.11611918052882444 0.41326999519021779 -0.25758099303933174 0.24190935821358023 0.78863189619049501 -0.0049609600051434199 -0.13521392727801695 0.48384853270718675 -0.0073146098865374395 -0.54141429055777812 0.036472899155324111
leaf_weight=2413 177 103 51 53 99 125 49 107 92 45 79 56 77 300
leaf_count=2413 177 103 51 53 99 125 49 107 92 45 79 56 77 300
internal_value=-0.000282205 0.00137907 0.00335895 -0.00220238 0.00101227 -0.00804469 -0.00317181 0.00219059 -0.00126404 0.00490066 0.00385027 0.00816176 -0.00688235 0.00234104
internal_weight=3826 1413 910 503 325 178 226 807 355 452 186 135 169 345
internal_count=3826 1413 910 503 325 178 226 807 355 452 186 135 169 345
is_linear=0
shrinkage=0.03


Tree=399
num_leaves=15
num_cat=0
split_feature=1 38 76 9 82 3 76 27 52 81 3 53 0 51
split_gain=6.17904 6.11084 5.36188 11.417 11.0393 10.9748 10.9979 12.5863 11.9582 15.6857 8.53943 8.34839 6.1583 7.31373
threshold=609.24851906299602 930.60504594580505 371.3533326387406 570.00000000000011 -8.5624464352925589 8.5416666666569672 1176.9517558813097 0.93718542125098026 74.803609251976027 3696.7420524358754 19.291666666656969 5.5000000000000009 427.50000000000006 -151.08688163757321
decision_type=2 10 10 2 10 2 10 10 10 10 2 8 2 8
left_child=1 -1 12 4 -4 -5 8 -8 -7 -10 11 -9 13 -2
right_child=2 -3 3 5 -6 6 7 10 9 -11 -12 -13 -14 -15
leaf_value=-0.0071905607209684919 -0.037688939895992361 0.16715265245253 0.074121706254721184 0.24131051059427788 1.0184515969887784 0.010381516553593002 0.33856726729202269 -0.20792878141543694 -0.010441275480288717 -0.67327443592261416 0.14171975104562362 0.1427671491536327 0.82980204254201162 -0.0052973856150689792
leaf_weight=78 692 185 62 57 61 42 60 74 60 60 63 51 40 2212
leaf_count=78 692 185 62 57 61 42 60 74 60 60 63 51 40 2212
internal_value=-0.000450237 0.00397727 -0.000780764 0.00182741 0.00991935 -0.000320513 -0.0020438 0.00192771 -0.00809816 -0.0128926 -0.00190476 -0.00642857 -0.0013039 -0.00146644
internal_weight=3797 263 3534 590 123 467 410 248 162 120 188 125 2944 2904
internal_count=3797 263 3534 590 123 467 410 248 162 120 188 125 2944 2904
is_linear=0
shrinkage=0.03


Tree=400
num_leaves=15
num_cat=0
split_feature=36 62 56 67 65 66 81 32 23 23 50 72 41 41
split_gain=4.83251 13.7303 10.7067 7.74071 6.37076 9.60836 8.15922 10.4472 7.72561 10.8398 10.3293 6.34662 6.066 11.4371
threshold=0.10946593632317701 0.021954204011144094 110.09498929977418 -252.84170236205094 1.107640747696482 153.98715794086459 5907.5514587163934 0.29814814814814822 0.13032472133636477 0.74539387226104747 8.5342426300048846 -67.692257642745957 -75.437159538269029 2.6152381896972661
decision_type=8 8 8 10 10 10 8 10 8 10 8 8 10 10
left_child=1 3 -3 -1 8 6 -6 11 10 -10 -2 -8 -11 -14
right_child=4 2 -4 -5 5 -7 7 -9 9 12 -12 -13 13 -15
leaf_value=0.0043587471812320186 0.30291997239435969 -0.13488531317246025 0.0097968693366077431 0.2044088786066571 -0.34886572078464345 -0.8333640819452266 0.13338543591963714 0.58673184101869524 -0.16517837313947023 0.035117549511893081 -0.0081083849630129729 -0.20364914797192835 -0.055938238081888074 0.0052752260257690866
leaf_weight=51 82 88 60 97 98 41 41 43 80 538 63 72 560 1917
leaf_count=51 82 88 60 97 98 41 41 43 80 538 63 72 560 1917
internal_value=-3.91441e-05 0.00363636 -0.00281879 0.0100671 -0.000347851 -0.00456081 -0.00235294 0.00191083 3.70256e-05 -0.000281008 0.00678082 -0.00289474 9.94695e-06 -0.000617433
internal_weight=3831 296 148 148 3535 295 254 156 3240 3095 145 113 3015 2477
internal_count=3831 296 148 148 3535 295 254 156 3240 3095 145 113 3015 2477
is_linear=0
shrinkage=0.03


Tree=401
num_leaves=15
num_cat=0
split_feature=1 61 77 78 45 27 42 13 3 17 50 45 32 15
split_gain=8.41411 7.01299 9.77254 8.4038 6.53304 15.0576 8.07623 7.12088 6.53906 10.4142 18.7047 17.8117 12.8665 10.1714
threshold=839.08346462249767 0.96386723500838556 -202.85004067420957 0.87500000000000011 3.5000000000000004 0.98373876255949244 -112.9021781682968 390.00000000000006 15.541666666656967 35.000000000000007 357.55865705013281 10.500000000000002 0.096006144393241177 24.500000000000004
decision_type=2 10 10 10 10 10 10 10 2 2 10 10 10 2
left_child=1 4 -3 -4 5 -1 -7 8 -6 10 11 12 -10 -11
right_child=-2 2 3 -5 7 6 -8 -9 9 13 -12 -13 -14 -15
leaf_value=0.11386979798004175 -0.093575641237737942 0.24351210566332041 -0.29442063854174916 0.28414866806990496 -0.0090202407280091587 -0.53097527942823164 0.039830305795444193 -0.39330385719076705 0.51324847168257903 -0.037065743944579413 -0.058714197092554217 2.2919311598855598 0.039633738685734055 0.017557159766628559
leaf_weight=189 110 63 58 55 1874 67 40 47 54 424 77 43 341 394
leaf_count=189 110 63 58 55 1874 67 40 47 54 424 77 43 341 394
internal_value=3.12744e-05 0.000273679 0.00610169 0.000789474 -1.68966e-05 0.00424242 -0.00472222 -0.00040553 -0.000233791 0.00137181 0.0047093 0.00710706 0.00507576 -0.000732601
internal_weight=3836 3726 176 113 3550 296 107 3254 3207 1333 515 438 395 818
internal_count=3836 3726 176 113 3550 296 107 3254 3207 1333 515 438 395 818
is_linear=0
shrinkage=0.03


Tree=402
num_leaves=15
num_cat=0
split_feature=80 61 51 39 20 17 27 25 8 31 38 26 80 71
split_gain=7.23364 10.1436 6.31507 7.17706 8.41956 12.3962 10.5645 11.3183 7.74187 15.724 10.0835 8.946 10.4309 8.39758
threshold=-203.66100168228147 0.70522637192078563 542.44134294986736 2396.2808199483848 715.93281006813061 17.500000000000004 0.92040426387771535 0.89596861471861489 4.1116967280546719 20.415476190476195 3823.415592664936 135.50000000000003 -106.98970353603362 15.500000000000002
decision_type=8 8 10 8 10 2 10 10 10 8 8 2 10 10
left_child=1 -1 3 8 5 6 7 -5 10 -10 13 -12 -13 -2
right_child=2 -3 -4 4 -6 -7 -8 -9 9 -11 11 12 -14 -15
leaf_value=0.00044787236054787626 0.00060323217986246291 0.64564712277671332 -0.3289715538491732 0.050667746011478838 -0.26122886592078726 -0.016069458976270261 0.68400320413253946 -0.046586947857079293 0.2105273914478116 -0.026298138390376671 7.1723424800875782e-05 0.0095847641556031076 1.0476163150705899 -0.3755570716054783
leaf_weight=66 1418 47 45 71 59 1289 45 49 341 77 108 64 53 100
leaf_count=66 1418 47 45 71 59 1289 45 49 341 77 108 64 53 100
internal_value=0.000187842 0.00763158 -4.03226e-05 9.79592e-05 -0.00148613 -0.00103093 0.00668675 0.00198347 0.00120722 0.00486874 0.000326835 0.00623894 0.0119492 -0.000552995
internal_weight=3832 113 3719 3674 1513 1454 165 120 2161 418 1743 225 117 1518
internal_count=3832 113 3719 3674 1513 1454 165 120 2161 418 1743 225 117 1518
is_linear=0
shrinkage=0.03


Tree=403
num_leaves=15
num_cat=0
split_feature=79 34 67 28 3 60 77 31 62 19 61 22 67 17
split_gain=6.25958 9.67727 10.4545 11.2222 18.8816 8.98853 8.39363 8.2715 8.44671 8.18827 7.5789 7.45149 6.56819 12.6193
threshold=7.8591503867123143 0.16035714285714289 448.47620174288755 239.50000000000003 11.125000000000002 270.56831526756292 122.25493597984315 13.552777777777779 -0.084723756358855415 150.00000000000003 0.19484255110691356 9.1185901165008563 137.24336018164956 25.500000000000004
decision_type=8 8 8 2 2 10 8 8 8 10 8 2 10 2
left_child=1 6 7 5 -5 11 10 -3 -9 -6 -1 -4 -2 -14
right_child=12 2 3 4 9 -7 -8 8 -10 -11 -12 -13 13 -15
leaf_value=-0.55368687052559706 -0.00039181659257486956 -0.021905134148448156 -0.48138710302309956 1.0842269449815543 -0.26665934682393316 0.24702158636714541 0.45129868760800856 -0.015520811923960593 -0.61784093286686104 0.41699498457553319 0.09220198047845081 0.027013268313835964 0.71820149857885662 0.013404150524038835
leaf_weight=45 2423 191 129 46 77 67 45 59 124 42 94 51 95 380
leaf_count=45 2423 191 129 46 77 67 45 59 124 42 94 51 95 380
internal_value=-0.000201602 -0.0022863 -0.00373571 -0.000435835 0.00560241 -0.00447581 0.00389189 -0.00736 -0.0119022 -0.00075 0.000214286 -0.0079558 0.000496723 0.00371849
internal_weight=3868 970 786 412 165 247 184 374 183 119 139 180 2898 475
internal_count=3868 970 786 412 165 247 184 374 183 119 139 180 2898 475
is_linear=0
shrinkage=0.03


Tree=404
num_leaves=15
num_cat=0
split_feature=60 62 65 84 32 31 84 8 71 29 64 49 63 38
split_gain=7.30291 10.8847 8.70587 8.5058 7.77585 11.3503 10.3557 9.71762 8.52968 19.5521 10.1313 12.0874 13.0565 11.8133
threshold=-107.04284620285033 -0.20439491030032741 1.186256041349828 18.917019168535873 0.096006144393241177 16.575000000000006 18.917019168535873 6.4334458331929634 13.500000000000002 0.92962053667571187 3.7163219369307181 8.5000000000000018 -109.5393845203162 2883.6683610365949
decision_type=8 8 8 8 8 10 8 10 10 10 8 8 8 10
left_child=1 -1 3 -3 5 -2 -7 8 -6 10 -10 12 -12 -13
right_child=4 2 -4 -5 7 6 -8 -9 9 -11 11 13 -14 -15
leaf_value=0.091848769440894526 0.24732284211145167 -0.83295573687804458 -0.87507389694319127 0.14321575395874755 -0.023395777848183599 0.1042374085002276 -0.013426427430216287 0.055627967413696369 -0.72899214179044636 0.26094683609973601 0.8329991470903253 -0.16653095409635121 0.023773912958839832 0.029293220865089606
leaf_weight=43 90 62 42 51 1865 165 267 237 65 101 51 182 281 279
leaf_count=43 90 62 42 51 1865 165 267 237 65 101 51 182 281 279
internal_value=-0.000134849 -0.00572864 -0.00942308 -0.005 0.000175781 0.00355641 0.00152425 -0.000401698 -0.000892035 0.00140625 -6.98487e-05 0.000869018 0.00522523 -0.00227273
internal_weight=3781 198 155 113 3583 522 432 3061 2824 959 858 793 332 461
internal_count=3781 198 155 113 3583 522 432 3061 2824 959 858 793 332 461
is_linear=0
shrinkage=0.03


Tree=405
num_leaves=15
num_cat=0
split_feature=43 67 83 70 3 81 64 29 27 80 3 77 71 76
split_gain=6.65241 10.2413 9.97395 13.2511 13.8008 13.8626 13.348 13.4483 12.9729 12.5537 15.0276 10.999 16.1413 10.6397
threshold=585.69449131104363 -113.84174698193866 21.278454184532169 0.069047619047619066 18.791666666656969 7079.9755653142938 4.7641529442076447 0.90460895851630962 0.86188554658840799 159.56312286853793 9.7083333333430364 -251.29376238584516 9.5000000000000018 551.22932946681988
decision_type=8 8 10 8 2 10 10 10 10 8 2 8 10 8
left_child=1 -1 3 -3 5 6 7 -5 -4 -10 -11 -9 -13 -14
right_child=-2 2 8 4 -6 -7 -8 11 9 10 -12 12 13 -15
leaf_value=0.088488889047470626 -0.0089138316996670141 -0.36700970734930799 -0.36104493633680201 0.2194044216235089 -0.049800221649911013 0.21541757462617875 -0.26409816206989728 -0.4156909037398786 -0.036839068087602768 -0.57680299177545646 0.69009950677460885 -0.10009511363090004 0.011649977078197366 0.23541791192673317
leaf_weight=213 1245 41 74 289 287 330 130 79 460 42 172 174 127 142
leaf_count=213 1245 41 74 289 287 330 130 79 460 42 172 174 127 142
internal_value=-7.88229e-06 0.000866849 0.000293867 0.00163125 0.00207826 0.00341981 0.00156051 0.00299261 -0.00256342 -0.00124444 0.00474419 0.000114723 0.00195946 0.00655556
internal_weight=3805 2560 2347 1599 1558 1271 941 811 748 674 214 522 443 269
internal_count=3805 2560 2347 1599 1558 1271 941 811 748 674 214 522 443 269
is_linear=0
shrinkage=0.03


Tree=406
num_leaves=15
num_cat=0
split_feature=16 23 4 14 79 81 22 72 60 81 68 81 29 62
split_gain=10.4718 8.62485 15.424 12.7078 11.0818 9.73515 9.70113 8.26843 10.7012 9.49214 8.34333 7.70265 7.66555 8.70642
threshold=50.500000000000007 4.0054835081100473 6.5000000000000009 203.65700518628753 5.4203367627595336 1671.317119240761 3.1185901165008549 59.216825723648078 -2.8567929267883296 4087.7564445734029 0.028742615615011551 8479.726010084154 0.87533783783783792 0.17225901615093495
decision_type=2 8 2 10 8 8 2 8 8 8 10 10 10 10
left_child=1 2 4 -4 -1 -3 7 8 -5 10 -9 -8 -6 -14
right_child=-2 5 3 6 12 -7 11 9 -10 -11 -12 -13 13 -15
leaf_value=-0.58656638922220905 0.05008751916145715 0.89655228322754099 -0.1999447034158866 0.0069822127553402424 -0.44278043292062003 -0.015479105430121206 0.62236323595440068 -0.2034073750598 0.37321051757094903 0.04751661109699995 0.011181581595449134 0.0031670601892983094 0.012804141367796404 -0.26999182455719434
leaf_weight=62 94 44 135 193 49 2155 117 55 132 345 52 47 278 54
leaf_count=62 94 44 135 193 49 2155 117 55 132 345 52 47 278 54
internal_value=-0.00036192 -0.000613068 0.001125 0.00306407 -0.00358108 -0.00181364 0.00429936 0.00289203 0.00653374 0.000264901 -0.0075 0.0109091 -0.00164921 0
internal_weight=3812 3718 1519 1076 443 2199 941 777 325 452 107 164 381 332
internal_count=3812 3718 1519 1076 443 2199 941 777 325 452 107 164 381 332
is_linear=0
shrinkage=0.03


Tree=407
num_leaves=15
num_cat=0
split_feature=63 28 85 38 30 14 14 71 20 28 57 14 81 81
split_gain=5.3773 12.8714 9.14579 7.89495 7.61555 6.51088 12.5601 11.2493 8.4971 8.08982 12.0765 7.26413 9.34699 9.68684
threshold=378.00766587459799 310.50000000000006 176.55637625853225 2621.3755023680155 1.0500000000000003 51.094293393301065 160.79954182373555 10.500000000000002 597.02162611484539 197.50000000000003 8.5000000000000018 244.1889478111448 5625.9353879690179 8892.9584990739841
decision_type=10 2 10 10 10 8 10 8 10 2 10 10 10 10
left_child=5 2 3 4 -2 7 9 -1 11 -7 -11 12 -8 -14
right_child=1 -3 -4 -5 -6 6 8 -9 -10 10 -12 -13 13 -15
leaf_value=-0.2551091895681899 -0.25723203583986026 -0.94686318702909145 0.35661134270879813 -0.24213975487333059 0.086159802421631085 -0.018904123721336263 0.0008978331380114212 0.063313155776691582 -0.088118990511167353 -0.55466450180099258 -0.068856802721609489 0.0010844084118803263 0.67629306259927158 4.0221439537011686e-05
leaf_weight=40 55 50 69 77 70 128 180 265 81 53 66 2567 76 47
leaf_count=40 55 50 69 77 70 128 180 265 81 53 66 2567 76 47
internal_value=-0.000109804 -0.00381988 -0.00121324 -0.0044335 0.000238095 0.000231164 -0.000168803 0.00441176 0.000376016 -0.00665323 -0.01225 0.000647858 0.00503289 0.011371
internal_weight=3824 321 271 202 125 3503 3198 305 2951 247 119 2870 303 123
internal_count=3824 321 271 202 125 3503 3198 305 2951 247 119 2870 303 123
is_linear=0
shrinkage=0.03


Tree=408
num_leaves=15
num_cat=0
split_feature=7 77 71 23 28 29 41 81 81 72 77 0 0 16
split_gain=8.60084 10.0099 8.33655 10.649 11.4144 10.0603 15.6039 11.6825 16.6757 14.9268 13.8169 11.9444 21.6592 19.1953
threshold=4965.4098579102001 -62.583481609821312 13.500000000000002 11.271860837936403 274.50000000000006 0.93057746232036465 348.39045011997229 4632.2083827257165 5907.5514587163934 -2.7136796712875362 -144.67806553840634 11.500000000000002 47.500000000000007 13.500000000000002
decision_type=10 10 8 8 2 10 10 10 10 10 8 2 2 2
left_child=2 -2 5 -4 -5 6 7 11 -9 10 -10 -1 -13 -14
right_child=1 -3 3 4 -6 -7 -8 8 9 -11 -12 12 13 -15
leaf_value=0.04157719906799253 0.40529682609019957 -0.0018331492340401454 0.030062502632036612 -0.077554833831788197 0.15564459233170519 -0.080018446412601169 -0.48805677806705089 -0.69724099940494899 0.08543114125838365 0.58833108265727019 -0.10533055683983895 -0.27908599210238083 0.32014170621927179 -0.03985761307016062
leaf_weight=288 103 134 1314 316 44 612 53 90 135 59 305 97 147 118
leaf_count=288 103 134 1314 316 44 612 53 90 135 59 305 97 147 118
internal_value=-0.000102201 0.00542017 -0.000469405 0.00107463 -0.0034903 -0.00182677 -0.000324826 0.000362903 -0.00269492 -0.00054 -0.00244898 0.00313364 -0.000495868 0.00394737
internal_weight=3815 237 3578 1674 360 1904 1292 1239 589 499 440 650 362 265
internal_count=3815 237 3578 1674 360 1904 1292 1239 589 499 440 650 362 265
is_linear=0
shrinkage=0.03


Tree=409
num_leaves=15
num_cat=0
split_feature=14 65 15 31 70 43 29 15 36 57 80 80 68 64
split_gain=6.75917 6.05724 8.58234 12.0084 10.7801 10.4923 8.48692 8.95628 8.42095 16.305 8.63818 10.3164 8.34286 10.8077
threshold=1287.3659222077679 0.93413120501802349 18.500000000000004 17.040833333333335 0.86190476190476206 1317.183749709222 0.93435318435318448 48.500000000000007 0.2251760563380282 9.5000000000000018 -27.219190955162045 54.64910817146302 0.084164369636502687 4.0637225796594754
decision_type=10 10 2 10 8 10 10 2 10 10 10 10 10 10
left_child=1 -1 3 4 -3 6 8 -8 12 -10 -11 -12 13 -4
right_child=-2 2 5 -5 -6 -7 7 -9 9 10 11 -13 -14 -15
leaf_value=0.0059975373137222477 0.050194613547255747 0.56149750979587942 -0.14021450317052092 -0.66375959579445165 -0.077947938670414774 -0.42181406634913343 0.19320143626312031 -0.035734131449133635 0.063729874052018964 -0.14456340651823321 -0.59151304683215489 -0.10170852046668523 1.0390472571103513 0.022816558596798514
leaf_weight=2520 72 49 61 108 115 57 65 40 83 134 46 56 40 376
leaf_count=2520 72 49 61 108 115 57 65 40 83 134 46 56 40 376
internal_value=0 -0.000175953 -0.00190089 -0.00659341 -0.00145455 -0.000563087 0.000232816 0.00820755 -0.000828105 -0.00459375 -0.00860759 -0.0151456 0.00169456 0.000479452
internal_weight=3822 3750 1230 272 164 958 901 105 796 319 236 102 477 437
internal_count=3822 3750 1230 272 164 958 901 105 796 319 236 102 477 437
is_linear=0
shrinkage=0.03


Tree=410
num_leaves=15
num_cat=0
split_feature=70 0 0 83 37 67 26 43 42 27 31 72 17 82
split_gain=7.81191 10.9083 9.45624 8.20183 12.3839 10.4512 9.97154 9.94156 9.72787 10.086 11.0106 14.7189 12.2307 10.8893
threshold=1.0000000180025095e-35 18.500000000000004 427.50000000000006 35.384360194206245 1526.0946788865836 89.042722463607859 127.50000000000001 23.903802539193503 123.9431130886078 0.86527657735522923 4.3035714285714297 18.592788219451908 5.0000000000000009 124.496683994929
decision_type=8 2 2 10 10 8 2 10 8 10 8 8 2 10
left_child=1 -1 3 8 7 -6 -7 -5 9 -2 11 -11 -12 -14
right_child=2 -3 -4 4 5 6 -8 -9 -10 10 12 -13 13 -15
leaf_value=-0.0033126115238622418 0.097069683615063726 -0.45010311571513617 1.076771937676495 0.21507105599071205 -0.02020255092373156 0.04960935337349788 1.6770349633761212 -0.07241763035668114 -0.011593759119176261 -0.048233919533814638 -0.89771899919208598 0.36670228209644445 0.0083113994375768382 -0.22816551659053214
leaf_weight=165 331 44 48 56 170 72 58 575 772 97 40 178 1167 72
leaf_count=165 331 44 48 56 170 72 58 575 772 97 40 178 1167 72
internal_value=5.46022e-05 -0.00557143 0.000379434 0.000200613 -0.00222103 0.0027907 0.00916031 -0.00460443 0.00104966 0.00221103 0.00119614 0.00663043 2.34375e-05 0.000556452
internal_weight=3845 209 3636 3588 931 300 130 631 2657 1885 1554 275 1279 1239
internal_count=3845 209 3636 3588 931 300 130 631 2657 1885 1554 275 1279 1239
is_linear=0
shrinkage=0.03


Tree=411
num_leaves=15
num_cat=0
split_feature=56 3 3 25 53 76 48 23 85 7 3 14 31 75
split_gain=6.50797 9.51981 14.4283 12.8605 12.959 10.5786 9.09153 7.31141 7.98751 7.76026 15.8948 11.9671 10.221 9.00924
threshold=-73.033443331718431 13.041666666656967 16.291666666656969 0.91945945945945962 5.5000000000000009 381.51657581329351 -63.144804040590913 0.13032472133636477 7.2406205336252869 2339.3933941008813 16.791666666656969 120.97157499983108 23.07628205128206 1450.1203634738924
decision_type=8 2 2 10 10 8 8 8 10 8 2 10 8 10
left_child=1 5 3 -3 -5 -1 -2 8 -8 10 13 12 -11 -9
right_child=6 2 -4 4 -6 -7 7 9 -10 11 -12 -13 -14 -15
leaf_value=-0.22723546550874579 -0.35063692625347703 -1.0469594468877839 0.042137024812213007 -0.35046611118696092 0.10016372840038017 0.20424583051563758 0.245258814925088 0.090023773632809084 -0.037943399838051728 -0.802674252728657 -0.030708654334000305 -0.0072586352657952342 0.0061967085434280729 -0.058170469128996344
leaf_weight=42 48 68 226 51 59 172 89 502 59 80 300 2010 40 75
leaf_count=42 48 68 226 51 59 172 89 502 59 80 300 2010 40 75
internal_value=-0.000102041 0.00271405 0 -0.00636872 0 0.00781395 -0.000646067 -0.000446768 0.00604027 -0.000767952 0.00160592 -0.00174566 -0.0109091 0.00451557
internal_weight=3821 618 404 178 110 214 3203 3155 148 3007 877 2130 120 577
internal_count=3821 618 404 178 110 214 3203 3155 148 3007 877 2130 120 577
is_linear=0
shrinkage=0.03


Tree=412
num_leaves=15
num_cat=0
split_feature=64 64 4 49 48 26 43 37 69 48 52 0 1 29
split_gain=6.92365 12.9558 12.6692 8.90169 13.6025 11.7579 12.1011 11.0459 10.0661 18.499 13.1557 9.98459 13.5017 11.7208
threshold=6.2811925567240587 5.679453871472357 7.5000000000000009 10.500000000000002 -86.745964368184389 105.50000000000001 569.51409323227188 1445.7360076173779 -64.645750464537613 -42.253519614537545 15.994303345680239 -19.499999999999996 659.08346462249767 0.93026373215287739
decision_type=10 10 2 10 10 2 8 10 8 8 8 2 2 10
left_child=1 3 -2 5 -5 -1 8 -6 -7 -10 -11 -8 13 -13
right_child=2 -3 -4 4 7 6 11 -9 9 10 -12 12 -14 -15
leaf_value=-0.0029080109692613387 -0.056475896192565073 -0.44037854633431367 0.14671712652610239 0.27395002581756445 0.0044139547043280198 0.40233490586667003 -0.33062774104547044 -0.20531701006303343 -0.2298001167311815 -0.21928553211011387 0.20203900219906901 0.019205225594402915 -0.040955277956863545 0.43300247863978314
leaf_weight=1947 75 112 171 78 109 216 54 176 66 56 437 87 178 51
leaf_count=1947 75 112 171 78 109 216 54 176 66 56 437 87 178 51
internal_value=0.000243838 -9.24888e-05 0.00510121 0.000234375 -0.0042033 0.000756547 0.00316754 -0.00723776 0.00529639 0.00316071 0.00516194 -0.0012938 0.000757098 0.00776978
internal_weight=3813 3567 246 3455 363 3092 1145 285 775 559 493 370 316 138
internal_count=3813 3567 246 3455 363 3092 1145 285 775 559 493 370 316 138
is_linear=0
shrinkage=0.03


Tree=413
num_leaves=15
num_cat=0
split_feature=56 29 38 1 50 16 0 32 80 77 77 7 82 39
split_gain=11.823 10.6811 9.89064 17.177 13.22 12.4774 9.0451 9.98036 8.74517 8.54517 7.73289 10.9157 7.67625 11.5719
threshold=-73.033443331718431 0.8649477698557454 2980.7214678306295 742.4528832435609 61.972092390060432 3.5000000000000004 -56.499999999999993 0.063508064516129045 338.75734591484076 -170.43623745441434 -97.043278694152818 2119.7207889820679 143.17034693559012 3225.0102297076942
decision_type=8 10 10 2 8 2 2 8 10 10 8 10 10 10
left_child=1 -1 6 5 -5 -4 -2 9 -9 -8 11 -3 -7 -14
right_child=2 10 3 4 -6 12 7 8 -10 -11 -12 -13 13 -15
leaf_value=-0.13602851176160793 -0.51765069365398841 -0.066437066907608297 -0.026138995365737019 0.034488127069565201 -0.22709444131427328 0.055312961528772721 0.25639828581710494 -0.0126308479041732 -0.55179646003918748 -0.01324544132642174 0.38781222164457263 0.082530371282171014 0.2544994222846706 -0.77230128986231528
leaf_weight=96 73 87 246 54 76 792 64 1788 40 41 175 253 47 40
leaf_count=96 73 87 246 54 76 792 64 1788 40 41 175 253 47 40
internal_value=-0.00024787 0.00357843 -0.000965665 0.00112261 -0.00916031 0.00231794 -0.00227205 -0.00187694 -0.00239475 0.00707547 0.0052907 0.0026393 0.00398864 -0.00443182
internal_weight=3872 611 3261 1255 130 1125 2006 1933 1828 105 515 340 879 87
internal_count=3872 611 3261 1255 130 1125 2006 1933 1828 105 515 340 879 87
is_linear=0
shrinkage=0.03


Tree=414
num_leaves=15
num_cat=0
split_feature=64 81 3 77 77 79 46 27 27 62 3 81 77 77
split_gain=12.5022 12.3979 11.8925 12.6841 11.5778 14.1021 13.9305 11.494 12.3059 21.0529 17.6662 10.5366 13.3209 10.123
threshold=4.3148947322195417 5046.2390958070764 8.3750000000000018 -136.62667024135587 -146.72816359996793 120.03008699665553 1050.0000000000002 0.95706605222734276 0.91383435076720032 -0.037515085180125508 17.208333333343038 5387.595426917077 13.88852369785309 -103.93103235960005
decision_type=8 8 2 10 8 8 10 10 8 10 2 8 8 8
left_child=11 2 3 -2 5 -3 -7 8 -6 -10 -11 -1 -13 -9
right_child=1 4 -4 -5 7 6 -8 13 9 10 -12 12 -14 -15
leaf_value=0.0088900381413037615 -0.0039962165889631503 0.19561789636053392 -0.075002539122022718 0.99710878702441019 0.0010961167235543068 0.13867479373260905 -0.1003975840508198 -0.56226412916614088 0.56971369420137352 -0.3662658481307261 0.49876761487877391 -0.22242184789237313 0.0070469493432938528 -0.01368988197161662
leaf_weight=427 114 380 569 41 848 71 77 49 227 99 68 381 195 298
leaf_count=427 114 380 569 41 848 71 77 49 227 99 68 381 195 298
internal_value=0.000218466 0.00123505 -0.00215172 0.00519231 0.00239377 0.00623819 -0.00161074 0.00111321 0.00246179 0.00683544 -0.00125 -0.00265936 -0.00530329 -0.0037069
internal_weight=3844 2841 724 155 2117 528 148 1589 1242 394 167 1003 576 347
internal_count=3844 2841 724 155 2117 528 148 1589 1242 394 167 1003 576 347
is_linear=0
shrinkage=0.03


Tree=415
num_leaves=15
num_cat=0
split_feature=38 64 37 66 35 60 81 34 68 48 0 23 24 3
split_gain=6.42975 13.2365 9.90105 10.1381 14.0893 13.6042 11.3992 9.09839 10.4277 8.96008 8.54554 7.14435 6.65836 6.4523
threshold=3391.9440655901521 4.083971113897598 1861.6263809118288 13.13490676879883 22.865336879432625 180.15866160392764 5387.595426917077 0.23368794326241138 -0.047572584982071946 -7.6795515219370509 42.500000000000007 2.8354868888854985 46.500000000000007 0.5416666666569655
decision_type=10 8 8 8 10 10 8 10 10 10 2 10 2 2
left_child=13 -2 7 6 12 11 -4 -3 -9 -8 -11 -6 -5 -1
right_child=1 2 3 4 5 -7 9 8 -10 10 -12 -13 -14 -15
leaf_value=-0.26755358313488392 -0.19010711580525125 0.32987202538481902 -1.3496776370248242 0.0081329346437553802 0.19722343348302188 -0.47306037524627359 -0.50266309361039119 0.21670037693934807 -0.3433863373673432 0.14133306726448161 -0.056473891654357539 -0.0053133892200111082 0.79909034076131968 -0.0033732324916190318
leaf_weight=62 62 174 40 47 65 41 70 74 48 48 43 147 90 2847
leaf_count=62 62 174 40 47 65 41 70 74 48 48 43 147 90 2847
internal_value=-0.000279865 0.00186316 0.00280405 0.000557432 0.00337596 -0.000826772 -0.00490099 0.00727273 0.00097561 -0.0012963 0.0048913 0.00225352 0.011087 -0.000979381
internal_weight=3858 949 887 591 390 253 201 296 122 161 91 212 137 2909
internal_count=3858 949 887 591 390 253 201 296 122 161 91 212 137 2909
is_linear=0
shrinkage=0.03


Tree=416
num_leaves=15
num_cat=0
split_feature=0 27 41 39 23 43 71 3 14 49 5 48 40 49
split_gain=6.96073 12.3424 11.5032 10.3298 10.0361 9.62623 9.56655 10.2519 8.89268 8.74733 8.96234 9.08646 10.9207 9.86793
threshold=11.500000000000002 0.98473193473193488 43.823863863945014 1641.87575925176 1.0000000180025095e-35 385.76077395773353 13.500000000000002 12.458333333343036 474.58620363616967 11.500000000000002 50.751480937004096 -27.451065142949417 41.003927148573958 6.5000000000000009
decision_type=2 10 8 10 10 10 8 2 10 8 10 10 10 10
left_child=1 4 5 -3 -1 6 7 -2 -9 10 11 12 -6 -13
right_child=2 3 -4 -5 9 -7 -8 8 -10 -11 -12 13 -14 -15
leaf_value=-0.054399371354226136 -0.45058922255219358 -0.22809566729059275 0.00039313595243186224 0.034051065408804995 0.1388706606278749 -0.56480222387268664 0.043126599267909058 -0.058833925957440268 0.65713228500591436 0.13551353495439755 0.021567016145387068 -0.0039269426188796603 -0.11111932926716861 0.16477216607013764
leaf_weight=53 121 114 1593 54 92 112 190 106 47 174 642 168 281 122
leaf_count=53 121 114 1593 54 92 112 190 106 47 174 642 168 281 122
internal_value=-0.000131783 0.00130511 -0.00125806 -0.00639053 0.00215264 -0.00488735 -0.00296774 -0.00654545 -0.00136364 0.00261486 0.00176876 -0.000677711 -0.00377005 0.00329897
internal_weight=3869 1700 2169 168 1532 576 464 274 153 1479 1305 663 373 290
internal_count=3869 1700 2169 168 1532 576 464 274 153 1479 1305 663 373 290
is_linear=0
shrinkage=0.03


Tree=417
num_leaves=15
num_cat=0
split_feature=41 0 20 60 48 20 29 73 40 73 62 48 39 60
split_gain=8.26347 14.4712 10.4787 9.82292 9.74785 9.10836 9.01656 9.03187 8.83299 8.35099 10.1821 7.45238 10.9618 11.3927
threshold=-75.437159538269029 -52.499999999999993 87.413296341896071 -31.139643192291256 -26.161198298136391 187.54545378685 0.8649477698557454 38.584916591644294 462.73386773253139 1.4548788070678713 -0.19076557579598272 -3.9152094523111978 367.92732871414313 53.227839112281806
decision_type=8 2 8 8 10 8 8 8 10 8 8 8 10 8
left_child=6 4 -3 -4 -2 -5 7 -1 9 -8 -11 12 -7 -14
right_child=1 2 3 5 -6 11 8 -9 -10 10 -12 -13 13 -15
leaf_value=-0.57327520296231249 -0.49648070696248436 -0.3591559364186982 -0.5345994403132116 0.32674075097712418 0.013931850283591594 0.17945791086497734 0.3541971092276624 0.0069637852650087633 -0.14409519920132707 0.53325115054680616 0.0094886486442055679 -0.0055413728270800175 0.053019202161196044 -0.018885354505368115
leaf_weight=48 111 68 112 88 50 41 88 42 73 55 289 2367 247 150
leaf_count=48 111 68 112 88 50 41 88 42 73 55 289 2367 247 150
internal_value=-0.000477807 -0.00107573 -0.000614834 -0.000349301 -0.00981481 -1.03663e-05 0.00276846 -0.00593407 0.00432806 0.00595843 0.00382609 -0.00031005 0.00328018 0.00173367
internal_weight=3829 3234 3073 3005 161 2893 595 90 505 432 344 2805 438 397
internal_count=3829 3234 3073 3005 161 2893 595 90 505 432 344 2805 438 397
is_linear=0
shrinkage=0.03


Tree=418
num_leaves=15
num_cat=0
split_feature=56 71 16 80 85 65 16 27 40 27 27 27 25 85
split_gain=6.2215 14.7355 12.8783 10.2267 13.1304 13.9981 10.1565 9.10432 14.2353 7.788 6.82664 12.6321 13.6478 11.7107
threshold=-73.033443331718431 14.500000000000002 14.500000000000002 4.8254847526550302 -151.75053393840787 0.98268130063974024 16.500000000000004 0.867301787971826 163.24887915099464 0.91383435076720032 0.88556547619047621 0.8700649350649351 0.91277173913043486 135.02819418907168
decision_type=8 8 2 8 8 10 2 10 10 10 8 10 10 10
left_child=1 3 -3 4 6 -6 -1 -5 9 -9 11 13 -13 -2
right_child=10 2 -4 7 5 -7 -8 8 -10 -11 -12 12 -14 -15
leaf_value=-0.86607167445115563 0.0033959547611990002 0.43076058161881065 0.01941946992363551 0.13603856680092163 0.0015129150295078375 0.42990942305113716 0.023994785925948461 0.89106863589553909 -0.38599233535948763 -0.065564282395622994 0.00054758305867146355 -0.27746275593846897 0.40688943899610475 -0.1883152280215305
leaf_weight=40 617 50 52 50 59 70 43 43 118 79 2297 216 40 113
leaf_count=40 617 50 52 50 59 70 43 43 118 79 2297 216 40 113
internal_value=-0.000316358 0.00247934 0.0128155 0.000357853 0.00535211 0.0113077 -0.00392857 -0.00329897 -0.00572614 0.00146341 -0.000831303 -0.00291793 -0.00863813 -0.000902873
internal_weight=3887 604 102 502 212 129 83 290 240 122 3283 986 256 730
internal_count=3887 604 102 502 212 129 83 290 240 122 3283 986 256 730
is_linear=0
shrinkage=0.03


Tree=419
num_leaves=15
num_cat=0
split_feature=62 63 67 48 0 41 0 41 81 48 81 48 58 62
split_gain=6.41205 6.44294 5.29218 6.9969 10.2646 5.24773 13.3794 11.0235 10.6104 12.5979 13.213 8.96416 17.3731 10.9484
threshold=-0.36020306481264014 -342.26892006686205 -267.0884508208224 -129.20345064004258 -130.49999999999997 43.823863863945014 11.500000000000002 47.303917765617378 3760.1464006900792 60.768820762634284 5070.6015328168878 -32.396151741345712 985.00307321548473 -0.12541305495146673
decision_type=8 8 8 8 2 8 2 8 8 10 8 10 10 10
left_child=-1 -2 -3 4 -4 6 11 -7 -8 10 -10 13 -13 -5
right_child=1 2 3 5 -6 7 8 -9 9 -11 -12 12 -14 -15
leaf_value=-0.19007287167279827 0.21156330921179844 -0.50981620012548312 0.0004202603213330036 0.014685150857548094 0.31286815415488406 0.87708149287103065 0.055132890758600298 0.0048027634024761841 -0.69789663520023959 0.033592642463499869 -0.11656970877643995 0.041234878106620486 -0.23055516604005938 -0.086584006731174182
leaf_weight=43 45 46 96 221 60 40 101 1859 71 66 296 442 46 372
leaf_count=43 45 46 96 221 60 40 101 1859 71 66 296 442 46 372
internal_value=-0.000204993 -7.17703e-05 -0.000209847 -8.17216e-05 0.00611465 -0.000358464 -0.0016151 0.000710526 -0.00549533 -0.00753456 -0.00970109 0.000304991 0.00331288 -0.00217172
internal_weight=3804 3761 3716 3670 156 3514 1615 1899 534 433 367 1081 488 593
internal_count=3804 3761 3716 3670 156 3514 1615 1899 534 433 367 1081 488 593
is_linear=0
shrinkage=0.03


Tree=420
num_leaves=15
num_cat=0
split_feature=17 77 65 62 16 77 4 39 44 68 40 40 24 81
split_gain=9.63087 9.96248 6.41513 13.3904 10.975 10.4572 15.5638 14.9726 9.85281 7.78253 15.1206 12.9389 12.5796 9.97902
threshold=5.0000000000000009 -60.861146926879876 0.92315479011255208 0.14834860474784714 2.5000000000000004 -87.414005398750291 8.5000000000000018 3510.36610283034 168.22431957721713 -0.015912462383346312 211.16696461082526 89.440101471371307 44.500000000000007 5543.6277067661294
decision_type=2 8 10 8 2 10 2 10 10 8 10 10 2 8
left_child=1 -1 4 5 8 -4 -7 -8 -2 11 -11 -6 -13 -14
right_child=2 -3 3 -5 9 6 7 -9 -10 10 -12 12 13 -15
leaf_value=-1.4380929643157143 0.70562214415213087 0.00055924358535220037 0.0054760882492150388 -0.62872649806394543 0.57635140196445611 -0.54012354020594888 0.91888869800553186 -0.1802638439638799 -0.011561339136657856 -0.050177232415122397 0.011782359145724541 -0.011576830896683141 -0.0010531394602039156 1.0730082789372799
leaf_weight=49 90 47 965 50 131 184 52 54 45 677 1101 297 43 58
leaf_count=49 90 47 965 50 131 184 52 54 45 677 1101 297 43 58
internal_value=5.46306e-05 -0.00927835 0.000296158 -0.00140123 0.00120344 -0.000788217 -0.0057732 0.00336449 0.00948529 0.000714905 -0.000236088 0.00390566 0.00120301 0.0102941
internal_weight=3843 96 3747 1305 2442 1255 290 106 135 2307 1778 529 398 101
internal_count=3843 96 3747 1305 2442 1255 290 106 135 2307 1778 529 398 101
is_linear=0
shrinkage=0.03


Tree=421
num_leaves=15
num_cat=0
split_feature=67 62 37 39 16 72 79 48 17 64 80 83 31 0
split_gain=7.46455 9.605 8.18542 9.79378 10.355 10.0019 9.24635 8.69751 11.2484 12.477 13.7529 10.6993 10.6311 9.32215
threshold=-261.95527132919852 -0.11737446102444794 2528.1613883500154 2199.9667582723364 26.500000000000004 -84.573569655418382 6.563873494850025 127.46175305048625 24.500000000000004 4.6564247576460636 -130.63939535617826 -67.552277088165269 13.606623931623934 4.5000000000000009
decision_type=8 10 8 8 2 8 8 10 2 8 10 8 10 2
left_child=-1 -2 3 4 5 -3 -6 8 12 10 -10 -9 13 -7
right_child=1 2 -4 -5 6 7 -8 11 9 -11 -12 -13 -14 -15
leaf_value=-0.35016560880374731 0.013572449418621702 0.42518245394822429 0.083817311908617728 -0.05410515457579855 -0.41369002789527315 0.37258296199147389 -0.034428281028640373 -0.098350617993260697 -0.25087361428523181 0.52925812588403387 0.035415448600503156 0.46443450248151213 -0.71874214811122616 -0.15252593190267433
leaf_weight=68 1611 93 134 864 47 41 194 59 75 73 248 112 80 112
leaf_count=68 1611 93 134 864 47 41 194 59 75 73 248 112 80 112
internal_value=0.000212487 0.000392628 -0.00092827 -0.00141071 0.000422907 0.00191275 -0.00508264 0.00082397 -0.000809524 0.002267 -0.000277778 0.00680233 -0.00602564 -0.00136364
internal_weight=3811 3743 2132 1998 1134 893 241 800 629 396 323 171 233 153
internal_count=3811 3743 2132 1998 1134 893 241 800 629 396 323 171 233 153
is_linear=0
shrinkage=0.03


Tree=422
num_leaves=15
num_cat=0
split_feature=3 4 74 69 28 66 48 26 84 43 64 61 79 61
split_gain=8.41806 8.43363 16.2726 12.152 14.6457 18.6834 11.6121 10.7918 9.94913 10.3374 12.3001 10.0395 9.6314 9.5161
threshold=23.625000000000004 7.5000000000000009 1979.9099778219422 313.32278987485523 287.50000000000006 231.32891786098483 225.69090763727829 85.500000000000014 83.970846732457503 623.18503463623563 4.1350097637415333 0.29250303394340005 10.056017578464619 0.41633773818773001
decision_type=2 2 10 10 2 10 10 2 10 10 8 10 10 10
left_child=1 8 3 4 5 6 -3 12 9 11 -11 -1 -7 -13
right_child=-2 2 -4 -5 -6 7 -8 -9 -10 10 -12 13 -14 -15
leaf_value=-0.0063958759812246056 -0.42912313465299778 0.008052850535282317 -0.3500559130515028 0.42842880270454187 0.19120460046817542 -0.14333394872939068 0.8152301991510682 -0.53849785980535969 -0.16426876152229108 -0.48434437941711905 -0.006492858641078199 0.2493111087377711 0.11405703648187639 0.030447679872714895
leaf_weight=782 61 1172 42 141 222 45 42 97 190 86 437 59 47 402
leaf_count=782 61 1172 42 141 222 45 42 97 190 86 437 59 47 402
internal_value=-0.000164663 1.59363e-05 0.00149254 0.00193548 0.00119926 6.41026e-05 0.0014321 -0.00868421 -0.001349 -0.000645161 -0.00417939 0.000844051 -0.00129032 0.00435065
internal_weight=3825 3764 1808 1766 1625 1403 1214 189 1956 1766 523 1243 92 461
internal_count=3825 3764 1808 1766 1625 1403 1214 189 1956 1766 523 1243 92 461
is_linear=0
shrinkage=0.03


Tree=423
num_leaves=15
num_cat=0
split_feature=6 79 56 85 72 65 75 45 84 34 27 61 32 31
split_gain=8.44838 9.99013 12.1333 11.6215 9.09291 7.75774 7.39351 12.1279 9.07212 7.47046 8.35423 7.44604 7.3255 9.02367
threshold=690.00000000000011 8.9557193095525172 268.21729922294622 -3.8093678951263423 -164.17924082279202 0.99444332305378291 2087.2436515092854 2.5000000000000004 -8.7884013652801496 0.28966437833714725 0.92916869904536281 0.14926988347402734 0.078461538461538485 13.074285714285717
decision_type=10 10 10 8 10 10 10 10 10 8 10 8 8 10
left_child=-1 3 6 4 -2 -6 7 -3 12 11 -11 -10 -9 -14
right_child=1 2 -4 -5 5 -7 -8 8 9 10 -12 -13 13 -15
leaf_value=0.013431554685728101 0.43747499679439616 0.41957305242419907 -0.22951824065706453 -0.055136157791314082 -0.25157587496940842 0.015057687874431415 -0.25529169723049305 0.083645415632375777 0.010690204084491341 -0.041592095975542517 0.11527093504117758 0.29770899241686805 0.0099707708670383303 -0.1954497920967958
leaf_weight=1485 117 59 119 770 92 92 70 99 81 93 74 131 305 236
leaf_count=1485 117 59 119 770 92 92 70 99 81 93 74 131 305 236
internal_value=0.000149059 -0.000974776 0.000828076 -0.00310634 0.00188742 -0.00227027 0.00177546 0.0023911 0.00161765 0.00528947 0.000535714 0.00901408 -0.000561622 -0.00193727
internal_weight=3823 2338 1267 1071 301 184 1148 1078 1019 379 167 212 640 541
internal_count=3823 2338 1267 1071 301 184 1148 1078 1019 379 167 212 640 541
is_linear=0
shrinkage=0.03


Tree=424
num_leaves=15
num_cat=0
split_feature=51 29 26 68 33 29 13 29 29 77 68 23 31 85
split_gain=6.77272 8.96662 6.54196 18.9266 18.4061 10.472 10.9344 7.93756 11.2299 7.62909 7.63404 11.9862 9.19851 11.0888
threshold=-2127.5586570501323 0.98147353668826065 143.50000000000003 0.028742615615011551 18.317885375494079 0.92502927400468404 150.00000000000003 0.91675784099197677 0.88295277633627411 122.25493597984315 0.16354196749068159 11.118590116500856 10.004166666666668 176.55637625853225
decision_type=8 10 2 10 10 10 8 10 10 10 10 10 10 10
left_child=1 -1 9 5 -5 6 7 8 -4 10 -2 12 -12 -14
right_child=2 -3 3 4 -6 -7 -8 -9 -10 -11 11 -13 13 -15
leaf_value=-0.25539532105582591 -0.0038100659570094206 0.028394983574629027 -0.040066288908405238 -0.37519839348171019 0.056008596641724466 0.52424438218263592 0.15085200566515944 -0.25898136239867231 0.31274846296262554 -0.17823465362940721 0.00064203031207545893 -0.11126129199290599 0.1174749412817038 0.56228493792532397
leaf_weight=112 2490 73 84 108 87 175 53 52 73 52 141 84 171 46
leaf_count=112 2490 73 84 108 87 175 53 52 73 52 141 84 171 46
internal_value=0.000260389 -0.00532258 0.000547415 0.00331754 -0.00443878 0.00678082 0.00296578 -0.000142857 0.00322785 -4.0201e-05 0.000163655 0.00379233 0.00618384 0.0100459
internal_weight=3801 185 3616 632 195 437 262 209 157 2984 2932 442 358 217
internal_count=3801 185 3616 632 195 437 262 209 157 2984 2932 442 358 217
is_linear=0
shrinkage=0.03


Tree=425
num_leaves=15
num_cat=0
split_feature=16 56 48 53 71 31 29 44 34 33 48 16 41 38
split_gain=6.7899 8.59139 7.22519 13.697 7.16736 8.98312 6.25233 5.75018 6.09825 9.55325 9.47265 14.9537 12.2073 11.2189
threshold=44.500000000000007 144.95290883382162 -132.02593350410459 5.5000000000000009 12.500000000000002 12.889444444444447 0.38057628524046438 8.7682361602783221 0.2228132387706856 13.948008534850642 59.809412042299918 3.5000000000000004 71.065105319023147 3224.7799279426285
decision_type=2 10 8 10 10 10 10 8 8 10 8 2 10 10
left_child=2 6 3 -1 -5 -6 -2 -4 10 -10 11 13 -12 -9
right_child=1 -3 7 4 5 -7 -8 8 9 -11 12 -13 -14 -15
leaf_value=-0.068493092706618727 0.0073942040430475548 -0.098583546343587888 -0.090921435858008978 1.1414587979108615 -0.0064381379356039754 0.36392573991550653 0.26439530109722714 -0.006379023274327409 -0.0025532924991135313 -0.063002449663682611 0.59543021597086154 0.0075619994096519962 0.014348299671229263 -0.4043355087765213
leaf_weight=65 56 45 143 42 47 43 46 61 1623 461 89 549 474 60
leaf_count=65 56 45 143 42 47 43 46 61 1623 461 89 549 474 60
internal_value=-1.57687e-05 0.00628378 -0.00027064 0.00530303 0.0108271 0.00593407 0.011068 -0.000589425 -0.000334539 -0.00132374 0.00133712 -0.00107303 0.00420213 -0.0105738
internal_weight=3804 147 3657 197 132 90 102 3460 3317 2084 1233 670 563 121
internal_count=3804 147 3657 197 132 90 102 3460 3317 2084 1233 670 563 121
is_linear=0
shrinkage=0.03


Tree=426
num_leaves=15
num_cat=0
split_feature=1 38 14 14 63 10 14 32 81 84 39 45 60 81
split_gain=5.86133 7.56458 5.89448 8.2437 9.6758 7.34403 9.01064 8.19298 6.27674 16.7811 5.96974 18.4544 8.48572 8.92847
threshold=837.52777552604687 1.0000000180025095e-35 1287.3659222077679 1053.0138490644842 -124.4555886197295 1.5000000000000002 824.0018727683082 0.15192307692307697 26965.108477473263 -65.605557998021439 934.79190079939588 5.5000000000000009 281.70826160907751 5111.6478873491296
decision_type=2 8 10 8 10 2 10 10 10 10 8 8 10 8
left_child=1 -1 3 5 -5 6 8 -8 10 -10 12 -12 13 -3
right_child=-2 2 -4 4 -6 -7 7 -9 9 -11 11 -13 -14 -15
leaf_value=0.29805100610960678 -0.11014424305059962 -0.033616125967127153 0.053368258335794817 -0.4115973240948908 0.025759914415929331 -0.11226338566616099 0.020576676470629589 1.3314435736670986 0.050992906698062904 -0.61777501463346074 -0.63486315985287578 0.0040076663257086406 0.34070935539203384 0.045900691782507046
leaf_weight=48 121 208 69 71 65 67 43 45 46 71 105 2511 69 276
leaf_count=48 121 208 69 71 65 67 43 45 46 71 105 2511 69 276
internal_value=0.000322327 0.000535859 0.000378393 0.000209614 -0.0070073 0.000496804 0.000693333 0.0101124 0.000438089 -0.00635593 0.000690852 9.17081e-05 0.00351986 0.00210309
internal_weight=3815 3694 3646 3577 136 3441 3374 88 3286 117 3169 2616 553 484
internal_count=3815 3694 3646 3577 136 3441 3374 88 3286 117 3169 2616 553 484
is_linear=0
shrinkage=0.03


Tree=427
num_leaves=15
num_cat=0
split_feature=67 52 52 28 43 17 41 25 69 36 27 65 0 72
split_gain=9.44518 6.55724 8.48118 7.03893 6.53723 6.64912 6.76836 6.19235 9.92834 7.77371 6.35923 6.33973 6.15203 6.09306
threshold=-261.95527132919852 26.022444009780887 20.117236614227298 356.50000000000006 692.12817317223892 44.000000000000007 298.64234244823461 0.92768564171522494 13.934095746863351 0.23038461538461544 0.91605722521753064 1.036033614661575 92.500000000000014 31.756367325782779
decision_type=8 10 10 2 8 2 8 10 10 10 10 8 2 8
left_child=-1 2 3 4 7 6 -6 9 -9 11 -11 -2 13 -4
right_child=1 -3 12 -5 5 -7 -8 8 -10 10 -12 -13 -14 -15
leaf_value=-0.36639436149860327 -0.28043096508716586 2.5724718098682727e-05 0.35738226872247325 0.17091169294254249 0.39661801222952342 -0.010405192153677576 0.11481905206825316 0.50949024404948462 -0.22459577570977607 -0.52688027909403001 -0.0020992126374777343 0.11536277482915906 0.8722503341243999 -0.22477654531461802
leaf_weight=66 40 3008 75 43 52 82 78 48 41 83 45 53 44 43
leaf_count=66 40 3008 75 43 52 82 78 48 41 83 45 53 44 43
internal_value=0.000418201 0.000618308 0.00317308 0.0014311 0.000458891 0.00450704 0.00870229 -0.00231511 0.00433333 -0.005 -0.00976744 0.00159574 0.00920245 0.00554622
internal_weight=3801 3735 727 565 522 212 130 310 89 221 128 93 162 118
internal_count=3801 3735 727 565 522 212 130 310 89 221 128 93 162 118
is_linear=0
shrinkage=0.03


Tree=428
num_leaves=15
num_cat=0
split_feature=4 83 29 3 70 26 76 67 69 56 34 58 64 24
split_gain=7.52507 13.8181 10.9617 9.95982 12.4198 9.14196 13.3937 11.8795 12.6604 11.4462 8.65961 8.20648 11.5442 11.2305
threshold=7.5000000000000009 -137.57225072383878 0.95042482971701436 10.041666666656967 0.97500000000000009 122.50000000000001 272.31106901168829 56.777191337786313 264.39350356435563 10.546316623687746 0.17883795309168446 122.47222447395326 5.505979718076019 29.500000000000004
decision_type=2 8 10 2 10 2 8 8 8 10 10 10 10 2
left_child=11 -2 5 -4 -5 6 -3 9 -9 10 -7 12 -1 -14
right_child=1 2 3 4 -6 7 -8 8 -10 -11 -12 -13 13 -15
leaf_value=0.005495942607630297 0.33491288448519146 -0.24337592233178718 -0.5438008463878371 0.49943797089359354 -0.25119819587520292 0.43122078977167477 0.0048903550658870006 0.8383321078399838 0.002364867070137252 -0.20711781677260518 -0.002014272801298169 -0.034565597505508625 0.027667701560318995 -1.675221819106504
leaf_weight=1231 114 41 97 69 78 42 1009 174 86 54 91 619 50 46
leaf_count=1231 114 41 97 69 78 42 1009 174 86 54 91 619 50 46
internal_value=3.94529e-05 0.00140625 0.000740528 -0.00514286 -0.000202703 0.00170227 0.000171265 0.00529018 0.00942529 -0.000478723 0.00425373 -0.00126348 6.77711e-05 -0.00989691
internal_weight=3801 1855 1741 244 147 1497 1050 447 260 187 133 1946 1327 96
internal_count=3801 1855 1741 244 147 1497 1050 447 260 187 133 1946 1327 96
is_linear=0
shrinkage=0.03


Tree=429
num_leaves=15
num_cat=0
split_feature=1 36 14 81 64 7 43 41 37 81 8 7 61 0
split_gain=7.87051 9.76187 9.44826 12.5466 10.2478 10.1917 9.97106 11.9815 8.90301 8.21713 8.02223 12.6761 11.8422 13.7431
threshold=665.53867006301891 0.096871945259042039 360.21335510520356 17338.750726103786 4.3148947322195417 935.24810975376397 390.12147539975393 -66.965040445327745 2125.2231700343223 8603.4720802307147 4.1462990685532128 3151.0393455254894 0.024654531463650469 45.500000000000007
decision_type=2 8 8 10 10 10 10 8 10 10 10 10 10 2
left_child=2 -2 3 5 -4 -1 7 -7 9 -8 11 -3 13 -12
right_child=1 10 4 -5 -6 6 8 -9 -10 -11 12 -13 -14 -15
leaf_value=0.074700339694863227 0.0284841414992127 -0.029802547951585406 0.01119817491887103 -0.2813886402949215 0.1486979011246562 0.31956205024256801 0.028266759595928333 -0.050428123834015535 -0.099112420478458668 -0.21871566361352024 -0.0060851684473638996 -0.83860639737087406 -0.038607670010946317 1.2520282397288804
leaf_weight=169 90 797 766 102 308 70 347 547 56 54 90 70 255 77
leaf_count=169 90 797 766 102 308 70 347 547 56 54 90 70 255 77
internal_value=0.000221111 -0.00158696 0.00125207 -0.000423477 0.00334884 0.000409968 -0.000669767 -0.00315534 0.00268559 0.00425373 -0.00225581 -0.00390553 0.00113475 0.00732143
internal_weight=3798 1379 2419 1345 1074 1243 1074 617 457 401 1289 867 422 167
internal_count=3798 1379 2419 1345 1074 1243 1074 617 457 401 1289 867 422 167
is_linear=0
shrinkage=0.03


Tree=430
num_leaves=15
num_cat=0
split_feature=16 39 28 81 28 57 16 31 63 80 1 28 43 81
split_gain=8.01978 9.00354 7.59614 12.5706 10.5212 10.2451 12.8836 13.0355 11.1989 9.4711 9.45662 9.32854 11.5182 11.6739
threshold=49.500000000000007 1339.9716772987606 184.50000000000003 3816.8894388675694 198.50000000000003 7.5000000000000009 12.500000000000002 25.61964285714286 -159.46135917936206 33.236309289932258 669.24851906299602 132.50000000000003 59.54838989601825 7251.3788547515878
decision_type=2 10 2 8 2 10 2 8 10 10 2 2 8 8
left_child=2 -2 3 -1 -4 6 7 8 -6 10 -10 12 13 -5
right_child=1 -3 4 11 5 -7 -8 -9 9 -11 -12 -13 -14 -15
leaf_value=0.15455854271385708 0.11684878819283262 -0.027979066641546917 -0.32330607288447405 -0.41053141110162089 0.79744186149585128 0.0085124744198283499 -0.10923916131611676 0.61368026920058749 0.74579087164028068 -0.59396271310018434 -0.35874124058025886 0.014315226986364919 -0.074486411199202254 0.30403598059335124
leaf_weight=152 73 48 230 50 47 1092 314 41 47 61 40 1184 358 86
leaf_count=152 73 48 230 50 47 1092 314 41 47 61 40 1184 358 86
internal_value=5.49163e-05 0.00762295 -0.000194437 0.00117968 -0.00153764 -0.000693853 -0.00402904 0.00126582 -0.0019898 -0.00604027 0.000340909 0.000428827 -0.0030303 0.00437956
internal_weight=3823 121 3702 1830 1872 1642 550 236 195 148 87 1678 494 136
internal_count=3823 121 3702 1830 1872 1642 550 236 195 148 87 1678 494 136
is_linear=0
shrinkage=0.03


Tree=431
num_leaves=15
num_cat=0
split_feature=79 63 42 29 64 52 43 17 14 22 8 14 28 22
split_gain=7.22058 9.85345 10.0951 10.4777 8.89076 8.82522 8.39855 7.95398 10.6772 12.3863 11.115 10.3782 9.12551 10.826
threshold=9.1077195764890035 132.02931111991037 158.50302875041965 0.9400460829493088 4.1724152305228914 12.678456902503969 432.1361935084023 52.000000000000007 595.90852971531433 1.8354868888854983 4.2379903911543577 515.51081272270142 186.50000000000003 4.7267011404037484
decision_type=8 10 10 10 10 10 10 2 8 2 8 8 2 2
left_child=5 7 -3 4 6 -1 -4 11 9 -9 -11 12 -2 -14
right_child=1 2 3 -5 -6 -7 -8 8 -10 10 -12 -13 13 -15
leaf_value=-0.49424132184123348 0.011971297296564333 0.12886406988528143 0.069648902509455254 0.55738336941873279 0.094036393316636102 -0.011793473314681434 -0.27774322601102641 0.049956576171679735 0.36160797571913711 0.019981660532193357 -0.12130472610449007 -0.063162512845875832 0.017497075226479523 -0.11847195906029184
leaf_weight=80 776 341 50 41 87 1111 115 66 72 97 65 424 269 233
leaf_count=80 776 341 50 41 87 1111 115 66 72 97 65 424 269 233
internal_value=-0.000352665 0.000523322 0.00377953 -0.000306122 -0.0026087 -0.00229027 -0.00668675 -0.000509236 0.00398671 0.000786026 -0.00368098 -0.00130358 4.69116e-05 -0.00310139
internal_weight=3827 2636 634 293 252 1191 165 2002 300 228 162 1702 1278 502
internal_count=3827 2636 634 293 252 1191 165 2002 300 228 162 1702 1278 502
is_linear=0
shrinkage=0.03


Tree=432
num_leaves=15
num_cat=0
split_feature=36 65 41 6 14 56 65 14 23 79 14 29 0 29
split_gain=9.74944 10.4968 12.4061 8.39771 11.3725 10.6599 12.5279 10.1913 9.02585 8.72058 8.22162 11.5382 8.05781 9.41824
threshold=0.084270327849449655 1.0130958082242205 94.828912854194655 690.00000000000011 358.51781940993902 -12.025595506032305 0.93867212142873668 403.19595691943488 13.118590116500856 4.6119198551747536 260.08539519642414 0.92962053667571187 176.50000000000003 0.93057746232036465
decision_type=8 10 10 8 10 10 10 10 10 8 8 10 2 10
left_child=1 2 -1 4 9 8 -7 -6 10 -2 11 -5 13 -11
right_child=3 -3 -4 5 7 6 -8 -9 -10 12 -12 -13 -14 -15
leaf_value=-0.049142896751132439 -0.27005464411276875 0.21738183705062172 0.038257286086472782 0.39332032859186666 0.26980047673900376 -0.01558046295003331 -0.17403293094585204 0.01504810546781016 -0.043209662273192923 0.0062877498355607027 0.0035664435405560369 -0.05399511747887896 0.36463862910696776 -0.12935193669899736
leaf_weight=77 75 63 77 136 151 1164 322 477 121 403 473 62 87 146
leaf_count=77 75 63 77 136 151 1164 322 477 121 403 473 62 87 146
internal_value=3.12907e-05 0.00619266 0.00193548 -0.000339967 0.00154478 -0.001448 -0.00294553 0.00448331 0.00136192 -0.00105337 0.00272321 0.0078392 9.41915e-05 -0.00125455
internal_weight=3834 217 154 3617 1339 2278 1486 628 792 711 671 198 636 549
internal_count=3834 217 154 3617 1339 2278 1486 628 792 711 671 198 636 549
is_linear=0
shrinkage=0.03


Tree=433
num_leaves=15
num_cat=0
split_feature=4 64 24 84 36 41 84 3 83 83 84 28 62 27
split_gain=4.58322 9.87964 12.3481 9.12565 10.231 9.48643 8.97449 8.70109 11.3432 8.3967 7.43352 7.7854 9.06298 8.89684
threshold=7.5000000000000009 5.679453871472357 29.500000000000004 91.527920643488571 0.58236434108527146 25.233086585998539 9.7929721673329677 19.708333333343038 39.862397670745857 -137.57225072383878 109.17838752269746 250.50000000000003 -0.029262781396461358 0.92376916868442305
decision_type=2 10 2 10 10 10 10 2 10 8 10 2 8 10
left_child=1 3 -3 6 5 -5 -1 8 -8 -2 11 12 -11 -14
right_child=9 2 -4 4 -6 -7 7 -9 -10 10 -12 -13 13 -15
leaf_value=-0.001639649588422697 0.18246038005818782 0.058672245048525508 -1.2657741708464663 -0.69404467958399318 0.0089148625875549205 -0.17896350604115555 0.18615367945201705 0.68271324698181446 -0.012957909576011062 -0.051425580243193804 0.25273276079376072 0.042690175707238681 0.035044629634128195 -0.08203556233812935
leaf_weight=1442 99 51 62 52 73 52 92 42 110 436 221 348 449 269
leaf_count=1442 99 51 62 52 73 52 92 42 110 436 221 348 449 269
internal_value=0.000363253 -0.000637329 -0.00921053 -0.000112661 -0.00657303 -0.0125714 0.000569057 0.00587755 0.00325123 0.00144816 0.000957077 0.000199601 -0.000987013 0.00108484
internal_weight=3798 1976 113 1863 177 104 1686 244 202 1822 1723 1502 1154 718
internal_count=3798 1976 113 1863 177 104 1686 244 202 1822 1723 1502 1154 718
is_linear=0
shrinkage=0.03


Tree=434
num_leaves=15
num_cat=0
split_feature=7 22 29 61 79 61 79 13 6 71 64 22 35 65
split_gain=7.33853 13.3684 10.0798 6.0027 9.08005 8.32498 7.70476 6.50667 5.95113 5.56073 19.9053 10.6861 10.6958 9.9919
threshold=4925.3465560779887 2.4225578308105473 0.92865626060400419 0.94712859315711806 19.95417245218967 0.92545138502680924 9.7838772185504403 2400.0000000000005 3810.0000000000005 13.500000000000002 4.3148947322195417 1.7342540025711062 15.264912280701756 0.80692708644322064
decision_type=10 2 10 10 10 10 8 10 10 8 8 2 10 8
left_child=3 -2 -3 5 6 7 -5 8 9 13 11 -11 -13 -1
right_child=1 2 -4 4 -6 -7 -8 -9 -10 10 -12 12 -14 -15
leaf_value=0.13833863993409756 0.18045915976020155 -0.033162072596150838 0.54036671008857007 0.015613746252381162 -0.28092419665248997 -0.57369936286519052 0.16995907550025996 0.19100187664614879 -0.36374598552804599 0.078750236726723974 0.032461163792107985 -0.56714493178268321 -0.0077876042555108157 -0.012295121990342359
leaf_weight=134 83 101 43 79 41 47 81 49 70 71 1097 148 104 1653
leaf_count=134 83 101 43 79 41 47 81 49 70 71 1097 148 104 1653
internal_value=-8.67964e-05 0.00513158 -0.000413793 -0.00041958 0.00460396 -0.000720213 0.00782609 -0.000541028 -0.000704698 -0.000514339 0.0008867 -0.00564815 -0.00853755 -0.00162752
internal_weight=3801 227 144 3574 201 3373 160 3326 3277 3207 1420 323 252 1787
internal_count=3801 227 144 3574 201 3373 160 3326 3277 3207 1420 323 252 1787
is_linear=0
shrinkage=0.03


Tree=435
num_leaves=15
num_cat=0
split_feature=1 28 62 28 69 40 48 81 62 64 34 34 73 0
split_gain=9.14326 8.85139 11.0903 11.001 14.0659 9.17117 9.09917 9.00785 7.68753 17.2292 16.2875 9.04273 8.46879 7.60212
threshold=659.08346462249767 178.50000000000003 -0.12541305495146673 204.50000000000003 115.86986283268736 189.43557521750705 63.585794091224678 3783.8286072015767 0.0093180312018370567 4.1350097637415333 0.13079116179615113 0.18933143669985777 7.3739211559295663 84.500000000000014
decision_type=2 2 8 2 8 10 10 8 10 8 8 10 10 2
left_child=-1 8 5 4 -4 -3 -6 -5 9 -2 -10 -12 -11 -7
right_child=1 2 3 7 6 13 -8 -9 10 12 11 -13 -14 -15
leaf_value=0.0088709163776215932 -0.78774986934373015 0.39188886867197426 -0.75300139000329369 0.029251460385167825 0.090033103472415721 -0.063588467446409003 -0.51611065453293337 -0.044863782296274246 -0.043712189005777301 -0.0076163837016065012 0.66005144252665571 0.078045221765332837 0.15973956052953611 0.19788384940741649
leaf_weight=1627 48 49 106 180 43 123 46 535 73 599 42 182 90 69
leaf_count=1627 48 49 106 180 43 123 46 535 73 599 42 182 90 69
internal_value=-0.000283242 -0.00155078 -0.00335937 -0.00487377 -0.0111735 0.00235537 -0.00233333 -0.00314246 0.000463768 -0.00117886 0.0045302 0.00853333 4.34783e-05 -0.000621762
internal_weight=3812 2185 1151 910 195 241 89 715 1034 737 297 224 689 192
internal_count=3812 2185 1151 910 195 241 89 715 1034 737 297 224 689 192
is_linear=0
shrinkage=0.03


Tree=436
num_leaves=15
num_cat=0
split_feature=42 25 80 65 64 33 40 59 48 85 39 26 68 66
split_gain=6.18712 5.5781 10.8768 10.2007 11.6979 11.1691 9.95277 8.25744 9.59815 9.36967 8.93924 8.12438 11.585 12.132
threshold=-257.1919234991073 0.87915297553851779 -130.63939535617826 0.91360199949024012 3.7825058993032372 21.353472222222226 1330.7338663251874 104.09319531917573 21.413916488488521 -38.244549314180993 1954.710738173188 173.50000000000003 0.03830095305861287 -56.999209523200982
decision_type=8 8 8 8 10 10 10 10 8 8 10 2 8 8
left_child=-1 2 -2 4 -4 7 -7 8 10 -9 -5 -3 13 -13
right_child=1 11 3 5 -6 6 -8 9 -10 -11 -12 12 -14 -15
leaf_value=1.4441488715610129 -0.18209351937623758 -0.013017283625236294 0.010218329862135533 0.017770355209741701 1.1786167351060735 -0.21997079611327386 0.0075616836578465468 0.0084983620992622379 0.023967086764427353 0.35245337182886344 -0.24755864996987775 -0.0030391508711466826 -0.034910451980574249 0.41564383776942132
leaf_weight=47 98 2348 65 99 64 117 71 64 324 80 102 90 127 140
leaf_count=47 98 2348 65 99 64 117 71 64 324 80 102 90 127 140
internal_value=-7.81861e-05 -0.00021372 0.00160369 0.00255319 0.0103846 0.00136364 -0.00507937 0.0031791 0.00142586 0.00951724 -0.00371287 -0.00094235 0.00326816 0.00727273
internal_weight=3836 3789 1084 986 129 857 188 669 525 144 201 2705 357 230
internal_count=3836 3789 1084 986 129 857 188 669 525 144 201 2705 357 230
is_linear=0
shrinkage=0.03


Tree=437
num_leaves=15
num_cat=0
split_feature=71 31 80 65 16 70 84 28 33 82 27 43 16 80
split_gain=7.31467 6.14272 12.2153 9.64881 14.7239 9.36803 11.5656 8.74782 8.58941 10.0597 11.1513 8.53774 8.18599 8.01217
threshold=17.500000000000004 17.101785714285722 232.74265253543857 0.94045187478139392 19.500000000000004 0.86190476190476206 -134.69960161050156 190.50000000000003 18.804523809523811 14.256920297940573 0.89731607955907033 432.1361935084023 16.500000000000004 136.78197395801547
decision_type=10 8 10 8 2 8 10 2 8 8 10 10 2 10
left_child=1 5 3 4 -3 6 12 -8 9 10 -5 -4 -1 -10
right_child=-2 2 11 8 -6 -7 7 -9 13 -11 -12 -13 -14 -15
leaf_value=0.01699992112732061 0.093891554855787956 0.17928016341727754 -0.6056720333648109 -0.22351894152182139 -0.14783993687747266 -0.002243336840549066 0.63173674310093686 0.0012131017828674472 -0.0080375070806314036 -0.39474522468367162 0.034298747963181435 -0.11093362900883594 -0.26053754448673744 0.25844702575003098
leaf_weight=42 70 181 58 59 53 2086 127 61 708 164 62 58 40 48
leaf_count=42 70 181 58 59 53 2086 127 61 708 164 62 58 40 48
internal_value=-0.000243583 -0.000424226 -0.00200431 -0.00115204 0.00434043 0.000509122 0.00575646 0.00984127 -0.00238964 -0.00681818 -0.000245902 -0.0112821 -0.00361446 -0.000713342
internal_weight=3817 3747 1391 1275 234 2356 270 188 1041 285 121 116 82 756
internal_count=3817 3747 1391 1275 234 2356 270 188 1041 285 121 116 82 756
is_linear=0
shrinkage=0.03


Tree=438
num_leaves=15
num_cat=0
split_feature=63 35 40 23 43 29 43 32 49 3 20 39 72 49
split_gain=8.29865 6.00191 5.6369 10.9753 10.1652 7.80328 10.7275 9.35596 9.74475 7.61975 7.75363 10.3524 8.6863 7.47452
threshold=-311.29975107667468 16.195804647160074 1207.9853058364151 12.943318128585817 466.38237140510051 0.9278478740319025 663.71725392824351 0.10435571687840291 7.5000000000000009 5.6250000000000009 657.52777552604687 934.79190079939588 -6.4031927585601798 8.5000000000000018
decision_type=8 10 8 10 10 10 10 10 8 2 10 10 10 10
left_child=1 -1 3 5 -4 6 13 8 -7 -9 11 -11 -13 -2
right_child=2 -3 4 -5 -6 7 -8 9 -10 10 -12 12 -14 -15
leaf_value=-0.19872014542777164 0.054326623970314798 -0.0012808719911570332 0.53235722627032356 -0.041784089806092765 0.0066581938918245948 -0.24014485051798998 -0.11556614594644031 -0.35994956127887534 0.27103472548020052 0.03745467677258759 -0.30144917246917963 -0.071579098353928991 0.34161428076579131 0.0017238956062877353
leaf_weight=54 750 40 56 371 621 51 206 69 54 169 99 445 74 750
leaf_count=54 750 40 56 371 621 51 206 69 54 169 99 445 74 750
internal_value=-8.66142e-05 -0.00884211 0.000137244 -0.00041461 0.00261062 0.000258621 0.00147627 -0.00190229 0.00650943 -0.00294049 -0.00209391 -0.00095791 -0.00305769 0.00235843
internal_weight=3809 94 3715 3038 677 2667 1706 961 105 856 787 688 519 1500
internal_count=3809 94 3715 3038 677 2667 1706 961 105 856 787 688 519 1500
is_linear=0
shrinkage=0.03


Tree=439
num_leaves=15
num_cat=0
split_feature=36 62 41 6 42 79 42 42 49 60 29 70 3 45
split_gain=7.37146 9.94255 10.8031 6.21832 9.57049 10.292 13.9089 12.5942 14.0677 11.3526 9.38162 9.37903 9.91975 9.32912
threshold=0.096871945259042039 -0.007306690451732936 156.80048513412478 690.00000000000011 107.00795543193819 8.8837217895859464 -101.23169219493865 -109.96822690963744 10.500000000000002 57.993780255317695 0.89957245436772582 0.92582417582417598 15.708333333343036 9.5000000000000018
decision_type=8 8 10 10 10 10 10 10 10 10 10 10 2 10
left_child=1 -1 -3 -2 5 6 10 11 -9 -8 -5 -7 -13 -6
right_child=3 2 -4 4 13 7 9 8 -10 -11 -12 12 -14 -15
leaf_value=0.11538858736881145 0.0068031912383619891 -0.074066039400117925 0.075941833769876455 -0.010090385507024404 -0.14638159877958526 0.013538916894161836 -0.21729989159048746 0.10158874074832146 -0.21565992599074441 0.10992751415617519 0.23780617340991328 -0.64055398936356822 0.0093411428004681329 -0.0007676139577012808
leaf_weight=116 1367 92 43 80 395 62 385 617 90 157 64 60 44 256
leaf_count=116 1367 92 43 80 395 62 385 617 90 157 64 60 44 256
internal_value=-7.83494e-05 0.00488095 -0.000661765 -0.000427613 -0.00141113 -0.000134615 -0.0028821 0.00202517 0.00377119 -0.00508287 0.00537931 -0.00538922 -0.0108571 -0.00446319
internal_weight=3828 251 135 3577 2210 1559 686 873 707 542 144 166 104 651
internal_count=3828 251 135 3577 2210 1559 686 873 707 542 144 166 104 651
is_linear=0
shrinkage=0.03


Tree=440
num_leaves=15
num_cat=0
split_feature=68 39 16 17 37 0 16 68 85 73 37 27 59 38
split_gain=7.25609 9.26183 7.04688 8.09641 6.95809 5.9537 5.68816 11.3383 11.6493 11.0386 10.3953 8.78931 9.59658 9.6129
threshold=-0.3015807099626952 2680.9831849851485 1.0000000180025095e-35 3.5000000000000004 1508.0106115805047 427.50000000000006 14.500000000000002 -0.21852772146808633 -135.62698262929914 -17.920572161674496 1332.3196724276672 0.98561076604554876 355.93281006813055 2993.8307015951536
decision_type=8 10 2 2 10 2 2 8 8 8 10 10 10 8
left_child=1 -1 3 -2 -5 6 7 -4 10 -8 -9 12 13 -11
right_child=2 -3 5 4 -6 -7 9 8 -10 11 -12 -13 -14 -15
leaf_value=0.47786269844939366 -1.1134690542561145 -0.036861902497784767 -0.096201712568727796 0.18849536196753797 -0.2231320505097954 0.83900503260221593 0.12435937264504046 0.21818018430547262 0.019868204089538998 -0.048663449696187688 -1.0913664040650928 -0.20653524429675313 0.15894899241675944 0.0098946347602755676
leaf_weight=51 41 43 78 42 50 42 136 48 1450 899 73 181 45 622
leaf_count=51 41 43 78 42 50 42 136 48 1450 899 73 181 45 622
internal_value=2.36718e-05 0.00821053 -0.000186084 -0.0069403 -0.00193548 6.71329e-05 -6.79309e-05 0.00121818 0.00177481 -0.00119427 -0.00713115 -0.00183638 -0.0011104 -0.00151774
internal_weight=3801 94 3707 133 92 3574 3532 1649 1571 1883 121 1747 1566 1521
internal_count=3801 94 3707 133 92 3574 3532 1649 1571 1883 121 1747 1566 1521
is_linear=0
shrinkage=0.03


Tree=441
num_leaves=15
num_cat=0
split_feature=1 82 33 27 82 29 53 3 14 26 76 26 8 39
split_gain=6.82479 9.21885 7.91396 5.75276 9.29151 9.14278 9.05573 8.38877 10.8182 8.0869 8.03822 18.9092 8.25811 8.43
threshold=607.54545378685009 -38.34798336029052 20.851069703243621 0.95729101521784454 113.37824320793153 0.97683363148479441 3.5000000000000004 17.708333333343038 232.40054097783442 62.500000000000007 1137.8203582763674 66.500000000000014 7.8771177955558551 3275.9286375344518
decision_type=2 10 8 10 10 10 10 2 10 2 10 2 8 10
left_child=1 -1 -3 10 5 7 9 8 -5 -7 12 -12 13 -2
right_child=3 2 -4 4 -6 6 -8 -9 -10 -11 11 -13 -14 -15
leaf_value=0.26316704333690039 0.0050580604912505243 0.0329295992397175 -0.34519381262398957 -0.61393263720313307 -0.3677253611798082 0.13736427653548594 0.2346229304941298 -0.42928878879427496 0.0075815790909182284 -0.29978577181952226 -0.048096745969036334 0.80521317136295656 0.21620515292963535 -0.021814845255477219
leaf_weight=87 2078 87 41 41 85 51 116 80 137 55 42 47 60 782
leaf_count=87 2078 87 41 41 85 51 116 80 137 55 42 47 60 782
internal_value=-3.95778e-05 0.00513889 0 -0.000352448 -0.00312721 -0.00149688 0.00295964 -0.00532819 -0.00167598 -0.00336449 0.000169435 0.009 -0.000102705 -0.000335547
internal_weight=3789 215 128 3574 565 480 222 258 178 106 3009 89 2920 2860
internal_count=3789 215 128 3574 565 480 222 258 178 106 3009 89 2920 2860
is_linear=0
shrinkage=0.03


Tree=442
num_leaves=15
num_cat=0
split_feature=29 61 2 40 60 69 83 23 38 24 23 82 69 83
split_gain=5.23743 8.7824 6.90011 5.40723 14.3549 13.0893 10.0903 8.7485 7.23959 10.4334 10.1927 8.87128 10.2879 5.98998
threshold=0.19138741378257954 0.02942700196009693 1.0000000180025095e-35 988.4571013898875 92.673679947853103 -15.479535174524607 103.39340400695802 15.835354804992678 3374.3457203423432 48.500000000000007 4.0054835081100473 27.696646213531498 272.13886642743194 308.43814015388494
decision_type=8 10 2 10 8 8 10 8 8 2 10 8 10 10
left_child=1 2 -1 7 -5 -6 8 13 9 10 -7 -12 -13 -2
right_child=3 -3 -4 4 5 6 -8 -9 -10 -11 11 12 -14 -15
leaf_value=-0.027415825647302463 -0.0028998817309160074 -0.31755620393474965 0.025508873017561242 0.27640570929151437 -0.19750999843001907 0.365318837690075 0.83352037068431217 -0.21152816710219724 0.02392082990737358 -0.60814240100501638 0.14806482696349091 -0.61334013692888667 -0.025552995342796696 0.52133398589642244
leaf_weight=90 2741 51 47 75 78 73 44 87 365 46 46 41 56 51
leaf_count=90 2741 51 47 75 78 73 44 87 365 46 46 41 56 51
internal_value=-0.000208119 -0.00507937 -0.00108696 4.04968e-05 0.00218182 0.00092 0.00227679 -0.000572917 0.00128981 -0.00250951 0.000276498 -0.004375 -0.0094898 -0.00027927
internal_weight=3891 188 137 3703 824 749 671 2879 627 262 216 143 97 2792
internal_count=3891 188 137 3703 824 749 671 2879 627 262 216 143 97 2792
is_linear=0
shrinkage=0.03


Tree=443
num_leaves=15
num_cat=0
split_feature=66 41 77 65 36 0 79 66 22 17 52 85 64 61
split_gain=7.2991 8.35504 8.90015 11.1152 10.6212 8.83698 9.19162 9.79508 8.70939 8.52973 8.41214 11.0318 8.8239 8.25935
threshold=-371.88077926635737 -81.560667514801011 -84.791746497154222 1.0234973113753807 0.15949737897008945 -52.499999999999993 9.5579601852469214 -15.340794920921324 1.8354868888854983 30.500000000000004 28.304490566253666 -3.8093678951263423 3.6835287751673564 0.73776536967485062
decision_type=8 8 8 8 10 2 10 8 2 2 8 8 8 8
left_child=-1 2 3 -2 -5 -3 7 9 -4 -7 -9 -12 -13 -8
right_child=1 5 8 4 -6 6 13 10 -10 -11 11 12 -14 -15
leaf_value=-0.21528793533787827 0.59392438255762459 -0.14456836078625529 0.1979702027653954 0.14611913654825273 -0.040107307338638161 -1.0142194345343394 -0.0078675842483359147 0.031636141239231703 0.094891191591062518 -0.083913295206200875 0.096105658657327606 -0.2142058530969865 -0.022046169500412115 0.039027338260884566
leaf_weight=42 41 179 51 51 262 67 794 238 137 196 171 147 798 630
leaf_count=42 41 179 51 51 262 67 794 238 137 196 171 147 798 630
internal_value=-0.000268068 -0.000127558 0.00331492 0.000507042 -0.00143312 -0.000707855 -0.000325444 -0.00187268 0.00857143 -0.00715909 -0.000841328 -0.00193375 -0.00320296 0.00143158
internal_weight=3804 3762 542 354 313 3220 3041 1617 188 263 1354 1116 945 1424
internal_count=3804 3762 542 354 313 3220 3041 1617 188 263 1354 1116 945 1424
is_linear=0
shrinkage=0.03


Tree=444
num_leaves=15
num_cat=0
split_feature=72 62 83 66 68 84 16 28 77 82 82 39 22 22
split_gain=9.16225 5.38914 5.47592 5.81472 12.8656 12.113 9.09469 15.9882 9.2036 8.13799 11.1719 8.34695 8.30435 8.02229
threshold=-194.42133450508115 -0.36020306481264014 -359.24796485900873 -215.17771553993222 -0.17152950627022298 -174.35715019702909 17.500000000000004 179.50000000000003 38.12003558874131 -95.863730231920854 -56.8056052327156 1824.832297019462 6.8961799144744882 12.726701140403749
decision_type=8 8 8 10 8 8 2 2 8 8 8 10 2 2
left_child=-1 -2 -3 9 -5 -6 13 -8 -9 11 12 -4 -11 -7
right_child=1 2 3 4 5 6 7 8 -10 10 -12 -13 -14 -15
leaf_value=0.32658896899710793 -0.16079147894853249 -0.22866411851741575 0.025859353239397649 -0.20707939489656071 -0.37413712154336387 0.018809309313405888 0.034263612814893096 -0.60012327571001334 0.0024455043434731746 -0.64867703398356824 0.0098677292202659569 0.41415406500012786 0.0025082783192250701 -0.15609119272529184
leaf_weight=65 48 78 101 172 40 976 184 142 61 60 1731 48 44 64
leaf_count=65 48 78 101 172 40 976 184 142 61 60 1731 48 44 64
internal_value=0.000283093 8.8e-05 0.000218801 0.000389073 -0.000932927 -2.0436e-05 0.000441176 -0.00347938 -0.00926471 0.00148111 0.000931373 0.0082 -0.00857143 0.00190202
internal_weight=3814 3749 3701 3623 1639 1467 1427 387 203 1984 1835 149 104 1040
internal_count=3814 3749 3701 3623 1639 1467 1427 387 203 1984 1835 149 104 1040
is_linear=0
shrinkage=0.03


Tree=445
num_leaves=15
num_cat=0
split_feature=1 80 84 35 33 22 30 68 78 48 83 35 85 48
split_gain=10.3901 8.27217 12.6792 11.3268 11.3634 13.9266 11.5836 10.2704 9.37471 11.9953 9.2143 8.4182 7.42291 7.14761
threshold=659.08346462249767 -42.96464014053344 -80.281417727470384 21.887348790322584 16.092228739002934 2.1216394901275639 21.250000000000004 0.032369282631093593 0.70833333333333337 -22.70174352327982 419.96287250518805 13.576667852695254 390.47095330556243 -37.789101600646966
decision_type=2 10 10 10 10 2 8 8 10 10 8 10 10 10
left_child=1 2 3 4 5 -1 11 -5 9 -3 -10 -7 -2 -4
right_child=12 8 13 7 -6 6 -8 -9 10 -11 -12 -13 -14 -15
leaf_value=-0.11173869126881426 -0.0076386684762630086 -0.52926256200501609 0.0374436335654817 0.19932864402961062 -0.24372837081386345 0.077876394056410309 -0.021515323290683765 0.0013446361404961847 0.0042619265337903479 -0.033338453917667793 0.518232810751457 0.64871174667558018 -0.60694821320673187 0.41968622249409887
leaf_weight=66 2121 40 83 52 119 112 83 53 707 107 65 43 41 85
leaf_count=66 2121 40 83 52 119 112 83 53 707 107 65 43 41 85
internal_value=0.000277925 0.00209777 0.00456241 0.00226843 7.07547e-05 0.00314754 0.0065272 0.0110377 0.000228261 -0.00668919 0.00155239 0.0113462 -0.00108183 0.011716
internal_weight=3777 1615 696 528 423 304 238 105 919 147 772 155 2162 168
internal_count=3777 1615 696 528 423 304 238 105 919 147 772 155 2162 168
is_linear=0
shrinkage=0.03


Tree=446
num_leaves=15
num_cat=0
split_feature=14 44 29 71 83 37 81 9 34 33 71 38 64 81
split_gain=6.00895 7.48824 8.55949 13.8429 8.23703 7.77533 7.71112 7.449 8.35856 11.7778 7.28151 6.72381 6.1381 9.58586
threshold=840.20807278671248 24.362583279609684 0.96228506881981357 6.5000000000000009 -133.56410682201383 940.29018958010045 3385.9939707517628 210.00000000000003 0.25137362637362642 14.309357142857145 12.500000000000002 2498.8645660025009 4.3148947322195417 7363.0273438692102
decision_type=10 10 10 10 8 10 8 2 10 8 10 8 8 8
left_child=1 2 3 5 -5 -1 -6 8 9 -8 -10 -2 13 -3
right_child=11 12 -4 4 6 -7 7 -9 10 -11 -12 -13 -14 -15
leaf_value=0.043689996522389453 -0.21034089323180444 0.0013641510446365677 -0.26932126896462993 -0.26695422385722756 0.24898410187216374 1.2456614290361032 0.54462145892436398 0.35426018086170813 -0.63725133429366587 0.0049010458772035291 0.011847907190702393 -0.0053716152881459677 0.003084778982733205 -0.18214653270953135
leaf_weight=40 76 440 86 51 52 45 42 61 40 193 66 196 2109 279
leaf_count=40 76 440 86 51 52 45 42 61 40 193 66 196 2109 279
internal_value=0.000111199 0.000445078 0.00327917 0.00456853 0.00266798 0.0156977 0.00395604 0.00253102 0.000789474 0.00394068 -0.00616822 -0.00417582 -0.000233298 -0.002625
internal_weight=3776 3504 676 590 505 85 454 402 341 235 106 272 2828 719
internal_count=3776 3504 676 590 505 85 454 402 341 235 106 272 2828 719
is_linear=0
shrinkage=0.03


Tree=447
num_leaves=15
num_cat=0
split_feature=32 7 85 69 80 0 42 35 42 3 64 24 80 48
split_gain=5.13754 8.99345 8.98798 14.7244 8.20475 10.0462 10.0654 9.255 8.33232 7.03158 6.99172 11.6614 8.86995 10.7908
threshold=0.10762548262548265 1652.0208988428642 43.457740843296058 -64.645750464537613 83.849930524826064 -10.499999999999998 158.50302875041965 16.937936046511631 89.948773264884963 11.875000000000002 4.3148947322195417 50.500000000000007 -63.927437663078301 -70.005078633626297
decision_type=8 10 8 10 10 2 10 10 10 2 8 2 8 10
left_child=1 -1 3 -3 5 -4 8 -6 9 -7 11 12 -2 -14
right_child=10 2 4 -5 7 6 -8 -9 -10 -11 -12 -13 13 -15
leaf_value=0.21802256468164358 -0.24402924643727239 0.0015142901917169168 0.021934558492724743 0.21870809613087375 0.60755125513601893 -0.28731246108962988 -0.26455657330687699 -0.042509144420779285 0.066918621950198279 0.0017600742543490355 0.0051726339639814687 -0.25641573042978855 0.47260157941975395 -0.0054026713052904539
leaf_weight=41 126 119 71 89 49 64 89 55 47 49 2342 110 72 490
leaf_count=41 126 119 71 89 49 64 89 55 47 49 2342 110 72 490
internal_value=0.000605663 0.0029822 0.00208531 0.00717703 -0.000423529 -0.00280374 -0.00564 0.00685714 -0.00111801 -0.00552632 9.5511e-05 -0.00232791 -0.000870827 0.000746004
internal_weight=3813 673 632 208 424 320 249 104 160 113 3140 798 688 562
internal_count=3813 673 632 208 424 320 249 104 160 113 3140 798 688 562
is_linear=0
shrinkage=0.03


Tree=448
num_leaves=15
num_cat=0
split_feature=40 40 27 36 77 83 6 83 32 29 7 7 36 29
split_gain=8.65692 7.42475 10.2335 11.7719 9.66395 9.38042 8.13349 7.41836 7.36523 8.06014 9.47676 7.2422 7.50753 7.16242
threshold=15.790313484718842 45.180242109435198 0.93623797262501707 0.97700845665961955 -150.20079201459882 -125.36600828170775 690.00000000000011 419.96287250518805 0.067816091954023008 0.90630852059925104 3016.5724513305381 5123.2697457641034 0.18770973154362419 0.88654221231540831
decision_type=10 10 10 10 10 10 10 8 8 10 10 10 8 10
left_child=-1 2 5 4 -4 -2 -7 -5 9 13 -11 -10 -13 -3
right_child=1 8 3 7 -6 6 -8 -9 11 10 -12 12 -14 -15
leaf_value=-0.10490604932069843 0.48243980027683675 0.0097525939246389248 0.014613845851461615 0.50160662710746684 -0.42907177129391377 0.27264602196370169 -0.032050621442944918 0.00087262034883913483 -0.0062855033612410158 0.43904340663177949 0.061276104863148717 -0.010428224419570257 0.20316169396915643 -0.12214427801905031
leaf_weight=148 81 210 54 40 67 43 54 53 2725 47 80 41 111 67
leaf_count=148 81 210 54 40 67 43 54 53 2725 47 80 41 111 67
internal_value=0.000243328 0.000530757 0.00442748 0 -0.00614754 0.00972067 0.00336735 0.00797872 6.39854e-05 0.00385185 0.0100781 -0.000469076 0.00588235 0.000971223
internal_weight=3821 3673 392 214 121 178 97 93 3281 404 127 2877 152 277
internal_count=3821 3673 392 214 121 178 97 93 3281 404 127 2877 152 277
is_linear=0
shrinkage=0.03


Tree=449
num_leaves=15
num_cat=0
split_feature=17 23 23 28 15 67 4 38 82 79 83 6 74 66
split_gain=10.9937 6.94407 11.0788 7.77113 8.607 15.8869 11.1348 13.1658 10.9902 10.8565 10.7444 10.3029 11.238 9.89252
threshold=5.0000000000000009 4.0054835081100473 4.1303247213363656 463.50000000000006 25.500000000000004 204.69094971319041 5.5000000000000009 3391.9440655901521 154.04027648766836 5.4203367627595336 29.070249199867252 690.00000000000011 51.172615792667067 13.13490676879883
decision_type=2 8 10 2 2 8 2 10 10 10 10 8 10 10
left_child=-1 3 -3 4 5 8 11 -8 13 -9 -6 -7 -13 -2
right_child=1 2 -4 -5 10 6 7 9 -10 -11 -12 12 -14 -15
leaf_value=-0.34070531079505822 -0.24817161435850008 -0.27163484887188616 0.0001575345706391973 -0.049643033871960819 0.14860572274339925 -0.34374605563736449 0.057515221064302006 0.016862310217525475 -0.23319580371782364 0.79444612539271242 -0.0087644497141919336 -0.1923853514085212 0.11811553897273597 0.0227038381074877
leaf_weight=92 146 50 2178 54 264 41 376 49 45 69 114 85 104 148
leaf_count=92 146 50 2178 54 264 41 376 49 45 69 114 85 104 148
internal_value=0.000511006 0.000765306 -0.000296097 0.00234626 0.00276699 0.00138158 0.00388966 0.00642424 -0.00397059 0.0151261 0.00664908 -0.00155844 0.00142105 -0.00183051
internal_weight=3815 3723 2228 1495 1441 1063 724 494 339 118 378 230 189 294
internal_count=3815 3723 2228 1495 1441 1063 724 494 339 118 378 230 189 294
is_linear=0
shrinkage=0.03


Tree=450
num_leaves=15
num_cat=0
split_feature=1 28 7 33 7 40 60 14 34 35 14 22 3 71
split_gain=9.793 8.66989 8.48564 12.4418 12.3866 16.983 12.9209 11.2719 9.41063 8.53269 9.99676 9.34132 9.05936 8.11631
threshold=659.08346462249767 241.50000000000003 2713.8932026441257 22.434583333333336 2929.200008373979 362.37091134328648 56.394786834716804 51.094293393301065 0.26953601953601958 20.00793650793651 460.7434080897375 11.557408928871157 6.8750000000000009 15.500000000000002
decision_type=2 2 10 10 10 8 10 10 8 8 10 2 2 8
left_child=1 -1 3 7 5 -4 -7 -2 -9 10 12 13 -6 -11
right_child=2 -3 4 -5 9 6 -8 8 -10 11 -12 -13 -14 -15
leaf_value=0.0055634161622114854 0.026436320891431393 0.086901654937897171 0.53401791191388104 0.20943862563082261 -0.20550282674084933 -0.033170830090337451 0.49236381283786768 -0.23320432417930534 -0.032838581242072895 -0.10448392650085954 -0.012822650280390348 0.023733834948161267 0.10900725696360858 0.019190919408605945
leaf_weight=1167 218 474 77 66 44 56 54 270 473 214 342 61 251 51
leaf_count=1167 218 474 77 66 44 56 54 270 473 214 342 61 251 51
internal_value=0.000644148 0.00239342 -0.000674931 -0.00265564 0.0010947 0.0081383 0.000540541 -0.00352391 -0.00528226 -0.000280083 0.00173981 -0.00422018 0.00577703 -0.00665414
internal_weight=3818 1641 2177 1027 1150 187 110 961 743 963 637 326 295 265
internal_count=3818 1641 2177 1027 1150 187 110 961 743 963 637 326 295 265
is_linear=0
shrinkage=0.03


Tree=451
num_leaves=15
num_cat=0
split_feature=80 42 83 67 80 58 27 67 3 62 28 1 42 16
split_gain=8.03496 10.0916 5.43513 9.25625 9.26679 10.4931 13.0667 11.9763 9.28857 9.56942 8.82082 8.49135 10.8815 10.065
threshold=-203.66100168228147 478.46968638896948 48.450216054916389 229.76968989372259 159.56312286853793 1.972092390060425 0.9168699186991871 34.96773221757676 19.125000000000004 -0.17711361709402665 469.50000000000006 623.82469952106487 39.35622692108155 24.500000000000004
decision_type=8 10 10 10 10 10 10 8 2 10 2 2 8 2
left_child=-1 2 10 4 8 7 -7 -6 -4 -10 11 12 -2 -14
right_child=1 -3 3 -5 5 6 -8 -9 9 -11 -12 -13 13 -15
leaf_value=0.13228716536127103 0.15427856051894989 0.52242225780202245 -0.11493124998268422 0.51466566466680741 -0.02552415804654035 -0.55362910367781293 0.04486972338502454 0.98221373794453393 -0.057989943332433777 0.045007896338568242 -0.28183575000529199 -0.00021604830303192379 0.24118740160084459 -0.23391863217313971
leaf_weight=105 154 40 388 73 76 44 67 92 45 62 58 2494 116 40
leaf_count=105 154 40 388 73 76 44 67 92 45 62 58 2494 116 40
internal_value=6.22568e-05 -0.000168 -0.000331536 -0.00244104 -0.00340645 0.000964286 -0.00616071 0.00568047 -0.00586694 0.00194444 0.000293399 0.000534759 0.005209 -0.000382166
internal_weight=3854 3749 3709 847 774 279 111 168 495 107 2862 2804 310 156
internal_count=3854 3749 3709 847 774 279 111 168 495 107 2862 2804 310 156
is_linear=0
shrinkage=0.03


Tree=452
num_leaves=15
num_cat=0
split_feature=32 16 83 16 49 25 37 36 33 28 35 22 74 27
split_gain=5.97473 8.2722 12.0482 9.14936 6.91071 6.78458 6.42325 12.5957 7.76512 8.4231 7.85145 10.0882 9.31777 21.7766
threshold=0.065591397849462371 10.500000000000002 -195.86100196838376 19.500000000000004 9.5000000000000018 0.89237451737451756 2528.1613883500154 0.22648879716981135 20.203179824561406 152.50000000000003 17.221607142857149 1.8354868888854983 296.67081615189653 0.9376765536723165
decision_type=8 2 10 2 8 10 10 10 10 2 10 2 10 10
left_child=1 2 -1 5 -5 -3 8 -8 10 -10 12 -12 -2 -14
right_child=6 3 -4 4 -6 -7 7 -9 9 -11 11 -13 13 -15
leaf_value=0.0024867309014304788 -2.1453842910403862e-05 -0.27220066647970281 0.40419414544050647 -0.002523924327703213 0.33113879603101581 0.0066054373896222525 -0.0026367166993655645 0.98714968953328464 0.0098127365259200287 -0.2237691110045526 0.14250880226206078 0.02928159591377006 -0.24118148468135456 0.67767644214003719
leaf_weight=112 2349 52 93 55 43 42 97 56 116 215 67 253 254 40
leaf_count=112 2349 52 93 55 43 42 97 56 116 215 67 253 254 40
internal_value=6.24187e-05 0.00354271 0.00771845 -0.000932642 0.00545455 -0.00757895 -0.000339327 0.00564935 -0.00061912 -0.00496988 -0.000131579 0.00429907 -0.00066944 -0.00569492
internal_weight=3844 397 205 192 98 94 3447 153 3294 331 2963 320 2643 294
internal_count=3844 397 205 192 98 94 3447 153 3294 331 2963 320 2643 294
is_linear=0
shrinkage=0.03


Tree=453
num_leaves=15
num_cat=0
split_feature=66 39 79 77 77 81 8 42 79 83 84 17 69 16
split_gain=7.47807 8.22187 10.1903 9.60439 10.8979 14.4386 13.9594 12.7321 11.176 10.6709 10.3788 10.8809 10.0058 13.5427
threshold=-371.88077926635737 2345.9196444808044 275.37175887992549 -69.598561823368058 -146.72816359996793 6680.4255408048639 4.441831023352365 217.51199030876163 7.8591503867123143 39.862397670745857 -41.319732447465249 19.500000000000004 152.54324611192015 12.500000000000002
decision_type=8 8 10 10 10 10 10 10 8 10 10 2 8 2
left_child=-1 2 3 4 5 7 8 -2 -6 10 11 -10 13 -5
right_child=1 -3 -4 12 6 -7 -8 -9 9 -11 -12 -13 -14 -15
leaf_value=-0.2031608079670634 -0.0024330358092806391 -0.0085082617309667086 -0.1124723903049437 0.042937336973936265 -0.4196554000271065 0.10674331925392376 0.59445254279776794 0.38020235069343866 -0.29619773169139796 -0.13070783528875091 0.40166206766304552 0.14806235864593603 0.015866296278813082 0.88176442675957267
leaf_weight=44 872 1565 87 87 141 364 43 57 46 84 43 87 193 101
leaf_count=44 872 1565 87 87 141 364 43 57 46 84 43 87 193 101
internal_value=0.000157274 0.000302307 0.00148232 0.00189712 0.000949367 0.00234158 -0.00310112 0.000354839 -0.00485075 -0.00114943 0.00305085 -0.0011194 0.00620419 0.0111111
internal_weight=3814 3770 2205 2118 1737 1293 444 929 401 260 176 133 381 188
internal_count=3814 3770 2205 2118 1737 1293 444 929 401 260 176 133 381 188
is_linear=0
shrinkage=0.03


Tree=454
num_leaves=15
num_cat=0
split_feature=71 64 35 68 0 29 49 76 77 23 17 44 84 29
split_gain=6.38721 11.6412 9.44795 10.675 9.93955 8.19138 7.52598 9.38434 9.9503 9.99838 7.14603 12.563 11.3317 8.21959
threshold=13.500000000000002 3.5243755780551123 16.254041666666669 -0.18090326310394703 -135.49999999999997 0.92539052986814185 8.5000000000000018 70.896626472473159 -102.66239511966704 10.114214062690737 44.000000000000007 111.6924650669098 -95.042599201202378 0.95657137184832253
decision_type=8 8 8 8 2 10 8 10 10 8 2 8 10 10
left_child=-1 -2 3 -3 -5 6 -4 8 9 -8 -6 12 -12 -13
right_child=1 2 5 4 10 -7 7 -9 -10 -11 11 13 -14 -15
leaf_value=-0.0062469291374567318 -0.66263312140458086 -0.31374331036725578 0.11892095132314434 0.30610436798569535 0.023946764131695986 0.72152212186687215 0.02088243128287456 0.49600573534261561 -0.13097157322889635 -0.044616500452776903 -0.38332953496228345 -0.98131709140650702 0.17792933211247905 -0.029374852659238258
leaf_weight=2081 57 56 231 41 734 97 150 56 81 68 58 50 87 40
leaf_count=2081 57 56 231 41 734 97 150 56 81 68 58 50 87 40
internal_value=2.31481e-05 0.00132817 0.00176571 0 0.000712166 0.00451754 0.00316865 0.000421348 -0.0017 0.00164384 9.27835e-05 -0.00444915 0.0010274 -0.0131868
internal_weight=3887 1806 1749 1066 1010 683 586 355 299 218 969 235 145 90
internal_count=3887 1806 1749 1066 1010 683 586 355 299 218 969 235 145 90
is_linear=0
shrinkage=0.03


Tree=455
num_leaves=15
num_cat=0
split_feature=16 52 77 3 8 17 56 42 15 16 7 77 16 80
split_gain=5.60384 10.5413 14.4677 11.4192 16.3583 15.3071 14.5281 14.0577 13.5499 10.6936 16.3438 10.1585 9.93174 13.4711
threshold=12.500000000000002 184.1986212730408 -69.598561823368058 15.625000000000002 3.8833298171836903 27.500000000000004 -55.942687511444085 -128.92096817493436 17.500000000000004 5.5000000000000009 2553.505151239925 -141.5755937695503 6.5000000000000009 -9.9167983531951887
decision_type=2 10 8 2 10 2 10 8 2 2 10 10 2 10
left_child=1 3 -3 7 6 11 -5 -1 12 10 -10 -6 13 -9
right_child=-2 2 -4 4 5 -7 -8 8 9 -11 -12 -13 -14 -15
leaf_value=-1.4040496399957847 -0.0072341048441961668 0.011409863312314361 0.48606874862647886 0.84324281854036298 0.046986314377148265 0.010326290358314481 -0.054000487552684752 -0.24714061649157282 0.30115063504983736 0.12902946910394547 -0.1018208719862523 1.3387269091968597 -0.0021464259592280663 -1.0385661049446659
leaf_weight=46 2219 160 90 41 42 175 185 112 85 222 172 82 154 47
leaf_count=46 2219 160 90 41 42 175 185 112 85 222 172 82 154 47
internal_value=-6.26141e-05 0.00128253 0.00693227 0.000241935 0.00370722 0.0083 -0.00237885 -0.00193087 -0.000983607 0.0021875 -0.00197674 0.01632 -0.00582803 -0.0110625
internal_weight=3832 1613 250 1363 525 299 226 838 792 479 257 124 313 159
internal_count=3832 1613 250 1363 525 299 226 838 792 479 257 124 313 159
is_linear=0
shrinkage=0.03


Tree=456
num_leaves=15
num_cat=0
split_feature=77 80 4 42 83 24 41 27 41 80 63 17 68 69
split_gain=6.46946 7.89794 9.77594 11.1916 10.8843 9.84407 12.1776 8.56217 10.1356 8.15538 10.2256 9.43351 10.8243 8.54167
threshold=-167.87642562389371 496.25523686409002 7.5000000000000009 -20.119911670684811 -133.56410682201383 43.500000000000007 172.35258769989017 0.87815482502651132 -73.799732804298387 -33.165536522865288 2.3922823057297076 39.500000000000007 -0.042530754662997321 246.08631157036967
decision_type=10 8 2 10 8 2 10 10 10 10 10 2 8 10
left_child=-1 2 3 7 -4 -5 -7 -2 -9 10 -6 12 -11 -14
right_child=1 -3 4 5 9 6 -8 8 -10 11 -12 -13 13 -15
leaf_value=0.0084150937002086569 -0.82132965654211754 0.015060490770103605 0.3558959469413564 4.6398148723412192e-05 -0.05562921325448144 -0.016453931417038357 -0.5436784474088634 0.012594631544634785 -0.73508021608694052 0.50980255023425669 0.096097440949289986 -0.038566238082699586 -0.051186294040057874 1.0214394207562325
leaf_weight=1819 76 444 82 479 82 90 55 94 64 131 46 179 153 40
leaf_count=1819 76 444 82 479 82 90 55 94 64 131 46 179 153 40
internal_value=0.00020339 -0.000967262 -0.00196565 -0.00412107 0.000630252 -0.002016 -0.00883562 -0.00970213 -0.00566038 -0.000712025 -0.00744186 0.0010119 0.00406154 -0.000463918
internal_weight=3834 2015 1571 858 713 624 145 234 158 631 128 503 324 193
internal_count=3834 2015 1571 858 713 624 145 234 158 631 128 503 324 193
is_linear=0
shrinkage=0.03


Tree=457
num_leaves=15
num_cat=0
split_feature=0 36 39 77 81 8 42 7 82 84 43 81 42 77
split_gain=5.70406 6.60697 13.9282 12.825 11.435 8.80439 13.5763 11.7221 9.59257 13.7386 11.3194 9.47111 8.79302 14.1511
threshold=401.50000000000006 0.084270327849449655 3616.6430389380507 -289.75356954336161 4937.5465606451044 4.1462990685532128 37.93373095989228 3151.0393455254894 -44.708956122398369 -51.419201135635369 148.78512122604033 8441.362479329111 93.317190408706679 33.008493304252632
decision_type=2 10 10 10 8 8 10 10 8 10 10 8 10 8
left_child=1 12 5 -4 -5 7 8 -3 9 -7 -10 -12 13 -1
right_child=-2 2 3 4 -6 6 -8 -9 10 -11 11 -13 -14 -15
leaf_value=-0.065753529740917249 0.47279547007497796 -0.0041529204305131347 0.09165154023466876 -1.448863668944036 -0.032423859200914104 -0.11032349850393983 0.25009421583850122 -0.5170764534796316 0.040833308453361639 0.24212885787419006 -0.0061995508175737152 -0.425508477037772 0.14539700591693669 0.012522169714150948
leaf_weight=147 67 1802 72 58 426 44 220 84 229 76 166 122 108 184
leaf_count=147 67 1802 72 58 426 44 220 84 229 76 166 122 108 184
internal_value=-0.000228586 -0.00038513 -0.000845455 -0.00517056 -0.00692784 3.27988e-05 0.00255245 -0.00111288 0.000329154 0.00793388 -0.00144788 -0.00539792 0.00306818 0.00063253
internal_weight=3805 3738 3299 556 484 2743 857 1886 637 120 517 288 439 331
internal_count=3805 3738 3299 556 484 2743 857 1886 637 120 517 288 439 331
is_linear=0
shrinkage=0.03


Tree=458
num_leaves=15
num_cat=0
split_feature=40 40 11 74 33 64 71 64 41 76 7 16 77 70
split_gain=6.84955 8.82628 8.40061 6.85927 8.06991 7.18995 7.70671 13.5146 9.93527 11.6297 10.8176 13.6488 19.1408 13.9418
threshold=20.487778516945976 24.778158427336926 810.00000000000011 3563.9869897058475 27.209422657952071 4.1685807728831863 13.500000000000002 5.679453871472357 170.16262173652652 441.68099844455725 2311.8741142029289 17.500000000000004 -69.401914954185472 0.93095238095238109
decision_type=10 10 2 10 10 8 10 10 10 8 10 2 8 10
left_child=2 -2 -1 5 -5 -3 7 -7 9 -8 -11 12 -12 -13
right_child=1 3 -4 4 -6 6 8 -9 -10 10 11 13 -14 -15
leaf_value=-0.02877359780969814 0.17409613634138138 -0.017331077682695904 -0.43888955800990787 -0.23550349863358466 -0.002679852159990176 0.0043536331285323323 0.24753254460816398 -0.23875221258028537 0.23516543180582319 -0.089579193747854655 0.027692854052219679 0.0082884501997244793 -0.14534837877947979 0.66443548575877964
leaf_weight=166 49 797 49 41 57 1501 156 181 195 162 200 74 131 66
leaf_count=166 49 797 49 41 57 1501 156 181 195 162 200 74 131 66
internal_value=-0.000227392 8.30795e-05 -0.00541667 -9.26446e-05 -0.00787879 0.000129908 0.00087739 -0.000356506 0.00298477 0.00148101 -0.00033123 0.00197034 -0.00135542 0.00978723
internal_weight=3825 3610 215 3561 98 3463 2666 1682 984 789 633 471 331 140
internal_count=3825 3610 215 3561 98 3463 2666 1682 984 789 633 471 331 140
is_linear=0
shrinkage=0.03


Tree=459
num_leaves=15
num_cat=0
split_feature=17 63 3 81 52 27 17 40 80 3 29 14 20 51
split_gain=6.28866 14.5046 13.3412 10.2026 11.7119 10.1501 9.86443 17.3723 15.9211 14.5387 9.6884 11.7266 9.66004 13.958
threshold=24.500000000000004 128.81680073772068 15.625000000000002 3998.3423856496815 85.893236041069045 0.92545221750027251 29.000000000000004 552.08949388554777 142.87368917465213 14.958333333343036 0.92669540229885061 472.4095040465449 59.083464622497566 36.718549370765693
decision_type=2 8 2 10 10 8 2 10 10 2 10 10 10 10
left_child=1 2 3 4 -1 -3 7 9 -9 -2 -7 -12 13 -4
right_child=6 5 12 -5 -6 10 -8 8 -10 -11 11 -13 -14 -15
leaf_value=-0.37543218553301638 0.86485596502798701 -0.026995736963745659 1.5840955346013634 -0.92493300659733302 0.027557987470485015 0.29255332135539003 -0.0023055204892595783 0.059870567753856671 -0.62533331438174966 0.0012740115767079984 -0.027017586793890158 0.49257142020606998 -0.084088666774860751 -0.037137875193664627
leaf_weight=106 80 246 45 119 91 82 2355 226 49 52 203 60 74 43
leaf_count=106 80 246 45 119 91 82 2355 226 49 52 203 60 74 43
internal_value=-0.000430585 -0.00238318 -0.00626305 -0.00984227 -0.00560606 0.000760135 0.000325733 0.00463235 0.000326087 0.0135338 0.00407514 0.00125 0.000736196 0.00741573
internal_weight=3831 1069 478 316 197 591 2762 407 275 132 345 263 162 88
internal_count=3831 1069 478 316 197 591 2762 407 275 132 345 263 162 88
is_linear=0
shrinkage=0.03


Tree=460
num_leaves=15
num_cat=0
split_feature=1 20 27 23 41 30 68 5 33 3 3 80 81 27
split_gain=7.69357 6.02269 6.499 5.52149 6.99065 7.77216 7.7733 8.34676 8.98555 6.74352 9.86911 17.8256 10.9588 9.89193
threshold=607.54545378685009 87.413296341896071 0.92653804641122517 1.8332028388977053 -84.49016416072844 1.0000000180025095e-35 0.18149750379128432 1.0000000180025095e-35 16.911623779946765 8.8750000000000018 9.6250000000000018 88.33819687366487 3335.218719363213 0.9168699186991871
decision_type=2 8 10 8 8 10 10 8 10 2 2 8 10 10
left_child=-1 2 -2 4 -3 -6 7 -7 -9 -5 11 -11 13 -12
right_child=1 3 -4 9 5 6 -8 8 -10 10 12 -13 -14 -15
leaf_value=0.088164430897286927 -0.47847259810509218 0.089687227328623761 -0.029497635756541313 0.012756365745602771 -0.034455837810249933 -0.021982798027776196 0.19490207129761095 -0.020142302012832403 0.13205280234478023 0.011014505713881703 -0.0084709444414298122 -0.86436833290056403 -0.026166448303680694 0.15193477605603165
leaf_weight=213 42 106 54 713 165 91 70 163 112 43 244 56 1500 290
leaf_count=213 42 106 54 713 165 91 70 163 112 43 244 56 1500 290
internal_value=-0.000341703 -0.000665753 -0.00804124 -0.000464266 0.00190678 0.000647841 0.002746 0.000980926 0.00358696 -0.00105374 -0.00189784 -0.0111 -0.00144472 0.00224299
internal_weight=3862 3649 96 3553 707 601 436 366 275 2846 2133 99 2034 534
internal_count=3862 3649 96 3553 707 601 436 366 275 2846 2133 99 2034 534
is_linear=0
shrinkage=0.03


Tree=461
num_leaves=15
num_cat=0
split_feature=3 0 29 26 41 44 76 75 73 56 8 84 16 3
split_gain=5.10453 5.93469 16.9435 9.98204 7.43294 5.88412 7.82798 9.7523 5.47909 8.2409 5.92719 7.06873 5.83847 5.69931
threshold=23.625000000000004 285.50000000000006 0.9400460829493088 113.50000000000001 298.64234244823461 6223.4558562040338 2410.3431358337407 2195.9903212785725 -22.560868263244625 35.682534297307342 0.13401466433784151 -261.4524353345235 45.500000000000007 1.7083333333430348
decision_type=2 2 10 2 10 10 10 10 8 10 8 8 2 2
left_child=1 5 3 4 -3 6 8 -8 9 -1 -10 -12 13 -13
right_child=-2 2 -4 -5 -6 -7 7 -9 10 -11 11 12 -14 -15
leaf_value=0.083063741112841011 -0.33617814958265785 0.7791904563215396 0.76954552595355286 -0.52618897123777963 -0.054994768764340653 -0.14230855392249306 0.43279866013829538 0.0061045892768438461 -0.15215264810207935 -0.053529413218199387 0.099903991541769044 -0.045406177541037172 0.042457860100233787 -0.0048529863204500858
leaf_weight=92 60 46 64 63 56 40 46 82 75 40 80 175 99 2795
leaf_count=92 60 46 64 63 56 40 46 82 75 40 80 175 99 2795
internal_value=-0.000243838 -0.000103889 0.00456522 -0.000542169 0.00524272 -0.000408511 -0.000275466 0.00697674 -0.000554066 0.00541353 -0.0008 -0.0006 -0.000830619 -0.00107035
internal_weight=3813 3753 229 165 102 3524 3484 128 3356 132 3224 3149 3069 2970
internal_count=3813 3753 229 165 102 3524 3484 128 3356 132 3224 3149 3069 2970
is_linear=0
shrinkage=0.03


Tree=462
num_leaves=15
num_cat=0
split_feature=30 40 26 22 34 65 40 45 79 28 34 43 3 77
split_gain=7.63242 10.0879 7.23169 8.0368 7.78631 12.9298 12.891 10.4767 10.3666 8.51315 7.88528 7.27255 6.62181 9.22744
threshold=24.050000000000004 189.43557521750705 173.50000000000003 0.72729837894439708 0.19399641577060936 0.91150424444985456 307.60528482573676 8.5000000000000018 10.331504619318116 150.50000000000003 0.31622807017543864 655.07591135783866 2.3750000000000004 -161.10244762897489
decision_type=8 10 2 2 10 8 10 10 10 2 10 10 2 10
left_child=12 -2 3 -3 5 -5 -6 8 -7 -8 -11 -4 13 -1
right_child=1 2 11 4 6 7 9 -9 -10 10 -12 -13 -14 -15
leaf_value=0.07524071460709908 -0.43929271050865676 -0.36683929543092147 -0.021088037258939155 0.52180700330965524 0.1120146017789429 -0.0021229324885482944 0.0070107394130477967 -0.02772736808125352 0.22071297368174556 -0.502300346320804 -0.040979133335631024 0.059296030635606969 0.0045352748383394471 -0.20395298270741727
leaf_weight=52 120 48 68 46 49 109 56 196 58 112 56 96 2666 104
leaf_count=52 120 48 68 46 49 109 56 196 58 112 56 96 2666 104
internal_value=-0.000547303 -0.00277833 -0.00167598 -0.00295486 -0.00210835 0.000512195 -0.0060219 -0.0014011 0.00410714 -0.00906667 -0.012426 0.004 0.000255048 -0.00573248
internal_weight=3836 1014 894 730 682 409 273 363 167 224 168 164 2822 156
internal_count=3836 1014 894 730 682 409 273 363 167 224 168 164 2822 156
is_linear=0
shrinkage=0.03


Tree=463
num_leaves=15
num_cat=0
split_feature=64 71 28 70 76 34 85 37 43 41 76 28 35 43
split_gain=6.83638 6.56162 6.50751 8.3151 9.84583 10.9633 9.34142 12.2579 9.89985 9.13316 9.34735 8.48961 13.7294 9.22615
threshold=7.2793730871782829 13.500000000000002 132.50000000000003 0.88562091503267981 1867.9489187002184 0.084523809523809543 -170.2211769024531 1777.1071928192416 189.89974029841781 18.160686135292057 183.63961756229403 145.50000000000003 14.030026455026457 1026.5214799030352
decision_type=10 10 2 10 8 8 10 10 8 10 10 2 10 10
left_child=2 -2 -1 4 9 -6 7 8 -7 -4 -11 12 -5 -13
right_child=1 -3 3 11 5 6 -8 -9 -10 10 -12 13 -14 -15
leaf_value=-0.017663454646571413 -0.047219340254709086 0.22926900753260207 0.014043113157571615 -0.47465376416692512 -0.17601880110167933 -0.036787209471993446 0.25593489687824517 -0.6936163534500801 0.040144287228179164 0.0059745719670426297 -0.4703079760590792 -0.00012276178723595875 0.046310979738088204 -0.23245671792854522
leaf_weight=559 44 54 46 80 41 41 306 46 199 40 58 2075 63 181
leaf_count=559 44 54 46 80 41 41 306 46 199 40 58 2075 63 181
internal_value=-0.000508607 0.00727273 -0.000714668 -0.000188857 0.00250643 0.00411672 0.0051602 0.00125436 0.0039834 -0.00455172 -0.00969697 -0.0010625 -0.008125 -0.000611431
internal_weight=3833 98 3735 3176 777 633 592 286 240 144 98 2399 143 2256
internal_count=3833 98 3735 3176 777 633 592 286 240 144 98 2399 143 2256
is_linear=0
shrinkage=0.03


Tree=464
num_leaves=15
num_cat=0
split_feature=17 3 7 1 28 3 35 60 64 79 34 31 17 43
split_gain=6.89046 9.68204 18.989 15.1316 13.1333 10.5906 14.1482 12.1628 9.83752 9.33198 8.599 11.3603 7.9067 12.3418
threshold=24.500000000000004 12.125000000000002 1341.998047577684 787.54545378685009 287.50000000000006 18.041666666656969 6.248682598039216 106.1509418487549 3.7588895607734738 2.8731814368903241 0.21231060606060609 3.8166666666666673 26.500000000000004 273.06949443691059
decision_type=2 2 10 2 2 2 10 10 10 10 10 10 2 10
left_child=1 2 -1 4 5 9 -7 -8 10 -3 -4 -12 13 -2
right_child=12 3 8 -5 -6 6 7 -9 -10 -11 11 -13 -14 -15
leaf_value=0.14958189812139078 1.2664505847214913 -0.13599553603966683 0.005352475497354181 -0.43086900264642103 -0.36019974103335911 -0.26096774979464132 -0.0068591908118776686 0.61094773339851483 -0.74700081360849513 0.15055259927705952 0.35628354749831548 -0.64016699580112013 0.0015089906869397041 0.037776001191744082
leaf_weight=96 42 40 102 53 50 52 97 40 64 300 41 142 2622 102
leaf_count=96 42 40 102 53 50 52 97 40 64 300 41 142 2622 102
internal_value=-0.000163892 -0.00219852 -0.00558296 0.000189573 0.00160345 0.003 -0.00268421 0.0023913 -0.00882857 0.00615836 -0.0063986 -0.0102717 0.00062884 0.00744828
internal_weight=3843 1077 445 632 579 529 189 137 349 340 285 183 2766 144
internal_count=3843 1077 445 632 579 529 189 137 349 340 285 183 2766 144
is_linear=0
shrinkage=0.03


Tree=465
num_leaves=15
num_cat=0
split_feature=38 28 8 80 3 3 7 43 81 0 25 79 14 35
split_gain=7.7364 7.57458 8.55725 12.4398 9.77545 11.482 20.2033 14.3693 10.3421 10.8187 9.43852 9.54254 8.35806 8.14095
threshold=2538.7219504540558 311.50000000000006 6.0433030104753334 34.410676717758186 11.041666666656967 16.958333333343038 282.251240769052 116.74885398950589 1613.2379046678545 -77.499999999999986 0.9346044191019246 14.330282322299132 296.17464000873588 1.0000000180025095e-35
decision_type=8 2 10 10 2 2 8 10 10 2 10 10 8 10
left_child=1 2 4 -4 10 6 -6 -8 -7 -10 11 -1 -12 -11
right_child=-2 -3 3 -5 5 8 7 -9 9 13 12 -13 -14 -15
leaf_value=-0.19342168980716895 0.0052418603780794576 -0.53417403083982218 -0.012511269752485123 1.7094351526209632 -0.41323130992621976 0.25581659548067659 0.24480692247736055 0.00078302372746126277 0.19367087789288806 0.063510248379913245 0.11342500295385648 -0.9614295649000566 -0.128149173847075 -0.2845738523023163
leaf_weight=169 2324 72 47 41 52 55 193 240 46 55 95 55 148 264
leaf_count=169 2324 72 47 41 52 55 193 240 46 55 95 55 148 264
internal_value=-0.000420016 -0.00207436 -0.00160164 0.00741573 -0.002185 -0.000364238 0.00277778 0.00490783 -0.0039905 -0.00581967 -0.00570513 -0.0101333 -0.00159836 -0.00778125
internal_weight=3856 1532 1460 88 1372 905 485 433 420 365 467 224 243 319
internal_count=3856 1532 1460 88 1372 905 485 433 420 365 467 224 243 319
is_linear=0
shrinkage=0.03


Tree=466
num_leaves=15
num_cat=0
split_feature=27 36 29 56 77 51 63 29 1 41 4 81 72 60
split_gain=6.51768 10.0434 7.74525 9.28909 9.96174 7.72902 9.36822 12.6242 8.04856 10.499 13.9 12.8087 8.84283 10.6718
threshold=0.96828988005458605 0.97646733111849404 0.84954321287088697 63.929648637771614 -123.1773418188095 177.0216261148453 -273.55289640051978 0.88295277633627411 665.53867006301891 -9.9086161851882917 6.5000000000000009 1671.317119240761 -73.205987930297837 -103.85485804080962
decision_type=10 10 10 8 10 8 10 10 2 10 2 8 8 10
left_child=1 5 -2 4 -4 8 7 -7 9 10 -1 -11 13 -12
right_child=2 -3 3 -5 -6 6 -8 -9 -10 11 12 -13 -14 -15
leaf_value=-0.45834787683102418 -0.13188486053322498 0.35515896338789466 0.25046512979384411 -0.11452355418981429 -0.087730630348566832 0.0091046908406717444 -0.0011268156927443584 1.2286612790150215 -0.022325546622506777 1.1973945837672904 -0.016950269225677311 0.009708135470345311 -0.024257528669366858 0.32579024248403271
leaf_weight=89 43 66 100 220 78 91 209 65 1055 45 59 1250 316 87
leaf_count=89 43 66 100 220 78 91 209 65 1055 45 59 1250 316 87
internal_value=-0.000310016 0.000144014 -0.00373303 -0.00240602 0.00268156 -9.18274e-05 0.00401639 0.00955414 -0.000609924 0.000584732 -0.00288043 0.00206019 -0.000777538 0.00530612
internal_weight=3773 3332 441 398 178 3266 365 156 2901 1846 551 1295 462 146
internal_count=3773 3332 441 398 178 3266 365 156 2901 1846 551 1295 462 146
is_linear=0
shrinkage=0.03


Tree=467
num_leaves=15
num_cat=0
split_feature=70 45 0 38 71 25 85 60 61 27 35 76 81 27
split_gain=6.76155 8.86779 7.15985 5.51209 9.04131 7.74065 9.21938 12.5899 10.5167 7.42549 14.5819 12.1916 9.40755 7.17182
threshold=1.0000000180025095e-35 19.500000000000004 11.500000000000002 1792.5674741477817 3.5000000000000004 0.93969696969696981 43.457740843296058 10.313685178756716 0.41104790302618982 0.97189680136896162 1.0000000180025095e-35 1867.9489187002184 7295.3905555009851 0.99790794979079511
decision_type=8 10 2 10 10 8 10 10 8 10 10 8 10 10
left_child=2 3 -1 5 -5 6 7 -2 -8 10 -7 -11 -13 -6
right_child=1 -3 -4 4 13 9 8 -9 -10 11 -12 12 -14 -15
leaf_value=-0.0041256814989060727 -0.060074556017957574 0.92319571514195953 -0.36822947625075819 0.93497678849815458 -0.00090686191955100524 0.46554865677482976 -0.038949069274009387 0.067012809213315608 -0.81721369913270614 -0.30709033349363501 0.008418835271925218 -0.069379824144819927 0.30025878069998085 0.068425133704227911
leaf_weight=156 155 41 56 70 2479 46 68 124 95 63 189 173 59 44
leaf_count=156 155 41 56 70 2479 46 68 124 95 63 189 173 59 44
internal_value=-0.000439906 -0.000133075 -0.0056338 -0.000294448 0.000427911 -0.00221994 -0.00514673 -0.00182143 -0.0107927 0.000225989 0.00419492 -0.00293919 0.000257511 0.000130745
internal_weight=3818 3606 212 3565 2593 972 442 279 163 530 235 295 232 2523
internal_count=3818 3606 212 3565 2593 972 442 279 163 530 235 295 232 2523
is_linear=0
shrinkage=0.03


Tree=468
num_leaves=15
num_cat=0
split_feature=80 35 28 69 3 8 80 3 3 85 14 29 39 29
split_gain=8.03762 8.12831 10.2483 14.6112 8.15263 7.88372 12.1797 10.7397 13.9476 13.6431 12.2479 11.6562 9.98848 9.04202
threshold=-226.06687355041501 14.198214285714288 314.50000000000006 -1.0000000180025095e-35 1.2083333333430348 4.7142830392149042 -114.05698990821837 17.375000000000004 14.875000000000002 7.2406205336252869 639.79101955892645 0.91909827760891594 1087.536424387695 0.97830792396009791
decision_type=8 8 2 8 2 10 10 2 2 10 8 10 10 10
left_child=-1 2 4 -4 -2 7 -7 8 10 -9 -6 -10 -13 -11
right_child=1 -3 3 -5 5 6 -8 9 11 13 -12 12 -14 -15
leaf_value=0.078644269721523302 -0.48938971373443318 0.0046885094941433178 0.0065252477998645015 -0.61057527716612214 -0.01610761195229159 -0.085733330534996377 0.28799614061531426 -0.005406119192433714 -0.021826722334101871 -0.38673169649271327 -0.79767521968882238 0.0008030026895188058 1.08241679345167 -0.0035042415377561295
leaf_weight=87 43 1984 41 57 701 75 153 216 97 141 64 40 83 42
leaf_count=87 43 1984 41 57 701 75 153 216 97 141 64 40 83 42
internal_value=-0.000439216 -0.00065008 -0.00213797 -0.0115152 -0.00157609 -0.00122753 0.00393013 -0.00207942 -0.000395538 -0.006225 -0.0023107 0.00624434 0.0123387 -0.0122283
internal_weight=3824 3737 1753 98 1655 1612 228 1384 985 399 765 220 123 183
internal_count=3824 3737 1753 98 1655 1612 228 1384 985 399 765 220 123 183
is_linear=0
shrinkage=0.03


Tree=469
num_leaves=15
num_cat=0
split_feature=67 69 85 26 28 77 4 27 81 80 27 82 32 82
split_gain=6.94464 5.59541 8.07336 9.1875 7.78104 6.818 6.09326 5.724 11.7724 11.52 12.915 11.4081 10.941 11.4758
threshold=-261.95527132919852 -222.05656469284932 -129.06022755304969 97.500000000000014 262.50000000000006 -121.31435734033583 7.5000000000000009 0.88780278466526807 7231.1745920181284 -167.86078178882596 0.91856158484065464 26.559634009997051 0.18350168350168353 121.53441154956819
decision_type=8 8 8 2 2 8 2 8 10 8 10 10 8 10
left_child=-1 2 5 6 -5 -2 -4 8 -3 10 -9 -10 -13 -14
right_child=1 7 3 4 -6 -7 -8 9 11 -11 -12 12 13 -15
leaf_value=-0.35110654853376555 0.011800401992073821 -0.00094801195849065318 -0.027293613896511994 -0.18700476268011068 0.04903467386678758 0.84576891821563538 0.1641061214157768 0.65270987185651053 -0.2606446294086992 -0.0042943720162699423 -0.00045573027737923151 0.18700960566064068 -0.0061035777769462155 -0.48487087588119465
leaf_weight=65 44 645 41 51 44 42 54 45 227 2250 49 65 114 50
leaf_count=65 44 645 41 51 44 42 54 45 227 2250 49 65 114 50
internal_value=-0.000808027 -0.000636754 0.0034657 0 -0.0065625 0.0110345 0.0065625 -0.000966338 -0.00274955 -0.000127932 0.0101053 -0.00643326 -0.00169565 -0.00581818
internal_weight=3786 3721 276 190 95 86 95 3445 1101 2344 94 456 229 164
internal_count=3786 3721 276 190 95 86 95 3445 1101 2344 94 456 229 164
is_linear=0
shrinkage=0.03


Tree=470
num_leaves=15
num_cat=0
split_feature=3 43 85 64 37 37 28 16 8 66 36 85 3 7
split_gain=8.07295 18.233 16.8413 9.82469 10.8856 8.98448 10.401 11.4941 14.3129 8.96134 10.951 9.28355 7.96368 9.20791
threshold=17.291666666656969 422.74805406962855 267.14051014184957 4.083971113897598 1353.7070208564598 230.45374671967019 241.50000000000003 10.500000000000002 4.7142830392149042 -157.38517725467679 0.21724828375286045 73.832158744335189 16.125000000000004 3064.0526101895161
decision_type=2 8 10 8 10 8 2 2 10 8 10 8 2 10
left_child=12 5 3 4 -3 -2 7 -7 -9 -5 11 -11 13 -1
right_child=1 2 -4 9 -6 6 -8 8 -10 10 -12 -13 -14 -15
leaf_value=0.010457460657992072 0.021619306505660921 0.0043851017005751064 1.282134278171934 0.35652200163068465 -0.55971198755027662 -0.0057013389399224934 -0.0012218966957625809 -0.44413481080180633 0.11686494795491725 0.018956101292169809 0.15181303727490963 -0.10592401915068432 0.078741049381763309 -0.019130175217278476
leaf_weight=1520 92 48 52 50 42 125 162 253 43 71 143 83 264 919
leaf_count=1520 92 48 52 50 42 125 162 253 43 71 143 83 264 919
internal_value=-0.000178387 -0.00226609 0.00214286 0.000205479 -0.00857143 -0.00545858 -0.00683219 -0.0093128 -0.0125253 0.0025 0.000503356 -0.00503226 0.000721154 0.000184426
internal_weight=3867 1164 489 437 90 675 583 421 296 347 297 154 2703 2439
internal_count=3867 1164 489 437 90 675 583 421 296 347 297 154 2703 2439
is_linear=0
shrinkage=0.03


Tree=471
num_leaves=15
num_cat=0
split_feature=50 80 1 72 63 79 80 63 31 41 33 60 5 40
split_gain=8.98736 8.41715 6.05276 6.95286 6.29801 8.79419 9.44134 8.44463 9.52104 8.01761 8.57908 7.59508 7.38644 8.19984
threshold=3164.9433181285863 45.720177531242378 659.08346462249767 73.469976782798781 110.50631587920952 13.362584575102854 45.720177531242378 71.021060174050419 14.565953947368422 90.547409296035781 11.702974137931037 116.01381134986879 36.175300478935249 33.261743227453174
decision_type=10 8 2 10 10 8 8 10 8 10 10 10 10 10
left_child=2 -2 3 -1 7 9 11 12 -9 10 -6 -7 13 -4
right_child=1 -3 4 -5 5 6 -8 8 -10 -11 -12 -13 -14 -15
leaf_value=0.013225566750965213 0.0034828522884545608 -0.38667214636298619 0.20408143211156843 -0.48555858973262517 0.47374383296104861 0.37844847425727907 0.0099260100161007603 -0.57019589340060373 -0.0031787330565293814 -0.057232400342277286 -0.048251981522158302 0.054374400127861475 0.0053836811126268726 -0.030263654214617981
leaf_weight=1523 42 61 64 57 48 42 236 52 57 181 53 45 718 618
leaf_count=1523 42 61 64 57 48 42 236 52 57 181 53 45 718 618
internal_value=-0.000244866 -0.00894231 0 0.00140417 -0.00104965 0.00153465 0.00490741 -0.00208609 -0.0100909 -0.00233216 0.00441176 0.0132955 -0.0014561 -0.0036896
internal_weight=3797 103 3694 1580 2114 605 323 1509 109 282 101 87 1400 682
internal_count=3797 103 3694 1580 2114 605 323 1509 109 282 101 87 1400 682
is_linear=0
shrinkage=0.03


Tree=472
num_leaves=15
num_cat=0
split_feature=60 51 60 42 85 0 68 36 81 68 84 31 81 65
split_gain=8.42703 9.75697 9.00407 10.8716 14.4244 9.11021 8.31441 8.13659 7.74954 10.7938 12.2116 7.99061 7.36387 10.8401
threshold=493.56062042713171 -3029.9999999999995 399.84055447578436 37.264449119567878 234.81272240479791 51.500000000000007 -0.069683749041115989 0.31323815704088259 8655.1340399980563 0.089347902290383169 -61.892289479573556 16.147899159663869 7642.4991779327402 1.0455079132097458
decision_type=10 8 10 8 10 2 8 10 10 8 10 10 10 10
left_child=1 -1 3 4 5 8 -7 -8 11 10 -10 12 13 -3
right_child=-2 2 -4 -5 -6 6 7 -9 9 -11 -12 -13 -14 -15
leaf_value=-0.15570023259201149 0.15372645841150465 0.037519765917102314 -0.48393859286925472 0.016913445371574163 -0.62235826995634314 0.020374258259494838 -0.74741392201405465 -0.023683618027192457 0.16204932875359909 -0.41451612520844844 -0.02512736456743898 -0.012305236526001621 0.2309974052863541 -0.019811687077437339
leaf_weight=65 185 548 51 1708 51 83 74 62 55 70 192 434 79 164
leaf_count=65 185 548 51 1708 51 83 74 62 55 70 192 434 79 164
internal_value=0.000384615 6.59885e-05 0.000277156 0.000460097 -0.0011583 -0.00069807 -0.00640909 -0.0109489 0.000116656 -0.0040566 -0.00108871 0.00119902 0.00299242 0.00201964
internal_weight=3821 3636 3571 3520 1812 1761 219 136 1542 317 247 1225 791 712
internal_count=3821 3636 3571 3520 1812 1761 219 136 1542 317 247 1225 791 712
is_linear=0
shrinkage=0.03


Tree=473
num_leaves=15
num_cat=0
split_feature=67 16 65 23 1 83 72 69 23 65 76 28 9 0
split_gain=6.62113 6.01721 6.37686 5.25901 7.58228 8.50804 7.52372 7.03465 6.87207 6.2305 7.45732 8.67597 8.11299 9.34859
threshold=-261.95527132919852 1.0000000180025095e-35 1.1045207398107162 0.74539387226104747 644.09319531917583 52.272177577018745 -117.78074395656584 115.86986283268736 0.94331812858581554 1.1223258665367217 355.85716199874884 120.50000000000001 390.00000000000006 304.50000000000006
decision_type=8 2 8 8 2 10 10 10 10 10 10 2 2 2
left_child=-1 2 -2 4 -3 6 7 -6 -5 10 12 -12 13 -10
right_child=1 3 -4 8 5 -7 -8 -9 9 -11 11 -13 -14 -15
leaf_value=-0.27313639617720886 0.0097304764595561363 -0.24870358741632131 -0.36210768604067028 0.43535873280602794 -0.23031457615578282 -0.10570737234011648 0.28192432098585335 0.10512575597496197 -0.0041518006133198695 0.044852205537582998 -0.56541662310083296 0.030440340561208205 -0.21347429314144745 0.43302999953816174
leaf_weight=63 62 56 77 59 47 50 50 47 2300 200 47 566 67 114
leaf_count=63 62 56 77 59 47 50 50 47 2300 200 47 566 67 114
internal_value=-0.00027588 -0.000112209 -0.00621429 0.000124861 -0.00406375 -0.00123077 0.00248276 -0.00252632 0.000438283 0.000254932 -7.75444e-05 0.00288274 -0.000809831 -0.000521739
internal_weight=3805 3742 139 3603 250 194 144 94 3353 3294 3094 613 2481 2414
internal_count=3805 3742 139 3603 250 194 144 94 3353 3294 3094 613 2481 2414
is_linear=0
shrinkage=0.03


Tree=474
num_leaves=15
num_cat=0
split_feature=27 59 60 8 8 31 42 82 56 48 42 33 40 64
split_gain=6.77091 10.1943 7.43489 10.0213 6.89887 9.54625 8.41449 7.16571 7.81278 9.27519 7.84945 7.42549 7.53766 6.6893
threshold=0.96828988005458605 325.50985670089727 493.56062042713171 0.28473235164725946 5.481355959220874 15.290000000000001 378.88690757751471 113.37824320793153 76.814218640327468 4.0797160863876352 -121.79059994220732 0.44000000000000006 63.940077251818288 2.6854902946646462
decision_type=10 8 10 10 10 8 10 10 8 10 10 10 10 8
left_child=1 2 3 -1 5 6 7 8 9 10 -2 12 -10 -5
right_child=4 -3 -4 13 -6 -7 -8 -9 11 -11 -12 -13 -14 -15
leaf_value=-0.29710847701720078 0.020268417071926947 0.082024558286073398 0.16772025500039447 -0.10394063547977161 0.036534338557328773 -0.20579946960229945 0.11113022282351327 -0.63269981256648133 -0.097692332444472937 0.26624901242194093 -0.32595134067690268 0.017216832820581372 -1.126623217088069 0.0019784683682486201
leaf_weight=76 44 178 85 74 52 45 50 44 48 64 42 41 42 2985
leaf_count=76 44 178 85 74 52 45 50 44 48 64 42 41 42 2985
internal_value=-6.19995e-05 0.000406002 1.86278e-05 -0.000220026 -0.00342495 -0.00470309 -0.0031117 -0.0048773 -0.00308511 0.0015894 -0.00482759 -0.00840909 -0.0131868 4.90196e-05
internal_weight=3870 3398 3220 3135 472 420 375 325 281 150 86 131 90 3059
internal_count=3870 3398 3220 3135 472 420 375 325 281 150 86 131 90 3059
is_linear=0
shrinkage=0.03


Tree=475
num_leaves=15
num_cat=0
split_feature=83 25 80 28 60 77 82 25 7 39 72 63 64 57
split_gain=9.0636 11.4902 11.1291 16.1645 11.2571 9.52995 8.85325 8.41405 8.20105 10.4064 8.9897 9.00558 10.0586 7.94949
threshold=57.898165702819831 0.50280898876404512 88.33819687366487 168.50000000000003 42.261393666267402 15.967813551425936 154.04027648766836 0.954284221525601 4925.3465560779887 4777.0235039493837 11.597105622291567 176.87053403092153 4.0698877873974277 9.5000000000000018
decision_type=10 10 10 2 8 8 10 10 10 10 10 8 10 10
left_child=8 -2 3 4 -3 13 -7 -5 10 -10 -1 12 -12 -4
right_child=1 2 5 7 -6 6 -8 -9 9 -11 11 -13 -14 -15
leaf_value=0.006508906149113613 -0.52437945934048613 0.15518246300962851 0.054118194764392342 -0.24358570806502033 -0.12240310715658402 0.79358328147655577 -0.060247551963458927 0.0058432130571691764 -0.027416961160896078 0.059395151606666592 -0.27492901512343304 0.024886399494477088 -0.0016847219547906178 -0.10307512713862026
leaf_weight=2575 47 47 221 162 50 73 52 45 48 138 87 105 65 82
leaf_count=2575 47 47 221 162 50 73 52 45 48 138 87 105 65 82
internal_value=0.000229068 -0.00265385 -0.00171896 -0.00609836 0.00397959 0.0013986 0.00833333 -0.0108173 0.000973832 0.00705882 0.000571832 -0.00476744 -0.00941176 -0.00148026
internal_weight=3797 779 732 304 97 428 125 207 3018 186 2832 257 152 303
internal_count=3797 779 732 304 97 428 125 207 3018 186 2832 257 152 303
is_linear=0
shrinkage=0.03


Tree=476
num_leaves=15
num_cat=0
split_feature=50 31 73 79 35 42 65 82 68 25 74 85 73 34
split_gain=6.66908 7.44511 12.9138 13.2362 11.6335 12.2048 9.78496 9.36428 10.865 13.2829 13.5728 9.53708 9.1646 8.42697
threshold=3164.9433181285863 11.254700854700856 0.77058696746826183 7.8591503867123143 14.804817541613318 47.527288794517524 1.117639230353231 -124.80478258927663 -0.019597136348448951 0.87138130686517801 296.67081615189653 111.17522950967155 11.907761931419374 0.36754385964912284
decision_type=10 8 8 8 8 10 8 8 8 10 10 8 10 10
left_child=1 7 6 4 5 12 -3 -1 11 -10 -11 -9 -4 -5
right_child=-2 2 3 13 -6 -7 -8 8 9 10 -12 -13 -14 -15
leaf_value=0.24262568645293678 -0.12592844277388693 0.010292065764746993 -0.74589180341336658 0.0030848688073122064 -0.0052187739726249852 -0.038810669023416136 0.37110658604250829 0.018710044003370924 0.13270159969519396 -0.0056448354122004213 -0.36968163119090619 0.42218035659326464 -0.033984201698504815 -0.25198617679215002
leaf_weight=71 105 167 67 1586 247 104 103 224 64 727 52 147 57 107
leaf_count=71 105 167 67 1586 247 104 103 224 64 727 52 147 57 107
internal_value=0.000344738 0.000555854 -0.000418204 -0.00118949 -0.00560924 -0.0104803 0.00575646 0.0024028 0.00177778 -0.000106635 -0.00119231 0.00604839 -0.0168 5.31287e-05
internal_weight=3828 3723 2438 2168 475 228 270 1285 1214 843 779 371 124 1693
internal_count=3828 3723 2438 2168 475 228 270 1285 1214 843 779 371 124 1693
is_linear=0
shrinkage=0.03


Tree=477
num_leaves=15
num_cat=0
split_feature=19 68 63 3 5 62 8 28 62 43 77 36 15 65
split_gain=6.38516 15.8338 12.7524 11.7698 8.45119 7.78192 13.2898 16.9068 11.5063 11.386 10.4751 11.6622 11.926 11.3112
threshold=270.00000000000006 0.06311931639202796 633.53036444642748 10.125000000000002 3264.8655530214314 -0.16350993190240734 5.0810954811165594 240.50000000000003 -0.11737446102444794 189.89974029841781 -285.94808512926096 0.21724828375286045 19.500000000000004 1.0634390177466362
decision_type=10 8 8 2 10 8 10 2 8 10 10 10 2 10
left_child=4 -2 -3 -4 5 6 7 9 10 -1 -7 13 -13 -12
right_child=1 2 3 -5 -6 8 -8 -9 -10 -11 11 12 -14 -15
leaf_value=-0.44064046846189991 0.24778439528694413 -0.2527680238170309 -0.35483034643527062 0.090708583512074795 -0.28558354060144048 -0.017762400859802074 -0.25837957951348428 0.49952521483524243 0.00027018774592271196 -0.0044331347362708447 0.12741861863849238 0.56318624526677918 -0.48736629514639834 1.5663544557237776
leaf_weight=53 211 80 49 182 56 68 111 98 2536 152 43 46 54 51
leaf_count=53 211 80 49 182 56 68 111 98 2536 152 43 46 54 51
internal_value=0.00036402 0.00344168 -0.000865385 0.00271552 -0.00012848 7.46965e-05 -0.00375904 -0.000493421 0.000643087 -0.00538835 0.00661597 0.0101538 0.0029703 0.0176842
internal_weight=3790 522 311 231 3268 3212 414 303 2798 205 262 194 100 94
internal_count=3790 522 311 231 3268 3212 414 303 2798 205 262 194 100 94
is_linear=0
shrinkage=0.03


Tree=478
num_leaves=15
num_cat=0
split_feature=81 83 74 83 35 82 82 82 45 40 85 14 83 35
split_gain=5.9766 18.4552 11.7542 8.97013 7.52377 6.71597 7.06786 7.77646 9.68371 7.33844 7.75026 7.67983 7.30286 7.06635
threshold=17718.926158666614 -43.349408149719231 1689.0544924758058 -341.56217813491816 17.016987179487185 -164.44167923927304 -74.102843920389788 -2.6643025080362954 5.5000000000000009 219.72092697427951 -5.3031510710716239 287.24567113019685 48.450216054916389 16.151631514234374
decision_type=10 10 8 8 10 8 8 8 10 10 8 10 8 8
left_child=3 2 -2 -1 -3 -5 9 8 -8 11 -11 -7 -10 -9
right_child=1 4 -4 5 -6 6 7 13 12 10 -12 -13 -14 -15
leaf_value=-0.2149552088336272 -0.023838827444373559 -0.88291477720811606 0.42797094902919258 0.12676896178750446 -0.021771228352808973 0.0016110744991217273 -0.3148825539159541 -0.013444756487773794 0.16611778583302289 0.079010946951303396 -0.20562562964552156 -0.33308462863396554 -0.005370021496805464 0.010778738370218246
leaf_weight=61 42 69 69 73 51 40 73 1638 340 128 45 68 99 1033
leaf_count=61 42 69 69 73 51 40 73 1638 340 128 45 68 99 1033
internal_value=-0.000117493 -0.00478448 0.00401786 0.000183384 -0.0128926 0.000381572 0.000190476 0.000593593 0.00397661 -0.0043617 -0.000517241 -0.0104587 0.00565909 -5.61377e-05
internal_weight=3829 231 111 3598 120 3537 3464 3183 512 281 173 108 439 2671
internal_count=3829 231 111 3598 120 3537 3464 3183 512 281 173 108 439 2671
is_linear=0
shrinkage=0.03


Tree=479
num_leaves=15
num_cat=0
split_feature=66 81 62 53 29 27 27 80 15 0 0 30 25 30
split_gain=8.44161 8.74085 9.08068 7.38814 8.52808 12.0035 10.2524 7.2679 10.5885 9.63342 8.48036 9.7284 9.61308 7.81015
threshold=136.21284437179568 1613.2379046678545 0.0063135547722613259 8.5000000000000018 0.94308296838442629 0.92325017325017333 0.88304780326056931 -1.0000000180025095e-35 37.500000000000007 129.50000000000003 -53.499999999999993 20.050000000000004 0.88762626262626265 12.950000000000001
decision_type=10 10 10 10 10 10 10 8 2 2 2 10 10 10
left_child=7 2 -2 -3 5 6 -5 8 9 -1 11 12 -9 -11
right_child=1 3 -4 4 -6 -7 -8 10 -10 13 -12 -13 -14 -15
leaf_value=0.0063416046526987907 -0.12948131077866926 -0.25271423030832291 0.076865180447410489 -0.41892523115256364 0.1216285761779396 -0.73778178050045717 0.11503135469126177 0.081128218804676036 0.27914325580577271 0.070705609597175062 0.0043716129177075657 -0.54152591505313141 -0.02642935518782771 0.73789029931768635
leaf_weight=729 83 136 125 60 55 87 134 78 75 90 1870 73 153 40
leaf_count=729 83 136 125 60 55 87 134 78 75 90 1870 73 153 40
internal_value=0.000205859 -0.00281938 0.00229665 -0.005074 -0.00267062 -0.00478723 -0.000615385 0.000868446 0.00308021 0.00212791 -8.27586e-05 -0.00472131 -0.00168103 0.00961832
internal_weight=3788 680 208 472 336 281 194 3108 934 859 2174 304 231 130
internal_count=3788 680 208 472 336 281 194 3108 934 859 2174 304 231 130
is_linear=0
shrinkage=0.03


Tree=480
num_leaves=15
num_cat=0
split_feature=67 16 67 3 0 83 80 78 80 22 53 4 63 78
split_gain=8.47804 6.62213 7.13459 6.81317 7.3771 6.62564 8.57862 5.78666 11.7811 11.6383 10.8247 9.80584 9.3818 9.23747
threshold=-267.0884508208224 1.0000000180025095e-35 -34.219854347289534 23.625000000000004 409.00000000000006 419.96287250518805 344.96479785442358 0.70833333333333337 1.0000000180025095e-35 10.833202838897707 7.5000000000000009 9.5000000000000018 148.58551122933838 0.58333333333333337
decision_type=8 2 10 2 2 10 10 10 10 2 8 2 10 10
left_child=-1 2 -2 4 5 6 7 8 9 12 -11 -9 -3 -10
right_child=1 3 -4 -5 -6 -7 -8 11 13 10 -12 -13 -14 -15
leaf_value=-0.26884558650890911 -0.34339542301199044 -0.00057453753313974954 0.015011747967195106 -0.33240135481061761 0.99037588791656272 0.92399533408031131 -0.34261812280638926 0.0044831288576068573 -0.020728849697775321 0.13412420309675011 -0.07777770898363115 0.21144917373776964 0.088467335607605432 -0.94450134260413787
leaf_weight=61 71 678 62 50 45 41 58 1994 154 66 175 99 201 47
leaf_count=61 71 678 62 50 45 41 58 1994 154 66 175 99 201 47
internal_value=-0.000126216 5.61197e-05 -0.00649254 0.000299252 0.000455184 0.000298805 0.000155485 0.000351391 -0.00120272 0 -0.00582645 0.00133238 0.00160227 -0.00787129
internal_weight=3802 3741 133 3608 3558 3513 3472 3414 1321 1120 241 2093 879 201
internal_count=3802 3741 133 3608 3558 3513 3472 3414 1321 1120 241 2093 879 201
is_linear=0
shrinkage=0.03


Tree=481
num_leaves=15
num_cat=0
split_feature=1 29 75 28 39 40 75 85 31 31 4 63 63 76
split_gain=6.98471 9.60272 9.28723 7.4846 7.32133 9.81554 9.36718 11.9725 7.19204 11.7292 14.4282 10.4933 12.2213 8.75842
threshold=665.53867006301891 0.99542274174627121 1271.0000000000002 463.50000000000006 1394.1066431397176 1026.3585202389729 253.07410180568698 -191.6387451291084 15.003333333333336 21.972619047619052 7.5000000000000009 123.23331207584694 57.825730779189307 292.69055223464972
decision_type=2 10 10 2 8 10 8 10 8 10 2 10 10 8
left_child=1 2 3 4 5 6 7 -1 11 10 -10 12 13 -2
right_child=8 -3 -4 -5 -6 -7 -8 -9 9 -11 -12 -13 -14 -15
leaf_value=0.26854494623676334 -0.068375115644349407 0.097149290861164611 -0.34886609009839387 -0.023038828111898901 0.0031061674064560485 0.44505955294635441 0.067402724188136601 -0.071398886625018393 -0.33305311447906955 0.006713057673078779 -0.02446132345311355 0.10818935267149214 -0.75503625429402643 0.0113581137635431
leaf_weight=81 40 74 80 44 1518 45 461 127 170 243 223 185 50 462
leaf_count=81 40 74 80 44 1518 45 461 127 170 243 223 185 50 462
internal_value=0.0004653 0.00143151 0.00109461 0.00144928 0.00169279 0.0041958 0.00326866 -0.00200957 -0.00124454 -0.00357928 -0.00677665 0.000772358 -0.00130199 0.000119284
internal_weight=3803 2430 2356 2276 2232 714 669 208 1373 636 393 737 552 502
internal_count=3803 2430 2356 2276 2232 714 669 208 1373 636 393 737 552 502
is_linear=0
shrinkage=0.03


Tree=482
num_leaves=15
num_cat=0
split_feature=39 37 15 39 24 53 43 66 35 43 29 7 31 3
split_gain=7.68349 16.1727 8.71067 10.6511 9.1734 8.23112 11.5072 14.4031 11.7504 14.9528 11.2354 11.9692 14.5739 11.5718
threshold=3582.1060374382719 1455.9562634672532 17.500000000000004 4379.2571755704912 58.500000000000007 7.5000000000000009 239.8255871636608 -32.344852685928338 16.370635097907829 39.697727349691682 0.94234726179170636 3382.3923279573196 12.251086956521741 22.375000000000004
decision_type=8 8 2 10 2 10 10 10 10 8 10 10 10 2
left_child=5 -2 3 -3 -5 6 8 -8 -1 -10 13 12 -12 -7
right_child=1 2 -4 4 -6 10 7 -9 9 -11 11 -13 -14 -15
leaf_value=0.00048866183623976845 -0.1918183230836103 -0.46225365613678404 0.018972856373729065 -0.01395426629594902 0.057836092463557302 0.01835331892016576 -0.011561287159685988 -0.1879930621662726 -0.11494840402475194 0.94332622607011152 -0.00075567356403858808 0.34778519434465083 -0.45445632127836239 0.62713928218320358
leaf_weight=686 197 84 333 175 53 1184 548 102 40 77 152 45 87 62
leaf_count=686 197 84 333 175 53 1184 548 102 40 77 152 45 87 62
internal_value=0.000180345 -0.00234875 -4.64396e-05 -0.00364217 -0.000262009 0.000894772 -0.000722146 -0.00368664 0.0016791 0.0104237 0.00242978 -0.00294737 -0.005625 0.00365678
internal_weight=3825 842 645 312 228 2983 1453 650 803 117 1530 284 239 1246
internal_count=3825 842 645 312 228 2983 1453 650 803 117 1530 284 239 1246
is_linear=0
shrinkage=0.03


Tree=483
num_leaves=15
num_cat=0
split_feature=28 6 0 70 77 28 43 14 84 5 25 84 8 36
split_gain=7.52365 5.47348 9.30924 10.9875 8.73171 8.20863 11.5243 8.56099 10.3656 8.1839 11.4211 7.91936 7.65826 7.59889
threshold=466.50000000000006 690.00000000000011 81.500000000000014 0.74166666666666681 33.779822111129768 418.50000000000006 451.28310333066781 354.49071535934826 -37.808313528696694 45.726701140403755 0.86984754376058737 -93.104365746180193 6.7756259322430941 0.23971830985915496
decision_type=2 10 2 8 10 2 10 8 8 8 10 10 10 8
left_child=1 2 5 -4 13 6 7 8 11 10 -10 -1 -8 -5
right_child=-2 -3 3 4 -6 -7 12 -9 9 -11 -12 -13 -14 -15
leaf_value=-0.0010677617807688478 -0.032850687468435426 -0.0013302666219064461 0.84963501889508253 0.3577063232538556 -0.23035367459453651 0.25531956067985828 -0.0095716198247022561 0.14125786298776774 0.068934818162795897 0.10827572854292748 -0.17829947274046881 0.26097367583439429 -0.25165373695454951 0.01705757589662454
leaf_weight=45 72 2327 50 86 79 51 204 316 50 76 174 40 43 237
leaf_count=45 72 2327 50 86 79 51 204 316 50 76 174 40 43 237
internal_value=0.000498572 0.00068272 0.0021281 0.00569536 0.00401985 0.00051 -0.000126449 0.00183761 -0.0011658 -0.00378738 -0.00666667 0.00802326 -0.00568548 0.0062037
internal_weight=3850 3778 1451 452 402 999 948 701 385 300 224 85 247 323
internal_count=3850 3778 1451 452 402 999 948 701 385 300 224 85 247 323
is_linear=0
shrinkage=0.03


Tree=484
num_leaves=15
num_cat=0
split_feature=8 22 65 79 17 14 76 39 42 36 22 9 80 72
split_gain=6.17505 9.7644 7.84782 10.4061 11.1086 9.09482 8.62182 11.3639 15.5567 9.9632 9.36231 8.83594 13.0671 12.1727
threshold=6.4334458331929634 8.1502711772918719 0.88231078457675027 9.0247594863629867 39.500000000000007 302.31706796501754 358.72461068630224 529.22752834857727 96.051825761795058 0.68968253968253979 2.2577009201049809 150.00000000000003 150.86729300022128 -76.944221973419175
decision_type=8 2 8 10 2 10 10 10 10 10 2 2 10 10
left_child=2 -2 3 5 -5 -1 9 8 10 11 -8 12 13 -4
right_child=1 -3 6 4 -6 -7 7 -9 -10 -11 -12 -13 -14 -15
leaf_value=0.10177545236596415 0.055598691247928857 -0.057952864568697603 0.054276906506238093 0.47148771706145504 0.0004126783826894109 -0.21737268563319204 -0.19148261657441351 0.051334914979767769 -0.23014794250971679 -0.34409797145418175 0.091377358251849339 -0.013560771411085094 -0.072516078886670013 -0.015829894847106837
leaf_weight=76 317 81 469 104 70 144 49 421 107 185 121 1350 121 238
leaf_count=76 317 81 469 104 70 144 49 421 107 185 121 1350 121 238
internal_value=0.000225739 0.0037594 -0.000182292 0.00379747 0.00925714 -0.000542986 -0.000695624 0.00223176 -0.00248201 -0.00156091 0.00315789 -0.00099128 0.00144753 0.00300847
internal_weight=3853 398 3455 394 174 220 3061 698 277 2363 170 2178 828 707
internal_count=3853 398 3455 394 174 220 3061 698 277 2363 170 2178 828 707
is_linear=0
shrinkage=0.03


Tree=485
num_leaves=15
num_cat=0
split_feature=7 39 34 29 31 71 3 3 3 60 35 1 79 0
split_gain=5.54672 5.58935 18.1978 11.5942 9.51288 8.23818 11.5587 13.2869 10.2068 7.2641 6.97698 7.40442 6.9557 6.58169
threshold=5435.5157734228787 3582.1060374382719 0.35067567567567576 0.9400460829493088 14.004166666666668 16.500000000000004 9.7083333333430364 5.7916666666569663 12.125000000000002 96.685491442680373 20.746175393234221 669.24851906299602 14.460567521796628 290.50000000000006
decision_type=10 8 10 10 8 10 2 2 2 10 10 2 10 2
left_child=1 13 3 4 -3 6 7 -6 -8 10 -10 -12 -11 -1
right_child=-2 2 -4 -5 5 -7 8 -9 9 12 11 -13 -14 -15
leaf_value=0.0025108600966906591 0.036333154053989035 -0.38726957685386787 -0.44779937107517681 0.63740261943694521 -0.0065404704531536479 0.41306037305515064 -0.44227648880986409 0.25501297639660597 0.23569501471107279 -0.6259105773181507 -0.1429471432319116 0.023046957146236623 -0.023795686082652777 0.316866246319089
leaf_weight=2854 120 66 100 65 78 60 59 72 41 47 45 43 47 115
leaf_count=2854 120 66 100 65 78 60 59 72 41 47 45 43 47 115
internal_value=0.000125885 -8.12348e-05 -0.00244475 -0.000528846 -0.00193202 -0.000486815 -0.00193995 0.00476821 -0.00551237 -0.00254464 0.00207692 -0.00269663 -0.00884211 0.000494949
internal_weight=3812 3692 723 623 558 492 432 150 282 223 129 88 94 2969
internal_count=3812 3692 723 623 558 492 432 150 282 223 129 88 94 2969
is_linear=0
shrinkage=0.03


Tree=486
num_leaves=15
num_cat=0
split_feature=8 56 60 3 17 81 82 31 79 35 17 3 48 14
split_gain=8.00224 13.0807 11.8056 10.4918 14.5763 15.4912 15.997 15.0077 14.9726 9.33005 12.6546 9.05017 9.15197 11.7094
threshold=4.1462990685532128 268.21729922294622 204.07489490509036 15.625000000000002 27.500000000000004 8063.9443796873102 -32.529322008291878 13.074285714285717 23.106103159387118 22.292033457852856 16.500000000000004 17.125000000000004 -49.421474456787102 452.75846827722887
decision_type=8 10 10 2 2 8 10 8 10 10 2 2 8 10
left_child=1 2 9 -2 8 6 -6 -8 -5 11 -11 -1 -13 -14
right_child=3 -3 -4 4 5 -7 7 -9 -10 10 -12 12 13 -15
leaf_value=-0.0058716114250370495 -0.0017688582922692753 -0.21009730026620096 0.0361805675487296 0.72270038434517314 0.34272939017875742 0.088266633648101875 0.021470963906085102 -0.25247730674395436 -0.0092868271983610386 -0.03513147543141372 0.5098760739331718 0.0068751086033165621 -0.058641246136472321 -0.60995017909236271
leaf_weight=1102 1075 150 297 138 40 258 49 103 47 45 70 137 276 52
leaf_count=1102 1075 150 297 138 40 258 49 103 47 45 70 137 276 52
internal_value=-0.000195313 -0.00142254 -0.000772727 0.00133255 0.00438679 0.00146341 -0.00497409 -0.00941176 0.0114516 -0.00174688 0.00646552 -0.00235332 -0.00585837 -0.00857143
internal_weight=3839 2129 1979 1710 635 450 192 152 185 1682 115 1567 465 328
internal_count=3839 2129 1979 1710 635 450 192 152 185 1682 115 1567 465 328
is_linear=0
shrinkage=0.03


Tree=487
num_leaves=15
num_cat=0
split_feature=31 30 82 65 82 77 79 64 26 14 42 14 71 37
split_gain=8.24251 8.68507 8.75776 13.6218 10.1759 9.92408 14.3406 11.3371 9.23258 8.37207 8.04152 7.60911 9.13647 8.29234
threshold=17.946428571428573 3.5500000000000003 120.11749581495921 1.1977208052448918 50.675014257431037 -183.1619641780853 9.444052045400932 5.1861497305889639 103.50000000000001 151.58102049564917 108.88339412212373 160.79954182373555 15.500000000000002 70.27826653044356
decision_type=10 10 8 10 10 10 10 8 2 8 8 10 10 10
left_child=11 -2 3 4 5 -3 -7 -8 -6 -4 -11 12 13 -1
right_child=1 2 9 -5 8 6 7 -9 -10 10 -12 -13 -14 -15
leaf_value=-0.2339035389776076 -0.091470105013129022 0.022498173268982482 -0.34296012477422477 -0.35143420630681138 0.93818699190852861 -0.38195857106602743 -0.48265302891862988 0.083425392705536575 0.011253533513296573 -0.099997482987549041 0.013830842407224679 0.011027659548885325 0.11079838313559923 -0.011469280040153009
leaf_weight=61 119 128 62 40 52 65 41 63 50 208 160 2353 48 362
leaf_count=61 119 128 62 40 52 65 41 63 50 208 160 2353 48 362
internal_value=0.000173092 -0.00218402 -0.00113793 0.00184091 0.003525 0.000704698 -0.00405882 0.00285714 0.0116505 -0.00417633 -0.00243902 0.00099823 -0.00247881 -0.00389151
internal_weight=3812 988 869 439 399 297 169 104 102 430 368 2824 471 423
internal_count=3812 988 869 439 399 297 169 104 102 430 368 2824 471 423
is_linear=0
shrinkage=0.03


Tree=488
num_leaves=15
num_cat=0
split_feature=30 66 27 69 7 29 80 69 82 84 79 16 85 31
split_gain=8.88614 9.14485 11.0367 13.1916 8.80234 8.94962 8.97057 7.79096 8.42289 10.9381 7.35483 10.4035 10.3638 10.329
threshold=6.2500000000000009 16.097652196884159 0.90995495495495515 356.97567554960852 2935.2457223407587 0.88401793578348953 -104.40827083587645 498.28611063937939 43.433822194735221 60.320513168970756 6.8419942159652711 13.500000000000002 -145.48938655853269 16.280769230769234
decision_type=8 10 10 8 10 10 10 10 10 10 8 2 8 10
left_child=7 -2 3 4 -3 6 -6 8 10 -10 -1 13 -13 -12
right_child=1 2 -4 -5 5 -7 -8 -9 9 -11 11 12 -14 -15
leaf_value=-0.048209635928585466 -0.010905482444354816 0.074745882213142281 0.037130633279814911 0.67262561219276473 -0.20099796469986206 -0.4292859581832667 0.13136597008794956 -0.065557050802934322 0.19440688429283456 0.0064052160968273595 0.3492324543515079 0.16324815812324184 -0.01688650347760717 -0.021552043218892435
leaf_weight=163 1609 63 383 48 40 115 59 96 300 247 160 68 430 73
leaf_count=163 1609 63 383 48 40 115 59 96 300 247 160 68 430 73
internal_value=0.000280156 -0.000893011 0.0019464 -0.00211656 -0.00464029 -0.00753488 -0.0009 0.00204811 0.00260055 0.0055292 0.000804469 0.00209016 -0.000360721 0.00730769
internal_weight=3854 2317 708 325 277 214 99 1537 1441 547 894 731 498 233
internal_count=3854 2317 708 325 277 214 99 1537 1441 547 894 731 498 233
is_linear=0
shrinkage=0.03


Tree=489
num_leaves=15
num_cat=0
split_feature=8 39 0 3 81 57 66 7 35 81 54 77 58 27
split_gain=9.8489 12.3124 12.5401 12.1279 10.5342 12.5225 10.3854 8.03053 10.6541 9.10128 8.10635 7.59575 13.2085 11.7299
threshold=4.1462990685532128 1150.3570647655529 -43.499999999999993 0.87500000000000011 8027.6036782264719 8.5000000000000018 -92.241711735725389 2964.3729480068855 22.292033457852856 26965.108477473263 930.00000000000011 -70.249142825603471 1524.7034965753558 0.95246784845324994
decision_type=10 10 2 2 8 8 10 10 10 10 10 10 8 10
left_child=3 -2 4 -1 6 -6 -3 8 9 -5 -10 12 -4 -13
right_child=1 2 11 7 5 -7 -8 -9 10 -11 -12 13 -14 -15
leaf_value=-0.39848952327701592 0.68544701746851899 0.21734669323337633 0.05175433974136584 -0.0037318070700931116 -0.53849269717894865 -0.11582850292287103 -0.018755827113457357 -0.095368165288761547 0.73356876936468118 -0.31038096058516129 -0.0071618050358922079 -0.019469642186192775 -0.11440002731954035 0.14748462968236506
leaf_weight=48 72 56 749 1823 47 72 52 168 74 43 41 423 52 72
leaf_count=48 72 56 749 1823 47 72 52 168 74 43 41 423 52 72
internal_value=0.000142368 0.00193609 0.00135827 -0.00116015 -0.00513158 -0.01125 0.00165138 -0.000823256 -0.000287588 -0.000835565 0.00853448 0.00249807 0.00430175 -0.000423387
internal_weight=3792 1595 1523 2197 227 119 108 2149 1981 1866 115 1296 801 495
internal_count=3792 1595 1523 2197 227 119 108 2149 1981 1866 115 1296 801 495
is_linear=0
shrinkage=0.03


Tree=490
num_leaves=15
num_cat=0
split_feature=66 53 78 23 82 17 74 79 80 79 23 70 25 25
split_gain=7.01851 7.44048 6.93052 13.7141 13.3973 12.7887 17.215 9.89913 10.0915 8.98127 11.2917 13.085 10.4012 10.2443
threshold=-301.5292574167251 6.5000000000000009 0.70833333333333337 8.8354868888854998 1.0000000180025095e-35 10.500000000000002 1080.4253714913805 18.687737280866497 -65.404178261756883 28.1884726499385 8.9433181285858172 0.57738095238095244 0.86425061425061445 0.89159811985898951
decision_type=8 10 10 10 10 2 10 8 8 8 8 8 10 10
left_child=1 -1 4 5 7 -4 -7 8 -2 -9 11 -11 -13 -14
right_child=2 -3 3 -5 -6 6 -8 9 -10 10 -12 12 13 -15
leaf_value=-0.95557341550505293 0.5401247114742368 0.0020798774181638238 -0.73542046168206143 0.04377713282014966 -0.11107367656058159 -0.0048257418377218265 1.0100127201030091 -0.18260080479706969 -0.0054757203312475865 -0.20329844660235588 -0.017921281719883452 0.22332931268817971 -0.63684485358833243 0.034795416283597135
leaf_weight=41 45 42 42 655 245 1575 40 89 42 44 421 83 53 412
leaf_count=41 45 42 42 655 245 1575 40 89 42 44 421 83 53 412
internal_value=-0.00035248 -0.00892857 -0.000160128 0.000856031 -0.00179791 -0.000597105 -0.000167079 -0.000478992 0.00920455 -0.00125113 -0.000443787 0.00222597 0.00349727 0.0017382
internal_weight=3829 83 3746 2312 1434 1657 1615 1189 87 1102 1013 592 548 465
internal_count=3829 83 3746 2312 1434 1657 1615 1189 87 1102 1013 592 548 465
is_linear=0
shrinkage=0.03


Tree=491
num_leaves=15
num_cat=0
split_feature=8 22 76 79 4 3 63 39 82 40 79 79 65 34
split_gain=7.86196 13.1759 6.94899 8.46071 6.39388 11.3231 10.7084 5.14195 9.23055 7.26226 9.90192 6.80019 9.20582 8.09713
threshold=7.8771177955558551 2.9433181285858159 146.78363847732547 11.692218224598408 9.5000000000000018 6.2916666666569663 -4.0717480244218107 3582.1060374382719 147.77504696448645 1330.7338663251874 48.659383239464489 10.056017578464619 0.93413120501802349 0.29198717948717956
decision_type=10 2 8 10 2 2 10 10 10 10 8 10 8 10
left_child=2 -2 3 -1 7 -6 -7 9 11 -4 -11 13 -13 -9
right_child=1 -3 4 -5 5 6 -8 8 -10 10 -12 12 -14 -15
leaf_value=-0.0011968320337111705 0.15496674899393989 -0.037817149397486885 0.0009078959743260384 -0.27332811184915312 -0.03028353341907946 0.81551465363648712 0.016338525685583888 -0.0042980478663855676 -0.65172705281326382 0.67999528574927459 3.3867477989060631e-05 0.27653669125037422 -0.0043148357964636827 -0.61502193232017699
leaf_weight=81 42 40 2649 55 82 76 65 235 62 56 70 69 207 69
leaf_count=81 42 40 2649 55 82 76 65 235 62 56 70 69 207 69
internal_value=0.000264317 0.00939759 6.35425e-05 -0.00656934 0.000313101 0.00522321 0.0103521 -8.77706e-06 -0.00242613 0.000551153 0.00755906 -0.00123924 0.00216606 -0.00432787
internal_weight=3858 82 3776 136 3640 223 141 3417 642 2775 126 580 276 304
internal_count=3858 82 3776 136 3640 223 141 3417 642 2775 126 580 276 304
is_linear=0
shrinkage=0.03


Tree=492
num_leaves=15
num_cat=0
split_feature=61 56 80 82 64 45 57 83 31 22 22 32 83 29
split_gain=6.8964 6.29973 6.56301 8.98856 6.1499 10.8824 9.78241 11.3223 8.14977 9.42766 8.12236 6.98354 13.1893 8.34707
threshold=0.86698296174362521 232.17153600851699 30.415309309959415 96.516979038715377 5.4641360568733051 6.5000000000000009 10.500000000000002 -68.921203851699815 17.40097402597403 3.8332028388977055 7.1185901165008554 0.09232954545454547 15.891394376754763 0.90460895851630962
decision_type=10 10 10 10 10 10 10 10 10 2 2 8 8 10
left_child=4 2 -2 -4 11 -6 7 -7 -8 -10 -9 12 -1 -14
right_child=1 -3 3 -5 5 6 8 10 9 -11 -12 -13 13 -15
leaf_value=0.078151525199604541 0.0027532057420143019 -0.43425097410956592 -0.25644365921695894 0.018866589716536736 -0.9819980431323081 -0.31040632490491149 -0.017059601385046266 -0.08425176173673847 0.42508055544523987 0.0058071846304949045 0.26522435681535511 0.0033238974289991939 -0.0071060272064526935 0.2105735057478737
leaf_weight=126 211 43 71 53 40 105 46 63 41 48 43 2703 171 96
leaf_count=126 211 43 71 53 40 105 46 63 41 48 43 2703 171 96
internal_value=0.00020202 -0.00364116 -0.00223214 -0.00768 0.000620155 -0.00294574 -0.00121037 -0.00523585 0.00507353 0.0103333 0.00168224 0.00106555 0.00479695 0.00100746
internal_weight=3860 378 335 124 3482 386 346 211 135 89 106 3096 393 267
internal_count=3860 378 335 124 3482 386 346 211 135 89 106 3096 393 267
is_linear=0
shrinkage=0.03


Tree=493
num_leaves=15
num_cat=0
split_feature=61 20 20 15 24 0 4 29 20 56 25 61 7 79
split_gain=6.09038 10.2311 7.50813 6.82727 11.0688 10.7085 10.7274 8.0294 12.917 11.2488 10.7398 8.1575 8.52706 8.13315
threshold=0.86698296174362521 507.41329634189611 87.413296341896071 8.5000000000000018 71.500000000000014 389.50000000000006 5.5000000000000009 0.92669540229885061 674.27329885959637 165.32973710695904 0.91331186258722497 0.51501846239374782 3111.8267190061965 6.563873494850025
decision_type=10 10 8 2 2 2 2 10 10 10 8 8 10 10
left_child=2 -2 -1 4 7 6 -5 10 9 -9 11 -4 -13 -12
right_child=1 -3 3 5 -6 -7 -8 8 -10 -11 13 12 -14 -15
leaf_value=-0.23722191194316822 -0.0068442198101293173 -0.28239722578533766 0.046160151038437257 -0.17231390481299549 0.81480623063293534 1.4659239706726799 -0.00348748938466203 -0.010933748209569102 -0.2776092268543221 0.32017698820964768 0.0033841653058057372 -0.05657647076938168 0.02211002432926527 0.3347772412096614
leaf_weight=89 311 69 138 56 43 40 2074 247 108 73 97 204 41 233
leaf_count=89 311 69 138 56 43 40 2074 247 108 73 97 204 41 233
internal_value=-0.000180439 -0.00377953 0.00021777 0.000447094 0.00227848 -0.000552741 -0.000844674 0.00170753 -0.00153846 0.00149533 0.00365546 0.000234375 -0.00304878 0.00761329
internal_weight=3823 380 3443 3354 1184 2170 2130 1141 428 320 713 383 245 330
internal_count=3823 380 3443 3354 1184 2170 2130 1141 428 320 713 383 245 330
is_linear=0
shrinkage=0.03


Tree=494
num_leaves=15
num_cat=0
split_feature=66 41 42 33 33 59 43 68 41 50 67 0 59 79
split_gain=7.44163 9.50235 13.9615 9.828 10.1506 10.2379 9.69488 13.3797 10.3918 7.92871 7.98903 11.3347 10.4479 7.76066
threshold=-301.5292574167251 -84.49016416072844 -61.6236023902893 0.35192307692307695 4.1072796934865909 86.67701900005342 718.44631048088524 0.019299193235283337 -72.576890349388108 1989.9766005277636 -52.867880000705611 -41.499999999999993 87.413296341896071 11.12752555072244
decision_type=8 8 8 10 10 10 10 10 10 10 8 2 10 10
left_child=-1 3 6 -2 -5 -6 7 8 -3 10 12 -12 -4 -7
right_child=1 2 9 4 5 13 -8 -9 -10 -11 11 -13 -14 -15
leaf_value=-0.12603012412458325 0.2403916841072426 0.33474974691481396 -0.087918889980344944 -0.33658522605734359 0.38524605824177677 0.16118088862002153 -0.9975927459380638 -0.70288099241727575 -0.15786035487750708 -0.09388407291646314 -0.19093707258497275 0.0085931264043961168 0.058857833264272429 -0.025951425954433172
leaf_weight=99 56 48 125 49 62 198 40 45 124 173 93 2549 50 128
leaf_count=99 56 48 125 49 62 198 40 45 124 173 93 2549 50 128
internal_value=-2.34375e-05 0.000192462 -0.000397167 0.00406883 0.00253425 0.00416452 -0.00709302 -0.00454128 -0.000693642 0.000180542 0.00056423 0.000976163 -0.005625 0.00201835
internal_weight=3839 3740 3247 493 437 388 257 217 172 2990 2817 2642 175 326
internal_count=3839 3740 3247 493 437 388 257 217 172 2990 2817 2642 175 326
is_linear=0
shrinkage=0.03


Tree=495
num_leaves=15
num_cat=0
split_feature=56 3 77 3 64 7 81 82 29 68 51 65 68 39
split_gain=5.61663 5.47974 13.2022 13.6034 8.47393 7.61585 11.5213 7.31701 12.1889 16.368 10.6486 11.553 4.95319 8.21885
threshold=391.33371102809912 21.041666666656969 34.022626459598548 23.041666666656969 6.2325478309380182 3594.3783239747522 8405.8995032310504 154.04027648766836 0.93960780598711646 0.089347902290383169 -33.322980999946587 0.98741634214007745 -0.24230478184290152 2647.8386175246928
decision_type=10 2 8 2 8 10 10 10 10 10 10 10 8 10
left_child=1 7 3 5 -4 6 -3 12 9 10 -9 -12 13 -1
right_child=-2 2 4 -5 -6 -7 -8 8 -10 -11 11 -13 -14 -15
leaf_value=0.41504564706874086 -0.064185441184332365 1.4522183564539017 -0.56983210690126918 -0.062384638853828174 0.096850308995963696 1.5349292645155492 -0.01668633940429343 -0.18228763126367348 -0.57422431873475754 -0.41903269966439616 1.3672776485597089 -0.015192583487240528 -0.00012799064358119948 -0.016630624391020695
leaf_weight=78 65 69 42 79 64 41 55 46 74 48 52 46 2995 63
leaf_count=78 65 69 42 79 64 41 55 46 74 48 52 46 2995 63
internal_value=3.92876e-05 0.000191847 0.00376068 0.00759184 -0.00504673 0.0124699 0.00864 -0.000176315 -0.00494382 -0.000932642 0.00413793 0.00969697 0.000229519 0.00570423
internal_weight=3817 3752 350 244 106 165 124 3402 266 192 144 98 3136 141
internal_count=3817 3752 350 244 106 165 124 3402 266 192 144 98 3136 141
is_linear=0
shrinkage=0.03


Tree=496
num_leaves=15
num_cat=0
split_feature=14 14 73 83 34 32 67 73 72 1 73 67 25 14
split_gain=8.29437 11.8468 11.5632 10.5303 12.8576 10.5119 10.0344 9.77194 9.55058 9.47149 11.9334 11.8232 12.3783 15.3176
threshold=360.21335510520356 335.55369038474913 -10.377029776573179 87.747775077819838 0.24626532887402455 0.12973352033660593 50.97832213117362 21.077634692192081 -85.211668610572801 743.82469952106487 -13.635062217712401 393.57008914947511 0.91445993031358896 1074.3405011198795
decision_type=10 8 8 8 8 8 8 8 10 2 8 10 8 10
left_child=1 2 -1 5 -5 -4 -3 -7 -9 10 -2 12 13 -12
right_child=9 6 3 4 -6 7 -8 8 -10 -11 11 -13 -14 -15
leaf_value=0.18460827649904085 -0.058883093391782465 -0.34732521142861583 0.23065849358881849 -0.10429938859912884 -0.0036948717165518358 0.11250514595177573 -0.018815318930323083 -0.007658415174714976 -0.1627150931578033 -0.096588778117348728 0.013102812058447455 -0.20992515075027313 0.074304617037615373 -0.10468007950362888
leaf_weight=157 122 76 155 268 471 130 166 458 43 144 761 123 691 59
leaf_count=157 122 76 155 268 471 130 166 458 43 144 761 123 691 59
internal_value=0.000172549 -0.00121558 -0.000320856 -0.00112058 -0.00368919 0.00129606 -0.00740741 -0.000427215 -0.00233068 0.00157812 0.00218554 0.00286239 0.00359127 0.00109622
internal_weight=3824 1924 1682 1525 739 786 242 631 501 1900 1756 1634 1511 820
internal_count=3824 1924 1682 1525 739 786 242 631 501 1900 1756 1634 1511 820
is_linear=0
shrinkage=0.03


Tree=497
num_leaves=15
num_cat=0
split_feature=48 0 73 82 84 83 23 76 68 23 34 62 52 74
split_gain=6.24574 5.90894 5.83206 11.3056 5.12097 8.40373 7.92294 6.205 5.05859 14.3487 11.8445 11.1354 9.90152 9.18121
threshold=430.29954373836523 409.00000000000006 -22.157210826873776 -2.6643025080362954 -199.34875261783597 -175.32100319862363 4.1303247213363656 378.73974621295935 0.14418482396085047 11.005483508110048 0.2215007215007215 0.10614227538147987 37.274868249893196 163.98126253366712
decision_type=10 2 8 8 8 8 10 8 10 10 10 10 10 8
left_child=1 2 3 -1 7 6 -6 -4 11 10 -10 13 -13 -7
right_child=-2 -3 4 -5 5 8 -8 -9 9 -11 -12 12 -14 -15
leaf_value=0.26000268275954269 -0.24118068712268637 1.0324545622940422 0.39388398087053328 0.0065944920907078418 -0.47193165462430214 0.045554566375847774 -0.0025607925835191736 0.0071579026818610501 0.27855293071345227 -0.15073741969182092 0.019615269653740341 -0.60306602606974902 -0.009225102652023337 -0.0021838487986998788
leaf_weight=56 51 43 55 125 45 326 72 146 121 97 245 50 108 2276
leaf_count=56 51 43 55 125 45 326 72 146 121 97 245 50 108 2276
internal_value=0.000518732 0.000661179 0.000531829 0.00576923 0.000262564 -1.79587e-05 -0.00788136 0.00490099 0.000269851 0.0031681 0.00588556 -0.000217313 -0.00792453 0.000253554
internal_weight=3816 3765 3722 181 3541 3340 117 201 3223 463 366 2760 158 2602
internal_count=3816 3765 3722 181 3541 3340 117 201 3223 463 366 2760 158 2602
is_linear=0
shrinkage=0.03


Tree=498
num_leaves=15
num_cat=0
split_feature=79 6 27 29 59 77 7 27 28 3 77 48 65 77
split_gain=6.52792 9.2337 6.08533 11.0875 12.5149 9.95615 8.92275 8.1749 8.10915 9.12366 16.5661 13.0676 11.618 11.2769
threshold=75.100698281818779 810.00000000000011 0.96828988005458605 0.97683363148479441 663.43138170242321 -151.74329483509061 5790.6643919126518 0.96623785485534397 164.50000000000003 14.375000000000002 15.967813551425936 -18.215997656186421 0.93677414044421492 -40.959725677967064
decision_type=10 10 10 10 8 10 8 8 2 2 8 8 8 8
left_child=2 -2 6 -4 5 -5 7 8 9 10 12 -12 -1 -11
right_child=1 -3 3 4 -6 -7 -8 -9 -10 13 11 -13 -14 -15
leaf_value=0.097065428647156435 -0.0026541688133804144 -0.2676103222604253 -0.049146266338030972 0.41783645912721135 -0.3697700534153876 -0.0013218922126710718 0.27858471794169137 0.247925007021053 -0.0067335166266673241 0.15145681965823116 0.2219637587554138 0.0046229944984906785 -0.21348471097471644 -0.097401050897057778
leaf_weight=43 164 82 211 72 61 100 58 41 2162 343 54 172 219 64
leaf_count=43 164 82 211 72 61 100 58 41 2162 343 54 172 219 64
internal_value=-0.000140369 -0.0048583 0.000183282 -0.00310112 0.00141026 0.00554913 0.000646183 0.000425944 0.000245258 0.00264509 -0.000122699 0.00581498 -0.00524715 0.00595588
internal_weight=3846 246 3600 444 233 172 3156 3098 3057 895 488 226 262 407
internal_count=3846 246 3600 444 233 172 3156 3098 3057 895 488 226 262 407
is_linear=0
shrinkage=0.03


Tree=499
num_leaves=15
num_cat=0
split_feature=77 15 14 37 25 14 62 62 76 32 72 13 35 36
split_gain=5.88921 7.49763 6.82743 8.39729 11.9758 7.70193 6.18849 5.85594 5.4039 5.17712 4.98125 5.28193 9.55599 10.5079
threshold=107.6919767856598 23.500000000000004 803.86820059012734 1225.9142854217737 0.92564953012714224 1053.0138490644842 -0.18106303692705703 -0.36020306481264014 206.48407852649692 0.13574938574938578 65.779366493225112 90.000000000000014 0.161830131445905 0.83469945355191266
decision_type=10 2 10 8 10 10 10 8 10 8 10 10 8 10
left_child=2 8 7 4 -4 9 -7 -1 -2 -5 11 12 -9 -14
right_child=1 -3 3 5 -6 6 -8 10 -10 -11 -12 -13 13 -15
leaf_value=-0.11748434754642686 -0.21346306697163256 0.057394768138899079 -0.73342303897809225 0.038067204435525449 0.20062481585939343 -0.026532340976696614 0.056347351300443264 0.30069578647167955 0.000196757409596926 1.176901159653255 -0.073509046194441721 -0.0019803194511067088 0.013924315362636363 -0.41074076140776306
leaf_weight=46 86 62 40 40 48 46 79 86 42 43 105 1819 1164 69
leaf_count=46 86 62 40 40 48 46 79 86 42 43 105 1819 1164 69
internal_value=0.000421081 -0.00471204 0.000694367 0.00505051 -0.00269663 0.00832536 0.00357143 0.000300912 -0.00883721 0.0153571 0.000453144 0.000669003 0.00211364 0.00143436
internal_weight=3775 190 3585 296 88 208 125 3289 128 83 3243 3138 1319 1233
internal_count=3775 190 3585 296 88 208 125 3289 128 83 3243 3138 1319 1233
is_linear=0
shrinkage=0.03


end of trees

feature_importances:
hour=340
hist_tripstart_delay=273
hist_tgt_age=257
cur_dev_s=249
n_pkt_30m=222
hist_tgt_delay_mean3=196
hist_tgt_delay=195
valid_share_30m=185
valid_share_15m=149
hist_gain=143
tgt_to_trip_end=142
dist_to_tgt=139
plan_rate_extrap=134
det_plus_hist_gain=133
detw_delay=130
plan_path_speed=126
trip_len=121
hist_tgt_dmin=120
plan_path_m=117
det_delay=111
detw_slope=111
pos_delay=108
det_plan_rate=108
det_speed_route=105
dist_to_last_plan=100
speed_mean_2m=99
speed_mean_10m=99
n_stops_plan=96
tgt_dist_prev=96
detw_delay_mean3=96
hist_gain_mean=95
lead_s=93
stop_share_5m=93
phys_delay=92
stop_share_10m=85
det_delay_mean3=85
det_slope=83
n_pkt_15m=81
detw_stops_to_tgt=79
dist_to_next_plan=75
valid_share_5m=74
det_rate_recent=74
layover_slack_s=71
det_stops_to_tgt=70
tgt_pos_in_trip=67
moved_10m=67
detw_extrap=67
det_extrap=66
n_plan_recent=65
speed_mean_5m=63
moved_5m=63
dist_to_layover_stop=63
pos_u=61
det_at_last_plan=50
cur_minus_det_last=48
speed_last=44
stop_share_2m=43
age_last_valid=42
n_pkt_5m=42
detw_age=41
age_last_pkt=40
layover_end_minus_T=35
plan_path_s=33
max_gap_path=30
detw_n15m=29
detw_lb=29
since_last_plan=27
det_n15m=26
detw_next_plan_minus_T=26
det_age=25
det_lb=23
hist_tgt_det_share=23
at_terminal_s=22
tgt_gap_prev=18
det_next_plan_minus_T=16
layover_path_s=14
detw_plan_to_tgt=12
det_plan_to_tgt=11
tgt_after_layover_s=7
cur_dev_is0=6
n_trip_starts_path=3
detw_same_trip=2
tgt_is_trip_start=1

parameters:
[boosting: gbdt]
[objective: regression_l1]
[metric: l1]
[tree_learner: serial]
[device_type: cpu]
[data_sample_strategy: bagging]
[data: ]
[valid: ]
[num_iterations: 500]
[learning_rate: 0.03]
[num_leaves: 15]
[num_threads: 8]
[seed: 3]
[deterministic: 0]
[force_col_wise: 0]
[force_row_wise: 0]
[histogram_pool_size: -1]
[max_depth: -1]
[min_data_in_leaf: 40]
[min_sum_hessian_in_leaf: 0.001]
[bagging_fraction: 0.8]
[pos_bagging_fraction: 1]
[neg_bagging_fraction: 1]
[bagging_freq: 1]
[bagging_seed: 7196]
[bagging_by_query: 0]
[feature_fraction: 0.7]
[feature_fraction_bynode: 1]
[feature_fraction_seed: 9091]
[extra_trees: 0]
[extra_seed: 23577]
[early_stopping_round: 0]
[early_stopping_min_delta: 0]
[first_metric_only: 0]
[max_delta_step: 0]
[lambda_l1: 0]
[lambda_l2: 1]
[linear_lambda: 0]
[min_gain_to_split: 0]
[drop_rate: 0.1]
[max_drop: 50]
[skip_drop: 0.5]
[xgboost_dart_mode: 0]
[uniform_drop: 0]
[drop_seed: 9294]
[top_rate: 0.2]
[other_rate: 0.1]
[min_data_per_group: 100]
[max_cat_threshold: 32]
[cat_l2: 10]
[cat_smooth: 10]
[max_cat_to_onehot: 4]
[top_k: 20]
[monotone_constraints: ]
[monotone_constraints_method: basic]
[monotone_penalty: 0]
[feature_contri: ]
[forcedsplits_filename: ]
[refit_decay_rate: 0.9]
[cegb_tradeoff: 1]
[cegb_penalty_split: 0]
[cegb_penalty_feature_lazy: ]
[cegb_penalty_feature_coupled: ]
[path_smooth: 0]
[interaction_constraints: ]
[verbosity: -1]
[saved_feature_importance_type: 0]
[use_quantized_grad: 0]
[num_grad_quant_bins: 4]
[quant_train_renew_leaf: 0]
[stochastic_rounding: 1]
[linear_tree: 0]
[max_bin: 255]
[max_bin_by_feature: ]
[min_data_in_bin: 3]
[bin_construct_sample_cnt: 200000]
[data_random_seed: 48]
[is_enable_sparse: 1]
[enable_bundle: 1]
[use_missing: 1]
[zero_as_missing: 0]
[feature_pre_filter: 1]
[pre_partition: 0]
[two_round: 0]
[header: 0]
[label_column: ]
[weight_column: ]
[group_column: ]
[ignore_column: ]
[categorical_feature: ]
[forcedbins_filename: ]
[precise_float_parser: 0]
[parser_config_file: ]
[objective_seed: 7031]
[num_class: 1]
[is_unbalance: 0]
[scale_pos_weight: 1]
[sigmoid: 1]
[boost_from_average: 1]
[reg_sqrt: 0]
[alpha: 0.9]
[fair_c: 1]
[poisson_max_delta_step: 0.7]
[tweedie_variance_power: 1.5]
[lambdarank_truncation_level: 30]
[lambdarank_norm: 1]
[label_gain: ]
[lambdarank_position_bias_regularization: 0]
[eval_at: ]
[multi_error_top_k: 1]
[auc_mu_weights: ]
[num_machines: 1]
[local_listen_port: 12400]
[time_out: 120]
[machine_list_filename: ]
[machines: ]
[gpu_platform_id: -1]
[gpu_device_id: -1]
[gpu_device_id_list: ]
[gpu_use_dp: 0]
[num_gpu: 1]

end of parameters

pandas_categorical:[]
