tree
version=v4
num_class=1
num_tree_per_iteration=1
label_index=0
max_feature_idx=85
objective=regression_l1
feature_names=cur_dev_s lead_s cur_dev_is0 hour n_stops_plan since_last_plan plan_path_s plan_path_m plan_path_speed max_gap_path n_trip_starts_path layover_path_s tgt_is_trip_start tgt_gap_prev tgt_dist_prev tgt_pos_in_trip tgt_to_trip_end trip_len last_is_trip_end tgt_after_layover_s layover_end_minus_T has_telemetry age_last_pkt age_last_valid n_pkt_5m valid_share_5m n_pkt_15m valid_share_15m n_pkt_30m valid_share_30m speed_last speed_mean_2m stop_share_2m speed_mean_5m stop_share_5m speed_mean_10m stop_share_10m moved_5m moved_10m dist_to_tgt dist_to_next_plan det_delay detw_delay dist_to_last_plan det_age det_stops_to_tgt det_plan_to_tgt det_same_trip det_delay_mean3 det_n15m det_lb det_next_plan_minus_T detw_age detw_stops_to_tgt detw_plan_to_tgt detw_same_trip detw_delay_mean3 detw_n15m detw_lb detw_next_plan_minus_T pos_delay pos_u det_slope det_extrap det_speed_route det_plan_rate phys_delay plan_rate_extrap detw_slope detw_extrap det_rate_recent n_plan_recent det_at_last_plan cur_minus_det_last dist_to_layover_stop at_terminal_s layover_slack_s hist_tripstart_delay hist_tgt_det_share hist_tgt_dmin hist_tgt_delay hist_tgt_age hist_tgt_delay_mean3 hist_gain hist_gain_mean det_plus_hist_gain
feature_infos=[-404:661] [603.09427642822266:900] [0:1] [0:23.916666666686069] [1:14] [0:14892.05751824379] [660:15540] [0:12827.943764811294] [0:10.803044886087546] [0:14940] [0:2] [0:14940] [0:1] [0:14940] [0:9831.9945560320557] [0:71] [0:70] [1:72] [0:1] [0:780] [4.8826858997344971:900] none [0:1949.1842980384827] [0:11451] [0:107] [0:1] [0:291] [0:1] [0:550] [0:1] [0:121] [0:117.2] [0:1] [0:110.14999999999999] [0:1] [0:101.8] [0:1] [0:35802.811543782569] [0:51722.121883766056] [3.3583940281732638:33148.477351940295] [0.60254003257475619:34656.366069555101] [-300:799.38736510276794] [-300:671.981440782547] [0.60254003257475619:34670.831137284273] [0.12392640113830566:15326.934791564941] [1:49] [360:16080] [0:1] [-287.7758509318034:632.42421825726831] [0:15] [0:15192.05751824379] [-15192.05751824379:900] [0.4447624683380127:15047.163184165955] [1:49] [360:15720] [0:1] [-294.66666666666669:600.06247250239051] [0:15] [0:14892.05751824379] [-14892.05751824379:900] [-337.63885021209717:11803.174602270126] [0:1] [-0.97196972299573325:2.2040685286124546] [-732.22170826366983:900] [0.4406616482338348:13.09750292924962] [0.13973357400680286:1.8669609362695787] [-560.88408207893372:1500] [-535.96999738090915:1500] [-0.94803408100491515:2.8931824797675731] [-748.9516192664089:900] [0:1] [1:24] [-300:799.38736510276794] [-799.38736510276794:783.48914670944214] [0.60254003257475619:34656.366069555101] [0:14262.05751824379] [-297.29506731033325:14913.388998508453] [-299:308.65542531013489] [0:1] [0.16551709419740437:17658.273421561607] [-300:799.38736510276794] [1054.9078302383423:71620.322207450867] [-295:799.38736510276794] [-782.74478268623352:774.56811666488647] [-651.39952778816223:774.56811666488647] [-620.86606168746948:1195.8801209926605]
tree_sizes=1355 1414 1401 1423 1424 1435 1428 1430 1437 1430 1434 1425 1443 1438 1438 1450 1442 1442 1439 1435 1449 1455 1432 1443 1441 1451 1436 1444 1438 1432 1446 1441 1448 1447 1441 1449 1437 1431 1451 1443 1453 1437 1443 1442 1445 1445 1451 1455 1454 1456 1452 1434 1438 1462 1454 1441 1453 1454 1459 1448 1445 1457 1455 1436 1449 1436 1447 1440 1435 1460 1443 1443 1442 1438 1457 1443 1439 1453 1434 1452 1443 1453 1449 1456 1444 1438 1450 1441 1445 1447 1427 1442 1429 1435 1434 1449 1450 1444 1444 1464 1454 1441 1448 1433 1464 1440 1418 1446 1450 1444 1459 1442 1450 1452 1464 1444 1458 1447 1455 1454 1454 1446 1450 1433 1458 1449 1445 1460 1455 1456 1453 1467 1453 1463 1440 1457 1441 1437 1454 1443 1456 1458 1440 1431 1445 1440 1451 1433 1452 1449 1452 1439 1452 1437 1436 1448 1453 1461 1462 1438 1456 1446 1448 1443 1454 1458 1457 1459 1454 1449 1440 1443 1452 1427 1451 1456 1435 1455 1466 1465 1462 1432 1444 1441 1459 1446 1449 1458 1453 1466 1459 1446 1458 1448 1464 1459 1459 1447 1451 1451 1463 1455 1442 1444 1457 1430 1436 1457 1465 1452 1470 1468 1460 1455 1447 1448 1440 1438 1455 1457 1445 1457 1459 1452 1460 1460 1451 1457 1460 1441 1464 1464 1447 1441 1439 1454 1461 1443 1456 1453 1432 1451 1458 1447 1454 1454 1455 1442 1461 1462 1457 1461 1464 1446 1445 1453 1451 1432 1461 1472 1455 1461 1459 1450 1437 1452 1444 1473 1464 1444 1461 1460 1450 1457 1444 1452 1446 1440 1461 1468 1459 1446 1432 1438 1438 1446 1450 1466 1456 1460 1444 1459 1440 1448 1455 1443 1458 1433 1459 1464 1452 1458 1443 1448 1447 1457 1456 1461 1455 1453 1455 1462 1452 1466 1463 1465 1454 1454 1455 1464 1442 1445 1445 1463 1446 1446 1449 1449 1455 1450 1466 1451 1435 1453 1460 1433 1447 1452 1443 1456 1426 1471 1456 1446 1448 1448 1431 1455 1455 1425 1454 1450 1438 1450 1448 1467 1447 1439 1454 1431 1445 1445 1446 1452 1440 1472 1459 1456 1440 1441 1456 1439 1468 1453 1443 1455 1458 1448 1456 1446 1455 1461 1464 1458 1447 1441 1454 1449 1442 1443 1453 1429 1450 1451 1448 1455 1474 1431 1451 1436 1467 1451 1441 1459 1441 1450 1446 1452 1454 1443 1448 1452 1450 1460 1456 1444 1457 1428 1456 1442 1456 1467 1443 1441 1455 1467 1453 1457 1447 1467 1453 1448 1438 1455 1452 1445 1456 1460 1440 1437 1456 1460 1444 1456 1462 1449 1436 1460 1442 1446 1425 1444 1445 1461 1455 1455 1451 1453 1457 1449 1446 1471 1437 1465 1460 1465 1458 1449 1449 1448 1452 1438 1439 1437 1469 1458 1458 1445 1466 1450 1461 1458 1440 1454 1464 1432 1454 1455 1452 1439 1445 1452 1426 1476 1443 1428 1454 1471 1450 1450

Tree=0
num_leaves=15
num_cat=0
split_feature=85 29 80 29 67 66 45 85 28 31 60 3 17 45
split_gain=438.33 194.521 131.516 111.561 59.5765 49.9591 49.2357 41.3975 39.2887 36.5743 28.2251 28.1846 27.7766 26.3662
threshold=17.156591018040981 0.90345893141945788 53.490998029708869 0.86599660814046298 197.85332337220521 -6.0460822582244864 7.5000000000000009 111.17522950967155 249.50000000000003 6.0787878787878791 13.054874539375307 5.8750000000000009 37.500000000000007 8.5000000000000018
decision_type=10 10 8 10 10 8 10 10 2 8 10 2 2 8
left_child=1 4 6 -2 9 -4 -3 -5 -8 12 -11 -7 -1 -13
right_child=3 2 5 7 -6 11 8 -9 -10 10 -12 13 -14 -15
leaf_value=26.170000000000002 24.550000000000001 23.574999999999999 24.129999999999999 26.140000000000001 27.91 24.460000000000001 24.175000000000001 28.164999999999999 26.530000000000001 23.739999999999998 24.295000000000002 25.719999999999999 22.945 27.789999999999999
leaf_weight=61 191 286 138 487 73 77 184 640 73 825 232 244 62 273
leaf_count=61 191 286 138 487 73 77 184 640 73 825 232 244 62 273
internal_value=24.9996 24.9923 25.0006 25.0137 24.9839 25.0089 24.9894 25.0173 24.999 24.9823 24.9805 25.0127 24.9978 25.0152
internal_weight=3846 2528 1275 1318 1253 732 543 1127 257 1180 1057 594 123 517
internal_count=3846 2528 1275 1318 1253 732 543 1127 257 1180 1057 594 123 517
is_linear=0
shrinkage=1


Tree=1
num_leaves=15
num_cat=0
split_feature=0 29 45 74 85 80 32 29 39 0 24 17 84 85
split_gain=563.142 164.947 149.176 90.0197 76.8463 54.2874 43.6375 40.5454 39.5163 33.3099 26.2889 24.5715 22.5715 22.2383
threshold=27.500000000000004 0.90670953912111474 7.5000000000000009 1620.4224805519323 73.832158744335189 -34.518487572669976 0.65686274509803932 0.94961005985127878 1906.7528096026003 155.50000000000003 38.500000000000007 37.500000000000007 27.087720115979518 -6.7217433055241882
decision_type=2 10 10 10 10 8 10 10 10 2 2 2 10 8
left_child=1 6 4 9 7 -3 -1 -2 12 13 -5 -8 -7 -4
right_child=2 5 3 10 -6 8 11 -9 -10 -11 -12 -13 -14 -15
leaf_value=-1.0721999999999998 -0.9172499999999999 -1.7141999999999999 0.36127500000000001 -0.77295000000000003 1.60005 0.17610000000000003 1.4648999999999999 1.9583999999999999 -0.64380000000000004 5.9687249999999992 1.9750500000000002 -1.88835 1.3150500000000001 1.5963000000000001
leaf_weight=1044 326 151 124 62 140 263 51 67 233 490 41 41 159 679
leaf_count=1044 326 151 124 62 140 263 51 67 233 490 41 41 159 679
internal_value=-0.000395145 -0.0117962 0.0110829 0.0162348 -0.00241573 -0.00141264 -0.0191557 -0.0092132 0.00233232 0.0183849 -0.0106731 0.000645161 0.00780142 0.0145896
internal_weight=3871 1942 1929 1396 533 806 1136 393 655 1293 103 92 422 803
internal_count=3871 1942 1929 1396 533 806 1136 393 655 1293 103 92 422 803
is_linear=0
shrinkage=0.03


Tree=2
num_leaves=15
num_cat=0
split_feature=0 76 34 85 11 85 28 82 35 4 80 66 85 43
split_gain=561.804 135.333 134.105 70.8647 67.8274 54.9239 49.2933 43.2499 38.2511 31.812 31.7348 26.6606 26.1615 21.099
threshold=26.500000000000004 905.62087380886089 0.39339826839826847 13.517310698827108 330.00000000000006 -8.1164813041686994 232.50000000000003 13.549442390600843 28.853018259935556 7.5000000000000009 67.693006038665786 204.20216298103335 137.42886225382492 381.30323397447916
decision_type=2 8 10 8 2 10 2 8 8 2 10 8 10 10
left_child=2 4 5 11 6 13 -2 -4 12 -7 -6 -3 -5 -1
right_child=1 3 7 8 10 9 -8 -9 -10 -11 -12 -13 -14 -15
leaf_value=-1.228359 -0.70349699999999993 -0.87051037499999995 -0.81849150000000004 1.87663275 -0.71821162500000002 -0.75203399999999998 2.9770485 0.69311699999999998 -0.35323574999999996 0.13844099999999998 1.8554617499999999 1.578411 4.0159882499999995 -1.2200339999999998
leaf_weight=468 56 132 112 746 270 133 105 326 48 200 45 107 409 652
leaf_count=468 56 132 112 746 270 133 105 326 48 200 45 107 409 652
internal_value=-0.000212598 0.0112246 -0.0118129 0.0158004 -0.00264151 -0.0161967 0.0131481 0.00273349 0.0187625 -0.00547904 -0.0107278 0.000875 0.0198529 -0.0193756
internal_weight=3809 1918 1891 1442 476 1453 161 438 1203 333 315 239 1155 1120
internal_count=3809 1918 1891 1442 476 1453 161 438 1203 333 315 239 1155 1120
is_linear=0
shrinkage=0.03


Tree=3
num_leaves=15
num_cat=0
split_feature=0 29 85 74 25 43 84 3 63 82 66 29 60 38
split_gain=516.03 155.143 138.631 111.276 54.4452 39.8869 39.0189 40.4865 37.1958 28.8143 26.6496 25.4983 24.418 23.6152
threshold=26.500000000000004 0.91191304565478581 10.45848514636358 280.63688410749893 0.90443574690150041 79.177282605265972 33.77324171861013 6.0416666666569663 -113.33200824133895 44.427120010058097 -277.27556729316706 0.86179029034912435 -72.315112233161912 4447.0744198865459
decision_type=2 10 8 10 10 8 8 2 10 10 10 10 8 8
left_child=1 5 8 11 -5 9 10 -8 -2 -1 -3 13 -9 -4
right_child=2 6 3 4 -6 -7 7 12 -10 -11 -12 -13 -14 -15
leaf_value=-1.08233223 2.0029151700000001 -0.11524611749999994 2.1739586024999999 -0.67978615125000008 1.4698945987500001 -1.0034329799999999 -0.63987651000000012 -1.01860398 -1.0183766700000001 1.1819946299999999 -1.7080981049999999 2.4221120174999999 0.93815499000000002 -0.54638798249999987
leaf_weight=145 81 136 49 134 140 1041 79 40 294 56 102 1177 351 45
leaf_count=145 81 136 49 134 140 1041 79 40 294 56 102 1177 351 45
internal_value=-0.000511496 -0.0113788 0.0105258 0.0144955 -0.00283636 -0.0177635 -0.000169252 0.00484076 -0.00582447 -0.00549505 -0.0100418 0.0182311 0.00880102 0.00315789
internal_weight=3870 1950 1920 1545 274 1242 708 470 375 201 238 1271 391 94
internal_count=3870 1950 1920 1545 274 1242 708 470 375 201 238 1271 391 94
is_linear=0
shrinkage=0.03


Tree=4
num_leaves=15
num_cat=0
split_feature=0 11 34 37 0 85 27 80 39 82 85 43 8 3
split_gain=485.144 140.168 120.501 72.5788 68.7665 46.6287 43.5725 42.6493 34.4936 32.723 30.8028 30.5494 27.3213 26.1826
threshold=26.500000000000004 330.00000000000006 0.36425061425061428 499.55394343869449 155.50000000000003 -12.40676701068878 0.89119672836848907 -3.9866006374359126 2329.3634880649306 67.015349348386152 -5.3031510710716239 102.63776676970654 4.490815234824864 5.8750000000000009
decision_type=2 2 10 8 2 10 10 8 10 10 8 10 10 2
left_child=2 4 5 -3 6 11 12 -4 -7 -5 -8 -1 -2 -9
right_child=1 3 7 9 -6 8 10 13 -10 -11 -12 -13 -14 -15
leaf_value=-0.61189675184999992 -0.82693127864999993 1.1664784476000001 -0.8353762656 -0.76857156671249993 4.7703759069750005 0.04245818984999996 -0.10807163865000002 -0.74068021470000001 -0.67838424060000002 1.651320786975 1.5820131341624999 -1.2733299906 1.0012486569749999 0.78329965109999999
leaf_weight=172 146 178 117 234 509 226 107 57 123 41 586 895 100 319
leaf_count=172 146 178 117 234 509 226 107 57 123 41 586 895 100 319
internal_value=-0.000330622 0.0103943 -0.0110105 -0.004163 0.0149482 -0.0154552 0.010117 0.00176113 -0.00591429 -0.0138043 0.0139625 -0.0185674 -0.000728745 0.00668435
internal_weight=3810 1901 1909 453 1448 1416 939 493 349 275 693 1067 246 376
internal_count=3810 1901 1909 453 1448 1416 939 493 349 275 693 1067 246 376
is_linear=0
shrinkage=0.03


Tree=5
num_leaves=15
num_cat=0
split_feature=85 27 84 27 67 85 3 67 82 27 35 53 83 23
split_gain=344.379 151.989 113.128 80.6754 75.73 46.7915 40.3973 35.9589 35.5922 27.7627 24.3156 23.9204 22.1761 21.5898
threshold=-2.4213190674781795 0.89922011970255744 123.01136714220048 0.8556128293241696 137.24336018164956 67.603314538796766 20.208333333343038 141.82127556380098 48.429217994213111 0.89776874585268762 20.00793650793651 10.500000000000002 -67.552277088165269 8.0342426300048846
decision_type=10 10 8 10 10 10 2 8 10 10 8 10 10 10
left_child=1 4 7 10 -1 9 8 -3 13 -5 -2 12 -7 -4
right_child=3 2 6 5 -6 11 -8 -9 -10 -11 -12 -13 -14 -15
leaf_value=-0.93488034088199989 0.57905579971574994 -1.6397801371319998 0.5643172694418751 -0.92864373629550001 2.3782244084594999 0.35772942226575022 3.1988967797970003 -0.28130826094049993 2.1052265603925 0.821488262950125 -0.63131846338200015 5.6639146297657499 1.9737269335470002 -0.57513009088200007
leaf_weight=999 70 263 384 101 81 124 120 307 54 295 109 173 611 157
leaf_count=999 70 263 384 101 81 124 120 307 54 295 109 173 611 157
internal_value=-0.000311769 -0.00741758 -0.000443235 0.0110175 -0.0157077 0.0136092 0.0075 -0.0104028 0.00427852 0.00498741 -0.00783333 0.0173597 0.0149592 0.00193727
internal_weight=3848 2365 1285 1483 1080 1304 715 570 595 396 179 908 735 541
internal_count=3848 2365 1285 1483 1080 1304 715 570 595 396 179 908 735 541
is_linear=0
shrinkage=0.03


Tree=6
num_leaves=15
num_cat=0
split_feature=0 34 9 0 9 85 81 28 27 83 85 7 84 43
split_gain=477.549 124.164 111.458 70.018 54.5926 54.5628 56.0925 41.8057 39.9829 27.74 26.9167 24.2 23.5065 22.1389
threshold=31.500000000000004 0.39339826839826847 330.00000000000006 136.50000000000003 870.00000000000011 -28.389277736345928 3616.6289366483693 210.50000000000003 0.89119672836848907 39.862397670745857 -38.244549314180993 2713.8932026441257 123.01136714220048 381.30323397447916
decision_type=2 10 2 2 2 10 10 2 10 10 8 10 10 10
left_child=1 5 3 8 7 13 -7 -4 11 -10 -9 -2 -3 -1
right_child=2 12 4 -5 -6 6 -8 10 9 -11 -12 -13 -14 -15
leaf_value=-1.0319514578180402 -0.98656729006403998 0.033750332683743701 -1.0832101517034152 4.2406410057637292 1.2987617854637439 1.7003336120107273 -0.61237890948054008 -1.43613845632041 0.69519277010576064 2.217235332031684 0.87747599592407433 0.55533925745778745 1.7534856284168607 -1.1859366867680401
leaf_weight=443 89 414 112 628 157 74 362 44 410 174 126 136 52 631
leaf_count=443 89 414 112 628 157 74 362 44 410 174 126 136 52 631
internal_value=-0.00054503 -0.0108346 0.010293 0.0143324 -0.00293182 -0.0150099 -0.00604119 -0.0108127 0.00848148 0.0126154 -0.00140351 -0.00225664 0.00269807 -0.0186419
internal_weight=3852 1976 1876 1437 439 1510 436 282 809 584 170 225 466 1074
internal_count=3852 1976 1876 1437 439 1510 436 282 809 584 170 225 466 1074
is_linear=0
shrinkage=0.03


Tree=7
num_leaves=15
num_cat=0
split_feature=0 8 27 85 82 0 25 64 69 82 85 35 61 7
split_gain=432.354 123.619 103.649 90.9445 82.0682 58.006 56.0488 47.2425 30.4788 26.3309 23.2526 29.9711 22.8541 19.399
threshold=26.500000000000004 3.6919725040660381 0.89922011970255744 68.954903562863691 7.3096038103103647 189.50000000000003 0.90219990435198483 3.8045112226897539 144.92814611641825 46.319724400838219 -1.0691810448964387 25.114858156028372 0.88087565233037857 3616.7276424581
decision_type=2 10 10 10 8 2 10 10 8 8 8 8 8 10
left_child=2 3 -1 6 -4 10 -2 8 -6 -8 13 -12 -5 -3
right_child=1 5 4 12 7 -7 9 -9 -10 -11 11 -13 -14 -15
leaf_value=-0.90322809349093036 -0.76305430263079788 -0.69133250151801862 -1.0983628148978557 2.0808489769766778 1.6282541928979837 6.849742949240464 -0.58305430263079783 -0.67949043928349873 0.13940484302152156 1.2597989318998315 1.6001049000895669 -0.41452329579425479 0.37235202322602284 0.85954055468900914
leaf_weight=950 199 87 272 215 173 288 192 201 301 169 602 72 98 42
leaf_count=950 199 87 272 215 173 288 192 201 301 169 602 72 98 42
internal_value=-0.000520456 0.00934351 -0.0107323 0.000926773 -0.00370253 0.0160714 -0.00631016 0.00190828 0.00707368 0.000745856 0.011903 0.0141333 0.0138535 0.000230769
internal_weight=3861 1964 1897 873 947 1091 560 675 474 361 803 674 313 129
internal_count=3861 1964 1897 873 947 1091 560 675 474 361 803 674 313 129
is_linear=0
shrinkage=0.03


Tree=8
num_leaves=15
num_cat=0
split_feature=0 29 8 85 0 85 27 82 32 17 81 66 80 85
split_gain=452.022 107.705 99.2231 76.5334 53.8298 48.5749 38.8595 38.2098 37.3648 28.8658 26.0549 26.6991 23.5627 22.899
threshold=26.500000000000004 0.90630852059925104 3.6919725040660381 68.954903562863691 169.50000000000003 -14.474515497684477 0.89341222879684434 -35.277639567852013 0.65686274509803932 37.500000000000007 3616.6289366483693 -262.22050344943995 75.468877673149123 -10.688115278879801
decision_type=2 10 10 10 2 8 10 8 10 2 8 10 10 10
left_child=1 8 3 6 12 -3 -2 -8 13 -10 -7 -12 -4 -1
right_child=2 5 4 -5 -6 10 7 -9 9 -11 11 -13 -14 -15
leaf_value=-1.1744087372477707 -0.66575609539055736 -1.3546339543214383 0.73679027105280592 1.7680269683396477 5.7974578226659332 1.6185380442636588 -1.2038666062572507 0.900288878226435 1.3576697435208662 -2.2122937875134143 0.51951829210193201 -0.59671049489568107 1.8638563707143698 -0.56557333584814584
leaf_weight=819 175 251 477 305 334 70 112 248 50 45 303 166 259 204
leaf_count=819 175 251 477 305 334 70 112 248 50 45 303 166 259 204
internal_value=-0.000738413 -0.0110634 0.00957614 0.00185493 0.0156303 -0.00257901 -0.00498134 0.00066482 -0.0170509 0.0009375 0.0025 -6.38298e-05 0.0110719 -0.0187207
internal_weight=3818 1908 1910 840 1070 790 535 360 1118 95 539 469 736 1023
internal_count=3818 1908 1910 840 1070 790 535 360 1118 95 539 469 736 1023
is_linear=0
shrinkage=0.03


Tree=9
num_leaves=15
num_cat=0
split_feature=85 27 85 53 45 35 3 74 28 28 15 82 77 37
split_gain=305.642 231.191 82.207 52.7115 48.6628 39.881 38.6208 37.3434 37.2403 29.4724 29.1217 33.6241 28.2441 27.5164
threshold=-3.8093678951263423 0.8556128293241696 109.43419903516771 7.5000000000000009 8.5000000000000018 20.284294871794877 5.9583333333430355 321.36584449947009 233.50000000000003 224.50000000000003 19.500000000000004 -36.262559056282036 144.3203441500664 631.22434526101085
decision_type=8 10 10 10 8 8 2 8 2 2 2 8 8 10
left_child=3 5 4 7 10 -2 12 -1 13 -8 11 -3 -6 -5
right_child=1 2 -4 8 6 -7 9 -9 -10 -11 -12 -13 -14 -15
leaf_value=-0.71525065947912736 0.037284398830389059 -1.5308208884737544 2.2472379158558189 0.16386654155103728 0.81043275576012241 -0.47338927916133777 0.79094874616152233 -2.7291764751303376 1.0501505654980328 3.2208738700216695 -0.89232532303569734 0.58233409676633119 -0.63835538800768166 -1.0226732428157561
leaf_weight=182 122 52 650 85 43 362 505 501 115 189 212 498 80 237
leaf_count=182 122 52 650 85 43 362 505 501 115 189 212 498 80 237
internal_value=-0.000524257 0.00491894 0.009 -0.0137021 0.00529747 -0.0138557 0.010379 -0.0189035 -0.00554795 0.0131223 -0.000157274 0.00348457 -0.00508065 -0.010774
internal_weight=3833 2713 2229 1120 1579 484 817 683 437 694 762 550 123 322
internal_count=3833 2713 2229 1120 1579 484 817 683 437 694 762 550 123 322
is_linear=0
shrinkage=0.03


Tree=10
num_leaves=15
num_cat=0
split_feature=0 85 29 27 53 80 53 80 3 65 67 83 29 28
split_gain=383.262 116.054 115.676 72.5758 46.4959 47.5854 37.5316 36.7252 41.7637 33.6333 33.612 32.9594 31.754 28.3932
threshold=26.500000000000004 5.0967040061950692 0.90630852059925104 0.8578167115902966 9.5000000000000018 74.198228836059585 7.5000000000000009 -15.897557258605955 6.0416666666569663 1.0445755225996647 43.423981930227832 183.08780026435855 0.96987619911848599 235.50000000000003
decision_type=2 8 10 10 8 10 10 8 2 10 10 10 10 2
left_child=2 6 11 10 5 12 -2 -4 -9 -10 -3 -1 -5 -8
right_child=1 3 7 4 -6 -7 13 8 9 -11 -12 -13 -14 -15
leaf_value=-0.84444803863054907 -1.3031520678505111 -0.51367055988698829 -1.1363813602086299 0.30737847623489412 3.5877851778286334 2.1120337261415134 -0.5844857340174634 -0.61535205751980138 0.73714166626468214 -1.3184360458073994 2.6867725709358137 0.71263537555374934 2.1451069123742745 2.5916539773701355
leaf_weight=1054 179 134 160 500 522 293 108 104 407 90 41 59 61 58
leaf_count=1054 179 134 160 500 522 293 108 104 407 90 41 59 61 58
internal_value=-0.000461416 0.00904586 -0.01008 0.0125451 0.0148584 0.0105263 -0.0066763 -0.00106299 0.00234219 0.00596386 -0.005625 -0.0162388 0.00539146 0.00359281
internal_weight=3770 1896 1874 1551 1376 854 345 761 601 497 175 1113 561 166
internal_count=3770 1896 1874 1551 1376 854 345 761 601 497 175 1113 561 166
is_linear=0
shrinkage=0.03


Tree=11
num_leaves=15
num_cat=0
split_feature=0 29 4 85 84 3 0 29 9 31 80 35 28 40
split_gain=377.834 109.141 103.563 54.5485 43.7644 48.239 43.2195 42.3048 40.4993 32.8454 30.7839 27.4153 23.498 21.9057
threshold=26.500000000000004 0.90630852059925104 6.5000000000000009 73.832158744335189 27.087720115979518 6.0416666666569663 155.50000000000003 0.94862368024132737 330.00000000000006 3.5427272727272734 74.198228836059585 25.114858156028372 226.50000000000003 47.499793762746727
decision_type=2 10 2 10 8 2 2 10 2 8 8 8 2 10
left_child=1 9 3 7 -3 -6 10 -2 -8 13 12 -12 -4 -1
right_child=2 4 6 -5 5 -7 8 -9 -10 -11 11 -13 -14 -15
leaf_value=1.1352364755891218 -0.6611315321864869 -0.8898218011467508 -0.11767233208037811 1.234947323030553 -0.59855830701064783 0.66858796071900983 5.0877269821072124 1.9512116878664798 -0.29181874156376747 -0.84546657044040818 1.7045843023633549 -0.6161716173573909 0.89797534333355411 -1.5436826435554487
leaf_weight=53 351 265 244 196 85 420 405 71 40 1045 459 49 126 41
leaf_count=53 351 265 244 196 85 420 405 71 40 1045 459 49 126 41
internal_value=-0.000342768 -0.00981675 0.00897528 -0.00116317 -0.00108949 0.00409091 0.0137085 -0.00723404 0.0213229 -0.0157105 0.00982935 0.0146169 0.0032345 0.00126316
internal_weight=3850 1909 1941 618 770 505 1323 422 445 1139 878 508 370 94
internal_count=3850 1909 1941 618 770 505 1323 422 445 1139 878 508 370 94
is_linear=0
shrinkage=0.03


Tree=12
num_leaves=15
num_cat=0
split_feature=0 9 43 80 0 82 85 83 27 27 62 74 82 36
split_gain=330.32 109.156 107.986 67.8189 67.376 46.5896 39.3975 38.194 34.194 30.7282 26.438 25.1109 27.2089 22.8412
threshold=27.500000000000004 330.00000000000006 113.88546450010638 67.693006038665786 169.50000000000003 1.7083347241083782 -2.4213190674781795 110.04707741737367 0.90821007302003387 0.88780278466526807 0.079156212480434335 2507.4318005138916 -1.0000000180025095e-35 0.24015503875968994
decision_type=2 2 10 10 2 8 8 10 10 10 10 8 8 10
left_child=2 4 5 8 6 -1 -2 11 -3 -8 -10 12 -4 -9
right_child=1 3 7 -5 -6 -7 9 13 10 -11 -12 -13 -14 -15
leaf_value=-1.0121602824695053 -0.59746066229834849 -0.61242223628470216 -2.716603742604299 1.8527868483577932 4.6959704210613289 0.37181244558148613 -0.14459376460510295 -0.40708139671837956 0.57897069421033764 1.2464613301146961 -0.71864287310913622 -0.92427735848336889 0.44710093820850849 1.3099688592537153
leaf_weight=140 175 145 69 88 454 496 175 99 131 667 85 941 89 58
leaf_count=140 175 145 69 88 454 496 175 99 131 667 85 941 89 58
internal_value=-0.000424862 0.00833941 -0.00931854 -0.0046 0.0122894 0.000753532 0.00798625 -0.0144153 -0.0103591 0.0106762 -0.00276498 -0.0163909 -0.00528302 -0.00056962
internal_weight=3812 1920 1892 449 1471 636 1017 1256 361 842 216 1099 158 157
internal_count=3812 1920 1892 449 1471 636 1017 1256 361 842 216 1099 158 157
is_linear=0
shrinkage=0.03


Tree=13
num_leaves=15
num_cat=0
split_feature=0 29 45 74 84 0 84 27 82 74 3 50 35 60
split_gain=337.214 113.209 109.024 61.6196 48.9225 45.1845 41.0411 37.0315 30.7815 35.4266 30.6136 24.9059 24.7813 22.7073
threshold=26.500000000000004 0.91191304565478581 7.5000000000000009 1620.4224805519323 9.7929721673329677 192.50000000000003 30.259966611862186 0.86527657735522923 -5.0961254437764483 1941.9917449914931 6.0416666666569663 177.55865705013278 25.114858156028372 -62.994291305541985
decision_type=2 10 10 10 8 2 8 10 8 8 2 10 8 8
left_child=1 8 4 5 11 12 -3 -6 -1 -10 -8 -2 -4 -12
right_child=2 6 3 -5 7 -7 10 -9 9 -11 13 -13 -14 -15
leaf_value=-2.0618743863200901 -1.2209509462363315 -0.75378815584291781 1.0664434441520467 -0.46810919510708821 -0.55860646590587437 5.165325288523646 -0.54662769205129347 1.1665644592946365 0.16093753407514264 -0.49954619076743129 -0.78323879590380907 0.0086711419827000206 -0.53308276241027053 0.7042967114323998
leaf_weight=435 182 250 848 99 42 357 74 254 140 646 50 79 77 340
leaf_count=435 182 250 848 99 42 357 74 254 140 646 50 79 77 340
internal_value=-0.00113836 -0.00999483 0.007705 0.0122214 -0.00349462 0.0139829 -0.000503497 0.00484848 -0.0155401 -0.0119695 0.00477419 -0.0129389 0.0104644 0.00813299
internal_weight=3873 1935 1938 1381 557 1282 714 296 1221 786 464 261 925 390
internal_count=3873 1935 1938 1381 557 1282 714 296 1221 786 464 261 925 390
is_linear=0
shrinkage=0.03


Tree=14
num_leaves=15
num_cat=0
split_feature=29 53 67 80 80 31 80 3 3 27 60 56 83 53
split_gain=221.65 100.006 85.2158 75.2021 48.9664 44.5682 37.4639 35.6753 32.235 29.0316 27.0362 25.087 21.5734 21.2118
threshold=0.90591147350029133 8.5000000000000018 1.0000000180025095e-35 -19.12726259231567 -20.287330508232113 6.0787878787878791 111.84998023509981 14.625000000000002 21.375000000000004 0.89922011970255744 -72.315112233161912 79.725879510243743 35.384360194206245 9.5000000000000018
decision_type=10 10 10 8 8 8 8 2 2 10 8 10 10 10
left_child=2 3 5 -2 -4 6 -1 13 -7 -5 -11 -6 -12 -3
right_child=1 7 4 9 11 8 -8 -9 -10 10 12 -13 -14 -15
leaf_value=-1.4230933486806552 -0.72408388485457531 0.11024891957875933 -0.87535497606698109 -1.1267292163734428 0.07808349085842721 -0.691487920813877 1.1298733638679588 3.0139015719222293 1.1334951979323808 -1.9734813501400277 0.27553495807750761 2.3517912756086141 1.3319941523034569 1.8638237434485307
leaf_weight=68 280 220 145 57 200 1074 77 387 58 50 567 128 235 263
leaf_count=68 280 220 145 57 200 1074 77 387 58 50 567 128 235 263
internal_value=-0.000685039 0.00598544 -0.00853227 0.000327731 0.00234177 -0.0125587 0.00308219 0.0137084 -0.0145631 0.00451648 0.00590856 0.0087538 0.00724782 0.0082438
internal_weight=3809 2059 1750 1189 473 1277 145 870 1132 909 852 328 802 483
internal_count=3809 2059 1750 1189 473 1277 145 870 1132 909 852 328 802 483
is_linear=0
shrinkage=0.03


Tree=15
num_leaves=15
num_cat=0
split_feature=80 27 67 27 82 67 45 2 67 3 7 45 7 45
split_gain=195.435 119.422 88.5411 77.4602 60.4145 50.825 43.0769 32.9187 32.8539 34.3311 30.8715 26.1122 21.5092 21.0561
threshold=69.489916682243361 0.91030061892130865 182.96926460070924 0.85404962546816487 -36.262559056282036 7.5878930389880859 8.5000000000000018 1.0000000180025095e-35 -106.94127275262555 5.9583333333430355 3851.4151831247659 8.5000000000000018 1.0000000180025095e-35 9.5000000000000018
decision_type=10 10 10 10 8 8 10 2 8 2 8 10 10 10
left_child=1 2 6 -2 11 -5 12 -8 -6 -10 -11 -3 -1 -4
right_child=3 4 13 5 8 -7 7 -9 9 10 -12 -13 -14 -15
leaf_value=0.066086487465625732 -0.44342033025389477 -1.1484599579550754 -0.31771029616113933 -0.14434409986387689 -2.5925140436487459 2.0007521624770885 -0.17583056372276287 -0.32518782124992857 -0.51027951358662771 0.45361991962153703 1.9724303757988584 1.0527472735354255 -1.3369245669856962 3.6275763138317778
leaf_weight=43 130 174 57 167 60 743 463 57 133 747 182 53 772 80
leaf_count=43 130 174 57 167 60 743 463 57 133 747 182 53 772 80
internal_value=-0.00050492 -0.00460312 -0.0105092 0.0106052 0.00184444 0.0136992 -0.0128668 -0.00610365 0.00470169 0.00592662 0.00796774 -0.0122368 -0.0171691 0.0123913
internal_weight=3861 2821 1472 1040 1349 910 1335 520 1122 1062 929 227 815 137
internal_count=3861 2821 1472 1040 1349 910 1335 520 1122 1062 929 227 815 137
is_linear=0
shrinkage=0.03


Tree=16
num_leaves=15
num_cat=0
split_feature=53 27 27 67 84 77 43 84 39 8 48 25 84 38
split_gain=180.435 135.652 125.583 80.412 46.3114 39.1316 26.3253 24.048 23.6523 29.424 24.4962 22.9952 22.7923 22.4074
threshold=8.5000000000000018 0.90486029122392775 0.85926496478873249 -12.150211760109594 26.309909482796993 -167.721780359745 218.0970712858788 60.320513168970756 1695.4150407170443 4.4056636968576113 64.438601970672622 0.9826073805202663 -71.304321646690354 4147.4743620767431
decision_type=10 10 10 8 10 10 10 8 10 10 8 8 8 10
left_child=1 6 13 7 -5 8 12 -3 -4 -10 -11 -7 -1 -2
right_child=2 3 5 4 -6 11 -8 -9 9 10 -12 -13 -14 -15
leaf_value=-2.122310569078854 -0.24219309746974582 -1.8523509329518641 1.0124317020981031 0.024423639813827194 1.4560997161307423 2.3864256097481351 -1.3007102773718577 -0.25252954373072733 -0.37237777731390714 -0.22863403895087236 2.0746938736916891 -0.29347323822943155 -0.38458257996469503 -0.37929047658804571
leaf_weight=90 301 143 214 753 259 627 617 93 172 81 80 51 267 86
leaf_count=90 301 143 214 753 259 627 617 93 172 81 80 51 267 86
internal_value=-0.000719687 -0.00626181 0.00691878 0.000288231 0.00396841 0.0116232 -0.0146462 -0.015443 0.00563869 0.000628743 0.00981481 0.0164359 -0.00812849 -0.00796392
internal_weight=3834 2222 1612 1248 1012 1225 974 236 547 333 161 678 357 387
internal_count=3834 2222 1612 1248 1012 1225 974 236 547 333 161 678 357 387
is_linear=0
shrinkage=0.03


Tree=17
num_leaves=15
num_cat=0
split_feature=0 8 29 80 0 84 3 84 25 80 65 81 56 28
split_gain=312.368 90.9689 78.9895 70.0601 56.3632 39.1875 35.0869 34.3828 29.7373 27.0432 21.8327 21.757 19.1603 17.5115
threshold=27.500000000000004 3.646927792402987 0.91163137398077165 97.505323648452773 192.50000000000003 27.087720115979518 6.0416666666569663 82.464502930641189 0.907192075796727 -1.0000000180025095e-35 0.9664228042478763 8479.726010084154 -102.49418592453002 223.50000000000003
decision_type=2 10 10 10 2 8 2 10 10 8 10 10 8 2
left_child=2 3 7 8 9 10 -7 11 -2 -3 13 -1 -8 -4
right_child=1 4 5 -5 -6 6 12 -9 -10 -11 -12 -13 -14 -15
leaf_value=-0.53020611499962 -0.54383389472770993 -0.047025818224879924 -0.60920403245074761 2.0680820925754779 5.3370620427046935 -0.59028920917650118 -0.48947070289391742 0.0028740573964954664 0.092064703209891893 1.2577070341875198 -1.6253443133360979 -2.4071455073050521 0.7395468160359675 0.94867432015697617
leaf_weight=807 246 165 106 165 291 78 68 144 412 646 94 254 329 58
leaf_count=807 246 165 106 165 291 78 68 144 412 646 94 254 329 58
internal_value=-0.000535714 0.00802181 -0.00903559 0.000473301 0.0136537 -0.00126703 0.00384454 -0.0137562 -0.00391502 0.00956897 -0.0106564 -0.0156215 0.00746231 -0.004
internal_weight=3863 1925 1938 823 1102 733 475 1205 658 811 258 1061 397 164
internal_count=3863 1925 1938 823 1102 733 475 1205 658 811 258 1061 397 164
is_linear=0
shrinkage=0.03


Tree=18
num_leaves=15
num_cat=0
split_feature=0 9 29 0 11 83 3 33 26 85 65 84 45 0
split_gain=283.032 93.4797 83.1692 68.4882 45.2288 38.1406 36.3124 36.2074 31.6097 25.2789 25.4709 24.5477 23.5567 22.0366
threshold=36.500000000000007 330.00000000000006 0.90630852059925104 169.50000000000003 870.00000000000011 65.390338897705092 6.0416666666569663 0.59069264069264082 99.500000000000014 -2.4213190674781795 0.94762101116797581 80.779652158419296 9.5000000000000018 1.0000000180025095e-35
decision_type=2 2 10 2 2 8 2 8 2 8 10 10 10 2
left_child=2 3 7 9 8 -4 -7 -1 -3 10 -2 13 -5 -9
right_child=1 4 5 12 -6 6 -8 11 -10 -11 -12 -13 -14 -15
leaf_value=0.8773934831345046 0.68945555105724632 -0.82904064381111475 -0.68959882946502682 1.7575156573758104 0.96049715284904968 -0.61324277453258524 0.519607675377046 -0.93783928473647116 -0.27777339353519431 0.87544273525195138 -1.1333249591774823 -0.12339105099742885 5.2590896081434249 -0.4057827856007134
leaf_weight=49 97 128 349 143 157 80 437 786 143 743 67 128 318 255
leaf_count=49 97 128 349 143 157 80 437 786 143 743 67 128 318 255
internal_value=-0.00111312 0.00761269 -0.00863309 0.011439 -0.00461538 -0.00152249 0.00364865 -0.0136833 -0.0120221 0.00664097 -0.004 -0.0147436 0.0208442 -0.0162668
internal_weight=3880 1796 2084 1368 428 866 517 1218 271 907 164 1169 461 1041
internal_count=3880 1796 2084 1368 428 866 517 1218 271 907 164 1169 461 1041
is_linear=0
shrinkage=0.03


Tree=19
num_leaves=15
num_cat=0
split_feature=85 29 80 45 45 28 7 74 43 3 38 3 29 28
split_gain=210.979 153.994 73.3098 62.694 43.4979 44.8656 31.9964 29.9345 24.1123 24.8906 23.4855 22.3852 22.0556 21.9823
threshold=-5.3031510710716239 0.873455848711301 95.561455726623549 9.5000000000000018 7.5000000000000009 235.50000000000003 5195.1445863448107 328.511651137147 422.74805406962855 6.0416666666569663 4244.1462815078348 9.9583333333430364 0.9400460829493088 185.50000000000003
decision_type=8 10 10 10 10 2 10 8 10 2 8 2 10 2
left_child=4 10 3 6 7 13 8 -1 9 -3 -2 12 -4 -6
right_child=1 2 11 -5 5 -7 -8 -9 -10 -11 -12 -13 -14 -15
leaf_value=-0.59651172367514826 -0.11848839321268449 -0.57329395489832913 1.4453512405775273 1.9560403034559468 -0.21923071324832377 0.9594943285216101 2.628216101167363 -2.4055465196530514 -0.6159471344327716 0.2565250003834556 -0.29261933869429874 2.5796615830118617 -0.55901836261111459 -1.1421928976772406
leaf_weight=160 283 74 68 454 217 113 51 444 236 716 341 464 59 129
leaf_count=160 283 74 68 454 217 113 51 444 236 716 341 464 59 129
internal_value=-0.000133858 0.00425919 0.00811116 0.00464099 -0.0114756 -0.0045 0.000695733 -0.0167603 -0.000467381 0.00204804 -0.008832 0.0170777 0.00585938 -0.00985591
internal_weight=3809 2746 2122 1531 1063 459 1077 604 1026 790 624 591 127 346
internal_count=3809 2746 2122 1531 1063 459 1077 604 1026 790 624 591 127 346
is_linear=0
shrinkage=0.03


Tree=20
num_leaves=15
num_cat=0
split_feature=85 29 53 53 83 28 69 36 28 76 38 25 71 84
split_gain=222.988 166.693 70.9209 53.6886 41.5837 32.5315 29.8933 29.0819 28.5828 28.456 24.7897 22.1758 18.7578 19.3269
threshold=5.0967040061950692 0.873455848711301 9.5000000000000018 7.5000000000000009 4.2720547914505014 235.50000000000003 -307.22570381828842 0.27005577005577014 183.50000000000003 133.59285902976993 4070.384461866784 0.89377820760799487 10.500000000000002 55.657067100207023
decision_type=8 10 10 10 10 2 10 10 2 10 8 10 10 8
left_child=3 10 4 6 11 8 -1 -6 -5 -4 12 -3 -2 -14
right_child=1 2 9 5 7 -7 -8 -9 -10 -11 -12 -13 13 -15
leaf_value=-0.27420883115070804 1.2520614365518108 -0.36974961351573576 2.5467631760986502 -0.097140577994353522 0.34706992423929578 0.78575692734412317 -2.0791135562966216 1.8304079069784474 -1.1875664885440385 -0.46632647623331391 -0.29576531074022022 0.31152382332029255 0.66399908231660143 -0.45493370285591705
leaf_weight=113 54 230 565 214 198 126 607 286 137 40 347 718 83 158
leaf_count=113 54 230 565 214 198 126 607 286 137 40 347 718 83 158
internal_value=-0.000634511 0.00417537 0.00837586 -0.011394 0.00473133 -0.00357741 -0.0165603 0.0118763 -0.00826705 0.0169802 -0.00914463 0.00107482 -0.00273649 -0.00632231
internal_weight=3876 2679 2037 1197 1432 477 720 484 351 605 642 948 295 241
internal_count=3876 2679 2037 1197 1432 477 720 484 351 605 642 948 295 241
is_linear=0
shrinkage=0.03


Tree=21
num_leaves=15
num_cat=0
split_feature=0 53 80 29 27 43 0 80 81 64 67 2 50 28
split_gain=228.358 85.7661 80.8637 77.8736 40.0509 38.8583 31.3183 27.8438 27.4529 19.7066 19.475 22.1164 18.9432 23.0402
threshold=24.500000000000004 9.5000000000000018 95.561455726623549 0.90700596003272183 0.89414877061935905 79.177282605265972 192.50000000000003 -19.12726259231567 9342.8996037244815 3.5115607677699638 -184.14710521099093 1.0000000180025095e-35 1922.3332028388979 220.50000000000003
decision_type=2 10 10 10 10 10 2 8 10 10 8 2 10 2
left_child=3 2 4 5 -2 -1 -3 -6 9 -5 -7 -12 13 -9
right_child=1 6 -4 8 7 10 -8 12 -10 -11 11 -13 -14 -15
leaf_value=-0.075163772374246929 -0.53369244590633225 0.95198132731669904 1.6400041052796588 0.44720004605468516 -0.50295006424345923 -4.0022561612653158 4.9731028257438483 -0.2276856119326601 -0.71050909029299236 -0.57176173072677006 -0.71848372251767645 -0.24210368534472002 1.7397563921609041 0.80629830759214771
leaf_weight=202 241 390 290 424 214 131 277 209 121 225 681 122 40 271
leaf_count=202 241 390 290 424 214 131 277 209 121 225 681 122 40 271
internal_value=-0.000468872 0.00679772 0.00220379 -0.00783429 -0.00193648 -0.0128232 0.015494 0.00155102 -0.000466926 0.00198462 -0.0154011 -0.0136194 0.0052975 0.00361746
internal_weight=3838 1932 1265 1906 975 1136 667 734 770 649 934 803 520 480
internal_count=3838 1932 1265 1906 975 1136 667 734 770 649 934 803 520 480
is_linear=0
shrinkage=0.03


Tree=22
num_leaves=15
num_cat=0
split_feature=80 82 27 67 27 67 3 41 3 41 3 34 67 43
split_gain=174.944 101.644 67.7422 76.4607 61.193 34.1045 28.9598 28.6866 28.4783 26.2395 25.7433 29.6216 21.4054 20.5369
threshold=88.33819687366487 -38.34798336029052 0.91064169570267139 161.99477146478259 0.87795568795382628 -85.443746651921913 20.458333333343038 45.230598330497749 21.208333333343038 42.748956561088569 9.2083333333430364 0.18933143669985777 -106.94127275262555 55.295148004492127
decision_type=10 8 10 10 10 8 2 10 2 10 2 10 8 8
left_child=1 9 3 8 7 -4 13 -2 10 -1 11 -3 -6 -7
right_child=4 2 5 -5 12 6 -8 -9 -10 -11 -12 -13 -14 -15
leaf_value=-2.0907016495897861 -0.6014374442385394 -0.23484057478437842 -2.1519488322834546 1.7151567370840548 -0.65157465903642031 -0.17104879721948676 2.4795509623471088 0.73615922893841035 2.0342009295636307 -0.40736755710038797 -0.63044647024814648 0.80134957485373937 1.8355061156520374 0.60508589206170771
leaf_weight=383 90 227 88 125 42 268 146 84 43 254 612 117 654 685
leaf_count=383 90 227 88 125 42 268 146 84 43 254 612 117 654 685
internal_value=-0.000722702 -0.0042116 -0.0012846 -0.00656 0.0110907 0.00371212 0.00515455 -0.0048 -0.00933 -0.0148119 -0.0104075 -0.00382609 0.0150646 0.00323899
internal_weight=3818 2948 2311 1124 870 1187 1099 174 999 637 956 344 696 953
internal_count=3818 2948 2311 1124 870 1187 1099 174 999 637 956 344 696 953
is_linear=0
shrinkage=0.03


Tree=23
num_leaves=15
num_cat=0
split_feature=29 85 66 85 3 80 81 75 80 58 85 2 45 30
split_gain=170.306 85.3654 61.0049 42.4758 40.5126 33.8198 29.0211 24.6059 23.4133 19.4709 18.8418 18.502 35.6703 25.23
threshold=0.90303869722152286 -2.4213190674781795 36.355326056480415 -34.657474994659417 13.375000000000002 78.092145442962661 3519.1049057245259 1218.5000000000002 95.561455726623549 93.322980999946608 -83.591064135233538 1.0000000180025095e-35 9.5000000000000018 52.250000000000007
decision_type=10 8 10 8 2 10 8 10 8 10 10 2 8 10
left_child=2 5 6 -4 7 -2 -1 -3 -6 -5 -7 12 -8 -14
right_child=1 4 3 9 8 10 11 -9 -10 -11 -12 -13 13 -15
leaf_value=0.27710675491673803 -0.82103767246193504 0.5042639203538507 -1.9890967058974973 0.13637707438847471 0.68166762029534811 2.2170431227418148 -1.2708084007793736 -0.63182339458724623 2.0930128055645554 3.0653820981870683 -0.90451603757158416 -0.22779535754084707 0.12536532584852655 -0.35748807134596799
leaf_weight=83 426 798 64 160 367 48 747 63 443 109 40 139 225 123
leaf_count=83 426 798 64 160 367 48 747 63 443 109 40 139 225 123
internal_value=-0.000868092 0.00462489 -0.00814052 0.00332335 0.00791268 -0.00605825 -0.0110395 0.00337587 0.012725 0.00855556 0.0107865 -0.0121943 -0.0108668 -0.00292264
internal_weight=3835 2185 1650 333 1671 514 1317 861 810 269 88 1234 1095 348
internal_count=3835 2185 1650 333 1671 514 1317 861 810 269 88 1234 1095 348
is_linear=0
shrinkage=0.03


Tree=24
num_leaves=15
num_cat=0
split_feature=29 45 80 84 66 67 59 3 80 28 74 4 77 67
split_gain=154.131 95.6064 69.0888 42.1052 38.4083 30.3086 27.3777 26.8366 24.942 23.5566 22.5677 18.564 18.5203 17.4635
threshold=0.89825433878006711 9.5000000000000018 -14.513577699661253 53.129394690195731 16.097652196884159 128.40027550525141 85.073155999183669 14.791666666656967 -14.513577699661253 223.50000000000003 40.065019284448958 9.5000000000000018 -121.31435734033583 -177.67654776573173
decision_type=10 10 8 10 10 8 10 2 8 2 8 2 8 8
left_child=4 2 9 5 10 -4 8 -3 12 -2 -1 13 -6 -12
right_child=1 7 3 -5 6 -7 -8 -9 -10 -11 11 -13 -14 -15
leaf_value=0.55153326164682259 -1.4109007329987149 1.2105883839092872 -0.72988999275160338 1.2926686917978687 -1.6020891199326233 0.30279668197926973 -1.8648533214149805 3.908678750247109 0.95312196000942717 -0.23195192982590593 -3.9407899684354444 0.023366608509784292 0.2516892401686901 -0.36292139189659356
leaf_weight=43 203 333 276 329 40 691 54 261 187 231 113 85 41 952
leaf_count=43 203 333 276 329 40 691 54 261 187 231 113 85 41 952
internal_value=-0.00100781 0.00384516 0.000277296 0.00374711 -0.00844987 0.000588843 0.000743034 0.0142185 0.00468401 -0.010069 -0.0109296 -0.0117289 -0.00914634 -0.0128049
internal_weight=3839 2324 1730 1296 1515 967 322 594 268 434 1193 1150 81 1065
internal_count=3839 2324 1730 1296 1515 967 322 594 268 434 1193 1150 81 1065
is_linear=0
shrinkage=0.03


Tree=25
num_leaves=15
num_cat=0
split_feature=85 29 53 53 80 2 26 38 33 29 36 80 25 66
split_gain=165.094 129.023 50.5977 39.1388 35.524 27.5749 27.0801 26.9816 26.2564 25.2106 23.8059 23.2284 22.6792 21.6159
threshold=-2.4213190674781795 0.873455848711301 9.5000000000000018 7.5000000000000009 95.561455726623549 1.0000000180025095e-35 132.50000000000003 1502.9486569538669 27.599119496855348 0.95657137184832253 0.27435167615433276 78.962632536888137 0.94893524554541508 -9.8378063440322858
decision_type=8 10 10 10 10 2 2 8 8 10 10 10 8 10
left_child=3 5 4 7 6 12 -3 -1 -4 10 -6 -5 13 -2
right_child=1 2 8 11 9 -7 -8 -9 -10 -11 -12 -13 -14 -15
leaf_value=-0.022246270456334115 -0.24547999364171302 -0.091941720533300492 2.3965206677783994 -0.36124796823633964 0.7115252085171524 -0.21007385505772383 1.1222311787251851 -1.9301103225311214 -0.56879320748924822 -0.093620969472582583 2.6473474543897764 0.99451951402655114 -0.69913173136084461 1.5747096231804634
leaf_weight=103 389 857 566 348 133 114 259 589 40 86 159 77 76 72
leaf_count=103 389 857 566 348 133 114 259 589 40 86 159 77 76 72
internal_value=-0.000341173 0.00360828 0.00722513 -0.0100626 0.00425418 -0.00805215 0.00155774 -0.0144589 0.0145305 0.01219 0.0163823 -0.00288732 -0.00518587 -0.00266234
internal_weight=3868 2751 2100 1117 1494 651 1116 692 606 378 292 425 537 461
internal_count=3868 2751 2100 1117 1494 651 1116 692 606 378 292 425 537 461
is_linear=0
shrinkage=0.03


Tree=26
num_leaves=15
num_cat=0
split_feature=0 8 31 81 27 83 0 53 66 84 39 64 16 29
split_gain=217.156 82.2869 59.0111 45.1701 42.5917 42.1704 37.2903 33.0282 31.877 29.9317 24.6784 22.8246 21.9175 21.464
threshold=26.500000000000004 4.3339587165264906 4.9798076923076922 3293.3193708658223 0.91064169570267139 45.547723054885871 169.50000000000003 9.5000000000000018 -63.108381152153008 44.080124417940787 2246.6618523507182 6.8225836585711823 6.5000000000000009 0.89537316337452577
decision_type=2 10 8 8 10 10 2 10 10 8 8 10 2 10
left_child=2 4 -1 -4 8 7 11 -6 -2 -5 -11 -3 -10 -14
right_child=1 6 3 9 5 -7 -8 -9 12 10 -12 -13 13 -15
leaf_value=0.13334737744314223 -0.45481859426938948 1.174564498136303 0.67106593035022166 -1.512466280954589 -0.1437459450994536 1.9344105598853962 4.1841891341529482 2.7826834126066373 1.2658873715333492 -0.1919034625420791 -0.32976460446525785 -0.4421223332573091 -1.6962132289813454 0.58515470751686371
leaf_weight=371 330 400 107 635 440 196 270 111 42 410 367 53 40 94
leaf_count=371 330 400 107 635 440 196 270 111 42 410 367 53 40 94
internal_value=-0.000791311 0.00616085 -0.00805923 -0.0106776 0.00150718 0.00605615 0.0142127 0.00179348 -0.0052071 -0.0121019 -0.00813625 0.0089207 0.00508475 -0.000888889
internal_weight=3866 1976 1890 1519 1253 747 723 551 506 1412 777 453 176 134
internal_count=3866 1976 1890 1519 1253 747 723 551 506 1412 777 453 176 134
is_linear=0
shrinkage=0.03


Tree=27
num_leaves=15
num_cat=0
split_feature=29 53 53 2 80 3 38 3 38 3 75 82 30 17
split_gain=135.921 59.8873 50.3337 61.2827 46.2556 31.2323 29.1887 28.6167 23.2659 30.6494 22.908 22.4109 20.8978 20.6623
threshold=0.90591147350029133 9.5000000000000018 7.5000000000000009 1.0000000180025095e-35 -20.287330508232113 13.375000000000002 1467.7003995383754 21.375000000000004 4038.7453531603019 12.625000000000002 836.97189927101147 -27.026342352231342 1.8500000000000003 24.500000000000004
decision_type=10 10 10 2 8 2 8 2 10 2 8 8 8 2
left_child=2 4 6 7 -2 10 -1 8 9 -4 13 -8 -13 -6
right_child=1 -3 3 -5 5 -7 11 -9 -10 -11 -12 12 -14 -15
leaf_value=0.34883198864158682 -0.4617600070578412 2.1174826157232935 0.36452253794162076 -0.2138170935937512 0.15524146839146102 0.85272360037597594 -2.6277094087714974 3.0009739291765403 -0.31457662018850296 -0.37555185769199462 -0.31925369772115647 0.38951650084782008 -0.62896680152671169 2.2096964409117863
leaf_weight=68 335 480 358 94 122 599 256 96 138 312 458 71 364 71
leaf_count=68 335 480 358 94 122 599 256 96 138 312 458 71 364 71
internal_value=-0.000643474 0.00457406 -0.00677474 -0.00234234 0.00175914 0.00441247 -0.0125921 6.62983e-05 -0.00177998 0.000536513 -0.000138037 -0.0144364 -0.0102523 0.00850515
internal_weight=3822 2065 1757 998 1585 1250 759 904 808 670 651 691 435 193
internal_count=3822 2065 1757 998 1585 1250 759 904 808 670 651 691 435 193
is_linear=0
shrinkage=0.03


Tree=28
num_leaves=15
num_cat=0
split_feature=0 82 82 43 0 9 23 81 80 39 45 81 81 28
split_gain=194.652 61.4213 56.395 58.376 50.1979 27.7799 32.2295 27.629 25.9034 20.7219 18.576 16.8587 16.9861 15.7996
threshold=26.500000000000004 -38.34798336029052 -1.4478027224540708 437.07330409171738 205.50000000000003 270.00000000000006 7.9433181285858163 3616.6289366483693 105.73080992698671 826.93046668402951 7.5000000000000009 8584.5142171382922 8293.1055827140826 206.50000000000003
decision_type=2 8 8 10 2 2 10 8 10 10 10 10 10 2
left_child=2 10 11 7 8 -6 -7 -4 13 -5 -2 12 -1 -3
right_child=1 4 3 9 5 6 -8 -9 -10 -11 -12 -13 -14 -15
leaf_value=-1.0876183444963456 -1.1976660193683148 -0.06683661624697422 1.0629444006639244 0.17667935009400002 4.8148829296194613 1.1971398690727741 -0.27599558484206804 -0.087926237844961647 1.3479210756500466 -0.49383187683224411 -0.034170174431785473 -2.3218106446558249 0.12647356248357025 0.61516807319713429
leaf_weight=364 107 478 118 48 285 69 50 744 357 421 149 174 41 420
leaf_count=364 107 478 118 48 285 69 50 744 357 421 149 174 41 420
internal_value=-0.000572399 0.00618476 -0.00734694 -0.00394144 0.00829518 0.0174815 0.00525 0.000695249 0.00532643 -0.0124468 -0.00747082 -0.0151552 -0.0117488 0.00260289
internal_weight=3825 1915 1910 1331 1659 404 119 862 1255 469 256 579 405 898
internal_count=3825 1915 1910 1331 1659 404 119 862 1255 469 256 579 405 898
is_linear=0
shrinkage=0.03


Tree=29
num_leaves=15
num_cat=0
split_feature=0 29 45 83 3 76 83 0 84 43 84 3 27 3
split_gain=185.419 70.126 66.1589 41.2605 36.4628 33.579 31.5614 31.3509 30.1071 23.6007 22.5016 26.386 22.304 18.2353
threshold=55.500000000000007 0.91113931190073327 9.5000000000000018 26.236197948455814 20.958333333343038 133.59285902976993 123.58128261566164 151.50000000000003 80.779652158419296 239.8255871636608 34.66137500603994 6.0416666666569663 0.89341222879684434 18.125000000000004
decision_type=2 10 10 10 2 10 10 2 10 10 8 2 10 2
left_child=1 8 3 12 6 7 10 -4 9 -1 13 -12 -2 -3
right_child=2 4 5 -5 -6 -7 -8 -9 -10 -11 11 -13 -14 -15
leaf_value=-0.38681742245614148 -0.36716519927545627 -0.3445029546494236 0.87384719348617745 1.8275485636282804 1.6584937954576604 -0.46944644432991722 1.5777054794374488 3.938104203454369 0.1153934382642522 -0.67871141156757808 -0.67449298272407721 0.20547293838846789 0.10644216660162285 -1.4966503177362938
leaf_weight=438 183 204 256 198 72 42 109 340 157 753 63 363 559 74
leaf_count=438 183 204 256 198 72 42 109 340 157 753 63 363 559 74
internal_value=-0.000763379 -0.00632498 0.00710576 0.00204038 0.00023702 0.014554 -0.00158477 0.0163819 -0.0106301 -0.0122567 -0.00391489 0.000421546 -0.00121131 -0.0105376
internal_weight=3811 2233 1578 940 885 638 813 596 1348 1191 704 426 742 278
internal_count=3811 2233 1578 940 885 638 813 596 1348 1191 704 426 742 278
is_linear=0
shrinkage=0.03


Tree=30
num_leaves=15
num_cat=0
split_feature=0 29 9 0 80 81 84 80 34 1 82 28 29 67
split_gain=182.864 81.0566 63.6525 50.4613 39.0903 32.6823 30.0788 26.2844 26.0966 26.9441 23.0869 20.2687 19.465 16.7472
threshold=64.500000000000014 0.90591147350029133 330.00000000000006 243.50000000000003 67.693006038665786 3481.2394716739659 136.2838052113851 79.979851722717299 0.95346320346320357 625.07315599918377 -33.674072265624993 208.50000000000003 0.96228506881981357 -53.926399903554604
decision_type=2 10 2 2 10 8 10 8 10 2 8 2 10 8
left_child=1 5 3 7 12 -1 10 11 9 -7 -3 -2 -4 -12
right_child=2 6 4 -5 -6 8 -8 -9 -10 -11 13 -13 -14 -15
leaf_value=0.44051688106328024 -0.30525597606347965 -0.79900260997395867 -0.43107547009630037 4.9644023767785939 1.5216682280146165 -0.14382394755049327 1.6144784090068598 1.3382301253964783 0.90633285853947188 -0.71161355068275889 -0.76402676608654052 0.95252551283508247 1.1369831253015978 0.17385384299437845
leaf_weight=83 192 135 257 238 71 186 103 503 40 971 132 148 40 709
leaf_count=83 192 135 257 238 71 186 103 503 40 971 132 148 40 709
internal_value=-0.000378052 -0.00552966 0.0080069 0.0116728 -0.00276423 -0.0106323 0.000527778 0.0082109 -0.0118948 -0.0127202 -0.00110542 0.00175953 -0.00755034 0.000748219
internal_weight=3808 2359 1449 1081 368 1280 1079 843 1197 1157 976 340 297 841
internal_count=3808 2359 1449 1081 368 1280 1079 843 1197 1157 976 340 297 841
is_linear=0
shrinkage=0.03


Tree=31
num_leaves=15
num_cat=0
split_feature=0 29 8 45 76 84 0 84 84 80 0 3 3 3
split_gain=195.717 84.3698 75.8855 40.8786 35.6055 35.4874 29.1957 28.7447 27.674 24.4923 20.9838 19.4987 19.099 19.4711
threshold=56.500000000000007 0.91163137398077165 4.3339587165264906 9.5000000000000018 133.59285902976993 23.176345030466717 243.50000000000003 136.2838052113851 80.779652158419296 16.336725234985355 1.0000000180025095e-35 20.958333333343038 18.125000000000004 6.0416666666569663
decision_type=2 10 10 10 10 10 2 10 10 8 2 2 2 2
left_child=1 8 3 5 -5 -2 9 11 10 -4 -1 12 13 -3
right_child=2 7 6 4 -6 -7 -8 -9 -10 -11 -12 -13 -14 -15
leaf_value=-0.76532719992825893 -0.28344555788230003 -0.49882702597492024 -0.046279414925193336 2.0557393830787247 -0.42142543985560993 1.0700421638375368 5.1052743256658237 1.5068451357650934 0.049430979839229026 1.8902513674945063 -0.30798192979661149 1.0618280141547369 -1.1422991386726122 0.11239848994186545
leaf_weight=861 578 108 104 261 50 146 162 98 162 318 349 58 121 528
leaf_count=861 578 108 104 261 50 146 162 98 162 318 349 58 121 528
internal_value=-0.000921895 -0.0065748 0.00705556 0.00217181 0.01125 -0.00173793 0.0156923 0.000492341 -0.0112746 0.0114894 -0.0128324 -0.00136029 -0.00265172 -0.000565149
internal_weight=3904 2285 1619 1035 311 724 584 913 1372 422 1210 815 757 636
internal_count=3904 2285 1619 1035 311 724 584 913 1372 422 1210 815 757 636
is_linear=0
shrinkage=0.03


Tree=32
num_leaves=15
num_cat=0
split_feature=85 29 53 45 28 28 74 35 40 81 2 70 38 45
split_gain=113.915 91.5805 42.3453 40.2397 31.118 26.7571 24.2384 24.0809 24.6278 21.7972 20.1763 21.3075 19.6886 20.0969
threshold=-2.4213190674781795 0.873455848711301 7.5000000000000009 9.5000000000000018 235.50000000000003 182.50000000000003 45.067296290537051 26.089611111111115 1207.9853058364151 3586.0762547254567 1.0000000180025095e-35 0.81534090909090928 4244.1462815078348 8.5000000000000018
decision_type=8 10 10 10 2 2 8 10 10 8 2 8 10 8
left_child=2 10 6 9 5 -4 -1 8 -5 -3 12 -12 13 -2
right_child=1 3 4 7 -6 -7 -8 -9 -10 -11 11 -13 -14 -15
leaf_value=0.22689869027963602 -0.43614811078002741 0.97097595582831653 0.044947775667292397 1.1808182944575756 0.82818989811675103 -0.86513907867955808 -1.6940074539961267 -0.21575755713971453 4.077130675191996 0.14264970140479433 -0.12036266149546632 -0.0043631293209673103 -0.38956180494891812 0.12455611530987706
leaf_weight=67 132 195 202 441 115 127 616 53 169 1222 81 40 118 275
leaf_count=67 132 195 202 441 115 127 616 53 169 1222 81 40 118 275
internal_value=-0.000412558 0.00290429 -0.00843085 0.00596828 -0.00121348 -0.00590909 -0.013114 0.0120633 0.013748 0.00311001 -0.00695518 -0.0179508 -0.00439163 -0.00125
internal_weight=3853 2726 1127 2080 444 329 683 663 610 1417 646 121 525 407
internal_count=3853 2726 1127 2080 444 329 683 663 610 1417 646 121 525 407
is_linear=0
shrinkage=0.03


Tree=33
num_leaves=15
num_cat=0
split_feature=85 29 45 46 82 85 7 30 48 26 64 33 37 39
split_gain=115.551 72.8629 49.9443 41.5137 36.3098 25.3042 24.6595 23.0196 22.8255 20.406 27.996 17.8221 15.8446 16.0453
threshold=-38.244549314180993 0.86707031535816215 9.5000000000000018 930.00000000000011 92.747608065605178 125.40134090185167 5195.1445863448107 23.950000000000003 142.34063855806988 138.50000000000003 7.1535910716787043 21.353472222222226 2048.6873766933836 1695.4150407170443
decision_type=8 10 10 10 10 8 10 8 10 2 8 8 10 10
left_child=3 11 4 9 6 -6 7 12 -4 -1 -11 -2 13 -3
right_child=1 2 8 -5 5 -7 -8 -9 -10 10 -12 -13 -14 -15
leaf_value=-1.8507939095525652 0.0056510388548966974 0.1835105435522264 0.69827433405426254 0.03920383667232432 0.091518425451276739 1.5313283380194302 2.3892147310717604 -0.60389159755628341 2.8281037080697753 -1.2607502032603566 2.4772888952682171 -0.15255336853915386 1.2794932462856354 -0.30876721463681661
leaf_weight=542 206 541 398 217 181 227 52 247 301 81 40 413 64 332
leaf_count=542 206 541 398 217 181 227 52 247 301 81 40 413 64 332
internal_value=-0.000608899 0.00222747 0.0046459 -0.0101476 0.00178723 0.00953545 -0.000776071 -0.00167089 0.0113571 -0.0138705 -0.00270492 -0.00691935 0.000479744 -0.000583524
internal_weight=3842 2962 2343 880 1644 408 1236 1184 699 663 121 619 937 873
internal_count=3842 2962 2343 880 1644 408 1236 1184 699 663 121 619 937 873
is_linear=0
shrinkage=0.03


Tree=34
num_leaves=15
num_cat=0
split_feature=80 27 45 1 60 27 3 2 3 40 83 83 24 67
split_gain=97.9467 65.2023 61.148 33.7671 33.4292 33.0898 27.7277 27.1355 21.7461 21.517 19.7946 18.6906 17.3668 17.1904
threshold=88.33819687366487 0.91030061892130865 7.5000000000000009 659.08346462249767 -118.70768964290617 0.8734904699548961 20.958333333343038 1.0000000180025095e-35 9.1250000000000018 877.23184433805216 55.831604480743415 -326.85508012771601 45.500000000000007 172.35437778213569
decision_type=10 10 8 2 8 10 2 2 2 10 8 8 2 10
left_child=1 2 8 -4 -3 9 11 13 -1 -2 12 -6 -7 -5
right_child=5 4 3 7 6 10 -8 -9 -10 -11 -12 -13 -14 -15
leaf_value=-0.27787785048141417 -1.1740614298372909 -3.1237497147379578 0.14879944152206412 -0.28938390517145296 -1.5451767578175608 0.8860696963484076 2.5085374005079313 -0.10341459573589043 -1.6743403576268991 0.37970459432027481 1.6079450907583479 0.14312871659232768 -0.44498911787274292 1.0327610379289776
leaf_weight=114 88 46 389 437 42 187 143 95 450 64 428 1187 89 79
leaf_count=114 88 46 389 437 42 187 143 95 450 64 428 1187 89 79
internal_value=-0.000187549 -0.00275562 -0.00697764 -0.00251748 0.00190275 0.00875146 0.0027531 -0.00691176 -0.0148673 -0.00392157 0.0114894 0.00129268 0.00519856 -0.00417795
internal_weight=3838 2982 1564 1000 1418 856 1372 611 564 152 704 1229 276 516
internal_count=3838 2982 1564 1000 1418 856 1372 611 564 152 704 1229 276 516
is_linear=0
shrinkage=0.03


Tree=35
num_leaves=15
num_cat=0
split_feature=85 29 45 45 84 31 27 2 3 66 4 27 29 7
split_gain=113.138 71.108 49.0155 34.1494 30.9542 29.147 26.2424 24.3118 24.3031 21.7265 19.6384 18.7587 16.6888 16.2244
threshold=-29.287706613540646 0.89763239002521722 9.5000000000000018 7.5000000000000009 150.56124365329745 19.42871621621622 0.91030061892130865 1.0000000180025095e-35 15.625000000000002 -277.27556729316706 8.5000000000000018 0.9148111495959097 0.90591147350029133 2667.7392932965199
decision_type=8 10 10 10 10 8 10 2 2 10 2 10 10 8
left_child=3 5 4 6 11 13 -1 10 -4 12 -7 -3 -5 -2
right_child=1 2 8 9 -6 7 -8 -9 -10 -11 -12 -13 -14 -15
leaf_value=-2.5536624133513959 -0.43869076413271385 -0.2775502822828359 1.0130101348962195 -0.11032085895928617 3.0833627393662524 -0.24329290341460566 -0.52541072053889293 -0.1008255827784767 3.4604385513001117 -0.90700021931088037 0.12093204966109343 0.2729821945651611 1.4783683476459488 0.50565621874695577
leaf_weight=345 191 323 325 102 91 362 220 93 232 191 117 909 82 263
leaf_count=345 191 323 325 102 91 362 220 93 232 191 117 909 82 263
internal_value=-0.000140369 0.00278638 0.00625199 -0.00918172 0.00310423 -0.00356378 -0.0138339 -0.00806283 0.0137097 -0.00215426 -0.0053125 0.00184915 0.00518919 0.00210989
internal_weight=3846 2906 1880 940 1323 1026 565 572 557 375 479 1232 184 454
internal_count=3846 2906 1880 940 1323 1026 565 572 557 375 479 1232 184 454
is_linear=0
shrinkage=0.03


Tree=36
num_leaves=15
num_cat=0
split_feature=0 45 83 29 83 3 74 3 59 81 0 85 24 3
split_gain=133.823 52.6417 47.3922 38.8587 38.3072 30.3688 29.6884 28.4019 25.3498 24.8127 24.6015 21.9663 20.1933 19.1357
threshold=46.500000000000007 10.500000000000002 98.097891449928298 0.91056453326334486 -59.046375393867486 21.125000000000004 280.63688410749893 18.458333333343038 -180.91653537750241 3605.8852480649953 243.50000000000003 -79.220352927843706 39.500000000000007 15.041666666656967
decision_type=2 10 10 10 8 2 10 2 8 10 2 8 2 2
left_child=2 4 3 11 7 -5 8 13 -6 -4 -3 -1 -8 -2
right_child=1 10 9 5 6 -7 12 -9 -10 -11 -12 -13 -14 -15
leaf_value=-1.843110805920227 -0.64941372121867624 0.91956455872404574 1.5496511087213789 -0.20978298085971653 1.581248527297513 1.4037861049268299 -0.37156324525816453 -1.4321202697170154 0.62979613132993095 0.03951004471044494 4.843542383873416 -0.2039615251683228 0.96417334956339062 0.56580619972539437
leaf_weight=365 189 223 52 666 81 42 98 102 630 252 159 785 83 124
leaf_count=365 189 223 52 666 81 42 98 102 630 252 159 785 83 124
internal_value=-0.000911215 0.0054142 -0.00585298 -0.00764927 0.00254587 -0.00211566 0.00604703 -0.00497596 0.00880618 0.00511475 0.0151958 -0.0110513 -0.00478022 -0.000477707
internal_weight=3851 1689 2162 1858 1307 708 892 415 711 304 382 1150 181 313
internal_count=3851 1689 2162 1858 1307 708 892 415 711 304 382 1150 181 313
is_linear=0
shrinkage=0.03


Tree=37
num_leaves=15
num_cat=0
split_feature=0 27 8 83 45 60 67 83 17 1 41 76 81 64
split_gain=142.441 67.1019 63.4242 40.857 28.7015 26.2778 25.7553 25.0561 34.1616 21.0131 20.9781 19.4849 23.267 19.3756
threshold=67.500000000000014 0.90486029122392775 4.012505536383606 123.58128261566164 8.5000000000000018 -107.04284620285033 229.76968989372259 4.2720547914505014 10.500000000000002 626.5180026292802 90.547409296035781 276.09044134616857 4536.5667403936395 6.5627332737134312
decision_type=2 10 10 10 8 8 8 8 2 2 10 10 10 8
left_child=1 4 7 5 -1 -3 -4 11 -9 -6 -7 12 -2 -14
right_child=2 3 6 -5 9 10 -8 8 -10 -11 -12 -13 13 -15
leaf_value=-1.2024391354896991 0.99121083131969534 -2.3357676315367439 0.6009893505212649 1.4883062909972686 0.098904634436804667 0.03922378704887157 2.7843589615455131 -0.71189390109606021 0.70283098925003162 -0.094021369127175444 -0.51526245272767646 -0.8696311825990346 -0.89173765527923632 0.59651820289685165
leaf_weight=686 95 69 235 163 93 840 413 53 344 428 132 116 98 53
leaf_count=686 95 69 235 163 93 840 413 53 344 428 132 116 98 53
internal_value=-0.000785546 -0.00521144 0.00679687 -0.00019917 -0.010207 -0.00238964 0.0136826 0.000907895 0.00610553 -0.00488506 -0.00110997 -0.00479339 0 -0.00730263
internal_weight=3818 2411 1407 1204 1207 1041 648 759 397 521 972 362 246 151
internal_count=3818 2411 1407 1204 1207 1041 648 759 397 521 972 362 246 151
is_linear=0
shrinkage=0.03


Tree=38
num_leaves=15
num_cat=0
split_feature=0 8 30 83 83 0 64 78 28 53 59 1 6 28
split_gain=138.885 57.6337 37.4938 36.7968 28.7005 28.6377 23.2982 23.1467 22.3271 22.3064 27.7653 21.6759 20.6098 20.5102
threshold=27.500000000000004 4.441831023352365 1.0500000000000003 8.0886323451995867 98.097891449928298 243.50000000000003 5.3761503317096997 0.70833333333333337 132.50000000000003 9.5000000000000018 -1712.5867036581037 622.4528832435609 750.00000000000011 224.50000000000003
decision_type=2 10 10 10 10 2 10 10 2 10 10 2 10 2
left_child=2 3 -1 9 11 6 -3 -5 -9 10 -2 -4 -11 -12
right_child=1 5 4 7 -6 -7 -8 8 -10 12 13 -13 -14 -15
leaf_value=-0.00114535039494001 1.2032026684346804 1.5380537110613564 -0.056957100814411028 -0.6636813768851243 0.028690798062662989 4.6203971664967458 -0.040688674483260599 -0.73231237162542062 1.5625136502768038 1.8938068695569024 -0.54284904807524437 -0.57452261503796875 -0.27973772545930614 -0.00088910750525358787
leaf_weight=531 40 363 148 43 196 151 159 44 271 121 399 1053 69 268
leaf_count=531 40 363 148 43 196 151 159 44 271 121 399 1053 69 268
internal_value=-0.00115115 0.00454121 -0.00684292 0.000740446 -0.0094206 0.0116172 0.00826004 0.00885794 0.0116772 -0.00250557 -0.00495763 -0.0111564 0.00659686 -0.00642216
internal_weight=3856 1928 1928 1255 1397 673 522 358 315 897 707 1201 190 667
internal_count=3856 1928 1928 1255 1397 673 522 358 315 897 707 1201 190 667
is_linear=0
shrinkage=0.03


Tree=39
num_leaves=15
num_cat=0
split_feature=0 27 53 67 53 79 3 77 82 41 85 84 60 39
split_gain=119.436 57.1321 46.1673 37.2183 35.4843 32.0937 31.5473 25.6114 23.2326 22.53 20.9524 20.0819 19.1468 20.6366
threshold=77.500000000000014 0.91030061892130865 10.500000000000002 -155.61108865235977 7.5000000000000009 24.705113759924782 5.9583333333430355 144.3203441500664 -33.674072265624993 -97.818839788436875 205.69454371929172 76.871282339096084 6.8580247163772592 2454.0748203983303
decision_type=2 10 8 8 8 10 2 8 8 10 8 10 10 10
left_child=1 4 5 -3 8 10 7 -5 -1 -8 -2 -11 13 -10
right_child=2 3 -4 6 -6 -7 9 -9 12 11 -12 -13 -14 -15
leaf_value=-2.3479168446839189 0.22030378402716436 -2.2614559580965321 3.3758862344494602 0.13342764977347646 -0.079052802943584924 -0.34522415712682253 0.76515482262663559 -0.92821247859120792 -0.6713538135889584 -0.014385927900891583 1.3130724601432682 1.2770762618607381 0.38704029355238168 -2.4656568578197113
leaf_weight=229 507 75 308 64 798 147 168 73 222 644 319 173 74 66
leaf_count=229 507 75 308 64 798 147 168 73 222 644 319 173 74 66
internal_value=-0.000116339 -0.00382683 0.00737129 0.000976628 -0.00796403 0.00415811 0.00235085 -0.011087 -0.0135304 0.00422921 0.00645707 0.00216381 -0.00876033 -0.0122491
internal_weight=3867 2586 1281 1197 1389 973 1122 137 591 985 826 817 362 288
internal_count=3867 2586 1281 1197 1389 973 1122 137 591 985 826 817 362 288
is_linear=0
shrinkage=0.03


Tree=40
num_leaves=15
num_cat=0
split_feature=0 83 82 43 62 53 67 80 27 67 51 1 65 48
split_gain=108.378 45.8014 44.4451 44.2291 36.0294 30.8465 30.4245 24.4702 23.9267 22.6861 29.5884 20.7847 20.2634 18.8787
threshold=56.500000000000007 -67.552277088165269 -6.381268183390298 495.02983534465216 -0.011832069534950881 8.5000000000000018 215.06761027384209 -23.468756794929501 0.862622549019608 -99.394935578107834 -1.9720923900604246 659.08346462249767 0.86560658622244302 184.01345161596939
decision_type=2 8 8 10 10 10 10 8 10 8 8 2 8 10
left_child=2 4 5 11 -2 -1 7 -3 -9 -5 -11 -4 -6 -8
right_child=1 6 3 9 12 -7 13 8 -10 10 -12 -13 -14 -15
leaf_value=-1.3253904328377728 1.2706595952379347 -0.89884735842143371 0.37350614607140115 -2.358175169979619 1.297276373615089 0.021867671230418644 1.4294879862044092 -0.13839280349619382 0.89430834998475484 -0.19677008333664384 0.00944387733800966 -0.12306558627425601 -0.97449653663241576 5.9838765847170112
leaf_weight=514 140 81 477 110 55 119 184 118 659 235 151 691 223 107
leaf_count=514 140 81 477 110 55 119 184 118 659 235 151 691 223 107
internal_value=-0.000589909 0.00549107 -0.0047389 -0.00216216 -0.00300716 -0.0114984 0.00858261 0.00572759 0.00736504 -0.00965795 -0.00620155 0.00102652 -0.00924731 0.0169521
internal_weight=3864 1567 2297 1664 418 633 1149 858 777 496 386 1168 278 291
internal_count=3864 1567 2297 1664 418 633 1149 858 777 496 386 1168 278 291
is_linear=0
shrinkage=0.03


Tree=41
num_leaves=15
num_cat=0
split_feature=0 11 84 0 43 81 29 28 70 50 3 67 15 29
split_gain=101.544 58.2619 56.1158 52.5238 45.5348 32.4106 27.7478 26.0209 29.1208 21.3447 24.8806 18.7023 17.7467 17.1183
threshold=67.500000000000014 330.00000000000006 45.101051211357124 243.50000000000003 236.17563958545966 3385.9939707517628 0.96536027117830592 259.50000000000006 0.55050505050505061 3196.8798408508305 5.7083333333430355 -147.85418197465319 13.500000000000002 0.91389144142716827
decision_type=2 2 10 2 10 10 10 2 10 10 2 8 2 10
left_child=2 3 4 12 7 -4 -3 8 9 10 -1 -6 -2 -13
right_child=1 6 5 -5 11 -7 -8 -9 -10 -11 -12 13 -14 -15
leaf_value=-0.44410551002171134 1.3912843888845221 -0.38030114167999968 1.7586670962263757 4.5246166184759309 -2.4302145381438307 0.076146957570197418 1.1262703249518773 0.46682732470990085 -0.53157122810726976 -1.03502648937367 0.79584872272735097 -0.42675247338681549 0.18699517829284701 -0.168028171210549
leaf_weight=43 291 281 77 241 178 490 64 125 519 41 161 605 505 179
leaf_count=43 291 281 77 241 178 490 64 125 519 41 161 605 505 179
internal_value=-0.000584057 0.00590022 -0.00429103 0.00945087 -0.00681965 0.00396127 -0.00476879 -0.00192135 -0.004 0.0045122 0.0084878 -0.0113396 0.00572146 -0.00932484
internal_weight=3800 1382 2418 1037 1851 567 345 889 764 245 204 962 796 784
internal_count=3800 1382 2418 1037 1851 567 345 889 764 245 204 962 796 784
is_linear=0
shrinkage=0.03


Tree=42
num_leaves=15
num_cat=0
split_feature=0 11 27 43 0 53 80 80 29 29 42 35 2 20
split_gain=90.7833 55.2438 50.5725 47.7919 41.6534 40.7609 31.1458 30.663 38.9431 20.0531 19.0479 17.0587 17.0338 16.5626
threshold=90.500000000000014 330.00000000000006 0.90132150930273014 569.51409323227188 325.50000000000006 7.5000000000000009 95.561455726623549 107.45434272289278 0.93960780598711646 0.97071383900652208 462.06511592864996 16.254041666666669 1.0000000180025095e-35 117.02162611484529
decision_type=2 2 10 10 2 8 8 10 10 10 8 10 2 10
left_child=2 4 5 7 6 -1 -2 11 -9 -3 12 -4 -7 -5
right_child=1 9 3 13 -6 10 -8 8 -10 -11 -12 -13 -14 -15
leaf_value=-1.3570992595736782 0.048267968488941479 -0.39142554655077672 -0.10297862829860602 -1.2513139059196114 6.6392871424255571 -0.14385220858252196 1.7300631644598166 1.9997501373582778 -0.058712975993297251 0.97652516828061176 0.021963135219473837 0.53055754341189243 -0.073068643872139419 0.45502511896433417
leaf_weight=488 328 271 817 158 124 558 422 162 104 48 73 169 84 41
leaf_count=488 328 271 817 158 124 558 422 162 104 48 73 169 84 41
internal_value=-0.000413202 0.00645729 -0.00350282 0.000268595 0.0103543 -0.00804817 0.00766977 0.00244214 0.0114607 -0.00421875 -0.00347765 0 -0.00513219 -0.01335
internal_weight=3847 1193 2654 1451 874 1203 750 1252 266 319 715 986 642 199
internal_count=3847 1193 2654 1451 874 1203 750 1252 266 319 715 986 642 199
is_linear=0
shrinkage=0.03


Tree=43
num_leaves=15
num_cat=0
split_feature=0 29 8 85 81 60 40 80 77 84 36 27 46 29
split_gain=87.1462 52.1512 46.2745 32.1558 28.1192 23.6094 22.3919 20.3968 19.685 19.5652 19.4553 19.1294 18.5236 18.4515
threshold=81.500000000000014 0.90670953912111474 4.0060458972791624 -79.220352927843706 1587.2678377628329 327.76127040386206 701.74781815021186 30.415309309959415 -69.801007568836198 -61.892289479573556 0.36867654573326525 0.89922011970255744 3630.0000000000005 0.93885340395700279
decision_type=2 10 10 8 8 8 10 10 8 8 10 10 10 10
left_child=1 3 4 6 -2 9 8 11 -1 -4 -5 -3 -6 -9
right_child=2 7 5 10 12 -7 -8 13 -10 -11 -12 -13 -14 -15
leaf_value=-2.3039625569281186 4.051643238867908 -0.65358027805896823 -0.2235247861817774 -0.18256219600680118 -0.09047068414917106 3.6070744501759395 0.21848173082484582 0.7394830102420572 -0.35792168098548466 1.394280064920348 0.39126567636811349 -0.038218436922813424 1.3125374725202343 -0.052392415245183344
leaf_weight=268 40 73 83 854 601 173 44 279 82 327 131 620 45 205
leaf_count=268 40 73 83 854 601 173 44 279 82 327 131 620 45 205
internal_value=-0.000352849 -0.00354321 0.00607087 -0.0075 0.000786026 0.0122774 -0.0147342 0.00109508 -0.017265 0.00832117 -0.00459432 -0.00220461 -0.000741886 0.00581443
internal_weight=3825 2556 1269 1379 686 583 394 1177 350 410 985 693 646 484
internal_count=3825 2556 1269 1379 686 583 394 1177 350 410 985 693 646 484
is_linear=0
shrinkage=0.03


Tree=44
num_leaves=15
num_cat=0
split_feature=82 29 3 67 40 3 28 74 83 37 84 43 58 6
split_gain=81.2445 52.9824 35.303 31.5215 30.6565 29.1435 31.9884 30.7626 27.289 24.0413 18.6386 18.5551 17.5587 17.1812
threshold=-33.674072265624993 0.873455848711301 20.625000000000004 -12.150211760109594 1005.5523369394917 5.9583333333430355 206.50000000000003 243.3351795038416 9.3235359191894549 1829.6726007230427 -76.188870429992662 675.44764103792602 2276.9026728868489 690.00000000000011
decision_type=8 10 2 8 10 2 2 10 8 10 8 10 10 10
left_child=4 9 3 11 -1 -5 7 13 -4 12 -8 -3 -2 -7
right_child=1 2 8 5 -6 6 10 -9 -10 -11 -12 -13 -14 -15
leaf_value=-1.1313424441609743 -0.014411010322351064 -0.2822075534372428 -0.15583826849074131 -0.42654643276441745 0.18425736556355848 0.79815157633231237 -0.002413121407773815 -0.89270011300026519 2.3116884069416304 -0.36335377888939141 1.1864812915669276 -1.8277940692127725 -0.33425331502117112 0.014902789844022343
leaf_weight=595 492 325 88 183 96 283 119 117 248 184 553 56 47 450
leaf_count=595 492 325 88 183 96 283 119 117 248 184 553 56 47 450
internal_value=-0.000187647 0.0018595 0.00398679 0.00252995 -0.00949422 0.00427315 0.00563362 0.00176263 0.012997 -0.00526243 0.0105201 -0.00526178 -0.00205556 0.00404632
internal_weight=3836 3145 2422 2086 691 1705 1522 850 336 723 672 381 539 733
internal_count=3836 3145 2422 2086 691 1705 1522 850 336 723 672 381 539 733
is_linear=0
shrinkage=0.03


Tree=45
num_leaves=15
num_cat=0
split_feature=0 32 53 11 0 85 50 28 11 83 31 65 7 39
split_gain=85.3591 52.4601 48.3737 43.0664 44.2345 27.2975 25.3689 25.4877 23.1979 19.7867 18.9125 17.9516 17.8035 22.1995
threshold=90.500000000000014 0.52506265664160412 7.5000000000000009 390.00000000000006 243.50000000000003 -62.749523758888245 8.5342426300048846 250.50000000000003 870.00000000000011 81.19319593906404 13.336666666666671 1.0445755225996647 4925.3465560779887 1779.2051877915781
decision_type=2 10 8 2 2 8 10 2 2 8 8 10 10 10
left_child=1 2 5 4 12 -1 7 11 -5 -10 -7 -4 13 -2
right_child=3 -3 6 8 -6 10 -8 -9 9 -11 -12 -13 -14 -15
leaf_value=-2.0050661805130106 1.0098583176903861 0.22407003910335227 0.02746940560921704 -0.70916632636988564 3.9092902197201997 0.11397564977133075 -0.13912673336997419 0.60886198235903766 -0.44803216771987392 0.84176447491003892 -0.83750094542779885 -0.72382013407977608 2.2512531741515676 -0.00024383852463017773
leaf_weight=356 160 561 423 162 257 162 554 148 45 50 307 143 70 434
leaf_count=356 160 561 423 162 257 162 554 148 45 50 307 143 70 434
internal_value=-0.000406992 -0.00338983 -0.00557307 0.00631043 0.00933839 -0.0112228 -0.00189125 0.00184615 -0.00453488 0.0071875 -0.00644681 -0.0010582 0.00523308 0.00352941
internal_weight=3832 2654 2093 1178 921 825 1268 714 257 95 469 566 664 594
internal_count=3832 2654 2093 1178 921 825 1268 714 257 95 469 566 664 594
is_linear=0
shrinkage=0.03


Tree=46
num_leaves=15
num_cat=0
split_feature=0 80 67 82 74 28 41 74 53 17 11 67 53 80
split_gain=92.9551 47.9201 47.5006 41.0483 35.5334 27.2308 25.4565 26.5767 20.5658 19.7562 18.9426 17.9001 17.0653 15.7245
threshold=77.500000000000014 74.198228836059585 -188.17690091729165 -33.674072265624993 2237.6407448043287 252.50000000000003 144.21701884269717 1400.7087723346278 10.500000000000002 16.500000000000004 510.00000000000006 448.47620174288755 9.5000000000000018 141.08551847934726
decision_type=2 8 8 8 10 2 10 8 8 2 2 8 10 10
left_child=2 10 -1 5 8 12 7 13 -3 -9 11 -2 -4 -5
right_child=1 4 3 6 -6 -7 -8 9 -10 -11 -12 -13 -14 -15
leaf_value=-2.0604184445447058 -0.25298387619837609 0.96172131782504267 -1.4346833347132462 0.22683975438197265 -0.21519637876435191 0.088698892533213794 -0.36957888300971886 -0.8721716672008698 4.2818235162118823 -0.024615262164398313 -0.63747765607085405 1.1118987884385239 0.10969059909330316 2.6362023343005991
leaf_weight=178 231 479 305 395 79 90 170 98 211 1198 123 175 41 71
leaf_count=178 231 479 305 395 79 90 170 98 211 1198 123 175 41 71
internal_value=-0.000202861 0.00632794 -0.00353357 -0.00240608 0.0111039 -0.0107094 -0.000527677 0.000544526 0.0132851 -0.00166538 -0.000622642 0.00250614 -0.0145245 0.00668094
internal_weight=3844 1298 2546 2368 769 436 1932 1762 690 1296 529 406 346 466
internal_count=3844 1298 2546 2368 769 436 1932 1762 690 1296 529 406 346 466
is_linear=0
shrinkage=0.03


Tree=47
num_leaves=15
num_cat=0
split_feature=29 0 0 77 83 81 73 76 41 84 83 28 45 79
split_gain=78.1426 42.6888 42.4281 36.2344 31.9634 22.7793 18.9084 18.2983 17.8798 16.8472 15.9696 15.2865 20.4017 16.3102
threshold=0.90591147350029133 243.50000000000003 -19.499999999999996 -292.55850327014917 147.63712191581729 4747.6293251514444 30.872934937477115 3924.4588472843175 -118.02781558036803 48.718312939008079 -65.178555369377122 218.50000000000003 7.5000000000000009 12.885430294637409
decision_type=10 2 2 8 10 8 8 8 8 8 8 2 10 8
left_child=2 4 9 -4 6 -5 11 -3 -8 -1 -10 -2 13 -13
right_child=1 7 3 5 -6 -7 8 -9 10 -11 -12 12 -14 -15
leaf_value=-1.7179747775486298 -0.61361075210701543 0.55069820307717832 -0.96815239589648794 0.82175117508181317 1.5211284366562459 -0.034783905105784253 0.87541281879441302 3.7081530797954354 -0.28352016943983815 -0.46434160656796358 0.33628245829515674 -0.84911543753728091 0.64036105682227673 0.081282285664999773
leaf_weight=321 248 73 99 169 169 916 48 152 322 244 811 61 115 79
leaf_count=321 248 73 99 169 169 916 48 152 322 244 811 61 115 79
internal_value=-0.000180251 0.0037518 -0.00485143 -0.00162025 0.00224919 -2.76243e-05 0.000997033 0.0160619 0.00307107 -0.0116078 0.00230159 -0.00386905 0.00128906 -0.00638298
internal_weight=3827 2078 1749 1184 1853 1085 1684 225 1181 565 1133 503 255 140
internal_count=3827 2078 1749 1184 1853 1085 1684 225 1181 565 1133 503 255 140
is_linear=0
shrinkage=0.03


Tree=48
num_leaves=15
num_cat=0
split_feature=0 0 76 84 82 60 77 14 27 39 29 43 53 56
split_gain=80.7516 40.4963 37.3737 36.8815 27.4857 24.0282 23.3281 21.3108 22.0937 20.6843 19.8155 17.4025 17.3548 17.3142
threshold=1.0000000180025095e-35 252.50000000000003 2217.7235084772115 44.080124417940787 15.385537107785543 -80.202543616294847 -292.55850327014917 858.12432565107883 0.89922011970255744 166.38796533469593 0.95939082108873841 595.74280184743952 9.5000000000000018 -29.711570223172505
decision_type=2 2 8 8 10 8 8 10 10 10 10 10 8 10
left_child=3 4 -3 5 6 -1 -2 8 -5 -10 12 -11 13 -8
right_child=1 2 -4 7 -6 -7 10 -9 9 11 -12 -13 -14 -15
leaf_value=-2.0577740955709971 -1.4018051589585696 -0.074478075161415802 3.7464882180623227 -0.089829843797464851 0.44096954616960432 -0.40139649287224666 0.46084146823110811 -0.35966150181073508 -0.56421268614745534 0.62952876912724776 1.3253476715500276 -0.63468277843436893 0.12592194393930795 -0.39200539609583435
leaf_weight=174 57 109 220 360 952 470 41 60 65 319 110 62 292 555
leaf_count=174 57 109 220 360 952 470 41 60 65 319 110 62 292 555
internal_value=-0.000233949 0.00326059 0.013 -0.00563865 0.00165837 -0.0110698 -0.00167614 -0.0015917 -0.000297398 0.00416107 -0.000600601 0.00683246 -0.00209224 -0.00502513
internal_weight=3846 2336 329 1510 2007 644 1055 866 806 446 998 381 888 596
internal_count=3846 2336 329 1510 2007 644 1055 866 806 446 998 381 888 596
is_linear=0
shrinkage=0.03


Tree=49
num_leaves=15
num_cat=0
split_feature=29 53 0 83 82 7 67 28 77 78 48 43 3 24
split_gain=80.2863 52.1315 39.7492 33.8038 27.7813 22.7728 21.7761 20.6754 22.5683 20.5961 21.6796 20.3228 19.0211 24.0009
threshold=0.90591147350029133 7.5000000000000009 243.50000000000003 63.872292995452888 -38.34798336029052 5046.7826956723011 -172.21324871164373 223.50000000000003 -54.499478757381432 0.70833333333333337 242.62879010041559 605.77801138740358 13.875000000000002 22.500000000000004
decision_type=10 8 2 10 8 8 8 2 8 8 8 10 2 2
left_child=1 4 3 5 -1 7 -6 8 12 -3 -11 -9 -2 -14
right_child=2 9 -4 -5 6 -7 -8 11 -10 10 -12 -13 13 -15
leaf_value=-2.0481110843671755 -1.184713800360732 -0.20546262799340537 2.3021754536526626 0.80375315218840671 -3.1606700913885351 0.76966818913679924 -0.27492567548395891 0.24185303485093909 0.099042600747967183 -0.024862992557762004 0.16616301413858456 -0.60349454644416367 0.80113797836871792 -0.49000721415778631
leaf_weight=227 145 253 240 432 68 142 363 506 270 634 182 118 64 166
leaf_count=227 145 253 240 432 68 142 363 506 270 634 182 118 64 166
internal_value=-0.000236158 -0.00501736 0.00372841 0.00222885 -0.011654 -2.12465e-05 -0.00715278 -0.00129921 -0.00506192 -0.000925234 0.00139535 0.002592 -0.00981383 -0.00441558
internal_weight=3810 1727 2083 1843 658 1411 431 1269 645 1069 816 624 375 230
internal_count=3810 1727 2083 1843 658 1411 431 1269 645 1069 816 624 375 230
is_linear=0
shrinkage=0.03


Tree=50
num_leaves=15
num_cat=0
split_feature=82 3 65 74 28 3 53 45 70 81 82 27 79 84
split_gain=66.2858 46.9513 46.2251 40.6017 29.8718 26.1044 25.7747 25.4057 23.8946 21.3224 19.5402 22.5146 19.2553 19.9178
threshold=-19.532269040743504 21.041666666656969 0.91150424444985456 2093.9686229951863 221.50000000000003 15.291666666656967 13.500000000000002 8.5000000000000018 0.78174603174603186 3605.8852480649953 60.036110917727164 0.96055872439720003 18.687737280866497 6.2300515572230024
decision_type=8 2 10 10 2 2 10 10 8 8 10 10 10 8
left_child=4 2 3 6 8 -6 10 9 -1 -4 -2 -12 13 -3
right_child=1 12 7 -5 5 -7 -8 -9 -10 -11 11 -13 -14 -15
leaf_value=0.17341541747160891 0.07496381343128164 0.83290372879807772 0.77991717608410516 -0.30641387329021147 -0.80389837952388954 0.26045554070453736 -0.07776179507298267 0.031998552681565325 -1.2820480938696615 -0.94964496728814651 1.1825533139694546 -0.10457529921966052 -0.065894481518172079 3.0674421325715966
leaf_weight=50 967 81 54 150 130 147 133 395 466 430 426 120 56 165
leaf_count=50 967 81 54 150 130 147 133 395 466 430 426 120 56 165
internal_value=-0.000572792 0.00148086 0.000213004 0.00297162 -0.00827456 -0.000323741 0.00433515 -0.00542045 -0.0125338 -0.0100206 0.00544914 0.00998172 0.0126733 0.0162753
internal_weight=3770 2977 2675 1796 793 277 1646 879 516 484 1513 546 302 246
internal_count=3770 2977 2675 1796 793 277 1646 879 516 484 1513 546 302 246
is_linear=0
shrinkage=0.03


Tree=51
num_leaves=15
num_cat=0
split_feature=29 53 83 50 31 41 74 81 77 26 81 72 65 81
split_gain=61.6178 32.6312 27.3367 26.3993 20.3053 20.4847 19.1782 19.0277 18.4498 16.8265 21.2674 17.6768 17.0606 15.2152
threshold=0.90591147350029133 7.5000000000000009 110.04707741737367 60.916535377502449 17.946428571428573 227.89424192905429 45.473868530437976 4747.6293251514444 15.129256129264833 138.50000000000003 6877.8774870634088 -127.92218530178069 0.97955832457576952 8584.5142171382922
decision_type=10 8 10 10 8 8 8 10 10 2 8 10 10 10
left_child=1 6 3 9 -3 -6 -1 -4 -9 -2 12 -12 -11 -8
right_child=2 4 7 -5 5 -7 13 8 -10 10 11 -13 -14 -15
leaf_value=0.88223036529915277 -0.23239626527560303 0.20189715254455343 1.5576003513747176 0.5631922881155238 -0.12570767069710703 0.023632420689421112 -0.76556259248089498 -0.16430039737248456 2.7813693983119898 0.58655255058337397 0.40504454247730759 1.0411630963780456 -1.3012789459155072 -1.9402521027862258
leaf_weight=50 724 463 125 788 450 176 438 112 47 41 87 87 51 177
leaf_count=50 724 463 125 788 450 176 438 112 47 41 87 87 51 177
internal_value=-0.000141472 -0.0042735 0.00337373 0.00198988 -0.00107339 -0.0045933 -0.0095045 0.012 0.0050625 -0.00127144 0.00516854 0.0113143 -0.00645161 -0.0109578
internal_weight=3816 1754 2062 1778 1089 626 665 284 159 990 266 174 92 615
internal_count=3816 1754 2062 1778 1089 626 665 284 159 990 266 174 92 615
is_linear=0
shrinkage=0.03


Tree=52
num_leaves=15
num_cat=0
split_feature=85 0 76 28 39 84 81 75 35 28 26 28 63 16
split_gain=75.2131 34.6545 39.4946 33.0253 27.5103 24.2127 22.2213 20.2264 19.7203 17.9408 17.584 16.7999 25.7155 19.7098
threshold=-28.389277736345928 248.50000000000003 3924.4588472843175 261.50000000000006 3885.1336429802545 76.871282339096084 4668.6520421504983 183.18499445915225 10.309230769230771 168.50000000000003 238.50000000000003 250.50000000000003 228.31753099741593 1.5000000000000002
decision_type=8 2 8 2 10 10 10 8 8 2 2 2 8 2
left_child=3 5 -3 4 8 10 -7 -5 9 -1 11 -2 13 -13
right_child=1 2 -4 7 -6 6 -8 -9 -10 -11 -12 12 -14 -15
leaf_value=0.2697316647709167 -0.065526015839750471 -0.21410431493423465 3.2634978219624462 1.1402241516443319 0.36595181878018213 1.1714803778264569 0.078549790325516969 -0.097143390904381871 -1.2065605354286484 -1.0011661128437253 -1.1512431127366689 -0.69122298974838048 -0.11362351622050118 0.87230889500838704
leaf_weight=95 1540 114 222 46 42 184 325 131 531 96 43 44 186 230
leaf_count=95 1540 114 222 46 42 184 325 131 531 96 43 44 186 230
internal_value=-0.000759791 0.00164071 0.0106825 -0.00812102 -0.0108235 0.000446533 0.00629412 0.00353933 -0.0121992 -0.00390625 -0.00101272 -0.0005997 0.00442516 0.0102545
internal_weight=3829 2888 336 941 764 2552 509 177 722 191 2043 2000 460 274
internal_count=3829 2888 336 941 764 2552 509 177 722 191 2043 2000 460 274
is_linear=0
shrinkage=0.03


Tree=53
num_leaves=15
num_cat=0
split_feature=85 29 45 7 39 29 47 83 27 85 6 45 56 43
split_gain=66.5575 42.2579 31.6648 24.5408 29.484 28.2478 21.7719 21.4183 18.9308 18.6281 16.9915 16.7012 15.7207 14.4707
threshold=-20.851303875446316 0.89866353137278254 7.5000000000000009 3486.0431026247902 1695.4150407170443 0.95464829288358721 1.0000000180025095e-35 92.910899281501784 0.90486029122392775 116.61309587955476 690.00000000000011 10.500000000000002 38.014462232589729 84.989408508933337
decision_type=8 10 10 10 10 10 10 10 10 10 10 8 8 10
left_child=2 10 8 4 7 9 -4 13 -1 11 12 -6 -2 -3
right_child=1 3 6 -5 5 -7 -8 -9 -10 -11 -12 -13 -14 -15
leaf_value=-1.8904260870916494 -0.11315274696612933 -0.035741570110933568 0.35480219629500859 1.3259744498361083 -0.35572460690262736 -1.1207608040177635 -0.44978200713626626 1.1732209403039406 -0.49562975131411652 1.3327178128512289 -0.13645945730332437 2.4465799116680813 0.17726167144030314 0.54948777986078079
leaf_weight=329 188 298 144 452 284 108 250 164 260 114 600 46 239 340
leaf_count=329 188 298 144 452 284 108 250 164 260 114 600 46 239 340
internal_value=-1.57192e-05 0.00231828 -0.0067378 0.00508024 0.00305535 -0.00227848 -0.000151899 0.00672478 -0.0111356 0.00107865 -0.00253891 -0.00253776 0.00203271 0.00422535
internal_weight=3816 2833 983 1806 1354 552 394 802 589 444 1027 330 427 638
internal_count=3816 2833 983 1806 1354 552 394 802 589 444 1027 330 427 638
is_linear=0
shrinkage=0.03


Tree=54
num_leaves=15
num_cat=0
split_feature=67 67 27 83 77 29 63 8 36 62 3 33 64 60
split_gain=64.1104 39.9909 36.6851 29.0753 29.1468 25.4572 21.9098 28.6114 24.8175 20.2203 18.2381 15.95 15.7107 15.4676
threshold=-184.14710521099093 617.65194018820796 0.91030061892130865 58.953629374504096 -244.4408195018768 0.93800051252482552 65.396118834910439 3.6695120983618983 0.23294573643410857 -0.017176283312372104 11.375000000000002 10.345949074074076 3.7756686004186268 333.51981353759771
decision_type=8 10 10 10 8 10 8 8 8 8 2 8 10 10
left_child=10 2 6 4 -4 -5 -2 8 -8 -6 -1 -9 -13 -11
right_child=1 -3 3 5 9 -7 7 11 -10 13 -12 12 -14 -15
leaf_value=0.20697750929902636 -0.41675095966309567 2.8917150290015878 -0.91937249939453591 1.3797146776484064 0.49875458441237758 0.035598836760570338 0.073518560478719241 1.154566721341552 -0.38625124718999526 -0.137533655858052 -2.4723828865783775 -0.016218446852698597 1.1991380783099865 0.78584787351308727
leaf_weight=41 810 116 121 245 312 184 103 40 256 792 161 328 187 130
leaf_count=41 810 116 121 245 312 184 103 40 256 792 161 328 187 130
internal_value=-0.00073687 0.000182069 -0.000393274 0.00262185 0.000464602 0.0094186 -0.00351304 -0.000327869 -0.00691667 0.00184615 -0.0171429 0.00393885 0.0025 -0.000390033
internal_weight=3826 3624 3508 1784 1355 429 1724 914 359 1234 202 555 515 922
internal_count=3826 3624 3508 1784 1355 429 1724 914 359 1234 202 555 515 922
is_linear=0
shrinkage=0.03


Tree=55
num_leaves=15
num_cat=0
split_feature=0 84 80 3 81 8 3 29 82 31 0 3 81 17
split_gain=66.6043 38.0147 30.6413 25.7778 24.75 23.0928 33.9318 23.0819 22.4218 19.9228 18.6722 22.3005 18.2059 18.1387
threshold=-4.4999999999999991 82.464502930641189 95.561455726623549 2.3750000000000004 7275.1010299921045 4.0843675692498751 15.708333333343036 0.95657137184832253 -39.674277702967323 13.75504807692308 75.500000000000014 9.1250000000000018 6877.8774870634088 44.000000000000007
decision_type=2 8 10 2 10 10 2 10 10 10 2 2 10 2
left_child=1 4 5 -4 8 -2 10 -5 -1 -3 12 -12 13 -7
right_child=2 9 3 7 -6 6 -8 -9 -10 -11 11 -13 -14 -15
leaf_value=-1.2279224229503629 -0.076057315251236796 0.21808084487999266 -0.31109044702570754 1.5621276671016957 -1.408503434796142 -0.5617110327121575 0.98018653884760787 -0.43834434282906387 0.01793809692792207 -0.41892418857459318 2.0793544701127495 -0.26154770658946913 0.2663565898713503 0.020057931806302855
leaf_weight=106 1191 310 65 486 342 152 297 75 227 201 117 110 62 92
leaf_count=106 1191 310 65 486 342 152 297 75 227 201 117 110 62 92
internal_value=-0.000211268 -0.00611626 0.0024358 0.00822967 -0.010784 0.000637982 0.00447653 0.0103025 -0.00494012 5.85937e-05 -5.61798e-05 0.00644737 -0.00488599 -0.00857143
internal_weight=3833 1186 2647 626 675 2021 830 561 333 511 533 227 306 244
internal_count=3833 1186 2647 626 675 2021 830 561 333 511 533 227 306 244
is_linear=0
shrinkage=0.03


Tree=56
num_leaves=15
num_cat=0
split_feature=0 80 67 77 29 35 80 80 29 7 4 78 75 45
split_gain=63.0027 40.6109 33.5835 28.7955 24.2945 24.7241 23.9811 20.4804 19.6081 38.0807 18.6524 18.5073 16.4705 16.3068
threshold=-25.499999999999996 74.198228836059585 -188.17690091729165 -291.74999999999994 0.95657137184832253 25.813700838168923 -56.016805171966546 -2.68707263469696 0.93435318435318448 3486.0431026247902 8.5000000000000018 0.70833333333333337 718.50471162796032 2.5000000000000004
decision_type=2 10 8 8 10 8 8 10 10 10 2 8 8 10
left_child=2 3 -1 7 5 -3 -4 -2 10 -10 13 12 -8 -5
right_child=1 4 6 8 -6 -7 11 -9 9 -11 -12 -13 -14 -15
leaf_value=-1.8586053371023579 -1.4486116044570223 1.3265795640546598 -1.5422210262521163 0.058391977892904533 -0.23096775859845278 -0.082449321298115219 0.20533665031999693 0.17575633807016258 0.062096574363757068 2.0629888429315808 0.16938722245787691 0.095524868507199864 -0.97825643487319303 -0.14872616320789431
leaf_weight=154 86 626 181 80 115 74 44 41 395 140 306 393 85 1106
leaf_count=154 86 626 181 80 115 74 44 41 395 140 306 393 85 1106
internal_value=6.27123e-05 0.00213131 -0.0070979 -2.78422e-05 0.00783088 0.00992867 -0.00430398 -0.0138281 0.000843195 0.00576493 -0.000924313 -0.0010325 -0.0108462 -0.00262848
internal_weight=3826 2969 857 2154 815 700 703 127 2027 535 1492 522 129 1186
internal_count=3826 2969 857 2154 815 700 703 127 2027 535 1492 522 129 1186
is_linear=0
shrinkage=0.03


Tree=57
num_leaves=15
num_cat=0
split_feature=0 27 11 0 43 45 83 36 84 17 40 77 62 71
split_gain=55.3216 41.3167 30.4872 34.6701 28.9819 27.4852 22.2516 24.4553 20.1673 18.5243 20.832 16.6286 22.6052 15.4795
threshold=90.500000000000014 0.91030061892130865 390.00000000000006 331.00000000000006 576.83658492047391 7.5000000000000009 94.882938146591201 0.16482716798059432 53.129394690195731 35.000000000000007 852.95105871751105 -102.66239511966704 0.039101609545326189 9.5000000000000018
decision_type=2 10 2 2 10 8 8 10 10 2 10 10 8 8
left_child=1 5 3 9 8 6 -1 -8 13 10 -2 12 -7 -3
right_child=2 4 -4 -5 -6 11 7 -9 -10 -11 -12 -13 -14 -15
leaf_value=-1.4958972205658412 2.0619987755073561 -0.41818959267849998 -0.3099145071962236 5.1595196998654789 -0.79194031368814555 -0.28522560425787086 -0.87449225889088811 0.36050280448852856 0.84186535360349479 0.036979391002290994 0.38764297024362682 -0.25648702261946543 0.049644218686889188 0.15057235373354422
leaf_weight=389 188 226 264 119 147 308 43 118 286 373 233 207 347 577
leaf_count=389 188 226 264 119 147 308 43 118 286 373 233 207 347 577
internal_value=-0.00029012 -0.00269536 0.00511885 0.00771335 0.00130962 -0.00619958 -0.0114338 -0.00203704 0.003 0.00543396 0.00973934 -0.00285052 -0.000503049 0.000559701
internal_weight=3825 2648 1177 913 1236 1412 550 161 1089 794 421 862 655 803
internal_count=3825 2648 1177 913 1236 1412 550 161 1089 794 421 862 655 803
is_linear=0
shrinkage=0.03


Tree=58
num_leaves=15
num_cat=0
split_feature=85 3 77 67 29 39 39 4 14 77 13 70 77 64
split_gain=59.7434 35.0831 29.8285 27.2972 21.066 20.2229 17.7849 22.5 17.6047 16.8935 14.9713 16.0449 14.6349 14.5141
threshold=-25.279912968476609 5.9583333333430355 -120.90247732400893 596.58559644527941 0.90591147350029133 4512.7353701189886 1394.1066431397176 4.5000000000000009 120.97157499983108 -102.10408639907835 90.000000000000014 0.76696832579185525 -170.43623745441434 4.4425835345467828
decision_type=8 2 8 10 10 10 10 2 8 8 10 10 10 8
left_child=2 -2 12 4 9 6 7 -6 -8 10 -3 -12 -1 -10
right_child=1 3 -4 -5 5 -7 8 -9 13 -11 11 -13 -14 -15
leaf_value=-0.70546895782008157 -0.21952379438037498 0.61279203122709813 -0.086844846595885886 3.0122687258556193 -0.010321404451857247 1.8184181407968338 -1.2663249446312701 0.98838485938664211 -0.25130087798670664 -0.073830981509469193 0.21786099240385748 -0.27502241665002186 -1.6335452463281872 0.70836212400906429
leaf_weight=319 352 174 448 107 200 143 47 362 256 505 101 212 189 432
leaf_count=319 352 174 448 107 200 143 47 362 256 505 101 212 189 432
internal_value=-8.57588e-05 0.00206432 -0.00658307 0.00329528 0.00263872 0.00495489 0.00376733 0.00777975 0.000692935 -0.000725076 0.0032582 -0.00066879 -0.0115521 0.00191582
internal_weight=3847 2891 956 2539 2432 1440 1297 562 735 992 487 313 508 688
internal_count=3847 2891 956 2539 2432 1440 1297 562 735 992 487 313 508 688
is_linear=0
shrinkage=0.03


Tree=59
num_leaves=15
num_cat=0
split_feature=85 65 54 28 3 28 48 39 69 26 64 49 61 59
split_gain=51.2568 34.9188 28.5253 28.0389 37.0607 27.6378 25.6554 24.3126 23.4855 23.3505 20.2219 17.2844 16.5756 13.582
threshold=-38.244549314180993 0.82316342367070094 930.00000000000011 204.50000000000003 5.9583333333430355 466.50000000000006 -40.424691081047051 335.76637155128361 78.592751754150143 138.50000000000003 3.9795249732274747 10.500000000000002 0.72399904071839638 -45.72670114040374
decision_type=8 8 10 2 2 2 10 10 8 2 10 8 8 10
left_child=2 13 9 6 8 11 7 -3 -5 -1 -11 -6 -4 -2
right_child=1 3 12 4 5 -7 -8 -9 -10 10 -12 -13 -14 -15
leaf_value=-0.99085425540636629 2.4986506853727883 -0.71579054059055836 -0.36987475891008753 0.57163340648264682 0.62550099541904802 -1.9598698213705541 -0.14600236015107576 0.27923505838189788 -0.49570066826999548 0.78990909175255286 -0.51745819053963193 -0.21848976777358667 0.62529024798498278 -0.071299127078578411
leaf_weight=593 175 40 61 49 859 41 1224 263 134 41 77 115 125 55
leaf_count=593 175 40 61 49 859 41 1224 263 134 41 77 115 125 55
internal_value=-0.000638464 0.00126861 -0.00691537 0.000319149 0.00375313 0.00599409 -0.00237565 0.00542763 -0.0086413 -0.00964888 0.00252101 0.00701538 0.00352941 0.0124675
internal_weight=3852 2955 897 2725 1198 1015 1527 303 183 711 118 974 186 230
internal_count=3852 2955 897 2725 1198 1015 1527 303 183 711 118 974 186 230
is_linear=0
shrinkage=0.03


Tree=60
num_leaves=15
num_cat=0
split_feature=85 67 46 81 74 26 15 78 65 53 82 80 67 81
split_gain=52.049 31.1504 27.9067 23.3876 19.791 18.6212 17.9364 17.5147 19.5806 27.7762 16.7504 16.4296 16.1482 20.3922
threshold=-38.244549314180993 448.47620174288755 930.00000000000011 1639.4267635345461 3263.9302320842576 135.50000000000003 33.500000000000007 0.70833333333333337 0.89686205155151633 10.500000000000002 7.3096038103103647 -54.200379490852349 95.33116148499883 6775.2487986087808
decision_type=8 10 10 8 10 2 2 8 10 10 8 10 8 8
left_child=2 3 5 -2 7 6 -1 11 10 -10 -9 -5 13 -7
right_child=1 -3 -4 4 -6 12 -8 8 9 -11 -12 -13 -14 -15
leaf_value=-1.2701764367715287 2.0397824457740459 2.303983440914521 0.13947055671072947 0.0012086897700189358 -0.2442411383066897 -1.9228648617060271 0.20839879003404641 -0.21471458236205887 -0.14362696470966885 1.0920205017384161 0.30220466653444006 -0.38744724083690718 0.77652794115826285 0.29397130704828378
leaf_weight=494 66 172 206 313 115 49 67 195 717 116 1015 220 42 40
leaf_count=494 66 172 206 313 115 49 67 195 717 116 1015 220 42 40
internal_value=-0.000760188 0.00117747 -0.00707453 0.000402466 -3.34324e-05 -0.00995671 -0.012331 0.000512224 0.00177593 -0.00176259 0.0042114 -0.00432584 0.000227273 -0.007
internal_weight=3827 2929 898 2757 2691 692 561 2576 2043 833 1210 533 131 89
internal_count=3827 2929 898 2757 2691 692 561 2576 2043 833 1210 533 131 89
is_linear=0
shrinkage=0.03


Tree=61
num_leaves=15
num_cat=0
split_feature=0 84 60 76 81 77 77 24 70 81 77 28 68 3
split_gain=68.5105 38.4847 35.085 27.9187 25.6012 24.6914 22.9731 21.6382 20.3835 19.2551 17.8746 16.7158 30.3322 33.3408
threshold=164.50000000000003 80.779652158419296 -62.994291305541985 1867.9489187002184 4536.5667403936395 -292.55850327014917 122.25493597984315 28.500000000000004 0.90454545454545465 3639.9758070707326 -235.36567074060437 258.50000000000006 -0.015912462383346312 11.375000000000002
decision_type=2 10 8 8 10 8 10 2 10 10 10 2 8 2
left_child=1 2 10 7 -5 -4 11 -2 -6 -3 -1 -7 13 -13
right_child=3 9 5 4 8 6 -8 -9 -10 -11 -12 12 -14 -15
leaf_value=-0.27222997243018376 -0.46100013592512679 1.3690872178257638 -0.67343956110868075 2.7047887166367448 2.6389854577450076 -0.079595520045617332 -0.52093577919428868 0.42704926807891658 -0.074067739265097715 0.090000963430832817 -1.758695804553829 1.9300497416184996 -0.072191713436440277 0.095951274443484627
leaf_weight=123 77 114 149 222 83 1745 98 126 160 377 212 89 203 113
leaf_count=123 77 114 149 222 83 1745 98 126 160 377 212 89 203 113
internal_value=-0.000485612 -0.00229839 -0.00368825 0.00825112 0.0122961 -0.00241451 -0.00162739 -0.00102941 0.00553279 0.00542683 -0.0127679 -0.00097629 0.00450739 0.0127094
internal_weight=3891 3223 2732 668 465 2397 2248 203 243 491 335 2150 405 202
internal_count=3891 3223 2732 668 465 2397 2248 203 243 491 335 2150 405 202
is_linear=0
shrinkage=0.03


Tree=62
num_leaves=15
num_cat=0
split_feature=0 0 76 30 82 56 77 77 67 81 77 83 8 24
split_gain=61.0391 33.4421 33.2077 24.9985 25.9446 23.1451 20.1914 22.5851 19.8915 17.0274 16.5056 19.8934 18.096 16.4021
threshold=-25.499999999999996 252.50000000000003 3924.4588472843175 20.050000000000004 -53.450790603955575 -53.818645636240639 115.06792348623277 10.787631750106813 -188.17690091729165 9038.4425308704394 -289.75356954336161 -2.422505140304565 7.6095631558242802 28.500000000000004
decision_type=2 2 8 10 8 10 10 10 8 10 8 10 10 2
left_child=3 5 13 4 -1 -2 7 10 -6 -10 11 -7 -12 -3
right_child=1 2 -4 -5 8 6 -8 -9 9 -11 12 -13 -14 -15
leaf_value=-1.6005542900216874 0.26417973223577634 -0.7243360368495606 3.0004340899855029 -0.99144128681801946 -1.8156487312050658 -0.80583150884524302 -0.59875138788260596 0.50677114681819302 0.2987937222033466 -0.54340864720859106 -0.020643918943171326 0.19901538113411643 1.1408571449376221 0.75717931642261094
leaf_weight=133 301 58 210 240 72 105 107 319 340 109 1646 56 41 58
leaf_count=133 301 58 210 240 72 105 107 319 340 109 1646 56 41 58
internal_value=-0.000324025 0.00178842 0.0108257 -0.00717318 -0.00412214 0.000640528 -0.000395604 0.00023524 -0.00109195 0.00126667 -0.0010384 -0.0101852 -0.000159953 -0.00205128
internal_weight=3795 2901 326 894 654 2575 2274 2167 521 449 1848 161 1687 116
internal_count=3795 2901 326 894 654 2575 2274 2167 521 449 1848 161 1687 116
is_linear=0
shrinkage=0.03


Tree=63
num_leaves=15
num_cat=0
split_feature=0 85 76 53 81 77 84 27 30 68 83 8 3 81
split_gain=58.1648 39.9517 36.6805 25.5206 24.9812 20.3102 19.519 14.5661 13.3712 12.9004 13.7363 12.7546 19.7635 21.7954
threshold=252.50000000000003 -38.244549314180993 3924.4588472843175 7.5000000000000009 1671.317119240761 -69.598561823368058 -221.27209933598832 0.92250791571132229 21.450000000000003 0.11381740042902601 63.872292995452888 4.4056636968576113 15.791666666656967 4480.4049687385568
decision_type=2 8 8 10 8 8 10 10 10 8 8 8 2 8
left_child=1 3 7 5 -3 -1 -5 -2 -8 10 -4 -6 13 -13
right_child=2 4 9 6 11 -7 8 -9 -10 -11 -12 12 -14 -15
leaf_value=-1.2285227544102713 -0.36618630677227615 1.9318888698924885 -0.58258601594213233 1.1800169495403439 -0.055176462010972781 -0.08298219677555474 0.19985789379466845 0.77617332877253919 -0.88570647275112979 3.8235094707462918 3.2121859968505908 0.88873394730766231 0.7338654502130888 -0.064059851151452768
leaf_weight=394 65 76 42 46 1593 173 164 58 72 135 43 91 292 617
leaf_count=394 65 76 42 46 1593 173 164 58 72 135 43 91 292 617
internal_value=-0.00034956 -0.00150043 0.0114244 -0.00716471 0.000303371 -0.0108275 0.000212014 -0.00169355 -0.00329114 0.018733 0.0094186 -0.000196608 0.00245754 -0.000253879
internal_weight=3861 3518 343 849 2669 567 282 123 236 220 85 2593 1000 708
internal_count=3861 3518 343 849 2669 567 282 123 236 220 85 2593 1000 708
is_linear=0
shrinkage=0.03


Tree=64
num_leaves=15
num_cat=0
split_feature=85 82 74 66 77 67 79 63 64 77 43 25 13 84
split_gain=40.2337 29.3668 23.0503 21.0152 23.757 20.5077 20.4373 18.7436 19.5669 17.0821 14.9147 14.5079 17.4601 12.61
threshold=172.67275679111484 -56.8056052327156 1979.9099778219422 7.7112193107604989 -289.75356954336161 465.5453544421631 1089.513089851014 -244.19483426467659 4.1483264761654732 -119.58737498521803 623.18503463623563 0.94258241758241768 1110.0000000000002 55.657067100207023
decision_type=10 8 10 8 8 10 10 8 10 8 10 10 8 8
left_child=1 2 9 10 -5 -2 7 -6 11 -1 -3 -9 -13 -12
right_child=5 3 -4 4 6 -7 -8 8 -10 -11 13 12 -14 -15
leaf_value=-1.162572463364032 0.60594796939049134 -0.070531408211099919 0.1756654736287323 -0.44336380500382649 1.5913248403516154 4.135815284786859 -0.25638218858159123 -0.034891438467263308 0.89540948219530891 -0.38557550519543959 -1.6661131311064543 0.47820633449517458 -0.50571651080134949 -0.51238167258740275
leaf_weight=258 387 515 45 102 93 67 88 1107 259 211 82 504 68 68
leaf_count=258 387 515 45 102 93 67 88 1107 259 211 82 504 68 68
internal_value=-0.000202335 -0.00132314 -0.00792233 -0.00014548 0.00125563 0.00817582 0.00193868 0.00255413 0.00191851 -0.00989362 -0.00481982 0.000732143 0.00460733 -0.0131126
internal_weight=3854 3400 514 2886 2221 454 2119 2031 1938 469 665 1679 572 150
internal_count=3854 3400 514 2886 2221 454 2119 2031 1938 469 665 1679 572 150
is_linear=0
shrinkage=0.03


Tree=65
num_leaves=15
num_cat=0
split_feature=0 0 76 56 67 80 85 28 4 8 34 28 42 0
split_gain=46.4041 30.4407 31.3479 29.9438 24.6847 27.2434 16.4831 15.2157 23.5216 16.237 15.0827 14.3151 13.742 13.1668
threshold=-23.499999999999996 255.00000000000003 3924.4588472843175 -40.967615286509194 -188.17690091729165 -69.921666026115403 187.22548433144888 198.50000000000003 8.5000000000000018 4.3775082286324105 0.32413399314807773 199.50000000000003 -124.02969777584075 355.00000000000006
decision_type=2 2 8 10 8 8 10 2 2 10 8 2 8 2
left_child=4 3 -3 12 -1 10 -5 8 -7 -9 -6 -8 -2 -4
right_child=1 2 13 6 5 7 11 9 -10 -11 -12 -13 -14 -15
leaf_value=-1.9646180133607665 2.5227988801809018 -0.23626218920767669 2.1174273214638699 -0.065368906684175193 -1.4694243631439448 -0.51900146066223252 -0.035924130993838399 0.44314590567903284 0.2886235675345139 -0.8196154286777072 -0.48910213080873938 1.1648645960382225 0.09080776899791855 4.2803474808118853
leaf_weight=143 53 104 118 1943 110 276 140 155 103 44 57 122 346 87
leaf_count=143 53 104 118 1943 110 276 140 155 103 44 57 122 346 87
internal_value=-0.000749605 0.00108099 0.00996774 2.30326e-05 -0.00674916 -0.00454424 -0.00134633 -0.00145078 -0.00497368 0.00525 -0.0151786 0.00570342 0.007575 0.0167476
internal_weight=3801 2913 309 2604 888 745 2205 578 379 199 167 262 399 205
internal_count=3801 2913 309 2604 888 745 2205 578 379 199 167 262 399 205
is_linear=0
shrinkage=0.03


Tree=66
num_leaves=15
num_cat=0
split_feature=0 84 74 60 27 53 83 81 69 7 28 3 60 15
split_gain=42.7686 29.8547 29.5118 28.3991 24.9596 22.019 19.8039 15.2254 15.1002 16.732 18.8514 24.8001 15.5665 21.4533
threshold=164.50000000000003 58.12916276852291 3198.2593772291061 -77.695678949356065 0.84907613889773825 11.500000000000002 -175.32100319862363 3627.697552800179 -28.404034242241469 3904.5492793696326 252.50000000000003 11.208333333343036 258.24649238586431 32.500000000000007
decision_type=2 10 10 8 10 10 8 10 10 8 2 2 10 2
left_child=1 3 5 -1 -3 6 -2 -6 9 10 -5 -12 13 -10
right_child=2 4 -4 8 7 -7 -8 -9 12 -11 11 -13 -14 -15
leaf_value=-1.3353735713255468 -0.77528423859488904 -0.42473192491831724 -0.38877686334890965 -0.15734050385734413 1.052022015137855 3.889017464711277 0.92457003511754643 0.24187103032209925 -0.28619292463708934 0.20642123478979832 1.8899491491109897 -0.017468321092997785 -0.94828995459544407 0.089512496761621374
leaf_weight=247 76 77 48 839 136 123 415 419 770 303 56 125 70 158
leaf_count=247 76 77 48 839 136 123 415 419 770 303 56 125 70 158
internal_value=-0.000419363 -0.00185567 0.00651584 -0.00329311 0.00398104 0.00829268 0.00542683 0.00620504 -0.00226098 -0.00015861 -0.00199804 0.00675824 -0.00504505 -0.00400431
internal_weight=3862 3200 662 2568 632 614 491 555 2321 1323 1020 181 998 928
internal_count=3862 3200 662 2568 632 614 491 555 2321 1323 1020 181 998 928
is_linear=0
shrinkage=0.03


Tree=67
num_leaves=15
num_cat=0
split_feature=28 63 67 80 67 42 79 83 80 7 0 44 28 56
split_gain=43.7554 37.9275 29.8951 28.1534 22.9308 24.316 22.1763 17.275 18.5992 17.0747 26.0231 17.7036 16.9354 16.0343
threshold=208.50000000000003 242.5817613749619 448.47620174288755 -34.518487572669976 -184.14710521099093 -138.9594198465347 275.37175887992549 8.0886323451995867 164.24278211593631 3556.6647007508768 38.500000000000007 161.93732905387881 132.50000000000003 75.345421393712385
decision_type=2 8 10 8 8 8 10 10 10 8 2 8 2 10
left_child=1 3 6 -1 -2 -6 9 8 -7 11 -11 -3 -13 -14
right_child=4 2 -4 -5 5 7 -8 -9 -10 10 -12 12 13 -15
leaf_value=-0.97861208259884436 -0.94622636925890413 -0.46075483011238827 3.1026762585314658 -0.162125229392277 1.9145914000168462 0.12760840897099202 -0.71088849994942827 0.52209952176951702 -0.96779159495098666 0.071800775535184685 2.8939778124316549 -0.11136967450378162 0.95778573914354503 -0.20893544381953688
leaf_weight=364 98 169 70 875 62 956 88 436 49 182 66 246 130 62
leaf_count=364 98 169 70 875 62 956 88 436 49 182 66 246 130 62
internal_value=-0.000101194 -0.00279627 0.00150888 -0.00631452 0.00368914 0.00460771 9.5339e-05 0.00380721 0.00164016 0.0015771 0.00819277 -0.00113487 0.00205011 0.00870466
internal_weight=3853 2252 1013 1239 1601 1503 943 1441 1005 855 248 607 438 192
internal_count=3853 2252 1013 1239 1601 1503 943 1441 1005 855 248 607 438 192
is_linear=0
shrinkage=0.03


Tree=68
num_leaves=15
num_cat=0
split_feature=0 81 0 9 34 4 7 41 7 80 85 28 67 28
split_gain=50.691 32.7605 27.2506 45.0955 21.4822 26.4747 19.6815 16.9283 15.5248 14.2671 14.0144 13.5526 13.3547 15.9446
threshold=-29.499999999999996 1639.4267635345461 307.50000000000006 270.00000000000006 0.91485507246376818 8.5000000000000018 5195.1445863448107 -137.87410676479337 3037.7511017240545 -126.84077084064482 -69.510727941989884 175.50000000000003 -184.14710521099093 239.50000000000003
decision_type=2 8 2 2 10 2 10 8 10 8 10 2 8 2
left_child=4 -2 6 -4 5 8 7 -3 9 -1 -7 -12 -11 -14
right_child=1 2 3 -5 -6 10 -8 -9 -10 12 11 -13 13 -15
leaf_value=-2.0604649883550743 2.156297550211042 2.1081492701147067 3.853725154540899 -0.35578690244995953 0.23352007609333103 -0.41487147616695702 0.91097393410945571 -0.026150044065657026 -1.9388161091472194 -1.6558284410165811 1.1190769373145859 -0.24355479564697774 -0.48690416398566527 0.96598107038567427
leaf_weight=52 89 47 133 64 103 106 143 2511 147 46 43 40 230 44
leaf_count=52 89 47 133 64 103 106 143 2511 147 46 43 40 230 44
internal_value=-0.000631745 0.0011747 0.000620904 0.0113636 -0.00727833 -0.00913963 -0.000166543 -0.00077374 -0.0126346 -0.00932976 0.000473684 0.00964286 -0.00691589 -0.00436364
internal_weight=3798 2987 2898 197 811 708 2701 2558 519 372 189 83 320 274
internal_count=3798 2987 2898 197 811 708 2701 2558 519 372 189 83 320 274
is_linear=0
shrinkage=0.03


Tree=69
num_leaves=15
num_cat=0
split_feature=0 67 67 82 70 36 65 59 27 82 27 39 79 68
split_gain=45.1728 28.6523 24.3448 19.6065 19.8982 20.5916 18.6016 21.629 16.74 18.1857 16.5073 15.0098 14.275 13.7663
threshold=202.50000000000003 -188.17690091729165 448.47620174288755 32.745044469833381 0.85164835164835173 0.20398256389934619 0.89686205155151633 -193.69447958469388 0.9546596619460942 137.27425515651706 0.90533428165007124 2074.3934361134488 10.724888020592759 0.17928491945859079
decision_type=2 8 10 8 10 8 10 8 10 10 10 10 10 10
left_child=1 -1 -2 4 12 -6 7 -5 9 -9 -7 -8 -3 -11
right_child=2 3 -4 6 5 10 11 8 -10 13 -12 -13 -14 -15
leaf_value=-1.1040129070690508 0.44414943670411855 -0.15654426856091549 3.0849265840402871 -0.065237104087794387 0.028322082797993565 -1.0048140374776156 0.15354468558251957 0.22778974981691055 -0.10199414306270746 3.6500364193909167 -0.25540013189951738 -0.28943367495126349 0.29411238277422413 0.61657202641448083
leaf_weight=184 374 125 102 383 266 258 299 579 264 72 339 364 125 43
leaf_count=184 374 125 102 383 266 258 299 579 264 72 339 364 125 43
internal_value=-0.000579672 -0.00182617 0.00805031 -0.00114496 -0.00433573 -0.00649306 0.000628429 0.00266021 0.00506778 0.00751079 -0.00958194 -0.00347892 0.00310757 0.0183621
internal_weight=3777 3301 476 3117 1113 863 2004 1341 958 694 597 663 250 115
internal_count=3777 3301 476 3117 1113 863 2004 1341 958 694 597 663 250 115
is_linear=0
shrinkage=0.03


Tree=70
num_leaves=15
num_cat=0
split_feature=53 0 74 84 39 33 8 77 3 17 69 15 26 77
split_gain=45.3424 27.1955 34.7832 26.1754 22.5151 23.5261 22.578 15.9605 18.54 16.9515 15.2055 19.0248 18.1217 17.1703
threshold=7.5000000000000009 252.50000000000003 1522.9450463094745 41.962059736251838 1779.2051877915781 9.7432126696832579 4.0060458972791624 -289.75356954336161 15.541666666656967 29.000000000000004 -339.96940935109882 34.500000000000007 67.500000000000014 -69.598561823368058
decision_type=8 2 10 8 10 10 8 8 2 2 10 2 2 8
left_child=3 4 -3 10 5 -2 -6 -8 -9 -10 12 13 -1 -12
right_child=1 2 -4 -5 6 -7 7 8 9 -11 11 -13 -14 -15
leaf_value=-0.46766600117846652 -0.025501975086288778 2.7854676643492606 -0.35843777847758435 -0.023525663154732486 -0.34709717754258901 0.60576406355387313 -0.62288865166622998 -0.039905788707788901 1.1055499507913196 0.105903622089203 -1.0422664772379988 0.035706880992931858 1.861979939663206 -0.48649541498495519
leaf_weight=91 313 224 40 670 338 408 51 629 101 240 394 91 42 178
leaf_count=91 313 224 40 670 338 408 51 629 101 240 394 91 42 178
internal_value=-0.000771451 0.00181663 0.0108679 -0.00490798 0.000663143 0.0049446 -0.00161029 0.000616438 0.00148301 0.00710526 -0.00858218 -0.0104367 0.000671642 -0.0124607
internal_weight=3810 2344 264 1466 2080 721 1359 1021 970 341 796 663 133 572
internal_count=3810 2344 264 1466 2080 721 1359 1021 970 341 796 663 133 572
is_linear=0
shrinkage=0.03


Tree=71
num_leaves=15
num_cat=0
split_feature=0 8 60 0 4 67 75 85 59 28 28 11 41 4
split_gain=53.4474 28.0577 25.7868 21.9189 22.7952 21.5279 20.6018 19.9119 17.4309 17.0088 16.7338 21.6833 16.3452 15.8043
threshold=77.500000000000014 4.3339587165264906 545.25383734703075 -23.499999999999996 8.5000000000000018 548.69357100187574 1754.558657050133 267.14051014184957 111.46575736999513 354.50000000000006 204.50000000000003 390.00000000000006 -66.965040445327745 7.5000000000000009
decision_type=2 10 10 2 2 8 8 8 10 2 2 2 10 2
left_child=2 10 3 4 6 7 12 -3 -5 -7 -2 -12 -1 -10
right_child=1 5 -4 8 -6 9 -8 -9 13 -11 11 -13 -14 -15
leaf_value=0.39373083985829083 -0.14596577739212291 -0.094277902526127014 1.0448772326165556 -0.062082817303926875 0.090743157204354746 2.7958067081430569 -1.0910827833331835 1.3124106159240103 0.068620468277886634 0.41441131765934558 1.1210387818427896 -0.22760808516708553 -0.53567199127125686 1.0052146764856866
leaf_weight=105 410 170 86 1337 214 143 442 142 182 48 248 150 101 73
leaf_count=105 410 170 86 1337 214 143 442 142 182 48 248 150 101 73
internal_value=-0.000412773 0.00450457 -0.00295159 -0.00351935 -0.00736964 0.0100595 -0.0101695 0.00517572 -0.00143126 0.0179688 0.00103832 0.00541353 -0.00231884 0.00574219
internal_weight=3851 1311 2540 2454 862 503 648 312 1592 191 808 398 206 255
internal_count=3851 1311 2540 2454 862 503 648 312 1592 191 808 398 206 255
is_linear=0
shrinkage=0.03


Tree=72
num_leaves=15
num_cat=0
split_feature=45 3 69 75 81 17 15 3 3 35 77 62 79 3
split_gain=30.3954 25.9263 23.2448 24.2004 20.4252 25.7885 23.2903 18.6435 18.4486 19.4377 20.0704 18.0746 17.8023 18.3713
threshold=7.5000000000000009 20.958333333343038 -286.81615183647085 509.86114811897284 3259.223057866097 42.500000000000007 35.500000000000007 5.9583333333430355 18.875000000000004 8.7121665465032461 -54.499478757381432 -0.0135054425131371 23.72087392036175 23.041666666656969
decision_type=8 2 10 8 10 2 2 2 2 10 8 10 10 2
left_child=2 7 3 -1 5 11 -6 -2 -9 -10 -11 -4 13 -3
right_child=1 12 4 -5 6 -7 -8 8 9 10 -12 -13 -14 -15
leaf_value=1.2646452717485788 -0.17925168545224623 3.3721778401662648 0.90038185702414097 -0.098514497556823927 -0.83150254670917856 -1.1047334702317535 0.091006743010257088 0.11362672862604262 -0.60170634952452284 -0.15127547146682707 1.9952813321466383 -0.14118461352435882 -0.59383621955643617 0.18650928938387168
leaf_weight=88 328 159 97 249 599 76 111 1602 73 111 45 129 40 106
leaf_count=88 328 159 97 249 599 76 111 1602 73 111 45 129 40 106
internal_value=-0.000448348 0.00153347 -0.00406667 0.00275148 -0.00633761 0.00019802 -0.00911392 0.000375 0.00155568 -0.0063913 -0.000382166 0.00528634 0.00970588 0.0125188
internal_weight=3813 2464 1349 337 1012 302 710 2159 1831 229 156 226 305 265
internal_count=3813 2464 1349 337 1012 302 710 2159 1831 229 156 226 305 265
is_linear=0
shrinkage=0.03


Tree=73
num_leaves=15
num_cat=0
split_feature=0 76 84 0 81 0 39 68 3 69 31 26 45 82
split_gain=38.9283 30.3149 29.7316 24.9544 24.3055 23.6208 20.255 19.4682 17.8191 17.6011 16.2276 16.443 15.976 15.0504
threshold=164.50000000000003 3924.4588472843175 77.95087587833406 355.00000000000006 3335.218719363213 -23.499999999999996 2160.097873081073 -0.01350083976765694 5.9583333333430355 516.65796121609276 14.502941176470591 133.50000000000003 7.5000000000000009 -23.599052131175991
decision_type=2 8 10 2 10 2 10 10 2 8 8 2 10 8
left_child=2 9 5 -3 -4 6 13 10 -9 -2 11 -7 -10 -1
right_child=1 3 4 -5 -6 7 -8 8 12 -11 -12 -13 -14 -15
leaf_value=-0.96896608842726406 0.2359061471747296 1.0984111343754772 2.2287669505406238 3.9398197044567946 0.11729197763217497 0.16940650881165034 -0.8364602788384059 -0.61901159094012403 -0.53616085243867595 -0.66651956155029257 -0.023260793492845839 0.958538758071245 0.0054361129425968885 0.002797083250779148
leaf_weight=160 130 365 78 85 419 441 249 84 260 84 630 89 438 315
leaf_count=160 130 365 78 85 419 441 249 84 260 84 630 89 438 315
internal_value=-0.000101881 0.00649624 -0.00148862 0.0109091 0.00524096 -0.00274466 -0.00736552 -0.00101904 -0.00467433 -0.0027907 0.00144703 0.00531073 -0.00309013 -0.00371849
internal_weight=3827 664 3163 450 497 2666 724 1942 782 214 1160 530 698 475
internal_count=3827 664 3163 450 497 2666 724 1942 782 214 1160 530 698 475
is_linear=0
shrinkage=0.03


Tree=74
num_leaves=15
num_cat=0
split_feature=0 81 65 83 62 31 43 77 26 62 82 59 3 39
split_gain=50.7075 30.1349 21.7316 21.6293 21.33 20.3943 21.255 18.734 18.4738 17.1395 19.4007 16.2572 15.8051 14.8366
threshold=90.500000000000014 3418.1595023870473 0.84952856529790688 29.727196931838993 0.19197634945018591 7.7816666666666672 569.51409323227188 -244.4408195018768 138.50000000000003 -0.27126839912761119 -58.568741202354424 -28.628312587738034 2.9583333333430351 1792.1006854606901
decision_type=2 8 8 10 10 10 10 8 2 10 10 10 2 10
left_child=1 3 -2 -1 7 11 8 -4 9 -7 -11 -3 -9 -12
right_child=2 5 4 -5 -6 6 -8 12 -10 10 13 -13 -14 -15
leaf_value=-0.016408408938147323 1.5291915587434677 -0.041700110521683022 -0.33775446088875155 1.3872976353323507 -0.35674285892886032 0.34516192711355287 -0.56524613760328968 -0.4515832978179144 0.2725533621551523 -0.79564150674381651 0.13381169200681686 0.30922474490692597 0.65997113875060531 -0.35225492122497165
leaf_weight=132 212 514 78 93 141 109 399 57 221 325 247 341 679 269
leaf_count=132 212 514 78 93 141 109 399 57 221 325 247 341 679 269
internal_value=-0.000353588 -0.00264806 0.00485445 0.00783186 0.00291841 -0.00362325 -0.00565245 0.00478528 -0.00360922 -0.00542587 -0.00687648 0.00010514 0.00626866 -0.00324952
internal_weight=3817 2650 1167 225 955 2425 1570 814 1171 950 841 855 736 516
internal_count=3817 2650 1167 225 955 2425 1570 814 1171 950 841 855 736 516
is_linear=0
shrinkage=0.03


Tree=75
num_leaves=15
num_cat=0
split_feature=53 83 67 74 56 81 81 28 58 7 15 69 4 27
split_gain=33.3212 28.2881 23.8422 21.0553 18.7562 19.3039 18.6408 16.4716 17.5615 17.5943 15.7525 14.5693 14.5574 14.1641
threshold=7.5000000000000009 35.384360194206245 -188.17690091729165 2053.9054714626041 222.64724798997244 1613.2379046678545 4747.6293251514444 234.50000000000003 122.97837388515474 3197.0648013641044 13.500000000000002 -339.96940935109882 6.5000000000000009 0.96828988005458605
decision_type=8 8 8 10 10 8 8 2 10 10 2 10 2 10
left_child=1 11 -3 4 5 -2 -4 -7 10 -10 -9 13 -6 -1
right_child=3 2 6 -5 12 7 -8 8 9 -11 -12 -13 -14 -15
leaf_value=1.429598449092973 2.2038776468691448 -1.5649731041282102 0.52899286699864856 -0.20343359760891591 -0.52037633326780575 -0.011192996847362226 -0.0077068514666905983 1.6572162791417651 0.27039883947938276 -0.86561604309064366 0.11037132443997151 -0.77297049918699012 1.825534234067953 -0.49907974914876035
leaf_weight=58 53 70 135 146 42 1367 518 158 75 69 243 614 210 59
leaf_count=58 53 70 135 146 42 1367 518 158 75 69 243 614 210 59
internal_value=-0.000180723 -0.00375258 0.000455801 0.00201777 0.00274572 0.00175483 0.00224771 0.00125457 0.00565934 -0.00331034 0.0088806 -0.00790984 0.0104348 0.00177966
internal_weight=3817 1454 723 2363 2217 1965 653 1912 545 144 401 731 252 117
internal_count=3817 1454 723 2363 2217 1965 653 1912 545 144 401 731 252 117
is_linear=0
shrinkage=0.03


Tree=76
num_leaves=15
num_cat=0
split_feature=0 3 80 41 82 39 67 3 81 31 34 3 8 3
split_gain=41.6877 22.8837 29.8592 23.2958 21.0969 26.9031 19.6138 18.2472 16.8786 15.8008 16.1386 15.1362 14.48 24.1492
threshold=-27.499999999999996 20.458333333343038 99.379082083702102 -137.87410676479337 -53.450790603955575 2396.2808199483848 -188.17690091729165 22.125000000000004 1587.2678377628329 10.102631578947369 0.1908263305322129 10.208333333343036 4.1462990685532128 17.791666666656969
decision_type=2 2 8 8 8 10 8 2 8 10 10 2 8 2
left_child=4 3 9 -2 -1 6 -6 -4 -5 -3 -11 -7 13 -10
right_child=1 2 7 8 5 11 -8 -9 12 10 -12 -13 -14 -15
leaf_value=-1.1526989573360147 2.5409800308976682 1.1506508142825849 3.2651542875994082 1.8217610756529199 -1.3860514512793671 -0.090328880999218208 0.14453987891097506 1.0234247294639511 -0.011859301642450693 0.021855408510188006 -1.3521079227415207 -1.6576899940114398 0.055933981484595982 -0.45740484994153646
leaf_weight=171 49 64 112 55 67 59 413 130 1167 56 46 126 1068 235
leaf_count=171 49 64 112 55 67 59 413 130 1167 56 46 126 1068 235
internal_value=0.000109976 0.00177003 0.00836186 0.00072233 -0.00580645 -0.00337838 0.00037422 0.0150617 0.000320665 -0.00143713 -0.00873786 -0.0130645 -4.85633e-05 -0.00205274
internal_weight=3818 2982 408 2574 836 665 480 242 2525 166 102 185 2470 1402
internal_count=3818 2982 408 2574 836 665 480 242 2525 166 102 185 2470 1402
is_linear=0
shrinkage=0.03


Tree=77
num_leaves=15
num_cat=0
split_feature=45 20 62 79 77 67 28 15 17 77 71 77 83 31
split_gain=36.7508 24.7596 27.2446 23.4938 25.795 28.1941 23.1568 25.5095 22.2313 16.5824 15.2931 15.0569 25.2529 15.8186
threshold=7.5000000000000009 597.02162611484539 -0.022891854236475263 23.568981465514895 107.6919767856598 448.47620174288755 235.50000000000003 13.500000000000002 37.500000000000007 151.33354669809344 12.500000000000002 -234.55698454380033 -29.269489645957943 19.530555555555562
decision_type=8 8 10 10 10 10 2 2 2 8 10 8 10 8
left_child=1 2 -1 4 5 6 11 -8 -4 -6 -9 12 -2 -13
right_child=3 -3 8 -5 9 -7 7 10 -10 -11 -12 13 -14 -15
leaf_value=0.4152091653904405 -0.77975867417286182 -0.43841796607152317 0.049335583968914097 -0.14703670651440637 -0.8787188738823668 2.0756300394721166 1.5444614079775079 -0.34809129293297525 -1.1879070431480803 -0.0081955700712522395 0.32336745071154127 0.35507971000788302 0.14780302515736032 -0.064120686142445371
leaf_weight=269 93 942 91 343 60 136 199 69 55 82 201 788 117 342
leaf_count=269 93 942 91 343 60 136 199 69 55 82 201 788 117 342
internal_value=8.71172e-05 -0.00386598 0.00223558 0.00229535 0.00349138 0.00439363 0.00339779 0.00912766 -0.00816327 -0.00881119 0.00309963 0.00138702 -0.00597156 0.00275862
internal_weight=3787 1357 415 2430 2087 1945 1809 469 146 142 270 1340 210 1130
internal_count=3787 1357 415 2430 2087 1945 1809 469 146 142 270 1340 210 1130
is_linear=0
shrinkage=0.03


Tree=78
num_leaves=15
num_cat=0
split_feature=0 76 84 60 0 3 39 32 78 0 3 81 77 84
split_gain=42.2605 39.3737 33.1237 23.5891 23.5813 18.6251 17.4072 16.1192 15.1158 14.7042 16.4985 13.5778 12.1138 16.9323
threshold=252.50000000000003 -100.69896233081816 127.99255073070528 -72.315112233161912 -21.499999999999996 20.958333333343038 2091.511228083843 0.18019480519480521 0.58333333333333337 355.00000000000006 16.875000000000004 5387.595426917077 -244.4408195018768 18.917019168535873
decision_type=2 10 10 8 2 2 10 10 10 2 2 10 8 10
left_child=2 9 3 4 6 12 11 -3 -4 10 -2 -1 13 -5
right_child=1 7 8 5 -6 -7 -8 -9 -10 -11 -12 -13 -14 -15
leaf_value=0.093482426462025911 -0.21461029199494105 -0.51050427534472054 -0.22271797125616102 -0.58954967758740462 0.51260496659172827 0.63542220281862394 -1.5550005244862521 0.18625624573620114 0.82393606916693996 4.593453670703588 3.144331175522812 -0.98545505886394946 -0.023124837378993755 0.10017818712463347
leaf_weight=88 61 40 41 284 42 242 101 81 240 94 64 90 2303 86
leaf_count=88 61 40 41 284 42 242 101 81 240 94 64 90 2303 86
internal_value=-5.44323e-05 0.0100293 -0.00103184 -0.00189064 -0.00959627 -0.00103909 -0.01275 -0.00368852 0.00882979 0.0175909 0.0107143 -0.00703911 -0.00176141 -0.00679245
internal_weight=3857 340 3517 3236 321 2915 279 121 281 219 125 178 2673 370
internal_count=3857 340 3517 3236 321 2915 279 121 281 219 125 178 2673 370
is_linear=0
shrinkage=0.03


Tree=79
num_leaves=15
num_cat=0
split_feature=60 81 8 3 17 85 70 79 38 79 60 16 3 17
split_gain=28.5026 24.2544 21.9641 40.8623 20.3076 24.6957 17.5798 17.1869 17.5183 20.3824 17.7627 19.7658 26.9919 16.7118
threshold=-77.695678949356065 1546.7510825395586 4.5117053425751559 16.041666666656969 29.000000000000004 181.13150274753573 0.92582417582417598 611.86425605948011 3879.7899791111604 3.8758726918642981 206.46694242954257 7.5000000000000009 17.625000000000004 37.500000000000007
decision_type=8 8 10 2 2 8 10 10 10 10 10 2 2 2
left_child=-1 -2 7 -4 -5 6 -6 8 10 -10 11 13 -13 -3
right_child=1 2 3 4 5 -7 -8 -9 9 -11 -12 12 -14 -15
leaf_value=-0.64632080038947315 2.2081480028058631 -0.17415169337924236 -0.010511835676529377 1.6617419786188181 0.47903559885514213 2.7576746769681155 -0.64605119233099584 -0.39727051733465923 -0.42303698852708188 0.37750525390419232 0.35981346420900184 -0.10011617844850693 -0.61211871434086595 0.36810884564042157
leaf_weight=317 53 240 719 125 78 105 66 112 62 142 337 966 344 174
leaf_count=317 53 240 719 125 78 105 66 112 62 142 337 966 344 174
internal_value=-0.00017183 0.000604427 0.000293863 0.0038117 0.01184 0.00684 -0.00124138 -0.00132464 -0.000754634 0.00760976 -0.00158584 -0.00281739 -0.00462243 0.00289157
internal_weight=3840 3523 3470 1093 374 249 144 2377 2265 204 2061 1724 1310 414
internal_count=3840 3523 3470 1093 374 249 144 2377 2265 204 2061 1724 1310 414
is_linear=0
shrinkage=0.03


Tree=80
num_leaves=15
num_cat=0
split_feature=0 81 3 39 82 3 3 27 53 79 8 16 9 83
split_gain=35.5034 25.599 24.3452 23.2078 23.7729 21.3682 19.0713 36.4968 18.1587 21.1545 16.3721 22.6573 16.2361 15.6214
threshold=-22.499999999999996 1587.2678377628329 20.875000000000004 2160.097873081073 -53.450790603955575 19.375000000000004 14.875000000000002 0.90881374722838149 12.500000000000002 17.878144844068228 4.3775082286324105 14.500000000000002 150.00000000000003 52.946627497673042
decision_type=2 8 2 10 8 2 2 10 10 10 10 2 2 8
left_child=3 -2 5 4 -1 6 -3 -8 9 12 11 -9 -4 -7
right_child=1 2 8 -5 -6 13 7 10 -10 -11 -12 -13 -14 -15
leaf_value=-1.1880671319300018 2.1179200259512028 -0.036507423272686627 0.017580423614436496 -0.75599227232168686 0.018850784432638008 -0.81888529487757644 -0.03475045106543722 -0.045335134816908602 3.9780904371236616 -0.37488425594545094 1.6787661347469045 0.68486412422146858 2.1866828768905249 0.023277233049813835
leaf_weight=119 62 1650 112 297 475 118 358 123 46 57 86 138 124 62
leaf_count=119 62 1650 112 297 475 118 358 123 46 57 86 138 124 62
internal_value=-0.000509404 0.00108274 0.000667826 -0.00575112 -0.00231933 -0.00034306 0.000420204 0.00454674 0.00820588 0.00540816 0.0114655 0.00767176 0.00936709 -0.0102762
internal_weight=3827 2936 2874 891 594 2535 2355 705 339 293 347 261 236 180
internal_count=3827 2936 2874 891 594 2535 2355 705 339 293 347 261 236 180
is_linear=0
shrinkage=0.03


Tree=81
num_leaves=15
num_cat=0
split_feature=83 81 53 3 3 77 79 19 64 30 38 3 81 30
split_gain=26.8712 35.0384 26.0123 18.8319 17.852 18.8718 18.8345 15.7687 15.5539 15.0131 18.8945 24.8247 14.4926 14.2704
threshold=94.882938146591201 4709.7794868946085 7.5000000000000009 8.7083333333430364 5.8750000000000009 -243.40340566635129 22.18596951663714 270.00000000000006 4.3666134568713071 1.0500000000000003 2883.6683610365949 15.708333333343036 5387.595426917077 21.850000000000005
decision_type=10 10 8 2 2 8 10 10 10 10 10 2 10 10
left_child=2 -2 3 -1 -4 -6 9 -5 -8 -7 13 -12 -13 -11
right_child=1 -3 4 7 5 6 8 -9 -10 10 11 12 -14 -15
leaf_value=0.34222411579563949 1.2503699574292855 0.016129789060942031 -0.1760952789752481 -0.52883527168547628 -0.16133041294624689 0.9005038004925312 -0.19003117356303198 0.12457848245664065 0.92733685179750802 0.081395671978905113 0.044503544282688497 2.0421974879873757 0.10957260033802532 -0.344712460288362
leaf_weight=192 176 335 271 901 243 306 166 178 46 384 277 117 63 164
leaf_count=192 176 335 271 901 243 306 166 178 46 384 277 117 63 164
internal_value=-0.000243455 0.00615234 -0.001233 -0.00459906 0.000868499 0.00196944 0.00320866 -0.00613889 -0.00507042 0.0045503 0.00277336 0.00727074 0.0159116 -0.000983607
internal_weight=3819 511 3308 1271 2037 1766 1523 1079 212 1311 1005 457 180 548
internal_count=3819 511 3308 1271 2037 1766 1523 1079 212 1311 1005 457 180 548
is_linear=0
shrinkage=0.03


Tree=82
num_leaves=15
num_cat=0
split_feature=0 9 64 80 59 17 17 35 68 85 0 80 61 83
split_gain=29.3598 36.0415 21.7014 22.2432 22.0204 19.5224 17.3066 22.615 17.1926 16.825 15.5314 15.9954 15.0584 15.0497
threshold=252.50000000000003 270.00000000000006 3.4710189987376867 141.08551847934726 -28.628312587738034 37.500000000000007 23.000000000000004 6.5183492999263093 -0.042530754662997321 -170.2211769024531 355.00000000000006 53.490998029708869 0.90040803138923031 -11.965709447860716
decision_type=2 2 10 10 10 2 2 10 10 8 2 8 10 8
left_child=2 10 3 5 -5 6 -1 13 -7 -4 11 -2 -11 -8
right_child=1 -3 9 4 -6 8 7 -9 -10 12 -12 -13 -14 -15
leaf_value=-0.049954408901734526 -0.80869648445229836 -0.22206302364664748 -1.675358899759404 -0.03877063056952295 1.7372470922855061 -0.013073733370728551 0.64443970099058312 1.309681803922329 -0.76549700218825878 -0.17304353851522164 4.1101381346630426 2.5138594682302173 0.32235349304930361 -0.10667006799375774
leaf_weight=682 40 120 103 139 160 410 42 182 205 1267 86 94 113 150
leaf_count=682 40 120 103 139 160 410 42 182 205 1267 86 94 113 150
internal_value=-0.000656299 0.00774194 -0.00148523 0.000578387 0.0081 -0.000771531 0.00170293 0.00688 -0.00501623 -0.00422507 0.0149321 0.00844444 -0.0033454 -0.000310881
internal_weight=3793 340 3453 1970 299 1671 1056 374 615 1483 220 134 1380 192
internal_count=3793 340 3453 1970 299 1671 1056 374 615 1483 220 134 1380 192
is_linear=0
shrinkage=0.03


Tree=83
num_leaves=15
num_cat=0
split_feature=0 8 80 31 28 76 81 28 77 85 80 81 81 43
split_gain=30.4403 26.1002 22.7634 22.1541 19.8025 21.3138 18.2462 17.9537 23.8821 18.8134 18.1378 17.701 17.7949 17.285
threshold=75.500000000000014 3.9910513001799739 31.535599708557132 18.963571428571431 224.50000000000003 542.68528652191173 3570.7302830219273 184.50000000000003 -151.74329483509061 -89.090974450111375 -50.899998784065239 8354.7098348140735 7340.4857429265985 390.12147539975393
decision_type=2 10 8 10 2 8 8 2 10 10 8 8 10 10
left_child=3 -2 13 4 7 -6 -5 8 9 -1 -9 12 -10 -3
right_child=1 2 -4 6 5 -7 -8 10 11 -11 -12 -13 -14 -15
leaf_value=-0.0034487436332647473 -0.040691601303642813 0.70809320776837947 1.3631657489344609 0.39374480597784073 0.90147852272852658 0.023759973040366075 -0.42894050845243137 -1.4791706216560139 -0.26803352362200039 0.85046469141148817 -0.13231071559971527 -0.51264893788210608 0.52260052110170496 -0.36099125749462513
leaf_weight=293 719 51 476 40 99 487 501 120 161 175 256 295 80 106
leaf_count=293 719 51 476 40 99 487 501 120 161 175 256 295 80 106
internal_value=-0.000256477 0.00337029 0.00780757 -0.00221292 -0.000732079 0.00388416 -0.00758303 -0.0026937 -0.000597015 0.00434968 -0.00827586 -0.0049162 0.0011157 -0.00208861
internal_weight=3859 1352 633 2507 1966 586 541 1380 1004 468 376 536 241 157
internal_count=3859 1352 633 2507 1966 586 541 1380 1004 468 376 536 241 157
is_linear=0
shrinkage=0.03


Tree=84
num_leaves=15
num_cat=0
split_feature=3 53 81 42 66 29 77 77 42 81 35 42 27 76
split_gain=34.0633 26.0022 20.1179 20.174 20.8984 17.6969 15.7849 26.0865 17.9087 17.6205 16.4236 14.8966 13.8346 14.196
threshold=20.958333333343038 10.500000000000002 1587.2678377628329 -257.1919234991073 -325.7490980625152 0.90630852059925104 15.967813551425936 57.194347918033607 -2.6591454744338985 3293.3193708658223 30.624074074074077 229.81869637966159 0.92916869904536281 166.79329514503482
decision_type=2 10 8 8 8 10 8 10 10 8 8 10 10 10
left_child=2 5 -1 -4 -5 -2 8 11 9 -6 -11 -8 13 -9
right_child=1 -3 3 4 6 -7 7 12 -10 10 -12 -13 -14 -15
leaf_value=1.8065891833264698 -0.95359826703084427 3.1298223099632918 2.4234854432753057 -1.5908271350446956 1.0440304736280686 0.77703998284646525 0.042827262034161158 -0.40579377519111759 -0.046762394534152034 -0.43108504165397205 -1.133116781795922 1.3967647641601504 -0.78728814740538278 0.38311180072294598
leaf_weight=60 69 143 46 65 56 183 904 119 1244 716 40 80 59 40
leaf_count=60 69 143 46 65 56 183 904 119 1244 716 40 80 59 40
internal_value=-0.000376471 0.00795455 -0.00133819 -0.00164688 -0.00192238 0.00213439 -0.00158331 0.00114713 -0.00317939 -0.00664207 -0.00784676 0.00322843 -0.00821918 -0.0035625
internal_weight=3824 395 3429 3369 3323 252 3258 1202 2056 812 756 984 218 159
internal_count=3824 395 3429 3369 3323 252 3258 1202 2056 812 756 984 218 159
is_linear=0
shrinkage=0.03


Tree=85
num_leaves=15
num_cat=0
split_feature=0 4 81 31 0 81 69 82 83 33 60 27 29 81
split_gain=28.2767 20.8539 20.0517 19.5152 19.0085 17.3349 16.4018 15.3998 14.7897 18.621 14.3125 13.9753 14.6557 13.3726
threshold=64.500000000000014 6.5000000000000009 3259.223057866097 19.42871621621622 252.50000000000003 8635.6329511404056 227.29271178951601 44.427120010058097 7.0478394031524667 18.59348290598291 46.636788487434394 0.96623785485534397 0.91264255734090827 6970.4694567918787
decision_type=2 2 8 10 2 10 10 10 10 10 8 8 10 8
left_child=2 8 7 5 -3 6 13 -1 9 -2 -7 12 -12 -4
right_child=1 4 3 -5 -6 10 -8 -9 -10 -11 11 -13 -14 -15
leaf_value=-0.040333803619468395 -0.48889642779569592 0.27479702825703639 -0.15652498893505876 -0.37774329880599589 2.031850343640015 -0.89009294946740602 -0.57472695636627269 1.3029783403113888 0.50622687507903352 0.22245639261359684 -0.068739062106159807 -0.71196060740982281 0.38366914132190671 0.049790339533941609
leaf_weight=73 320 766 578 474 211 194 45 83 89 93 101 52 47 737
leaf_count=73 320 766 578 474 211 194 45 83 89 93 101 52 47 737
internal_value=-0.000318323 0.00293919 -0.00233962 -0.00306864 0.0054908 -0.00160684 0 0.00802548 -0.00202783 -0.00442029 -0.00713924 -0.00149254 0.00322148 0.000615502
internal_weight=3863 1479 2384 2228 977 1754 1360 156 502 413 394 200 148 1315
internal_count=3863 1479 2384 2228 977 1754 1360 156 502 413 394 200 148 1315
is_linear=0
shrinkage=0.03


Tree=86
num_leaves=15
num_cat=0
split_feature=0 67 9 3 81 41 3 3 40 77 13 27 41 31
split_gain=38.0576 27.0521 25.8341 17.5262 16.3509 15.9071 15.8173 20.9575 15.5098 14.914 15.4767 13.7696 13.401 15.1455
threshold=252.50000000000003 -188.17690091729165 270.00000000000006 17.041666666656969 1587.2678377628329 -170.37493264675138 21.041666666656969 22.458333333343038 865.09848269531187 140.98376744985583 90.000000000000014 0.98473193473193488 28.442752122879032 24.027619047619059
decision_type=2 8 2 2 8 10 2 2 10 10 10 10 10 10
left_child=1 -1 3 -2 -3 11 9 -8 -4 10 -7 -6 13 -12
right_child=2 4 8 -5 5 6 7 -9 -10 -11 12 -13 -14 -15
leaf_value=-1.0059765981005271 1.288208916817702 1.7366240752462101 0.43495050871472057 3.6593763445864869 0.29890393532155163 0.056518563949660247 2.0652584530355882 -0.045384319789720316 -0.37713532162444252 -0.48648995706372478 -0.25130699829108316 -0.19279209246693141 -0.025840706962756657 -1.0544682150432598
leaf_weight=184 107 55 66 107 153 1024 99 152 46 57 720 64 939 77
leaf_count=184 107 55 66 107 153 1024 99 152 46 57 720 64 939 77
internal_value=-0.000249286 -0.00115745 0.00954128 0.0156279 -0.000538761 -0.000812538 -0.00136852 0.00583333 -0.00212389 -0.00201207 -0.00169504 0.00701835 -0.00341969 -0.0062782
internal_weight=3850 3524 326 214 3340 3285 3068 251 112 2817 2760 217 1736 797
internal_count=3850 3524 326 214 3340 3285 3068 251 112 2817 2760 217 1736 797
is_linear=0
shrinkage=0.03


Tree=87
num_leaves=15
num_cat=0
split_feature=4 65 0 28 8 0 28 80 62 20 16 73 81 81
split_gain=25.8095 27.2356 21.7327 18.3518 22.7698 27.6554 20.2626 18.1761 16.9796 17.368 18.1379 18.2579 16.9557 19.5537
threshold=8.5000000000000018 1.1108280070873244 243.50000000000003 208.50000000000003 4.6513483211105111 -27.499999999999996 184.50000000000003 185.38843464851382 0.23543948596322736 503.82469952106482 4.5000000000000009 80.999120593070998 3639.9758070707326 4169.4065548181543
decision_type=2 10 2 2 8 2 2 10 10 8 2 10 8 8
left_child=1 3 -2 4 6 -6 12 -7 9 -5 -11 -12 -1 -14
right_child=2 -3 -4 8 5 7 -8 -9 -10 10 11 -13 13 -15
leaf_value=1.1469013818461857 0.092207085965569188 -0.93788791487327283 3.3377918274644687 0.69883862806331132 -1.6569312936510627 0.05803671819152708 -0.89452024272142516 2.8738728682137857 -0.44668079414795236 0.46534003086350928 -0.086604233747671483 0.75876210985059678 -0.72947708591317684 -0.12893587270400478
leaf_weight=59 810 239 66 174 46 274 234 49 118 173 600 42 42 898
leaf_count=59 810 239 66 174 46 274 234 49 118 173 600 42 42 898
internal_value=-0.000345098 -0.00168871 0.00417332 -0.000830258 -0.0028821 0.00364865 -0.00483793 0.00675926 0.00213899 0.00342424 0.00158088 -0.000746501 -0.00297 -0.00395324
internal_weight=3824 2948 876 2709 1602 369 1233 323 1107 989 815 642 999 940
internal_count=3824 2948 876 2709 1602 369 1233 323 1107 989 815 642 999 940
is_linear=0
shrinkage=0.03


Tree=88
num_leaves=15
num_cat=0
split_feature=81 83 53 31 56 5 13 61 62 3 82 3 65 42
split_gain=27.7782 21.3183 21.2299 21.0273 21.7997 24.1913 17.6106 17.584 16.8096 14.446 16.2856 12.8706 12.4028 12.9366
threshold=1587.2678377628329 8.0886323451995867 7.5000000000000009 12.947777777777778 125.72860348224641 142.24492752552035 3030.0000000000005 0.9383358852641267 -0.18919452397090217 5.8750000000000009 32.745044469833381 14.791666666656967 0.93677414044421492 -201.37121427059171
decision_type=8 8 10 8 8 10 8 8 10 2 8 2 8 8
left_child=-1 2 8 6 -5 11 9 -4 -2 -3 -11 -6 -12 -14
right_child=1 3 7 4 5 -7 -8 -9 -10 10 12 -13 13 -15
leaf_value=1.8994949821091778 0.20085741261747295 -0.32143750906912222 -0.14131959247629985 -0.10985074746181621 0.023481345811222874 -0.42142165498774897 -0.41698538358386811 0.46972550736108065 -0.75307177212576859 -0.083962713236302167 1.5495370303417568 1.0310630287942133 2.3053083644567449 0.33399902883166233
leaf_weight=74 139 87 563 1002 220 49 43 166 511 191 92 122 43 525
leaf_count=74 139 87 563 1002 220 49 43 166 511 191 92 122 43 525
internal_value=-0.000478056 -0.000839105 -0.00380435 0.000884211 -0.00148494 0.00451531 0.00424644 -0.000287671 -0.00774194 0.00511182 0.00630282 0.00734694 0.00853253 0.00685413
internal_weight=3827 3753 1379 2374 1393 391 981 729 650 938 851 342 660 568
internal_count=3827 3753 1379 2374 1393 391 981 729 650 938 851 342 660 568
is_linear=0
shrinkage=0.03


Tree=89
num_leaves=15
num_cat=0
split_feature=0 20 84 67 77 4 25 15 3 67 28 80 36 27
split_gain=34.0499 33.4091 23.6956 20.6043 16.1811 14.6626 17.5216 26.9723 16.5973 16.4308 15.1696 12.9361 12.593 12.2196
threshold=252.50000000000003 506.67701900005346 127.99255073070528 -239.93171453448676 -144.97388792037961 8.5000000000000018 0.93377192982456159 38.500000000000007 5.6250000000000009 -8.7984808821426572 254.50000000000003 10.558033585548403 0.29831635540464069 0.86385701676963822
decision_type=2 10 10 8 8 2 10 2 2 8 2 8 8 10
left_child=2 11 3 -1 -4 6 7 9 10 -5 -7 -2 -13 -6
right_child=1 -3 4 5 13 8 -8 -9 -10 -11 -12 12 -14 -15
leaf_value=-2.1379422985670216 0.047121863968748672 -0.36374049947838316 1.111504287792461 -0.96246196448297905 -0.55544025368648053 -0.64662777674711902 0.019118665640546793 0.20953842391896718 0.20015111813847589 -0.14737384937654957 0.009700865893728745 2.6687300386323041 1.4521656420592974 0.34256585238468928
leaf_weight=80 52 65 111 278 40 68 848 92 614 1201 53 105 108 135
leaf_count=80 52 65 111 278 40 68 848 92 614 1201 53 105 108 135
internal_value=-0.000498572 0.00870091 -0.00136325 -0.00209583 0.00689895 -0.00171157 -0.00283884 -0.00471374 0.00199728 -0.00569595 -0.00811475 0.0134211 0.0166822 0.00119318
internal_weight=3850 330 3520 3234 286 3154 2419 1571 735 1479 121 265 213 175
internal_count=3850 330 3520 3234 286 3154 2419 1571 735 1479 121 265 213 175
is_linear=0
shrinkage=0.03


Tree=90
num_leaves=15
num_cat=0
split_feature=81 85 26 52 8 3 81 79 83 1 67 15 17 81
split_gain=30.0952 26.2553 16.2991 17.7532 17.7341 16.0955 22.9135 18.6267 16.7484 14.0574 13.9664 18.1857 13.3489 11.9958
threshold=1546.7510825395586 -38.244549314180993 138.50000000000003 414.97221302986151 4.8440375778244009 20.458333333343038 7817.9419150352487 23.72087392036175 -17.777909755706784 666.52870881557476 -239.93171453448676 33.500000000000007 53.500000000000007 17689.606228470806
decision_type=8 8 2 10 10 2 8 10 10 2 8 2 2 10
left_child=-1 2 3 10 12 9 8 -8 -7 13 -2 -12 -4 -3
right_child=1 5 4 -5 -6 6 7 -9 -10 -11 11 -13 -14 -15
leaf_value=1.9891544100798808 -2.454161847424666 0.044798001021466825 2.377144827688336 0.16851890715081341 -1.0872554553093783 -1.2782226430881334 2.1382785675552913 -0.25010034036977563 0.5867532581490057 -0.13590425971715955 -0.61932024223170401 0.46501155268459127 0.025761537086158554 -0.63276006828806497
leaf_weight=57 43 1572 42 117 41 56 199 53 89 907 518 62 57 52
leaf_count=57 43 1572 42 117 41 56 199 53 89 907 518 62 57 52
internal_value=-0.000240559 -0.000567078 -0.00510783 -0.00688259 0.00425532 0.000798907 0.00640704 0.0118577 -0.00308219 -8.29384e-05 -0.00889423 -0.007642 0.0111 0.00158769
internal_weight=3865 3808 880 740 140 2928 397 252 145 2531 623 580 99 1624
internal_count=3865 3808 880 740 140 2928 397 252 145 2531 623 580 99 1624
is_linear=0
shrinkage=0.03


Tree=91
num_leaves=15
num_cat=0
split_feature=0 39 82 56 41 60 75 41 15 28 0 39 80 35
split_gain=24.8655 20.6087 18.6914 17.2511 17.0304 14.2384 13.8774 12.2387 14.053 14.8904 18.3818 18.2071 13.6767 14.6784
threshold=-23.499999999999996 2160.097873081073 -53.450790603955575 -5.2860964139302569 -111.85311806201933 -118.70768964290617 306.04700314998632 43.823863863945014 28.500000000000004 221.50000000000003 11.500000000000002 2364.198827776172 105.73080992698671 21.202013888888896
decision_type=2 10 8 8 8 10 8 8 2 2 2 10 10 8
left_child=1 2 -1 -3 -2 6 -4 8 9 10 -6 -11 -9 -14
right_child=4 3 5 -5 7 -7 -8 12 -10 11 -12 -13 13 -15
leaf_value=-1.0539976084866136 1.1955012243575223 -0.92859987497114249 0.38497607328093864 0.33391532041824867 -0.019835156133282541 0.24449709277864834 -0.54523440600763928 0.019748208277992337 0.14833089574237862 0.32464593791050084 -0.66643343874998306 -0.53297990765133996 1.1021791337060796 -0.21050218285271072
leaf_weight=117 69 224 56 55 270 244 154 1467 208 158 287 93 347 63
leaf_count=117 69 224 56 55 270 244 154 1467 208 158 287 93 347 63
internal_value=-6.29426e-05 -0.00458284 -0.00131119 -0.01125 0.00123523 0.00145055 -0.0042654 0.000881133 -0.00176991 -0.00355995 -0.00629032 0.0025 0.00231629 0.00715328
internal_weight=3812 850 571 279 2962 454 210 2893 1016 808 557 251 1877 410
internal_count=3812 850 571 279 2962 454 210 2893 1016 808 557 251 1877 410
is_linear=0
shrinkage=0.03


Tree=92
num_leaves=15
num_cat=0
split_feature=0 8 3 3 41 9 3 58 65 43 35 33 33 46
split_gain=27.204 24.8638 16.2606 25.0924 16.8836 15.9969 15.8098 13.8822 13.3867 13.1301 11.4464 10.5912 14.724 14.4098
threshold=77.500000000000014 4.0475922308247112 16.041666666656969 10.625000000000002 151.46789789199832 150.00000000000003 22.125000000000004 75.906804680824294 1.1058081830075566 585.69449131104363 20.558191489361704 17.449264705882356 9.3377192982456165 990.00000000000011
decision_type=2 10 2 2 10 2 2 8 10 10 10 10 8 10
left_child=8 5 3 -3 -5 7 -4 -2 -1 10 -10 12 -7 -13
right_child=1 2 6 4 -6 11 -8 -9 9 -11 -12 13 -14 -15
leaf_value=-0.033405187164915306 -0.10985848769140631 1.1006125677157048 2.0023260639231379 0.14510087619610157 -1.0962607673337652 0.082554589925510555 0.66400057182344852 1.9305860670289074 -0.50867644740030082 -1.4253314944285962 1.0953469088327474 0.86824764611392524 -0.56466179625787771 -0.065140903787941018
leaf_weight=2265 51 199 162 78 61 233 85 63 158 86 40 48 300 63
leaf_count=2265 51 199 162 78 61 233 85 63 158 86 40 48 300 63
internal_value=-0.000262009 0.00319196 0.00783276 0.00353982 -0.00621429 -0.000395257 0.0136694 0.00991304 -0.00208235 -0.00821053 -0.0039196 -0.00223256 -0.00398876 0.00616071
internal_weight=3892 1343 585 338 139 758 247 114 2549 284 198 644 533 111
internal_count=3892 1343 585 338 139 758 247 114 2549 284 198 644 533 111
is_linear=0
shrinkage=0.03


Tree=93
num_leaves=15
num_cat=0
split_feature=0 83 80 65 40 76 48 3 81 27 34 53 0 69
split_gain=29.2309 23.772 29.5527 24.4811 17.4821 16.477 19.4502 15.0358 18.5902 15.7968 15.0178 13.9566 23.9991 17.2448
threshold=77.500000000000014 4.2720547914505014 13.331244111061098 0.92926644237299272 45.180242109435198 445.39267277717596 100.86447393894197 19.875000000000004 4668.6520421504983 0.92376916868442305 0.24283374283374287 7.5000000000000009 -4.4999999999999991 40.294756212683978
decision_type=2 8 8 8 10 10 10 2 8 10 8 8 2 10
left_child=4 5 -3 -4 -1 6 -2 8 -5 10 -10 12 -6 -14
right_child=1 2 3 7 11 -7 -8 -9 9 -11 -12 -13 13 -15
leaf_value=0.17366214751435166 0.39852438516742666 -0.96819562123768121 2.1378763489009627 0.98259653159523053 -0.60677988446994002 -0.952659444293396 -0.17025924574215237 1.2447081180706694 0.034223541713280153 0.59277012236846649 -0.52252265064773151 -0.014851740989418383 0.29283059233020181 -0.63534318296959502
leaf_weight=435 162 54 215 91 477 71 305 99 88 114 94 1270 233 101
leaf_count=435 162 54 215 91 477 71 305 99 88 114 94 1270 233 101
internal_value=-7.08661e-05 0.00359351 0.00702381 0.00867521 -0.00195471 -0.00122449 0.000833333 0.00492813 0.00224227 -0.00141414 -0.00688525 -0.00309798 -0.00616995 0
internal_weight=3809 1293 755 701 2516 538 467 486 387 296 182 2081 811 334
internal_count=3809 1293 755 701 2516 538 467 486 387 296 182 2081 811 334
is_linear=0
shrinkage=0.03


Tree=94
num_leaves=15
num_cat=0
split_feature=3 81 84 67 81 53 29 3 48 20 3 5 27 81
split_gain=21.5539 18.0015 15.5425 19.6492 18.0404 14.7216 15.194 14.8959 13.8466 12.6529 12.1547 14.3156 11.2183 10.6981
threshold=20.958333333343038 1546.7510825395586 106.78723096847536 -157.29440929492313 3293.3193708658223 10.500000000000002 0.90630852059925104 23.041666666656969 -137.20122273763016 106.30552041530611 5.7083333333430355 60.916535377502449 0.86385701676963822 8456.1572152376193
decision_type=2 8 10 8 10 10 10 2 10 8 2 8 10 8
left_child=1 -1 3 13 -4 6 -2 -7 10 -10 11 -5 -6 -3
right_child=5 2 4 8 12 7 -8 -9 9 -11 -12 -13 -14 -15
leaf_value=1.7470666197737883 -0.63628783047933613 -0.2718964022746222 2.0335421387435062 0.029921435357063254 -0.45354283097307446 3.4698120366660286 0.76140143105887959 0.5375329942379834 -0.3323702447031629 -0.02757459557218489 0.84349672740937742 -0.29154218809212962 0.38233340048949754 -1.4211460673813703
leaf_weight=43 72 116 41 43 45 80 172 55 82 2590 99 50 257 98
leaf_count=43 72 116 41 43 45 80 172 55 82 2590 99 50 257 98
internal_value=8.58481e-05 -0.000658009 -0.000902981 -0.00157843 0.00514535 0.00686842 0.00244898 0.0147794 -0.000921466 -0.00148148 0.00683938 -0.000957447 0.00257426 -0.0103256
internal_weight=3843 3464 3421 3078 343 379 244 135 2864 2672 192 93 302 214
internal_count=3843 3464 3421 3078 343 379 244 135 2864 2672 192 93 302 214
is_linear=0
shrinkage=0.03


Tree=95
num_leaves=15
num_cat=0
split_feature=4 67 79 82 77 63 15 8 70 77 38 4 34 32
split_gain=22.2811 29.8575 19.642 22.1402 23.8206 16.2791 20.1512 19.3537 15.0491 13.7108 14.9136 14.7492 13.6385 13.0236
threshold=8.5000000000000018 153.00547340862894 275.37175887992549 165.25253645579025 -289.75356954336161 -204.11486375435098 31.500000000000004 3.3181617843396194 0.75735294117647067 -167.87642562389371 3063.5895589620673 5.5000000000000009 0.21089696071163827 0.14495798319327732
decision_type=2 8 10 10 8 8 2 10 8 8 10 2 8 8
left_child=1 5 3 4 -3 -1 8 -8 -7 13 -11 -12 -4 -6
right_child=-2 2 12 -5 9 6 7 -9 -10 10 11 -13 -14 -15
leaf_value=-1.3074214540432998 0.1685260583702953 -1.1145998290599743 0.03226683744985754 1.4876295618312989 0.34286637546660642 0.20106945635853521 0.39055666741307021 -0.15344747683141505 -0.65800424889859888 -0.08014299562954029 -0.064289231911578357 0.51281495489454132 -0.46007026183485406 0.19950355900529207
leaf_weight=118 892 78 54 141 57 71 63 199 438 967 131 236 83 300
leaf_count=118 892 78 54 141 57 71 63 199 438 967 131 236 83 300
internal_value=-0.000454427 -0.00171604 0.00027832 0.0010675 0.000152542 -0.00630337 -0.00470207 0.00205323 -0.00817647 0.000904255 -0.000494382 0.00464674 -0.0106522 0.00611732
internal_weight=3828 2936 2047 1910 1769 889 771 262 509 1691 1334 367 137 357
internal_count=3828 2936 2047 1910 1769 889 771 262 509 1691 1334 367 137 357
is_linear=0
shrinkage=0.03


Tree=96
num_leaves=15
num_cat=0
split_feature=0 76 81 83 39 16 14 68 78 28 17 57 30 81
split_gain=21.4781 35.1791 18.6672 16.7544 18.2883 23.4902 19.2792 17.3531 15.5039 15.0236 13.5626 31.2004 16.0597 18.3664
threshold=304.50000000000006 -85.565303683280931 1546.7510825395586 -55.942715644836419 2396.2808199483848 36.500000000000007 858.12432565107883 -0.11089335303320026 0.87500000000000011 239.50000000000003 30.500000000000004 7.5000000000000009 6.1500000000000012 8655.1340399980563
decision_type=2 10 8 8 10 2 8 10 10 2 2 8 10 8
left_child=2 -2 -1 7 6 -6 10 9 -9 -4 11 -5 -12 -14
right_child=1 -3 3 4 5 -7 -8 8 -10 -11 12 -13 13 -15
leaf_value=1.6978815619550751 2.4056824970618065 -0.18560722825322637 -0.088510274829069674 0.02125612418302552 -0.16069507096475627 0.30257436790041542 -0.40326652601798896 0.025302868322764162 -0.79716643669195508 0.68959679960507325 0.25408053539205833 0.9650880332763534 0.076198367527807342 -0.30089276674453985
leaf_weight=47 136 74 216 300 976 95 80 133 438 87 408 252 339 277
leaf_count=47 136 74 216 300 976 95 80 133 438 87 408 252 339 277
internal_value=7.77403e-05 0.00938389 -0.0004604 -0.00070794 0.00045088 -0.00260261 0.00242607 -0.00432 -0.0073951 0.00148026 0.00315789 0.00694394 0.0011122 -0.00194489
internal_weight=3858 210 3648 3601 2727 1071 1656 874 571 303 1576 552 1024 616
internal_count=3858 210 3648 3601 2727 1071 1656 874 571 303 1576 552 1024 616
is_linear=0
shrinkage=0.03


Tree=97
num_leaves=15
num_cat=0
split_feature=0 19 81 64 39 26 35 16 8 77 58 65 28 76
split_gain=18.698 31.3751 14.0623 14.2517 18.9585 18.3119 12.4325 18.4276 12.0102 18.0708 18.7144 17.12 22.4655 16.3788
threshold=252.50000000000003 210.00000000000003 1587.2678377628329 4.1086542204485008 1507.2772992870089 112.50000000000001 12.571431427429031 20.500000000000004 4.1591447234351344 -87.414005398750291 1470.128134608269 1.1347892233020838 250.50000000000003 1203.7632002830508
decision_type=2 8 8 8 10 2 10 2 8 10 10 10 2 10
left_child=2 -2 -1 4 5 -4 7 -6 11 10 -10 12 13 -5
right_child=1 -3 3 8 6 -7 -8 -9 9 -11 -12 -13 -14 -15
leaf_value=1.4900718177948522 -0.32960557576654587 1.5221589086717962 -0.20109092129513881 -0.25640622747825725 0.39011143362093498 0.87323839448291929 -0.64800711793051446 -0.8082350732423712 0.23485183191673908 -0.15932372129104383 -0.064608830769527392 -1.282994412724263 0.28210076939781048 0.1457661050678466
leaf_weight=59 80 246 157 896 114 64 301 64 726 403 52 68 322 246
leaf_count=59 80 246 157 896 114 64 301 64 726 403 52 68 322 246
internal_value=-0.000252698 0.0066055 -0.000898359 -0.00115114 -0.00496434 0.0022973 -0.0083125 -0.00201117 -0.000165807 0.0021066 0.00477535 -0.00191781 -0.00122867 -0.0032021
internal_weight=3798 326 3472 3413 700 221 479 178 2713 1181 778 1532 1464 1142
internal_count=3798 326 3472 3413 700 221 479 178 2713 1181 778 1532 1464 1142
is_linear=0
shrinkage=0.03


Tree=98
num_leaves=15
num_cat=0
split_feature=0 4 42 17 60 3 8 3 38 83 60 28 84 6
split_gain=25.5054 18.9852 15.7624 15.1312 15.5503 14.343 22.2111 33.3356 28.4331 20.615 18.7687 15.2354 13.4361 13.0632
threshold=-29.499999999999996 8.5000000000000018 -128.92096817493436 35.000000000000007 -33.596698403358452 14.708333333343036 4.6976593661439443 17.291666666656969 3879.7899791111604 -175.32100319862363 191.47502458095553 216.50000000000003 109.17838752269746 690.00000000000011
decision_type=2 2 8 2 10 2 10 2 10 8 8 2 10 10
left_child=1 3 -2 4 -1 13 7 -7 9 -9 11 -11 -3 -4
right_child=2 12 5 -5 -6 6 -8 8 -10 10 -12 -13 -14 -15
leaf_value=-0.26492137194250398 1.7965580919517314 -0.04262817104358807 0.042176745432151462 -0.91079779214327949 0.56167920326938126 0.3338755800968306 0.90591201321632353 -1.148157240498789 0.53970414517649401 -0.91170344669068981 0.069840618145502326 0.0064293429160359851 0.86857642612672392 -0.14409688591500483
leaf_weight=211 70 160 716 347 59 326 345 75 73 138 226 96 42 979
leaf_count=211 70 160 716 347 59 326 345 75 73 138 226 96 42 979
internal_value=-2.32919e-05 -0.00471951 0.00124138 -0.0073301 -0.00199262 0.000907563 0.00330469 0.000898396 -0.00325123 -0.00565299 -0.0032538 -0.00919149 0.00325123 -0.000902123
internal_weight=3863 819 3044 617 270 2974 1279 934 608 535 460 234 202 1695
internal_count=3863 819 3044 617 270 2974 1279 934 608 535 460 234 202 1695
is_linear=0
shrinkage=0.03


Tree=99
num_leaves=15
num_cat=0
split_feature=81 0 3 84 81 42 27 7 15 77 65 3 31 3
split_gain=23.4894 18.0249 19.8606 14.6951 13.8839 13.3205 32.1251 14.0905 13.9079 18.6262 18.7596 23.0294 17.1899 17.0362
threshold=1546.7510825395586 -4.4999999999999991 1.5416666666569656 82.464502930641189 7942.3204239606866 -138.9594198465347 0.98373876255949244 5195.1445863448107 27.500000000000004 115.06792348623277 0.82120367045437104 7.8750000000000009 10.187500000000002 9.9583333333430364
decision_type=8 2 2 10 10 10 8 10 2 10 8 2 10 2
left_child=-1 3 -3 4 -2 6 -4 8 9 10 -7 12 -12 -13
right_child=1 2 5 -5 -6 7 -8 -9 -10 -11 11 13 -14 -15
leaf_value=1.9685814818420204 -0.076715320144694552 -0.19857995426856145 0.91304663275097409 0.23842548199989244 -0.67164308567394759 0.91805732848143706 -0.36138731654328493 0.98942414220785191 0.2368062920395807 -1.1035289384951985 1.1370218291653265 -0.64080663786193137 0.066798698176822477 -0.020047790208876821
leaf_weight=54 665 169 113 198 304 186 56 112 365 65 71 181 134 1169
leaf_count=54 665 169 113 198 304 186 56 112 365 65 71 181 134 1169
internal_value=0.000171741 -0.000110847 0.00127002 -0.00321062 -0.00473196 0.00195679 0.0100588 0.00135289 0.000814917 -0.000265634 0.00032721 -0.000751928 0.00859223 -0.00217617
internal_weight=3842 3788 2621 1167 969 2452 169 2283 2171 1806 1741 1555 205 1350
internal_count=3842 3788 2621 1167 969 2452 169 2283 2171 1806 1741 1555 205 1350
is_linear=0
shrinkage=0.03


Tree=100
num_leaves=15
num_cat=0
split_feature=65 3 7 28 65 28 3 80 79 16 41 76 29 20
split_gain=22.1909 21.3891 23.4972 17.4437 24.9735 18.5787 19.2586 18.1491 15.2253 13.5069 19.1538 15.8779 13.1752 12.9905
threshold=1.107640747696482 5.6250000000000009 4925.3465560779887 208.50000000000003 0.84669820122953965 184.50000000000003 17.458333333343038 105.73080992698671 396.46469057803557 27.500000000000004 82.898200035095229 328.68824028968817 0.88910093299406279 503.82469952106482
decision_type=10 2 8 2 8 2 2 8 10 2 10 10 10 8
left_child=1 -1 3 4 7 8 -7 -3 9 -6 11 12 -11 -5
right_child=-2 2 -4 13 5 6 -8 -9 -10 10 -12 -13 -14 -15
leaf_value=-0.16253482409007505 -0.45824264114769037 -0.030263116406016231 0.57983831507060379 0.64791593049296226 -0.050492752112190627 -0.22361915490566564 -1.6240823144012129 2.0221455134470872 -0.30325791457334927 -0.39846834951063304 -0.35989120566120858 1.0074606206796317 0.76375448310430849 0.10110531879395759
leaf_weight=328 339 70 185 186 952 228 55 80 131 51 104 107 55 969
leaf_count=328 339 70 185 186 952 228 55 80 131 51 104 107 55 969
internal_value=-0.000359281 0.000351228 0.00110586 0.000461693 -0.00135769 -0.00240499 -0.00940141 0.0103311 -0.000985011 2.3622e-05 0.00537736 0.010514 0.00224299 0.00334775
internal_weight=3840 3501 3173 2988 1833 1683 283 150 1400 1269 317 213 106 1155
internal_count=3840 3501 3173 2988 1833 1683 283 150 1400 1269 317 213 106 1155
is_linear=0
shrinkage=0.03


Tree=101
num_leaves=15
num_cat=0
split_feature=3 60 81 60 75 1 15 3 80 29 3 83 7 69
split_gain=22.9846 17.8508 17.0901 17.4319 23.3212 13.6018 12.1486 11.8621 13.231 25.6918 15.7945 14.3605 12.9863 12.0784
threshold=20.375000000000004 -107.04284620285033 3696.7420524358754 229.85396265983584 1865.0287591218951 631.37168741226208 16.500000000000004 2.3750000000000004 85.216893911361709 0.95657137184832253 19.375000000000004 34.616942882537849 2464.7944444743011 481.58338899870176
decision_type=2 8 10 8 8 2 2 2 10 10 2 8 10 8
left_child=1 -1 6 5 -5 -4 -2 -3 10 12 -9 -12 -10 -14
right_child=2 7 3 4 -6 -7 -8 8 9 -11 11 -13 13 -15
leaf_value=-0.96978650090130136 0.31656301513633278 -0.16289601202844237 0.24517164423686827 -0.7934220413686156 2.3618130660851393 -0.63195611794512641 2.3013870940146082 -0.0016868970534966055 0.99726871055568034 -0.60391135405704544 -0.74891550011246621 0.099419136219590448 0.60666551716679495 -0.29832235501965654
leaf_weight=199 90 270 52 46 101 134 73 2080 177 81 97 49 287 62
leaf_count=199 90 270 52 46 101 134 73 2080 177 81 97 49 287 62
internal_value=0.000142143 -0.000762943 0.00615694 0.00224551 0.00993243 -0.00385027 0.0140854 -0.000202964 0.000370501 0.00429276 -0.000700494 -0.0102041 0.00671727 0.00334286
internal_weight=3798 3302 496 333 147 186 163 3103 2833 607 2226 146 526 349
internal_count=3798 3302 496 333 147 186 163 3103 2833 607 2226 146 526 349
is_linear=0
shrinkage=0.03


Tree=102
num_leaves=15
num_cat=0
split_feature=83 3 28 67 31 28 77 20 28 70 36 77 20 82
split_gain=20.4948 20.0704 19.0799 24.6285 18.1985 17.3464 19.9705 16.9975 15.737 15.6308 15.5455 11.8948 13.5462 15.1317
threshold=100.86936461925508 10.125000000000002 204.50000000000003 573.70915751023733 24.805555555555561 184.50000000000003 -103.93103235960005 194.27329885959628 485.00000000000006 0.91287878787878796 0.13867521367521371 -244.4408195018768 542.44134294986736 13.549442390600843
decision_type=10 2 2 10 8 2 8 10 2 8 8 8 8 10
left_child=2 -2 3 5 9 -1 -7 -8 10 -3 -4 -12 -13 -14
right_child=1 4 8 -5 -6 6 7 -9 -10 -11 11 12 13 -15
leaf_value=-0.050103190686287866 -0.33203466084768973 1.7468695027167933 0.63427433299076297 1.8234951604268588 -0.2023370100055992 -1.4317861151524116 0.19352178144265636 -0.70287069573855943 -1.4829035556415338 0.45399136436810572 -0.23376145642179325 0.52525003238048484 0.16601937976623501 -0.17178278178428086
leaf_weight=1560 76 81 102 55 66 147 94 44 54 270 175 197 579 351
leaf_count=1560 76 81 102 55 66 147 94 44 54 270 175 197 579 351
internal_value=-0.000179128 0.00552632 -0.00101816 -0.00299842 0.00811005 -0.00359155 -0.0103846 -0.00215827 0.00156271 0.0108239 0.00217794 0.00128933 0.00242021 0.000902256
internal_weight=3851 493 3358 1900 417 1845 285 138 1458 351 1404 1302 1127 930
internal_count=3851 493 3358 1900 417 1845 285 138 1458 351 1404 1302 1127 930
is_linear=0
shrinkage=0.03


Tree=103
num_leaves=15
num_cat=0
split_feature=3 0 3 41 45 81 80 85 83 77 81 64 23 9
split_gain=25.1237 16.7003 16.6539 16.4056 15.9599 14.443 16.6037 13.6501 12.6002 12.1252 11.6544 11.4153 11.3285 10.9994
threshold=21.041666666656969 -23.499999999999996 21.708333333343038 -137.87410676479337 12.500000000000002 4709.7794868946085 67.693006038665786 -143.53754854202268 -99.844379067420945 -144.97388792037961 1546.7510825395586 4.1086542204485008 2.3092839717864995 150.00000000000003
decision_type=2 2 2 8 10 8 10 10 8 10 8 8 8 2
left_child=1 5 -2 -3 8 6 7 -1 -4 11 -5 -7 -10 -14
right_child=2 3 4 10 -6 9 -8 -9 12 -11 -12 -13 13 -15
leaf_value=-0.92901295570682929 1.6662893102708387 2.2756702022822517 -1.5169382138508509 1.4257089312902587 3.3442644694479782 -0.97825833466369116 1.0397680922028174 0.15829340001354325 1.5782542162460527 -0.72820193292388791 -0.01386601402782674 -0.037519133045353925 -0.22874089697605768 0.53420063587408062
leaf_weight=43 94 45 48 44 43 78 48 114 40 274 2526 279 69 84
leaf_count=43 94 45 48 44 43 78 48 114 40 274 2526 279 69 84
internal_value=-0.000524804 -0.00132966 0.00680739 -0.000149083 0.00315789 -0.00501792 0.0018932 -0.0028481 0.000123967 -0.00726266 -0.000466744 -0.00360335 0.0035567 -0.000194805
internal_weight=3829 3451 378 2615 284 836 205 157 241 631 2570 357 193 153
internal_count=3829 3451 378 2615 284 836 205 157 241 631 2570 357 193 153
is_linear=0
shrinkage=0.03


Tree=104
num_leaves=15
num_cat=0
split_feature=3 77 79 66 28 61 28 16 77 83 61 65 80 39
split_gain=15.8122 13.8306 16.6114 12.6418 13.5128 15.7116 15.4086 17.5899 16.0869 25.1604 15.0783 14.6924 14.6236 16.6646
threshold=20.958333333343038 -287.47584432363504 17.878144844068228 -159.57808005809781 208.50000000000003 0.10884758123495618 186.50000000000003 20.500000000000004 -165.26840126514432 69.476742744445815 0.32636500411435176 0.89106402732094814 -44.078241586685174 2119.2041862142355
decision_type=2 10 10 8 2 8 2 2 10 10 8 8 8 10
left_child=3 -2 -3 -1 6 -6 8 -8 9 -5 -7 -10 -12 -14
right_child=1 2 -4 4 5 10 7 -9 11 -11 12 -13 13 -15
leaf_value=-0.34890162265481245 -0.26644741630212893 1.4732542126668036 -0.13916749590234861 0.0066518445597846141 0.31717731700698998 -0.59133841087782568 -0.018981481045492622 -1.0505951187807439 0.65874147007144879 1.0782903688459402 0.61035871133880992 -0.2143779102363583 0.22962280677064512 -0.20805682410657225
leaf_weight=348 49 254 86 656 298 171 142 147 62 100 135 724 319 301
leaf_count=348 49 254 86 656 298 171 142 147 62 100 135 724 319 301
internal_value=4.74558e-05 0.00576923 0.00791789 -0.000608108 9.81675e-06 0.00244898 -0.00162118 -0.00796552 -0.000427738 0.00269485 0.000517799 -0.00343075 0.00234127 0.000386473
internal_weight=3792 389 340 3403 3055 1224 1831 289 1542 756 926 786 755 620
internal_count=3792 389 340 3403 3055 1224 1831 289 1542 756 926 786 755 620
is_linear=0
shrinkage=0.03


Tree=105
num_leaves=15
num_cat=0
split_feature=13 0 84 77 0 16 66 60 48 24 41 67 15 85
split_gain=20.5229 21.2721 14.1881 11.8673 11.4635 17.0618 12.9357 11.7953 13.4132 12.2207 10.7428 10.5999 11.09 20.1627
threshold=90.000000000000014 -22.499999999999996 139.53759411970779 -154.97655028104779 164.50000000000003 24.500000000000004 85.045155286788955 -97.18787038326262 -74.186098694801316 68.500000000000014 -121.0036220550537 596.58559644527941 28.500000000000004 -24.627312620480854
decision_type=8 2 10 8 2 2 10 8 8 2 8 10 2 8
left_child=2 -2 4 -4 6 -6 7 -1 -9 -10 -3 12 -12 -14
right_child=1 10 3 -5 5 -7 -8 8 9 -11 11 -13 13 -15
leaf_value=-0.4428906624640091 -0.52481930849344194 1.851610216023186 1.0995220263344199 0.090603721646175112 1.2753099761707269 -0.554354807890996 -0.34064832590432842 0.42119761992299259 0.046338603567321265 -0.27666196358912831 -0.1041611064438264 1.1680634150290017 0.51747814241385848 0.0037617173631359791
leaf_weight=81 518 42 48 80 163 49 248 118 648 50 1458 70 43 222
leaf_count=81 518 42 48 80 163 49 248 118 648 50 1458 70 43 222
internal_value=-0.000640792 -0.00238318 0.00211978 0.0116279 0.00121502 0.00760563 2.6178e-05 0.00170379 0.0027907 0.00120172 -0.000866013 -0.00122074 -0.00168794 0.00394737
internal_weight=3838 2353 1485 128 1357 212 1145 897 816 698 1835 1793 1723 265
internal_count=3838 2353 1485 128 1357 212 1145 897 816 698 1835 1793 1723 265
is_linear=0
shrinkage=0.03


Tree=106
num_leaves=15
num_cat=0
split_feature=0 11 40 28 13 39 7 38 28 25 0 3 62 77
split_gain=21.4484 18.3658 15.1005 15.0609 14.051 12.32 16.3654 17.0331 12.0535 12.5067 12.03 16.5593 11.5051 11.331
threshold=252.50000000000003 210.00000000000003 930.01953368398824 485.00000000000006 90.000000000000014 2381.6430426309776 3872.4679407200251 3935.3674878393208 268.50000000000006 0.84292763157894746 355.00000000000006 16.291666666656969 0.067317629589960862 -102.10408639907835
decision_type=2 2 10 2 8 10 10 10 2 10 2 2 8 10
left_child=3 10 -3 4 5 8 -7 13 9 -1 11 -2 -10 -8
right_child=1 2 -4 -5 -6 6 7 -9 12 -11 -12 -13 -14 -15
leaf_value=-0.33376030069125356 -0.64856306137790154 0.2246697763470504 -0.48828560382600439 -1.4319135779610648 -0.06955632454847635 -0.20819896414185171 1.5636405851984734 -0.26412948272388381 1.8892556891527374 0.23732837244233762 2.9461180093965003 1.6017021438394998 0.01460506266123779 0.20833302650580007
leaf_weight=66 50 76 42 60 2098 284 55 70 64 672 83 83 44 81
leaf_count=66 50 76 42 60 2098 284 55 70 64 672 83 83 44 81
internal_value=-0.000266388 0.00698507 -0.00252101 -0.000961373 -0.00069869 0.00170531 -0.00207739 0.00434783 0.0038961 0.00251691 0.0121659 0.00649254 0.013211 0.0105109
internal_weight=3828 334 118 3494 3434 1336 490 206 846 738 216 133 108 136
internal_count=3828 334 118 3494 3434 1336 490 206 846 738 216 133 108 136
is_linear=0
shrinkage=0.03


Tree=107
num_leaves=15
num_cat=0
split_feature=27 4 3 82 3 85 83 3 38 3 78 39 64 42
split_gain=16.3714 18.5693 18.1751 23.9428 16.3353 16.2027 16.0066 15.5676 27.4871 17.1888 14.9078 15.2872 15.8875 13.861
threshold=0.88780278466526807 7.5000000000000009 13.208333333343036 159.83257118860885 17.708333333343038 -66.459028601646409 -359.24796485900873 20.208333333343038 3561.0448266399085 23.041666666656969 0.70833333333333337 1284.0369192624341 4.1086542204485008 -41.701521873474114
decision_type=10 2 2 8 2 8 10 2 10 2 8 10 8 10
left_child=1 5 -2 4 -4 -1 -6 8 -8 -9 -3 -12 -13 -5
right_child=2 10 3 13 6 -7 7 9 -10 -11 11 12 -14 -15
leaf_value=-1.4404314419200097 -0.085631943309141853 -0.28921364885918344 0.23608577413706044 -0.15096418582495641 -0.83193141725839981 -0.062992976539125486 -0.48889820230258463 0.75878484583125994 0.51440699776578558 -0.66342337911763138 0.48489662543574208 -0.5420915716091983 0.050677824183330458 1.224975640797954
leaf_weight=160 1220 135 536 62 46 449 225 149 44 46 64 75 349 254
leaf_count=160 1220 135 536 62 46 449 225 149 44 46 64 75 349 254
internal_value=-0.000173001 -0.00301703 0.00118467 0.00356566 0.00137536 -0.0067377 -0.00246575 -0.000774194 -0.00544444 0.00566327 0.000625 0.00306748 0.000988235 0.0107886
internal_weight=3814 1232 2582 1362 1046 609 510 464 269 195 623 488 424 316
internal_count=3814 1232 2582 1362 1046 609 510 464 269 195 623 488 424 316
is_linear=0
shrinkage=0.03


Tree=108
num_leaves=15
num_cat=0
split_feature=81 27 45 62 77 75 28 82 26 8 80 60 77 28
split_gain=22.5014 19.4992 17.5044 25.3633 24.0225 23.4445 19.0421 18.0358 25.3639 15.4098 14.9498 14.6863 14.3989 16.9348
threshold=3259.223057866097 0.93623797262501707 7.5000000000000009 -0.19076557579598272 -289.75356954336161 598.21218180656444 202.50000000000003 24.482953071594242 230.50000000000003 3.646927792402987 -34.518487572669976 -43.658729672431939 -240.92693817615506 139.50000000000003
decision_type=8 10 8 10 10 8 2 10 2 10 8 10 8 2
left_child=1 -1 3 4 -2 -6 10 8 -8 -3 -5 -7 13 -4
right_child=2 9 12 6 5 11 7 -9 -10 -11 -12 -13 -14 -15
leaf_value=0.9247179604877811 -0.84470494545753871 -0.54158829965279098 0.078747732524805533 -1.275644040965914 0.61613865156732461 -0.15905245669270812 0.23492781951330072 -0.37741751251853006 -1.0420124446081949 0.65607232641061575 -0.23111239218500981 0.53305608543800898 0.038874793177308069 -0.49492446801834322
leaf_weight=205 48 49 108 196 107 173 247 141 41 46 236 79 1969 204
leaf_count=205 48 49 108 196 107 173 247 141 41 46 236 79 1969 204
internal_value=-0.000101299 0.00777409 -0.000769014 -0.00359338 0.00257353 0.00525 -0.00650812 -0.00202326 0.00228374 -0.0034375 -0.0109469 0.000237154 0.000801928 -0.00517572
internal_weight=3849 300 3549 1268 407 359 861 429 288 95 432 252 2281 312
internal_count=3849 300 3549 1268 407 359 861 429 288 95 432 252 2281 312
is_linear=0
shrinkage=0.03


Tree=109
num_leaves=15
num_cat=0
split_feature=65 42 7 34 34 39 65 39 28 71 39 22 7 77
split_gain=21.0072 13.6584 10.7073 15.0291 13.8457 13.3073 12.9769 13.1002 15.7855 15.2812 14.8686 13.8531 11.9544 15.0061
threshold=1.07625991853548 -234.04894626140592 4551.8125488102496 0.18245838668373884 0.2228132387706856 4777.0235039493837 0.82120367045437104 2396.2808199483848 223.50000000000003 13.500000000000002 2612.184311776391 7.0342426300048837 1817.9411687826071 -94.11861419677733
decision_type=10 8 10 8 8 10 8 10 2 8 10 2 10 10
left_child=1 -1 4 -4 -3 -5 -6 8 -8 11 -11 -9 -10 -14
right_child=-2 2 3 5 6 -7 7 9 12 10 -12 -13 13 -15
leaf_value=1.8471919774635666 -0.32286896911146856 0.099225399831627384 -0.058704512372119641 -0.0039568800859284452 0.91258261083610082 1.5467559977174834 -0.12476431894776396 -0.66367589937770999 -0.02121102211441105 -0.942958103003258 0.069058935648225503 -0.023716974890711621 0.12976554041170357 2.0574282317940957
leaf_weight=44 472 979 110 56 146 133 913 205 191 48 184 107 194 63
leaf_count=44 472 979 110 56 146 133 913 205 191 48 184 107 194 63
internal_value=8.58034e-05 0.000915827 0.000693694 0.0061 0.000158364 0.0112105 -0.00124269 -0.00190451 -0.000330396 -0.00583486 0 -0.0101597 0.00427617 0.00848837
internal_weight=3845 3373 3329 299 3030 189 2051 1905 1361 544 232 312 448 257
internal_count=3845 3373 3329 299 3030 189 2051 1905 1361 544 232 312 448 257
is_linear=0
shrinkage=0.03


Tree=110
num_leaves=15
num_cat=0
split_feature=0 76 66 81 7 77 31 8 77 77 77 24 30 83
split_gain=17.8197 21.5795 13.9691 13.0239 13.2554 19.9149 11.8576 15.9483 17.9586 17.6961 18.1496 17.7314 17.3493 15.8637
threshold=307.50000000000006 -85.565303683280931 -325.7490980625152 1587.2678377628329 5123.2697457641034 60.856666743755348 12.538516746411485 4.1462990685532128 -54.499478757381432 -146.72816359996793 -242.23714649677274 34.500000000000007 28.950000000000003 -63.22269427776336
decision_type=2 10 8 8 10 10 10 10 10 10 10 2 10 8
left_child=2 -2 -1 -4 6 -6 7 8 9 10 13 -11 -9 -5
right_child=1 -3 3 4 5 -7 -8 12 -10 11 -12 -13 -14 -15
leaf_value=-1.1184223142595184 2.5500750188548271 -0.11599442911332132 1.3633236084853522 -0.79795713500494314 0.8560438188951065 -0.42886746888085969 -0.11780632007650722 0.46123488015350866 0.35418492421973063 -0.71722169809821645 0.3296510675505343 0.15595645895201188 -0.14781701399603325 -0.0034478512534970107
leaf_weight=73 144 61 67 94 121 42 1635 386 199 239 281 73 77 361
leaf_count=73 144 61 67 94 121 42 1635 386 199 239 281 73 77 361
internal_value=7.78412e-06 0.00859223 -0.000476843 -0.000209732 -0.00046167 0.00786585 -0.000869695 0.00087668 -0.000889423 -0.00245949 8.14111e-05 -0.0084345 0.005625 -0.00361842
internal_weight=3853 205 3648 3575 3508 163 3345 1710 1247 1048 736 312 463 455
internal_count=3853 205 3648 3575 3508 163 3345 1710 1247 1048 736 312 463 455
is_linear=0
shrinkage=0.03


Tree=111
num_leaves=15
num_cat=0
split_feature=81 3 8 3 26 15 3 81 39 81 24 68 81 35
split_gain=19.4147 14.62 28.9192 34.8921 23.8065 25.8151 18.1406 20.9987 17.5844 16.9652 16.3952 15.5189 15.1711 13.8722
threshold=1546.7510825395586 15.708333333343036 4.6976593661439443 17.291666666656969 136.50000000000003 35.500000000000007 20.208333333343038 8686.2627488374728 2364.198827776172 7381.426011443139 51.500000000000007 -0.22691536011851943 3760.1464006900792 14.804817541613318
decision_type=8 2 10 2 2 2 2 10 10 8 2 8 10 10
left_child=-1 8 3 10 5 6 -5 9 11 -8 12 -2 -3 -6
right_child=1 2 -4 4 13 -7 7 -9 -10 -11 -12 -13 -14 -15
leaf_value=1.415955928141279 0.82565583290260613 -0.0095710518231370122 0.62358436644048054 -0.52671018655124391 -0.013760705294146724 0.60969789022756149 -0.48789236876923275 -1.0257193990665989 -0.1696700508395316 0.48173902952253744 -0.40870756169234307 -0.01369336633336438 0.58135520014547459 0.92838020187235648
leaf_weight=57 79 65 376 377 75 56 106 74 963 101 40 1243 167 57
leaf_count=57 79 65 376 377 75 56 106 74 963 101 40 1243 167 57
internal_value=-0.000156372 -0.000420635 0.00188629 -0.000536193 -0.00354191 -0.00570629 -0.00737481 -0.00159574 -0.00192913 0.00331731 0.00879121 0.00031746 0.0118455 0.0081203
internal_weight=3836 3779 1494 1118 846 714 658 281 2285 207 272 1322 232 132
internal_count=3836 3779 1494 1118 846 714 658 281 2285 207 272 1322 232 132
is_linear=0
shrinkage=0.03


Tree=112
num_leaves=15
num_cat=0
split_feature=0 67 80 48 27 67 45 81 80 68 67 62 68 37
split_gain=16.119 20.2657 13.6503 17.0622 16.0475 11.9512 14.3499 11.9277 16.3588 13.5003 14.087 11.6708 11.5755 11.2468
threshold=56.500000000000007 265.47515840963888 67.693006038665786 93.338217695554121 0.88388945062352564 217.59141115347546 8.5000000000000018 3605.8852480649953 71.004489660263076 -0.281778967961055 -219.64033834871492 0.19197634945018591 0.16354196749068159 1401.7242476873373
decision_type=2 10 8 10 10 10 10 8 10 8 8 10 10 8
left_child=1 7 3 4 -2 11 -7 8 -1 -9 -11 -4 -8 -5
right_child=2 -3 5 13 -6 6 12 9 -10 10 -12 -13 -14 -15
leaf_value=-0.0063609927247819708 -0.85401356239195103 -0.86113561035194841 0.22454833093146354 -0.57620649203036833 0.32039548471079954 -0.19786796047439109 0.50889331883911526 0.25899473487317992 0.95814664304646713 -1.0285580298488839 -0.050754422044978889 -0.23054358006351439 1.785548099111631 0.053944802640644586
leaf_weight=150 48 41 596 222 231 44 99 46 77 95 1854 84 118 135
leaf_count=150 48 41 596 222 231 44 99 46 77 95 1854 84 118 135
internal_value=0.000124967 -0.00149735 0.00245247 -0.000941915 0.00460714 0.00474522 0.0101908 -0.00110661 0.00539474 -0.0018487 -0.00223077 0.00264317 0.0133486 -0.00527933
internal_weight=3840 2263 1577 636 279 941 261 2222 227 1995 1949 680 217 357
internal_count=3840 2263 1577 636 279 941 261 2222 227 1995 1949 680 217 357
is_linear=0
shrinkage=0.03


Tree=113
num_leaves=15
num_cat=0
split_feature=82 3 68 25 71 28 67 41 77 4 31 71 67 68
split_gain=18.8617 16.5065 22.8619 14.8051 14.0205 16.0296 10.514 21.9512 15.79 14.3081 12.6637 12.2083 11.22 12.2075
threshold=-67.741145372390733 20.375000000000004 0.16817388787274137 0.91331186258722497 12.500000000000002 220.50000000000003 -184.14710521099093 -137.87410676479337 115.06792348623277 7.5000000000000009 32.657096774193555 13.500000000000002 201.30084649210471 -0.0089298637967162708
decision_type=8 2 10 8 8 2 8 8 10 2 8 8 10 10
left_child=3 6 4 -1 5 -3 9 11 12 -2 -10 -8 13 -9
right_child=1 2 -4 -5 -6 -7 7 8 10 -11 -12 -13 -14 -15
leaf_value=-0.81331404900702142 -2.4454244453268559 -1.1552564581790827 2.2268411600277691 -0.00026408409709551429 0.46326870665465247 0.60880283229752752 0.68512772614455542 0.02296157207529197 -0.66346131694351018 -0.014771519565771012 0.012898000215933911 1.7668192298647674 0.53608045122846903 -0.13280250008211011
leaf_weight=234 49 62 92 219 245 53 60 1441 77 77 57 52 304 807
leaf_count=234 49 62 92 219 245 53 60 1441 77 77 57 52 304 807
internal_value=-7.8329e-06 0.000763992 0.00609272 -0.0057489 0.00265928 -0.00594828 -6.15385e-05 0.000321543 -0.000223297 -0.00850394 -0.0102222 0.0132743 0.000305523 -0.000426856
internal_weight=3829 3376 452 453 360 115 2924 2798 2686 126 134 112 2552 2248
internal_count=3829 3376 452 453 360 115 2924 2798 2686 126 134 112 2552 2248
is_linear=0
shrinkage=0.03


Tree=114
num_leaves=15
num_cat=0
split_feature=0 13 20 65 83 80 66 3 3 0 59 15 22 34
split_gain=20.9826 19.6515 14.9941 14.1951 15.1291 19.8438 12.6685 11.9675 11.4965 10.4594 17.5581 11.7091 14.9813 11.2389
threshold=255.00000000000003 90.000000000000014 535.93281006813061 1.1379785591653711 -185.05607068538663 -93.733027696609483 119.65120780467988 14.125000000000002 16.375000000000004 -23.499999999999996 127.54545378684999 28.500000000000004 1.0054835081100466 0.17832681017612526
decision_type=2 8 10 10 8 10 10 2 2 2 10 2 2 8
left_child=1 6 7 4 5 8 -1 -2 -3 -6 11 13 -13 -11
right_child=2 3 -4 -5 9 -7 -8 -9 -10 10 -12 12 -14 -15
leaf_value=0.12942951697642122 0.48044454773425116 0.64705411094632259 -0.13525689088207526 -0.99994189011514623 -0.30981740261340945 -0.85177938513259555 -0.21358777417823172 1.4946155963477361 -0.47619626812021126 0.058657863293815095 0.41335812484310791 0.54038252520909269 0.021671453411152057 -0.12686475605108621
leaf_weight=1103 103 45 55 136 405 103 245 169 48 280 145 43 166 796
leaf_count=1103 103 45 55 136 405 103 245 169 48 280 145 43 166 796
internal_value=-3.12256e-05 -0.000708191 0.00722561 -0.00247694 -0.00184547 -0.00974619 0.00213491 0.0101099 0.000319149 -0.000996732 0.000209644 -0.000909798 0.00557143 -0.0021727
internal_weight=3842 3515 327 2167 2031 196 1348 272 93 1835 1430 1285 209 1076
internal_count=3842 3515 327 2167 2031 196 1348 272 93 1835 1430 1285 209 1076
is_linear=0
shrinkage=0.03


Tree=115
num_leaves=15
num_cat=0
split_feature=4 65 63 15 82 63 77 82 38 0 31 77 22 82
split_gain=16.7513 18.9602 19.4906 18.7711 21.6156 21.0718 17.6353 17.0523 16.3023 15.8569 15.5966 14.9345 18.6478 16.3146
threshold=8.5000000000000018 0.93114619063586301 -204.11486375435098 31.500000000000004 186.02886374791464 167.00664269298377 13.665728807449343 165.25253645579025 1430.1960705109632 252.50000000000003 16.575000000000006 -54.499478757381432 5.1025601625442514 6.6147942145665501
decision_type=2 10 10 2 8 10 8 10 10 2 8 10 2 10
left_child=1 7 -3 5 -5 6 -4 11 -9 -2 -8 -1 13 -13
right_child=9 2 3 4 -6 -7 10 8 -10 -11 -12 12 -14 -15
leaf_value=-0.039983063276644658 0.071250486582720193 -1.4325946578731923 -0.50241137643358913 0.27481594226476602 -0.46512845734725433 -1.2826738931996673 0.82576139437624196 -0.1033284499280738 2.344124117262314 2.1794950419799415 -1.0682729470000039 0.17438055793435467 0.71793360431670672 -0.43346805763051588
leaf_weight=1432 835 132 324 201 74 46 61 65 89 71 53 149 197 118
leaf_count=1432 835 132 324 201 74 46 61 65 89 71 53 149 197 118
internal_value=7.79626e-06 -0.00109109 -0.00474215 -0.00288158 0.00336957 -0.00643299 -0.00437358 0.000497318 0.0100645 0.00357222 0.00573913 -0.00028466 0.0043871 -0.000783582
internal_weight=3847 2941 891 759 275 484 438 2050 154 906 114 1896 464 267
internal_count=3847 2941 891 759 275 484 438 2050 154 906 114 1896 464 267
is_linear=0
shrinkage=0.03


Tree=116
num_leaves=15
num_cat=0
split_feature=4 67 35 77 82 17 28 3 7 82 66 77 62 61
split_gain=15.5155 25.8688 15.4598 14.2268 12.5988 15.4844 13.3875 11.4458 25.7549 19.4759 18.1805 13.5633 17.3715 12.6444
threshold=8.5000000000000018 -184.14710521099093 17.963770040793097 -170.43623745441434 -70.419214248657212 32.500000000000007 216.50000000000003 15.708333333343036 2490.4252572478076 129.40733738740286 276.51343536376959 -196.12977707386014 0.23543948596322736 0.36525711224956259
decision_type=2 8 8 10 8 2 2 2 10 10 10 10 10 10
left_child=1 3 -2 -1 5 -3 -7 8 9 -6 -9 -10 13 -13
right_child=2 4 -4 -5 7 6 -8 10 11 -11 -12 12 -14 -15
leaf_value=-0.40647990200589362 0.029685720175760932 0.017755086327061773 0.33591757000457034 -1.9857297713797815 0.036128843648124312 -1.3468668790419021 0.018512537639925199 0.049460995467862423 -0.0040474545200913162 1.5061302160449173 1.3377072149825955 -0.12336212694406119 -1.6296920771396277 -0.5397561250509606
leaf_weight=47 596 157 329 67 649 133 68 819 376 83 105 285 41 125
leaf_count=47 596 157 329 67 649 133 68 819 376 83 105 285 41 125
internal_value=0.000401958 -0.000659675 0.0037905 -0.0146087 -9.50035e-05 -0.00534819 -0.0108416 0.000664251 -0.000903846 0.00319236 0.00330811 -0.00452899 -0.00803097 -0.00613139
internal_weight=3880 2955 925 114 2841 358 201 2483 1559 732 924 827 451 410
internal_count=3880 2955 925 114 2841 358 201 2483 1559 732 924 827 451 410
is_linear=0
shrinkage=0.03


Tree=117
num_leaves=15
num_cat=0
split_feature=4 28 0 77 68 7 42 31 41 28 69 37 79 77
split_gain=16.215 23.5386 18.84 17.4373 16.067 14.8468 14.5197 22.9307 16.8341 19.2828 15.0723 14.4054 14.1087 14.3861
threshold=7.5000000000000009 250.50000000000003 132.50000000000003 -220.40539968013761 -0.0089298637967162708 3695.1080210746372 -11.169914364814757 13.248333333333337 106.43597352504732 124.50000000000001 -31.379446135115483 1135.8937627389739 10.934302744559231 -198.13558185100553
decision_type=2 2 2 8 8 10 8 8 8 2 10 8 10 10
left_child=6 2 -2 -4 5 -3 7 10 12 -10 -1 -5 13 -8
right_child=1 4 3 11 -6 -7 8 -9 9 -11 -12 -13 -14 -15
leaf_value=0.16070233797979458 -0.054063641758390943 1.5952092609512019 -0.98717568650990595 0.045526154099627118 0.036295953635390017 0.1752062603034838 0.19896565138238204 -0.76646568442122354 0.12921780761490909 -0.19334493059934821 -1.1306352284893468 1.5830064568312181 0.25458284618346044 -0.22712160236611209
leaf_weight=254 1179 147 42 69 209 93 120 272 111 612 45 122 335 189
leaf_count=254 1179 147 42 69 209 93 120 272 111 612 45 122 335 189
internal_value=-0.000307895 0.00169173 -0.000212314 0.0075641 0.00766667 0.0129461 -0.00222795 -0.00624126 -0.000548246 -0.00368785 -0.0005 0.0114062 0.00297674 -0.00164516
internal_weight=3799 1861 1412 233 449 240 1938 571 1367 723 299 191 644 309
internal_count=3799 1861 1412 233 449 240 1938 571 1367 723 299 191 644 309
is_linear=0
shrinkage=0.03


Tree=118
num_leaves=15
num_cat=0
split_feature=79 67 45 80 58 70 24 79 39 39 30 76 17 71
split_gain=11.218 12.9104 16.5716 15.8101 15.8228 15.9659 19.6243 14.8309 13.3327 13.1744 10.6566 10.4473 15.7434 19.7629
threshold=396.46469057803557 56.777191337786313 5.5000000000000009 127.00085854530336 1.972092390060425 0.060661764705882359 31.500000000000004 10.934302744559231 2160.097873081073 1674.4608487291491 29.050000000000004 1867.9489187002184 44.000000000000007 11.500000000000002
decision_type=10 8 10 10 10 10 2 8 10 10 10 8 2 10
left_child=1 2 -1 7 -5 -6 -7 -3 -4 -8 -2 12 13 -9
right_child=10 3 8 4 5 6 9 11 -10 -11 -12 -13 -14 -15
leaf_value=-2.5172695372009999 -0.41817385637975502 -0.12627528984514197 0.072988667160434131 1.2129638267583605 -0.39189654043083888 1.7112941574629974 0.87065422347621235 -0.27331911723853991 -0.28173147809284455 -0.51312713227184747 0.035207075026328319 0.10551106044406396 -0.49358423764341064 0.27239550044433969
leaf_weight=79 97 769 479 169 58 113 50 187 430 104 63 887 74 248
leaf_count=79 97 769 479 169 58 113 50 187 430 104 63 887 74 248
internal_value=-0.000449055 -0.000106908 -0.00303337 0.000981203 0.00581818 0.00193252 0.00503731 -0.000124654 -0.00187912 -0.00193548 -0.00819876 0.00171797 -0.00170588 0.000481651
internal_weight=3807 3647 988 2659 494 325 267 2165 909 154 160 1396 509 435
internal_count=3807 3647 988 2659 494 325 267 2165 909 154 160 1396 509 435
is_linear=0
shrinkage=0.03


Tree=119
num_leaves=15
num_cat=0
split_feature=3 65 53 66 53 29 41 77 0 41 37 64 27 62
split_gain=17.1104 18.5901 13.9798 13.5028 13.3548 12.2973 19.1854 9.64194 12.9573 17.5925 13.4472 11.9544 16.9305 10.8716
threshold=20.458333333343038 1.117639230353231 10.500000000000002 -301.5292574167251 6.5000000000000009 0.90630852059925104 37.510593414306648 107.6919767856598 -4.4999999999999991 -118.02781558036803 1927.4139375429374 5.7532043909127077 0.88780278466526807 -0.19076557579598272
decision_type=2 10 10 8 10 10 10 10 2 8 10 10 10 8
left_child=3 2 5 4 -1 6 -2 8 13 -10 -11 12 -12 -5
right_child=1 -3 -4 7 -6 -7 -8 -9 9 10 11 -13 -14 -15
leaf_value=-2.9565389877238522 0.15948766886893309 -0.68424065492277863 2.3159816118499919 0.21800000094673877 -0.034477458550175463 0.51213648318322369 -1.3367378142348507 -0.22126949274980542 2.4517886836409661 -0.0096376896174276538 0.0043425216619053155 -0.30670019696113326 1.1819804931760582 -0.21741356412619545
leaf_weight=44 40 57 126 111 48 211 43 153 40 1730 103 84 141 853
leaf_count=44 40 57 126 111 48 211 43 153 40 1730 103 84 141 853
internal_value=-0.000221929 0.00508368 0.00726841 -0.000988513 -0.0122581 0.00366102 -0.00607143 -0.000662313 -0.00029383 0.00102906 0.000641088 0.00620061 0.00955102 -0.00317098
internal_weight=3784 477 420 3307 92 294 83 3215 3062 2098 2058 328 244 964
internal_count=3784 477 420 3307 92 294 83 3215 3062 2098 2058 328 244 964
is_linear=0
shrinkage=0.03


Tree=120
num_leaves=15
num_cat=0
split_feature=80 29 4 79 64 24 8 29 63 16 77 4 77 38
split_gain=17.6985 17.0313 14.4462 19.0953 20.7066 15.9744 12.4243 21.9255 13.4729 12.0611 11.3828 11.1939 17.4348 14.5938
threshold=85.216893911361709 0.95611144904028122 7.5000000000000009 20.239401371809603 4.5415129195689952 43.500000000000007 6.0885345621350027 0.93435318435318448 86.812384895229812 11.500000000000002 122.25493597984315 8.5000000000000018 -220.40539968013761 2875.6325177268313
decision_type=10 10 2 10 10 2 10 10 10 2 10 2 10 8
left_child=6 2 5 4 -4 9 10 8 -8 -2 11 -1 -13 -14
right_child=1 -3 3 -5 -6 -7 7 -9 -10 -11 -12 12 13 -15
leaf_value=-0.088505670017219415 0.98937289507772674 -0.23393289815216084 1.4136256494742383 -0.13345596455426614 -0.0019919004708692967 -0.82324779453170671 0.044106975481342757 1.6465397990767938 -0.4544342129282985 -0.011203441943874281 -0.51076188932755651 -0.042076462305116975 0.04524682779232158 0.87023986539795961
leaf_weight=2035 89 126 281 60 103 80 166 63 60 158 68 290 121 124
leaf_count=2035 89 126 281 60 103 80 166 63 60 158 68 290 121 124
internal_value=-0.000109804 0.00357461 0.00524611 0.00876404 0.0112208 0.000457317 -0.00123975 0.00465517 0.000264317 0.00423387 -0.00188708 -0.00156359 0.00229478 0.00817073
internal_weight=3824 897 771 444 384 327 2927 289 226 247 2638 2570 535 245
internal_count=3824 897 771 444 384 327 2927 289 226 247 2638 2570 535 245
is_linear=0
shrinkage=0.03


Tree=121
num_leaves=15
num_cat=0
split_feature=67 4 74 0 0 33 16 20 83 42 28 60 34 14
split_gain=15.6603 13.4725 16.7507 20.859 16.2274 21.9455 15.7626 13.4013 13.3699 12.772 11.8966 17.9168 16.3628 17.7374
threshold=-239.93171453448676 7.5000000000000009 2053.9054714626041 138.50000000000003 -4.4999999999999991 15.752222222222224 12.500000000000002 87.413296341896071 60.364483714103706 4.6131792068481454 151.50000000000003 59.031659960746772 0.17089216944801031 803.86820059012734
decision_type=8 2 10 2 2 8 2 10 8 10 2 8 8 10
left_child=-1 4 3 7 5 6 -2 -3 -5 -7 11 -6 -12 -14
right_child=1 2 -4 8 10 9 -8 -9 -10 -11 12 -13 13 -15
leaf_value=-1.2398010290174131 0.46967135830559464 0.0047241610946413461 -0.70440255793398909 0.44119711491075631 -1.1168802928958923 -0.91565809728673697 -0.23496421278829061 0.85866092131060412 1.8078703749342548 -0.11645309751382153 0.19549321272043563 0.13352515630504364 -0.16498338351979286 0.695695779192679
leaf_weight=86 96 1331 41 139 49 144 265 129 195 62 209 415 649 60
leaf_count=86 96 1331 41 139 49 144 265 129 195 62 209 415 649 60
internal_value=0.000170499 0.000459709 0.00230392 0.00274095 -0.00127692 -0.00554577 -0.00107735 0.00119097 0.00949254 -0.0133333 0.000477223 0.0043871 -0.00150163 -0.00367606
internal_weight=3870 3784 1835 1794 1949 567 361 1460 334 206 1382 464 918 709
internal_count=3870 3784 1835 1794 1949 567 361 1460 334 206 1382 464 918 709
is_linear=0
shrinkage=0.03


Tree=122
num_leaves=15
num_cat=0
split_feature=0 76 64 31 56 1 79 73 41 84 3 34 0 80
split_gain=19.0099 21.9138 14.8633 13.6257 19.5529 13.3241 13.8741 13.7159 11.5841 11.1472 10.7967 10.6754 13.1227 12.7062
threshold=304.50000000000006 -85.565303683280931 4.1350097637415333 20.415476190476195 -16.199839353561398 666.52870881557476 9.3683929876155414 45.788704395294197 239.55457496643069 45.101051211357124 2.3750000000000004 0.16152751423149908 -1.4999999999999998 55.555194139480598
decision_type=2 10 8 10 8 2 10 10 10 8 2 10 2 10
left_child=3 2 -2 5 -5 7 -7 9 -8 11 -6 12 -1 -13
right_child=1 -3 -4 4 10 6 8 -9 -10 -11 -12 13 -14 -15
leaf_value=-0.28469855858223919 0.38878852907529432 -0.1077609466096599 3.2920261138928772 -0.76673968595295494 -0.38688849334430286 -0.30165931157811698 0.050345387138057696 0.53848992819822117 -0.75617763689762452 0.081523094089783393 -0.00077680378917049789 -0.32456802707960852 0.42722374986370226 0.2396815776487223
leaf_weight=55 52 61 90 154 75 497 509 84 40 993 444 484 96 200
leaf_count=55 52 61 90 154 75 497 509 84 40 993 444 484 96 200
internal_value=-0.000234681 0.00867647 0.0151049 -0.000735132 -0.00458457 0.00014194 -0.0025788 0.00163095 0.000709091 0.00108256 -0.00178846 -0.00147129 0.00572368 -0.00306569
internal_weight=3834 203 142 3631 673 2958 1046 1912 549 1828 519 835 151 684
internal_count=3834 203 142 3631 673 2958 1046 1912 549 1828 519 835 151 684
is_linear=0
shrinkage=0.03


Tree=123
num_leaves=15
num_cat=0
split_feature=81 3 84 68 77 61 77 8 3 68 24 40 48 5
split_gain=15.0058 15.08 15.2384 15.7982 13.3597 13.4204 13.1528 14.8414 11.5466 14.0988 10.886 14.2913 10.1459 9.1026
threshold=1546.7510825395586 21.125000000000004 -95.042599201202378 0.17108313394211291 121.64101433753969 0.019635874306476359 -1.5096672177314756 7.4956796915889212 19.708333333343038 -0.017355510747197347 43.500000000000007 382.67696129329084 77.097429434458434 16.801017284393314
decision_type=8 2 8 10 10 10 10 10 2 8 2 10 8 10
left_child=-1 4 -3 12 6 -6 7 -2 9 10 11 -8 -4 -11
right_child=1 2 3 -5 5 -7 8 -9 -10 13 -12 -13 -14 -15
leaf_value=1.6020469170245457 -0.05790846500484987 -0.97319442010072699 1.0252462172064505 2.5779939430389298 -0.010107092567394815 -0.82026576096421844 0.49382951471550535 0.86403124608093274 1.3789448201800418 -0.70054746028654735 2.3102208544516132 -0.7166192032322467 -0.087712831918602199 0.063152630868635165
leaf_weight=59 2740 59 93 53 85 70 77 43 40 81 73 42 145 159
leaf_count=59 2740 59 93 53 85 70 77 43 40 81 73 42 145 159
internal_value=-0.000384817 -0.000622175 0.00529915 0.00811644 -0.00123131 -0.00980769 -0.000820025 -0.0016056 0.0038055 0.00235566 0.00839378 0.00275 0.00476987 -0.00248963
internal_weight=3819 3760 350 291 3410 155 3255 2783 472 432 192 119 238 240
internal_count=3819 3760 350 291 3410 155 3255 2783 472 432 192 119 238 240
is_linear=0
shrinkage=0.03


Tree=124
num_leaves=15
num_cat=0
split_feature=84 67 77 79 4 30 7 65 83 66 34 53 25 57
split_gain=15.6779 14.2807 11.0712 16.8448 16.8917 10.1874 16.8759 12.1614 11.6217 11.4455 11.0515 14.5949 12.6737 13.3218
threshold=109.17838752269746 -248.85843615274976 -144.83976620435712 17.0154254050756 7.5000000000000009 6.0500000000000007 5123.2697457641034 1.07625991853548 -359.24796485900873 -17.220052480697628 0.2228132387706856 11.500000000000002 0.93166251556662527 7.5000000000000009
decision_type=10 8 8 10 2 10 10 10 8 10 10 10 10 10
left_child=1 -1 -2 4 -4 6 8 10 -3 -9 -7 12 -12 -14
right_child=2 5 3 -5 -6 7 -8 9 -10 -11 11 -13 13 -15
leaf_value=-1.713432496241402 0.78496428002402729 -0.67117270727943013 -0.71678436866178818 -0.56812352346232986 1.2000844043587278 0.015968585407699815 1.4646663628629379 -0.18132780131300391 0.054265726273392753 -0.83853297663765802 -0.39189643573546801 1.1723312966647532 -0.34568350029542305 0.38860854658148242
leaf_weight=72 150 43 58 47 106 1063 52 165 1193 96 469 50 131 109
leaf_count=72 150 43 58 47 106 1063 52 165 1193 96 469 50 131 109
internal_value=-0.000220762 -0.000844948 0.00571823 0.00127358 0.00581818 -0.000560498 0.00153607 -0.00185701 0.000824576 -0.00790076 -0.000987383 -0.00375 -0.00485915 0.000746888
internal_weight=3804 3443 361 211 164 3371 1288 2083 1236 261 1822 759 709 240
internal_count=3804 3443 361 211 164 3371 1288 2083 1236 261 1822 759 709 240
is_linear=0
shrinkage=0.03


Tree=125
num_leaves=15
num_cat=0
split_feature=67 3 4 20 82 41 48 33 16 52 27 58 81 19
split_gain=16.367 16.9919 16.8041 17.2295 16.5338 13.4443 14.9108 14.983 17.5431 16.42 14.939 13.3574 12.7222 12.1661
threshold=448.47620174288755 16.041666666656969 8.5000000000000018 598.02790760993969 -20.576139728228245 282.1090220212937 225.69090763727829 20.60709401709402 7.5000000000000009 137.04072868824008 0.98373876255949244 371.06541657447821 7817.9419150352487 390.00000000000006
decision_type=10 2 2 8 8 10 8 8 2 10 10 10 10 10
left_child=2 -2 3 4 -1 6 7 8 -5 -10 -8 -6 -11 -13
right_child=1 -3 -4 5 11 -7 10 -9 9 12 -12 13 -14 -15
leaf_value=-0.58618494435415769 -0.019432011366623099 1.5838871466634958 0.10956995082546848 0.11175860677231654 0.38860941070834226 -0.49497796048341042 0.26380079836544662 -0.28173245929485613 -0.30996831126463548 -0.014489552204634961 -0.20612804369811222 0.055375809180289462 1.2580168040517139 -0.22260736880376283
leaf_weight=108 93 87 845 445 417 130 108 397 769 174 54 91 65 57
leaf_count=108 93 87 845 445 417 130 108 397 769 174 54 91 65 57
internal_value=-0.000187451 0.00861878 -0.000622781 -0.00173651 0.00244807 -0.0030518 -0.00244411 -0.00320908 -0.00179505 -0.00398414 0.00625767 0.0045053 0.002875 -0.00322148
internal_weight=3840 180 3660 2815 673 2142 2012 1850 1453 1008 162 565 239 148
internal_count=3840 180 3660 2815 673 2142 2012 1850 1453 1008 162 565 239 148
is_linear=0
shrinkage=0.03


Tree=126
num_leaves=15
num_cat=0
split_feature=6 42 60 41 3 3 45 27 5 35 84 85 75 60
split_gain=14.1886 14.9667 14.7788 11.7655 10.8163 20.4259 20.9925 13.5203 26.7299 11.3082 13.8705 11.8452 11.273 11.2706
threshold=690.00000000000011 224.19261944293979 355.8108407258988 408.78963303565985 15.708333333343036 17.291666666656969 10.500000000000002 0.98399897593445995 794.58869218826305 17.640296442687749 48.718312939008079 19.03448899586996 1029.416705131531 -107.04284620285033
decision_type=8 10 10 10 2 2 10 10 8 10 8 8 8 8
left_child=1 -1 -3 4 7 -6 9 8 13 10 -7 -11 -12 -2
right_child=3 2 -4 -5 5 6 -8 -9 -10 11 12 -13 -14 -15
leaf_value=0.04694542683292429 -1.0537588109324811 1.7353985111043244 -0.14501104112666452 -0.85601418740868029 0.28935515782576826 -0.63062215829157908 0.38626029897916769 -0.40722805970221221 0.48790558455483374 0.43535054239822946 -0.39044893428735866 -0.10742531019403539 0.41070872996406166 -0.080192079558070964
leaf_weight=1270 70 74 42 64 223 283 136 162 101 51 50 60 119 1094
leaf_count=1270 70 74 42 64 223 283 136 162 101 51 50 60 119 1094
internal_value=0.000134211 0.00255227 0.0128205 -0.00125518 -0.000906383 0.00162514 -0.0009 -0.00254202 -0.00149289 -0.00345745 -0.00556291 0.00508929 0.00123529 -0.00278112
internal_weight=3799 1386 116 2413 2349 922 699 1427 1265 563 452 111 169 1164
internal_count=3799 1386 116 2413 2349 922 699 1427 1265 563 452 111 169 1164
is_linear=0
shrinkage=0.03


Tree=127
num_leaves=15
num_cat=0
split_feature=81 0 9 77 28 28 80 66 63 3 29 77 60 27
split_gain=16.9105 17.9231 20.1418 17.151 11.3815 11.6549 20.7093 20.163 17.5057 16.5272 15.6478 15.4879 13.8428 13.4907
threshold=1546.7510825395586 355.00000000000006 270.00000000000006 121.64101433753969 485.00000000000006 204.50000000000003 -52.825795292854302 -78.273900032043443 269.50312855626845 20.208333333343038 0.85747051114023598 -182.41542613506314 467.13900649547583 0.95729101521784454
decision_type=8 2 2 10 2 2 8 10 10 2 10 10 10 8
left_child=-1 3 -3 4 5 6 7 -2 -7 12 -11 -12 13 -8
right_child=1 2 -4 -5 -6 8 9 -9 -10 10 11 -13 -14 -15
leaf_value=1.1714693903971978 -0.10164372434145787 2.1827021151789872 -0.38242925609281464 -0.35977580593248593 -1.2299729397512629 0.17955046288302662 -0.011706774378393106 -0.92525320162071745 -0.27303078095585737 -0.65316959734401869 -0.12452668404327588 1.1573653764564127 0.59125641032272014 -0.36144245551763526
leaf_weight=54 261 90 47 135 56 1155 1187 124 193 44 43 121 86 197
leaf_count=54 261 90 47 135 56 1155 1187 124 193 44 43 121 86 197
internal_value=-0.000150237 -0.000393048 0.0102174 -0.000799334 -0.000389273 -0.000167057 -0.0015843 -0.00784974 0.00200148 -0.000142942 0.0077512 0.012 -0.00126445 -0.00199278
internal_weight=3793 3739 137 3602 3467 3411 2063 385 1348 1678 208 164 1470 1384
internal_count=3793 3739 137 3602 3467 3411 2063 385 1348 1678 208 164 1470 1384
is_linear=0
shrinkage=0.03


Tree=128
num_leaves=15
num_cat=0
split_feature=0 76 81 37 41 81 42 67 73 36 59 82 66 82
split_gain=16.25 23.0742 15.8992 12.5079 10.2584 15.7761 9.01007 10.3431 8.38953 9.62833 9.45851 10.1372 15.3036 15.0562
threshold=304.50000000000006 -85.565303683280931 1546.7510825395586 1272.1686672088051 324.79994058609014 7983.1920174360284 -257.1919234991073 -261.95527132919852 45.788704395294197 0.41486424298205254 415.93281006813055 -60.66789257526397 -85.260571718215928 -105.0417110522588
decision_type=2 10 8 8 10 8 8 8 10 10 8 8 10 10
left_child=2 3 -1 -2 6 -6 -4 -8 10 -10 11 12 13 -9
right_child=1 -3 4 -5 5 -7 7 8 9 -11 -12 -13 -14 -15
leaf_value=1.2025905072715946 0.34885868591187019 -0.059818301388075423 2.0978294737809247 2.5554815514778397 0.31145480525428326 -0.64521051693751108 -1.5485168482880611 0.16430729984375494 0.50575545130887911 -0.1156433677986925 0.057000921869243541 -0.013018499717222553 -0.74364310735189099 -0.49355889529577146
leaf_weight=49 52 72 43 86 45 75 50 135 92 45 250 2589 135 135
leaf_count=49 52 72 43 86 45 75 50 135 92 45 250 2589 135 135
internal_value=-0.00013233 0.00796209 -0.000600988 0.0151079 -0.000834492 -0.00942149 -0.000535252 -0.000708042 -0.000505618 0.00673913 -0.000813559 -0.00128214 -0.00568966 -0.00154982
internal_weight=3853 210 3643 138 3594 120 3474 3431 3381 137 3244 2994 405 270
internal_count=3853 210 3643 138 3594 120 3474 3431 3381 137 3244 2994 405 270
is_linear=0
shrinkage=0.03


Tree=129
num_leaves=15
num_cat=0
split_feature=0 76 67 77 7 3 3 4 25 81 81 34 59 80
split_gain=17.6247 33.3109 12.2751 10.8477 13.247 19.5233 11.181 14.7281 13.1817 14.5137 13.6023 12.4974 10.963 10.7129
threshold=304.50000000000006 -85.565303683280931 -239.93171453448676 107.6919767856598 5435.5157734228787 0.62500000000000011 23.125000000000004 8.5000000000000018 0.97241248097412492 1639.4267635345461 4169.4065548181543 0.1645447219983884 663.43138170242321 105.73080992698671
decision_type=2 10 8 10 10 2 2 2 10 8 8 8 8 10
left_child=2 -2 -1 4 5 -4 7 8 9 -7 -10 -11 -12 -13
right_child=1 -3 3 -5 -6 6 -8 -9 10 11 12 13 -14 -15
leaf_value=-1.1236318840531205 1.9058698506106597 -0.28481988806197589 -0.52635181014310095 -0.32522074475344953 0.72660141215234297 0.96229168497427242 -0.35164724493052757 0.21572775609254075 -0.34931126194749568 0.069417977435538056 0.42055020456689102 -0.19737140363271791 -0.10175492770163258 0.14827266714745596
leaf_weight=87 138 69 68 149 87 56 90 650 57 471 270 1269 76 274
leaf_count=87 138 69 68 149 87 56 90 650 57 471 270 1269 76 274
internal_value=0.000306925 0.00879808 -0.000183079 9.38033e-05 0.000445236 0.000137112 0.000476042 0.000777849 -0.000278901 -0.00124577 0.00467822 -0.00166749 0.00691643 -0.0029728
internal_weight=3811 207 3604 3517 3368 3281 3213 3123 2473 2070 403 2014 346 1543
internal_count=3811 207 3604 3517 3368 3281 3213 3123 2473 2070 403 2014 346 1543
is_linear=0
shrinkage=0.03


Tree=130
num_leaves=15
num_cat=0
split_feature=17 67 27 3 64 8 68 60 29 77 29 1 10 68
split_gain=14.7493 19.4515 30.263 18.1295 16.2034 15.2678 21.1665 18.1215 17.1114 21.4293 14.9456 13.505 12.7875 14.1712
threshold=35.000000000000007 153.00547340862894 0.95706605222734276 20.875000000000004 4.1000044615541471 3.7863555240364533 0.13451013757252409 59.031659960746772 0.91316158042164242 -251.29376238584516 0.86809371184371198 643.1989827156068 1.5000000000000002 0.33197716968016916
decision_type=2 8 8 2 8 10 10 10 8 10 10 2 2 10
left_child=1 -1 3 12 10 8 7 -7 11 -10 -2 -6 13 -3
right_child=4 2 -4 -5 5 6 -8 -9 9 -11 -12 -13 -14 -15
leaf_value=-0.24797032898808843 -1.2632781220632707 0.23231813461394529 -0.2493919993564363 4.3016862484969431 0.017124942016583357 0.099684240124748372 1.4662822093353753 -0.19928232508148191 -0.34638806739920219 0.49595483970173798 -0.21262371989157641 -0.40438773868242439 -0.30729137287863517 -0.55488384116993683
leaf_weight=360 45 940 294 67 169 488 60 211 75 195 456 348 40 82
leaf_count=360 45 940 294 67 169 488 60 211 75 195 456 348 40 82
internal_value=-9.39702e-05 0.00190022 0.00347612 0.00570796 -0.00183105 -0.000310278 0.00272368 0.00124286 -0.00323604 0.00287823 -0.00651394 -0.00642857 0.0047413 0.00539589
internal_weight=3830 1783 1423 1129 2047 1546 759 699 787 270 501 517 1062 1022
internal_count=3830 1783 1423 1129 2047 1546 759 699 787 270 501 517 1062 1022
is_linear=0
shrinkage=0.03


Tree=131
num_leaves=15
num_cat=0
split_feature=67 6 27 77 85 36 79 81 77 29 28 39 20 82
split_gain=14.7189 12.8804 13.7334 15.864 17.677 13.5984 13.4397 12.619 13.9285 12.5819 12.1392 11.4458 11.4022 18.7478
threshold=-261.95527132919852 690.00000000000011 0.90533428165007124 -243.40340566635129 -124.07147747278212 0.21235981865903128 10.16774752341707 4668.6520421504983 -144.97388792037961 0.92909124589816883 164.50000000000003 1595.227119432313 781.54713821411144 -92.084950089454637
decision_type=8 10 10 8 8 8 8 10 10 10 2 10 8 10
left_child=-1 7 5 -4 -5 12 9 8 -2 -6 -9 -12 -3 -14
right_child=1 2 3 4 6 -7 -8 10 -10 -11 11 -13 13 -15
leaf_value=-1.5746329525980569 0.051315665909268941 0.15192112930272217 -0.35497682091969585 0.54927851254438465 0.20254802111063441 -0.26814018741332768 0.14997453825052637 0.16305181613679851 0.61019412795751837 -0.33650635888641095 0.12860936262076386 -0.43894392792218667 -0.40183666113989508 0.10237277237798124
leaf_weight=62 567 119 153 108 162 590 600 252 269 245 128 223 141 187
leaf_count=62 567 119 153 108 162 590 600 252 269 245 128 223 141 187
internal_value=9.45626e-05 0.000336449 -0.00105377 0.00104019 0.00228495 -0.00361272 0.00104167 0.0025625 0.00494624 -0.00316176 -0.000745033 -0.00434659 0.000334821 -0.00255319
internal_weight=3806 3744 2305 1268 1115 1037 1007 1439 836 407 603 351 447 328
internal_count=3806 3744 2305 1268 1115 1037 1007 1439 836 407 603 351 447 328
is_linear=0
shrinkage=0.03


Tree=132
num_leaves=15
num_cat=0
split_feature=0 81 64 82 14 3 63 3 17 3 0 0 77 82
split_gain=14.9393 18.1892 13.474 18.1918 15.6099 12.5639 16.2278 15.2721 18.9907 18.875 16.1204 18.7868 15.1776 16.9277
threshold=389.50000000000006 1546.7510825395586 4.4334419921958697 -76.027480324109391 541.18816838512942 5.9583333333430355 1.0000000180025095e-35 8.2916666666569672 41.500000000000007 14.875000000000002 -34.499999999999993 -73.499999999999986 -167.87642562389371 29.290069540341701
decision_type=2 8 8 8 10 2 10 2 2 2 2 2 8 10
left_child=1 -1 3 -3 -5 6 -4 8 -7 12 11 -11 13 -9
right_child=-2 2 5 4 -6 7 -8 9 -10 10 -12 -13 -14 -15
leaf_value=1.3673720350507812 1.279104967860581 -0.86965906921722436 -0.0092086659432880427 0.0092848030674733909 -0.35917973187625007 0.91562568478323791 -0.42605338545620774 -0.1668310189523248 -0.041027775741811497 0.16626241327636024 0.18938085116995701 -0.90021350676546563 -0.27685697485547089 0.89411177510591799
leaf_weight=56 79 129 247 745 177 231 96 163 88 155 853 89 626 110
leaf_count=56 79 129 247 745 177 231 96 163 88 155 853 89 626 110
internal_value=0.000296489 2.3898e-05 -0.000234501 -0.00310837 -0.00162514 0.000902595 -0.00444767 0.00169689 0.00778125 0.000721082 0.00336066 -0.00342857 -0.0025 0.00339416
internal_weight=3844 3765 3709 1051 922 2658 343 2315 319 1996 1097 244 899 273
internal_count=3844 3765 3709 1051 922 2658 343 2315 319 1996 1097 244 899 273
is_linear=0
shrinkage=0.03


Tree=133
num_leaves=15
num_cat=0
split_feature=67 80 29 36 34 56 27 4 16 28 70 17 80 56
split_gain=15.4532 12.8192 19.5966 20.2799 14.5435 13.0382 17.0773 13.0047 12.6814 13.6921 20.345 18.7453 15.233 18.9055
threshold=-261.95527132919852 105.73080992698671 0.95657137184832253 0.33222958057395152 0.16152751423149908 56.366665800412505 0.867301787971826 7.5000000000000009 1.0000000180025095e-35 223.50000000000003 0.90454545454545465 21.500000000000004 -59.347553133964531 -10.488426486651102
decision_type=8 10 10 10 8 8 10 2 2 2 10 2 8 10
left_child=-1 4 3 7 5 -2 -7 -3 -6 10 -10 -11 -12 -14
right_child=1 2 -4 -5 8 6 -8 -9 9 11 12 -13 13 -15
leaf_value=-1.3777605203311902 -0.0092951464451230103 -0.21887119025958029 -0.32527066377545749 1.2575275623680311 -0.9054460370560482 -0.03250043972500203 0.52497138230604568 0.66739207365440723 0.015530141753206455 0.3846012394050925 -0.90956421715162095 0.00086720363373249398 0.10890561149265721 -0.34503281367869293
leaf_weight=66 380 172 120 226 91 116 178 252 657 98 213 741 188 344
leaf_count=66 380 172 120 226 91 116 178 252 657 98 213 741 188 344
internal_value=-4.68384e-05 0.000206513 0.00365759 0.00571429 -0.000678417 0.0032 0.0079322 0.00183529 -0.00180026 -0.00135147 -0.00316465 0.00167857 -0.00655496 -0.00382739
internal_weight=3842 3776 770 650 3006 674 294 424 2332 2241 1402 839 745 532
internal_count=3842 3776 770 650 3006 674 294 424 2332 2241 1402 839 745 532
is_linear=0
shrinkage=0.03


Tree=134
num_leaves=15
num_cat=0
split_feature=49 67 41 80 74 16 67 14 48 7 34 37 56 26
split_gain=16.9532 11.9046 11.1342 11.1907 11.4393 15.8335 11.3458 10.5696 10.2453 14.6949 7.934 16.3162 13.5005 16.0258
threshold=10.500000000000002 596.58559644527941 408.78963303565985 141.08551847934726 78.575874777585923 10.500000000000002 202.58982433776072 373.19334370142184 -76.314244389533982 2740.9900278459504 0.1645447219983884 1536.4125045500707 13.203234155972799 140.50000000000003
decision_type=10 10 10 10 10 2 8 10 10 10 10 8 8 2
left_child=1 2 3 10 5 -5 -7 -3 9 -2 11 -1 13 -13
right_child=8 7 -4 4 -6 6 -8 -9 -10 -11 -12 12 -14 -15
leaf_value=0.25157005737944504 -1.7356677944247199 1.293954927842901 -0.81456490214119437 0.75161342374357765 1.3864955253984903 -0.85235031263681038 0.22087807380363245 0.28032064961318098 -0.30614586561571838 0.49980933905213715 -0.035238770964551233 -0.4133676682985713 0.037303570439900215 0.23211944890534542
leaf_weight=178 44 54 76 158 55 72 173 71 382 53 1903 148 416 50
leaf_count=178 44 54 76 158 55 72 173 71 382 53 1903 148 416 50
internal_value=-3.91236e-05 0.00071535 0.000362229 0.000637286 0.00496732 0.00319307 -0.00158537 0.0097619 -0.0053125 0.00336735 -0.000100148 0.00242119 9.7561e-05 -0.00633166
internal_weight=3833 3354 3229 3153 458 403 245 125 479 97 2695 792 614 198
internal_count=3833 3354 3229 3153 458 403 245 125 479 97 2695 792 614 198
is_linear=0
shrinkage=0.03


Tree=135
num_leaves=15
num_cat=0
split_feature=0 9 64 28 17 28 82 60 27 85 81 27 17 75
split_gain=16.1694 19.4334 16.9842 14.8187 11.4496 17.1448 14.51 14.0009 16.9781 12.3649 11.7522 31.4697 17.8813 32.8031
threshold=304.50000000000006 270.00000000000006 4.1350097637415333 485.00000000000006 35.000000000000007 449.50000000000006 -90.034234841664627 545.25383734703075 0.94533384562841538 -135.62698262929914 3293.3193708658223 0.93424141339263667 24.500000000000004 543.59645617008221
decision_type=2 2 8 2 2 2 8 10 10 8 8 10 2 8
left_child=3 2 -2 4 10 6 -6 8 9 -8 11 -1 -12 -14
right_child=1 -3 -4 -5 5 -7 7 -9 -10 -11 12 -13 13 -15
leaf_value=1.0927429034138696 -0.034486998691190249 -0.15710190824229101 2.5600581502246404 -1.1341617114034437 -0.81642445168611488 0.35605127965033095 -0.70915949405743994 0.45764103637326681 -0.39539331290234869 -0.0016584972039901448 -0.091881606630037707 -0.35081777983490614 1.9974318262295492 0.029017988685737846
leaf_weight=147 50 66 95 61 140 45 121 88 201 1298 756 98 120 504
leaf_count=147 50 66 95 61 140 45 121 88 201 1298 756 98 120 504
internal_value=1.5827e-05 0.00806604 0.0141781 -0.000460894 -0.000204604 -0.00178986 -0.00223905 -0.00147455 -0.00210981 -0.000950704 0.00164207 0.00768293 0.000564808 0.00432
internal_weight=3790 211 145 3579 3518 1893 1848 1708 1620 1419 1625 245 1380 624
internal_count=3790 211 145 3579 3518 1893 1848 1708 1620 1419 1625 245 1380 624
is_linear=0
shrinkage=0.03


Tree=136
num_leaves=15
num_cat=0
split_feature=6 31 82 0 84 39 65 83 67 61 77 77 83 3
split_gain=13.6978 12.7772 13.8595 10.0764 17.5365 17.1151 15.8857 12.5134 12.0785 9.59443 9.43811 11.7358 12.0102 14.6368
threshold=690.00000000000011 24.240374331550807 -80.556691408157334 136.50000000000003 7.4062143166859951 2364.198827776172 0.91758945918737622 183.08780026435855 147.79942305598942 0.011353043115964289 121.64101433753969 15.967813551425936 60.364483714103706 8.4583333333430364
decision_type=8 10 10 2 8 10 8 10 10 8 10 10 10 2
left_child=1 3 -3 5 -5 7 -7 -1 -6 -8 11 -2 13 -13
right_child=10 2 -4 4 8 6 9 -9 -10 -11 -12 12 -14 -15
leaf_value=0.10337635802994682 -0.062308879181882423 0.28867188870678662 -0.54353409378870532 -0.035631675302340328 0.23869406561721801 -0.90653923246550105 0.2521980540709976 1.5909696219816556 1.9552295422502328 -0.042118184257592048 -0.34028254130263752 1.2244333415199653 0.85144888712088274 -0.2058102758503918
leaf_weight=631 2080 59 82 104 77 48 41 40 71 263 95 44 67 160
leaf_count=631 2080 59 82 104 77 48 41 40 71 263 95 44 67 160
internal_value=-0.000357235 0.00199012 -0.0065493 0.00293887 0.0083004 0.00161133 -0.00373938 0.00441964 0.0148993 -0.00118033 -0.00171639 -0.00133929 0.00452206 0.000878049
internal_weight=3862 1416 141 1275 252 1023 352 671 148 304 2446 2351 271 204
internal_count=3862 1416 141 1275 252 1023 352 671 148 304 2446 2351 271 204
is_linear=0
shrinkage=0.03


Tree=137
num_leaves=15
num_cat=0
split_feature=67 42 1 31 32 77 81 74 17 22 77 77 81 74
split_gain=13 11.8124 11.2076 8.35093 8.38212 8.1648 16.3469 17.6654 15.6242 11.7389 14.906 10.8559 11.71 23.8157
threshold=-252.84170236205094 -208.83164739608762 625.07315599918377 22.86617647058824 0.098387096774193564 57.194347918033607 7381.426011443139 2035.0229295796833 30.500000000000004 1.0054835081100466 -286.18455314636225 10.787631750106813 4556.6182372570047 95.021011060272954
decision_type=8 8 2 10 8 10 10 8 2 2 8 10 8 8
left_child=-1 -2 3 4 -3 9 7 -7 -9 10 -4 12 13 -11
right_child=1 2 5 -5 -6 6 -8 8 -10 11 -12 -13 -14 -15
leaf_value=-1.1524001878091867 1.032494435119842 0.50528183049266429 -0.68103254686208448 -0.28182403010963414 0.18848806175996058 0.62512754073576138 -1.1536754648224716 -0.93877946548174329 0.016408117872995794 -0.44919983278088621 0.25229712556424955 0.1327151174636271 -0.086335705707930865 0.15397306914899364
leaf_weight=75 59 42 55 65 426 41 43 57 85 87 389 304 1580 520
leaf_count=75 59 42 55 65 426 41 43 57 85 87 389 304 1580 520
internal_value=4.70097e-05 0.000295685 8.11908e-05 0.00410112 0.00550107 -0.000597723 -0.0060793 -0.00211957 -0.00713287 -0.000173706 0.00431461 -0.00097512 -0.00171389 0.00182566
internal_weight=3828 3753 3694 533 468 3161 226 183 142 2935 444 2491 2187 607
internal_count=3828 3753 3694 533 468 3161 226 183 142 2935 444 2491 2187 607
is_linear=0
shrinkage=0.03


Tree=138
num_leaves=15
num_cat=0
split_feature=85 28 28 4 1 79 79 16 24 24 32 48 68 63
split_gain=11.7538 25.4654 18.9258 19.5032 12.0554 12.6944 12.4522 12.071 11.7288 10.8893 10.8235 10.7141 10.8789 12.3928
threshold=-29.287706613540646 463.50000000000006 378.00000000000006 8.5000000000000018 666.52870881557476 63.183686050230783 10.056017578464619 45.500000000000007 49.500000000000007 52.500000000000007 0.3585714285714286 -70.005078633626297 0.13302584971250184 217.45770966158088
decision_type=8 2 2 2 2 10 10 2 2 2 8 8 10 10
left_child=2 4 3 8 5 7 -6 11 -1 -8 -5 -2 13 -13
right_child=1 -3 -4 10 6 -7 9 -9 -10 -11 -12 12 -14 -15
leaf_value=-0.37151635108797648 0.71823045998021229 -1.275165251971176 0.41152464348480461 0.0015560374136648746 -0.15165740687835677 -0.093839602810148484 0.001374266068943957 0.2436210765677308 -2.0791647886987943 1.2262425252771216 0.73851060908417965 0.033345248046710158 0.46670676885023138 -0.28838066999549677
leaf_weight=651 129 45 83 116 521 133 440 70 41 57 44 1120 307 109
leaf_count=651 129 45 83 116 521 133 440 70 41 57 44 1120 307 109
internal_value=-0.000310318 0.000624147 -0.00323718 -0.0045721 0.000976793 0.0024077 -0.00164868 0.00309332 -0.00675325 0.00174699 0.00484472 0.00257503 0.00187378 0.000609756
internal_weight=3866 2931 935 852 2886 1868 1018 1735 692 497 160 1665 1536 1229
internal_count=3866 2931 935 852 2886 1868 1018 1735 692 497 160 1665 1536 1229
is_linear=0
shrinkage=0.03


Tree=139
num_leaves=15
num_cat=0
split_feature=81 28 13 4 48 66 32 15 37 35 33 70 68 72
split_gain=16.2733 13.9352 12.1528 8.37489 9.83423 15.5756 12.1899 10.6604 9.38758 19.0905 13.4919 8.65571 10.2836 8.50149
threshold=1587.2678377628329 485.00000000000006 90.000000000000014 7.5000000000000009 129.02804859479269 768.49949610233318 0.37715517241379315 11.500000000000002 1821.9975962491242 16.151631514234374 14.256776556776559 0.82843137254901966 -1.0000000180025095e-35 29.78426551818848
decision_type=8 2 8 2 10 8 8 2 8 10 10 10 8 10
left_child=-1 2 3 13 7 -6 -7 11 9 10 -9 -5 -13 -2
right_child=1 -3 -4 4 5 6 -8 8 -10 -11 -12 12 -14 -15
leaf_value=0.954191283980105 -0.00085302099124607395 -1.0016736346850865 -0.044615208373181649 0.73811202419761002 1.5185489266662693 -0.70723088039805615 0.54304463083360954 0.16619802095359534 -0.055933333486083252 0.47185124686350005 -0.66650048709507792 0.29321291185902432 -0.32869774689855713 -0.55070784117470628
leaf_weight=68 556 58 2315 65 84 41 41 158 162 94 78 66 48 42
leaf_count=68 556 58 2315 65 84 41 41 158 162 94 78 66 48 42
internal_value=-0.00052618 -0.000787608 -0.000559851 0.00160864 0.00354415 0.0100599 0.000722892 0.00191964 -0.000365112 0.00253776 -0.00202532 0.00816667 0.00313043 -0.00110184
internal_weight=3876 3808 3750 1435 837 166 82 671 492 330 236 179 114 598
internal_count=3876 3808 3750 1435 837 166 82 671 492 330 236 179 114 598
is_linear=0
shrinkage=0.03


Tree=140
num_leaves=15
num_cat=0
split_feature=60 62 3 7 80 29 36 0 80 68 69 0 37 30
split_gain=15.4466 19.2012 13.6486 15.8913 13.4816 21.1453 16.2708 13.8656 16.471 12.9938 11.1546 12.3516 11.029 16.0733
threshold=-107.04284620285033 -0.19076557579598272 5.9583333333430355 5195.1445863448107 105.73080992698671 0.95761545572971396 0.29198717948717956 187.50000000000003 183.46640920639041 0.26653463608238942 78.592751754150143 106.50000000000001 2528.1613883500154 30.050000000000004
decision_type=8 8 2 8 10 10 10 2 10 10 10 2 10 10
left_child=1 -1 10 4 12 6 7 8 -6 -8 -2 -12 13 -4
right_child=2 -3 3 -5 5 -7 9 -9 -10 -11 11 -13 -14 -15
leaf_value=0.24297209138647743 -0.009053488244104891 -0.96009617302452177 0.00040891696868142088 0.57910454323969063 0.31511136052292654 -0.59558255438429053 1.495323402140122 1.3701310868676937 -0.36330330358329188 -0.053210578571087477 -0.53172232151533938 -0.11004738576843991 0.17366289845196406 -0.26923879929998717
leaf_weight=57 285 154 1942 153 120 83 208 59 109 44 68 45 126 338
leaf_count=57 285 154 1942 153 120 83 208 59 109 44 68 45 126 338
internal_value=-0.000197785 -0.00806604 0.000268082 0.000923657 0.000445545 0.004375 0.00654344 0.0016609 -0.00169565 0.0120949 -0.00496241 -0.0128947 -0.000573328 -0.00105217
internal_weight=3791 211 3580 3182 3029 623 540 288 229 252 398 113 2406 2280
internal_count=3791 211 3580 3182 3029 623 540 288 229 252 398 113 2406 2280
is_linear=0
shrinkage=0.03


Tree=141
num_leaves=15
num_cat=0
split_feature=0 11 69 81 77 16 69 67 17 16 16 28 28 35
split_gain=22.2606 23.4588 14.6633 12.0819 9.3558 14.6429 9.09973 10.2054 8.88549 8.05068 9.28336 17.0256 22.3304 21.5767
threshold=304.50000000000006 270.00000000000006 356.97567554960852 1546.7510825395586 122.25493597984315 24.500000000000004 -355.67234735843971 -261.95527132919852 27.500000000000004 1.0000000180025095e-35 14.500000000000002 256.50000000000006 186.50000000000003 14.573589913735901
decision_type=2 2 8 8 10 2 8 8 2 2 2 2 2 8
left_child=3 2 -2 -1 6 8 -5 -8 -6 -9 -11 12 -12 -13
right_child=1 -3 -4 4 5 -7 7 9 -10 10 11 13 -14 -15
leaf_value=0.83141626169623117 0.19152806517915449 -0.27846574313478989 2.9897514424512228 0.70042791332994814 -0.13542634409072504 0.039434306734887944 -1.1119522712264254 -0.48435723806764569 -0.56619433193825719 0.031264515043595981 -0.015019828189472033 -0.30604711768214088 -0.47915547205262915 0.45144655571369002
leaf_weight=49 48 70 95 74 40 48 45 115 55 1460 932 148 446 206
leaf_count=49 48 70 95 74 40 48 45 115 55 1460 932 148 446 206
internal_value=-0.000289666 0.00911215 0.0160417 -0.000845537 -0.00105042 -0.00854167 -0.000735337 -0.000966299 -0.0153125 -0.000770859 -0.000488569 -0.00197346 -0.00348078 0.00388732
internal_weight=3831 213 143 3618 3569 143 3426 3352 95 3307 3192 1732 1378 354
internal_count=3831 213 143 3618 3569 143 3426 3352 95 3307 3192 1732 1378 354
is_linear=0
shrinkage=0.03


Tree=142
num_leaves=15
num_cat=0
split_feature=0 9 82 28 4 67 67 28 68 67 83 20 77 30
split_gain=16.2096 15.7127 16.0656 12.7774 8.79741 17.9617 17.2118 13.1884 13.6097 12.1412 13.0659 11.5569 15.2359 13.0503
threshold=304.50000000000006 270.00000000000006 123.29898506402971 476.50000000000006 8.5000000000000018 -239.93171453448676 368.84155544212894 290.50000000000006 0.13451013757252409 -170.53702543740062 -123.9264758825302 487.54545378685003 -285.94808512926096 24.450000000000003
decision_type=2 2 8 2 2 8 10 2 10 8 8 8 8 10
left_child=3 2 -2 4 5 -1 7 8 9 -6 -11 12 -7 -13
right_child=1 -3 -4 -5 6 11 -8 -9 -10 10 -12 13 -14 -15
leaf_value=-1.968540772244225 0.1584551337892546 -0.2028026691993661 2.6165858195322653 -0.9467861619303416 0.47465752517115561 -0.6221316571931278 -0.78771788530821019 0.71537232453101507 0.6776213191414876 0.76159189320197018 -0.055922993918629142 -0.010820094075227188 0.13585035069259019 -0.16857951533110963
leaf_weight=41 57 76 81 64 62 42 41 120 87 45 470 1583 463 588
leaf_count=41 57 76 81 64 62 42 41 120 87 45 470 1583 463 588
internal_value=-0.000188432 0.00781395 0.0138129 -0.000665373 -0.00042337 -0.00124724 0.00228814 0.00328662 0.00162406 -5.19031e-05 -0.00156977 -0.000941352 0.00314229 -0.00189227
internal_weight=3820 214 138 3606 3542 2717 825 784 664 577 515 2676 505 2171
internal_count=3820 214 138 3606 3542 2717 825 784 664 577 515 2676 505 2171
is_linear=0
shrinkage=0.03


Tree=143
num_leaves=15
num_cat=0
split_feature=0 4 41 29 77 3 3 8 3 29 26 35 39 35
split_gain=14.173 24.1541 19.0042 15.9436 16.4616 14.8631 15.2269 23.2062 17.4867 15.204 15.1301 13.7162 15.0442 12.4383
threshold=-29.499999999999996 8.5000000000000018 -137.87410676479337 0.87533783783783792 -31.812312424182888 15.708333333343036 17.708333333343038 4.6513483211105111 20.458333333343038 0.85747051114023598 92.500000000000014 16.817407407407412 1860.6376786451638 21.485651629072688
decision_type=2 2 8 10 10 2 2 10 2 10 2 8 10 10
left_child=1 3 -2 -1 -5 -4 9 8 -8 -7 -10 12 -3 -9
right_child=2 11 5 4 -6 6 7 13 10 -11 -12 -13 -14 -15
leaf_value=-1.2635597656437365 2.1654957136927555 0.37442458889291724 -0.012977813761404503 -0.20326064043155617 1.2435676684043306 -0.027019727000362592 -0.27337118682331518 1.1400723361511851 -0.2594399473816878 0.39941833598183141 1.4720592174141258 0.68369427548678252 -0.53100523168989522 -0.076616115391509282
leaf_weight=170 54 90 1862 404 52 77 315 207 129 248 91 60 40 72
leaf_count=170 54 90 1862 404 52 77 315 207 129 248 91 60 40 72
internal_value=0.000131715 -0.00337821 0.00107003 -0.0062201 -0.00328228 0.0007495 0.00344737 0.00125153 -0.00240672 0.00892638 0.0040724 0.00596859 0.000458015 0.00825
internal_weight=3871 816 3055 626 456 3001 1139 814 535 325 220 190 130 279
internal_count=3871 816 3055 626 456 3001 1139 814 535 325 220 190 130 279
is_linear=0
shrinkage=0.03


Tree=144
num_leaves=15
num_cat=0
split_feature=0 76 82 77 77 3 77 39 3 3 77 0 26 80
split_gain=22.9389 16.3957 12.8912 12.7052 11.5332 15.1654 12.8298 12.8258 12.6576 26.5449 11.4462 15.1973 16.1598 14.4424
threshold=304.50000000000006 -85.565303683280931 123.29898506402971 121.64101433753969 15.967813551425936 8.2916666666569672 34.815876245498664 3122.1144633354111 23.125000000000004 21.041666666656969 -167.87642562389371 23.500000000000004 134.50000000000003 374.99084818363195
decision_type=2 10 8 10 10 2 10 10 2 2 10 2 2 8
left_child=3 2 -2 4 8 7 -7 -6 9 10 13 12 -12 -1
right_child=1 -3 -4 -5 5 6 -8 -9 -10 -11 11 -13 -14 -15
leaf_value=0.094484871339635443 0.26423455566280962 -0.16823349090862563 2.685264941237929 -0.25717373804573823 1.6748194987178229 0.3255776353567818 -0.19802058149696392 0.093729896175423946 -0.54693752147590913 1.1545038751514458 -0.383111176166824 0.0035472345671598046 0.57744967517313484 -0.040302953548539071
leaf_weight=1063 62 73 86 146 49 92 215 40 79 138 545 602 42 584
leaf_count=1063 62 73 86 146 49 92 215 40 79 138 545 602 42 584
internal_value=0.000235787 0.00959459 0.015302 -0.000342047 2.6087e-05 0.00483627 0.00165584 0.0156667 -0.000599214 -0.000282353 -0.000909411 -0.00315126 -0.00658163 0.000709951
internal_weight=3816 221 148 3595 3449 396 307 89 3053 2974 2836 1189 587 1647
internal_count=3816 221 148 3595 3449 396 307 89 3053 2974 2836 1189 587 1647
is_linear=0
shrinkage=0.03


Tree=145
num_leaves=15
num_cat=0
split_feature=0 9 60 43 51 28 42 28 28 28 43 26 29 3
split_gain=14.9435 14.4535 11.07 14.0544 11.0026 12.1212 12.0854 9.90624 11.3063 21.4907 17.2139 13.8623 13.7807 16.4021
threshold=355.00000000000006 270.00000000000006 837.75383734703075 47.780900772214814 -1496.5686182975767 494.00000000000006 402.6745223999024 118.50000000000001 204.50000000000003 187.50000000000003 663.71725392824351 109.50000000000001 0.93201941747572825 17.208333333343038
decision_type=2 2 10 10 8 2 10 2 2 2 8 2 10 2
left_child=2 -2 4 -4 -1 6 7 -6 9 -9 -10 -12 -13 -14
right_child=1 -3 3 -5 5 -7 -8 8 10 -11 11 12 13 -15
leaf_value=-0.12729909920578872 1.55225866882305 -0.16318648618136705 0.74651808873929215 -0.035055650780447818 0.30261997645750766 -1.5086933140339642 -0.88306108171360487 -0.011543683430945251 0.13770792377136634 -0.58756946717043479 0.316198827826914 -0.31262708224406327 -0.61213767713581813 1.3790982528428652
leaf_weight=199 85 53 48 65 99 41 46 1471 1153 243 50 210 58 58
leaf_count=199 85 53 48 65 99 41 46 1471 1153 243 50 210 58 58
internal_value=-0.000162371 0.0094964 -0.000521112 0.00868421 -0.000810141 -0.000411079 -0.000212452 0 -0.000286683 -0.00195918 0.00158824 -0.00397878 -0.00623853 0.00205128
internal_weight=3879 138 3741 113 3628 3429 3388 3342 3243 1714 1529 376 326 116
internal_count=3879 138 3741 113 3628 3429 3388 3342 3243 1714 1529 376 326 116
is_linear=0
shrinkage=0.03


Tree=146
num_leaves=15
num_cat=0
split_feature=0 28 28 81 19 80 39 79 57 64 3 3 81 65
split_gain=13.6047 14.1964 23.5826 15.4312 13.2379 16.9294 16.9895 14.9478 14.3891 18.6842 14.3018 17.014 14.2413 14.5745
threshold=389.50000000000006 203.50000000000003 183.50000000000003 4556.6182372570047 270.00000000000006 -44.078241586685174 2345.9196444808044 3.7151592284022401 7.5000000000000009 3.5115607677699638 12.541666666656967 18.375000000000004 4397.7979128360757 1.0203474401241179
decision_type=2 2 2 8 10 8 10 10 10 8 2 2 10 10
left_child=1 2 3 -1 5 7 8 -3 -7 -10 -11 12 13 -12
right_child=-2 4 -4 -5 -6 6 -8 -9 9 10 11 -13 -14 -15
leaf_value=0.28888799517457148 0.78655795634897008 -0.44261516303887433 -0.55000914625487418 -0.037349425838479035 0.59246374506919486 -0.07540801322028165 -0.18017998405592878 0.35169407588826962 1.6209787509302152 0.64185839369743547 -0.066510417387452669 0.29782495323159502 0.16082566887573524 -1.8581984539719332
leaf_weight=255 91 53 294 1552 179 218 511 252 40 153 42 88 69 41
leaf_count=255 91 53 294 1552 179 218 511 252 40 153 42 88 69 41
internal_value=1.56291e-05 -0.000264141 -0.00189819 -0.000613938 0.00182149 0.000878747 -0.000773861 0.00715686 0.00243865 0.00559908 0.00357868 -0.000995851 -0.00705882 -0.0153571
internal_weight=3838 3747 2101 1807 1646 1467 1162 305 651 433 393 240 152 83
internal_count=3838 3747 2101 1807 1646 1467 1162 305 651 433 393 240 152 83
is_linear=0
shrinkage=0.03


Tree=147
num_leaves=15
num_cat=0
split_feature=0 67 25 1 1 43 17 8 39 66 77 25 85 0
split_gain=12.7603 13.0443 13.0289 11.3877 11.6127 12.4442 14.4044 10.926 21.7825 11.4205 9.13274 9.68505 9.12155 11.7219
threshold=304.50000000000006 448.47620174288755 0.9470175438596492 659.08346462249767 655.93281006813061 362.86389388212734 24.500000000000004 6.0433030104753334 2364.198827776172 85.045155286788955 -45.014875531196587 0.86159003831417635 68.954903562863691 74.500000000000014
decision_type=2 10 10 2 2 10 2 8 10 10 8 10 10 2
left_child=3 2 -2 4 7 6 -6 8 10 -9 11 -1 13 -7
right_child=1 -3 -4 -5 5 12 -8 9 -10 -11 -12 -13 -14 -15
leaf_value=-0.32570996311152944 -0.21240810934539164 1.3576294500706905 1.2579615485167537 -0.039017721182872403 0.10330890241537431 -0.20807304374948341 1.757328165193053 0.4933326052138895 -0.32833605711573655 -0.059149005647537577 0.28326373198659799 0.031002476735064607 -0.53576243317682704 0.96357681018037689
leaf_weight=80 97 58 57 2095 58 43 97 101 327 52 254 465 44 40
leaf_count=80 97 58 57 2095 58 43 97 101 327 52 254 465 44 40
internal_value=0.000186095 0.00732394 0.00270968 -0.000229696 0.00170935 0.00720848 0.0128846 0.000492188 -0.000532387 0.00798701 0.0021375 -5.49451e-05 0.000234375 0.00607143
internal_weight=3868 212 154 3656 1561 282 155 1279 1126 153 799 545 127 83
internal_count=3868 212 154 3656 1561 282 155 1279 1126 153 799 545 127 83
is_linear=0
shrinkage=0.03


Tree=148
num_leaves=15
num_cat=0
split_feature=67 77 38 71 39 36 9 60 17 17 41 64 76 76
split_gain=13.406 19.9897 17.8165 15.6609 13.8525 19.1105 15.5225 13.426 16.7514 12.9048 11.8482 11.0621 10.6277 16.6435
threshold=197.85332337220521 -289.75356954336161 2487.7218150629637 6.5000000000000009 2199.9667582723364 0.15949737897008945 150.00000000000003 493.56062042713171 21.500000000000004 3.5000000000000004 -126.66368198394774 3.7711476459776447 1867.9489187002184 1362.0650701522829
decision_type=8 8 10 10 10 10 2 8 2 2 10 10 8 10
left_child=4 -2 7 -4 6 -6 -1 8 -3 -5 -8 -12 13 -9
right_child=1 2 3 9 5 -7 10 12 -10 -11 11 -13 -14 -15
leaf_value=0.24427136898446936 -0.52689794179811367 0.27723383222758002 2.0470585503878511 -1.0760405053576949 0.037042846447742757 -0.40910927501096755 -1.8017127563256339 0.01871168416497138 -0.24295219260490891 0.15730778676446885 -0.78793127976573685 0.033334018357252526 0.15604398096343769 -0.48228226962437409
leaf_weight=379 127 118 68 54 190 456 63 226 464 773 58 284 491 50
leaf_count=379 127 118 68 54 190 456 63 226 464 773 58 284 491 50
internal_value=7.10153e-05 0.00145447 0.00211136 0.00539062 -0.00222222 -0.00547141 0.000458599 -6.66667e-05 -0.00349914 0.00423913 -0.00362069 -0.00139942 0.00253906 -0.00216606
internal_weight=3801 2371 2244 895 1430 646 784 1349 582 827 405 342 767 276
internal_count=3801 2371 2244 895 1430 646 784 1349 582 827 405 342 767 276
is_linear=0
shrinkage=0.03


Tree=149
num_leaves=15
num_cat=0
split_feature=49 29 3 7 83 35 38 39 35 31 48 81 3 62
split_gain=9.33282 12.919 9.9914 19.9324 22.5462 20.1834 16.3283 13.8865 21.251 17.2122 15.354 13.9305 13.2309 12.5949
threshold=10.500000000000002 0.86305102858669536 15.708333333343036 3280.0595972968454 -262.85735154151911 20.913519813519819 4002.913543957286 1561.5185058257553 6.7262500000000012 7.5548951048951061 -100.14668202400206 7079.9755653142938 17.291666666656969 -0.23160338279017542
decision_type=10 10 2 10 8 10 10 10 10 10 8 10 2 10
left_child=2 -2 7 4 -4 -5 12 8 11 -9 -11 -1 -6 -10
right_child=1 -3 3 5 6 -7 -8 9 13 10 -12 -13 -14 -15
leaf_value=-0.17621647245044009 -0.50259962104684264 -0.046080246158725628 -0.62162811367292348 0.74398885945987636 0.16135383862112904 -0.032864977273899088 1.4830252442114273 0.052022443296769257 1.141883783693515 -1.1200816705133732 -0.13844227825721397 0.32524771072992437 -0.03154810393997038 0.23694322791493522
leaf_weight=233 62 412 74 289 201 107 46 331 62 61 855 67 590 441
leaf_count=233 62 412 74 289 201 107 46 331 62 61 855 67 590 441
internal_value=0.000399269 -0.00353684 0.000955926 0.00300459 0.000559211 0.00861461 0.00196897 -0.000351048 0.00272388 -0.00233173 -0.00444929 -0.00358804 0.00094697 0.0064881
internal_weight=3831 474 3357 1307 911 396 837 2050 803 1247 916 300 791 503
internal_count=3831 474 3357 1307 911 396 837 2050 803 1247 916 300 791 503
is_linear=0
shrinkage=0.03


Tree=150
num_leaves=15
num_cat=0
split_feature=16 3 49 81 81 64 81 79 76 39 49 16 3 45
split_gain=12.5587 14.032 17.6328 18.0184 19.8056 13.2471 13.6587 12.7909 13.0132 10.4478 18.0412 18.3151 18.8134 25.4015
threshold=1.0000000180025095e-35 14.875000000000002 10.500000000000002 8655.1340399980563 10331.375898241999 4.3148947322195417 7817.9419150352487 48.659383239464489 3924.4588472843175 2345.9196444808044 5.5000000000000009 29.500000000000004 11.708333333343036 5.5000000000000009
decision_type=2 2 8 10 10 10 8 10 8 8 8 2 2 10
left_child=-1 9 3 5 -5 -3 -7 8 -6 10 -2 12 -12 -14
right_child=1 2 -4 4 7 6 -8 -9 -10 -11 11 -13 13 -15
leaf_value=-0.54772557166883584 -0.15246001037137077 0.096592205211030804 -0.2411017520869122 -0.78319849710369494 0.56548409490926743 0.23185292976216298 1.3044981345514799 -0.4940869308802997 0.0013989792007261491 -0.16676510512003434 0.43758819943883581 -0.31231589933162662 -1.4381281740292398 0.14928526093726671
leaf_weight=139 374 854 168 78 59 98 111 65 152 876 455 154 47 146
leaf_count=139 374 854 168 78 59 98 111 65 152 876 455 154 47 146
internal_value=-0.000397141 -5.7724e-05 0.00206179 0.00315233 -0.00270423 0.00510338 0.0118571 0.00108303 0.00466981 -0.00169508 0.000152931 0.00268991 0.00489985 -0.00293814
internal_weight=3776 3637 1585 1417 354 1063 209 276 211 2052 1176 802 648 193
internal_count=3776 3637 1585 1417 354 1063 209 276 211 2052 1176 802 648 193
is_linear=0
shrinkage=0.03


Tree=151
num_leaves=15
num_cat=0
split_feature=81 64 39 65 29 81 64 83 17 8 16 33 57 81
split_gain=11.1878 16.4736 20.1774 14.3765 14.2819 17.4702 15.3342 13.7098 17.2621 13.0648 12.4885 11.153 10.5129 10.2001
threshold=4668.6520421504983 4.3148947322195417 1595.227119432313 0.81686705494914091 0.93465694485499407 4169.4065548181543 3.5243755780551123 7.0478394031524667 32.500000000000007 3.8833298171836903 34.500000000000007 14.001515151515154 7.5000000000000009 8027.6036782264719
decision_type=8 8 10 8 10 10 8 8 2 10 2 10 10 8
left_child=4 2 -2 -3 7 6 -6 10 -9 -4 12 -10 -1 -11
right_child=1 3 9 -5 5 -7 -8 8 11 13 -12 -13 -14 -15
leaf_value=-0.1997993843293554 0.21670728509432211 1.323073953196598 -1.5036122080139172 0.002252124769866103 0.21678139161178991 0.69629435527181749 -0.78909285420101238 1.101252241413085 0.23796260959067886 -0.74796355154650651 -0.68561886665057692 -0.092924703916191495 0.14836337727597596 -0.079830683745957864
leaf_weight=109 175 44 94 2203 46 53 75 196 121 119 48 111 266 222
leaf_count=109 175 44 94 2203 46 53 75 196 121 119 48 111 266 222
internal_value=0.000324491 -0.000640308 -0.00500818 0.000547153 0.0030117 -0.0048 -0.0110656 0.00461268 0.00839161 -0.0084633 0.000778302 0.00283262 0.00263298 -0.00570175
internal_weight=3882 2857 610 2247 1025 174 121 851 428 435 423 232 375 341
internal_count=3882 2857 610 2247 1025 174 121 851 428 435 423 232 375 341
is_linear=0
shrinkage=0.03


Tree=152
num_leaves=15
num_cat=0
split_feature=0 4 31 67 28 77 28 81 0 0 8 3 68 64
split_gain=13.9286 16.2796 13.7383 12.4651 14.0749 15.5615 17.7711 15.5684 15.5571 14.6283 13.1719 17.0204 12.8317 12.8269
threshold=164.50000000000003 7.5000000000000009 10.792261904761906 331.49319411648656 204.50000000000003 -146.72816359996793 195.50000000000003 9923.6058882474917 49.500000000000007 84.500000000000014 3.4052951976784467 6.5416666666569663 0.017730029753358481 4.0084788396768447
decision_type=2 2 8 10 2 10 2 8 2 2 10 2 8 10
left_child=3 2 -2 4 5 6 7 8 -1 -7 12 -12 -9 -6
right_child=1 -3 -4 -5 13 9 -8 10 -10 -11 11 -13 -14 -15
leaf_value=0.4022943835691733 0.34622655254085222 1.0695587685355168 -0.2842183744448295 -0.53362169803942139 0.12218530812726154 -0.28788008758364275 -0.53181398824914328 0.62462812247913846 -0.14187656304764473 0.22411246719545902 0.028086107070329519 -0.28280268340332865 -0.0059405047197905198 -0.050210639208836338
leaf_weight=305 152 279 218 86 761 764 78 54 141 118 95 177 130 499
leaf_count=305 152 279 218 86 761 764 78 54 141 118 95 177 130 499
internal_value=0.000287714 0.00429231 0.000161725 -0.000523528 -0.000211335 -0.00186795 0.000733945 0.00192691 0.00590604 -0.00475651 -0.00196937 -0.00615385 0.00421622 0.00223632
internal_weight=3857 649 370 3208 3122 1862 980 902 446 882 456 272 184 1260
internal_count=3857 649 370 3208 3122 1862 980 902 446 882 456 272 184 1260
is_linear=0
shrinkage=0.03


Tree=153
num_leaves=15
num_cat=0
split_feature=83 3 3 39 77 13 34 82 31 39 9 9 35 37
split_gain=9.7979 9.80342 19.3361 18.5413 20.5563 16.1381 15.5517 14.1725 21.7801 15.6002 14.0738 13.982 11.7989 11.8508
threshold=-359.24796485900873 15.708333333343036 17.291666666656969 2364.198827776172 12.140736043453218 90.000000000000014 0.047905909351692491 165.25253645579025 24.805555555555561 4125.8133574089843 150.00000000000003 150.00000000000003 18.975079365079363 213.15913051954061
decision_type=8 2 2 8 10 8 10 8 8 10 2 2 10 8
left_child=-1 3 -3 4 5 -2 -5 9 11 12 -11 -9 13 -4
right_child=1 2 7 6 -6 -7 -8 8 -10 10 -12 -13 -14 -15
leaf_value=-0.51303482648970289 0.20341635541816885 0.19232966311613289 0.2854555278217808 0.018027199004564762 0.46449726492058885 -0.16514082007363998 -0.33751212021604704 0.29656331477271181 -0.061506989259058863 -0.038805705068464286 1.6353009999323627 1.030782436146743 0.32516858412475796 -0.2418147636826094
leaf_weight=68 492 324 52 207 153 706 765 72 96 42 48 112 74 604
leaf_count=68 492 324 52 207 153 706 765 72 96 42 48 112 74 604
internal_value=-0.000102201 0.000104055 0.00206316 -0.00109725 0.00117604 -0.000150125 -0.00425488 0.000163488 0.00597865 -0.00182704 0.00989011 0.012 -0.00328317 -0.00456621
internal_weight=3815 3747 1424 2323 1351 1198 972 1100 280 820 90 184 730 656
internal_count=3815 3747 1424 2323 1351 1198 972 1100 280 820 90 184 730 656
is_linear=0
shrinkage=0.03


Tree=154
num_leaves=15
num_cat=0
split_feature=6 3 3 26 80 24 64 8 28 0 75 85 70 20
split_gain=12.6579 15.4891 22.5528 18.1518 16.6906 21.7149 16.7364 16.2689 13.5351 12.2636 11.8016 11.7313 11.0604 10.1036
threshold=690.00000000000011 15.708333333343036 17.291666666656969 136.50000000000003 -57.692863583564751 40.500000000000007 4.4425835345467828 2.2424006315976475 145.50000000000003 1.5000000000000002 1865.0287591218951 -1.0000000180025095e-35 0.10555555555555557 597.02162611484539
decision_type=10 2 2 2 8 2 8 10 2 2 8 8 8 8
left_child=-1 12 -3 4 6 8 -4 -8 9 -6 -11 -5 -2 -14
right_child=1 2 3 11 5 -7 7 -9 -10 10 -12 -13 13 -15
leaf_value=0.050370935424550012 -0.30926056908379695 0.25960150131955534 -1.6265773533921106 0.45434966187603376 -0.41264826687398709 -0.81311354656765866 -1.1485814475759664 0.30800371476829302 0.32733551769399177 -0.46345603724820933 0.68448258553114982 0.2250981593774242 0.065146536370330507 -0.23371066909821958
leaf_weight=1479 80 232 50 41 80 63 45 52 174 41 72 91 323 951
leaf_count=1479 80 232 50 41 80 63 45 52 174 41 72 91 323 951
internal_value=0.000127152 -0.00126742 0.0016879 -0.000971831 -0.0032699 -0.000278422 -0.0119595 -0.00459184 0.00252717 -0.00293814 0.00342105 0.00902256 -0.00332103 -0.00263529
internal_weight=3774 2295 941 709 577 430 147 97 367 193 113 132 1354 1274
internal_count=3774 2295 941 709 577 430 147 97 367 193 113 132 1354 1274
is_linear=0
shrinkage=0.03


Tree=155
num_leaves=15
num_cat=0
split_feature=79 37 3 31 69 84 62 27 3 45 48 66 81 64
split_gain=11.3061 13.2158 11.608 20.0628 13.6157 10.8738 10.3924 18.3487 13.7137 12.1621 11.7527 12.527 11.8334 10.0362
threshold=63.183686050230783 2455.5388438318864 20.375000000000004 12.308012820512822 267.51685268565546 33.77324171861013 -0.11558234635948303 0.9842509920634922 5.4583333333430355 7.5000000000000009 -40.424691081047051 -301.5292574167251 9091.2034698724765 5.8150853056200651
decision_type=10 10 2 10 10 8 10 8 2 10 10 8 10 8
left_child=2 -2 6 -4 13 -6 7 10 -8 -10 11 -1 -13 -5
right_child=1 -3 3 4 5 -7 8 -9 9 -11 -12 12 -14 -15
leaf_value=-1.0132302922748826 -0.23591489955574571 0.20254631427034692 0.60270093064656949 -0.52925669719714308 -0.52630507201055898 1.9582506536668842 -0.37879811697935234 -0.28366646779266291 -0.27656147249562285 0.031925189943748364 0.0097544106279143956 0.31863550707489152 -0.058233939556137322 0.21908710861045186
leaf_weight=48 215 47 214 113 40 40 149 193 640 953 729 327 50 86
leaf_count=48 215 47 214 113 40 40 149 193 640 953 729 327 50 86
internal_value=-0.000156047 -0.0061597 0.000284678 0.00455466 -0.00075 0.00962963 -0.000398058 0.00158012 -0.00192771 -0.00111041 0.00301299 0.00697183 0.00880952 -0.00495
internal_weight=3844 262 3582 493 279 80 3089 1347 1742 1593 1154 425 377 199
internal_count=3844 262 3582 493 279 80 3089 1347 1742 1593 1154 425 377 199
is_linear=0
shrinkage=0.03


Tree=156
num_leaves=15
num_cat=0
split_feature=4 67 79 15 15 8 67 83 79 70 3 60 58 8
split_gain=11.226 16.5287 10.9084 11.5387 10.8057 16.4702 16.0764 11.5738 11.2697 12.1085 10.6123 14.804 10.1236 16.0564
threshold=7.5000000000000009 -184.14710521099093 17.878144844068228 7.5000000000000009 30.500000000000004 3.3298822401940931 190.57418279431087 -359.24796485900873 16.624334699871614 0.93541666666666679 16.125000000000004 240.62907075881961 122.47222447395326 3.7023196081384389
decision_type=2 8 10 2 2 10 8 8 8 10 2 10 8 8
left_child=1 -1 3 -2 6 -6 8 -8 9 -3 -5 -12 13 -9
right_child=2 4 -4 10 5 -7 7 12 -10 -11 11 -13 -14 -15
leaf_value=-1.7580415665312037 0.66056099652489519 -0.096064249382579944 -0.10662764689708454 0.0021710043849957564 0.28924273000207401 -0.016584659639501353 -0.54481840738998877 -0.0033375510827188836 0.01035039926261291 -1.0698825344496321 0.20362994357680364 1.233777179168188 -0.046138469226857201 0.63034147478237068
leaf_weight=63 150 57 298 926 82 133 56 550 81 139 415 56 653 192
leaf_count=63 150 57 298 926 82 133 56 550 81 139 415 56 653 192
internal_value=0.000147975 -0.00140508 0.0018364 0.00284884 -0.000910494 0.00541667 -0.0017004 -0.000433884 -0.00830935 -0.0121827 0.00199571 0.00565678 0.00010745 0.00250336
internal_weight=3851 2006 1845 1547 1943 215 1728 1451 277 196 1397 471 1395 742
internal_count=3851 2006 1845 1547 1943 215 1728 1451 277 196 1397 471 1395 742
is_linear=0
shrinkage=0.03


Tree=157
num_leaves=15
num_cat=0
split_feature=1 0 1 15 81 0 67 53 15 70 28 57 40 66
split_gain=12.2052 10.2056 9.89873 10.3488 10.3117 9.04677 11.9704 13.7275 11.4968 12.7554 22.6843 16.7501 14.5008 12.3109
threshold=891.46575736999523 401.50000000000006 627.41329634189617 49.500000000000007 3364.2291319370274 -24.499999999999996 -46.542172670364373 5.5000000000000009 29.500000000000004 0.91287878787878796 219.50000000000003 7.5000000000000009 1256.756713885947 369.10055935382849
decision_type=2 2 2 2 8 2 10 8 2 10 2 10 10 8
left_child=1 2 4 5 -1 6 7 -4 9 -7 12 -12 -11 -10
right_child=-2 -3 3 -5 -6 8 -8 -9 13 10 11 -13 -14 -15
leaf_value=0.97366767565617784 -0.46131811767564229 0.94554677089615269 -0.40190652768220686 -0.47692039458155872 0.040130596951746478 0.032013756532096468 -0.73614047227998647 0.0084580049485067123 0.24007985351413186 -0.46662786151876828 -0.29665183076897456 0.24692018732284954 0.28945100534847185 -0.031432580042400154
leaf_weight=66 46 71 162 45 596 809 59 459 284 504 201 418 48 50
leaf_count=66 46 71 162 45 596 809 59 459 284 504 201 418 48 50
internal_value=-0.000125687 6.36099e-05 -0.000153971 -0.000878289 0.00316742 -0.000661102 -0.00370044 -0.00245981 0.000233261 -0.000636042 -0.00263652 0.00130645 -0.00705244 0.00537313
internal_weight=3818 3772 3701 3039 662 2994 680 621 2314 1980 1171 619 552 334
internal_count=3818 3772 3701 3039 662 2994 680 621 2314 1980 1171 619 552 334
is_linear=0
shrinkage=0.03


Tree=158
num_leaves=15
num_cat=0
split_feature=65 82 64 4 13 70 74 79 39 3 70 35 77 44
split_gain=11.0376 14.9245 16.3492 14.05 12.4495 16.6589 12.232 10.7278 11.5649 11.6103 12.7253 14.8525 14.1857 12.7471
threshold=0.92746073753046998 -38.34798336029052 4.1350097637415333 6.5000000000000009 150.00000000000003 0.91987179487179505 2035.0229295796833 63.183686050230783 57.493011903949963 1.5416666666569656 1.0000000180025095e-35 17.221607142857149 107.6919767856598 1669.0385017395022
decision_type=10 8 10 2 10 8 10 10 10 2 8 8 10 10
left_child=1 4 6 -2 5 -1 7 8 -3 -10 13 12 -12 -11
right_child=3 2 -4 -5 -6 -7 -8 -9 9 10 11 -13 -14 -15
leaf_value=0.32944472335453323 -0.46902976574245275 -0.28747742068431759 0.7918040165869612 -0.017444807761429502 0.043811731525356078 -0.71644789373923345 -0.13360882864857704 -0.10756494118684179 -0.18870627071991897 0.0055033588816027048 0.1700744646568996 0.44969734202551848 -0.53227680322660953 -0.29509154780752794
leaf_weight=41 168 73 194 1104 173 160 166 161 63 78 1128 235 48 45
leaf_count=41 168 73 194 1104 173 160 166 161 63 78 1128 235 48 45
internal_value=0.000398645 0.00153157 0.00247719 -0.00188531 -0.004 -0.00905941 0.00166667 0.00237445 0.00308797 0.00362328 0.00414332 0.00495042 0.00356839 -0.00508065
internal_weight=3837 2565 2191 1272 374 201 1997 1831 1670 1597 1534 1411 1176 123
internal_count=3837 2565 2191 1272 374 201 1997 1831 1670 1597 1534 1411 1176 123
is_linear=0
shrinkage=0.03


Tree=159
num_leaves=15
num_cat=0
split_feature=49 61 76 84 70 35 82 0 43 16 7 15 81 84
split_gain=9.02483 10.7462 10.1672 14.1216 9.80779 13.6776 16.7288 13.1768 20.8405 12.5047 12.1743 12.0716 14.9343 16.2639
threshold=10.500000000000002 0.01260716121994626 499.46106624603277 54.852808415889747 0.91287878787878796 21.32164562879851 91.612301945686355 36.500000000000007 605.77801138740358 16.500000000000004 3421.5767920452131 17.500000000000004 4480.4049687385568 -64.269760052363054
decision_type=10 8 8 10 8 8 10 2 10 2 10 2 8 8
left_child=4 -2 -3 -4 5 7 -7 8 9 -1 -9 -6 -13 -14
right_child=1 2 3 -5 11 6 -8 10 -10 -11 -12 12 13 -15
leaf_value=-0.22054550988887633 0.27995233487745436 0.36851131339651066 -0.44168901757227019 0.073872900414654483 -0.053049255842146509 0.010581300298449401 -0.45614410849299486 0.14572639914163718 -0.53255664290997817 0.59880418457758833 1.2578480843391218 0.56302331111605608 -0.79213245056586845 0.073111421275416005
leaf_weight=91 73 75 268 55 1584 393 56 179 46 122 115 205 88 457
leaf_count=91 73 75 268 55 1584 393 56 179 46 122 115 205 88 457
internal_value=0.000259979 -0.00362288 -0.00556391 -0.00787037 0.00080911 0.00329013 -0.0006 0.00644404 0.0015 0.00546729 0.0107797 -0.000256959 0.00287617 0.000274725
internal_weight=3807 471 398 323 3336 1002 449 553 259 213 294 2334 750 545
internal_count=3807 471 398 323 3336 1002 449 553 259 213 294 2334 750 545
is_linear=0
shrinkage=0.03


Tree=160
num_leaves=15
num_cat=0
split_feature=1 81 79 28 70 3 50 63 36 36 56 0 68 64
split_gain=14.3594 14.4158 10.619 11.2015 11.2445 11.79 13.2322 10.7803 13.6283 9.41305 14.1474 12.3611 9.31626 11.4791
threshold=666.52870881557476 1587.2678377628329 396.46469057803557 463.50000000000006 0.90454545454545465 15.291666666656967 1704.7034965753558 -241.11394063845037 0.24217986314760512 0.10507913139492088 259.12658576170611 276.50000000000006 0.13920371705791459 4.0918922451920468
decision_type=2 8 10 2 10 2 10 8 10 8 10 2 8 8
left_child=1 -1 3 4 5 -3 -7 -6 12 -2 11 -11 13 -9
right_child=9 2 -4 -5 7 6 -8 8 -10 10 -12 -13 -14 -15
leaf_value=1.8277670970382804 0.067253225003802375 0.034361559825152509 -0.11116646600219003 -0.9930187818644296 0.25007828963442152 0.82703010931878396 -0.010998008293152291 -0.20478791898122564 -0.18049025375150904 -0.079146089024978356 -0.38325548182092972 1.2736682810784858 0.62910329859813119 0.17636256966776082
leaf_weight=41 112 510 92 48 117 207 86 121 761 1138 107 52 70 416
leaf_count=41 112 510 92 48 117 207 86 121 761 1138 107 52 70 416
internal_value=0.000479505 0.0018583 0.0015562 0.00195122 0.00225426 0.00511194 0.00989796 0.000706595 -4.38276e-05 -0.00193617 -0.00265794 -0.00171285 0.00330592 0.00195167
internal_weight=3878 2469 2428 2336 2288 803 293 1485 1368 1409 1297 1190 607 537
internal_count=3878 2469 2428 2336 2288 803 293 1485 1368 1409 1297 1190 607 537
is_linear=0
shrinkage=0.03


Tree=161
num_leaves=15
num_cat=0
split_feature=0 9 69 41 28 7 37 77 28 28 63 77 63 85
split_gain=12.4237 16.2325 15.1254 9.17236 16.9311 9.63756 15.9204 10.8473 9.7863 18.9749 14.5242 15.2253 14.1296 18.9105
threshold=325.50000000000006 270.00000000000006 356.97567554960852 324.79994058609014 126.50000000000001 5123.2697457641034 1460.5376049652061 -62.583481609821312 204.50000000000003 183.50000000000003 276.28537734071182 -244.4408195018768 106.20331396902446 118.25940662622453
decision_type=2 2 8 10 2 10 8 10 2 2 10 10 10 8
left_child=3 2 -2 5 -5 8 -7 -8 9 -1 11 12 13 -10
right_child=1 -3 -4 4 -6 6 7 -9 10 -11 -12 -13 -14 -15
leaf_value=-0.0035294764511358953 -0.012711096756186748 -0.39973271718716236 2.5132593672007282 0.2404266701831142 -0.91467537283838796 0.99571665594914294 0.64938953522603848 -0.13031265787335061 0.034910249396159596 -0.40508018279213287 -0.30450858228496763 0.2682602941899439 0.29257008135450668 -0.34618635121822372
leaf_weight=1624 41 56 81 41 87 47 52 63 256 303 190 762 80 171
leaf_count=1624 41 56 81 41 87 47 52 63 256 303 190 762 80 171
internal_value=0.000326848 0.00804469 0.0141463 -4.8953e-05 -0.00790698 0.000236686 0.00736196 0.0012931 -0.000106289 -0.00150934 0.00174658 0.00290551 -0.00112205 -0.00329439
internal_weight=3854 178 122 3676 128 3548 162 115 3386 1927 1459 1269 507 427
internal_count=3854 178 122 3676 128 3548 162 115 3386 1927 1459 1269 507 427
is_linear=0
shrinkage=0.03


Tree=162
num_leaves=15
num_cat=0
split_feature=17 41 0 6 17 82 51 28 29 39 81 35 71 68
split_gain=8.99591 12.5043 12.5704 13.2036 12.6238 12.0397 16.8352 12.0845 11.9626 18.0976 15.9647 11.8895 10.9185 10.6341
threshold=35.000000000000007 -137.87410676479337 77.500000000000014 1050.0000000000002 30.500000000000004 -92.084950089454637 179.08346462249759 204.50000000000003 0.93843898037446438 3275.9286375344518 11326.027888894083 16.222845804988669 10.500000000000002 0.1076607220184599
decision_type=2 8 2 10 2 8 10 2 10 10 10 10 8 8
left_child=1 -1 12 4 8 6 7 -2 9 10 11 -4 -3 -7
right_child=5 2 3 -5 -6 13 -8 -9 -10 -11 -12 -13 -14 -15
leaf_value=0.86261502829623149 -1.1092859950510048 -0.1686493773339782 0.25368781462582568 -0.31020019656454884 3.3287211327789001 -0.085783003493757129 0.28747297710372005 -0.016683783215326643 1.0868654807961313 -0.62387571525032726 -0.75915674288944446 0.63423901967490259 0.03061249988753495 0.035659745347874972
leaf_weight=84 91 440 209 61 49 1105 40 67 136 144 44 48 573 782
leaf_count=84 91 440 209 61 49 1105 40 67 136 144 44 48 573 782
internal_value=-8.51833e-05 0.00147568 0.000914956 0.00403179 0.00532488 -0.00142378 -0.00844221 -0.0128302 0.00407216 0.00168161 0.00586093 0.00872093 -0.00121302 -0.000683263
internal_weight=3873 1788 1704 691 630 2085 198 158 581 445 301 257 1013 1887
internal_count=3873 1788 1704 691 630 2085 198 158 581 445 301 257 1013 1887
is_linear=0
shrinkage=0.03


Tree=163
num_leaves=15
num_cat=0
split_feature=67 3 8 3 15 81 38 29 24 35 67 39 17 8
split_gain=10.4977 9.87836 16.2049 18.2867 21.9865 20.5159 19.581 16.9121 16.7864 15.236 12.3132 11.6424 13.0589 19.4761
threshold=-261.95527132919852 15.708333333343036 5.1052246600353444 17.291666666656969 30.500000000000004 1613.2379046678545 3879.7899791111604 0.98469097361724933 51.500000000000007 22.865336879432625 186.65129619313959 2364.198827776172 16.500000000000004 1.7687452600943707
decision_type=8 2 10 2 2 10 10 10 2 10 8 8 2 10
left_child=-1 11 3 8 5 -5 7 -7 -3 10 -4 12 13 -2
right_child=1 2 9 4 -6 6 -8 -9 -10 -11 -12 -13 -14 -15
leaf_value=-1.0479780915893793 0.13782531969625128 0.27434820113604069 0.12368425491217493 0.45603394644771156 0.40678852993729753 -0.37707411302990457 0.55673153715752155 0.51977137506002535 -0.32934842186177965 -0.036959232511340367 1.0542595163722479 -0.098437189915723755 0.065614367768917561 -0.90174013511179585
leaf_weight=68 60 239 67 114 146 537 49 42 42 66 144 941 1190 108
leaf_count=68 60 239 67 114 146 537 49 42 42 66 144 941 1190 108
internal_value=0.000291033 0.000504538 0.00244644 0.000897436 -0.00121485 -0.0033109 -0.0054372 -0.00698276 0.00755319 0.00895683 0.0128774 -0.000717391 0.0010596 -0.00674556
internal_weight=3813 3745 1446 1169 888 742 628 579 281 277 211 2299 1358 168
internal_count=3813 3745 1446 1169 888 742 628 579 281 277 211 2299 1358 168
is_linear=0
shrinkage=0.03


Tree=164
num_leaves=15
num_cat=0
split_feature=6 60 45 77 79 43 37 77 74 65 19 26 8 85
split_gain=12.1325 14.4028 10.3192 9.88994 13.1083 15.021 14.7105 10.8834 13.8542 10.9997 13.1196 13.7672 13.3682 12.0789
threshold=690.00000000000011 545.25383734703075 5.5000000000000009 -244.4408195018768 7.8591503867123143 77.447264034695891 1426.2789059785089 107.6919767856598 25.322947948506059 0.81239081717605943 210.00000000000003 132.50000000000003 6.9062061017654619 144.6140732765198
decision_type=8 10 8 8 10 10 8 10 10 8 10 2 10 10
left_child=2 3 -1 4 -2 -6 -7 9 -9 -5 12 -12 13 -11
right_child=1 -3 -4 7 5 6 -8 8 -10 10 11 -13 -14 -15
leaf_value=-0.56671131168956057 -0.88207388748216586 0.36205407530717848 0.063154690098699715 0.69027956669655277 -0.46085911047198447 0.25210366343322571 -0.14363312343008636 -0.66515511152449158 0.023893112699720342 -0.04701726292388464 0.031395055060237341 1.3749420954217841 0.3882895198659182 -0.5429901913403713
leaf_weight=84 77 145 1319 92 58 70 111 57 52 1246 273 44 62 165
leaf_count=84 77 145 1319 92 58 70 111 57 52 1246 273 44 62 165
internal_value=0.000147822 -0.00112515 0.00237179 -0.00170277 -0.00662461 -0.003125 0.00115385 -0.000918675 -0.0100909 -0.000382369 -0.000904523 0.00462264 -0.00209634 -0.0026983
internal_weight=3855 2452 1403 2307 316 239 181 1991 109 1882 1790 317 1473 1411
internal_count=3855 2452 1403 2307 316 239 181 1991 109 1882 1790 317 1473 1411
is_linear=0
shrinkage=0.03


Tree=165
num_leaves=15
num_cat=0
split_feature=0 80 15 70 68 29 16 40 0 48 59 16 85 56
split_gain=10.4093 12.6886 18.8526 15.9938 12.4133 13.0454 11.6751 12.8001 12.9699 11.4261 11.1399 9.35056 10.1103 11.7884
threshold=164.50000000000003 95.561455726623549 17.500000000000004 0.91287878787878796 -0.19968348780847922 0.92962053667571187 45.500000000000007 45.180242109435198 56.500000000000007 285.01934587955481 -110.75148093700408 14.500000000000002 -118.22305071353911 -66.798780083656297
decision_type=2 8 2 10 10 10 2 10 2 10 10 2 8 8
left_child=6 3 4 9 -3 -6 7 8 -1 -2 -5 12 -9 -14
right_child=1 2 -4 10 5 -7 -8 11 -10 -11 -12 -13 13 -15
leaf_value=0.22240677233561679 1.4500918686498465 -0.46497936140132928 1.3815816153463278 -0.80241489841081326 -0.011531936763580804 1.3397188735679066 0.079356104106347691 -0.40575761906434332 -0.70943473899993414 -0.036173210046649161 0.061260049395738744 -0.12374619971729771 0.38810417256962815 -0.00020206206351832651
leaf_weight=426 47 56 161 130 106 71 119 150 41 41 69 1285 144 1037
leaf_count=426 47 56 161 130 106 71 119 150 41 41 69 1285 144 1037
internal_value=0.000285788 0.00365103 0.00713924 -0.00114583 0.00166667 0.0055618 -0.000430846 -0.000787938 0.00378205 0.0094382 -0.00585 -0.00160489 0.000157658 0.00109137
internal_weight=3883 681 394 287 233 177 3202 3083 467 88 199 2616 1331 1181
internal_count=3883 681 394 287 233 177 3202 3083 467 88 199 2616 1331 1181
is_linear=0
shrinkage=0.03


Tree=166
num_leaves=15
num_cat=0
split_feature=65 82 79 57 28 16 84 7 7 77 77 26 58 37
split_gain=10.0107 13.7935 15.7541 13.2676 21.1859 18.0171 12.2583 11.2033 13.4713 13.9821 12.144 10.4971 10.4282 11.0175
threshold=0.92315479011255208 44.427120010058097 26.587214177763652 7.5000000000000009 266.50000000000006 26.500000000000004 -132.62350094318387 3904.5492793696326 3765.3705480489702 -69.598561823368058 -144.97388792037961 105.50000000000001 64.067189931869521 860.87662388414572
decision_type=10 10 10 10 2 2 8 10 10 10 10 2 8 10
left_child=1 7 3 4 -3 -5 -2 8 9 10 -1 -12 -9 -14
right_child=6 2 -4 5 -6 -7 -8 12 -10 -11 11 -13 13 -15
leaf_value=-0.0064868068929347976 -1.6364075532468791 0.21903001589364102 -0.25037014628459264 1.0870232807244169 -1.2302412847430353 -0.20384449808991453 -0.026277838556866561 0.71771410611890585 -0.70014096847587004 0.14716063974359328 -0.50491191137016556 0.022629161397420459 0.24135032470961801 -0.095200719565541506
leaf_weight=820 52 448 96 226 45 45 1259 68 41 316 157 85 78 113
leaf_count=820 52 448 96 226 45 45 1259 68 41 316 157 85 78 113
internal_value=0.000412987 0.00151241 0.0045993 0.00603922 0.00309717 0.0113603 -0.00171494 -7.14711e-05 -0.00111972 -0.000609137 -0.00225776 -0.00814815 0.00565385 0.00203125
internal_weight=3849 2538 860 764 493 271 1311 1678 1419 1378 1062 242 259 191
internal_count=3849 2538 860 764 493 271 1311 1678 1419 1378 1062 242 259 191
is_linear=0
shrinkage=0.03


Tree=167
num_leaves=15
num_cat=0
split_feature=28 6 81 28 77 3 62 7 83 60 36 26 62 3
split_gain=11.9066 10.1871 12.3068 13.6445 11.1356 12.9492 11.4462 11.4223 11.0386 9.51042 9.96032 8.58212 18.7685 11.1727
threshold=469.50000000000006 690.00000000000011 4668.6520421504983 296.50000000000006 -202.85004067420957 16.041666666656969 0.017209902641105782 3364.0072210850126 100.86936461925508 493.56062042713171 0.10507913139492088 143.50000000000003 0.14834860474784714 6.1250000000000009
decision_type=2 8 10 2 10 2 10 10 10 10 8 2 10 2
left_child=1 2 3 8 -4 6 -6 -7 -1 10 -3 -12 13 -13
right_child=-2 9 4 -5 5 7 -8 -9 -10 -11 11 12 -14 -15
leaf_value=0.044341830767131128 -0.78310894660420516 0.081172147775189246 0.25600030665093226 0.79533805849954153 -0.055781407432211771 -0.054320245793993673 -0.75874893624402728 0.71118807436489384 0.70701104076136145 0.22566934017942686 -0.074449575410473978 -0.19232389909621647 -0.69852245679853175 0.45129146777934626
leaf_weight=597 62 179 144 95 168 173 78 77 75 155 1702 58 45 235
leaf_count=597 62 179 144 95 168 173 78 77 75 155 1702 58 45 235
internal_value=0.00055411 0.000769434 0.00279119 0.00535156 -0.000280811 -0.00241449 -0.00728745 0.00239044 0.00383358 -0.000429474 -0.000932432 -0.00152866 0.00283186 0.00561224
internal_weight=3843 3781 1407 767 640 496 246 250 672 2374 2219 2040 338 293
internal_count=3843 3781 1407 767 640 496 246 250 672 2374 2219 2040 338 293
is_linear=0
shrinkage=0.03


Tree=168
num_leaves=15
num_cat=0
split_feature=49 29 7 76 85 48 73 13 73 0 43 77 66 45
split_gain=9.76765 11.8085 12.8455 16.7117 14.1579 10.4847 8.94069 8.30156 9.97021 11.7485 16.6528 12.814 11.9136 11.6083
threshold=10.500000000000002 0.8649477698557454 2667.7392932965199 485.49327731132513 -108.36027109622954 -76.314244389533982 179.28754067420962 6030.0000000000009 -17.920572161674496 -23.499999999999996 633.39345567269038 -69.401914954185472 -78.273900032043443 8.5000000000000018
decision_type=10 10 10 8 10 10 10 8 8 2 10 10 8 10
left_child=6 -2 3 -3 -5 -4 7 8 -1 10 11 12 -10 -14
right_child=1 2 5 4 -6 -7 -8 -9 9 -11 -12 -13 13 -15
leaf_value=0.27107269694015845 -0.47685413713573965 0.64192635189049874 0.64057236571233145 -1.1246379317703992 -0.26214768434650515 -0.033460562735495698 0.79628124480752305 -0.34911277951217989 0.12266506617131696 0.022846446534503483 -0.57950268531295324 0.76925223415384947 -0.51667123662549352 0.30154671187584708
leaf_weight=191 67 60 59 56 64 176 40 42 111 2493 171 71 200 61
leaf_count=191 67 60 59 56 64 176 40 42 111 2493 171 71 200 61
internal_value=0.000139788 -0.00385093 -0.00194712 -0.0079558 -0.0143802 0.00266949 0.000709849 0.000538761 0.000709306 0.000299228 -0.00341463 -0.000337838 -0.00257373 -0.0060687
internal_weight=3862 482 415 180 120 235 3380 3340 3298 3107 614 443 372 261
internal_count=3862 482 415 180 120 235 3380 3340 3298 3107 614 443 372 261
is_linear=0
shrinkage=0.03


Tree=169
num_leaves=15
num_cat=0
split_feature=31 45 39 64 31 40 82 61 3 61 24 6 34 80
split_gain=10.0717 23.4337 12.4971 18.761 13.427 16.3379 12.8445 14.945 11.1278 10.0692 9.99473 9.52083 8.80904 8.792
threshold=13.127500000000003 5.5000000000000009 1443.7876107769209 4.1945564833185127 20.415476190476195 731.19853724617894 120.11749581495921 0.023442666875573889 12.791666666656967 0.055627235090668206 76.500000000000014 750.00000000000011 0.21089696071163827 338.75734591484076
decision_type=8 8 8 8 8 10 8 10 2 10 2 10 10 8
left_child=-1 8 4 -4 -3 -6 7 12 -2 -9 11 13 -5 -8
right_child=1 2 3 6 5 -7 10 9 -10 -11 -12 -13 -14 -15
leaf_value=0.042868275498056573 -0.027112196320869798 0.44038588039477172 -0.33050349316809713 0.3873659785517593 -0.42958650732266551 0.1419563615136426 -0.31229882893719596 -0.44437519167050454 -1.4624278686665015 0.043269151905983134 0.45250581444171994 -0.32213301752484319 -0.013859829990483455 0.0029458082644064063
leaf_weight=1684 59 278 356 153 79 63 83 47 91 311 42 150 55 363
leaf_count=1684 59 278 356 153 79 63 83 47 91 311 42 150 55 363
internal_value=4.71822e-05 -0.00132332 -0.000454316 -0.00169122 0.00413302 -0.00335664 9.95851e-05 0.00338624 -0.0127152 -0.000334262 -0.0028169 -0.0038191 0.00976077 -0.00161074
internal_weight=3814 2130 1980 1560 420 142 1204 566 150 358 638 596 208 446
internal_count=3814 2130 1980 1560 420 142 1204 566 150 358 638 596 208 446
is_linear=0
shrinkage=0.03


Tree=170
num_leaves=15
num_cat=0
split_feature=4 0 7 83 27 40 32 42 72 80 31 81 3 71
split_gain=10.474 19.1443 17.729 15.93 15.2813 15.2664 15.8708 12.7605 10.8574 10.5283 11.1236 9.81682 9.62924 20.5471
threshold=8.5000000000000018 -33.499999999999993 3250.4985141851143 -125.36600828170775 0.95529051172707902 43.884955955166269 0.5590277777777779 0.95805871486663829 -73.205987930297837 -41.911122083663933 15.003333333333336 8027.6036782264719 13.208333333343036 6.5000000000000009
decision_type=2 2 10 8 10 10 8 10 8 8 8 10 2 8
left_child=1 2 5 -2 9 8 -7 -6 -1 -5 -11 -4 -3 -14
right_child=3 12 11 4 7 6 -8 -9 -10 10 -12 -13 13 -15
leaf_value=0.76563447692928654 1.2357045079481668 -0.024179410028835988 -0.35638908060684166 -0.16927961489634288 0.053067298355372793 -0.13889312444093346 -0.52925596102640471 -0.59576945386926516 -0.01544601784186451 0.50457445158283576 0.019334404684925213 -2.0970661354236229 1.3422723006981838 0.024901801914822524
leaf_weight=55 61 1127 63 100 50 235 78 54 88 267 369 41 103 1146
leaf_count=55 61 1127 63 100 50 235 78 54 88 267 369 41 103 1146
internal_value=0.000398645 -0.000469867 -0.00545455 0.00322616 0.00214031 -0.0028884 -0.00659236 -0.00857143 0.00520833 0.0036635 0.00508634 -0.0165714 0.000706773 0.00252
internal_weight=3837 2936 560 901 840 456 313 104 143 736 636 104 2376 1249
internal_count=3837 2936 560 901 840 456 313 104 143 736 636 104 2376 1249
is_linear=0
shrinkage=0.03


Tree=171
num_leaves=15
num_cat=0
split_feature=28 6 81 77 4 43 85 37 53 0 80 83 64 68
split_gain=12.0142 9.91974 11.5414 12.8133 13.4583 12.8666 12.6823 14.3385 11.2503 9.87744 9.68886 9.66699 9.63875 12.2145
threshold=497.50000000000006 690.00000000000011 4709.7794868946085 -202.85004067420957 7.5000000000000009 718.44631048088524 46.726619561513267 1305.040483096303 8.5000000000000018 142.50000000000003 -57.692863583564751 123.58128261566164 6.2325478309380182 0.011812562265405458
decision_type=2 8 10 10 2 10 10 8 10 2 10 10 8 10
left_child=1 2 9 8 6 -6 10 -8 -4 11 -5 -1 13 -3
right_child=-2 12 3 4 5 -7 7 -9 -10 -11 -12 -13 -14 -15
leaf_value=0.028781723284941635 -0.99942255018346005 -0.34569740818863648 0.59210940585557936 -0.24667568602717799 -0.058687561286309059 0.65251169839918122 -0.62765108907028722 0.19007490851956046 -0.022799390404839456 0.90011702015926587 -1.0409053727855988 0.684782895776887 0.0072493101601027489 0.021072374316355599
leaf_weight=571 40 445 81 55 166 55 40 55 69 145 90 59 1556 398
leaf_count=571 40 445 81 55 166 55 40 55 69 145 90 59 1556 398
internal_value=5.48876e-05 0.000229794 0.00224946 -0.000833333 -0.00331169 0.00202703 -0.00821577 0.0003125 0.00675497 0.00467784 -0.0137671 0.00304279 -0.0009375 -0.00351896
internal_weight=3825 3785 1386 611 461 221 240 95 150 775 145 630 2399 843
internal_count=3825 3785 1386 611 461 221 240 95 150 775 145 630 2399 843
is_linear=0
shrinkage=0.03


Tree=172
num_leaves=15
num_cat=0
split_feature=65 43 15 84 8 35 60 77 22 51 66 8 59 53
split_gain=12.9372 18.134 10.8476 19.6202 11.1338 16.4102 11.6877 11.2894 10.8315 13.6141 16.8634 10.8919 10.4969 15.33
threshold=1.1683551765611404 437.07330409171738 29.500000000000004 106.07549870014192 6.0885345621350027 20.098951048951051 713.92004549503338 -87.414005398750291 1.8354868888854983 59.083464622497566 184.86338460445407 4.2379903911543577 125.53867006301881 7.5000000000000009
decision_type=10 10 2 10 10 10 10 10 2 8 10 10 8 10
left_child=2 -2 4 8 6 7 12 -6 -4 10 -10 -11 13 -1
right_child=1 -3 3 -5 5 -7 -8 -9 9 11 -12 -13 -14 -15
leaf_value=-0.32291331422233482 0.050637393633791696 -1.0097327110113186 0.41012217606958579 -0.43022624314599772 0.78583414413820329 -0.16863691098647529 0.38320271752128598 0.03059763813400387 0.29214807548572225 0.054025222374969227 -0.10349242513073488 -0.42801929523467114 0.023374197360132312 -0.022100136775392853
leaf_weight=599 80 91 155 45 86 106 125 80 167 99 77 70 604 1468
leaf_count=599 80 91 155 45 86 106 125 80 167 99 77 70 604 1468
internal_value=-0.000155723 -0.00819767 0.000219989 0.00385993 -0.000508309 0.00527473 -0.00107258 0.0111377 0.00537786 0.00282609 0.00734694 -0.00370588 -0.00149326 -0.00250967
internal_weight=3852 171 3681 613 3068 272 2796 166 568 413 244 169 2671 2067
internal_count=3852 171 3681 613 3068 272 2796 166 568 413 244 169 2671 2067
is_linear=0
shrinkage=0.03


Tree=173
num_leaves=15
num_cat=0
split_feature=7 77 3 28 31 78 23 4 28 8 56 69 60 77
split_gain=11.1042 13.0856 10.4586 10.7368 10.277 10.2614 9.02884 14.3279 17.2622 14.9421 11.4745 14.0279 13.5738 10.6064
threshold=5123.2697457641034 -62.583481609821312 1.5416666666569656 494.00000000000006 23.07628205128206 0.87500000000000011 4.0054835081100473 6.5000000000000009 220.50000000000003 3.389122699809104 -57.459388732910149 87.124396686452783 -115.71950185298918 -141.8530007600784
decision_type=10 10 2 2 8 10 8 2 2 10 8 8 8 10
left_child=2 -2 5 6 -3 -1 7 9 10 -4 12 -12 -9 -10
right_child=1 4 3 -5 -6 -7 -8 8 13 -11 11 -13 -14 -15
leaf_value=0.0046493715707978719 0.66539965359350572 0.35722359587075697 0.032155794677828843 -1.0405597674399147 -0.11318180378544651 -0.40154884565440457 -0.015175261344488048 -0.14024862193477106 0.08534427146012763 -0.74472269322314844 -0.26520944895048965 0.063829817814906889 0.57932355590661544 1.0851628816297301
leaf_weight=84 80 52 270 41 46 87 2110 43 238 113 160 234 98 196
leaf_count=84 80 52 270 41 46 87 2110 43 238 113 160 234 98 196
internal_value=7.78614e-05 0.0073743 -0.000277551 7.70548e-05 0 -0.0075 0.00025989 0.00217295 0.0041134 -0.00273437 0.000503731 -0.00212658 0.0078169 0.00855172
internal_weight=3852 178 3674 3503 98 171 3462 1352 969 383 535 394 141 434
internal_count=3852 178 3674 3503 98 171 3462 1352 969 383 535 394 141 434
is_linear=0
shrinkage=0.03


Tree=174
num_leaves=15
num_cat=0
split_feature=82 74 56 56 70 41 77 1 42 46 70 53 3 42
split_gain=7.85172 13.8497 13.7163 9.68571 11.779 10.9175 10.4951 9.11036 9.22334 11.1494 9.23183 12.752 10.8457 11.1242
threshold=-60.66789257526397 1941.9917449914931 192.9798923333486 -128.44862043857572 0.91987179487179505 113.54844367504121 -69.801007568836198 838.02790760993969 -208.83164739608762 570.00000000000011 0.10555555555555557 17.500000000000004 5.9583333333430355 158.50302875041965
decision_type=8 10 10 10 8 10 8 2 8 8 8 10 2 8
left_child=1 2 3 -1 -5 6 -6 8 -2 -10 -11 12 13 -12
right_child=7 -3 -4 4 5 -7 -8 -9 9 10 11 -13 -14 -15
leaf_value=0.21057840876739869 1.1032664078895884 0.17146966031419764 -1.1977860073318292 0.20613831022315132 -0.65323277988486916 0.60936908171179249 -0.022377836250623489 -0.27356773526703237 -0.80398793455453454 -0.040269709918172872 -0.0062636300601912696 0.29973321764368543 0.042981445641737143 -0.32989938510541722
leaf_weight=52 70 43 45 57 181 46 81 92 100 210 190 53 2512 81
leaf_count=52 70 43 45 57 181 46 81 92 100 210 190 53 2512 81
internal_value=0.000338228 -0.00314229 -0.00466523 -0.00294258 -0.00467213 -0.00699029 -0.00935361 0.000870354 0.00113771 0.000896092 0.00122087 0.00167078 0.00139009 -0.00430147
internal_weight=3813 505 462 417 365 308 262 3308 3216 3146 3046 2836 2783 271
internal_count=3813 505 462 417 365 308 262 3308 3216 3146 3046 2836 2783 271
is_linear=0
shrinkage=0.03


Tree=175
num_leaves=15
num_cat=0
split_feature=4 77 65 77 77 38 60 8 42 15 83 68 63 7
split_gain=11.1417 15.6289 12.7858 19.2046 11.4354 12.7864 24.1576 21.7236 11.7299 11.2087 16.6832 13.1546 10.887 10.8663
threshold=8.5000000000000018 -235.36567074060437 0.88231078457675027 -54.499478757381432 -285.94808512926096 3128.1156918554721 184.62653982639316 4.490815234824864 -11.169914364814757 30.500000000000004 133.94942593574527 -0.10548856585028757 172.93326306326983 2447.9856528275272
decision_type=2 10 10 10 8 10 8 8 10 2 8 10 8 10
left_child=2 -2 4 9 8 6 7 13 -1 12 11 -11 -4 -6
right_child=1 -3 3 -5 5 -7 -8 -9 -10 10 -12 -13 -14 -15
leaf_value=-0.46340545949540884 -0.0239979166732943 0.2758477433125085 -0.10596761232604342 -1.0450941234520739 -0.20817068301698216 0.17337060399552445 0.046283570222189367 0.4602430044427076 -0.070958229609628873 -0.36882295786833008 -0.50909717928409415 0.24550290044542591 -0.92471246684894037 -0.69769389556254335
leaf_weight=41 363 541 444 171 195 433 866 76 119 64 86 196 68 168
leaf_count=41 363 541 444 171 195 433 866 76 119 64 86 196 68 168
internal_value=7.82881e-06 0.00291713 -0.000891393 -0.00358252 0.00056872 0.0012766 -0.000206738 -0.00593182 -0.00708075 -0.00174622 0.00242075 0.0062069 -0.0045614 -0.00898352
internal_weight=3831 904 2927 1029 1898 1738 1305 439 160 858 346 260 512 363
internal_count=3831 904 2927 1029 1898 1738 1305 439 160 858 346 260 512 363
is_linear=0
shrinkage=0.03


Tree=176
num_leaves=15
num_cat=0
split_feature=13 39 3 69 3 3 3 65 70 37 60 45 70 79
split_gain=10.7445 10.8187 17.1048 15.6101 19.874 11.7897 12.9531 13.5514 10.5481 10.5295 10.1981 14.6183 8.34676 15.3522
threshold=90.000000000000014 2381.6430426309776 15.375000000000002 264.39350356435563 18.791666666656969 17.291666666656969 20.208333333343038 1.0558631129379241 0.90454545454545465 1135.8937627389739 270.56831526756292 11.500000000000002 0.91987179487179505 477.38247493318715
decision_type=8 8 2 8 2 2 2 8 10 10 10 10 10 10
left_child=1 5 10 4 -4 -1 8 -8 -7 -10 11 -3 13 -2
right_child=12 2 3 -5 -6 6 7 -9 9 -11 -12 -13 -14 -15
leaf_value=0.28041313545560953 0.037330128337619041 -0.15775210169890588 0.49962733306898521 0.95332152489395261 -0.3805604138517516 0.10952301593284552 1.205947121446503 -0.061996481279591079 -0.80409086212273762 -0.070438958806667451 -0.90087580907908871 0.23670779744357531 -0.12213400691535241 -0.29470423672630069
leaf_weight=605 885 257 49 94 87 43 43 75 40 78 44 47 1402 67
leaf_count=605 885 257 49 94 87 43 43 75 40 78 44 47 1402 67
internal_value=3.14383e-05 0.00205058 -0.0011399 0.00519481 -0.00131387 0.00413559 -0.000964286 0.00655462 -0.00648148 -0.0110924 -0.00532951 -0.00334426 -0.00122293 0.000944386
internal_weight=3816 1462 578 230 136 884 279 118 161 118 348 304 2354 952
internal_count=3816 1462 578 230 136 884 279 118 161 118 348 304 2354 952
is_linear=0
shrinkage=0.03


Tree=177
num_leaves=15
num_cat=0
split_feature=42 65 6 73 40 59 81 39 79 53 39 25 81 80
split_gain=12.7124 10.118 10.3062 11.7861 10.9833 15.2487 12.7785 12.7237 10.1833 9.40514 10.2806 9.21161 10.7242 12.9088
threshold=-257.1919234991073 1.1977208052448918 690.00000000000011 44.872095584869392 1207.9853058364151 -122.47222447395323 3435.8629423379903 1036.3242747039321 10.676903221463702 5.5000000000000009 2345.9196444808044 0.94258241758241768 7127.3925220966348 -41.911122083663933
decision_type=8 10 10 10 10 8 8 10 8 8 10 10 8 8
left_child=-1 2 3 4 6 8 7 -2 -6 -8 -11 -4 -13 -14
right_child=1 -3 11 -5 5 -7 9 -9 -10 10 -12 12 13 -15
leaf_value=2.2326593700541335 -0.046204939348195549 -0.62399740765661593 -0.068966009398916117 0.52862195122642264 -0.37477118985336522 0.49427962914827411 -0.90161311219513329 0.89549069898781786 0.1120495395551845 0.065096038701052517 -0.22232475505363949 -0.09940220832036932 0.38170388016975071 0.033517051070654738
leaf_weight=44 70 123 1535 47 42 107 59 78 149 549 303 317 57 351
leaf_count=44 70 123 1535 47 42 107 59 78 149 549 303 317 57 351
internal_value=0.000148747 -3.95987e-05 0.000245566 0.00226335 0.00174521 0.00682274 0.000311321 0.00845638 0.00171875 -0.00101974 -0.00021102 -0.0010084 0.00177686 0.00498778
internal_weight=3831 3787 3664 1404 1357 298 1059 148 191 911 852 2260 725 408
internal_count=3831 3787 3664 1404 1357 298 1059 148 191 911 852 2260 725 408
is_linear=0
shrinkage=0.03


Tree=178
num_leaves=15
num_cat=0
split_feature=1 30 42 16 66 52 77 34 25 65 81 62 60 60
split_gain=11.602 10.7063 11.4474 12.6222 11.1727 11.8013 9.42496 12.9095 13.2126 9.49691 9.51576 9.36414 12.1996 11.2704
threshold=838.02790760993969 6.0500000000000007 37.93373095989228 25.500000000000004 220.67688810825351 1485.2769974470141 -286.91039746999735 0.26500600240096045 0.96580946814728241 0.93867212142873668 7251.3788547515878 -0.26524046195141732 -66.308996438980088 -31.139643192291256
decision_type=2 10 8 2 10 10 8 10 8 10 8 10 10 10
left_child=1 -1 4 6 5 11 -4 8 9 10 -8 12 -3 -13
right_child=-2 2 3 -5 -6 -7 7 -9 -10 -11 -12 13 -14 -15
leaf_value=0.077437942194854087 -0.25848919258261444 0.23606411751090686 -0.15095273919549446 -0.092118453364112243 -0.78422122012774098 -0.27741460530237605 1.0553403542684268 -0.016860841871248609 -0.091106872838244132 0.035414555726333993 0.18675142405422973 -0.26789928803123514 -0.21832307850646754 0.039778361328890809
leaf_weight=1465 119 98 63 205 83 57 110 300 61 136 228 465 66 371
leaf_count=1465 119 98 63 205 83 57 110 300 61 136 228 465 66 371
internal_value=0.000431034 0.000727959 -0.000574866 0.00160326 -0.00268186 -0.0018431 0.00313682 0.00398325 0.00677239 0.00846316 0.0111504 -0.00107892 0.00545455 -0.00236559
internal_weight=3827 3708 2243 1103 1140 1057 898 835 535 474 338 1000 164 836
internal_count=3827 3708 2243 1103 1140 1057 898 835 535 474 338 1000 164 836
is_linear=0
shrinkage=0.03


Tree=179
num_leaves=15
num_cat=0
split_feature=8 57 62 83 30 37 67 16 23 7 8 33 8 20
split_gain=12.5958 13.0854 9.94325 8.90197 9.10172 20.0764 12.1168 12.0644 13.8393 13.2512 12.7184 12.9062 12.2775 12.9363
threshold=6.0885345621350027 6.5000000000000009 -0.15750192461484605 -359.24796485900873 22.250000000000004 1309.8384729594197 714.9628298099226 47.500000000000007 12.859807610511782 3684.8942810936355 3.7184856092209198 15.094733796296298 4.1116967280546719 837.52777552604687
decision_type=8 8 8 8 10 8 10 2 10 8 10 8 10 8
left_child=3 -2 -3 -1 6 -6 7 8 9 12 -10 -12 13 -5
right_child=1 2 -4 4 5 -7 -8 -9 10 -11 11 -13 -14 -15
leaf_value=-0.47301382849663415 0.48574807922224733 -0.34025822043768866 0.028539380927176328 0.075114803929008642 -0.68850456835089957 -0.0090853201644694077 0.98648830063478898 0.45893965119001856 -0.46061436880800755 -0.30353760016323533 0.37067293421767933 -0.11475462925502439 0.17728561748915395 -0.086022118710177523
leaf_weight=63 202 45 245 591 167 747 44 46 176 137 61 70 497 683
leaf_count=63 202 45 245 591 167 747 44 46 176 137 61 70 497 683
internal_value=3.17881e-05 0.00450304 0.000412371 -0.000639659 -0.000419255 -0.00295082 0.000585429 0.000278515 -4.06137e-05 0.000911472 -0.00594156 0.00113636 0.00160835 4.70588e-05
internal_weight=3774 492 290 3282 3219 914 2305 2261 2215 1908 307 131 1771 1274
internal_count=3774 492 290 3282 3219 914 2305 2261 2215 1908 307 131 1771 1274
is_linear=0
shrinkage=0.03


Tree=180
num_leaves=15
num_cat=0
split_feature=0 67 17 81 77 84 17 34 34 81 60 4 67 77
split_gain=9.85707 19.9562 12.9059 11.9131 11.2159 15.4483 13.2479 13.8397 11.8616 10.6872 11.3389 10.9677 13.5022 12.4267
threshold=56.500000000000007 242.85366642475134 5.0000000000000009 3259.223057866097 -244.4408195018768 -7.4207499821980791 35.000000000000007 0.16774891774891779 0.95119047619047625 26965.108477473263 713.92004549503338 8.5000000000000018 -239.93171453448676 -40.959725677967064
decision_type=2 10 2 8 10 8 2 8 8 10 10 2 8 8
left_child=1 3 -2 -1 6 8 -4 -8 -6 10 11 12 -5 -14
right_child=2 -3 4 9 5 -7 7 -9 -10 -11 -12 -13 13 -15
leaf_value=0.32510863904927251 -0.91591796521090785 -0.56772181577389169 0.2186909511400745 -1.6385724145346496 -0.024580260702187502 0.40052645404204495 0.11074459219010026 -0.68963289487362001 0.70006821066301683 -0.41488192972749888 0.65143556893351795 0.062468466607807881 -0.14049473158514225 0.024503701421260592
leaf_weight=125 57 58 217 47 416 667 44 135 41 62 53 521 855 578
leaf_count=125 57 58 217 47 416 667 44 135 41 62 53 521 855 578
internal_value=0.000170235 -0.00108261 0.0019962 -0.000628903 0.00252465 0.00405333 -0.0018136 -0.00783333 -0.000196507 -0.00116202 -0.000788321 -0.00115385 -0.0024713 -0.00194561
internal_weight=3876 2299 1577 2241 1520 1124 396 179 457 2116 2054 2001 1480 1433
internal_count=3876 2299 1577 2241 1520 1124 396 179 457 2116 2054 2001 1480 1433
is_linear=0
shrinkage=0.03


Tree=181
num_leaves=15
num_cat=0
split_feature=41 29 6 3 3 56 66 79 67 79 82 4 48 72
split_gain=10.9452 18.0397 12.1647 11.9066 12.9164 11.4042 10.218 10.1429 12.6077 11.4103 13.7291 12.255 10.4078 9.8479
threshold=-70.736657738685594 0.87087712939470829 690.00000000000011 9.1250000000000018 10.375000000000002 379.69196009635931 -233.05180442333219 9.6248274839675787 -64.778188666088141 16.466792425830231 -65.325080136458055 4.5000000000000009 296.78374520937604 28.896055221557621
decision_type=8 10 8 2 2 10 8 10 8 10 10 2 10 10
left_child=1 -1 -2 -3 -5 7 -6 8 -4 10 -9 -12 -10 -11
right_child=2 3 5 4 6 -7 -8 9 12 13 11 -13 -14 -15
leaf_value=-0.59693304074710207 0.035553561427030082 1.561629523906217 -0.7148050225701934 -0.52955608426268608 -0.32455181657353527 -0.42741828068820914 0.3045935313155369 -0.69821070479714731 -0.13034179140759067 -0.087788088919190294 0.44801223805725621 0.11846475342370194 0.3062770801895684 0.41140634479531318
leaf_weight=126 1157 56 61 40 80 52 349 50 912 468 62 323 56 60
leaf_count=126 1157 56 61 40 80 52 349 50 912 468 62 323 56 60
internal_value=0 0.00354294 -0.000721424 0.00598859 0.00440426 -0.00211247 0.00593023 -0.00174611 -0.00381553 0.000466805 0.00405963 0.00598446 -0.00297214 -0.00249527
internal_weight=3852 651 3201 525 469 2044 429 1992 1029 963 435 385 968 528
internal_count=3852 651 3201 525 469 2044 429 1992 1029 963 435 385 968 528
is_linear=0
shrinkage=0.03


Tree=182
num_leaves=15
num_cat=0
split_feature=53 3 60 31 77 61 41 79 26 76 4 0 76 27
split_gain=9.35658 20.0564 14.5048 11.9377 11.2537 13.3374 11.0705 10.6674 14.3942 15.6929 14.1766 14.1174 12.2454 12.355
threshold=10.500000000000002 16.708333333343038 258.24649238586431 24.805555555555561 121.64101433753969 0.031178678979795406 216.2736123800278 7.8591503867123143 123.50000000000001 280.03755438327795 6.5000000000000009 192.50000000000003 146.78363847732547 0.8818539727988548
decision_type=10 2 10 10 10 10 10 10 2 8 2 2 8 10
left_child=4 2 -2 6 7 -6 -3 8 11 -10 -11 -1 -9 -14
right_child=1 3 -4 -5 5 -7 -8 12 9 10 -12 -13 13 -15
leaf_value=-0.17497962852452842 0.028700366950477372 0.14206452324747554 -0.74600294331086392 -0.050631153535430538 -0.0055939348448233155 -1.0588520375275725 1.1955071666688395 -0.61880758298502081 1.5705251458798686 -0.70540134277832267 0.23319263527103001 0.29044426434442383 -0.054010429142729334 0.10946796601405631
leaf_weight=857 278 118 85 40 63 40 79 50 57 97 262 75 432 1196
leaf_count=857 278 118 85 40 63 40 79 50 57 97 262 75 432 1196
internal_value=0.000265416 0.00369384 -0.000741758 0.0104622 -0.000392971 -0.0100962 0.0134848 -5.94648e-05 -0.00204596 0.00258993 0.00025 -0.00411576 0.00153663 0.00198895
internal_weight=3729 600 363 237 3129 103 197 3026 1348 416 359 932 1678 1628
internal_count=3729 600 363 237 3129 103 197 3026 1348 416 359 932 1678 1628
is_linear=0
shrinkage=0.03


Tree=183
num_leaves=15
num_cat=0
split_feature=7 77 3 79 48 63 16 34 53 77 80 42 1 84
split_gain=12.2064 14.6645 10.803 10.5525 13.5926 11.3764 8.67629 15.6508 23.9407 14.5252 15.9997 18.1391 14.2722 14.8052
threshold=5020.6436175082208 -62.583481609821312 9.7916666666569672 275.37175887992549 39.47003102302552 369.84534239432026 12.500000000000002 0.69098143236074283 5.5000000000000009 -243.40340566635129 -87.238682150840745 45.825402855873115 775.93281006813061 -114.66653823852538
decision_type=10 10 2 10 10 8 2 10 8 8 10 10 2 8
left_child=3 -2 -3 6 -5 -6 7 8 -1 10 -8 -12 13 -10
right_child=1 2 -4 4 5 -7 9 -9 12 -11 11 -13 -14 -15
leaf_value=-1.2337072703912921 0.64201537615153492 -0.12902667879639831 0.60905474686917083 -0.66859764927683407 0.15931659658972519 -0.17442875352270371 -0.67571484044282981 0.94874711863163164 -0.37656788709577754 -0.0058058340222945934 0.13038830733594986 -0.68970754695670622 -1.2004205027221606 0.091409001059053571
leaf_weight=70 91 58 60 64 54 68 91 95 107 1742 116 68 54 1084
leaf_count=70 91 58 60 64 54 68 91 95 107 1742 116 68 54 1084
internal_value=-3.1389e-05 0.007 0 -0.000439956 -0.00737968 -0.00146341 -6.12602e-05 0.00174344 0.000889058 -0.00132309 -0.00771739 -0.00259459 0.00185393 0.00254195
internal_weight=3822 209 118 3613 186 122 3427 1410 1315 2017 275 184 1245 1191
internal_count=3822 209 118 3613 186 122 3427 1410 1315 2017 275 184 1245 1191
is_linear=0
shrinkage=0.03


Tree=184
num_leaves=15
num_cat=0
split_feature=28 28 80 68 64 75 85 84 62 34 31 39 48 57
split_gain=14.0344 10.075 23.1268 16.7231 20.4623 19.6434 11.6069 10.9317 13.7138 12.5663 12.4691 10.6876 16.7744 12.2213
threshold=491.50000000000006 217.50000000000003 -101.50122702121733 0.14899983512395029 3.7825058993032372 451.06170642375952 176.55637625853225 -1.0000000180025095e-35 -0.17479823094352057 0.39694211017740433 2.0930555555555563 2345.9196444808044 -44.762522776921585 7.5000000000000009
decision_type=2 2 8 10 8 8 10 8 8 8 10 10 10 10
left_child=1 3 -3 4 -1 -5 -7 8 -4 -10 -11 12 -9 -14
right_child=-2 2 7 5 -6 6 -8 11 9 10 -12 -13 13 -15
leaf_value=-0.51756685348588849 -0.8794754289018647 0.60273671360300585 0.45788938223589531 -0.44594505095998671 -0.013985854437511528 0.18681115622566083 1.049260971323775 -0.048556573311313043 -0.57910237863571645 -0.4723377232849833 0.42655109252946211 -0.016479086139268587 0.069669543361489755 0.89114845873363058
leaf_weight=146 45 123 56 65 1868 229 55 143 231 40 54 393 121 230
leaf_count=146 45 123 56 65 1868 229 55 143 231 40 54 393 121 230
internal_value=0.000165789 0.00036751 0.00239224 -0.000824873 -0.00187593 0.00522857 0.00863158 0.00118203 -0.00306283 -0.00542945 0.00378947 0.00300676 0.00593939 0.00946023
internal_weight=3799 3754 1391 2363 2014 349 284 1268 381 325 94 887 494 351
internal_count=3799 3754 1391 2363 2014 349 284 1268 381 325 94 887 494 351
is_linear=0
shrinkage=0.03


Tree=185
num_leaves=15
num_cat=0
split_feature=28 6 50 48 64 79 4 74 0 26 48 48 74 77
split_gain=17.5999 10.3731 8.77899 9.62604 9.6052 8.12634 9.30501 9.4426 10.7298 15.3798 9.89684 9.30375 8.95964 11.8857
threshold=485.00000000000006 690.00000000000011 2040.9165353775027 225.69090763727829 4.6564247576460636 9.3683929876155414 7.5000000000000009 1941.9917449914931 103.50000000000001 112.50000000000001 -26.161198298136391 279.32030093669897 1419.5963253910197 -284.6308929920196
decision_type=2 8 10 10 8 10 2 8 2 2 10 10 8 8
left_child=1 2 3 -1 -5 6 -3 -8 10 -10 -9 12 13 -7
right_child=-2 5 -4 4 -6 11 7 8 9 -11 -12 -13 -14 -15
leaf_value=0.049319033372304942 -0.94107305419563481 -0.1291008089566649 -0.28773339766310874 -0.0052636137635052194 0.85972568936698734 -0.64691155436021341 0.77651686727289182 0.038304800170860361 1.1897675195741886 -0.42841052216867326 -0.30921445984381257 -0.371584862972834 -0.0043716232707212265 0.20247203597403898
leaf_weight=1231 54 597 41 40 69 40 95 142 61 53 230 88 673 420
leaf_count=1231 54 597 41 40 69 40 95 142 61 53 230 88 673 420
internal_value=0.000485007 0.000729966 0.00280029 0.00322148 0.0117273 -0.0004625 -0.00223919 0.000463918 -0.00123203 0.00678261 -0.00369973 0.00125205 0.00198413 0.00520607
internal_weight=3834 3780 1381 1340 109 2399 1178 581 486 114 372 1221 1133 460
internal_count=3834 3780 1381 1340 109 2399 1178 581 486 114 372 1221 1133 460
is_linear=0
shrinkage=0.03


Tree=186
num_leaves=15
num_cat=0
split_feature=31 32 59 37 35 4 31 54 29 64 22 77 36 41
split_gain=9.01638 12.313 11.9094 13.4709 12.6941 10.4972 11.3087 10.5884 10.58 12.1853 10.7257 10.1193 12.5157 11.1098
threshold=18.011111111111116 0.09449404761904763 14.273298859596254 1357.4591758310996 21.202013888888896 6.5000000000000009 10.583974358974361 750.00000000000011 0.89075749010740546 3.7163219369307181 3.9213792085647587 306.13608062267309 0.10507913139492088 162.47895896434787
decision_type=10 8 10 8 10 2 10 8 10 10 2 8 10 10
left_child=1 -1 3 -2 -5 6 7 -3 -8 10 -10 12 -6 -14
right_child=2 5 -4 4 11 -7 8 -9 9 -11 -12 -13 13 -15
leaf_value=0.26485460566606034 -0.51144971491533509 0.6061402541125992 -0.38634771619544045 0.35889298690513322 0.029146075592524412 0.048136190051349961 -0.85090463708896691 -0.011348307453274736 -0.91069420594693229 0.19418182325942607 -0.0070510156097381583 0.37696405091397439 -0.10354343401264035 -0.81819580454781737
leaf_weight=155 68 40 396 218 99 1807 75 576 61 61 65 51 72 65
leaf_count=155 68 40 396 218 99 1807 75 576 61 61 65 51 72 65
internal_value=-7.87402e-06 0.000844773 -0.00250515 0.000261324 0.00195652 0.000368578 -0.00232082 -9.72447e-05 -0.00752852 -0.00367021 -0.00897638 -0.0021875 -0.00481013 -0.0106522
internal_weight=3809 2840 969 573 505 2685 878 616 262 187 126 287 236 137
internal_count=3809 2840 969 573 505 2685 878 616 262 187 126 287 236 137
is_linear=0
shrinkage=0.03


Tree=187
num_leaves=15
num_cat=0
split_feature=4 29 29 77 26 0 40 3 41 74 79 34 65 69
split_gain=10.5609 15.6988 12.9861 15.8461 13.1333 11.4488 14.8668 16.0303 13.5179 13.0806 12.5224 11.8237 11.3278 13.6608
threshold=8.5000000000000018 0.94651306089214604 0.92502927400468404 -144.67806553840634 69.500000000000014 -33.499999999999993 43.884955955166269 12.625000000000002 -129.9109020233154 35.316935430320484 11.520316038291293 0.18677325581395351 0.91611455720462287 413.48453026472936
decision_type=2 10 10 8 2 2 10 2 8 10 10 8 8 10
left_child=5 2 4 -4 -2 6 9 -8 -7 -1 11 -10 -12 -14
right_child=1 -3 3 -5 -6 8 7 -9 10 -11 12 -13 13 -15
leaf_value=-0.043042516070035251 0.2772311053041111 -0.30819428804536803 -0.064317845594177775 1.7262743664334348 0.016695668085197391 0.83916250694958594 0.010701083717288461 -0.78740047613963549 0.044789025621570611 0.42448126172099959 0.66342955285403005 -0.088066617388814161 0.031396347729605652 -0.68752388642422724
leaf_weight=136 68 152 53 117 506 42 141 253 358 45 123 1047 779 47
leaf_count=136 68 152 53 117 506 42 141 253 358 45 123 1047 779 47
internal_value=2.32678e-05 0.00287625 0.00467114 0.0119298 0.00250435 -0.00083782 -0.00463542 -0.00789873 7.50939e-05 0.00247253 -0.000229299 -0.00202703 0.00243158 0.00116082
internal_weight=3867 896 744 170 574 2971 575 394 2396 181 2354 1405 949 826
internal_count=3867 896 744 170 574 2971 575 394 2396 181 2354 1405 949 826
is_linear=0
shrinkage=0.03


Tree=188
num_leaves=15
num_cat=0
split_feature=28 14 14 64 29 28 15 50 67 77 38 25 7 41
split_gain=8.87861 8.34587 16.0336 10.5136 10.4023 12.4406 9.61997 13.142 7.83946 8.1152 12.3127 13.4695 16.6002 9.93613
threshold=491.50000000000006 360.21335510520356 372.16899721145455 3.6835287751673564 0.91056453326334486 167.50000000000003 38.500000000000007 60.916535377502449 438.78170242905622 -60.501989483833306 416.17213205907166 0.92740447957839278 2986.0505432334871 282.1090220212937
decision_type=2 10 10 8 10 2 2 8 10 10 10 10 10 10
left_child=1 8 -3 4 -4 -6 -5 -8 9 13 -11 12 -12 -1
right_child=-2 2 3 6 5 -7 7 -9 -10 10 11 -13 -14 -15
leaf_value=-0.036444505961436488 -0.85703166605031722 0.48975051816289933 -0.65362582074976339 0.020826868708991371 0.35178392390499968 -0.51735374509024057 0.76567071329723635 -0.025392117523939588 0.62200967332058699 -0.36422796949945796 0.41200929671550707 0.47520800440260214 -0.98180655135484018 -0.62390684366753135
leaf_weight=1393 44 95 69 1465 42 80 68 44 70 42 91 132 75 89
leaf_count=1393 44 95 69 1465 42 80 68 44 70 42 91 132 75 89
internal_value=-8.68421e-05 7.1885e-05 0.00149678 0.000847937 -0.00578125 -0.000487805 0.00165399 0.0100885 -0.00133122 -0.00171146 0.00246334 0.00461538 -0.00107784 -0.00267026
internal_weight=3799 3755 1863 1768 191 122 1577 112 1892 1822 340 298 166 1482
internal_count=3799 3755 1863 1768 191 122 1577 112 1892 1822 340 298 166 1482
is_linear=0
shrinkage=0.03


Tree=189
num_leaves=15
num_cat=0
split_feature=1 14 14 4 14 53 26 68 40 77 77 83 27 83
split_gain=7.34461 9.2451 9.10087 15.544 12.6858 14.1877 11.8135 13.1587 10.8729 10.5644 10.0727 12.5511 11.3841 12.5803
threshold=666.52870881557476 803.86820059012734 460.7434080897375 6.5000000000000009 360.21335510520356 7.5000000000000009 123.50000000000001 0.14418482396085047 34.185151541276149 -50.444788813590996 -241.54876583814618 -81.240652084350572 0.90251821349382333 -77.491367459297166
decision_type=2 10 10 2 8 10 2 10 10 8 10 10 10 10
left_child=1 2 4 -4 8 -6 7 -5 9 -1 12 -12 13 -10
right_child=-2 -3 3 6 5 -7 -8 -9 10 -11 11 -13 -14 -15
leaf_value=0.019729919498486195 -0.042271243737529295 0.18976253563616213 -0.31829888196648359 -0.18778190737317729 -0.0026744143943282237 0.4357588647912059 0.77692885921660282 0.58130963941931457 -0.043598361232131705 0.80790044038075925 0.1213049944969196 -0.085679041231279313 -0.31664598927684556 0.59173601930634845
leaf_weight=91 1382 124 139 226 214 263 108 43 117 58 343 449 235 69
leaf_count=91 1382 124 139 226 214 263 108 43 117 58 343 449 235 69
internal_value=-0.000287416 0.000689516 0.000267402 -0.00324952 0.00125543 0.00546025 -7.93651e-05 -0.00344444 -0.000220103 0.0074 -0.00116145 0.000832282 -0.00490521 0.000641711
internal_weight=3861 2479 2355 516 1839 477 377 269 1362 149 1213 792 421 186
internal_count=3861 2479 2355 516 1839 477 377 269 1362 149 1213 792 421 186
is_linear=0
shrinkage=0.03


Tree=190
num_leaves=15
num_cat=0
split_feature=28 6 40 81 3 38 30 8 69 23 59 41 28 8
split_gain=11.7 8.96525 12.7805 11.2294 19.983 13.5474 12.0087 11.798 11.3421 9.51456 9.15734 14.3289 8.74105 9.69221
threshold=491.50000000000006 690.00000000000011 63.940077251818288 3435.8629423379903 11.375000000000002 2669.9902851373113 25.950000000000003 3.7401529001659646 28.524557146199623 9.1025601625442523 151.37168741226199 -137.87410676479337 418.50000000000006 6.4334458331929634
decision_type=2 10 10 10 2 8 10 10 8 10 8 10 2 10
left_child=1 2 -1 4 5 7 8 -4 -5 -10 11 -3 13 -13
right_child=-2 10 3 6 -6 -7 -8 -9 9 -11 -12 12 -14 -15
leaf_value=0.36761796145753284 -0.82653091001374002 0.86225426342455458 -0.84036106093001972 -0.091114596001056827 0.55774327530133183 0.15306739595600005 -0.41829673547012164 -0.013801367994429761 0.0055673695433094391 0.2700304701610714 0.044551225845398973 -0.048048946035248737 -0.22989662529459765 0.1203927959500746
leaf_weight=168 50 42 48 289 144 229 177 88 215 115 476 1602 85 118
leaf_count=168 50 42 48 289 144 229 177 88 215 115 476 1602 85 118
internal_value=0.000155966 0.000347643 0.00217775 0.00117152 0.00464706 0.000901639 -0.00105395 -0.00656934 0.000919355 0.00471299 -0.000813253 -0.00176948 -0.00217608 -0.00170831
internal_weight=3846 3796 1473 1305 509 365 796 136 619 330 2323 1847 1805 1720
internal_count=3846 3796 1473 1305 509 365 796 136 619 330 2323 1847 1805 1720
is_linear=0
shrinkage=0.03


Tree=191
num_leaves=15
num_cat=0
split_feature=50 50 17 17 77 8 57 80 67 22 67 15 85 83
split_gain=9.53751 11.2837 11.3017 15.6714 18.0321 18.4009 15.0419 14.5562 13.8557 12.4269 12.056 13.0773 11.436 11.2876
threshold=1543.0117584466936 711.43417131900799 35.000000000000007 5.0000000000000009 115.06792348623277 5.8923942482609677 7.5000000000000009 67.693006038665786 177.59835775065849 14.128551363945009 147.79942305598942 9.5000000000000018 13.517310698827108 71.046202778816237
decision_type=10 10 2 2 10 10 8 10 8 2 10 2 8 10
left_child=1 2 3 -1 5 6 10 -8 -9 -4 11 12 -5 -10
right_child=-2 -3 9 4 -6 -7 7 8 13 -11 -12 -13 -14 -15
leaf_value=-0.82819960012359883 -0.088092053438152559 0.083069477204096603 -0.039499575418446682 0.32265876657373882 -0.51585747938442594 1.2487218759643672 0.046113770308811954 -0.0014340945869622777 2.1061255891929744 -0.61438021219546168 0.67931955536818289 -0.57351687041863075 -0.13574899251940278 1.0004174234121397
leaf_weight=82 283 198 1696 102 92 109 488 55 66 57 130 187 204 60
leaf_count=82 283 198 1696 102 92 109 488 55 66 57 130 187 204 60
internal_value=-0.000732283 -0.000306209 -0.000720937 0.0011231 0.00182731 0.00267475 0.00167053 0.00479104 0.012033 -0.00237742 -0.00168269 -0.00382591 0 0.0174803
internal_weight=3809 3526 3328 1575 1493 1401 1292 669 181 1753 623 493 306 126
internal_count=3809 3526 3328 1575 1493 1401 1292 669 181 1753 623 493 306 126
is_linear=0
shrinkage=0.03


Tree=192
num_leaves=15
num_cat=0
split_feature=16 68 62 77 36 8 83 26 41 61 81 36 16 77
split_gain=9.86246 12.6807 11.6038 14.6876 16.8399 12.2469 10.3861 10.9118 11.7955 10.3292 11.1898 13.3345 11.1961 9.91276
threshold=14.500000000000002 0.18149750379128432 -0.11362107349295415 -87.414005398750291 0.23473361504681417 4.0355830278074407 -55.942715644836419 62.500000000000007 116.81552624702455 0.013577608716249542 4536.5667403936395 0.24015503875968994 1.5000000000000002 -188.25127220153806
decision_type=2 8 8 10 8 10 8 2 8 8 8 10 2 10
left_child=1 9 3 4 -2 -5 -3 8 -8 -1 -11 12 -12 -13
right_child=2 6 -4 5 -6 -7 7 -9 -10 10 11 13 -14 -15
leaf_value=0.23109468039342659 -0.40981967304509986 -0.039260021706185762 -0.052484802043860829 2.7685362950115624 0.17773141229991579 0.11424380764362865 -0.26821189948401714 0.56719968454808667 0.053664797758832906 0.17769897037631871 -0.44961783132762251 -0.0092325611007257682 0.027231602457094401 -0.67712976109926226
leaf_weight=190 109 88 1674 40 110 40 48 271 48 324 109 115 466 217
leaf_count=190 109 88 1674 40 110 40 48 271 48 324 109 115 466 217
internal_value=-5.45455e-05 0.0015024 -0.00153495 0.0039 -0.000136364 0.0148148 0.00585526 0.00807065 -0.000618557 0.000105485 -0.000900974 -0.00261013 0.00015625 -0.00738739
internal_weight=3849 1876 1973 299 219 80 455 367 96 1421 1231 907 575 332
internal_count=3849 1876 1973 299 219 80 455 367 96 1421 1231 907 575 332
is_linear=0
shrinkage=0.03


Tree=193
num_leaves=15
num_cat=0
split_feature=3 16 5 17 0 3 39 8 36 33 3 60 16 39
split_gain=8.3669 8.7613 9.47174 10.6875 15.1004 12.0741 11.6787 11.8654 16.0476 15.4005 12.5516 11.0986 10.5426 12.7171
threshold=23.541666666656969 50.500000000000007 64.067189931869521 3.5000000000000004 389.50000000000006 5.4583333333430355 2396.2808199483848 5.4029275616594861 0.25087412587412594 14.565349264705885 9.2083333333430364 -72.315112233161912 33.500000000000007 958.21697980528631
decision_type=2 2 10 2 2 2 10 8 8 10 2 10 2 10
left_child=1 2 3 -1 5 -5 12 8 -8 -9 -11 -12 -7 -14
right_child=-2 -3 -4 4 -6 6 7 9 -10 10 11 -13 13 -15
leaf_value=-1.1719602995602396 -0.43254259544900747 0.050423039947676211 -0.029025721327098779 -0.039655205344770544 3.3237197474258715 0.20964447971781874 0.037996581023116094 0.51508647733342161 -0.32144926621870185 0.45443309665489751 -0.58924754363576792 0.0064740192179329574 0.081436857052703718 -0.60451767049314054
leaf_weight=67 71 95 1195 192 42 1088 243 116 300 57 57 137 86 43
leaf_count=67 71 95 1195 192 42 1088 243 116 300 57 57 137 86 43
internal_value=0.000546174 0.000742135 0.000504967 0.0015809 0.00191787 0.00159052 0.00224154 -0.000329308 -0.00314338 0.00383152 -0.000357143 -0.004 0.00416256 -0.00392308
internal_weight=3789 3718 3623 2428 2361 2319 2127 910 543 367 251 194 1217 129
internal_count=3789 3718 3623 2428 2361 2319 2127 910 543 367 251 194 1217 129
is_linear=0
shrinkage=0.03


Tree=194
num_leaves=15
num_cat=0
split_feature=0 3 68 7 26 30 41 81 77 81 56 28 77 48
split_gain=13.1533 9.56387 16.5439 11.748 10.9858 8.97037 8.66313 8.15475 25.5768 22.9819 18.6416 16.6027 16.167 15.5347
threshold=401.50000000000006 6.0416666666569663 -0.087830874633507819 5046.7826956723011 81.500000000000014 48.150000000000013 151.46789789199832 4536.5667403936395 -194.18244999647138 4282.5274147987375 85.04449586073558 174.50000000000003 56.630896806716926 -146.63568774859107
decision_type=2 2 8 8 2 10 8 10 10 10 10 2 10 10
left_child=1 2 -1 7 -4 -6 -5 9 10 12 11 -9 13 -3
right_child=-2 3 4 6 5 -7 -8 8 -10 -11 -12 -13 -14 -15
leaf_value=0.35274753670915104 0.77808535977430116 -0.84945919902414202 -0.0031413429814016757 0.62189901616049192 -0.36220202929639728 0.032637469120364672 0.012683458892650207 0.68360174260655426 -0.17680303678794779 0.77155779968519034 -0.31104372053834084 0.073858387503920167 0.93766865129285115 0.0063434271075196455
leaf_weight=75 75 50 150 78 177 45 79 123 1127 96 132 261 54 1402
leaf_count=75 75 50 150 78 177 45 79 123 1127 96 132 261 54 1402
internal_value=-0.000122293 -0.000366234 -0.00448661 0.000176315 -0.00707775 -0.0113004 0.00816456 -0.000212569 -0.00169708 0.00131004 0.00382979 0.00716883 0.000398142 -0.000206469
internal_weight=3924 3849 447 3402 372 222 157 3245 1643 1602 516 384 1506 1452
internal_count=3924 3849 447 3402 372 222 157 3245 1643 1602 516 384 1506 1452
is_linear=0
shrinkage=0.03


Tree=195
num_leaves=15
num_cat=0
split_feature=70 28 40 23 80 70 60 79 79 73 28 77 35 4
split_gain=9.3406 12.8471 18.0346 13.103 19.3272 12.3251 12.9124 12.6939 12.557 11.8663 13.3097 14.6471 11.8701 11.7646
threshold=0.91287878787878796 204.50000000000003 1256.756713885947 2.075762271881104 -101.50122702121733 0.10555555555555557 -107.04284620285033 396.46469057803557 10.724888020592759 8.8526407480239886 155.50000000000003 -1.0000000180025095e-35 11.902608401084013 5.5000000000000009
decision_type=10 2 10 10 8 8 8 10 10 10 2 8 10 2
left_child=5 2 9 13 -5 -1 -7 8 -8 10 11 -2 -11 -3
right_child=1 3 -4 4 -6 6 7 -9 -10 12 -12 -13 -14 -15
leaf_value=-0.039443196354546989 -0.25833205383489127 -0.20627502559219829 0.1950067195895441 0.51220338882422034 -0.079875515558966645 -1.2348558038842048 0.026401300993079135 -0.27665682445855061 0.25114908628666982 -0.29656984498930511 -0.39437070433942528 0.72417159018532085 0.068120364809936829 0.19153315038316066
leaf_weight=233 124 71 80 91 788 41 648 82 437 67 584 45 147 351
leaf_count=233 124 71 80 91 788 41 648 82 437 67 584 45 147 351
internal_value=-0.000340369 -0.00150702 -0.00397901 0.000483871 -0.00160227 0.00156033 0.00277916 0.00336473 0.00422652 -0.00511364 -0.00688329 0.000529412 0.00111628 0.0048227
internal_weight=3789 2348 1047 1301 879 1441 1208 1167 1085 967 753 169 214 422
internal_count=3789 2348 1047 1301 879 1441 1208 1167 1085 967 753 169 214 422
is_linear=0
shrinkage=0.03


Tree=196
num_leaves=15
num_cat=0
split_feature=37 69 4 70 16 64 34 37 85 14 81 64 68 59
split_gain=8.92601 9.77994 8.6832 7.97306 10.3582 13.5885 12.9659 14.5604 14.3795 14.0152 13.4806 12.973 17.0954 14.899
threshold=2528.1613883500154 -286.81615183647085 4.5000000000000009 0.91987179487179505 1.0000000180025095e-35 5.9516907258829859 0.21767001114827203 1623.8469968243087 -247.79132628440854 370.78215971817662 1587.2678377628329 4.1086542204485008 0.16354196749068159 27.413296341896061
decision_type=10 8 2 10 2 8 8 8 10 10 10 8 8 10
left_child=1 -1 -2 -3 5 -5 11 8 9 -8 -10 12 -6 -13
right_child=2 3 -4 4 6 -7 7 -9 10 -11 -12 13 -14 -15
leaf_value=0.29214517514912497 0.22657670845432981 0.022917193864628597 0.032887774114365532 -0.0037016155700950824 -0.33164542855156737 -1.4248579387803439 0.37041226033373897 -0.35810765635975728 1.037959183176836 -0.3126854697674416 -0.21038987690132011 0.38270245697272398 0.36591122859549963 -0.0018939777036142403
leaf_weight=149 51 1338 188 49 175 42 184 217 40 84 737 264 40 293
leaf_count=149 51 1338 188 49 175 42 184 217 40 84 737 264 40 293
internal_value=0.000272586 -9.96402e-05 0.005875 -0.000424365 -0.00156632 -0.011413 -0.00112039 -0.00299287 -0.00152008 0.00446097 -0.00358612 0.00194049 -0.00430556 0.00435484
internal_weight=3851 3612 239 3463 2125 91 2034 1262 1045 268 777 772 215 557
internal_count=3851 3612 239 3463 2125 91 2034 1262 1045 268 777 772 215 557
is_linear=0
shrinkage=0.03


Tree=197
num_leaves=15
num_cat=0
split_feature=42 67 28 26 36 16 76 27 65 39 60 83 77 28
split_gain=8.76315 7.80979 7.47288 8.65459 15.6239 14.9747 16.9369 13.4208 14.9415 9.80889 12.9387 9.59566 9.42587 11.9726
threshold=-257.1919234991073 758.43548120771152 485.00000000000006 140.50000000000003 0.37271518777002333 9.5000000000000018 492.3400679826737 0.9260311447811449 1.0226829658358534 3776.131218143923 194.28029918670657 -99.844379067420945 -145.85363817214963 168.50000000000003
decision_type=8 10 2 2 10 2 8 10 8 10 8 10 10 2
left_child=-1 2 3 12 5 9 -7 -8 -9 11 -11 -5 13 -2
right_child=1 -3 -4 4 -6 6 7 8 -10 10 -12 -13 -14 -15
leaf_value=2.0256437824396101 0.08536099194173713 0.83346322576571219 -0.58627286443236692 0.0016068636831653293 -0.99189408860052586 1.7660054053912895 -0.042960842907994165 0.090745929947899595 1.5600112794064549 -0.14148863477577006 0.95479918092116944 -0.70110010579649573 -0.046924606977562851 -0.021506716782633131
leaf_weight=44 687 74 57 69 40 83 125 65 52 68 50 54 1354 994
leaf_count=44 687 74 57 69 40 83 125 65 52 68 50 54 1354 994
internal_value=0.000172911 1.59025e-05 -0.000178427 -8.23723e-06 0.00326194 0.00455026 0.00874233 0.00469136 0.0119492 -0.0011157 0.00504202 -0.00701613 -0.000662055 0.000838288
internal_weight=3816 3772 3698 3641 606 566 325 242 117 241 118 123 3035 1681
internal_count=3816 3772 3698 3641 606 566 325 242 117 241 118 123 3035 1681
is_linear=0
shrinkage=0.03


Tree=198
num_leaves=15
num_cat=0
split_feature=28 35 71 16 56 71 26 76 81 82 3 3 5 16
split_gain=12.2006 10.1485 14.3561 14.6518 19.1606 15.9409 12.8593 15.7874 12.2229 20.9476 14.1709 20.6446 11.1834 9.78401
threshold=497.50000000000006 16.505508306962032 13.500000000000002 26.500000000000004 222.64724798997244 6.5000000000000009 133.50000000000003 262.97723114490515 18475.278392434124 -154.71361529827115 21.041666666656969 23.125000000000004 112.45454621315004 6.5000000000000009
decision_type=2 10 10 2 8 10 2 10 10 8 2 2 10 2
left_child=1 8 3 4 5 -3 7 -4 9 -1 -11 -12 -7 -8
right_child=-2 2 6 -5 -6 12 13 -9 -10 10 11 -13 -14 -15
leaf_value=0.54095386695196723 -0.79356307198276221 1.3375411040267469 0.00078605480715026482 -0.57593500300200773 0.2142944207647289 -0.0047834711381825809 0.0057218426310213745 0.67453368536662872 -0.41006186101639802 -0.020108971937418226 1.4128276778639923 -0.19693864440635372 -0.32018320434948944 1.2520410099726198
leaf_weight=72 40 50 277 76 70 376 53 40 113 2309 118 56 72 111
leaf_count=72 40 50 277 76 70 376 53 40 113 2309 118 56 72 111
internal_value=0.000179969 0.000355825 0.00274423 -0.000186047 0.00147627 -0.000601202 0.00665975 0.00311321 -0.00065193 -0.000223005 -0.000688406 0.00754286 -0.00240535 0.0134545
internal_weight=3833 3793 1125 644 568 498 481 317 2668 2555 2483 174 448 164
internal_count=3833 3793 1125 644 568 498 481 317 2668 2555 2483 174 448 164
is_linear=0
shrinkage=0.03


Tree=199
num_leaves=15
num_cat=0
split_feature=67 1 3 68 42 38 51 39 68 77 7 80 3 16
split_gain=11.1285 9.51262 10.0778 18.7303 11.0353 9.22266 8.62226 9.72162 12.6521 13.2344 9.91388 9.56576 8.43348 8.30074
threshold=-261.95527132919852 837.52777552604687 5.6250000000000009 -0.080052191768582373 -208.83164739608762 22.472537268438376 -1496.5686182975767 4777.0235039493837 0.09886443591111542 121.86698865890504 4615.3894004535077 69.489916682243361 11.458333333343036 1.0000000180025095e-35
decision_type=8 2 2 8 10 8 8 10 8 8 10 8 2 2
left_child=-1 2 3 -2 -4 -6 11 13 9 -9 -10 -7 -3 -8
right_child=1 12 4 -5 5 6 7 8 10 -11 -12 -13 -14 -15
leaf_value=-1.0221920112408227 0.19096010114108353 0.051637458058910131 0.58010253823122981 -0.090154758077435948 0.42755699808093006 0.050014484832756466 -0.44015084412106253 -0.14790154577672324 0.043069861683125654 0.48721532724397337 1.3555723846637551 -0.24053275499887683 -0.62588149794615489 0.0057112545438837564
leaf_weight=58 65 50 116 266 45 110 98 114 76 40 56 124 72 2495
leaf_count=58 65 50 116 266 45 110 98 114 76 40 56 124 72 2495
internal_value=-0.000293185 -8.85193e-05 0.000191348 -0.00478916 0.000696183 0.000360874 0.000163776 0.000614583 0.00585366 0 0.0126316 -0.0053617 -0.00829268 3.46955e-05
internal_weight=3785 3727 3605 331 3274 3158 3113 2879 286 154 132 234 122 2593
internal_count=3785 3727 3605 331 3274 3158 3113 2879 286 154 132 234 122 2593
is_linear=0
shrinkage=0.03


Tree=200
num_leaves=15
num_cat=0
split_feature=81 85 1 28 15 77 80 64 64 25 81 70 85 77
split_gain=9.69102 14.6122 9.34589 8.83283 9.10631 13.348 20.438 12.8993 15.318 14.8666 19.0743 15.6804 13.1045 12.2172
threshold=3259.223057866097 167.82542705535892 627.41329634189617 485.00000000000006 28.500000000000004 -286.18455314636225 -57.692863583564751 5.679453871472357 5.2103259019349224 0.9261982570806101 4709.7794868946085 0.83974358974358987 -172.9748840332031 -167.721780359745
decision_type=8 10 2 2 2 8 10 10 10 10 10 8 8 8
left_child=1 2 -1 4 5 6 -2 8 9 10 13 -12 -11 -7
right_child=3 -3 -4 -5 -6 7 -8 -9 -10 12 11 -13 -14 -15
leaf_value=0.99086099999576449 -0.71722712342398975 1.7699095895744708 -0.0051605412144301961 -0.64381005986041007 0.063260690245220699 -0.14791293272434114 0.050388054532784492 -0.55812857027337848 0.79670662412759596 0.91458706750843533 0.033918068761914874 -0.42369687097689607 0.035554971017303247 0.06335796565170021
leaf_weight=49 114 50 187 62 666 139 111 180 82 47 206 545 875 526
leaf_count=49 114 50 187 62 666 139 111 180 82 47 206 545 875 526
internal_value=0.000132812 0.00543554 0.00227848 -0.000295442 -9.45017e-05 -0.000838641 -0.00783186 -0.000230681 0.000346964 -0.000102608 -0.00203246 -0.00530585 0.00286024 0.00166667
internal_weight=3839 286 236 3553 3491 2825 225 2600 2420 2338 1416 751 922 665
internal_count=3839 286 236 3553 3491 2825 225 2600 2420 2338 1416 751 922 665
is_linear=0
shrinkage=0.03


Tree=201
num_leaves=15
num_cat=0
split_feature=4 41 69 0 67 70 82 83 23 7 22 61 67 84
split_gain=9.39618 14.787 13.1122 15.236 10.8606 11.3427 19.0879 18.6767 16.2005 12.5785 12.1372 12.5852 10.3524 11.9388
threshold=8.5000000000000018 408.78963303565985 -222.05656469284932 281.50000000000006 -252.84170236205094 0.90454545454545465 76.17968070507051 -269.54037213325495 1.8332028388977053 3351.7456086207271 2.1272863149642949 0.092686849826453518 360.1249606504162 16.802979747454327
decision_type=2 10 8 2 8 10 8 8 10 10 2 8 10 8
left_child=1 4 -2 12 -1 6 7 -6 -7 -10 -8 -12 13 -4
right_child=2 -3 3 -5 5 8 10 -9 9 -11 11 -13 -14 -15
leaf_value=-1.2310686689637214 0.60955635485807791 -0.59691543710240047 0.27891844809872562 1.1805156796002314 -0.31116136910255504 0.11201819048053821 -0.13226285210295957 0.23103484659382351 -0.048708425285154712 -0.47070308078597134 0.26900671541542048 -0.0066768446816843465 -0.62798653449160413 -0.022293128092957623
leaf_weight=45 91 62 213 52 42 402 139 340 1129 260 58 406 42 514
leaf_count=45 91 62 213 52 42 402 139 340 1129 260 58 406 42 514
internal_value=-2.37092e-05 -0.000863384 0.0026287 0.00142336 -0.000542169 -0.000302485 0.00228195 0.00751958 -0.00172433 -0.00325899 -0.00104305 0.00129032 0.000350649 0.00119505
internal_weight=3795 2883 912 821 2821 2776 985 382 1791 1389 603 464 769 727
internal_count=3795 2883 912 821 2821 2776 985 382 1791 1389 603 464 769 727
is_linear=0
shrinkage=0.03


Tree=202
num_leaves=15
num_cat=0
split_feature=3 62 34 37 68 30 69 28 63 67 38 31 77 30
split_gain=9.01976 13.1119 9.52883 9.21406 14.1095 12.6703 10.6623 9.89149 12.1667 9.19334 8.83359 9.62604 9.17425 8.59504
threshold=6.0416666666569663 -0.078816743514469725 0.16774891774891779 2528.1613883500154 -0.10548856585028757 30.250000000000004 227.29271178951601 138.50000000000003 -273.55289640051978 714.9628298099226 3001.5023253427366 24.027619047619059 -235.36567074060437 35.550000000000004
decision_type=2 10 8 10 8 10 10 2 10 10 10 8 10 10
left_child=1 -1 -3 5 -5 9 7 -7 -9 -2 12 13 -10 -12
right_child=3 2 -4 4 -6 6 -8 8 10 -11 11 -13 -14 -15
leaf_value=0.00027977765994590607 0.010106925513403055 -0.45931421640859743 -0.14879213316921705 -0.1097084130300547 0.27413755793942507 -0.5021108744716567 0.2366724729347684 0.2572682110874232 -0.077742264291370919 0.811911985941839 -0.29072464822933641 -0.45718121123622651 -1.105713168147181 0.16835345325591497
leaf_weight=245 2743 62 104 59 137 67 86 47 44 51 61 46 52 49
leaf_count=245 2743 62 104 59 137 67 86 47 44 51 61 46 52 49
internal_value=-0.000101194 -0.00429612 -0.0107784 0.000400813 0.00670051 1.84786e-05 -0.00463576 -0.00686649 -0.0045 0.000772809 -0.00711462 -0.00267516 -0.0142268 0.00216216
internal_weight=3853 411 166 3442 196 3246 452 366 299 2794 252 156 96 110
internal_count=3853 411 166 3442 196 3246 452 366 299 2794 252 156 96 110
is_linear=0
shrinkage=0.03


Tree=203
num_leaves=15
num_cat=0
split_feature=7 3 34 7 29 41 48 82 48 82 34 71 39 15
split_gain=8.99983 12.5225 11.7437 12.1885 14.1496 14.7181 11.7235 21.9425 13.4078 12.171 11.9293 11.5098 11.3203 13.7854
threshold=5123.2697457641034 1.5416666666569656 0.17287356321839084 3168.5833822182035 0.89763239002521722 116.81552624702455 72.660402735074385 -120.77330261468886 -51.666381001472466 96.516979038715377 0.082843137254901972 13.500000000000002 3254.5773866147051 17.500000000000004
decision_type=10 2 8 10 10 10 8 10 10 8 10 8 10 2
left_child=1 11 3 6 5 -5 7 10 -9 -8 -3 -1 -6 -14
right_child=-2 2 -4 4 12 -7 9 8 -10 -11 -12 -13 13 -15
leaf_value=-0.75638012118152231 0.20073524906961701 -0.47570439266170633 -0.013932948573790776 -0.30076825317199335 0.5390677214447368 0.035519286552965351 0.020467743665483543 0.59595835105060713 0.093059193207029045 0.48625712551680217 -0.02991378996041166 -0.011031329468036604 -0.73131304464741143 0.24031011837627364
leaf_weight=63 184 40 2640 147 74 65 67 67 136 79 68 108 46 46
leaf_count=63 184 40 2640 147 74 65 67 67 136 79 68 108 46 46
internal_value=3.13234e-05 -0.000296134 9.49367e-05 0.00319378 -0.000791557 -0.00591549 0.00648472 0.00317308 0.00897059 0.0134694 -0.00770642 -0.00819767 0.0057485 -0.00129032
internal_weight=3830 3646 3475 835 378 212 457 311 203 146 108 171 166 92
internal_count=3830 3646 3475 835 378 212 457 311 203 146 108 171 166 92
is_linear=0
shrinkage=0.03


Tree=204
num_leaves=15
num_cat=0
split_feature=65 17 29 43 42 48 80 4 48 37 15 82 77 57
split_gain=8.20839 11.3744 16.2555 20.0811 15.5869 18.6403 14.7962 14.5887 21.9137 14.4087 13.5172 20.0688 17.8147 12.573
threshold=0.92926644237299272 37.500000000000007 0.89957245436772582 554.78936544691999 102.28492653369905 86.531833171844497 243.51602375507358 7.5000000000000009 251.5664264758428 2428.6591315739111 1.5000000000000002 -113.03075238068897 64.707144379615798 7.5000000000000009
decision_type=10 2 10 10 8 8 10 2 10 10 2 8 10 10
left_child=1 2 3 -1 5 -3 9 -6 -9 10 11 -4 13 -12
right_child=-2 4 6 -5 7 -7 -8 8 -10 -11 12 -13 -14 -15
leaf_value=0.54991698268713474 -0.045052036070445743 -0.015957404555058539 0.31116927241374176 0.0057289892296488601 -0.38591540599853946 0.73011118414781517 2.596520003719792 -0.14281385411509959 0.5646463505618925 1.346121982218111 -0.014289383699292836 -0.37457990368399996 -0.72867500771471039 0.36434853537135153
leaf_weight=180 1266 556 41 237 199 79 44 117 52 63 487 222 52 229
leaf_count=180 1266 556 41 237 199 79 44 117 52 63 487 222 52 229
internal_value=-0.00025098 0.000726846 0.0023329 0.00739234 -0.00176295 0.00108491 0.0004741 -0.00666667 -0.000176471 -0.000219178 -0.00107558 -0.00693182 0.000936281 0.00217573
internal_weight=3824 2558 1555 417 1003 635 1138 368 169 1094 1031 263 768 716
internal_count=3824 2558 1555 417 1003 635 1138 368 169 1094 1031 263 768 716
is_linear=0
shrinkage=0.03


Tree=205
num_leaves=15
num_cat=0
split_feature=77 0 77 39 3 45 77 40 71 82 3 81 3 43
split_gain=9.07306 10.7205 8.93089 12.3053 16.3238 20.0141 13.0924 12.2451 15.9102 11.403 11.0315 12.4204 10.8865 10.8235
threshold=107.6919767856598 129.50000000000003 15.967813551425936 3652.4370612848611 8.2916666666569672 5.5000000000000009 38.12003558874131 1207.9853058364151 7.5000000000000009 144.68329370021823 14.791666666656967 7381.426011443139 14.541666666656967 1026.5214799030352
decision_type=10 2 10 10 2 10 10 10 10 8 2 8 2 10
left_child=2 -2 7 4 -4 -6 -7 13 -9 12 11 -10 -5 -1
right_child=1 -3 3 9 5 6 -8 8 10 -11 -12 -13 -14 -15
leaf_value=-0.015667210233345018 -0.20267605316149853 0.002390069182718264 1.4123310331808436 -0.11116359579564221 -0.29719520726837595 1.4006192251407448 0.11803467639510186 0.80182581444680012 0.36336623162380233 -0.50684807933408405 0.092906342488511887 -0.033354151140146657 1.0632495664776831 -0.66136308187261539
leaf_weight=2696 113 83 58 52 46 49 94 50 46 68 190 179 43 75
leaf_count=2696 113 83 58 52 46 49 94 50 46 68 190 179 43 75
internal_value=-0.000124902 -0.00639594 0.000213874 0.00437956 0.00858871 0.00426316 0.00979167 -0.000315107 0.00418455 -0.0020122 0.00223558 -0.00225664 0.0046875 -0.00107143
internal_weight=3842 196 3646 410 247 189 143 3236 465 163 415 225 95 2771
internal_count=3842 196 3646 410 247 189 143 3236 465 163 415 225 95 2771
is_linear=0
shrinkage=0.03


Tree=206
num_leaves=15
num_cat=0
split_feature=0 81 64 68 81 15 25 81 24 83 59 27 38 61
split_gain=10.4064 12.7818 8.53941 16.8442 12.8748 14.7901 8.18762 9.15939 8.08945 8.05682 7.26368 12.5041 6.41294 7.42389
threshold=401.50000000000006 1587.2678377628329 3.7588895607734738 0.18149750379128432 3679.0364328622823 16.500000000000004 0.89915254237288156 6775.2487986087808 33.500000000000007 -359.24796485900873 415.93281006813055 0.93817328854395932 1.0000000180025095e-35 0.99981487465806562
decision_type=2 8 8 8 10 2 10 10 2 8 10 10 8 10
left_child=1 -1 3 4 5 -3 -6 -8 -5 -4 12 -12 -11 -14
right_child=-2 2 9 8 6 -7 7 -9 -10 10 11 -13 13 -15
leaf_value=0.75742838026939474 0.72079861590012628 -0.71948640276961584 -0.24827351004683448 0.44146414926956795 -0.87328557918141891 0.23780014276692668 -0.47528570872370407 0.281533648383818 -0.15866898163331625 0.36945863523937211 1.1120667186254696 0.013576930476983618 -0.0069083536095379695 0.19608117912312023
leaf_weight=64 71 51 79 79 76 45 62 42 73 45 44 83 2902 98
leaf_count=64 71 51 79 79 76 45 62 42 73 45 44 83 2902 98
internal_value=-4.71822e-05 -0.000264423 -0.000497283 -0.00447552 -0.00888087 0 -0.0135912 -0.008 0.00352941 2.76753e-05 0.000264734 0.00726562 -2.95469e-05 -0.000199933
internal_weight=3814 3743 3679 428 276 96 180 104 152 3251 3172 127 3045 3000
internal_count=3814 3743 3679 428 276 96 180 104 152 3251 3172 127 3045 3000
is_linear=0
shrinkage=0.03


Tree=207
num_leaves=15
num_cat=0
split_feature=9 41 0 45 3 59 1 1 33 74 16 73 76 34
split_gain=8.69806 9.54049 10.9323 7.50904 16.2325 15.125 13.1892 11.5529 11.0385 10.8135 10.3687 10.7488 10.1724 9.88361
threshold=2490.0000000000005 408.78963303565985 401.50000000000006 5.5000000000000009 8.4583333333430364 177.0216261148453 659.08346462249767 657.02162611484539 1.5164502164502167 33.141385805680208 12.500000000000002 21.522617578506473 596.36172044277203 0.22557928214447981
decision_type=2 10 2 8 2 10 2 2 8 10 2 8 8 8
left_child=1 2 3 4 -1 6 7 -5 -6 10 11 -7 -10 -8
right_child=-2 -3 -4 5 8 9 13 -9 12 -11 -12 -13 -14 -15
leaf_value=0.43177313748345403 0.16244920972283849 -0.58329543533943318 2.2564199683866901 0.014376672136916539 0.088693811626627331 0.6663654039594602 0.0060803952013677338 0.60104845786578576 -0.031635260092240783 0.86712276999668547 -0.074266744232325405 -6.6874844554831721e-06 -0.70609130657409636 -0.11640551073026616
leaf_weight=58 189 66 41 1120 65 56 695 150 107 64 105 45 156 942
leaf_count=58 189 66 41 1120 65 56 695 150 107 64 105 45 156 942
internal_value=-0.000101036 -0.000424952 -0.000216366 -0.000395623 -0.00434109 8.49591e-05 -0.000546768 0.00174666 -0.00693009 0.00686347 0.00347826 0.0102941 -0.00965909 -0.00232601
internal_weight=3859 3670 3604 3563 386 3177 2907 1270 328 270 206 101 263 1637
internal_count=3859 3670 3604 3563 386 3177 2907 1270 328 270 206 101 263 1637
is_linear=0
shrinkage=0.03


Tree=208
num_leaves=15
num_cat=0
split_feature=76 6 41 41 77 76 77 42 77 84 63 41 66 45
split_gain=10.462 7.55213 13.4449 9.10217 11.2905 10.275 13.9818 12.1594 11.4282 9.7997 9.72347 9.18893 9.09516 9.075
threshold=-42.405506014823906 690.00000000000011 408.78963303565985 -75.437159538269029 -287.47584432363504 266.24217844009405 -136.28166246414182 -63.682898044586175 -93.497821152210221 -10.688354611396788 -292.91696175620876 -107.69663834571837 -233.05180442333219 7.5000000000000009
decision_type=8 10 10 10 8 10 8 10 8 10 10 10 10 8
left_child=-1 13 3 10 9 7 -7 -6 -8 -5 -3 12 -12 -2
right_child=1 2 -4 4 5 6 8 -9 -10 -11 11 -13 -14 -15
leaf_value=0.84189730441555688 -0.041423260725229422 0.14466074614195651 -0.61125084902606308 -0.61727437237189675 -0.79154062396645875 0.27757694411822204 -0.77921626284514167 -0.017781064510691072 0.027533137189448671 0.060679082006918655 -0.53097967761498088 0.36872002109214608 0.051763392997760151 0.075250457445474178
leaf_weight=41 384 156 58 113 73 150 71 1151 276 44 89 90 70 1092
leaf_count=41 384 156 58 113 73 150 71 1151 276 44 89 90 70 1092
internal_value=0.000108836 -5.50026e-05 -0.00111443 -0.000748687 -0.00162853 -0.000923345 0.00271084 -0.0024 -0.000603448 -0.0093038 0.00332512 -0.00036 -0.0046875 0.00162492
internal_weight=3858 3817 2341 2283 1878 1721 497 1224 347 157 405 249 159 1476
internal_count=3858 3817 2341 2283 1878 1721 497 1224 347 157 405 249 159 1476
is_linear=0
shrinkage=0.03


Tree=209
num_leaves=15
num_cat=0
split_feature=45 59 3 25 54 81 59 72 63 1 35 16 3 35
split_gain=12.0144 14.7046 13.7191 13.9199 11.7896 11.4991 9.34117 11.2734 9.93574 9.63166 9.42755 14.5468 15.3178 11.5918
threshold=5.5000000000000009 415.93281006813055 8.9583333333430364 0.86729559748427687 5010.0000000000009 7295.3905555009851 127.54545378684999 11.597105622291567 176.87053403092153 659.08346462249767 15.667333333333335 7.5000000000000009 12.291666666656967 23.995555555555558
decision_type=8 10 2 10 10 10 10 10 8 2 8 2 2 8
left_child=1 2 -1 -4 6 -3 7 9 -9 -2 11 12 -11 -12
right_child=4 5 3 -5 -6 -7 -8 8 -10 10 13 -13 -14 -15
leaf_value=0.1201090973617011 0.06723384583513714 -0.24504491159530728 -1.4450914394029692 -0.20066648876369284 0.72483131377351284 0.64449053517553823 0.12695720836765656 -0.35310490787851123 0.087850979351759409 -0.29890437995086061 0.22388449758353141 -0.33685025976397909 0.41382643853740658 -0.012336543695107042
leaf_weight=54 1109 73 60 257 41 48 438 171 75 99 387 606 129 306
leaf_count=54 1109 73 60 257 41 48 438 171 75 99 387 606 129 306
internal_value=-7.78412e-06 -0.00438134 -0.00733871 -0.00971698 0.000633551 0.00467213 0.000433604 -0.000187305 -0.00631579 0.000386803 -0.00115838 -0.00330539 0.0031441 0.00142651
internal_weight=3853 492 371 317 3361 121 3320 2882 246 2636 1527 834 228 693
internal_count=3853 492 371 317 3361 121 3320 2882 246 2636 1527 834 228 693
is_linear=0
shrinkage=0.03


Tree=210
num_leaves=15
num_cat=0
split_feature=72 73 30 70 79 78 79 77 63 66 82 27 71 68
split_gain=7.38303 10.1287 9.49522 8.63279 17.37 13.4569 11.6479 12.743 11.4049 11.7943 11.0658 10.7689 15.2937 15.7163
threshold=69.615710735321059 -22.909306287765499 4.0500000000000007 0.91287878787878796 52.721247598201387 0.29166666666666669 10.724888020592759 -195.47115206718442 -236.32151925373657 -283.38033783435816 76.17968070507051 0.91974706272688256 12.500000000000002 0.019299193235283337
decision_type=10 8 10 10 8 10 10 10 8 8 8 10 10 10
left_child=1 2 -1 4 6 -6 7 -3 9 -5 -8 -10 -13 -14
right_child=-2 3 -4 8 5 -7 10 -9 11 -11 -12 12 13 -15
leaf_value=0.63678617283999828 -0.2948781234368516 0.21476299587985878 0.014344694395453316 -1.0139568709092277 -0.0057552725185863098 -0.71816962307125398 0.43637691225613989 -0.11875971267283375 -0.10733551516468352 0.19451886611088406 0.028359261877408993 -0.10413389965786202 0.64657851102395358 0.0035527329558913221
leaf_weight=58 115 182 75 40 477 43 245 239 1196 157 170 475 145 211
leaf_count=58 115 182 75 40 477 43 245 239 1196 157 170 475 145 211
internal_value=-4.70097e-05 0.000185784 0.00828358 -0.000117286 0.00176861 -0.00253359 0.00444444 0.000924171 -0.00126742 0.00560606 0.00800481 -0.00193787 0.000685096 0.00537815
internal_weight=3828 3713 133 3580 1356 520 836 421 2224 197 415 2027 831 356
internal_count=3828 3713 133 3580 1356 520 836 421 2224 197 415 2027 831 356
is_linear=0
shrinkage=0.03


Tree=211
num_leaves=15
num_cat=0
split_feature=3 7 68 79 71 39 67 15 82 50 35 68 61 30
split_gain=7.30797 11.7795 11.3323 10.6728 10.5192 10.4191 16.6404 13.9768 12.9553 15.055 12.0745 11.8108 11.4766 10.9984
threshold=6.0416666666569663 5046.7826956723011 -0.07234506919405026 12.586574062213556 9.5000000000000018 2345.9196444808044 46.510399480660752 30.500000000000004 -23.599052131175991 121.97209239006044 16.505508306962032 0.0024290634294626807 0.013577608716249542 4.0500000000000007
decision_type=2 8 10 10 10 10 8 2 8 10 10 10 10 8
left_child=2 5 4 -3 -1 8 11 12 9 -2 13 -7 -8 -10
right_child=1 3 -4 -5 -6 6 7 -9 10 -11 -12 -13 -14 -15
leaf_value=-0.096293569126930434 -0.0064628265500437767 0.13522175865136751 -0.35532275167906646 1.913408021885572 0.050927233872673179 -0.20223537392240232 0.0242066492512206 0.60838718582985685 0.14726488073072283 -0.59755309112085353 0.30046002508884356 -0.92520955064039168 -0.220882815915981 -0.026332528579806221
leaf_weight=133 392 120 161 42 132 244 342 91 631 99 287 62 479 647
leaf_count=133 392 120 161 42 132 244 342 91 631 99 287 62 479 647
internal_value=-0.00023298 0.000226942 -0.00393443 0.00809816 -0.000112782 -0.000164885 -0.00236259 -0.000328587 0.00113758 -0.00310976 0.00247126 -0.00840391 -0.00156934 0.0012197
internal_weight=3862 3436 426 162 265 3274 1218 912 2056 491 1565 306 821 1278
internal_count=3862 3436 426 162 265 3274 1218 912 2056 491 1565 306 821 1278
is_linear=0
shrinkage=0.03


Tree=212
num_leaves=15
num_cat=0
split_feature=80 29 85 54 34 66 26 25 28 57 77 39 82 77
split_gain=7.8996 20.683 11.8774 14.9047 12.8877 12.0814 11.8268 14.8373 15.3807 12.513 12.0778 11.7029 12.6016 11.571
threshold=105.73080992698671 0.95657137184832253 105.0565403699875 2670.0000000000005 0.1645447219983884 -296.94888293743128 230.50000000000003 0.93377192982456159 177.50000000000003 8.5000000000000018 -293.80850327014917 3225.0102297076942 156.87777948379519 -95.138040244579301
decision_type=10 10 10 10 10 8 2 10 2 10 10 10 10 10
left_child=2 11 4 -4 5 -1 7 8 10 -9 -6 13 -13 -2
right_child=1 -3 3 -5 6 -7 -8 9 -10 -11 -12 12 -14 -15
leaf_value=-0.92084532136172703 0.22321459959412748 -0.32056787337692222 -0.2493896444646681 0.36764770309337508 0.25128362068682208 0.037256552377091495 -0.3358015484881689 0.0091759762870769635 -0.30227617222740488 0.37773193375007336 -0.013133370488767396 0.10576007537346885 -0.61077240193141757 1.2563769556085727
leaf_weight=40 353 110 316 45 81 778 49 521 713 137 359 118 84 114
leaf_count=40 353 110 316 45 81 778 49 521 713 137 359 118 84 114
internal_value=-0.000424195 0.00226923 -0.00111513 -0.00621547 -0.000425532 0.00271062 -0.00180548 -0.00140728 -0.00345754 0.00218513 0.000952381 0.00425373 -0.0017734 0.00685897
internal_weight=3818 779 3039 361 2678 818 1860 1811 1153 658 440 669 202 467
internal_count=3818 779 3039 361 2678 818 1860 1811 1153 658 440 669 202 467
is_linear=0
shrinkage=0.03


Tree=213
num_leaves=15
num_cat=0
split_feature=1 45 79 84 20 56 3 45 51 35 63 83 3 82
split_gain=9.93657 13.2748 11.2492 9.4759 10.2162 8.66825 8.90566 11.2582 8.72035 8.19462 10.1076 13.7012 8.25277 12.4833
threshold=659.08346462249767 6.5000000000000009 52.721247598201387 56.701893091201789 489.24851906299597 -57.459388732910149 9.6250000000000018 8.5000000000000018 235.93281006813052 16.195804647160074 110.50631587920952 72.345285177230849 10.791666666656967 106.90746714671455
decision_type=2 8 10 10 10 8 2 10 10 10 10 10 2 8
left_child=1 3 -3 4 -1 6 -2 -8 9 10 12 -12 -7 -14
right_child=5 2 -4 -5 -6 8 7 -9 -10 -11 11 -13 13 -15
leaf_value=-0.55842846271296676 0.59946641634841891 0.13134193178531856 -0.14525995526568405 0.1639635370457492 0.091505728549868409 -0.33377750891347219 -0.033594085219792409 1.1199758450220141 0.21660057918714257 0.0085332255423382717 -0.032390999774696165 0.47620772936724848 -0.21610803705854892 0.18656381639482264
leaf_weight=189 57 1216 96 66 87 274 318 48 59 588 314 49 321 134
leaf_count=189 57 1216 96 66 87 274 318 48 59 588 314 49 321 134
internal_value=0.000534451 0.00228399 0.00365575 -0.00297376 -0.00541516 -0.000804438 0.00304245 0.0013079 -0.00174138 -0.00214158 -0.00367795 0.000412088 -0.00571233 -0.00322368
internal_weight=3816 1654 1312 342 276 2162 423 366 1739 1680 1092 363 729 455
internal_count=3816 1654 1312 342 276 2162 423 366 1739 1680 1092 363 729 455
is_linear=0
shrinkage=0.03


Tree=214
num_leaves=15
num_cat=0
split_feature=28 70 79 73 59 83 3 3 43 0 38 80 7 7
split_gain=10.3189 8.21141 12.5663 10.7673 10.677 16.4806 16.1707 11.1937 11.0041 10.9337 10.2974 11.549 10.1157 12.4675
threshold=494.00000000000006 0.90454545454545465 4.2320276468574134 12.905526518821718 122.44134294986726 256.42899131774908 16.041666666656969 9.1250000000000018 649.76031176386084 -35.499999999999993 2940.5795227696012 74.198228836059585 2447.9856528275272 2673.3798137340277
decision_type=2 10 8 10 10 8 2 2 10 2 10 10 10 10
left_child=1 2 -1 -4 10 6 7 -6 -9 -7 11 -3 -12 -14
right_child=-2 4 3 -5 5 9 -8 8 -10 -11 12 -13 13 -15
leaf_value=0.43038482476196815 -0.68183838715054201 -0.3226282664354661 0.0092330745438123883 0.41789832654199954 0.39144033210052698 0.0095976075650607839 0.11568304958001757 -0.072546333113057124 -1.4797183776771692 1.178351050286073 0.19648375142176924 0.057421718992080879 -0.50415645758231653 0.0073063971136336642
leaf_weight=62 43 733 1208 96 47 47 178 126 66 67 234 263 104 536
leaf_count=62 43 733 1208 96 47 47 178 126 66 67 234 263 104 536
internal_value=0.000125951 0.000294586 0.00215069 0.00151724 -0.000761865 0.00298872 0.000215311 -0.004875 -0.0080829 0.0130435 -0.0018279 -0.00391174 0.000548571 -0.00140406
internal_weight=3810 3767 1366 1304 2401 531 417 239 192 114 1870 996 874 640
internal_count=3810 3767 1366 1304 2401 531 417 239 192 114 1870 996 874 640
is_linear=0
shrinkage=0.03


Tree=215
num_leaves=15
num_cat=0
split_feature=4 25 14 3 36 40 25 27 63 52 44 23 61 64
split_gain=7.05067 15.2035 14.4814 12.7836 11.2357 10.9667 10.704 8.98012 15.3801 14.2746 9.43569 8.00543 9.59756 8.99646
threshold=8.5000000000000018 0.97162977867203237 761.76300300386606 6.7916666666569663 0.20866437284954648 18401.515732744374 0.91125175808720116 0.98712351478308935 161.40491657796721 379.30967915058142 1052.1065046787264 25.559933066368107 0.57446173644444976 5.679453871472357
decision_type=2 8 10 2 10 10 10 10 10 8 10 8 10 10
left_child=1 5 3 4 -2 11 -4 8 -3 -9 -11 13 -13 -1
right_child=2 7 6 -5 -6 -7 -8 9 -10 10 -12 12 -14 -15
leaf_value=-0.012920017423809101 0.014830350285464686 0.35708507549264723 0.24320850335236391 0.10866587654382968 -0.65199935587921809 0.019264306118417653 1.4560907883461813 0.46500006558389168 -0.17613246353446677 -0.61338857875612474 -0.0030359287900330757 -0.043600004444983992 -1.3404153494250339 -0.4763340982553958
leaf_weight=1962 87 235 52 611 102 77 41 54 58 50 126 163 40 192
leaf_count=1962 87 235 52 611 102 77 41 54 58 50 126 163 40 192
internal_value=0.000249286 -0.000456389 0.00258389 0.00127341 -0.00552632 -0.0014538 0.0137234 0.00417939 0.00765306 -0.00025974 -0.00440678 -0.00181934 -0.0075 -0.00128074
internal_weight=3850 2957 893 800 189 2434 93 523 293 230 176 2357 203 2154
internal_count=3850 2957 893 800 189 2434 93 523 293 230 176 2357 203 2154
is_linear=0
shrinkage=0.03


Tree=216
num_leaves=15
num_cat=0
split_feature=4 83 66 58 83 0 0 28 77 16 76 3 56 35
split_gain=7.17479 13.6985 11.8013 12.3665 10.4451 10.2801 12.2479 9.86991 9.80713 14.6846 14.7329 18.2471 15.8561 13.0397
threshold=8.5000000000000018 -157.75662386417386 -296.94888293743128 121.97209239006044 -204.71389567852017 -60.499999999999993 281.50000000000006 171.50000000000003 -154.36545675992963 12.500000000000002 109.55484879016878 17.125000000000004 -55.942687511444085 17.866004962779162
decision_type=2 8 8 10 8 2 2 2 8 2 10 2 10 10
left_child=2 -2 -1 8 -5 7 -7 -3 9 13 11 12 -11 -4
right_child=1 5 3 4 -6 6 -8 -9 -10 10 -12 -13 -14 -15
leaf_value=-0.7813240745108665 1.3852256157702212 0.6274226584590068 0.31339939605477907 -0.27805868162748454 -0.032171508892511275 -0.021257870736870004 0.67325809798595393 0.069156225177422495 -0.014039413700025908 0.50581629347087609 0.24079306681671983 -0.88711152148199668 -0.20829062813059229 -0.20667283281776391
leaf_weight=84 43 60 229 88 729 657 47 83 1380 43 152 61 137 56
leaf_count=84 43 60 229 88 729 657 47 83 1380 43 152 61 137 56
internal_value=-0.000272727 0.00208754 -0.000983108 -0.000657163 -0.00377751 0.00123821 -0.000255319 0.00854167 0.000582807 0.00353461 -0.000228426 -0.00483471 0 0.00870629
internal_weight=3849 890 2959 2875 817 847 704 143 2058 678 393 241 180 285
internal_count=3849 890 2959 2875 817 847 704 143 2058 678 393 241 180 285
is_linear=0
shrinkage=0.03


Tree=217
num_leaves=15
num_cat=0
split_feature=42 6 53 15 32 59 27 14 40 40 54 60 41 11
split_gain=10.7107 8.44731 12.3106 9.30414 12.8376 8.7135 18.3959 12.8133 13.2139 10.8576 12.1202 9.36862 7.86316 9.04411
threshold=-257.1919234991073 690.00000000000011 5.5000000000000009 8.5000000000000018 0.39339826839826847 177.0216261148453 0.9842509920634922 144.3850638281732 33.261743227453174 20.487778516945976 570.00000000000011 493.56062042713171 -129.9109020233154 570.00000000000011
decision_type=8 8 8 2 10 8 10 10 10 10 8 10 10 2
left_child=-1 2 -2 -4 -5 11 9 -8 -9 -7 -11 12 -3 -14
right_child=1 5 3 4 -6 6 7 8 -10 10 -12 -13 13 -15
leaf_value=2.0081132746419343 -0.49040188874485213 0.32851944583732062 0.41126153499590867 0.050127477441542501 -0.25496069133647958 -0.40511445066647184 -0.9687379441391667 0.57739888698838948 -0.250515905848047 -0.30051108261636528 0.23719541459870094 0.18317228038544497 -0.027492849108155724 -0.34701795836547661
leaf_weight=47 77 45 185 953 172 47 49 40 60 52 242 108 1466 230
leaf_count=47 77 45 185 953 172 47 49 40 60 52 242 108 1466 230
internal_value=0.000294118 0.000112691 0.00196686 0.00265446 0.00162522 -0.000987179 0.00256619 -0.0062 0 0.00640351 0.00854237 -0.00192973 -0.00246269 -0.00279316
internal_weight=3773 3726 1387 1310 1125 2339 490 149 100 341 294 1849 1741 1696
internal_count=3773 3726 1387 1310 1125 2339 490 149 100 341 294 1849 1741 1696
is_linear=0
shrinkage=0.03


Tree=218
num_leaves=15
num_cat=0
split_feature=29 42 37 27 41 17 31 34 8 59 42 56 68 60
split_gain=9.39249 13.113 10.8342 17.5929 10.5229 11.2706 13.0852 12.4658 11.8692 11.2587 11.0271 11.3486 10.1056 10.0253
threshold=0.89675666199158488 -109.96822690963744 1785.741509930873 0.87931947570501789 -121.0036220550537 16.500000000000004 7.5548951048951061 0.21089696071163827 4.4598949866308102 165.73015666007998 -50.331292748451226 -10.488426486651102 -0.044364749998917943 49.048892259597785
decision_type=8 8 10 10 8 2 10 8 10 8 10 10 10 8
left_child=1 2 3 -1 -2 6 -6 9 -8 -7 12 -12 -9 -13
right_child=4 -3 -4 -5 5 7 8 10 -10 -11 11 13 -14 -15
leaf_value=0.19739136718346897 0.44720457770243827 -0.0064476014480253059 -1.560973570342655 -0.88200491810218673 0.11287858950499838 0.195046210438624 -0.5862249444238109 -0.095852974937681593 0.38134989512703737 0.90105672816279092 0.30393472127476845 -0.41152139277213745 -1.2365779526504845 0.0244865356256318
leaf_weight=79 140 1236 48 95 75 488 163 169 40 44 180 102 44 933
leaf_count=79 140 1236 48 95 75 488 163 169 40 44 180 102 44 933
internal_value=0.000250195 -0.00164496 -0.00834081 -0.0048 0.00141236 0.000911121 -0.00473118 0.00171341 -0.00867647 0.00562852 0.000251924 0.00135691 -0.00602804 0.000144788
internal_weight=3836 1458 222 174 2378 2238 278 1960 203 532 1428 1215 213 1035
internal_count=3836 1458 222 174 2378 2238 278 1960 203 532 1428 1215 213 1035
is_linear=0
shrinkage=0.03


Tree=219
num_leaves=15
num_cat=0
split_feature=61 83 17 35 61 79 83 81 22 38 31 79 37 31
split_gain=9.32317 11.2522 10.8738 10.7082 10.0105 11.5121 12.0901 12.0899 10.3708 10.1949 11.5663 8.98483 8.43852 13.7108
threshold=0.025519044153806941 -117.01509642601012 24.500000000000004 0.161830131445905 0.28580069734655827 7.8591503867123143 -170.81070125102994 7749.3220781087884 8.0523470640182513 3128.1156918554721 13.408333333333335 3.7701314054689621 1309.8384729594197 24.027619047619059
decision_type=10 8 2 8 10 8 8 8 2 8 8 8 10 10
left_child=1 2 -1 -2 5 -5 -7 -8 9 10 -9 -3 -6 -14
right_child=3 11 -4 4 12 6 7 8 -10 -11 -12 -13 13 -15
leaf_value=0.0071286845940691408 0.31553117525779262 0.56103673633678208 0.69985013628367121 -0.39688948310214556 -0.056154362351822584 -0.42698569279622123 0.14252087219382567 0.16004429799312334 -0.39960086238501841 0.16931122704278656 -1.1426153673656663 0.006738145749534805 0.16644373911174454 -0.21352381657702457
leaf_weight=85 92 59 101 199 602 40 204 43 89 108 50 1330 654 163
leaf_count=85 92 59 101 199 602 40 204 43 89 108 50 1330 654 163
internal_value=0.000306283 0.00207487 0.00898396 -0.000935412 -0.00136554 -0.00420981 -0.00190654 -0.000606061 -0.00453608 -0.000742574 -0.00797872 0.00114388 0.000105634 0.00209046
internal_weight=3819 1575 186 2244 2152 733 534 494 290 201 93 1389 1419 817
internal_count=3819 1575 186 2244 2152 733 534 494 290 201 93 1389 1419 817
is_linear=0
shrinkage=0.03


Tree=220
num_leaves=15
num_cat=0
split_feature=77 85 0 3 3 77 3 8 17 68 3 49 35 84
split_gain=7.30155 17.1213 14.7334 16.7608 13.8462 12.629 12.8577 17.4556 17.8549 16.6656 16.608 22.4574 16.7869 14.1673
threshold=-244.4408195018768 -162.87146461009976 15.500000000000002 11.041666666656967 19.375000000000004 -204.02106446027753 15.625000000000002 3.8833298171836903 29.000000000000004 -0.17152950627022298 17.291666666656969 7.5000000000000009 17.640296442687749 -11.256462574005125
decision_type=8 10 2 2 2 8 2 8 2 8 2 10 10 8
left_child=1 -1 -3 -4 -5 -2 -7 10 -9 -10 11 -8 13 -12
right_child=5 2 3 4 -6 6 7 8 9 -11 12 -13 -14 -15
leaf_value=-0.20711810207971387 0.21915042201226076 0.091539076032095532 -1.0644418595912237 0.14174697310766218 -0.37656544582803447 -0.025314401433120394 0.30867772501076379 0.91932753575784565 -0.28984942619258852 0.16627914093535368 -0.61323806018127369 -0.073100661379575771 0.69994479808017163 -0.020224865447504497
leaf_weight=163 204 184 41 99 46 1880 96 157 59 359 162 73 69 237
leaf_count=163 204 184 41 99 46 1880 96 157 59 359 162 73 69 237
internal_value=0.000164491 -0.00308989 0.000485175 -0.00545455 -0.000616438 0.000691538 0.000213385 0.0026216 0.00640625 0.00315036 -0.000799373 0.00723529 -0.00371002 -0.006075
internal_weight=3829 533 370 186 145 3296 3092 1212 575 418 637 169 468 399
internal_count=3829 533 370 186 145 3296 3092 1212 575 418 637 169 468 399
is_linear=0
shrinkage=0.03


Tree=221
num_leaves=15
num_cat=0
split_feature=16 3 7 38 28 7 35 26 77 3 81 48 35 81
split_gain=10.9561 11.0947 19.4805 17.1631 16.488 15.3961 18.3305 15.9391 15.6224 15.1336 22.8147 26.5387 15.6924 15.0275
threshold=45.500000000000007 15.625000000000002 3203.7940214437817 4002.913543957286 463.50000000000006 3129.9771172606802 14.198214285714288 136.50000000000003 -194.18244999647138 17.291666666656969 1613.2379046678545 -51.666381001472466 5.1696581196581208 4597.665326476098
decision_type=2 2 10 10 2 10 8 2 10 2 10 10 8 10
left_child=1 4 3 9 5 6 -1 -8 -7 12 -11 -12 -3 -10
right_child=-2 2 -4 -5 -6 8 7 -9 13 10 11 -13 -14 -15
leaf_value=-0.070993054846849826 0.066383436829692999 1.0154373271282846 0.31173851268240338 0.54829026671473757 -1.2147408443214573 0.010235996706954811 0.028359241267340376 1.3268730171153793 -0.025159190046250172 0.34588179911744316 0.14635662526489682 -0.39099265998227645 0.034456974430261057 -0.72923402369032586
leaf_weight=817 136 43 452 60 40 328 486 103 186 71 163 449 181 274
leaf_count=817 136 43 452 60 40 328 486 103 186 71 163 449 181 274
internal_value=-7.91557e-06 -0.000320197 0.00175352 -0.000650826 -0.00163758 -0.00128474 0.000597015 0.00462712 -0.00463878 -0.00168502 -0.00390351 -0.00577488 0.00506667 -0.00819957
internal_weight=3789 3653 1419 967 2234 2194 1406 589 788 907 683 612 224 460
internal_count=3789 3653 1419 967 2234 2194 1406 589 788 907 683 612 224 460
is_linear=0
shrinkage=0.03


Tree=222
num_leaves=15
num_cat=0
split_feature=1 30 68 56 0 70 68 16 56 73 31 35 67 4
split_gain=10.094 13.0394 13.5069 12.2751 13.5262 13.1276 11.4993 10.4484 10.0134 8.71817 9.35518 7.71046 10.3749 10.1404
threshold=679.7200324535371 6.2500000000000009 0.019299193235283337 240.08084162076318 56.500000000000007 0.74166666666666681 0.13302584971250184 29.500000000000004 8.9176995754241961 -23.338989257812496 96.053571428571431 17.866004962779162 260.43233721256263 9.5000000000000018
decision_type=2 8 10 10 2 10 10 2 10 8 8 8 10 2
left_child=1 2 -1 4 9 -5 11 -4 -6 -2 -11 12 -3 -13
right_child=3 6 7 5 8 -7 -8 -9 -10 10 -12 13 -14 -15
leaf_value=0.16872412141220122 0.20090147237173403 -0.085723066070611892 0.088267863813855457 -0.00021836417228173309 0.83194841875612524 -0.67659100449774434 0.17203800075808842 -0.53846010849875414 0.034247210885677594 -0.26301974342891388 0.046807778471656715 -0.012296914803230525 -0.70926786591542734 0.22580873001120494
leaf_weight=666 52 712 256 58 42 77 245 57 372 570 81 502 48 54
leaf_count=666 52 712 256 58 42 77 245 57 372 570 81 502 48 54
internal_value=-9.49117e-05 0.000991736 0.00370408 -0.00229848 -0.00126118 -0.0108088 -0.000710627 -0.00143312 0.00303614 -0.00379261 -0.00473926 -0.00182232 -0.00378449 0.000861759
internal_weight=3792 2540 979 1252 1117 135 1561 313 414 703 651 1316 760 556
internal_count=3792 2540 979 1252 1117 135 1561 313 414 703 651 1316 760 556
is_linear=0
shrinkage=0.03


Tree=223
num_leaves=15
num_cat=0
split_feature=1 72 82 82 42 0 72 82 66 60 60 67 60 72
split_gain=8.35477 9.73907 8.70217 16.3294 8.35567 7.85181 9.06842 9.10892 9.01269 8.30709 7.26307 9.28159 7.63632 6.91168
threshold=679.7200324535371 45.423985242843635 -70.419214248657212 -150.37561261653897 -228.95544385910031 181.50000000000003 69.615710735321059 286.59888346989959 412.2410769462586 -134.91144776344296 327.76127040386206 72.31266169171586 86.510583281517043 -35.324353337287896
decision_type=2 10 8 10 8 2 10 10 10 8 10 10 10 8
left_child=2 -2 3 -1 -4 6 7 9 10 -6 11 12 -7 -5
right_child=1 -3 4 13 5 8 -8 -9 -10 -11 -12 -13 -14 -15
leaf_value=0.40580051174241538 -0.057122094030643535 0.30635531461448917 0.74909179527503711 -0.018971389926787055 -0.66650560784343804 0.31599149537604965 -0.56752864054583041 -0.61810098524210177 -0.1259826326388884 0.013038258277852894 0.51678787101696522 0.91658786564924721 -0.26810670411922599 -0.54961420926649063
leaf_weight=58 1182 70 40 77 51 64 41 48 82 1796 54 100 54 114
leaf_count=58 1182 70 40 77 51 64 41 48 82 1796 54 100 54 114
internal_value=-0.000336639 -0.00234637 0.000639535 -0.00468 0.00120978 0.000969009 0.00021683 0.000522152 0.00507042 0.00086039 0.00769231 0.00520548 -0.000504202 -0.00890625
internal_weight=3831 1252 2579 249 2330 2290 1936 1895 354 1847 272 218 118 191
internal_count=3831 1252 2579 249 2330 2290 1936 1895 354 1847 272 218 118 191
is_linear=0
shrinkage=0.03


Tree=224
num_leaves=15
num_cat=0
split_feature=16 0 39 68 16 48 41 83 71 66 40 66 16 15
split_gain=10.8332 8.65095 8.98663 12.6882 12.2809 21.3709 19.8709 17.7248 11.4723 22.1955 12.9789 10.8668 12.8529 11.0685
threshold=1.0000000180025095e-35 401.50000000000006 2396.2808199483848 -0.27076123694585724 33.500000000000007 102.53900170326234 30.917278051376346 -45.889459371566765 13.500000000000002 442.97561824321753 1256.756713885947 -4.1196675300598136 18.500000000000004 17.500000000000004
decision_type=2 2 10 8 2 8 10 8 8 10 10 8 2 2
left_child=-1 2 3 -2 -5 6 7 -6 11 10 -10 -4 -13 -14
right_child=1 -3 8 4 5 -7 -8 -9 9 -11 -12 12 13 -15
leaf_value=-0.3531206137903507 0.69828265848096371 0.59026339436420927 -0.86544794466328356 0.057574646866036826 -0.67046983719969788 -0.5253872502863296 0.18203054568126148 -0.0015035315166486017 0.013022770808346101 -0.58354419373033928 0.26816204370825891 0.0080419844215902717 -0.494754327591162 0.0072547911616251855
leaf_weight=156 67 63 140 1700 42 112 131 146 356 73 158 473 159 89
leaf_count=156 67 63 140 1700 42 112 131 146 356 73 158 473 159 89
internal_value=0.000457838 0.000784367 0.000592268 0.00180082 0.00139306 -0.003125 0.00084375 -0.00539683 -0.00124224 0.0019898 0.00419417 -0.00344548 -0.00195291 -0.00746988
internal_weight=3865 3709 3646 2198 2131 431 319 188 1448 587 514 861 721 248
internal_count=3865 3709 3646 2198 2131 431 319 188 1448 587 514 861 721 248
is_linear=0
shrinkage=0.03


Tree=225
num_leaves=15
num_cat=0
split_feature=4 3 61 37 61 23 79 77 65 3 68 38 36 5
split_gain=6.95335 8.8356 9.09882 8.66941 6.13583 12.5298 10.9694 14.1833 10.4284 11.5047 9.66463 10.641 13.0212 11.8798
threshold=9.5000000000000018 6.7916666666569663 0.74081997373237707 2029.604431158931 0.0059564390913991461 1119.9874377250674 11.331508571641569 55.777269005775459 1.1683551765611404 20.125000000000004 0.03830095305861287 1826.4368761913927 0.29321839080459772 122.47222447395326
decision_type=2 2 8 8 10 10 8 10 10 2 10 8 10 10
left_child=4 3 -3 -2 10 6 7 -6 9 -8 11 -1 13 -13
right_child=1 2 -4 -5 5 -7 8 -9 -10 -11 -12 12 -14 -15
leaf_value=-0.013627728869814568 -0.43173955953900844 0.88783714186065521 -0.0037722693802141457 0.062049422533564956 -0.05448614394337184 -0.23804965061337099 0.0052296795211935173 -1.9103576903224404 -0.75330459210418055 0.41873304296740393 -0.14404440470726854 0.046499907215370194 1.0249462567907095 -0.094347377304336136
leaf_weight=397 56 86 52 42 961 43 1013 40 51 156 255 436 147 96
leaf_count=397 56 86 52 42 961 43 1013 40 51 156 255 436 147 96
internal_value=8.61169e-05 0.00506329 0.00992806 -0.00181818 -0.000241935 -0.00119205 -0.000877588 -0.00320359 0.00103194 0.00161538 0.00137387 0.00261838 0.00489706 0.00270169
internal_weight=3831 236 138 98 3595 2264 2221 1001 1220 1169 1331 1076 679 532
internal_count=3831 236 138 98 3595 2264 2221 1001 1220 1169 1331 1076 679 532
is_linear=0
shrinkage=0.03


Tree=226
num_leaves=15
num_cat=0
split_feature=17 77 79 42 48 68 80 74 29 16 80 25 66 41
split_gain=8.25508 11.4652 8.84552 15.5466 14.798 12.4477 9.0026 11.6166 17.3631 12.5035 9.51082 9.10989 8.76681 8.64311
threshold=5.0000000000000009 -60.861146926879876 63.183686050230783 129.44226276874545 49.557880282402046 -0.15093092527786464 85.216893911361709 33.141385805680208 0.95611144904028122 12.500000000000002 66.349470496177688 0.94312668463611871 241.35018157958987 81.341236352920546
decision_type=2 8 10 10 10 10 10 10 10 2 10 10 10 10
left_child=1 -1 6 4 5 -4 10 8 9 -8 -2 -12 -11 -6
right_child=2 -3 3 -5 13 -7 7 -9 -10 12 11 -13 -14 -15
leaf_value=-1.8725934079071678 0.0062305320967096841 0.026923680802209232 0.027451718871462416 -0.89323796198624039 0.15791045252719355 -0.32141810829663492 0.30401024880530131 0.70061735131322733 -0.79911342791419249 -0.15481479071066423 -0.52149383146729134 0.2839803755746142 0.70936772686963645 -0.0073485200709694568
leaf_weight=54 2490 50 46 61 49 54 334 140 82 234 102 44 52 54
leaf_count=54 2490 50 46 61 49 54 334 140 82 234 102 44 52 54
internal_value=0.000296335 -0.008 0.000528987 -0.00475472 -0.000735294 -0.00891089 0.000931302 0.00362989 0.00204836 0.00376812 6.82594e-05 -0.00734694 -0.000836237 0.00721154
internal_weight=3846 104 3742 264 203 100 3478 842 702 620 2636 146 286 103
internal_count=3846 104 3742 264 203 100 3478 842 702 620 2636 146 286 103
is_linear=0
shrinkage=0.03


Tree=227
num_leaves=15
num_cat=0
split_feature=77 7 82 49 16 3 16 67 85 77 35 7 64 36
split_gain=8.25658 10.8614 10.2149 12.1077 9.5419 8.06365 8.62636 8.31435 7.93542 7.76678 7.50247 21.8859 10.9531 12.9466
threshold=107.6919767856598 4965.4098579102001 85.006280938784286 7.5000000000000009 50.500000000000007 0.87500000000000011 1.0000000180025095e-35 25.668615078926095 84.058398882548019 -144.67806553840634 18.719761029411767 3153.3514119818815 6.5219206351290975 0.10507913139492088
decision_type=10 10 8 10 2 2 2 10 8 8 10 10 8 10
left_child=1 4 -2 -4 5 9 7 -7 -3 -1 -8 -12 -13 -14
right_child=2 8 3 -5 -6 6 10 -9 -10 -11 11 12 13 -15
leaf_value=0.016582679594891986 -0.53065014710167768 0.38229516521869211 -0.15654200058923182 0.36643207162609087 0.15546608375476184 -0.81686126394566794 -0.0070818132100128849 0.17538797320409433 0.024689079990223489 -0.90354616450826009 0.31124016241066532 0.29498725750073729 0.038919195889747835 -0.70075419434682518
leaf_weight=41 47 47 102 40 67 78 2606 42 111 51 242 118 75 103
leaf_count=41 47 47 102 40 67 78 2606 42 111 51 242 118 75 103
internal_value=-6.36436e-05 0.000259631 -0.00615789 -0.0020979 -9.63785e-05 -0.000321716 -7.35069e-05 -0.00793388 0.00792453 -0.00903226 0.000228935 0.00345083 -0.0020202 -0.00670391
internal_weight=3770 3581 189 142 3423 3356 3264 120 158 92 3144 538 296 178
internal_count=3770 3581 189 142 3423 3356 3264 120 158 92 3144 538 296 178
is_linear=0
shrinkage=0.03


Tree=228
num_leaves=15
num_cat=0
split_feature=4 0 77 60 42 72 35 81 44 28 33 29 16 64
split_gain=8.8854 15.1274 18.3981 14.2842 16.5298 13.7348 14.7703 14.7497 17.8231 11.6029 11.5531 11.8486 11.5175 11.0484
threshold=7.5000000000000009 106.50000000000001 -241.54876583814618 9.1268948316574114 100.59478127956392 10.774018764495851 22.480780531425655 9038.4425308704394 85.178697466850295 189.50000000000003 14.001515151515154 0.94651306089214604 38.500000000000007 4.7641529442076447
decision_type=2 2 10 8 10 8 10 8 10 2 10 10 2 10
left_child=3 5 -3 13 -5 6 7 9 -9 -2 11 -7 -6 -1
right_child=1 2 -4 4 12 10 -8 8 -10 -11 -12 -13 -14 -15
leaf_value=-0.1702891694402382 0.36722565072675145 -0.35358819097234373 0.68566807539231378 0.032168837103705779 -0.027361206239822831 0.046089161907613398 1.005079368096693 -0.46702948421869273 0.20594960618561586 0.0098132229212022221 -0.16911629531302041 -0.41736302460562341 -0.60324038767444288 -2.1779898507139852
leaf_weight=286 146 112 330 1011 571 346 56 132 49 201 360 114 71 50
leaf_count=286 146 112 330 1011 571 346 56 132 49 201 360 114 71 50
internal_value=-0.000101668 0.00139686 0.00623025 -0.00149246 -0.000344619 -0.000128114 0.00338462 0.00181474 -0.00510989 0.00543103 -0.00263094 0.000520607 -0.00410575 -0.00712166
internal_weight=3835 1846 442 1989 1653 1404 584 528 181 347 820 460 642 336
internal_count=3835 1846 442 1989 1653 1404 584 528 181 347 820 460 642 336
is_linear=0
shrinkage=0.03


Tree=229
num_leaves=15
num_cat=0
split_feature=8 57 28 7 35 27 77 41 66 35 70 50 42 42
split_gain=8.79628 14.2881 12.7016 11.2237 10.9755 10.16 12.7814 8.5933 10.9655 11.6229 15.7372 13.1734 10.8554 19.0766
threshold=6.0885345621350027 4.5000000000000009 287.50000000000006 4484.0249221317981 19.880871212121217 0.92483376070233392 -50.444788813590996 -90.091878294944749 -296.94888293743128 8.9412121212121232 0.8973684210526317 3091.5617064237599 37.93373095989228 44.50621676445008
decision_type=10 8 2 10 10 10 10 10 8 8 10 8 10 10
left_child=7 5 3 -3 -4 6 -2 8 -1 10 11 -10 -9 -14
right_child=1 2 4 -5 -6 -7 -8 12 9 -11 -12 -13 13 -15
leaf_value=-1.1008713362641178 0.53012280222481689 0.046861569451906275 -0.10483503525452804 -0.22122129144430452 0.67371029507914937 1.7216735313807028 -0.14980459419182779 -0.059784987258593665 0.67314611183928874 0.17086824347404547 -0.71712049781897569 -0.27756288244200183 0.69625666134992392 -0.0019575507764526632
leaf_weight=63 58 40 42 103 63 50 47 1263 46 377 42 64 77 1473
leaf_count=63 58 40 42 103 63 50 47 1263 46 377 42 64 77 1473
internal_value=4.72565e-05 0.00423267 -0.000240964 -0.00604167 0.00764151 0.0113462 0.0059434 -0.000449207 0.00283305 0.00424528 -0.0027451 0.00324324 -0.00114072 0.000541586
internal_weight=3808 403 248 143 105 155 105 3405 592 529 152 110 2813 1550
internal_count=3808 403 248 143 105 155 105 3405 592 529 152 110 2813 1550
is_linear=0
shrinkage=0.03


Tree=230
num_leaves=15
num_cat=0
split_feature=66 70 45 42 17 69 0 58 41 29 37 80 64 81
split_gain=9.0007 10.3481 7.42143 6.63713 5.57326 9.54243 8.31519 7.71685 11.1375 9.45078 11.6702 11.5145 17.0551 15.5565
threshold=-269.19951641559595 0.92582417582417598 6.5000000000000009 -208.83164739608762 5.0000000000000009 -15.479535174524607 401.50000000000006 1553.4712911844256 405.10230302810675 0.88536888379204903 2253.7379144897664 -57.692863583564751 4.2851443425489268 4536.5667403936395
decision_type=8 10 10 8 2 10 2 10 10 10 10 8 8 8
left_child=1 -1 -3 -2 5 -5 7 8 9 11 -11 12 -6 -13
right_child=3 2 -4 4 6 -7 -8 -9 -10 10 -12 13 -14 -15
leaf_value=-0.91414425636814511 0.74487544134522254 -1.0678451961761941 0.19650063351478933 0.11849038915078268 -0.87197677820948605 -0.8783152613882288 0.59028979230017697 -0.088774564603991413 -0.65414854275317014 -0.021600509986076981 0.66499324455420417 0.86062223881726807 0.025768976146948331 0.042482720667583712
leaf_weight=40 62 51 57 40 65 65 65 198 52 2135 162 68 148 628
leaf_count=40 62 51 57 40 65 65 65 198 52 2135 162 68 148 628
internal_value=-0.000422205 -0.00765101 -0.00275229 -0.000130117 -0.000297767 -0.00707547 -9.36968e-05 -0.000295054 5.52317e-05 0.000280636 -0.000744125 0.00286813 -0.0032243 0.00473458
internal_weight=3836 148 108 3688 3626 105 3521 3456 3258 3206 2297 909 213 696
internal_count=3836 148 108 3688 3626 105 3521 3456 3258 3206 2297 909 213 696
is_linear=0
shrinkage=0.03


Tree=231
num_leaves=15
num_cat=0
split_feature=81 8 60 39 25 81 77 69 64 8 39 69 0 85
split_gain=8.75127 13.4853 14.4681 17.3805 12.4432 22.7842 15.6149 13.3708 13.3223 16.6949 18.8314 13.4378 12.3364 14.7175
threshold=4632.2083827257165 1.660098688516747 92.673679947853103 3727.8012230432819 0.92740447957839278 5907.5514587163934 -146.72816359996793 -239.52866626835137 4.2294561776210484 5.6488499421908083 1561.5185058257553 -100.78605152213107 -4.4999999999999991 -89.090974450111375
decision_type=8 10 8 10 8 8 8 8 10 8 10 8 2 8
left_child=1 -1 -3 -4 5 -2 -6 -7 9 10 -9 -10 -8 -14
right_child=4 2 3 -5 6 7 12 8 11 -11 -12 -13 13 -15
leaf_value=-0.20807908164445318 -0.79793670086925172 0.0016716220307651851 0.57460768138304841 -0.60595733420856202 0.26600281853890528 0.26761601395108725 -0.11778340989840583 -0.0035840834715299662 -0.22279053832641402 0.051962468202684735 -0.29556466118655716 0.15267501908885031 0.68731469564129133 0.0039277791633338666
leaf_weight=192 122 432 327 40 228 93 231 355 122 157 556 360 49 541
leaf_count=192 122 432 327 40 228 93 231 355 122 157 556 360 49 541
internal_value=-0.00027588 0.00214718 0.0038625 0.0082337 -0.00112966 -0.00266704 0.00145714 -0.00173358 -0.00239845 -0.00426567 -0.00582237 0.00173913 -0.000474453 0.00182741
internal_weight=3805 991 799 367 2814 1765 1049 1643 1550 1068 911 482 821 590
internal_count=3805 991 799 367 2814 1765 1049 1643 1550 1068 911 482 821 590
is_linear=0
shrinkage=0.03


Tree=232
num_leaves=15
num_cat=0
split_feature=17 16 81 58 48 31 65 16 35 53 65 84 31 82
split_gain=9.16791 9.69771 12.075 10.2433 8.27386 7.82995 15.9863 14.4124 13.2949 14.7075 13.1232 13.3428 12.1291 14.1597
threshold=71.500000000000014 45.500000000000007 26965.108477473263 62.978373885154731 61.637482484181731 17.101785714285722 0.92926644237299272 13.500000000000002 17.533241758241761 6.5000000000000009 0.87099118221651706 58.91614758968354 28.116666666666671 156.87777948379519
decision_type=2 2 10 10 10 8 10 2 10 10 8 10 10 8
left_child=1 2 5 -3 -4 -1 7 -7 -8 -10 -9 -12 13 -11
right_child=-2 3 4 -5 -6 6 8 10 9 12 11 -13 -14 -15
leaf_value=0.023525251957220793 1.7704923490584845 0.40408221816126028 -0.4295800151882368 0.0073982971758942634 -0.032210526328305775 0.095483186662507255 -0.45932478658545023 -0.72369143862596375 -1.3720998223003824 0.63865453104129866 0.01159871072736574 -0.42928295956150919 -0.34599077622716706 -0.032022562838374069
leaf_weight=2310 42 40 50 89 66 353 208 40 42 109 307 63 69 79
leaf_count=2310 42 40 50 89 66 353 208 40 42 109 307 63 69 79
internal_value=0.000178387 2.35233e-05 -0.00025967 0.00807692 -0.00974359 5.02653e-05 -0.00184107 0.000903141 -0.00596457 -0.0019 -0.00291971 -0.00113208 0.000813953 0.0047619
internal_weight=3867 3825 3696 129 116 3580 1270 763 507 299 410 370 257 188
internal_count=3867 3825 3696 129 116 3580 1270 763 507 299 410 370 257 188
is_linear=0
shrinkage=0.03


Tree=233
num_leaves=15
num_cat=0
split_feature=30 82 65 49 83 13 39 41 73 50 73 62 60 56
split_gain=7.94623 8.8875 10.4157 12.1022 13.0412 10.3175 10.1063 9.20991 10.1965 8.7921 8.22662 12.7529 10.9637 11.0202
threshold=6.2500000000000009 42.044564406077079 1.038497244806398 8.5000000000000018 -92.810886025428758 3090.0000000000005 1459.1621465712117 73.256533861160293 15.494112730026247 237.55865705013278 14.654325366020204 -0.17255199262893636 233.78114628791812 4.3119398355484018
decision_type=8 8 10 10 8 8 10 10 10 10 10 10 10 10
left_child=1 2 3 4 6 10 9 8 -6 -1 12 -12 -3 -14
right_child=-2 5 -4 -5 7 -7 -8 -9 -10 -11 11 -13 13 -15
leaf_value=0.16211583511119529 -0.022792844310597162 0.0069411665012247426 0.17879912250638588 -0.50367341159790424 0.13565926639387049 -0.40528301524624077 0.81432346322237492 -0.32824217259241717 -0.29453497240553045 -0.359914238484353 1.3981888314479638 0.17124591933527511 0.65690650098404235 0.13684120875912917
leaf_weight=41 2307 584 104 127 110 47 57 72 41 40 50 65 48 173
leaf_count=41 2307 584 104 127 110 47 57 72 41 40 50 65 48 173
internal_value=-0.000480993 0.00117308 -0.00172007 -0.00355828 -0.000745856 0.00294421 0.00647482 -0.00522321 -0.000986842 -0.000365854 0.00364821 0.0111207 0.00256824 0.00824324
internal_weight=3866 1559 592 488 361 967 138 223 151 81 920 115 805 221
internal_count=3866 1559 592 488 361 967 138 223 151 81 920 115 805 221
is_linear=0
shrinkage=0.03


Tree=234
num_leaves=15
num_cat=0
split_feature=83 81 62 61 39 41 1 0 38 3 3 28 17 39
split_gain=8.35555 14.2777 14.4351 14.8545 12.6566 11.4994 10.8371 13.8531 10.5708 12.5463 21.9116 18.7454 14.2477 10.291
threshold=-55.942715644836419 14235.45507335663 -0.18919452397090217 0.97435057616570842 1522.1359823802065 40.624070882797248 666.52870881557476 189.50000000000003 3353.4609590957102 13.291666666656967 17.291666666656969 234.50000000000003 37.500000000000007 2329.3634880649306
decision_type=8 10 8 8 10 10 2 2 8 2 2 2 2 8
left_child=1 2 -1 8 -5 -3 7 13 9 12 -11 -12 -4 -2
right_child=6 5 3 4 -6 -7 -8 -9 -10 10 11 -13 -14 -15
leaf_value=0.42071117737135677 0.071593215286292672 -0.030166473193417337 -1.0291480963705149 -0.17723662959933853 0.51024199693159267 0.71523773719345207 -0.034027254192128306 0.43742065447967821 -0.6449362004423671 0.26077511036162138 -0.57326751296658418 0.24284170826253926 0.030106518656251399 -0.025319538251654828
leaf_weight=61 1026 48 99 93 94 67 1047 238 113 129 113 47 56 624
leaf_count=61 1026 48 99 93 94 67 1047 238 113 129 113 47 56 624
internal_value=0.000147822 -0.00234528 -0.00375931 -0.00491275 0.00239362 0.0075 0.000929837 0.00228692 -0.00736559 -0.00525843 -0.00155172 -0.0089441 -0.0121154 0.0013083
internal_weight=3855 920 805 744 187 115 2935 1888 557 444 289 160 155 1650
internal_count=3855 920 805 744 187 115 2935 1888 557 444 289 160 155 1650
is_linear=0
shrinkage=0.03


Tree=235
num_leaves=15
num_cat=0
split_feature=67 30 70 42 30 82 68 81 30 84 8 27 31 5
split_gain=11.2762 7.84139 15.6159 11.7715 10.4897 10.0331 10.4731 12.1745 14.574 9.41186 9.99937 8.49419 11.7685 8.36143
threshold=-261.95527132919852 6.2500000000000009 0.83974358974358987 -165.84910857677457 7.5500000000000007 59.333262999852508 -0.017355510747197347 8584.5142171382922 1.7500000000000002 -98.278627614180223 4.1116967280546719 0.96623785485534397 13.295833333333336 68.534242630004897
decision_type=8 8 8 8 10 8 10 10 10 8 10 10 8 10
left_child=-1 2 -2 -4 -3 6 9 8 -8 -5 -11 12 -7 -6
right_child=1 4 3 5 13 11 7 -9 -10 10 -12 -13 -14 -15
leaf_value=-0.85734035588812929 0.31660608784203043 -0.2736444443232971 0.58203627305961869 0.35426340095650383 0.0006883202817467548 0.40572800275122511 -0.33423653447322421 -0.7936776023442097 0.19149885788175941 -0.19957247229746428 0.12457378760161703 -0.083516700290595366 -0.084968109675587225 -0.082708002101226044
leaf_weight=69 197 78 83 82 1616 308 133 47 51 165 67 216 163 506
leaf_count=69 197 78 83 82 1616 308 133 47 51 165 67 216 163 506
internal_value=-0.000499736 -0.00027471 0.00138797 0.000205167 -0.00141754 -0.00053528 -0.00357143 -0.00840517 -0.00486486 0 -0.00309013 0.001875 0.00413136 -0.00101743
internal_weight=3781 3712 1512 1315 2200 1232 545 231 184 314 232 687 471 2122
internal_count=3781 3712 1512 1315 2200 1232 545 231 184 314 232 687 471 2122
is_linear=0
shrinkage=0.03


Tree=236
num_leaves=15
num_cat=0
split_feature=51 53 42 81 23 70 82 52 14 63 57 57 27 25
split_gain=10.1553 11.9138 11.6068 9.0451 11.115 8.82627 11.1124 11.2793 10.7204 10.9132 10.5217 10.3768 17.1724 13.328
threshold=-1496.5686182975767 19.500000000000004 404.72275054454809 17783.19362342358 4.7267011404037484 0.91287878787878796 -15.64113014936447 17.646703720092777 131.85093289409218 -190.91995465443358 7.5000000000000009 7.5000000000000009 0.92180706521739142 0.86984754376058737
decision_type=8 10 10 8 10 10 8 8 8 8 10 10 10 10
left_child=3 2 5 4 -1 6 10 -8 -9 -10 -2 13 -13 -7
right_child=1 -3 -4 -5 -6 11 7 8 9 -11 -12 12 -14 -15
leaf_value=0.40646993808858894 0.76374196204361744 0.39789982687071185 -0.71986976462692953 -0.31454337889073497 -0.061978785767514116 0.21246671382223695 -0.63849238415627396 -0.24729507164035414 -0.39694071523951152 0.059975220883593916 0.0099576352527866157 -0.018028640734527767 0.20022267472847874 -0.20330432948763513
leaf_weight=41 87 43 58 115 135 121 68 58 54 742 61 1253 459 584
leaf_count=41 87 43 58 115 135 121 68 58 54 742 61 1253 459 584
internal_value=-0.000270619 0.000167177 -2.53807e-05 -0.00565068 -0.00135593 0.000197821 0.00246499 0.0012351 0.00217544 0.00308657 0.0100671 -0.000806452 0.000455342 -0.00386686
internal_weight=3879 3588 3545 291 176 3487 1070 922 854 796 148 2417 1712 705
internal_count=3879 3588 3545 291 176 3487 1070 922 854 796 148 2417 1712 705
is_linear=0
shrinkage=0.03


Tree=237
num_leaves=15
num_cat=0
split_feature=61 62 16 3 6 42 40 49 0 80 24 52 66 41
split_gain=8.50851 10.4942 10.647 8.37509 7.78858 11.4287 9.77418 11.2135 10.9541 9.6712 9.99835 15.9048 8.7419 8.70132
threshold=0.0059564390913991461 -0.1874565629588561 13.500000000000002 11.791666666656967 690.00000000000011 39.35622692108155 43.884955955166269 11.500000000000002 -60.499999999999993 -86.364744067192063 32.500000000000007 52.098933339118965 -87.551567554473863 408.78963303565985
decision_type=8 10 2 2 8 8 10 10 2 8 2 10 8 10
left_child=1 -1 3 -3 5 6 -2 8 12 -7 -11 -12 -8 -6
right_child=4 2 -4 -5 13 9 7 -9 -10 10 11 -13 -14 -15
leaf_value=0.45004213885903027 0.25748042145465533 -0.11348449597399936 -0.26529786913316578 0.49847360568420268 -0.021742064384793647 -0.16106600268279775 -0.054858882330381685 0.22793506124466781 -0.013682443861260118 0.30571113556012453 -0.085376736372634224 0.30281247535153238 -0.87026624294094657 -0.4723881364339208
leaf_weight=87 85 44 101 90 2195 50 68 41 408 233 144 168 70 68
leaf_count=87 85 44 101 90 2195 50 68 41 408 233 144 168 70 68
internal_value=-0.00020244 0.0044582 0.00114407 0.00666667 -0.000628717 0.00125394 -0.00142645 -0.00280612 -0.00394881 0.00427852 0.00543956 0.00191693 -0.011223 -0.00168286
internal_weight=3852 322 235 134 3530 1267 672 587 546 595 545 312 138 2263
internal_count=3852 322 235 134 3530 1267 672 587 546 595 545 312 138 2263
is_linear=0
shrinkage=0.03


Tree=238
num_leaves=15
num_cat=0
split_feature=42 1 53 51 62 60 72 62 29 7 81 82 83 38
split_gain=7.33465 6.59513 12.5902 9.59867 9.76733 18.1296 8.39703 7.98493 8.78872 7.90669 7.71211 10.2146 9.56555 8.20798
threshold=-257.1919234991073 674.27329885959637 7.5000000000000009 -1623.9221509695051 -0.17255199262893636 9.1268948316574114 45.423985242843635 -0.21841738588089057 0.97601742919389989 5123.2697457641034 12823.405127525331 -56.8056052327156 38.909331560134895 2859.2081759926218
decision_type=8 2 8 8 8 8 10 8 10 10 10 8 10 10
left_child=-1 2 7 -4 5 -5 -3 -2 -9 10 11 -6 -12 -13
right_child=1 6 3 4 9 -7 -8 8 -10 -11 12 13 -14 -15
leaf_value=1.8068627460109543 0.10516151758750694 -0.043810567228233649 -0.13235841866372333 0.57042054660323405 -0.22066503821493413 -0.25157438066893817 0.2341956083441725 -0.12524563234487066 0.19462646780246218 0.36688726118816056 0.11220609912880036 0.031966246739561964 -0.20907287005187353 0.2981390415204605
leaf_weight=46 65 1203 112 52 65 109 64 780 79 72 67 636 50 437
leaf_count=46 65 1203 112 52 65 109 64 780 79 72 67 636 50 437
internal_value=-0.000289213 -0.000435127 0.000451485 0.00206121 0.0026998 -0.00425926 -0.00220032 -0.00233514 -0.00310465 0.00354669 0.00298567 0.00374012 -0.00432203 0.00444134
internal_weight=3837 3791 2524 1600 1488 161 1267 924 859 1327 1255 1138 117 1073
internal_count=3837 3791 2524 1600 1488 161 1267 924 859 1327 1255 1138 117 1073
is_linear=0
shrinkage=0.03


Tree=239
num_leaves=15
num_cat=0
split_feature=31 60 42 32 70 2 42 32 31 1 8 15 16 3
split_gain=8.63735 9.15974 9.21663 17.5995 11.791 14.2521 13.3299 12.0765 14.0911 11.0765 10.0767 11.0044 9.14398 11.2201
threshold=7.5548951048951061 399.84055447578436 37.93373095989228 0.39208074534161497 0.07417582417582419 1.0000000180025095e-35 32.666117668151863 0.31698564593301443 9.0263725490196105 626.95470333099377 4.4521207047425317 6.5000000000000009 45.500000000000007 5.6250000000000009
decision_type=8 10 8 10 10 2 10 8 8 2 10 2 2 2
left_child=12 2 4 -4 -2 6 7 -6 -9 -10 11 -11 13 -1
right_child=1 -3 3 -5 5 -7 -8 8 9 10 -12 -13 -14 -15
leaf_value=-0.36275721881668471 -0.23897911668118951 -0.57002362580202859 0.030133609919746805 -0.29896240261903634 -0.068276511422041858 0.070247536760952703 -0.46527607968704399 -0.48082151870049827 0.48876209427635248 0.60938397818604462 0.26458571079730914 -0.47828864460629206 0.52269717872849852 0.069413235290901404
leaf_weight=60 128 49 1258 132 950 52 55 48 63 41 55 85 40 836
leaf_count=60 128 49 1258 132 950 52 55 48 63 41 55 85 40 836
internal_value=-0.000264729 -0.00106959 -0.00084728 0.000905823 -0.00249662 -0.00166667 -0.00228814 -0.00164119 0.00368601 0.00661224 0.0028022 -0.00188976 0.0022412 0.00160535
internal_weight=3852 2916 2867 1390 1477 1349 1297 1242 292 244 181 126 936 896
internal_count=3852 2916 2867 1390 1477 1349 1297 1242 292 244 181 126 936 896
is_linear=0
shrinkage=0.03


Tree=240
num_leaves=15
num_cat=0
split_feature=28 4 27 68 28 39 29 8 39 25 81 16 27 39
split_gain=8.4065 6.78141 17.2692 10.7004 18.2452 14.2094 12.0054 10.7967 12.0673 9.80051 9.64593 19.1519 13.1903 11.8483
threshold=497.50000000000006 8.5000000000000018 0.95529051172707902 0.1076607220184599 287.50000000000006 3330.2521821177465 0.21427763641504102 5.5145890019369377 1779.2051877915781 0.9536672629695887 4536.5667403936395 38.500000000000007 0.94313562453806365 729.56774479631076
decision_type=2 2 10 8 2 10 10 8 10 8 8 2 10 8
left_child=1 9 3 4 5 -3 -5 8 -8 10 11 12 -1 -12
right_child=-2 2 -4 6 -6 -7 7 -9 -10 -11 13 -13 -14 -15
leaf_value=0.11251249994067099 -0.54910786478416518 0.022459929897556422 -0.24179678660668158 -0.018005251981326534 1.1022116394024564 -0.33160862862295054 0.47946072392812467 1.6516605933716593 0.0211011208150572 0.042203071355303996 0.05387561340044577 -0.32830479560133113 -0.30396001449600796 -0.09225525851889102
leaf_weight=502 46 351 104 66 78 75 64 60 92 718 174 49 40 1421
leaf_count=502 46 351 104 66 78 75 64 60 92 718 174 49 40 1421
internal_value=-0.000156209 0 0.00228956 0.00381194 0.00118812 -0.00126464 0.00848057 0.0118894 0.00764331 -0.000702238 -0.00170096 0.00157095 0.00320442 -0.00291353
internal_weight=3840 3794 890 786 504 426 282 216 156 2904 2186 591 542 1595
internal_count=3840 3794 890 786 504 426 282 216 156 2904 2186 591 542 1595
is_linear=0
shrinkage=0.03


Tree=241
num_leaves=15
num_cat=0
split_feature=34 42 16 77 3 72 16 72 3 72 3 82 31 5
split_gain=8.97705 14.2327 10.9749 11.2173 10.8862 21.5978 19.7526 14.0512 11.2074 12.6155 12.463 10.6303 9.72394 10.4459
threshold=0.2228132387706856 40.758834481239326 26.500000000000004 -285.94808512926096 16.291666666656969 11.597105622291567 9.5000000000000018 -18.350808382034298 12.625000000000002 -72.484111905097947 7.4583333333430355 245.0300513505936 14.833809523809526 31.086881637573246
decision_type=10 8 2 8 2 8 2 10 2 8 2 10 10 10
left_child=1 4 3 -3 6 -6 7 -1 10 -10 -8 12 -2 -14
right_child=11 2 -4 -5 5 -7 8 -9 9 -11 -12 -13 13 -15
leaf_value=-0.80288486525775871 -0.0099490333110378512 -0.027556673930100761 -0.031089881020826205 0.19203175603930678 0.18713703934318288 -0.14351474890694366 -0.027908748831367389 0.0020133129134490167 -1.053061288527626 0.017311727768158782 0.55190097299721974 1.4057968556596288 -0.013530369902821774 -0.50892661231749969
leaf_weight=136 1591 72 162 560 211 118 103 63 46 72 141 53 225 245
leaf_count=136 1591 72 162 560 211 118 103 63 46 72 141 53 225 245
internal_value=-0.00017373 0.00145994 0.00437736 0.00616114 -0.00114478 0.00318182 -0.00368327 -0.01125 0.000495868 -0.00705882 0.00416327 -0.00147518 -0.00181862 -0.0056051
internal_weight=3798 1684 794 632 890 329 561 199 362 118 244 2114 2061 470
internal_count=3798 1684 794 632 890 329 561 199 362 118 244 2114 2061 470
is_linear=0
shrinkage=0.03


Tree=242
num_leaves=15
num_cat=0
split_feature=6 42 41 16 36 22 41 34 71 63 69 83 51 79
split_gain=8.31761 12.049 13.927 13.4334 12.3357 11.1503 10.8407 12.4137 10.3787 13.2308 9.1943 8.98284 8.77594 10.5065
threshold=690.00000000000011 102.28492653369905 45.230598330497749 34.500000000000007 0.26221550214865513 13.034242630004885 137.56313264369967 0.2228132387706856 10.500000000000002 -149.6170428828494 -88.179022160611922 -82.208390951156602 -128.53424263000485 15.190675172892931
decision_type=10 10 8 2 10 2 10 10 8 10 10 8 8 8
left_child=6 2 5 11 -5 8 12 -8 9 -2 -11 -4 13 -1
right_child=1 -3 3 4 -6 -7 7 -9 -10 10 -12 -13 -14 -15
leaf_value=-0.33485570768474543 0.0035121228575209287 -0.076768025191734632 0.31606305711878258 0.024967285791884192 0.84289406526954547 -0.51443477984792652 0.4572643815390865 0.022399036023870878 0.0099027388556980154 -0.95535668428169729 -0.29143806590405619 -0.023071851829469452 0.023086255285981263 0.010754628599384562
leaf_weight=55 156 703 105 53 60 74 117 154 728 44 75 312 1107 79
leaf_count=55 156 703 105 53 60 74 117 154 728 44 75 312 1107 79
internal_value=1.56945e-05 -0.0011164 0.000317164 0.00429379 0.0134211 -0.00164193 0.00174488 0.00716912 -0.000806773 -0.00576087 -0.01325 0.00179426 0.000555556 -0.00666667
internal_weight=3822 2310 1607 530 113 1077 1512 271 1003 275 119 417 1241 134
internal_count=3822 2310 1607 530 113 1077 1512 271 1003 275 119 417 1241 134
is_linear=0
shrinkage=0.03


Tree=243
num_leaves=15
num_cat=0
split_feature=50 48 9 75 58 0 14 28 85 1 42 29 29 61
split_gain=8.42814 9.07804 9.16609 9.47201 8.34642 11.733 9.29056 10.3829 9.98637 8.87588 7.76666 10.5254 12.757 9.43332
threshold=3164.9433181285863 420.30523606141418 2490.0000000000005 2195.9903212785725 1470.128134608269 401.50000000000006 817.9126611848352 485.00000000000006 156.58271821339929 717.02162611484539 126.79964375495912 0.9400460829493088 0.95657137184832253 0.021590878864509302
decision_type=10 10 2 10 10 2 10 2 8 2 10 10 10 8
left_child=1 2 4 -4 5 6 7 10 -8 -10 -1 13 -13 -12
right_child=-2 -3 3 -5 -6 -7 8 -9 9 -11 11 12 -14 -15
leaf_value=0.0091488186020640908 -0.24791413799137926 -0.4419272408875185 0.78006736279975208 0.042153241342095131 -0.14382844466038006 2.1040704548949165 -0.031139947975613095 -0.59994382865036211 0.58153191844961116 0.014292996421903625 0.188383239083801 0.98826626946733909 -0.33138281443052497 -0.18844274906617836
leaf_weight=2467 96 41 49 67 100 46 122 49 96 61 57 50 56 470
leaf_count=2467 96 41 49 67 100 46 122 49 96 61 57 50 56 470
internal_value=7.05329e-05 0.000297428 0.000455161 0.00871795 0.000184615 0.000431655 0.000227472 -0.000238095 0.00546429 0.010443 -1.93486e-05 -0.00298107 0.00560748 -0.00471591
internal_weight=3827 3731 3690 116 3574 3474 3428 3149 279 157 3100 633 106 527
internal_count=3827 3731 3690 116 3574 3474 3428 3149 279 157 3100 633 106 527
is_linear=0
shrinkage=0.03


Tree=244
num_leaves=15
num_cat=0
split_feature=74 66 79 79 31 29 77 77 26 15 36 17 41 53
split_gain=10.3399 10.9727 9.65762 13.5334 13.5052 12.4841 11.1558 15.6857 10.6235 9.41388 9.20954 16.8303 21.9988 15.5386
threshold=2445.040148583158 -301.5292574167251 63.183686050230783 30.851612822748645 18.574888888888889 0.92137284725970281 107.6919767856598 147.41154003143313 98.500000000000014 33.500000000000007 0.24217986314760512 35.000000000000007 151.46789789199832 9.5000000000000018
decision_type=10 8 10 10 10 10 10 10 2 2 8 2 10 8
left_child=1 9 3 6 8 -5 10 -8 -4 -1 11 13 -13 -3
right_child=-2 2 4 5 -6 -7 7 -9 -10 -11 -12 12 -14 -15
leaf_value=-0.057382773757826244 -0.087057222858654471 0.11846000130613166 -0.5851091551923816 0.44877507646455728 0.11828211109644118 -0.15283058490592183 -0.49307129690204227 0.0083888035363100851 0.013446247589588987 -1.3921962456271237 -0.0021674525686268351 0.029604507787976124 -0.21034473870662515 1.0126363674544787
leaf_weight=48 173 331 122 97 54 55 61 92 48 49 1919 622 86 105
leaf_count=48 173 331 122 97 54 55 61 92 48 49 1919 622 86 105
internal_value=7.76598e-05 0.000414634 0.000684665 0.00108638 -0.00533333 0.00980392 0.000671433 -0.00720779 -0.00947368 -0.0094898 0.00106723 0.00319651 0.000338505 0.00782609
internal_weight=3862 3689 3592 3368 224 152 3216 153 170 97 3063 1144 708 436
internal_count=3862 3689 3592 3368 224 152 3216 153 170 97 3063 1144 708 436
is_linear=0
shrinkage=0.03


Tree=245
num_leaves=15
num_cat=0
split_feature=1 74 61 39 82 64 80 75 8 68 16 39 80 27
split_gain=7.97189 9.65268 7.80985 15.7269 12.1339 23.5861 11.3173 9.63824 13.4725 12.0947 11.8517 9.5982 14.2434 10.5189
threshold=837.52777552604687 60.376064931181332 0.023442666875573889 1493.2433538745202 10.028531670570375 3.7756686004186268 -79.522810459136949 743.50000000000011 3.491507242804738 0.011812562265405458 19.500000000000004 1571.3953473119409 -62.190250873565667 0.93868600071607611
decision_type=2 10 10 10 10 8 8 8 8 10 2 10 8 10
left_child=2 -2 3 7 5 -5 -7 9 -9 10 -1 12 -4 -14
right_child=1 -3 11 4 -6 6 -8 8 -10 -11 -12 -13 13 -15
leaf_value=-0.0053438402050998588 -0.5866302673505871 -0.016507827489252093 -0.4155264877382398 -0.77669395041754563 0.38303785188798256 0.46351630312071163 0.011826658706185791 -0.38647979229985985 0.0055027700905533189 -0.25559148409982724 1.1927861427786197 -0.066366361177049096 0.19262671166692791 -0.013249764780530478
leaf_weight=52 41 73 170 40 375 67 471 182 158 66 72 1333 506 218
leaf_count=52 41 73 170 40 375 67 471 182 158 66 72 1333 506 218
internal_value=-4.70588e-05 -0.00782609 0.000194018 0.00188005 0.00418239 0.00145078 0.00311688 -0.00225989 -0.00527859 0.00314136 0.00864 -0.000929084 0.00147486 0.00331034
internal_weight=3824 114 3710 1483 953 578 538 530 340 190 124 2227 894 724
internal_count=3824 114 3710 1483 953 578 538 530 340 190 124 2227 894 724
is_linear=0
shrinkage=0.03


Tree=246
num_leaves=15
num_cat=0
split_feature=77 81 81 57 77 24 59 16 8 30 81 70 0 61
split_gain=7.18212 15.8109 12.6996 12.696 8.0694 13.4003 10.3704 7.7318 7.80152 11.8361 11.7479 11.1805 10.2479 9.33113
threshold=57.194347918033607 5990.9979743957529 7381.426011443139 8.5000000000000018 15.967813551425936 56.500000000000007 -165.72670114040372 1.0000000180025095e-35 4.1116967280546719 25.450000000000003 7776.2150688171396 0.11805555555555557 -39.499999999999993 0.50285990360397681
decision_type=10 8 10 10 10 2 8 2 8 8 8 8 2 10
left_child=4 -2 3 -3 7 6 -6 -1 -9 13 -11 -12 -13 -10
right_child=1 2 -4 -5 5 -7 -8 8 9 10 11 12 -14 -15
leaf_value=-0.3336685070944706 -1.1985429404313575 -0.019945999143374891 -0.57440815941308954 0.50310030268183104 -0.2231339859944228 1.6893668394518992 0.24676226818048802 -0.015854212228295948 0.026525534323306201 0.14578977027540918 -0.2740870470707038 -0.94747662237318175 -0.010897548842860098 0.34126526993378037
leaf_weight=113 44 120 57 49 93 40 198 1815 707 123 40 45 200 175
leaf_count=113 44 120 57 49 93 40 198 1815 707 123 40 45 200 175
internal_value=-0.000384817 -0.00509225 -0.00185022 0.00229412 -2.53521e-05 0.00442771 0.00215753 -0.000484623 -0.000202833 0.00158017 -0.00264059 -0.00597902 -0.00353659 0.00353341
internal_weight=3819 270 226 169 3549 331 291 3218 3105 1290 408 285 245 882
internal_count=3819 270 226 169 3549 331 291 3218 3105 1290 408 285 245 882
is_linear=0
shrinkage=0.03


Tree=247
num_leaves=15
num_cat=0
split_feature=0 77 83 4 36 37 24 46 14 34 39 79 69 27
split_gain=9.50233 15.1332 16.1464 12.2216 20.4363 13.1034 11.9174 11.7901 12.0738 11.5176 11.0296 10.7184 11.4806 10.7653
threshold=-4.4999999999999991 -183.1619641780853 256.42899131774908 7.5000000000000009 0.1977383082034245 260.87387675962481 20.500000000000004 690.00000000000011 373.6121612033748 0.24037037037037037 2222.745881505964 2.7067791298784489 -35.755322968679181 0.89172907847606653
decision_type=2 10 8 2 10 8 2 8 10 10 10 10 10 10
left_child=1 11 3 5 -5 -3 -4 8 -2 -8 -6 13 -13 -1
right_child=7 2 6 4 10 -7 9 -9 -10 -11 -12 12 -14 -15
leaf_value=0.080109312156592768 0.0067587601240941689 0.25242741448879374 -0.27610790642474708 0.24337753367123327 -0.20967301048769788 -0.94754710583326651 -0.029920868038302999 0.0018572956068082336 1.1714683243150994 0.82742635824066091 -0.85405570131785935 0.13734704615008247 -0.066109144244881457 -0.6309975905459978
leaf_weight=47 101 41 47 85 94 200 50 2484 84 47 48 329 99 75
leaf_count=47 101 41 47 85 94 200 50 2484 84 47 48 329 99 75
internal_value=-0.000367954 -0.00263113 -0.00587276 -0.00857143 -0.00355263 -0.0132645 0.00289655 0.000617978 0.00790323 0.00887755 -0.0104895 0.000980036 0.00321678 -0.00682927
internal_weight=3831 1162 612 468 227 241 144 2669 185 97 142 550 428 122
internal_count=3831 1162 612 468 227 241 144 2669 185 97 142 550 428 122
is_linear=0
shrinkage=0.03


Tree=248
num_leaves=15
num_cat=0
split_feature=5 30 77 41 61 62 83 1 25 7 39 61 77 62
split_gain=8.97844 15.6989 12.5921 12.9486 13.7964 10.9618 10.719 10.4856 10.7294 11.9953 12.816 9.42279 9.2115 8.96172
threshold=73.694479584693923 6.1500000000000012 -285.94808512926096 106.43597352504732 0.3905425714441248 0.073463207274277881 73.615269303321853 659.08346462249767 0.87915297553851779 2721.2635747458485 2303.5626772213145 0.013577608716249542 19.379556417465214 -0.050917339704717228
decision_type=10 10 8 10 10 10 8 2 10 10 10 10 8 10
left_child=7 2 -2 4 13 12 -6 -1 -9 -10 -11 -12 -3 -4
right_child=1 5 3 -5 6 -7 -8 8 9 10 11 -13 -14 -15
leaf_value=0.059548226843933752 -0.4702867760900723 -0.44283119295271417 0.16085288384651314 -0.1306323558860556 0.66871863159928391 0.028512516728164208 0.4252861584212676 0.023886981607965898 -0.30472852416525653 0.2392514848182804 0.24325133837459326 -0.22645104223572263 -0.023923335013935447 -0.23641492191706845
leaf_weight=1058 54 258 192 223 43 128 86 474 445 184 139 272 142 75
leaf_count=1058 54 258 192 223 43 128 86 474 445 184 139 272 142 75
internal_value=-0.000230525 -0.00237105 0.000667656 0.0018871 0.00513854 -0.00623819 0.0131538 0.00076953 -0.000831683 -0.00253602 0.000251678 -0.00269417 -0.0086783 0.00123134
internal_weight=3773 1201 673 619 396 528 129 2572 1514 1040 595 411 400 267
internal_count=3773 1201 673 619 396 528 129 2572 1514 1040 595 411 400 267
is_linear=0
shrinkage=0.03


Tree=249
num_leaves=15
num_cat=0
split_feature=28 70 45 82 43 15 83 14 77 8 9 28 26 66
split_gain=9.05199 7.55208 9.13165 9.38761 11.5615 13.3417 14.392 10.9757 11.8537 10.9061 18.1576 13.6325 13.4934 12.7836
threshold=491.50000000000006 1.0000000180025095e-35 17.500000000000004 102.96407943964006 614.27774298932388 33.500000000000007 -8.6974576711654645 298.21026255639021 -181.98115479946134 3.829721678959157 210.00000000000003 283.50000000000006 61.500000000000007 -127.22491204738616
decision_type=2 8 10 8 10 2 8 10 10 10 2 2 2 10
left_child=1 -1 3 4 5 9 -7 -6 -9 10 -3 13 -12 -11
right_child=-2 2 -4 -5 7 6 -8 8 -10 11 12 -13 -14 -15
leaf_value=-0.039947937102803636 -0.56923024684328061 -0.40438315087899718 0.30019290017081407 0.028822962920184651 0.029701418196603199 0.4982496858371594 -0.00074154283086645429 -0.0042344922024103691 -0.63534456686573881 0.6341215157832012 -0.40240246272107383 -0.63685354880422818 0.021304714536832726 0.016916098659827589
leaf_weight=211 47 290 65 1570 133 88 103 104 196 162 90 49 456 309
leaf_count=211 47 290 65 1570 133 88 103 104 196 162 90 49 456 309
internal_value=-0.00017811 -1.56781e-05 0.000306969 0.00010138 -0.00127208 -5.81395e-05 0.00734375 -0.00559908 -0.00877076 -0.00110538 -0.00322581 0.00230326 0 0.00387712
internal_weight=3873 3826 3615 3550 1980 1547 191 433 300 1356 836 520 546 471
internal_count=3873 3826 3615 3550 1980 1547 191 433 300 1356 836 520 546 471
is_linear=0
shrinkage=0.03


Tree=250
num_leaves=15
num_cat=0
split_feature=67 16 76 67 64 1 53 29 0 29 65 77 28 65
split_gain=9.57739 7.28416 9.48863 7.91047 7.13126 6.35264 8.7391 9.4425 6.64781 12.1225 13.0305 14.9144 17.7224 12.7213
threshold=758.43548120771152 1.0000000180025095e-35 -36.556874513626092 -20.863396366437286 2.6854902946646462 794.27329885959637 8.5000000000000018 0.92165387894288153 -4.4999999999999991 0.87533783783783792 1.117639230353231 -45.014875531196587 232.50000000000003 1.0445755225996647
decision_type=10 2 8 10 8 2 10 10 2 10 10 10 2 8
left_child=1 3 -3 -1 -4 8 7 -7 9 -6 11 12 13 -11
right_child=-2 2 4 -5 5 6 -8 -9 -10 10 -12 -13 -14 -15
leaf_value=-0.76273600232527161 0.67199173524332756 0.51148761490475914 -0.48636774144741524 0.11275896679052437 -0.1305991451643029 0.15846050335343786 -0.40073637955957159 -0.36008625786067722 0.017233299068637402 0.3368256651071771 0.25914467218920972 0.76302798631856661 -0.296285166391619 -0.11363534224397001
leaf_weight=83 68 40 46 54 341 50 40 61 2245 117 131 91 126 292
leaf_count=83 68 40 46 54 341 50 40 61 2245 117 131 91 126 292
internal_value=0.000229794 2.42066e-05 0.000284837 -0.00673913 0.000118611 0.000274678 -0.00572368 -0.00133929 0.000547249 -0.00136488 0.000751979 -0.00105263 -0.00296642 7.31707e-05
internal_weight=3785 3717 3580 137 3540 3494 151 111 3343 1098 757 626 535 409
internal_count=3785 3717 3580 137 3540 3494 151 111 3343 1098 757 626 535 409
is_linear=0
shrinkage=0.03


Tree=251
num_leaves=15
num_cat=0
split_feature=28 68 3 56 80 25 68 27 43 3 14 43 76 70
split_gain=6.91738 11.8067 9.54345 11.7928 8.68726 7.94359 21.4981 14.2462 14.7167 13.3234 11.0054 10.2615 10.2398 10.3569
threshold=132.50000000000003 0.036799898664323635 21.208333333343038 -124.01919833819069 316.8799142837525 0.93377192982456159 1.0000000180025095e-35 0.97362624623232097 172.26647293182302 16.208333333343038 268.89878196464218 362.86389388212734 269.64633262157446 0.8973684210526317
decision_type=2 10 2 10 10 10 10 10 10 2 10 10 8 10
left_child=1 2 3 -1 5 12 7 8 -7 11 -8 -10 -2 -14
right_child=4 -3 -4 -5 -6 6 10 -9 9 -11 -12 -13 13 -15
leaf_value=0.021383726296617486 -0.16812072952535656 0.23760912581157931 0.72219915411554048 -0.1412798878146333 0.66506396654542221 0.97834654762245188 0.23230655211556037 -0.015876053438335119 0.8070197150203563 0.61140440360970327 -0.18089336807223164 -0.21025671526391962 0.043410059665506109 -0.015202025796136524
leaf_weight=91 225 50 47 344 94 167 115 178 52 77 274 84 481 1503
leaf_count=91 225 50 47 344 94 167 115 178 52 77 274 84 481 1503
internal_value=1.58604e-05 -0.00315197 -0.00459627 -0.00598624 0.00053522 0.000266075 0.00256329 0.00633274 0.0096063 0.00434579 -0.00284615 -0.00131387 -0.000719457 -3.02267e-05
internal_weight=3782 532 482 435 3250 3156 947 558 380 213 389 136 2209 1984
internal_count=3782 532 482 435 3250 3156 947 558 380 213 389 136 2209 1984
is_linear=0
shrinkage=0.03


Tree=252
num_leaves=15
num_cat=0
split_feature=4 8 31 67 31 59 17 79 59 23 30 16 35 36
split_gain=7.10922 9.76569 7.70139 7.04664 10.6243 9.0632 11.8552 13.1255 14.6967 12.7786 12.6846 11.778 16.0763 16.8026
threshold=9.5000000000000018 4.1761948675895475 14.671785714285717 49.294888754685815 18.011111111111116 -357.55865705013269 5.0000000000000009 11.772956129706225 115.93281006813051 0.94331812858581554 1.0000000180025095e-35 9.5000000000000018 14.030026455026457 0.1977383082034245
decision_type=2 10 10 8 10 10 2 10 10 10 10 2 10 10
left_child=3 -2 -3 4 -1 -5 -7 8 9 -8 -9 -11 -13 -14
right_child=1 2 -4 5 -6 6 7 10 -10 11 -12 12 13 -15
leaf_value=-0.0017291264026111008 -0.11849759043998233 0.80446357879171593 0.039192240215539381 -0.026655157991108104 -0.31330193389162064 -0.87327190533298116 0.35481073869047147 -0.011122157952491633 0.33573841290464018 0.04224678456577919 0.21787400357547979 -0.505690088447453 -0.11700985942871085 0.51347962194258567
leaf_weight=604 53 99 90 651 280 80 110 241 218 318 540 329 101 116
leaf_count=604 53 99 90 651 280 80 110 241 218 318 540 329 101 116
internal_value=0.000219264 0.00518519 0.00836842 -0.000117024 -0.00244068 0.000643253 0.00162123 0.00208207 0.000100587 -0.00147692 0.0051023 -0.0027052 -0.00537477 0.000963303
internal_weight=3830 242 189 3588 884 2704 2053 1973 1192 974 781 864 546 217
internal_count=3830 242 189 3588 884 2704 2053 1973 1192 974 781 864 546 217
is_linear=0
shrinkage=0.03


Tree=253
num_leaves=15
num_cat=0
split_feature=3 8 7 77 3 7 45 44 39 77 39 69 3 36
split_gain=9.2969 25.7796 17.2481 27.6195 16.9933 16.3096 15.8189 15.1102 14.5861 13.2751 16.7987 14.9412 20.7022 13.1997
threshold=15.708333333343036 3.8833298171836903 3064.0526101895161 -198.51645094156262 17.291666666656969 3625.7068076676082 10.500000000000002 25.882686734199527 2406.1262077703846 -287.47584432363504 2406.1262077703846 264.39350356435563 18.208333333343038 0.21940522036799318
decision_type=2 10 10 10 2 10 10 8 10 8 10 8 2 10
left_child=2 4 -1 5 -2 8 -6 -5 -4 -3 -11 12 -12 -7
right_child=1 9 3 7 6 13 -8 -9 -10 10 11 -13 -14 -15
leaf_value=0.0071917797018980593 0.12503334830581567 -0.051579014449529823 0.12184312023863654 -0.63215969215830548 -0.19434211889398725 0.0017080791012490826 0.25179984044285569 -0.22514038529777863 -0.33108375683464375 0.6121685858342365 0.54792498734769501 0.39581167608857265 -0.2089072692019053 1.150899686356692
leaf_weight=1473 192 99 104 103 532 108 60 422 83 166 87 191 190 77
leaf_count=1473 192 99 104 103 532 108 60 422 83 166 87 191 190 77
internal_value=-0.000192901 0.00164032 -0.00136651 -0.00464365 -0.00214013 0.00160858 -0.0046543 -0.00906844 -0.00462766 0.0056812 0.00727559 0.00434968 -0.000107914 0.00790323
internal_weight=3887 1517 2370 897 784 372 592 525 187 733 634 468 277 185
internal_count=3887 1517 2370 897 784 372 592 525 187 733 634 468 277 185
is_linear=0
shrinkage=0.03


Tree=254
num_leaves=15
num_cat=0
split_feature=32 31 48 82 16 31 5 17 34 0 62 3 63 71
split_gain=7.52397 15.1485 10.7397 10.897 9.23021 6.88696 12.3112 11.8975 12.089 14.3419 9.34547 10.5336 8.23433 10.1392
threshold=0.063508064516129045 16.350793650793651 168.77522134780887 69.79549900690715 14.500000000000002 7.7816666666666672 153.04529666900638 3.5000000000000004 0.37176079734219275 325.50000000000006 0.28456759289874911 15.208333333343036 -105.1998675715905 13.500000000000002
decision_type=8 10 8 10 2 8 10 2 10 2 8 2 8 10
left_child=1 -1 3 4 -3 12 7 -7 9 -9 -10 -12 13 -2
right_child=5 2 -4 -5 -6 6 -8 8 10 -11 11 -13 -14 -15
leaf_value=0.49890912193785719 0.01285979763483148 0.00072518920080860022 0.10205240824840103 0.36626597256502941 -0.67629656274736316 -0.92111379252321601 -0.32012205300653784 -0.00088287568302010562 -0.45315315115151933 0.92130476784856741 -0.81421586159037118 0.48720412801535873 0.0078963138406170103 1.6277791979145937
leaf_weight=48 81 127 83 60 72 60 150 1951 158 73 43 41 813 54
leaf_count=48 81 127 83 60 72 60 150 1951 158 73 43 41 813 54
internal_value=4.71822e-05 0.00398977 0.00174927 -0.00126923 -0.00465 -0.00040292 -0.00123537 -0.000696175 -0.000344067 0.000414815 -0.00666667 0.00141176 0.00177028 0.00860294
internal_weight=3814 390 342 259 199 3424 2476 2326 2266 2024 242 84 948 135
internal_count=3814 390 342 259 199 3424 2476 2326 2266 2024 242 84 948 135
is_linear=0
shrinkage=0.03


Tree=255
num_leaves=15
num_cat=0
split_feature=39 8 35 62 63 16 65 77 84 42 22 17 1 65
split_gain=9.51691 12.9545 13.8143 9.32573 9.06287 12.8319 12.0921 14.3972 11.0203 9.19684 9.02258 11.9014 8.99108 8.8422
threshold=2396.2808199483848 6.0885345621350027 13.43059523809524 -0.24264590319649901 108.11004998391861 9.5000000000000018 1.0500647904659337 -120.90247732400893 -119.93984699249266 112.60414755344392 2.4225578308105473 27.500000000000004 657.52777552604687 0.97269956241411004
decision_type=8 10 10 8 10 2 8 10 8 10 2 2 2 8
left_child=3 4 12 -1 6 8 7 -2 -6 -7 -4 -12 -3 -5
right_child=1 2 10 13 5 9 -8 -9 -10 -11 11 -13 -14 -15
leaf_value=0.33223460331240234 -0.80247112821063715 1.1215647187605871 0.040981862367452347 0.16428635966632227 -0.41092007694144222 0.056298767892798619 -0.045490738043989308 -0.09735236073204849 0.22383575683284632 -0.49097202860030498 0.13664599564263899 -0.18051100550200941 0.13977006590840399 -0.012389889658435321
leaf_weight=96 103 49 95 480 43 63 538 88 177 125 55 135 54 1733
leaf_count=96 103 49 95 480 43 63 538 88 177 125 55 135 54 1733
internal_value=-0.000422425 -0.00226081 0.00246787 0.000792208 -0.00387522 -0.000293399 -0.00587671 -0.0123437 0.00461538 -0.00603175 -0.000944056 -0.00471204 0.0118269 0.000392954
internal_weight=3834 1525 388 2309 1137 408 729 191 220 188 285 190 103 2213
internal_count=3834 1525 388 2309 1137 408 729 191 220 188 285 190 103 2213
is_linear=0
shrinkage=0.03


Tree=256
num_leaves=15
num_cat=0
split_feature=4 77 3 39 85 82 30 64 54 39 57 27 29 27
split_gain=11.6454 13.7582 11.8282 21.1666 15.4569 14.117 11.5832 11.1721 10.9429 10.3625 17.6095 9.693 10.5014 10.0566
threshold=8.5000000000000018 -167.87642562389371 15.125000000000002 772.63727052238494 -124.07147747278212 139.77144585053131 20.850000000000005 6.2325478309380182 870.00000000000011 2345.9196444808044 7.5000000000000009 0.95706605222734276 0.86599660814046298 0.86827646038172368
decision_type=2 10 2 10 10 8 10 10 10 10 8 10 10 10
left_child=1 -1 3 4 -3 6 -5 8 11 10 -7 12 -2 -14
right_child=7 2 -4 5 -6 9 -8 -9 -10 -11 -12 -13 13 -15
leaf_value=0.01432737586214273 -0.070442896302575636 0.29417670663029422 -0.00029196332937251717 -0.36139818298633586 -0.15307622602820714 -0.66893574517380294 -1.1430204034703695 0.40569334589757261 0.15727380789652706 -0.15888680151634063 0.99869012257906009 -0.24931520411966446 1.2295581161972613 0.012280591283031743
leaf_weight=1359 76 70 781 254 57 44 114 100 256 174 75 55 47 375
leaf_count=1359 76 70 781 254 57 44 114 100 256 174 75 55 47 375
internal_value=0.000101615 -0.000819392 -0.00273248 -0.00532319 0.00585938 -0.00747734 -0.0113821 0.00306593 0.00188889 -0.00255102 0.00425 -0.000487365 0.000841683 0.00269504
internal_weight=3837 2928 1569 788 127 661 368 909 809 293 119 553 498 422
internal_count=3837 2928 1569 788 127 661 368 909 809 293 119 553 498 422
is_linear=0
shrinkage=0.03


Tree=257
num_leaves=15
num_cat=0
split_feature=0 3 34 3 85 60 76 38 35 40 71 45 3 82
split_gain=9.44765 12.6069 26.7193 16.8047 16.5055 13.168 10.838 11.6849 22.0673 10.8469 10.4177 14.4223 14.8829 13.5081
threshold=84.500000000000014 14.625000000000002 0.22611077297626295 10.958333333343036 67.603314538796766 140.96408259868625 262.97723114490515 5566.1000632493369 17.448529411764707 269.86280216666233 6.5000000000000009 11.500000000000002 17.708333333343038 162.28652401765189
decision_type=2 2 8 2 10 8 10 8 10 10 8 10 2 8
left_child=6 2 4 5 -2 -4 -1 8 9 -8 -3 12 -12 -14
right_child=1 10 3 -5 -6 -7 7 -9 -10 -11 11 -13 13 -15
leaf_value=-0.040117856438472196 0.35159336102272326 1.0456853673946109 -0.71444234539984097 -0.67236266419560564 -0.095211821113915324 0.11932159673342582 0.065436017395045953 -0.22712953828200672 1.1059588855998692 -0.66475764406443927 0.41465287131727735 1.8634550567664336 -0.27114021494628304 0.44249399084653246
leaf_weight=1969 148 51 75 167 74 212 409 61 66 57 169 96 178 79
leaf_count=1969 148 51 75 167 74 212 409 61 66 57 169 96 178 79
internal_value=-0.000338405 0.0018 -0.000974889 -0.00514286 0.00753363 -0.000729167 -0.00138119 0.00217172 0.00360225 0.0012848 0.00506969 0.00378585 0.00140515 -0.00313953
internal_weight=3811 1249 676 454 222 287 2562 593 532 466 573 522 426 257
internal_count=3811 1249 676 454 222 287 2562 593 532 466 573 522 426 257
is_linear=0
shrinkage=0.03


Tree=258
num_leaves=15
num_cat=0
split_feature=28 25 82 50 9 62 28 26 82 29 76 19 7 42
split_gain=6.87667 7.67566 12.882 9.79124 9.95694 8.8141 12.3353 11.7897 9.50661 8.70189 14.0231 12.801 12.4219 18.2255
threshold=497.50000000000006 0.94258241758241768 -72.655928909778581 121.97209239006044 210.00000000000003 0.063364932227955015 134.50000000000003 64.500000000000014 -2.6643025080362954 0.88604315603069461 159.44806933403018 270.00000000000006 3073.3838402806182 -48.552936315536492
decision_type=2 8 8 10 2 10 2 2 10 10 8 10 8 10
left_child=1 2 3 4 -1 6 7 -3 -7 12 -11 -12 -4 -14
right_child=-2 5 9 -5 -6 8 -8 -9 -10 10 11 -13 13 -15
leaf_value=-0.32059794855506929 -0.57461520610795902 0.055039696719971241 0.060377477749547805 -0.38837657620006666 0.23436186435007664 0.10587650995067417 0.16877323098905039 -0.27205541874191963 -0.24873763618795119 -0.5906972783080795 -0.030568244754167324 0.74369266228361475 -0.33854162119441888 0.019365718394376966
leaf_weight=174 41 186 443 71 60 138 521 75 110 70 1443 84 95 294
leaf_count=174 41 186 443 71 60 138 521 75 110 70 1443 84 95 294
internal_value=-7.09406e-05 6.3745e-05 -0.000767824 -0.00656863 -0.00357447 0.00226964 0.00383142 -0.00148855 -0.0026506 -3.7037e-05 -0.00133292 -0.00072644 0.00244898 -0.00146154
internal_weight=3805 3764 2734 305 234 1030 782 261 248 2429 1597 1527 832 389
internal_count=3805 3764 2734 305 234 1030 782 261 248 2429 1597 1527 832 389
is_linear=0
shrinkage=0.03


Tree=259
num_leaves=15
num_cat=0
split_feature=4 60 27 52 48 61 7 24 83 25 15 65 29 49
split_gain=6.93127 11.5507 10.1922 10.0515 12.0028 7.61734 13.1041 13.7594 13.3867 18.6094 11.8872 11.7587 15.7707 11.3182
threshold=8.5000000000000018 -164.19627010822293 0.95706605222734276 54.762008547782905 66.520578662554428 0.0065828563247955635 2493.9004473971177 40.500000000000007 46.428337693214424 0.94258241758241768 37.500000000000007 0.80363142480764449 0.92165387894288153 9.5000000000000018
decision_type=2 8 8 10 10 8 10 2 10 10 2 10 10 10
left_child=1 -1 3 -2 -5 -3 7 8 10 -10 -7 12 -9 -8
right_child=2 5 -4 4 -6 6 13 11 9 -11 -12 -13 -14 -15
leaf_value=-1.2932263748406996 -0.0017088003989054856 0.11662707570195334 -0.1317655950643494 0.027553739025921037 0.70187803937139637 0.0013348740031082274 -0.022253721045151664 0.54179635737484788 -0.95295396302903157 0.07632106757643782 0.45634245259649503 0.43390478218744766 -0.3292285916078026 -0.18742238358491078
leaf_weight=41 391 234 103 280 124 766 1040 84 105 93 47 104 107 308
leaf_count=41 391 234 103 280 124 766 1040 84 105 93 47 104 107 308
internal_value=-0.000101881 -0.000808874 0.00220245 0.00335427 0.00666667 -0.000581516 -0.00103955 0.00110176 -0.000563241 -0.00753769 0.00114251 0.00679054 0.00234375 -0.00311342
internal_weight=3827 2929 898 795 404 2888 2654 1306 1011 198 813 295 191 1348
internal_count=3827 2929 898 795 404 2888 2654 1306 1011 198 813 295 191 1348
is_linear=0
shrinkage=0.03


Tree=260
num_leaves=15
num_cat=0
split_feature=0 39 77 80 61 56 80 0 3 77 77 81 81 38
split_gain=11.735 10.5858 14.2333 15.5285 13.7757 12.1961 10.4239 12.3255 10.2938 9.99304 14.6103 22.9154 13.2925 11.9747
threshold=401.50000000000006 2396.2808199483848 -243.40340566635129 -63.927437663078301 0.017328252414411414 87.554863055547102 -106.98970353603362 -60.499999999999993 0.87500000000000011 -69.401914954185472 -149.14443445205686 4668.6520421504983 6680.4255408048639 3935.3674878393208
decision_type=2 8 8 10 10 10 8 2 2 10 10 10 10 10
left_child=1 2 3 -1 6 -5 -3 -8 -4 10 12 -12 -10 -11
right_child=-2 4 8 5 -6 -7 7 -9 9 13 11 -13 -14 -15
leaf_value=-0.41707378814949791 0.88007682989296798 0.26288932727619579 -0.56863310628659369 0.07769999521227873 -0.14434058132385519 -0.52641002111036228 -0.83869175702935506 0.007561886177700745 0.011938447416968371 0.13038216698181457 0.15508551607056451 -0.32020215560315834 0.2350325715855463 1.6207122687283135
leaf_weight=126 71 53 44 196 872 40 42 534 678 301 200 298 317 71
leaf_count=126 71 53 44 196 872 40 42 534 678 301 200 298 317 71
internal_value=8.58481e-05 -0.000143122 0.00114877 -0.00429752 -0.0020972 0.000253165 0.00128571 0.000103986 0.00218325 0.00252412 0.0014257 -0.00276553 0.0035241 0.00691689
internal_weight=3843 3772 2271 362 1501 236 629 576 1909 1865 1493 498 995 372
internal_count=3843 3772 2271 362 1501 236 629 576 1909 1865 1493 498 995 372
is_linear=0
shrinkage=0.03


Tree=261
num_leaves=15
num_cat=0
split_feature=3 4 67 74 48 48 62 33 35 43 29 16 61 85
split_gain=9.90506 7.82339 13.7714 12.8163 15.6599 12.9408 12.5288 10.2584 16.7439 15.7475 12.8179 12.3925 11.9088 10.5938
threshold=23.625000000000004 7.5000000000000009 -184.14710521099093 2237.6407448043287 96.034693320592268 -70.005078633626297 -0.073484290446037853 14.001515151515154 14.519759653270293 221.94030375873743 0.92464032491223247 3.5000000000000004 0.78439484105529222 36.681990206241615
decision_type=2 2 8 10 10 10 8 8 8 10 10 2 10 10
left_child=1 2 -1 4 5 -3 -6 9 -9 12 11 -10 -7 -13
right_child=-2 3 -4 -5 6 7 -8 8 10 -11 -12 13 -14 -15
leaf_value=-1.1135736162858334 -0.73900162990938445 0.091177342242213938 -0.017993185943889455 -0.54117826522427903 -0.018252103954650635 -0.12668553106370842 0.57370903479156155 -0.68478085191166294 -0.34914655632894664 0.43670375903125763 0.72386451391129469 0.013926215463653904 0.83100656665408423 -0.20807840202827646
leaf_weight=59 56 397 1897 41 102 229 320 97 69 139 95 217 46 70
leaf_count=59 56 397 1897 41 102 229 320 97 69 139 95 217 46 70
internal_value=-0.000219035 -3.17544e-05 -0.001349 0.00138234 0.00176768 0.000198529 0.00680851 -0.00168224 -0.00437158 0.00187952 -0.00192478 -0.00453782 -0.00228261 -0.00177083
internal_weight=3834 3778 1956 1822 1781 1359 422 962 548 414 451 356 275 287
internal_count=3834 3778 1956 1822 1781 1359 422 962 548 414 451 356 275 287
is_linear=0
shrinkage=0.03


Tree=262
num_leaves=15
num_cat=0
split_feature=81 66 79 40 61 14 60 35 31 41 40 3 71 81
split_gain=8.75988 7.63441 10.8956 13.6348 8.70815 12.3557 9.19876 8.78968 9.83063 9.51997 9.90368 8.15784 15.0504 10.2061
threshold=1587.2678377628329 -110.05908977985381 275.37175887992549 422.66557053384571 0.49364501986089276 237.89103627450413 134.86945664882663 15.264912280701756 10.792261904761906 185.66896116733554 514.96565693625655 20.375000000000004 13.500000000000002 7212.8415356874475
decision_type=8 10 10 10 10 10 8 8 10 10 10 2 10 8
left_child=-1 2 11 -4 5 6 -3 9 -9 10 -7 -2 13 -13
right_child=1 4 3 -5 -6 7 -8 8 -10 -11 -12 12 -14 -15
leaf_value=0.61064591134006241 0.0066104271078120955 -0.014383118488850499 -0.78409112863131525 -0.0033777529561977368 0.029439542563176706 -0.30018673114616962 0.89582276674838368 1.0153330418737838 -0.052720149475679247 -1.2615458709198892 -0.016762163075201213 -0.59896694018053009 1.3982561930124129 0.25425227275089268
leaf_weight=68 1974 93 49 123 466 162 43 40 333 56 154 43 91 117
leaf_count=68 1974 93 49 123 466 162 43 40 333 56 154 43 91 117
internal_value=-0.000157356 -0.00035247 0.000663053 -0.0065896 -0.00215875 -0.00391156 0.00437956 -0.00542895 -0.00216578 -0.00868633 -0.00662461 0.00122642 0.00630952 0.000745342
internal_weight=3812 3744 2397 172 1347 881 136 745 373 372 316 2225 251 160
internal_count=3812 3744 2397 172 1347 881 136 745 373 372 316 2225 251 160
is_linear=0
shrinkage=0.03


Tree=263
num_leaves=15
num_cat=0
split_feature=30 68 28 3 24 45 41 30 48 4 24 3 65 76
split_gain=10.1246 11.1894 13.4851 10.2245 10.1969 12.2971 10.1421 9.10903 11.7058 9.06941 10.299 8.68993 11.6282 10.4129
threshold=23.750000000000004 0.13920371705791459 268.50000000000006 16.708333333343038 26.500000000000004 8.5000000000000018 -9.9086161851882917 27.550000000000004 -31.306076010068256 6.5000000000000009 51.500000000000007 1.7083333333430348 0.90066741217065949 272.31106901168829
decision_type=8 10 2 2 2 8 10 10 10 2 2 2 10 10
left_child=9 2 4 6 5 -2 -4 -6 -9 10 -1 12 -11 -13
right_child=1 -3 3 -5 7 -7 -8 8 -10 11 -12 13 -14 -15
leaf_value=-0.0022467493823662339 0.16972708853752311 0.28279852862286098 -0.077587985946844351 0.6163749727665212 -0.68671185769518539 -0.031431130716105204 0.017070883539142753 0.17378000841835622 -0.2668398941867956 -0.38530511152240726 -0.3529286813871283 0.050092871501731161 0.011231890654738662 0.4268385126136976
leaf_weight=771 94 168 51 56 96 174 142 69 235 52 103 1564 57 216
leaf_count=771 94 168 51 56 96 174 142 69 235 52 103 1564 57 216
internal_value=0.000327358 -0.00212707 -0.00343137 0.00252 -0.00565022 -0.00111524 -0.000773196 -0.0086783 -0.00609836 0.00129161 -0.00123429 0.00246032 -0.00572727 0.00296463
internal_weight=3848 1085 917 249 668 268 193 400 304 2763 874 1889 109 1780
internal_count=3848 1085 917 249 668 268 193 400 304 2763 874 1889 109 1780
is_linear=0
shrinkage=0.03


Tree=264
num_leaves=15
num_cat=0
split_feature=59 66 66 17 66 15 3 77 80 57 72 80 42 43
split_gain=10.6896 13.3614 11.0064 13.99 8.60199 8.71129 10.8202 8.96663 9.19798 7.99399 11.9788 19.8082 13.2622 8.6582
threshold=125.53867006301881 -312.33257269859308 -207.34775412082669 37.500000000000007 -35.981236696243279 25.500000000000004 11.375000000000002 -235.36567074060437 21.462538957595829 10.500000000000002 21.580643892288212 35.707800388336189 96.051825761795058 640.2893698801048
decision_type=10 8 8 2 8 2 2 10 8 10 8 10 10 10
left_child=2 -2 3 -1 5 6 -4 8 -7 10 11 13 -12 -3
right_child=1 9 4 -5 -6 7 -8 -9 -10 -11 12 -13 -14 -15
leaf_value=-0.11322593958687942 -1.1524745671216217 0.25719741157979853 -1.2523076221462066 0.45917920467648149 -0.007409511588645063 0.10814081204027925 -0.063466857409373315 0.24898983721935833 -0.38229797997174569 0.37915575680529467 0.5096713081309695 -0.64682675869925521 -0.02248782587068171 -0.21478161122340098
leaf_weight=40 54 128 91 74 2604 50 95 68 60 154 139 87 88 65
leaf_count=40 54 128 91 74 2604 50 95 68 60 154 139 87 88 65
internal_value=7.89889e-06 0.00331006 -0.000759001 0.00834783 -0.00111149 -0.00542466 -0.00994652 -0.000670391 -0.00594595 0.0044864 0.00265748 -0.00149466 0.00776316 0.00386598
internal_weight=3797 715 3082 114 2968 364 186 178 110 661 507 280 227 193
internal_count=3797 715 3082 114 2968 364 186 178 110 661 507 280 227 193
is_linear=0
shrinkage=0.03


Tree=265
num_leaves=15
num_cat=0
split_feature=30 79 68 37 64 41 45 0 22 29 63 3 20 1
split_gain=8.92293 13.9381 11.4529 12.3257 12.3035 10.6104 9.71589 12.95 11.7232 9.74418 13.8962 11.9684 9.80158 9.84542
threshold=22.050000000000004 321.64098502364351 0.13302584971250184 1343.0337740889779 3.8305797869399174 396.44074285030371 7.5000000000000009 -58.499999999999993 0.11421406269073488 0.89146900269541784 8.6689754817326499 8.5416666666569672 781.54713821411144 625.07315599918377
decision_type=10 10 10 8 8 10 8 2 2 8 10 2 10 2
left_child=1 6 4 -4 -2 -6 9 -8 -9 11 12 -1 13 -11
right_child=2 -3 3 -5 5 -7 7 8 -10 10 -12 -13 -14 -15
leaf_value=0.10828029508657311 -0.56854600805766575 -0.18428329358159329 -0.15238504020762442 0.44207409199683589 -0.010992613730330413 -0.28583613224340304 0.33029593176795752 0.39440622437336342 0.021600545553830584 -0.063174263930245292 -0.13483703964348062 -0.35660315894191452 -0.21575492255921133 0.23482305249718735
leaf_weight=49 101 85 43 132 824 42 120 69 1354 93 244 231 53 369
leaf_count=49 101 85 43 132 824 42 120 69 1354 93 244 231 53 369
internal_value=0.00011811 0.00106822 -0.00209974 0.00494318 -0.0033781 -0.00221453 0.00146341 0.0029728 0.00216994 -0.000778846 0.000986842 -0.0055516 0.00377907 0.00518359
internal_weight=3809 2667 1142 175 967 866 2582 1543 1423 1039 759 280 515 462
internal_count=3809 2667 1142 175 967 866 2582 1543 1423 1039 759 280 515 462
is_linear=0
shrinkage=0.03


Tree=266
num_leaves=15
num_cat=0
split_feature=80 29 3 32 32 80 83 56 38 64 31 34 62 0
split_gain=11.3437 13.9487 17.7942 10.1359 13.6945 9.91867 8.41869 8.54408 8.1346 7.83746 21.0174 8.016 11.5698 12.0235
threshold=85.216893911361709 0.95761545572971396 11.958333333343036 0.10620300751879701 0.17445652173913045 178.50779318809512 -67.552277088165269 -116.69433482487995 3766.8061209077009 3.7364123932352693 14.894243421052634 0.18544973544973548 -0.16512324333580672 22.500000000000004
decision_type=10 10 2 8 10 10 8 10 10 8 8 8 10 2
left_child=9 3 -3 8 5 -5 -6 -8 -2 10 -1 12 13 -11
right_child=1 2 -4 4 6 -7 7 -9 -10 11 -12 -13 -14 -15
leaf_value=0.034346265181616681 0.87605353811545761 -0.86271361227066901 0.25567654939164541 0.10852098389422891 -0.29771328819160825 -0.45623985929762401 -0.14329706223260544 0.39868945206188511 0.025435755573746912 0.0015079753423164954 -0.65703003495211831 -0.018836296143479602 0.083460949796459877 -0.532252598673293
leaf_weight=190 88 52 67 64 56 78 44 367 50 163 115 1874 564 44
leaf_count=190 88 52 67 64 56 78 44 367 50 163 115 1874 564 44
internal_value=0.000235787 0.0032526 -0.00625 0.00477273 0.00309836 -0.00503497 0.00557692 0.00706311 0.0120863 -0.000650627 -0.00519608 -0.000124717 0.00244819 -0.00360577
internal_weight=3816 866 119 747 609 142 467 411 138 2950 305 2645 771 207
internal_count=3816 866 119 747 609 142 467 411 138 2950 305 2645 771 207
is_linear=0
shrinkage=0.03


Tree=267
num_leaves=15
num_cat=0
split_feature=28 58 53 41 8 39 8 31 35 44 49 82 42 43
split_gain=6.64947 6.7342 8.71795 8.64074 6.82778 9.76394 11.3318 15.9467 15.4265 11.0926 10.8911 10.6436 10.4502 15.3174
threshold=491.50000000000006 1524.7034965753558 19.500000000000004 405.10230302810675 7.8771177955558551 2439.0346413748298 4.1116967280546719 17.040833333333335 16.505508306962032 46.216466546058662 10.500000000000002 96.516979038715377 -50.331292748451226 210.76713208446452
decision_type=2 10 10 10 10 8 10 8 10 10 10 8 8 10
left_child=1 2 3 4 5 6 8 -8 10 -10 -1 -9 13 -7
right_child=-2 -3 -4 -5 -6 12 7 11 9 -11 -12 -13 -14 -15
leaf_value=-0.014095027674387594 -0.56782238053504575 -0.065780190557697543 0.70758145082698809 -0.4602458575594035 0.160441130185941 0.44028723970525718 0.50171868496572003 0.012493363575608889 0.81824107852332495 0.057721246517081007 -0.34873293158888907 -0.22372050969542565 -0.013290353813211532 -0.73773811664619271
leaf_weight=1183 44 238 46 64 72 51 277 89 112 232 150 54 1053 139
leaf_count=1183 44 238 46 64 72 51 277 89 112 232 150 54 1053 139
internal_value=-0.000536137 -0.00039883 -6.81238e-05 -0.000241588 -3.51597e-05 -0.000233463 0.00101525 0.00541568 -8.93921e-05 0.00556522 -0.00155172 -0.00270833 -0.00233923 -0.00879581
internal_weight=3804 3760 3522 3476 3412 3340 2097 420 1677 344 1333 143 1243 190
internal_count=3804 3760 3522 3476 3412 3340 2097 420 1677 344 1333 143 1243 190
is_linear=0
shrinkage=0.03


Tree=268
num_leaves=15
num_cat=0
split_feature=63 33 42 15 16 17 62 38 35 67 17 63 69 36
split_gain=7.33067 10.3377 11.3439 10.1165 13.7732 14.7172 18.9138 13.147 11.4087 10.0675 11.9731 10.4276 14.6309 12.775
threshold=-241.11394063845037 22.684387351778657 -186.15465748310086 19.500000000000004 1.0000000180025095e-35 37.500000000000007 -0.11928275068312603 600.5306525419021 6.1379734848484864 128.40027550525141 25.500000000000004 378.00766587459799 284.30851383983622 0.97700845665961955
decision_type=8 8 10 2 2 2 10 10 8 8 2 8 10 8
left_child=1 2 -1 4 -2 9 7 -7 -8 10 -6 12 -11 -13
right_child=3 -3 -4 -5 5 6 8 -9 -10 11 -12 13 -14 -15
leaf_value=-0.053629291518422738 -0.80947277173373111 -0.18734751914586742 0.35566193441000821 0.02412304007444635 -0.58695286068469854 -0.068911899139146096 0.15802411507048758 0.49469695201912628 -0.30287834833164562 0.047993293480327069 0.16595375004978535 -0.082726929123989087 0.77497826241003376 0.054987364322833673
leaf_weight=72 60 40 123 1260 119 248 40 143 356 552 71 475 82 190
leaf_count=72 60 40 123 1260 119 248 40 143 356 552 71 475 82 190
internal_value=-0.000164405 0.00495763 0.00780612 -0.000500417 -0.00166881 -0.00129117 -0.0046066 7.65306e-05 -0.00921914 0.000463087 -0.00596859 0.00140769 0.00415748 -0.00121622
internal_weight=3831 235 195 3596 2336 2276 787 391 396 1489 190 1299 634 665
internal_count=3831 235 195 3596 2336 2276 787 391 396 1489 190 1299 634 665
is_linear=0
shrinkage=0.03


Tree=269
num_leaves=15
num_cat=0
split_feature=41 64 66 56 81 7 3 23 7 7 56 82 50 83
split_gain=7.31218 14.9693 10.5128 10.2598 15.1036 12.0126 10.2265 12.4408 9.90528 12.0761 10.799 14.9671 11.8618 9.59856
threshold=45.230598330497749 3.7028228203814462 130.08650565147403 69.198091745376601 9672.8086192607898 312.27279413666116 13.291666666656967 13.602232336997988 3208.7117520834422 1174.018456582515 35.682534297307342 64.125519792238876 75.906804680824294 -566.98358297348011
decision_type=8 8 10 8 10 8 2 10 8 10 10 10 8 10
left_child=1 2 -1 4 8 13 7 -7 9 -2 -11 12 -12 -5
right_child=3 -3 -4 5 -6 6 -8 -9 -10 10 11 -13 -14 -15
leaf_value=0.11440727996743973 0.42395972407872357 -0.0082694956476541751 -0.58303182634238704 -0.044434719354766818 1.1838604947156204 -0.083132885304403478 0.059640874762239372 0.038217472650349547 0.61533954322372275 -0.36952193358121388 -0.28522243418218174 0.8729305764930374 0.11860332272888581 -0.8682860360420559
leaf_weight=51 56 1708 124 44 73 555 649 128 111 82 92 45 48 51
leaf_count=51 56 1708 124 44 73 555 649 128 111 82 92 45 48 51
internal_value=-5.50026e-05 -0.00138535 -0.00971591 0.00124031 0.00490157 -6.30252e-05 0.000675169 -0.00188596 0.00275862 9.25926e-05 -0.00257463 0.00145161 -0.00340426 -0.0103125
internal_weight=3817 1883 175 1934 507 1427 1332 683 434 323 267 185 140 95
internal_count=3817 1883 175 1934 507 1427 1332 683 434 323 267 185 140 95
is_linear=0
shrinkage=0.03


Tree=270
num_leaves=15
num_cat=0
split_feature=41 79 56 79 48 41 81 3 71 34 74 3 15 74
split_gain=6.77308 10.1308 12.0638 8.33391 9.37607 8.23598 12.1766 11.3972 19.6178 15.2027 14.0712 13.1461 14.6378 12.9985
threshold=-75.437159538269029 11.772956129706225 -104.62531300385791 7.5027232965664563 -129.20345064004258 -6.4031927585601798 9091.2034698724765 13.291666666656967 6.5000000000000009 0.22557928214447981 1351.7745044950573 7.7916666666569663 19.500000000000004 483.90117878307149
decision_type=10 8 10 10 10 10 10 2 8 10 8 2 2 10
left_child=1 2 3 4 -1 6 -2 9 -9 10 -7 12 -11 -13
right_child=5 -3 -4 -5 -6 7 -8 8 -10 11 -12 13 -14 -15
leaf_value=0.11559172060163944 -0.025222648814275033 -0.0022343790532891707 0.46656355989036269 0.26043196839667609 -0.7911184293472906 0.58790252692448186 -0.63072547379602339 0.44871601556431207 0.0095770302053948386 0.14599971877227261 0.0015586224521277358 -0.25108138378183714 -0.70528893544821303 -1.2595207240390742
leaf_weight=59 565 450 129 82 41 45 106 139 1178 138 455 370 56 54
leaf_count=59 565 450 129 82 41 45 106 139 1178 138 455 370 56 54
internal_value=-5.42916e-05 0.00248031 0.00663462 0.00163934 -0.00415842 -0.000675893 -0.00361607 0.000135468 0.0020258 -0.00209115 0.00179641 -0.00523425 0.00123077 -0.00818824
internal_weight=3867 761 311 182 100 3106 671 2435 1317 1118 500 618 194 424
internal_count=3867 761 311 182 100 3106 671 2435 1317 1118 500 618 194 424
is_linear=0
shrinkage=0.03


Tree=271
num_leaves=15
num_cat=0
split_feature=78 80 40 77 79 69 41 45 77 77 72 23 27 29
split_gain=8.30163 14.2941 13.8804 10.7798 10.2914 17.1186 14.1404 13.341 12.588 24.9054 11.3934 12.1892 11.3714 19.898
threshold=0.70833333333333337 1.0000000180025095e-35 42.651475380322445 -35.511103272438042 11.956173279112695 -51.723792448869112 -72.576890349388108 5.5000000000000009 -244.4408195018768 -208.35183674097058 -41.712019324302666 4.1025601625442514 0.867301787971826 0.89194594594594612
decision_type=8 10 10 10 10 8 8 10 8 8 10 10 10 10
left_child=1 2 -1 -4 6 10 7 -2 -8 -10 11 -6 -9 -14
right_child=4 -3 3 -5 5 -7 8 12 9 -11 -12 -13 13 -15
leaf_value=0.29846879149365257 -0.19352618802731883 -0.23136083497037666 -0.036101181668113977 0.36912672158970794 0.016160694688555993 0.20610941156581908 -0.23141698679585782 0.74881090891010316 0.90875504166183585 -0.021561828482069858 0.28144010225322402 -0.4578603009975864 -0.12549943396822441 0.38097311105415643
leaf_weight=76 76 247 382 55 86 513 206 45 83 1698 46 104 81 174
leaf_count=76 76 247 382 55 86 513 206 45 83 1698 46 104 81 174
internal_value=-0.000108443 -0.00291721 -5.83658e-05 -0.00212329 0.00057822 0.00364 -0.000393401 0.00493369 -0.00140342 -0.000589226 -0.00303797 -0.00628272 0.00777409 0.00527344
internal_weight=3872 760 513 437 3112 749 2363 376 1987 1781 236 190 300 255
internal_count=3872 760 513 437 3112 749 2363 376 1987 1781 236 190 300 255
is_linear=0
shrinkage=0.03


Tree=272
num_leaves=15
num_cat=0
split_feature=79 3 37 82 82 81 74 70 40 60 30 17 3 8
split_gain=8.23994 17.3713 9.64575 9.08634 8.7401 17.3133 14.4311 9.58941 8.84876 8.68031 9.71146 8.25051 14.319 12.4193
threshold=321.64098502364351 19.291666666656969 967.92146974543186 -164.44167923927304 -74.102843920389788 10834.690985918047 2293.2492002996983 0.91987179487179505 2426.1427632546088 -143.26215791702268 5.0500000000000007 42.500000000000007 2.5416666666569658 4.2202578160691147
decision_type=10 2 10 8 8 10 10 8 10 10 10 2 2 10
left_child=3 2 -2 -1 5 7 11 -5 -8 -9 -11 12 13 -6
right_child=1 -3 -4 4 6 -7 8 9 -10 10 -12 -13 -14 -15
leaf_value=0.20430386505770029 -0.13277542543433096 -0.2719626108406813 0.0767764847501195 0.2054666552350132 -0.61371474027943873 0.45506240645050933 -0.92393599703636609 0.0061341957443167595 -0.046195228929712208 -1.0332478573769299 -0.21382455274305101 -0.017627263731069327 0.048601405888430448 0.0035351385966121106
leaf_weight=91 62 47 74 47 43 40 42 44 68 54 115 1070 1964 58
leaf_count=91 62 47 74 47 43 40 42 44 68 54 115 1070 1964 58
internal_value=-0.000164921 -0.0063587 -0.000875912 0.000148474 -9.30626e-05 -0.00498339 0.000360444 -0.00781609 -0.0102703 -0.010514 -0.0135882 0.000736607 0.00184414 -0.00911765
internal_weight=3819 183 136 3636 3545 300 3245 260 110 213 169 3135 2065 101
internal_count=3819 183 136 3636 3545 300 3245 260 110 213 169 3135 2065 101
is_linear=0
shrinkage=0.03


Tree=273
num_leaves=15
num_cat=0
split_feature=81 77 84 85 66 17 28 16 77 41 4 73 63 81
split_gain=7.86514 6.23192 17.2906 8.91405 10.7001 10.6905 9.14265 8.78163 8.66724 9.99359 7.18078 14.2903 15.8641 16.7379
threshold=1546.7510825395586 -244.4408195018768 112.27293366193773 -162.87146461009976 -118.23782742023467 36.500000000000007 167.50000000000003 16.500000000000004 -204.02106446027753 80.815500497818007 7.5000000000000009 15.873055100440981 235.53359392168804 5024.683819413186
decision_type=8 8 10 10 8 2 2 2 8 10 2 8 10 10
left_child=-1 2 3 5 -5 -2 -6 -8 9 -3 11 -10 -13 -14
right_child=1 8 -4 4 6 -7 7 -9 10 -11 -12 12 13 -15
leaf_value=0.76548852712878879 -0.033466805207566674 0.60662567763387765 0.58076736001475437 0.1069932416984383 0.12278337205108168 -0.51599530599272203 -0.0029922111906137338 -0.4436666033718889 -0.28052916025788499 -0.028693400352819792 0.014876056461031224 0.020686274874623156 -0.074813010597524321 -0.598159843532303
leaf_weight=52 94 133 53 69 64 64 86 101 363 71 1463 978 176 75
leaf_count=52 94 133 53 69 64 64 86 101 363 71 1463 978 176 75
internal_value=-0.000156128 -0.000316539 -0.00332707 -0.0051357 -0.00224299 -0.0109434 -0.00511905 -0.00845745 0.000174847 0.00614634 -0.000225785 -0.00161959 -7.31707e-05 -0.00678571
internal_weight=3842 3790 531 478 320 158 251 187 3259 204 3055 1592 1229 251
internal_count=3842 3790 531 478 320 158 251 187 3259 204 3055 1592 1229 251
is_linear=0
shrinkage=0.03


Tree=274
num_leaves=15
num_cat=0
split_feature=82 80 80 67 84 40 41 7 41 14 40 16 37 48
split_gain=6.3616 10.6632 7.47713 9.02998 12.4906 8.68377 13.9157 14.8305 12.5259 11.4426 9.61133 9.44113 8.52312 7.82237
threshold=-164.44167923927304 -248.15716445446012 87.083806753158584 211.55950678719415 3.9946432511011762 1207.9853058364151 13.432168483734133 3197.0648013641044 -43.226066708564751 670.6385394226437 427.95756698156111 32.500000000000007 255.62189707894552 59.136380235354117
decision_type=8 10 10 10 10 10 10 10 10 10 10 2 10 10
left_child=1 -1 -2 5 -5 6 7 11 -9 10 12 -4 -8 -12
right_child=2 -3 3 4 -6 -7 9 8 -10 -11 13 -13 -14 -15
leaf_value=-0.18727041882511947 -0.015663881441914603 0.23315898558470963 0.65514495697184627 -0.078628594031580401 1.1436028791747295 0.25144032832537516 -0.50249370268430071 -0.64425811865602689 0.2876379379355285 0.56334433921431148 -0.55029494460486728 -0.015124392459563794 0.083978425983900984 -0.11226065819706796
leaf_weight=41 2863 66 138 67 73 88 63 68 40 55 45 42 111 88
leaf_count=41 2863 66 138 67 73 88 63 68 40 55 45 42 111 88
internal_value=-0.000233827 0.00694444 -0.000440941 0.00197952 0.00893617 0.000649526 -0.000552995 0.00435986 -0.00440367 -0.00446281 -0.00672078 0.00961326 -0.00205714 -0.0127612
internal_weight=3848 107 3741 878 140 738 650 288 108 362 307 180 174 133
internal_count=3848 107 3741 878 140 738 650 288 108 362 307 180 174 133
is_linear=0
shrinkage=0.03


Tree=275
num_leaves=15
num_cat=0
split_feature=65 68 8 41 77 84 16 53 79 48 77 37 39 42
split_gain=7.97024 11.982 8.883 8.64287 10.7437 12.5049 14.3372 15.5222 10.7855 9.98837 11.4745 17.624 14.9423 12.313
threshold=1.1735353986299786 -0.18090326310394703 4.9962871909592899 -73.799732804298387 -244.4408195018768 26.309909482796993 17.500000000000004 7.5000000000000009 10.16774752341707 391.50983031590789 -167.721780359745 1063.4288176037305 1535.14958476985 -50.331292748451226
decision_type=10 10 10 8 8 10 2 10 10 10 8 10 10 8
left_child=3 2 -2 -1 5 6 7 -5 -9 10 11 -6 -13 -12
right_child=1 -3 -4 4 9 -7 -8 8 -10 -11 13 12 -14 -15
leaf_value=0.072634283007534953 0.32570486472756355 -0.70656214894269964 -0.28438905610636461 0.33879791288767769 0.54104911419251467 0.11445411845693249 -0.59311321881571233 -0.35208875219774655 -0.0045960486840652039 -0.2381184601439964 -0.30961744071634006 0.58931333747057701 -0.047298798181656929 0.0069304164427504665
leaf_weight=519 48 68 52 48 152 114 118 52 103 73 162 62 182 2096
leaf_count=519 48 68 52 48 152 114 118 52 103 73 162 62 182 2096
internal_value=0.000335065 -0.0060355 0.000594059 0.000627376 3.79387e-05 -0.00433486 -0.00736025 -0.0025 -0.00711538 0.000736804 0.00103955 0.00574307 0.000734694 0.000212483
internal_weight=3849 168 100 3681 3162 435 321 203 155 2727 2654 396 244 2258
internal_count=3849 168 100 3681 3162 435 321 203 155 2727 2654 396 244 2258
is_linear=0
shrinkage=0.03


Tree=276
num_leaves=15
num_cat=0
split_feature=10 78 80 77 8 78 44 63 35 68 24 38 4 38
split_gain=11.2688 9.21675 11.843 11.6753 11.7184 11.1217 7.58715 7.0059 6.91002 9.52982 11.6191 16.1237 10.4658 10.4262
threshold=1.5000000000000002 0.70833333333333337 -101.50122702121733 107.6919767856598 5.5316578159302781 0.58333333333333337 31.018398284912113 -105.1998675715905 17.533241758241761 0.0098693754932384446 50.500000000000007 2980.7214678306295 3.5000000000000004 55.70399361343889
decision_type=2 8 8 10 10 10 10 10 10 8 2 8 2 8
left_child=1 2 -1 8 -5 -4 -6 -2 9 -3 12 -12 -11 -14
right_child=7 3 5 4 6 -7 -8 -9 -10 10 11 -13 13 -15
leaf_value=0.39342460757932957 -0.10477879685989114 -0.01617265123229444 -0.027076409898604079 -0.50740244188967054 -0.059545150793917909 -0.94378150016403406 0.064202885485325975 -0.55426323689205204 0.11130348241949378 -0.13382852972087314 -0.73373204805081571 0.021640925589467806 0.41128198426045681 0.070705294297139218
leaf_weight=76 48 841 590 61 40 78 59 41 564 121 54 77 43 1135
leaf_count=76 48 841 590 61 40 78 59 41 564 121 54 77 43 1135
internal_value=0.000156699 0.000409091 -0.00257718 0.00115154 -0.00670807 -0.0038565 -0.0003 -0.0103333 0.00159732 0.000858275 0.00234801 -0.00613636 0.00320769 0.00407125
internal_weight=3828 3739 744 2995 160 668 99 89 2835 2271 1430 131 1299 1178
internal_count=3828 3739 744 2995 160 668 99 89 2835 2271 1430 131 1299 1178
is_linear=0
shrinkage=0.03


Tree=277
num_leaves=15
num_cat=0
split_feature=74 70 0 60 16 36 17 36 82 65 77 0 68 60
split_gain=7.93577 8.5985 17.5899 14.8513 19.0148 13.5119 11.976 11.7476 11.4165 9.7819 17.4827 14.7793 12.6666 12.8911
threshold=3563.9869897058475 0.90454545454545465 98.500000000000014 363.25302803516394 19.500000000000004 0.24568837347606307 21.500000000000004 0.28621378621378629 76.17968070507051 1.1238133060571989 36.790439248085029 77.500000000000014 0.1076607220184599 122.1538885831833
decision_type=10 8 2 10 2 8 2 10 8 8 10 2 10 8
left_child=1 2 8 4 -4 9 7 -7 -1 11 -11 -3 13 -13
right_child=-2 5 3 -5 -6 6 -8 -9 -10 10 -12 12 -14 -15
leaf_value=0.11675665593580221 -0.061102191676634936 -0.039241497364620771 1.0445016751299905 -0.14757053560809175 -0.0023848553871690468 -0.21548914448346834 -0.084787423916816138 0.15489157052174704 -0.046399692529158203 0.20362772701089746 -0.13726843958729545 0.48419007713958301 0.87411419463067197 -0.21107179175542534
leaf_weight=277 110 471 133 49 68 44 1434 224 387 373 51 62 63 80
leaf_count=277 110 471 133 49 68 44 1434 224 387 373 51 62 63 80
internal_value=-0.000203815 3.22841e-05 0.00255738 0.00932271 0.0129208 -0.000792009 -0.00246624 0.00334572 0 0.00179837 0.00536471 -0.000443131 0.00626214 0.00125874
internal_weight=3826 3716 914 250 201 2802 1702 268 664 1100 424 676 205 142
internal_count=3826 3716 914 250 201 2802 1702 268 664 1100 424 676 205 142
is_linear=0
shrinkage=0.03


Tree=278
num_leaves=15
num_cat=0
split_feature=83 74 85 25 8 80 77 68 68 40 42 6 65 65
split_gain=7.02158 10.152 5.65009 17.4651 13.7443 17.8559 11.0303 10.9001 12.962 11.214 10.5099 12.7307 12.3767 10.1997
threshold=-326.85508012771601 37.063089557138952 -89.090974450111375 0.9225774225774227 5.0279504622049824 -66.827454328536973 -119.58737498521803 -0.17152950627022298 -0.15093092527786464 144.11955332908852 -18.227075815200802 690.00000000000011 1.0667727080514833 0.92569678480918383
decision_type=8 10 8 8 10 10 8 8 8 10 10 10 10 10
left_child=1 -1 3 4 5 -2 -5 9 -9 -4 -10 -12 13 -13
right_child=2 -3 7 6 -6 -7 -8 8 10 -11 11 12 -14 -15
leaf_value=0.012342992443555948 -0.26720482678914903 -0.3883374438354083 0.23153364044719316 0.021168245575310978 -0.93644248332576241 0.33828151347739704 0.574038934893773 0.37542891990532579 -0.03735898714366151 -0.20004223105922983 0.10361786136421072 0.00086508182542775812 0.76016146751213287 -0.27119127500866597
leaf_weight=43 145 43 78 85 45 138 120 84 741 248 746 1012 47 242
leaf_count=43 145 43 78 85 45 138 120 84 741 248 746 1012 47 242
internal_value=0.000149293 -0.00827586 0.000345659 0.00320225 -0.00109422 0.00137324 0.0100485 -0.000131291 0.00045945 -0.0053211 0.000107565 0.00121582 -0.000576037 -0.00114741
internal_weight=3817 86 3731 533 328 283 205 3198 2872 326 2788 2047 1301 1254
internal_count=3817 86 3731 533 328 283 205 3198 2872 326 2788 2047 1301 1254
is_linear=0
shrinkage=0.03


Tree=279
num_leaves=15
num_cat=0
split_feature=51 70 35 3 76 27 11 39 34 31 82 84 43 68
split_gain=9.08128 7.15215 9.23941 13.2692 13.154 10.4657 14.3961 20.6669 15.6302 13.4698 16.8108 12.7758 12.3578 11.5911
threshold=-3029.9999999999995 0.91287878787878796 7.3281513647642695 8.2916666666569672 672.50079238414776 0.93718542125098026 570.00000000000011 2222.745881505964 0.061553030303030311 17.101785714285722 -10.293292760848997 89.724067409833296 279.94920674835311 -0.23235588826710826
decision_type=8 10 10 2 10 10 2 10 10 8 8 10 10 10
left_child=-1 -2 3 -3 5 6 7 9 -9 10 12 -7 -4 -10
right_child=1 2 4 -5 -6 11 -8 8 13 -11 -12 -13 -14 -15
leaf_value=-0.16423039305662554 0.015645228963650355 0.29419380530585532 0.08117711102430776 -0.45752194072403995 0.54479632473550588 0.17564890867696112 -0.37929864873141556 0.24462257423832681 -0.7258142354706576 -0.053688133528466686 0.39687535358049986 -0.33037953340149895 -0.53823367165677038 -0.13627869037971818
leaf_weight=112 1330 49 116 213 41 249 92 45 71 243 457 43 98 608
leaf_count=112 1330 49 116 213 41 249 92 45 71 243 457 43 98 608
internal_value=-0.000119427 0.000139497 -0.000864144 -0.0061597 -0.000188953 -0.000533861 -0.00142114 -0.000768761 -0.00455172 0.00222951 0.00441964 0.0047099 -0.00251163 -0.00569118
internal_weight=3767 3655 2325 262 2063 2022 1730 1638 724 914 671 292 214 679
internal_count=3767 3655 2325 262 2063 2022 1730 1638 724 914 671 292 214 679
is_linear=0
shrinkage=0.03


Tree=280
num_leaves=15
num_cat=0
split_feature=76 28 71 36 85 41 66 64 81 79 22 3 82 80
split_gain=6.25952 10.8792 17.1179 13.0944 7.9144 6.85218 12.1609 11.2698 10.9944 10.0465 10.1135 8.93447 13.3499 16.167
threshold=252.61925876140597 250.50000000000003 13.500000000000002 0.10045871559633029 8.5078893105189035 45.230598330497749 143.50935471057895 3.7364123932352693 2871.5226068496709 11.573522876300274 0.81920826435089122 15.708333333343036 21.24915913740794 -110.7866402864456
decision_type=8 2 10 10 8 8 10 10 8 8 2 2 10 8
left_child=1 3 -3 -1 -5 6 8 -8 -2 -7 -11 -10 13 -13
right_child=5 2 -4 4 -6 9 7 -9 11 10 -12 12 -14 -15
leaf_value=0.077832293156853666 0.57455023771613478 -0.042741248060222219 0.70117794050823823 -0.027071446140572348 -0.54969421452462286 -0.019269368796549315 -0.51294209335568286 0.071039247779733611 -0.062548589976601177 -0.099113970919114738 0.093270530280896866 -0.098246502533675298 -0.073437086011210226 0.28446749630787982
leaf_weight=51 51 84 62 49 122 653 111 49 999 74 960 116 264 227
leaf_count=51 51 84 62 49 122 653 111 49 999 74 960 116 264 227
internal_value=-0.000185902 -0.00390244 0.00244898 -0.00807175 -0.0120349 0.000205421 -0.00107261 -0.0089441 -0.0003076 0.00158175 0.00342029 -0.000746733 0.00212171 0.00601744
internal_weight=3872 368 146 222 171 3504 1817 160 1657 1687 1034 1606 607 343
internal_count=3872 368 146 222 171 3504 1817 160 1657 1687 1034 1606 607 343
is_linear=0
shrinkage=0.03


Tree=281
num_leaves=15
num_cat=0
split_feature=81 56 48 25 7 77 45 74 65 77 29 72 85 77
split_gain=8.54416 14.7154 11.2503 14.7687 9.06499 8.3955 10.5836 8.07497 10.1117 15.3836 8.64093 8.02224 7.09988 11.7454
threshold=3259.223057866097 -32.203612844149262 171.25841116905215 0.93166251556662527 2490.4252572478076 -244.4408195018768 9.5000000000000018 103.0308958816032 1.0855041673166279 -285.94808512926096 0.89022934978753143 -84.573569655418382 97.019600232442244 -102.66239511966704
decision_type=8 10 10 10 10 8 8 8 8 10 10 10 10 10
left_child=1 -1 3 4 -3 6 7 -2 9 10 -9 -10 -7 -14
right_child=5 2 -4 -5 -6 12 -8 8 11 -11 -12 -13 13 -15
leaf_value=0.99326223880513476 -0.38946282816669109 0.62930798692940582 0.62572322384649603 -0.86919580025562937 -0.0488829678961029 0.010523273907287843 -0.08505961528594444 -0.24402564435111185 0.039831604225897238 -0.6853700639126572 0.2276907455296007 0.42374195486586674 0.018526208149662864 -0.11373889787249564
leaf_weight=58 54 55 62 54 63 2378 127 55 100 40 68 40 361 302
leaf_count=58 54 55 62 54 63 2378 127 55 100 40 68 40 361 302
internal_value=-7.85752e-06 0.00491468 0.00153191 -0.00242775 0.00352941 -0.000416903 -0.00408247 -0.00142458 0.000493421 -0.00457317 0.000725806 0.00638298 0.000167653 -0.0025753
internal_weight=3817 292 234 172 118 3525 484 357 303 163 123 140 3041 663
internal_count=3817 292 234 172 118 3525 484 357 303 163 123 140 3041 663
is_linear=0
shrinkage=0.03


Tree=282
num_leaves=15
num_cat=0
split_feature=79 3 49 79 31 8 3 27 35 22 31 63 60 59
split_gain=6.73637 10.4594 7.37047 7.67958 7.84963 16.1712 9.02911 7.77662 8.29628 7.39533 7.28911 7.03991 6.82786 7.73787
threshold=611.86425605948011 19.208333333343038 10.500000000000002 12.971093057678665 19.42871621621622 4.1116967280546719 14.291666666656967 0.8700649350649351 20.558191489361704 6.7453938722610483 14.894243421052634 369.84534239432026 -125.98607969284056 125.53867006301881
decision_type=10 2 10 8 10 10 2 10 10 2 10 8 8 10
left_child=2 11 12 4 5 6 -4 -5 9 10 -9 -2 -1 -14
right_child=1 -3 3 7 -6 -7 -8 8 -10 -11 -12 -13 13 -15
leaf_value=-0.27337693740407548 0.064730604208964593 -0.32604622218872364 0.084341874749750273 0.27689881828537444 -0.41918268361879413 0.26564471206435852 -0.54936964901468921 -0.11679129992464111 0.070340622533985736 0.14547185014312478 -0.5554900677409067 -0.17425618568408238 0.0020915979901567306 0.062041387998382616
leaf_weight=107 47 41 44 68 60 55 68 53 40 47 41 47 2663 469
leaf_count=107 47 41 44 68 60 55 68 53 40 47 41 47 2663 469
internal_value=-0.000280447 -0.00683824 -4.0366e-05 -0.00352201 -0.0075 -0.00410714 -0.0106195 0.00012 -0.00313187 -0.0065493 -0.0113684 -0.00126316 0.000472222 0.000727737
internal_weight=3850 135 3715 476 227 167 112 249 181 141 94 94 3239 3132
internal_count=3850 135 3715 476 227 167 112 249 181 141 94 94 3239 3132
is_linear=0
shrinkage=0.03


Tree=283
num_leaves=15
num_cat=0
split_feature=3 3 24 35 16 81 64 28 80 34 81 33 28 66
split_gain=6.15744 17.1133 13.1406 12.5247 11.4986 16.376 13.9637 13.7806 11.312 13.7292 11.1631 18.4265 11.3454 10.4199
threshold=15.708333333343036 17.375000000000004 55.500000000000007 4.9427272727272742 10.500000000000002 3905.7969937324528 4.1086542204485008 179.50000000000003 24.813884139060978 0.33105022831050229 8027.6036782264719 13.393583495776481 153.50000000000003 -301.5292574167251
decision_type=2 2 2 8 2 8 8 2 8 8 8 8 2 8
left_child=13 3 4 -2 5 -3 7 -6 9 -5 -7 -12 -13 -1
right_child=1 2 -4 8 6 10 -8 -9 -10 -11 11 12 -14 -15
leaf_value=-0.90911904785277153 1.0373607995403944 1.2617530455381478 0.27253832515201759 0.26012423404048018 -0.30948674124691405 -0.2873768925877056 -0.04108272429107529 -0.77879869789335754 -0.0053628988813152036 -0.048553838363618804 0.47007331572034416 0.095835758031605045 -0.27392028185428852 -0.0091399284975662454
leaf_weight=69 49 69 136 131 70 87 555 43 150 41 45 58 76 2263
leaf_count=69 49 69 136 131 70 87 555 43 150 41 45 58 76 2263
internal_value=-6.24512e-05 0.00142952 -0.000394737 0.00701613 -0.00158367 0.00294643 -0.0038565 -0.0134211 0.00482972 0.0100578 -0.000449438 0.00383333 -0.00177778 -0.00102872
internal_weight=3842 1510 1139 371 1003 335 668 113 322 172 266 179 134 2332
internal_count=3842 1510 1139 371 1003 335 668 113 322 172 266 179 134 2332
is_linear=0
shrinkage=0.03


Tree=284
num_leaves=15
num_cat=0
split_feature=67 70 80 9 77 0 0 9 8 16 25 77 26 39
split_gain=9.7879 7.76853 11.6694 15.3426 12.7816 11.3915 14.3744 12.5502 11.3733 11.1017 10.4101 10.3565 15.0604 9.78107
threshold=-285.83923745155329 0.90454545454545465 -28.928477406501766 150.00000000000003 -87.414005398750291 106.50000000000001 15.500000000000002 330.00000000000006 4.4673222072876362 37.500000000000007 0.79238505747126442 -165.26840126514432 76.500000000000014 2417.8878186046354
decision_type=8 8 10 2 10 2 2 2 10 2 8 8 2 8
left_child=-1 2 5 4 8 6 9 -7 -4 -2 -5 12 -12 -3
right_child=1 13 3 10 -6 7 -8 -9 -10 -11 11 -13 -14 -15
leaf_value=-0.85674397446288697 -0.018096822353825599 0.0074910752521688282 -0.15588447062498953 0.00012836565052817882 -0.35174226924871577 0.78685179490081647 -0.42347583533409439 -0.16677923244120249 0.65687017949033288 0.046320449267105449 1.9645709612010636 0.91535954091656158 -0.45790192249011957 -0.071086740591877626
leaf_weight=40 241 1904 51 77 59 85 87 43 71 61 47 122 53 888
leaf_count=40 241 1904 51 77 59 85 87 43 71 61 47 122 53 888
internal_value=-5.48303e-05 0.000102902 0.00237475 0.00573805 -0.00115385 -0.000752896 -0.00330769 0.00697674 0.00439024 -0.00019802 0.0099 0.0131839 0.00594059 -0.000708915
internal_weight=3829 3789 997 480 181 517 389 128 122 302 299 222 100 2792
internal_count=3829 3789 997 480 181 517 389 128 122 302 299 222 100 2792
is_linear=0
shrinkage=0.03


Tree=285
num_leaves=15
num_cat=0
split_feature=16 39 50 0 41 56 56 71 14 81 17 42 76 24
split_gain=6.08452 10.1701 7.24601 6.96026 7.16658 6.61747 15.1555 12.4544 8.57577 11.2511 8.80839 8.07284 21.4254 16.7974
threshold=44.500000000000007 934.79190079939588 3091.5617064237599 401.50000000000006 405.10230302810675 -75.206178466478974 -89.345563928286225 14.500000000000002 259.71036186926204 7551.3875182867059 44.000000000000007 -57.390140414237969 247.79256916046145 39.500000000000007
decision_type=2 10 10 2 10 8 10 8 10 8 2 8 10 2
left_child=2 -2 3 4 5 6 7 8 9 -1 -10 12 13 -7
right_child=1 -3 -4 -5 -6 11 -8 -9 10 -11 -12 -13 -14 -15
leaf_value=-0.32370035930481539 0.19907252572873213 0.001012357937546191 -0.17144128761664199 1.0056760455970128 -0.25438935158912174 -0.65878991645915119 0.42121686408266446 0.35912709160108575 -0.3666897572618652 0.52478719420452036 0.032460191470621735 -0.0020791129298275402 1.099120990492499 0.054949179279778361
leaf_weight=49 48 95 76 58 59 139 99 81 204 66 87 2664 41 57
leaf_count=49 48 95 76 58 59 139 99 81 204 66 87 2664 41 57
internal_value=-7.84519e-06 0.00604167 -0.000244499 -4.99307e-05 -0.000219904 -4.30046e-05 0.00286201 0.00067623 -0.0014742 0.00543103 -0.00421233 -0.0006306 -0.00592437 -0.0100508
internal_weight=3823 143 3680 3604 3546 3487 586 487 406 115 291 2901 237 196
internal_count=3823 143 3680 3604 3546 3487 586 487 406 115 291 2901 237 196
is_linear=0
shrinkage=0.03


Tree=286
num_leaves=15
num_cat=0
split_feature=31 64 67 7 39 8 3 3 15 64 80 80 66 35
split_gain=5.57499 16.2281 13.7287 12.6997 14.7408 16.9125 12.5267 11.694 11.4442 11.3559 10.4957 9.30027 9.94554 15.3444
threshold=19.42871621621622 3.7825058993032372 46.510399480660752 4551.8125488102496 3254.5773866147051 4.1116967280546719 17.375000000000004 21.041666666656969 29.500000000000004 4.2563564351089225 171.21430361270907 -181.61522042751309 -229.32036554813382 16.505508306962032
decision_type=10 8 8 10 8 10 2 2 2 8 8 8 8 10
left_child=3 -2 -3 4 5 6 11 9 -8 -7 -5 -1 -13 -14
right_child=1 2 -4 10 -6 7 8 -9 -10 -11 -12 12 13 -15
leaf_value=0.46210598956938709 -0.4966224337597171 -0.20764282932793213 0.01948965278582114 1.1393095347982554 -0.078310326971068933 -0.028807921510960684 -0.20262486222507864 1.6749678654883478 0.28487747257933188 0.43759724180658849 0.029657094059877875 -0.24326028737498007 -0.0016485856431789636 0.61576596744660239
leaf_weight=59 59 233 515 59 438 238 456 60 78 275 96 71 1030 148
leaf_count=59 59 233 515 59 438 238 456 60 78 275 96 71 1030 148
internal_value=-0.000275157 -0.00248762 -0.00128171 0.000319043 -0.00013665 0.000782285 -0.000618557 0.00527875 -0.00448598 0.00379377 0.00865385 0.000962567 0.000408 0.0010687
internal_weight=3815 807 748 3008 2853 2415 1842 573 534 513 155 1308 1249 1178
internal_count=3815 807 748 3008 2853 2415 1842 573 534 513 155 1308 1249 1178
is_linear=0
shrinkage=0.03


Tree=287
num_leaves=15
num_cat=0
split_feature=67 25 62 17 27 23 76 59 76 40 76 8 3 7
split_gain=6.30462 6.67688 13.1826 11.8038 7.72624 12.0629 11.5764 7.22425 9.97134 9.66414 8.63536 9.24525 8.15542 15.5925
threshold=-261.95527132919852 0.96946386946386964 0.089973940808591057 44.000000000000007 0.97362624623232097 5.7453938722610483 1855.8653632402422 362.44134294986731 445.39267277717596 69.021236180956251 366.60885262489325 1.7081823449234641 15.708333333343036 2339.3933941008813
decision_type=8 8 8 2 10 10 8 10 10 10 10 8 2 10
left_child=-1 7 -3 4 5 -4 -6 8 10 -10 11 -2 13 -13
right_child=1 2 3 -5 6 -7 -8 -9 9 -11 -12 12 -14 -15
leaf_value=-0.68903377922561704 -0.21207008989312373 0.11813316674978903 -0.11489713758055714 -0.38527106352109847 -0.55009258985289877 0.50054409018178725 0.032520189643121152 0.14648388752257699 -0.42578044361494138 -0.041504307076001654 0.25426054232149281 0.09026807227218489 0.025060466032814237 -0.050355751345772144
leaf_weight=67 66 168 67 68 42 87 192 50 46 157 86 264 1084 1387
leaf_count=67 66 168 67 68 42 87 192 50 46 157 86 264 1084 1387
internal_value=-0.000211378 -4.78088e-05 0.002784 0.000131291 0.00215938 0.00735484 -0.0012766 -0.00061127 -0.000795859 -0.00720588 -0.000342798 -0.000631692 -0.000361842 -0.00168886
internal_weight=3831 3764 624 456 388 154 234 3140 3090 203 2887 2801 2735 1651
internal_count=3831 3764 624 456 388 154 234 3140 3090 203 2887 2801 2735 1651
is_linear=0
shrinkage=0.03


Tree=288
num_leaves=15
num_cat=0
split_feature=41 42 43 26 8 29 33 56 32 28 56 38 27 33
split_gain=9.72585 10.1312 10.678 11.3038 12.4358 13.6656 13.1404 18.0668 16.127 17.9453 18.7583 13.3529 15.7765 12.7535
threshold=45.230598330497749 23.187256574630741 605.77801138740358 135.50000000000003 5.9601761498089614 0.93026373215287739 15.094733796296298 -78.761731584866837 0.14495798319327732 169.50000000000003 -24.541551828384396 2508.7582689750484 0.90533428165007124 15.788285229202039
decision_type=8 10 10 2 8 10 8 10 8 2 10 10 10 10
left_child=1 2 3 4 5 6 8 -8 -1 -10 11 12 -11 -9
right_child=-2 -3 -4 -5 -6 -7 7 13 9 10 -12 -13 -14 -15
leaf_value=0.66032794385053939 0.013185805730379984 -0.15203288352323929 -0.13970803312003588 0.30929829025541777 0.28016701437412139 -0.21429043248480076 0.38993865504021136 -0.5536685223447062 0.5738954542966247 -0.93777604016110749 0.21876037383892891 0.0037486068702401276 -0.016179803317241202 -0.10486807120717827
leaf_weight=63 1922 267 330 217 41 235 59 43 118 65 99 91 54 229
leaf_count=63 1922 267 330 217 41 235 59 43 118 65 99 91 54 229
internal_value=-0.000352113 -0.00186715 -0.000984802 0.000228137 -0.00101093 -0.00164617 0.000182482 -0.00442771 0.00329939 0.00119159 -0.0026129 -0.00767773 -0.01425 -0.00769231
internal_weight=3833 1911 1644 1314 1097 1056 821 331 490 427 309 210 119 272
internal_count=3833 1911 1644 1314 1097 1056 821 331 490 427 309 210 119 272
is_linear=0
shrinkage=0.03


Tree=289
num_leaves=15
num_cat=0
split_feature=50 49 64 4 37 61 72 16 1 85 25 29 85 80
split_gain=6.42624 6.57258 9.46365 8.12327 12.6821 11.2037 9.7447 6.06157 19.7438 10.7147 10.1901 10.2782 10.7091 10.5662
threshold=4434.4613299369821 10.500000000000002 6.3040050486021046 6.5000000000000009 1416.3581026493232 0.031178678979795406 -67.692257642745957 12.500000000000002 722.44134294986736 -172.9748840332031 0.97350877192982466 0.77875644060715798 154.05477013190591 89.95680952072145
decision_type=10 10 10 2 10 10 8 2 2 8 8 10 10 10
left_child=1 7 3 -3 5 -5 -6 8 10 -9 11 -1 -13 -14
right_child=-2 2 -4 4 6 -7 -8 9 -10 -11 -12 12 13 -15
leaf_value=0.27020778386319932 -0.1907555887848926 -0.83599742208490702 0.067029084855757787 1.1344512489213345 0.19809462362439945 -0.082186836776005939 -0.27538634360044362 0.17551954718603213 -0.32860998692906485 -0.021165998591247896 0.23984677082597616 -0.00012784309782398084 -0.10909249467960368 0.95304761414065231
leaf_weight=74 58 98 76 41 50 55 168 144 135 1757 127 880 44 115
leaf_count=74 58 98 76 41 50 55 168 144 135 1757 127 880 44 115
internal_value=-0.000345279 -0.000191235 -0.00343558 -0.00523002 -0.00285714 0.00618557 -0.00684932 0.000292951 0.00180959 -0.000804416 0.00299758 0.00207361 0.00129808 0.0084375
internal_weight=3822 3764 488 412 314 96 218 3276 1375 1901 1240 1113 1039 159
internal_count=3822 3764 488 412 314 96 218 3276 1375 1901 1240 1113 1039 159
is_linear=0
shrinkage=0.03


Tree=290
num_leaves=15
num_cat=0
split_feature=28 77 3 80 59 65 77 83 49 16 78 33 80 38
split_gain=8.13906 8.32582 10.3312 11.6487 9.21752 9.14781 8.16536 12.86 16.0335 11.6322 11.3318 10.5333 17.6268 11.5183
threshold=466.50000000000006 -244.4408195018768 10.708333333343036 -66.827454328536973 26.677019000053409 1.0535443372569724 57.194347918033607 266.9485747814179 7.5000000000000009 50.500000000000007 0.70833333333333337 21.134848484848487 -67.940669178962693 3457.0538829345965
decision_type=2 8 2 8 10 8 10 8 10 2 8 8 8 10
left_child=1 2 -1 -4 -5 -6 9 -8 -9 10 11 12 -3 -14
right_child=-2 6 3 4 5 -7 7 8 -10 -11 -12 -13 13 -15
leaf_value=-0.23924223355259719 -0.13751441078452054 0.69859086706807549 -0.31242444251644924 -0.022611253422790547 0.39343327245273568 0.0098165255122461305 -0.76203475843262447 -0.08471503573690313 0.39822675943472485 0.14450578667255043 0.025038506872926084 -0.3058769052169204 -0.12285514658628287 0.22815906707122963
leaf_weight=93 75 46 99 187 65 91 94 118 51 66 2368 140 291 47
leaf_count=93 75 46 99 187 65 91 94 118 51 66 2368 140 291 47
internal_value=-0.000148747 4.79106e-05 -0.00341418 -0.00148984 0.00113372 0.00649682 0.000623836 -0.00443182 0.000529412 0.00107469 0.000788109 -0.0032 -0.000623377 -0.00300885
internal_weight=3831 3756 535 442 343 156 3221 263 169 2958 2892 524 384 338
internal_count=3831 3756 535 442 343 156 3221 263 169 2958 2892 524 384 338
is_linear=0
shrinkage=0.03


Tree=291
num_leaves=15
num_cat=0
split_feature=61 83 17 41 7 77 15 77 17 74 17 3 79 77
split_gain=6.54352 8.84634 10.6837 7.54699 7.81818 9.80172 13.4515 14.0149 11.6338 10.3229 10.1689 9.4781 9.14116 8.29582
threshold=0.015670924576881472 -250.03787922859189 32.500000000000007 -183.14850151538846 2490.4252572478076 11.347275078296663 18.500000000000004 -144.83976620435712 37.500000000000007 87.232555182492092 27.500000000000004 18.125000000000004 15.190675172892931 306.13608062267309
decision_type=10 8 2 10 10 10 2 10 2 10 2 2 10 8
left_child=-1 2 -2 -3 5 6 7 8 12 -10 -9 -8 -5 -6
right_child=1 3 -4 4 13 -7 11 10 9 -11 -12 -13 -14 -15
leaf_value=0.014006136416012714 0.071263454163908377 -0.52131694790121486 -0.56687384156832388 0.061208597592592701 -0.052427844373744814 0.47979365912271343 0.23668706130771561 -0.57534766202081999 -0.33117219975133111 0.063465568416063142 -0.015306346729625204 -0.0088528918222581868 0.37755595799037528 0.065027011744246715
leaf_weight=1504 45 55 62 118 1173 79 135 77 55 57 77 53 62 295
leaf_count=1504 45 55 62 118 1173 79 135 77 55 57 77 53 62 295
internal_value=0.000210499 -0.000780717 -0.00916667 -0.000375503 -9.6242e-05 0.00247899 0.00122835 -0.00161074 0.00225256 -0.00530973 -0.00890323 0.00793651 0.00696133 -0.00134786
internal_weight=3847 2343 107 2236 2181 713 634 446 292 112 154 188 180 1468
internal_count=3847 2343 107 2236 2181 713 634 446 292 112 154 188 180 1468
is_linear=0
shrinkage=0.03


Tree=292
num_leaves=15
num_cat=0
split_feature=28 38 16 35 36 82 67 52 1 34 23 20 4 42
split_gain=8.26786 7.98967 11.2147 10.1961 16.1874 12.8059 11.0818 12.3861 9.53186 9.41925 9.21479 11.2181 11.5763 11.8085
threshold=466.50000000000006 3011.0612762949486 7.5000000000000009 10.875702247191013 0.18537609774723179 143.17034693559012 167.56405543299289 63.260771393775947 607.54545378685009 0.23310502283105025 10.833202838897707 434.27329885959631 8.5000000000000018 20.666925191879276
decision_type=2 10 2 10 10 10 10 10 2 10 10 8 2 10
left_child=1 2 3 6 -5 9 7 -1 -4 -6 11 -3 -13 -14
right_child=-2 10 8 4 5 -7 -8 -9 -10 -11 -12 12 13 -15
leaf_value=-0.175100709065105 -0.28447317895885388 0.63409959792590764 0.24075889251927832 0.69285411202190839 0.016737205593067586 0.64488998080613913 1.135525335016895 0.23928875138147457 -0.04003391404994034 -0.51338435929106363 -0.042092201721599665 0.0066188951254164859 0.40093772670285921 0.016801927187471807
leaf_weight=46 65 101 111 55 84 40 46 74 1806 105 216 777 129 146
leaf_count=46 65 101 111 55 84 40 46 74 1806 105 216 777 129 146
internal_value=7.10153e-05 0.000256891 -0.000798142 0.00345898 0 -0.00352174 0.00934132 0.00446281 -0.00179875 -0.00678947 0.00208029 0.00314558 0.00222222 0.0075
internal_weight=3801 3736 2367 450 284 229 166 120 1917 189 1369 1153 1052 275
internal_count=3801 3736 2367 450 284 229 166 120 1917 189 1369 1153 1052 275
is_linear=0
shrinkage=0.03


Tree=293
num_leaves=15
num_cat=0
split_feature=67 40 56 48 29 26 80 8 72 63 84 28 85 6
split_gain=8.43284 11.6717 11.8416 13.3208 17.8793 16.2816 12.4201 9.77605 16.761 8.37369 11.2746 10.8865 7.17834 8.82576
threshold=32.88536497950556 690.4833770552583 56.8564020395279 -70.005078633626297 0.86599660814046298 110.50000000000001 -54.200379490852349 4.6225040551306309 -6.4031927585601798 -46.787267890458672 -5.2052245140075675 241.50000000000003 -172.9748840332031 690.00000000000011
decision_type=8 10 8 10 10 2 8 10 10 10 8 2 8 10
left_child=1 2 3 4 -1 6 -6 9 -9 11 -11 -5 -2 -14
right_child=12 -3 -4 7 5 -7 -8 8 -10 10 -12 -13 13 -15
leaf_value=-0.68695134648638112 0.17134637695249691 -0.49310755484330732 0.67343073552839949 -0.74706835688598405 -0.0069327189989932588 -0.030914358568763605 0.58912473819318822 -0.13629965782236667 0.823684974855736 0.4909013951055064 -0.12991119041645224 -0.0048534655635690347 0.049490375892122192 -0.012995668325105124
leaf_weight=59 170 104 42 152 51 112 110 88 42 43 67 60 971 1755
leaf_count=59 170 104 42 152 51 112 110 88 42 43 67 60 971 1755
internal_value=-9.40685e-05 -0.00257787 -0.00137848 -0.00221656 0.00234234 0.00558394 0.0116667 -0.00556291 0.00137405 -0.00835913 -0.00162162 -0.011831 0.000704177 0.000330033
internal_weight=3826 930 826 784 332 273 161 452 130 322 110 212 2896 2726
internal_count=3826 930 826 784 332 273 161 452 130 322 110 212 2896 2726
is_linear=0
shrinkage=0.03


Tree=294
num_leaves=15
num_cat=0
split_feature=60 29 61 6 0 36 83 40 40 79 56 68 37 16
split_gain=6.55372 9.8669 7.54324 6.78305 11.7637 12.5448 12.7747 10.2537 11.6956 7.47469 12.5107 8.22036 8.32042 7.57142
threshold=493.56062042713171 0.99183659869385588 0.90330449391991352 690.00000000000011 149.50000000000003 0.25362623502207277 -0.88298010826110829 43.884955955166269 17.842533960123905 9.5579601852469214 -57.459388732910149 -0.13593097432844761 1526.0946788865836 14.500000000000002
decision_type=10 10 10 10 2 10 8 10 10 10 10 8 8 2
left_child=3 2 -2 4 7 -6 -7 8 -1 10 13 12 -12 -5
right_child=1 -3 -4 9 5 6 -8 -9 -10 -11 11 -13 -14 -15
leaf_value=-0.16578773191346238 0.39057304514131119 -0.02994928456457778 -0.40709660729177949 0.27862016792739303 0.84793355634632117 -0.33636078438590034 0.40953159015147278 -0.0050141778503549972 0.64747764761751692 0.0060161348273178733 -0.77902065836130019 -0.085527506756884003 -0.037598164944132074 -0.027505457198200061
leaf_weight=46 98 42 40 102 103 56 83 1082 81 1118 60 779 49 123
leaf_count=46 98 42 40 102 103 56 83 1082 81 1118 60 779 49 123
internal_value=6.21279e-05 0.00563536 0.0094964 -0.000211784 0.0013843 0.00740741 0.0015 0.000173554 0.00820313 -0.00125 -0.00298923 -0.00458943 -0.0122727 0.00331858
internal_weight=3862 180 138 3682 1451 242 139 1209 127 2231 1113 888 109 225
internal_count=3862 180 138 3682 1451 242 139 1209 127 2231 1113 888 109 225
is_linear=0
shrinkage=0.03


Tree=295
num_leaves=15
num_cat=0
split_feature=80 29 16 4 40 23 35 76 25 64 82 80 8 82
split_gain=8.01184 16.2192 13.9877 12.3187 10.8917 7.60542 8.42387 7.41189 7.31053 8.76644 8.03105 12.5514 10.7829 9.60421
threshold=105.73080992698671 0.95761545572971396 9.5000000000000018 7.5000000000000009 207.27422033834117 8.3285579681396502 14.973639720171009 13002.256563663484 0.93569065343258895 2.6854902946646462 76.17968070507051 16.336725234985355 0.46204932066131649 1.0000000180025095e-35
decision_type=10 8 2 2 10 10 8 8 8 8 10 10 10 10
left_child=8 2 -2 5 -5 -4 -7 -3 9 -1 11 13 -13 -10
right_child=1 7 3 4 -6 6 -8 -9 10 -11 -12 12 -14 -15
leaf_value=-0.49605584544859183 0.53272268907753417 0.00062643947522019957 -0.31126808744731999 1.0829455581844849 0.063907907888616222 0.67565284867702702 -0.24664295653377494 -0.71416753860333526 0.01501964223666484 -0.019121578561946708 -0.41578367883764694 -0.11301843167752351 0.73488798515423526 -0.22786897177933835
leaf_weight=42 226 49 114 57 167 43 40 61 600 2060 90 47 132 84
leaf_count=42 226 49 114 57 167 43 40 61 600 2060 90 47 132 84
internal_value=-0.000267506 0.0024934 0.00430556 0.00106635 0.00586667 -0.00439394 0.0025 -0.00810811 -0.000952225 -0.00194009 0.00122642 0.00211806 0.00916667 0.000262774
internal_weight=3812 757 647 421 224 197 83 110 3055 2102 953 863 179 684
internal_count=3812 757 647 421 224 197 83 110 3055 2102 953 863 179 684
is_linear=0
shrinkage=0.03


Tree=296
num_leaves=15
num_cat=0
split_feature=16 16 71 66 3 16 66 14 56 36 43 42 66 4
split_gain=6.50623 6.91625 6.80308 5.7928 7.8602 6.73154 9.28669 7.66109 13.0364 9.32532 8.80049 12.3422 11.5481 10.9728
threshold=45.500000000000007 41.500000000000007 14.500000000000002 -301.5292574167251 14.791666666656967 1.0000000180025095e-35 44.99130582809449 460.7434080897375 -141.22795947392777 0.65997591328783634 441.80656275301584 -63.682898044586175 589.67523825168621 8.5000000000000018
decision_type=2 2 8 8 2 2 10 8 8 10 10 8 8 2
left_child=1 3 -3 4 -1 6 -5 -7 -9 10 12 -12 -10 -13
right_child=-2 2 -4 5 -6 7 -8 8 9 -11 11 13 -14 -15
leaf_value=-0.78232580475683755 0.026019967001740314 -0.0020853230356869656 -0.60034414598981534 -0.41195184758999492 0.13601258970379132 0.014963840879170397 0.061264686174826964 0.38801748638260536 -0.010238016078389051 -0.29240211685062428 -0.57504273601394695 -0.059236031729110371 0.22184241015365955 0.25813496279340586
leaf_weight=58 146 45 40 102 40 2317 40 43 288 141 74 332 149 90
leaf_count=58 146 45 40 102 40 2317 40 43 288 141 74 332 149 90
internal_value=-6.91244e-05 -0.00031117 -0.00872093 -0.000114286 -0.00727273 8.38692e-05 -0.00629371 0.000349345 -0.00169052 -0.00234419 -0.00125268 -0.0039839 0.00184932 -0.00198582
internal_weight=3905 3759 85 3674 98 3576 142 3434 1117 1074 933 496 437 422
internal_count=3905 3759 85 3674 98 3576 142 3434 1117 1074 933 496 437 422
is_linear=0
shrinkage=0.03


Tree=297
num_leaves=15
num_cat=0
split_feature=79 39 82 45 29 8 52 64 29 24 32 41 15 24
split_gain=9.79028 16.7576 11.2334 13.2428 11.4529 11.2448 12.3693 10.783 9.80993 13.4326 10.133 8.29382 8.08473 7.82468
threshold=8.4154251434675285 3122.1144633354111 -143.96470149358109 6.5000000000000009 0.89825433878006711 4.1507830371045387 441.57093095779425 4.4334419921958697 0.94917520166772429 41.500000000000007 0.23205128205128209 -30.715372323989865 19.500000000000004 43.500000000000007
decision_type=8 10 10 10 10 10 10 8 10 2 10 10 2 2
left_child=1 2 -1 4 -4 6 8 -7 9 -5 -11 -6 13 -3
right_child=-2 12 3 5 11 7 -8 -9 -10 10 -12 -13 -14 -15
leaf_value=0.35763192217299633 0.0074664419751217176 -0.35538279344879292 -0.9923274338367869 -0.1646791736302867 0.09229075119557055 0.015012800187146808 0.48997423853306127 0.87988618139065444 -1.3112677018383527 -0.042425266733266083 1.2448015695063275 -0.42630144651879193 -0.011316755961736362 -1.222915351145125
leaf_weight=71 2722 68 60 232 42 112 67 71 42 45 46 79 77 61
leaf_count=71 2722 68 60 232 42 112 67 71 42 45 46 79 77 61
internal_value=-0.000339831 -0.00276536 -0.00093318 -0.00195734 -0.00906593 0.000146104 -0.00249423 0.0063587 -0.00467213 -0.00287037 0.00684783 -0.00368852 -0.0104348 -0.015
internal_weight=3795 1073 867 796 181 615 432 183 365 323 91 121 206 129
internal_count=3795 1073 867 796 181 615 432 183 365 323 91 121 206 129
is_linear=0
shrinkage=0.03


Tree=298
num_leaves=15
num_cat=0
split_feature=41 59 48 33 7 68 79 16 17 81 79 76 41 72
split_gain=8.2939 9.70926 11.3508 11.7799 9.37535 11.9005 10.2902 10.2016 7.56548 9.80722 10.7414 12.9953 8.52286 13.0563
threshold=-72.576890349388108 208.91311836242679 -109.75588440895079 4.6478260869565222 3280.0595972968454 -0.22691536011851943 11.12752555072244 17.500000000000004 5.0000000000000009 1546.7510825395586 11.216482071624336 166.79329514503482 -19.113526821136471 -20.876579880714413
decision_type=10 8 8 10 10 10 10 2 2 8 10 8 10 8
left_child=1 4 -3 -4 5 -1 -7 -6 -2 -10 11 -11 13 -12
right_child=8 2 3 -5 7 6 -8 -9 9 10 12 -13 -14 -15
leaf_value=0.59884143547628843 -0.4962736159973446 -0.1765285437977443 -0.011331064831996375 1.0136807438284656 -0.28547269879739062 0.24983129849213043 -0.037465620202819724 0.40100639085720918 0.73676751906867988 0.04872991741147558 0.034851975266473087 -0.051086234305665813 0.046608888488337281 -0.20543518496417326
leaf_weight=72 80 120 131 56 85 165 109 41 52 100 106 1583 1021 85
leaf_count=72 80 120 131 56 85 165 109 41 52 100 106 1583 1021 85
internal_value=0.000126084 0.00288462 -0.00126623 0.00335106 0.0055814 0.0081268 0.00523636 -0.00141732 -0.000584544 -0.000335821 -0.000569751 -0.00211995 0.00158285 -0.00421875
internal_weight=3806 779 307 187 472 346 274 126 3027 2947 2895 1683 1212 191
internal_count=3806 779 307 187 472 346 274 126 3027 2947 2895 1683 1212 191
is_linear=0
shrinkage=0.03


Tree=299
num_leaves=15
num_cat=0
split_feature=60 72 80 28 42 67 42 15 59 60 34 65 66 79
split_gain=9.68711 8.4268 7.73178 9.25223 6.89895 15.6467 13.4006 10.6085 13.7591 8.99204 8.52353 11.6319 10.3976 11.4114
threshold=-107.04284620285033 -86.462260842323289 8.6782513856887835 184.50000000000003 42.311617016792304 115.64624951166259 45.825402855873115 28.500000000000004 127.54545378684999 378.94084358215338 0.1908263305322129 0.92569678480918383 176.43993210792544 120.03008699665553
decision_type=8 8 10 2 8 10 8 2 10 10 10 8 10 10
left_child=2 -2 3 -1 5 7 -6 8 9 -3 11 -8 13 -13
right_child=1 4 -4 -5 6 -7 10 -9 -10 -11 -12 12 -14 -15
leaf_value=0.23721872397287294 0.15495048111345688 -0.11456808485097431 -0.35865494380168372 -0.36617366349929792 0.89234926312819063 -0.54407477823749739 0.43410289402904451 0.059579913506134813 0.061437281688911299 0.22839100322411154 -0.014282974866184616 0.038723574491060953 -0.24244106087359066 -0.063066256055403322
leaf_weight=46 235 858 90 86 57 77 148 292 221 54 1196 361 62 87
leaf_count=46 235 858 90 86 57 77 148 292 221 54 1196 361 62 87
internal_value=-0.000387497 -1.64429e-05 -0.0064574 -0.00180451 -0.000395431 -0.00191617 0.000800209 -0.00119916 -0.00251323 -0.0041402 0.000355795 0.0030956 0.000939335 0.00253898
internal_weight=3870 3648 222 132 3413 1502 1911 1425 1133 912 1854 658 510 448
internal_count=3870 3648 222 132 3413 1502 1911 1425 1133 912 1854 658 510 448
is_linear=0
shrinkage=0.03


Tree=300
num_leaves=15
num_cat=0
split_feature=77 1 82 84 73 48 3 48 14 26 52 37 14 17
split_gain=9.10203 10.4955 10.6358 10.4792 11.8711 9.61743 9.05364 8.63269 8.28181 8.39056 10.4144 8.72895 8.52829 10.401
threshold=-244.4408195018768 665.53867006301891 -150.37561261653897 -41.319732447465249 5.7579510211944589 48.442730784416206 19.291666666656969 391.50983031590789 817.9126611848352 193.50000000000003 17.013303756713871 1564.5387680779352 493.93524499878248 25.500000000000004
decision_type=8 2 8 10 8 10 2 10 10 2 8 10 10 2
left_child=3 2 -2 5 -5 -1 -7 8 9 10 11 -4 -12 -14
right_child=1 -3 7 4 -6 6 -8 -9 -10 -11 12 -13 13 -15
leaf_value=-0.32794457363310597 0.41324998154613685 -0.023093440976917332 -0.38276740163824813 0.36054617713009329 -0.056940764618262134 0.041863068481209922 -0.15668954309039759 -0.31779116629413784 0.26029651073999549 -0.07551427821414336 0.0613003324672887 0.057548328110185662 0.52502711396389756 -0.10439560638364724
leaf_weight=119 50 1192 91 70 179 103 40 48 100 173 1318 74 53 207
leaf_count=119 50 1192 91 70 179 103 40 48 100 173 1318 74 53 207
internal_value=-8.64327e-05 0.00048987 0.00175887 -0.00380859 0.0006 -0.00798479 -0.00270833 0.00142373 0.00172533 0.00128326 0.0019094 -0.00524096 0.00265991 -0.00229885
internal_weight=3817 3306 2114 511 249 262 143 2064 2016 1916 1743 165 1578 260
internal_count=3817 3306 2114 511 249 262 143 2064 2016 1916 1743 165 1578 260
is_linear=0
shrinkage=0.03


Tree=301
num_leaves=15
num_cat=0
split_feature=6 35 85 17 28 41 62 69 43 72 25 48 41 62
split_gain=7.95124 10.0598 11.3492 9.90716 8.80834 8.59729 9.02755 11.9986 11.089 10.9301 10.4396 9.84534 10.6039 13.4263
threshold=690.00000000000011 17.39231761238025 176.55637625853225 26.500000000000004 314.50000000000006 120.8123598098755 -0.12447698599024462 180.34495164666859 863.18481087280418 40.323201417922981 0.92031746031746042 -42.253519614537545 -15.695177197456358 -0.1602186320006723
decision_type=10 8 10 2 2 10 10 10 10 10 10 10 10 10
left_child=1 2 4 -4 -1 6 9 8 -8 11 -9 -2 -13 -14
right_child=5 -3 3 -5 -6 -7 7 10 -10 -11 -12 12 13 -15
leaf_value=-0.0051525569499226266 0.09638340151064767 0.091094615895317838 1.6161108738200072 0.036300082998968149 -0.22887350805500559 -0.086608796077564193 -0.064641895819838091 0.56386467634307935 -0.77813093384453214 1.2595886712118152 -0.065796711563454902 -0.16105597208116715 -0.015902242073667732 1.0499063492544585
leaf_weight=839 277 474 40 73 64 664 695 71 58 45 68 116 313 45
leaf_count=839 277 474 40 73 64 664 695 71 58 45 68 116 313 45
internal_value=-0.000265418 0.00144869 -0.000235988 0.00868421 -0.00136062 -0.00135147 -0.000213144 -0.00228443 -0.00377984 0.0021079 0.00578571 0.0012367 -0.00138947 0.00116992
internal_weight=3842 1490 1016 113 903 2352 1688 892 753 796 139 751 474 358
internal_count=3842 1490 1016 113 903 2352 1688 892 753 796 139 751 474 358
is_linear=0
shrinkage=0.03


Tree=302
num_leaves=15
num_cat=0
split_feature=16 60 67 56 60 28 59 31 43 67 43 3 17 77
split_gain=9.39985 9.10989 11.4894 7.40349 16.5344 11.1031 9.4335 9.52553 9.30363 7.40802 13.2101 9.46294 12.8276 14.0915
threshold=1.0000000180025095e-35 -83.157454133033738 -34.219854347289534 -73.033443331718431 -115.71950185298918 147.50000000000003 225.73015666007998 16.414215686274513 52.502046697828483 56.777191337786313 490.42671549149583 11.375000000000002 36.500000000000007 -161.10244762897489
decision_type=2 10 10 8 8 2 10 10 8 8 10 2 2 8
left_child=1 -1 -3 4 6 8 7 -2 -6 10 11 12 -5 -14
right_child=3 2 -4 9 5 -7 -8 -9 -10 -11 -12 -13 13 -15
leaf_value=0.17794378836415853 -0.19793481791265341 -1.1319294846510497 -0.037802247715515942 -0.60444489447364869 -0.41818796997574037 0.23147158825903333 -0.62445040462567991 0.14097370089333883 0.21914865031183675 0.0070816126805013022 -0.69327846100058477 0.038931536422862789 -0.16270861107692225 0.14316150174519027
leaf_weight=44 58 50 52 114 43 356 56 40 50 2484 84 294 52 79
leaf_count=44 58 50 52 114 43 356 56 40 50 2484 84 294 52 79
internal_value=9.33368e-05 -0.00734694 -0.012233 0.000388036 0.00342715 0.00633333 -0.00503226 0.000606061 -0.00287234 -0.000202703 -0.003125 -0.00138889 -0.00573171 0.000681818
internal_weight=3856 146 102 3710 603 449 154 98 93 3107 623 539 245 131
internal_count=3856 146 102 3710 603 449 154 98 93 3107 623 539 245 131
is_linear=0
shrinkage=0.03


Tree=303
num_leaves=15
num_cat=0
split_feature=16 66 60 1 28 83 28 17 29 63 3 72 3 77
split_gain=7.96801 8.43791 9.79379 6.96392 12.6341 8.82781 11.413 10.2081 9.87354 11.2573 9.7135 12.6705 11.016 11.5085
threshold=1.0000000180025095e-35 44.99130582809449 46.636788487434394 659.08346462249767 131.50000000000003 46.428337693214424 186.50000000000003 32.500000000000007 0.91389144142716827 -157.21241101064297 8.7083333333430364 11.597105622291567 14.875000000000002 -167.87642562389371
decision_type=2 10 10 2 2 10 2 2 10 10 2 10 2 10
left_child=1 2 -1 4 -2 10 7 -7 -8 -10 -6 12 13 -12
right_child=3 -3 -4 -5 5 6 8 -9 9 -11 11 -13 -14 -15
leaf_value=-0.12304051230004351 -0.053726094519345027 0.037271689337302419 -0.88245067865538207 -0.015482930178570435 0.19301141638977296 -0.34273895685401845 -0.4711185088338759 0.16161386463897737 0.82780474928682657 -0.13011613420861581 0.23052736363033857 -0.47314083032362098 0.22691166412717748 -0.33427925407215853
leaf_weight=65 204 42 43 2122 290 44 57 114 43 84 147 81 361 152
leaf_count=65 204 42 43 2122 290 44 57 114 43 84 147 81 361 152
internal_value=-0.000397403 -0.00715232 -0.0115596 -0.000121622 0.00138783 0.00242358 -0.00174927 0.00415094 -0.00681081 -0.00210938 0.00380814 0.00198113 0.00335855 -0.0009
internal_weight=3849 150 108 3699 1577 1373 342 158 184 127 1031 741 660 299
internal_count=3849 150 108 3699 1577 1373 342 158 184 127 1031 741 660 299
is_linear=0
shrinkage=0.03


Tree=304
num_leaves=15
num_cat=0
split_feature=3 4 0 72 35 63 67 7 29 29 77 3 71 40
split_gain=7.76978 8.82422 12.5086 13.2388 17.1683 12.6237 11.3111 10.2111 11.9538 11.8005 11.609 10.5783 9.91609 10.0988
threshold=23.541666666656969 7.5000000000000009 138.50000000000003 15.559033036231996 19.880871212121217 -86.681414657889135 -184.14710521099093 2110.1700640061431 0.95042482971701436 0.93275426762633318 -87.414005398750291 6.7916666666569663 16.500000000000004 2062.8966780803175
decision_type=2 2 2 8 10 8 8 10 10 10 10 2 8 10
left_child=1 6 3 4 -3 -5 -1 -7 9 10 11 -9 13 -4
right_child=-2 2 12 5 -6 7 -8 8 -10 -11 -12 -13 -14 -15
leaf_value=-0.78739232755259048 -0.26675896623130052 0.023818037739817936 0.53442321052403285 -0.2889138044284304 0.46114531469807862 0.68862203767112773 -0.011116600724960738 -0.051562653632296979 -0.3167164645245682 0.73007461218204373 -0.21766533068468355 0.046773250511982806 2.7082374559406057 -0.44792567092001861
leaf_weight=71 74 487 227 134 102 47 1876 93 124 90 124 289 41 42
leaf_count=71 74 487 227 134 102 47 1876 93 124 90 124 289 41 42
internal_value=-3.92465e-05 0.000152081 0.00166574 0.000523139 0.00401695 -0.00176275 -0.00124743 -0.000273438 -0.00116505 0.000603015 -0.00118343 0.00140992 0.00713826 0.005
internal_weight=3821 3747 1800 1490 589 901 1947 767 720 596 506 382 310 269
internal_count=3821 3747 1800 1490 589 901 1947 767 720 596 506 382 310 269
is_linear=0
shrinkage=0.03


Tree=305
num_leaves=15
num_cat=0
split_feature=8 3 8 15 27 29 37 16 67 39 77 27 67 82
split_gain=7.27232 8.84854 9.15852 8.79152 9.38848 13.1745 13.2782 7.20139 11.8406 7.28683 13.5722 13.9024 13.5455 13.3738
threshold=6.4334458331929634 0.87500000000000011 4.012505536383606 33.500000000000007 0.98373876255949244 0.92865626060400419 1892.1050697495969 1.0000000180025095e-35 25.668615078926095 2406.1262077703846 -60.501989483833306 0.94533384562841538 69.753003928065297 200.47524182001754
decision_type=8 2 10 2 10 10 10 2 10 10 10 10 8 10
left_child=1 2 -1 4 5 6 -2 8 -3 10 -9 12 -12 -11
right_child=3 7 -4 -5 -6 -7 -8 9 -10 13 11 -13 -14 -15
leaf_value=-0.63796004933334716 0.14471472137480815 -0.73609101126783272 -0.0016513956098120274 -0.059505502233332078 -0.15410648326567578 1.4616497115113651 -0.10964855826066201 -0.00328413483457485 0.073223877457188558 -0.050336508159638846 -0.24576736133290858 -0.050546495189301842 0.53421880521088361 1.1972080224997921
leaf_weight=46 93 73 49 62 66 94 74 1762 41 1065 50 102 188 57
leaf_count=46 93 73 49 62 66 94 74 1762 41 1065 50 102 188 57
internal_value=-0.000266806 -0.00070763 -0.0096875 0.00361538 0.00557927 0.00812977 0.00303571 -0.000449236 -0.00782609 -0.000186047 0.00085592 0.00633431 0.0102929 -0.00213713
internal_weight=3822 3433 95 389 327 261 167 3338 114 3224 2102 340 238 1122
internal_count=3822 3433 95 389 327 261 167 3338 114 3224 2102 340 238 1122
is_linear=0
shrinkage=0.03


Tree=306
num_leaves=15
num_cat=0
split_feature=82 66 39 14 58 83 31 74 0 3 27 24 40 24
split_gain=8.54262 10.1324 7.99243 7.95107 16.5479 12.6205 12.184 10.2508 10.7758 12.62 12.3494 9.96765 9.87552 9.8356
threshold=-76.027480324109391 -85.260571718215928 1207.2668174118776 460.7434080897375 1524.7034965753558 -38.046280741691582 28.571343873517794 2035.0229295796833 285.50000000000006 13.791666666656967 0.93029040842300137 49.500000000000007 2426.1427632546088 28.500000000000004
decision_type=8 10 10 8 10 10 8 10 2 2 10 2 10 2
left_child=1 2 -1 7 5 -5 11 8 10 -10 -2 -7 -9 -12
right_child=3 -3 -4 4 -6 6 -8 12 9 -11 13 -13 -14 -15
leaf_value=-0.11239410667660664 0.034817943990699533 -0.3932589009246461 0.066697062878376401 0.029072715882250397 -0.20369051924651538 -0.11813562560219246 -0.77116111883823246 -0.56718668554135476 -0.34550953701601783 0.84134110638850756 0.015769316131141731 0.65622206509760483 0.021016895588123235 -0.19164024898136853
leaf_weight=153 1390 116 138 650 72 310 40 65 44 81 362 60 43 300
leaf_count=153 1390 116 138 650 72 310 40 65 44 81 362 60 43 300
internal_value=-0.000235294 -0.00433824 -0.00133562 0.000254535 -0.00180053 -0.000848256 -0.0049635 0.00127297 0.00172176 0.0102381 0.00119825 -0.0032345 -0.00770642 -0.00217195
internal_weight=3824 407 291 3417 1132 1060 410 2285 2177 125 2052 370 108 662
internal_count=3824 407 291 3417 1132 1060 410 2285 2177 125 2052 370 108 662
is_linear=0
shrinkage=0.03


Tree=307
num_leaves=15
num_cat=0
split_feature=35 7 53 68 74 77 67 73 3 82 39 40 40 63
split_gain=7.58215 14.8811 12.4767 10.3998 10.9743 10.1065 13.8561 12.2193 9.73514 15.6884 11.0628 10.126 16.564 11.6818
threshold=16.195804647160074 2576.0842226591053 6.5000000000000009 -0.17804766301900851 47.129514424895582 -129.44517290592191 134.06569338747957 14.654325366020204 10.041666666656967 170.41200455029806 3406.6899410277833 508.67461401655328 43.884955955166269 85.586485875080243
decision_type=10 10 8 8 10 8 10 10 2 8 10 10 8 10
left_child=3 -2 -3 -1 8 6 -4 -7 11 -10 -11 12 -5 -14
right_child=1 2 5 4 -6 7 -8 -9 9 10 -12 -13 13 -15
leaf_value=-0.14864761893843731 0.1645643613517038 -0.74106104508077741 -0.062789482609574981 0.02146932481309274 -0.089800030221732927 0.016546252603691726 0.76862124608447036 0.54404282246041191 0.0036052026144659877 0.53561602325022628 -0.32472821881202052 0.013680361759767834 -0.64519815462308239 0.051976334282915669
leaf_weight=218 322 69 221 108 553 497 47 60 1022 233 46 271 146 41
leaf_count=218 322 69 221 108 553 497 47 60 1022 233 46 271 146 41
internal_value=-0.000233463 0.00172555 -0.000268156 -0.00113679 -0.000570012 0.000762712 -0.00401487 0.00306452 0.000529979 0.00195853 0.00825 -0.00275132 -0.00658784 -0.0119681
internal_weight=3854 1216 894 2638 2420 825 268 557 1867 1301 279 566 295 187
internal_count=3854 1216 894 2638 2420 825 268 557 1867 1301 279 566 295 187
is_linear=0
shrinkage=0.03


Tree=308
num_leaves=15
num_cat=0
split_feature=3 43 3 4 43 85 33 3 70 36 41 3 85 83
split_gain=7.33423 11.4286 7.49806 6.22793 19.2535 12.9148 12.1522 11.9771 11.9069 13.0512 20.7613 12.4994 12.3415 12.2941
threshold=1.5416666666569656 113.88546450010638 0.37500000000000006 7.5000000000000009 545.41794117912934 -207.88376545906064 22.304000000000006 23.541666666656969 0.90454545454545465 0.17369121561668147 113.54844367504121 21.041666666656969 70.050521771113097 191.1447426080704
decision_type=2 10 2 2 10 8 10 2 10 8 10 2 8 10
left_child=1 -1 -3 4 6 -5 -2 8 11 12 13 -7 -10 -11
right_child=3 2 -4 5 -6 7 -8 -9 9 10 -12 -13 -14 -15
leaf_value=-0.25086173706651438 0.0020782353201977059 0.11766317941992042 -0.054307764291574065 0.66585831643224203 -0.072385678940912454 0.051365981183701268 0.73835518564809366 -0.37528244870580729 0.48720023503447535 -0.13349217974432936 0.45190899814335633 1.5472886430645207 -0.00268715501081175 0.46209949261151023
leaf_weight=45 1232 53 112 55 582 498 81 46 95 619 175 63 125 63
leaf_count=45 1232 53 112 55 582 498 81 46 95 619 175 63 125 63
internal_value=-0.000249675 -0.0056872 -0.00198795 6.60248e-05 -0.00112342 0.00136207 0.000890411 0.000890208 0.00131788 -0.000528757 -0.0022028 0.00485765 0.00597285 -0.00456808
internal_weight=3844 210 165 3634 1895 1739 1313 1684 1638 1077 857 561 220 682
internal_count=3844 210 165 3634 1895 1739 1313 1684 1638 1077 857 561 220 682
is_linear=0
shrinkage=0.03


Tree=309
num_leaves=15
num_cat=0
split_feature=70 14 3 16 33 8 0 61 81 16 16 39 8 64
split_gain=5.96863 11.2604 9.75933 12.0726 9.88823 14.8019 15.2119 13.4903 10.6822 11.321 16.5695 9.41326 11.9726 11.7032
threshold=0.91287878787878796 96.809017533079938 5.4583333333430355 11.500000000000002 24.919021739130439 4.3191937329732859 -65.499999999999986 0.94314820142942957 7079.9755653142938 27.500000000000004 13.500000000000002 2680.9831849851485 4.1116967280546719 4.2934104514336733
decision_type=10 10 2 2 8 10 2 8 8 2 2 8 10 8
left_child=1 -1 3 -3 5 8 -7 -6 -4 10 -10 12 -2 -14
right_child=11 2 4 -5 7 6 -8 -9 9 -11 -12 -13 13 -15
leaf_value=-0.14209981365302579 -0.010161259771566797 0.052432871816835459 -0.15000943188949406 -0.094389582749425383 -0.11979773171424005 -0.036373869455016458 0.54396787406974367 0.031297645367220399 0.41722163586508354 1.1048353767409029 -0.14597509991931126 -0.09998003980047368 0.00040661661666838709 0.46431093325900669
leaf_weight=177 1357 46 212 128 137 45 280 187 77 90 102 676 194 155
leaf_count=177 1357 46 212 128 137 45 280 187 77 90 102 676 194 155
internal_value=2.32919e-05 0.00151822 0.00248276 -0.00411429 0.00350133 0.00527881 0.0102147 -0.000923077 0.00192946 0.00588889 0.0015 -0.00090642 0.000281195 0.00522857
internal_weight=3863 1481 1304 174 1130 806 325 324 481 269 179 2382 1706 349
internal_count=3863 1481 1304 174 1130 806 325 324 481 269 179 2382 1706 349
is_linear=0
shrinkage=0.03


Tree=310
num_leaves=15
num_cat=0
split_feature=1 17 60 80 41 81 3 17 32 67 16 45 80 81
split_gain=8.18558 7.86016 13.0058 14.3285 10.4396 10.1631 19.3154 21.0424 14.3351 13.5839 9.84692 10.2599 12.9953 9.74078
threshold=862.4528832435609 41.500000000000007 61.52469730377198 263.68310797214514 32.012607336044319 6775.2487986087808 13.791666666656967 42.500000000000007 0.45643939393939398 -133.07076014190156 7.5000000000000009 7.5000000000000009 -37.455788016319268 9137.6071962118167
decision_type=2 2 8 10 10 10 2 2 8 10 2 8 8 10
left_child=1 2 4 -4 13 10 8 -8 -7 -9 -3 -12 -13 -1
right_child=-2 5 3 -5 -6 6 7 9 -10 -11 11 12 -14 -15
leaf_value=0.024836532595112419 -0.26678423413069829 0.048648794783770342 0.026112178580965751 1.1242555812122863 -0.33650558845132839 0.3624057620921739 -0.21759299692543688 0.56932912250959145 -0.042927985000411298 -0.03055468005929917 -0.20814633354037296 0.35070234878832068 -0.040073267968464207 -0.19492636549176334
leaf_weight=458 68 165 1521 83 112 108 89 70 40 74 286 80 520 171
leaf_count=458 68 165 1521 83 112 108 89 70 40 74 286 80 520 171
internal_value=-0.000195008 -7.94071e-06 0.00106138 0.00257944 -0.00222372 -0.00175855 0.00243455 -0.00294872 0.0108725 0.00413793 -0.00327947 -0.00453213 -0.00229617 -0.000714286
internal_weight=3845 3777 2345 1604 741 1432 381 233 148 144 1051 886 600 629
internal_count=3845 3777 2345 1604 741 1432 381 233 148 144 1051 886 600 629
is_linear=0
shrinkage=0.03


Tree=311
num_leaves=15
num_cat=0
split_feature=82 82 81 81 20 60 30 68 38 63 24 67 5 8
split_gain=6.43633 12.7688 10.0124 10.0533 8.8612 14.1456 8.89277 12.4305 11.8304 14.6254 11.7463 11.9078 10.3593 8.67775
threshold=-150.37561261653897 -72.655928909778581 11442.075887918474 8566.296157479288 597.02162611484539 26.827618002891544 6.0500000000000007 0.13451013757252409 3054.7106967952896 163.87049309502467 53.500000000000007 1498.556514143944 64.067189931869521 5.4029275616594861
decision_type=8 8 10 10 10 8 8 10 10 10 2 8 10 8
left_child=-1 2 3 -2 6 -6 -3 8 9 13 11 -9 -10 -8
right_child=1 4 -4 -5 5 -7 7 10 12 -11 -12 -13 -14 -15
leaf_value=0.083063917332555526 -0.12989545010696418 0.059616967503262959 0.46846436353262683 -1.2259389675432872 0.42992699045860144 -0.19482004621372084 -0.068704088773360178 0.40118325484013095 0.036401024144987915 -0.47942748612077613 -0.57545701201206445 -0.065441775535329899 -0.078569703406504626 0.068913998796843873
leaf_weight=141 205 1198 42 41 49 281 635 205 539 74 42 63 181 136
leaf_count=141 205 1198 42 41 49 281 635 205 539 74 42 63 181 136
internal_value=-0.000140882 -0.000381907 -0.00643599 -0.00874494 0.000132197 -0.00453172 0.000634353 -0.00065565 -0.0017433 -0.00414894 0.00482315 0.00713755 0.00108183 -0.00291451
internal_weight=3832 3691 288 246 3403 330 3073 1875 1565 845 310 268 720 771
internal_count=3832 3691 288 246 3403 330 3073 1875 1565 845 310 268 720 771
is_linear=0
shrinkage=0.03


Tree=312
num_leaves=15
num_cat=0
split_feature=40 40 41 14 0 81 45 23 40 16 83 14 66 77
split_gain=6.01873 8.70854 16.6258 7.93551 7.85437 8.05806 8.48455 9.67882 11.0684 8.27437 10.5527 9.81057 7.70459 8.5508
threshold=20.487778516945976 45.180242109435198 103.3183424472809 492.18330289845807 427.50000000000006 8584.5142171382922 13.500000000000002 1.8332028388977053 577.44022917604013 22.500000000000004 -185.05607068538663 349.5295189180934 162.01244449615481 -242.23714649677274
decision_type=10 10 10 8 2 10 10 10 10 2 8 10 10 10
left_child=-1 2 3 -2 5 9 7 8 -7 10 11 -3 13 -11
right_child=1 4 -4 -5 -6 6 -8 -9 -10 12 -12 -13 -14 -15
leaf_value=-0.065824634195387824 0.37043366444213316 -0.030322124764569799 -0.27814216541690939 -0.11964962279372833 1.6227527007327904 0.30131678320207744 0.17808887896274225 -0.2404096990970932 -0.28644560431534616 -0.048023744535368097 0.023512583186279981 -0.59518377361115582 -0.27502269688241299 0.02886615371113431
leaf_weight=215 194 58 87 44 44 64 43 422 51 380 1755 44 98 324
leaf_count=215 194 58 87 44 44 64 43 422 51 380 1755 44 98 324
internal_value=-0.000274582 1.66251e-05 0.00469325 0.00878661 -0.000447625 -0.00062037 -0.003821 -0.0048513 0.00284483 7.89474e-05 0.00117869 -0.00815534 -0.00246575 -0.0013617
internal_weight=3823 3608 325 238 3283 3239 580 537 115 2659 1857 102 802 704
internal_count=3823 3608 325 238 3283 3239 580 537 115 2659 1857 102 802 704
is_linear=0
shrinkage=0.03


Tree=313
num_leaves=15
num_cat=0
split_feature=40 25 77 54 79 80 59 25 15 29 66 77 37 66
split_gain=8.58883 11.8004 11.3393 13.2729 13.0014 11.7898 9.64779 11.489 11.4814 10.9964 9.38373 10.0536 8.19489 7.77294
threshold=1207.9853058364151 0.79539508110936696 -244.4408195018768 750.00000000000011 7.8591503867123143 -203.66100168228147 -120.91653537750243 0.86254133207368933 22.500000000000004 0.9400460829493088 563.15446197986614 -204.02106446027753 9436.8714185925583 454.23080527782446
decision_type=10 8 8 8 10 8 8 10 2 10 10 8 8 10
left_child=1 -1 3 4 -3 -4 7 8 12 13 11 -7 -2 -9
right_child=6 2 5 -5 -6 10 -8 9 -10 -11 -12 -13 -14 -15
leaf_value=-0.11563234465099352 0.059969264936741505 -0.19609585517835426 0.32282778449965382 -0.24330637609417805 0.20517681929726123 0.28773841207471085 0.10577910757079199 -0.052032947368692635 0.66106827213043007 0.35771751704713606 0.47383983947646391 -0.0084768879225837809 -0.035802475287401367 -0.87043344652601085
leaf_weight=214 68 79 62 197 139 149 208 157 57 49 60 2200 101 54
leaf_count=214 68 79 62 197 139 149 208 157 57 49 60 2200 101 54
internal_value=-7.90514e-05 -0.000754595 -0.000249394 -0.00483173 0.000273973 0.000521845 0.00293525 0.000616016 0.00555066 -0.00367816 0.000186722 -0.000114894 0.00158824 -0.00665094
internal_weight=3794 3100 2886 415 218 2471 694 486 226 260 2409 2349 169 211
internal_count=3794 3100 2886 415 218 2471 694 486 226 260 2409 2349 169 211
is_linear=0
shrinkage=0.03


Tree=314
num_leaves=15
num_cat=0
split_feature=50 17 39 42 0 41 39 34 48 7 50 27 4 14
split_gain=7.81116 9.56564 8.40205 11.8681 8.12322 9.2841 7.52273 12.425 12.0967 9.15005 8.51873 11.3121 9.14694 12.6474
threshold=1543.0117584466936 2.5000000000000004 1000.9527221673111 369.05078113079077 409.00000000000006 396.44074285030371 4777.0235039493837 0.15643825301204822 145.85433439413711 4462.6690025137041 782.33320283889782 0.41102318733897686 6.5000000000000009 287.16105410712788
decision_type=10 2 10 10 2 10 10 8 8 10 10 10 2 8
left_child=1 -1 -2 -4 5 6 10 9 -9 -8 11 -3 13 -13
right_child=2 4 3 -5 -6 -7 7 8 -10 -11 -12 12 -14 -15
leaf_value=-0.50925458608582375 0.010251237228310259 -0.16909230542267162 -0.20998367577618959 0.028829270052932624 1.8018901151460789 -0.17029611590141808 0.016717956185713999 0.40298070631950661 0.011439028848050304 -0.18183312211535235 0.096754990918643952 0.027724047389003265 0.012406124471212766 -0.17069920032685451
leaf_weight=50 125 64 118 47 43 62 65 110 110 66 79 354 2077 473
leaf_count=50 125 64 118 47 43 62 65 110 110 66 79 354 2077 473
internal_value=-0.00042924 -4.2206e-05 -0.00515464 -0.00957831 0.000145548 -1.7336e-05 0.000194175 0.00434659 0.00868778 -0.00295455 -0.000285433 -0.000545638 -0.000268503 -0.00293478
internal_weight=3843 3553 290 165 3503 3460 3398 351 220 131 3047 2968 2904 827
internal_count=3843 3553 290 165 3503 3460 3398 351 220 131 3047 2968 2904 827
is_linear=0
shrinkage=0.03


Tree=315
num_leaves=15
num_cat=0
split_feature=41 7 77 39 77 77 7 82 82 82 66 61 80 0
split_gain=9.53505 8.41727 16.1908 7.41047 13.3017 16.3273 11.0831 10.4208 10.3729 15.5649 10.675 10.1459 14.8764 12.386
threshold=408.78963303565985 4965.4098579102001 34.815876245498664 2396.2808199483848 11.347275078296663 38.12003558874131 2713.8932026441257 117.75912125905356 -174.00399390856421 -76.027480324109391 7.7112193107604989 0.017328252414411414 -89.123903274536119 -19.499999999999996
decision_type=10 10 10 10 10 10 8 8 8 8 10 10 8 2
left_child=1 3 -3 4 6 -6 8 -7 -1 -10 -11 12 -5 -14
right_child=-2 2 -4 11 5 7 -8 -9 9 10 -12 -13 13 -15
leaf_value=0.14605079456587844 -0.24889710661124453 0.41456406322159139 -0.048415532858199661 0.36465273598488013 0.87511996900073741 -0.19126035484566198 0.052880052201637058 0.30271830799453114 -0.34111972017130487 -0.027424152476273063 0.33454714253376749 -0.11440382760205609 -0.13417648739540722 0.015009643547228233
leaf_weight=57 87 123 80 50 83 79 688 55 130 1028 120 737 97 400
leaf_count=57 87 123 80 50 83 79 688 55 130 1028 120 737 97 400
internal_value=-0.000125819 0.000104614 0.00602941 -0.000238298 0.000803213 0.00784404 4.44664e-05 0.00133333 -0.0015494 -0.00211102 -0.000992167 -0.00205447 0.00104015 -0.000542169
internal_weight=3814 3727 203 3524 2240 217 2023 134 1335 1278 1148 1284 547 497
internal_count=3814 3727 203 3524 2240 217 2023 134 1335 1278 1148 1284 547 497
is_linear=0
shrinkage=0.03


Tree=316
num_leaves=15
num_cat=0
split_feature=69 16 3 42 54 77 29 3 9 0 40 53 73 39
split_gain=5.62823 6.36746 10.9348 14.7811 20.5928 12.8105 7.30942 9.90253 12.0618 9.67652 7.86013 7.15588 11.3591 13.3134
threshold=-355.67234735843971 24.500000000000004 11.208333333343036 93.317190408706679 870.00000000000011 -69.754608094692216 0.86305102858669536 17.125000000000004 630.00000000000011 16.500000000000004 628.93969194685747 5.5000000000000009 15.266814708709719 975.88039098169202
decision_type=8 2 2 10 10 8 10 2 2 2 10 8 8 10
left_child=-1 11 3 4 5 -3 9 8 -8 10 -4 12 13 -2
right_child=1 2 6 -5 -6 -7 7 -9 -10 -11 -12 -13 -14 -15
leaf_value=0.27385781502694356 -0.018847434221076209 -0.71133041251174545 -0.060064339435692907 -0.67562206324007767 0.093289850314437137 -0.022527263011316474 0.74752148574654764 -0.037560693080214945 -0.039074903766880241 -0.46152438688552078 0.05797472111111359 0.010753977133798109 0.00080646861997152536 -1.7978970746087002
leaf_weight=67 46 67 106 80 82 143 118 295 57 60 45 2427 202 45
leaf_count=67 46 67 106 80 82 143 118 295 57 60 45 2427 202 45
internal_value=-0.00017183 -0.000325914 -0.0023055 -0.00643432 -0.00327645 -0.00824645 -4.39883e-05 0.00203822 0.00767045 -0.00466981 -0.000592105 0.000441014 -0.00397959 -0.0127174
internal_weight=3840 3773 1053 372 292 210 681 470 175 211 151 2720 293 91
internal_count=3840 3773 1053 372 292 210 681 470 175 211 151 2720 293 91
is_linear=0
shrinkage=0.03


Tree=317
num_leaves=15
num_cat=0
split_feature=3 3 77 80 7 84 28 82 80 80 80 52 27 69
split_gain=9.92795 6.6207 15.4775 15.7677 13.6546 9.85027 8.22351 12.1102 9.36197 12.1289 11.3984 9.49819 11.2792 8.63336
threshold=23.625000000000004 21.041666666656969 26.710686981678013 66.349470496177688 2898.3393763142344 -81.91605178515114 132.50000000000003 -158.83502344290414 -124.6540319919586 -98.655865430831895 -79.522810459136949 45.661557078361518 0.89254528397199984 150.21555316363066
decision_type=2 2 8 8 10 10 2 8 8 8 8 10 10 10
left_child=1 6 3 5 -5 -3 13 -8 11 -10 -11 -9 -13 -1
right_child=-2 2 -4 4 -6 -7 7 8 9 10 -12 12 -14 -15
leaf_value=-0.060954414381232475 -0.68494715331028388 -0.25962739868555323 -0.12818355007515947 0.043316472015656693 1.8259987913246558 0.95782133327692487 0.25803520784510225 -0.72281328510698295 0.34266666486061614 -0.44200401377260007 -0.0018001333182722252 -0.75763286519447892 0.49350190900959473 0.16429692270403709
leaf_weight=449 60 42 103 46 60 73 75 49 85 87 2563 59 49 44
leaf_count=449 60 42 103 46 60 73 75 49 85 87 2563 59 49 44
internal_value=-0.000780234 -0.000586526 0.00350769 0.00797297 0.0162617 0.000258621 -0.000970818 -0.000373989 -0.000684411 -0.000274123 -0.000633723 -0.00778481 -0.00275229 -0.00455466
internal_weight=3844 3784 324 221 106 115 3460 2967 2892 2735 2650 157 108 493
internal_count=3844 3784 324 221 106 115 3460 2967 2892 2735 2650 157 108 493
is_linear=0
shrinkage=0.03


Tree=318
num_leaves=15
num_cat=0
split_feature=32 81 52 14 85 50 3 1 53 75 78 58 14 79
split_gain=6.89 9.28761 9.73384 8.87956 9.14719 7.73013 7.72543 7.97478 8.8241 8.94384 11.6633 9.30437 9.63208 8.93377
threshold=0.063508064516129045 8507.1554013490695 101.03670430183412 486.09241738448139 -34.657474994659417 430.74656772613531 23.625000000000004 659.08346462249767 6.5000000000000009 590.19047796726238 0.70833333333333337 37.547116756439216 271.21687170180911 4.2890241682361081
decision_type=8 8 8 10 10 10 2 2 8 8 10 10 10 10
left_child=1 3 -3 4 -1 -4 7 8 9 11 -11 12 -2 -10
right_child=6 2 5 -5 -6 -7 -8 -9 13 10 -12 -13 -14 -15
leaf_value=0.034079418941335003 0.58469683729055177 -0.053718946501920169 0.32786643460294318 -0.018237588901835772 0.70106430727383751 -0.00064179676484086732 -0.43489358180493803 -0.020113150260812434 0.10231189866377315 -0.90954272069391084 -0.048155852376188052 -0.10724419752836965 -0.038948493696497839 0.0091164596094959506
leaf_weight=41 48 133 44 47 73 59 56 1938 334 64 133 41 56 780
leaf_count=41 48 133 44 47 73 59 56 1938 334 64 133 41 56 780
internal_value=-0.000194906 0.00354271 -0.000253165 0.00907407 0.0135652 0.00663462 -0.000625906 -0.000441826 0.00123542 -0.00297376 -0.00712121 0.00267123 0.00742857 0.00252915
internal_weight=3847 397 236 161 114 103 3450 3394 1456 342 197 145 104 1114
internal_count=3847 397 236 161 114 103 3450 3394 1456 342 197 145 104 1114
is_linear=0
shrinkage=0.03


Tree=319
num_leaves=15
num_cat=0
split_feature=16 67 41 60 41 48 15 66 29 62 48 28 79 56
split_gain=10.8904 11.3208 8.78246 8.52494 7.62798 10.9708 13.7841 13.588 10.4693 12.6651 15.3664 14.208 11.6965 10.3588
threshold=1.0000000180025095e-35 28.943086384942756 396.44074285030371 378.94084358215338 45.230598330497749 -4.3007868925730381 29.500000000000004 -35.981236696243279 0.90536031911422665 -0.11737446102444794 -26.959252635637913 146.50000000000003 2.0172189003315553 14.159761071205141
decision_type=2 10 10 10 8 10 2 10 10 10 10 2 10 8
left_child=1 -1 4 -4 5 8 -7 -8 12 11 -11 -10 -2 -6
right_child=2 -3 3 -5 13 6 7 -9 9 10 -12 -13 -14 -15
leaf_value=-0.54482918238961198 -0.37978844896054581 0.15733248344269676 -0.013012614870707607 -0.50699078331286318 0.57379273285766375 -0.11190137697574037 0.27041034397225211 -0.07551973576581171 -0.097003094468959078 -0.093047714344011462 0.23254610439144249 0.53602890530640013 -0.0041421344006962353 0.010695601964332913
leaf_weight=93 56 44 69 46 84 588 49 46 72 188 66 180 565 1664
leaf_count=93 56 44 69 46 84 588 49 46 72 188 66 180 565 1664
internal_value=-0.000204671 -0.00847826 0.000106151 -0.00801724 0.000370891 -0.000993926 -0.00399123 0.0065625 0.000824468 0.00402367 -0.000705882 0.0087747 -0.00178457 0.00178388
internal_weight=3810 137 3673 115 3558 1810 683 95 1127 506 254 252 621 1748
internal_count=3810 137 3673 115 3558 1810 683 95 1127 506 254 252 621 1748
is_linear=0
shrinkage=0.03


Tree=320
num_leaves=15
num_cat=0
split_feature=42 31 32 4 65 84 67 0 85 3 61 42 48 35
split_gain=7.13824 6.31712 12.5343 10.0216 17.2878 11.4965 10.6279 9.25626 12.9442 10.6027 11.9851 11.0881 9.52069 10.8349
threshold=-257.1919234991073 17.040833333333335 0.067816091954023008 6.5000000000000009 0.99444332305378291 99.585728625456497 -149.89071390675556 132.50000000000003 346.12485220034927 15.041666666656967 0.78439484105529222 185.42442095279696 -1.3607555627822874 19.154618226600991
decision_type=8 10 8 2 8 10 10 2 8 2 8 10 10 10
left_child=-1 2 -2 4 -4 6 -6 12 9 10 -9 -11 13 -5
right_child=1 -3 3 7 5 -7 -8 8 -10 11 -12 -13 -14 -15
leaf_value=1.5482766208376313 0.3549017863828462 -0.028624703804079433 -0.51724066546879488 0.012928896477192378 -0.017619318414533163 -0.28212106518401725 0.30090237611212967 -0.75633785675623033 1.0194075150761992 0.68121225071242086 0.58620624461748461 -0.40254012523497351 -0.047633030105305778 0.84278760211372228
leaf_weight=50 67 1115 120 664 644 70 48 55 133 77 40 40 674 51
leaf_count=50 67 1115 120 664 644 70 48 55 133 77 40 40 674 51
internal_value=-0.000561185 -0.000710713 7.82414e-05 -0.000252197 -0.00285391 -0.00117955 0 0.00107205 0.00546243 0.00084507 -0.0065625 0.00686441 -2.15827e-05 0.00238827
internal_weight=3848 3798 2683 2616 882 762 692 1734 345 212 95 117 1389 715
internal_count=3848 3798 2683 2616 882 762 692 1734 345 212 95 117 1389 715
is_linear=0
shrinkage=0.03


Tree=321
num_leaves=15
num_cat=0
split_feature=81 83 1 28 23 52 71 62 77 71 23 72 61 1
split_gain=6.76215 10.2643 8.74665 6.76724 6.73029 12.056 8.91589 8.69378 8.32532 7.64658 6.68123 6.45304 7.2673 8.98143
threshold=26965.108477473263 -157.75662386417386 666.52870881557476 161.50000000000003 1.7453938722610476 20.117236614227298 9.5000000000000018 -0.078816743514469725 -109.34446936845778 6.5000000000000009 2941.9243029356007 73.469976782798781 0.025519044153806941 609.24851906299602
decision_type=10 10 2 2 10 8 8 8 8 8 8 10 10 2
left_child=2 -2 10 -3 6 -6 -4 -8 -9 -7 11 12 -1 -14
right_child=1 3 4 -5 5 9 7 8 -10 -11 -12 -13 13 -15
leaf_value=0.035514077200912909 0.11930802371339375 -0.9676954489426316 -0.12790132092910908 -0.11058637945680974 -0.50289202603645478 0.322926099647939 0.62238572596761754 0.21571245440058595 -0.048967736848642252 -0.040269854185363781 -0.029111833449512965 -0.33615300912027252 0.19592423401598896 -0.008670713829274028
leaf_weight=861 41 40 40 43 94 76 54 64 80 921 46 68 136 1259
leaf_count=861 41 40 40 43 94 76 54 64 80 921 46 68 136 1259
internal_value=-0.000337343 -0.0072 -0.000105405 -0.0132143 -0.00205263 -0.00304945 0.00251046 0.00512563 0.00124138 -0.00207415 0.000986925 0.0012129 0.0014887 0.00015043
internal_weight=3823 124 3699 83 1329 1091 238 198 144 997 2370 2324 2256 1395
internal_count=3823 124 3699 83 1329 1091 238 198 144 997 2370 2324 2256 1395
is_linear=0
shrinkage=0.03


Tree=322
num_leaves=15
num_cat=0
split_feature=13 17 58 41 52 27 22 44 50 4 0 27 77 17
split_gain=6.50496 9.04382 8.4073 8.04455 6.83923 9.63202 9.39777 8.59415 8.45421 7.91875 7.54624 8.31108 9.26856 7.35527
threshold=1920.0000000000002 3.5000000000000004 1524.7034965753558 62.800254225730903 274.28937065601355 0.98561076604554876 4.9345921277999887 196.22214269638064 121.97209239006044 8.5000000000000018 307.50000000000006 0.88009216589861761 26.710686981678013 29.000000000000004
decision_type=10 2 10 10 10 10 2 10 10 2 2 10 8 2
left_child=1 -1 4 -4 7 6 -6 10 -9 -8 -3 -12 -13 -10
right_child=-2 2 3 -5 5 -7 9 8 13 -11 11 12 -14 -15
leaf_value=-0.48012830840230419 0.11572878300199192 0.0019292780121311637 -0.24561556344151017 -0.0052741296201055205 0.001045582592158567 -0.16085936022722955 0.097364921706121391 0.0030617117581855512 -0.064259443332611133 0.56091500745150114 -0.062399633762281699 1.7070650090678343 0.0147265260140324 -0.84953585173296631
leaf_weight=85 63 2587 68 118 187 104 243 78 48 59 43 53 40 62
leaf_count=85 63 2587 68 118 187 104 243 78 48 59 43 53 40 62
internal_value=0.000359469 0.000198623 0.00042265 -0.0057754 0.00075321 0.00368687 0.00544898 0.000154533 -0.00603175 0.00871287 0.0005837 0.00744526 0.0124468 -0.0113514
internal_weight=3838 3775 3690 186 3504 593 489 2911 188 302 2723 136 93 110
internal_count=3838 3775 3690 186 3504 593 489 2911 188 302 2723 136 93 110
is_linear=0
shrinkage=0.03


Tree=323
num_leaves=15
num_cat=0
split_feature=71 64 64 3 84 73 7 3 3 29 3 71 41 0
split_gain=6.88155 18.9466 13.7158 12.4541 11.5849 10.7309 11.5687 20.4996 8.92877 13.0883 10.0417 10.3975 10.0742 10.3581
threshold=13.500000000000002 5.679453871472357 3.7163219369307181 15.625000000000002 68.283590197563186 -9.5863378047943097 4820.0446168914123 1.5416666666569656 7.8750000000000009 0.92962053667571187 12.291666666656967 12.500000000000002 127.04955422878267 1.5000000000000002
decision_type=8 10 8 2 10 8 10 2 2 10 2 10 10 2
left_child=1 5 -2 -3 -4 -1 7 -7 9 -9 11 12 13 -10
right_child=2 3 4 -5 -6 6 -8 8 10 -11 -12 -13 -14 -15
leaf_value=0.17230209381048048 -0.45321249717354117 -0.97896301793722229 0.039394340423153762 0.0023147824582745876 -0.058727447781217919 -0.50955582047244774 0.20423268284101312 0.48495899111899221 -0.027913946203894965 -0.1150258265205327 -0.0032894929901758729 0.033754349105015534 0.12187977136781972 -0.68944953298688094
leaf_weight=136 87 120 1507 64 228 42 101 93 97 53 1063 83 50 158
leaf_count=136 87 120 1507 64 228 42 101 93 97 53 1063 83 50 158
internal_value=-0.000355395 -0.00154294 0.000987383 -0.0107027 0.00157258 -0.000639318 -0.00127513 -0.00188415 -0.00133292 0.00571429 -0.00204545 -0.00616967 -0.00872549 -0.0111328
internal_weight=3882 2060 1822 184 1735 1876 1740 1639 1597 146 1451 388 305 255
internal_count=3882 2060 1822 184 1735 1876 1740 1639 1597 146 1451 388 305 255
is_linear=0
shrinkage=0.03


Tree=324
num_leaves=15
num_cat=0
split_feature=28 80 68 39 48 28 9 27 36 24 64 81 68 64
split_gain=6.98379 16.8496 13.5424 12.6365 19.2808 14.3685 10.8324 10.7334 11.4979 9.98076 9.93405 13.2623 11.3738 10.9471
threshold=214.50000000000003 -98.655865430831895 0.064530883291500196 1535.14958476985 54.842350085576378 238.50000000000003 450.00000000000006 0.92250791571132229 0.5913729128014843 54.500000000000007 3.6835287751673564 4817.2466622591028 0.15593488758991633 3.0686125011322076
decision_type=2 8 10 10 10 2 2 10 10 2 8 10 10 10
left_child=10 9 7 5 -5 -4 -7 -3 -9 -2 11 13 -13 -1
right_child=1 2 3 4 -6 6 -8 8 -10 -11 -12 12 -14 -15
leaf_value=0.43588127338127669 0.59174109619914417 -0.0056264785034589688 0.32232889330065889 -1.0936405466725125 -0.21660731556908785 0.041414604230784136 -0.49129933882964305 0.29035852033085602 -0.13112204346188436 0.027134048148358094 -0.0031908082004705562 -0.8863845804283621 -0.058360528196701865 -0.10828805918770115
leaf_weight=40 88 537 66 40 159 53 62 355 70 72 2117 71 56 71
leaf_count=40 88 537 66 40 159 53 62 355 70 72 2117 71 56 71
internal_value=3.88802e-05 0.00163673 0.000536113 -0.00425197 -0.00945 0.00148352 -0.00491379 0.00242991 0.00598592 0.0108075 -0.000980475 -0.00677824 -0.0133594 0.000803571
internal_weight=3857 1502 1342 380 199 181 115 962 425 160 2355 238 127 111
internal_count=3857 1502 1342 380 199 181 115 962 425 160 2355 238 127 111
is_linear=0
shrinkage=0.03


Tree=325
num_leaves=15
num_cat=0
split_feature=39 68 3 14 61 62 79 40 14 49 35 33 77 57
split_gain=7.2294 10.5945 11.0069 10.5189 12.6265 10.1743 10.4106 12.4493 9.62809 8.31173 11.6806 9.41739 16.3104 8.36546
threshold=2396.2808199483848 -0.22691536011851943 14.625000000000002 761.76300300386606 0.0049058931779177341 -0.16889713300741474 275.37175887992549 495.98686278789825 906.24817435241278 10.500000000000002 13.242845528455286 15.559166666666668 -129.44517290592191 7.5000000000000009
decision_type=8 8 2 8 10 8 10 10 10 10 10 10 8 10
left_child=1 2 -1 -2 8 -3 9 -8 -5 13 -11 -12 -13 -7
right_child=3 5 -4 4 -6 6 7 -9 -10 10 11 12 -14 -15
leaf_value=0.93649390708160518 -0.032571292253257493 -0.1310878969470744 -0.030424567860890477 1.0049066163382587 -0.048047799295793378 0.0020658087074868093 -1.1036024648066953 0.0051968577541355648 0.0082411095386994756 -0.56613004678667045 0.24608345976171975 -0.39813831936320582 0.051755482984609982 0.10227946267035129
leaf_weight=63 1239 135 49 84 136 895 41 45 71 55 75 61 60 830
leaf_count=63 1239 135 49 84 136 895 41 45 71 55 75 61 60 830
internal_value=7.03125e-05 0.00112987 0.0100885 -0.00152841 0.00359589 0.00066879 0.00119244 -0.00896552 0.00942308 0.00163885 -0.00345238 0 -0.00516393 0.00238123
internal_weight=3839 2309 112 1530 291 2197 2062 86 155 1976 251 196 121 1725
internal_count=3839 2309 112 1530 291 2197 2062 86 155 1976 251 196 121 1725
is_linear=0
shrinkage=0.03


Tree=326
num_leaves=15
num_cat=0
split_feature=1 42 42 76 27 17 53 59 61 52 42 41 20 48
split_gain=12.0848 8.43712 7.97668 9.16046 9.27365 9.01904 8.79724 8.73892 8.45211 10.1081 7.6383 13.8057 12.2978 6.8478
threshold=666.52870881557476 -186.15465748310086 118.13134706020357 353.73220610618597 0.91784130765667404 41.500000000000007 8.5000000000000018 187.54545378685 0.64214436435461453 34.413619279861457 37.93373095989228 15.135017752647402 595.93281006813061 391.50983031590789
decision_type=2 10 10 10 10 2 10 10 10 10 10 10 10 10
left_child=13 -2 3 10 5 -5 -4 -6 9 -8 11 -3 -12 -1
right_child=1 2 6 4 7 -7 8 -9 -10 -11 12 -13 -14 -15
leaf_value=0.01487963410884717 -0.31374013577423043 -0.011377724044456236 -0.29312125901254721 0.75140853383552353 0.10869550694944294 0.063461103550363607 -0.46738593574536608 -0.17876808314984138 -0.7343401172402908 0.082205430621056327 0.13065631344603701 -0.54281367395253688 -0.45388951256646159 -0.17512318015073305
leaf_weight=2421 90 344 142 55 69 42 41 51 56 115 209 115 44 46
leaf_count=2421 90 344 142 55 69 42 41 51 56 115 209 115 44 46
internal_value=-0.000124967 -0.00237991 -0.00175234 -0.000290323 0.00509174 0.0119388 -0.00557746 -0.000495868 -0.00169014 0.00191083 -0.00193548 -0.00423913 0.00224409 0.00113047
internal_weight=3840 1373 1283 929 217 97 354 120 212 156 712 459 253 2467
internal_count=3840 1373 1283 929 217 97 354 120 212 156 712 459 253 2467
is_linear=0
shrinkage=0.03


Tree=327
num_leaves=15
num_cat=0
split_feature=63 1 16 26 14 26 14 26 14 33 20 81 1 35
split_gain=8.08004 9.51659 9.54166 10.0165 8.94198 10.1182 10.08 14.7172 7.2695 7.00625 8.96682 7.8125 7.32702 13.5126
threshold=378.00766587459799 718.02790760993969 7.5000000000000009 124.50000000000001 51.094293393301065 61.500000000000007 96.809017533079938 113.50000000000001 289.93907830303414 14.256776556776559 503.82469952106482 4577.3540856838235 663.98848116397869 15.264912280701756
decision_type=10 2 2 2 8 2 10 2 10 8 10 10 2 8
left_child=4 2 -2 8 5 -1 7 -6 -4 10 -8 -12 -11 -14
right_child=1 -3 3 -5 6 -7 9 -9 -10 12 11 -13 13 -15
leaf_value=-0.24784493851451897 0.26344741773895181 -0.245475363709518 0.27389162641627307 -1.0425118309147661 -0.00036921884293821883 0.23591251341700242 0.042162908648711583 -1.0082455036079687 -0.1299541017216668 0.0014329186897184343 -0.65153629226512944 -0.0044389646043910599 -0.89973501647110554 -0.011486515429005823
leaf_weight=42 75 62 48 43 65 260 1320 40 82 1105 47 72 120 461
leaf_count=42 75 62 48 43 65 260 1320 40 82 1105 47 72 120 461
internal_value=-0.000187354 -0.00482315 -0.00216867 -0.00603448 0.000220776 0.00514851 -0.000241411 -0.00933962 -0.00183206 6.71785e-05 0.00160417 -0.00625 -0.00124481 -0.00396907
internal_weight=3842 310 248 173 3532 302 3230 105 130 3125 1439 119 1686 581
internal_count=3842 310 248 173 3532 302 3230 105 130 3125 1439 119 1686 581
is_linear=0
shrinkage=0.03


Tree=328
num_leaves=15
num_cat=0
split_feature=42 63 45 61 67 67 26 3 62 81 80 79 81 62
split_gain=7.67603 6.7791 10.5682 8.88793 6.83867 6.15782 5.69463 11.8355 11.0693 12.38 13.1251 10.8903 10.2676 9.08528
threshold=-257.1919234991073 401.70756633579725 10.500000000000002 0.89220628510171573 -267.0884508208224 -227.67557237113726 138.50000000000003 18.958333333343038 -0.04581856748032203 4690.8336360454568 -9.9167983531951887 4.7129880226315732 5046.2390958070764 0.056119710920715909
decision_type=8 10 10 8 8 8 2 2 8 10 10 10 10 10
left_child=-1 4 -3 -4 -2 -6 13 8 12 11 -11 -10 -8 -7
right_child=1 2 3 -5 5 6 7 -9 9 10 -12 -13 -14 -15
leaf_value=1.5561667632630487 -0.61781288606919815 -0.26904277657911019 -0.069394682679492226 0.31525293175462676 0.14351185779205422 -0.012588171948792137 0.0066949339699835875 0.97174481457033457 -0.026392932268790616 0.0056402182862419535 -0.52478055875699348 0.89017318939288648 0.63276489309104245 0.031198006051657696
leaf_weight=47 43 176 65 41 55 2189 121 96 108 66 93 54 85 605
leaf_count=47 43 176 65 41 55 2189 121 96 108 66 93 54 85 605
internal_value=-4.6814e-05 -0.000197472 -0.00466431 0.00280374 0.000162116 0.00031097 0.00014921 0.00274038 0.000965909 -0.00251553 -0.0084375 0.00331288 0.00637681 -0.000429338
internal_weight=3844 3797 282 106 3515 3472 3417 623 527 321 159 162 206 2794
internal_count=3844 3797 282 106 3515 3472 3417 623 527 321 159 162 206 2794
is_linear=0
shrinkage=0.03


Tree=329
num_leaves=15
num_cat=0
split_feature=50 41 17 49 8 66 72 65 17 73 14 85 3 39
split_gain=9.39865 8.79893 6.88432 6.24347 11.5305 11.0518 7.73626 7.33448 7.30534 7.10369 15.1498 7.13481 10.8839 6.45052
threshold=1592.5867036581042 405.10230302810675 2.5000000000000004 10.500000000000002 4.1116967280546719 -66.951850652694688 -8.0873622894287092 1.0749888956887397 37.500000000000007 -17.615499615669247 341.01575402200893 267.14051014184957 18.958333333343038 1380.9692093099229
decision_type=10 10 2 10 10 10 10 10 2 8 10 10 2 10
left_child=1 2 -1 9 6 -6 8 -7 -5 10 -4 -11 -13 -10
right_child=-2 -3 3 4 5 7 -8 -9 13 11 -12 12 -14 -15
leaf_value=-0.55738756457768113 -0.056651478836461565 -0.34892372757960449 0.33134408648935504 0.072226642549315725 0.20137991301161753 0.0416306798492945 -0.53497744718910611 -0.12629886739405116 -0.7875275258113722 0.0041404424563011941 -0.011671115485367735 0.021974433194238259 3.1466936164842854 0.013787687205924186
leaf_weight=45 279 63 86 59 87 78 56 60 80 2716 91 72 43 47
leaf_count=45 279 63 86 59 87 78 56 60 80 2716 91 72 43 47
internal_value=-0.000170852 0.000242746 0.000443056 0.000595512 -0.00262821 0.00225664 -0.00716049 -0.00302158 -0.00417112 0.00109671 0.00691011 0.000730932 0.00801724 -0.00820313
internal_weight=3862 3583 3520 3475 467 225 242 138 186 3008 177 2831 115 127
internal_count=3862 3583 3520 3475 467 225 242 138 186 3008 177 2831 115 127
is_linear=0
shrinkage=0.03


Tree=330
num_leaves=15
num_cat=0
split_feature=13 60 63 83 82 30 41 41 29 60 37 68 68 60
split_gain=7.70448 6.27576 5.86194 9.15385 8.47885 6.68984 6.63749 8.55326 8.30119 18.8736 17.1968 12.5669 9.32223 9.2716
threshold=6030.0000000000009 -176.05197918415067 -241.11394063845037 48.450216054916389 106.90746714671455 4.4500000000000011 -17.89557063579559 -29.38880085945129 0.88604315603069461 333.51981353759771 1861.6263809118288 -0.17533051296747018 -0.12188381605805008 6.8580247163772592
decision_type=8 8 8 8 8 10 8 10 10 10 8 8 8 8
left_child=1 -1 3 5 -5 -3 7 -4 9 10 -8 -10 -13 -14
right_child=-2 2 6 4 -6 -7 8 -9 11 -11 -12 12 13 -15
leaf_value=-0.52137078372108903 -0.36275112758370581 1.3266895003152048 -0.018582749177438556 -0.12890002690995309 0.15519737221236968 0.080700620166636955 0.21696121789192088 -0.23820387986944963 -0.42910182711251421 -0.2073691197446145 0.0025962198982591588 0.50187534550970037 -0.43237835252078788 -0.00074240676253396027
leaf_weight=43 43 40 777 56 55 62 279 91 133 65 370 104 83 1597
leaf_count=43 43 40 777 56 55 62 279 91 133 65 370 104 83 1597
internal_value=-0.000473809 -0.000327476 -0.000193913 0.00462617 -0.00133929 0.011068 -0.000488571 -0.0027618 0.000262158 0.00302098 0.00456923 -0.000766423 -0.00010084 -0.000642475
internal_weight=3798 3755 3712 213 111 102 3499 868 2631 714 649 1917 1784 1680
internal_count=3798 3755 3712 213 111 102 3499 868 2631 714 649 1917 1784 1680
is_linear=0
shrinkage=0.03


Tree=331
num_leaves=15
num_cat=0
split_feature=34 33 59 7 29 31 8 34 74 73 62 39 35 30
split_gain=8.28992 10.8862 13.3739 13.3372 11.5679 8.79817 16.099 11.2497 8.9817 8.34904 9.40149 12.3205 8.77955 8.90478
threshold=0.2228132387706856 20.487500000000001 117.52777552604677 2562.8461204493055 0.89426985616010024 14.833809523809526 5.7159521581546002 0.24037037037037037 1689.0544924758058 37.083138227462776 0.0052070809663418687 750.96232980770867 14.474949210814193 15.450000000000001
decision_type=8 10 10 10 10 8 10 8 10 10 8 10 10 10
left_child=1 9 3 -3 -5 -2 7 -7 -9 10 11 -1 13 -13
right_child=5 2 -4 4 -6 6 -8 8 -10 -11 -12 12 -14 -15
leaf_value=0.20367091041486715 -0.0015368502231546443 0.305913530467052 -0.49280519899815406 -0.040613702344370083 0.063720698075445628 -0.60674032574920433 0.071450507515805006 -0.02797578203558063 -0.31077698406364018 0.31401335205484165 0.17020587574659865 -0.0094579222023735629 0.018035011044951706 -1.1644963905932741
leaf_weight=41 1614 81 94 237 167 59 146 526 51 56 374 60 255 43
leaf_count=41 1614 81 94 237 167 59 146 526 51 56 374 60 255 43
internal_value=-0.000378449 0.00144784 -0.0017069 0.000308642 -0.00192593 -0.00145181 -0.0040613 -0.00612245 -0.00482699 0.0036506 0.00282946 -0.000375 -0.0021727 -0.00951923
internal_weight=3804 1408 579 485 404 2396 782 636 577 829 773 399 358 103
internal_count=3804 1408 579 485 404 2396 782 636 577 829 773 399 358 103
is_linear=0
shrinkage=0.03


Tree=332
num_leaves=15
num_cat=0
split_feature=61 85 60 24 62 1 28 42 60 3 83 63 81 23
split_gain=7.70804 7.82048 6.98376 7.45812 6.84395 6.73482 9.40491 9.32482 14.7744 12.0335 10.1903 9.69106 8.12527 7.95791
threshold=0.0065828563247955635 132.69242783387503 64.58538925647737 42.500000000000007 -0.04581856748032203 679.7200324535371 463.50000000000006 188.19006454944613 187.40602767467502 15.458333333343036 -104.92020332813262 -134.18293328674051 9923.6058882474917 1.8332028388977053
decision_type=8 10 10 2 10 2 2 8 10 2 8 10 8 10
left_child=1 2 3 4 -1 6 -2 8 9 10 -7 -11 -13 -12
right_child=5 -3 -4 -5 -6 7 -8 -9 -10 11 13 12 -14 -15
leaf_value=-0.037547010348396859 0.0067215275342454462 0.51740697858290674 -0.026335808827559485 0.34852248077324488 0.14208711878562766 0.1534092955246264 -0.31387844832684703 -0.12053489625614706 0.2797832075214074 0.18672992462697327 0.053500414513968156 -0.26837633296981567 0.10628974274158125 -0.2315875693800119
leaf_weight=82 2308 58 96 53 52 79 41 208 92 116 79 138 57 373
leaf_count=82 2308 58 96 53 52 79 41 208 92 116 79 138 57 373
internal_value=0 0.00429825 0.00221831 0.00558511 0.00177778 -0.000420962 0.000497872 -0.00230971 -0.00102674 -0.00227758 -0.0050188 0.00240385 -0.00168367 -0.00675497
internal_weight=3832 341 283 187 134 3491 2349 1142 934 842 531 311 195 452
internal_count=3832 341 283 187 134 3491 2349 1142 934 842 531 311 195 452
is_linear=0
shrinkage=0.03


Tree=333
num_leaves=15
num_cat=0
split_feature=25 60 40 79 6 43 76 71 36 16 79 76 29 0
split_gain=7.31487 10.0412 12.2269 12.0536 11.4383 9.45733 9.03714 8.9702 8.6694 8.46451 9.81984 16.4004 9.2909 7.65463
threshold=0.92740447957839278 196.89840686321261 1207.9853058364151 55.482541578946446 690.00000000000011 1026.5214799030352 231.75609302520755 12.500000000000002 0.10946593632317701 12.500000000000002 11.573522876300274 3181.4813469648366 0.93800051252482552 5.5000000000000009
decision_type=8 10 10 8 10 10 8 10 10 2 8 8 8 2
left_child=1 2 5 -4 -5 -1 7 -2 -3 10 -8 -12 -13 -6
right_child=6 8 3 4 13 -7 9 -9 -10 -11 11 12 -14 -15
leaf_value=-0.0094217362857505899 0.0011413062358072068 0.15116386596452452 0.18366172395943386 0.043274779487272208 0.006901195135826781 -0.58506151616982527 -0.0054929610125990531 1.1721720819167931 -0.23721908363561983 -0.014943659725086079 -0.23419227804880094 0.073546416662494715 0.80458149448108474 -0.15667077321725845
leaf_weight=1732 54 41 136 93 50 55 205 57 247 834 43 143 84 59
leaf_count=1732 54 41 136 93 50 55 205 57 247 834 43 143 84 59
internal_value=2.34742e-05 -0.000981773 -0.000268109 0.00495575 0.000295567 -0.00125839 0.00173118 0.00991071 -0.00622837 0.00103053 0.00422269 0.00797048 0.0111842 -0.00627273
internal_weight=3833 2413 2125 338 202 1787 1420 111 288 1309 475 270 227 109
internal_count=3833 2413 2125 338 202 1787 1420 111 288 1309 475 270 227 109
is_linear=0
shrinkage=0.03


Tree=334
num_leaves=15
num_cat=0
split_feature=70 16 27 59 45 3 79 59 81 74 80 51 29 76
split_gain=8.72925 8.32004 7.61603 21.0159 9.24454 11.0838 10.7838 10.7062 8.30332 11.8774 12.2662 9.33956 14.5654 10.3838
threshold=0.069047619047619066 1.0000000180025095e-35 0.95706605222734276 482.44134294986731 5.5000000000000009 9.0416666666569672 5.5159798248616019 194.27329885959628 7275.1010299921045 32.138800599641023 53.490998029708869 614.27329885959637 0.97601742919389989 141.62344002723697
decision_type=8 2 10 8 8 2 10 10 8 10 10 8 10 10
left_child=-1 -2 3 4 5 -3 -7 -6 9 10 -4 12 13 -10
right_child=1 2 8 -5 7 6 -8 -9 11 -11 -12 -13 -14 -15
leaf_value=-0.028875414250666059 -0.28715859923992854 0.25413822384986912 -0.050631146494758493 0.45264805301437949 0.0096559036594437223 -1.0704016070184119 -0.068241476701672354 0.36972052025731889 0.010966139752512554 0.0078982206469186116 -0.78795729777324675 -0.3730791994455927 0.29487568223305477 -0.76158096555248
leaf_weight=220 135 44 60 72 2402 41 186 124 123 90 67 84 122 55
leaf_count=220 135 44 60 72 2402 41 186 124 123 90 67 84 122 55
internal_value=8.6252e-05 0.000440932 0.000726016 0.00136934 0.000954253 -0.00430147 -0.00697368 0.00151959 -0.00234219 -0.00701835 -0.0128906 0.000311688 0.0027907 -0.00268156
internal_weight=3825 3605 3470 2869 2797 271 227 2526 601 217 127 384 300 178
internal_count=3825 3605 3470 2869 2797 271 227 2526 601 217 127 384 300 178
is_linear=0
shrinkage=0.03


Tree=335
num_leaves=15
num_cat=0
split_feature=82 85 4 3 81 3 17 67 17 68 66 71 82 81
split_gain=7.04451 15.2015 5.82958 15.0659 13.1019 14.6395 13.522 12.4584 11.9185 16.4468 14.2688 13.4716 17.3854 11.7929
threshold=-164.44167923927304 -267.28062816460925 7.5000000000000009 23.125000000000004 3696.7420524358754 19.791666666656969 23.000000000000004 -157.29440929492313 29.000000000000004 0.09886443591111542 -205.84966158866879 13.500000000000002 -29.73735334475835 7295.3905555009851
decision_type=8 10 2 2 10 2 2 8 2 10 8 8 10 10
left_child=1 -1 7 4 5 -4 -6 -2 -8 10 -10 12 -12 -11
right_child=2 -3 3 -5 6 -7 8 -9 9 13 11 -13 -14 -15
leaf_value=-0.073421581999265587 -0.67004791318071133 0.45514114250738608 -0.018996727998094938 -0.20725838210518716 -0.21068306372042378 0.49239943591748342 0.60844838477738283 -0.003291241516323584 0.3550033053502234 0.95989291171238988 0.16425278587388042 0.13408297970840444 -0.23023938854836315 0.1798130786358999
leaf_weight=44 90 60 741 83 100 83 143 1822 62 47 46 243 196 71
leaf_count=44 90 60 741 83 100 83 143 1822 62 47 46 243 196 71
internal_value=0.000336639 0.008 0.000120708 0.00133811 0.00193883 -0.0008 0.00442244 -0.00103502 0.00571075 0.00400901 0.00180657 6.17284e-05 -0.00493827 0.0141176
internal_weight=3831 104 3727 1815 1732 824 908 1912 808 665 547 485 242 118
internal_count=3831 104 3727 1815 1732 824 908 1912 808 665 547 485 242 118
is_linear=0
shrinkage=0.03


Tree=336
num_leaves=15
num_cat=0
split_feature=50 71 40 77 30 16 39 77 27 73 33 39 14 80
split_gain=6.83625 9.29826 12.5582 10.1228 12.2525 10.9941 10.9657 13.4516 10.1244 8.9217 8.51275 11.1134 8.49422 8.49114
threshold=3091.5617064237599 7.5000000000000009 1207.9853058364151 -54.499478757381432 6.1500000000000012 15.500000000000002 2733.3051758392598 -144.97388792037961 0.95706605222734276 0.77058696746826183 17.279705882352946 2256.8327613916181 354.33085542172557 156.61385095119479
decision_type=10 10 10 10 8 2 8 10 8 8 10 10 10 8
left_child=1 2 3 4 8 -5 7 -6 -1 10 11 13 -12 -3
right_child=-2 9 -4 5 6 -7 -8 -9 -10 -11 12 -13 -14 -15
leaf_value=0.38466322568785749 -0.082389626484333039 0.010421437746623781 0.70730198563449842 0.82303238354390429 0.058864350684181346 0.00099858181558357584 -0.75656896131698625 -0.69549015131174841 -0.032610251027447031 -0.010470809924285351 0.664111719785621 -0.40178084297086836 0.013228789417328914 0.43793136420840495
leaf_weight=95 112 145 75 82 96 74 51 58 217 2635 46 43 61 45
leaf_count=95 112 145 75 82 96 74 51 58 217 2635 46 43 61 45
internal_value=-0.000164234 5.6391e-05 0.00304406 0.00173591 -0.000289575 0.00840764 -0.00597087 -0.00193548 0.00345048 -0.000695565 0.00387097 0.000641026 0.0108333 0.00376963
internal_weight=3835 3723 748 673 517 156 205 154 312 2975 340 233 107 190
internal_count=3835 3723 748 673 517 156 205 154 312 2975 340 233 107 190
is_linear=0
shrinkage=0.03


Tree=337
num_leaves=15
num_cat=0
split_feature=23 23 14 38 77 8 78 79 74 44 0 8 85 77
split_gain=5.79157 11.5862 6.45338 13.6365 10.0305 13.858 11.9708 9.6706 11.1684 9.49402 10.0619 16.3873 10.3498 10.1727
threshold=4.0054835081100473 4.1303247213363656 236.07087302292169 315.35734055752295 -120.90247732400893 5.2988550205397811 0.70833333333333337 7.4437034317191895 815.95907678688798 15.375688195228578 81.500000000000014 7.0739052585496891 -2.4213190674781795 -28.138663232326504
decision_type=10 8 8 10 8 10 10 10 10 8 2 10 10 8
left_child=-1 -2 3 -3 5 -4 -7 -5 -9 -6 11 -11 13 -12
right_child=1 2 4 7 9 6 -8 8 -10 10 12 -13 -14 -15
leaf_value=0.014478073917283325 -0.72659324130027114 -0.26182921482035959 -0.10868484940234253 -0.0066307894200571121 -0.86500096009473681 -0.026816100603998957 0.72421930169476234 0.36148664621155174 -0.019772313956760889 0.00053815395918256571 0.89245608182200264 -0.16117391448976498 -0.010574108191593013 0.23088541716505098
leaf_weight=1549 44 87 577 149 41 51 59 204 88 598 44 41 150 125
leaf_count=1549 44 87 577 149 41 51 59 204 88 598 44 41 150 125
internal_value=3.93908e-05 -0.000929615 -0.000623025 0.00226843 -0.00152934 -0.00431686 0.00540541 0.00441176 0.00757679 0.00039 0.00100104 -0.00117187 0.00534375 0.0104118
internal_weight=3807 2258 2214 528 1686 687 110 441 292 999 958 639 319 169
internal_count=3807 2258 2214 528 1686 687 110 441 292 999 958 639 319 169
is_linear=0
shrinkage=0.03


Tree=338
num_leaves=15
num_cat=0
split_feature=17 3 7 3 49 8 35 82 3 48 82 41 82 14
split_gain=8.16375 14.8928 22.9445 14.6463 19.4331 15.9531 21.8234 13.292 12.6733 12.2175 11.7248 11.3158 10.8196 11.9681
threshold=41.500000000000007 15.708333333343036 2493.9004473971177 16.708333333343038 7.5000000000000009 3.8833298171836903 20.558191489361704 -154.71361529827115 8.4583333333430364 -11.241750160853067 63.440370798110969 6.6413890123367318 76.17968070507051 803.86820059012734
decision_type=2 2 10 2 10 8 10 10 2 10 8 10 8 8
left_child=1 2 -1 4 -3 7 10 -5 -4 -9 -7 -12 -2 -14
right_child=12 3 8 5 -6 6 -8 9 -10 -11 11 -13 13 -15
leaf_value=0.046418086974392633 0.0075505994898091089 1.012563666457595 0.0050947021747762417 0.078848297794510885 -0.0062131663794202296 0.051659157700499274 -0.026011617585878988 0.028977034717399448 -0.24252919952479957 -0.35796841103223148 0.18200032965591353 1.4540031932616295 -0.084011216983357215 0.21999435425041672
leaf_weight=564 714 89 327 82 55 142 87 103 558 223 45 90 663 56
leaf_count=564 714 89 327 82 55 142 87 103 558 223 45 90 663 56
internal_value=-0.000410634 0.00067202 -0.00122069 0.00366412 0.0124138 0.00201811 0.00657534 -0.00205379 -0.00423251 -0.00477064 0.0106835 0.0169853 -0.00219665 -0.00479167
internal_weight=3798 2365 1449 916 144 772 364 408 885 326 277 135 1433 719
internal_count=3798 2365 1449 916 144 772 364 408 885 326 277 135 1433 719
is_linear=0
shrinkage=0.03


Tree=339
num_leaves=15
num_cat=0
split_feature=82 25 80 27 68 29 64 25 67 79 31 48 77 40
split_gain=7.56985 15.2024 8.04432 12.0336 8.16228 12.4377 7.66158 6.797 16.8688 13.5106 9.99049 13.7857 11.7503 9.31909
threshold=-72.655928909778581 0.85329985652797713 -196.27006793022153 0.9148111495959097 0.042515612167692944 0.89254528397199984 4.8807757499516971 0.86899313501144182 7.5878930389880859 11.772956129706225 18.963571428571431 62.622362295786552 15.967813551425936 620.87170009635327
decision_type=8 8 10 10 8 10 8 10 10 8 8 10 8 10
left_child=1 -1 3 -3 5 6 -4 8 10 -10 -2 12 -12 -9
right_child=7 2 4 -5 -6 -7 -8 13 9 -11 11 -13 -14 -15
leaf_value=-0.4349105428533247 0.041226360088748845 0.54401395227847615 -0.54111589113157377 -0.030799048382710196 -0.34890697262465115 0.068381279093907912 0.027763586396023283 0.011329028688778777 0.016236629134454502 0.53831634675072915 -0.45762723862345189 0.022845378568344614 -0.0027172741035949035 -0.047006545873090229
leaf_weight=72 197 44 42 43 100 79 40 1680 77 104 96 169 163 867
leaf_count=72 197 44 42 43 100 79 40 1680 77 104 96 169 163 867
internal_value=-0.000198728 -0.0039905 -0.00137536 0.00647727 -0.00400763 0.000185185 -0.00795181 0.000277281 0.00267658 0.0107143 0.000335463 -0.00223776 -0.00657692 -0.000482732
internal_weight=3773 420 348 87 261 161 82 3353 806 181 625 428 259 2547
internal_count=3773 420 348 87 261 161 82 3353 806 181 625 428 259 2547
is_linear=0
shrinkage=0.03


Tree=340
num_leaves=15
num_cat=0
split_feature=28 3 3 28 81 65 85 81 39 60 56 16 5 29
split_gain=8.2338 15.0465 31.7936 13.8504 13.8526 13.1702 11.828 11.1639 13.487 11.1777 10.1124 12.1828 9.81268 9.99953
threshold=250.50000000000003 11.125000000000002 16.125000000000004 393.50000000000006 3500.4149638414387 0.894064199951634 -197.36589932441709 3481.2394716739659 3510.36610283034 54.33006155490876 164.10983284314474 15.500000000000002 118.45286178588869 0.93142977757074663
decision_type=2 2 2 2 10 8 10 10 10 8 8 2 10 10
left_child=-1 7 3 4 -3 -4 -5 9 -9 -2 -11 -12 13 -7
right_child=1 2 5 6 -6 12 -8 8 -10 10 11 -13 -14 -15
leaf_value=-0.0092482519593462334 0.28247562919489155 -8.6545495180703156e-05 -0.21471945451188218 -0.45348751905755885 -1.4524086155258626 0.031288081833722059 0.46004382281997702 1.5388372197847817 0.12579432001264279 -0.12115074228706474 0.14623403984939556 -0.021225806964358742 -0.030124882136579368 0.73947932329977251
leaf_weight=2895 61 43 55 62 97 140 51 71 59 81 41 43 51 102
leaf_count=2895 61 43 55 62 97 140 51 71 59 81 41 43 51 102
internal_value=-6.22891e-05 0.00234864 -0.000548173 -0.00862205 -0.0148936 0.00532951 -0.000789474 0.00722689 0.0141985 0.00317181 -0.000903614 0.00635294 0.00785714 0.0103704
internal_weight=3852 957 601 253 140 348 113 356 130 226 165 84 293 242
internal_count=3852 957 601 253 140 348 113 356 130 226 165 84 293 242
is_linear=0
shrinkage=0.03


Tree=341
num_leaves=15
num_cat=0
split_feature=45 54 7 41 41 23 69 27 13 62 62 83 68 32
split_gain=8.13539 10.2914 9.68994 11.861 11.7015 9.29019 9.26442 13.6936 8.20444 8.13413 15.0455 12.9789 10.4216 18.5516
threshold=5.5000000000000009 5010.0000000000009 880.45109089198388 102.03150033950807 32.012607336044319 6.9433181285858163 -286.81615183647085 0.90336728919071885 150.00000000000003 -0.16512324333580672 -0.11737446102444794 -91.483688831329331 -0.086043838511325799 0.31698564593301443
decision_type=8 10 10 10 10 10 8 10 10 8 8 10 8 8
left_child=2 6 3 4 5 -1 7 -2 -4 11 -11 -8 13 -12
right_child=1 -3 8 -5 -6 -7 9 -9 -10 10 12 -13 -14 -15
leaf_value=0.054579731598098528 0.48472428463862183 0.73531218668014109 -0.48126821518778939 -0.17815399171356042 0.46650778517486913 -0.26908818672457979 0.02330597732790423 0.00068599411702473744 -0.019040607436757701 0.21802164829419882 -0.47821541827811853 -0.19310933430940494 0.0021433605729194128 0.10182901769131192
leaf_weight=57 44 41 120 125 64 48 111 68 80 251 135 208 2411 50
leaf_count=57 44 41 120 125 64 48 111 68 80 251 135 208 2411 50
internal_value=-0.000291033 0.000243976 -0.00387879 -0.00040678 0.00476471 -0.00141509 5.48948e-05 0.00849558 -0.00895522 -0.00024629 0.000263343 -0.00478125 -0.000415864 -0.00725806
internal_weight=3813 3319 494 294 169 105 3278 112 200 3166 2847 319 2596 185
internal_count=3813 3319 494 294 169 105 3278 112 200 3166 2847 319 2596 185
is_linear=0
shrinkage=0.03


Tree=342
num_leaves=15
num_cat=0
split_feature=50 60 41 41 41 42 38 37 76 77 77 60 63 81
split_gain=5.40028 5.59612 10.4143 6.22401 11.476 9.56318 10.669 12.7585 14.2013 11.4212 10.8175 9.54615 9.22494 9.10692
threshold=3164.9433181285863 493.56062042713171 82.898200035095229 43.823863863945014 47.303917765617378 23.187256574630741 2180.3794117242992 1108.7335550905057 404.83978223800665 -69.598561823368058 -198.13558185100553 399.84055447578436 -73.562452404841537 8527.4631675481814
decision_type=10 10 10 8 8 10 10 10 8 8 10 10 8 10
left_child=1 3 -3 5 -5 6 13 -8 9 10 -9 -6 -7 -1
right_child=-2 2 -4 4 11 12 7 8 -10 -11 -12 -13 -14 -15
leaf_value=-0.028411424388195314 -0.13818731452841318 0.45261471945227172 -0.11207653803405666 1.0034634119156547 0.0093687282414679617 -0.53016937869010405 0.40239928245700496 0.3532415856462976 -0.020765130326341596 2.3024176894084003 -0.14745419857457767 -0.42609885293837607 -0.044466301222667627 -0.36379341941829019
leaf_weight=365 100 66 73 41 1683 52 121 40 828 47 42 41 201 92
leaf_count=365 100 66 73 41 1683 52 121 40 828 47 42 41 201 92
internal_value=-0.000284735 -9.74817e-05 0.00578571 -0.000329207 0.000934315 -0.0015763 -0.000683594 0.00094532 -0.000219207 0.009 0.00216867 0.000556522 -0.0069685 -0.00451965
internal_weight=3792 3692 139 3553 1765 1788 1535 1078 957 129 82 1724 253 457
internal_count=3792 3692 139 3553 1765 1788 1535 1078 957 129 82 1724 253 457
is_linear=0
shrinkage=0.03


Tree=343
num_leaves=15
num_cat=0
split_feature=82 80 77 77 41 82 66 68 32 42 68 79 82 3
split_gain=5.14439 8.26142 5.82426 13.3172 13.5524 12.9396 12.2077 14.1083 10.4104 10.1578 9.42459 10.9777 7.67624 6.77872
threshold=-164.44167923927304 -248.15716445446012 -244.4408195018768 -204.02106446027753 80.815500497818007 -70.419214248657212 -118.23782742023467 0.10331023545468533 0.27842377260981915 44.50621676445008 -0.039321547495143876 20.773247420981075 135.40178410212204 15.708333333343036
decision_type=8 10 8 8 10 10 8 8 8 10 8 10 8 2
left_child=1 -1 5 4 12 10 -7 9 -9 -8 -2 -12 -4 -5
right_child=2 -3 3 13 -6 6 7 8 -10 -11 11 -13 -14 -15
leaf_value=-0.087705594921978894 0.014669574027957424 0.26879074929930463 0.94352444729453189 -0.012130937704820467 -0.036149680506959894 0.33441820061768096 -0.021668792807627853 0.28198862259555407 -0.14840664075003493 -0.46972100854056775 -0.47438184567187019 -0.022034337634444279 0.61354418100640262 0.025019213296690344
leaf_weight=41 55 60 74 1865 70 57 114 54 52 44 59 58 50 1148
leaf_count=41 55 60 74 1865 70 57 114 54 52 44 59 58 50 1148
internal_value=0.000118359 0.00676471 -6.48473e-05 0.00040212 0.008 -0.00309717 0.000465839 -0.00226415 0.00616822 -0.00792453 -0.00971098 -0.0144915 0.01392 -8.9582e-05
internal_weight=3801 101 3700 3207 194 493 321 264 106 158 172 117 124 3013
internal_count=3801 101 3700 3207 194 493 321 264 106 158 172 117 124 3013
is_linear=0
shrinkage=0.03


Tree=344
num_leaves=15
num_cat=0
split_feature=3 17 64 64 3 26 28 82 68 28 73 85 82 68
split_gain=8.99631 18.1126 15.362 14.9653 13.1557 16.6675 12.3827 12.1929 16.9872 13.5704 12.1204 11.0247 10.2789 9.88362
threshold=15.708333333343036 27.500000000000004 4.4558299431961101 5.6252911504796561 17.375000000000004 121.50000000000001 218.50000000000003 -72.655928909778581 -0.16655933942146758 220.50000000000003 -4.0056992769241324 28.720225473244987 -39.674277702967323 0.15972952114217492
decision_type=2 2 10 10 2 2 2 8 8 2 10 8 10 10
left_child=3 2 4 -1 5 -2 12 9 10 -3 -9 -5 -6 -10
right_child=1 7 -4 11 6 -7 -8 8 13 -11 -12 -13 -14 -15
leaf_value=-0.0047227452547284089 0.72530216491887445 -0.62169302880912325 1.2777108960790216 -1.7362374172722155 0.018025189590092649 -0.019832497491412651 0.19910745418467729 -0.67272670104186727 0.0083954385385028724 0.020409213548621796 0.077448697092957278 -0.05504664055673842 -0.45022263415162367 0.24621279131662904
leaf_weight=2143 85 108 63 66 72 51 128 50 670 59 41 179 61 116
leaf_count=2143 85 108 63 66 72 51 128 50 670 59 41 179 61 116
internal_value=-0.000262009 0.00155482 0.00650759 -0.00140645 0.00429648 0.0118248 0.000343511 -0.000631579 0.000785877 -0.00803571 -0.011413 -0.00841463 -0.00604478 0.00221093
internal_weight=3892 1504 460 2388 397 136 261 1044 877 167 91 245 133 786
internal_count=3892 1504 460 2388 397 136 261 1044 877 167 91 245 133 786
is_linear=0
shrinkage=0.03


Tree=345
num_leaves=15
num_cat=0
split_feature=41 42 32 51 16 1 38 34 38 82 81 39 81 3
split_gain=6.3893 14.5521 19.6222 10.1399 9.60197 15.1397 14.3816 13.2901 10.8414 10.7723 9.50372 9.39651 15.1719 16.1166
threshold=45.230598330497749 48.624633669853218 0.53137254901960795 -60.916535377502434 7.5000000000000009 725.53867006301891 4601.9831466874621 0.2312382739212008 4545.6710666402914 32.149947226047523 4792.6585782766351 2396.2808199483848 8527.4631675481814 15.541666666656967
decision_type=8 8 10 10 2 2 10 10 10 10 10 10 10 2
left_child=11 2 3 -2 5 6 7 10 -6 -9 -3 -1 13 -13
right_child=1 4 -4 -5 8 -7 -8 9 -10 -11 -12 12 -14 -15
leaf_value=-0.0013816028353318009 -0.35169110497523282 0.61621989800499921 1.6313272013953233 0.3607324465664189 -0.035870256393686045 -0.13429497929758893 -0.018567394482323075 -0.14840645309373995 0.27264901532132896 0.59735730483941396 0.12218073823661882 -0.13916218581787027 -0.58409863060593259 0.30832339577726137
leaf_weight=1295 46 104 57 79 1153 77 103 99 92 79 63 350 122 127
leaf_count=1295 46 104 57 79 1153 77 103 99 92 79 63 350 122 127
internal_value=-0.000405511 0.000798771 0.00885246 0.00214286 -3.38792e-05 0.00336502 0.00547884 0.0084104 -0.0014687 0.00268156 0.0144643 -0.00164644 -0.00475 -0.00232218
internal_weight=3846 1952 182 125 1770 525 448 345 1245 178 167 1894 599 477
internal_count=3846 1952 182 125 1770 525 448 345 1245 178 167 1894 599 477
is_linear=0
shrinkage=0.03


Tree=346
num_leaves=15
num_cat=0
split_feature=52 52 15 3 52 85 7 52 73 28 60 0 50 56
split_gain=11.6393 10.3282 8.67359 12.2454 6.87752 6.1864 7.09353 5.22629 5.07616 9.08395 7.46801 9.10456 10.7069 8.51775
threshold=18.17780697345734 25.389671206474308 22.500000000000004 9.7083333333430364 11.600558519363405 176.55637625853225 3021.1202081197971 22.567606806755069 -10.697632789611815 137.50000000000003 493.56062042713171 202.50000000000003 1440.9165353775027 277.67982323964446
decision_type=8 8 2 2 10 8 10 10 8 2 8 2 10 10
left_child=2 7 5 -4 -5 -1 -7 -2 9 -3 13 -12 -13 -10
right_child=1 8 3 4 -6 6 -8 -9 10 -11 11 12 -14 -15
leaf_value=-0.3554253792913698 0.026378168265564241 -0.43500429980763611 -0.31255241887167967 0.24754569237558566 -0.017947343135460193 -0.51546358391241676 0.2130728372296474 0.44496986048971426 -0.008309003232858235 0.12442255601021208 0.0051508226043816786 0.92775997960446599 -0.065264501800562438 -0.16065273914006181
leaf_weight=142 139 57 41 66 53 47 45 78 1820 221 974 75 40 97
leaf_count=142 139 57 41 66 53 47 45 78 1820 221 974 75 40 97
internal_value=-0.000130903 0.00041976 -0.00501266 0.000372671 0.00525 -0.00868085 -0.00258065 0.00674312 0 0.00387097 -0.000359162 0.00162385 0.00956897 -0.00148592
internal_weight=3895 3501 394 160 119 234 92 217 3284 278 3006 1089 115 1917
internal_count=3895 3501 394 160 119 234 92 217 3284 278 3006 1089 115 1917
is_linear=0
shrinkage=0.03


Tree=347
num_leaves=15
num_cat=0
split_feature=1 30 75 1 4 7 43 28 30 13 27 44 79 27
split_gain=7.53499 9.27449 8.44347 8.71674 7.57392 11.5221 13.9264 13.2223 11.1864 11.7392 11.3341 10.2831 11.3424 11.2049
threshold=659.08346462249767 96.40000000000002 598.21218180656444 658.02790760993969 8.5000000000000018 2493.9004473971177 142.67194104791437 153.50000000000003 13.050000000000002 90.000000000000014 0.93424141339263667 201.01610934734347 5.5159798248616019 0.88780278466526807
decision_type=2 10 10 2 2 10 10 2 10 10 10 8 10 10
left_child=2 -2 3 4 5 7 -7 -1 10 -10 -6 12 -9 -14
right_child=1 -3 -4 -5 8 6 -8 11 9 -11 -12 -13 13 -15
leaf_value=0.32934622961628457 -0.022341508907665081 0.052169909627294182 -0.1921975661601027 0.62011852198342099 0.35523303249362626 0.17290362924457042 -0.069745696008873911 -0.12291806419961808 -0.026450910076199912 0.54397102802805697 -0.0096619583125573168 -0.13512605496332228 -0.20383395141051061 0.41117952805937097
leaf_weight=112 2120 53 110 75 125 151 459 108 122 40 51 78 53 163
leaf_count=112 2120 53 110 75 125 151 459 108 122 40 51 78 53 163
internal_value=-0.000565297 -0.00172493 0.000964806 0.00154096 0.00102529 -0.00016 -0.00294599 0.00314563 0.00495575 -0.000736196 0.0101695 0.000595533 0.00295385 0.00691244
internal_weight=3820 2173 1647 1537 1462 1124 610 514 338 162 176 402 324 216
internal_count=3820 2173 1647 1537 1462 1124 610 514 338 162 176 402 324 216
is_linear=0
shrinkage=0.03


Tree=348
num_leaves=15
num_cat=0
split_feature=30 39 70 0 42 38 64 77 64 3 13 45 20 49
split_gain=6.72142 7.33694 11.107 18.983 15.5685 10.7242 10.1752 9.95921 12.3437 11.5005 10.5617 10.8218 9.57055 12.7121
threshold=99.15000000000002 2417.8878186046354 0.91287878787878796 106.50000000000001 103.53046262264253 2073.8044848311897 6.1590404637391991 -251.29376238584516 3.8202702672991973 2.3750000000000004 3330.0000000000005 10.500000000000002 597.02162611484539 5.5000000000000009
decision_type=8 10 10 2 10 10 10 8 8 2 8 8 8 10
left_child=1 6 3 -3 -5 -6 7 8 -1 -9 11 12 -11 -14
right_child=-2 2 -4 4 5 -7 -8 9 -10 10 -12 -13 13 -15
leaf_value=0.19041179702139338 0.044217882681024452 -0.0186353498811993 -0.07553811673080911 1.8123216556146087 0.39255402810001144 -0.012883556494026607 0.4137838849394988 -0.049038901048405054 -0.10081705971471798 0.10855713937567117 -0.36316137750520722 0.17895936815302094 -0.1993066242309269 0.011358966137131365
leaf_weight=50 40 436 825 51 41 113 44 74 312 456 55 237 284 824
leaf_count=50 40 436 825 51 41 113 44 74 312 456 55 237 284 824
internal_value=-0.000374707 -0.000504865 -0.00216769 0.000794393 0.00830097 0.00348387 0.000539153 0.000261666 -0.00429752 0.00111859 0.0015832 0.00198113 0.00107348 -0.000432822
internal_weight=3842 3802 1466 641 205 154 2336 2292 362 1930 1856 1801 1564 1108
internal_count=3842 3802 1466 641 205 154 2336 2292 362 1930 1856 1801 1564 1108
is_linear=0
shrinkage=0.03


Tree=349
num_leaves=15
num_cat=0
split_feature=15 31 8 29 29 69 38 67 16 33 35 49 50 60
split_gain=7.79193 7.7227 11.3506 10.6813 9.76087 11.587 9.36016 8.50589 8.40992 10.0088 9.293 10.5447 7.84063 8.96978
threshold=49.500000000000007 7.5548951048951061 6.4334458331929634 0.93201941747572825 0.91675784099197677 47.86317033852346 875.26459561187119 -252.84170236205094 7.5000000000000009 9.4580419580419601 10.875702247191013 8.5000000000000018 3196.8798408508305 309.05172431468969
decision_type=2 8 8 10 10 10 8 10 2 10 10 8 10 8
left_child=1 8 6 4 5 7 -3 -4 9 -1 12 -12 13 -10
right_child=-2 2 3 -5 -6 -7 -8 -9 10 -11 11 -13 -14 -15
leaf_value=0.3694114159718363 -0.073074287875351404 -0.45784173450238924 0.021677593638362594 1.127983033528956 -0.060337302069068954 -0.21492866522152917 -0.0072135614645995579 0.1263061678086555 -0.11982807481785115 -0.054628809551653341 0.78128967715223474 -0.07033089671517416 -0.37829715409006037 0.045453050982747406
leaf_weight=59 93 68 68 86 47 44 2499 41 115 41 88 59 61 490
leaf_count=59 93 68 68 86 47 44 2499 41 115 41 88 59 61 490
internal_value=-8.54922e-05 0.000127422 -0.000641205 0.00501742 0.00119403 0.00487013 -0.00127336 0.0100909 0.00252735 0.0106931 0.00151106 0.00831081 0 0.0010396
internal_weight=3859 3766 2853 286 200 153 2567 109 913 100 813 147 666 605
internal_count=3859 3766 2853 286 200 153 2567 109 913 100 813 147 666 605
is_linear=0
shrinkage=0.03


Tree=350
num_leaves=15
num_cat=0
split_feature=72 72 80 31 5 82 34 80 79 63 34 82 32 15
split_gain=9.52559 9.18169 8.52168 7.62578 12.9062 10.0077 9.28388 9.89901 10.1835 10.0532 9.84395 9.50825 8.80281 8.47942
threshold=65.779366493225112 45.423985242843635 26.848863005638126 14.393379446640317 122.97837388515474 245.0300513505936 0.21767001114827203 2.2342927455902104 18.866709865545268 55.08607110396548 0.20135135135135138 110.36290669441225 0.065591397849462371 39.500000000000007
decision_type=10 10 8 8 10 10 10 10 10 10 10 10 8 2
left_child=1 3 -2 5 6 -1 10 -8 9 -9 11 13 -13 -5
right_child=2 -3 -4 4 -6 -7 7 8 -10 -11 -12 12 -14 -15
leaf_value=0.014772346573079452 0.034100727374224996 0.42292937991662738 -0.43637783068512503 0.0016119638839786087 -0.23149462826004694 0.83478881993032183 -0.29086366376524886 0.16037739230335776 0.29732618747875411 -0.35218999118391969 0.49164743015664414 0.1252204341117209 -0.66158878361374929 0.20071786924932047
leaf_weight=1744 42 60 82 841 151 51 289 104 42 84 92 43 83 90
leaf_count=1744 42 60 82 841 151 51 289 104 42 84 92 43 83 90
internal_value=-1.57936e-05 0.000261224 -0.00816 6.639e-05 -0.0013022 0.00145323 -0.000539245 -0.00386538 0.000779221 -0.00222222 0.000965217 0.000141777 -0.00755906 0.00119099
internal_weight=3798 3674 124 3614 1819 1795 1668 519 230 188 1149 1057 126 931
internal_count=3798 3674 124 3614 1819 1795 1668 519 230 188 1149 1057 126 931
is_linear=0
shrinkage=0.03


Tree=351
num_leaves=15
num_cat=0
split_feature=83 43 29 25 37 42 35 65 77 80 77 53 38 68
split_gain=6.03545 6.6251 10.178 12.6485 12.0944 9.11578 10.1994 10.0945 9.99461 14.3645 10.125 8.58317 8.06451 11.5087
threshold=419.96287250518805 569.51409323227188 0.94082662501501868 0.91715686274509811 1881.7841014620456 -78.127854824066148 17.221607142857149 1.0823437920351526 -70.249142825603471 31.535599708557132 -170.43623745441434 5.5000000000000009 4351.2887808431187 0.0098693754932384446
decision_type=10 10 10 10 8 8 8 8 8 8 10 8 10 10
left_child=1 5 3 11 -4 6 7 -1 9 10 -9 -3 -7 -14
right_child=-2 2 4 -5 -6 12 -8 8 -10 -11 -12 -13 13 -15
leaf_value=0.35379056489739047 0.49820049853021814 -1.2435803338920366 0.38331877775490569 -0.20741462001310332 -0.051394771498964077 -0.01107910097022085 0.61755979126654381 0.33258981477830524 0.2052370356601699 -0.39491004102459848 -0.30580242099182026 -0.0034314180743376709 0.34195839538742245 -0.081821453712556003
leaf_weight=77 51 40 99 296 64 2069 63 55 81 93 40 669 96 47
leaf_count=77 51 40 99 296 64 2069 63 55 81 93 40 669 96 47
internal_value=-0.000343661 -0.00048285 -0.00236099 -0.00348907 0.00457317 0.000354691 0.00446341 0.00242075 -0.000333333 -0.00412698 0.0040625 -0.00130986 -0.000406688 0.00645833
internal_weight=3840 3789 1168 1005 163 2621 409 346 269 188 95 709 2212 143
internal_count=3840 3789 1168 1005 163 2621 409 346 269 188 95 709 2212 143
is_linear=0
shrinkage=0.03


Tree=352
num_leaves=15
num_cat=0
split_feature=71 64 8 3 31 35 16 64 49 3 28 14 8 28
split_gain=8.72613 10.8782 14.8359 17.5204 12.0714 10.6691 14.527 11.9917 9.56916 12.3724 12.8475 10.4876 14.5015 10.3551
threshold=13.500000000000002 5.679453871472357 6.6953964491020601 1.7083333333430348 25.017933723196887 19.154618226600991 2.5000000000000004 5.679453871472357 9.5000000000000018 20.458333333343038 134.50000000000003 268.89878196464218 5.4029275616594861 171.50000000000003
decision_type=8 10 10 2 10 10 2 8 8 2 2 10 8 2
left_child=1 2 3 -1 -4 8 -7 -8 9 10 -2 13 -13 -12
right_child=5 -3 4 -5 -6 6 7 -9 -10 -11 11 12 -14 -15
leaf_value=-0.558811720077525 -0.15553105237463419 -0.35485421707836906 0.80578120419897892 -0.0072585937743670208 -0.014435965605991327 -0.062427580186098397 -0.030645286019971643 0.39749993988434751 -0.03209538818897878 0.30876215283699138 0.71245889195264156 -0.023512730345975237 0.41790409948359991 0.028526318661333389
leaf_weight=47 188 189 63 1690 45 60 52 205 504 157 50 386 52 142
leaf_count=47 188 189 63 1690 45 60 52 205 504 157 50 386 52 142
internal_value=-0.00018794 -0.00153317 -0.000828819 -0.00150173 0.00990826 0.00133556 0.00632075 0.0094186 0.000263514 0.00199795 0.000512821 0.00256735 0 0.00839378
internal_weight=3830 2034 1845 1737 108 1796 317 257 1479 975 818 630 438 192
internal_count=3830 2034 1845 1737 108 1796 317 257 1479 975 818 630 438 192
is_linear=0
shrinkage=0.03


Tree=353
num_leaves=15
num_cat=0
split_feature=62 16 77 3 69 16 35 57 8 84 82 26 38 73
split_gain=7.01853 8.425 18.1666 8.27617 10.2694 9.09424 12.4778 14.5338 12.4461 12.0232 11.8356 9.39157 9.30042 13.4513
threshold=-0.11558234635948303 18.500000000000004 -87.414005398750291 6.0416666666569663 -161.76198574654379 17.500000000000004 11.091690408357076 6.5000000000000009 5.481355959220874 -65.605557998021439 78.163406312465682 108.50000000000001 2993.8307015951536 -18.438415169715878
decision_type=8 2 10 2 8 2 10 10 8 10 10 2 10 8
left_child=1 -1 -3 -2 -5 6 7 8 10 -8 -6 -9 13 -7
right_child=3 2 -4 4 5 12 9 11 -10 -11 -12 -13 -14 -15
leaf_value=0.0017436288615430939 -0.02564221912485638 0.010026023899260892 1.742690288839162 -0.22112906461315021 0.081395427141699908 0.1722767822788222 -0.031713858763278521 0.12930160532422544 1.5902695438242676 0.094297593927928428 -0.32866208611555381 1.3514544856385178 0.14967674137869522 -0.059946408788174206
leaf_weight=528 364 152 55 146 127 79 560 57 42 452 72 66 227 903
leaf_count=528 364 152 55 146 127 79 560 57 42 452 72 66 227 903
internal_value=-0.000391543 0.00224185 0.00735577 -0.00101744 -0.00045022 -1.16009e-05 0.00165577 0.00641096 0.00210744 -5.923e-05 -0.00105 0.0147581 -0.00190909 -0.00317396
internal_weight=3830 735 207 3095 2731 2585 1376 364 241 1012 199 123 1209 982
internal_count=3830 735 207 3095 2731 2585 1376 364 241 1012 199 123 1209 982
is_linear=0
shrinkage=0.03


Tree=354
num_leaves=15
num_cat=0
split_feature=42 56 8 40 77 57 6 27 50 26 0 40 16 36
split_gain=7.0611 5.7937 13.9206 8.92546 7.71412 11.1541 8.0805 11.7587 15.492 7.85282 7.49408 15.2511 11.7685 11.631
threshold=-257.1919234991073 287.82414170106262 3.7401529001659646 2129.9205951004419 107.6919767856598 8.5000000000000018 1170.0000000000002 0.98473193473193488 2040.9165353775027 65.500000000000014 77.500000000000014 2367.3429558142093 28.500000000000004 0.25087412587412594
decision_type=8 10 10 10 10 10 8 10 10 2 2 10 2 8
left_child=-1 4 -3 -4 6 -6 10 8 -8 -9 -2 12 13 -12
right_child=1 2 3 -5 5 -7 7 9 -10 -11 11 -13 -14 -15
leaf_value=1.3779096217193378 -0.013357897945721219 -0.24454837371722926 0.56487676994429814 -0.060410312562241629 -0.11248614340398369 0.15557236712086187 0.32209261539852602 0.041314476880230336 -0.11986001226245477 -0.20892605736893236 0.2131149105488572 0.54408258312773905 -0.24348385910897732 -0.017089857926344862
leaf_weight=43 1971 112 67 83 95 44 151 106 60 52 311 53 111 520
leaf_count=43 1971 112 67 83 95 44 151 106 60 52 311 53 111 520
internal_value=-0.000357143 -0.000497725 -0.00479087 0.00119205 -0.000172662 -0.00707143 0.000116906 0.0042973 0.00891509 -0.00188679 -0.000404449 0.00171687 0.000827147 0.00205529
internal_weight=3779 3736 262 150 3474 139 3335 369 211 158 2966 995 942 831
internal_count=3779 3736 262 150 3474 139 3335 369 211 158 2966 995 942 831
is_linear=0
shrinkage=0.03


Tree=355
num_leaves=15
num_cat=0
split_feature=40 80 51 74 77 40 7 31 34 65 4 79 74 30
split_gain=7.5114 10.1394 12.7084 10.8258 9.78255 6.54526 6.65569 8.76278 9.85 8.20664 8.1987 13.3822 13.3413 10.1002
threshold=45.180242109435198 -1.0000000180025095e-35 422.44134294986731 38.553667209180723 -95.138040244579301 53.948357691768635 6666.487699665965 7.403125000000002 0.46247654784240161 0.95781485260664556 6.5000000000000009 9.5018530985770564 2507.4318005138916 1.0000000180025095e-35
decision_type=8 8 10 10 10 10 8 8 10 8 2 8 10 10
left_child=1 4 3 -3 -1 -2 7 9 10 -7 11 -9 -12 -13
right_child=5 2 -4 -5 -6 6 -8 8 -10 -11 12 13 -14 -15
leaf_value=0.096506769237155926 -0.18671472508483383 0.00061395814107868319 -0.29799385533076461 0.83878186935647114 0.75211838275564713 -0.35314458909224017 -0.07549878592605333 -0.31218864918614847 -0.42584581345173023 0.12778231003734616 0.0055494902952855259 -0.45099860688234372 -0.38876715139115242 0.0035735814043568004
leaf_weight=125 81 271 44 44 40 52 71 172 103 453 1882 41 49 422
leaf_count=125 81 271 44 44 40 52 71 172 103 453 1882 41 49 422
internal_value=-0.000249286 0.00308571 0.00025 0.00237342 0.00921687 -0.000775473 -0.000563771 -0.000359055 -0.00104494 0.00326087 -0.000677834 -0.00363208 0.000295031 -0.000969828
internal_weight=3850 524 359 315 165 3326 3245 3174 2669 505 2566 635 1931 463
internal_count=3850 524 359 315 165 3326 3245 3174 2669 505 2566 635 1931 463
is_linear=0
shrinkage=0.03


Tree=356
num_leaves=15
num_cat=0
split_feature=31 32 48 16 16 83 25 69 52 0 5 35 41 39
split_gain=9.17894 11.1912 9.1609 11.279 10.736 9.66077 15.2987 11.4012 9.62918 9.98009 9.49561 8.81919 13.9069 8.35241
threshold=15.003333333333336 0.067816091954023008 72.660402735074385 31.500000000000004 4.5000000000000009 21.278454184532169 0.86526825332795487 24.368699125093713 22.567606806755069 172.50000000000003 23.281450629234318 14.573589913735901 -27.63773691654205 2733.3051758392598
decision_type=8 10 8 2 2 8 10 10 8 2 10 8 10 10
left_child=1 -1 4 8 -2 6 -6 -8 9 -4 -10 13 -13 -7
right_child=2 -3 3 -5 5 11 7 -9 10 -11 -12 12 -14 -15
leaf_value=0.25611310575594698 -0.33590788917387904 0.0044553183057008863 -0.35413668200301518 -0.11677068215404413 -0.18612359968119813 -0.10108898848445147 0.022271366789232871 0.51487507267263588 0.085202692843419928 0.32606925967077527 0.0011976442472331622 0.022765610599219801 -0.039516381039163599 -1.0552999236535188
leaf_weight=40 172 2028 57 115 88 76 148 49 207 40 341 180 206 44
leaf_count=40 172 2028 57 115 88 76 148 49 207 40 341 180 206 44
internal_value=-0.000767405 0.00057999 -0.00238399 7.88436e-05 -0.00432573 -0.00284091 0.00157343 0.00621212 0.00162539 -0.00704082 0.0031694 -0.00532544 -0.00310078 -0.0123967
internal_weight=3791 2068 1723 760 963 791 285 197 645 97 548 506 386 120
internal_count=3791 2068 1723 760 963 791 285 197 645 97 548 506 386 120
is_linear=0
shrinkage=0.03


Tree=357
num_leaves=15
num_cat=0
split_feature=48 70 80 30 82 3 16 51 59 60 83 83 79 67
split_gain=7.64463 8.82444 13.7115 19.613 9.59236 12.9752 14.6044 12.5476 8.54131 8.52049 7.90417 11.0782 12.3741 13.5724
threshold=430.29954373836523 0.8973684210526317 -134.41663193702695 50.500000000000007 76.17968070507051 14.958333333343036 22.500000000000004 -3029.9999999999995 182.44134294986728 275.40367996692663 281.76459836959845 80.06053471565248 6.563873494850025 134.06569338747957
decision_type=10 10 10 10 10 2 2 10 10 8 10 10 10 10
left_child=1 2 -1 4 7 -6 -7 -4 -9 -8 11 -3 -13 -14
right_child=-2 10 3 -5 5 6 9 8 -10 -11 -12 12 13 -15
leaf_value=-0.010296393486912692 -0.22816678305264693 -0.006940665133781534 -0.14451425912096119 -0.40628398439730345 -0.20674926239575289 1.0277530069583953 -0.68516798901230103 0.36938471854042682 -0.11162953165800558 0.29380703085348242 0.39301076313970712 -0.30781510316672767 -0.10815775794472024 0.62690637432184804
leaf_weight=573 48 2046 51 42 148 61 40 304 41 59 61 103 195 44
leaf_count=573 48 2046 51 42 148 61 40 304 41 59 61 103 195 44
internal_value=-0.000471575 -0.000318387 0.00165909 0.00433735 0.00553191 0.0015534 0.00745342 0.00861461 0.0106647 0.0003 -0.00138367 -0.0016576 -0.00664723 -0.002875
internal_weight=3816 3768 1319 746 704 308 160 396 345 99 2449 2388 342 239
internal_count=3816 3768 1319 746 704 308 160 396 345 99 2449 2388 342 239
is_linear=0
shrinkage=0.03


Tree=358
num_leaves=15
num_cat=0
split_feature=72 1 48 3 79 76 38 42 80 72 53 29 23 77
split_gain=10.2365 7.31574 11.2278 15.2348 12.0789 9.94172 9.35787 9.18227 10.5061 9.24894 7.36135 12.0363 7.7818 8.55981
threshold=69.615710735321059 659.08346462249767 -55.889925281206764 13.125000000000002 11.216482071624336 159.44806933403018 2370.8214730327891 -109.96822690963744 3.1373730897903447 -123.54981875419615 10.500000000000002 0.93435318435318448 1.0054835081100466 -120.41459029912947
decision_type=10 2 8 2 10 8 8 10 8 10 10 10 10 8
left_child=1 -1 3 6 10 -6 -3 8 9 -5 12 -12 -4 -14
right_child=-2 2 4 7 5 -7 -8 -9 -10 -11 11 -13 13 -15
leaf_value=0.015165116328370615 -0.26838911797554965 0.0085791485355233288 0.0048574357109653016 0.16896896321259233 -0.33704981713656496 0.013588579025314884 0.51042882347772556 0.1032820155348617 -0.44807565594501053 -0.070510131944627533 -0.015649074457444383 1.5546424205184495 -0.35128799923300547 -0.069421810079043023
leaf_weight=1576 116 52 144 47 56 704 86 81 74 40 163 48 227 413
leaf_count=1576 116 52 144 47 56 704 86 81 74 40 163 48 227 413
internal_value=-0.00049373 -0.000218211 -0.00136236 0.00330709 -0.00237472 0.000473062 0.011223 -0.00123457 -0.00537037 0.00170455 -0.00454819 0.000424528 -0.00588535 -0.00730109
internal_weight=3827 3711 2135 380 1755 760 138 242 161 87 995 211 784 640
internal_count=3827 3711 2135 380 1755 760 138 242 161 87 995 211 784 640
is_linear=0
shrinkage=0.03


Tree=359
num_leaves=15
num_cat=0
split_feature=79 42 85 52 52 29 9 34 15 36 85 67 85 7
split_gain=6.65116 9.3604 9.91961 11.0084 10.9261 8.98935 8.49901 7.9288 14.057 9.48108 7.54614 7.50445 6.80496 6.61419
threshold=9.5579601852469214 -87.589705586433396 280.68622589111334 18.59870529174805 25.389671206474308 0.90842932168233381 150.00000000000003 0.14686274509803923 19.500000000000004 0.20611577964519143 42.492355724175773 -147.85418197465319 403.32884275913244 2890.119904740684
decision_type=8 10 10 10 10 10 2 8 2 8 8 8 10 10
left_child=1 5 3 -3 -5 6 -1 8 -6 10 -9 -8 -2 -7
right_child=12 2 -4 4 7 13 11 9 -10 -11 -12 -13 -14 -15
leaf_value=0.20166030589401976 0.0087362833097638058 -0.4154653625120297 0.24048411238956929 0.88197948545234106 -0.2489483310080349 0.63541824342588737 -1.3343002082212125 -0.045994806482386109 0.1993610917900237 -0.079013933177106782 -0.53265491209939464 0.028328825331455202 -0.48987631573537554 0.05668716371202874
leaf_weight=62 2527 106 77 66 40 45 43 53 70 590 40 52 44 49
leaf_count=62 2527 106 77 66 40 45 43 53 70 590 40 52 44 49
internal_value=1.55239e-05 -0.00173879 -0.00299137 -0.00381988 -0.00268605 0.00345238 -0.000949367 -0.00366499 0.00378378 -0.00486842 -0.0137234 -0.0065625 0.000898134 0.0107368
internal_weight=3864 1293 1042 965 859 251 157 793 110 683 93 95 2571 94
internal_count=3864 1293 1042 965 859 251 157 793 110 683 93 95 2571 94
is_linear=0
shrinkage=0.03


Tree=360
num_leaves=15
num_cat=0
split_feature=60 61 16 82 60 5 27 82 29 85 35 36 77 60
split_gain=8.32167 9.07383 8.41836 9.89009 11.2069 8.29177 8.27973 8.11151 12.4269 11.1644 10.582 8.27802 8.07633 7.76201
threshold=493.56062042713171 0.90040803138923031 24.500000000000004 113.37824320793153 187.40602767467502 45.726701140403755 0.96984848484848496 36.62393375237783 0.8812642694063928 111.17522950967155 6.5183492999263093 0.37089947089947095 147.41154003143313 -55.018607258796685
decision_type=10 10 2 10 10 10 10 8 10 10 8 10 8 10
left_child=2 6 -1 4 7 -5 -2 8 -4 10 12 -12 -9 -10
right_child=1 -3 3 5 -6 -7 -8 9 13 -11 11 -13 -14 -15
leaf_value=0.0026838250375294591 0.58086761884671079 -0.065623820269399002 -0.052115760542236128 -0.73058461640869132 -0.32672688980956538 -0.078796880818045312 0.095772885716568432 -0.99879229787170132 0.49149259818304852 0.27219894417387064 -0.023475601453631079 0.29543889706622473 -0.43239669133885567 0.037353276753334615
leaf_weight=2707 62 50 123 50 99 80 69 44 94 54 270 45 45 69
leaf_count=2707 62 50 123 50 99 80 69 44 94 54 270 45 45 69
internal_value=-0.000163128 0.0060989 -0.000472698 -0.00286448 -0.00167062 -0.0105344 0.0102273 -0.000402685 0.00355401 -0.00287582 -0.00459259 -0.00199367 -0.0136667 0.00896341
internal_weight=3861 181 3680 973 843 130 131 744 286 458 404 315 89 163
internal_count=3861 181 3680 973 843 130 131 744 286 458 404 315 89 163
is_linear=0
shrinkage=0.03


Tree=361
num_leaves=15
num_cat=0
split_feature=37 36 15 1 30 14 41 8 77 76 34 29 8 7
split_gain=8.64222 11.1587 14.4558 7.16617 6.81146 9.79483 13.0523 10.7543 10.6313 9.43314 8.87909 12.1047 20.3092 11.5138
threshold=2528.1613883500154 0.22648879716981135 6.5000000000000009 659.08346462249767 19.550000000000004 761.76300300386606 79.780505657196059 4.103933004722145 107.6919767856598 269.64633262157446 0.18795289855072467 0.89426985616010024 3.5695884552551775 2592.6727555289967
decision_type=10 10 2 2 10 10 8 8 10 8 10 10 8 10
left_child=4 2 -2 -4 5 8 7 -7 9 -1 11 13 -13 -6
right_child=1 -3 3 -5 10 6 -8 -9 -10 -11 -12 12 -14 -15
leaf_value=-0.085127832112955576 0.06824068176270312 1.0975144442453184 0.055555982913495117 -0.21872905559791359 0.029509564024573054 -0.61659962693444847 0.55150557156809499 0.18399800885081888 -0.28351989060175836 0.0050012597842392561 -0.1228863768009355 -0.28820163384292896 0.44925298882686687 -0.089583722614650446
leaf_weight=150 88 62 43 48 97 49 73 108 57 2034 560 55 171 233
leaf_count=150 88 62 43 48 97 49 73 108 57 2034 560 55 171 233
internal_value=-0.000156699 0.00533058 0.0015 -0.00684783 -0.000526756 0.000351942 0.00623377 0.00132911 -0.000254237 8.23799e-05 -0.0024709 0.00021544 0.00555066 -0.00344411
internal_weight=3828 241 179 91 3587 2471 230 157 2241 2184 1116 556 226 330
internal_count=3828 241 179 91 3587 2471 230 157 2241 2184 1116 556 226 330
is_linear=0
shrinkage=0.03


Tree=362
num_leaves=15
num_cat=0
split_feature=4 67 79 82 84 81 17 17 17 76 38 11 29 81
split_gain=6.86955 10.1138 11.0567 10.3687 17.2339 13.228 10.227 12.9059 8.64014 8.37366 12.3385 9.88311 8.80409 9.37298
threshold=6.5000000000000009 685.88344728946697 7.8004249859310795 165.25253645579025 109.17838752269746 7381.426011443139 44.000000000000007 52.000000000000007 42.500000000000007 272.31106901168829 3433.3029565163574 330.00000000000006 0.97202660406885777 7381.426011443139
decision_type=2 8 8 10 10 10 2 2 2 10 8 2 10 8
left_child=1 2 -1 4 5 6 -3 -8 -4 11 -11 12 -2 -14
right_child=9 3 8 -5 -6 -7 7 -9 -10 10 -12 -13 13 -15
leaf_value=-0.32580068867117618 0.006955795631648911 -0.0059686964092174749 -0.25857257601393407 0.8842046206906663 -0.44438405051781144 0.10536772584678548 -0.78394201239556838 0.00045106245532389226 0.01738523047142658 0.031767978628046582 0.60315640217705924 -0.40798725200626196 -0.8428486418920349 -0.034108886927348973
leaf_weight=86 2243 522 113 42 51 183 60 53 61 196 48 42 43 72
leaf_count=86 2243 522 113 42 51 183 60 53 61 196 48 42 43 72
internal_value=-7.86164e-06 -0.0019198 -0.00712644 -0.000427632 -0.00113793 -7.32601e-05 -0.00212264 -0.0102632 -0.00274286 0.000839319 0.00612245 0.000299875 0.000559559 -0.0075
internal_weight=3815 1171 260 911 869 818 635 113 174 2644 244 2400 2358 115
internal_count=3815 1171 260 911 869 818 635 113 174 2644 244 2400 2358 115
is_linear=0
shrinkage=0.03


Tree=363
num_leaves=15
num_cat=0
split_feature=39 62 64 16 71 14 35 41 27 53 53 62 77 83
split_gain=7.66617 12.9397 11.7471 12.811 10.956 10.622 10.1908 9.60947 9.53449 9.25616 13.1872 8.7667 8.77514 8.72691
threshold=2396.2808199483848 -0.20439491030032741 3.636733926413279 22.500000000000004 16.500000000000004 151.58102049564917 11.629017061370003 94.828912854194655 0.94208887291891252 10.500000000000002 8.5000000000000018 -0.16889713300741474 121.64101433753969 46.428337693214424
decision_type=10 8 8 2 10 8 10 8 10 10 8 8 10 10
left_child=1 13 3 6 5 -4 -2 -6 -7 10 -10 -3 -13 -1
right_child=2 11 4 -5 7 8 -8 -9 9 -11 -12 12 -14 -15
leaf_value=0.42843042452839875 0.30815346338972116 -0.15738794689663918 -0.36297221969337651 -0.72848917626239407 -0.024716921764860726 -0.025554657577755682 -0.63373353494749773 0.48672172640591932 0.25577479712280982 1.3824794278289045 -0.51138863373060273 0.0060759180867748343 -0.044321031098239184 0.0083063262927371932
leaf_weight=87 43 96 102 49 47 977 75 58 102 46 51 2013 40 66
leaf_count=87 43 96 102 49 47 977 75 58 102 46 51 2013 40 66
internal_value=-0.00034259 0.000755536 -0.00197292 -0.00946429 -0.00106214 -0.00182955 -0.00403361 0.00820755 -0.00101954 0.00495 0.00136364 0.000153488 0.00056962 0.00915584
internal_weight=3852 2302 1550 167 1383 1278 118 105 1176 199 153 2149 2053 153
internal_count=3852 2302 1550 167 1383 1278 118 105 1176 199 153 2149 2053 153
is_linear=0
shrinkage=0.03


Tree=364
num_leaves=15
num_cat=0
split_feature=41 0 37 17 61 17 27 77 43 38 39 37 80 28
split_gain=9.91136 12.9905 12.6547 21.2933 10.5727 8.40251 7.4879 11.6402 14.4472 9.50959 8.23325 9.7097 7.54093 7.95642
threshold=-70.736657738685594 -43.499999999999993 1871.5589769507733 37.500000000000007 1.0000000180025095e-35 2.5000000000000004 0.99790794979079511 -104.80004376173018 310.70169843237187 2928.6112716480852 2364.198827776172 1467.8726638377561 31.535599708557132 181.50000000000003
decision_type=10 2 10 2 8 2 10 8 8 8 10 10 8 2
left_child=2 -2 4 -4 -1 -3 7 9 -9 12 11 -10 13 -6
right_child=1 5 3 -5 6 -7 -8 8 10 -11 -12 -13 -14 -15
leaf_value=0.31292121584591293 -0.31438321874141245 -0.52157478603431395 0.091418315365486641 -0.55576807937659312 0.34012288852845407 -0.00068456864455099795 -0.13322413920976017 1.4444967011381573 0.03195432564405512 0.10764986874852582 -0.011484806588757052 0.64231932333407893 -0.28863682208549135 -0.059318799902372134
leaf_weight=56 203 41 63 49 45 2815 78 75 60 107 97 40 83 59
leaf_count=56 203 41 63 49 45 2815 78 75 60 107 97 40 83 59
internal_value=7.74793e-06 -0.00077451 0.00295203 -0.00637168 0.00445078 -0.000252013 0.00334884 0.00455026 0.00901099 0.00040678 0.00469697 0.0106931 -0.00367021 0.00171429
internal_weight=3871 3059 812 112 700 2856 644 566 272 294 197 100 187 104
internal_count=3871 3059 812 112 700 2856 644 566 272 294 197 100 187 104
is_linear=0
shrinkage=0.03


Tree=365
num_leaves=15
num_cat=0
split_feature=82 85 76 41 40 56 72 39 61 68 3 16 61 39
split_gain=10.0925 11.2022 6.10653 10.8315 6.11345 6.41285 9.46286 8.55905 10.6077 10.2609 10.3544 10.1488 9.65592 9.42026
threshold=-164.44167923927304 -267.28062816460925 159.44806933403018 110.80160033702852 20.487778516945976 -155.02945939699808 -194.42133450508115 2396.2808199483848 0.013577608716249542 -0.080052191768582373 5.4583333333430355 19.500000000000004 0.26632551167869095 2012.7800823936566
decision_type=8 10 8 10 8 8 8 10 8 8 2 2 10 10
left_child=1 -1 3 -2 -4 6 -6 9 -9 11 12 13 -11 -7
right_child=2 -3 4 -5 5 7 -8 8 -10 10 -12 -13 -14 -15
leaf_value=-0.010851624620727592 -0.54366468649198263 0.51216310085006489 -0.055783108270699558 -0.010941615472936162 0.11432016353661538 -0.011366465368401215 -0.43416529172700091 0.04338634843267121 -0.022812341616810443 -0.47520874315892153 0.0094133800150230408 0.27809514957369341 0.0044369650972847195 0.61151972685520517
leaf_weight=49 44 59 219 115 41 218 80 142 1230 48 1398 148 40 60
leaf_count=49 44 59 219 115 41 218 80 142 1230 48 1398 148 40 60
internal_value=-0.000192703 0.00880734 -0.000451903 -0.0061875 -0.000198621 0.000114504 -0.00663934 0.000365297 -0.0014421 0.00166231 0.000484196 0.00576112 -0.0094382 0.00236559
internal_weight=3891 108 3783 159 3624 3405 121 3284 1372 1912 1486 426 88 278
internal_count=3891 108 3783 159 3624 3405 121 3284 1372 1912 1486 426 88 278
is_linear=0
shrinkage=0.03


Tree=366
num_leaves=15
num_cat=0
split_feature=36 65 42 76 13 39 64 83 77 72 40 73 61 31
split_gain=7.08114 13.8543 9.06738 7.75358 6.5477 7.53393 10.7688 9.62219 11.1629 13.4072 8.09418 8.58376 7.74936 8.55204
threshold=0.096871945259042039 1.0420026933350108 154.29595792293551 104.48191165924074 90.000000000000014 2396.2808199483848 4.1483264761654732 29.727196931838993 -241.54876583814618 -16.542590379714962 1207.9853058364151 19.132456183433536 0.69221622187177967 15.560314685314689
decision_type=8 10 8 8 8 10 8 10 10 10 10 8 8 8
left_child=1 2 -1 -2 5 7 -7 8 12 -10 11 -8 13 -5
right_child=3 -3 -4 4 -6 6 10 -9 9 -11 -12 -13 -14 -15
leaf_value=-0.013573743695947349 -0.28555271892799661 0.33825299770637052 0.063598258246547273 -0.17600138338664131 -0.021161164032665627 -0.30596645772650727 0.12417698336272082 -0.0053482063406433151 0.47126056506963016 -0.34969922842738194 0.043213759781211732 -0.12604082585059903 0.080845392972664812 0.032016548015375151
leaf_weight=134 73 64 49 77 2116 120 63 331 214 49 162 142 144 41
leaf_count=134 73 64 49 77 2116 120 63 331 214 49 162 142 144 41
internal_value=-0.00018254 0.00471774 0.00048913 -0.000526465 -0.000320809 0.00131696 -0.00165984 0.0030105 0.00553232 0.00988636 0.000896739 -0.00305825 0.00114068 -0.00453782
internal_weight=3779 247 183 3532 3459 1343 487 856 525 263 367 205 262 118
internal_count=3779 247 183 3532 3459 1343 487 856 525 263 367 205 262 118
is_linear=0
shrinkage=0.03


Tree=367
num_leaves=15
num_cat=0
split_feature=56 4 42 37 28 28 77 83 75 56 77 39 83 69
split_gain=7.66206 8.35635 8.55015 8.68965 7.4731 10.5865 14.1993 12.2859 9.382 12.6048 8.92998 8.53716 8.76805 8.3214
threshold=379.69196009635931 9.5000000000000018 -78.127854824066148 1015.7031245278569 132.50000000000003 139.50000000000003 -78.915577411651597 266.9485747814179 2841.5964561700825 125.72860348224641 -285.94808512926096 2345.9196444808044 266.9485747814179 10.965485805411697
decision_type=10 2 8 10 2 2 10 8 8 8 10 10 10 10
left_child=1 4 -3 -4 8 6 7 -6 10 13 -1 12 -7 -10
right_child=-2 2 3 -5 5 11 -8 -9 9 -11 -12 -13 -14 -15
leaf_value=-0.18863749573861455 -0.14446098233418012 0.389416727196158 0.56536943780461657 -0.0097992758973478537 0.87860583799252334 0.0023158861524375141 -0.15699330855538199 0.00080698411965301857 -0.28684582164299349 -0.010017045276149085 0.19086775869590147 -0.034618124502036447 0.69506456912360237 0.018638037118150593
leaf_weight=48 83 40 57 121 95 1671 41 67 149 153 102 1116 42 40
leaf_count=48 83 40 57 121 95 1671 41 67 149 153 102 1116 42 40
internal_value=-0.000682175 -0.000480898 0.00520548 0.00234637 -0.000834043 -0.000276954 0.00632353 0.0103067 -0.00425963 -0.00699708 0.00198675 -0.00075265 0.000577596 -0.0121579
internal_weight=3825 3742 218 178 3524 3032 203 162 492 342 150 2829 1713 189
internal_count=3825 3742 218 178 3524 3032 203 162 492 342 150 2829 1713 189
is_linear=0
shrinkage=0.03


Tree=368
num_leaves=15
num_cat=0
split_feature=71 35 7 3 3 24 0 38 25 52 0 3 33 68
split_gain=6.82141 10.9781 13.3332 8.64316 8.67202 7.86517 8.88216 10.8715 11.4859 9.76107 9.45989 9.43693 9.28923 7.89656
threshold=13.500000000000002 19.22811550151976 4890.1010626597445 6.7916666666569663 16.791666666656969 70.500000000000014 17.500000000000004 3039.4065394127661 0.93079501915708829 81.867248296737685 -119.49999999999999 21.791666666656969 14.001515151515154 -0.054058420818636509
decision_type=8 10 10 2 2 2 2 10 10 8 2 2 10 8
left_child=-1 5 3 -3 -5 6 9 11 -9 12 -11 -8 13 -2
right_child=1 2 -4 4 -6 -7 7 8 -10 10 -12 -13 -14 -15
leaf_value=-0.012555988054226645 0.089156390503234345 0.5766732710676068 -0.048437260123937162 0.012616293857301154 1.0833823402160099 -0.099704552399822358 0.022609198722063972 0.16177445067172855 1.2305546901133153 0.33386097953338711 -0.010789870084526872 -0.7358226501625218 -0.33128027967508661 -0.061014006650946438
leaf_weight=2029 40 58 55 115 87 66 502 133 47 40 345 68 131 71
leaf_count=2029 40 58 55 115 87 66 502 133 47 40 345 68 131 71
internal_value=-7.12777e-05 0.00129619 0.00636076 0.0091954 0.0062069 0.000186981 0.000674891 0.00287617 0.00928177 -0.0019586 0.00101036 0.00084063 -0.00666667 -0.000267857
internal_weight=3787 1758 315 260 202 1443 1377 750 180 627 385 570 242 111
internal_count=3787 1758 315 260 202 1443 1377 750 180 627 385 570 242 111
is_linear=0
shrinkage=0.03


Tree=369
num_leaves=15
num_cat=0
split_feature=81 17 57 38 17 17 64 64 67 41 76 15 56 8
split_gain=7.39995 19.1296 13.7486 10.372 9.33536 18.9762 21.3976 10.3977 9.84994 11.6623 8.20484 9.07006 12.2434 8.40833
threshold=3259.223057866097 21.500000000000004 6.5000000000000009 2769.3830573267842 24.500000000000004 26.500000000000004 4.4425835345467828 3.6835287751673564 107.8645920262618 -27.63773691654205 -85.565303683280931 6.5000000000000009 74.351706782976791 4.1462990685532128
decision_type=8 2 10 10 2 2 8 8 8 10 10 2 10 10
left_child=1 -1 -3 -4 8 6 -6 -7 9 -2 11 -10 13 -13
right_child=4 2 3 -5 5 7 -8 -9 10 -11 -12 12 -14 -15
leaf_value=0.88266424875012961 -0.00488055709337047 -0.67442274892736842 0.11158144476903699 -0.07079913387387364 -0.29974885757693848 -0.19750897038752607 1.3596523380357719 -0.001457481039927359 0.23885875521663047 -0.99727842902031372 -0.057954444105432719 -0.058057519810353994 -0.096530963609044063 0.62286836484150676
leaf_weight=98 51 64 76 47 48 234 98 2321 45 58 464 45 84 90
leaf_count=98 51 64 76 47 48 234 98 2321 45 58 464 45 84 90
internal_value=-0.000760983 0.00388112 -0.00175532 0.0041129 -0.00113591 -0.000277572 0.0102041 -0.000880282 -0.00390215 -0.0122727 -0.00263374 0.00158491 -0.000954545 0.00463235
internal_weight=3823 285 187 123 3538 2701 146 2555 837 109 728 264 219 135
internal_count=3823 285 187 123 3538 2701 146 2555 837 109 728 264 219 135
is_linear=0
shrinkage=0.03


Tree=370
num_leaves=15
num_cat=0
split_feature=61 80 59 48 62 84 61 66 78 10 49 72 38 61
split_gain=5.58043 8.40125 9.52867 9.39619 8.77924 8.99752 7.56556 9.64761 6.77348 6.06988 6.8958 10.3291 10.6895 9.21661
threshold=0.023442666875573889 -26.472220659255978 -105.72670114040373 85.228519181410476 0.03536532247537235 35.936045567194633 0.0576778161135948 112.14658272266389 0.87500000000000011 1.5000000000000002 10.500000000000002 -67.692257642745957 3235.0281259633771 0.40238593642734738
decision_type=8 10 10 10 8 8 8 8 8 2 10 8 10 10
left_child=1 -1 -3 4 5 -4 7 -2 -9 10 -8 -12 13 -13
right_child=6 2 3 -5 -6 -7 9 8 -10 -11 11 12 -14 -15
leaf_value=-0.010326411756307973 0.0068133442482022129 0.58719314187339933 0.37059987319803156 -0.52277526859793477 1.0702602807808628 -0.12739949441302387 0.0015739656737409845 -0.045802177037583554 -0.44872175422266103 -0.10585810517203327 0.14959787736815258 -0.34834718443035101 -0.0038461398694606863 -0.99646829102092105
leaf_weight=227 84 41 47 57 53 57 2689 53 104 84 67 55 132 51
leaf_count=227 84 41 47 57 53 57 2689 53 104 84 67 55 132 51
internal_value=-0.000528669 0.00248447 0.00621094 0.00362791 0.00740506 0.00228571 -0.000966867 -0.00607438 -0.010443 -0.000565119 -0.000340568 -0.00460784 -0.00753138 -0.0145794
internal_weight=3801 482 255 214 157 104 3319 241 157 3078 2994 305 238 106
internal_count=3801 482 255 214 157 104 3319 241 157 3078 2994 305 238 106
is_linear=0
shrinkage=0.03


Tree=371
num_leaves=15
num_cat=0
split_feature=4 85 64 3 59 32 3 80 14 34 39 48 3 31
split_gain=5.83826 13.9775 9.12209 12.6396 9.51945 12.4757 8.96166 7.7161 13.2663 12.8817 8.74763 8.94723 10.6136 7.15628
threshold=8.5000000000000018 -54.293093601862587 5.7532043909127077 16.625000000000004 59.083464622497566 0.12310606060606062 1.8750000000000002 37.163431167602546 372.16899721145455 0.17607313195548494 3375.480070074595 66.520578662554428 14.541666666656967 30.845564516129041
decision_type=2 8 10 2 10 10 2 8 10 10 10 10 2 8
left_child=2 -2 -1 4 5 -4 -3 9 10 -8 11 12 -9 -10
right_child=1 6 3 -5 -6 -7 7 8 13 -11 -12 -13 -14 -15
leaf_value=-0.0046010860656884485 0.25697526060584924 -0.036375972911896218 0.057545135470995601 0.063962308661545439 -1.6475295197627011 -0.52397047326779722 0.18746263065015409 0.023967827598516747 0.44194267152884109 -0.23262041880838927 -0.20680261031271466 1.0755505792718705 -0.10785312861446954 -0.011992151528417738
leaf_weight=2722 156 86 40 58 56 64 66 84 189 108 57 46 53 51
leaf_count=2722 156 86 40 58 56 64 66 84 189 108 57 46 53 51
internal_value=-0.000312744 0.00180602 -0.000958858 -0.00684932 -0.0111801 -0.00571429 8.09717e-05 0.00128244 0.00324324 -0.00411429 -0.00174274 0.00146739 -0.0023913 0.00821577
internal_weight=3836 896 2940 218 160 104 740 654 480 174 240 183 137 240
internal_count=3836 896 2940 218 160 104 740 654 480 174 240 183 137 240
is_linear=0
shrinkage=0.03


Tree=372
num_leaves=15
num_cat=0
split_feature=42 42 48 48 72 3 78 42 48 83 82 70 48 79
split_gain=6.72172 9.57411 7.57816 13.0531 9.55857 8.49081 12.1417 13.0886 6.35142 11.8528 11.2026 9.00987 8.62372 10.2541
threshold=-257.1919234991073 -180.05952036380765 -129.20345064004258 -119.66698348522185 -139.7452458143234 1.5416666666569656 0.87500000000000011 158.50302875041965 279.32030093669897 -62.340979099273675 1.2898137569427492 0.79285714285714304 66.520578662554428 10.102399572930775
decision_type=8 8 8 8 10 2 10 8 10 10 10 10 8 8
left_child=-1 -2 4 -4 -3 6 7 -5 12 10 11 -10 -7 -14
right_child=1 2 3 5 -6 8 -8 -9 9 -11 -12 -13 13 -15
leaf_value=1.2739408483289638 -0.22358225686442906 0.0011515682946285821 -1.3704515218671747 0.097559981080985139 0.36398515284502336 -0.0089414294164559521 -0.33008073720154169 -0.040402806045610244 0.039580964261375438 0.28310474321377099 -0.44584668604390715 -0.093639189642738777 -0.013270309605707062 0.058455487840397224
leaf_weight=45 105 60 45 46 43 1790 97 61 52 70 48 77 417 886
leaf_count=45 105 60 45 46 43 1790 97 61 52 70 48 77 417 886
internal_value=-0.000312256 -0.000450237 -0.000194963 -0.000426184 0.00778846 -0.000220028 -0.00614634 0.000833333 0.00014367 -0.00447581 -0.00859551 -0.00392308 0.000513898 0.00236963
internal_weight=3842 3797 3692 3589 103 3544 204 107 3340 247 177 129 3093 1303
internal_count=3842 3797 3692 3589 103 3544 204 107 3340 247 177 129 3093 1303
is_linear=0
shrinkage=0.03


Tree=373
num_leaves=15
num_cat=0
split_feature=63 16 26 71 61 64 7 5 44 56 14 23 69 84
split_gain=10.438 8.72277 11.4202 8.53961 5.9869 9.83385 7.07207 6.67768 6.53997 6.32389 10.5101 5.93408 9.26827 12.569
threshold=401.70756633579725 7.5000000000000009 124.50000000000001 13.500000000000002 0.025519044153806941 2.6854902946646462 2820.3385568185263 1.972092390060425 8.7682361602783221 -36.060723225275673 315.77787558579763 4.0054835081100473 221.13783349526912 13.758753061294557
decision_type=10 2 2 10 8 8 8 10 8 10 10 10 10 8
left_child=4 -2 3 -3 6 -6 9 -8 -7 -1 -11 12 -10 -14
right_child=1 2 -4 -5 5 8 7 -9 11 10 -12 -13 13 -15
leaf_value=0.092646104579503466 0.079540115792560179 -0.17940085177640355 -0.99168943397050324 0.084972987803968961 -0.33607036424154768 -0.29018723590199907 0.35848008688984789 0.067708195388208464 0.029617741632960264 0.008952633928553836 -0.33177589872140001 -0.010970334730448955 -0.81606290117490166 0.018415769449756512
leaf_weight=52 80 85 48 50 51 43 61 225 1034 93 60 1791 60 65
leaf_count=52 80 85 48 50 51 43 61 225 1034 93 60 1791 60 65
internal_value=-0.000268492 -0.00602273 -0.00961957 -0.00507353 0.000161199 -0.000334975 0.00323171 0.00627178 -0.00011022 -0.00101942 -0.00409091 6.09963e-05 0.00173276 -0.00595238
internal_weight=3798 263 183 135 3535 3044 491 286 2993 205 153 2950 1159 125
internal_count=3798 263 183 135 3535 3044 491 286 2993 205 153 2950 1159 125
is_linear=0
shrinkage=0.03


Tree=374
num_leaves=15
num_cat=0
split_feature=76 61 4 39 84 17 76 60 83 3 42 38 32 81
split_gain=6.01288 5.53455 10.6749 8.92786 10.7518 8.34556 6.83061 6.60624 16.4173 9.49273 10.4486 9.15885 8.00618 9.97149
threshold=-42.405506014823906 0.8620218770226139 6.5000000000000009 1695.4150407170443 51.396282434463508 27.500000000000004 700.29019629955303 229.85396265983584 -60.891405463218682 15.375000000000002 274.6617803573609 1826.4368761913927 0.063508064516129045 8479.726010084154
decision_type=8 10 2 10 8 2 8 10 8 2 10 8 8 8
left_child=-1 7 6 4 -4 -5 -3 12 11 10 -10 -9 13 -2
right_child=1 2 3 5 -6 -7 -8 8 9 -11 -12 -13 -14 -15
leaf_value=0.21725196548632447 0.17297915199006397 -0.067442002889562605 0.44545226816281325 0.19009395274909024 -0.020132862095242999 -0.20027303659594944 -0.62303828674607475 0.12863504534591683 0.17351586102355837 0.29104832678163917 -0.36420872510563285 -0.3740219758424721 -0.0075611422185014755 -0.0031898179619270061
leaf_weight=42 128 53 45 42 52 120 67 69 91 134 42 66 2662 200
leaf_count=42 128 53 45 42 52 120 67 69 91 134 42 66 2662 200
internal_value=7.86576e-06 -0.0001193 -0.00355263 -0.000115385 0.00704082 -0.00441718 -0.0109091 0.000265252 0.00387097 0.00817164 0.00246269 -0.00463235 -0.000220662 0.00419453
internal_weight=3813 3771 379 259 97 162 120 3392 402 267 133 135 2990 328
internal_count=3813 3771 379 259 97 162 120 3392 402 267 133 135 2990 328
is_linear=0
shrinkage=0.03


Tree=375
num_leaves=15
num_cat=0
split_feature=67 70 70 48 81 33 77 80 8 39 27 1 25 81
split_gain=7.2942 7.26314 11.7117 10.0992 11.4024 11.5462 8.49536 10.6542 6.60221 6.57628 12.4518 15.6174 11.0061 10.6438
threshold=-267.0884508208224 0.74166666666666681 0.18465909090909094 188.97561367352804 7231.1745920181284 13.124972129319955 -48.362476944923394 -106.98970353603362 4.2202578160691147 2710.6573875577938 0.93868600071607611 719.08346462249767 0.86729559748427687 4480.4049687385568
decision_type=8 8 10 10 8 10 8 10 10 10 10 2 10 8
left_child=-1 2 3 4 -2 8 7 -4 -6 -3 11 12 -11 -14
right_child=1 9 6 -5 5 -7 -8 -9 -10 10 -12 -13 13 -15
leaf_value=-0.52178544074636368 0.30422368910651743 0.0048604201133614034 0.0057326974419720216 0.048499972557006964 0.0062973159724069262 -0.51896848058695899 0.019804347633976621 0.42953263605474407 -0.052079343236054204 0.0400823821241897 0.050036926474100907 -0.43600956963315751 0.21497119150216384 -0.13817810337223543
leaf_weight=54 54 2273 66 43 52 40 132 112 68 144 193 141 92 356
leaf_count=54 54 2273 66 43 52 40 132 112 68 144 193 141 92 356
internal_value=-6.28108e-05 9.55668e-05 0.00322183 -0.00151163 -0.00418605 -0.00819876 0.00713826 0.0113966 -0.00347107 -0.000459375 -0.002589 -0.0043733 -0.00222597 -0.00454343
internal_weight=3820 3766 567 257 214 160 310 178 120 3199 926 733 592 448
internal_count=3820 3766 567 257 214 160 310 178 120 3199 926 733 592 448
is_linear=0
shrinkage=0.03


Tree=376
num_leaves=15
num_cat=0
split_feature=1 29 64 44 4 82 82 68 16 29 65 80 68 69
split_gain=6.3503 9.01608 5.88116 11.3415 11.9948 16.2902 17.3087 15.685 11.5697 12.8232 11.2925 10.5337 8.6264 16.4581
threshold=837.52777552604687 0.91541209354528885 4.3148947322195417 116.39329397678377 6.5000000000000009 -105.0417110522588 -13.958739002545672 -0.14603595351491774 22.500000000000004 0.88295277633627411 0.91150424444985456 107.45434272289278 -0.012305103167891501 177.63937254490386
decision_type=2 10 8 10 2 8 8 10 2 10 10 10 10 10
left_child=2 -2 3 4 -1 -6 -7 -8 9 -9 11 -11 -4 -14
right_child=1 -3 12 -5 5 6 7 8 -10 10 -12 -13 13 -15
leaf_value=-0.34016709015948887 0.054616807201698446 -0.41299393109544918 0.014790276373408915 -0.45266551244842107 -0.53605462854876662 0.35673906176158443 -0.25317405106791746 0.78606701615579067 -0.066196193366405115 0.019092987176304917 -0.060869761473649885 0.63162442792571849 -0.058247529072396081 0.029863131957339598
leaf_weight=146 60 71 1881 108 40 129 80 57 103 87 176 62 436 440
leaf_count=146 60 71 1881 108 40 129 80 57 103 87 176 62 436 440
internal_value=-0.000123807 -0.00659091 0.000104111 -0.00188069 -0.000749149 0.000816327 0.00189928 -0.000371025 0.00166667 0.00407311 0.00174847 0.0078 0.000815809 -0.00164196
internal_weight=3876 131 3745 988 880 734 694 565 485 382 325 149 2757 876
internal_count=3876 131 3745 988 880 734 694 565 485 382 325 149 2757 876
is_linear=0
shrinkage=0.03


Tree=377
num_leaves=15
num_cat=0
split_feature=40 38 43 60 69 79 69 79 26 14 70 50 41 52
split_gain=6.71228 11.2713 10.2707 8.64646 8.54713 8.33479 9.74827 8.2948 13.9018 7.29856 6.5368 8.14238 6.48286 8.65453
threshold=1207.9853058364151 2042.3837544316948 1173.6594121348471 378.94084358215338 13.934095746863351 7.0893857683125985 373.60315270423888 396.46469057803557 73.500000000000014 403.19595691943488 0.8973684210526317 213.32298099994662 -81.560667514801011 80.169947624206557
decision_type=8 8 10 10 8 10 10 10 2 10 10 10 8 10
left_child=2 -2 7 4 -3 10 9 12 -9 -7 -6 -12 13 -1
right_child=1 3 -4 -5 5 6 -8 8 -10 -11 11 -13 -14 -15
leaf_value=-0.0044156354519108371 0.29438864150804261 -0.037373305955723947 -0.42477592769920208 -0.25774877834523297 0.012584421356448558 0.3642108889494865 -0.025601088104932612 -1.0948866945879674 0.0061766880088561021 0.056792090753290607 3.5675132052119808e-05 -0.46020266297531659 -0.0095309174362051153 0.14401887586934278
leaf_weight=294 76 68 58 48 183 73 43 47 44 99 79 40 2451 246
leaf_count=294 76 68 58 48 183 73 43 47 44 99 79 40 2451 246
internal_value=-0.000225974 0.00240845 -0.000821394 0.00108833 0.00209898 0.00341699 0.00791667 -0.000583847 -0.00945652 0.0110983 0.00019802 -0.00525 -0.000310829 0.00266174
internal_weight=3849 709 3140 633 585 517 215 3082 91 172 302 119 2991 540
internal_count=3849 709 3140 633 585 517 215 3082 91 172 302 119 2991 540
is_linear=0
shrinkage=0.03


Tree=378
num_leaves=15
num_cat=0
split_feature=42 42 42 43 26 68 0 67 38 36 17 3 3 82
split_gain=6.40952 16.7067 14.4785 17.7637 12.7304 18.5397 11.2271 11.1155 9.73761 12.1721 11.6986 11.2224 16.366 11.1577
threshold=42.311617016792304 45.825402855873115 23.187256574630741 614.27774298932388 135.50000000000003 0.032369282631093593 24.500000000000004 -77.341047308661743 3054.7106967952896 0.32630878438331862 21.500000000000004 7.7916666666569663 14.291666666656967 -36.262559056282036
decision_type=10 10 10 10 2 8 2 8 8 10 2 2 2 10
left_child=2 -2 3 4 -1 7 -4 -6 9 -3 -11 -12 13 -13
right_child=1 8 6 -5 5 -7 -8 -9 -10 10 11 12 -14 -15
leaf_value=0.0064674239359176506 0.90148241456827916 -0.08171369896345472 0.0087727600524119612 -0.044821699048867417 0.063873239581245647 -0.19893596709251654 -0.34816748747867537 0.7749551663544596 0.028981459943837322 0.5105026026453281 0.39407954320606664 -1.1369984870797465 0.06561941617999352 -0.22507294249062995
leaf_weight=1204 61 401 88 388 67 62 175 97 690 107 70 64 233 130
leaf_count=1204 61 401 88 388 67 62 175 97 690 107 70 64 233 130
internal_value=0.000304846 0.00163916 -0.000821326 0.000131941 0.00167715 0.00819383 -0.00738636 0.0134545 0.00107901 -0.000805169 0.0018843 -6.0241e-05 -0.00189252 -0.00830769
internal_weight=3837 1756 2081 1818 1430 226 263 164 1695 1005 604 497 427 194
internal_count=3837 1756 2081 1818 1430 226 263 164 1695 1005 604 497 427 194
is_linear=0
shrinkage=0.03


Tree=379
num_leaves=15
num_cat=0
split_feature=31 48 41 56 28 38 63 66 39 60 77 70 39 38
split_gain=6.54528 10.5034 10.3515 10.4641 11.3149 10.5374 12.1038 10.044 9.6702 13.0137 10.8427 9.02004 10.8676 13.8274
threshold=20.415476190476195 62.622362295786552 314.47353982925421 167.46027362346652 172.50000000000003 3724.1880012631832 126.53026078035369 -110.05908977985381 3831.1253502504796 49.048892259597785 -28.138663232326504 0.90454545454545465 2439.0346413748298 3968.7319088716904
decision_type=10 8 10 8 2 10 8 8 10 8 10 10 10 10
left_child=7 8 3 5 -5 -3 -7 -1 10 -10 -2 -9 13 -13
right_child=1 2 -4 4 -6 6 -8 11 9 -11 -12 12 -14 -15
leaf_value=0.06637900348624029 -0.4386232044335609 0.12429299956217135 -0.13356207693966551 0.46089888224200481 0.05059719397388221 0.13018692320399822 -0.23923452818564661 0.016988687617522952 0.29065830829355688 -0.19497267109229408 0.090752926906446652 -0.0047053797952925766 -0.16770615735432853 1.2291113131067171
leaf_weight=413 202 76 57 58 62 55 83 1049 40 43 53 1078 486 53
leaf_count=413 202 76 57 58 62 55 83 1049 40 43 53 1078 486 53
internal_value=4.72565e-05 -0.00250685 0.000841837 0.00286567 0.00991736 -0.00111628 -0.00604317 0.000652597 -0.00637168 0.0025 -0.00925781 -2.24972e-05 -0.00142769 0.000185512
internal_weight=3808 729 391 334 120 214 138 3079 338 83 255 2666 1617 1131
internal_count=3808 729 391 334 120 214 138 3079 338 83 255 2666 1617 1131
is_linear=0
shrinkage=0.03


Tree=380
num_leaves=15
num_cat=0
split_feature=76 25 36 7 77 61 48 48 25 66 37 31 77 61
split_gain=5.89031 10.4249 14.778 14.1418 11.0483 7.8644 6.89733 6.75977 13.0116 10.277 11.711 8.79409 10.3991 8.77446
threshold=252.61925876140597 0.92705099778270517 0.10045871559633029 2174.0553856848132 -69.801007568836198 0.75804978490658792 391.50983031590789 62.622362295786552 0.87312765481779575 130.08650565147403 1991.3214229882731 18.963571428571431 -195.47115206718442 0.53636695156072212
decision_type=8 8 8 10 8 8 10 10 10 10 8 8 10 10
left_child=1 2 -1 5 -3 -4 7 11 9 10 -9 -2 -13 -14
right_child=6 4 3 -5 -6 -7 -8 8 -10 -11 -12 12 13 -15
leaf_value=0.019623768768341775 0.001235597112315503 -0.056268205580607855 0.036996070672663403 -0.38135175560939333 0.47736720769468444 -0.15635682813619592 -0.13459467562696351 0.40800774465533157 2.9191171309612684e-05 -0.097923765404961574 0.029519686885975355 -0.0029724636179603767 -0.038101806257625145 -0.74355853819708506
leaf_weight=43 1544 57 44 86 62 53 66 95 1009 68 106 322 200 79
leaf_count=43 1544 57 44 86 62 53 66 95 1009 68 106 322 200 79
internal_value=-0.000688396 -0.00442197 -0.00819383 -0.0119022 0.00275 -0.00397959 -0.000318052 -0.000131425 0.001595 0.00744444 0.0108416 -0.0011603 -0.00423588 -0.00846429
internal_weight=3834 345 226 183 119 97 3489 3423 1278 269 201 2145 601 279
internal_count=3834 345 226 183 119 97 3489 3423 1278 269 201 2145 601 279
is_linear=0
shrinkage=0.03


Tree=381
num_leaves=15
num_cat=0
split_feature=71 62 40 71 26 43 69 83 81 77 80 48 32 24
split_gain=7.53414 11.4494 10.7812 10.1876 15.115 9.61827 11.4202 11.147 11.7861 15.6801 10.3594 10.1974 10.4471 9.80497
threshold=7.5000000000000009 0.040602768508203997 1330.7338663251874 8.5000000000000018 90.500000000000014 490.42671549149583 4.0670162860253081 -110.75879597663878 7551.3875182867059 -123.1773418188095 263.68310797214514 168.77522134780887 0.27429467084639503 38.500000000000007
decision_type=8 10 10 8 2 8 10 8 10 10 10 10 10 2
left_child=1 2 -1 4 -2 6 7 8 9 -5 -7 12 -8 -14
right_child=3 -3 -4 5 -6 10 11 -9 -10 -11 -12 -13 13 -15
leaf_value=-0.016931920304731136 0.015218327844004733 0.42197963028845464 0.18657351111042669 -0.56403960220094296 -0.53149269297361468 -0.026107030778902876 0.0033907498281861947 0.023631372443723809 0.56112922399869058 0.63284721126653176 0.6519641202028762 0.17084778147087404 -0.038727295474495819 -0.52669004732581248
leaf_weight=255 81 110 43 50 94 1208 393 992 91 50 53 113 204 86
leaf_count=255 81 110 43 50 94 1208 393 992 91 50 53 113 204 86
internal_value=-0.000180439 0.00366748 0.000602007 -0.000641101 -0.00767045 -0.000259179 0.00104545 0.00291385 0.00953125 0.00237624 -0.00230586 -0.00173149 -0.00311404 -0.00742268
internal_weight=3823 408 298 3415 175 3240 1979 1183 191 100 1261 796 683 290
internal_count=3823 408 298 3415 175 3240 1979 1183 191 100 1261 796 683 290
is_linear=0
shrinkage=0.03


Tree=382
num_leaves=15
num_cat=0
split_feature=77 57 51 80 68 25 31 40 80 83 25 74 77 26
split_gain=6.43235 11.6001 7.08609 5.86446 7.76655 5.36401 12.6234 16.4137 10.1897 11.5442 9.80416 16.2987 13.575 10.4888
threshold=107.6919767856598 7.5000000000000009 -482.33320283889765 -187.1439467668533 -0.024778098899197302 0.86899313501144182 18.963571428571431 422.66557053384571 5.8047277927398691 -1.0000000180025095e-35 0.92768564171522494 1522.9450463094745 -280.30592763423914 61.500000000000007
decision_type=10 8 8 8 10 10 8 8 8 8 10 10 10 2
left_child=3 2 -2 4 -1 6 -5 -8 -9 -10 11 -7 -12 -14
right_child=1 -3 -4 5 -6 10 7 8 9 -11 12 -13 13 -15
leaf_value=-0.007109888559844001 -0.0060681402357413506 0.022479156563445329 -0.46290542942844748 0.16114888893660201 0.086616859931192752 -0.016528529985488552 -0.17782548562382516 -0.078382917902894797 0.33513678825108956 0.0076774352204159865 -0.033264306277559968 -0.67769629677590104 -0.094064016729626193 0.10113176554742608
leaf_weight=70 43 71 69 316 66 1388 135 71 44 259 425 60 140 721
leaf_count=70 43 71 69 316 66 1388 135 71 44 259 425 60 140 721
internal_value=-0.000232019 -0.00570652 -0.0116814 4.05844e-05 0.00613139 -0.00019382 0.00192494 -0.001 0.00224 0.00463816 -0.000833638 -0.00252588 0.00107226 0.00323666
internal_weight=3878 183 112 3695 136 3559 825 509 374 303 2734 1448 1286 861
internal_count=3878 183 112 3695 136 3559 825 509 374 303 2734 1448 1286 861
is_linear=0
shrinkage=0.03


Tree=383
num_leaves=15
num_cat=0
split_feature=31 16 24 46 85 58 85 7 43 33 70 62 61 66
split_gain=6.46605 9.62697 7.84775 11.9913 8.1402 15.8617 14.7051 12.8068 10.3823 10.332 9.68276 11.5164 11.6598 8.99741
threshold=15.003333333333336 7.5000000000000009 75.500000000000014 750.00000000000011 -29.287706613540646 50.751480937004096 59.66149830818177 3111.8267190061965 863.18481087280418 15.421666666666669 0.44949494949494956 -0.19375236846295124 0.33482555501081934 488.93314957618719
decision_type=10 2 2 10 10 8 10 10 10 10 10 8 8 8
left_child=1 -1 4 -4 5 10 9 8 -7 -6 -2 -12 -13 -9
right_child=2 -3 3 -5 6 7 -8 13 -10 -11 11 12 -14 -15
leaf_value=0.064067573498881633 -0.55567419581600697 -0.0037436818082950294 -0.40024347637592539 0.8106824255165842 -0.054728995182456171 1.0511389165075868 -0.035590586005792062 0.50721192065459209 -0.0057195672293782838 0.071910905376243534 0.40600630135499755 -0.011469731679231092 -0.4095162396288774 -0.044471574394888184
leaf_weight=510 47 1843 51 50 60 59 374 45 55 150 50 158 224 120
leaf_count=510 47 1843 51 50 60 59 374 45 55 150 50 158 224 120
internal_value=-0.000268633 0.000700935 -0.00184903 0.00617647 -0.00245719 -0.00450593 0.000205128 0.00117857 0.00886957 0.00654028 -0.0078125 -0.00637413 -0.00814621 -0.00415663
internal_weight=3796 2353 1443 101 1342 758 584 279 114 210 479 432 382 165
internal_count=3796 2353 1443 101 1342 758 584 279 114 210 479 432 382 165
is_linear=0
shrinkage=0.03


Tree=384
num_leaves=15
num_cat=0
split_feature=22 17 76 48 48 60 14 20 67 51 28 3 30 41
split_gain=5.37511 8.25879 10.7943 9.20095 14.2598 9.13055 8.00193 7.1065 6.15925 6.06011 6.34819 6.69823 16.5671 10.7464
threshold=10.833202838897707 35.000000000000007 165.18450832366946 -38.441904385884598 6.4987415870030736 357.58821022510534 429.46670079490315 862.4528832435609 360.1249606504162 -3029.9999999999995 476.50000000000006 6.0416666666569663 32.350000000000001 -90.091878294944749
decision_type=2 2 8 10 10 8 8 10 8 8 2 2 8 10
left_child=7 2 -2 -3 -5 8 -4 9 -6 -1 11 12 13 -11
right_child=1 3 6 4 5 -7 -8 -9 -10 10 -12 -13 -14 -15
leaf_value=-0.16494668358895506 -0.18341804440594489 -0.31118834483372065 0.1983359122218431 0.33510096159083236 -0.040260184497704771 0.063231324074329492 -0.027391563817514238 -0.26503623131899118 -0.53502438765292548 0.24672480477491873 -0.2382064210406683 0.011540654953448522 0.014590178206146191 -0.16657351276887869
leaf_weight=86 41 95 149 53 74 70 120 51 46 51 56 2637 119 176
leaf_count=86 41 95 149 53 74 70 120 51 46 51 56 2637 119 176
internal_value=-0.000470588 -0.0029584 0.000578778 -0.00619469 -0.00307377 -0.00691099 0.00277778 3.77715e-05 -0.0119008 0.000220729 0.000444079 0.000633378 -0.0032853 -0.00802632
internal_weight=3824 648 310 338 243 190 269 3176 120 3125 3039 2983 346 227
internal_count=3824 648 310 338 243 190 269 3176 120 3125 3039 2983 346 227
is_linear=0
shrinkage=0.03


Tree=385
num_leaves=15
num_cat=0
split_feature=0 29 28 7 58 23 50 75 80 38 61 39 81 7
split_gain=6.059 11.2719 9.5389 6.86479 8.19966 7.24055 7.40061 12.2445 10.7214 6.85969 6.2155 6.21297 8.25446 5.29055
threshold=304.50000000000006 0.9400460829493088 152.50000000000003 1174.018456582515 1553.4712911844256 15.212181806564333 302.97837388515478 2195.9903212785725 45.720177531242378 22.472537268438376 0.054456025370354016 545.9483874399989 7749.3220781087884 1526.4393209101984
decision_type=2 10 2 8 10 10 10 10 10 10 10 10 10 8
left_child=3 2 -2 5 13 6 8 -8 11 -6 -4 12 -1 -5
right_child=1 -3 10 4 9 -7 7 -9 -10 -11 -12 -13 -14 -15
leaf_value=-0.085083782845003481 0.087249907908725763 0.67537531317416422 0.034981253423425007 -0.11050048381193478 -0.0073564423645301955 -0.13484581055852679 0.33901172430315096 -0.010802083466154277 -0.12023255604552101 -0.24432360180085105 -0.41622458158187214 0.28608881368966571 0.18263378423574902 0.0013658340290202096
leaf_weight=77 47 61 48 126 83 56 72 42 70 61 57 55 40 2933
leaf_count=77 47 61 48 126 83 56 72 42 70 61 57 55 40 2933
internal_value=0.000282058 0.00518692 0.000784314 -8.29646e-06 -0.000477528 0.00363196 0.00521008 0.0114783 0.00222222 -0.00744828 -0.00424528 0.00624277 0.00228814 -0.000147059
internal_weight=3828 213 152 3615 3203 412 356 114 242 144 105 172 117 3059
internal_count=3828 213 152 3615 3203 412 356 114 242 144 105 172 117 3059
is_linear=0
shrinkage=0.03


Tree=386
num_leaves=15
num_cat=0
split_feature=3 7 17 82 22 7 3 29 82 84 82 42 3 62
split_gain=5.66447 16.6036 14.0743 15.5335 10.2938 10.2674 11.4664 17.3291 12.8356 11.0223 10.3929 9.99408 13.2517 12.7301
threshold=16.208333333343038 2713.8932026441257 41.500000000000007 -32.529322008291878 11.886458277702333 3013.2838415674601 10.625000000000002 0.92994399827687013 156.87777948379519 150.56124365329745 37.966474493344627 93.317190408706679 18.875000000000004 -0.034878964495090856
decision_type=2 10 2 8 2 10 2 10 10 10 10 10 2 8
left_child=5 4 11 -4 -2 9 8 -8 10 -1 -7 12 -3 -14
right_child=1 2 3 -5 -6 6 7 -9 -10 -11 -12 -13 13 -15
leaf_value=0.001940019847092449 -0.0027422620183452651 0.59085057854405443 0.17761235559558308 -0.067511020112246023 -0.35671179976121203 -0.0055177246939185198 -0.36938472133084826 0.26797103835418168 -0.42682113593219917 0.62652940516777422 0.24267170320695397 0.72127717471993658 0.15420172104468577 -0.12685360960324729
leaf_weight=1416 602 97 64 241 70 392 344 77 54 66 96 131 64 99
leaf_count=1416 602 97 64 241 70 392 344 77 54 66 96 131 64 99
internal_value=-5.50603e-05 0.00149014 0.00473458 -9.80392e-05 -0.00187221 -0.000919869 -0.00332988 -0.00703791 -0.000441989 0.000647336 0.00110429 0.0084949 0.00505747 -0.000182927
internal_weight=3813 1368 696 305 672 2445 963 421 542 1482 488 391 260 163
internal_count=3813 1368 696 305 672 2445 963 421 542 1482 488 391 260 163
is_linear=0
shrinkage=0.03


Tree=387
num_leaves=15
num_cat=0
split_feature=39 3 29 23 82 25 81 30 38 76 14 42 23 49
split_gain=6.26401 10.6903 9.38529 9.45662 8.83734 11.7734 14.1506 9.5409 8.94597 8.14287 7.75377 9.60491 11.101 13.0683
threshold=2396.2808199483848 6.0416666666569663 0.92747102796345382 8.8354868888854998 -56.8056052327156 0.86425061425061445 9964.8467030525226 13.850000000000003 2782.8016829335797 353.73220610618597 39.635943674464663 -50.331292748451226 10.7657687664032 10.500000000000002
decision_type=10 2 10 10 8 10 10 8 10 10 8 8 10 10
left_child=1 2 3 -1 5 -3 7 8 -7 10 -2 12 13 -12
right_child=9 4 -4 -5 -6 6 -8 -9 -10 -11 11 -13 -14 -15
leaf_value=0.11026850300387103 -0.31334334761695176 -0.34363523367387416 -0.42323228819389097 -0.060470353264990249 0.031241450062059143 -0.057862377542076543 0.3612136051832332 0.030124982584117655 -0.93520586048396015 0.15192568102021814 -0.69129799171966677 -0.0023895111116096421 0.023749286524895438 0.018021674924020133
leaf_weight=47 56 60 73 40 1777 62 45 96 58 52 115 1224 41 46
leaf_count=47 56 60 73 40 1777 62 45 96 58 52 115 1224 41 46
internal_value=0.00011073 0.00111554 -0.0063354 0.000340909 0.00168652 -0.0028882 -0.000114504 -0.00331797 -0.00892562 -0.00136808 -0.00178018 -0.00134548 -0.00738916 -0.0109259
internal_weight=3792 2258 160 87 2098 321 261 216 120 1534 1482 1426 202 161
internal_count=3792 2258 160 87 2098 321 261 216 120 1534 1482 1426 202 161
is_linear=0
shrinkage=0.03


Tree=388
num_leaves=15
num_cat=0
split_feature=14 79 3 14 68 64 7 49 7 23 50 39 81 68
split_gain=7.03341 10.8496 9.37791 10.9878 10.4652 15.9997 10.187 12.0781 11.2925 9.51386 8.52837 15.1417 8.09348 7.76791
threshold=51.094293393301065 22.682745473257942 20.208333333343038 160.79954182373555 0.14418482396085047 4.0698877873974277 3649.7363915815845 3.5000000000000004 2520.2442883591152 5.1303247213363656 2036.9026728868487 1000.9527221673111 3679.0364328622823 0.34940822472174987
decision_type=8 10 2 8 10 8 8 8 10 10 10 10 8 10
left_child=1 -1 3 12 5 -4 8 -8 -7 -9 13 -12 -2 -5
right_child=2 -3 4 10 -6 6 7 9 -10 -11 11 -13 -14 -15
leaf_value=0.14821619615730516 0.081429184409293268 -0.025531103681417588 -0.58455992670004175 0.0019482545943662276 0.37360499480063836 -0.00086050809933134074 0.74605442366834906 0.038263735159775152 0.60853487476825374 -0.67606868974348366 0.10571285871084832 -0.30157533022931338 -0.31068259097749701 -0.23446861529687424
leaf_weight=179 40 145 58 2606 106 82 52 42 104 47 43 81 167 93
leaf_count=179 40 145 58 2606 106 82 52 42 104 47 43 81 167 93
internal_value=2.34009e-05 0.00424615 -0.000366269 -0.000989772 0.00347561 0.0011658 0.00375 -0.00232394 0.00834225 -0.009 -0.000499292 -0.00816 -0.00764423 -0.000144444
internal_weight=3845 324 3521 3030 491 385 327 141 186 89 2823 124 207 2699
internal_count=3845 324 3521 3030 491 385 327 141 186 89 2823 124 207 2699
is_linear=0
shrinkage=0.03


Tree=389
num_leaves=15
num_cat=0
split_feature=61 41 73 43 3 61 30 85 37 81 66 56 27 5
split_gain=5.79318 8.72535 8.62301 11.5146 7.34018 6.66922 9.35593 8.20076 6.29444 6.11293 12.0353 10.2311 6.86423 7.13276
threshold=0.023442666875573889 227.89424192905429 -18.438415169715878 53.931709197706283 16.625000000000004 0.054849335978146126 2.1500000000000008 -126.42385311921437 1412.0861383787822 4515.6979067325601 -26.597256898880001 51.840597192446403 0.93718542125098026 16.801017284393314
decision_type=8 10 8 10 2 8 10 10 8 10 8 10 10 10
left_child=1 9 3 4 -2 6 -4 -8 -5 12 -11 -12 13 -1
right_child=2 -3 5 8 -6 -7 7 -9 -10 10 11 -13 -14 -15
leaf_value=0.026852000906669459 0.13795129605496062 0.44319143417768658 -0.40925303358310289 0.085989580922367137 -0.72779858279194953 -0.0054674615577428032 0.19129096809921151 -0.080234099298383516 0.66236301083458149 -0.013449968379603057 0.34023651999152815 0.034085761248368485 0.21169953114688722 -0.10697100430859453
leaf_weight=63 45 43 58 50 45 2929 49 95 65 85 90 54 47 108
leaf_count=63 45 43 58 50 45 2929 49 95 65 85 90 54 47 108
internal_value=-0.000109747 0.00293279 -0.000557387 0.00538835 -0.00263736 -0.000948276 -0.0062069 -0.00206897 0.0116379 0.00167411 0.00508696 0.0103448 -0.00191781 -0.0047093
internal_weight=3826 490 3336 205 90 3131 202 144 115 447 229 144 218 171
internal_count=3826 490 3336 205 90 3131 202 144 115 447 229 144 218 171
is_linear=0
shrinkage=0.03


Tree=390
num_leaves=15
num_cat=0
split_feature=6 27 65 74 68 23 61 45 0 12 0 34 63 72
split_gain=6.1505 7.68152 9.43377 7.59061 14.2708 9.17787 11.2486 9.2017 9.10593 8.23149 9.72621 10.1813 8.59762 7.90732
threshold=690.00000000000011 0.90402020202020217 1.0604047753555781 280.63688410749893 -0.044364749998917943 10.075762271881105 0.85405414615354536 5.5000000000000009 86.500000000000014 1.0000000180025095e-35 3.5000000000000004 0.25543735224586289 113.40358750638323 32.961971402168281
decision_type=8 10 10 8 8 10 8 10 2 2 2 8 10 10
left_child=1 -1 -3 4 -2 6 8 -7 -6 -5 11 -11 -12 -8
right_child=3 2 -4 9 5 7 13 -9 -10 10 12 -13 -14 -15
leaf_value=0.028367632546659329 0.61989887037448499 0.0049297411508989692 -0.21724774466244681 -0.0099844062306879335 0.38664210131660509 -0.27941249616889241 -0.11165256687280532 0.010287353650349225 0.023264061202691283 0.12123847608892471 -0.62075006325842363 -0.34909240354842341 -0.045749818701324337 0.19536990972607846
leaf_weight=652 95 633 107 1564 62 60 151 74 74 46 84 40 75 45
leaf_count=652 95 633 107 1564 62 60 151 74 74 46 84 40 75 45
internal_value=-0.000462397 0.00111989 -0.00097166 -0.00139182 0.0016548 -0.000513919 0.00216216 -0.00711111 0.00875912 -0.00233702 -0.00743902 0.000689655 -0.0118125 -0.00243655
internal_weight=3762 1392 740 2370 561 466 332 134 136 1809 245 86 159 196
internal_count=3762 1392 740 2370 561 466 332 134 136 1809 245 86 159 196
is_linear=0
shrinkage=0.03


Tree=391
num_leaves=15
num_cat=0
split_feature=81 69 72 40 54 64 32 1 14 65 28 26 6 26
split_gain=6.79782 7.66862 5.76556 13.0825 7.9918 9.35841 7.6479 6.79837 6.56078 5.58928 4.97723 7.13999 11.8679 5.9778
threshold=1671.317119240761 101.22134250940957 -74.358382582664476 508.67461401655328 570.00000000000011 5.679453871472357 0.24621212121212124 701.84361076354992 394.96121330303964 1.0794694516291223 466.50000000000006 221.50000000000003 690.00000000000011 203.50000000000003
decision_type=8 10 8 10 10 8 10 2 10 10 2 2 10 2
left_child=1 -1 3 4 9 8 -7 -8 -6 -2 11 13 -13 -4
right_child=2 -3 10 -5 5 6 7 -9 -10 -11 -12 12 -14 -15
leaf_value=-0.030093867647331789 0.086247363792700288 0.81152580116071571 -0.0079035198597170505 -0.30843525881716261 0.61232888323280377 -0.31199456326296371 0.29669924525072511 -0.16508654036227022 0.045281867965099476 -0.51011694577079347 -0.16281926902284763 0.17883566044370874 -0.041070085797664004 -0.27984638467783923
leaf_weight=42 48 45 3041 59 81 41 69 47 68 42 47 49 57 81
leaf_count=42 48 45 3041 59 81 41 69 47 68 42 47 49 57 81
internal_value=-0.000400733 0.00784091 -0.000595015 0.00256579 0.00453401 0.00684039 0.00170886 0.00564103 0.0122 -0.0032967 -0.0010348 -0.000891917 0.00672897 -0.00115274
internal_weight=3817 87 3730 455 396 306 157 116 149 90 3275 3228 106 3122
internal_count=3817 87 3730 455 396 306 157 116 149 90 3275 3228 106 3122
is_linear=0
shrinkage=0.03


Tree=392
num_leaves=15
num_cat=0
split_feature=83 80 67 29 3 36 31 17 81 62 17 81 85 23
split_gain=6.6807 11.2497 12.895 19.8701 9.81875 6.84074 10.8326 12.0338 13.3609 13.5692 14.7942 10.2037 11.602 9.76488
threshold=116.34154176712038 156.61385095119479 91.261941711107909 0.88772781840008741 19.375000000000004 0.25087412587412594 8.7866071428571448 52.000000000000007 7381.426011443139 -0.011832069534950881 37.500000000000007 8423.7805528640765 5.8526595433553057 5.8024632930755624
decision_type=10 10 8 10 2 10 10 2 10 8 2 10 10 10
left_child=5 4 -3 -4 -2 -1 7 8 9 -7 13 -10 -13 -11
right_child=1 2 3 -5 -6 6 -8 -9 11 10 -12 12 -14 -15
leaf_value=0.01031265548488847 -0.21549473519289938 -0.11108924845247821 -0.47683904181402226 0.83885354863840833 0.12616565733371088 0.23585853827207287 -0.041035455992710676 0.27288785863763149 1.3492862818864779 -0.14726069119360671 -0.5923657424059775 -0.015989510003914943 0.34319151499709272 0.13251433402989352
leaf_weight=1698 142 74 49 108 41 119 894 45 40 175 134 101 66 165
leaf_count=1698 142 74 49 108 41 119 894 45 40 175 134 101 66 165
internal_value=-0.000163551 -0.00375904 0.000646552 0.00550633 -0.00929348 0.000270506 -0.00105172 0.00138298 0.000524345 -0.00176768 -0.00404211 0.00706731 0.00375 -0.000703812
internal_weight=3851 414 231 157 183 3437 1739 845 800 593 474 207 167 340
internal_count=3851 414 231 157 183 3437 1739 845 800 593 474 207 167 340
is_linear=0
shrinkage=0.03


Tree=393
num_leaves=15
num_cat=0
split_feature=32 70 53 58 3 56 61 39 68 14 7 64 0 62
split_gain=8.15039 10.3466 13.5717 12.4262 10.0981 8.44402 8.16101 7.76367 8.22639 9.44311 9.4308 9.83354 9.12493 12.786
threshold=0.09449404761904763 0.86190476190476206 6.5000000000000009 1524.7034965753558 15.125000000000002 68.749065518379226 0.22776230291246694 2345.9196444808044 -0.23235588826710826 405.3557057529348 2389.7394235206743 4.9800222790650812 129.50000000000003 0.029102754341497793
decision_type=8 8 8 10 2 10 10 10 8 8 10 8 2 10
left_child=-1 2 -2 4 -4 -6 -7 -3 -9 10 -10 -12 13 -11
right_child=1 7 3 -5 5 6 -8 8 9 12 11 -13 -14 -15
leaf_value=0.02170367030075317 -0.21064581926803483 -0.0056522082131373972 0.01290946479302486 -0.049003894766629842 0.87490287588505056 0.26910479069303905 -0.040757547000933238 -0.56713263679511883 0.092021705839954421 -0.001619728708357897 -0.56351999090854998 -0.05462767147273357 0.10536319867319151 -1.0343077275866821
leaf_weight=550 65 1724 326 79 83 64 41 57 45 209 141 175 169 63
leaf_count=550 65 1724 326 79 83 64 41 57 45 209 141 175 169 63
internal_value=-0.000324367 -0.000897594 0.00245827 0.00388889 0.00559223 0.0111111 0.00537736 -0.0017531 -0.0040814 -0.00328767 -0.00687845 -0.00870662 -0.000339367 -0.00373626
internal_weight=3791 3241 658 593 514 188 105 2583 859 802 361 316 441 272
internal_count=3791 3241 658 593 514 188 105 2583 859 802 361 316 441 272
is_linear=0
shrinkage=0.03


Tree=394
num_leaves=15
num_cat=0
split_feature=85 35 64 82 22 22 82 83 36 69 29 38 38 26
split_gain=6.78777 9.75406 13.2163 10.0605 11.2621 10.1269 9.91262 10.5224 9.55456 8.67296 16.0188 14.1109 9.6797 7.50662
threshold=40.774106641610473 26.089611111111115 6.2811925567240587 43.433822194735221 9.1025601625442523 10.426078677177431 55.276672840118415 -63.22269427776336 0.28621378621378629 252.94045415282372 0.94651306089214604 3114.4683515396828 1404.9895890351656 138.50000000000003
decision_type=10 8 10 10 2 2 10 10 10 8 10 10 10 2
left_child=13 2 3 5 6 8 -5 -8 -2 10 11 -9 -11 -1
right_child=1 -3 -4 4 -6 -7 7 9 -10 12 -12 -13 -14 -15
leaf_value=0.0036640732888573923 -0.17205377222711654 -0.23712205828426847 0.7473426186102412 0.11524009370683418 0.28427268393553445 -0.536802557927468 -0.62825563651627669 -0.08147213920436569 0.021811570875993665 -0.05776388248572132 -0.78226557702082267 0.37922146435705145 0.64029778089212697 0.040792479841327133
leaf_weight=2170 116 82 67 41 163 49 43 164 148 92 47 75 71 532
leaf_count=2170 116 82 67 41 163 49 43 164 148 92 47 75 71 532
internal_value=0.00026418 -0.0016566 -0.000891365 -0.00175248 0.00025825 -0.00621019 -0.00185393 -0.0030426 -0.00384906 -0.00166667 -0.00480836 -0.001625 0.00384146 0.00108768
internal_weight=3860 1158 1076 1009 696 313 533 492 264 449 286 239 163 2702
internal_count=3860 1158 1076 1009 696 313 533 492 264 449 286 239 163 2702
is_linear=0
shrinkage=0.03


Tree=395
num_leaves=15
num_cat=0
split_feature=73 14 40 14 43 31 71 84 40 85 38 36 63 33
split_gain=7.162 12.1839 8.28358 7.65637 11.4507 15.945 11.4649 9.61902 9.50537 9.25599 8.28018 7.68863 12.3728 9.98717
threshold=-9.5863378047943097 337.27922674029611 51.374968940208824 160.79954182373555 31.686329164801286 13.336666666666671 11.500000000000002 -105.07144588232039 46.721914551537381 111.17522950967155 22.472537268438376 0.25087412587412594 284.4639957456522 14.502872260015119
decision_type=8 10 10 8 10 8 10 8 8 8 8 10 10 8
left_child=1 -1 -3 4 -2 8 -7 -8 -6 -10 -5 12 13 -12
right_child=3 2 -4 10 5 6 7 -9 9 -11 11 -13 -14 -15
leaf_value=0.28751204680629816 -0.34483374057040606 -0.13126722731945098 0.037174674060493976 0.24704365482258103 0.45706015629862295 -0.68151467686250877 1.0035432523220116 -0.075683855263568356 -0.27415736199325869 0.076517760562103895 0.14189362779274439 -0.011022269332121776 0.30032910605195762 -0.0026153477672031934
leaf_weight=170 68 56 107 44 40 73 40 130 64 93 268 1495 121 1062
leaf_count=170 68 56 107 44 40 73 40 130 64 93 268 1495 121 1062
internal_value=0.000383612 0.00458084 -0.00128049 -1.71478e-05 -0.00341847 -0.00163265 -0.0067623 -0.00245614 0.00469697 0.00132911 0.000561685 0.000366474 0.00192149 0.00108189
internal_weight=3831 333 163 3498 508 440 243 170 197 157 2990 2946 1451 1330
internal_count=3831 333 163 3498 508 440 243 170 197 157 2990 2946 1451 1330
is_linear=0
shrinkage=0.03


Tree=396
num_leaves=15
num_cat=0
split_feature=70 53 61 62 34 44 73 1 82 27 31 61 30 69
split_gain=6.95192 6.13716 5.88983 9.27795 13.7086 8.38275 6.92445 6.79186 6.63409 9.18564 6.49468 11.4175 10.9904 13.1644
threshold=1.0000000180025095e-35 19.500000000000004 0.023442666875573889 -0.20439491030032741 0.2228132387706856 8.7682361602783221 2.1759394407272343 837.52777552604687 123.29898506402971 0.92802877697841735 13.336666666666671 0.054849335978146126 25.950000000000003 -31.379446135115483
decision_type=8 10 8 10 8 8 8 2 8 10 8 8 10 8
left_child=-1 2 3 -2 6 -4 -5 10 9 -6 12 -12 13 -7
right_child=1 -3 5 4 8 7 -8 -9 -10 -11 11 -13 -14 -15
leaf_value=-0.026084791398753922 0.66587057403142724 0.23691818612874879 -0.4307625700388919 -0.046130483601109232 -0.036535668134647918 0.24998731157091206 0.14906912716823456 -0.084666293206660054 -0.35226689726523119 0.29403033635629222 -0.18494173525406882 -0.0048695360599657535 -0.21514347930259856 0.0073996725811947429
leaf_weight=221 82 45 49 41 97 398 141 112 69 40 99 1421 90 934
leaf_count=221 82 45 49 41 97 398 141 112 69 40 99 1421 90 934
internal_value=-0.000117187 0.00019895 5.87577e-05 0.00318471 0.00123393 -0.000415593 0.00721311 -0.000216039 -0.00405797 -0.000217391 6.11621e-05 -0.00130178 0.00151792 0.00220555
internal_weight=3839 3618 3573 470 388 3103 182 3054 206 137 2942 1520 1422 1332
internal_count=3839 3618 3573 470 388 3103 182 3054 206 137 2942 1520 1422 1332
is_linear=0
shrinkage=0.03


Tree=397
num_leaves=15
num_cat=0
split_feature=32 80 66 31 41 44 44 73 69 1 51 27 67 39
split_gain=6.1246 9.47216 7.90644 8.93202 9.13033 6.23612 7.81675 6.10641 9.69579 8.07623 7.71388 6.05801 6.62322 7.84554
threshold=0.065591397849462371 94.218508958816543 179.66672003269198 18.108333333333338 107.24660813808443 39.218227744102485 144.50793254375461 -3.134578943252563 -20.213664176889324 631.37168741226208 242.44134294986728 0.96984848484848496 -121.15127940205799 2105.40759992417
decision_type=8 10 10 10 8 10 10 8 10 2 10 10 8 10
left_child=1 2 3 -1 5 -5 -7 8 10 -10 11 12 -2 -14
right_child=7 -3 -4 4 -6 6 -8 -9 9 -11 -12 -13 13 -15
leaf_value=0.25660953245701384 0.77511357239435441 0.2474973599689449 -0.55143908399499386 0.022918612057711413 0.052948996253570975 -0.23018438323081825 0.011259517094705167 -0.0090490364016938673 0.12591003913869184 -0.24440055912001837 -0.10977908442368545 0.68524673306799855 0.37395984308576852 -0.074447542296573271
leaf_weight=45 44 82 51 42 72 55 44 3027 40 67 63 40 72 55
leaf_count=45 44 82 51 42 72 55 44 3027 40 67 63 40 72 55
internal_value=-0.000260526 0.00329082 0.000870968 0.00301158 0.000420561 -0.00401408 -0.0081 -0.000668818 0.00290576 -0.00472222 0.00589091 0.00863208 0.00610465 0.00257812
internal_weight=3799 391 309 258 213 141 99 3408 381 107 274 211 171 127
internal_count=3799 391 309 258 213 141 99 3408 381 107 274 211 171 127
is_linear=0
shrinkage=0.03


Tree=398
num_leaves=15
num_cat=0
split_feature=83 37 26 81 81 58 79 62 62 58 41 80 80 73
split_gain=7.95485 10.6317 17.7664 12.2111 10.6936 10.1887 9.4468 12.1362 8.4436 12.274 12.6162 7.8988 9.76466 7.56044
threshold=35.384360194206245 1546.0017541648397 78.500000000000014 4515.6979067325601 7311.4504338502893 170.75148093700412 3.7701314054689621 0.013512008517389118 0.073463207274277881 52.454546213150032 -7.3029911518096915 5.8047277927398691 144.21797657012942 2.5958973169326787
decision_type=10 10 2 10 10 10 8 10 10 10 10 10 10 8
left_child=6 3 -3 5 -5 11 7 -1 9 10 -6 -2 -13 -8
right_child=1 2 -4 4 8 -7 13 -9 -10 -11 -12 12 -14 -15
leaf_value=0.37666028423178466 0.52636908437597052 0.49649613540576021 -0.0067254537491878352 -0.44601519399277401 -0.010287163406139398 0.4463814460559743 -0.050401661648503154 -0.46324532464811652 -0.57632690952041843 -0.32324563399085104 1.0128221321899815 -0.11313256176699624 0.14204268569935749 0.008946660054111634
leaf_weight=97 44 55 227 162 82 42 366 54 40 73 49 108 77 2310
leaf_count=97 44 55 227 162 82 42 366 54 40 73 49 108 77 2310
internal_value=1.58437e-05 -0.00234375 0.00254417 -0.00438053 -0.00766585 0.000551471 0.000816832 0.00809211 -0.00367347 -0.00117073 0.00431818 -0.00195652 -0.00467742 0.000403437
internal_weight=3786 959 282 677 406 271 2827 151 244 204 131 229 185 2676
internal_count=3786 959 282 677 406 271 2827 151 244 204 131 229 185 2676
is_linear=0
shrinkage=0.03


Tree=399
num_leaves=15
num_cat=0
split_feature=15 8 82 15 60 17 17 81 24 67 15 17 27 48
split_gain=6.57663 9.83342 8.82636 7.2235 8.06952 6.61674 5.71102 13.6116 14.8251 11.099 14.7414 7.74402 15.4868 14.3778
threshold=38.500000000000007 3.3298822401940931 29.290069540341701 53.500000000000007 281.70826160907751 63.000000000000007 21.500000000000004 3259.223057866097 32.500000000000007 126.21421997036255 11.500000000000002 24.500000000000004 0.92325017325017333 23.458763996760055
decision_type=2 10 10 2 8 2 2 8 2 10 2 2 10 10
left_child=6 -2 3 4 5 -3 7 8 -1 10 -9 12 13 -8
right_child=1 2 -4 -5 -6 -7 11 9 -10 -11 -12 -13 -14 -15
leaf_value=1.3193434248385765 0.26312696712315997 0.2905992178453991 -0.17451564707277589 0.14865992840933814 -0.097796650809418559 -0.01695291473831138 -0.044225138799540674 0.0014618022548971864 -0.0026221450497463648 0.91498501768961071 -0.43303328620528486 -0.0041195574543654344 -0.012083303681705165 -1.9061102195886734
leaf_weight=63 58 45 48 50 40 40 77 479 51 41 47 2462 252 61
leaf_count=63 58 45 48 50 40 40 77 479 51 41 47 2462 252 61
internal_value=-4.71822e-05 0.0043617 0.00147321 0.00460227 0.000714286 0.00593023 -0.000398981 0.00206745 0.0114783 0.000158451 -0.00102467 -0.000988433 -0.00491049 -0.0129496
internal_weight=3814 281 223 175 125 85 3533 681 114 567 526 2852 390 138
internal_count=3814 281 223 175 125 85 3533 681 114 567 526 2852 390 138
is_linear=0
shrinkage=0.03


Tree=400
num_leaves=15
num_cat=0
split_feature=8 22 31 79 56 25 75 81 77 61 56 3 38 81
split_gain=7.65207 11.8734 9.34079 12.0483 13.3287 11.3989 11.7975 9.84764 16.5626 19.2697 12.5964 16.6045 12.5577 10.699
threshold=6.8404960412691738 8.1502711772918719 20.415476190476195 7.3399682214203592 36.759046196937568 0.97202660406885777 441.38592791557318 4632.2083827257165 -141.8530007600784 0.018699945260673201 96.936377406120315 14.958333333343036 2829.356159958611 8384.7217878103274
decision_type=8 2 10 10 10 8 8 10 10 10 10 2 8 10
left_child=2 -2 5 -4 -5 7 -7 -1 10 -10 11 -9 -11 -14
right_child=1 -3 3 4 -6 6 -8 8 9 12 -12 -13 13 -15
leaf_value=0.0089472150645585162 0.082240189321896723 -0.098602895729690651 -0.22687038986713551 -0.12534376825841556 0.043175940233528484 0.50906555032205059 0.021128886583392053 0.33788263396100626 0.0043511404113312753 -0.60917263150420065 -0.43915614253249868 -0.018589443987911805 0.016583343849652224 -0.21022550374513813
leaf_weight=1330 228 63 233 154 214 60 391 182 223 157 98 227 99 108
leaf_count=1330 228 63 233 154 214 60 391 182 223 157 98 227 99 108
internal_value=-0.000246815 0.00441781 -0.000638481 -0.00403654 -0.000650407 7.30181e-05 0.0044469 -0.000742268 -0.00284932 -0.00627551 0.00112205 0.00343902 -0.0105205 -0.005625
internal_weight=3767 291 3476 601 368 2875 451 2424 1094 587 507 409 364 207
internal_count=3767 291 3476 601 368 2875 451 2424 1094 587 507 409 364 207
is_linear=0
shrinkage=0.03


Tree=401
num_leaves=15
num_cat=0
split_feature=1 27 35 22 70 84 5 16 77 67 8 26 57 77
split_gain=9.32724 8.7319 16.7566 11.1444 9.54014 8.10361 7.62302 7.7284 6.98353 9.47375 8.29593 11.7269 9.79009 9.47642
threshold=679.7200324535371 0.98561076604554876 6.1379734848484864 1.0202198028564455 0.2752525252525253 -207.72094575564066 2174.2698433399205 28.500000000000004 -241.54876583814618 -99.394935578107834 4.8097152452407199 100.50000000000001 8.5000000000000018 -31.812312424182888
decision_type=2 10 8 2 10 8 8 2 8 8 10 2 8 10
left_child=8 2 6 -4 -5 -6 7 -2 9 -1 11 -10 -13 -14
right_child=1 -3 3 4 5 -7 -8 -9 10 -11 -12 12 13 -15
leaf_value=0.046005885127070198 0.19277111247725437 -0.19532405920774201 0.035126178015592861 0.041213410142007537 0.024010744073102233 -0.14718896632972403 -0.019475267079425755 0.74527198564891706 0.0024249788924453953 -0.046588364878292231 -0.0059261198337745968 0.016249254270848085 0.094816131064355449 1.9634483414193613
leaf_weight=55 52 114 170 90 48 683 40 45 935 298 651 296 274 57
leaf_count=55 52 114 170 90 48 683 40 45 935 298 651 296 274 57
internal_value=-0.000425308 -0.00255833 -0.00175376 -0.00311492 -0.00456204 -0.00569672 0.00804348 0.012551 0.000607713 -0.00330508 0.00123306 0.00241843 0.00558917 0.00912651
internal_weight=3808 1242 1128 991 821 731 137 97 2566 353 2213 1562 627 331
internal_count=3808 1242 1128 991 821 731 137 97 2566 353 2213 1562 627 331
is_linear=0
shrinkage=0.03


Tree=402
num_leaves=15
num_cat=0
split_feature=1 72 3 82 69 62 3 70 37 43 43 39 67 14
split_gain=6.33077 9.74683 9.02901 9.48811 11.928 9.32829 9.02431 11.2465 7.89611 7.58703 13.0832 10.2778 8.02313 7.72295
threshold=679.7200324535371 45.423985242843635 15.458333333343036 89.198384821414962 -147.71647359452643 0.03536532247537235 13.791666666656967 0.93541666666666679 1455.9562634672532 111.26782604029943 74.562753543770881 2417.8878186046354 685.88344728946697 349.5295189180934
decision_type=2 10 2 8 10 8 2 8 8 10 10 10 10 10
left_child=9 2 6 4 -4 -5 -2 -8 -7 10 -1 13 -11 -12
right_child=1 -3 3 5 -6 8 7 -9 -10 12 11 -13 -14 -15
leaf_value=0.021449460989092541 -0.037542895385985257 0.11918626828753218 0.034210931281855608 0.68792160918587442 -0.1857210811786123 0.080321413058956806 -0.091352168342585249 -0.56605185425627169 -0.09873232718157908 -0.0032329819543599112 -0.032739251768195157 0.60856044802198961 0.3354753419194384 0.42830607807534066
leaf_weight=625 561 65 109 66 166 71 64 77 41 1754 60 42 57 52
leaf_count=625 561 65 109 66 166 71 64 77 41 1754 60 42 57 52
internal_value=0.000110207 -0.00167076 -0.00230969 0.000991189 -0.0025 0.00636872 -0.00443812 -0.0111972 0.00106195 0.00094944 0.00342308 0.0112258 -0.000115894 0.00637168
internal_weight=3810 1220 1155 453 275 178 702 141 112 2590 779 154 1811 112
internal_count=3810 1220 1155 453 275 178 702 141 112 2590 779 154 1811 112
is_linear=0
shrinkage=0.03


Tree=403
num_leaves=15
num_cat=0
split_feature=84 24 43 15 35 53 79 82 69 30 34 39 61 41
split_gain=5.58902 9.32669 9.31622 11.0777 9.01997 12.5696 15.6349 9.64524 8.54461 11.0969 8.3327 17.856 8.32468 8.21301
threshold=62.365854303042106 73.500000000000014 422.74805406962855 31.500000000000004 12.636237373737375 8.5000000000000018 35.455887896474259 24.482953071594242 -114.89081737510789 2.2500000000000004 0.21702898550724639 1641.87575925176 0.75195473014107395 45.230598330497749
decision_type=10 2 10 2 10 8 10 8 8 10 10 10 10 8
left_child=1 2 3 8 -4 6 7 10 9 -1 11 -6 -5 -10
right_child=-2 -3 4 12 5 -7 -8 -9 13 -11 -12 -13 -14 -15
leaf_value=0.66112580505172336 -0.010035620330398416 0.038602105190831432 0.016515111315862953 0.033748415531934979 -0.51262020541939557 0.00042989526638818426 0.04572464886533216 -0.39271879402750581 -0.040462404630131059 0.015939461324261189 -0.69146627493199297 0.30800153394660745 0.58542760114914416 0.02679603166914326
leaf_weight=90 699 198 392 153 45 458 52 166 555 157 66 51 44 692
leaf_count=90 699 198 392 153 45 458 52 166 555 157 66 51 44 692
internal_value=0.000408484 0.000951923 0.000523614 0.00196809 -0.00146223 -0.00321812 -0.00724409 -0.00966565 0.00108361 0.00616935 -0.00441718 0.00123711 0.00863636 7.21154e-05
internal_weight=3818 3119 2921 1691 1230 838 380 328 1494 247 162 96 197 1247
internal_count=3818 3119 2921 1691 1230 838 380 328 1494 247 162 96 197 1247
is_linear=0
shrinkage=0.03


Tree=404
num_leaves=15
num_cat=0
split_feature=83 80 59 31 64 32 79 84 79 31 34 70 30 3
split_gain=8.76658 7.14205 15.8962 13.772 13.5113 14.6893 9.26474 8.25467 7.15929 6.88954 8.80365 11.0428 10.9606 6.85011
threshold=35.384360194206245 141.08551847934726 111.46575736999513 1.0000000180025095e-35 3.2865629544520703 0.10620300751879701 12.250558715473856 139.53759411970779 22.397597633943136 24.240374331550807 0.12565789473684214 0.93095238095238109 8.8500000000000032 20.625000000000004
decision_type=10 10 10 10 10 10 10 10 10 8 10 8 10 2
left_child=-1 8 3 -3 7 -6 -7 -5 9 10 -2 12 -12 -13
right_child=1 2 -4 4 5 6 -8 -9 -10 -11 11 13 -14 -15
leaf_value=0.0043506823788357169 0.096418208196646898 -1.0365840317322601 0.72737850724491226 0.024191276573475876 0.57232301507024597 -0.45061846178663018 -0.021975504775899077 1.4210873049280321 0.12384510507628461 -0.47383850323859306 0.51500852061743307 -0.22695543416762243 -0.24032663602368828 0.0091032841303373135
leaf_weight=2876 56 59 74 71 47 56 42 40 54 53 40 295 40 40
leaf_count=2876 56 59 74 71 47 56 42 40 54 53 40 295 40 40
internal_value=-0.000288762 -0.00275826 0.000384615 -0.00256329 0.000466926 -0.00554795 -0.0121212 0.00830357 -0.00487047 -0.00594286 -0.00476695 -0.00627404 0.0037037 -0.00866071
internal_weight=3843 967 389 315 256 145 98 111 578 524 471 415 80 335
internal_count=3843 967 389 315 256 145 98 111 578 524 471 415 80 335
is_linear=0
shrinkage=0.03


Tree=405
num_leaves=15
num_cat=0
split_feature=0 79 30 77 0 60 16 73 60 27 13 25 23 16
split_gain=7.72493 10.3041 10.6264 12.1675 9.93885 8.61343 7.94001 7.83086 7.29318 6.60319 11.2598 7.62772 7.7304 9.74882
threshold=-39.499999999999993 11.520316038291293 19.550000000000004 -104.70194643735884 -90.499999999999986 -100.84871685504912 18.500000000000004 -12.786622643470762 -90.296313405036912 0.95729101521784454 870.00000000000011 0.92664992826398873 7.2718608379364023 30.500000000000004
decision_type=2 8 10 8 2 10 2 10 8 10 8 10 10 2
left_child=1 4 3 7 -1 -6 -5 -3 -2 10 -10 -11 13 -13
right_child=8 2 -4 6 5 -7 -8 -9 9 11 -12 12 -14 -15
leaf_value=0.06442505055767897 0.20211795967689028 -0.4311139963441038 -0.69869636208322727 -0.029776096420974268 -0.58961028447540687 0.026910800674817919 0.3818274345917464 -0.032980689406128791 0.0042923972392490744 -0.56209996959210484 0.33074455767154998 -0.026451320218000819 -0.15590511793075648 0.22442081281491333
leaf_weight=164 40 62 96 59 61 98 68 85 2570 41 52 206 141 97
leaf_count=164 40 62 96 59 61 98 68 85 2570 41 52 206 141 97
internal_value=-3.12419e-05 -0.00289625 -0.00630728 -0.00327273 0.00101852 -0.0043125 0.00351562 -0.00912162 0.000600381 0.000434363 0.00102936 -0.00277778 -0.00161798 0.00108553
internal_weight=3840 693 370 274 323 159 127 147 3147 3107 2622 485 444 303
internal_count=3840 693 370 274 323 159 127 147 3147 3107 2622 485 444 303
is_linear=0
shrinkage=0.03


Tree=406
num_leaves=15
num_cat=0
split_feature=14 85 68 81 82 28 40 15 25 7 60 28 59 27
split_gain=7.31917 6.55077 10.8753 11.987 10.9824 10.0874 9.3676 12.5521 8.71324 9.28686 7.06944 8.95644 7.90111 12.0434
threshold=1257.0367517637555 36.681990206241615 -0.16865542931208519 1703.9148002862933 103.90204882621767 354.50000000000006 1207.9853058364151 13.500000000000002 0.91945945945945962 3954.5153921850292 -115.71950185298918 345.50000000000006 216.71854937076571 0.88445645263827088
decision_type=10 10 8 10 10 2 10 2 10 10 8 2 10 10
left_child=1 10 4 -4 -3 6 -5 -8 9 -9 11 12 13 -1
right_child=-2 2 3 5 -6 -7 7 8 -10 -11 -12 -13 -14 -15
leaf_value=0.34047624847021185 0.041492046097603229 -0.47427495990911012 0.57481267006602021 -0.016342869137040524 -0.028192856960338623 -0.60096111119017315 0.34936826492447076 0.53868500473899816 -0.18220425075272656 -0.036143164844445935 0.0087709550881730491 0.057400635955007391 -0.75357955538409016 -0.67768060774739602
leaf_weight=40 111 62 58 741 48 62 53 41 59 41 2370 40 51 42
leaf_count=40 111 62 58 741 48 62 53 41 59 41 2370 40 51 42
internal_value=0.000212042 -1.61769e-05 -0.00187822 -0.0009375 -0.0108108 -0.00171343 -0.000929487 0.00492308 0.000211268 0.00650602 0.000837264 -0.005 -0.00873134 -0.00289157
internal_weight=3819 3708 1165 1055 110 997 935 194 141 82 2543 173 133 82
internal_count=3819 3708 1165 1055 110 997 935 194 141 82 2543 173 133 82
is_linear=0
shrinkage=0.03


Tree=407
num_leaves=15
num_cat=0
split_feature=16 56 23 23 10 38 28 31 61 84 83 61 32 68
split_gain=7.5119 7.72869 7.56972 6.32612 8.05124 6.92872 13.8728 9.39654 8.35091 10.7582 8.18362 12.1932 7.43723 7.57046
threshold=45.500000000000007 144.95290883382162 786.47129118442547 4.0054835081100473 1.5000000000000002 3137.3776235750543 461.50000000000006 16.704166666666669 0.017328252414411414 11.178593953450521 -133.56410682201383 0.74623523268184011 0.21132376395534294 0.032369282631093593
decision_type=2 10 10 10 2 10 2 10 8 10 10 8 10 8
left_child=3 2 -2 5 -5 10 7 12 -9 -10 11 -1 -7 -14
right_child=1 -3 -4 4 -6 6 -8 8 9 -11 -12 -13 13 -15
leaf_value=-0.17143147985968937 0.41994080284396507 -0.12342778924593062 0.0087527790859192826 -0.0040012206590114389 -0.28787804568722292 0.72466931773715437 -0.22568553086146392 0.86375339220470004 0.02897505421466429 -0.15890592196687697 0.030247052700853806 0.03638373462395985 0.35885158050085014 -0.038629435605122921
leaf_weight=181 43 43 62 2096 54 56 41 41 221 57 606 158 110 43
leaf_count=181 43 43 62 2096 54 56 41 41 221 57 606 158 110 43
internal_value=0.000645161 0.00724832 0.0116038 0.000376535 -0.000669456 0.00186139 0.00447368 0.0057845 0.00253125 0.000645161 0.000285412 -0.00344118 0.0107143 0.00720779
internal_weight=3812 148 105 3664 2150 1514 569 528 319 278 945 339 209 153
internal_count=3812 148 105 3664 2150 1514 569 528 319 278 945 339 209 153
is_linear=0
shrinkage=0.03


Tree=408
num_leaves=15
num_cat=0
split_feature=40 72 14 56 13 13 38 54 79 40 85 60 53 25
split_gain=9.89952 5.72056 11.2886 6.48597 4.81073 7.60182 5.26367 9.36838 9.27169 9.25365 9.70363 8.80607 7.9434 10.8682
threshold=20.487778516945976 -62.464563608169549 302.31706796501754 -89.345563928286225 5370.0000000000009 2550.0000000000005 1767.102455325796 870.00000000000011 19.641171685849869 45.180242109435198 -207.88376545906064 371.44825458526617 10.500000000000002 0.91945945945945962
decision_type=10 10 10 10 8 10 8 10 10 10 10 10 10 10
left_child=1 3 -3 -1 5 6 7 -2 12 10 -8 -11 13 -9
right_child=4 2 -4 -5 -6 -7 9 8 -10 11 -12 -13 -14 -15
leaf_value=-0.0067939327975278371 -0.10576855974761233 0.15751597456287836 -0.2520260569416588 -0.66216935688622358 -0.29314204108618269 0.284157879273778 0.70311232534321133 -0.37470294642650248 -0.11648079817157413 0.0039618391686357512 0.014503025236673251 -0.13788185791132149 0.57905755697709538 0.040326013710140655
leaf_weight=50 293 49 61 54 42 40 50 53 95 2554 77 72 67 274
leaf_count=50 293 49 61 54 42 40 50 53 95 2554 77 72 67 274
internal_value=-0.000164405 -0.0064186 -0.00162162 -0.0114286 0.000207297 0.000327181 0.000178167 -0.00199234 0.00055102 0.000795207 0.00867187 0.000411115 0.00258228 0.000640244
internal_weight=3831 214 110 104 3617 3575 3535 782 489 2753 127 2626 394 327
internal_count=3831 214 110 104 3617 3575 3535 782 489 2753 127 2626 394 327
is_linear=0
shrinkage=0.03


Tree=409
num_leaves=15
num_cat=0
split_feature=61 3 35 7 17 69 26 22 77 3 76 56 77 52
split_gain=8.78442 8.64712 7.14743 7.85405 7.92636 6.42106 9.00981 7.47475 6.73584 8.91956 10.6109 13.0178 8.23256 12.968
threshold=0.023442666875573889 16.041666666656969 17.29665282823041 3059.8692961706843 37.500000000000007 498.28611063937939 119.50000000000001 10.32855796813965 -244.4408195018768 10.791666666656967 630.29060673713695 109.00527997811638 -194.7063606381416 48.069764614105232
decision_type=8 2 10 10 2 10 2 2 8 2 10 10 8 10
left_child=1 -1 3 4 -3 8 7 -7 9 -2 11 -11 13 -10
right_child=5 2 -4 -5 -6 6 -8 -9 12 10 -12 -13 -14 -15
leaf_value=0.0045613916018570856 -0.048845502374550445 -0.083599439203791343 1.4253750642387382 0.87068186769597944 0.025216216173378391 0.041039375188920375 -0.51493989231864379 -0.13980997588278762 -0.19387042901302717 0.020662062521025745 -0.35335725765143011 -0.082174424623150291 0.0013102702641864727 0.36149819505398323
leaf_weight=294 84 45 46 53 58 93 41 44 71 253 47 69 2418 207
leaf_count=294 84 45 46 53 58 93 41 44 71 253 47 69 2418 207
internal_value=0.000384414 0.00410463 0.008867 0.00573248 0.000865385 -0.000171274 -0.00569832 -0.00195652 0.000142857 -0.00323789 -0.00121622 0.000743034 0.000711902 0.0055914
internal_weight=3823 496 202 156 103 3327 178 137 3149 453 369 322 2696 278
internal_count=3823 496 202 156 103 3327 178 137 3149 453 369 322 2696 278
is_linear=0
shrinkage=0.03


Tree=410
num_leaves=15
num_cat=0
split_feature=77 17 72 84 34 32 29 63 64 36 68 64 64 0
split_gain=5.76016 11.8231 8.3235 6.81613 8.42133 12.7414 10.1919 9.69293 9.25675 10.2958 9.10024 8.04711 8.04061 8.70257
threshold=-8.9835835099220258 15.500000000000002 65.779366493225112 77.95087587833406 0.21231060606060609 0.18634259259259262 0.90536031911422665 -109.5393845203162 5.4922653051896706 0.23836580086580089 -0.0027704823512681703 3.7163219369307181 7.3368546740814757 17.500000000000004
decision_type=8 2 10 10 10 10 10 8 10 10 8 10 8 2
left_child=-1 -2 3 4 6 -6 10 -7 9 -8 -3 -5 -12 -14
right_child=1 2 -4 11 5 7 8 -9 -10 -11 12 -13 13 -15
leaf_value=-0.011351804357012085 0.53693205022861601 -0.083393931538405519 -0.21645766993323823 0.5680976988215829 -0.48126332044069192 0.59670829936132641 0.76854584067303222 -0.018839853991984724 0.0023434360285208376 -0.023744690285120953 0.28072941579640187 -0.0032172211535222671 0.0055542100608603571 -0.41980977382634588
leaf_weight=2279 77 128 44 73 112 68 97 463 80 40 75 70 154 48
leaf_count=2279 77 128 44 73 112 68 97 463 80 40 75 70 154 48
internal_value=-0.000110265 0.00131373 0.000701996 0.00110717 0.000402844 -0.00200311 0.00288925 -5.6391e-05 0.00811927 0.0128261 7.38916e-05 0.00729167 0.0031295 0
internal_weight=3808 1529 1452 1408 1265 643 622 531 217 137 405 143 277 202
internal_count=3808 1529 1452 1408 1265 643 622 531 217 137 405 143 277 202
is_linear=0
shrinkage=0.03


Tree=411
num_leaves=15
num_cat=0
split_feature=42 56 48 48 60 16 56 7 79 3 66 3 38 73
split_gain=6.43889 6.96276 12.4252 11.3679 6.93117 6.40708 14.0158 10.9226 10.5949 11.8955 12.5245 13.5854 9.46914 9.04811
threshold=-257.1919234991073 -165.12707869211832 -129.20345064004258 -119.66698348522185 -103.85485804080962 14.500000000000002 -73.033443331718431 3168.5833822182035 11.573522876300274 12.375000000000002 -80.358425259590135 8.7083333333430364 2395.5121372718645 -21.662255167961117
decision_type=8 8 8 8 8 2 10 10 8 2 8 2 10 8
left_child=-1 -2 4 -4 -3 6 7 -5 9 10 -8 -12 -10 -7
right_child=1 2 3 5 -6 13 8 -9 12 -11 11 -13 -14 -15
leaf_value=1.2154715964746485 -0.11666564800712398 0.019787529435814546 -0.61481347654119811 0.3711899943525222 0.37112397300502509 0.17475424224683198 -0.56605091214987924 -0.019298312040827704 0.24099415213331746 0.012148973775204769 0.21289643422587404 -0.40334908797121277 0.010008406952930716 -0.014504292889048013
leaf_weight=43 100 47 42 129 43 113 49 66 176 379 73 127 726 1696
leaf_count=43 100 47 42 129 43 113 49 66 176 379 73 127 726 1696
internal_value=0.000181102 4.77834e-05 0.000261794 -1.67738e-05 0.0112088 0.000169731 0.0014774 0.00903061 0.000509471 -0.00248013 -0.00756 -0.0041791 0.00259136 -0.00107735
internal_weight=3809 3766 3666 3576 90 3534 1725 195 1530 628 249 200 902 1809
internal_count=3809 3766 3666 3576 90 3534 1725 195 1530 628 249 200 902 1809
is_linear=0
shrinkage=0.03


Tree=412
num_leaves=15
num_cat=0
split_feature=67 32 80 65 34 41 66 38 62 62 34 85 34 66
split_gain=7.21067 5.25668 9.65549 8.75619 12.6941 11.0171 7.15015 6.9955 6.77082 11.6232 8.6123 11.3346 15.8768 8.42774
threshold=-267.0884508208224 0.096006144393241177 85.216893911361709 0.89686205155151633 0.15034246575342466 127.04955422878267 -155.49880194663999 3766.8061209077009 -0.12141781434491902 -0.16889713300741474 0.42163742690058487 -62.749523758888245 0.20135135135135138 -80.358425259590135
decision_type=8 8 10 10 8 10 10 10 8 10 10 10 10 10
left_child=-1 2 3 5 6 -2 -5 -4 9 10 11 13 -13 -3
right_child=1 8 7 4 -6 -7 -8 -9 -10 -11 -12 12 -14 -15
leaf_value=-0.44486628068725698 0.086129089677928206 0.56809749072200455 0.72172921414899749 -0.038374816564989943 -0.28387905786376672 -0.011051092295328562 0.036943362108183254 0.0017599542042550098 -0.007908983439381909 0.27068673938349008 -0.2378132084526387 -0.18529901699129189 0.048703758691257266 -0.055063229267602369
leaf_weight=56 137 79 77 47 66 84 100 43 2629 231 63 50 86 40
leaf_count=56 137 79 77 47 66 84 100 43 2629 231 63 50 86 40
internal_value=6.33413e-05 0.00022502 0.00291892 0.000827586 -0.00350467 0.005 0.00141892 0.0104132 -0.00024536 0.00278182 -0.000940439 0.00152344 -0.00437956 0.00825
internal_weight=3788 3732 554 434 213 221 147 120 3178 549 318 255 136 119
internal_count=3788 3732 554 434 213 221 147 120 3178 549 318 255 136 119
is_linear=0
shrinkage=0.03


Tree=413
num_leaves=15
num_cat=0
split_feature=31 53 17 72 84 34 60 66 66 0 39 39 82 66
split_gain=5.86345 18.1476 9.166 8.36868 10.1872 8.56016 8.55335 12.5236 12.3673 10.7353 9.05672 10.042 12.3645 8.08567
threshold=14.833809523809526 5.5000000000000009 37.500000000000007 -78.181070804595933 -203.28121503194168 0.42163742690058487 50.027229547500617 -107.85679018497466 -159.57808005809781 -10.499999999999998 3917.9894445791497 1651.161331222271 71.403181552886977 -2.3214794397354122
decision_type=8 8 2 8 8 10 8 8 10 2 10 10 8 10
left_child=-1 2 -2 -3 -5 6 7 8 -6 -8 11 12 -9 -11
right_child=1 3 -4 4 5 -7 9 10 -10 13 -12 -13 -14 -15
leaf_value=0.018286694882700658 -0.022470728473931858 0.18331006940144448 -0.979575440375413 0.32246485120740392 -0.052551166590143479 -0.56725866984682438 0.099294545160770145 0.05502400233466815 0.071183953242563408 -0.010737965316233592 0.020182558180530091 -0.40162523812432471 -0.39429218323205117 0.021170779014657342
leaf_weight=2027 57 113 75 61 109 43 116 53 49 511 56 161 40 360
leaf_count=2027 57 113 75 61 109 43 116 53 49 511 56 161 40 360
internal_value=0.000180063 -0.00106371 -0.0117293 -0.000215182 -0.000788462 -0.00128085 -0.000885989 -0.00422175 0.00264151 0.000698381 -0.00771704 -0.0101176 -0.00223404 -0.000447248
internal_weight=3831 1804 132 1672 1559 1498 1455 468 158 987 310 254 93 871
internal_count=3831 1804 132 1672 1559 1498 1455 468 158 987 310 254 93 871
is_linear=0
shrinkage=0.03


Tree=414
num_leaves=15
num_cat=0
split_feature=6 28 85 3 77 4 77 77 57 3 78 16 30 66
split_gain=7.92104 10.081 7.6444 11.0599 9.84691 7.46991 8.39577 8.32783 11.6885 10.4996 10.2105 8.89577 10.3067 14.5987
threshold=750.00000000000011 485.00000000000006 267.14051014184957 23.125000000000004 55.777269005775459 5.5000000000000009 -144.67806553840634 -37.733892202377312 8.5000000000000018 7.7083333333430355 0.70833333333333337 12.500000000000002 3.7500000000000004 -15.340794920921324
decision_type=8 2 8 2 10 2 10 8 10 2 10 2 10 10
left_child=1 2 3 4 5 6 -1 10 -9 -10 -7 -12 -13 -14
right_child=-2 -3 -4 -5 -6 7 -8 8 9 -11 11 12 13 -15
leaf_value=0.072081658741961763 -0.016691333677913318 -0.44832201275903949 0.026979559108115697 -0.45486557136281425 -0.49826857195093205 -0.32688217306982509 -0.28659833833617482 0.0015858308269303123 -0.011319662721167382 0.87979924397081055 0.038775159808650858 0.11228764410378653 -0.21039551226308686 0.0287740007630863
leaf_weight=42 1423 43 844 46 63 119 67 189 40 119 416 121 197 136
leaf_count=42 1423 43 844 46 63 119 67 189 40 119 416 121 197 136
internal_value=0.000240559 0.00127712 0.0015375 0.000289203 0.000735099 0.00124395 -0.00627273 0.00186099 0.00584527 0.0118125 0.000454545 0.00158439 -0.00131868 -0.00404192
internal_weight=3865 2442 2399 1555 1509 1446 109 1337 348 159 989 870 454 333
internal_count=3865 2442 2399 1555 1509 1446 109 1337 348 159 989 870 454 333
is_linear=0
shrinkage=0.03


Tree=415
num_leaves=15
num_cat=0
split_feature=38 35 53 60 0 17 5 38 7 65 44 3 3 23
split_gain=5.98602 12.214 13.0874 11.3875 11.0954 9.7189 9.22076 11.2806 9.87846 9.54785 15.1993 8.91716 13.8016 13.4052
threshold=2487.7218150629637 10.802922322775265 11.500000000000002 371.44825458526617 61.500000000000007 5.0000000000000009 64.067189931869521 2669.9902851373113 4551.8125488102496 1.0634390177466362 47.694556355476386 10.125000000000002 7.7916666666569663 6.3092839717864999
decision_type=8 10 10 10 2 2 10 8 10 8 8 2 2 10
left_child=1 2 11 5 -3 -2 -7 -8 9 -9 -11 12 -1 -13
right_child=3 4 -4 -5 -6 6 7 8 -10 10 -12 13 -14 -15
leaf_value=0.013463154528254062 -0.48940317068598105 -0.011828467636305665 1.4148592033915617 -0.18525769633295902 -0.43199059828596198 0.015204139138634951 0.52014084902099755 -0.33157101452562582 0.067246913884644793 0.11423518397877465 -0.063415053307855365 -0.035152103821901759 -0.69724288639040588 0.072401779802881414
leaf_weight=176 69 210 49 53 162 1686 43 169 68 61 265 411 140 336
leaf_count=176 69 210 49 53 162 1686 43 169 68 61 265 411 140 336
internal_value=-7.69428e-05 -0.00157576 0 0.00084472 -0.00627346 0.0011558 0.0014915 -0.0016804 -0.00281915 -0.00429435 -0.0012844 -0.000704887 -0.00492114 0.00108289
internal_weight=3898 1484 1112 2414 372 2361 2292 606 563 495 326 1063 316 747
internal_count=3898 1484 1112 2414 372 2361 2292 606 563 495 326 1063 316 747
is_linear=0
shrinkage=0.03


Tree=416
num_leaves=15
num_cat=0
split_feature=60 60 8 17 39 14 64 80 38 39 68 23 68 70
split_gain=10.274 8.66349 7.5556 12.1123 12.1366 10.4906 10.8056 7.87038 8.48274 12.4548 11.809 12.1864 13.2919 10.2658
threshold=493.56062042713171 371.44825458526617 6.4334458331929634 41.500000000000007 4875.5219720155401 1564.936499432453 5.679453871472357 -226.06687355041501 2519.7643385095726 3616.6430389380507 0.36653151441188075 9.0054835081100482 0.15165305500536364 0.92582417582417598
decision_type=10 10 8 2 10 8 10 8 8 10 10 10 8 10
left_child=1 2 7 5 -5 6 -4 -1 9 10 11 -9 -13 -14
right_child=-2 -3 3 4 -6 -7 -8 8 -10 -11 -12 12 13 -15
leaf_value=0.068216402321141414 0.13071574449868961 -0.17840334717023607 0.67416880175483074 -0.25130624421690817 0.04131171658648753 -0.047782261385028876 -0.0027559150620535132 -0.076214902017125746 0.0048906293764933969 -0.40487069616417243 0.305073650911794 0.12501740985263332 0.018788935770401735 -0.38114771046781282
leaf_weight=83 167 101 143 55 83 41 44 697 1936 100 66 154 89 51
leaf_count=83 167 101 143 55 83 41 44 697 1936 100 66 154 89 51
internal_value=0.000425085 9.05598e-05 0.000338696 0.00441417 -0.00258993 0.00864629 0.0116489 -0.0001322 -0.000378151 -0.00240933 -0.00144612 -0.00226815 0.00284746 -0.00382979
internal_weight=3810 3643 3542 366 138 228 187 3176 3093 1157 1057 991 294 140
internal_count=3810 3643 3542 366 138 228 187 3176 3093 1157 1057 991 294 140
is_linear=0
shrinkage=0.03


Tree=417
num_leaves=15
num_cat=0
split_feature=80 83 83 82 66 77 8 16 3 52 52 61 79 26
split_gain=6.36989 9.83101 10.2509 5.33095 12.6937 12.594 13.8875 9.79818 7.90071 5.79785 11.294 8.5076 9.58375 7.41358
threshold=-196.27006793022153 -133.56410682201383 -283.64797735214228 -72.655928909778581 119.65120780467988 -90.032415628433213 3.8108411213951379 8.5000000000000018 16.208333333343038 18.17780697345734 26.022444009780887 0.034122411464576431 8.1371933716590323 96.500000000000014
decision_type=8 8 10 8 10 10 10 2 2 8 8 8 10 2
left_child=1 2 -1 4 5 6 8 -8 -2 -5 11 13 -13 -11
right_child=3 -3 -4 9 -6 -7 7 -9 -10 10 -12 12 -14 -15
leaf_value=0.037177951176225507 -0.037668852045541358 -0.030174654746384609 0.49410679196039203 -0.041915717552395218 -1.0409996040483027 0.72999337659544816 -0.024166704608831403 0.26233306384570504 -0.3542600972895712 0.095236898349838547 0.00074250947739180613 0.332990191286828 -0.27344564912575786 0.98282282365689921
leaf_weight=41 64 45 40 347 41 41 44 60 72 45 2830 61 55 41
leaf_count=41 64 45 40 347 41 41 44 60 72 45 2830 61 55 41
internal_value=7.83699e-06 0.00661417 0.0128049 -0.000218801 -0.00390093 -0.00159574 -0.00423237 0.004 -0.0105109 0.000133136 0.000553907 0.00738916 0.00205128 0.0144828
internal_weight=3827 126 81 3701 322 281 240 104 136 3379 3032 202 116 86
internal_count=3827 126 81 3701 322 281 240 104 136 3379 3032 202 116 86
is_linear=0
shrinkage=0.03


Tree=418
num_leaves=15
num_cat=0
split_feature=56 81 56 65 49 26 65 79 41 30 44 81 72 51
split_gain=6.65949 6.19301 21.4772 16.5216 10.1123 10.0687 10.0671 10.0579 8.24154 7.28962 7.43793 6.69271 16.9659 11.2536
threshold=379.69196009635931 8584.5142171382922 15.433030525843304 0.97793285872123736 8.5000000000000018 115.50000000000001 0.91150424444985456 10.281726433912015 -52.181499123573296 2.1500000000000008 45.397838234901435 7444.1175299882898 -45.890564203262322 422.44134294986731
decision_type=10 10 10 8 10 2 10 10 10 10 10 10 10 10
left_child=1 11 5 6 7 8 -4 -5 9 -3 -11 13 -13 -1
right_child=-2 2 3 4 -6 -7 -8 -9 -10 10 -12 12 -14 -15
leaf_value=0.0030117777753468286 -0.095770070450983749 0.017094609859056503 -0.046361583298663758 -0.0055646788751254348 -0.034080392317080876 0.026258320100514678 -0.62946901868285099 0.36871208551662521 -0.61241010360406478 -0.00059013123253606639 -0.526897398034751 0.0094772873709018761 0.37544231123766364 -0.64856939147583836
leaf_weight=2661 86 52 58 58 80 53 41 148 119 43 61 275 64 44
leaf_count=2661 86 52 58 58 80 53 41 148 119 43 61 275 64 44
internal_value=-7.02393e-05 0.000119745 -0.00239496 0.00240933 0.00606272 -0.00802432 -0.0081 0.00956522 -0.0103261 -0.00573248 -0.0102857 0.00070936 0.00467647 0.000210643
internal_weight=3843 3757 713 385 286 328 99 206 275 156 104 3044 339 2705
internal_count=3843 3757 713 385 286 328 99 206 275 156 104 3044 339 2705
is_linear=0
shrinkage=0.03


Tree=419
num_leaves=15
num_cat=0
split_feature=83 3 13 3 72 17 0 17 42 39 43 42 45 83
split_gain=5.81565 10.5221 11.5839 11.2463 8.61876 13.6045 8.00052 7.96639 7.55969 10.7761 7.41718 14.1 10.8898 12.8976
threshold=48.450216054916389 18.958333333343038 150.00000000000003 17.208333333343038 -54.095027565956109 21.500000000000004 47.500000000000007 37.500000000000007 42.886875033378608 2271.4718653978603 614.27774298932388 -87.589705586433396 20.500000000000004 13.079893589019777
decision_type=10 2 10 2 10 2 2 2 10 10 10 8 10 10
left_child=10 2 3 4 5 -2 -5 -6 9 -3 11 -1 13 -12
right_child=1 8 -4 6 7 -7 -8 -9 -10 -11 12 -13 -14 -15
leaf_value=0.095272244569681197 0.41647213432269581 0.063167130025243837 -0.43270324330039822 -0.4159409856311358 -0.012388721683462904 -0.11231131010432634 -0.086982913577768953 0.31015288215131148 0.75053679306170407 -0.52615161284379575 -0.022546851677337828 0.0056499579453676676 0.091216149999235718 0.32161472061873547
leaf_weight=279 60 90 94 50 55 271 41 58 95 44 776 1770 73 48
leaf_count=279 60 90 94 50 55 271 41 58 95 44 776 1770 73 48
internal_value=-6.30749e-05 -0.00223516 -0.0042381 -0.00251866 -0.000539326 -0.00298193 -0.0120652 0.00657895 0.00326087 -0.00133333 0.000570071 0.00156585 -0.00170379 -0.00269091
internal_weight=3804 858 629 535 444 331 91 113 229 134 2946 2049 897 824
internal_count=3804 858 629 535 444 331 91 113 229 134 2946 2049 897 824
is_linear=0
shrinkage=0.03


Tree=420
num_leaves=15
num_cat=0
split_feature=52 71 84 44 24 5 27 44 28 43 38 57 37 69
split_gain=6.88079 8.07545 7.39496 6.82815 6.61555 6.36682 6.17141 8.14285 6.03145 5.7671 11.0228 12.8382 10.0763 10.572
threshold=18.17780697345734 10.500000000000002 56.701893091201789 16.988033294677738 44.500000000000007 13.69447958469391 0.89776874585268762 9.8104383945465106 172.50000000000003 605.77801138740358 2980.7214678306295 10.500000000000002 1617.9512934338545 -218.0483900145849
decision_type=8 8 8 8 2 10 10 10 2 10 10 10 10 10
left_child=1 5 6 -2 8 -1 -3 -8 -4 10 11 -5 -12 -14
right_child=3 2 4 9 -6 -7 7 -9 -10 -11 12 -13 13 -15
leaf_value=-0.010502759879886695 0.31290673786992895 -0.10461025511344488 -0.021016089160511911 -0.00068211498080653912 0.15495311903178077 -0.51780089261449824 -0.010033412002871174 0.12973711835263535 -0.48196201302248604 -0.011092443288519618 0.19379027450112829 -0.28888302986857944 0.77450091883627692 -0.0073861888685564751
leaf_weight=41 81 73 42 1448 45 63 46 58 40 1024 297 146 41 415
leaf_count=41 81 73 42 1448 45 63 46 58 40 1024 297 146 41 415
internal_value=-0.000574981 -0.00425428 -0.00177049 -0.00013901 -0.00726562 -0.0114286 0.00219101 0.00685714 -0.0122892 -0.000346975 0.000472743 -0.000940439 0.00346154 0.000656455
internal_weight=3860 408 304 3452 127 104 177 104 82 3371 2347 1594 753 456
internal_count=3860 408 304 3452 127 104 177 104 82 3371 2347 1594 753 456
is_linear=0
shrinkage=0.03


Tree=421
num_leaves=15
num_cat=0
split_feature=20 79 68 77 26 68 16 14 84 31 73 66 48 29
split_gain=11.3807 7.85941 9.34775 15.7706 13.3619 10.2414 8.92561 8.19833 13.3908 10.3619 10.2524 12.7028 8.00097 15.5744
threshold=87.413296341896071 8.0330325984670452 -0.046141318826556844 -242.23714649677274 163.50000000000003 -0.022723342478096095 1.0000000180025095e-35 335.55369038474913 -76.188870429992662 19.530555555555562 10.501936435699465 303.89275574684149 -3.9152094523111978 0.90630852059925104
decision_type=8 10 10 8 2 10 2 10 8 8 8 10 8 10
left_child=-1 2 12 -4 5 -5 -3 9 -9 -7 -10 -12 13 -2
right_child=1 6 3 4 -6 7 -8 8 10 -11 11 -13 -14 -15
leaf_value=-0.2557706580171954 -0.015371793571807046 -0.19750679306254992 -0.34302733393721341 -0.38975149631003841 -0.21493996658756384 0.22452370189616416 0.016532408159361578 -0.71171634402052719 -0.26333035673853361 -0.31782289721070667 0.21774575224814896 -0.18009333137271924 -0.011389966549575619 0.3463751770369623
leaf_weight=99 162 102 79 45 141 200 1921 55 42 48 148 52 582 127
leaf_count=99 162 102 79 45 141 200 1921 55 42 48 148 52 582 127
internal_value=8.67508e-05 0.000356275 -0.00115933 -0.00347719 -0.00209016 -0.000101523 0.00161561 0.00104396 -0.00231544 0.00506024 0.000740741 0.00358209 0.000997706 0.00506897
internal_weight=3803 3704 1681 810 731 590 2023 545 297 248 242 200 871 289
internal_count=3803 3704 1681 810 731 590 2023 545 297 248 242 200 871 289
is_linear=0
shrinkage=0.03


Tree=422
num_leaves=15
num_cat=0
split_feature=68 26 83 84 64 81 84 66 59 44 61 15 45 8
split_gain=6.43503 6.10864 5.08684 6.97642 12.4548 14.3337 9.93638 9.27545 10.1481 9.19337 7.8289 8.5835 6.88558 9.18913
threshold=-0.3149045922101707 42.500000000000007 470.60296320915228 62.365854303042106 3.8202702672991973 9736.4718060493487 53.129394690195731 -107.85679018497466 86.67701900005342 98.413995623588576 0.92545138502680924 9.5000000000000018 20.500000000000004 4.8680216566702512
decision_type=8 2 10 10 8 10 10 8 10 8 8 2 10 10
left_child=-1 -2 3 6 -5 7 12 -6 10 -7 11 -9 -3 -14
right_child=1 2 -4 4 5 9 -8 8 -10 -11 -12 -13 13 -15
leaf_value=0.06393407360065019 -0.034589822567921889 -0.0020622728569909109 0.36329993120680271 0.10446342908322577 0.01190586452476616 -0.037541715846625794 0.082557138384410297 0.034560501028518757 -0.60682436256918337 0.7989815074623835 -0.8117886783681304 -0.15773649122138916 -0.0063005474497533215 0.52228472506820001
leaf_weight=73 60 2900 40 118 84 53 66 78 96 40 83 89 44 42
leaf_count=73 60 2900 40 118 84 53 66 78 96 40 83 89 44 42
internal_value=-0.000248254 -0.000419083 -0.000265131 -0.0003817 -0.0032243 -0.00520992 0.000216181 -0.0075174 -0.009683 0.00542553 -0.00645418 -0.00267857 -4.01741e-05 0.00827586
internal_weight=3866 3793 3733 3693 641 523 3052 430 346 93 250 167 2986 86
internal_count=3866 3793 3733 3693 641 523 3052 430 346 93 250 167 2986 86
is_linear=0
shrinkage=0.03


Tree=423
num_leaves=15
num_cat=0
split_feature=20 1 61 53 62 58 74 68 61 61 74 6 3 3
split_gain=6.9033 6.15305 8.6449 7.45991 9.36034 6.58447 6.12584 17.4075 9.80703 9.16775 9.2656 7.68753 7.55539 6.92766
threshold=43.198982715606697 609.24851906299602 0.69221622187177967 6.5000000000000009 -0.034878964495090856 113.47129118442537 243.3351795038416 -0.02119743271856352 0.85802717533552342 0.67662498100907253 120.54516852706357 1950.0000000000002 11.375000000000002 15.875000000000002
decision_type=8 2 10 8 8 8 8 8 10 10 10 10 2 2
left_child=-1 2 3 -2 -5 -6 7 12 9 10 11 -9 -3 -8
right_child=1 6 -4 4 5 -7 13 8 -10 -11 -12 -13 -14 -15
leaf_value=-0.47901591652485909 -0.19681292005609397 1.121177585419749 0.36028233149119243 0.85831749108129562 -0.10453744691760114 0.12169614666294373 -0.012958609610338101 -0.090952692098969862 -0.42701940902802915 0.28583516724198815 0.14842515471098272 0.015859464937427816 0.15650547168474369 0.0070061450025126247
leaf_weight=41 67 44 59 40 40 62 1909 125 61 59 47 147 70 1089
leaf_count=41 67 44 59 40 40 62 1909 125 61 59 47 147 70 1089
internal_value=-4.662e-05 8.63874e-05 0.00446097 0.00157143 0.00545455 0.000582524 -0.000244932 0.00265343 -6.81818e-05 0.00174142 -0.00028125 -0.00241758 0.0130435 -0.00078026
internal_weight=3860 3819 268 209 142 102 3551 553 439 378 319 272 114 2998
internal_count=3860 3819 268 209 142 102 3551 553 439 378 319 272 114 2998
is_linear=0
shrinkage=0.03


Tree=424
num_leaves=15
num_cat=0
split_feature=38 49 16 30 84 42 40 62 24 37 61 28 14 73
split_gain=6.23847 10.9596 10.7457 9.59234 11.7788 13.0108 11.1173 12.7833 9.64588 9.52532 8.57595 8.48062 7.92573 8.85877
threshold=2538.7219504540558 8.5000000000000018 3.5000000000000004 10.850000000000003 -100.96290338039397 100.59478127956392 495.98686278789825 0.085684025121684118 26.500000000000004 1081.3565530454032 0.0610629700202538 136.50000000000003 477.2079353694466 24.311339735984806
decision_type=8 10 2 10 8 10 10 10 2 8 8 2 8 10
left_child=1 3 -3 4 5 -1 7 -5 -7 -2 -4 -8 13 -6
right_child=9 2 10 6 12 8 11 -9 -10 -11 -12 -13 -14 -15
leaf_value=0.64367774064414118 0.22300713896220017 0.15617914865748825 -0.022113195941983702 -0.63589985301759699 0.027129194808664749 -0.19164808648153414 0.63604713247132838 0.01208293042540852 0.16052464567259292 0.0011065536060515058 -0.48659433097627441 -0.035696880597398145 -0.13910592874880043 -0.12912045260691074
leaf_weight=70 117 50 44 133 497 48 43 47 44 2205 104 168 219 48
leaf_count=70 117 50 44 133 497 48 43 47 44 2205 104 168 219 48
internal_value=-0.000383012 -0.00187995 -0.00844221 -0.000887709 0.000776699 0.00809816 -0.00482143 -0.0102762 0.000645161 0.000594059 -0.0124832 -0.000141509 -0.000784314 0.00115385
internal_weight=3837 1515 198 1317 926 162 391 180 92 2322 148 211 764 545
internal_count=3837 1515 198 1317 926 162 391 180 92 2322 148 211 764 545
is_linear=0
shrinkage=0.03


Tree=425
num_leaves=15
num_cat=0
split_feature=30 30 81 24 7 68 30 38 68 14 28 26 84 81
split_gain=5.85137 11.8355 8.33669 11.749 12.1116 10.1279 10.3097 8.98642 8.10825 13.0241 13.7538 10.072 10.4865 8.26801
threshold=6.2500000000000009 7.5500000000000007 8584.5142171382922 40.500000000000007 3021.1202081197971 -0.054058420818636509 23.750000000000004 2267.5373528871478 -0.015912462383346312 248.97566214264006 159.50000000000003 133.50000000000003 -96.926874756813035 4577.3540856838235
decision_type=10 10 10 2 10 10 10 8 10 10 2 2 8 8
left_child=8 -2 7 5 -5 -4 -7 -3 11 -10 -11 12 -1 -12
right_child=1 2 3 4 -6 6 -8 -9 9 10 13 -13 -14 -15
leaf_value=0.36093359800967079 -0.26705084297029658 -0.054506528551831947 -0.37062844962061192 0.5777721629258713 -0.16892242176366887 0.044996290696006226 -0.44281604968298266 0.0074724291191712667 0.068514811311426074 0.12658564805063177 -0.026299301556864163 0.36616224558002664 0.0038986356412518573 -0.26580701351148939
leaf_weight=111 63 344 172 49 58 70 63 1482 134 85 153 142 747 174
leaf_count=111 63 344 172 49 58 70 63 1482 134 85 153 142 747 174
internal_value=8.57588e-05 -0.000873154 -0.000509156 -0.00435835 0.00416667 -0.00735294 -0.0011194 0.000361248 0.00151261 -0.00142596 -0.0040678 0.00311688 0.00188591 -0.00685976
internal_weight=3847 2301 2238 412 107 305 133 1826 1546 546 412 1000 858 327
internal_count=3847 2301 2238 412 107 305 133 1826 1546 546 412 1000 858 327
is_linear=0
shrinkage=0.03


Tree=426
num_leaves=15
num_cat=0
split_feature=1 43 8 14 42 64 68 81 40 80 14 53 42 74
split_gain=6.07076 7.63025 11.1321 10.9122 10.4149 14.0668 9.18487 8.99255 8.90262 13.3166 7.66216 7.39561 7.37011 7.02262
threshold=659.08346462249767 441.80656275301584 4.1116967280546719 385.97074428292188 56.455951094627387 4.2851443425489268 -0.11360504788986348 7817.9419150352487 382.67696129329084 83.849930524826064 287.24567113019685 5.5000000000000009 17.554896712303165 11933.563829665136
decision_type=2 10 10 10 10 8 8 10 8 8 8 8 10 10
left_child=1 3 11 8 6 -6 -4 12 -1 -10 -11 -3 -5 -2
right_child=13 2 4 7 5 -7 -8 -9 9 10 -12 -13 -14 -15
leaf_value=-0.014410525230526975 -0.008070046199402681 -0.65221010193283246 -0.0038743246080091783 0.81665142161619042 -0.50316852372696641 0.028892473942599847 -0.32911455013490692 -0.021454168652677179 0.53797444228663949 -0.3603451975144783 0.13702914706958391 0.097940680474116276 0.066563205296713029 0.031123813791673598
leaf_weight=472 2088 45 66 119 63 156 106 72 91 52 57 216 132 49
leaf_count=472 2088 45 66 119 63 156 106 72 91 52 57 216 132 49
internal_value=0.000142668 0.00151092 -0.00101072 0.00316265 -0.00420918 0.000136364 -0.00971098 0.00768519 0.000980684 0.00626866 -0.000818182 0.00377863 0.0103571 -0.000912067
internal_weight=3784 1647 652 995 391 219 172 323 672 200 109 261 251 2137
internal_count=3784 1647 652 995 391 219 172 323 672 200 109 261 251 2137
is_linear=0
shrinkage=0.03


Tree=427
num_leaves=15
num_cat=0
split_feature=73 83 31 63 24 79 79 38 24 68 33 37 32 22
split_gain=6.80096 8.49671 9.65067 7.9252 6.80571 6.66352 6.98138 6.02125 5.84441 16.8581 23.5933 9.71221 10.6582 8.65481
threshold=-1.2654671669006345 -195.86100196838376 12.889444444444447 -113.33200824133895 86.500000000000014 9.444052045400932 45.759439772109317 1.0000000180025095e-35 56.500000000000007 0.028742615615011551 18.010686600221486 1838.7636495103168 0.11882352941176472 11.788600802421572
decision_type=8 10 8 10 2 8 8 8 2 8 8 10 8 2
left_child=1 5 -3 -4 7 -1 -7 -2 11 -10 -11 -9 13 -13
right_child=4 2 3 -5 -6 6 -8 8 9 10 -12 12 -14 -15
leaf_value=-0.37925950481605791 0.14774582032451425 0.012097581811550724 0.68901469465611276 0.045401543018656697 -0.52372607432397955 0.18459800678134836 -0.074855139417424249 0.001699510727670894 0.2753974599308357 -0.57247869359142556 0.023654677792614525 -0.013113872113658165 -0.10963962024178144 0.026102460708382038
leaf_weight=41 42 152 67 71 41 40 67 2445 208 75 127 211 185 54
leaf_count=41 42 152 67 71 41 40 67 2445 208 75 127 211 185 54
internal_value=0.000313562 0.00382688 0.00680412 0.012518 -0.000141635 -0.00201342 0.00194444 8.96057e-06 -0.000136116 0.00321168 -0.00295567 -0.000611188 -0.00465632 -0.000789474
internal_weight=3826 438 290 138 3388 148 107 3347 3305 410 202 2895 450 265
internal_count=3826 438 290 138 3388 148 107 3347 3305 410 202 2895 450 265
is_linear=0
shrinkage=0.03


Tree=428
num_leaves=15
num_cat=0
split_feature=35 27 40 40 29 43 39 0 85 59 80 80 83 38
split_gain=8.65396 9.7194 8.69989 8.08121 14.4809 14.1112 9.263 8.5774 7.55038 8.37719 7.9078 10.8295 12.3156 11.4647
threshold=1.0000000180025095e-35 0.96939799331103693 59.200002679781534 960.03231026876949 0.9400460829493088 1124.8121628591573 1507.2772992870089 252.50000000000003 374.473062992096 157.7550724744797 136.78197395801547 5.8047277927398691 -5.0947985649108878 3224.7799279426285
decision_type=8 10 10 10 10 10 10 2 10 10 8 10 10 10
left_child=1 -1 -3 5 6 8 -5 -6 9 -2 11 13 -13 -11
right_child=3 2 -4 4 7 -7 -8 -9 -10 10 -12 12 -14 -15
leaf_value=0.45012801272714664 -0.010600667583909278 0.18284020970241457 -0.29209501704017338 0.12107264854133451 0.16144469962913802 -0.40104540539101802 -0.0017339402739865539 1.3906720481868202 -0.50844048428889599 0.22426784973450961 0.18746187225768346 0.026128107426360927 -0.38384596725220077 -0.031926356008828802
leaf_weight=58 2132 90 64 77 90 45 708 42 46 137 116 66 87 67
leaf_count=58 2132 90 64 77 90 45 708 42 46 137 116 66 87 67
internal_value=3.92054e-05 0.00591549 0.00193548 -0.000307139 0.00212418 -0.00113459 0.000572519 0.0112782 -0.000848416 -0.000633154 0.00297468 0.00075419 -0.00525974 0.00526829
internal_weight=3825 212 154 3613 917 2696 785 132 2651 2605 473 357 153 204
internal_count=3825 212 154 3613 917 2696 785 132 2651 2605 473 357 153 204
is_linear=0
shrinkage=0.03


Tree=429
num_leaves=15
num_cat=0
split_feature=38 29 81 23 62 79 4 38 57 8 5 35 59 31
split_gain=6.71979 9.84696 9.28667 7.49921 13.8496 9.83304 10.4274 8.33143 7.673 9.40456 9.02309 9.5913 11.1898 10.9161
threshold=1767.102455325796 0.89254528397199984 16944.338188409809 3.3285579681396489 -0.13937257701367431 5.5766468366875399 6.5000000000000009 2116.1738620558358 4.5000000000000009 6.5768718695637816 110.7514809370041 14.198214285714288 27.413296341896061 20.415476190476195
decision_type=8 10 8 10 10 8 2 8 8 10 10 8 10 10
left_child=1 2 -1 4 -2 6 -6 -5 -9 10 11 -10 -13 -14
right_child=3 -3 -4 7 5 -7 -8 8 9 -11 -12 12 13 -15
leaf_value=-0.47999452672234999 0.13536515906293003 -0.010532207073017545 -0.0044007639293124484 0.11333566065717361 -0.77497331295784511 0.033997651272015296 -0.00074879159737378125 0.018389120046025338 -0.12269056283700941 -0.082664622994884168 -0.1270068691185964 0.028717122310437684 0.0029835852487850988 -0.34920481513878626
leaf_weight=82 232 753 73 137 43 656 92 323 356 90 165 425 283 83
leaf_count=82 232 753 73 137 43 656 92 323 356 90 165 425 283 83
internal_value=7.1165e-05 -0.00217822 -0.00903846 0.000779626 0.0028418 0.00094697 -0.00639706 -0.000354267 -0.000921205 -0.00188168 -0.00123382 -0.000287456 0.00155303 -0.00228883
internal_weight=3793 908 155 2885 1023 791 135 1862 1725 1402 1312 1147 791 366
internal_count=3793 908 155 2885 1023 791 135 1862 1725 1402 1312 1147 791 366
is_linear=0
shrinkage=0.03


Tree=430
num_leaves=15
num_cat=0
split_feature=5 5 79 1 42 71 77 71 80 40 64 79 44 25
split_gain=6.09695 9.32586 9.56605 6.60863 8.28881 8.87213 8.16268 8.77857 8.86121 7.95006 7.20152 8.36813 10.2346 6.5252
threshold=76.801017284393325 91.086881637573256 477.38247493318715 659.08346462249767 42.886875033378608 7.5000000000000009 -1.288082957267761 8.5000000000000018 -114.05698990821837 591.24916961050792 4.2851443425489268 7.3869212151962804 116.39329397678377 0.87915297553851779
decision_type=10 10 10 2 10 10 10 8 8 10 8 8 10 10
left_child=3 -2 -3 4 6 -6 7 -1 -9 -7 -11 -12 -13 -5
right_child=1 2 -4 13 5 9 -8 8 -10 10 11 12 -14 -15
leaf_value=-0.13484216554390038 -0.19553039417221071 -0.0011341021620091673 -0.48689599401701916 0.016646023271723074 0.33977694194836033 0.44793252938639622 -0.11472630660953193 -0.19111988190943327 0.03335899118222322 -0.1789288105656055 -0.16020049606153014 0.38446627622748208 -0.019293123251040479 -0.017489224997819335
leaf_weight=67 109 1000 54 490 68 71 81 40 449 94 46 99 70 1074
leaf_count=67 109 1000 54 490 68 71 81 40 449 94 46 99 70 1074
internal_value=3.14713e-05 -0.00177835 -0.000909953 0.000826415 0.00262431 0.0057461 0.000423197 0.00172352 0.00312245 0.00393701 0.00183871 0.00486111 0.00794118 -0.000421725
internal_weight=3812 1163 1054 2649 1085 448 637 556 489 380 309 215 169 1564
internal_count=3812 1163 1054 2649 1085 448 637 556 489 380 309 215 169 1564
is_linear=0
shrinkage=0.03


Tree=431
num_leaves=15
num_cat=0
split_feature=72 16 56 81 53 31 61 73 16 5 73 3 63 48
split_gain=5.40946 5.78641 7.93589 5.40895 9.89531 9.95917 7.76533 7.30089 11.6695 9.18329 8.78977 13.3256 8.44791 6.42525
threshold=65.779366493225112 45.500000000000007 144.95290883382162 17689.606228470806 10.500000000000002 20.070000000000004 0.44614618405512618 -9.5863378047943097 23.500000000000004 58.452861785888679 5.0071309804916391 10.291666666656967 -74.769803911162271 21.413916488488521
decision_type=10 2 10 10 10 8 10 8 2 10 8 2 8 10
left_child=1 3 -3 7 5 6 -5 8 9 -1 11 12 -9 -11
right_child=-2 2 -4 4 -6 -7 -8 10 -10 13 -12 -13 -14 -15
leaf_value=0.27408630659342442 -0.24629956970892408 0.040180093665742746 -0.12316263998017817 -0.1731930379287932 0.18292310970408934 -1.4342240799261201 0.038860091427057132 -0.033139290157167378 0.22772891554539135 -0.32196820355703865 0.0023693509242228928 -0.0049867158060115813 -0.37315116470176007 0.039661095464507454
leaf_weight=95 124 102 43 80 52 51 44 43 76 43 2788 206 61 41
leaf_count=95 124 102 43 80 52 51 44 43 76 43 2788 206 61 41
internal_value=-0.000101299 0.00010467 0.0059589 -0.000134041 -0.00460526 -0.00801136 -0.00336 0.000169946 0.00503906 0.000833333 -0.000232333 -0.00501608 -0.0137143 -0.00635294
internal_weight=3849 3725 145 3580 227 175 124 3353 255 179 3098 310 104 84
internal_count=3849 3725 145 3580 227 175 124 3353 255 179 3098 310 104 84
is_linear=0
shrinkage=0.03


Tree=432
num_leaves=15
num_cat=0
split_feature=1 22 22 14 36 69 31 26 36 68 33 64 52 57
split_gain=7.16991 10.0888 11.2237 7.50221 7.31595 14.8706 6.29011 6.07045 7.7503 13.4041 6.6865 8.2405 7.8813 8.99227
threshold=659.08346462249767 11.034242630004885 8.8192082643508929 428.43766498904694 0.20080645161290325 481.58338899870176 16.280769230769234 60.500000000000007 0.24217986314760512 0.14418482396085047 20.487500000000001 4.1000044615541471 26.908732891082767 8.5000000000000018
decision_type=2 2 2 10 10 8 10 2 8 10 10 8 10 10
left_child=1 2 7 4 -3 -6 -4 -1 9 10 11 -9 -12 -14
right_child=-2 3 6 -5 5 -7 -8 8 -10 -11 12 -13 13 -15
leaf_value=0.28292691013986115 -0.0083972520267798622 -0.039450818843351866 0.489690470238554 -0.16123373041518985 0.47302393377222102 -0.24297969173255415 0.0028109926348501 -0.02575541836811741 -0.011875063535554809 0.40573212750084509 0.01933909670636318 0.1326141029884976 0.023158871768472922 -0.38672734066634235
leaf_weight=47 2177 56 114 89 81 52 42 71 719 43 51 208 44 45
leaf_count=47 2177 56 114 89 81 52 42 71 719 43 51 208 44 45
internal_value=-0.000148437 0.00133494 0.00238267 -0.00387097 -0.000473684 0.00335821 0.00993631 0.00141579 0.000989848 0.00401728 0.00235714 0.00503571 -0.00297872 -0.00833333
internal_weight=3839 1662 1384 278 189 133 156 1228 1181 462 419 279 140 89
internal_count=3839 1662 1384 278 189 133 156 1228 1181 462 419 279 140 89
is_linear=0
shrinkage=0.03


Tree=433
num_leaves=15
num_cat=0
split_feature=60 27 60 82 22 35 71 68 50 64 80 60 79 48
split_gain=8.7416 8.72391 8.00155 8.9617 7.89627 10.7483 14.1031 13.7751 9.55375 16.7561 9.24776 10.8898 9.23633 13.2639
threshold=-134.91144776344296 0.88556547619047621 493.56062042713171 -158.83502344290414 11.034242630004885 16.195804647160074 13.500000000000002 0.09886443591111542 64.067189931869521 5.679453871472357 87.083806753158584 -27.71271991729736 899.52824566542233 122.58075579007469
decision_type=8 10 10 8 2 8 10 8 10 10 10 10 10 10
left_child=1 -1 3 -2 5 7 8 10 9 -7 -5 -12 13 -10
right_child=2 -3 -4 4 -6 6 -8 -9 12 -11 11 -13 -14 -15
leaf_value=0.13696899631062323 0.064411141863902802 -0.41317542501882421 0.081826881481903369 -0.081011810566858078 -0.023671603605318978 0.086150359336937016 0.072920240929829752 0.015300332026139694 -0.21609919247454859 -0.45954867331419008 0.23218907509384196 -0.028975612717251093 0.029575734751626594 -0.0013062362619812883
leaf_weight=44 104 76 183 777 491 235 506 775 114 90 74 148 40 135
leaf_count=44 104 76 183 777 491 235 506 775 114 90 74 148 40 135
internal_value=0 -0.00793388 0.000261367 -6.01719e-05 -0.00032782 0.00026943 0.00256913 -0.0011831 -0.000487805 0.00303681 -0.00351 0.00188341 -0.00444828 -0.0066
internal_weight=3792 120 3672 3489 3385 2894 1120 1774 614 325 999 222 289 249
internal_count=3792 120 3672 3489 3385 2894 1120 1774 614 325 999 222 289 249
is_linear=0
shrinkage=0.03


Tree=434
num_leaves=15
num_cat=0
split_feature=28 56 83 84 14 76 56 14 56 20 73 43 37 77
split_gain=6.21608 6.60694 10.4314 10.7444 8.74075 7.27419 8.44219 7.52882 13.7534 9.55152 9.81096 11.4854 8.621 8.57185
threshold=463.50000000000006 259.12658576170611 -60.891405463218682 54.852808415889747 358.51781940993902 104.48191165924074 222.64724798997244 263.07857856803508 201.34530862172446 422.44134294986731 -9.5863378047943097 176.70025938151412 1526.0946788865836 -104.70194643735884
decision_type=2 10 8 8 10 8 10 8 10 8 8 8 10 10
left_child=1 5 -3 -4 -5 -1 7 9 -9 -7 -11 12 13 -12
right_child=-2 2 3 4 -6 6 -8 8 -10 10 11 -13 -14 -15
leaf_value=-0.69244882057567658 -0.083703391493331905 -0.26313284802635661 0.27963710125573016 -0.45294708732712119 0.011489386800280745 0.60385677143093885 0.73457445225149098 0.0010603074831392197 -0.4226723480196643 0.26350942615139411 0.039482398643961185 0.042978484830484796 -0.26249837335809412 -0.16879863732507291
leaf_weight=45 75 79 61 72 108 62 73 2337 48 86 162 475 70 61
leaf_count=45 75 79 61 72 108 62 73 2337 48 86 162 475 70 61
internal_value=0.000204456 0.000377005 -0.00373832 -0.000619835 -0.00430939 0.000763158 0.000924444 0.000699576 -0.0001886 0.00300981 0.00217544 0.00109233 -0.00357143 -0.000669643
internal_weight=3814 3739 320 241 180 3419 3374 3301 2385 916 854 768 293 223
internal_count=3814 3739 320 241 180 3419 3374 3301 2385 916 854 768 293 223
is_linear=0
shrinkage=0.03


Tree=435
num_leaves=15
num_cat=0
split_feature=59 75 3 26 79 85 16 73 79 41 42 3 26 28
split_gain=4.47556 7.84355 12.9785 10.7636 10.4204 8.30766 7.16195 6.91491 6.74308 7.66976 9.85309 8.54015 8.11932 7.20135
threshold=165.73015666007998 738.56861829757702 16.291666666656969 80.500000000000014 15.290020046952174 -99.586810787518814 12.500000000000002 24.637713551521305 11.772956129706225 -75.437159538269029 -61.6236023902893 2.3750000000000004 86.500000000000014 447.50000000000006
decision_type=10 8 2 2 10 10 2 8 8 10 10 2 2 2
left_child=8 3 4 -2 -3 -5 -4 -8 9 12 -11 -12 -1 -10
right_child=1 2 6 5 -6 -7 7 -9 13 10 11 -13 -14 -15
leaf_value=0.55266944660702721 2.0800363954424945 -0.0018768250346303005 0.40096522230015536 0.1148465920268434 -0.86616652688217544 -0.12971079354278842 -0.26088261839200022 0.16762773872692777 0.0075182142401163015 -0.45575195312884681 -0.1623809328838284 -0.014176262435303498 -0.0012184987426648063 -0.27770223201258376
leaf_weight=55 42 142 60 80 69 52 54 41 1890 81 63 1035 116 47
leaf_count=55 42 142 60 80 69 52 54 41 1890 81 63 1035 116 47
internal_value=0.000133229 0.00266174 0.000163488 0.00788571 -0.00466981 0.00360902 0.00673077 0.0015625 -0.000282847 -0.0019097 -0.00277119 -0.00202002 0.00401163 0.000851393
internal_weight=3827 540 366 174 211 132 155 95 3287 1350 1179 1098 171 1937
internal_count=3827 540 366 174 211 132 155 95 3287 1350 1179 1098 171 1937
is_linear=0
shrinkage=0.03


Tree=436
num_leaves=15
num_cat=0
split_feature=22 4 3 8 83 77 62 44 61 52 35 23 80 29
split_gain=8.80434 10.5965 9.18528 9.94269 6.17465 10.6007 10.5007 8.86526 7.23008 6.94852 8.84265 10.1256 11.7143 13.3932
threshold=12.118590116500856 8.5000000000000018 18.791666666656969 1.660098688516747 114.32852864265443 -202.1419001817703 -0.13937257701367431 118.23393440246583 0.80310143956701519 99.730002164840712 14.030026455026457 8.0054835081100482 183.46640920639041 0.89825433878006711
decision_type=2 2 2 8 10 8 10 10 8 10 10 10 10 10
left_child=4 2 3 -2 9 -6 7 -7 -8 10 -1 12 13 -12
right_child=1 -3 -4 -5 5 6 8 -9 -10 -11 11 -13 -14 -15
leaf_value=-0.025216420837514283 0.13751471511469845 0.15090786779166673 -0.2331032333598918 -0.080139468708151473 0.17344562354755069 0.40175341795321706 -0.12734038531194658 -0.16006484781763688 -0.70355574426813905 0.022169356298033786 -0.0025118578627150077 -0.023598270544033254 -0.577850076037704 0.12915494340728009
leaf_weight=838 49 64 65 200 79 53 109 101 41 1078 359 233 58 493
leaf_count=838 49 64 65 200 79 53 109 101 41 1078 359 233 58 493
internal_value=-0.000251243 -0.00459103 -0.00685714 -0.0042 0.000226547 -0.00335937 -0.00590164 -0.000387097 -0.0115232 0.000676471 -0.000378406 0.00133741 0.00276619 0.00365768
internal_weight=3820 378 314 249 3442 383 304 154 150 3059 1981 1143 910 852
internal_count=3820 378 314 249 3442 383 304 154 150 3059 1981 1143 910 852
is_linear=0
shrinkage=0.03


Tree=437
num_leaves=15
num_cat=0
split_feature=43 80 67 3 82 84 1 3 8 17 82 80 17 81
split_gain=6.17993 6.93123 5.30474 5.2879 10.3964 8.06986 5.34273 5.55902 12.277 12.1504 18.6229 14.8721 11.6948 20.1546
threshold=8.0753449450342316 404.00908005237585 -285.83923745155329 23.125000000000004 -22.023104310035702 30.259966611862186 883.1989827156068 15.708333333343036 3.8732310360510218 41.500000000000007 -32.529322008291878 63.682977080345161 24.500000000000004 3259.223057866097
decision_type=8 10 8 2 10 8 2 2 10 2 8 8 2 10
left_child=-1 2 -2 6 -5 -6 7 12 -9 11 -11 -10 13 -4
right_child=1 -3 3 4 5 -7 -8 8 9 10 -12 -13 -14 -15
leaf_value=0.15091059324878164 -0.44137144641866033 0.076527363937757928 0.00080858383357536832 0.096448058184325447 -0.78964446523560272 -0.012053301972004533 -0.17515196084427148 -0.0047136705559619506 0.090584777249673037 0.37547659150337853 -0.071150832243236553 0.67552252181707217 0.0043390651860793026 -0.32479476191870399
leaf_weight=45 41 41 405 52 40 40 50 690 192 51 181 169 1525 284
leaf_count=45 41 41 405 52 40 40 50 690 192 51 181 169 1525 284
internal_value=0.000157604 2.39234e-05 -0.000112873 8.15217e-06 -0.00586466 -0.0125926 0.000228298 0.000368782 0.00193925 0.00510101 -0.000257511 0.00853591 -0.000541761 -0.00378261
internal_weight=3806 3761 3720 3679 132 80 3547 3497 1283 593 232 361 2214 689
internal_count=3806 3761 3720 3679 132 80 3547 3497 1283 593 232 361 2214 689
is_linear=0
shrinkage=0.03


Tree=438
num_leaves=15
num_cat=0
split_feature=39 13 84 37 0 29 27 35 3 69 78 77 0 29
split_gain=11.5005 9.77928 9.59138 9.59769 9.09432 9.15434 8.03204 10.0074 14.1587 7.50831 8.0705 11.8979 9.84241 11.1297
threshold=2396.2808199483848 90.000000000000014 58.12916276852291 2253.7379144897664 27.500000000000004 0.93026373215287739 0.94313562453806365 0.161830131445905 17.958333333343038 587.95222467908263 inf 15.967813551425936 -65.499999999999986 0.79210389610389631
decision_type=8 8 10 8 2 10 10 10 2 10 8 10 2 10
left_child=1 6 3 9 -4 -6 -1 -8 -9 10 12 -12 -2 -14
right_child=2 -3 4 -5 5 -7 7 8 -10 -11 11 -13 13 -15
leaf_value=0.050664917889548702 -0.3871185662437327 -0.0027785285039253439 -0.43295976328042118 0.012835473910471339 -0.38513252297872763 0.50443509952428545 0.1708632184652687 0.0036679647670148263 -0.59330240059291439 -0.19204327720735476 -0.40643294915664491 0.013228419848190955 0.33426473895037745 -0.0081816754126904801
leaf_weight=629 73 1431 64 421 92 41 73 136 48 61 130 68 82 501
leaf_count=629 73 1431 64 421 92 41 73 136 48 61 130 68 82 501
internal_value=-0.000155804 0.00117774 -0.0021708 -0.00125654 -0.00833333 -0.00380597 0.00365276 -0.000813953 -0.00454054 -0.00298035 -0.00224561 -0.00753769 -0.000639269 0.000667808
internal_weight=3850 2317 1533 1336 197 133 886 257 184 915 854 198 656 583
internal_count=3850 2317 1533 1336 197 133 886 257 184 915 854 198 656 583
is_linear=0
shrinkage=0.03


Tree=439
num_leaves=15
num_cat=0
split_feature=45 26 42 39 31 32 40 39 61 81 32 27 1 31
split_gain=8.60984 8.31833 7.89604 15.6458 10.5326 10.5306 8.78411 13.8365 7.91849 8.10197 7.30743 7.50822 7.08542 11.832
threshold=5.5000000000000009 234.50000000000003 97.977947831153884 965.45711360630082 11.254700854700856 0.3585714285714286 74.464321751082025 1651.161331222271 0.84005490482750245 6173.5074518919 0.3816526610644258 0.93059569685292243 722.44134294986736 13.196153846153846
decision_type=10 2 8 10 10 8 8 10 10 8 10 10 2 10
left_child=2 12 3 8 -5 -4 -7 -8 9 -1 -11 -12 -2 -14
right_child=1 -3 5 4 -6 6 7 -9 -10 10 11 -13 13 -15
leaf_value=-0.0042995271493410309 0.0021147339386524064 0.19545369011252642 0.17592734718869235 0.015441255600868698 -0.69944242007086999 -0.082568094141611328 -1.1404021045246009 -0.019449907474069293 -0.10989685536252522 -0.0037434770485361211 0.89368997097931169 0.16573732191131058 0.020528400924411248 -0.2067598523420707
leaf_weight=83 2852 68 43 51 68 109 60 70 40 44 43 49 108 152
leaf_count=83 2852 68 43 51 68 109 60 70 40 44 43 49 108 152
internal_value=-0.000515491 0.000132034 -0.00363086 -0.000791557 -0.00975 -0.00742049 -0.009875 -0.0151145 0.00334615 0.00559091 0.010073 0.0148387 -9.63701e-05 -0.00482759
internal_weight=3840 3180 660 378 119 282 239 130 259 219 136 92 3112 260
internal_count=3840 3180 660 378 119 282 239 130 259 219 136 92 3112 260
is_linear=0
shrinkage=0.03


Tree=440
num_leaves=15
num_cat=0
split_feature=38 25 77 7 83 27 76 71 77 76 28 1 29 28
split_gain=8.78082 8.99881 8.91498 10.9846 10.503 10.8135 9.69081 9.54147 8.63645 8.05465 7.97419 8.76642 8.60154 11.1191
threshold=2538.7219504540558 0.94258241758241768 -212.41224920749661 3649.7363915815845 -123.05861818790434 0.89538683690530496 423.95562624931341 10.500000000000002 -285.94808512926096 212.15977942943576 466.50000000000006 745.07315599918377 0.92165387894288153 235.50000000000003
decision_type=8 10 10 10 10 10 10 8 10 10 2 2 10 2
left_child=1 2 3 4 -1 -6 9 -7 -3 -4 11 -2 13 -13
right_child=10 8 6 -5 5 7 -8 -9 -10 -11 -12 12 -14 -15
leaf_value=-0.10423215084456998 0.015677478870575301 -0.1145505526885222 -0.16050793521052945 0.57589578974181987 0.37047937791504076 -0.054946621131103227 0.14407945281936044 0.11953372226293783 0.037057862602881499 -0.86744628650933819 -0.065727452171335549 -0.057796351235692212 -0.48045320392590068 0.10223971828587036
leaf_weight=107 2018 173 448 43 48 70 65 60 474 56 59 111 65 40
leaf_count=107 2018 173 448 43 48 70 65 60 474 56 59 111 65 40
internal_value=0.000117249 -0.00163107 -0.00357461 0.000364742 -0.00178322 0.00268156 -0.00584211 -0.00183206 0.00106481 -0.00724752 0.00129468 0.00158389 -0.00414747 -0.000197368
internal_weight=3837 1544 897 328 285 178 569 130 647 504 2293 2234 216 151
internal_count=3837 1544 897 328 285 178 569 130 647 504 2293 2234 216 151
is_linear=0
shrinkage=0.03


Tree=441
num_leaves=15
num_cat=0
split_feature=43 1 27 7 27 29 28 59 82 39 82 29 68 22
split_gain=6.54206 5.91217 5.82237 11.7867 9.72657 8.54299 12.8926 8.53998 15.5695 8.43861 8.84323 11.4496 9.24186 10.4514
threshold=8.0753449450342316 607.54545378685009 0.96828988005458605 5195.1445863448107 0.94063601275381792 0.96987619911848599 135.50000000000003 542.44134294986736 92.747608065605178 2246.6618523507182 -54.631650884946175 0.91316158042164242 0.14418482396085047 5.1303247213363656
decision_type=8 2 10 8 10 8 2 8 10 10 8 10 8 2
left_child=-1 -2 3 9 -5 6 -4 8 -7 10 11 12 13 -3
right_child=1 2 5 4 -6 7 -8 -9 -10 -11 -12 -13 -14 -15
leaf_value=0.68845319439262853 0.027432768921791535 -0.14416510059456514 -1.0777191374197901 0.01259435703296052 1.0141436723377122 0.1084307531829198 -0.017608302882111317 -0.21352105906215388 -0.22795642794730092 -0.02011496515279404 0.021240005748622257 0.09990544567559824 -0.62363048946494348 0.040027600046520319
leaf_weight=40 227 96 41 114 43 113 129 74 56 1310 1369 68 42 99
leaf_count=40 227 96 41 114 43 113 129 74 56 1310 1369 68 42 99
internal_value=-0.000211931 -0.000341089 -0.00064135 -0.000200509 0.00778481 -0.00398551 -0.00912281 -0.000368852 0.00335294 -0.000623116 0.00078806 -0.00382353 -0.00693277 -0.00413265
internal_weight=3821 3781 3554 3141 157 413 170 243 169 2984 1674 305 237 195
internal_count=3821 3781 3554 3141 157 413 170 243 169 2984 1674 305 237 195
is_linear=0
shrinkage=0.03


Tree=442
num_leaves=15
num_cat=0
split_feature=82 29 82 64 32 69 26 83 40 20 9 83 39 36
split_gain=7.60995 10.383 7.56756 12.8843 14.5496 8.08718 5.33693 5.31982 10.3126 7.39715 10.0325 9.95391 6.70185 11.9503
threshold=-164.44167923927304 0.873455848711301 -72.655928909778581 4.4558299431961101 0.4188596491228071 -108.11523343428489 106.50000000000001 114.32852864265443 960.03231026876949 434.27329885959631 210.00000000000003 281.76459836959845 2246.6618523507182 0.4529775943396227
decision_type=8 10 8 8 8 8 2 10 10 8 2 10 10 8
left_child=1 -1 3 6 5 -5 -2 12 9 -9 11 -11 13 -4
right_child=2 -3 7 4 -6 -7 -8 8 -10 10 -12 -13 -14 -15
leaf_value=-0.021188415785019 -0.85068433771103924 0.34630701243599604 0.065084083913525242 -0.023851904422541849 -0.42263867720563703 0.25121076085881655 -0.02715581672543756 0.034334495588008648 0.17494935446919113 -0.056002711467697801 -0.65710040236348821 0.10998354800370407 -0.0041280144419961569 -0.0094572234161311997
leaf_weight=40 59 71 1015 56 44 94 68 94 55 160 67 47 1383 607
leaf_count=40 59 71 1015 56 44 94 68 94 55 160 67 47 1383 607
internal_value=6.21601e-05 0.00776786 -0.000168 -0.00456522 0.000307692 0.00476821 -0.0119531 0.000244969 -0.00290094 -0.00471545 -0.0072 -0.00389423 0.000688623 0.0019963
internal_weight=3860 111 3749 321 194 150 127 3428 423 368 274 207 3005 1622
internal_count=3860 111 3749 321 194 150 127 3428 423 368 274 207 3005 1622
is_linear=0
shrinkage=0.03


Tree=443
num_leaves=15
num_cat=0
split_feature=35 64 39 39 3 45 29 3 24 39 14 5 74 71
split_gain=6.56908 10.3756 8.87024 12.5086 8.90557 11.8774 10.8108 9.84266 9.466 10.8808 8.36963 8.41494 12.0168 9.13219
threshold=17.074403254972882 4.2160246989409629 3616.6430389380507 4512.7353701189886 17.375000000000004 10.500000000000002 0.8649477698557454 16.125000000000004 43.500000000000007 2271.4718653978603 1116.6233001745152 112.45454621315004 2035.0229295796833 13.500000000000002
decision_type=10 8 10 10 2 10 10 2 2 10 10 10 8 10
left_child=2 -2 4 -4 7 6 -6 -1 9 -9 11 12 -3 -13
right_child=1 10 3 -5 5 -7 -8 8 -10 -11 -12 13 -14 -15
leaf_value=0.0025036035241704766 -0.41273440348929719 0.2196663733970616 -0.36983009152021301 -0.0029854420170900824 -0.87582211468803417 0.076211061721182319 -0.029928585157632064 0.15594756895680195 -0.031054412423917127 1.0064474098722223 0.065095540040766342 -0.12933919506758396 0.0080405986336246644 0.063584448704591706
leaf_weight=1483 58 104 136 248 53 107 584 115 49 42 78 76 658 50
leaf_count=1483 58 104 136 248 53 107 584 115 49 42 78 76 658 50
internal_value=-7.80843e-06 0.00204878 -0.000755855 -0.00498701 -8.62777e-05 -0.00281879 -0.00437304 0.00111834 0.00724638 0.0108228 0.00279214 0.00195726 0.00314548 -0.00519685
internal_weight=3841 1024 2817 384 2433 744 637 1689 206 157 966 888 762 126
internal_count=3841 1024 2817 384 2433 744 637 1689 206 157 966 888 762 126
is_linear=0
shrinkage=0.03


Tree=444
num_leaves=15
num_cat=0
split_feature=82 79 84 43 84 71 41 79 77 27 29 0 74 24
split_gain=8.6036 10.8173 7.1688 7.85058 14.1449 15.8037 11.1748 12.877 11.7227 11.9601 10.6683 9.97621 11.4275 9.19151
threshold=-150.37561261653897 6.7763520242908095 -299.24803125858301 605.77801138740358 -33.88470156987507 7.5000000000000009 -72.576890349388108 11.772956129706225 -84.791746497154222 0.98373876255949244 0.92357745942400082 -34.499999999999993 1020.1353322944543 28.500000000000004
decision_type=8 10 8 10 8 8 10 10 8 10 10 2 10 2
left_child=1 -1 -2 6 10 -6 8 -8 -4 -10 -5 13 -13 -9
right_child=2 -3 3 4 5 -7 7 11 9 -11 -12 12 -14 -15
leaf_value=0.26773597162449164 0.36356435968065376 0.004523799775125994 0.0012526871302093667 -0.44119823176466977 0.18954994791905833 -0.0094287507332361901 -0.016533544894124806 -0.56141912725709076 0.61056575392522017 -0.0057476519100698193 0.0012291895065177094 0.065670188387156436 -0.26019346576907421 0.025613575694065714
leaf_weight=40 51 92 249 159 90 709 1290 57 165 77 75 650 44 50
leaf_count=40 51 92 249 159 90 709 1290 57 165 77 75 650 44 50
internal_value=0.00017373 0.00766917 -9.81729e-05 -0.00025719 -0.00246615 -0.0005625 0.000627178 -0.000329828 0.00469512 0.00938272 -0.00893617 0.00265586 0.00397122 -0.00583333
internal_weight=3798 132 3666 3615 1033 799 2582 2091 491 242 234 801 694 107
internal_count=3798 132 3666 3615 1033 799 2582 2091 491 242 234 801 694 107
is_linear=0
shrinkage=0.03


Tree=445
num_leaves=15
num_cat=0
split_feature=83 23 77 49 71 70 74 81 81 17 61 60 82 15
split_gain=8.03277 8.66384 7.99355 13.4042 12.9518 11.0909 9.77643 9.87987 16.7137 13.7271 12.7841 9.57041 7.13659 12.1486
threshold=48.450216054916389 14.121639490127565 14.30405229330063 9.5000000000000018 7.5000000000000009 0.67708333333333337 296.67081615189653 7295.3905555009851 4709.7794868946085 35.000000000000007 0.55376908404184333 45.979116678237922 -72.655928909778581 37.500000000000007
decision_type=10 10 8 10 10 8 10 10 10 2 8 8 10 2
left_child=12 2 5 4 -4 -2 7 8 11 -9 -11 -7 -1 -14
right_child=1 -3 3 -5 -6 6 -8 9 -10 10 -12 -13 13 -15
leaf_value=-0.0058467714314985432 0.069027603577261509 -0.36582605511367922 0.74992882448528231 0.826622914627963 -0.076450251481837761 -0.099586339586738806 -0.42856954478783699 -0.16590857449701765 -0.8748117929254603 -0.0043919290135941225 1.4667101455484384 0.037764227934893167 0.01009458766397806 0.50600064820687884
leaf_weight=1444 55 78 43 53 125 80 40 74 93 56 49 128 1449 72
leaf_count=1444 55 78 43 53 125 80 40 74 93 56 49 128 1449 72
internal_value=-0.000148437 -0.00267429 -0.00173149 0.00310811 -0.00106509 -0.00359375 -0.00495202 -0.0037422 -0.00705298 0.00183333 0.00877358 -0.00229665 0.000596763 0.00203022
internal_weight=3839 874 796 221 168 575 520 480 301 179 105 208 2965 1521
internal_count=3839 874 796 221 168 575 520 480 301 179 105 208 2965 1521
is_linear=0
shrinkage=0.03


Tree=446
num_leaves=15
num_cat=0
split_feature=52 51 76 28 40 79 77 28 40 82 80 7 44 71
split_gain=9.85086 10.1873 13.5256 8.68264 8.09926 9.22834 12.1916 11.9431 10.7135 7.72026 6.92937 6.79412 12.8451 7.4151
threshold=488.89654541015631 -242.9783738851547 104.48191165924074 99.500000000000014 35.671288070383362 63.183686050230783 -146.72816359996793 215.50000000000003 773.27383372199574 77.268832882245405 49.95072531700135 4096.5211972555126 69.945196509361281 14.500000000000002
decision_type=10 8 8 2 10 8 8 2 10 8 10 10 10 10
left_child=1 11 -3 -4 10 6 9 8 -7 -6 -2 12 -1 -14
right_child=4 2 3 -5 5 7 -8 -9 -10 -11 -12 -13 13 -15
leaf_value=0.13634078510023653 0.018882342621551303 -0.85902580439439113 0.63995647284298085 -0.00072502136652009331 0.50679631148774718 -1.0166157710152206 0.029316377479412521 0.038535904508598194 0.0043865210092154539 0.054967556391295212 -0.47369014598207448 -0.3629452918527476 -0.13740095827707235 0.04179537967287951
leaf_weight=46 64 48 46 2790 72 42 255 68 92 47 56 55 137 61
leaf_count=46 64 48 46 2790 72 42 255 68 92 47 56 55 137 61
internal_value=-0.000131443 -0.000838568 -0.000291161 -2.11491e-05 0.003099 0.00457539 0.00736 -0.000591133 -0.00577778 0.01525 -0.00396694 -0.0061 -0.00391837 -0.00723618
internal_weight=3879 3183 2884 2836 696 576 374 202 134 119 120 299 244 198
internal_count=3879 3183 2884 2836 696 576 374 202 134 119 120 299 244 198
is_linear=0
shrinkage=0.03


Tree=447
num_leaves=15
num_cat=0
split_feature=71 52 76 80 16 66 28 66 62 34 62 28 39 37
split_gain=5.61849 8.47656 8.27757 11.5889 9.79781 14.9258 12.9833 13.3494 11.8189 11.0545 9.88087 10.7001 9.67705 8.85115
threshold=13.500000000000002 4.3661273717880258 353.73220610618597 78.962632536888137 14.500000000000002 516.94300901889812 177.50000000000003 580.87562119960796 0.0076137434640033393 0.12933094384707292 0.031255876564875155 260.50000000000006 1860.6376786451638 1838.7636495103168
decision_type=8 10 10 8 2 10 2 8 10 10 10 2 10 10
left_child=1 -1 4 -4 5 10 7 9 -8 -6 -3 13 -10 -12
right_child=-2 2 3 -5 6 -7 8 -9 12 -11 11 -13 -14 -15
leaf_value=0.034877425727453185 0.0086748212018906649 -0.017961653569722541 -0.054777295099125635 0.27007051684331246 -0.23127978225017798 0.64679973868707252 -0.031775693253722571 -0.082721980354744679 -0.063497365101109149 0.27576960212675983 0.27187331403981219 -0.16814501072138127 -1.0613167007819073 -0.14320276129029946
leaf_weight=41 1771 626 112 124 44 66 267 181 41 141 206 86 91 49
leaf_count=41 1771 626 112 124 44 66 267 181 41 141 206 86 91 49
internal_value=-0.000140369 -0.00119942 -0.0014742 0.00379747 -0.00216787 -0.000261122 -0.0047389 -0.000653951 -0.008475 0.005 -0.00120868 0.00289474 -0.0157895 0.00597656
internal_weight=3846 2075 2034 236 1798 1033 765 366 399 185 967 341 132 255
internal_count=3846 2075 2034 236 1798 1033 765 366 399 185 967 341 132 255
is_linear=0
shrinkage=0.03


Tree=448
num_leaves=15
num_cat=0
split_feature=64 81 70 35 3 67 16 27 0 28 3 72 17 28
split_gain=6.0555 12.6674 13.1301 11.2372 10.3606 9.62613 16.6502 9.42658 9.05905 14.2999 11.9023 9.71689 9.03696 8.32922
threshold=4.4334419921958697 4536.5667403936395 0.90454545454545465 15.446737588652487 10.125000000000002 204.69094971319041 11.500000000000002 0.88304780326056931 189.50000000000003 178.50000000000003 14.625000000000002 -251.4771907329559 44.000000000000007 238.50000000000003
decision_type=8 8 10 10 2 10 2 10 2 2 2 10 2 2
left_child=1 -1 7 4 -4 -2 -7 -3 9 11 -11 -6 -5 -12
right_child=5 2 3 12 8 6 -8 -9 -10 10 13 -13 -14 -15
leaf_value=0.023675197952593395 -0.00031215786031726364 -0.22767883451470503 -0.63553867612954029 -0.81631386266945738 -0.0018846395793097059 0.67938945952069696 -0.13445760093274303 0.23112790438930458 -0.59692768504036731 0.15017727153118612 -0.60761012126782588 0.83707522458047234 -0.011919703313693235 -0.026851379602434944
leaf_weight=429 2585 47 100 97 40 114 44 81 42 41 49 45 50 65
leaf_count=429 2585 47 100 97 40 114 44 81 42 41 49 45 50 65
internal_value=-0.000368146 -0.00226311 -0.00487842 -0.00696226 -0.00422977 0.000382653 0.00754717 0.00372093 -0.00127208 0.000995851 -0.00442308 0.010814 -0.0139865 -0.0093913
internal_weight=3829 1086 657 529 382 2743 158 128 282 240 155 85 147 114
internal_count=3829 1086 657 529 382 2743 158 128 282 240 155 85 147 114
is_linear=0
shrinkage=0.03


Tree=449
num_leaves=15
num_cat=0
split_feature=71 64 14 38 3 85 80 63 33 35 25 66 68 56
split_gain=8.31777 10.8721 9.69041 10.7358 9.59296 12.499 8.33608 8.23465 11.7346 9.96359 7.88397 9.75007 10.5295 11.1999
threshold=13.500000000000002 3.7163219369307181 595.90852971531433 3914.3197607280536 20.458333333343038 -9.5148916641871111 199.48395633697513 -34.512029724544497 14.972670807453419 16.014413265306128 0.87915297553851779 75.218595504760756 0.021206266817555917 165.32973710695904
decision_type=10 8 10 8 2 8 8 10 8 8 10 10 10 10
left_child=-1 -2 4 -4 7 -6 -7 8 -3 -10 -9 12 -12 -14
right_child=1 2 3 -5 5 6 -8 10 9 -11 11 -13 13 -15
leaf_value=-0.0047728961811395717 -0.3525663305594996 0.042972366623580595 0.035345478049739185 0.37835944185011661 0.9362795262585345 -0.1906427412303984 0.61558999347325372 0.07985030647041487 -0.51758030910039021 -0.012610671995452733 0.23938473084098094 -0.3795802311481753 -0.017443966528010203 0.27212225359594838
leaf_weight=2517 90 163 122 87 55 64 47 114 56 186 92 65 182 41
leaf_count=2517 90 163 122 87 55 64 47 114 56 186 92 65 182 41
internal_value=0.000224111 0.00210989 0.00282353 0.00871429 0.00166041 0.00826347 0.00241071 0.000433333 -0.00273399 -0.00691358 0.0030303 0.000944882 0.00313291 -0.000401786
internal_weight=3881 1364 1274 209 1065 166 111 899 405 242 494 380 315 223
internal_count=3881 1364 1274 209 1065 166 111 899 405 242 494 380 315 223
is_linear=0
shrinkage=0.03


Tree=450
num_leaves=15
num_cat=0
split_feature=37 63 0 39 28 0 28 62 40 82 41 26 5 29
split_gain=9.27241 9.63491 6.613 7.8497 9.74287 9.47318 15.4332 11.3859 11.0151 10.6708 9.45392 13.7341 8.07476 9.95711
threshold=3135.510503048969 -146.20620589937587 435.00000000000006 2381.6430426309776 120.50000000000001 115.50000000000001 146.50000000000003 -0.021298493673776082 1303.4685303339368 -20.576139728228245 216.2736123800278 114.50000000000001 23.281450629234318 0.92407888788426773
decision_type=10 10 2 8 2 2 2 10 10 10 10 2 10 10
left_child=2 -2 3 4 -1 -5 -7 8 -8 10 11 -9 -11 -14
right_child=1 -3 -4 5 -6 6 7 9 -10 12 -12 -13 13 -15
leaf_value=-0.26173247567031988 0.0087045347072467732 0.24194297406142973 1.346594644966667 -0.028005085270925018 0.0074951873470904219 0.57446355788570669 0.64277767224708526 0.64848716291906061 -0.11142543331898895 -1.0483659981438327 -0.2024060208893978 -0.12544597309908354 -0.48329551721758801 0.14323830074507043
leaf_weight=75 77 51 40 930 2181 77 57 42 68 53 56 50 41 44
leaf_count=75 77 51 40 930 2181 77 57 42 68 53 56 50 41 44
internal_value=0 0.00790698 -0.000274563 -0.000408163 0.000691183 -0.00215645 0.00122699 -0.00109223 0.00642857 -0.00439024 0.00120805 0.00709677 -0.0103597 -0.00453488
internal_weight=3842 128 3714 3674 2256 1418 488 411 125 286 148 92 138 85
internal_count=3842 128 3714 3674 2256 1418 488 411 125 286 148 92 138 85
is_linear=0
shrinkage=0.03


Tree=451
num_leaves=15
num_cat=0
split_feature=28 3 27 17 37 64 53 17 17 25 79 17 17 81
split_gain=7.09664 12.36 12.1171 9.91489 9.87491 11.7382 8.97038 8.62183 8.43081 8.03549 7.53882 13.3986 11.8362 13.019
threshold=132.50000000000003 21.125000000000004 0.8700649350649351 35.000000000000007 1829.6726007230427 4.1000044615541471 5.5000000000000009 37.500000000000007 41.500000000000007 0.84449404761904778 5.2128649904308952 13.500000000000002 21.500000000000004 2810.9470167160039
decision_type=2 2 10 2 10 10 8 2 2 10 10 2 2 10
left_child=1 3 4 -1 5 6 -2 -7 -5 -6 -4 -12 13 -13
right_child=2 -3 10 8 9 7 -8 -9 -10 -11 11 12 -14 -15
leaf_value=-0.00425988706439009 -0.29843343868849287 0.98946380434873449 -0.020390446415124257 -0.84303201789743076 -0.17610788900556382 0.087281966162028157 0.026188526596243756 1.3611691154134213 -0.029276226606715815 0.016184721175873874 -0.24494385327561133 1.3524956636453631 0.0012973855674500178 0.056148658108191057
leaf_weight=291 41 53 831 64 53 45 323 67 152 99 73 69 1510 157
leaf_count=291 41 53 831 64 53 45 323 67 152 99 73 69 1510 157
internal_value=1.56699e-05 -0.0031016 0.000550627 -0.00454724 0.00429253 0.00641509 0.00378082 0.0148673 -0.00940092 -0.00235294 -0.00034078 0.000745856 0.00127807 0.0076652
internal_weight=3828 560 3268 507 628 476 364 112 216 152 2640 1809 1736 226
internal_count=3828 560 3268 507 628 476 364 112 216 152 2640 1809 1736 226
is_linear=0
shrinkage=0.03


Tree=452
num_leaves=15
num_cat=0
split_feature=0 14 25 0 71 67 67 36 8 7 79 79 20 4
split_gain=5.93491 8.78721 17.7115 9.74433 8.59009 8.54608 7.71081 7.29038 7.10366 12.6775 10.9026 7.67188 7.44784 7.43463
threshold=94.500000000000014 761.76300300386606 0.937104430379747 100.50000000000001 6.5000000000000009 293.24758625030529 714.9628298099226 0.12392463562033418 6.9062061017654619 3695.1080210746372 8.8837217895859464 12.176107144283776 621.01055455207836 6.5000000000000009
decision_type=2 10 10 2 8 10 10 8 10 10 10 10 10 2
left_child=5 3 -3 -2 -5 -1 7 -6 9 10 13 -12 -13 -9
right_child=1 2 -4 4 6 -7 -8 8 -10 -11 11 12 -14 -15
leaf_value=-0.0035928836989415468 0.28153662360456511 -0.015860439565331744 0.84643182126206284 0.80598498871588686 0.25679236539744582 -0.25612161636154962 0.35715353104298742 -0.016330303275314328 0.51022527284578156 -0.44189591901595487 -0.4936790719845614 0.026628741275235832 -0.15598899286772308 0.26729942469018408
leaf_weight=2623 46 73 51 77 41 53 57 116 42 129 102 154 69 199
leaf_count=2623 46 73 51 77 41 53 57 116 42 129 102 154 69 199
internal_value=-0.000187842 0.00160761 0.00912 0.000696999 6.07903e-05 -0.000963765 -0.000758242 -0.00147714 -0.00210591 -0.00276623 -0.00102964 -0.0048773 -0.00174107 0.00294304
internal_weight=3832 1156 124 1032 986 2676 909 852 811 769 640 325 223 315
internal_count=3832 1156 124 1032 986 2676 909 852 811 769 640 325 223 315
is_linear=0
shrinkage=0.03


Tree=453
num_leaves=15
num_cat=0
split_feature=60 61 81 60 69 39 30 7 62 71 81 81 48 16
split_gain=5.91052 7.09101 7.1871 6.84927 7.10409 11.3289 11.6542 10.7681 9.30909 14.33 16.9152 12.4923 18.2936 12.8634
threshold=493.56062042713171 0.90754935913570711 8635.6329511404056 412.27412211894995 206.21552992914783 1713.6198211351959 1.0500000000000003 2384.1524456183856 -0.12141781434491902 11.500000000000002 16944.338188409809 7147.0181655883798 -6.1097739140192653 31.500000000000004
decision_type=10 10 8 10 10 10 10 10 10 10 10 10 10 2
left_child=3 2 -2 4 8 7 -7 -6 9 10 11 12 -1 -13
right_child=1 -3 -4 -5 5 6 -8 -9 -10 -11 -12 13 -14 -15
leaf_value=0.036997466983352871 0.041388038046847271 -0.18172973681326762 0.44976711283673465 -0.4287196611622402 0.025798306576168262 -0.33049851825299326 0.016159183352568093 0.73851997999672847 -0.019463091547138732 0.021970676245708809 -1.0653137453405357 0.021189681616100603 -0.11168581744569912 0.83134176393709203
leaf_weight=257 91 52 43 42 120 64 374 70 1510 630 67 139 336 53
leaf_count=257 91 52 43 42 120 64 374 70 1510 630 67 139 336 53
internal_value=-0.000389712 0.00481283 0.00844444 -0.000655201 -0.00051367 0.00238474 -0.000273349 0.00848168 -0.00112262 0.000566419 -0.00196952 -0.000725191 -0.00287879 0.00590674
internal_weight=3848 186 134 3662 3620 628 438 190 2992 1482 852 785 593 192
internal_count=3848 186 134 3662 3620 628 438 190 2992 1482 852 785 593 192
is_linear=0
shrinkage=0.03


Tree=454
num_leaves=15
num_cat=0
split_feature=65 52 28 68 28 76 17 77 52 4 44 37 7 40
split_gain=8.42334 6.42366 8.88033 10.068 17.0706 9.68714 13.6594 10.298 9.63359 9.29083 10.3922 9.26296 11.6758 10.8361
threshold=1.2329482216024708 379.30967915058142 216.50000000000003 0.22255346659561961 314.50000000000006 106.64203035831453 24.500000000000004 -141.24618506431577 83.852237462997451 6.5000000000000009 50.285483121871955 940.29018958010045 3506.7014549908713 36.630507273040308
decision_type=10 10 2 8 2 10 2 8 8 2 10 10 10 8
left_child=1 2 11 5 8 9 -7 -8 -5 -4 -11 12 13 -1
right_child=-2 -3 3 4 -6 6 7 -9 -10 10 -12 -13 -14 -15
leaf_value=0.18316071587001226 -0.26027081526963458 0.013481585451935311 -0.039024037811206821 0.082762595142694365 -1.179888987190497 0.014631955167193492 0.036801662816598649 2.1770822343520218 -0.054443379563737168 -0.0052264544750759961 0.11473311680747372 -0.0068494423413085663 0.23416534116812718 -0.27269229596067679
leaf_weight=55 69 796 144 70 41 126 45 60 85 333 369 1347 58 284
leaf_count=55 69 796 144 70 41 126 45 60 85 333 369 1347 58 284
internal_value=-0.000401751 -0.000212375 -0.00084493 0.00105965 -0.00517766 0.00219852 0.00762931 0.015566 -0.000576923 0.000708383 0.00213371 -0.00223496 -0.00625628 -0.00838235
internal_weight=3882 3813 3017 1273 196 1077 231 105 155 846 702 1744 397 339
internal_count=3882 3813 3017 1273 196 1077 231 105 155 846 702 1744 397 339
is_linear=0
shrinkage=0.03


Tree=455
num_leaves=15
num_cat=0
split_feature=31 5 56 32 32 31 84 67 44 30 56 80 37 37
split_gain=5.88045 8.92015 15.0899 10.4512 8.92816 7.4674 8.37262 7.3601 8.88019 6.91235 9.92489 8.41063 8.02379 6.82808
threshold=7.5548951048951061 182.47222447395328 155.00491778055832 0.065591397849462371 0.074537037037037054 5.6638888888888905 44.080124417940787 97.797734845768304 53.99405229091645 21.850000000000005 167.46027362346652 -134.41663193702695 2048.6873766933836 850.1750031308942
decision_type=8 10 10 10 10 10 10 10 10 8 8 10 10 10
left_child=5 3 -3 7 -5 -1 -7 9 -9 11 12 -2 -11 -6
right_child=1 2 -4 4 13 6 -8 8 -10 10 -12 -13 -14 -15
leaf_value=0.010048682229546571 -0.0077930690499470288 -0.0086342993758485847 -0.62364880521236865 -0.22684091521398855 -0.22045820648103173 0.34472936162167661 -0.034583968181769148 0.043994469510777047 1.1364917415681093 -0.14507736219645556 0.011370200498652486 0.071130991953740216 0.014647669043039428 -0.0057968505611305683
leaf_weight=782 104 69 40 41 134 108 46 44 45 114 112 150 83 1964
leaf_count=782 104 69 40 41 134 108 46 44 45 114 112 150 83 1964
internal_value=4.69116e-05 -0.000620476 -0.009 -0.000290115 -0.00130374 0.00211313 0.00812903 0.00303216 0.011 0.00175532 -0.00125806 0.00541176 -0.00530303 -0.00102906
internal_weight=3836 2900 109 2791 2139 936 154 652 89 563 309 254 197 2098
internal_count=3836 2900 109 2791 2139 936 154 652 89 563 309 254 197 2098
is_linear=0
shrinkage=0.03


Tree=456
num_leaves=15
num_cat=0
split_feature=38 16 77 77 41 68 22 28 49 66 69 8 30 64
split_gain=5.0672 9.83439 13.0092 11.5764 9.61545 10.9228 13.0501 9.46254 9.37073 8.9568 11.7477 7.98075 9.73008 11.8109
threshold=2538.7219504540558 12.500000000000002 60.856666743755348 -204.02106446027753 -65.612006783485398 0.036799898664323635 8.9433181285858172 219.50000000000003 8.5000000000000018 167.99750256538394 129.75636161194828 5.441560409786109 25.850000000000005 4.7258104176796465
decision_type=8 2 10 8 10 10 2 2 10 10 10 10 10 8
left_child=1 3 8 -1 -5 6 -6 -7 9 11 -11 12 13 -3
right_child=-2 2 -4 4 5 7 -8 -9 -10 10 -12 -13 -14 -15
leaf_value=0.71443996740816418 0.0035258630806463032 0.39094207638120387 -0.22348975044014663 0.27899444424365466 -0.18695761326827645 -0.016048874271585304 0.043409036089135357 0.83815491191794822 -0.20866842990762235 -0.69383008142943259 0.011740390262548316 0.82667770470014246 -0.66811373120766426 -0.015502992568920319
leaf_weight=74 2285 49 60 55 114 95 47 45 127 53 58 63 52 655
leaf_count=74 2285 49 60 55 114 95 47 45 127 53 58 63 52 655
internal_value=-0.000438299 -0.00176357 -0.00324687 0.00208817 -0.000168067 -0.00228477 -0.00759259 0.00382979 -0.00246692 -0.00141783 -0.009375 -0.000329268 -0.0011889 -0.000255319
internal_weight=3832 1547 1117 430 356 301 161 140 1057 930 111 819 756 704
internal_count=3832 1547 1117 430 356 301 161 140 1057 930 111 819 756 704
is_linear=0
shrinkage=0.03


Tree=457
num_leaves=15
num_cat=0
split_feature=22 77 77 59 30 26 52 43 69 52 33 26 81 77
split_gain=8.61741 9.67856 9.27484 7.52565 6.89049 9.83075 6.3783 13.8199 12.1583 7.91987 7.65138 7.41391 6.13105 7.11988
threshold=0.8892883062362672 -254.95557320117948 43.842290043830879 148.91311836242679 13.250000000000002 107.50000000000001 17.013303756713871 655.07591135783866 -141.53421104374164 20.591439247131351 14.360646599777036 98.500000000000014 39826.74358308316 -181.98115479946134
decision_type=2 8 10 8 10 2 8 10 10 8 10 2 10 10
left_child=1 -1 3 4 -3 -6 7 8 -2 11 -10 -8 13 -11
right_child=6 2 -4 -5 5 -7 9 -9 10 12 -12 -13 -14 -15
leaf_value=-0.45292873919790311 0.036452439180668109 0.35919759982533084 -0.050038598745995623 -0.017961628636901227 -0.13934616593586049 0.12390939325510288 0.0019650002268195798 0.033610718196883764 -0.082318566755238132 0.0032129822692441223 -0.3643032589182349 0.30218542535605641 0.1113592529276633 -0.022204003496871919
leaf_weight=44 47 128 51 55 48 82 50 79 64 1353 101 46 41 1613
leaf_count=44 47 128 51 55 48 82 50 79 64 1353 101 46 41 1613
internal_value=-0.000299763 0.00381418 0.00542466 0.00735669 0.00949807 0.00458015 -0.000795287 -0.00503425 -0.00901408 -0.000396263 -0.0128313 0.00804124 -0.000668218 -0.00082912
internal_weight=3802 408 364 313 258 130 3394 291 212 3103 165 96 3007 2966
internal_count=3802 408 364 313 258 130 3394 291 212 3103 165 96 3007 2966
is_linear=0
shrinkage=0.03


Tree=458
num_leaves=15
num_cat=0
split_feature=53 54 25 51 75 82 16 7 6 48 33 73 61 29
split_gain=5.61379 11.6753 6.18609 12.2092 8.80958 15.2349 10.2277 10.9454 11.1206 8.45807 8.27335 8.15984 10.1266 7.9442
threshold=17.500000000000004 2010.0000000000002 0.92740447957839278 -151.08688163757321 738.56861829757702 76.17968070507051 13.500000000000002 2759.2248863209975 750.00000000000011 47.551522453625999 16.280471498944411 -34.855968952178948 0.29250303394340005 0.93552544063851018
decision_type=8 8 8 8 8 10 2 8 10 10 10 10 10 8
left_child=2 -2 3 9 -4 6 7 13 -9 -1 -7 -8 -13 -6
right_child=1 -3 4 -5 5 10 11 8 -10 -11 -12 12 -14 -15
leaf_value=-0.28315338373127868 0.31821040919005389 0.0064161799493997829 0.081791549835331087 0.00079338073934173356 -0.27694184031622354 -0.11091339463736591 0.019675522794819433 0.30730959011048381 -0.0022100475984494976 -0.01885911971207907 -0.40994859253512228 -0.17791922202556906 0.052097473385834155 0.075011552184632457
leaf_weight=105 43 232 394 1680 62 202 218 143 61 424 55 108 48 66
leaf_count=105 43 232 394 1680 62 202 218 143 61 424 55 108 48 66
internal_value=0.000117126 0.00423913 -0.00020185 -0.001181 0.00139175 -0.000155602 0.00212164 0.00594595 0.0102439 -0.00515094 -0.00639535 -0.00128 -0.00649682 -0.000930233
internal_weight=3841 275 3566 2209 1357 963 706 332 204 529 257 374 156 128
internal_count=3841 275 3566 2209 1357 963 706 332 204 529 257 374 156 128
is_linear=0
shrinkage=0.03


Tree=459
num_leaves=15
num_cat=0
split_feature=31 17 29 28 17 80 32 80 69 25 32 39 5 66
split_gain=7.21229 5.29099 12.0314 5.30191 15.4455 16.5746 11.9618 10.8622 14.8457 12.3051 9.9463 9.30212 8.68186 8.27212
threshold=81.720833333333346 5.0000000000000009 0.92357745942400082 223.50000000000003 21.500000000000004 -33.165536522865288 0.13423423423423428 32.478202819824226 481.58338899870176 0.91864313292884736 0.22401433691756276 1000.9527221673111 73.694479584693923 303.89275574684149
decision_type=10 2 10 2 2 8 8 8 10 10 8 10 10 8
left_child=1 2 -1 -3 11 6 -6 9 10 -7 12 -5 13 -9
right_child=-2 3 -4 4 5 7 -8 8 -10 -11 -12 -13 -14 -15
leaf_value=0.17303519765685235 0.037391751685150819 -0.0069749306412368916 -0.49365359655909058 0.0034900443977589645 0.68495012728180904 -0.701792787270061 0.014341475287467821 -0.089371223937357414 -0.52861949129535668 -0.013759643360152295 0.046486812967201696 1.3486959882805492 -0.63767073880757907 0.10858424893119632
leaf_weight=52 63 2329 41 43 63 62 203 140 59 77 447 73 51 97
leaf_count=52 63 2329 41 43 63 62 203 140 59 77 447 73 51 97
internal_value=-0.000142068 -0.000313002 -0.00734043 -0.000131687 0.00139058 0.000375 0.00696629 -0.00150964 -0.000150943 -0.00921429 0.00101902 0.0117949 -0.0033218 -0.000882353
internal_weight=3800 3737 93 3644 1315 1199 266 933 794 139 735 116 288 237
internal_count=3800 3737 93 3644 1315 1199 266 933 794 139 735 116 288 237
is_linear=0
shrinkage=0.03


Tree=460
num_leaves=15
num_cat=0
split_feature=67 35 16 82 28 3 8 43 3 36 81 66 60 7
split_gain=6.76872 5.68393 11.4189 10.3649 11.8877 11.6256 11.8346 12.1333 11.3768 10.4819 11.3303 10.306 13.1826 10.2732
threshold=-267.0884508208224 14.198214285714288 4.5000000000000009 -158.83502344290414 314.50000000000006 9.4583333333430364 4.2969114774457973 585.69449131104363 8.8750000000000018 0.24015503875968994 1613.2379046678545 -115.78525578975676 204.07489490509036 1265.8057104814036
decision_type=8 8 2 8 2 2 8 10 2 10 8 8 8 8
left_child=-1 3 -3 -2 5 8 9 -8 13 -7 -11 -12 -13 -5
right_child=1 2 -4 4 -6 6 7 -9 -10 10 11 12 -14 -15
leaf_value=-0.34362990054631237 0.20546298448900216 -0.019396835038293148 0.010618075960405163 0.18255776691534792 -0.48190801916087023 -0.25921407769524935 0.27150623635243681 -0.02246526576674995 -0.49379532772256113 0.598776776247127 0.29058672597087953 -0.16746686206125844 0.01096602948961875 -0.074854368987887041
leaf_weight=51 53 433 1538 41 94 74 217 72 65 51 43 321 454 318
leaf_count=51 53 433 1538 41 94 74 217 72 65 51 43 321 454 318
internal_value=-0.000211709 -6.35762e-05 0.0010497 -0.00128049 -0.00167904 -0.0010863 0.000389294 0.00568966 -0.00536471 -0.00123941 -0.000310345 -0.00117216 -0.00197165 -0.00325
internal_weight=3825 3774 1971 1803 1750 1656 1232 289 424 943 869 818 775 359
internal_count=3825 3774 1971 1803 1750 1656 1232 289 424 943 869 818 775 359
is_linear=0
shrinkage=0.03


Tree=461
num_leaves=15
num_cat=0
split_feature=36 48 58 81 64 71 76 29 0 46 23 75 60 27
split_gain=6.10079 7.15223 9.43429 6.74757 12.2862 11.7345 12.3626 11.5833 11.3052 10.7273 10.2497 9.99956 11.2356 14.8462
threshold=0.096871945259042039 362.52200837930053 395.86195957660681 4632.2083827257165 4.3148947322195417 13.500000000000002 539.11502468585979 0.92848324514991198 281.50000000000006 930.00000000000011 8.3285579681396502 2195.9903212785725 975.62286269664776 0.98518437225636535
decision_type=8 10 10 8 8 10 8 10 2 10 10 8 8 10
left_child=-1 3 -3 10 9 6 -6 -7 11 -5 -2 12 -8 -14
right_child=1 2 -4 4 5 7 8 -9 -10 -11 -12 -13 13 -15
leaf_value=0.021493821769162834 -0.00097391554150746626 -0.34759251898273191 0.0048985702230734058 -0.027822745330214785 -0.13367095160085632 0.0078937955384634408 -0.22820236042605441 0.45654543045574725 0.77530029582632742 -0.71489133356413248 0.19843190966307686 -0.027511758103136507 0.76483347536211554 -0.0087880842502548445
leaf_weight=260 677 47 56 474 269 565 40 95 41 70 255 826 80 74
leaf_count=260 677 47 56 474 269 565 40 95 41 70 255 826 80 74
internal_value=-0.000289817 -0.000613445 -0.00836538 -0.000380733 -0.00118343 -9.04068e-05 -0.001713 0.003177 -0.000254237 -0.00517431 0.00180064 -0.000881489 0.00523077 0.00890323
internal_weight=3829 3569 103 3466 2534 1990 1330 660 1061 544 932 1020 194 154
internal_count=3829 3569 103 3466 2534 1990 1330 660 1061 544 932 1020 194 154
is_linear=0
shrinkage=0.03


Tree=462
num_leaves=15
num_cat=0
split_feature=41 81 80 81 57 14 14 27 69 39 60 35 8 38
split_gain=6.1129 11.1427 7.87395 6.79286 6.5072 6.8846 11.2887 14.9272 8.94793 6.5189 7.35376 9.70268 8.75607 7.5764
threshold=-70.736657738685594 3500.4149638414387 199.48395633697513 3816.8894388675694 11.500000000000002 293.65914442164484 272.05383283938994 0.98473193473193488 -292.92818127159552 882.37048982380304 -107.04284620285033 15.446737588652487 4.5800472281097706 2180.3794117242992
decision_type=10 8 10 8 10 10 10 10 10 10 10 10 10 10
left_child=1 -1 3 -3 5 6 7 8 -5 -7 11 13 -12 -11
right_child=-2 2 -4 4 -6 9 -8 -9 -10 10 12 -13 -14 -15
leaf_value=0.67984058727134 -0.0049778015707076404 -0.1858563699048453 0.76834542713197751 0.31629610889820242 0.27708616414919118 0.086207173891119482 -0.42537066029523729 -0.69818393440847026 -0.033614657095448627 -0.0084969086271739647 0.25072089103207912 -0.53443721174660741 -0.0037335669970701701 0.054641629415900714
leaf_weight=40 3081 69 42 71 53 40 40 45 69 108 60 59 41 46
leaf_count=40 3081 69 42 71 53 40 40 45 69 108 60 59 41 46
internal_value=-3.10479e-05 0.00233418 0.00149194 0.000726496 0.00170616 0.000775862 -0.00331858 -0.00016129 0.00468085 0.00338028 0.00190476 -0.00126168 0.00852941 0.00270968
internal_weight=3864 783 743 701 632 579 225 185 140 354 314 213 101 154
internal_count=3864 783 743 701 632 579 225 185 140 354 314 213 101 154
is_linear=0
shrinkage=0.03


Tree=463
num_leaves=15
num_cat=0
split_feature=66 72 14 37 82 71 33 36 84 62 14 43 4 72
split_gain=5.10388 10.428 5.12216 11.6151 8.29991 9.78688 7.55463 10.0612 7.62704 7.13357 7.05579 8.87867 9.83632 10.1314
threshold=-269.19951641559595 -135.8453023433685 460.7434080897375 2488.8144090807195 147.77504696448645 9.5000000000000018 21.675933075933081 0.12793235133660666 -49.071746647357934 -0.087601882725427113 1116.6233001745152 437.07330409171738 7.5000000000000009 -161.48767840862271
decision_type=8 10 8 10 10 10 10 10 10 10 10 8 2 10
left_child=1 -1 3 6 10 -6 -2 -8 -9 -5 11 -4 -13 -14
right_child=2 -3 4 9 5 -7 7 8 -10 -11 -12 12 13 -15
leaf_value=-0.63053859157497805 0.0075780109963733151 0.051808254228907787 0.010234329629270816 0.014451458100294341 -0.71630658588009866 -0.065235070009082963 0.0091231314869662499 -0.40555857222941516 0.00029142914000213516 1.1161597823870497 0.04943769957279201 -0.076173207718171779 0.10262290209441818 -0.34667476949362397
leaf_weight=68 2248 68 437 40 44 71 65 75 40 41 132 292 153 41
leaf_count=68 2248 68 437 40 44 71 65 75 40 41 132 292 153 41
internal_value=-7.86164e-06 -0.00569343 0.000203804 0.000968127 -0.00143467 -0.00905172 0.000592837 -0.00530387 -0.0106034 0.0120732 -0.000596591 -0.00152597 -0.00431211 0.000923077
internal_weight=3815 136 3679 2509 1170 115 2428 180 115 81 1055 923 486 194
internal_count=3815 136 3679 2509 1170 115 2428 180 115 81 1055 923 486 194
is_linear=0
shrinkage=0.03


Tree=464
num_leaves=15
num_cat=0
split_feature=1 83 17 41 17 41 68 52 82 25 51 39 81 82
split_gain=6.53624 9.40909 8.01327 7.28148 9.94187 7.96816 12.1357 10.9361 11.4545 7.02625 9.12857 8.59465 11.1504 7.74245
threshold=665.53867006301891 216.6566438674927 5.0000000000000009 -81.560667514801011 23.000000000000004 -19.113526821136471 0.082043528678057712 32.459350585937507 162.28652401765189 0.86425061425061445 -172.45454621315 1522.1359823802065 9736.4718060493487 -2.6643025080362954
decision_type=2 10 2 10 2 10 8 10 8 10 10 10 8 8
left_child=3 2 -2 4 -1 6 7 -5 -9 10 -7 -12 -13 -11
right_child=1 -3 -4 5 -6 9 -8 8 -10 13 11 12 -14 -15
leaf_value=0.31830385958426516 -0.3207396787274942 -0.48530920450580212 -0.0054072950331908219 0.14589776248032932 0.011625960487413954 0.0019115072774694396 -0.13930617727266914 -0.10521411308565654 0.092022598870744335 0.049777122969797742 0.70989259087973888 -0.062834693399383204 0.13932288203260393 -0.0057768818864455795
leaf_weight=77 67 50 1294 77 395 175 130 127 52 273 41 61 47 1015
leaf_count=77 67 50 1294 77 395 175 130 127 52 273 41 61 47 1015
internal_value=0.000162287 -0.00146601 -0.000991189 0.00109268 0.00443975 0.00030015 -0.00356589 0.000233463 -0.00383333 0.00122753 0.00516923 0.0106 0.00605505 0.000232739
internal_weight=3881 1411 1361 2470 472 1998 386 256 179 1612 324 149 108 1288
internal_count=3881 1411 1361 2470 472 1998 386 256 179 1612 324 149 108 1288
is_linear=0
shrinkage=0.03


Tree=465
num_leaves=15
num_cat=0
split_feature=70 80 40 0 30 80 51 37 64 57 84 14 61 25
split_gain=8.48967 11.1261 10.8627 9.67614 9.59409 7.68042 7.67577 6.84906 6.67998 9.88417 6.53522 6.6728 5.96307 5.88753
threshold=0.65686274509803932 -134.41663193702695 731.19853724617894 18.500000000000004 39.95000000000001 -203.66100168228147 246.52870881557467 3246.353829369496 5.679453871472357 9.5000000000000018 -35.713303049405404 466.73763917001281 0.76520808480258096 0.97278785634950038
decision_type=8 10 10 2 10 8 10 10 10 10 10 10 8 8
left_child=1 2 -1 -4 10 12 7 8 13 -10 -3 -12 -2 -7
right_child=5 4 3 -5 -6 6 -8 -9 9 -11 11 -13 -14 -15
leaf_value=-0.22097165899542587 0.0086692615018271364 0.36180671186314978 0.011482597171172667 -0.076073188218406557 -0.1259220348435342 -0.009036155470065612 -0.11665366507904379 0.058050955433001157 -0.51833761107430798 -0.0060540372197210243 0.35800303807481054 -0.022637644837749854 0.47260386279843858 0.056226612608082954
leaf_weight=49 58 95 129 45 40 2318 155 61 104 171 75 58 43 366
leaf_count=49 58 95 129 45 40 2318 155 61 104 171 75 58 43 366
internal_value=-0.000199045 0.00347561 -0.00147321 0.00205714 0.00758364 -0.000750687 -0.00101071 -0.000675273 -0.000881757 -0.00532609 0.00995633 0.00559701 0.00735294 -0.000424581
internal_weight=3767 491 223 174 268 3276 3175 3020 2959 275 228 133 101 2684
internal_count=3767 491 223 174 268 3276 3175 3020 2959 275 228 133 101 2684
is_linear=0
shrinkage=0.03


Tree=466
num_leaves=15
num_cat=0
split_feature=30 4 65 68 77 22 16 51 77 43 14 77 37 56
split_gain=7.7346 6.25739 12.1996 11.203 9.62892 13.0331 12.1967 12.0364 11.4239 9.37107 8.36061 10.5133 11.9888 10.8602
threshold=92.550000000000011 6.5000000000000009 0.99830092471421539 0.19206988528288524 -121.89752739667891 5.4861348867416391 36.500000000000007 186.52870881557467 -243.40340566635129 736.55988410204748 160.79954182373555 -91.8778741955757 1578.3303618096393 59.000920772552497
decision_type=8 2 8 8 10 2 2 10 10 8 10 10 10 8
left_child=1 2 3 -1 6 -6 7 9 -8 -4 11 12 13 -3
right_child=-2 10 4 -5 5 -7 8 -9 -10 -11 -12 -13 -14 -15
leaf_value=-0.45575009917324216 0.041033552391181879 0.011979996248190723 0.1955709769862716 0.099377539904971196 -0.21673543109495702 0.0089189524701929201 -0.18600836457443434 -0.087549511834248445 0.083878006880154815 -0.0047604762266095692 0.0048777349376513254 0.54606921543426135 -0.28529380127216492 -0.34760339610404711
leaf_weight=116 73 93 212 46 208 189 112 62 47 113 2315 55 73 49
leaf_count=116 73 93 212 46 208 189 112 62 47 113 2315 55 73 49
internal_value=-0.000278959 -0.000471417 -0.00235986 -0.00993865 -0.00104873 -0.00459799 0.00153565 0.00440722 -0.0054375 0.00671779 0.000336427 -0.00464945 -0.00763889 -0.00251748
internal_weight=3763 3690 1105 162 943 397 546 387 159 325 2585 270 215 142
internal_count=3763 3690 1105 162 943 397 546 387 159 325 2585 270 215 142
is_linear=0
shrinkage=0.03


Tree=467
num_leaves=15
num_cat=0
split_feature=83 3 85 70 29 28 23 80 16 3 65 72 83 80
split_gain=7.8708 10.1934 11.9098 11.2807 13.7603 13.3841 12.6286 8.58308 8.36774 7.50039 7.38517 7.35614 8.26659 7.23557
threshold=32.230449914932258 21.041666666656969 403.32884275913244 0.91987179487179505 0.50501744527125092 169.50000000000003 1.8332028388977053 278.90583515167242 23.500000000000004 14.291666666656967 1.0558631129379241 -59.103061914443963 125.39152991771699 85.216893911361709
decision_type=10 2 10 8 10 2 10 10 2 2 10 10 10 10
left_child=13 2 3 4 -2 -6 -5 9 -7 11 -11 12 -8 -1
right_child=1 -3 -4 6 5 8 7 -9 -10 10 -12 -13 -14 -15
leaf_value=0.0025096949589333306 -0.11686898923259419 0.068691594853315927 -1.3006468580511696 0.020642610633963904 1.1144853552960248 0.37960100257074852 -0.021551351845159772 0.26181871077194108 -0.15470189276046167 -0.34525319037806973 -0.057882869151596912 0.068849634858056494 -0.90876762993311333 0.10727490897492969
leaf_weight=2502 49 129 40 146 75 41 124 56 44 152 50 63 41 329
leaf_count=2502 49 129 40 146 75 41 124 56 44 152 50 63 41 329
internal_value=0.000195211 -0.00207715 -0.00323129 -0.00245843 0.00357143 0.00782609 -0.00445498 -0.00677618 -0.000348837 -0.00821346 -0.0124138 -0.00445415 -0.00777108 0.00100636
internal_weight=3841 1010 881 841 209 160 632 486 85 430 202 228 165 2831
internal_count=3841 1010 881 841 209 160 632 486 85 430 202 228 165 2831
is_linear=0
shrinkage=0.03


Tree=468
num_leaves=15
num_cat=0
split_feature=81 68 8 82 22 60 40 70 7 69 43 1 77 85
split_gain=7.38754 9.96044 8.35218 12.235 12.7047 9.17574 11.0113 8.65097 7.53834 11.7297 7.35067 7.26939 7.14619 7.00666
threshold=26965.108477473263 0.034221696007004566 6.0885345621350027 120.11749581495921 9.2247534990310687 275.40367996692663 3819.2470744421603 0.63961038961038974 3938.2980453615642 295.22637330112906 511.0988513075103 837.52777552604687 -69.598561823368058 -97.214665134747804
decision_type=10 8 8 10 2 10 8 8 10 8 10 2 10 8
left_child=2 -2 8 4 5 6 7 -4 11 10 -10 12 -1 -14
right_child=1 -3 3 -5 -6 -7 -8 -9 9 -11 -12 -13 13 -15
leaf_value=0.0020647577842075292 0.0057435628795915504 -0.6288390471411367 -0.025865795531997218 -0.12600123471352384 -0.029806297701925295 -0.028729537201139816 0.22801023596929232 0.19347684593759509 -0.22112006641895818 0.0061889611227260045 -0.60834993342563592 -0.22074658987801535 0.44098986725905065 0.021566123434307371
leaf_weight=2333 64 61 40 58 72 42 41 221 53 94 54 100 102 517
leaf_count=2333 64 61 40 58 72 42 41 221 53 94 54 100 102 517
internal_value=0.000716325 -0.00642857 0.000957618 0.00467368 0.00647482 0.00886957 0.0106931 0.00835878 0.000414874 -0.00519802 -0.0119444 0.000786112 0.00105655 0.00391935
internal_weight=3852 125 3727 474 416 344 302 261 3253 201 107 3052 2952 619
internal_count=3852 125 3727 474 416 344 302 261 3253 201 107 3052 2952 619
is_linear=0
shrinkage=0.03


Tree=469
num_leaves=15
num_cat=0
split_feature=37 62 84 14 62 23 78 35 62 29 46 84 82 61
split_gain=7.10946 9.05543 7.38403 11.0847 6.80453 10.4762 10.9928 9.54143 8.68769 7.72481 7.47383 7.79579 9.19241 7.12871
threshold=2640.1079139419403 0.029102754341497793 83.970846732457503 552.89336407316841 -0.12447698599024462 3.3285579681396489 0.70833333333333337 11.091690408357076 -0.14672741529262062 0.90870467255998566 630.00000000000011 47.810947577158622 6.6147942145665501 0.86698296174362521
decision_type=10 10 8 8 8 10 8 10 10 10 10 10 8 10
left_child=4 2 -2 -4 5 7 -7 -1 10 -9 -8 12 -12 -6
right_child=1 -3 3 -5 13 6 8 9 -10 -11 11 -13 -14 -15
leaf_value=-0.2343196581596681 -0.15973661963719593 0.26955939347555791 0.29139462149098022 -0.00047903790037832293 -0.0017669745286723782 -0.20713900398119434 0.085276446918000917 0.024482042750604956 0.38756814299431286 0.44475945204639328 -0.11085355411069993 -0.33432537326232759 0.058776585176233735 -0.041149027396975228
leaf_weight=53 59 50 43 79 2653 75 75 101 66 101 64 49 76 275
leaf_count=53 59 50 43 79 2653 75 75 101 66 101 64 49 76 275
internal_value=0.000212042 0.00530172 0.00214286 0.00634146 -0.000117024 0.00263238 -0.000369458 0.00738281 0.00199396 0.0103448 -0.00045283 -0.00363158 0 -0.000737453
internal_weight=3819 231 181 122 3588 660 405 255 330 202 264 189 140 2928
internal_count=3819 231 181 122 3588 660 405 255 330 202 264 189 140 2928
is_linear=0
shrinkage=0.03


Tree=470
num_leaves=15
num_cat=0
split_feature=38 65 17 7 7 7 36 67 15 28 78 57 40 7
split_gain=5.99342 10.0697 8.17092 8.21874 9.90918 10.4195 9.66468 14.7147 9.05654 9.13233 12.7189 10.4619 8.77813 8.63194
threshold=2669.9902851373113 1.1766678176976768 3.5000000000000004 3073.3838402806182 2713.8932026441257 2522.4357818064095 0.31129326047358841 149.42844955662363 37.500000000000007 245.50000000000003 0.87500000000000011 10.500000000000002 219.72092697427951 5231.3618681014495
decision_type=8 10 2 10 8 10 10 10 2 2 8 10 10 10
left_child=1 -1 -2 4 5 6 7 8 9 10 -4 -11 -7 -5
right_child=2 -3 3 13 -6 12 -8 -9 -10 11 -12 -13 -14 -15
leaf_value=-0.0094231215106378129 -0.45603580411952332 -0.3534185450186158 0.061557408717731785 -0.0111217102917634 0.053052415433764565 -0.37995559526019007 0.38432268619988319 -0.26227400459059624 0.24070341727783254 0.02455365999368311 -0.069463611324473429 1.3896856515796547 -0.0042813265321611912 0.018084368685983121
leaf_weight=1662 53 40 130 828 352 59 67 61 64 97 171 41 133 110
leaf_count=1662 53 40 130 828 352 59 67 61 64 97 171 41 133 110
internal_value=-7.75394e-05 -0.00140928 0.000969082 0.00126301 0.00293367 0.00112864 0.00299051 0.00169912 0.00339286 0.00184091 -0.00109272 0.00820144 -0.00497409 -0.000830671
internal_weight=3868 1702 2166 2113 1175 823 631 564 503 439 301 138 192 938
internal_count=3868 1702 2166 2113 1175 823 631 564 503 439 301 138 192 938
is_linear=0
shrinkage=0.03


Tree=471
num_leaves=15
num_cat=0
split_feature=84 62 5 31 7 67 81 64 56 33 52 0 49 24
split_gain=6.535 7.35846 12.783 7.57567 8.52105 8.42749 7.06222 6.63484 9.40615 9.90952 8.44124 11.3045 8.3083 7.77705
threshold=62.365854303042106 -0.075119275612326911 37.547116756439216 23.07628205128206 3904.5492793696326 -61.804500483629965 6567.2136197090158 3.6835287751673564 -48.874988794326775 15.851925925925928 66.878187298774733 60.500000000000007 5.5000000000000009 73.500000000000014
decision_type=10 8 10 8 10 8 10 8 10 10 10 2 10 2
left_child=7 2 -2 4 5 -3 -4 8 -1 10 11 -10 -13 -9
right_child=1 3 6 -5 -6 -7 -8 13 9 -11 -12 12 -14 -15
leaf_value=0.14122729034734802 -0.28235874234272074 0.1960373873227067 -0.25238859489156124 -0.113507448571269 1.0982052102274213 -0.017209946595588797 0.20273188821353386 0.0057745510525142761 -0.2270073747695589 -0.8069584956998993 -0.17606577450296995 -0.043462869211958188 0.27830579696249708 0.033782686255097727
leaf_weight=42 115 44 50 70 42 322 51 2661 63 46 61 42 56 192
leaf_count=42 115 44 50 70 42 322 51 2661 63 46 61 42 56 192
internal_value=0.000303266 -0.00233094 -0.00691244 -0.000250522 0.00132029 -0.000163488 0.000882353 0.000881795 -0.00327974 -0.00535316 -0.00269058 0.000925926 0.00727273 0.00133497
internal_weight=3857 694 216 478 408 366 101 3163 310 268 222 161 98 2853
internal_count=3857 694 216 478 408 366 101 3163 310 268 222 161 98 2853
is_linear=0
shrinkage=0.03


Tree=472
num_leaves=15
num_cat=0
split_feature=46 28 0 34 23 17 28 24 35 69 34 28 8 60
split_gain=7.21212 4.70042 6.5956 6.04073 5.48315 12.95 11.767 13.5161 19.4498 13.5786 12.2573 11.7166 13.0943 12.7361
threshold=6870.0000000000009 427.50000000000006 8.5000000000000018 0.17832681017612526 4.0054835081100473 24.500000000000004 220.50000000000003 43.500000000000007 17.016987179487185 5.853929629603642 0.13079116179615113 279.50000000000006 4.490815234824864 200.78472280502322
decision_type=10 2 2 10 10 2 2 2 10 8 8 2 10 8
left_child=1 4 3 -3 5 11 10 -8 9 -9 -7 12 13 -1
right_child=-2 2 -4 -5 -6 6 7 8 -10 -11 -12 -13 -14 -15
leaf_value=-0.2691965665553302 -0.20871419249611067 0.016527192052563595 -0.22831962533915412 -0.30030566161323502 -0.0071018556210627175 -0.027286529376670091 0.35049233737276125 0.247890756902269 0.27345316604808134 -0.35452354268657693 0.029566730982732565 -0.2412734681707791 0.51387301535048058 0.056659792947830565
leaf_weight=150 47 67 78 54 2217 130 143 47 126 71 457 74 56 140
leaf_count=150 47 67 78 54 2217 130 143 47 126 71 457 74 56 140
internal_value=-0.000318818 -0.000173183 -0.00465 -0.000245902 7.47508e-05 0.00154839 0.00344615 0.0075 0.00318367 -0.00554622 0.000765306 -0.00285036 -0.000518732 -0.00309278
internal_weight=3857 3810 199 121 3611 1394 974 387 244 118 587 420 346 290
internal_count=3857 3810 199 121 3611 1394 974 387 244 118 587 420 346 290
is_linear=0
shrinkage=0.03


Tree=473
num_leaves=15
num_cat=0
split_feature=38 70 3 3 16 81 61 3 40 69 7 7 81 3
split_gain=6.64158 9.23125 12.4083 9.62723 18.8998 18.5475 11.1948 11.0329 15.714 10.5839 9.53777 11.8805 9.45345 9.33235
threshold=3853.5387287361532 0.90454545454545465 15.125000000000002 17.708333333343038 9.5000000000000018 3905.7969937324528 0.44614618405512618 20.208333333343038 280.85853832229787 171.0198088442107 3421.5767920452131 2984.1549194858785 7212.8415356874475 16.791666666656969
decision_type=10 8 2 2 2 10 8 2 10 8 10 10 10 2
left_child=1 2 12 -3 5 -5 -7 -6 9 -9 11 13 -1 -4
right_child=-2 3 10 4 7 6 -8 8 -10 -11 -12 -13 -14 -15
leaf_value=0.0075572936688297543 0.011743500401900597 -0.0036186422115174464 0.47542487622053808 0.85865369030058403 -0.30530144489693667 0.12137379467480629 -0.26519435020528942 0.54951398092181869 -0.42551213377776942 -0.057895410469554959 0.64760715080941489 -0.15806669590432385 -0.18421986651116537 0.0094519765434275902
leaf_weight=362 620 1721 47 75 216 74 78 41 134 74 114 57 94 108
leaf_count=362 620 1721 47 75 216 74 78 41 134 74 114 57 94 108
internal_value=-0.000133648 -0.000685232 0.00214559 -0.00160315 -0.00458874 0.0025 -0.00352941 -0.00804721 -0.00372 0.00439655 0.0066055 0.0028169 -0.00105033 0.00711538
internal_weight=3815 3195 782 2413 692 227 152 465 249 115 326 212 456 155
internal_count=3815 3195 782 2413 692 227 152 465 249 115 326 212 456 155
is_linear=0
shrinkage=0.03


Tree=474
num_leaves=15
num_cat=0
split_feature=44 22 42 42 81 68 8 81 80 70 28 0 31 53
split_gain=6.90649 7.76689 5.86474 11.6778 8.64227 10.9997 12.9239 8.44679 11.8776 8.90287 10.5668 8.83009 20.1593 9.78208
threshold=8.7682361602783221 1.7130910158157351 39.35622692108155 33.251054525375373 9038.4425308704394 -0.13709970557503828 4.3686093723246691 7381.426011443139 -124.6540319919586 0.19375000000000003 152.50000000000003 15.500000000000002 17.040833333333335 7.5000000000000009
decision_type=8 2 10 10 10 10 10 10 8 10 2 2 8 10
left_child=1 -1 3 4 7 -6 -7 8 -2 -9 -11 -10 13 -13
right_child=2 -3 -4 -5 5 6 -8 9 11 10 -12 12 -14 -15
leaf_value=-0.00039543936282903535 -0.32902783006042879 -0.32755162590360298 0.0072045043528293461 -0.15746702331360896 -0.30989944721546647 0.021855454853830905 -0.3807878704922657 -0.10016832826391897 0.008564496165609654 0.96266897964369569 0.020622104813723029 0.55934275223463192 -0.57809038815922165 -0.054216413607893692
leaf_weight=76 70 71 1719 74 140 142 51 46 937 43 150 76 100 168
leaf_count=76 70 71 1719 74 140 142 51 46 937 43 150 76 100 168
internal_value=-0.000333851 -0.00668919 -8.07103e-05 -0.00118619 -0.000732848 -0.00511976 -0.000463918 0.000188561 -0.000732249 0.005375 0.00819588 -7.02028e-05 -0.00417391 0.000489796
internal_weight=3863 147 3716 1997 1923 333 193 1590 1351 239 193 1281 344 244
internal_count=3863 147 3716 1997 1923 333 193 1590 1351 239 193 1281 344 244
is_linear=0
shrinkage=0.03


Tree=475
num_leaves=15
num_cat=0
split_feature=50 44 81 30 69 16 30 39 8 44 61 71 81 29
split_gain=8.41347 8.61462 6.81392 5.6001 7.53461 10.2126 7.35462 6.05037 13.7628 11.1494 10.9861 14.1125 8.39587 17.1377
threshold=3196.8798408508305 2364.5050208568578 7749.3220781087884 35.550000000000004 -9.9650404544917439 4.5000000000000009 34.050000000000004 2364.198827776172 4.1908458530513748 60.840652227401741 0.020378683356562 16.500000000000004 3905.7969937324528 0.92464032491223247
decision_type=10 10 10 8 10 2 10 10 10 8 8 10 8 10
left_child=1 3 -3 6 -5 -6 7 8 -1 -10 -9 12 13 -12
right_child=-2 2 -4 4 5 -7 -8 10 9 -11 11 -13 -14 -15
leaf_value=-0.003767017830140169 -0.16682822647013335 0.016231383002253994 0.79893455644470202 -0.0014682454043430495 -0.0091453155781543675 0.18952917545830095 -0.77170540486529582 0.02578440533746014 0.0085832476853976662 0.28529937225476537 0.94355753879440885 0.1256772200680373 -0.083386979593952193 -0.21585329739428755
leaf_weight=1579 96 84 44 305 69 140 50 191 178 145 49 64 784 44
leaf_count=1579 96 84 44 305 69 140 50 191 178 145 49 64 784 44
internal_value=6.27779e-05 0.000289777 0.00790698 1.66713e-05 0.00291262 0.00728571 -0.000466775 -0.000276771 0.0007567 0.00638889 -0.00201236 -0.00334395 -0.00433941 0.00414894
internal_weight=3822 3726 128 3598 514 209 3084 3034 1902 323 1132 941 877 93
internal_count=3822 3726 128 3598 514 209 3084 3034 1902 323 1132 941 877 93
is_linear=0
shrinkage=0.03


Tree=476
num_leaves=15
num_cat=0
split_feature=5 56 27 3 29 40 76 41 53 3 75 83 71 69
split_gain=7.69727 9.11156 8.56636 15.756 8.16887 7.49034 7.46147 7.2417 7.33013 9.08088 8.3937 7.90034 10.0262 8.70118
threshold=64.067189931869521 321.56826766332 0.97080136402387052 17.375000000000004 0.97202660406885777 2129.9205951004419 104.48191165924074 275.62139534950262 5.5000000000000009 16.791666666656969 4.8655530214309701 -22.98492336273193 8.5000000000000018 132.21371454956508
decision_type=8 10 10 2 10 10 8 10 8 2 10 8 10 10
left_child=1 2 4 -4 6 -3 -1 8 9 -8 11 12 -10 -13
right_child=-2 5 3 -5 -6 -7 7 -9 10 -11 -12 13 -14 -15
leaf_value=-0.74654475480026983 -0.014025951880754145 0.86877473168932651 0.33376818274018472 -0.044490059076879619 -0.63732315824731955 0.0073057902540731674 -0.47309616223592788 -0.25197193179224259 -0.058120191300485152 0.071660802198467724 1.0918288130738139 -0.0048227298194626657 0.074955843426822932 0.085670301300654533
leaf_weight=55 1346 45 75 48 47 57 119 61 94 50 41 1065 456 282
leaf_count=55 1346 45 75 48 47 57 119 61 94 50 41 1065 456 282
internal_value=0.000179594 0.00116587 0.000789474 0.00846774 0.000369881 0.00990291 0.000633993 0.000912863 0.00120968 -0.00476471 0.00173285 0.00143836 0.00446461 0.000200297
internal_weight=3841 2495 2393 123 2270 102 2223 2168 2107 169 1938 1897 550 1347
internal_count=3841 2495 2393 123 2270 102 2223 2168 2107 169 1938 1897 550 1347
is_linear=0
shrinkage=0.03


Tree=477
num_leaves=15
num_cat=0
split_feature=15 43 1 3 3 7 64 59 41 41 78 3 79 60
split_gain=6.90205 10.3464 12.1212 10.4585 9.59989 12.2204 9.32005 10.1545 8.91184 17.1048 9.28493 9.45453 10.0605 9.04626
threshold=27.500000000000004 198.12365469395201 609.24851906299602 15.541666666656967 13.625000000000002 2522.4357818064095 6.1590404637391991 119.08346462249757 -70.736657738685594 -56.663733482360833 0.41666666666666669 9.0416666666569672 7.5027232965664563 -134.91144776344296
decision_type=2 10 2 2 2 10 8 10 8 8 8 2 10 10
left_child=8 -2 -3 4 5 -4 7 -5 10 -10 -1 -12 -13 -14
right_child=1 2 3 6 -6 -7 -8 -9 9 -11 11 12 13 -15
leaf_value=-0.079843603760684792 0.13730809604966068 0.065066326734805391 0.20819635604346021 -0.036931863850752228 -1.0390265052810492 -0.04595331003363861 0.33490248530270872 0.14099325963888809 -0.59977161703044246 -0.0062288593844871528 0.79489724259399885 -0.062606517131533077 -0.011621702723735368 0.17158612637910636
leaf_weight=51 219 53 41 116 48 179 49 77 72 2537 57 99 107 133
leaf_count=51 219 53 41 116 48 179 49 77 72 2537 57 99 107 133
internal_value=1.56291e-05 0.00252874 0.00037234 -0.00105675 -0.00513011 -0.00244344 0.00345679 0.000463918 -0.000628067 -0.00129885 0.00328125 0.00483627 0.00291176 0.00622407
internal_weight=3838 782 563 510 268 220 242 193 3056 2609 447 396 339 240
internal_count=3838 782 563 510 268 220 242 193 3056 2609 447 396 339 240
is_linear=0
shrinkage=0.03


Tree=478
num_leaves=15
num_cat=0
split_feature=64 15 29 7 66 38 71 4 0 56 81 1 65 61
split_gain=7.12112 12.9767 10.0949 8.90189 10.5195 8.90815 11.803 8.28936 7.9791 8.52527 8.80158 7.58031 9.03672 8.16948
threshold=5.6252911504796561 20.500000000000004 0.86965655827548416 2713.8932026441257 -50.870374560356133 4351.2887808431187 16.500000000000004 8.5000000000000018 -65.499999999999986 -28.978484471638996 4709.7794868946085 666.52870881557476 1.0535443372569724 0.054849335978146126
decision_type=10 2 10 8 8 10 10 2 2 8 10 2 8 8
left_child=3 -2 -3 5 -5 6 11 -4 -6 10 -10 -1 -13 -14
right_child=1 2 7 4 8 -7 -8 -9 9 -11 -12 12 13 -15
leaf_value=0.0049320984949322794 -0.51018947971655759 -0.034881399371893301 -0.0031588167319974046 0.16014239528926014 -0.23959845955146492 0.16761012357694166 -0.43018834798771982 0.85089850179828663 0.26517159415330172 0.0032153991481262707 0.02717797012206152 -0.46042932862990904 -0.16950014765902108 -0.0030401506717792114
leaf_weight=1030 120 98 78 182 97 68 59 67 103 1231 130 100 66 392
leaf_count=1030 120 98 78 182 97 68 59 67 103 1231 130 100 66 392
internal_value=0.000117739 -0.00387363 0.000122951 0.000537728 0.00204702 -0.000996503 -0.00143811 0.00513699 0.0012484 0.00180205 0.00705128 -0.00094399 -0.00375671 -0.00196078
internal_weight=3821 363 243 3458 1743 1715 1647 145 1561 1464 233 1588 558 458
internal_count=3821 363 243 3458 1743 1715 1647 145 1561 1464 233 1588 558 458
is_linear=0
shrinkage=0.03


Tree=479
num_leaves=15
num_cat=0
split_feature=61 25 5 25 39 56 31 83 59 42 37 31 14 26
split_gain=5.51725 6.83054 11.5635 13.4751 13.2262 11.4755 13.0663 10.4866 8.6005 8.15866 7.64121 10.0003 8.58797 12.6015
threshold=0.28949042126707575 0.89915254237288156 114.46132993698122 0.87194394752534299 1432.1246155108117 14.159761071205141 21.463333333333335 24.878504157066349 119.08346462249757 22.211696386337284 1332.3196724276672 15.290000000000001 795.69033424516317 135.50000000000003
decision_type=8 8 10 10 10 8 8 10 10 10 10 10 8 2
left_child=-1 2 3 5 -5 6 7 -2 -4 -6 11 -3 -12 -14
right_child=1 10 8 4 9 -7 -8 -9 -10 -11 12 -13 13 -15
leaf_value=-0.010412988598257761 0.32483076132506766 0.0090876484353206166 -0.37298954257547889 0.076171712365128458 -0.018141911580766105 0.03801548628078491 -0.18602897642259947 -0.030282546219311042 0.028903808505850812 -0.2484819387681009 0.03178068671388453 -0.13044046605873291 0.00048203187678800771 0.62174355402571957
leaf_weight=1261 74 846 113 91 106 290 81 51 44 106 584 64 46 65
leaf_count=1261 74 846 113 91 106 290 81 51 44 106 584 64 46 65
internal_value=7.84724e-05 0.00087822 -0.00112853 0.0003375 -0.00463816 0.00338028 -0.00202899 0.00404762 -0.0085443 -0.00873239 0.00207347 0.000263447 0.00443966 0.0120536
internal_weight=3822 2561 956 799 303 496 206 125 157 212 1605 910 695 111
internal_count=3822 2561 956 799 303 496 206 125 157 212 1605 910 695 111
is_linear=0
shrinkage=0.03


Tree=480
num_leaves=15
num_cat=0
split_feature=50 9 9 9 44 9 23 83 73 82 68 15 60 48
split_gain=6.07457 8.9549 9.46368 7.64167 7.34314 6.72414 6.66151 6.19161 5.98628 7.69675 8.41978 10.766 16.8656 10.9992
threshold=3196.8798408508305 2490.0000000000005 1350.0000000000002 870.00000000000011 3107.8843531608586 630.00000000000011 6.9433181285858163 46.428337693214424 41.029426932334907 -164.44167923927304 0.12644406544229944 13.500000000000002 371.44825458526617 261.3581657012304
decision_type=10 2 2 2 10 2 10 8 10 8 8 2 10 10
left_child=1 2 3 5 -3 8 -4 -2 9 -1 -11 13 -13 -12
right_child=7 4 6 -5 -6 -7 -8 -9 -10 10 11 12 -14 -15
leaf_value=0.091655103755686307 0.00078041684018686824 0.30208607769599211 -0.021728062850614821 0.1417986173038453 -0.031560023687396667 -0.24668432704564788 -0.76733527095080178 -0.25741681473081524 0.059339025247021046 -0.012354739281474262 -0.024668339292798037 0.070665158455873359 -0.23777206207621532 0.10327693280915029
leaf_weight=70 50 74 42 87 41 92 46 52 135 2018 523 461 41 69
leaf_count=70 50 74 42 87 41 92 46 52 135 2018 523 461 41 69
internal_value=-0.000386639 -0.000186486 -0.000451883 -0.000205891 0.00801724 -0.000431085 -0.0101124 -0.00757282 -0.000207957 -0.000471254 -0.000693864 0.00142466 0.00465209 -0.00131535
internal_weight=3801 3699 3584 3496 115 3409 88 102 3317 3182 3112 1094 502 592
internal_count=3801 3699 3584 3496 115 3409 88 102 3317 3182 3112 1094 502 592
is_linear=0
shrinkage=0.03


Tree=481
num_leaves=15
num_cat=0
split_feature=16 25 67 77 67 41 77 77 77 8 38 82 71 56
split_gain=4.68028 5.89821 8.24051 4.85636 8.70036 8.56775 8.23817 10.9025 10.5257 6.9087 8.42572 6.71672 6.28338 10.5867
threshold=1.0000000180025095e-35 0.87577160493827166 5.524019453260629 34.815876245498664 -29.077833437919544 15.135017752647402 15.967813551425936 12.140736043453218 6.7750534415245065 6.0433030104753334 3576.8578990269302 -28.322841564814247 7.5000000000000009 75.345421393712385
decision_type=2 10 10 10 8 8 10 10 10 10 10 10 10 8
left_child=1 -1 -3 6 -5 -6 7 8 9 -2 -11 -12 -7 -14
right_child=3 2 -4 4 5 12 -8 -9 -10 10 11 -13 13 -15
leaf_value=0.1989519303928553 1.9809686840872584e-05 -0.6009745496285146 0.015280461213626813 -0.4707710887990329 0.063056536852184791 0.026021278719969416 0.16976728881215761 -0.45868225556841513 0.7332108363164449 0.21146753978397659 0.039611903690251325 -0.099188846963449956 -0.53103991926976868 -0.020746493520290933
leaf_weight=40 2786 61 40 45 76 69 129 56 42 105 61 48 44 222
leaf_count=40 2786 61 40 45 76 69 129 56 42 105 61 48 44 222
internal_value=6.27451e-05 -0.00528169 -0.00911765 0.00026873 -0.00262582 -0.00123786 0.000678439 0.000367861 0.000611239 0.000399867 0.0055814 -0.000272727 -0.00330357 -0.00539326
internal_weight=3824 141 101 3683 456 411 3227 3098 3042 3000 214 109 335 266
internal_count=3824 141 101 3683 456 411 3227 3098 3042 3000 214 109 335 266
is_linear=0
shrinkage=0.03


Tree=482
num_leaves=15
num_cat=0
split_feature=7 56 7 32 80 82 80 82 6 4 29 84 0 27
split_gain=6.02944 7.50813 6.19585 7.10947 10.0679 7.64469 8.90732 7.49949 6.96163 9.39833 9.22804 11.0219 12.3028 7.65579
threshold=5123.2697457641034 125.72860348224641 3073.3838402806182 0.046536796536796543 118.91316413879396 147.77504696448645 263.68310797214514 7.3096038103103647 810.00000000000011 6.5000000000000009 0.86707031535816215 -73.466993987560258 1.0000000180025095e-35 0.89616515559911802
decision_type=10 8 8 8 10 8 8 8 10 2 10 10 2 10
left_child=2 -2 -1 4 7 8 -7 -4 9 -5 11 -11 -13 -12
right_child=1 -3 3 5 -6 6 -8 -9 -10 10 13 12 -14 -15
leaf_value=0.004185165188679534 0.13795323585122188 -0.0079233342250465445 0.049822366475860844 -0.1778588914919858 0.54787088165402908 -0.69730319894556092 -0.030295923785575461 -0.054049410118553458 -0.48060771382193374 0.15685220339391612 0.2236551373755559 -0.42343803346878262 0.0018417434950635326 0.016871763569482282
leaf_weight=2359 98 78 43 92 41 56 416 106 66 54 86 51 44 256
leaf_count=2359 98 78 43 92 41 56 416 106 66 54 86 51 44 256
internal_value=1.55966e-05 0.00542373 -0.000245165 -0.00189787 0.0034555 -0.00280749 -0.00570825 -0.0002 -0.000692308 0.000359589 0.0020122 -0.0042 -0.0103125 0.00472303
internal_weight=3846 176 3670 1311 190 1121 472 149 649 583 491 149 95 342
internal_count=3846 176 3670 1311 190 1121 472 149 649 583 491 149 95 342
is_linear=0
shrinkage=0.03


Tree=483
num_leaves=15
num_cat=0
split_feature=38 50 20 8 44 53 7 82 72 56 69 15 7 71
split_gain=6.17381 7.36175 9.75223 8.38299 6.68521 6.17668 5.8696 8.57996 6.34692 8.65602 8.60976 10.4028 7.31319 14.3327
threshold=22.472537268438376 1543.0117584466936 428.56582868099218 4.4598949866308102 2016.240507245064 11.500000000000002 5046.7826956723011 60.036110917727164 11.597105622291567 -6.9560690323511754 150.21555316363066 28.500000000000004 3647.9658115381767 6.5000000000000009
decision_type=8 10 8 10 10 10 10 8 10 10 8 2 10 10
left_child=-1 4 -3 5 6 -4 8 -8 12 -10 11 -11 -2 -14
right_child=1 2 3 -5 -6 -7 7 -9 9 10 -12 -13 13 -15
leaf_value=0.15769118606202301 0.0035958198052613486 -0.3637610941481686 -0.057065790443573246 -0.086136185410845875 0.66362322070603819 0.044616658639923173 1.6448502089063279 0.0084736945123804145 0.22483831795912904 -0.26485583821532299 0.018611085120645274 0.058012782099822004 1.1884167424208951 -0.050179615439788695
leaf_weight=68 2469 74 72 52 60 46 45 127 41 125 74 43 59 458
leaf_count=68 2469 74 72 52 60 46 45 127 41 125 74 43 59 458
internal_value=-0.000196644 -0.000360384 -0.00538776 -0.00140351 -8.56653e-06 0.00302521 -0.000183033 0.00520231 -0.00046789 -0.00475352 -0.00691358 -0.0106509 -6.02611e-05 -0.00330116
internal_weight=3813 3745 244 170 3501 118 3441 172 3269 283 242 168 2986 517
internal_count=3813 3745 244 170 3501 118 3441 172 3269 283 242 168 2986 517
is_linear=0
shrinkage=0.03


Tree=484
num_leaves=15
num_cat=0
split_feature=15 83 38 33 68 15 4 77 77 28 83 81 77 28
split_gain=5.33509 8.67161 10.3034 8.02646 12.1359 7.41722 13.9737 6.69076 8.13274 12.4276 11.4446 9.63868 10.366 13.6096
threshold=27.500000000000004 48.450216054916389 3244.674362637486 20.704554554554559 -0.044364749998917943 34.500000000000007 8.5000000000000018 -289.75356954336161 -195.47115206718442 250.50000000000003 138.65970242023471 4597.665326476098 -35.511103272438042 310.50000000000006
decision_type=2 8 8 10 8 2 2 8 10 2 10 8 10 2
left_child=7 3 -3 4 -2 -4 -7 -1 9 10 -9 -10 13 -13
right_child=1 2 5 -5 -6 6 -8 8 11 -11 -12 12 -14 -15
leaf_value=-0.1277859125669536 0.022050049438789791 -0.045317635675195915 0.067850964195614955 -0.080904526330593182 0.31640922276816624 0.01560083094759657 -0.11917403169919982 -0.0010084850126585608 0.039765207869409951 0.27260634792389415 0.96567529566437482 -0.050617940903761247 0.0071619743058021611 -0.66089246576933025
leaf_weight=198 134 184 82 66 155 96 48 814 443 158 56 746 605 68
leaf_count=198 134 184 82 66 155 96 48 814 443 158 56 746 605 68
internal_value=0.000147898 0.00238903 -0.000583942 0.00581461 0.00796552 0.00370044 -0.000413793 -0.000407899 -4.15081e-05 0.00209913 0.000688863 -0.00122383 -0.00242958 -0.00463804
internal_weight=3853 765 410 355 289 226 144 3088 2890 1028 870 1862 1419 814
internal_count=3853 765 410 355 289 226 144 3088 2890 1028 870 1862 1419 814
is_linear=0
shrinkage=0.03


Tree=485
num_leaves=15
num_cat=0
split_feature=0 40 7 60 67 0 38 66 82 84 14 14 67 61
split_gain=6.7923 8.69018 8.83471 9.20855 9.373 8.11923 7.61778 10.4943 12.2326 11.8991 9.11694 8.97323 10.4351 10.4396
threshold=94.500000000000014 117.8136420541539 3013.2838415674601 -113.06775200366972 -142.61157273472125 100.50000000000001 3114.4683515396828 220.67688810825351 10.028531670570375 54.852808415889747 536.13137141180789 460.7434080897375 714.9628298099226 0.51900354435065021
decision_type=2 10 10 10 10 2 8 8 10 8 10 10 8 8
left_child=1 2 -1 -4 -5 -2 11 8 -8 -9 -11 -7 13 -13
right_child=5 -3 3 4 -6 6 7 9 -10 10 -12 12 -14 -15
leaf_value=0.028569903892669755 0.36062374222482302 -0.0082384504120696523 -0.39844843353774417 0.087019325242792003 -0.077279186231123301 0.030179578095222863 1.0118772305912735 0.29701301430314636 -0.0048035876447799809 -0.18277584588107401 0.02546355165087873 -0.78984007065492945 0.022603578284095583 -0.026749476235876271
leaf_weight=631 47 1873 46 49 61 497 86 77 50 93 76 55 110 44
leaf_count=631 47 1873 46 49 61 497 86 77 50 93 76 55 110 44
internal_value=0.000355638 -0.000473506 0.00217005 -0.00420382 0.000540541 0.00229754 0.00176309 0.00516971 0.0118248 0.00145749 -0.003 -8.48656e-05 -0.00528571 -0.0123
internal_weight=3795 2660 787 156 110 1135 1088 382 136 246 169 706 209 99
internal_count=3795 2660 787 156 110 1135 1088 382 136 246 169 706 209 99
is_linear=0
shrinkage=0.03


Tree=486
num_leaves=15
num_cat=0
split_feature=27 53 59 83 16 83 81 5 74 83 8 44 78 65
split_gain=7.64056 8.45805 12.5833 8.9093 8.654 7.57797 7.01197 6.94952 8.57967 8.87288 9.50768 8.33184 7.78284 8.54706
threshold=0.8818539727988548 5.5000000000000009 157.7550724744797 50.283302903175361 14.500000000000002 308.43814015388494 17338.750726103786 116.01151883602144 2507.4318005138916 -112.61937785148619 6.7756259322430941 407.16727435588842 0.70833333333333337 0.99830092471421539
decision_type=10 8 10 10 2 10 10 10 8 8 10 10 10 10
left_child=1 -1 3 6 -5 -2 7 8 -3 -10 12 -9 13 -11
right_child=5 2 -4 4 -6 -7 -8 11 9 10 -12 -13 -14 -15
leaf_value=-0.62779376013039134 0.0041536757113748018 0.31939081287258836 0.33009950954293488 -0.0064570891579867947 -0.45830195185734635 0.57929296821884246 0.32840498068607843 -0.35008010274622148 -0.24430748808792863 0.00081880261613345164 -0.019026946049210881 -0.010963925419268121 0.1351237304853232 -0.62604264513471053
leaf_weight=84 2687 63 67 80 86 56 53 44 72 223 59 59 163 50
leaf_count=84 2687 63 67 80 86 56 53 44 72 223 59 59 163 50
internal_value=-9.35794e-05 -0.00220109 -0.00144118 -0.00232949 -0.00862275 0.000754373 -0.000991105 -0.00175749 -0.000570523 -0.00174296 -0.000302419 -0.00894231 0.0012357 -0.00186131
internal_weight=3846 1103 1019 952 166 2743 786 733 630 567 495 103 436 273
internal_count=3846 1103 1019 952 166 2743 786 733 630 567 495 103 436 273
is_linear=0
shrinkage=0.03


Tree=487
num_leaves=15
num_cat=0
split_feature=82 62 74 79 14 80 79 73 31 8 1 4 16 29
split_gain=6.77874 9.63328 13.4493 8.83179 13.8486 9.8298 9.56882 9.18086 8.8001 11.5839 11.7626 9.69803 9.27365 8.80646
threshold=-150.37561261653897 0.0036285947363210304 39.426897158514016 7.9357846521599855 484.00534592793605 -1.0000000180025095e-35 6.9531516053413016 -16.138502478599545 20.652777777777782 3.9197146698567553 688.91311836242687 7.5000000000000009 17.500000000000004 0.89763239002521722
decision_type=8 10 10 8 10 8 10 8 8 10 2 2 2 10
left_child=1 2 -1 4 8 -5 -6 -7 9 10 13 -12 -11 -2
right_child=3 -3 -4 5 6 7 -8 -9 -10 12 11 -13 -14 -15
leaf_value=0.18278482563379445 -0.45468028999950094 0.2753356685230357 -0.36825819986320163 0.03141312186183455 -0.10658096506574252 -0.083217941319288891 -0.64073621426796268 0.0023268075060748571 -0.16022899000556629 0.22723293286863686 -0.74283591896371848 -0.018961758014660181 -0.018260601672680891 0.041431023750595132
leaf_weight=40 64 60 51 604 184 123 44 2071 80 130 41 40 54 259
leaf_count=40 64 60 51 604 184 123 44 2071 80 130 41 40 54 259
internal_value=0.000304212 0.00651316 0.000326087 4.87145e-05 -0.00254181 0.000878885 -0.0089083 -5.46697e-05 -0.000358744 0.000916808 -0.00192593 -0.0120732 0.00713514 0.000648148
internal_weight=3845 151 91 3694 896 2798 228 2194 668 588 404 81 184 323
internal_count=3845 151 91 3694 896 2798 228 2194 668 588 404 81 184 323
is_linear=0
shrinkage=0.03


Tree=488
num_leaves=15
num_cat=0
split_feature=4 43 83 84 27 5 31 81 22 14 48 84 66 23
split_gain=6.87681 15.3829 14.1761 10.3825 9.6997 9.62007 9.00629 8.67483 14.9207 10.8108 9.88397 9.58504 11.7235 8.57157
threshold=7.5000000000000009 545.41794117912934 -133.56410682201383 102.56418824195863 0.95706605222734276 214.49014329910281 23.557739938080498 8985.174770593645 11.557408928871157 257.14077333289873 232.16206983725235 89.724067409833296 77.548325300216689 11.005483508110048
decision_type=2 10 8 10 10 10 10 8 2 10 10 8 8 10
left_child=1 3 -2 6 7 -6 -1 8 10 -9 13 12 -11 -4
right_child=2 -3 4 -5 5 -7 -8 9 -10 11 -12 -13 -14 -15
leaf_value=0.010231122918584284 0.40379918992104824 -0.036040635843479975 0.02415279605018945 -0.26601945893238083 -0.14010161173821153 0.14605356783067067 0.19769200473747328 -0.052653890713597759 0.56933867649072745 0.018703128293455152 1.0710112096776292 0.016598973803020663 -0.30728873184342193 -0.17533022361131723
leaf_weight=1164 120 621 689 132 154 47 77 130 83 56 42 380 66 51
leaf_count=1164 120 621 689 132 154 47 77 130 83 56 42 380 66 51
internal_value=0.000645161 -0.000571429 0.00197911 0.00120087 0.00127134 -0.00490099 0.00205314 0.0021028 0.00405312 -0.00056872 0.00275862 0.00143141 -0.00585366 0.00194332
internal_weight=3812 1994 1818 1373 1698 201 1241 1497 865 632 782 502 122 740
internal_count=3812 1994 1818 1373 1698 201 1241 1497 865 632 782 502 122 740
is_linear=0
shrinkage=0.03


Tree=489
num_leaves=15
num_cat=0
split_feature=7 29 29 81 69 81 65 65 77 45 71 77 77 71
split_gain=7.09059 9.53234 8.73096 8.42603 14.1121 11.3636 8.18514 13.2467 12.422 13.1483 7.43238 7.50092 9.32729 9.14585
threshold=3073.3838402806182 0.93201941747572825 0.91541209354528885 7147.0181655883798 -47.959736606537867 4087.7564445734029 0.80363142480764449 0.96198062156380149 -1.3355952501296995 8.5000000000000018 16.500000000000004 124.5547224879265 -69.339104831218705 11.500000000000002
decision_type=8 10 10 8 8 10 8 8 10 8 10 10 10 8
left_child=-1 2 10 5 -5 -4 -3 -8 9 -9 11 12 -2 -14
right_child=1 6 3 4 -6 -7 7 8 -10 -11 -12 -13 13 -15
leaf_value=0.01022981965567368 -0.005740501867551877 0.42537435954003805 -0.079827877893809213 0.73670366594438319 -0.34965608758612404 -1.1324980782693317 -0.20278082221264251 0.17802879959531276 1.2747795433052482 -0.15714432338160961 0.25550011434532249 0.070221850060782715 0.011765981543872836 -0.37402894169605544
leaf_weight=2341 589 44 41 42 74 60 80 87 80 127 73 40 41 102
leaf_count=2341 589 44 41 42 74 60 80 87 80 127 73 40 41 102
internal_value=0.000368917 -0.00125591 -0.00276576 -0.00811927 -0.0025641 -0.0144118 0.00257757 0.00112 0.0040678 0.00027907 -0.00138298 -0.00225097 -0.00294679 -0.00979167
internal_weight=3821 1480 1062 217 116 101 418 374 294 214 845 772 732 143
internal_count=3821 1480 1062 217 116 101 418 374 294 214 845 772 732 143
is_linear=0
shrinkage=0.03


Tree=490
num_leaves=15
num_cat=0
split_feature=28 57 1 80 17 3 3 70 17 16 43 66 52 76
split_gain=7.8007 11.5975 11.7706 10.8445 9.43629 9.8724 9.56494 8.74548 8.50139 13.5577 10.8332 11.2473 10.4638 11.7095
threshold=177.50000000000003 7.5000000000000009 623.82469952106487 -167.86078178882596 21.500000000000004 11.208333333343036 19.541666666656969 1.0000000180025095e-35 35.000000000000007 23.500000000000004 484.46341204944719 139.02085912227633 16.541173338890079 407.25558435916906
decision_type=2 8 2 8 2 2 2 8 2 2 8 10 8 10
left_child=7 2 -2 -3 5 -4 -6 -1 9 10 12 -12 -5 -14
right_child=1 3 4 8 6 -7 -8 -9 -10 -11 11 -13 13 -15
leaf_value=-0.03253054223922653 0.052777294598061811 0.27540776444488413 -0.0598507523962067 -0.1192718687409161 -0.06778399219943218 1.1059181362423625 -0.57050354154401195 0.011137754659251094 -0.0095092850785358958 0.85286977111159479 -0.31947986622033364 0.19138155017017849 0.43204055600179186 -0.26316278663581977
leaf_weight=133 100 83 62 41 409 48 70 1612 801 41 120 40 236 41
leaf_count=133 100 83 62 41 409 48 70 1612 801 41 120 40 236 41
internal_value=0.000289213 -0.000946011 -0.00413043 0.000619658 -0.00574576 0.00216216 -0.0075625 0.00176976 -4.54201e-05 0.00294231 0.00150313 -0.00484472 0.00470219 0.00679856
internal_weight=3837 2092 689 1403 589 110 479 1745 1320 519 478 160 318 277
internal_count=3837 2092 689 1403 589 110 479 1745 1320 519 478 160 318 277
is_linear=0
shrinkage=0.03


Tree=491
num_leaves=15
num_cat=0
split_feature=60 61 3 60 75 76 3 25 14 29 3 63 38 81
split_gain=5.61843 6.17854 6.47698 6.137 5.66073 7.89132 16.7936 6.02276 15.8802 8.59956 12.1855 7.38528 6.6299 9.48694
threshold=493.56062042713171 0.90040803138923031 15.375000000000002 412.27412211894995 895.78712701797497 672.50079238414776 13.625000000000002 0.97278785634950038 310.81481067560577 0.68937181663837022 12.875000000000002 210.03169432083993 3011.0612762949486 4536.5667403936395
decision_type=10 10 2 10 10 10 2 10 8 10 2 8 10 8
left_child=3 2 -2 4 5 7 -7 12 11 -10 -11 -9 13 -1
right_child=1 -3 -4 -5 -6 6 -8 8 9 10 -12 -13 -14 -15
leaf_value=0.013619768093546512 0.0050745242120419217 -0.13670388550473325 0.31193252699211277 -0.2993952331121969 -0.12125095157820794 1.2028313910624071 -0.0077884617470985584 0.37032910478295705 -0.26360729783163189 -0.079379653321429905 0.14718465503686984 0.18545691430170957 0.0084317988209360092 -0.035466764264212927
leaf_weight=576 64 56 66 45 151 43 76 48 40 88 76 52 1257 1162
leaf_count=576 64 56 66 45 151 43 76 48 40 88 76 52 1257 1162
internal_value=6.31413e-05 0.00513369 0.00870229 -0.00019917 -5.88235e-05 0.000193039 0.00775 -8.18182e-05 0.00393443 -0.000878049 0.00218182 0.0136634 -0.000490654 -0.00169063
internal_weight=3800 186 130 3614 3569 3418 119 3299 304 204 164 100 2995 1738
internal_count=3800 186 130 3614 3569 3418 119 3299 304 204 164 100 2995 1738
is_linear=0
shrinkage=0.03


Tree=492
num_leaves=15
num_cat=0
split_feature=3 28 52 14 56 30 29 16 77 17 52 80 43 48
split_gain=6.87174 10.2779 7.97693 14.6885 9.52454 9.11409 7.97158 7.05179 9.53246 7.47555 6.92243 9.27499 8.88802 9.21074
threshold=1.5416666666569656 238.50000000000003 26.424520134925846 206.32331282649952 1.2331361770629885 9.1500000000000004 0.89326952968867979 29.500000000000004 50.850534498691566 53.500000000000007 14.443997621536257 123.29665410518648 542.17636904627545 49.557880282402046
decision_type=2 2 10 10 10 10 10 2 10 2 10 8 8 10
left_child=1 6 3 4 5 -2 -1 8 10 -9 12 -12 13 -5
right_child=2 -3 -4 7 -6 -7 -8 9 -10 -11 11 -13 -14 -15
leaf_value=-0.027411210573654792 -0.3022125014459825 0.0013840541762351454 -0.003582162477304216 0.14981293230677464 -0.22234065568066932 0.34831842850530798 -0.83084173183678378 -0.2712573007553975 -0.15045353772278153 0.020929686993428138 0.0673610779574247 0.94324348001924452 0.1767862211804912 -0.36714484586073581
leaf_weight=63 42 97 2898 77 67 42 41 45 46 41 131 86 101 55
leaf_count=63 42 97 2898 77 67 42 41 45 46 41 131 86 101 55
internal_value=-0.000109575 -0.00549505 0.000189978 0.00298365 -0.00532895 0.00141176 -0.012 0.0051458 0.00651911 -0.00275862 0.00784922 0.0116972 0.00423077 -0.000902256
internal_weight=3832 201 3631 733 151 84 104 582 496 86 450 217 233 132
internal_count=3832 201 3631 733 151 84 104 582 496 86 450 217 233 132
is_linear=0
shrinkage=0.03


Tree=493
num_leaves=15
num_cat=0
split_feature=37 36 30 43 16 25 72 15 16 3 8 17 67 44
split_gain=7.10322 11.0429 7.14199 6.97842 6.80342 6.92915 6.74611 7.16904 8.10616 12.1627 10.0019 19.1273 12.6885 9.67919
threshold=2640.1079139419403 0.2251760563380282 57.300000000000004 4148.1811315176756 1.0000000180025095e-35 0.89596861471861489 65.779366493225112 8.5000000000000018 14.500000000000002 15.541666666656967 3.8833298171836903 29.000000000000004 -43.336179780654447 33.961335062980659
decision_type=10 10 10 10 2 10 10 2 2 2 10 2 8 10
left_child=2 -2 3 4 5 -1 7 -6 9 -9 12 -12 -11 -13
right_child=1 -3 -4 -5 6 -7 -8 8 -10 10 11 13 -14 -15
leaf_value=0.025895467270672226 0.0036457763196871343 0.75246961395642986 -0.024604140594724322 0.10630461485375976 0.020543100316913355 -0.51000370511486159 -0.12999238182581357 -0.009994208123802124 -0.02074879719490191 0.34216838568102692 0.74616904456818278 0.12208121546993311 -0.077738745007210244 -0.013506312136600158
leaf_weight=51 162 58 109 53 1063 82 118 734 911 40 112 61 130 146
leaf_count=51 162 58 109 53 1063 82 118 734 911 40 112 61 130 146
internal_value=-6.26468e-05 0.00515837 -0.000382166 -0.000145631 -0.000313134 -0.0069403 -4.52352e-05 0.00021576 -0.000786885 0.000808824 0.00446939 0.00759375 -0.00140351 0.00216346
internal_weight=3830 220 3610 3501 3448 133 3315 3197 2134 1223 489 319 170 207
internal_count=3830 220 3610 3501 3448 133 3315 3197 2134 1223 489 319 170 207
is_linear=0
shrinkage=0.03


Tree=494
num_leaves=15
num_cat=0
split_feature=13 39 42 4 48 8 48 85 70 61 33 65 60 60
split_gain=5.83072 9.0318 8.6424 7.07175 6.95603 10.8929 9.4936 8.65797 19.8811 10.2169 7.06119 6.91014 6.3221 6.15882
threshold=90.000000000000014 2381.6430426309776 -124.02969777584075 9.5000000000000018 -70.005078633626297 3.7357531694616535 -38.441904385884598 -6.7217433055241882 0.97500000000000009 0.33482555501081934 13.197826086956523 0.91150424444985456 531.11122834682476 25.939095139503483
decision_type=8 10 10 2 10 10 8 10 10 8 10 10 8 8
left_child=1 4 -3 -2 5 12 11 8 -8 -10 -11 -6 -1 -4
right_child=3 2 13 -5 6 -7 7 -9 9 10 -12 -13 -14 -15
leaf_value=-0.079670661485113786 -0.010911231416692146 -0.063034934102912027 0.01679606816759012 0.14782997013197638 0.00057642143643469972 0.42495347078428886 -0.031950461264630046 -0.0017794617667944922 0.018172966321864655 1.0344741075349835 0.37180284917739886 -0.30768018807911646 0.18134091789825035 -0.02054675542460694
leaf_weight=54 2256 51 101 94 42 87 97 336 65 63 54 46 69 429
leaf_count=54 2256 51 101 94 42 87 97 336 65 63 54 46 69 429
internal_value=-0.000140442 0.00132441 -0.00159794 -0.00107188 0.00318381 0.00796209 0.00174716 0.00306818 0.00696429 0.0127869 0.0180508 -0.00741573 0.00217742 -0.000451977
internal_weight=3844 1494 581 2350 913 210 703 615 279 182 117 88 123 530
internal_count=3844 1494 581 2350 913 210 703 615 279 182 117 88 123 530
is_linear=0
shrinkage=0.03


Tree=495
num_leaves=15
num_cat=0
split_feature=82 29 77 81 77 7 83 7 24 81 22 0 61 30
split_gain=7.37709 8.9964 24.0231 15.6807 10.3571 9.93984 8.4542 7.7255 12.3635 12.8925 12.36 11.4718 9.76813 8.31386
threshold=42.044564406077079 0.95464829288358721 -142.86096280813214 7275.1010299921045 124.5547224879265 1490.3796713537743 114.32852864265443 2935.2457223407587 40.500000000000007 5111.6478873491296 5.924535036087037 38.500000000000007 0.51900354435065021 8.6500000000000004
decision_type=10 10 8 10 8 10 10 10 2 10 2 2 10 10
left_child=-1 4 3 -3 6 -4 7 12 10 -10 11 -9 -2 -14
right_child=1 2 5 -5 -6 -7 -8 8 9 -11 -12 -13 13 -15
leaf_value=-0.0060051622827117764 0.17590069036130274 -0.60140139029687079 0.01927291156088657 1.3891221947665808 0.46494070785715536 -0.45378502052459735 -0.023030758682792012 0.0018471139708195849 -1.3369533809107712 0.083553357807801626 -0.056876259956530645 1.0016091634486235 0.36230883162316357 -0.047468847240629511
leaf_weight=2540 255 40 42 44 80 103 281 59 58 46 98 73 55 80
leaf_count=2540 255 40 42 44 80 103 281 59 58 46 98 73 55 80
internal_value=4.66926e-05 0.00187072 -0.00352174 0.00917647 0.00301105 -0.0108904 0.00217694 0.00388966 0.000537313 -0.008 0.00441558 0.0103759 0.00675192 0.000220588
internal_weight=3854 1314 229 84 1085 145 1005 724 334 104 230 132 390 135
internal_count=3854 1314 229 84 1085 145 1005 724 334 104 230 132 390 135
is_linear=0
shrinkage=0.03


Tree=496
num_leaves=15
num_cat=0
split_feature=67 82 22 36 81 43 83 27 40 39 27 41 42 67
split_gain=5.86443 5.95935 11.6967 16.9858 10.0733 8.09183 10.8922 12.6896 8.12568 7.59199 13.9847 10.2594 9.82814 10.3656
threshold=-261.95527132919852 102.96407943964006 7.1185901165008554 0.17369121561668147 7251.3788547515878 297.22814017084232 56.68145155906678 0.93295825999497117 173.38022575469049 1163.7726434030544 0.96891108247422697 221.96136438846591 -131.42371356487271 -133.07076014190156
decision_type=8 10 2 10 10 10 10 10 10 10 10 8 8 8
left_child=-1 9 5 -4 -5 6 7 -3 -8 10 11 -2 -11 -14
right_child=1 2 3 4 -6 -7 8 -9 -10 12 -12 -13 13 -15
leaf_value=-0.29149686883519654 0.016469027465675339 0.823517841925682 -0.090458339547473565 0.2886599945065268 1.0210545853615738 0.010867464487379514 0.011264084863882999 -0.55375491343541805 -0.29287512625022294 -0.18238639281225474 -0.079305686408159409 0.20400552614017881 0.047852131549388242 -0.011748635101854499
leaf_weight=64 646 64 41 122 61 211 41 40 84 125 183 56 122 1990
leaf_count=64 646 64 41 122 61 211 41 40 84 125 183 56 122 1990
internal_value=-0.000296027 -0.000142593 0.00243609 0.008 0.0119022 -0.000408163 -0.00430435 0.00285714 -0.0102381 -0.000691643 0.00165914 0.00358464 -0.00162198 -0.00113583
internal_weight=3850 3786 664 224 183 440 229 104 125 3122 885 702 2237 2112
internal_count=3850 3786 664 224 183 440 229 104 125 3122 885 702 2237 2112
is_linear=0
shrinkage=0.03


Tree=497
num_leaves=15
num_cat=0
split_feature=39 80 61 23 35 71 67 41 0 81 71 71 81 81
split_gain=9.31395 12.1845 11.353 10.2093 9.84982 18.9425 9.22837 8.34456 14.7501 10.7524 9.87897 9.7123 10.7614 19.7467
threshold=166.38796533469593 -1.0000000180025095e-35 0.88565808976562865 3.3285579681396489 15.264912280701756 12.500000000000002 -230.28615879444845 43.823863863945014 11.500000000000002 3713.5307439565663 15.500000000000002 12.500000000000002 5907.5514587163934 7212.8415356874475
decision_type=10 8 8 10 10 8 10 10 2 8 10 8 8 8
left_child=1 -1 -3 4 -2 -6 -7 8 11 -10 -9 -5 -13 -14
right_child=3 2 -4 7 5 6 -8 10 9 -11 -12 12 13 -15
leaf_value=0.098640080379562747 0.00020007788307111694 -0.0023891473394098742 -0.38493247231648431 0.021517414693473125 -0.018780893759876491 0.55978583131286574 0.065069197103975046 -0.0012080423219747824 0.086659908162620161 -0.19425131849514915 0.15016662495579397 -0.16383637469747486 0.55818964896752021 -0.02341468074710739
leaf_weight=59 719 68 97 337 190 100 247 960 62 321 125 110 58 364
leaf_count=59 719 68 97 337 190 100 247 960 62 321 125 110 58 364
internal_value=-0.000212153 -0.00613333 -0.0103012 0.000158598 0.0023389 0.00540892 0.00956897 -0.00101369 -0.00268156 -0.00757813 0.000911602 -0.000517241 -0.0030394 -0.000851064
internal_weight=3817 224 165 3593 1256 537 347 2337 1252 383 1085 869 532 422
internal_count=3817 224 165 3593 1256 537 347 2337 1252 383 1085 869 532 422
is_linear=0
shrinkage=0.03


Tree=498
num_leaves=15
num_cat=0
split_feature=1 33 38 84 38 72 8 81 39 43 7 46 9 37
split_gain=7.22726 7.45754 11.6505 9.66306 8.14965 7.86451 7.16251 6.9401 6.53655 11.5419 13.6326 8.18059 7.464 9.83044
threshold=659.08346462249767 20.36739130434783 3823.415592664936 5.288293957710267 4815.3421930484574 65.779366493225112 6.0433030104753334 8584.5142171382922 5534.9857037042939 848.94831755701864 3938.2980453615642 630.00000000000011 210.00000000000003 1564.5387680779352
decision_type=2 10 10 8 10 10 10 8 10 10 10 8 2 10
left_child=1 2 5 -3 -5 6 -1 -8 9 11 12 -2 13 -11
right_child=8 3 -4 4 -6 -7 7 -9 -10 10 -12 -13 -14 -15
leaf_value=0.012281330771589544 0.1290428285913125 0.067522173460892884 0.15993783717354149 -0.18842377894029472 0.014524358853499994 -0.34055141146346418 0.76157948427523559 0.011432375747429174 0.012417441978430758 -0.083316095563738479 -0.28145779171702284 -0.0093328266212224821 -0.068488560225944836 0.71793118174825221
leaf_weight=1115 124 83 99 113 67 60 44 45 193 65 70 1611 106 41
leaf_count=1115 124 83 99 113 67 60 44 45 193 65 70 1611 106 41
internal_value=3.12744e-05 0.00154886 0.00244135 -0.00306818 -0.00696133 0.00166008 0.00219087 0.0103333 -0.00108548 -0.00159068 -0.00720848 -0.000673963 -0.00338028 0.00224299
internal_weight=3836 1626 1363 263 180 1264 1204 89 2210 2017 282 1735 212 106
internal_count=3836 1626 1363 263 180 1264 1204 89 2210 2017 282 1735 212 106
is_linear=0
shrinkage=0.03


Tree=499
num_leaves=15
num_cat=0
split_feature=38 29 83 4 74 0 3 3 15 79 68 81 76 14
split_gain=6.68043 6.90549 7.50532 6.21248 12.3427 9.71915 13.0874 13.01 12.5261 15.511 12.2412 10.2003 9.72092 9.28053
threshold=22.472537268438376 0.99542274174627121 -123.9264758825302 6.5000000000000009 2507.4318005138916 94.500000000000014 15.291666666656967 11.791666666656967 34.500000000000007 11.692218224598408 -0.041005472566022126 5175.3435243368158 252.61925876140597 51.094293393301065
decision_type=8 8 10 2 10 2 2 2 2 8 8 10 10 8
left_child=-1 3 -3 13 5 12 7 10 9 11 -7 -8 -5 -2
right_child=1 2 -4 4 -6 6 8 -9 -10 -11 -12 -13 -14 -15
leaf_value=0.065037531738742091 0.024169631565002729 0.25481483836608582 -0.023984347831415478 -0.006522896640926334 -0.18092532906573616 -0.18336974525790481 0.30773732429306194 -0.50226381457246561 -0.13036080013261434 1.390657619383852 0.35769761984511889 -0.084220562906880111 0.12808445556414447 -0.025254494486604204
leaf_weight=67 187 66 40 1648 58 95 75 86 46 143 197 64 194 871
leaf_count=67 187 66 40 1648 58 95 75 86 46 143 197 64 194 871
internal_value=-5.4716e-05 -0.000222753 0.00728972 -0.000442019 0.000345224 0.000659082 0.00364922 -0.000158311 0.00802432 0.0103887 0.00286689 0.00321429 -0.000488334 -0.0023796
internal_weight=3837 3770 106 3664 2606 2548 706 378 328 282 292 139 1842 1058
internal_count=3837 3770 106 3664 2606 2548 706 378 328 282 292 139 1842 1058
is_linear=0
shrinkage=0.03


end of trees

feature_importances:
hour=364
hist_tripstart_delay=282
hist_tgt_age=246
cur_dev_s=244
n_pkt_30m=207
hist_tgt_delay=183
hist_tgt_delay_mean3=181
valid_share_30m=168
plan_rate_extrap=156
dist_to_tgt=150
hist_gain=146
tgt_to_trip_end=141
valid_share_15m=134
det_delay=129
plan_path_m=128
plan_path_speed=127
hist_tgt_dmin=125
trip_len=123
det_plus_hist_gain=122
pos_delay=121
detw_slope=111
hist_gain_mean=110
det_speed_route=104
speed_mean_2m=101
detw_delay=101
speed_mean_10m=97
n_stops_plan=96
moved_10m=95
pos_u=92
phys_delay=91
det_delay_mean3=86
tgt_dist_prev=85
dist_to_next_plan=84
dist_to_last_plan=81
detw_stops_to_tgt=81
detw_delay_mean3=80
layover_slack_s=80
det_slope=79
det_plan_rate=79
lead_s=76
tgt_pos_in_trip=73
n_pkt_15m=71
det_stops_to_tgt=71
valid_share_5m=70
det_rate_recent=70
speed_last=69
detw_extrap=68
stop_share_5m=67
moved_5m=67
n_plan_recent=65
stop_share_10m=61
dist_to_layover_stop=60
det_extrap=54
detw_next_plan_minus_T=53
det_at_last_plan=50
n_pkt_5m=49
age_last_valid=47
stop_share_2m=45
speed_mean_5m=44
cur_minus_det_last=43
detw_age=41
max_gap_path=36
age_last_pkt=36
det_lb=35
since_last_plan=34
plan_path_s=33
det_age=32
detw_n15m=31
det_n15m=30
layover_end_minus_T=29
tgt_gap_prev=25
at_terminal_s=25
detw_lb=24
det_next_plan_minus_T=23
hist_tgt_det_share=23
layover_path_s=15
detw_plan_to_tgt=12
det_plan_to_tgt=11
cur_dev_is0=10
tgt_after_layover_s=6
n_trip_starts_path=4
tgt_is_trip_start=1
det_same_trip=1

parameters:
[boosting: gbdt]
[objective: regression_l1]
[metric: l1]
[tree_learner: serial]
[device_type: cpu]
[data_sample_strategy: bagging]
[data: ]
[valid: ]
[num_iterations: 500]
[learning_rate: 0.03]
[num_leaves: 15]
[num_threads: 8]
[seed: 2]
[deterministic: 0]
[force_col_wise: 0]
[force_row_wise: 0]
[histogram_pool_size: -1]
[max_depth: -1]
[min_data_in_leaf: 40]
[min_sum_hessian_in_leaf: 0.001]
[bagging_fraction: 0.8]
[pos_bagging_fraction: 1]
[neg_bagging_fraction: 1]
[bagging_freq: 1]
[bagging_seed: 29216]
[bagging_by_query: 0]
[feature_fraction: 0.7]
[feature_fraction_bynode: 1]
[feature_fraction_seed: 17795]
[extra_trees: 0]
[extra_seed: 19650]
[early_stopping_round: 0]
[early_stopping_min_delta: 0]
[first_metric_only: 0]
[max_delta_step: 0]
[lambda_l1: 0]
[lambda_l2: 1]
[linear_lambda: 0]
[min_gain_to_split: 0]
[drop_rate: 0.1]
[max_drop: 50]
[skip_drop: 0.5]
[xgboost_dart_mode: 0]
[uniform_drop: 0]
[drop_seed: 24198]
[top_rate: 0.2]
[other_rate: 0.1]
[min_data_per_group: 100]
[max_cat_threshold: 32]
[cat_l2: 10]
[cat_smooth: 10]
[max_cat_to_onehot: 4]
[top_k: 20]
[monotone_constraints: ]
[monotone_constraints_method: basic]
[monotone_penalty: 0]
[feature_contri: ]
[forcedsplits_filename: ]
[refit_decay_rate: 0.9]
[cegb_tradeoff: 1]
[cegb_penalty_split: 0]
[cegb_penalty_feature_lazy: ]
[cegb_penalty_feature_coupled: ]
[path_smooth: 0]
[interaction_constraints: ]
[verbosity: -1]
[saved_feature_importance_type: 0]
[use_quantized_grad: 0]
[num_grad_quant_bins: 4]
[quant_train_renew_leaf: 0]
[stochastic_rounding: 1]
[linear_tree: 0]
[max_bin: 255]
[max_bin_by_feature: ]
[min_data_in_bin: 3]
[bin_construct_sample_cnt: 200000]
[data_random_seed: 45]
[is_enable_sparse: 1]
[enable_bundle: 1]
[use_missing: 1]
[zero_as_missing: 0]
[feature_pre_filter: 1]
[pre_partition: 0]
[two_round: 0]
[header: 0]
[label_column: ]
[weight_column: ]
[group_column: ]
[ignore_column: ]
[categorical_feature: ]
[forcedbins_filename: ]
[precise_float_parser: 0]
[parser_config_file: ]
[objective_seed: 29484]
[num_class: 1]
[is_unbalance: 0]
[scale_pos_weight: 1]
[sigmoid: 1]
[boost_from_average: 1]
[reg_sqrt: 0]
[alpha: 0.9]
[fair_c: 1]
[poisson_max_delta_step: 0.7]
[tweedie_variance_power: 1.5]
[lambdarank_truncation_level: 30]
[lambdarank_norm: 1]
[label_gain: ]
[lambdarank_position_bias_regularization: 0]
[eval_at: ]
[multi_error_top_k: 1]
[auc_mu_weights: ]
[num_machines: 1]
[local_listen_port: 12400]
[time_out: 120]
[machine_list_filename: ]
[machines: ]
[gpu_platform_id: -1]
[gpu_device_id: -1]
[gpu_device_id_list: ]
[gpu_use_dp: 0]
[num_gpu: 1]

end of parameters

pandas_categorical:[]
