tree
version=v4
num_class=1
num_tree_per_iteration=1
label_index=0
max_feature_idx=85
objective=regression_l1
feature_names=cur_dev_s lead_s cur_dev_is0 hour n_stops_plan since_last_plan plan_path_s plan_path_m plan_path_speed max_gap_path n_trip_starts_path layover_path_s tgt_is_trip_start tgt_gap_prev tgt_dist_prev tgt_pos_in_trip tgt_to_trip_end trip_len last_is_trip_end tgt_after_layover_s layover_end_minus_T has_telemetry age_last_pkt age_last_valid n_pkt_5m valid_share_5m n_pkt_15m valid_share_15m n_pkt_30m valid_share_30m speed_last speed_mean_2m stop_share_2m speed_mean_5m stop_share_5m speed_mean_10m stop_share_10m moved_5m moved_10m dist_to_tgt dist_to_next_plan det_delay detw_delay dist_to_last_plan det_age det_stops_to_tgt det_plan_to_tgt det_same_trip det_delay_mean3 det_n15m det_lb det_next_plan_minus_T detw_age detw_stops_to_tgt detw_plan_to_tgt detw_same_trip detw_delay_mean3 detw_n15m detw_lb detw_next_plan_minus_T pos_delay pos_u det_slope det_extrap det_speed_route det_plan_rate phys_delay plan_rate_extrap detw_slope detw_extrap det_rate_recent n_plan_recent det_at_last_plan cur_minus_det_last dist_to_layover_stop at_terminal_s layover_slack_s hist_tripstart_delay hist_tgt_det_share hist_tgt_dmin hist_tgt_delay hist_tgt_age hist_tgt_delay_mean3 hist_gain hist_gain_mean det_plus_hist_gain
feature_infos=[-404:661] [603.09427642822266:900] [0:1] [0:23.916666666686069] [1:14] [0:14892.05751824379] [660:15540] [0:12827.943764811294] [0:10.803044886087546] [0:14940] [0:2] [0:14940] [0:1] [0:14940] [0:9831.9945560320557] [0:71] [0:70] [1:72] [0:1] [0:780] [4.8826858997344971:900] none [0:1949.1842980384827] [0:11451] [0:107] [0:1] [0:291] [0:1] [0:550] [0:1] [0:121] [0:117.2] [0:1] [0:110.14999999999999] [0:1] [0:101.8] [0:1] [0:35802.811543782569] [0:51722.121883766056] [3.3583940281732638:33148.477351940295] [0.60254003257475619:34656.366069555101] [-300:799.38736510276794] [-300:671.981440782547] [0.60254003257475619:34670.831137284273] [0.12392640113830566:15326.934791564941] [1:49] [360:16080] [0:1] [-287.7758509318034:632.42421825726831] [0:15] [0:15192.05751824379] [-15192.05751824379:900] [0.4447624683380127:15047.163184165955] [1:49] [360:15720] [0:1] [-294.66666666666669:600.06247250239051] [0:15] [0:14892.05751824379] [-14892.05751824379:900] [-337.63885021209717:11803.174602270126] [0:1] [-0.97196972299573325:2.2040685286124546] [-732.22170826366983:900] [0.4406616482338348:13.09750292924962] [0.13973357400680286:1.8669609362695787] [-560.88408207893372:1500] [-535.96999738090915:1500] [-0.94803408100491515:2.8931824797675731] [-748.9516192664089:900] [0:1] [1:24] [-300:799.38736510276794] [-799.38736510276794:783.48914670944214] [0.60254003257475619:34656.366069555101] [0:14262.05751824379] [-297.29506731033325:14913.388998508453] [-299:308.65542531013489] [0:1] [0.16551709419740437:17658.273421561607] [-300:799.38736510276794] [1054.9078302383423:71620.322207450867] [-295:799.38736510276794] [-782.74478268623352:774.56811666488647] [-651.39952778816223:774.56811666488647] [-620.86606168746948:1195.8801209926605]
tree_sizes=1303 1408 1409 1434 1438 1430 1437 1434 1428 1440 1446 1438 1437 1448 1446 1442 1449 1441 1434 1441 1440 1434 1442 1448 1442 1426 1445 1452 1443 1444 1436 1440 1448 1441 1453 1453 1441 1445 1450 1449 1444 1450 1454 1443 1447 1443 1433 1444 1457 1444 1447 1460 1447 1446 1449 1435 1436 1455 1456 1459 1433 1446 1448 1458 1441 1458 1440 1449 1454 1433 1447 1433 1448 1441 1450 1463 1439 1441 1460 1447 1442 1436 1464 1453 1457 1448 1441 1452 1450 1429 1432 1444 1452 1443 1451 1450 1439 1446 1454 1434 1450 1435 1446 1458 1441 1452 1443 1455 1456 1453 1454 1461 1433 1454 1460 1451 1449 1447 1449 1457 1453 1448 1448 1435 1432 1437 1439 1440 1465 1466 1446 1457 1427 1452 1443 1442 1463 1452 1454 1443 1445 1431 1447 1450 1462 1448 1459 1454 1462 1461 1458 1444 1461 1437 1439 1431 1443 1449 1434 1424 1452 1434 1477 1456 1440 1452 1459 1434 1466 1419 1467 1470 1450 1458 1448 1442 1453 1455 1444 1443 1453 1465 1464 1448 1450 1446 1430 1456 1453 1455 1468 1444 1443 1467 1456 1439 1456 1457 1456 1443 1466 1461 1451 1452 1449 1440 1471 1464 1461 1463 1453 1429 1462 1437 1437 1452 1436 1449 1464 1462 1443 1456 1449 1475 1443 1449 1457 1453 1462 1455 1446 1463 1458 1462 1459 1437 1451 1465 1451 1456 1459 1458 1440 1461 1453 1459 1451 1447 1448 1465 1463 1436 1459 1468 1451 1449 1445 1451 1466 1445 1452 1451 1444 1471 1460 1426 1451 1450 1467 1455 1453 1451 1441 1423 1450 1445 1445 1450 1442 1460 1463 1448 1468 1455 1445 1458 1448 1450 1456 1455 1465 1448 1444 1445 1455 1445 1458 1453 1466 1444 1439 1447 1448 1444 1431 1455 1433 1465 1447 1445 1467 1453 1475 1454 1461 1464 1453 1455 1439 1450 1468 1447 1460 1454 1447 1449 1463 1468 1458 1456 1437 1449 1444 1467 1426 1451 1442 1463 1444 1430 1451 1453 1450 1453 1453 1440 1448 1439 1449 1446 1441 1449 1460 1450 1454 1450 1454 1443 1459 1416 1454 1441 1464 1460 1463 1461 1447 1440 1446 1449 1454 1463 1452 1472 1451 1428 1435 1447 1473 1461 1447 1446 1446 1442 1443 1458 1460 1456 1429 1438 1443 1417 1451 1440 1430 1458 1462 1450 1465 1447 1444 1441 1444 1436 1441 1442 1440 1454 1453 1437 1462 1447 1453 1440 1444 1465 1433 1439 1450 1453 1440 1446 1444 1444 1452 1443 1449 1440 1463 1447 1461 1439 1456 1463 1450 1426 1434 1447 1456 1446 1453 1453 1459 1446 1451 1455 1457 1427 1451 1444 1475 1458 1456 1438 1462 1465 1451 1451 1437 1450 1460 1467 1469 1443 1450 1447 1442 1453 1430 1467 1457 1444 1442 1452 1464 1457 1442 1459 1444 1460 1450 1464 1445 1445 1468 1454 1427 1467 1469 1461 1449 1454 1449 1460 1463 1451 1465 1464 1458 1454

Tree=0
num_leaves=15
num_cat=0
split_feature=0 76 43 25 0 85 84 11 16 83 25 53 36 77
split_gain=578.829 160.739 136.688 82.0337 81.5312 50.8459 47.1095 41.3007 37.9343 33.9735 33.9012 31.7367 23.4265 22.5989
threshold=26.500000000000004 675.83104169368755 113.88546450010638 0.90443574690150041 155.50000000000003 94.750515143076584 33.77324171861013 390.00000000000006 21.500000000000004 98.097891449928298 0.84731934731934744 7.5000000000000009 0.31676443346711952 -97.043278694152818
decision_type=2 8 10 10 2 10 8 2 2 10 10 10 10 10
left_child=2 3 6 -2 5 11 13 -5 -9 -4 -8 12 -3 -1
right_child=1 4 9 7 -6 -7 10 8 -10 -11 -12 -13 -14 -15
leaf_value=23.605 24.25 23.800000000000001 23.77 27.52 30.219999999999999 27.489999999999998 24.25 24.190000000000001 26.59 24.609999999999999 25.719999999999999 25.960000000000001 26.245000000000001 25.239999999999998
leaf_weight=160 170 109 1094 134 504 286 46 112 57 181 367 483 70 61
leaf_count=160 170 109 1094 134 504 286 46 112 57 181 367 483 70 61
internal_value=24.9998 25.0114 24.9881 24.9963 25.0164 25.0112 24.9995 25.0056 24.9958 24.9825 25.0055 25.0066 24.9958 24.9884
internal_weight=3834 1925 1909 473 1452 948 634 303 169 1275 413 662 179 221
internal_count=3834 1925 1909 473 1452 948 634 303 169 1275 413 662 179 221
is_linear=0
shrinkage=1


Tree=1
num_leaves=15
num_cat=0
split_feature=0 29 85 74 26 53 80 3 65 9 0 27 83 85
split_gain=520.304 189.61 136.155 86.1857 64.7334 49.4212 41.0563 48.0695 38.0394 34.8581 34.2913 35.3127 30.6445 23.4149
threshold=26.500000000000004 0.90630852059925104 1.7560592889785787 312.93532807676394 109.50000000000001 7.5000000000000009 -34.518487572669976 6.0416666666569663 1.0250539796150251 390.00000000000006 155.50000000000003 0.88556547619047621 183.08780026435855 5.8526595433553057
decision_type=2 10 8 10 2 10 8 2 10 2 2 10 10 8
left_child=1 12 5 10 -5 -2 -3 -8 13 -6 11 -4 -1 -9
right_child=2 6 3 4 9 -7 7 8 -10 -11 -12 -13 -14 -15
leaf_value=-1.0730999999999999 -1.5656999999999999 -1.53315 0.0011999999999999743 -0.72749999999999992 2.8344 0.6611999999999999 -0.72029999999999994 -0.078150000000000011 -1.5206249999999999 -0.51749999999999996 4.9433999999999996 1.7669249999999999 0.60840000000000005 1.0284
leaf_weight=1047 175 140 143 118 101 173 100 111 112 54 490 678 59 321
leaf_count=1047 175 140 143 118 101 173 100 111 112 54 490 678 59 321
internal_value=-0.000329584 -0.0115177 0.0106156 0.014347 -0.000985401 -0.00636103 -0.000229299 0.00297674 0.00649541 0.0117308 0.0175381 0.0137591 -0.0195122 0.0105312
internal_weight=3822 1890 1932 1584 273 348 784 644 544 155 1311 821 1106 432
internal_count=3822 1890 1932 1584 273 348 784 644 544 155 1311 821 1106 432
is_linear=0
shrinkage=0.03


Tree=2
num_leaves=15
num_cat=0
split_feature=85 29 83 27 67 53 53 34 53 28 67 82 17 34
split_gain=399.537 164.283 113.048 74.718 55.7819 50.8432 40.3376 38.4878 35.2178 31.9789 28.9501 31.1294 27.9227 26.7241
threshold=17.156591018040981 0.90345893141945788 123.58128261566164 0.85404962546816487 190.57418279431087 7.5000000000000009 9.5000000000000018 0.38673020527859242 9.5000000000000018 249.50000000000003 7.5878930389880859 -18.678651392459866 37.500000000000007 0.56385869565217395
decision_type=10 10 8 10 10 10 10 10 10 2 8 10 2 10
left_child=1 4 5 -2 7 -3 10 -1 -4 13 -5 -12 -9 -7
right_child=3 2 8 6 -6 9 -8 12 -10 -11 11 -13 -14 -15
leaf_value=-0.98090699999999997 -0.43132949999999998 -1.5156749999999999 0.6071201249999999 -0.067471500000000018 2.46819225 -1.04180775 3.8266451250000002 0.91059299999999999 4.0450980000000003 1.4024639999999999 -0.15490199999999987 1.665573 -2.089407 1.8916042500000001
leaf_weight=1052 154 317 520 124 81 141 356 73 167 84 79 606 79 40
leaf_count=1052 154 317 520 124 81 141 356 73 167 84 79 606 79 40
internal_value=-0.000379453 -0.00730333 0.000354331 0.0130227 -0.01486 -0.00936535 0.0156175 -0.0164813 0.00859012 0.000338346 0.0118889 0.0143003 -0.00235294 -0.00675824
internal_weight=3873 2554 1269 1319 1285 582 1165 1204 687 265 809 685 152 181
internal_count=3873 2554 1269 1319 1285 582 1165 1204 687 265 809 685 152 181
is_linear=0
shrinkage=0.03


Tree=3
num_leaves=15
num_cat=0
split_feature=0 34 8 85 25 83 0 80 43 80 80 35 27 85
split_gain=468.369 135.032 132.194 89.1384 59.0054 51.2994 47.9862 40.1365 37.3177 43.3403 32.7358 29.9503 29.4469 28.9405
threshold=26.500000000000004 0.36425061425061428 3.646927792402987 68.954903562863691 0.90443574690150041 177.53569090366366 169.50000000000003 -0.67900657653808583 503.53981258949312 -39.520483970642083 46.328000426292427 19.551212751212756 0.90705980066445191 -3.8093678951263423
decision_type=2 10 10 10 10 10 2 8 10 8 8 8 10 8
left_child=1 5 3 4 -2 8 11 -3 9 -1 -6 13 -11 -4
right_child=2 7 6 -5 10 -7 -8 -9 -10 12 -12 -13 -14 -15
leaf_value=-2.1365575199999998 -0.73624779000000007 -1.0312682587499999 0.05761823249999995 1.7163664724999999 -0.63025493999999982 1.032872145 6.2702986462499997 0.64933439624999989 -0.98147978999999985 -0.69316711499999994 1.5841565212499999 0.076841249999999944 0.14717058000000008 1.9399786462499999
leaf_weight=226 206 124 92 302 183 95 345 356 576 297 162 149 215 487
leaf_count=226 206 124 92 302 183 95 345 356 576 297 162 149 215 487
internal_value=-7.86164e-06 -0.010619 0.0103996 0.0015808 -0.00559783 -0.0152979 0.0174022 0.0031185 -0.0168365 -0.012341 0.00199422 0.0130041 -0.00748538 0.0160862
internal_weight=3815 1889 1926 853 551 1409 1073 480 1314 738 345 728 512 579
internal_count=3815 1889 1926 853 551 1409 1073 480 1314 738 345 728 512 579
is_linear=0
shrinkage=0.03


Tree=4
num_leaves=15
num_cat=0
split_feature=29 85 85 45 45 66 66 27 63 76 83 71 30 78
split_gain=365.638 248.471 87.8292 67.3182 38.7187 33.5942 32.5773 31.9741 31.7796 31.2111 30.3357 29.5815 24.8895 28.516
threshold=0.89763239002521722 -2.4213190674781795 -5.3031510710716239 8.5000000000000018 7.5000000000000009 217.23979473114017 7.7112193107604989 0.89538683690530496 -260.95330620302735 109.55484879016878 35.384360194206245 14.500000000000002 8.9500000000000011 0.87500000000000011
decision_type=10 8 10 10 10 10 10 10 10 10 10 8 8 10
left_child=2 4 5 7 8 12 -4 -3 -2 11 -9 -6 13 -1
right_child=1 3 6 -5 9 -7 -8 10 -10 -11 -12 -13 -14 -15
leaf_value=-0.14207010909375004 -0.049815281887500083 -1.1640339204750001 -0.44544741142499994 2.5978309006124998 -1.1052943338000001 0.58991621203124989 1.2396435687375 0.44657928686249987 -1.8757472022375001 1.7781911768624998 1.9698946456499999 1.3167205941 -0.82508477655000001 -2.1495939431437501
leaf_weight=160 83 76 252 922 171 82 142 547 245 45 211 44 673 156
leaf_count=160 83 76 252 922 171 82 142 547 245 45 211 44 673 156
internal_value=-5.51181e-05 0.00729211 -0.0118076 0.0129425 -0.00957555 -0.0162593 0.000303797 0.00675449 -0.0164134 -0.00091954 0.0086166 -0.00569444 -0.0177879 -0.0107886
internal_weight=3809 2344 1465 1756 588 1071 394 834 328 260 758 215 989 316
internal_count=3809 2344 1465 1756 588 1071 394 834 328 260 758 215 989 316
is_linear=0
shrinkage=0.03


Tree=5
num_leaves=15
num_cat=0
split_feature=29 45 66 80 41 34 41 35 48 53 84 73 9 80
split_gain=316.725 133.858 126.105 98.083 62.647 40.1617 34.1664 30.6827 35.164 28.1389 27.2011 29.1473 26.996 26.9349
threshold=0.90591147350029133 8.5000000000000018 28.37122464179993 -3.9866006374359126 6.6413890123367318 0.38673020527859242 -17.89557063579559 20.64264822134388 86.531833171844497 10.500000000000002 136.2838052113851 117.6998292207718 330.00000000000006 69.489916682243361
decision_type=10 10 10 8 10 10 10 10 8 10 10 8 2 8
left_child=2 3 5 -2 -4 6 -1 8 -8 13 11 -5 -10 -3
right_child=1 9 4 10 -6 -7 7 -9 12 -11 -12 -13 -14 -15
leaf_value=-1.574041415130375 -1.0078863758381251 0.61572210058162491 -1.3486183742996249 -0.28306108415587511 1.3950759798003751 -0.26217489890587498 -0.64760227863431241 -0.60593223325349999 2.0721713591296878 5.4272586098441247 2.8819501412805 0.8761553295941249 -0.64989825302718751 2.2320848954816248
leaf_weight=566 304 295 87 331 279 193 260 226 82 229 79 439 51 409
leaf_count=566 304 295 87 331 279 193 260 226 82 229 79 439 51 409
internal_value=-0.000814409 0.00707235 -0.0102464 0.000233969 0.0053951 -0.0144017 -0.0164671 -0.0115645 -0.00647208 0.0155139 0.00547059 0.00373541 0.00604478 0.0125106
internal_weight=3830 2086 1744 1153 366 1378 1185 619 393 933 849 770 133 704
internal_count=3830 2086 1744 1153 366 1378 1185 619 393 933 849 770 133 704
is_linear=0
shrinkage=0.03


Tree=6
num_leaves=15
num_cat=0
split_feature=0 29 11 80 0 82 80 20 11 43 43 40 53 27
split_gain=434.973 133.967 113.992 69.4084 65.7259 60.2622 45.056 34.5868 31.4575 28.3216 24.9479 22.794 22.3577 33.1142
threshold=31.500000000000004 0.90303869722152286 330.00000000000006 -3.3904068470001216 155.50000000000003 -18.678651392459866 77.053166270256057 655.93281006813061 870.00000000000011 79.177282605265972 398.64053510391915 46.721914551537381 7.5000000000000009 0.89837129237288149
decision_type=2 10 2 10 2 8 10 8 2 10 10 8 10 10
left_child=1 9 4 8 6 -3 12 -7 -4 11 -9 -1 13 -2
right_child=2 5 3 -5 -6 7 -8 10 -10 -11 -12 -13 -14 -15
leaf_value=0.93592252835248879 -2.0799030505725113 -1.4395586680767205 -0.83774209445773129 1.3953413630764022 4.8650896717454888 1.0319445166813013 1.8873460629796761 0.15112100909380125 0.30320602849426875 -0.98823163111102208 -1.4103928141828235 -0.84033600594254998 0.61121120736711376 0.5265078756875512
leaf_weight=59 55 151 197 188 492 203 334 413 61 902 113 146 460 76
leaf_count=59 55 151 197 188 492 203 334 413 61 902 113 146 460 76
internal_value=-0.000545313 -0.0103068 0.00986588 -0.0033557 0.0140268 -0.0015664 0.00929806 0.0020137 -0.0134363 -0.0172473 -0.00204934 -0.00713592 0.00430743 -0.00659091
internal_weight=3850 1987 1863 446 1417 880 925 729 258 1107 526 205 591 131
internal_count=3850 1987 1863 446 1417 880 925 729 258 1107 526 205 591 131
is_linear=0
shrinkage=0.03


Tree=7
num_leaves=15
num_cat=0
split_feature=0 29 76 85 11 85 80 24 32 43 0 35 85 17
split_gain=451.827 130.763 115.996 71.7055 52.3193 43.1109 38.8197 34.4276 33.9043 31.092 30.5893 35.9709 28.3389 21.4759
threshold=26.500000000000004 0.91056453326334486 1831.1370159387591 13.517310698827108 330.00000000000006 -2.4213190674781795 13.331244111061098 37.500000000000007 0.70294117647058829 569.51409323227188 243.50000000000003 25.114858156028372 -15.899140298366545 36.500000000000007
decision_type=2 10 8 8 2 8 10 2 10 10 2 8 10 2
left_child=1 8 4 -4 7 -3 -6 -2 12 -7 11 -5 -1 -10
right_child=2 5 3 10 6 9 -8 -9 13 -11 -12 -13 -14 -15
leaf_value=-1.1614533916523508 -0.38305672049160339 -1.1926939229654296 -0.24917614825072071 1.8213002623961627 -0.64818142976104431 0.53323614249432394 1.1011195772651099 2.3155215806640963 1.6290951923073196 -0.9734484905193389 7.0321022766089367 -0.36557592549929879 -0.5760842816648899 -2.2488673914692345
leaf_weight=849 54 236 237 849 236 454 120 121 47 49 237 75 229 41
leaf_count=849 54 236 237 849 236 454 120 121 47 49 237 75 229 41
internal_value=-0.000610169 -0.0109706 0.00962176 0.014153 -0.00231203 -0.00109459 -0.00890756 0.0110795 -0.0172237 0.00386905 0.0172203 0.0147243 -0.018684 0.000674157
internal_weight=3834 1905 1929 1398 531 739 356 175 1166 503 1161 924 1078 88
internal_count=3834 1905 1929 1398 531 739 356 175 1166 503 1161 924 1078 88
is_linear=0
shrinkage=0.03


Tree=8
num_leaves=15
num_cat=0
split_feature=0 29 11 80 0 80 3 65 29 85 84 27 77 83
split_gain=434.305 149.006 110.964 68.97 61.4061 43.3466 47.6936 42.4991 39.3508 36.377 34.2213 25.5222 25.1538 23.9778
threshold=31.500000000000004 0.90630852059925104 330.00000000000006 67.693006038665786 164.50000000000003 -19.12726259231567 6.0416666666569663 1.0445755225996647 0.98147353668826065 -2.4213190674781795 86.739945014317854 0.89017689627445729 -123.1773418188095 48.450216054916389
decision_type=2 10 2 10 2 8 2 10 10 8 10 10 10 10
left_child=1 10 4 8 9 -3 -7 -8 -4 -2 -1 -11 -12 -13
right_child=2 5 3 -5 -6 6 7 -9 -10 11 12 13 -14 -15
leaf_value=-0.93569260663293752 -0.50146136867977364 -1.107994023710587 -0.6488794080323691 2.2505587383574306 4.800845303524552 -0.7950390775055588 0.80340106115897725 -1.6790951972597346 1.5280909491210559 0.22835874541419995 0.91942630062993869 1.0042429904249901 -1.0379998771700611 2.3322901084252456
leaf_weight=1024 163 162 310 93 461 111 451 92 41 160 73 414 47 179
leaf_count=1024 163 162 310 93 461 111 451 92 41 160 73 414 47 179
internal_value=-0.000880487 -0.0106782 0.0096652 -0.00337079 0.0138679 -0.000881273 0.00256489 0.00623162 -0.00946023 0.0093566 -0.0176594 0.0121353 -0.00247934 0.015
internal_weight=3781 1960 1821 444 1377 816 654 543 351 916 1144 753 120 593
internal_count=3781 1960 1821 444 1377 816 654 543 351 916 1144 753 120 593
is_linear=0
shrinkage=0.03


Tree=9
num_leaves=15
num_cat=0
split_feature=29 45 82 67 67 25 82 41 83 34 60 82 39 82
split_gain=274.625 155.124 87.1841 76.5184 50.9854 49.1366 44.9461 35.4791 31.1558 29.2226 28.7419 26.9523 25.7724 25.3693
threshold=0.89866353137278254 8.5000000000000018 -29.73735334475835 5.524019453260629 -1.3353817396693974 0.96091163738222574 -65.325080136458055 6.6413890123367318 -175.32100319862363 0.39694211017740433 42.261393666267402 32.745044469833381 1459.1621465712117 44.427120010058097
decision_type=10 10 8 10 8 10 8 10 8 10 8 10 10 8
left_child=3 2 -2 9 -4 6 -5 -8 -6 -1 12 -10 -3 -11
right_child=1 10 4 5 8 -7 7 -9 11 13 -12 -13 -14 -15
leaf_value=-0.61124908452178017 -1.3624182209901967 1.0182828641942632 -1.4486367967045415 -1.9975966240625054 -1.0311554834666883 -0.69249681067305924 -0.7682588227727567 1.2009426545964579 0.21828609800484022 -1.9704845655852963 2.392206992972167 1.488708137290329 -0.45909867960510403 0.76704277493168271
leaf_weight=1012 245 51 203 57 73 45 50 236 408 66 882 340 110 78
leaf_count=1012 245 51 203 57 73 45 50 236 408 66 882 340 110 78
internal_value=-0.000653358 0.00588846 -0.00115748 -0.0104466 0.00269268 0.00107969 0.00497093 0.00982578 0.0060219 -0.0143129 0.014454 0.00785047 0.00277778 -0.00165517
internal_weight=3856 2312 1269 1544 1024 388 343 286 821 1156 1043 748 161 144
internal_count=3856 2312 1269 1544 1024 388 343 286 821 1156 1043 748 161 144
is_linear=0
shrinkage=0.03


Tree=10
num_leaves=15
num_cat=0
split_feature=0 76 29 28 85 11 84 3 32 29 85 77 82 65
split_gain=392.072 114.932 112.325 70.5189 66.1565 56.3303 43.5721 55.1891 43.1993 41.061 32.1164 29.5697 29.3387 27.4021
threshold=26.500000000000004 1831.1370159387591 0.91056453326334486 209.50000000000003 111.17522950967155 390.00000000000006 30.259966611862186 6.0416666666569663 0.65686274509803932 0.86707031535816215 -5.3031510710716239 -123.1773418188095 -52.036313056945794 0.90592559225711755
decision_type=2 8 10 2 8 2 8 2 10 10 10 10 10 10
left_child=2 3 8 -2 12 -5 -4 -8 10 -6 -1 -12 -3 -14
right_child=1 4 6 5 9 -7 7 -9 -10 -11 11 -13 13 -15
leaf_value=-1.1296813719952361 -0.63523095050772382 -1.078234668836735 -0.77028990004846154 2.362488920857889 -0.087030836627333963 -0.39520342980948481 -0.86778465965232898 0.71030843740838456 0.30086460886794358 2.9092260335477595 0.19110844816450298 -0.60745962691224176 1.4871274655093063 0.20429580521915142
leaf_weight=860 216 108 248 132 84 180 82 392 91 767 112 101 215 233
leaf_count=860 216 108 248 132 84 180 82 392 91 767 112 101 215 233
internal_value=-0.000729984 0.00875517 -0.010461 -0.0031758 0.0132315 0.00594249 -0.00116183 0.00416842 -0.0162232 0.0184859 -0.017905 -0.00742991 0.00517056 0.00855234
internal_weight=3821 1935 1886 528 1407 312 722 474 1164 851 1073 213 556 448
internal_count=3821 1935 1886 528 1407 312 722 474 1164 851 1073 213 556 448
is_linear=0
shrinkage=0.03


Tree=11
num_leaves=15
num_cat=0
split_feature=85 29 37 67 34 17 3 82 28 77 67 48 65 16
split_gain=279.809 210.481 59.7492 47.597 45.2888 33.5642 33.0985 40.7272 31.514 42.0425 25.6004 25.0213 21.9055 21.3673
threshold=3.4420584440231301 0.89537316337452577 2210.0829483385223 105.73119225627489 0.48137931034482767 44.000000000000007 6.0416666666569663 -37.521191954612725 235.50000000000003 38.12003558874131 170.01665441543739 100.86447393894197 1.0823437920351526 11.500000000000002
decision_type=8 10 8 10 8 2 2 8 2 8 10 10 10 2
left_child=4 2 5 6 8 10 11 -8 -1 12 13 -3 -10 -2
right_child=1 3 -4 -5 -6 -7 7 -9 9 -11 -12 -13 -14 -15
leaf_value=-1.9352723679721888 -0.40001287668335084 -0.63055380556027896 -0.43431564342849516 2.7341084321437945 -0.14543758008220017 -1.0878765213250947 -1.2589861442981343 1.0503816251676763 0.97636243227237618 -1.0338200403996356 2.7389019222056685 1.6850818536618966 -2.0616345699985401 0.6153589052697449
leaf_weight=652 192 112 397 500 243 109 55 1036 111 85 63 40 53 153
leaf_count=652 192 112 397 500 243 109 55 1036 111 85 63 40 53 153
internal_value=-0.000702262 0.00463883 -0.00701639 0.0107511 -0.0131004 -0.000289575 0.00759646 0.00942308 -0.0161973 -0.00708 0.00366748 -0.0054902 0.00181818 0.000433526
internal_weight=3801 2657 914 1743 1144 517 1243 1091 901 249 408 152 164 345
internal_count=3801 2657 914 1743 1144 517 1243 1091 901 249 408 152 164 345
is_linear=0
shrinkage=0.03


Tree=12
num_leaves=15
num_cat=0
split_feature=0 29 9 0 11 43 80 80 28 81 83 28 49 80
split_gain=339.757 97.415 84.0044 80.5802 63.809 38.7434 35.934 35.5412 31.4561 23.3402 23.5875 22.1229 30.1255 20.1752
threshold=26.500000000000004 0.90842932168233381 330.00000000000006 136.50000000000003 870.00000000000011 83.519460071712203 -17.863368153572079 72.573922872543349 218.50000000000003 9270.7615833282489 35.384360194206245 221.50000000000003 6.5000000000000009 111.84998023509981
decision_type=2 10 2 2 2 10 8 10 2 10 10 2 10 8
left_child=1 5 3 7 8 13 -3 11 -4 10 -8 12 -2 -1
right_child=2 6 4 -5 -6 -7 9 -9 -10 -11 -12 -13 -14 -15
leaf_value=-0.85312173187765972 0.31271293541411643 -1.031212443678593 -0.86288049283615331 3.72443967346122 1.092087820220049 -0.81852454387003104 0.015481252667974416 1.4603319885385673 -0.25626226306244587 -0.53399363681107748 1.1939250046286534 0.75745841401452174 -0.76959036382362012 0.30606066301940443
leaf_weight=110 159 142 127 590 180 953 352 314 143 88 159 237 196 94
leaf_count=110 159 142 127 590 180 953 352 314 143 88 159 237 196 94
internal_value=-0.000639792 -0.00966825 0.00816641 0.0115832 -0.0031929 -0.0151036 -0.00117251 0.00595369 -0.0123985 0.00205 0.00451172 0.00161889 -0.00311798 -0.00321951
internal_weight=3844 1898 1946 1496 450 1157 741 906 270 599 511 592 355 204
internal_count=3844 1898 1946 1496 450 1157 741 906 270 599 511 592 355 204
is_linear=0
shrinkage=0.03


Tree=13
num_leaves=15
num_cat=0
split_feature=0 45 29 84 84 74 0 27 3 32 85 85 55 3
split_gain=346.988 93.9058 90.9967 65.7631 46.2154 40.4948 45.5782 40.3249 37.9125 32.3772 27.6665 26.8453 23.9647 21.949
threshold=26.500000000000004 8.5000000000000018 0.91163137398077165 8.638121922810873 31.175808588663738 2293.2492002996983 192.50000000000003 0.89731607955907033 6.0416666666569663 0.65686274509803932 -38.244549314180993 -15.899140298366545 1.0000000180025095e-35 14.541666666656967
decision_type=2 10 10 10 8 10 2 10 2 10 8 10 10 2
left_child=2 3 9 7 12 6 13 -2 -6 11 -9 -1 -4 -3
right_child=1 5 4 -5 8 -7 -8 10 -10 -11 -12 -13 -14 -15
leaf_value=-1.0854803364481151 -0.90092172344965138 0.71120267292496619 -0.048008173634465995 1.8352988813584008 -0.79938571022679983 -0.50106566886001003 5.5907216752095579 -0.88811883314753648 0.59706249900763497 0.16902111917851256 0.48692874116693696 -0.4565845080539786 -1.5641465283569327 1.6591033568940461
leaf_weight=847 183 422 113 196 75 64 335 114 399 94 319 234 131 304
leaf_count=847 183 422 113 196 75 64 335 114 399 94 319 234 131 304
internal_value=-0.000704777 0.00821981 -0.00983633 0.000442804 -0.00141864 0.0138277 0.015226 -0.00437601 0.00404211 -0.0149745 0.00062212 -0.0164418 -0.012 0.0109766
internal_weight=3830 1937 1893 812 718 1125 1061 616 474 1175 433 1081 244 726
internal_count=3830 1937 1893 812 718 1125 1061 616 474 1175 433 1081 244 726
is_linear=0
shrinkage=0.03


Tree=14
num_leaves=15
num_cat=0
split_feature=0 53 31 84 80 81 28 8 4 51 56 82 7 23
split_gain=344.568 106.049 73.9156 48.2703 44.4577 43.9115 39.5224 38.3831 36.5502 35.3468 31.5246 25.3156 29.0646 27.2389
threshold=26.500000000000004 7.5000000000000009 4.9798076923076922 9.7929721673329677 74.198228836059585 3158.0010627508168 226.50000000000003 4.0060458972791624 8.5000000000000018 122.44134294986726 165.32973710695904 -23.599052131175991 2186.5181977426896 14.121639490127565
decision_type=2 10 8 10 10 8 2 10 2 8 10 8 10 8
left_child=2 3 -1 10 6 -4 7 -3 11 -10 -2 -7 13 -13
right_child=1 4 5 -5 -6 8 -8 -9 9 -11 -12 12 -14 -15
leaf_value=0.19392502050746241 -0.8619175447703521 -0.39754151892355633 1.0762594423541612 1.6899593449654366 2.8989565217753386 -2.213708339872329 1.9659640782877805 1.4234122813204295 -0.079189498541391498 -0.88222483240736504 0.42714466000250678 0.50333518166986524 -0.8766129887207369 -0.48284704712288529
leaf_weight=374 327 252 65 124 475 326 336 294 298 127 120 109 549 57
leaf_count=374 327 252 65 124 475 326 336 294 298 127 120 109 549 57
internal_value=-0.000665102 0.00827372 -0.00971144 -0.00256993 0.0128351 -0.0126305 0.00883352 0.00383912 -0.0137014 -0.00626761 -0.00716518 -0.0167274 -0.0135335 -0.00251497
internal_weight=3833 1928 1905 571 1357 1531 882 546 1466 425 447 1041 715 166
internal_count=3833 1928 1905 571 1357 1531 882 546 1466 425 447 1041 715 166
is_linear=0
shrinkage=0.03


Tree=15
num_leaves=15
num_cat=0
split_feature=0 9 29 0 82 11 85 3 28 80 28 32 65 85
split_gain=286.742 105.108 103.405 62.0747 52.2208 48.0154 35.4882 31.7693 29.9713 29.5134 30.2469 29.2014 27.2285 25.9582
threshold=53.500000000000007 330.00000000000006 0.90630852059925104 169.50000000000003 -58.568741202354424 690.00000000000011 1.0000000180025095e-35 21.125000000000004 210.50000000000003 83.849930524826064 214.50000000000003 0.73030303030303034 1.0020418593265805 -38.244549314180993
decision_type=2 2 10 2 8 2 10 2 2 8 2 10 10 8
left_child=2 3 6 9 -4 8 11 12 -3 10 -2 -1 -6 -10
right_child=1 5 4 -5 7 -7 -8 -9 13 -11 -12 -13 -14 -15
leaf_value=-0.8804472357521177 -0.42327706092876555 -0.72917289544179542 -1.4750562397149638 4.4194446009559192 0.25418733548334038 0.83045336685275772 -0.30100703053560718 1.7062623974788433 -1.2229838672276283 1.3756790728135975 1.1427157613449888 0.18549960123179604 -0.76148155124065364 0.35550230283317202
leaf_weight=898 196 106 78 456 596 165 255 67 42 437 123 75 207 88
leaf_count=898 196 106 78 456 596 165 255 67 42 437 123 75 207 88
internal_value=-0.000530343 0.00905204 -0.00763436 0.0134542 -0.000189673 -0.00425373 -0.0133767 0.00192882 -0.0129114 0.0081638 0.00121875 -0.0159856 0.000261194 -0.00320611
internal_weight=3789 1613 2176 1212 948 401 1228 870 236 756 319 973 803 130
internal_count=3789 1613 2176 1212 948 401 1228 870 236 756 319 973 803 130
is_linear=0
shrinkage=0.03


Tree=16
num_leaves=15
num_cat=0
split_feature=29 53 80 67 53 80 67 80 80 67 31 65 81 3
split_gain=207.319 96.3962 85.5784 80.3321 45.7193 42.5874 40.565 36.1918 34.5801 26.102 24.0493 23.7586 21.3997 23.5567
threshold=0.90591147350029133 9.5000000000000018 -14.513577699661253 1.0000000180025095e-35 9.5000000000000018 95.561455726623549 -96.126303315162644 4.8254847526550302 97.505323648452773 7.5878930389880859 25.945689655172419 0.95703745775935312 9485.2814967632312 10.958333333343036
decision_type=10 10 8 10 10 10 8 10 10 8 8 10 10 2
left_child=3 2 -2 6 7 11 -1 -5 -8 -7 -10 12 13 -4
right_child=1 -3 5 4 -6 9 8 -9 10 -11 -12 -13 -14 -15
leaf_value=-2.5908934186378363 -0.67027484515763214 2.7184260627891326 0.07516939318888631 -0.93870182387932888 1.3727083219520377 -0.24056072578635457 -0.40755837223466895 0.7151240557086681 1.7000262915999267 1.9864008044118793 -0.43263783789539961 -0.7121926626161168 -0.50149636656009189 0.9608505932920508
leaf_weight=272 352 474 270 186 179 59 879 122 85 294 70 197 88 328
leaf_count=272 352 474 270 186 179 59 879 122 85 294 70 197 88 328
internal_value=-0.000785788 0.00570044 0.0021523 -0.00824415 0.00215164 0.00586904 -0.0121194 -0.00485437 -0.0093913 0.014661 0.00365385 0.00234163 0.00497817 0.00701169
internal_weight=3855 2062 1588 1793 487 1236 1306 308 1034 353 155 883 686 598
internal_count=3855 2062 1588 1793 487 1236 1306 308 1034 353 155 883 686 598
is_linear=0
shrinkage=0.03


Tree=17
num_leaves=15
num_cat=0
split_feature=82 31 60 80 45 53 3 39 53 3 80 60 26 84
split_gain=182.807 111.602 125.112 58.6189 58.671 49.8314 48.0329 31.3246 29.4521 22.7233 22.2077 21.3767 22.324 19.8221
threshold=-18.678651392459866 48.494047619047628 -5.223776936531066 95.561455726623549 9.5000000000000018 7.5000000000000009 5.8750000000000009 1561.5185058257553 2.5000000000000004 6.6250000000000009 1.0000000180025095e-35 1245.2417789697649 90.500000000000014 -114.66653823852538
decision_type=8 8 8 10 8 10 2 10 10 2 10 10 2 8
left_child=5 2 7 4 11 8 -6 -2 -1 -5 -7 12 -4 -14
right_child=1 -3 3 9 6 10 -8 -9 -10 -11 -12 -13 13 -15
leaf_value=0.20144230298601168 -0.018892652930202303 -0.2992274698148702 -0.32933157640739535 0.078401453064416413 -0.57972422097528153 -0.4224878849650911 2.0731363114204338 -1.5908312771841484 -2.3051943218685866 2.3546534173603959 1.0058507937354721 1.1256706898458786 -0.67045551760885924 0.4540988267665968
leaf_weight=42 207 347 389 81 106 313 443 263 419 588 49 48 85 469
leaf_count=42 207 347 389 81 106 313 443 263 419 588 49 48 85 469
internal_value=-0.000615584 0.00279485 0.0048694 0.00785973 0.00463335 -0.0131432 0.0124909 -0.00917197 -0.0196753 0.0152687 -0.00479339 0.000272177 -0.000730932 0.00313514
internal_weight=3849 3026 2679 2209 1540 823 549 470 461 669 362 991 943 554
internal_count=3849 3026 2679 2209 1540 823 549 470 461 669 362 991 943 554
is_linear=0
shrinkage=0.03


Tree=18
num_leaves=15
num_cat=0
split_feature=0 53 32 80 29 81 0 28 75 35 53 29 83 31
split_gain=310.863 81.9015 80.3621 72.7237 42.3673 40.8481 39.9008 30.9548 33.0695 30.9318 28.4865 31.8007 27.785 27.1809
threshold=27.500000000000004 9.5000000000000018 0.52086956521739147 95.561455726623549 0.9445213911972915 3293.3193708658223 155.50000000000003 215.50000000000003 287.92976641654974 21.32164562879851 7.5000000000000009 0.873455848711301 191.1447426080704 12.889444444444447
decision_type=2 10 10 10 10 8 2 2 8 8 8 10 8 8
left_child=2 3 5 4 7 -1 9 8 -2 -3 12 -12 -7 -14
right_child=1 6 -4 -5 -6 10 -8 -9 -10 -11 11 -13 13 -15
leaf_value=0.57126094745364986 -0.84608243179564291 1.1514272677033579 0.17925659669410651 1.8919658955996745 1.3906582607439719 -2.373049694755363 4.7339649718496242 0.15552972618652117 -0.25109787589583643 -0.67862050716932742 -0.33305607029809081 -0.29025064572042408 1.0048521587017363 -1.3484188307858949
leaf_weight=93 134 236 419 292 185 495 357 367 255 60 402 363 41 108
leaf_count=93 134 236 419 292 185 495 357 367 255 60 402 363 41 108
internal_value=-0.000764181 0.00788553 -0.00925598 0.00333063 -0.000732484 -0.012495 0.0164679 -0.00388375 -0.00976923 0.00828283 -0.013766 -0.00983029 -0.0184186 -0.007
internal_weight=3807 1886 1921 1233 941 1502 653 756 389 296 1409 765 644 149
internal_count=3807 1886 1921 1233 941 1502 653 756 389 296 1409 765 644 149
is_linear=0
shrinkage=0.03


Tree=19
num_leaves=15
num_cat=0
split_feature=0 8 29 80 85 84 9 45 0 71 77 83 75 63
split_gain=260.897 101.478 98.4391 47.8481 47.5776 34.6756 32.1582 32.8197 29.4895 29.2642 27.7798 24.3667 23.7904 30.202
threshold=56.500000000000007 4.012505536383606 0.90630852059925104 67.693006038665786 -2.4213190674781795 109.17838752269746 330.00000000000006 9.5000000000000018 192.50000000000003 15.500000000000002 -123.1773418188095 54.667770743370063 2467.4988751411443 -121.61127386501634
decision_type=2 10 10 10 8 10 2 10 2 8 10 10 8 10
left_child=2 3 5 6 12 -1 7 -2 -3 -8 -7 -6 13 -4
right_child=1 8 4 -5 11 10 9 -9 -10 -11 -12 -13 -14 -15
leaf_value=-0.63900814426713992 -0.44097413253235934 1.2215681853373885 1.0936705572910062 1.4545923291702489 0.024674068602387942 1.4147765980727116 -0.66100678702231985 2.6332090785587168 5.5188050260393595 0.10322892438868619 -1.0565328406020986 1.0028286167587392 -1.1567817311919357 -2.1602301050123716
leaf_weight=1161 189 463 60 250 492 65 201 120 253 102 44 210 217 40
leaf_count=1161 189 463 60 250 492 65 201 120 253 102 44 210 217 40
internal_value=-0.000566184 0.00881571 -0.00703493 0.00187717 -8.82353e-05 -0.0126042 -0.00264274 0.00416129 0.0171548 -0.00957237 0.00354545 0.00426743 -0.00971698 0.00237624
internal_weight=3867 1578 2289 862 1019 1270 612 309 716 303 109 702 317 100
internal_count=3867 1578 2289 862 1019 1270 612 309 716 303 109 702 317 100
is_linear=0
shrinkage=0.03


Tree=20
num_leaves=15
num_cat=0
split_feature=0 53 29 80 33 7 3 32 0 27 84 3 66 3
split_gain=220.295 84.0515 68.7616 67.8574 46.6107 39.1944 37.3538 35.245 31.5322 27.8543 24.9605 31.6167 20.1136 20.2231
threshold=26.500000000000004 9.5000000000000018 0.90842932168233381 95.561455726623549 27.599119496855348 3872.4679407200251 20.875000000000004 0.65686274509803932 155.50000000000003 0.89414877061935905 30.259966611862186 6.0416666666569663 -363.45784783363337 17.541666666656969
decision_type=2 10 10 10 8 10 2 10 2 10 8 2 10 2
left_child=2 3 7 5 8 9 10 -1 -3 -2 12 -12 13 -4
right_child=1 4 6 -5 -6 -7 -8 -9 -10 -11 11 -13 -14 -15
leaf_value=-0.59187708851656218 -0.59327698441052068 1.0773392779211055 0.26260835012030925 1.6662257396221487 -0.31978012781397536 1.6215154056899961 1.4656720695165366 0.31753092374240521 4.6712812856244277 -0.051060963259895044 -0.76655215741570482 0.35954816802532197 -1.4147958813341102 -1.6889019058567234
leaf_weight=1061 232 256 95 304 93 124 47 100 305 617 79 394 111 40
leaf_count=1061 232 256 95 304 93 124 47 100 305 617 79 394 111 40
internal_value=-0.00105727 0.00610248 -0.00823133 0.00161972 0.0148397 -0.00224846 -0.00125163 -0.0128313 0.0180961 -0.00455294 -0.00295833 0.00107595 -0.0106883 -0.00286765
internal_weight=3858 1931 1927 1277 654 973 766 1161 561 849 719 473 246 135
internal_count=3858 1931 1927 1277 654 973 766 1161 561 849 719 473 246 135
is_linear=0
shrinkage=0.03


Tree=21
num_leaves=15
num_cat=0
split_feature=0 8 29 27 83 80 0 66 83 28 81 83 74 69
split_gain=229.346 92.3888 63.8294 53.2963 41.464 36.6598 34.254 33.7959 30.1455 22.6509 22.5147 20.573 20.0148 19.6632
threshold=26.500000000000004 4.3339587165264906 0.91056453326334486 0.89414877061935905 23.643407583236698 -34.518487572669976 169.50000000000003 -63.108381152153008 199.74051034450534 226.50000000000003 8566.296157479288 18.644927024841312 55.089679645196171 168.14707329483528
decision_type=2 10 10 10 8 8 2 10 10 2 10 10 10 10
left_child=2 3 8 7 -5 -4 -3 9 10 -2 -1 -7 -13 -9
right_child=1 6 5 4 -6 11 -8 13 -10 -11 -12 12 -14 -15
leaf_value=-0.38518443669299535 -0.73067488086566834 1.018807166825926 -1.2536891805107933 -0.057002655049046384 1.2801676175167231 -0.1511968379987165 4.5358258451181337 -0.84688276713498156 0.82623319874757328 0.64669374328824658 -2.2596495691397496 0.48598467951765384 2.5123741916990094 1.4906957209952285
leaf_weight=878 191 435 130 432 465 378 260 49 55 43 240 180 49 53
leaf_count=878 191 435 130 432 465 378 260 49 55 43 240 180 49 53
internal_value=-0.000734566 0.00656299 -0.00810047 0.00162885 0.00544543 -0.00117886 0.0153017 -0.00854599 -0.0124446 -0.0148085 -0.0135121 0.00192434 0.009 0.00582524
internal_weight=3838 1928 1910 1233 897 737 695 336 1173 234 1118 607 229 102
internal_count=3838 1928 1910 1233 897 737 695 336 1173 234 1118 607 229 102
is_linear=0
shrinkage=0.03


Tree=22
num_leaves=15
num_cat=0
split_feature=0 45 43 80 80 74 0 31 81 8 51 80 28 65
split_gain=233.023 85.6391 77.5861 73.7065 55.1648 44.6857 36.3699 28.3519 26.1863 22.9435 23.8172 22.7745 19.1435 23.525
threshold=58.500000000000007 9.5000000000000018 437.07330409171738 95.561455726623549 -0.67900657653808583 2053.9054714626041 205.50000000000003 19.063145161290326 3184.1654009819035 4.4274824289109782 -597.55865705013264 161.66694748401645 260.50000000000006 1.0020418593265805
decision_type=2 8 10 10 8 10 2 8 8 10 10 10 2 10
left_child=2 3 4 9 -1 6 -3 8 -6 10 -2 -4 13 -10
right_child=1 5 11 -5 7 -7 -8 -9 12 -11 -12 -13 -14 -15
leaf_value=-0.9950098124816753 1.0955730210633354 1.6886185325987735 -0.65273359807087428 1.4789618499290731 1.9738032298199302 -0.60525463120668299 5.4357710789534526 -0.27577038153054717 0.12396727671198864 0.98859198114306723 -0.43535941783952892 0.2258448975902802 0.79205897472431031 -0.83868619020639046
leaf_weight=467 50 363 693 232 68 43 237 215 534 140 510 58 108 122
leaf_count=467 50 363 693 232 68 43 237 215 534 140 510 58 108 122
internal_value=-0.000921635 0.00793782 -0.00708297 0.00212219 -0.00316832 0.0163509 0.0184692 0.000658397 0.00316927 -0.00273894 -0.00545455 -0.0149601 0.00156863 -0.000365297
internal_weight=3840 1575 2265 932 1514 643 600 1047 832 700 560 751 764 656
internal_count=3840 1575 2265 932 1514 643 600 1047 832 700 560 751 764 656
is_linear=0
shrinkage=0.03


Tree=23
num_leaves=15
num_cat=0
split_feature=29 85 67 3 53 59 74 42 25 28 77 3 58 80
split_gain=168.761 96.6262 58.3291 43.0786 36.5989 33.4566 32.0693 31.3399 31.1976 30.2827 29.5063 24.5212 23.3551 22.7909
threshold=0.90345893141945788 5.0967040061950692 1.0000000180025095e-35 10.041666666656967 7.5000000000000009 178.0279076099396 45.067296290537051 -174.80952572822568 0.9548008171603678 248.50000000000003 -69.401914954185472 21.541666666656969 94.926844000816359 159.56312286853793
decision_type=10 8 10 2 10 10 8 10 10 2 8 2 10 10
left_child=2 7 6 9 -4 -5 -1 -2 12 10 -3 13 -6 -8
right_child=1 3 4 5 8 -7 11 -9 -10 -11 -12 -13 -14 -15
leaf_value=0.90170221812540319 2.5695793295727203 -1.1397249361848971 -1.6290347256778708 1.4152349515867972 0.2060900852656545 -0.35172936736894161 -0.60537105831894977 -0.72980853960378345 -0.60446509474614063 1.3166853668606462 0.11340662365988449 0.46571842646180511 2.5648277318409987 0.057094943497411066
leaf_weight=62 47 94 89 982 202 123 1029 503 42 186 251 55 101 99
leaf_count=62 47 94 89 982 202 123 1029 503 42 186 251 55 101 99
internal_value=-0.000938955 0.00455418 -0.00808929 0.00821014 0.00137931 0.0115823 -0.0113884 -0.00631579 0.00580925 0.00118421 -0.00407514 -0.0124916 0.00917763 -0.0134455
internal_weight=3865 2186 1679 1636 434 1105 1245 550 345 531 345 1183 303 1128
internal_count=3865 2186 1679 1636 434 1105 1245 550 345 531 345 1183 303 1128
is_linear=0
shrinkage=0.03


Tree=24
num_leaves=15
num_cat=0
split_feature=0 8 29 82 25 0 82 81 31 17 3 67 81 80
split_gain=208.236 79.8399 62.7514 48.6529 38.4137 35.9721 33.624 46.7224 32.6579 28.1845 26.1902 33.4277 25.498 24.5616
threshold=36.500000000000007 4.012505536383606 0.91218821253368354 96.516979038715377 0.88603896103896107 169.50000000000003 -10.293292760848997 3616.6289366483693 15.003333333333336 6.5000000000000009 6.0416666666569663 -153.07576206922528 5543.6277067661294 4.8254847526550302
decision_type=2 10 10 10 10 2 8 8 8 2 2 8 10 8
left_child=2 3 6 4 -2 13 -1 -8 -9 -6 -4 -12 -11 -3
right_child=1 5 10 -5 9 -7 7 8 -10 12 11 -13 -14 -15
leaf_value=-1.8398648415108518 -0.56216377678357321 -0.051886601925146922 -0.74614090456442816 1.8193063297605778 -0.96591479089982535 4.2716749478395801 1.4764604338737846 -0.17515386674027505 -0.33747648718890516 0.73657842734389933 -2.0993350815744716 0.30791483234615719 -0.58464141616382037 1.1587865933050705
leaf_weight=429 193 124 103 203 52 284 60 267 526 380 61 586 156 403
leaf_count=429 193 124 103 203 52 284 60 267 526 380 61 586 156 403
internal_value=-0.000478056 0.00696548 -0.00705362 0.00121827 -0.0021867 0.0139286 -0.0110834 -0.00762295 -0.00955919 0.00162988 -0.000159787 0.00208333 0.00368715 0.00926136
internal_weight=3827 1795 2032 984 781 811 1282 853 793 588 750 647 536 527
internal_count=3827 1795 2032 984 781 811 1282 853 793 588 750 647 536 527
is_linear=0
shrinkage=0.03


Tree=25
num_leaves=15
num_cat=0
split_feature=0 43 8 80 85 0 81 83 27 25 80 80 50 3
split_gain=203.533 79.2262 75.918 58.2892 38.4256 30.3212 30.0533 26.5424 26.196 25.5528 22.2563 20.0233 18.558 18.0927
threshold=56.500000000000007 437.07330409171738 3.9910513001799739 3.1373730897903447 68.954903562863691 194.50000000000003 3586.0762547254567 100.86936461925508 0.91741124850418843 0.88762626262626265 4.8254847526550302 95.561455726623549 62.472224473953254 5.9583333333430355
decision_type=2 10 10 8 10 2 8 10 10 10 8 10 8 2
left_child=1 3 4 -1 9 10 11 -3 -8 -2 -4 -5 -11 -10
right_child=2 7 5 6 -6 -7 8 -9 13 12 -12 -13 -14 -15
leaf_value=-0.9521655612780916 -0.51418082496144946 -0.67963797681709248 -0.2237947246770754 0.48369981366264264 1.0942563972436754 4.7924459812035751 -0.30906535269791058 0.079134625505157763 -0.58875667742749538 -0.61516431466118726 1.3119458073210699 2.4581067228964488 0.43399319900549244 0.53468565332718487
leaf_weight=486 129 684 102 76 324 246 422 79 60 155 371 55 215 395
leaf_count=486 129 684 102 76 324 246 422 79 60 155 371 55 215 395
internal_value=-0.000971053 -0.00670948 0.00742709 -0.00268896 0.00120146 0.0145417 0.00142716 -0.0145681 -0.000580866 -0.00402 0.0100633 0.0147727 0 0.00440789
internal_weight=3799 2257 1542 1494 823 719 1008 763 877 499 473 131 370 455
internal_count=3799 2257 1542 1494 823 719 1008 763 877 499 473 131 370 455
is_linear=0
shrinkage=0.03


Tree=26
num_leaves=15
num_cat=0
split_feature=0 29 8 85 84 74 0 84 67 33 3 53 19 3
split_gain=193.303 83.6035 69.7568 41.7825 36.0468 34.5077 30.7748 28.6531 28.4654 25.2334 22.0413 21.3477 21.1141 21.1181
threshold=56.500000000000007 0.91056453326334486 4.3339587165264906 5.0967040061950692 82.464502930641189 2293.2492002996983 1.0000000180025095e-35 106.78723096847536 221.01676688591641 11.235299934080425 21.125000000000004 9.5000000000000018 330.00000000000006 17.958333333343038
decision_type=2 10 10 8 10 10 2 10 8 10 2 8 10 2
left_child=1 4 3 -2 6 11 -1 10 -4 -8 12 -5 13 -3
right_child=2 7 8 5 -6 -7 9 -9 -10 -11 -12 -13 -14 -15
leaf_value=-0.77422008299619938 -0.86787379682889265 -0.14892919318543951 0.516514780995315 0.33209470182828466 0.15928949049118049 -0.42745348937288558 0.11765513406434236 1.2269108587607807 3.2609536314117702 -0.68123553926503166 1.5291456549336362 1.9349837124242923 0.84514818578786632 -1.2910844098285417
leaf_weight=846 201 558 227 507 145 82 98 135 354 243 49 211 85 102
leaf_count=846 201 558 227 507 145 82 98 135 354 243 49 211 85 102
internal_value=-0.000991155 -0.00661804 0.00704991 0.00224551 -0.0114329 0.00531835 -0.0131566 0.000290323 0.0153093 -0.00552632 -0.00188679 0.00742698 -0.00317694 -0.00499244
internal_weight=3843 2261 1582 1001 1332 800 1187 929 581 341 794 718 745 660
internal_count=3843 2261 1582 1001 1332 800 1187 929 581 341 794 718 745 660
is_linear=0
shrinkage=0.03


Tree=27
num_leaves=15
num_cat=0
split_feature=85 29 53 28 45 83 36 35 36 75 7 30 2 25
split_gain=156.767 103.422 70.1556 36.2737 35.5804 32.9224 31.8438 30.8028 26.0264 25.5421 24.5752 21.665 20.4468 21.0131
threshold=-29.287706613540646 0.87187304565353363 9.5000000000000018 235.50000000000003 7.5000000000000009 56.68145155906678 0.5674242424242425 26.089611111111115 0.25595575723199099 314.96200919151312 5342.084898275768 6.0500000000000007 1.0000000180025095e-35 0.94925981549023819
decision_type=8 10 10 2 10 10 8 10 10 8 10 10 2 10
left_child=3 12 5 6 9 10 -1 -4 -7 -5 11 -3 13 -2
right_child=1 2 7 4 -6 8 -8 -9 -10 -11 -12 -13 -14 -15
leaf_value=-2.0468975221063128 -0.1554175950167771 0.22178639123597726 2.0661969978204784 0.18520929019332436 1.1477135185588785 0.059500950600522913 -0.097861819435260761 -0.26994480671607202 1.4394556717933429 -1.8875441556470332 2.1671566610987942 -0.34418392352789923 -0.14029369742541986 -0.60339379567890283
leaf_weight=542 448 554 583 58 93 163 134 48 249 110 54 584 104 68
leaf_count=542 448 554 583 58 93 163 134 48 249 110 54 584 104 68
internal_value=-0.000585289 0.00290966 0.00591682 -0.011226 -0.00171756 0.00257944 -0.0148892 0.0143829 0.00987893 -0.00994083 5.02934e-05 -0.000895522 -0.00792271 -0.00545455
internal_weight=3792 2855 2235 937 261 1604 676 631 412 168 1192 1138 620 516
internal_count=3792 2855 2235 937 261 1604 676 631 412 168 1192 1138 620 516
is_linear=0
shrinkage=0.03


Tree=28
num_leaves=15
num_cat=0
split_feature=0 4 0 84 83 81 29 82 31 80 32 4 75 53
split_gain=204.53 70.1131 51.8694 44.728 39.7976 35.9539 34.3379 31.0923 32.8191 25.1294 19.6908 21.0673 19.5426 18.2805
threshold=26.500000000000004 6.5000000000000009 216.50000000000003 44.080124417940787 -2.422505140304565 3418.1595023870473 0.9445213911972915 -23.599052131175991 15.003333333333336 72.573922872543349 0.70294117647058829 8.5000000000000018 232.365553021431 9.5000000000000018
decision_type=2 2 2 10 10 10 10 8 8 10 10 2 8 10
left_child=3 4 9 7 6 -5 -2 13 12 -3 11 -7 -9 -1
right_child=1 2 -4 5 -6 10 -8 8 -10 -11 -12 -13 -14 -15
leaf_value=-2.0081116614964549 -0.4861671948779141 0.30974379778544564 4.4197882635416006 1.7600169662150711 1.3031171417042429 -0.81252365155781781 1.1418342104921178 0.87550694748025049 -0.27157547753767641 1.5225295283112503 0.88322485085940139 0.24894228218906753 -0.32344363367560286 -0.0016755884091751538
leaf_weight=342 397 663 266 56 124 173 84 82 585 376 72 121 408 48
leaf_count=342 397 663 266 56 124 173 84 82 585 376 72 121 408 48
internal_value=-0.000608215 0.00631083 0.0102221 -0.00761123 -0.00212871 0.000992908 -0.00603734 -0.0100887 -0.00744424 0.00718269 -0.00245232 -0.00589831 -0.00171079 -0.0173402
internal_weight=3797 1910 1305 1887 605 422 481 1465 1075 1039 366 294 490 390
internal_count=3797 1910 1305 1887 605 422 481 1465 1075 1039 366 294 490 390
is_linear=0
shrinkage=0.03


Tree=29
num_leaves=15
num_cat=0
split_feature=0 82 43 4 0 83 27 57 83 28 77 2 37 19
split_gain=144.054 75.6346 73.4375 67.2983 40.41 38.1325 37.8786 30.0816 29.7613 32.6434 19.5184 18.9809 27.4455 29.894
threshold=64.500000000000014 -33.674072265624993 545.41794117912934 6.5000000000000009 243.50000000000003 -7.1079481840133658 0.90132150930273014 5.5000000000000009 62.864355087280281 259.50000000000006 -220.40539968013761 1.0000000180025095e-35 432.38710838193265 270.00000000000006
decision_type=2 8 10 2 2 10 10 10 10 2 10 2 10 8
left_child=1 7 6 5 10 -2 -3 -1 9 -8 -5 12 -4 -14
right_child=3 2 11 4 -6 -7 8 -9 -10 -11 -12 -13 13 -15
leaf_value=-0.011085005372751061 -0.31617722965070771 -0.28084442523239922 0.046526697985020668 0.04383674316601912 5.1392310313684444 1.5033282138643134 -0.13608688332123337 -1.8454943838058468 1.1297474316139338 1.0729953831120473 1.2879988196660357 -0.12533225163513742 0.32251609475121368 -1.3093483007400548
leaf_weight=96 401 516 136 224 216 86 522 391 246 141 499 73 47 249
leaf_count=96 401 516 136 224 216 86 522 391 246 141 499 73 47 249
internal_value=-0.000663371 -0.00512407 -0.00245469 0.00689559 0.0115851 -0.00215164 0.00103086 -0.0156762 0.00471429 0.0014006 0.00816298 -0.0122727 -0.00983834 -0.0149495
internal_weight=3843 2417 1930 1426 939 487 1425 487 909 663 723 505 432 296
internal_count=3843 2417 1930 1426 939 487 1425 487 909 663 723 505 432 296
is_linear=0
shrinkage=0.03


Tree=30
num_leaves=15
num_cat=0
split_feature=0 8 29 53 80 35 67 27 3 3 34 81 77 17
split_gain=165.516 77.4225 51.4417 44.7851 38.8411 33.0564 24.929 24.0127 22.879 24.0873 21.8 22.5312 18.8315 31.7382
threshold=26.500000000000004 4.3339587165264906 0.90591147350029133 9.5000000000000018 -19.12726259231567 21.202013888888896 229.76968989372259 0.87658329324996009 20.291666666656969 17.875000000000004 0.95553359683794481 3500.4149638414387 -280.30592763423914 24.500000000000004
decision_type=2 10 10 10 10 8 8 10 2 2 10 8 10 2
left_child=2 3 10 4 12 -5 -3 -6 9 -4 11 -1 -2 -14
right_child=1 6 8 5 7 -7 -8 -9 -10 -11 -12 -13 13 -15
leaf_value=0.28363397185725409 -1.1247875090502872 0.55333512838539223 -0.06738351893598897 1.7608362458281412 -0.86562769440567933 -0.695790700873408 2.7762486923473131 0.54620872004628185 0.9768603405793479 -1.1630579779215524 0.81445384960722444 -0.59352888253222369 -0.69694855409960543 0.69491394291249431
leaf_weight=65 145 297 606 251 50 49 404 472 77 113 44 1002 132 136
leaf_count=65 145 297 606 251 50 49 404 472 77 113 44 1002 132 136
internal_value=-0.000757024 0.00542075 -0.0070283 0.000898058 -0.00233974 0.0109635 0.0133761 0.00309751 -0.00120452 -0.002875 -0.011196 -0.0120506 -0.0092029 -0.00446097
internal_weight=3843 1936 1907 1235 935 300 701 522 796 719 1111 1067 413 268
internal_count=3843 1936 1907 1235 935 300 701 522 796 719 1111 1067 413 268
is_linear=0
shrinkage=0.03


Tree=31
num_leaves=15
num_cat=0
split_feature=0 27 8 83 84 85 53 67 69 67 2 81 78 81
split_gain=163.943 68.2664 66.8687 36.2283 36.2079 32.7212 31.0914 28.1081 38.8632 26.3681 22.1694 21.8573 18.8234 16.0316
threshold=56.500000000000007 0.91064169570267139 4.3339587165264906 45.547723054885871 53.129394690195731 -79.220352927843706 9.5000000000000018 -139.11538414728071 13.934095746863351 229.76968989372259 1.0000000180025095e-35 17583.166187167171 0.87500000000000011 4792.6585782766351
decision_type=2 10 10 10 10 8 10 8 10 8 2 10 8 10
left_child=1 5 3 6 7 -1 -2 -3 -9 -4 11 -7 -8 -5
right_child=2 4 9 13 -6 10 12 8 -10 -11 -12 -13 -14 -15
leaf_value=-2.2623445426135729 -0.21993008839082287 -2.2773250150241777 0.54727212390524027 2.1871367786355456 0.74309287925035195 -0.26203056425606397 -0.59188896004689007 0.12352111896043315 -0.46493584619454381 2.8929629119757121 -0.10376641761011657 -1.9515243028171858 1.6839937361832571 0.55148250690393319
leaf_weight=364 585 70 220 107 252 745 40 522 155 357 109 57 159 91
leaf_count=364 585 70 220 107 252 745 40 522 155 357 109 57 159 91
internal_value=-0.000586854 -0.00572308 0.00690385 0.00213632 0.00015 -0.0103213 -0.000764331 -0.00316845 -0.00128319 0.015 -0.00726974 -0.00552927 0.00945 0.0135678
internal_weight=3833 2274 1559 982 999 1275 784 747 677 577 911 802 199 198
internal_count=3833 2274 1559 982 999 1275 784 747 677 577 911 802 199 198
is_linear=0
shrinkage=0.03


Tree=32
num_leaves=15
num_cat=0
split_feature=0 11 0 43 84 28 49 29 81 85 67 2 40 7
split_gain=145.605 64.4408 63.6305 60.0684 31.2972 30.5757 26.4868 24.3818 23.6882 21.6544 20.7251 22.9331 19.1347 18.4828
threshold=64.500000000000014 330.00000000000006 243.50000000000003 441.80656275301584 37.047363320986442 254.50000000000003 7.5000000000000009 0.873455848711301 4632.2083827257165 -54.293093601862587 -102.36977890843433 1.0000000180025095e-35 783.69879677478491 4113.1039627634827
decision_type=2 2 2 10 10 2 10 10 10 8 8 2 10 10
left_child=3 2 8 4 5 6 -1 -6 -2 -3 -5 -12 -11 -10
right_child=1 9 -4 10 7 -7 -8 -9 13 12 11 -13 -14 -15
leaf_value=-0.15333969697414074 1.1533046426068556 -1.0298310512007376 4.7272971086773001 -2.4133547861250491 -0.5348087416395132 0.19680785065330958 -0.97298599027090205 0.76156577557561356 -0.094213645227820414 0.36427755760673591 -0.36454081889786216 -0.098733696140979571 -0.22320966936449588 1.0270068345780796
leaf_weight=531 433 71 248 219 81 193 438 354 319 206 437 84 90 80
leaf_count=531 433 71 248 219 81 193 438 354 319 206 437 84 90 80
internal_value=-0.00061823 0.00685773 0.0105458 -0.00524808 -0.00197121 -0.00453998 -0.00671134 0.00488532 0.00655462 -0.00399457 -0.0123077 -0.00902299 -0.00040404 0.001275
internal_weight=3784 1447 1080 2337 1597 1162 969 435 832 367 740 521 296 399
internal_count=3784 1447 1080 2337 1597 1162 969 435 832 367 740 521 296 399
is_linear=0
shrinkage=0.03


Tree=33
num_leaves=15
num_cat=0
split_feature=53 85 29 31 85 1 38 1 26 80 73 29 77 53
split_gain=118.567 79.0768 73.2764 43.1112 39.1173 34.658 27.2386 23.1603 22.6216 20.6277 20.0595 19.3329 18.7187 18.3257
threshold=7.5000000000000009 21.114725351333622 0.87631637290766007 13.074285714285717 116.61309587955476 659.08346462249767 1502.9486569538669 655.93281006813061 137.50000000000003 148.012978553772 7.1756527423858651 0.96066430560808735 -69.598561823368058 10.500000000000002
decision_type=10 8 10 8 10 2 8 2 2 10 8 10 8 10
left_child=1 6 -2 9 5 7 -1 -4 13 10 -3 -5 -8 -7
right_child=2 3 4 11 -6 8 12 -9 -10 -11 -12 -13 -14 -15
leaf_value=-0.064724753039645616 -0.10458427509747543 -0.51180281944922457 0.50368030458778701 -0.28765858784541148 1.9487996324789474 -0.27991438896115323 -1.9541366442182762 2.4489653802581715 1.0090823553804456 2.5959158835609264 0.57425553053667855 0.84568976947378449 -0.63893611966471553 3.1382273955338662
leaf_weight=123 608 93 353 336 440 492 435 127 143 51 323 40 191 75
leaf_count=123 608 93 353 336 440 492 435 127 143 51 323 40 191 75
internal_value=-0.000297572 -0.00655367 0.00415364 -0.000248815 0.00746781 0.00463476 -0.01364 0.0108524 0.000421941 0.00583333 0.00359712 -0.00779841 -0.0161722 -0.00227113
internal_weight=3830 1592 2238 843 1630 1190 749 480 710 467 416 376 626 567
internal_count=3830 1592 2238 843 1630 1190 749 480 710 467 416 376 626 567
is_linear=0
shrinkage=0.03


Tree=34
num_leaves=15
num_cat=0
split_feature=53 29 82 15 53 3 1 35 84 41 82 22 43 16
split_gain=120.544 70.1409 61.7264 45.6564 44.6395 34.3425 30.2218 29.1407 24.6376 25.1722 21.6957 21.3411 20.8055 21.8349
threshold=7.5000000000000009 0.89763239002521722 -33.674072265624993 11.500000000000002 10.500000000000002 14.708333333343036 659.08346462249767 22.070837320574167 53.129394690195731 -21.698342680931088 79.289564470450088 10.102560162544252 569.51409323227188 8.5000000000000018
decision_type=8 10 8 2 10 2 2 8 10 10 10 2 10 2
left_child=2 6 -1 -4 5 8 -2 10 9 -3 -8 -9 13 -5
right_child=1 4 3 12 -6 -7 7 11 -10 -11 -12 -13 -14 -15
leaf_value=-1.7980650071615201 0.089807338087895802 0.44875600596604948 0.093459232637500236 0.15333743247099846 3.3585586809933505 1.1079843148798771 -0.34459369238825321 -0.15734015684893549 1.0844783326596255 -0.44263278862030603 1.0818052385657149 -0.040631920321223917 -2.3199320927254585 -1.480315672411129
leaf_weight=404 369 133 676 112 257 466 256 196 153 407 56 68 112 154
leaf_count=404 369 133 676 112 257 466 256 196 153 407 56 68 112 154
internal_value=-0.000746073 0.003442 -0.0075257 -0.00369668 0.00766408 0.00514655 -0.00288584 -0.00717504 0.000907781 -0.00210721 -0.000958466 -0.0144906 -0.0120317 -0.00741573
internal_weight=3819 2361 1458 1054 1416 1159 945 576 693 540 312 264 378 266
internal_count=3819 2361 1458 1054 1416 1159 945 576 693 540 312 264 378 266
is_linear=0
shrinkage=0.03


Tree=35
num_leaves=15
num_cat=0
split_feature=0 0 11 30 83 53 8 0 77 45 30 27 40 53
split_gain=124.595 58.642 61.6979 51.1005 42.0187 34.5694 32.1511 28.6606 27.7925 26.2622 26.1738 21.9792 19.5922 19.2649
threshold=1.0000000180025095e-35 243.50000000000003 210.00000000000003 1.0500000000000003 8.0886323451995867 7.5000000000000009 4.441831023352365 -1.0000000180025095e-35 -244.4408195018768 9.5000000000000018 19.550000000000004 0.88304780326056931 890.67271996157535 2.5000000000000004
decision_type=2 2 2 10 10 8 10 2 8 8 10 10 10 10
left_child=3 4 -3 -1 6 -5 8 10 -2 13 -7 -6 -4 -10
right_child=1 2 12 5 11 7 -8 -9 9 -11 -12 -13 -14 -15
leaf_value=0.092065866518009729 -1.0115405591653921 5.2219909909129258 0.50540423991736427 -1.7339815952835844 -0.2532296876033952 0.22754641659122146 0.37454416918598843 -0.0924390517805809 0.77947229663330853 0.39873775003676265 -0.52461945935697774 1.1764003141881534 -0.6485098962623046 -0.43809498137584185
leaf_weight=444 132 227 75 505 108 227 464 135 43 175 209 472 40 560
leaf_count=444 132 227 75 505 108 227 464 135 43 175 209 472 40 560
internal_value=-0.000282945 0.00412712 0.0155685 -0.0069428 0.00211765 -0.0104735 -0.000741818 -0.0054021 -0.00401756 -0.00184852 -0.0016476 0.00888124 -0.00232759 -0.00481788
internal_weight=3816 2296 342 1520 1954 1076 1374 571 910 778 436 580 115 603
internal_count=3816 2296 342 1520 1954 1076 1374 571 910 778 436 580 115 603
is_linear=0
shrinkage=0.03


Tree=36
num_leaves=15
num_cat=0
split_feature=85 27 85 69 3 83 1 83 53 15 49 28 74 80
split_gain=104.41 73.8298 56.212 39.9065 35.5898 32.8151 26.7508 33.275 24.0243 19.1766 18.9892 22.1138 31.652 21.8391
threshold=-38.244549314180993 0.8556128293241696 172.67275679111484 -286.81615183647085 20.375000000000004 -34.482013225555413 659.08346462249767 52.272177577018745 7.5000000000000009 37.500000000000007 10.500000000000002 223.50000000000003 243.3351795038416 85.216893911361709
decision_type=8 10 10 10 2 8 2 8 10 2 10 2 10 8
left_child=3 6 4 -1 10 -6 -2 -8 9 -5 11 12 13 -3
right_child=1 2 -4 8 5 -7 7 -9 -10 -11 -12 -13 -14 -15
leaf_value=0.16055062525823632 0.0083135997946078705 -0.22824315707178811 2.0552708962274076 -1.9607147012357764 -1.0550534906351969 1.73159735660942 0.14615279977996296 -0.19701446608809317 -0.32383878582018255 0.13773674054358395 -0.45183616874219368 0.56805079886142229 -0.85897091440754636 0.44339720885375661
leaf_weight=188 220 407 373 413 47 214 77 222 205 45 236 581 103 473
leaf_count=188 220 407 373 413 47 214 77 222 205 45 236 581 103 473
internal_value=-7.88436e-05 0.00258971 0.00478029 -0.00933099 0.00283705 0.0131679 -0.00767308 -0.0135 -0.0127861 -0.0166013 0.00133259 0.00253035 -0.000213415 0.00163451
internal_weight=3804 2953 2434 851 2061 261 519 299 663 458 1800 1564 983 880
internal_count=3804 2953 2434 851 2061 261 519 299 663 458 1800 1564 983 880
is_linear=0
shrinkage=0.03


Tree=37
num_leaves=15
num_cat=0
split_feature=29 45 85 36 35 3 69 81 82 80 71 3 1 45
split_gain=107.672 53.1376 50.7873 37.1073 36.9782 33.1499 26.7004 25.6494 23.7866 22.3039 21.4649 21.3602 20.6024 20.1422
threshold=0.90591147350029133 8.5000000000000018 52.805993636449188 0.53640862495581498 21.32164562879851 13.375000000000002 -144.51873416138571 11380.238602995874 65.116611440976484 107.45434272289278 13.500000000000002 9.2083333333430364 659.08346462249767 5.5000000000000009
decision_type=10 10 8 10 8 2 10 10 10 8 10 2 2 10
left_child=1 3 6 8 -3 -4 7 -2 11 -7 -8 -1 -6 -12
right_child=2 4 5 -5 12 9 10 -9 -10 -11 13 -13 -14 -15
leaf_value=-0.12299535687104696 0.47986793538202721 0.31648216192100093 0.2428184266918787 0.8740101697208863 0.0084880537847048746 0.56551916628910304 -0.7643818225846799 -1.5588122271607441 -0.1297374457229781 2.0123480305530683 -0.58731407527823021 -1.6806365223115671 -0.13039730981103856 0.32113132253131765
leaf_weight=205 239 400 716 79 159 263 275 40 174 377 45 525 216 105
leaf_count=205 239 400 716 79 159 263 275 40 174 377 45 525 216 105
internal_value=-0.000926944 -0.00637862 0.00372635 -0.0110061 -0.000502577 0.00711864 -0.00280851 0.00439286 -0.0127293 0.0120749 -0.00753521 -0.0151026 -0.00726064 0.0015894
internal_weight=3818 1758 2060 983 775 1356 704 279 904 640 425 730 375 150
internal_count=3818 1758 2060 983 775 1356 704 279 904 640 425 730 375 150
is_linear=0
shrinkage=0.03


Tree=38
num_leaves=15
num_cat=0
split_feature=0 83 9 0 60 7 68 84 69 64 82 40 48 3
split_gain=129.21 58.3922 57.3444 41.0753 40.4983 30.195 24.9056 22.1047 27.1912 25.3483 20.5156 20.4211 21.6614 19.606
threshold=64.500000000000014 94.882938146591201 330.00000000000006 331.00000000000006 -77.695678949356065 4551.8125488102496 -0.01350083976765694 -84.765677094459519 144.92814611641825 3.3347077035612345 101.73115599155427 39.902540243297864 -185.59599506855008 10.291666666656967
decision_type=2 10 2 2 8 10 10 8 10 10 10 10 10 2
left_child=1 4 3 5 -1 7 -4 9 -9 -2 11 12 -6 -3
right_child=2 13 6 -5 10 -7 -8 8 -10 -11 -12 -13 -14 -15
leaf_value=-2.1521365912360295 1.2002448326326576 -0.59867482397173488 0.34702279213988152 6.1636120408190873 1.0500616623890713 2.599183489171816 -0.53563662016862712 0.25660675206585665 1.4005463950632524 -0.96213519913711898 0.28626410899868099 -0.26161870561427475 -0.23800243478088634 0.80252339279183882
leaf_weight=274 66 65 163 108 41 122 191 387 303 111 169 1329 235 282
leaf_count=274 66 65 163 108 41 122 191 387 303 111 169 1329 235 282
internal_value=-0.000966987 -0.00524624 0.00609504 0.00948087 -0.00717423 0.00754545 -0.00439437 0.00556452 0.00798842 -0.0038764 -0.00550986 -0.00655666 0.000866426 0.00612069
internal_weight=3846 2395 1451 1097 2048 989 354 867 690 177 1774 1605 276 347
internal_count=3846 2395 1451 1097 2048 989 354 867 690 177 1774 1605 276 347
is_linear=0
shrinkage=0.03


Tree=39
num_leaves=15
num_cat=0
split_feature=0 27 83 8 85 1 46 56 39 7 51 3 2 35
split_gain=102.892 79.7018 47.7888 36.1222 29.8506 28.9179 26.2428 21.9229 22.1315 19.7531 19.5869 19.4393 17.8669 17.5084
threshold=202.50000000000003 0.91030061892130865 123.58128261566164 3.646927792402987 -69.510727941989884 628.91311836242687 870.00000000000011 -120.76433348655699 2119.2041862142355 3486.0431026247902 165.73015666007998 15.625000000000002 1.0000000180025095e-35 6.5183492999263093
decision_type=2 10 10 10 8 2 10 8 10 10 10 2 2 10
left_child=1 4 7 -2 6 -6 -1 10 13 -10 -3 -11 -7 -9
right_child=3 2 -4 -5 5 12 -8 8 9 11 -12 -13 -14 -15
leaf_value=-2.129005003619326 0.36580790716120742 0.23867659330661126 1.5873490947944018 3.707505875934705 0.14333534485877955 -0.27010651200288255 0.035215426341444825 -0.025871544604615906 -0.64515213017708783 -0.18401381909810985 -1.3855415828983988 1.8118855414492694 -0.071994965781761275 0.53582957434471057
leaf_weight=329 223 41 217 265 275 868 86 333 292 174 82 78 111 446
leaf_count=329 223 41 217 265 275 868 86 333 292 174 82 78 111 446
internal_value=-0.000581 -0.00246625 0.00218149 0.0122699 -0.00709581 -0.00478088 -0.0140625 0.000207326 0.00133686 -0.00330275 -0.0118548 0.00284585 -0.00719388 0.00457692
internal_weight=3820 3332 1663 488 1669 1254 415 1446 1323 544 123 252 979 779
internal_count=3820 3332 1663 488 1669 1254 415 1446 1323 544 123 252 979 779
is_linear=0
shrinkage=0.03


Tree=40
num_leaves=15
num_cat=0
split_feature=0 8 80 3 29 0 80 77 33 17 25 29 3 35
split_gain=126.936 51.9737 47.6657 43.4058 42.5054 24.8717 24.7781 24.4229 22.758 21.1486 25.0938 20.5589 19.6412 19.5139
threshold=1.0000000180025095e-35 4.3339587165264906 105.73080992698671 15.708333333343036 0.90700596003272183 82.500000000000014 66.349470496177688 -251.29376238584516 0.22954545454545458 6.5000000000000009 0.88603896103896107 0.95761545572971396 11.375000000000002 12.392754255783503
decision_type=2 10 10 2 10 2 8 8 8 2 10 10 2 8
left_child=4 2 7 5 8 -3 -5 -2 -1 -9 -11 13 -7 -4
right_child=1 3 11 6 -6 12 -8 9 -10 10 -12 -13 -14 -15
leaf_value=0.76061810770448923 -0.67752832363187454 -0.15603426562739947 2.5671148320045956 0.40288741307611087 -0.14146828757212557 1.7475286276213498 3.6227532110506275 -0.92528126954592649 -0.53890569187793702 -0.36570285986943463 0.2648177821797657 -0.31739420603427632 -0.1304771678377824 0.41696995306473489
leaf_weight=40 179 254 116 123 614 194 246 69 868 244 676 65 79 116
leaf_count=40 179 254 116 123 614 194 246 69 868 244 676 65 79 116
internal_value=-0.00081102 0.00354361 6.13915e-05 0.00923077 -0.00756402 0.00369318 0.0171081 -0.00266895 -0.0116832 -0.000818182 0.000390879 0.0107718 0.0099635 0.0149356
internal_weight=3883 2361 1465 896 1522 527 369 1168 908 989 920 297 273 232
internal_count=3883 2361 1465 896 1522 527 369 1168 908 989 920 297 273 232
is_linear=0
shrinkage=0.03


Tree=41
num_leaves=15
num_cat=0
split_feature=29 53 53 2 83 0 80 74 78 80 68 53 75 3
split_gain=103.169 56.9596 52.9449 39.5549 38.3271 32.9498 28.5477 25.4541 21.0318 22.5002 17.9817 17.3955 17.1654 19.1237
threshold=0.90591147350029133 7.5000000000000009 9.5000000000000018 1.0000000180025095e-35 24.878504157066349 169.50000000000003 69.489916682243361 45.473868530437976 0.70833333333333337 75.468877673149123 -0.0048453240270493894 9.5000000000000018 836.97189927101147 10.291666666656967
decision_type=10 8 10 2 8 2 10 8 8 10 10 10 8 2
left_child=1 7 4 8 -2 -4 -6 -1 -3 11 12 -10 -8 -14
right_child=2 3 5 -5 6 -7 10 -9 9 -11 -12 -13 13 -15
leaf_value=0.87637780080869421 -0.33913723592924294 -0.20918424670915403 0.54136928668371476 -0.054326692367098313 0.067406542162988067 3.2206213204574707 2.3751277861475772 -1.4336596100403591 -0.30112827217253024 0.95091485729515024 2.3154940325089548 0.29987508067730612 -0.70416453243703625 0.84858014825748573
leaf_weight=54 660 236 264 136 617 216 55 618 307 167 116 245 40 109
leaf_count=54 660 236 264 136 617 216 55 618 307 167 116 245 40 109
internal_value=-0.000906014 -0.0062415 0.00362368 -0.00200549 0.000994994 0.0123493 0.00489339 -0.0131055 0.000156904 0.00270833 0.0121495 -0.000216998 0.00673171 0.0014
internal_weight=3840 1763 2077 1091 1597 480 937 672 955 719 320 552 204 149
internal_count=3840 1763 2077 1091 1597 480 937 672 955 719 320 552 204 149
is_linear=0
shrinkage=0.03


Tree=42
num_leaves=15
num_cat=0
split_feature=85 29 0 83 45 3 55 20 3 3 3 57 80 1
split_gain=98.2175 66.8365 54.6863 37.6771 37.2366 21.4389 21.3749 20.5377 18.7353 18.2391 18.211 18.962 15.3447 14.138
threshold=-38.244549314180993 0.86707031535816215 243.50000000000003 62.864355087280281 7.5000000000000009 20.541666666656969 1.0000000180025095e-35 535.93281006813061 18.125000000000004 15.791666666656967 9.2083333333430364 6.5000000000000009 85.216893911361709 659.08346462249767
decision_type=8 10 2 10 10 2 10 10 2 2 2 10 8 2
left_child=4 13 3 5 10 8 -6 -4 9 -3 -1 -12 -10 -2
right_child=1 2 7 -5 6 -7 -8 -9 12 -11 11 -13 -14 -15
leaf_value=0.38695223249990085 -0.027114265978448768 -0.094204409144434745 3.6906491034799376 0.74213356548766962 0.39129564244414622 0.95635469491428526 -0.61189007012923635 -0.039122455314457093 -0.95155447693749606 0.58377969293181264 -0.74476862640500252 -1.8820500429531544 0.11510208334755759 -0.093007754518126068
leaf_weight=41 267 1101 259 527 119 144 210 52 88 148 125 383 51 356
leaf_count=41 267 1101 259 527 119 144 210 52 88 148 125 383 51 356
internal_value=-0.000534607 0.00205411 0.00435259 0.00257767 -0.00935154 0.000195695 -0.00136364 0.0160577 -0.000950324 0.000216 -0.0141273 -0.0156778 -0.0113571 -0.00668269
internal_weight=3871 2993 2370 2059 878 1532 329 311 1388 1249 549 508 139 623
internal_count=3871 2993 2370 2059 878 1532 329 311 1388 1249 549 508 139 623
is_linear=0
shrinkage=0.03


Tree=43
num_leaves=15
num_cat=0
split_feature=85 38 53 52 28 1 78 3 65 27 69 83 60 81
split_gain=83.6262 51.7892 34.7636 29.9326 33.1556 28.3031 27.127 26.1635 25.7658 21.4416 23.127 21.8825 16.8181 16.5424
threshold=-38.244549314180993 7063.8285824566447 10.500000000000002 263.81153070926672 235.50000000000003 659.08346462249767 0.58333333333333337 5.4583333333430355 0.89686205155151633 0.91064169570267139 336.14198412209419 58.953629374504096 713.92004549503338 6970.4694567918787
decision_type=8 8 10 10 2 2 8 2 8 10 10 10 8 10
left_child=3 2 8 4 -1 -3 -4 -8 -2 10 -10 -11 -5 -14
right_child=1 5 6 12 -6 -7 7 -9 9 11 -12 -13 13 -15
leaf_value=-1.5396932366564759 0.93804617996121109 0.041977691887336653 -0.52432859829066802 -0.44565043424433404 -0.09203009413259626 -0.07870760251180059 -0.31963671984509945 3.2121235967864967 -0.10278158577497949 0.02938946532656711 -1.1530331316363049 0.85270340111238874 -0.28341915450488853 1.3449754250638284
leaf_weight=500 315 128 56 45 212 192 40 273 730 847 48 316 44 71
leaf_count=500 315 128 56 45 212 192 40 273 730 847 48 316 44 71
internal_value=-0.000573599 0.00184318 0.00323305 -0.00872852 -0.0113604 -0.00953271 0.0117568 0.0151911 0.00183429 0.00054068 -0.00331194 0.00311856 0.00298137 0.00905172
internal_weight=3817 2945 2625 872 712 320 369 313 2256 1941 778 1163 160 115
internal_count=3817 2945 2625 872 712 320 369 313 2256 1941 778 1163 160 115
is_linear=0
shrinkage=0.03


Tree=44
num_leaves=15
num_cat=0
split_feature=0 43 8 83 28 0 81 25 8 84 65 83 65 68
split_gain=108.625 52.7212 47.0318 33.002 32.4862 28.8377 27.8393 33.2888 28.6162 23.8 20.729 21.2188 18.795 17.61
threshold=77.500000000000014 371.63742697979609 3.6919725040660381 100.86936461925508 258.50000000000006 248.50000000000003 3184.1654009819035 0.93377192982456159 4.280397688079959 -8.7884013652801496 0.80692708644322064 47.471253395080574 1.0445755225996647 0.059047658053878092
decision_type=2 10 10 10 2 2 8 10 8 10 10 8 10 8
left_child=1 4 9 -3 6 10 -1 8 -8 -2 -4 -12 -10 -6
right_child=2 3 5 -5 13 -7 7 -9 12 -11 11 -13 -14 -15
leaf_value=0.64868946584634835 -0.11117286510900141 -0.51778751925667321 1.7108419390287908 0.22677073141302945 0.72030313352915742 4.2350489743410771 -0.90708342917966711 0.11256809478399944 0.25543421588704412 1.0789373037863677 -0.31952183349682806 1.0982274461700936 -0.57095830507923129 -0.092725898122266809
leaf_weight=108 456 831 201 117 181 202 522 443 218 162 140 162 73 75
leaf_count=108 456 831 201 117 181 202 522 443 218 162 140 162 73 75
internal_value=-0.000840185 -0.00443752 0.00614048 -0.0100527 -0.00114744 0.0114306 -0.00298901 -0.00424821 -0.00785012 9.69305e-05 0.00755952 0.00257426 -0.000308219 0.00863813
internal_weight=3891 2568 1323 948 1620 705 1364 1256 813 618 503 302 291 256
internal_count=3891 2568 1323 948 1620 705 1364 1256 813 618 503 302 291 256
is_linear=0
shrinkage=0.03


Tree=45
num_leaves=15
num_cat=0
split_feature=85 29 52 28 0 3 11 84 82 29 67 13 45 46
split_gain=96.8385 49.4062 41.9726 35.6252 34.4164 25.4912 22.9588 19.176 18.9091 31.5229 18.1158 17.8754 17.706 15.4263
threshold=-38.244549314180993 0.89716955941255017 361.33320283889776 235.50000000000003 243.50000000000003 20.958333333343038 450.00000000000006 -1.1875472068786619 32.745044469833381 0.95657137184832253 7.5878930389880859 90.000000000000014 7.5000000000000009 2550.0000000000005
decision_type=8 10 10 2 2 2 2 8 10 10 8 8 10 10
left_child=2 11 3 -1 5 7 -6 -3 -9 10 -10 -2 -5 -4
right_child=1 4 13 12 6 -7 -8 8 9 -11 -12 -13 -14 -15
leaf_value=-1.4911642166359198 0.0076263940910180177 -0.23502574290065634 0.83668817696979336 -0.78624485376771114 3.768709474695374 1.4936169536039055 0.10132741828232679 0.024175505083559624 -0.092024166386141817 -0.25381470531566769 1.5027695659066673 -0.13225167436984217 0.87400065343125988 -0.39525025549545956
leaf_weight=513 420 352 83 161 193 169 68 616 83 112 317 624 66 56
leaf_count=513 420 352 83 161 193 169 68 616 83 112 317 624 66 56
internal_value=-0.000571205 0.00203046 -0.00930682 -0.0121457 0.00489796 0.00329091 0.015 0.00202566 0.00393268 0.00818713 0.0121197 -0.00321531 -0.00223684 0.00578571
internal_weight=3833 2954 879 740 1910 1649 261 1480 1128 512 400 1044 227 139
internal_count=3833 2954 879 740 1910 1649 261 1480 1128 512 400 1044 227 139
is_linear=0
shrinkage=0.03


Tree=46
num_leaves=15
num_cat=0
split_feature=45 0 85 9 0 43 80 31 61 38 4 60 3 16
split_gain=89.51 54.6508 52.7818 32.1902 28.6966 25.7686 23.6418 22.7251 23.7907 18.458 17.8089 17.4404 17.165 22.0156
threshold=7.5000000000000009 86.500000000000014 105.0565403699875 270.00000000000006 325.50000000000006 105.68250734828389 43.877347111701972 13.127500000000003 0.86698296174362521 1430.1960705109632 8.5000000000000018 134.86945664882663 15.875000000000002 21.500000000000004
decision_type=8 2 8 2 2 10 8 8 8 8 2 10 2 2
left_child=2 5 9 4 6 -2 11 8 -4 -1 -7 -3 13 -8
right_child=1 3 7 -5 -6 10 12 -9 -10 -11 -12 -13 -14 -15
leaf_value=-0.10420133645523691 0.31474409030263101 0.77440188604403259 1.0750115757553449 -0.19146132745683639 5.8565470790513219 -0.17451039805383628 1.4185826366638128 -0.29888555384454685 -0.076375400025033624 -1.2455819717156975 0.027410338973888723 -0.6230397474577013 3.306683454166766 -0.44415163004587638
leaf_weight=151 515 86 129 112 115 621 233 239 184 671 433 97 190 60
leaf_count=151 515 86 129 112 115 621 233 239 184 671 433 97 190 60
internal_value=-0.000719312 0.00270402 -0.00685091 0.00862416 0.0107801 -0.00066879 0.00836582 0.000325497 0.00563694 -0.0116646 -0.00335545 -0.000815217 0.0118388 0.0072449
internal_weight=3836 2462 1374 893 781 1569 666 552 313 822 1054 183 483 293
internal_count=3836 2462 1374 893 781 1569 666 552 313 822 1054 183 483 293
is_linear=0
shrinkage=0.03


Tree=47
num_leaves=15
num_cat=0
split_feature=85 3 81 64 26 83 80 82 79 26 33 1 54 39
split_gain=76.7131 44.4625 37.9892 37.3799 34.3192 26.0601 25.812 24.8161 22.4692 21.1117 19.5907 18.6986 16.8713 16.7491
threshold=-38.244549314180993 20.208333333343038 5543.6277067661294 3.6168664143808411 138.50000000000003 110.04707741737367 74.198228836059585 -23.599052131175991 27.257209090733024 113.50000000000001 36.767633928571435 659.08346462249767 930.00000000000011 865.44409428511096
decision_type=8 2 8 10 2 10 8 10 10 2 10 2 10 10
left_child=3 2 5 4 7 9 -3 12 -8 -2 11 13 -1 -4
right_child=1 6 10 -5 -6 -7 8 -9 -10 -11 -12 -13 -14 -15
leaf_value=-1.4090618309853713 -0.078038832326442695 0.011019013909879227 0.59139116300123984 -1.5063202884148792 1.2444900324827286 1.7864361212078526 3.1071548167498872 0.082793854272424777 -0.078196041499473165 0.92300030373437525 -0.211854932275331 -0.12703042527538122 -0.24812140071907107 0.0070491306146730597
leaf_weight=133 356 149 110 417 49 143 232 215 45 274 98 974 70 606
leaf_count=133 356 149 110 417 49 143 232 215 45 274 98 974 70 606
internal_value=-0.000581095 0.00171687 0.000222482 -0.00833898 -0.0025 0.00577519 0.0106792 -0.00529833 0.0160791 0.00313788 -0.00217999 -0.00141928 -0.0127941 0.00225941
internal_weight=3871 2987 2561 884 467 773 426 418 277 630 1788 1690 203 716
internal_count=3871 2987 2561 884 467 773 426 418 277 630 1788 1690 203 716
is_linear=0
shrinkage=0.03


Tree=48
num_leaves=15
num_cat=0
split_feature=0 9 27 43 59 0 45 84 62 15 81 84 72 77
split_gain=65.3094 49.5327 48.0998 36.9415 35.6373 35.599 34.1622 22.8717 17.8476 16.5431 16.1683 17.8481 17.4178 19.5508
threshold=90.500000000000014 390.00000000000006 0.91030061892130865 576.83658492047391 415.93281006813055 248.50000000000003 7.5000000000000009 132.19874233007434 -0.0135054425131371 37.500000000000007 16459.262199997906 -37.808313528696694 -106.6840077638626 -184.56964433193204
decision_type=2 2 10 10 8 2 8 10 10 2 8 10 10 10
left_child=2 5 4 7 6 -2 9 -4 -3 -1 12 -12 13 -8
right_child=1 8 3 -5 -6 -7 10 -9 -10 -11 11 -13 -14 -15
leaf_value=-1.4210305582314777 0.48687860530179078 0.25581448492415931 0.08341780600481874 -0.84848457336138228 0.015974162189156916 3.6355021156072085 0.15965902185165778 1.6626678474918721 -0.64558865706363111 0.32459177837384423 -0.04913717215274517 -0.68057028050008295 0.23067607766472167 -0.43314471849225661
leaf_weight=480 689 114 967 159 86 246 131 121 141 40 257 49 158 164
leaf_count=480 689 114 967 159 86 246 131 121 141 40 257 49 158 164
internal_value=-0.000331317 0.00549118 -0.00298507 0.00127404 -0.00687408 0.0086859 -0.00813281 0.00325069 -0.00621094 -0.0140499 -0.00406579 -0.00938111 -0.000462555 -0.00476351
internal_weight=3802 1190 2612 1247 1365 935 1279 1088 255 520 759 306 453 295
internal_count=3802 1190 2612 1247 1365 935 1279 1088 255 520 759 306 453 295
is_linear=0
shrinkage=0.03


Tree=49
num_leaves=15
num_cat=0
split_feature=85 29 45 3 80 27 71 76 38 3 74 0 14 17
split_gain=79.1051 51.4313 34.3297 33.7709 27.5218 24.7247 23.4091 21.7652 18.8945 18.507 20.7008 22.4095 17.9871 17.971
threshold=-2.4213190674781795 0.89426985616010024 7.5000000000000009 14.958333333343036 85.216893911361709 0.91030061892130865 14.500000000000002 109.55484879016878 4545.6710666402914 5.9583333333430355 1419.5963253910197 243.50000000000003 715.90123778788018 39.500000000000007
decision_type=8 10 10 2 8 10 10 10 10 2 10 2 10 2
left_child=2 8 5 9 -5 -1 7 -4 13 12 11 -11 -3 -2
right_child=1 3 6 4 -6 -7 -8 -9 -10 10 -12 -13 -14 -15
leaf_value=-1.7165427965600992 0.19811154446625037 -0.62895571048603749 -0.44182358424249035 0.25532376758319281 1.7414765356772659 -0.39179437282121493 0.61669875895121007 0.5334793262832912 -0.18213414271221026 0.21800514950036753 -1.2668697820299648 2.1398124315251872 0.35583165572640368 -0.060745202025301412
leaf_weight=390 276 140 336 287 428 262 79 75 142 746 44 86 47 472
leaf_count=390 276 140 336 287 428 262 79 75 142 746 44 86 47 472
internal_value=-0.000377854 0.00245036 -0.00698163 0.00539629 0.010433 -0.0114855 -0.000977597 -0.00385922 -0.00343434 0.00200188 0.00383124 0.00489796 -0.00654255 -0.00152203
internal_weight=3810 2668 1142 1778 715 652 490 411 890 1063 876 832 187 748
internal_count=3810 2668 1142 1778 715 652 490 411 890 1063 876 832 187 748
is_linear=0
shrinkage=0.03


Tree=50
num_leaves=15
num_cat=0
split_feature=29 53 0 83 82 35 7 3 31 7 39 53 35 25
split_gain=66.7444 46.7674 36.9839 33.3595 27.7392 27.6273 21.6426 20.5277 18.3595 17.4607 17.325 22.5585 17.7364 16.1696
threshold=0.90591147350029133 7.5000000000000009 252.50000000000003 143.66439068317416 65.116611440976484 21.32164562879851 2680.9915164199633 20.958333333343038 13.074285714285717 5046.7826956723011 1725.8432905327036 7.5000000000000009 6.5183492999263093 0.99500000000000011
decision_type=10 8 2 10 8 10 8 2 8 10 10 10 10 10
left_child=1 4 3 9 13 6 -3 -8 -6 10 11 -2 -13 -1
right_child=2 5 -4 -5 8 -7 7 -9 -10 -11 -12 12 -14 -15
leaf_value=-1.6530325635514693 -0.088011763861941636 -0.13026641612390269 2.544868455141001 1.3964765414985494 0.70481744868926544 -0.1122456167144671 0.03427325385619525 2.9171826729144317 -0.45242367787355725 1.1164502424115454 -0.24936553787144208 -0.005286971413486441 0.94088604476590876 0.073925547130167482
leaf_weight=393 449 274 216 176 90 248 519 66 170 88 818 123 215 43
leaf_count=393 449 274 216 176 90 248 519 66 170 88 818 123 215 43
internal_value=-0.000447416 -0.00467295 0.00320709 0.00184492 -0.0107604 -0.00083935 0.0017093 0.00496587 -0.00298851 0.000548996 -0.00016812 0.00300761 0.00884956 -0.0153776
internal_weight=3888 1803 2085 1869 696 1107 859 585 260 1693 1605 787 338 436
internal_count=3888 1803 2085 1869 696 1107 859 585 260 1693 1605 787 338 436
is_linear=0
shrinkage=0.03


Tree=51
num_leaves=15
num_cat=0
split_feature=0 53 84 67 42 27 69 80 74 0 76 28 65 36
split_gain=66.3867 38.2433 36.7382 33.5323 24.1878 26.5801 25.0531 22.5646 19.8395 19.2841 18.816 18.658 18.5103 18.1947
threshold=64.500000000000014 10.500000000000002 82.464502930641189 -153.07576206922528 -228.95544385910031 0.90132150930273014 -38.312863889245868 -20.287330508232113 2445.040148583158 -21.499999999999996 -147.05795419216153 217.50000000000003 0.89686205155151633 0.95293466223698797
decision_type=2 8 10 8 10 10 8 8 10 2 10 2 10 10
left_child=2 7 3 9 -5 -6 -7 11 12 -1 -3 -2 -9 -8
right_child=1 10 -4 4 5 6 13 8 -10 -11 -12 -13 -14 -15
leaf_value=-2.2943842544143553 -1.2044128377852839 2.9262013891805112 0.35739226009446917 0.02122528586795833 -0.32370151749362552 0.2826673080775462 -0.35253854931754164 0.85335847205416238 -0.29946195336949855 0.22397156884720143 -0.099644948312755444 0.15602636599370653 -0.066648756766891054 0.20099190529512825
leaf_weight=182 115 292 358 169 825 313 417 581 61 40 43 113 240 102
leaf_count=182 115 292 358 169 825 313 417 581 61 40 43 113 240 102
internal_value=-0.000288162 0.00479253 -0.00334026 -0.00489019 -0.0035468 -0.00465018 -0.000864346 0.00210621 0.00428086 -0.0158744 0.0136607 -0.00628821 0.00551095 -0.00490385
internal_weight=3851 1445 2406 2048 1826 1657 832 1110 882 222 335 228 821 519
internal_count=3851 1445 2406 2048 1826 1657 832 1110 882 222 335 228 821 519
is_linear=0
shrinkage=0.03


Tree=52
num_leaves=15
num_cat=0
split_feature=53 84 80 31 77 79 29 0 77 61 81 81 67 65
split_gain=67.6666 44.1534 35.4373 29.9386 24.8843 24.3632 25.9062 23.1115 30.9027 21.3008 20.998 20.1678 20.1099 19.8084
threshold=7.5000000000000009 53.129394690195731 33.236309289932258 13.336666666666671 -202.1419001817703 52.721247598201387 0.95761545572971396 86.500000000000014 86.157396674156203 0.91160029454485481 1671.317119240761 7407.2260527610788 -177.67654776573173 0.88411320936585736
decision_type=8 8 10 8 8 10 10 2 10 8 10 10 8 10
left_child=1 12 4 -3 9 6 10 8 -6 -2 -4 -9 -1 -12
right_child=2 3 5 -5 7 -7 -8 11 -10 -11 13 -13 -14 -15
leaf_value=-2.7147855663555012 -1.0015618190142634 0.42889003949228172 3.1206198881611518 -0.28264583966621992 0.015652337192516644 -0.30492403764572673 -0.51263551325572454 1.3819619410083446 -0.53312522834947806 0.020579450974554579 1.1545578806966716 -0.26257158052404422 -0.63299384602952913 0.21293433464380021
leaf_weight=104 185 353 49 277 664 56 99 291 86 117 384 95 707 333
leaf_count=104 185 353 49 277 664 56 99 291 86 117 384 95 707 333
internal_value=-0.00026835 -0.00538835 0.00286017 0.000570523 -8.33912e-05 0.00745119 0.00869515 0.00195251 -0.00111851 -0.00772277 0.0105606 0.00790698 -0.0100123 0.00923398
internal_weight=3800 1441 2359 630 1438 921 865 1136 750 302 766 386 811 717
internal_count=3800 1441 2359 630 1438 921 865 1136 750 302 766 386 811 717
is_linear=0
shrinkage=0.03


Tree=53
num_leaves=15
num_cat=0
split_feature=85 65 77 79 53 25 54 8 36 14 28 65 84 74
split_gain=69.2523 35.716 34.7131 22.123 20.4123 18.0686 16.317 16.1923 16.7958 20.7862 15.799 19.6836 20.7803 15.6702
threshold=-2.4213190674781795 0.89686205155151633 -120.90247732400893 206.8073415591129 7.5000000000000009 0.90508365508365518 990.00000000000011 7.4371290255295168 0.19378911892152145 732.26755215152491 208.50000000000003 1.0749888956887397 -82.938614428043351 91.168282817220017
decision_type=8 8 8 10 10 10 10 10 10 10 2 10 10 8
left_child=2 -2 6 5 -4 -3 10 8 -7 13 -1 12 -12 -10
right_child=1 3 4 -5 -6 7 -8 -9 9 -11 11 -13 -14 -15
leaf_value=-1.5466114970065981 1.2022651380584919 -0.048329244628188731 -0.74363285677722901 -0.15821802756246287 0.26158695724636627 -0.40178718623281556 0.04265277349146173 0.81904155506852871 -0.16240564886562156 1.7778576120763883 -1.0184806320972508 -1.2843072332406993 0.56186886961489624 0.46217066286605246
leaf_weight=305 436 885 303 160 227 189 72 73 232 98 46 87 78 639
leaf_count=305 436 885 303 160 227 189 72 73 232 98 46 87 78 639
internal_value=-0.000422866 0.00216734 -0.00670241 0.000658762 -0.00112994 0.00147378 -0.0117148 0.00382305 0.00295082 0.00454639 -0.0135783 -0.00721698 0.00048 0.00306193
internal_weight=3830 2712 1118 2276 530 2116 588 1231 1158 969 516 211 124 871
internal_count=3830 2712 1118 2276 530 2116 588 1231 1158 969 516 211 124 871
is_linear=0
shrinkage=0.03


Tree=54
num_leaves=15
num_cat=0
split_feature=53 85 3 28 28 36 80 3 3 78 4 5 85 3
split_gain=57.9985 39.3416 36.4476 27.0463 21.6137 19.5348 21.6523 19.0529 20.2823 20.7464 17.3843 16.6337 16.493 16.3464
threshold=7.5000000000000009 -50.510957360267632 20.958333333343038 250.50000000000003 277.50000000000006 0.31494165398274993 150.86729300022128 1.5416666666569656 17.291666666656969 0.70833333333333337 7.5000000000000009 31.086881637573246 192.86940999825799 14.708333333343036
decision_type=8 8 2 2 2 10 10 2 2 10 2 10 8 2
left_child=1 -1 3 7 -5 -3 -7 -2 9 11 -6 -9 -10 -11
right_child=2 5 -4 4 10 6 -8 8 12 13 -12 -13 -14 -15
leaf_value=-1.0745246309899434 -0.61774311094090717 -0.28589574876227924 1.5944856806390695 1.5922532941417689 -0.12315815665012035 0.065496229149194105 2.1849377951760562 0.016786829603920396 -0.64956689984193539 0.13076336206177541 0.36354142741107398 -0.38821417634262589 0.039847815736363701 0.9707722892882289
leaf_weight=548 72 516 296 133 123 331 53 267 194 472 238 282 83 194
leaf_count=548 72 516 296 133 123 331 53 267 194 472 238 282 83 194
internal_value=-0.000205101 -0.00492754 0.00270064 0.00128218 0.00739394 -0.00106548 0.00405195 -0.000651757 8.03751e-05 0.00175164 0.00356354 -0.00256364 -0.00723022 0.00530735
internal_weight=3802 1448 2354 2058 494 900 384 1564 1492 1215 361 549 277 666
internal_count=3802 1448 2354 2058 494 900 384 1564 1492 1215 361 549 277 666
is_linear=0
shrinkage=0.03


Tree=55
num_leaves=15
num_cat=0
split_feature=53 84 35 79 27 31 80 42 76 80 77 77 65 63
split_gain=54.5199 41.6718 26.0443 27.5496 25.9407 24.7315 22.3545 19.7545 19.4625 17.5016 17.4176 20.0613 19.7226 17.027
threshold=7.5000000000000009 53.129394690195731 25.675000000000004 23.72087392036175 0.90533428165007124 13.074285714285717 148.012978553772 37.93373095989228 299.88407528400427 21.462538957595829 -243.40340566635129 86.157396674156203 0.85519457989009307 157.57080461896086
decision_type=8 8 10 10 10 8 10 10 8 10 8 10 8 8
left_child=1 4 3 7 -1 6 -3 9 -6 -2 -9 12 -12 -11
right_child=2 5 -4 -5 8 -7 -8 10 -10 13 11 -13 -14 -15
leaf_value=-1.5280900177629166 -0.047440396957109061 0.21927219322841512 -0.13552151760076872 -0.2831562458213841 0.69233003664215853 -0.43324447023622231 2.4703200106167067 -0.53165620827767979 -0.5711129546405066 0.65775139029704999 2.461137626913469 -0.26592325490547142 0.7971868544902162 -0.1186445416223708
leaf_weight=403 582 302 222 247 59 276 45 82 340 240 169 96 641 91
leaf_count=403 582 302 222 247 59 276 45 82 340 240 169 96 641 91
internal_value=-0.000561117 -0.00519635 0.00222691 0.00323872 -0.00971357 0.000625 0.00594828 0.00446372 -0.004275 0.00128009 0.00740142 0.00859978 0.0101356 0.00677711
internal_weight=3795 1425 2370 2148 802 623 347 1901 399 913 988 906 810 331
internal_count=3795 1425 2370 2148 802 623 347 1901 399 913 988 906 810 331
is_linear=0
shrinkage=0.03


Tree=56
num_leaves=15
num_cat=0
split_feature=60 3 85 27 29 83 3 70 53 84 41 14 78 83
split_gain=68.6979 39.641 22.9379 30.3836 28.932 20.4568 18.7541 25.2885 17.9359 19.3969 15.6864 15.6136 14.7469 13.8477
threshold=-77.695678949356065 20.458333333343038 88.509832739830031 0.867301787971826 0.95657137184832253 94.882938146591201 18.875000000000004 0.91287878787878796 12.500000000000002 -81.91605178515114 -97.818839788436875 387.25516655314897 0.70833333333333337 -62.340979099273675
decision_type=8 2 10 10 10 10 2 8 10 8 10 10 8 10
left_child=5 2 6 -4 11 -1 10 13 9 -3 -2 -5 -11 -8
right_child=1 8 3 4 -6 -7 7 -9 -10 12 -12 -13 -14 -15
leaf_value=-1.8304241895228268 0.15304502190474484 -0.78348554068708764 -0.47870658784592723 1.4744883629812615 -0.35540166467197321 0.070498840746477304 -0.064788084742012433 -0.88981958689884755 4.6884259001195288 -0.14247712161314216 -0.052599391705849707 0.65454184838054619 1.3360369602284676 0.4942901259540558
leaf_weight=267 277 78 94 253 100 65 44 152 61 53 1861 243 271 43
leaf_count=267 277 78 94 253 100 65 44 152 61 53 1861 243 271 43
internal_value=0.00023298 0.00146134 0.000224902 0.00503618 0.00753769 -0.0127928 -0.00117325 -0.009125 0.00963362 0.00729529 -0.000280505 0.010503 0.0105231 0.00375
internal_weight=3862 3530 3067 690 596 332 2377 239 463 402 2138 496 324 87
internal_count=3862 3530 3067 690 596 332 2377 239 463 402 2138 496 324 87
is_linear=0
shrinkage=0.03


Tree=57
num_leaves=15
num_cat=0
split_feature=67 82 79 3 40 79 77 41 77 77 60 28 3 69
split_gain=46.6974 36.7473 28.4689 29.1514 23.6394 21.6887 19.6968 19.2866 17.7831 17.7052 24.2015 22.0394 21.6553 17.3283
threshold=-85.443746651921913 -33.674072265624993 939.10739641500584 20.208333333343038 1256.756713885947 5.995209485427897 15.967813551425936 -123.28939306735991 -94.11861419677733 107.6919767856598 194.28029918670657 248.50000000000003 17.458333333343038 -78.645945951328954
decision_type=8 8 10 2 10 10 8 8 10 10 10 2 2 8
left_child=6 4 3 7 8 -5 -1 -3 -2 10 11 12 -9 -13
right_child=1 2 -4 5 -6 -7 -8 9 -10 -11 -12 13 -14 -15
leaf_value=-1.194916055454023 -0.90242950239061015 1.5388583427876277 -0.41621398715556729 2.3041665890285872 0.22543512544658392 0.82256998615998145 -0.020333638975404859 0.0023445512398863055 0.16727209544046828 -0.44815118572684498 0.69666139885270406 0.89100874673211139 -0.35693139355337528 0.23898092671929791
leaf_weight=300 368 102 105 138 76 236 142 1170 90 129 363 82 166 330
leaf_count=300 368 102 105 138 76 236 142 1170 90 129 363 82 166 330
internal_value=-5.52923e-05 0.00115316 0.00251949 0.00311373 -0.00605607 0.01088 -0.00920993 0.0018694 -0.00862745 0.00128514 0.00194602 0.000480274 -0.00139117 0.00653753
internal_weight=3797 3355 2821 2716 534 374 442 2342 458 2240 2111 1748 1336 412
internal_count=3797 3355 2821 2716 534 374 442 2342 458 2240 2111 1748 1336 412
is_linear=0
shrinkage=0.03


Tree=58
num_leaves=15
num_cat=0
split_feature=85 81 53 77 8 55 67 77 17 84 73 39 54 81
split_gain=50.9427 37.4597 29.3151 27.8689 20.6522 19.0963 18.254 17.3634 17.5333 16.915 19.9772 16.6362 16.2657 14.0007
threshold=-38.244549314180993 1639.4267635345461 7.5000000000000009 -69.598561823368058 4.5117053425751559 1.0000000180025095e-35 182.96926460070924 86.157396674156203 35.000000000000007 127.99255073070528 4.6150530576705941 1779.2051877915781 3870.0000000000005 5046.2390958070764
decision_type=8 8 10 8 8 10 10 10 2 10 8 10 8 8
left_child=2 -2 3 -1 9 -4 -6 8 -8 10 -3 -12 13 -13
right_child=1 4 5 -5 6 -7 7 -9 -10 -11 11 12 -14 -15
leaf_value=-1.3505229191740267 2.5567172915821197 -0.54900891167612675 0.58762402430504013 -0.0072697778470043588 0.051521458744152787 -0.41844119992873324 2.9308032189954978 -0.28276448790227193 0.96390476934553271 0.61963457368267394 0.1411205273421226 0.17289990381116374 0.025040594420239922 -0.39565442012400909
leaf_weight=400 81 270 110 161 800 178 115 51 81 179 742 161 60 419
leaf_count=400 81 270 110 161 800 178 115 51 81 179 742 161 60 419
internal_value=-0.000267787 0.00159122 -0.00674118 -0.0107295 0.00102119 0.00103806 0.00437977 0.0114919 0.015533 -0.000900655 -0.00185118 -0.000390456 -0.00393136 -0.00547332
internal_weight=3808 2959 849 561 2878 288 1047 247 196 1831 1652 1382 640 580
internal_count=3808 2959 849 561 2878 288 1047 247 196 1831 1652 1382 640 580
is_linear=0
shrinkage=0.03


Tree=59
num_leaves=15
num_cat=0
split_feature=53 84 69 65 77 78 42 61 84 26 42 26 72 29
split_gain=48.5514 51.0676 25.1981 23.9805 22.0163 19.3715 18.0259 18.0238 16.2676 16.9935 16.3004 22.8014 20.7543 14.7477
threshold=7.5000000000000009 53.129394690195731 -339.96940935109882 0.84669820122953965 -40.959725677967064 0.41666666666666669 -8.0025256872177106 0.94712859315711806 83.970846732457503 83.500000000000014 40.758834481239326 133.50000000000003 8.11617159843445 0.96066430560808735
decision_type=8 8 10 8 8 8 10 10 10 2 8 2 8 10
left_child=1 2 -1 -2 6 -5 -4 8 10 -10 11 -7 -13 -3
right_child=3 13 4 5 -6 7 -8 -9 9 -11 -12 12 -14 -15
leaf_value=0.19595010894855153 1.2212980578129145 -0.010887242367603633 -1.672617032451406 -0.16099931832962991 -0.26764727393252274 -0.28230014390077873 -0.45754283729944756 1.0561019117589734 -0.096271713170613255 1.2532777081059401 0.092798311578686551 1.1840936881970199 -0.051448918898532342 0.54767091354561226
leaf_weight=137 267 509 300 259 172 496 201 106 103 165 896 49 74 130
leaf_count=137 267 509 300 259 172 496 201 106 103 165 896 49 74 130
internal_value=1.55239e-05 -0.00432414 -0.00932182 0.00262003 -0.0117062 0.00156352 -0.0148805 0.00261905 0.00190022 0.00869888 0.000692612 -0.00304839 0.00846774 0.00201563
internal_weight=3864 1449 810 2415 673 2148 501 1889 1783 268 1515 619 123 639
internal_count=3864 1449 810 2415 673 2148 501 1889 1783 268 1515 619 123 639
is_linear=0
shrinkage=0.03


Tree=60
num_leaves=15
num_cat=0
split_feature=0 0 17 67 82 83 81 81 27 16 51 67 29 69
split_gain=55.934 36.8413 34.1063 28.8617 26.3693 23.7563 28.2802 19.7625 16.7923 16.185 15.057 14.3416 18.6684 14.0909
threshold=-23.499999999999996 252.50000000000003 13.500000000000002 -188.17690091729165 -54.631650884946175 100.86936461925508 4747.6293251514444 9038.4425308704394 0.84907613889773825 9.5000000000000018 111.46575736999513 448.47620174288755 0.9445213911972915 -105.39739667780711
decision_type=2 2 2 8 8 10 10 8 10 2 10 10 10 10
left_child=3 5 -3 -1 -5 -2 -7 13 -8 -4 -9 12 -11 -6
right_child=1 2 9 4 7 6 8 10 -10 11 -12 -13 -14 -15
leaf_value=-1.9662020445507675 -0.018810432582774029 -0.51097391831110639 3.7170728544443898 -1.5441108927016913 0.46586949033032404 1.6052951672511062 -0.35703653210649183 -0.76664522314344474 0.46301041257077924 -0.11763905785183794 0.23457532597890576 3.8841710877299884 1.657663232426297 -0.33060872987438816
leaf_weight=149 2277 44 87 131 205 130 45 180 171 113 93 43 46 97
leaf_count=149 2277 44 87 131 205 130 45 180 171 113 93 43 46 97
internal_value=-0.000291186 0.00166385 0.0110479 -0.00704439 -0.00449788 0.00046875 0.00778098 -0.00171875 0.00110599 0.0147931 -0.00755474 0.0100493 0.0058125 0.00356436
internal_weight=3811 2956 333 855 706 2623 346 575 216 289 273 202 159 302
internal_count=3811 2956 333 855 706 2623 346 575 216 289 273 202 159 302
is_linear=0
shrinkage=0.03


Tree=61
num_leaves=15
num_cat=0
split_feature=0 83 65 3 16 0 70 62 80 41 82 28 81 36
split_gain=63.48 34.4378 29.4431 25.2026 27.5758 23.1512 21.7836 20.0461 18.5353 18.4982 24.9601 25.3947 18.3508 18.1939
threshold=77.500000000000014 -67.552277088165269 1.07625991853548 16.125000000000004 22.500000000000004 -84.499999999999986 0.86190476190476206 -0.040400273051906327 34.410676717758186 -90.091878294944749 16.191405892372135 220.50000000000003 4480.4049687385568 0.19572818485861967
decision_type=2 8 10 2 2 2 8 8 8 10 10 2 8 10
left_child=2 6 9 4 12 -4 -2 -8 -5 -1 11 -11 -3 -12
right_child=1 3 5 8 -6 -7 7 -9 -10 10 13 -13 -14 -15
leaf_value=0.096995858567405835 1.4697954961264095 1.5764053214104494 -2.0261193460640334 -0.24555404332841432 -0.43373912361516898 -0.42966211494787848 0.74999818974570553 -0.56832565055828577 2.2723358416012784 -0.4639466993976939 -0.14131185920337741 0.030269888227616847 0.22557637884433973 0.29534682734395956
leaf_weight=419 44 115 115 50 129 282 49 279 321 657 193 309 319 532
leaf_count=419 44 115 115 50 129 282 49 279 321 657 193 309 319 532
internal_value=0.000102255 0.00546289 -0.00269139 0.00853476 0.00452128 -0.0101759 -0.00225201 -0.00492401 0.0145968 -0.00127901 -0.0026773 -0.00583247 0.00813793 0.00152893
internal_weight=3813 1306 2507 934 563 397 372 328 371 2110 1691 966 434 725
internal_count=3813 1306 2507 934 563 397 372 328 371 2110 1691 966 434 725
is_linear=0
shrinkage=0.03


Tree=62
num_leaves=15
num_cat=0
split_feature=0 80 77 29 60 35 8 82 39 3 24 0 25 28
split_gain=58.3348 35.3288 34.165 30.5646 28.1212 24.9206 20.2488 19.7484 26.7175 19.3911 20.5731 19.3848 17.7999 16.069
threshold=-24.499999999999996 74.198228836059585 -285.94808512926096 0.95761545572971396 -107.04284620285033 12.860484848484852 4.0060458972791624 -56.8056052327156 2396.2808199483848 15.541666666656967 34.500000000000007 238.50000000000003 0.91607981220657286 145.50000000000003
decision_type=2 10 8 10 8 8 8 8 10 2 2 2 10 2
left_child=4 2 -2 5 -1 -3 12 -6 13 -8 -11 -7 -4 -9
right_child=1 3 6 -5 7 11 9 8 -10 10 -12 -13 -14 -15
leaf_value=-1.7655042614034206 -0.51733414017177748 1.8441402773466793 -0.29592715726253871 -0.56851569792568546 -1.3774382112795946 0.093731040442293356 0.01661098916226807 -0.4416592284694249 -0.88347925508805514 0.040333541652636209 1.3387185105111619 5.1604893828018685 0.095815842298230328 0.25747084568260398
leaf_weight=190 194 275 476 118 128 363 640 111 150 146 146 56 534 311
leaf_count=190 194 275 476 118 128 363 640 111 150 146 146 56 534 311
internal_value=-0.00034384 0.00168871 -0.000336921 0.00701107 -0.00707071 0.00941007 0.000864642 -0.0042796 -0.00188482 0.00405145 0.0104437 0.00478571 -0.00207715 0.00198582
internal_weight=3838 2948 2136 812 890 694 1942 700 572 932 292 419 1010 422
internal_count=3838 2948 2136 812 890 694 1942 700 572 932 292 419 1010 422
is_linear=0
shrinkage=0.03


Tree=63
num_leaves=15
num_cat=0
split_feature=0 83 45 27 27 53 64 3 68 29 83 70 13 39
split_gain=57.7548 32.7525 31.3856 24.5574 24.0133 23.8518 22.8325 17.145 16.8007 16.7893 15.3511 14.964 13.6152 14.0346
threshold=164.50000000000003 125.39152991771699 7.5000000000000009 0.90402020202020217 0.90132150930273014 10.500000000000002 4.7562182658843044 5.9583333333430355 0.028742615615011551 0.3166399151595059 -175.32100319862363 0.93541666666666679 90.000000000000014 2364.198827776172
decision_type=2 10 8 10 10 10 10 2 10 10 8 8 8 10
left_child=1 2 4 -3 -1 10 8 9 -6 -4 -2 -11 13 -9
right_child=5 3 7 -5 6 -7 -8 12 -10 11 -12 -13 -14 -15
leaf_value=-1.0051618338190262 -0.87753855972051398 -0.15116804010043325 0.015207030964739816 1.1831793546152074 0.14109855545662228 2.7790191345166133 -2.4422576370623577 0.41897846140088996 -0.52849248691269768 -0.65298000256871447 0.73134670392907208 -0.23833873429353075 -0.061642371039489365 -0.092765940316110809
leaf_weight=477 74 133 64 210 405 229 50 379 157 75 362 117 840 237
leaf_count=477 74 133 64 210 405 229 50 379 157 75 362 117 840 237
internal_value=-0.000322835 -0.00202226 -0.00309422 0.00671512 -0.00707339 0.0077027 -0.00313214 -0.00056042 -0.00138544 -0.00770428 0.00356979 -0.0121244 0.000700069 0.00408428
internal_weight=3809 3144 2801 343 1089 665 612 1712 562 256 436 192 1456 616
internal_count=3809 3144 2801 343 1089 665 612 1712 562 256 436 192 1456 616
is_linear=0
shrinkage=0.03


Tree=64
num_leaves=15
num_cat=0
split_feature=0 67 82 67 39 77 16 48 14 0 64 83 37 64
split_gain=52.4336 34.9448 27.5805 24.7007 21.9663 21.7104 35.9309 18.0085 15.6094 15.5463 15.2364 14.6725 23.4967 16.1105
threshold=-4.4999999999999991 -188.17690091729165 -23.599052131175991 596.58559644527941 2396.2808199483848 -244.4408195018768 16.500000000000004 67.776701728502914 143.23020948653141 307.50000000000006 6.4247948949921883 -170.81070125102994 789.29621740936022 3.744143861024519
decision_type=2 8 8 10 10 8 2 10 8 2 10 8 10 8
left_child=1 -1 -3 5 7 6 -2 -4 -7 10 11 12 -10 -13
right_child=3 2 4 -5 -6 8 -8 -9 9 -11 -12 13 -14 -15
leaf_value=-1.7256892683930465 0.050534718355369233 -0.94301866537107393 0.30801708773460984 2.4952993302306767 -0.430480414796368 -0.14590151270038243 -0.83361683516687046 -0.44097880545736884 0.3557569685841705 2.6824479312171565 -0.29876053405723102 -0.19055938636014885 -1.3421558518298282 0.24545611713089871
leaf_weight=152 175 269 426 117 231 307 148 73 60 112 124 207 78 1287
leaf_count=152 175 269 426 117 231 307 148 73 60 112 124 207 78 1287
internal_value=0.000254845 -0.00507813 -0.00303 0.00260321 0 0.00196879 -0.00527778 0.00354 0.00304688 0.00407705 0.00338076 0.00415187 -0.00517986 0.00501672
internal_weight=3766 1151 999 2615 730 2498 323 499 2175 1868 1756 1632 138 1494
internal_count=3766 1151 999 2615 730 2498 323 499 2175 1868 1756 1632 138 1494
is_linear=0
shrinkage=0.03


Tree=65
num_leaves=15
num_cat=0
split_feature=60 3 81 7 0 84 77 84 3 42 8 29 3 82
split_gain=52.2843 37.4204 27.1103 26.5251 25.5586 19.0304 18.209 36.2272 16.972 24.8153 19.4508 25.9043 15.5289 22.7903
threshold=-77.695678949356065 20.958333333343038 1587.2678377628329 935.24810975376397 -21.499999999999996 -2.9112355709075923 -289.75356954336161 -41.319732447465249 5.8750000000000009 -208.83164739608762 5.4029275616594861 0.93648139300313227 17.791666666656969 48.429217994213111
decision_type=8 2 8 10 2 8 8 10 2 10 10 10 2 10
left_child=4 2 -2 -3 -1 -5 7 -4 -8 -10 12 -12 13 -11
right_child=1 3 6 5 -6 -7 8 -9 9 10 11 -13 -14 -15
leaf_value=-1.3134911687260029 2.6033724597276309 -0.97877518758155257 -1.1834995137251874 0.58243669865056269 0.46840071196778832 2.6639689111092966 -0.19755667861880624 0.021516636133363427 1.4532925448723029 -0.096932520258973476 0.050924123971037703 3.2585979078421992 -0.19472916132626283 0.43800526962370467
leaf_weight=287 59 40 105 126 42 200 371 112 99 1168 277 52 467 454
leaf_count=287 59 40 105 126 42 200 371 112 99 1168 277 52 467 454
internal_value=-0.000489637 0.00057774 -0.000473934 0.00964578 -0.0119091 0.0124771 -0.000859627 -0.00922018 -0.000228453 0.000655282 4.96073e-05 0.00681818 -0.00101914 0.000369686
internal_weight=3859 3530 3164 366 329 326 3105 217 2888 2517 2418 329 2089 1622
internal_count=3859 3530 3164 366 329 326 3105 217 2888 2517 2418 329 2089 1622
is_linear=0
shrinkage=0.03


Tree=66
num_leaves=15
num_cat=0
split_feature=0 0 82 39 76 0 0 81 27 41 81 56 29 49
split_gain=53.6415 31.9352 27.1307 29.6173 23.5051 27.2019 21.5873 19.7969 17.8374 17.8163 15.5985 12.9982 12.5236 11.8716
threshold=205.50000000000003 -22.499999999999996 -56.8056052327156 2329.3634880649306 3924.4588472843175 271.50000000000006 290.50000000000006 1639.4267635345461 0.91821040594625514 -137.87410676479337 3627.697552800179 -16.199839353561398 0.87631637290766007 10.500000000000002
decision_type=2 2 8 10 8 2 2 8 10 8 8 10 10 10
left_child=1 2 -1 10 6 -6 -2 -3 -8 -9 -4 12 -5 -11
right_child=4 7 3 11 5 -7 8 9 -10 13 -12 -13 -14 -15
leaf_value=-1.2861497124066266 0.43994323872781399 2.2893148988007535 0.72552875093707725 -2.2589256024321389 0.8369891688507034 3.1257460085681967 -0.76492096929222009 2.3792421437301434 0.57840809380016411 -0.0022959150565172327 -0.21336774724913601 -0.013930763321621428 -0.61327027137501255 -0.29506021777954428
leaf_weight=179 78 60 68 76 132 183 41 40 40 2085 446 53 86 290
leaf_count=179 78 60 68 76 132 183 41 40 40 2085 446 53 86 290
internal_value=-0.000598756 -0.00192376 -0.00673267 -0.00415068 0.00884211 0.0135759 -0.0005625 -0.000157512 -0.0113415 -0.000583609 -0.00023301 -0.0134722 -0.0176687 -0.000921717
internal_weight=3857 3383 908 729 474 315 159 2475 81 2415 514 215 162 2375
internal_count=3857 3383 908 729 474 315 159 2475 81 2415 514 215 162 2375
is_linear=0
shrinkage=0.03


Tree=67
num_leaves=15
num_cat=0
split_feature=67 3 3 80 82 70 77 80 17 74 3 66 57 17
split_gain=49.3422 32.5404 25.9005 21.9416 20.8899 29.7505 22.1782 21.2247 22.3916 19.8093 16.6623 15.5866 19.725 28.7838
threshold=-188.17690091729165 20.875000000000004 12.625000000000002 3.1373730897903447 -36.262559056282036 0.78174603174603186 -202.85004067420957 -203.66100168228147 39.500000000000007 2507.4318005138916 22.125000000000004 16.097652196884159 7.5000000000000009 37.500000000000007
decision_type=8 2 2 8 8 8 8 10 2 10 2 8 8 2
left_child=2 4 -1 -3 5 -2 -7 -8 -9 11 -5 -6 -13 -14
right_child=1 3 -4 10 9 6 7 8 -10 -11 -12 12 13 -15
leaf_value=0.36526199707388463 0.1940829565613352 -0.075884686971568305 -2.342370049800349 2.6892335981070494 -0.18752980908906045 -1.3585356931489814 0.44293397011670294 -1.2193453632809907 0.13391777891203238 -0.27737999184024581 0.91498406930846365 0.0084137118721187634 0.88932922842908158 -0.0043111695744155005
leaf_weight=40 64 105 136 117 536 127 52 204 116 117 167 1168 491 365
leaf_count=40 64 105 136 117 536 127 52 204 116 117 167 1168 491 365
internal_value=0.000212822 0.000966942 -0.0152542 0.00915385 -1.85128e-05 -0.00526596 -0.00774 -0.00402145 -0.00691589 0.00108663 0.0134737 0.00163998 0.00284444 0.00630105
internal_weight=3805 3629 176 389 3240 563 499 372 320 2677 284 2560 2024 856
internal_count=3805 3629 176 389 3240 563 499 372 320 2677 284 2560 2024 856
is_linear=0
shrinkage=0.03


Tree=68
num_leaves=15
num_cat=0
split_feature=0 67 67 69 80 74 13 77 8 28 60 15 77 63
split_gain=43.8155 29.6148 29.3874 24.4605 18.2309 27.1583 17.7468 16.2115 17.3213 19.079 22.6542 20.8637 15.0451 15.6571
threshold=138.50000000000003 448.47620174288755 -99.394935578107834 -246.36992301137263 67.693006038665786 2406.5829915259696 90.000000000000014 122.25493597984315 4.6976593661439443 220.50000000000003 69.804111838340773 29.500000000000004 -240.92693817615506 60.170860752525407
decision_type=2 10 8 8 8 10 8 10 10 2 8 2 10 10
left_child=2 4 -1 -4 -2 -6 -5 8 9 10 11 -8 -11 -14
right_child=1 -3 3 6 5 -7 7 -9 -10 12 -12 -13 13 -15
leaf_value=-0.67847930559969483 -0.18445076111821054 2.4448216025365737 0.54729029975692201 0.034568879234124279 1.1515261507164363 -0.3104476343000247 -1.0145261199957358 -0.46740857582433676 0.13989214226740887 -0.2499655979974981 -0.12098909685293975 0.040172308276363387 0.88228815251891723 -0.20180982499501926
leaf_weight=393 282 134 134 974 341 48 262 44 333 134 509 44 122 63
leaf_count=393 282 134 134 974 341 48 262 44 333 134 509 44 122 63
internal_value=-0.000369303 0.00584367 -0.0020312 -0.000881679 0.00325893 0.00746154 -0.00155672 -0.00359127 -0.00304496 -0.00481057 -0.00724265 -0.0136808 0.00140625 0.00693548
internal_weight=3817 805 3012 2619 671 389 2485 1511 1467 1134 815 306 319 185
internal_count=3817 805 3012 2619 671 389 2485 1511 1467 1134 815 306 319 185
is_linear=0
shrinkage=0.03


Tree=69
num_leaves=15
num_cat=0
split_feature=0 45 82 39 9 0 25 83 62 68 17 33 41 14
split_gain=47.1631 28.6987 24.3861 21.7757 21.3094 19.476 23.4609 19.1481 25.4209 16.2909 18.6104 17.8486 15.0367 17.3989
threshold=77.500000000000014 10.500000000000002 -56.8056052327156 1522.1359823802065 210.00000000000003 -23.499999999999996 0.91331186258722497 -68.921203851699815 -0.022891854236475263 0.15972952114217492 35.000000000000007 16.836181818181824 144.21701884269717 484.00534592793605
decision_type=2 8 8 8 2 2 8 8 8 8 2 8 10 8
left_child=2 7 5 12 9 -1 -7 8 -2 10 -3 -12 13 -4
right_child=1 4 3 -5 -6 6 -8 -9 -10 -11 11 -13 -14 -15
leaf_value=-1.3106282992854439 1.4355422367949782 2.8255525300730966 0.31656935409961623 -0.20221749924203028 -0.20594003994977783 -0.68141399910789113 0.3520841930385023 0.37385252660369017 -0.57601913293013474 3.8068117543497175 -0.9153575411823005 1.6721238109137027 -0.81386216449112647 -0.39424489152029774
leaf_weight=180 44 60 713 1269 57 113 97 683 236 115 43 66 46 104
leaf_count=180 44 60 713 1269 57 113 97 683 236 115 43 66 46 104
internal_value=-7.83904e-05 0.00455172 -0.00247325 -0.00120956 0.0120175 -0.00936061 -0.00312796 0.00189834 -0.00469751 0.0153684 0.00935294 0.00190909 0.00246528 0.00341076
internal_weight=3826 1304 2522 2132 341 390 210 963 280 284 169 109 863 817
internal_count=3826 1304 2522 2132 341 390 210 963 280 284 169 109 863 817
is_linear=0
shrinkage=0.03


Tree=70
num_leaves=15
num_cat=0
split_feature=45 27 0 83 75 67 56 74 7 48 27 39 64 28
split_gain=42.8697 43.3242 33.7909 25.2038 19.5697 17.2322 17.1728 16.8685 14.8658 14.2392 22.8107 18.2735 21.7227 14.3818
threshold=8.5000000000000018 0.89172907847606653 252.50000000000003 24.878504157066349 1824.0000000000002 -153.07576206922528 -57.459388732910149 115.52729935749686 4113.1039627634827 94.886293133099898 0.97362624623232097 1779.2051877915781 3.9136384184295703 174.50000000000003
decision_type=8 10 2 10 8 8 8 10 8 8 10 10 8 2
left_child=1 -1 6 5 -4 -3 -2 -5 -7 13 11 -11 -13 -8
right_child=2 3 4 7 -6 8 9 -9 -10 10 -12 12 -14 -15
leaf_value=-0.68288513960496555 0.87963484971399786 -1.5535795955771314 -0.19263681831273546 0.21950165793051302 2.7799954773907198 -0.16651644358231429 -0.20021062452180335 1.821228375523676 0.87448322199693662 1.3216300934610903 -0.5943906940394772 -0.80639100535770425 0.077601719401915112 0.079105306543844039
leaf_weight=577 120 88 50 333 205 804 412 63 83 125 116 72 369 423
leaf_count=577 120 88 50 333 205 804 412 63 83 125 116 72 369 423
internal_value=-0.000109347 -0.00323243 0.00310618 -0.000327988 0.0132422 -0.00292008 0.00152015 0.00604534 -0.00165541 0.000652174 0.0038653 0.00634921 0.00346154 -0.00197368
internal_weight=3840 1948 1892 1371 255 975 1637 396 887 1517 682 566 441 835
internal_count=3840 1948 1892 1371 255 975 1637 396 887 1517 682 566 441 835
is_linear=0
shrinkage=0.03


Tree=71
num_leaves=15
num_cat=0
split_feature=0 80 3 29 3 81 81 82 3 42 76 35 36 67
split_gain=44.8013 25.0934 30.9072 24.0899 23.1711 21.2888 17.2832 16.3207 15.7543 17.7411 14.9081 14.1277 13.3828 18.742
threshold=-23.499999999999996 74.198228836059585 19.958333333343038 0.90744819709577429 23.041666666656969 7212.8415356874475 58337.763437628753 -53.450790603955575 5.8750000000000009 -133.93891727924344 721.3386528491975 21.202013888888896 0.2251760563380282 382.84088006790961
decision_type=2 8 2 10 2 8 8 10 2 10 8 8 8 8
left_child=3 12 8 5 11 7 -6 -1 -3 -10 -5 -4 13 -2
right_child=1 2 4 10 6 -7 -8 -9 9 -11 -12 -13 -14 -15
leaf_value=-1.1502977417398919 -0.028386505265450255 -0.10433716701075738 3.4476376529332406 0.87725757112486091 -0.58340977365901681 -1.3908145739404936 1.9791109938410916 0.22847991730930983 1.9576785240091867 0.074668798990094473 -0.11128985701047003 0.35551465066164323 -0.21254572965806118 0.33190800086743022
leaf_weight=64 295 292 123 44 45 357 63 140 71 1068 318 57 831 130
leaf_count=64 295 292 123 44 45 357 63 140 71 1068 318 57 831 130
internal_value=-0.00043088 0.00136089 0.00371512 -0.0062013 0.0126644 -0.010089 0.00165138 -0.00234146 0.00190642 0.0035 -0.000165289 0.0192265 -0.00186158 0.00246479
internal_weight=3898 2975 1719 923 288 561 108 204 1431 1139 362 180 1256 425
internal_count=3898 2975 1719 923 288 561 108 204 1431 1139 362 180 1256 425
is_linear=0
shrinkage=0.03


Tree=72
num_leaves=15
num_cat=0
split_feature=60 82 28 3 26 77 31 3 3 27 80 60 4 15
split_gain=35.9909 29.2366 31.1647 23.6905 22.4464 27.7391 22.1543 20.4174 19.7832 17.1135 21.1435 16.6409 14.5921 13.736
threshold=-77.695678949356065 32.149947226047523 220.50000000000003 21.041666666656969 75.500000000000014 -69.598561823368058 12.308012820512822 15.375000000000002 22.125000000000004 0.95059381307797042 107.45434272289278 91.035918593406691 8.5000000000000018 7.5000000000000009
decision_type=8 8 2 2 2 8 8 2 2 10 10 10 2 2
left_child=13 2 4 6 -2 12 9 -4 -5 10 -3 -11 -6 -1
right_child=1 3 7 8 5 -7 -8 -9 -10 11 -12 -13 -14 -15
leaf_value=0.51349558663328043 0.023918547685139603 0.27276276328512006 -0.28675272305713417 2.9292687862128357 -1.2630824124176001 -0.022385937322996412 -0.013771916193215567 0.42848949990840585 0.75325040687839617 -0.31676277395364205 1.8913182368578816 0.53980359057458804 -0.045296879545203624 -0.99956385754099886
leaf_weight=41 255 342 192 80 280 173 1226 219 173 222 173 112 73 278
leaf_count=41 255 342 192 80 280 173 1226 219 173 222 173 112 73 278
internal_value=-2.34375e-05 0.000852031 -0.00296731 0.00280807 -0.00648338 -0.010019 0.00174855 0.00371359 0.0114567 0.00547059 0.00889535 0.000179104 -0.0148305 -0.00965625
internal_weight=3839 3520 1192 2328 781 526 2075 411 253 849 515 334 353 319
internal_count=3839 3520 1192 2328 781 526 2075 411 253 849 515 334 353 319
is_linear=0
shrinkage=0.03


Tree=73
num_leaves=15
num_cat=0
split_feature=60 81 77 83 13 8 28 73 29 33 48 80 82 76
split_gain=37.4919 30.1656 26.1164 22.2673 19.7832 17.6354 17.3492 16.6463 22.0103 16.2569 21.7016 15.9509 13.872 11.4341
threshold=-19.534747600555416 1587.2678377628329 -289.75356954336161 21.278454184532169 90.000000000000014 3.7401529001659646 124.50000000000001 49.751993298530586 0.8649477698557454 26.796781250000006 225.69090763727829 -66.827454328536973 162.28652401765189 335.17179024219519
decision_type=8 8 8 10 8 8 2 10 10 10 10 8 10 10
left_child=7 -2 3 -3 -4 12 -7 8 -1 10 -8 -10 -6 -13
right_child=1 2 4 -5 5 6 9 -9 11 -11 -12 13 -14 -15
leaf_value=-2.3920961028678294 2.3815424819502291 -0.75783046003274168 0.22553439228084068 0.14225532656612386 -0.22474580369735309 0.18774795128967284 0.017471380655258242 0.48447559680160512 -1.4326398404338991 -0.40723820623504475 2.2394683271598583 -0.25291154186843978 1.116483004655443 1.3285715525867017
leaf_weight=91 61 154 1106 62 867 94 688 46 125 75 77 318 43 41
leaf_count=91 61 154 1106 62 867 94 688 46 125 75 77 318 43 41
internal_value=-0.000249415 0.00105019 0.000644143 -0.00940092 0.00138258 -0.000520325 0.00237433 -0.00699357 -0.00838542 0.000998811 0.0023107 -0.00581443 -0.00349067 -0.00258333
internal_weight=3848 3227 3166 216 2950 1844 934 621 575 840 765 484 910 359
internal_count=3848 3227 3166 216 2950 1844 934 621 575 840 765 484 910 359
is_linear=0
shrinkage=0.03


Tree=74
num_leaves=15
num_cat=0
split_feature=67 81 7 67 3 77 84 15 77 67 7 53 28 38
split_gain=37.1308 27.9026 26.1099 25.1846 20.2292 18.706 16.9626 19.3436 24.2744 19.997 17.925 16.8956 20.0609 16.0663
threshold=-188.17690091729165 1587.2678377628329 5195.1445863448107 596.58559644527941 12.625000000000002 60.856666743755348 77.95087587833406 38.500000000000007 -289.75356954336161 197.85332337220521 3129.9771172606802 7.5000000000000009 255.50000000000003 2508.7582689750484
decision_type=8 8 10 10 2 10 10 2 8 8 10 10 2 10
left_child=4 -2 3 6 -1 -4 7 8 -3 11 -9 -10 -13 -11
right_child=1 2 5 -5 -6 -7 -8 10 9 13 -12 12 -14 -15
leaf_value=0.70429251283354222 2.4074160965542628 -0.60864161869070499 1.1826658752849881 2.0136855545168157 -1.9386450106308859 -0.19872274223510081 0.3923491309061618 0.30392348419391108 -1.0837720000466076 -0.047202246789256212 -0.3289915216393442 -0.20774189064926671 0.54360267615939917 0.17000321290320564
leaf_weight=40 65 176 127 103 139 50 466 118 244 1010 60 456 91 654
leaf_count=40 65 176 127 103 139 50 466 118 244 1010 60 456 91 654
internal_value=0.000465789 0.00112676 0.000767717 0.000177567 -0.0128333 0.0119663 -0.000283883 -0.0011637 -0.00181231 -0.00103827 0.00837989 -0.00496212 -0.00202555 0.000828829
internal_weight=3799 3620 3555 3378 179 177 3275 2809 2631 2455 178 791 547 1664
internal_count=3799 3620 3555 3378 179 177 3275 2809 2631 2455 178 791 547 1664
is_linear=0
shrinkage=0.03


Tree=75
num_leaves=15
num_cat=0
split_feature=60 80 29 36 7 39 4 66 73 29 52 77 80 34
split_gain=32.4997 25.3299 23.5373 31.5815 22.3012 17.668 17.3891 15.8936 15.0023 13.005 13.0025 12.7874 16.8136 13.8752
threshold=-77.695678949356065 107.45434272289278 0.95761545572971396 0.29198717948717956 5123.2697457641034 3122.1144633354111 8.5000000000000018 241.35018157958987 5.0071309804916391 0.98566289825282649 54.762008547782905 -289.75356954336161 -79.522810459136949 0.14686274509803923
decision_type=8 10 10 10 10 10 2 10 8 10 10 8 10 8
left_child=-1 4 3 7 6 -5 8 -3 -2 -4 -8 12 -10 -13
right_child=1 2 9 5 -6 -7 10 -9 11 -11 -12 13 -14 -15
leaf_value=-0.92084818576170746 -0.62810158845228214 -0.077883207649880451 -0.67924857004838424 1.9336393143392077 0.70401122872624278 0.40935736698408609 -0.061201697553929506 2.6146093757619573 -1.2502314158498098 0.40705833494105953 0.34797556258757278 0.10245053812192555 -0.0039065041654637199 -0.08855710355378224
leaf_weight=326 329 266 64 207 139 58 256 54 58 44 278 273 62 1396
leaf_count=326 329 266 64 207 139 58 256 54 58 44 278 273 62 1396
internal_value=-0.000314878 0.000533716 0.00566282 0.00803754 -0.000741404 0.0156767 -0.00135695 0.00168224 -0.00257669 -0.00715596 0.00347664 -0.00149162 -0.0109091 -0.000808383
internal_weight=3810 3484 693 585 2791 265 2652 320 2118 108 534 1789 120 1669
internal_count=3810 3484 693 585 2791 265 2652 320 2118 108 534 1789 120 1669
is_linear=0
shrinkage=0.03


Tree=76
num_leaves=15
num_cat=0
split_feature=0 65 82 39 35 28 63 70 16 0 83 20 77 77
split_gain=43.9571 24.0139 23.8172 24.7889 23.1886 20.2942 23.454 21.6209 19.472 19.1379 16.3137 16.2673 15.8897 15.8596
threshold=-23.499999999999996 0.81239081717605943 -53.450790603955575 2160.097873081073 4.4625530963559141 208.50000000000003 232.28841183114147 0.75735294117647067 40.500000000000007 271.50000000000006 61.59887099266053 445.07315599918371 -153.83024227619168 33.659677147865303
decision_type=2 8 8 10 10 2 8 10 2 2 10 8 8 8
left_child=2 9 -1 -4 -5 7 11 12 -9 13 -8 -7 -3 -2
right_child=1 5 3 4 -6 6 10 8 -10 -11 -12 -13 -14 -15
leaf_value=-1.2364165461003933 0.99059107913593103 0.32240127910158467 0.0089374188415012757 0.32930023851396872 -0.95698729815284422 1.6694074496908025 -0.16643523879348709 -0.17224979074680816 -1.199985589108306 3.4188091871505737 0.8247365646261452 0.32872068546438299 -0.0046509930070377193 -0.53441881552919779
leaf_weight=192 125 188 485 40 188 77 360 865 40 62 49 693 446 43
leaf_count=192 125 188 485 40 188 77 360 865 40 62 49 693 446 43
internal_value=-0.000412558 0.00136317 -0.00619205 -0.00365546 -0.0117904 0.00057374 0.0035339 -0.00169481 -0.00466887 0.0106494 -0.00226829 0.00661479 0.00255118 0.00532544
internal_weight=3853 2948 905 713 228 2718 1179 1539 905 230 409 770 634 168
internal_count=3853 2948 905 713 228 2718 1179 1539 905 230 409 770 634 168
is_linear=0
shrinkage=0.03


Tree=77
num_leaves=15
num_cat=0
split_feature=0 67 82 81 41 81 39 51 0 8 3 77 0 38
split_gain=36.877 26.8173 25.3907 25.3743 21.5953 20.6618 20.4643 14.0994 13.8995 13.0202 19.9623 19.5284 19.2168 19.012
threshold=-20.499999999999996 596.58559644527941 -29.73735334475835 8109.5156705379495 -118.02781558036803 1546.7510825395586 2246.6618523507182 28.913118362426761 276.50000000000006 4.1507830371045387 15.708333333343036 -196.12977707386014 252.50000000000003 3879.7899791111604
decision_type=2 10 8 8 8 8 10 10 2 10 2 10 2 10
left_child=2 4 -1 7 -2 -6 -5 -4 -3 13 11 -11 -12 -7
right_child=1 8 3 6 5 9 -8 -9 -10 10 12 -13 -14 -15
leaf_value=-1.0922537152019316 2.2084271543735854 0.86662363137370491 0.59215740793525795 -0.18352153957375661 2.2695235326261081 -0.10710546478881097 -1.3088464562206705 0.012625759008911655 3.7375143081087145 0.15157071600528807 0.23960048173726947 -0.23406143682557873 3.2355601129757008 0.30954263420243305
leaf_weight=257 56 70 69 236 48 1399 126 221 54 294 343 380 66 176
leaf_count=257 56 70 69 236 48 1399 126 221 54 294 343 380 66 176
internal_value=-0.000371444 0.00128853 -0.00563736 -0.00248086 0.000673181 0.000288142 -0.0077686 0.00412371 0.01488 -6.76946e-05 0.0024631 -0.000711111 0.00768293 -0.00180838
internal_weight=3795 2886 909 652 2762 2706 362 290 124 2658 1083 674 409 1575
internal_count=3795 2886 909 652 2762 2706 362 290 124 2658 1083 674 409 1575
is_linear=0
shrinkage=0.03


Tree=78
num_leaves=15
num_cat=0
split_feature=85 1 45 47 1 25 3 78 67 83 3 77 85 61
split_gain=47.3939 23.0361 19.8404 17.1228 16.2697 14.9759 13.5229 16.7653 14.6024 12.4443 12.6811 12.0114 16.5937 17.1308
threshold=-28.389277736345928 659.08346462249767 7.5000000000000009 1.0000000180025095e-35 657.02162611484539 0.86899313501144182 6.0416666666569663 0.70833333333333337 117.31599818958951 69.476742744445815 9.2916666666569672 10.787631750106813 68.954903562863691 0.87712349887605245
decision_type=8 2 10 10 2 10 2 8 10 10 2 10 10 8
left_child=2 4 5 -4 -2 -1 -3 8 -8 10 -7 12 -9 -14
right_child=1 6 3 -5 -6 9 7 11 -10 -11 -12 -13 13 -15
leaf_value=-1.9243358400138992 0.14896271510191536 -0.22182598795860101 0.37474025404844119 -0.34703088284664219 1.1347291753520488 1.0397857585804644 -0.24151249670008931 -0.098061568250743386 1.1958484063815178 0.37986306415562182 -0.81905938195153971 0.62367552903234302 0.8873992020699214 -0.24604889755757714
leaf_weight=113 1078 199 138 242 184 40 323 504 40 44 387 223 228 122
leaf_count=113 1078 199 138 242 184 40 323 504 40 44 387 223 228 122
internal_value=-0.000209519 0.00170572 -0.00596891 -0.000629921 0.00475059 -0.0094359 -0.000640244 0.00037474 -0.00519231 -0.00705508 -0.0086215 0.00225417 0.000631579 0.00564103
internal_weight=3865 2901 964 380 1262 584 1639 1440 363 471 427 1077 854 350
internal_count=3865 2901 964 380 1262 584 1639 1440 363 471 427 1077 854 350
is_linear=0
shrinkage=0.03


Tree=79
num_leaves=15
num_cat=0
split_feature=67 67 82 41 81 24 38 15 1 81 56 15 57 75
split_gain=31.859 26.215 25.9147 19.6929 19.9363 17.1794 16.6364 21.4454 16.1027 15.0867 16.5912 16.1214 13.8145 14.4199
threshold=448.47620174288755 -89.577258284886668 31.189114729563396 -121.0036220550537 1587.2678377628329 32.500000000000007 3766.8061209077009 32.500000000000007 742.4528832435609 8603.4720802307147 -44.390685200691216 39.500000000000007 6.5000000000000009 217.50000000000003
decision_type=10 8 8 8 8 2 10 2 2 8 10 2 10 10
left_child=1 9 6 -4 -5 -2 7 12 -6 11 -11 -1 13 -3
right_child=5 2 3 4 8 -7 -8 -9 -10 10 -12 -13 -14 -15
leaf_value=-0.32110172874408188 3.0504757315797071 0.14126824469803584 1.7855258039796864 2.1591774852415337 0.070895964868645286 0.68593425302757027 0.15113238710039334 0.19201871140154975 -0.26096689785213867 -1.3378843362208821 0.20530458152642478 0.40123193339647878 -0.74648912830608227 -0.4615381921432351
leaf_weight=219 67 237 76 41 1811 108 139 120 193 136 43 42 488 103
leaf_count=219 67 237 76 41 1811 108 139 120 193 136 43 42 488 103
internal_value=-2.35356e-05 -0.000624829 0.000317856 0.00224788 0.00168622 0.0124432 -0.00344669 -0.00486828 0.00125686 -0.00748299 -0.0141667 -0.0028626 -0.00658625 -0.00193548
internal_weight=3823 3648 3208 2121 2045 175 1087 948 2004 440 179 261 828 340
internal_count=3823 3648 3208 2121 2045 175 1087 948 2004 440 179 261 828 340
is_linear=0
shrinkage=0.03


Tree=80
num_leaves=15
num_cat=0
split_feature=0 0 76 31 81 80 0 3 61 67 77 8 59 81
split_gain=37.6026 24.4129 33.0109 21.4771 17.9601 16.6134 16.1192 16.0875 16.5592 15.7806 15.0113 22.2541 12.9455 15.0885
threshold=-29.499999999999996 252.50000000000003 -100.69896233081816 21.036931818181824 1546.7510825395586 -126.84077084064482 290.50000000000006 15.041666666656967 0.67662498100907253 -188.17690091729165 121.64101433753969 7.6095631558242802 122.44134294986726 7251.3788547515878
decision_type=2 2 10 10 8 8 2 2 8 8 10 10 10 8
left_child=3 4 7 5 -2 -1 -4 8 -3 -7 11 12 -6 -14
right_child=1 2 6 -5 10 9 -8 -9 -10 -11 -12 -13 13 -15
leaf_value=-1.4162869067443695 2.2344810046715788 -0.74614551688833985 0.57968088280094865 -1.0681257705489318 -0.015588594027351056 -1.0274401376451718 -0.44122359379136938 3.0847189636307202 2.7321492630670092 -0.037633957543040851 -0.33967768920957975 1.500994562358285 -0.067974922475829647 0.68684066814622136
leaf_weight=80 42 43 40 93 2166 102 81 134 40 549 122 62 140 139
leaf_count=80 42 43 40 93 2166 102 81 134 40 549 122 62 140 139
internal_value=-0.000289515 0.00126578 0.00884956 -0.00596364 0.000303144 -0.00422131 -0.00368852 0.0158257 0.00535714 -0.0026227 -1.14068e-05 0.000490431 3.67948e-05 0.00610714
internal_weight=3833 3009 338 824 2671 731 121 217 83 651 2629 2507 2445 279
internal_count=3833 3009 338 824 2671 731 121 217 83 651 2629 2507 2445 279
is_linear=0
shrinkage=0.03


Tree=81
num_leaves=15
num_cat=0
split_feature=60 77 3 7 29 45 60 26 62 34 80 76 13 34
split_gain=30.6186 21.3258 22.969 26.7195 21.0521 21.4888 18.4849 19.0367 16.7999 18.4873 13.723 12.4306 11.661 11.629
threshold=-31.139643192291256 -289.75356954336161 20.208333333343038 326.14186538811197 0.95939082108873841 8.5000000000000018 233.78114628791812 92.500000000000014 -0.18919452397090217 0.25962962962962971 -52.825795292854302 2217.7235084772115 90.000000000000014 0.2228132387706856
decision_type=8 8 2 10 10 10 8 2 8 10 10 8 8 10
left_child=4 10 12 -4 5 8 7 -5 9 -1 -2 -8 -3 -14
right_child=1 2 3 6 -6 -7 11 -9 -10 -11 -12 -13 13 -15
leaf_value=-0.91223255196137643 -1.1541149190030449 0.099709785153530031 -1.0019244130161551 -0.51158928125299474 0.28417912081642699 0.37033113981448662 0.43061701790721701 1.8585360250873206 -0.89074965684423446 1.4293190970842871 -0.016133540048124288 2.5634247085760009 0.024736919576388832 -0.21801126472804716
leaf_weight=54 91 981 41 86 41 53 57 99 374 42 117 141 689 970
leaf_count=54 91 981 41 86 41 53 57 99 374 42 117 141 689 970
internal_value=-0.000453479 0.000659945 0.00129201 0.00776471 -0.00690265 -0.00853053 0.0102344 0.0033871 -0.0105732 0.000618557 -0.00861244 0.0165829 0.000249905 -0.00128313
internal_weight=3836 3272 3064 424 564 523 383 185 470 96 208 198 2640 1659
internal_count=3836 3272 3064 424 564 523 383 185 470 96 208 198 2640 1659
is_linear=0
shrinkage=0.03


Tree=82
num_leaves=15
num_cat=0
split_feature=67 60 81 77 83 84 4 83 70 28 64 62 29 24
split_gain=32.0273 25.1023 22.6699 18.7446 27.2885 17.3583 15.047 17.5664 16.2995 23.3857 22.5489 19.678 14.728 14.1843
threshold=596.58559644527941 -62.994291305541985 1587.2678377628329 -289.75356954336161 9.3235359191894549 44.080124417940787 8.5000000000000018 -359.24796485900873 0.91987179487179505 208.50000000000003 5.9768459665145182 0.14579932736243373 0.95314652203856765 31.500000000000004
decision_type=10 8 8 8 10 10 2 8 10 2 10 10 10 2
left_child=1 5 -3 4 -4 -1 7 -5 -9 13 11 -11 -8 -10
right_child=-2 2 3 6 -6 -7 12 8 9 10 -12 -13 -14 -15
leaf_value=-1.0639012139078223 1.8689869083829929 2.0278673774009164 -0.68256763784319918 -0.85727151485429054 0.24005352249430686 0.057586176270778118 0.27558445648191043 0.048386210395697779 -0.23792540492215628 0.34353762542925509 -0.94997676730061043 -0.49263492450570406 -0.29619121783673119 -0.952628277720584
leaf_weight=285 137 62 159 45 71 118 546 972 448 567 56 119 108 175
leaf_count=285 137 62 159 45 71 118 546 972 448 567 56 119 108 175
internal_value=-6.20315e-05 -0.000586817 0.000270351 -7.34619e-05 -0.00831169 -0.00764851 0.000553177 -0.000553924 -0.000192472 -0.002306 0.00129206 0.00279476 0.00458015 -0.00658654
internal_weight=3868 3731 3328 3266 230 403 3036 2382 2337 1365 742 686 654 623
internal_count=3868 3731 3328 3266 230 403 3036 2382 2337 1365 742 686 654 623
is_linear=0
shrinkage=0.03


Tree=83
num_leaves=15
num_cat=0
split_feature=85 66 42 15 83 67 77 77 23 48 76 28 77 38
split_gain=22.1239 20.7158 21.9101 13.8715 22.0133 22.3513 24.6069 22.2018 21.4443 18.4619 15.3065 14.6506 14.5964 15.2978
threshold=162.27294830481213 -325.7490980625152 -234.04894626140592 31.500000000000004 67.002626419067397 201.30084649210471 -295.74999999999994 -291.74999999999994 8.8354868888854998 -95.252482414245591 272.75333487987524 476.50000000000006 -150.20079201459882 2508.7582689750484
decision_type=10 8 8 2 8 8 10 8 8 10 8 2 8 10
left_child=1 -1 -3 4 5 6 -4 -7 -6 -9 -10 -5 -11 -14
right_child=-2 2 3 11 8 7 -8 9 10 12 -12 -13 13 -15
leaf_value=-1.4040887513790912 0.59537181296073727 2.1839859384046698 0.57260846549236355 0.1361405989125459 0.17280844254764588 -1.1673661139937401 -0.75915650114762023 -0.52176247154935462 -0.44655140132540078 0.40292671815228992 -0.024934360262001524 -1.4524901361196292 -0.19793249577021968 0.32986345260487615
leaf_weight=71 484 41 46 443 851 72 500 52 90 192 449 43 304 192
leaf_count=71 484 41 46 443 851 72 500 52 90 192 449 43 304 192
internal_value=-0.000297572 -0.00116522 -0.000815018 -0.00109428 -0.0019207 -0.00463576 -0.00932358 -0.00147601 0.000733285 8.09717e-05 -0.00394444 0.0035729 0.00139332 -0.00132797
internal_weight=3830 3346 3275 3234 2748 1358 546 812 1390 740 539 486 688 496
internal_count=3830 3346 3275 3234 2748 1358 546 812 1390 740 539 486 688 496
is_linear=0
shrinkage=0.03


Tree=84
num_leaves=15
num_cat=0
split_feature=81 82 28 36 25 3 7 68 65 39 48 24 64 3
split_gain=27.6213 21.9722 28.482 22.1373 19.5947 16.3877 26.9241 19.5558 15.4212 17.8454 22.7672 17.4102 17.1189 15.3916
threshold=1587.2678377628329 -45.480947335561112 235.50000000000003 0.087337909992372245 0.89915254237288156 5.9583333333430355 5123.2697457641034 -0.019597136348448951 0.81686705494914091 2396.2808199483848 232.16206983725235 37.500000000000007 4.0918922451920468 16.041666666656969
decision_type=8 8 2 8 10 2 8 10 8 10 10 2 8 2
left_child=-1 2 3 -2 -5 7 8 -3 11 -10 12 -7 -11 -4
right_child=1 5 13 4 -6 6 -8 -9 9 10 -12 -13 -14 -15
leaf_value=1.9919887663790146 0.1582689214488015 -0.0044147744157280039 -0.52085652130321924 -1.1455680096440144 -0.64475532433690375 1.5302600657382117 0.98330529694163138 -0.58577262322612622 0.090672015022560171 -0.96863119144668053 0.86425018713335189 -0.10440722777649711 -0.12051669136156098 0.47749873311351659
leaf_weight=72 41 263 76 199 178 108 158 120 1563 122 121 72 666 80
leaf_count=72 41 263 76 199 178 108 158 120 1563 122 121 72 666 80
internal_value=-0.000195313 -0.000549363 -0.00594783 -0.0100239 -0.0123016 0.000422668 0.00121665 -0.00539062 0.00049755 -0.00012131 -0.00346154 0.00895028 -0.00532319 0.00496815
internal_weight=3839 3767 574 418 377 3193 2810 383 2652 2472 909 180 788 156
internal_count=3839 3767 574 418 377 3193 2810 383 2652 2472 909 180 788 156
is_linear=0
shrinkage=0.03


Tree=85
num_leaves=15
num_cat=0
split_feature=65 3 60 7 60 3 3 80 7 50 79 45 69 15
split_gain=22.2943 21.1436 16.3723 15.1107 18.6441 14.4658 22.4552 18.8844 18.4817 18.1109 16.6994 15.2111 23.9455 20.4683
threshold=1.107640747696482 20.458333333343038 -125.98607969284056 1174.018456582515 233.78114628791812 5.8750000000000009 8.7083333333430364 24.813884139060978 4890.1010626597445 62.472224473953254 396.46469057803557 7.5000000000000009 -246.36992301137263 33.500000000000007
decision_type=10 2 8 10 8 2 2 10 8 8 8 10 10 2
left_child=1 5 -2 -3 -5 -1 7 9 10 -7 11 12 -8 -14
right_child=2 3 -4 4 -6 6 8 -9 -10 -11 -12 -13 13 -15
leaf_value=-0.18646502996213768 -2.0699759316732935 -0.22445574866157969 -0.2301152592248496 0.16077787338790286 2.022658827807621 -0.10585280923757034 0.19537688153124008 2.2074874334527999 1.1440772008749567 0.59363484554511048 -0.25502311943517653 0.062358079895648753 -0.66838745881313189 0.16421302548622821
leaf_weight=359 61 57 270 204 166 224 238 83 61 178 248 1051 479 96
leaf_count=359 61 57 270 204 166 224 238 83 61 178 248 1051 479 96
internal_value=-0.00043697 0.000278665 -0.00786145 0.00651869 0.00873315 -0.000606362 0.000157954 0.00598765 -0.00114535 0.00327543 -0.00161855 -0.000643432 -0.00372236 -0.00703125
internal_weight=3775 3444 331 427 370 3017 2658 485 2173 402 2112 1864 813 575
internal_count=3775 3444 331 427 370 3017 2658 485 2173 402 2112 1864 813 575
is_linear=0
shrinkage=0.03


Tree=86
num_leaves=15
num_cat=0
split_feature=13 85 26 74 35 65 37 60 71 31 7 3 77 75
split_gain=27.495 21.6731 20.6283 19.5701 19.1452 17.1042 14.238 13.2285 12.7652 13.4865 12.7138 25.0073 14.2286 13.3677
threshold=90.000000000000014 -2.4213190674781795 139.50000000000003 1522.9450463094745 26.089611111111115 1.0855041673166279 2910.975422898513 117.13598144054414 14.500000000000002 3.204545454545455 3486.0431026247902 15.625000000000002 -194.18244999647138 172.41666746139529
decision_type=8 8 2 10 10 8 10 10 10 8 10 2 10 8
left_child=7 2 8 4 10 -4 -5 -1 9 -2 13 12 -12 -3
right_child=1 3 5 6 -6 -7 -8 -9 -10 -11 11 -13 -14 -15
leaf_value=0.041670982257840272 0.1842467499137547 0.44654855922644732 -0.87674758227240468 -0.48070542316322151 -0.36139671080835711 0.44908019911236025 0.038207637806932745 0.62277597332470036 0.020369526598455215 -0.93472278033316381 0.81194604777759327 1.5762272838705236 -0.18733282080306041 -0.05755531543692953
leaf_weight=1113 72 178 41 95 84 84 52 355 120 439 81 132 140 841
leaf_count=1113 72 178 41 95 84 84 52 355 120 439 81 132 140 841
internal_value=8.62069e-05 -0.00191949 -0.00610304 5.61097e-05 0.00111187 0.005 -0.0103378 0.00330837 -0.00830696 -0.0103711 0.0019665 0.00686441 0.000675676 0.000264706
internal_weight=3827 2359 756 1603 1456 125 147 1468 631 511 1372 353 221 1019
internal_count=3827 2359 756 1603 1456 125 147 1468 631 511 1372 353 221 1019
is_linear=0
shrinkage=0.03


Tree=87
num_leaves=15
num_cat=0
split_feature=28 28 63 64 8 81 77 43 66 82 65 60 26 28
split_gain=27.3058 30.1793 29.2294 30.6535 23.9827 23.8978 17.8541 20.3258 18.0318 14.4573 13.7091 17.6135 21.1216 20.2113
threshold=204.50000000000003 485.00000000000006 207.45859233187306 3.8979113245030281 5.5316578159302781 3679.0364328622823 -244.4408195018768 614.27774298932388 28.37122464179993 4.1204300721486424 0.82120367045437104 713.92004549503338 61.500000000000007 126.50000000000001
decision_type=2 2 8 10 8 8 8 8 8 8 8 8 2 2
left_child=2 6 5 4 10 -1 -2 -8 -9 -7 -4 -12 13 -13
right_child=1 -3 3 -5 -6 9 7 8 -10 -11 11 12 -14 -15
leaf_value=0.43013385340117455 -0.18974194139631748 -1.8718362746509243 0.87956748393528328 1.8677954602929787 0.40388343187106801 -0.78249147519963957 0.44854754418855119 -0.71213498316897517 0.10344328313861267 -0.18990680760957473 -0.50310826786314855 -0.022390161457609279 0.12552676918290187 -1.1186333302420046
leaf_weight=129 211 61 67 84 190 348 909 92 367 640 246 159 261 55
leaf_count=129 211 61 67 84 190 348 909 92 367 640 246 159 261 55
internal_value=-0.000290576 0.00263254 -0.00249083 0.00107244 -0.000429009 -0.00587657 0.00343671 0.00468955 -0.000456522 -0.00746208 -0.00273764 -0.00394737 -0.000567227 -0.00753488
internal_weight=3819 1640 2179 1062 978 1117 1579 1368 459 988 788 721 475 214
internal_count=3819 1640 2179 1062 978 1117 1579 1368 459 988 788 721 475 214
is_linear=0
shrinkage=0.03


Tree=88
num_leaves=15
num_cat=0
split_feature=45 29 39 60 77 37 35 56 81 81 77 40 77 62
split_gain=38.0184 22.92 21.9564 23.7551 18.3442 18.344 16.8615 16.7812 14.332 13.7155 13.1845 13.1507 12.5625 12.4038
threshold=7.5000000000000009 0.90870467255998566 1674.4608487291491 104.51244652271272 -149.14443445205686 1081.3565530454032 6.5183492999263093 246.00938463211062 8655.1340399980563 5387.595426917077 -21.371303200721737 37.536540786517868 144.3203441500664 -0.10983545226752429
decision_type=8 10 8 10 8 10 10 10 10 8 8 10 10 10
left_child=1 8 3 6 5 -4 11 9 -1 10 -6 -2 -9 -3
right_child=2 13 4 -5 7 -7 -8 12 -10 -11 -12 -13 -14 -15
leaf_value=-0.33774906691615525 0.55397983802969342 0.20656511296603716 0.24968576395816605 1.3742753775599148 1.4501835864315082 -0.37390565090880468 0.38863326576734786 1.6340598900963361 -1.1328845838247132 -0.016837220888387915 0.010742554916410824 -0.10130900755790458 -0.1708850772695224 -0.27325841129677236
leaf_weight=475 42 345 129 199 101 368 369 120 176 808 101 158 47 350
leaf_count=475 42 345 129 199 101 368 369 120 176 808 101 158 47 350
internal_value=0.000126683 -0.00391982 0.00235776 0.00655397 0.000429851 -0.00439759 0.00342105 0.00247029 -0.00796012 0.0010089 0.0079803 -0.00358209 0.01125 -0.00012931
internal_weight=3788 1346 2442 768 1674 497 569 1177 651 1010 202 200 167 695
internal_count=3788 1346 2442 768 1674 497 569 1177 651 1010 202 200 167 695
is_linear=0
shrinkage=0.03


Tree=89
num_leaves=15
num_cat=0
split_feature=0 76 84 0 24 0 62 3 81 37 81 26 4 3
split_gain=24.3117 31.4984 22.4045 16.6368 15.4682 15.4219 16.5551 20.6349 14.6012 15.6701 14.0714 14.4521 13.4708 13.3985
threshold=255.00000000000003 3924.4588472843175 83.970846732457503 355.00000000000006 28.500000000000004 -25.499999999999996 -0.10642431777626457 8.3750000000000018 8384.7217878103274 1199.5523703560525 3418.1595023870473 63.500000000000007 6.5000000000000009 15.708333333343036
decision_type=2 8 10 2 2 2 8 2 10 10 10 2 2 2
left_child=2 4 5 13 -2 8 7 -7 9 -1 -4 -12 -11 -3
right_child=1 3 10 -5 -6 6 -8 -9 -10 12 11 -13 -14 -15
leaf_value=0.16788050857621101 -0.78213586465559159 -0.31054290730572232 1.8329595962317822 3.316873117766574 0.35199738783436602 1.3880348962948008 -0.054538031000993636 0.065070319421958359 -0.86313164682147359 -0.99583254336310167 -1.1776946036169955 0.27656773693544079 -0.26607052297208611 1.9287019747659921
leaf_weight=203 59 53 84 85 54 86 1943 306 218 60 53 353 251 73
leaf_count=203 59 53 84 85 54 86 1943 306 218 60 53 353 251 73
internal_value=-0.000100464 0.00775385 -0.000817875 0.0145755 -0.005 -0.00176988 -0.000577911 0.00503817 -0.00556617 -0.00279612 0.00513238 0.00280098 -0.00701923 0.00755906
internal_weight=3881 324 3557 211 113 3067 2335 392 732 514 490 406 311 126
internal_count=3881 324 3557 211 113 3067 2335 392 732 514 490 406 311 126
is_linear=0
shrinkage=0.03


Tree=90
num_leaves=15
num_cat=0
split_feature=0 9 81 66 82 7 37 85 77 15 0 16 69 43
split_gain=29.5686 31.8366 19.317 15.8412 15.085 12.3018 13.5332 12.1011 12.3242 12.2362 10.8606 10.0196 27.8648 17.4768
threshold=304.50000000000006 270.00000000000006 1587.2678377628329 -159.57808005809781 123.29898506402971 5123.2697457641034 1474.8108148886572 -137.83129515250522 29.977396488189701 36.500000000000007 77.500000000000014 14.500000000000002 -275.15750090808586 569.51409323227188
decision_type=2 2 8 8 8 10 10 10 8 2 2 2 8 10
left_child=2 4 -1 7 -2 11 -7 -4 9 -9 -8 13 -13 -5
right_child=1 -3 3 5 -6 6 10 8 -10 -11 -12 12 -14 -15
leaf_value=1.904221828083021 0.90656340524598589 -0.30943331052934975 -1.453457852380994 0.13357764015639761 4.5944512824425505 1.1438296453339367 -0.20948044534575841 -0.59317025198531581 0.29796152205643295 0.29511198269933803 0.85285734044674433 1.4167875258123901 -0.1663214885224493 -0.18298456044271361
leaf_weight=63 57 68 169 966 84 63 65 113 63 42 42 72 1547 395
leaf_count=63 57 68 169 966 84 63 65 113 63 42 42 72 1547 395
internal_value=-0.000228346 0.0107143 -0.000866426 -0.00116167 0.0188028 -0.000456998 0.00736842 -0.00688144 -0.00219178 -0.00673077 0.000833333 -0.000905736 -0.0025 0.000991189
internal_weight=3809 209 3600 3537 141 3150 170 387 218 155 107 2980 1619 1361
internal_count=3809 209 3600 3537 141 3150 170 387 218 155 107 2980 1619 1361
is_linear=0
shrinkage=0.03


Tree=91
num_leaves=15
num_cat=0
split_feature=0 83 67 81 64 81 64 1 27 74 80 44 19 15
split_gain=31.407 25.8967 23.6353 21.5141 20.5039 14.9044 13.1151 12.942 12.6699 21.5809 13.0452 11.6365 11.6753 13.9543
threshold=252.50000000000003 98.097891449928298 -157.29440929492313 4709.7794868946085 4.6564247576460636 6775.2487986087808 3.8792191999208128 625.07315599918377 0.93111357165453978 328.511651137147 81.909769058227553 100.92645537853242 270.00000000000006 32.500000000000007
decision_type=2 10 8 10 10 10 10 2 10 10 8 8 10 2
left_child=1 2 -1 6 8 -5 -3 -4 9 10 -2 12 13 -9
right_child=4 3 7 5 -6 -7 -8 11 -10 -11 -12 -13 -14 -15
leaf_value=-1.1524773682944804 -0.67746749971849896 1.3707194015702495 0.17379685099279188 -0.3947833818806869 2.4627682186394808 0.20959536070541393 0.011795574781246732 -0.2883610129674678 1.3053856449155496 -0.59853945481110027 2.334256072318063 0.0070291252620255304 0.38624789414885341 0.081065886587387087
leaf_weight=227 44 118 390 60 77 254 46 1049 89 56 77 1093 57 204
leaf_count=227 44 118 390 60 77 254 46 1049 89 56 77 1093 57 204
internal_value=0.000507548 -0.000342955 -0.00137041 0.00613779 0.00915698 0.00152381 0.0149091 -0.000612026 0.00516854 0.000505618 0.00762295 -0.00143511 -0.00334096 -0.00394737
internal_weight=3841 3498 3020 478 343 314 164 2793 266 177 121 2403 1310 1253
internal_count=3841 3498 3020 478 343 314 164 2793 266 177 121 2403 1310 1253
is_linear=0
shrinkage=0.03


Tree=92
num_leaves=15
num_cat=0
split_feature=67 67 42 13 24 26 41 81 34 35 53 49 42 45
split_gain=25.7051 19.0279 19.8993 16.5921 14.4269 12.7413 16.9732 28.0196 16.7514 15.0254 18.6188 13.2603 14.5725 16.5006
threshold=448.47620174288755 -261.95527132919852 -234.04894626140592 90.000000000000014 43.500000000000007 138.50000000000003 29.759259104728702 3217.5012662410741 0.30825791855203627 24.892147353545742 7.5000000000000009 8.5000000000000018 118.13134706020357 10.500000000000002
decision_type=10 8 8 8 2 2 8 8 8 10 10 10 10 10
left_child=1 -1 -3 -4 -2 6 7 -5 9 10 -7 12 -8 -14
right_child=4 2 3 5 -6 8 11 -9 -10 -11 -12 -13 13 -15
leaf_value=-1.4707591924797387 1.8621830399105521 2.6268903110631499 0.076236228169210662 0.86061614941347631 -0.43754606978368654 0.14111646147691742 0.10929826503746383 -0.41420465230606435 -0.23560215443212465 -0.40084805162195436 1.1600475641150056 -0.30401676144354828 -0.40613087847632584 0.083793962815782802
leaf_weight=60 109 44 1344 61 55 114 466 680 118 67 121 270 205 73
leaf_count=60 109 44 1344 61 55 114 466 680 118 67 121 270 205 73
internal_value=0.000419747 -0.000107616 0.000176768 -7.67045e-05 0.012 -0.00169577 -0.00281891 -0.00626685 0.00299287 0.00673267 0.0102966 -0.000295567 0.00177181 -0.00365591
internal_weight=3787 3623 3563 3519 164 2175 1755 741 420 302 235 1014 744 278
internal_count=3787 3623 3563 3519 164 2175 1755 741 420 302 235 1014 744 278
is_linear=0
shrinkage=0.03


Tree=93
num_leaves=15
num_cat=0
split_feature=67 42 4 83 15 67 39 81 60 81 29 65 65 60
split_gain=23.4848 24.3074 20.6527 17.8321 16.3067 17.3346 19.2822 16.0315 14.2428 13.7538 15.4036 14.8908 14.9158 12.2207
threshold=-157.29440929492313 -234.04894626140592 8.5000000000000018 5.2649759054183969 32.500000000000007 256.11866224871744 1459.1621465712117 8441.362479329111 467.13900649547583 4577.3540856838235 0.93465694485499407 0.82120367045437104 0.73583394232322563 114.63705217838289
decision_type=8 8 2 8 2 8 10 8 8 8 10 8 10 8
left_child=2 -2 7 4 5 -3 -7 -1 -8 10 -5 12 -11 -6
right_child=1 3 -4 9 13 6 8 -9 -10 11 -12 -13 -14 -15
leaf_value=-0.580433780871359 2.548083601731256 -0.59332994460873056 0.16418283277792728 0.49780229649911245 0.59493319213808271 -0.32496883725547782 -0.12141002820023417 -2.6017570901747167 0.69572546842478311 -0.13504012950671665 -0.21419899247878901 -0.0016975386481841957 3.8092505818146867 -0.15307161997588123
leaf_weight=82 40 372 88 371 79 354 245 82 135 43 96 1698 49 53
leaf_count=82 40 372 88 371 79 354 245 82 135 43 96 1698 49 53
internal_value=-0.000182154 0.000449661 -0.00901186 0.000180206 -0.00271186 -0.00390244 -0.00122449 -0.0152727 0.00346457 0.00176705 0.00634615 0.000569514 0.0122581 0.00721805
internal_weight=3787 3535 252 3495 1238 1106 734 164 380 2257 467 1790 92 132
internal_count=3787 3535 252 3495 1238 1106 734 164 380 2257 467 1790 92 132
is_linear=0
shrinkage=0.03


Tree=94
num_leaves=15
num_cat=0
split_feature=0 20 67 4 42 56 56 3 68 17 67 39 28 17
split_gain=30.0311 18.9065 18.7784 15.8857 18.5123 15.5352 14.9581 19.0245 17.4756 16.0847 13.5918 13.4103 12.2909 11.893
threshold=255.00000000000003 523.1989827156068 -157.29440929492313 6.5000000000000009 -201.37121427059171 -116.69433482487995 -73.033443331718431 5.9583333333430355 -0.06287171498902018 42.500000000000007 7.5878930389880859 1535.14958476985 220.50000000000003 44.000000000000007
decision_type=2 10 8 2 8 8 10 2 10 2 8 10 2 2
left_child=2 -2 -1 13 -5 -6 -7 8 9 -8 11 -9 -12 -4
right_child=1 -3 3 4 5 6 7 10 -10 -11 12 -13 -14 -15
leaf_value=-0.50201853261087936 1.5361647569130272 -0.24910953587762985 -0.077172288604533817 2.0159095221425649 -0.54717426631208343 0.11130224156116753 -0.28367689702656329 0.28494822219755822 -0.54561546827103191 0.35205275717799711 0.028937619965514329 -0.55318908846187909 0.41342092278433135 -0.38489568811483804
leaf_weight=256 264 68 820 42 99 225 48 91 114 42 893 207 474 203
leaf_count=256 264 68 820 42 99 225 48 91 114 42 893 207 474 203
internal_value=0.000218352 0.00882883 -0.00059744 1.84106e-05 0.0014356 0.00105287 0.00160382 0.000721925 -0.00790244 0.00197802 0.00178271 -0.00401338 0.00304825 -0.00307617
internal_weight=3846 332 3514 3258 2235 2193 2094 1869 204 90 1665 298 1367 1023
internal_count=3846 332 3514 3258 2235 2193 2094 1869 204 90 1665 298 1367 1023
is_linear=0
shrinkage=0.03


Tree=95
num_leaves=15
num_cat=0
split_feature=45 79 3 42 29 39 81 83 75 81 28 57 77 39
split_gain=27.6315 24.0801 23.3868 20.5937 19.3896 16.0693 18.2058 15.665 17.0466 15.1711 14.3072 19.3791 18.5826 17.8882
threshold=7.5000000000000009 52.721247598201387 5.8750000000000009 224.19261944293979 0.95939082108873841 131.7173984266681 6947.104867696763 35.384360194206245 1029.416705131531 8584.5142171382922 220.50000000000003 7.5000000000000009 -251.29376238584516 2733.3051758392598
decision_type=8 10 2 8 10 10 8 10 8 10 2 10 8 10
left_child=4 2 -2 10 7 -6 -7 -1 -9 -10 -4 -12 -13 -14
right_child=1 -3 3 -5 5 6 -8 8 9 -11 11 12 13 -15
leaf_value=-0.41982985754967139 -0.12411112810745972 -0.10730568442615046 0.025887659680032218 0.84959669503978086 -0.37640772522299165 -0.33050596056186482 0.85104884336531872 0.50724143679562261 0.15567061598250137 -0.82978928909659244 -0.03748780112456529 -0.44899928655462407 1.6748224939239011 0.37537745503178327
leaf_weight=854 306 218 1076 301 55 53 114 111 101 46 235 43 191 134
leaf_count=854 306 218 1076 301 55 53 114 111 101 46 235 43 191 134
internal_value=0.000250065 0.00210778 0.00301705 0.00420999 -0.00323596 0.00484305 0.00946429 -0.00485175 0.00162162 -0.00506757 0.00291071 0.00660596 0.0108943 0.0133436
internal_weight=3838 2504 2286 1980 1334 222 167 1112 258 147 1679 603 368 325
internal_count=3838 2504 2286 1980 1334 222 167 1112 258 147 1679 603 368 325
is_linear=0
shrinkage=0.03


Tree=96
num_leaves=15
num_cat=0
split_feature=60 1 3 84 3 32 81 79 3 65 68 39 16 3
split_gain=26.7336 20.0431 25.3711 17.042 15.6741 14.6186 14.0407 13.3374 13.7588 12.4311 14.1053 13.7428 11.9331 12.1846
threshold=-107.04284620285033 674.27329885959637 20.875000000000004 46.484678725401572 19.541666666656969 0.31698564593301443 3713.5307439565663 13.475684606226539 22.125000000000004 0.81686705494914091 0.056170546351111718 1561.5185058257553 34.500000000000007 15.791666666656967
decision_type=8 2 2 8 2 10 8 10 2 8 10 10 2 2
left_child=5 2 3 4 12 -1 -5 8 -4 -8 -11 -12 13 -2
right_child=1 -3 7 6 -6 -7 9 -9 -10 10 11 -13 -14 -15
leaf_value=-1.2347210116358467 -0.11408256089781968 -0.10201414918553187 2.3314099885288737 0.81902577620442907 -0.75891715495185408 0.29222476130452874 1.4288236023744765 -0.034081688389951771 0.70778671800314785 0.066685377170289994 0.32611793926041011 -0.65507461825551161 -0.55407861365541855 0.19035412422212997
leaf_weight=158 549 1194 83 149 89 45 42 73 130 773 53 137 69 280
leaf_count=158 549 1194 83 149 89 45 42 73 130 773 53 137 69 280
internal_value=0.00012549 0.000720596 0.00228583 0.00116246 -0.00173077 -0.0104412 0.00363636 0.010662 0.0144393 0.00235586 0.00164938 -0.00565445 -0.000533927 0.00046988
internal_weight=3824 3621 2427 2141 987 203 1154 286 213 1005 963 190 898 829
internal_count=3824 3621 2427 2141 987 203 1154 286 213 1005 963 190 898 829
is_linear=0
shrinkage=0.03


Tree=97
num_leaves=15
num_cat=0
split_feature=67 81 4 42 13 41 56 77 64 50 17 8 84 72
split_gain=25.2675 21.2411 19.9257 18.5789 14.0892 13.9573 15.8373 12.5501 9.26718 17.4151 12.5752 10.7608 9.91337 10.6268
threshold=-157.29440929492313 1587.2678377628329 8.5000000000000018 -208.83164739608762 90.000000000000014 -68.474479436874375 -113.25689784685768 -235.36567074060437 4.1483264761654732 92.586703658103957 53.500000000000007 6.6953964491020601 112.27293366193773 -12.67272889614105
decision_type=8 8 2 8 8 10 10 10 10 10 2 10 10 10
left_child=2 -2 7 -3 5 6 -5 -1 10 -10 11 12 13 -7
right_child=1 3 -4 4 -6 8 -8 -9 9 -11 -12 -13 -14 -15
leaf_value=-0.18049059282001692 1.7970844385924503 1.2937035939386523 0.16613310283683361 0.013061825844866959 -0.050394269122200366 0.0097705727056582765 0.87943188949880802 -2.1395789809721593 0.028655860519321619 1.3187501779008353 -0.3156775944911609 1.8735743305259307 1.0887298107076273 -0.58801203592281048
leaf_weight=55 74 61 85 104 2085 462 88 117 237 103 59 42 94 111
leaf_count=55 74 61 85 104 2085 462 88 117 237 103 59 42 94 111
internal_value=0.000341451 0.0010054 -0.00872093 0.000661445 0.00036326 0.00281322 0.0102591 -0.0145665 0.00151488 0.0056305 -0.000312094 0.000802817 -0.000134731 -0.00162021
internal_weight=3777 3520 257 3446 3385 1300 192 172 1108 340 768 709 667 573
internal_count=3777 3520 257 3446 3385 1300 192 172 1108 340 768 709 667 573
is_linear=0
shrinkage=0.03


Tree=98
num_leaves=15
num_cat=0
split_feature=0 76 81 31 53 82 29 52 43 3 3 59 63 16
split_gain=25.5117 40.4523 21.1371 16.6498 19.7696 18.9735 20.172 15.2376 15.1816 16.7673 17.4506 15.2963 14.0706 12.2091
threshold=355.00000000000006 -71.801445722579942 1587.2678377628329 13.074285714285717 5.5000000000000009 102.96407943964006 0.93960780598711646 6.7075330018997201 614.27774298932388 17.375000000000004 20.458333333343038 82.452883243560805 49.412746811258621 13.500000000000002
decision_type=2 10 8 8 8 10 10 10 10 2 2 10 8 2
left_child=2 -2 -1 5 12 8 -7 -6 9 13 11 -11 -5 -4
right_child=1 -3 3 4 7 6 -8 -9 -10 10 -12 -13 -14 -15
leaf_value=1.7110403542342241 3.7726973368627066 -0.41109346521279372 0.41726995477374312 -1.3907677584639542 0.049452754293491281 1.1558189067213342 -0.12157043897954593 -0.059880996280309046 -0.38953770822535372 -0.61969719328407835 0.37183338909275521 0.021126403726407828 0.0012566357925012284 0.033885103018428391
leaf_weight=67 89 56 286 104 115 195 107 1815 141 129 107 80 49 534
leaf_count=67 89 56 286 104 115 195 107 1815 141 129 107 80 49 534
internal_value=0.000232258 0.0125342 -0.00024933 -0.000556921 -0.00231766 0.00176582 0.00851485 -0.00149146 0.000164319 0.00131926 -0.00454259 -0.00957143 -0.0126623 0.003581
internal_weight=3874 145 3729 3662 2083 1579 302 1930 1277 1136 316 209 153 820
internal_count=3874 145 3729 3662 2083 1579 302 1930 1277 1136 316 209 153 820
is_linear=0
shrinkage=0.03


Tree=99
num_leaves=15
num_cat=0
split_feature=3 53 66 42 29 77 67 82 70 7 3 14 7 5
split_gain=20.5238 22.001 18.0388 25.1887 17.5901 15.1633 16.6302 16.8781 20.7487 13.2324 13.209 12.6381 12.6061 17.914
threshold=20.958333333343038 11.500000000000002 -301.5292574167251 -234.04894626140592 0.90536031911422665 107.6919767856598 448.47620174288755 -33.674072265624993 0.74166666666666681 5435.5157734228787 21.791666666656969 373.19334370142184 3073.3838402806182 113.47129118442537
decision_type=2 10 8 8 10 10 10 8 8 10 2 10 10 10
left_child=2 4 -1 -4 -2 6 7 8 -5 12 -6 -8 -9 -14
right_child=1 -3 3 5 10 -7 11 9 -10 -11 -12 -13 13 -15
leaf_value=-1.1733780892628636 -0.43831389424662193 3.85727310612784 2.081744458728469 0.20922822213890768 1.6301818302954585 -0.40614766588815687 1.5157409866962455 0.040424151003197635 -0.53836131959380906 0.74702310755586865 0.1695533289257905 0.20347519203600647 -0.035435466348111358 -0.6061969924502798
leaf_weight=97 98 80 46 64 70 151 47 1665 525 62 131 56 687 71
leaf_count=97 98 80 46 64 70 151 47 1665 525 62 131 56 687 71
internal_value=0.000249286 0.00686842 -0.00047523 -0.000106667 0.0031 -0.000414539 2.83197e-05 -0.000370732 -0.0049322 0.000711987 0.00816832 0.0118269 0.000358911 -0.00284585
internal_weight=3850 379 3471 3374 299 3328 3177 3074 589 2485 201 103 2423 758
internal_count=3850 379 3471 3374 299 3328 3177 3074 589 2485 201 103 2423 758
is_linear=0
shrinkage=0.03


Tree=100
num_leaves=15
num_cat=0
split_feature=0 28 28 63 62 76 82 76 9 60 39 42 83 46
split_gain=26.2314 20.4482 22.0851 25.7574 23.7584 19.7198 17.7749 15.9969 18.6612 15.6448 14.3181 23.123 14.1725 22.0318
threshold=248.50000000000003 485.00000000000006 223.50000000000003 269.50312855626845 0.046823476996822079 2217.7235084772115 135.40178410212204 149.08272194862369 330.00000000000006 229.85396265983584 455.36904675542814 89.948773264884963 87.747775077819838 1770.0000000000002
decision_type=2 2 2 10 8 8 8 10 2 8 10 8 10 10
left_child=1 2 4 7 -1 -2 -5 -4 -9 -7 11 -6 -12 -14
right_child=5 -3 3 6 10 9 -8 8 -10 -11 12 -13 13 -15
leaf_value=-0.22991682899723001 -0.099113536228864679 -1.6155611708475575 0.076636613427127492 -0.039516789756189184 0.046622541843929853 -0.3615768255192735 -0.8924965150074925 1.9766565535636382 0.23666354163657949 2.0198753601781463 0.00024880914865875513 -1.0233154828085762 1.2932858339648208 -0.078705537367022932
leaf_weight=977 120 58 766 101 79 46 55 85 144 181 928 77 118 86
leaf_count=977 120 58 766 101 79 46 55 85 144 181 928 77 118 86
internal_value=-7.84929e-06 -0.000794245 -0.000491659 0.00289062 -0.00221094 0.00784483 -0.00840764 0.00466867 0.0116087 0.0130263 0.000465477 -0.00802548 0.00164166 0.00878049
internal_weight=3821 3474 3416 1151 2265 347 156 995 229 227 1288 156 1132 204
internal_count=3821 3474 3416 1151 2265 347 156 995 229 227 1288 156 1132 204
is_linear=0
shrinkage=0.03


Tree=101
num_leaves=15
num_cat=0
split_feature=0 20 67 84 3 3 16 67 37 49 77 16 26 62
split_gain=29.2576 30.7147 27.0652 15.4372 13.9321 13.0003 12.2995 12.1068 11.0472 10.9907 10.9394 15.1507 13.0646 16.697
threshold=252.50000000000003 489.24851906299597 -239.93171453448676 80.779652158419296 10.125000000000002 16.541666666656969 8.5000000000000018 448.47620174288755 1211.0189952027549 6.5000000000000009 122.25493597984315 21.500000000000004 140.50000000000003 -0.04581856748032203
decision_type=2 10 8 10 2 2 2 8 10 10 10 2 2 8
left_child=2 6 -1 10 -5 -6 -2 -8 -7 -9 12 -12 -4 -14
right_child=1 -3 3 4 5 8 7 9 -10 -11 11 -13 13 -15
leaf_value=-1.9174116071223009 2.5310131060811902 -0.30018932358928496 -0.065464496760334459 -0.52987522696625433 0.84864104733632206 -0.21608481098417415 -0.5798301405546874 1.3796300781478639 0.43930338486985759 2.0553594963436908 -0.7460311824239253 0.028243718805735524 0.55746380894345926 -0.016668866917248421
leaf_weight=87 99 74 2370 81 224 106 53 69 83 47 63 51 181 256
leaf_count=87 99 74 2370 81 224 106 53 69 83 47 63 51 181 256
internal_value=-0.000140442 0.00822157 -0.000959178 -0.000535714 0.00436364 0.0065942 0.0129368 0.00794118 0.000789474 0.0133333 -0.0013655 -0.0104348 -0.00099359 0.00376712
internal_weight=3844 342 3502 3415 494 413 268 169 189 116 2921 114 2807 437
internal_count=3844 342 3502 3415 494 413 268 169 189 116 2921 114 2807 437
is_linear=0
shrinkage=0.03


Tree=102
num_leaves=15
num_cat=0
split_feature=81 64 67 25 28 62 7 16 81 67 16 49 43 77
split_gain=16.5885 17.3429 22.9185 20.1251 19.628 19.2143 17.5743 17.2601 18.0197 16.3031 15.3342 14.9755 13.4858 13.0605
threshold=1546.7510825395586 4.1350097637415333 186.65129619313959 0.95199692780337952 255.50000000000003 0.056119710920715909 4965.4098579102001 18.500000000000004 4536.5667403936395 -63.55616506127749 16.500000000000004 9.5000000000000018 569.51409323227188 -129.44517290592191
decision_type=8 8 10 10 2 8 10 2 10 8 2 10 10 8
left_child=-1 7 4 -4 6 9 -3 8 -2 11 -11 -6 -10 -9
right_child=1 2 3 -5 5 -7 -8 13 12 10 -12 -13 -14 -15
leaf_value=1.7601500275436646 0.15456354457400512 -0.050546460021691074 1.8887656088661742 -0.3338123290192852 0.59335892305259197 -0.047975635482115551 0.71337756837266231 -0.82941991189109809 -0.14786767108068347 0.3289159194777766 1.8268624609760968 -0.96653189069651391 -1.0432528667995133 -0.140758502322262
leaf_weight=52 310 2045 147 42 53 259 68 156 151 158 132 70 83 90
leaf_count=52 310 2045 147 42 53 259 68 156 151 158 132 70 83 90
internal_value=0.000314383 7.96813e-05 0.00112941 0.0112105 0.000441493 0.00490342 -0.000979186 -0.00386852 -0.000880734 0.00891304 0.0127835 -0.000241935 -0.00714894 -0.0104453
internal_weight=3816 3764 2974 189 2785 672 2113 790 544 413 290 123 234 246
internal_count=3816 3764 2974 189 2785 672 2113 790 544 413 290 123 234 246
is_linear=0
shrinkage=0.03


Tree=103
num_leaves=15
num_cat=0
split_feature=80 3 70 28 80 66 60 85 41 39 28 35 81 3
split_gain=19.3344 22.0106 19.1211 19.6335 31.5694 18.3764 17.9518 18.7617 17.327 20.0639 23.1768 14.2701 13.8297 13.4819
threshold=85.216893911361709 14.791666666656967 0.90454545454545465 221.50000000000003 -101.50122702121733 217.23979473114017 129.94618189334872 -24.627312620480854 -208.10636913776395 1561.5185058257553 131.50000000000003 17.866004962779162 17718.926158666614 8.2916666666569672
decision_type=8 2 10 2 10 10 8 10 10 10 2 10 10 2
left_child=2 8 -1 6 -5 12 7 11 -2 10 -10 -4 -3 -11
right_child=1 5 3 4 -6 -7 -8 -9 9 13 -12 -13 -14 -15
leaf_value=0.07927235505506143 0.12471135853474326 0.19951451636350703 -0.81208917499606104 0.66902176096698829 -0.20148325707049622 1.988326842956186 -0.75721883241812693 0.10129058385657849 -0.74543398050907661 -0.060591649071374362 0.35801659569240801 0.25141075808927027 -0.91399032345392106 -0.47789611405752958
leaf_weight=530 170 503 255 114 451 135 276 218 40 378 335 48 51 330
leaf_count=530 170 503 255 114 451 135 276 218 40 378 335 48 51 330
internal_value=-0.000187744 0.00191457 -0.00234548 -0.00422597 5.30035e-05 0.00621739 -0.00725564 -0.00396552 -0.000454545 -0.00185424 0.00375 -0.00878289 0.00378378 -0.0048237
internal_weight=3834 1942 1892 1362 565 689 797 521 1253 1083 375 303 554 708
internal_count=3834 1942 1892 1362 565 689 797 521 1253 1083 375 303 554 708
is_linear=0
shrinkage=0.03


Tree=104
num_leaves=15
num_cat=0
split_feature=3 79 84 42 6 3 85 42 15 4 44 36 39 68
split_gain=18.8665 19.9562 18.5419 18.5012 14.3901 14.225 13.9965 13.5174 12.0134 17.7553 11.6497 16.3907 12.3909 11.8027
threshold=20.958333333343038 17.878144844068228 41.962059736251838 -257.1919234991073 690.00000000000011 23.125000000000004 -24.627312620480854 349.24989867210394 35.500000000000007 6.5000000000000009 81.018300771713271 0.11558704453441297 1522.1359823802065 0.05257882147980298
decision_type=2 10 8 8 10 2 8 10 2 2 8 10 10 10
left_child=3 2 5 -1 6 -2 8 10 9 -5 11 -6 13 -13
right_child=1 -3 -4 4 7 -7 -8 -9 -10 -11 -12 12 -14 -15
leaf_value=2.0997620620868611 1.2350896983098618 -0.3945753824696101 1.930353123045456 -1.40057359282226 0.37518404051345094 -0.75091680489609081 0.082752469932603087 -0.43093482784048132 0.4567928552680644 -0.11342371589662693 0.0041362020997213261 -0.22803518059531952 -0.55793790030846613 0.35541506725415933
leaf_weight=49 105 85 166 67 68 40 972 98 43 179 1092 181 571 79
leaf_count=49 105 85 166 67 68 40 972 98 43 179 1092 181 571 79
internal_value=7.90306e-06 0.00619647 0.00971154 -0.000714706 -0.000984781 0.00184932 0.00154517 -0.00251196 -0.00424138 -0.00680162 -0.00197289 -0.0045 -0.00566106 -0.000229885
internal_weight=3795 396 311 3399 3350 145 1261 2089 289 246 1991 899 831 260
internal_count=3795 396 311 3399 3350 145 1261 2089 289 246 1991 899 831 260
is_linear=0
shrinkage=0.03


Tree=105
num_leaves=15
num_cat=0
split_feature=0 29 42 60 81 15 8 39 38 65 51 39 30 66
split_gain=21.9117 20.0439 18.9041 16.6828 15.8975 15.0826 18.8155 14.9915 14.9847 14.71 20.3669 15.5825 14.0322 14.0211
threshold=-23.499999999999996 0.87631637290766007 -138.9594198465347 -107.04284620285033 1546.7510825395586 29.500000000000004 4.441831023352365 1546.7600317339788 4002.913543957286 0.86159407531670096 -1496.5686182975767 2840.5996145429585 2.2500000000000004 217.23979473114017
decision_type=2 10 8 10 8 2 10 8 10 10 8 10 10 10
left_child=1 -1 -2 12 -4 6 7 -6 -9 10 -8 -11 -3 -13
right_child=2 3 4 -5 5 -7 9 8 -10 11 -12 13 -14 -15
leaf_value=-0.99139007872313711 2.0608255163005551 0.0096485467868991752 1.8230331447394261 0.095108699930370161 0.023836112452802368 0.12565573960498574 -0.09569978458431741 -0.33237545175528083 0.10902488302070848 0.74519708856636813 0.57498047722556989 -0.70832708207544615 -0.57894290492102785 0.34019833073437283
leaf_weight=253 61 143 56 342 840 470 48 647 85 59 393 134 157 118
leaf_count=253 61 143 56 342 840 470 48 647 85 59 393 134 157 118
internal_value=0.000252167 -0.00385045 0.00151442 -0.00102644 0.00115749 0.000837209 -0.000154839 -0.00202161 -0.00515689 0.00374502 0.00726244 -0.00125 -0.0061794 -0.00450593
internal_weight=3806 895 2911 642 2850 2794 2324 1572 732 752 441 311 300 252
internal_count=3806 895 2911 642 2850 2794 2324 1572 732 752 441 311 300 252
is_linear=0
shrinkage=0.03


Tree=106
num_leaves=15
num_cat=0
split_feature=67 3 42 3 77 50 68 3 25 48 53 28 3 28
split_gain=19.1267 19.6259 17.2531 15.1965 14.9301 14.177 13.3692 12.9764 16.2214 15.3543 17.873 12.6474 22.3525 27.4012
threshold=-188.17690091729165 12.625000000000002 -208.83164739608762 20.458333333343038 121.64101433753969 430.74656772613531 0.16817388787274137 23.625000000000004 0.93969696969696981 -4.3007868925730381 11.500000000000002 250.50000000000003 17.291666666656969 169.50000000000003
decision_type=8 2 8 2 10 8 10 2 8 10 10 2 2 2
left_child=1 -1 -2 4 11 -6 7 8 9 -5 -11 12 -4 -14
right_child=2 -3 3 6 5 -7 -8 -9 -10 10 -12 -13 13 -15
leaf_value=0.74503054921273004 1.3577074057752421 -1.2307721165241345 0.017363794533383801 0.86187494790940544 -0.65681611645257487 0.047557172778009089 1.7270034356617576 -0.4582122144307812 1.0176950134448366 -0.65048053609493361 1.3261272578443528 0.22341306414273446 -0.040793035797078873 -0.97634611024272688
leaf_weight=44 65 136 1892 42 89 49 93 51 93 119 54 649 262 172
leaf_count=44 65 136 1892 42 89 49 93 51 93 119 54 649 262 172
internal_value=0.000236158 -0.00928177 0.000710548 0.000429052 -0.000317919 -0.00992806 0.00556291 0.00291667 0.00524272 0.000694444 -0.00327586 0.000131048 -0.00090245 -0.00703448
internal_weight=3810 180 3630 3565 3113 138 452 359 308 215 173 2975 2326 434
internal_count=3810 180 3630 3565 3113 138 452 359 308 215 173 2975 2326 434
is_linear=0
shrinkage=0.03


Tree=107
num_leaves=15
num_cat=0
split_feature=67 3 80 48 61 6 77 77 43 77 20 69 82 81
split_gain=20.2775 18.6314 18.5096 18.0712 15.9709 14.6892 16.3662 14.1372 13.9529 13.4896 14.3425 12.6062 10.963 21.3388
threshold=-157.29440929492313 20.458333333343038 107.45434272289278 5.5892210006713876 0.023442666875573889 690.00000000000011 139.86018115282062 15.967813551425936 437.07330409171738 39.558089613914497 597.02162611484539 258.01698784485365 -20.576139728228245 5111.6478873491296
decision_type=8 2 8 10 10 10 10 10 10 10 8 10 8 10
left_child=8 5 3 -3 -5 12 7 -7 -1 -9 -11 -4 13 -2
right_child=1 2 11 4 -6 6 -8 9 -10 10 -12 -13 -14 -15
leaf_value=0.23700168986353504 0.11094462076400578 0.65740690522822087 0.50720870597333456 0.36668797740955594 -0.94179474229662286 -0.074919618369815935 -0.47134280207129198 0.55125424303270953 -0.97688345468850302 0.66738174832030417 -0.41062518956101263 3.2120099179191732 0.12108423187908304 -0.70885598745772316
leaf_weight=71 86 55 162 54 100 1660 52 91 169 40 95 85 1015 120
leaf_count=71 86 55 162 54 100 1660 52 91 169 40 95 85 1015 120
internal_value=0.000210062 0.000771571 0.00643326 -0.000142857 -0.00541935 -4.74684e-05 -0.00167096 -0.00120827 -0.00821577 0.00581498 -0.000220588 0.0119758 0.00252864 -0.00376812
internal_weight=3855 3615 456 209 154 3159 1938 1886 240 226 135 247 1221 206
internal_count=3855 3615 456 209 154 3159 1938 1886 240 226 135 247 1221 206
is_linear=0
shrinkage=0.03


Tree=108
num_leaves=15
num_cat=0
split_feature=4 0 0 67 61 77 65 64 81 63 82 81 29 15
split_gain=21.4971 26.305 18.8675 17.3896 16.9481 17.3378 17.2007 23.3707 14.8483 14.6758 14.2035 13.6547 13.0342 16.3515
threshold=8.5000000000000018 -22.499999999999996 252.50000000000003 360.1249606504162 0.013577608716249542 86.157396674156203 0.88231078457675027 4.1086542204485008 7199.2714924812326 242.5817613749619 -23.599052131175991 4319.90939629078 0.89537316337452577 12.500000000000002
decision_type=2 2 2 10 8 10 10 10 8 10 10 10 10 2
left_child=1 8 3 -2 11 6 7 -6 10 -8 -1 -3 13 -10
right_child=2 4 -4 -5 5 -7 9 -9 12 -11 -12 -13 -14 -15
leaf_value=-0.49657748884577868 0.12533852675393967 0.038938866921618152 2.5156988310529211 -0.88931406792569379 0.028716670546765213 -0.50843830725617711 -0.13932420746287769 1.2278339582214186 -0.31715650898031578 -1.4969846375963485 0.18538225580160786 0.67319492769769096 -0.16383623518220577 -2.340722074517148
leaf_weight=107 781 118 62 40 1233 118 576 77 107 45 156 110 176 127
leaf_count=107 781 118 62 40 1233 118 576 77 107 45 156 110 176 127
internal_value=7.04225e-05 -0.00115893 0.00417421 0.0029562 0.000381914 -0.000482927 0.000201863 0.00215103 -0.00636499 -0.00390675 -0.000795455 0.00812227 -0.00992701 -0.0145532
internal_weight=3833 2950 883 821 2277 2049 1931 1310 673 621 263 228 410 234
internal_count=3833 2950 883 821 2277 2049 1931 1310 673 621 263 228 410 234
is_linear=0
shrinkage=0.03


Tree=109
num_leaves=15
num_cat=0
split_feature=67 3 7 67 80 28 68 3 25 81 48 27 27 25
split_gain=16.4333 14.0418 31.3069 17.6934 20.0717 20.6084 16.7962 16.2351 16.1536 14.5383 16.845 13.807 13.0064 12.8929
threshold=-261.95527132919852 5.8750000000000009 5123.2697457641034 217.59141115347546 95.561455726623549 254.50000000000003 -0.07234506919405026 8.3750000000000018 0.95811403508771942 3364.2291319370274 13.996713240941366 0.93666428953467651 0.9531582446808512 0.92907444668008055
decision_type=8 2 8 10 8 2 10 2 10 8 10 10 10 10
left_child=-1 6 3 7 -5 -6 12 8 -3 10 -9 -12 -2 -11
right_child=1 2 -4 4 5 -7 -8 9 -10 13 11 -13 -14 -15
leaf_value=-1.3399207538824778 0.05720032289590609 0.088261102835491836 0.72577087614118185 -0.12254281326372492 1.857160188205339 -0.54560439735800736 -0.50537072498399127 1.2961399434037375 1.0186575185481446 -0.1419847895598241 0.33992909026929119 -0.4038146926699106 -0.57585667501895066 0.059154212852556003
leaf_weight=67 169 312 150 171 154 54 146 65 43 1459 106 51 77 749
leaf_count=67 169 312 150 171 154 54 146 65 43 1459 106 51 77 749
internal_value=5.56439e-05 0.000323712 0.000959276 0.000322275 0.00639474 0.0126316 -0.00503817 -0.000506102 0.00547753 -0.00138215 0.00591928 0.00056962 -0.000242915 -0.00211861
internal_weight=3773 3706 3314 3164 379 208 392 2785 355 2430 222 157 246 2208
internal_count=3773 3706 3314 3164 379 208 392 2785 355 2430 222 157 246 2208
is_linear=0
shrinkage=0.03


Tree=110
num_leaves=15
num_cat=0
split_feature=42 67 67 6 84 4 77 60 77 48 61 39 26 17
split_gain=18.8055 18.8534 17.7433 13.2608 11.1454 12.3929 11.27 13.8911 12.7147 10.7815 12.8415 16.9997 11.53 11.1531
threshold=-257.1919234991073 -261.95527132919852 596.58559644527941 690.00000000000011 80.779652158419296 7.5000000000000009 -244.4408195018768 -33.596698403358452 122.25493597984315 37.264665166536979 0.025519044153806941 2345.9196444808044 115.50000000000001 53.500000000000007
decision_type=8 8 10 8 10 2 8 10 10 8 8 10 2 2
left_child=-1 -2 3 9 6 -6 7 -5 -8 10 -3 12 -12 -14
right_child=1 2 -4 4 5 -7 8 -9 -10 -11 11 -13 13 -15
leaf_value=2.4114509040852337 -1.7432049855023597 0.37443153342370744 1.2130179611180423 -0.0005744333417777714 -0.32881208698694414 0.48099562067646701 -0.013618600134561199 -0.64840155127393284 -0.4652578673008913 0.18278117724558057 -0.050360753365347649 -0.4430124539025514 1.240334234438403 -0.037023115088444365
leaf_weight=46 51 116 121 121 124 155 1690 153 76 635 267 188 56 42
leaf_count=46 51 116 121 121 124 155 1690 153 76 635 267 188 56 42
internal_value=0.000288912 5.53214e-05 0.000304406 -7.45033e-05 -0.00143534 0.00417857 -0.0022048 -0.00785455 -0.00132428 0.00234483 -0.000313433 -0.00222022 0.00155738 0.010303
internal_weight=3841 3795 3744 3623 2319 279 2040 274 1766 1304 669 553 365 98
internal_count=3841 3795 3744 3623 2319 279 2040 274 1766 1304 669 553 365 98
is_linear=0
shrinkage=0.03


Tree=111
num_leaves=15
num_cat=0
split_feature=0 75 1 65 58 84 28 15 66 28 16 73 68 62
split_gain=19.3404 25.4791 14.8639 14.3033 13.5491 14.2592 15.0291 26.3559 17.444 17.7157 21.8813 17.9081 17.1236 17.0751
threshold=255.00000000000003 1824.0000000000002 703.1989827156068 1.1735353986299786 208.62831258773807 76.871282339096084 250.50000000000003 38.500000000000007 -283.38033783435816 183.50000000000003 17.500000000000004 4.885270595550538 -0.047572584982071946 -0.12447698599024462
decision_type=2 8 2 10 10 10 2 2 8 2 2 8 8 10
left_child=3 2 -2 4 5 6 7 8 -1 -10 11 -11 -8 -12
right_child=1 -3 -4 -5 -6 -7 12 -9 9 10 13 -13 -14 -15
leaf_value=-1.141443155997776 0.18307054921132124 1.5077314217427167 -0.38483843842572085 -0.75841389343376309 -0.086141958361339283 0.34444628292054369 0.7627200379144653 0.37814236351837749 0.032322909428004816 -0.88583113240706757 0.040487664988999958 0.20563447586261119 -0.0011928652595299537 -0.91034636487931908
leaf_weight=42 68 214 42 158 546 446 232 77 1013 94 64 287 340 216
leaf_count=42 68 214 42 158 546 446 232 77 1013 94 64 287 340 216
internal_value=0.000382812 0.00738462 -0.00432432 -0.000264505 0.000151876 0.000992176 6.33981e-05 -0.00128763 -0.00206174 -0.00157612 -0.00539275 -0.000706806 0.00429319 -0.0117438
internal_weight=3839 324 110 3515 3357 2811 2365 1793 1716 1674 661 381 572 280
internal_count=3839 324 110 3515 3357 2811 2365 1793 1716 1674 661 381 572 280
is_linear=0
shrinkage=0.03


Tree=112
num_leaves=15
num_cat=0
split_feature=0 19 84 67 35 39 81 81 13 60 36 56 83 39
split_gain=20.4565 25.1493 16.9235 17.1362 16.8003 20.7084 12.7245 12.2789 14.1107 14.0514 19.3105 15.1629 23.2519 12.3743
threshold=255.00000000000003 270.00000000000006 77.95087587833406 -239.93171453448676 13.852325174825173 3727.8012230432819 3418.1595023870473 8584.5142171382922 90.000000000000014 50.027229547500617 0.21235981865903128 125.72860348224641 -127.08978462219237 1906.7528096026003
decision_type=2 8 10 8 8 10 10 10 8 8 8 10 8 8
left_child=2 -2 3 -1 5 -3 -4 8 13 10 -9 12 -11 -5
right_child=1 4 6 7 -6 -7 -8 9 -10 11 -12 -13 -14 -15
leaf_value=-1.9137656941811096 -0.33604783452462378 1.405082568646566 1.5045266938565622 0.34799112968053997 2.2759632756055437 -0.8191849643380481 0.14748893795794013 0.082459472499450473 -0.046826553676146451 0.75129664997838752 -1.1411487231788215 -0.73388997243304177 -0.094509102622706911 -0.010912405806789848
leaf_weight=72 72 82 77 454 137 41 445 61 1525 55 131 101 170 433
leaf_count=72 72 82 77 454 137 41 445 61 1525 55 131 101 170 433
internal_value=0.00028001 0.00738739 -0.000391489 -0.00125874 0.0117241 0.00362903 0.00458891 -0.000900716 0 -0.00508671 -0.0115026 -0.0012844 0.0030531 0.00300676
internal_weight=3856 332 3524 3002 260 123 522 2930 2412 518 192 326 225 887
internal_count=3856 332 3524 3002 260 123 522 2930 2412 518 192 326 225 887
is_linear=0
shrinkage=0.03


Tree=113
num_leaves=15
num_cat=0
split_feature=3 53 81 35 84 79 60 50 48 28 75 80 61 3
split_gain=16.4741 19.1401 13.9633 18.1226 13.8734 12.1675 12.0996 13.3815 11.8805 19.0932 24.1029 23.802 16.5801 13.5468
threshold=20.958333333343038 10.500000000000002 3259.223057866097 6.5183492999263093 -95.042599201202378 17.878144844068228 713.92004549503338 1502.5054835081103 13.996713240941366 260.50000000000006 805.24055147171032 -118.45985734462737 0.013577608716249542 2.7083333333430351
decision_type=2 10 8 10 8 10 10 10 8 2 8 8 10 2
left_child=2 4 3 -1 -2 -6 7 8 9 11 -11 -4 -10 -14
right_child=1 -3 6 -5 5 -7 -8 -9 12 10 -12 -13 13 -15
leaf_value=-0.2659752902348626 -1.3346669247924738 2.4827779791911646 -1.0927580158807075 0.44306587418192556 0.61499208191070742 -0.47530286022745966 0.43961614617769901 -0.21310112701528089 0.092478549611631267 1.7319393746379825 -0.022763088486075781 -0.1724056272347447 -0.57241277861309048 -0.06392531948370353
leaf_weight=74 46 143 107 213 159 51 102 185 663 47 194 873 92 915
leaf_count=74 46 143 107 213 159 51 102 185 663 47 194 873 92 915
internal_value=-0.000139715 0.005625 -0.000804962 0.00552083 0.000700389 0.00398104 -0.00137779 -0.00171596 -0.00121369 -0.00346154 0.00409091 -0.0053211 0.00043088 -0.00199405
internal_weight=3864 399 3465 287 256 210 3178 3076 2891 1221 241 980 1670 1007
internal_count=3864 399 3465 287 256 210 3178 3076 2891 1221 241 980 1670 1007
is_linear=0
shrinkage=0.03


Tree=114
num_leaves=15
num_cat=0
split_feature=81 0 9 66 42 4 0 7 79 64 26 3 29 3
split_gain=20.6235 19.634 26.5839 14.8515 17.0151 10.7395 11.8661 21.6395 16.5837 16.5381 17.4507 22.7469 18.4489 29.7547
threshold=1546.7510825395586 304.50000000000006 270.00000000000006 -325.7490980625152 -234.04894626140592 8.5000000000000018 -41.499999999999993 3037.7511017240545 11.573522876300274 5.4030782243559594 134.50000000000003 18.625000000000004 0.90423493926795484 14.125000000000002
decision_type=8 2 2 8 8 2 2 10 10 10 2 2 10 2
left_child=-1 3 -3 -2 -5 6 7 -6 9 10 11 12 -8 -14
right_child=1 2 -4 4 5 -7 8 -9 -10 -11 -12 -13 13 -15
leaf_value=1.7272824824562776 -0.90326003237376673 2.4752745263074716 -0.062007559899192419 1.731545790251634 -0.17275050935672295 0.062482526734518672 0.055121507851371231 -1.393930337188132 0.079377427581852539 -0.67966942916827888 0.31043753381859746 -0.57556938353276499 -0.53592803817944279 0.31006163544319543
leaf_weight=56 78 137 69 45 313 801 329 112 914 99 242 165 311 153
leaf_count=56 78 137 69 45 313 801 329 112 914 99 242 165 311 153
internal_value=-1.56863e-05 -0.000286548 0.00869565 -0.000808308 -0.000516499 -0.000758721 -0.00168246 -0.00626761 -0.000799458 -0.00297692 -0.00199833 -0.00381648 -0.00170025 -0.00554839
internal_weight=3824 3768 206 3562 3484 3439 2638 425 2213 1299 1200 958 793 464
internal_count=3824 3768 206 3562 3484 3439 2638 425 2213 1299 1200 958 793 464
is_linear=0
shrinkage=0.03


Tree=115
num_leaves=15
num_cat=0
split_feature=4 0 7 0 72 60 29 40 28 1 7 3 28 59
split_gain=14.8312 21.7622 23.0534 19.0955 16.003 19.8764 15.8864 14.5397 13.2085 12.6156 12.5868 11.3331 12.9452 10.0265
threshold=8.5000000000000018 -33.499999999999993 2832.5648277214646 252.50000000000003 -34.634397745132439 42.261393666267402 0.90870467255998566 43.884955955166269 152.50000000000003 626.5180026292802 615.72546315447846 6.7916666666569663 254.50000000000003 -2.9783738851547237
decision_type=2 2 10 2 8 8 10 10 2 2 10 2 2 10
left_child=1 2 6 9 -3 -6 7 -1 -7 -2 -8 12 -11 -10
right_child=3 4 -4 -5 5 8 10 -9 13 11 -12 -13 -14 -15
leaf_value=0.21518311833795536 0.42898212943272795 0.53930566595507234 -1.1390523336564238 2.4420167274096638 -0.4390804044032709 0.083096330189363382 -0.29830905142346292 -0.90141753490631582 -0.088809883294989261 -0.36840376827855764 0.26478569815301389 0.14482573300119064 0.027252655673038671 0.14821579042959579
leaf_weight=59 153 132 176 63 364 655 41 171 879 121 122 489 55 339
leaf_count=59 153 132 176 63 364 655 41 171 879 121 122 489 55 339
internal_value=2.35602e-05 -0.00100034 -0.00626316 0.00343537 0.000265823 -0.000335121 -0.00220812 -0.00727273 0.000912487 0.0021978 0.00493902 0.000405405 -0.00610169 -0.000935193
internal_weight=3819 2938 569 881 2369 2237 393 230 1873 818 163 665 176 1218
internal_count=3819 2938 569 881 2369 2237 393 230 1873 818 163 665 176 1218
is_linear=0
shrinkage=0.03


Tree=116
num_leaves=15
num_cat=0
split_feature=80 29 35 1 51 5 3 28 84 85 82 77 53 56
split_gain=19.339 19.4426 20.7696 15.6901 15.7665 13.1606 11.998 10.9317 10.6219 10.0772 12.2604 12.0913 9.7691 9.48835
threshold=85.216893911361709 0.95657137184832253 20.00793650793651 659.08346462249767 142.45288324356082 68.534242630004897 10.125000000000002 285.50000000000006 -207.72094575564066 88.509832739830031 102.96407943964006 -147.89309221506116 5.5000000000000009 -57.459388732910149
decision_type=10 10 8 2 10 10 2 2 10 10 10 10 10 10
left_child=3 2 9 4 5 -1 -3 -4 -6 10 -2 -12 -10 -5
right_child=1 6 7 13 8 -7 -8 -9 12 -11 11 -13 -14 -15
leaf_value=0.21984851304055644 -0.058793704303191557 -1.0277803003044246 -0.21203598898898285 0.010844524801359969 0.48616344407421885 -0.069426821943064113 0.084123986779905097 2.4082568018845074 -1.5432929854034148 1.1515264135054595 -0.0010942571285679037 1.6791964672471498 -0.11492260579776889 -0.1287495870827659
leaf_weight=724 113 59 131 425 44 343 72 40 52 358 53 69 101 1300
leaf_count=724 113 59 131 425 44 343 72 40 52 358 53 69 101 1300
internal_value=0.000185328 0.00405134 0.00588235 -0.000973244 0.00156522 0.00300562 -0.00659091 -0.00331395 -0.00621212 0.00853535 0.00368644 0.0102439 -0.00993506 -0.00283314
internal_weight=3884 895 764 2989 1264 1067 131 171 197 593 235 122 153 1725
internal_count=3884 895 764 2989 1264 1067 131 171 197 593 235 122 153 1725
is_linear=0
shrinkage=0.03


Tree=117
num_leaves=15
num_cat=0
split_feature=0 76 0 60 75 27 77 80 26 48 31 77 77 15
split_gain=18.4915 18.2947 22.4436 17.5018 14.7631 15.5391 14.3073 13.4372 17.7703 16.9162 15.4431 16.1399 13.3738 19.0695
threshold=77.500000000000014 4224.5939681530008 389.50000000000006 545.25383734703075 718.50471162796032 0.92325017325017333 122.25493597984315 99.379082083702102 146.50000000000003 88.75630215803784 9.1894444444444456 -121.31435734033583 -37.733892202377312 10.500000000000002
decision_type=2 8 2 10 10 10 10 8 2 10 10 8 10 2
left_child=3 4 7 6 5 -2 12 9 -9 -3 -11 -12 -1 -14
right_child=1 2 -4 -5 -6 -7 -8 8 -10 10 11 -13 13 -15
leaf_value=-0.084170969213917909 -0.25441825945263663 0.34528775010227802 4.1851624560476486 0.78712632883203582 -1.0617570033317005 0.4265106792425189 -0.31321248450725298 1.1291287613227703 -0.19170106851508484 0.8951579816368227 -1.0163785319324385 -0.024523241439349589 0.51113898025539684 -0.25781024493518906
leaf_weight=1987 223 131 54 84 49 164 94 379 106 40 84 107 179 172
leaf_count=1987 223 131 54 84 49 164 94 379 106 40 84 107 179 172
internal_value=0.00013233 0.00298206 0.00542129 -0.0013826 -0.0020595 -7.73196e-05 -0.00184957 0.00420991 0.00746914 -0.000165289 -0.0050431 -0.00859375 -0.00138521 0.00400568
internal_weight=3853 1337 901 2516 436 387 2432 847 485 362 231 191 2338 351
internal_count=3853 1337 901 2516 436 387 2432 847 485 362 231 191 2338 351
is_linear=0
shrinkage=0.03


Tree=118
num_leaves=15
num_cat=0
split_feature=13 82 65 3 71 70 78 80 50 62 81 29 66 41
split_gain=14.9912 14.145 14.0583 12.6601 11.4232 15.0661 12.7842 11.214 13.1364 10.3121 10.2151 10.0547 10.0335 11.5088
threshold=90.000000000000014 -19.532269040743504 1.1409444799948651 20.375000000000004 10.500000000000002 0.92582417582417598 0.87500000000000011 22.649709224700931 50.751480937004096 -0.11558234635948303 7275.1010299921045 0.91113931190073327 136.21284437179568 149.59984779357913
decision_type=8 8 10 2 8 8 8 8 10 8 8 10 10 10
left_child=1 11 3 9 12 -6 -7 8 -5 -2 -9 -1 13 -3
right_child=2 4 -4 7 5 6 -8 10 -10 -11 -12 -13 -14 -15
leaf_value=-0.37075931575582466 0.21938763033418368 0.19391679811824469 -0.75589691770494483 0.19834002920285584 -0.015935394614520253 -0.0006734812177408944 0.60598551917897092 -0.043582069190581621 -1.1170637953720941 -0.072514579336538168 0.98248325904370259 0.27392469720802182 -0.46083310849318987 -0.65693130575133474
leaf_weight=176 294 235 149 47 208 130 518 45 49 1683 103 70 119 42
leaf_count=176 294 235 149 47 208 130 518 45 49 1683 103 70 119 42
internal_value=0.000573792 0.00292195 -0.000911008 -0.000310531 0.00421389 0.00616103 0.00841294 0.00612245 -0.00185567 -0.00110718 0.0112752 -0.00364372 0 0.0031295
internal_weight=3868 1498 2370 2221 1252 856 648 244 96 1977 148 246 396 277
internal_count=3868 1498 2370 2221 1252 856 648 244 96 1977 148 246 396 277
is_linear=0
shrinkage=0.03


Tree=119
num_leaves=15
num_cat=0
split_feature=0 66 79 31 53 74 45 27 81 3 80 3 34 3
split_gain=19.7323 18.1963 18.5185 17.6732 18.8755 15.8657 14.8677 14.5105 14.2103 14.0423 14.6646 12.0474 24.2594 15.1189
threshold=77.500000000000014 271.55406856536871 275.37175887992549 13.074285714285717 5.5000000000000009 3563.9869897058475 12.500000000000002 0.9842509920634922 3500.4149638414387 21.041666666656969 159.56312286853793 14.625000000000002 0.2228132387706856 11.708333333343036
decision_type=2 10 10 10 8 10 8 8 8 2 10 2 8 2
left_child=1 2 3 7 -5 6 11 9 -6 10 -1 12 -2 -14
right_child=5 -3 -4 4 8 -7 -8 -9 -10 -11 -12 -13 13 -15
leaf_value=0.037927228473733053 0.46880870004232617 -0.48846845978132486 -0.20077052619170629 -1.109121399431483 0.4823089310453495 -0.31859565658877842 1.5581511449736332 -0.2303916893118719 -0.11476730249096583 1.3558574142012632 0.7798394238540205 0.28379376435634035 -0.050718963385555114 -0.82809547953157603
leaf_weight=858 199 122 127 108 89 46 108 196 871 41 106 545 312 121
leaf_count=858 199 122 127 108 89 46 108 196 871 41 106 545 312 121
internal_value=0.000132468 -0.00142914 -0.000851064 -0.00022467 -0.00303087 0.00308559 0.00370918 0.00227121 -0.00168574 0.00372763 0.00298446 0.00272496 -9.47867e-05 -0.00407834
internal_weight=3849 2518 2396 2269 1068 1331 1285 1201 960 1005 964 1177 632 433
internal_count=3849 2518 2396 2269 1068 1331 1285 1201 960 1005 964 1177 632 433
is_linear=0
shrinkage=0.03


Tree=120
num_leaves=15
num_cat=0
split_feature=4 0 66 81 83 0 34 84 53 66 29 7 77 77
split_gain=24.3907 25.8494 19.686 15.6774 12.6291 12.3402 13.6362 12.6688 12.6447 12.5472 12.42 14.3677 12.0143 12.7359
threshold=7.5000000000000009 285.50000000000006 -296.94888293743128 1587.2678377628329 191.1447426080704 -4.4999999999999991 0.18795289855072467 6.2300515572230024 2.5000000000000004 126.87829232215883 0.93552544063851018 3037.7511017240545 115.06792348623277 -220.40539968013761
decision_type=2 2 8 8 10 2 8 10 8 10 10 10 10 8
left_child=2 3 -1 -2 12 -4 9 8 -8 -7 -10 -12 13 -5
right_child=1 -3 5 4 -6 6 7 -9 10 -11 11 -13 -14 -15
leaf_value=-2.4248277642785219 1.5107694959704014 2.1699389798527728 -0.27349757257375834 -0.26691565161827996 0.79538162830422154 0.15655381162407817 0.42896366573417771 0.15704380813454388 -0.2964835380087415 -0.23742488615760804 -0.25724046669145673 1.1631530889401729 -0.55709391465603475 0.075464543882133459
leaf_weight=55 45 106 559 278 118 306 61 224 522 45 132 62 79 1227
leaf_count=55 45 106 559 278 118 306 61 224 522 45 132 62 79 1227
internal_value=3.9267e-05 0.00250809 -0.00228775 0.00163043 0.00116265 -0.00177301 -0.000221729 -0.00200599 -0.00381748 0.00485795 -0.00493724 0.00153846 0.000454259 0.00105578
internal_weight=3819 1853 1966 1747 1702 1911 1352 1001 777 351 716 194 1584 1505
internal_count=3819 1853 1966 1747 1702 1911 1352 1001 777 351 716 194 1584 1505
is_linear=0
shrinkage=0.03


Tree=121
num_leaves=15
num_cat=0
split_feature=0 9 0 83 27 40 0 59 34 31 64 41 81 81
split_gain=15.9996 14.0624 14.3199 13.7455 17.2772 12.323 12.0817 12.7554 13.8253 14.7359 13.0001 12.7508 12.2401 15.8136
threshold=238.50000000000003 270.00000000000006 389.50000000000006 191.1447426080704 0.88648078725398316 865.09848269531187 -35.499999999999993 127.54545378684999 0.2228132387706856 12.947777777777778 3.7364123932352693 113.54844367504121 7642.4991779327402 4747.6293251514444
decision_type=2 2 2 10 10 10 2 10 10 10 8 8 8 10
left_child=3 2 -2 6 -5 -3 -1 8 10 11 -8 -10 13 -9
right_child=1 5 -4 4 -6 -7 7 12 9 -11 -12 -13 -14 -15
leaf_value=-0.24840519043689929 0.80800171299856105 0.1756695842506322 4.0761877074279234 -0.80590350458572013 0.86260046782660682 -0.39186248348870067 -0.39660985210480537 0.40549413912346727 0.16563676070413347 -0.33473063555753907 0.046243635801439947 -0.34891527313144338 0.65750290354624041 -0.81047990287009719
leaf_weight=712 198 76 54 49 149 46 93 72 504 447 1013 257 129 79
leaf_count=712 198 76 54 49 149 46 93 72 504 447 1013 257 129 79
internal_value=0.000510441 0.0064 0.0104348 -0.000119829 0.00753769 -0.00195122 -0.000580587 0.000369942 -0.000362851 -0.00258065 0.00205962 -3.93701e-05 0.00640569 0.000592105
internal_weight=3878 374 252 3504 198 122 3306 2594 2314 1208 1106 761 280 151
internal_count=3878 374 252 3504 198 122 3306 2594 2314 1208 1106 761 280 151
is_linear=0
shrinkage=0.03


Tree=122
num_leaves=15
num_cat=0
split_feature=80 29 16 66 29 81 64 39 65 3 73 77 56 3
split_gain=14.4575 22.6338 18.1985 17.1691 18.6479 17.883 14.2186 18.5011 14.8079 12.0621 11.3686 13.7373 11.4764 10.9897
threshold=105.73080992698671 0.95657137184832253 9.5000000000000018 206.38153994083407 0.91389144142716827 4022.8917257785802 4.1483264761654732 1608.1173982266625 0.82463129506065747 11.958333333343036 30.872934937477115 -131.91550755500791 102.51341398557028 14.875000000000002
decision_type=10 10 2 8 10 10 8 10 8 2 8 8 10 2
left_child=6 2 -2 -4 -5 -6 7 -1 -8 -3 -9 -12 -13 -10
right_child=1 9 3 4 5 -7 8 10 13 -11 11 12 -14 -15
leaf_value=0.060871516349458046 0.97141678973054091 -1.0423497283145438 -0.53532880220766232 -0.035242749874611908 -0.019247575441065121 2.4745297533573938 1.3721477421418948 -0.8321208877084062 -0.057971446157912006 0.21508976024572546 -0.5282902983896054 0.40599601721370404 -0.57573975474325434 0.044189200552039946
leaf_weight=223 217 57 127 138 55 104 44 125 1435 53 143 86 71 946
leaf_count=223 217 57 127 138 55 104 44 125 1435 53 143 86 71 946
internal_value=0.000141176 0.00386968 0.00602804 0.0024 0.00634228 0.0133125 -0.000770982 -0.00471495 0.000284419 -0.00864865 -0.00838028 -0.00518272 0.000949367 -3.77834e-05
internal_weight=3824 751 641 424 297 159 3073 648 2425 110 425 300 157 2381
internal_count=3824 751 641 424 297 159 3073 648 2425 110 425 300 157 2381
is_linear=0
shrinkage=0.03


Tree=123
num_leaves=15
num_cat=0
split_feature=67 1 81 3 68 71 79 81 19 30 48 72 3 3
split_gain=15.9122 15.6332 15.5127 13.4859 19.4235 15.3589 10.7881 10.235 10.0971 9.3836 13.7331 13.3007 11.4267 16.29
threshold=-261.95527132919852 862.4528832435609 1546.7510825395586 20.291666666656969 0.16817388787274137 11.500000000000002 18.255438690447829 4087.7564445734029 210.00000000000003 24.050000000000004 53.884627779324852 3.40111255645752 5.7083333333430355 8.3750000000000018
decision_type=8 2 8 2 10 8 10 10 10 8 8 10 2 2
left_child=-1 2 -2 9 5 7 8 -5 -7 12 11 -11 -4 -14
right_child=1 -3 3 4 -6 6 -8 -9 -10 10 -12 -13 13 -15
leaf_value=-1.3703714468312749 1.5238972442037402 -0.59516980175305323 -0.26007129184218375 0.010595874156665845 1.3217728585572275 0.43378755712016581 -0.067109835497095316 -1.5102058148957287 1.3530587004494397 -0.39934361988270367 0.0099848901843823147 0.18831819203015504 0.40984911471287472 0.013327254552787693
leaf_weight=60 55 59 184 48 99 186 75 44 48 354 471 53 366 1731
leaf_count=60 55 59 184 48 99 186 75 44 48 354 471 53 366 1731
internal_value=0.000446009 0.000691574 0.000936743 0.000696721 0.00526946 0.00231343 0.00551613 -0.0083871 0.00868085 -2.8481e-05 -0.00266212 -0.00669118 0.000985977 0.00161582
internal_weight=3833 3773 3714 3659 500 401 309 92 234 3159 878 407 2281 2097
internal_count=3833 3773 3714 3659 500 401 309 92 234 3159 878 407 2281 2097
is_linear=0
shrinkage=0.03


Tree=124
num_leaves=15
num_cat=0
split_feature=0 81 28 82 74 74 1 34 15 70 7 66 84 3
split_gain=22.6101 18.7133 14.8785 12.0162 17.5647 14.3413 12.1794 11.4491 10.7483 10.5508 11.0637 10.4784 10.9587 10.426
threshold=389.50000000000006 1546.7510825395586 485.00000000000006 -56.8056052327156 1400.7087723346278 2293.2492002996983 625.07315599918377 0.18677325581395351 10.500000000000002 0.91987179487179505 455.21718322294697 -85.260571718215928 -80.281417727470384 6.0416666666569663
decision_type=2 8 2 8 10 10 2 10 2 8 10 8 10 2
left_child=1 -1 3 4 6 13 -3 -7 -2 -8 -11 -12 -13 -5
right_child=8 2 -4 5 -6 7 9 -9 -10 10 11 12 -14 -15
leaf_value=1.4301729241937509 0.036048501023719551 0.20399033332269675 -1.2328662524766423 -0.10420490142872069 0.20520522444107206 -0.022238866068789095 0.2593622021878727 -0.94638796408089076 3.9423081516200593 0.21491111333094468 -0.21307147948006444 -1.342146522138947 -0.47453371678598588 0.053435198047627336
leaf_weight=56 41 50 53 349 57 78 40 48 48 40 98 109 89 2680
leaf_count=56 41 50 53 349 57 78 40 48 48 40 98 109 89 2680
internal_value=0.000140735 -0.000216115 -0.000479415 -0.000247321 -0.00464876 0.000427757 -0.00674473 -0.00944882 0.015 -0.00859416 -0.0103264 -0.0123232 -0.0162814 0.000841584
internal_weight=3836 3747 3691 3638 483 3155 426 126 89 376 336 296 198 3029
internal_count=3836 3747 3691 3638 483 3155 426 126 89 376 336 296 198 3029
is_linear=0
shrinkage=0.03


Tree=125
num_leaves=15
num_cat=0
split_feature=0 9 37 27 3 59 5 29 81 77 50 3 68 28
split_gain=18.1424 25.0263 13.5927 11.847 18.3766 17.322 14.6592 13.7496 17.6464 16.4725 12.5704 12.4104 17.7682 13.3636
threshold=304.50000000000006 270.00000000000006 1272.1686672088051 0.91410195707070718 14.125000000000002 415.93281006813055 148.62831258773807 0.93960780598711646 6947.104867696763 -184.56964433193204 23.281450629234318 10.875000000000002 -0.12644074428389301 237.50000000000003
decision_type=2 2 8 10 2 8 10 10 8 8 10 2 8 2
left_child=3 2 -2 5 7 6 -1 9 -9 10 -5 12 -11 -13
right_child=1 -3 -4 4 -6 -7 -8 8 -10 11 -12 13 -14 -15
leaf_value=-0.060368841557519148 0.5575449986692339 -0.22037249381272858 2.5328147347845014 0.10544292125879071 0.17600040517939661 0.062258462496688552 -0.48576648730353678 -0.67306131973689964 -0.063655216774616705 1.4613516375521771 -0.66424777601078722 0.65984222658294811 0.094030799507779247 -1.3036741288221154
leaf_weight=1663 55 67 87 40 785 83 170 113 242 60 56 69 240 68
leaf_count=1663 55 67 87 40 785 83 170 113 242 60 56 69 240 68
internal_value=-0.000142143 0.00842857 0.0155245 -0.000643454 0.00120072 -0.00225352 -0.0028626 -0.00175478 -0.00632022 0.00129213 -0.00989691 0.00376712 0.00717608 -0.00369565
internal_weight=3798 209 142 3589 1673 1916 1833 888 355 533 96 437 300 137
internal_count=3798 209 142 3589 1673 1916 1833 888 355 533 96 437 300 137
is_linear=0
shrinkage=0.03


Tree=126
num_leaves=15
num_cat=0
split_feature=81 7 77 3 26 28 63 7 3 81 48 81 31 76
split_gain=15.0105 13.55 12.3376 18.7011 10.9701 18.4074 18.9571 21.1147 20.245 16.4371 13.6545 18.7175 21.8952 15.1953
threshold=1546.7510825395586 5195.1445863448107 -62.583481609821312 12.875000000000002 134.50000000000003 485.00000000000006 -31.990754552238347 3021.1202081197971 17.208333333343038 7212.8415356874475 32.187538146972663 8338.3811569213885 14.565953947368422 1867.9489187002184
decision_type=8 10 10 2 2 2 8 10 2 8 8 8 8 8
left_child=-1 4 -3 -4 10 6 7 -6 -8 -9 11 -2 -13 -12
right_child=1 2 3 -5 5 -7 8 9 -10 -11 13 12 -14 -15
leaf_value=1.4255399228912222 -0.00052360351600779745 1.2198912780220776 -0.1693213849911038 0.73557800382130212 1.2686136702864272 -1.1132754733557615 -0.15107877505152884 -0.83682437691295808 0.45406874240927547 0.65225631086944325 -0.13057517351318543 -0.10392302364244102 -0.69038171749263111 0.067024778411574726
leaf_weight=56 762 74 59 47 107 52 260 45 135 57 390 313 282 1188
leaf_count=56 762 74 59 47 107 52 260 45 135 57 390 313 282 1188
internal_value=0.000509404 0.000278367 0.00828729 0.00168224 -0.000125278 0.003379 0.0048595 0.0121429 0.000984848 0.0023301 -0.000909401 -0.00311487 -0.00709732 0.000987967
internal_weight=3827 3771 180 106 3591 656 604 209 395 102 2935 1357 595 1578
internal_count=3827 3771 180 106 3591 656 604 209 395 102 2935 1357 595 1578
is_linear=0
shrinkage=0.03


Tree=127
num_leaves=15
num_cat=0
split_feature=28 28 28 77 77 80 17 81 76 77 85 68 81 67
split_gain=18.0087 20.4384 33.8135 20.6949 18.3195 19.9905 18.1832 15.2864 18.5571 16.1243 14.8284 14.1755 14.2505 13.4108
threshold=476.50000000000006 204.50000000000003 186.50000000000003 6.7750534415245065 -146.72816359996793 -17.863368153572079 42.500000000000007 8354.7098348140735 367.8131144046784 -123.1773418188095 84.058398882548019 0.054774927968916552 3706.1434942483907 224.99378787726167
decision_type=2 2 2 8 10 10 2 10 8 10 10 8 10 8
left_child=1 2 4 -4 5 -1 7 8 -6 -10 13 12 -7 -11
right_child=-2 -3 3 -5 6 11 -8 -9 9 10 -12 -13 -14 -15
leaf_value=-0.010230218635933113 -1.1383277566361876 0.10713209274947889 -1.0914976483520766 -0.042837860880152866 -0.60205648183193949 0.68735026512635133 0.81642720218495524 -0.51839781382283456 -0.68676892899313091 -0.004808597562942012 -0.18078967960916625 0.8237817696070765 -0.24997092244092697 0.4298129253637018
leaf_weight=587 69 1580 163 116 80 40 53 365 92 115 87 254 88 167
leaf_count=587 69 1580 163 116 80 40 53 365 92 115 87 254 88 167
internal_value=7.77807e-05 0.000356389 -0.00150815 -0.01125 -9.33126e-05 0.00281443 -0.00303125 -0.00403528 -0.000830258 0.00149351 0.0042973 0.00814621 0 0.00763251
internal_weight=3856 3787 2207 279 1928 969 959 906 541 461 369 382 128 282
internal_count=3856 3787 2207 279 1928 969 959 906 541 461 369 382 128 282
is_linear=0
shrinkage=0.03


Tree=128
num_leaves=15
num_cat=0
split_feature=4 67 28 68 77 7 60 15 27 25 80 72 43 34
split_gain=19.1559 25.5959 19.1279 21.5447 15.5925 20.4458 14.7197 13.4679 12.8156 14.1204 12.047 12.0152 15.6407 12.9257
threshold=7.5000000000000009 -184.14710521099093 221.50000000000003 0.13302584971250184 -211.71267640590665 3647.9658115381767 5.1739085912704477 14.500000000000002 0.89172907847606653 0.86984754376058737 -5.5213953256607047 -86.462260842323289 663.71725392824351 0.12933094384707292
decision_type=2 8 2 10 10 10 10 2 10 8 8 10 10 10
left_child=1 -1 3 6 -4 -6 -2 -5 10 -10 -3 12 13 -11
right_child=2 8 4 7 5 -7 -8 -9 9 11 -12 -13 -14 -15
leaf_value=-2.2334743134830446 0.04922588571444763 -0.67199019971548946 0.0054477315066541899 -0.084179897584109958 1.3403375983457499 0.031937359824476284 -0.26971063259525518 1.0517891093014708 0.56561784496566525 1.4485007564703476 -0.024100698164269192 -0.26593812583267745 -0.37031114065388893 0.082551898669669027
leaf_weight=67 550 207 236 57 263 180 431 128 83 42 422 296 193 658
leaf_count=67 550 207 236 57 263 180 431 128 83 42 422 296 193 658
internal_value=0.000291033 -0.00176739 0.00248646 0.000154242 0.00648529 0.0097973 -0.00161914 0.00951613 -0.00111987 0.000612726 -0.00461905 -0.000226891 0.00151007 0.00359486
internal_weight=3813 1968 1845 1166 679 443 981 185 1901 1272 629 1189 893 700
internal_count=3813 1968 1845 1166 679 443 981 185 1901 1272 629 1189 893 700
is_linear=0
shrinkage=0.03


Tree=129
num_leaves=15
num_cat=0
split_feature=0 76 28 81 62 75 74 14 39 83 81 71 61 83
split_gain=20.7763 24.1921 14.2875 12.8665 14.8356 16.2708 17.2283 15.5489 16.8433 13.1535 15.5935 13.3763 13.6215 12.7238
threshold=307.50000000000006 -36.556874513626092 485.00000000000006 1546.7510825395586 -0.11558234635948303 805.24055147171032 243.3351795038416 160.79954182373555 786.21431276438682 -67.552277088165269 14235.45507335663 16.500000000000004 0.96634168106732277 -34.482013225555413
decision_type=2 10 2 8 10 8 10 10 8 8 10 8 10 10
left_child=2 -2 3 -1 5 6 -5 -7 -9 10 -6 12 -11 -10
right_child=1 -3 -4 4 9 7 -8 8 13 11 -12 -13 -14 -15
leaf_value=1.2902958173844075 2.0790929842936015 -0.22915554419662612 -1.2000819211925926 1.2116172992108256 -0.66147963421621447 -0.41341355225830589 0.054195529504101093 0.44494340047824849 0.056110701933441788 -0.01766936936590259 0.2225541513882881 -0.42164927773905336 0.57424574235579495 -0.14051889398324052
leaf_weight=49 141 59 60 110 429 155 240 108 523 1267 72 77 63 440
leaf_count=49 141 59 60 110 429 155 240 108 523 1267 72 77 63 440
internal_value=0.000166052 0.00955224 -0.000358932 -0.000110357 -0.000327116 0.00182625 0.00752137 0.000195599 0.00148321 -0.00210581 -0.0062749 -0.000617898 9.01578e-05 0.000217842
internal_weight=3793 200 3593 3533 3484 1576 350 1226 1071 1908 501 1407 1330 963
internal_count=3793 200 3593 3533 3484 1576 350 1226 1071 1908 501 1407 1330 963
is_linear=0
shrinkage=0.03


Tree=130
num_leaves=15
num_cat=0
split_feature=0 4 28 56 3 8 3 17 17 56 64 27 35 38
split_gain=16.851 17.3381 17.204 15.8313 13.9897 19.5885 32.5481 19.4256 24.2939 20.4828 18.5272 17.1092 16.4031 15.6076
threshold=-23.499999999999996 8.5000000000000018 172.50000000000003 -64.394696553548158 14.708333333343036 4.6976593661439443 17.625000000000004 24.500000000000004 26.500000000000004 158.57630646228793 3.5812726405446869 0.8818539727988548 22.865336879432625 3879.7899791111604
decision_type=2 2 2 8 2 10 2 2 2 8 8 10 10 10
left_child=1 -1 -3 -2 7 6 11 9 -9 10 -5 -6 -7 -8
right_child=3 2 -4 4 5 12 13 8 -10 -11 -12 -13 -14 -15
leaf_value=-0.37921594684855187 0.72737716912361727 0.56099296658098086 -0.14385339778630535 0.44455950972156721 -0.11070195638204723 0.79607092274242397 -0.25377530398687687 1.6221816624584318 -0.0051600319316249966 0.072021427021180598 -0.91917745760875968 0.45795029590224351 -0.024859692301122081 0.39404213846073727
leaf_weight=635 142 87 116 50 101 272 470 76 1053 129 259 250 78 61
leaf_count=635 142 87 116 50 101 272 470 76 1053 129 259 250 78 61
internal_value=0.000103175 -0.0036472 0.00397059 0.00117267 0.000675 0.00306569 0.000679502 -0.00120536 0.000876106 -0.00656036 -0.0107419 0.00775568 0.00905983 -0.00400376
internal_weight=3779 838 203 2941 2799 1232 882 1567 1129 438 309 351 350 531
internal_count=3779 838 203 2941 2799 1232 882 1567 1129 438 309 351 350 531
is_linear=0
shrinkage=0.03


Tree=131
num_leaves=15
num_cat=0
split_feature=17 77 63 67 67 64 39 80 16 42 22 84 79 3
split_gain=16.5702 16.9995 15.4958 13.549 12.3331 11.7513 31.3146 18.4435 15.8357 14.0218 15.6829 14.6304 13.4854 15.9014
threshold=71.500000000000014 107.6919767856598 260.57704613735513 758.43548120771152 -261.95527132919852 4.4334419921958697 1546.7600317339788 -80.556691408157334 1.0000000180025095e-35 37.93373095989228 1.1025601625442507 -96.926874756813035 275.37175887992549 15.125000000000002
decision_type=2 10 10 10 8 8 10 8 2 10 2 8 10 2
left_child=1 3 -3 4 -1 6 7 -6 -7 10 -8 -11 13 -10
right_child=-2 2 -4 -5 5 8 9 -9 12 11 -12 -13 -14 -15
leaf_value=-1.0660674952678304 2.4198618728966004 -0.093904611875572419 -0.99163558905775184 1.2602078255360445 -0.94715748619880968 -0.82340639068322907 0.053851280093102423 0.37047084653905643 0.0081568236785078789 -0.92862235505246982 -0.77203124146830393 0.106455009879542 -0.11267959141208385 0.20017791418593553
leaf_weight=64 40 118 42 64 48 96 64 298 1354 81 273 245 174 872
leaf_count=64 40 118 42 64 48 96 64 298 1354 81 273 245 174 872
internal_value=5.47731e-05 -0.000150237 -0.00968944 0.000272427 2.52101e-05 0.00026526 -0.00246535 0.0048415 0.00136964 -0.00628012 -0.0105621 -0.00183486 0.00184923 0.00247867
internal_weight=3833 3793 160 3633 3569 3505 1009 346 2496 663 337 326 2400 2226
internal_count=3833 3793 160 3633 3569 3505 1009 346 2496 663 337 326 2400 2226
is_linear=0
shrinkage=0.03


Tree=132
num_leaves=15
num_cat=0
split_feature=67 0 83 42 7 37 22 76 79 60 43 1 37 73
split_gain=15.6836 43.2358 19.9338 16.7181 13.8611 12.2396 16.2874 11.2737 11.0627 16.6981 11.0555 10.6498 10.9121 10.6371
threshold=229.76968989372259 58.500000000000007 13.079893589019777 -257.1919234991073 5046.7826956723011 1659.1923886244074 2.9433181285858159 -42.405506014823906 6.1569512499938215 229.85396265983584 569.51409323227188 665.53867006301891 2640.1079139419403 73.468693733215346
decision_type=10 2 8 8 10 10 2 8 10 8 10 2 10 10
left_child=3 -2 10 -1 7 -6 -7 -5 9 -4 -3 13 -13 -9
right_child=1 2 8 4 5 6 -8 11 -10 -11 -12 12 -14 -15
leaf_value=2.363170355606484 -0.65958312065297386 0.56281599405640004 -0.25319977395268872 0.48935993477739625 1.1166708815383322 0.5488758793830506 -0.16916252324104455 -0.0052499356840314823 2.03687056186422 2.244081918771395 -0.27148891642457862 -0.1887901718548203 0.12896458183234857 0.53446145662335764
leaf_weight=45 48 61 58 45 74 51 45 1929 92 51 118 1078 62 59
leaf_count=45 48 61 58 45 74 51 45 1929 92 51 118 1078 62 59
internal_value=0.000330102 0.00573427 0.00913386 -0.000354087 -0.000601077 0.0077193 0.000618557 -0.00104915 0.0155941 0.009 0.00183333 -0.00126558 -0.00357581 6.03318e-05
internal_weight=3816 428 380 3388 3343 170 96 3173 201 109 179 3128 1140 1988
internal_count=3816 428 380 3388 3343 170 96 3173 201 109 179 3128 1140 1988
is_linear=0
shrinkage=0.03


Tree=133
num_leaves=15
num_cat=0
split_feature=4 65 17 17 76 0 15 85 81 0 20 82 57 34
split_gain=13.5818 20.5075 18.7786 17.0203 26.275 17.0159 16.1085 22.1757 19.8224 14.7983 14.5518 20.3376 12.8583 22.9762
threshold=8.5000000000000018 0.88231078457675027 37.500000000000007 24.500000000000004 539.11502468585979 -5.4999999999999991 31.500000000000004 -187.77971951166788 4536.5667403936395 285.50000000000006 598.02790760993969 -124.80478258927663 6.5000000000000009 0.95119047619047625
decision_type=2 10 2 2 8 2 2 10 10 2 10 8 8 8
left_child=1 2 3 10 -5 -4 8 -8 -3 -2 -1 -12 13 -6
right_child=9 6 5 4 12 -7 7 -9 -10 -11 11 -13 -14 -15
leaf_value=0.09825478789884684 0.073878995940481418 -0.054634261098101926 -0.58080818206082763 1.8065864406621595 -0.39913366352715923 -0.00075784337248723682 -0.7874831377954018 0.20633557933330937 -0.77877069004363486 2.0495236575896518 0.21754100456230718 -0.38434973764373531 0.86852053645513494 0.29608307717181498
leaf_weight=617 848 299 175 103 102 447 106 234 395 51 51 186 161 96
leaf_count=617 848 299 175 103 102 447 106 234 395 51 51 186 161 96
internal_value=0.000271178 -0.000706357 0.00111398 0.00314351 0.00777538 -0.00317817 -0.00411594 0.00123167 -0.00673381 0.0035 0.000631579 -0.00567227 0.00391667 -0.00120603
internal_weight=3871 2972 1938 1316 462 622 1034 340 694 899 854 237 359 198
internal_count=3871 2972 1938 1316 462 622 1034 340 694 899 854 237 359 198
is_linear=0
shrinkage=0.03


Tree=134
num_leaves=15
num_cat=0
split_feature=3 67 9 41 81 3 77 28 3 8 77 39 70 80
split_gain=16.6647 15.7911 14.0159 12.6622 12.4944 11.4924 16.5806 18.8596 14.7789 29.4145 17.4977 15.4297 24.4909 17.9426
threshold=6.0416666666569663 -184.14710521099093 150.00000000000003 -137.87410676479337 1546.7510825395586 8.3750000000000018 13.665728807449343 248.50000000000003 15.708333333343036 3.8732310360510218 -287.47584432363504 2074.3934361134488 0.74166666666666681 45.720177531242378
decision_type=2 8 2 10 8 2 10 2 2 10 8 10 8 10
left_child=-1 2 -2 -3 -5 6 7 -6 11 -10 -11 -7 13 -13
right_child=1 3 -4 4 5 8 -8 -9 9 10 -12 12 -14 -15
leaf_value=-0.1171102322342918 0.13627015091360625 0.54338609278244954 -1.4285769997986137 1.0846525221280134 -0.023061737311010848 0.025398040377618541 1.5697512323423148 1.2744295558743799 -0.090804413506304124 -0.15574833901146809 0.46091036018109688 0.3161899139403942 -0.69355307482044082 -0.37078773426443457
leaf_weight=424 80 186 96 59 281 707 47 92 707 75 557 84 416 58
leaf_count=424 80 186 96 59 281 707 47 92 707 75 557 84 416 58
internal_value=0.00024031 0.000931515 -0.00779661 0.00140367 0.00094358 0.00067438 0.00527316 0.00312834 -6.90979e-05 0.00212687 0.00682464 -0.00239336 -0.00611807 0.00461538
internal_weight=3869 3445 176 3269 3083 3024 420 373 2604 1339 632 1265 558 142
internal_count=3869 3445 176 3269 3083 3024 420 373 2604 1339 632 1265 558 142
is_linear=0
shrinkage=0.03


Tree=135
num_leaves=15
num_cat=0
split_feature=0 9 83 60 68 81 29 41 81 62 71 0 15 17
split_gain=13.9291 28.1247 11.8138 11.681 13.0751 10.3477 10.3393 9.40415 15.3273 9.76017 14.776 14.2453 13.5616 14.0776
threshold=307.50000000000006 270.00000000000006 15.891394376754763 -107.04284620285033 -0.21852772146808633 1587.2678377628329 0.89675666199158488 324.79994058609014 7983.1920174360284 -0.017176283312372104 7.5000000000000009 113.50000000000001 31.500000000000004 48.000000000000007
decision_type=2 2 8 8 10 8 10 10 8 10 8 2 2 2
left_child=3 2 -2 4 -1 -5 -6 9 -9 -7 11 -11 -12 -14
right_child=1 -3 -4 5 6 7 -8 8 -10 10 12 -13 13 -15
leaf_value=0.2780719203421963 0.42299785711435445 -0.18580530765083511 2.7041469089065648 0.99568763538023086 -1.4586340903579333 0.043208561373635559 -0.015286188099775869 0.32735634759862714 -0.72520084111693406 0.0080152262632803145 -0.24901209081176812 2.9264247950886508 0.27187733024142063 -0.26361974020881118
leaf_weight=42 54 66 88 65 116 1961 65 50 70 87 932 51 131 69
leaf_count=42 54 66 88 65 116 1961 65 50 70 87 932 51 131 69
internal_value=0.000506757 0.00803828 0.0155245 7.41758e-05 -0.0065625 0.000509219 -0.0100549 0.000277446 -0.00793388 0.000584777 -0.00146341 0.00776978 -0.00259488 0.00447761
internal_weight=3847 208 142 3639 223 3416 181 3351 120 3231 1270 138 1132 200
internal_count=3847 208 142 3639 223 3416 181 3351 120 3231 1270 138 1132 200
is_linear=0
shrinkage=0.03


Tree=136
num_leaves=15
num_cat=0
split_feature=4 74 0 28 27 3 79 5 33 38 44 61 56 34
split_gain=16.8612 21.4523 22.6013 20.0068 18.5897 15.3941 14.4425 15.7919 13.7405 12.1493 14.0259 11.9234 11.9414 14.0877
threshold=7.5000000000000009 2053.9054714626041 138.50000000000003 469.50000000000006 0.88780278466526807 9.1250000000000018 17.733752662670195 32.58670365810395 86.132338308457733 2920.4361101566824 69.945196509361281 0.018699945260673201 89.022293766339629 0.30079365079365084
decision_type=2 10 2 2 10 2 8 10 10 8 8 8 8 10
left_child=3 2 6 4 5 -1 7 -2 -7 10 -8 -6 -13 -14
right_child=1 -3 -4 -5 11 8 9 -9 -10 -11 -12 12 13 -15
leaf_value=0.056922492495151356 -0.024452488436244407 -0.79211886303697543 1.0892762456852054 -1.1281069348762318 0.48382642060587883 -0.41070024689392587 -0.82387501131424223 0.28980108250254988 0.034788563847870185 0.012726894934590088 -0.046845908434984422 0.076057432899252139 0.050934919175300096 -0.51075271190991167
leaf_weight=135 407 43 329 41 112 412 109 547 53 341 128 719 208 291
leaf_count=135 407 43 329 41 112 412 109 547 53 341 128 719 208 291
internal_value=0.000286378 0.00229921 0.00278733 -0.00165822 -0.00121181 -0.00559068 0.00125245 0.00351832 -0.00817597 -0.00248705 -0.00768908 0.000766341 -9.84413e-05 -0.00366
internal_weight=3875 1904 1861 1971 1930 600 1532 954 465 578 237 1330 1218 499
internal_count=3875 1904 1861 1971 1930 600 1532 954 465 578 237 1330 1218 499
is_linear=0
shrinkage=0.03


Tree=137
num_leaves=15
num_cat=0
split_feature=66 3 3 28 3 68 83 31 15 7 3 81 62 77
split_gain=14.6359 13.285 26.6145 20.0293 22.1784 21.2366 16.0611 14.6496 13.1928 12.1929 21.1068 18.1295 14.9658 13.8824
threshold=-325.7490980625152 16.125000000000004 17.291666666656969 274.50000000000006 20.458333333343038 0.16817388787274137 -72.531754493713365 11.625757575757577 24.500000000000004 3129.9771172606802 10.625000000000002 3616.6289366483693 -0.12940419879104148 -45.014875531196587
decision_type=8 2 2 2 2 10 8 8 2 10 2 8 8 10
left_child=-1 9 -3 4 6 7 -4 -6 -9 12 -11 -12 13 -2
right_child=1 2 3 -5 5 -7 -8 8 -10 10 11 -13 -14 -15
leaf_value=-0.67940794319472342 0.11317658535153871 0.27108880174663047 -0.70312819122237302 0.4485893597063188 0.50581670107234911 1.0396805980593284 -0.031802682324387946 -0.48452364748527482 0.12537675870745615 0.0038699999933781803 0.42640567607642821 -0.81356601667123596 -0.0095910249763515761 2.1974464565461496
leaf_weight=74 178 258 151 188 133 81 368 129 85 482 41 310 1300 41
leaf_count=74 178 258 151 188 133 81 368 129 85 482 41 310 1300 41
internal_value=0.00032199 0.000584624 0.00290531 0.000924296 -0.00085443 0.0041958 -0.00501923 0.000948276 -0.00390698 -0.00079048 -0.00370504 -0.00928977 0.000809211 0.00804545
internal_weight=3819 3745 1393 1135 947 428 519 347 214 2352 833 351 1519 219
internal_count=3819 3745 1393 1135 947 428 519 347 214 2352 833 351 1519 219
is_linear=0
shrinkage=0.03


Tree=138
num_leaves=15
num_cat=0
split_feature=28 25 62 82 17 65 0 16 8 65 35 82 31 73
split_gain=12.6649 12.9956 22.0277 18.9845 21.4557 17.0003 19.1294 16.5325 16.3872 14.9911 14.2637 14.2317 13.6432 13.5624
threshold=491.50000000000006 0.92907444668008055 0.046823476996822079 59.333262999852508 39.500000000000007 0.92569678480918383 90.500000000000014 11.500000000000002 3.0553593204040026 0.84669820122953965 18.413756613756618 -154.71361529827115 25.017933723196887 -9.5863378047943097
decision_type=2 10 8 8 2 8 2 2 10 10 10 8 10 8
left_child=1 3 -3 4 9 6 7 -5 -6 10 -1 -4 -10 -7
right_child=-2 2 11 5 8 13 -8 -9 12 -11 -12 -13 -14 -15
leaf_value=-0.21435724709375079 -1.3356089607120567 0.29904337061947173 0.6056699840042884 0.45070744939870477 -0.54248316231202331 0.66375661071533087 1.2626859185859347 -0.78307471823689456 0.19025072391796519 -1.0207907439178281 0.16737315545618534 -0.030966912888355722 -1.1472548270956766 -0.013412978275536339
leaf_weight=282 45 480 40 57 109 76 157 40 415 225 64 807 40 1008
leaf_count=282 45 480 40 57 109 76 157 40 415 225 64 807 40 1008
internal_value=0.000647426 0.000836622 0.00323042 -0.000448666 -0.00330106 0.00197162 0.00894118 -0.00153061 0.000849558 -0.0073951 -0.00345821 0.000318396 0.00335526 0.000331797
internal_weight=3845 3800 1327 2473 1135 1338 254 97 564 571 346 847 455 1084
internal_count=3845 3800 1327 2473 1135 1338 254 97 564 571 346 847 455 1084
is_linear=0
shrinkage=0.03


Tree=139
num_leaves=15
num_cat=0
split_feature=66 29 61 80 0 15 81 37 30 0 64 46 70 60
split_gain=12.3609 21.0738 13.0409 13.1919 10.8875 14.6412 11.6996 11.0703 12.3414 12.3323 10.9406 16.2937 10.4106 9.6909
threshold=-269.19951641559595 0.91316158042164242 0.025519044153806941 -26.472220659255978 389.50000000000006 10.500000000000002 1639.4267635345461 2528.1613883500154 24.450000000000003 -1.4999999999999998 4.9109006611703991 1050.0000000000002 0.91287878787878796 975.62286269664776
decision_type=8 10 8 8 2 2 8 10 8 2 8 10 8 10
left_child=1 -1 3 -2 6 -6 -4 8 12 -10 -11 -12 -8 -14
right_child=2 -3 4 -5 5 -7 7 -9 9 10 11 -13 13 -15
leaf_value=-1.0948050998378751 -0.09448880082460448 0.79770856356307174 1.1151165230323921 0.28917839547326735 -0.16836766939800049 3.3908560655050159 0.1331482533673482 0.076937763792684022 -0.44226804843566303 -0.2266767587664941 0.056356691744011297 -0.26675900765472843 -0.074657370653128469 0.43735917091109527
leaf_weight=109 111 40 62 390 40 46 436 212 206 210 237 84 1571 85
leaf_count=109 111 40 62 390 40 46 436 212 206 210 237 84 1571 85
internal_value=0.000242188 -0.0082 0.000585207 0.00507968 -0.000122257 0.0103448 -0.000415593 -0.000680473 -0.00117668 -0.0045122 -0.00208647 0.00139752 0 -0.0010863
internal_weight=3839 149 3690 501 3189 86 3103 3041 2829 737 531 321 2092 1656
internal_count=3839 149 3690 501 3189 86 3103 3041 2829 737 531 321 2092 1656
is_linear=0
shrinkage=0.03


Tree=140
num_leaves=15
num_cat=0
split_feature=1 4 5 81 30 48 63 40 63 82 27 67 80 15
split_gain=16.803 13.7773 12.2602 12.7753 12.7423 11.0725 13.3824 11.3055 10.014 9.98117 9.91615 9.69739 12.8554 15.6335
threshold=659.08346462249767 8.5000000000000018 62.978373885154731 3259.223057866097 6.2500000000000009 36.336929043134056 49.412746811258621 45.180242109435198 -64.183693146557189 135.40178410212204 0.94879079254079268 167.56405543299289 -79.522810459136949 25.500000000000004
decision_type=2 2 10 8 10 8 8 10 8 10 10 8 10 2
left_child=1 2 3 -1 -4 7 -7 -5 -6 -3 -8 12 -2 -14
right_child=11 9 4 5 8 6 10 -9 -10 -11 -12 -13 13 -15
leaf_value=0.78500534516809362 -0.36412103752874558 0.38046079696045704 0.062841266495582984 0.44111511284034099 -1.2791864272415987 0.58114026423776877 0.018008602237246513 -0.16579839770481899 -0.16055764972388473 -0.25187296808243387 0.6740549392871602 -0.00076226098581955171 -0.36594122200016732 0.14000155408157353
leaf_weight=68 272 313 260 52 65 66 256 321 163 50 66 1459 268 204
leaf_count=68 272 313 260 52 65 66 256 321 163 50 66 1459 268 204
internal_value=0.000239444 0.00249851 0.0010698 0.00328916 -0.00269939 0.00216535 0.00570694 -0.00152406 -0.00786026 0.00766484 0.00315789 -0.00148367 -0.00426846 -0.0012685
internal_weight=3883 1680 1317 829 488 761 388 373 228 363 322 2203 744 472
internal_count=3883 1680 1317 829 488 761 388 373 228 363 322 2203 744 472
is_linear=0
shrinkage=0.03


Tree=141
num_leaves=15
num_cat=0
split_feature=4 67 3 83 41 3 39 70 3 38 31 85 61 48
split_gain=13.7092 20.765 15.0556 13.16 11.8159 10.6773 24.5075 22.0053 14.4851 13.6288 15.2991 13.4494 13.3658 15.0042
threshold=8.5000000000000018 -239.93171453448676 5.9583333333430355 -359.24796485900873 239.55457496643069 15.708333333343036 2364.198827776172 0.74166666666666681 17.625000000000004 2962.5942676272875 12.538516746411485 40.774106641610473 0.84930834856831694 171.25841116905215
decision_type=2 8 2 8 8 2 8 10 2 10 8 8 8 8
left_child=1 -1 -2 -3 -4 6 -5 11 -7 -10 -11 -8 -13 -14
right_child=2 3 4 5 -6 8 7 -9 9 10 -12 12 13 -15
leaf_value=-1.3401336165847191 -0.070552609198538396 -0.55364119252852595 0.12094281203689998 0.040233644943045981 1.1920360972194932 0.17257056875926599 -0.18398940775323991 -0.58474558284214084 -0.17327719398673322 0.8574863424987319 0.029098225295209799 0.440745572068165 -0.22220045444212494 0.051396693259109387
leaf_weight=52 169 66 642 1015 74 341 40 480 463 74 209 44 56 70
leaf_count=52 169 66 642 1015 74 341 40 480 463 74 209 44 56 70
internal_value=0.000355638 -0.000638956 0.00362302 -0.000293809 0.00552301 2.14823e-05 -0.00145955 -0.00581766 0.00234375 0 0.00517606 0.00227488 0.00596491 0.000944882
internal_weight=3795 2910 885 2858 716 2792 1705 690 1087 746 283 210 170 126
internal_count=3795 2910 885 2858 716 2792 1705 690 1087 746 283 210 170 126
is_linear=0
shrinkage=0.03


Tree=142
num_leaves=15
num_cat=0
split_feature=79 36 1 83 51 50 77 22 16 3 80 36 70 35
split_gain=12.4312 14.6147 10.6894 15.9319 14.6967 19.4012 12.4321 12.2196 11.911 14.4592 16.8804 13.9021 14.0515 13.2839
threshold=396.46469057803557 0.12546296296296297 659.08346462249767 5.2649759054183969 25.073155999183658 121.97209239006044 -167.87642562389371 4.1977345943450937 14.500000000000002 12.291666666656967 -57.692863583564751 0.17369121561668147 0.91287878787878796 15.751659891598917
decision_type=10 8 2 8 10 10 10 2 2 2 8 8 10 10
left_child=2 -2 3 4 5 7 -6 -1 9 10 -4 -11 -13 -14
right_child=1 -3 8 -5 6 -7 -8 -9 -10 11 -12 12 13 -15
leaf_value=0.096088813035310555 0.24896268299372698 -0.42386920055802202 -1.0920416741611934 0.16181238010123711 -0.01242261917206477 -0.32581199461385357 -1.0184844081386322 0.47003173568569784 -0.10117853493341386 0.23276775857790483 -0.014159015202059434 0.57300927941413604 0.11660477486612189 -0.5358692387019004
leaf_weight=93 41 122 40 1041 99 175 99 100 1084 143 408 108 211 97
leaf_count=93 41 122 40 1041 99 175 99 100 1084 143 408 108 211 97
internal_value=0.0005826 -0.0075 0.000940795 0.00277985 -0.00126984 0.00227642 -0.0078392 0.00881443 -0.000473231 0.001875 -0.00213808 0.00508929 0.00230216 -0.000970874
internal_weight=3861 163 3698 1607 566 368 198 193 2091 1007 448 559 416 308
internal_count=3861 163 3698 1607 566 368 198 193 2091 1007 448 559 416 308
is_linear=0
shrinkage=0.03


Tree=143
num_leaves=15
num_cat=0
split_feature=66 42 1 72 3 3 64 82 51 41 66 11 71 64
split_gain=10.6525 15.1889 9.89516 11.6294 8.51371 17.6251 17.1132 17.0692 20.2729 13.2873 12.549 15.5931 11.7202 11.6838
threshold=-325.7490980625152 -234.04894626140592 659.08346462249767 65.779366493225112 15.541666666656967 17.041666666656969 5.0765225452237788 102.96407943964006 179.08346462249759 343.73343300819403 -190.18706762790677 330.00000000000006 11.500000000000002 6.6396087936617212
decision_type=8 8 2 10 2 2 10 8 10 10 10 2 10 10
left_child=-1 -2 3 -3 9 12 7 8 10 13 11 -7 -6 -4
right_child=1 2 4 -5 5 6 -8 -9 -10 -11 -12 -13 -14 -15
leaf_value=-0.61509395661650923 2.0819546574640317 0.074702182546934601 -0.031211800633573053 -0.59382474867581614 0.81083935053962541 0.17635130754009934 0.95439393958319507 0.25025307362276122 0.38797450953529788 -0.44167031453268574 -0.8128682838988327 -0.6274041686101971 0.048547191928236019 -0.92511582047536189
leaf_weight=72 43 1536 1177 59 80 123 77 179 53 40 147 99 93 51
leaf_count=72 43 1536 1177 59 80 123 77 179 53 40 147 99 93 51
internal_value=0.000665796 0.00088611 0.000678331 0.00246241 -0.000665094 0.00165493 -0.000530191 -0.00224252 -0.00553191 -0.00222222 -0.00802703 -0.00349776 0.0101724 -0.00165989
internal_weight=3829 3757 3714 1595 2119 851 678 601 422 1268 369 222 173 1228
internal_count=3829 3757 3714 1595 2119 851 678 601 422 1268 369 222 173 1228
is_linear=0
shrinkage=0.03


Tree=144
num_leaves=15
num_cat=0
split_feature=60 1 5 84 5 56 35 77 71 29 48 52 83 15
split_gain=13.1039 12.4619 12.1316 12.0682 13.2652 10.8903 11.271 21.3092 11.8709 11.6321 10.7298 10.7065 13.2062 10.4413
threshold=-107.04284620285033 659.08346462249767 68.534242630004897 -17.984027465184528 83.281450629234328 -57.459388732910149 17.074403254972882 57.194347918033607 12.500000000000002 0.92586048946472987 127.46175305048625 99.730002164840712 100.86936461925508 33.500000000000007
decision_type=8 2 10 8 10 10 10 10 8 10 10 10 10 2
left_child=-1 2 -2 -4 -5 -3 7 11 10 -10 -8 12 13 -7
right_child=1 5 3 4 -6 6 8 -9 9 -11 -12 -13 -14 -15
leaf_value=-0.43897744818039314 0.11081342581969998 0.061481965458446843 -0.62317839035501987 -0.86278177130015243 0.10903761746664414 -0.48592734562707807 -0.21196856752426127 -0.93260592877691506 0.18410750250381225 2.506057551001891 0.018040191312265481 0.012672853064477957 0.60017045499383848 0.098175832656528406
leaf_weight=221 1002 372 193 41 323 480 139 54 217 41 97 494 54 79
leaf_count=221 1002 372 193 41 323 480 139 54 217 41 97 494 54 79
internal_value=0.000181197 0.000618902 0.00263462 -0.000913978 0.00230137 -0.000931953 -0.00197464 -0.00358864 0.00181818 0.00625483 -0.00303797 -0.00268051 -0.00532573 -0.00669643
internal_weight=3807 3586 1559 557 364 2027 1655 1161 494 258 236 1107 613 559
internal_count=3807 3586 1559 557 364 2027 1655 1161 494 258 236 1107 613 559
is_linear=0
shrinkage=0.03


Tree=145
num_leaves=15
num_cat=0
split_feature=81 64 65 28 3 3 63 5 44 31 60 61 81 76
split_gain=13.2394 10.9085 15.2683 17.3568 17.6616 26.4388 21.9539 14.8358 13.5571 13.3324 12.1033 11.9898 11.9678 11.5828
threshold=1613.2379046678545 4.1685807728831863 0.92569678480918383 258.50000000000006 16.208333333343038 11.625000000000002 -94.598645549879748 13.69447958469391 50.729634404182441 11.254700854700856 -100.84871685504912 0.038614289567189632 5024.683819413186 154.58470845222476
decision_type=8 8 8 2 2 2 8 10 10 10 10 8 10 8
left_child=-1 7 8 13 5 6 -5 11 -3 -7 -9 -2 -11 -4
right_child=1 2 3 4 -6 9 -8 10 -10 12 -12 -13 -14 -15
leaf_value=1.0744506429200082 0.13065882797100148 0.019873387621880595 -0.35891082477979647 1.6360126308291012 0.44733427830035766 0.029667132890319577 0.016597545922215171 -0.43207073429827064 0.98844563300806343 -2.7023472421656312 0.046879068859861518 -0.58818645592602847 -0.47509872681799109 -0.013583222788561002
leaf_weight=74 40 108 106 63 218 67 212 70 122 46 477 210 43 2005
leaf_count=74 40 108 106 63 218 67 212 70 122 46 477 210 43 2005
internal_value=0.000318488 7.12777e-05 0.000902708 0.000282506 0.00456923 0.00104167 0.00663043 -0.00304511 0.00831169 -0.00878981 -0.000273723 -0.00908367 -0.0163333 -0.00103693
internal_weight=3861 3787 2990 2760 649 431 275 797 230 156 547 250 89 2111
internal_count=3861 3787 2990 2760 649 431 275 797 230 156 547 250 89 2111
is_linear=0
shrinkage=0.03


Tree=146
num_leaves=15
num_cat=0
split_feature=67 13 5 0 77 48 65 16 67 26 75 8 65 82
split_gain=16.2232 17.1242 12.0589 10.7535 12.8566 12.8485 21.033 9.58379 10.8102 15.3671 17.0823 14.8375 13.2011 13.1022
threshold=-239.93171453448676 270.00000000000006 4076.4272594451909 307.50000000000006 115.06792348623277 272.49739034970611 0.92569678480918383 1.0000000180025095e-35 -41.907976412773117 134.50000000000003 177.10663723945621 6.0433030104753334 1.0203474401241179 -92.084950089454637
decision_type=8 10 10 2 10 10 8 2 10 2 8 10 8 8
left_child=-1 2 3 4 7 -5 -7 -2 9 11 -11 12 -9 -10
right_child=1 -3 -4 5 -6 6 -8 8 13 10 -12 -13 -14 -15
leaf_value=-0.91799597553013323 -0.51362667339342039 -0.24489672809668894 0.36994976571583621 1.7289124581240367 -0.19864210238169422 1.7596199897885236 -0.61224425877358546 0.78547152562707334 -0.85915486410615172 1.5175838393130636 0.19248591212715632 0.47340844769675822 0.0041291795118167237 -0.0043156841881856773
leaf_weight=86 108 289 62 80 127 41 51 59 75 90 217 111 1396 1026
leaf_count=86 108 289 62 80 127 41 51 59 75 90 217 111 1396 1026
internal_value=0.000392773 0.000691133 0.00128049 0.00103785 0.00064486 0.0083237 0.000645161 0.00103146 0.00135126 0.00273746 0.00886364 0.00153159 0.000721154 -0.00100726
internal_weight=3818 3732 3443 3381 3209 172 92 3082 2974 1873 307 1566 1455 1101
internal_count=3818 3732 3443 3381 3209 172 92 3082 2974 1873 307 1566 1455 1101
is_linear=0
shrinkage=0.03


Tree=147
num_leaves=15
num_cat=0
split_feature=67 6 81 45 77 77 41 77 3 71 77 56 60 37
split_gain=12.192 11.2655 13.725 16.3208 17.2 13.6235 12.3623 10.7564 10.1254 19.2286 13.9136 16.675 14.2984 12.3237
threshold=-239.93171453448676 690.00000000000011 4668.6520421504983 7.5000000000000009 -202.85004067420957 -136.62667024135587 408.78963303565985 29.977396488189701 12.291666666656967 12.500000000000002 -137.25192815065381 -14.90391421318054 114.63705217838289 2094.5181113764511
decision_type=8 8 10 10 10 10 10 10 2 8 8 10 10 10
left_child=-1 2 5 4 -4 -2 8 -7 9 10 -3 -12 -13 -11
right_child=1 6 3 -5 -6 7 -8 -9 -10 13 11 12 -14 -15
leaf_value=-0.91228513480672402 0.040038664024868317 -0.70470065674177373 0.59153076511640446 0.059395295880814464 -0.83338021818296737 1.4279077627150194 -0.66003618942524334 0.10752180190021966 0.048671683064111099 -0.036087157469619942 0.30887648548101504 -0.57368387213033356 0.068395272989935529 0.5018496352255204
leaf_weight=88 504 87 48 432 141 139 61 124 1335 550 60 129 72 66
leaf_count=88 504 87 48 432 141 139 61 124 1335 550 60 129 72 66
internal_value=0.000187647 0.000448119 0.00259179 -0.000723473 -0.00805263 0.00527344 -0.000813215 0.0107955 -0.000456522 -0.00279793 -0.00842407 -0.00492366 -0.00905941 0.000388979
internal_weight=3836 3748 1388 621 189 767 2360 263 2299 964 348 261 201 616
internal_count=3836 3748 1388 621 189 767 2360 263 2299 964 348 261 201 616
is_linear=0
shrinkage=0.03


Tree=148
num_leaves=15
num_cat=0
split_feature=20 67 37 8 16 8 60 43 45 36 68 39 8 71
split_gain=11.1445 14.0318 16.6484 17.8693 17.3596 13.8731 13.4559 13.1218 13.0769 14.6379 15.6626 13.4055 11.5775 11.0632
threshold=802.4528832435609 215.06761027384209 1460.5376049652061 5.441560409786109 17.500000000000004 3.646927792402987 837.75383734703075 479.46980024178134 5.5000000000000009 0.10946593632317701 0.0046840928270582239 2222.745881505964 4.280397688079959 10.500000000000002
decision_type=10 8 10 10 2 8 10 10 10 10 10 10 10 10
left_child=1 8 3 6 5 -4 -3 -7 -1 10 -10 12 -11 -13
right_child=-2 2 4 -5 -6 7 -8 -9 9 11 -12 13 -14 -15
leaf_value=-1.7423930671292212 -0.27995022414723431 -0.034816712779190073 -0.13104387928851235 0.43871188484363405 1.4636376501670769 1.9474322156530668 0.48364772034452141 0.019493150592812186 0.6141785958533913 -0.038286686621646762 -0.28139857836539467 -0.69875674860354298 0.22527379733815542 -0.074484993783778847
leaf_weight=80 130 1303 140 188 182 86 104 211 87 516 56 166 156 404
leaf_count=80 130 1303 140 188 182 86 104 211 87 516 56 166 156 404
internal_value=0.000354331 0.000660326 0.00216704 0.000545113 0.00633871 0.00308219 -0.000617898 0.00674497 -0.00161664 -0.000930736 0.008125 -0.00197908 0.00089153 -0.00535902
internal_weight=3809 3679 2214 1595 619 437 1407 297 1465 1385 143 1242 672 570
internal_count=3809 3679 2214 1595 619 437 1407 297 1465 1385 143 1242 672 570
is_linear=0
shrinkage=0.03


Tree=149
num_leaves=15
num_cat=0
split_feature=1 3 81 77 35 74 25 8 16 62 34 22 51 40
split_gain=12.9826 14.6888 12.6376 11.8986 11.6119 14.7759 13.0464 23.4219 12.568 11.9628 10.9749 10.4117 10.0291 10.0128
threshold=659.08346462249767 5.6250000000000009 3435.8629423379903 60.856666743755348 17.640296442687749 2507.4318005138916 0.92907444668008055 3.7023196081384389 3.5000000000000004 -0.029262781396461358 0.22557928214447981 10.32855796813965 -424.06718993186945 422.66557053384571
decision_type=2 2 10 10 10 8 10 8 2 10 10 2 8 10
left_child=1 -1 12 -4 6 -6 7 8 -2 11 -11 13 -3 -9
right_child=4 2 3 -5 5 -7 -8 9 -10 10 -12 -13 -14 -15
leaf_value=-0.13132274860867935 0.13028340323612492 -0.051905254044254993 0.067127503261467034 -1.1803375987510587 0.40659844744865375 -0.0023332094034118223 0.01653810634519921 -0.69229316988561851 -0.56876640203776851 0.40352688079540744 -0.085546815050373398 0.39105524320342355 0.41633575381543031 -0.035763031862569489
leaf_weight=153 70 78 927 43 113 442 636 96 383 116 136 51 419 160
leaf_count=153 70 78 927 43 113 442 636 96 383 116 136 51 419 160
internal_value=-3.92259e-05 0.00199877 0.00292234 0.00092688 -0.00153811 0.00221223 -0.0028017 -0.00491609 -0.00997797 -0.000803571 0.00403162 -0.00477273 0.00680723 -0.00723735
internal_weight=3823 1620 1467 970 2203 555 1648 1012 453 559 252 307 497 256
internal_count=3823 1620 1467 970 2203 555 1648 1012 453 559 252 307 497 256
is_linear=0
shrinkage=0.03


Tree=150
num_leaves=15
num_cat=0
split_feature=67 6 77 83 60 0 40 38 83 3 30 42 14 51
split_gain=16.3388 12.3904 13.7257 14.6168 12.3333 11.7501 15.6435 16.0131 14.6007 13.2797 11.3682 11.3671 10.8197 9.68289
threshold=-261.95527132919852 690.00000000000011 -243.40340566635129 -2.422505140304565 545.25383734703075 86.500000000000014 63.940077251818288 2875.6325177268313 21.278454184532169 10.375000000000002 5.9500000000000011 396.26926481723791 295.46163900987386 26.677019000053409
decision_type=8 10 8 10 10 2 8 8 8 2 10 10 10 10
left_child=-1 5 3 -3 11 6 -2 9 10 -8 -7 -4 -11 -5
right_child=1 2 4 13 -6 8 7 -9 -10 12 -12 -13 -14 -15
leaf_value=-1.3413760219888187 0.33796267751148262 -0.41512206421593451 -0.0042895673502463434 -0.22580564947855752 0.34905959963653266 0.42600237210387065 -0.56826896341886113 0.037224236238739987 0.97204017496951212 -0.42044461546259781 -0.087881627813389276 -0.7072234308449179 0.1425691786002459 0.75845942312482373
leaf_weight=59 153 225 1804 42 128 67 124 479 248 83 98 67 174 61
leaf_count=59 153 225 1804 42 128 67 124 479 248 83 98 67 174 61
internal_value=3.14713e-05 0.000279702 -0.00106959 -0.00674772 -0.000135 0.00248073 0.000739645 -0.000836237 0.00673913 -0.00541885 -0.000180723 -0.000753205 -0.00151163 0.00259615
internal_weight=3812 3753 2327 328 1999 1426 1013 860 413 381 165 1871 257 103
internal_count=3812 3753 2327 328 1999 1426 1013 860 413 381 165 1871 257 103
is_linear=0
shrinkage=0.03


Tree=151
num_leaves=15
num_cat=0
split_feature=0 41 33 30 45 64 3 53 82 7 3 65 53 46
split_gain=12.9653 20.8228 14.2219 12.0308 11.373 14.3911 9.4056 17.8194 17.0641 16.0461 15.3594 13.946 12.3115 11.9336
threshold=-22.499999999999996 -118.02781558036803 17.879404466501242 23.950000000000003 6.5000000000000009 6.1065302508021171 13.291666666656967 3.5000000000000004 162.28652401765189 3506.7014549908713 17.625000000000004 0.98529351693917844 7.5000000000000009 2790.0000000000005
decision_type=2 8 10 10 10 8 2 8 8 10 2 8 8 10
left_child=2 -2 3 -1 -4 -6 7 -3 9 10 -8 -10 -13 -12
right_child=1 6 4 -5 5 -7 8 -9 11 -11 13 12 -14 -15
leaf_value=0.017041467930799782 1.8136969802686693 0.70727621927827311 -1.882699414338264 -0.94636090400531592 -0.56363541961546404 0.092283958010850278 0.065242365184130471 -0.035124379339901403 1.6914068171273748 0.43255265817261929 -0.28490872647028376 0.34667050728411386 -0.0014278197231384329 0.28789101865807998
leaf_weight=602 56 60 61 95 67 77 415 1348 122 204 384 65 194 48
leaf_count=602 56 60 61 95 67 77 415 1348 122 204 384 65 194 48
internal_value=1.57936e-05 0.000994132 -0.00312292 -0.0010745 -0.0100485 -0.00537931 0.00063358 -0.00110717 0.00234473 0.000370722 -0.00145047 0.00777487 0.00380769 -0.00540416
internal_weight=3798 2896 902 697 205 144 2840 1408 1432 1051 847 381 259 432
internal_count=3798 2896 902 697 205 144 2840 1408 1432 1051 847 381 259 432
is_linear=0
shrinkage=0.03


Tree=152
num_leaves=15
num_cat=0
split_feature=0 76 1 42 28 3 38 62 77 77 4 54 40 77
split_gain=14.1027 17.6344 9.19739 12.6265 15.6783 11.583 13.446 10.9103 11.9727 10.362 14.0342 16.8215 20.3562 18.9254
threshold=304.50000000000006 -85.565303683280931 679.7200324535371 200.3088222742081 126.50000000000001 14.708333333343036 3935.3674878393208 0.029102754341497793 -32.789691448211663 107.6919767856598 7.5000000000000009 870.00000000000011 159.96147400944199 -156.58510196208951
decision_type=2 10 2 8 2 2 10 10 10 10 2 10 10 10
left_child=2 -2 9 5 -5 7 -7 8 -4 10 -1 12 -12 -14
right_child=1 -3 3 4 -6 6 -8 -9 -10 -11 11 -13 13 -15
leaf_value=-0.030923978490866942 1.5780432714067787 -0.085472641860629334 -0.44168740049360156 0.033757721104297894 -0.57537952998516584 0.019044210910780662 0.35057762380958724 0.057503941558214144 0.086706159600682328 -0.29583754482414137 0.40263551722887497 0.3657615015910175 -0.17986545252194483 0.27749080457057751
leaf_weight=1149 144 69 300 46 100 403 51 177 105 110 229 232 395 297
leaf_count=1149 144 69 300 46 100 403 51 177 105 110 229 232 395 297
internal_value=0.000228466 0.00771028 -0.000216968 -0.00238377 -0.0106122 -0.00121504 0.00237363 -0.00401372 -0.00672414 0.000845421 0.0012766 0.00361352 0.00178959 -0.000779221
internal_weight=3807 213 3594 1182 146 1036 454 582 405 2412 2302 1153 921 692
internal_count=3807 213 3594 1182 146 1036 454 582 405 2412 2302 1153 921 692
is_linear=0
shrinkage=0.03


Tree=153
num_leaves=15
num_cat=0
split_feature=81 85 59 26 3 3 68 80 16 77 66 77 15 80
split_gain=9.65818 12.1083 16.0709 9.7239 20.1756 26.195 25.751 16.2263 16.153 15.3933 15.6018 13.1316 11.3438 11.7189
threshold=3259.223057866097 167.82542705535892 62.441342949867256 132.50000000000003 16.125000000000004 11.708333333343036 0.028742615615011551 -48.456532001495354 16.500000000000004 122.25493597984315 -334.47856473922724 -62.583481609821312 39.500000000000007 207.19527077674869
decision_type=8 10 10 2 2 2 8 10 2 10 8 10 2 8
left_child=1 2 -1 9 5 6 8 -6 -5 10 -2 -8 -12 -14
right_child=3 -3 -4 4 7 -7 11 -9 -10 -11 12 -13 13 -15
leaf_value=-0.070366913822342669 -1.1444189544573957 1.4505668142857673 0.63636643228757528 0.15275323552102102 0.5771418409377026 -0.72814771972839842 0.44745137224612747 0.05613214867031207 1.4737799929579385 -0.62277656079721622 -0.016899502022452967 -0.36046567041695404 1.5273861190769167 -0.087691763049040777
leaf_weight=164 40 56 83 102 150 169 52 140 80 52 2617 78 40 41
leaf_count=164 40 56 83 102 150 169 52 140 80 52 2617 78 40 41
internal_value=0.000294955 0.00542763 0.00254032 -0.000143178 0.00283679 -0.00093361 0.00421725 0.00907216 0.0114754 -0.000967395 -0.000657174 -0.0059542 -0.000377918 0.0106098
internal_weight=3864 303 247 3561 771 481 312 290 182 2790 2738 130 2698 81
internal_count=3864 303 247 3561 771 481 312 290 182 2790 2738 130 2698 81
is_linear=0
shrinkage=0.03


Tree=154
num_leaves=15
num_cat=0
split_feature=0 9 67 63 20 24 27 53 85 7 82 4 37 43
split_gain=13.2076 19.825 11.7749 13.0123 9.22599 9.95561 8.34254 14.4327 13.7635 12.9602 13.7366 10.5707 8.69813 11.1837
threshold=355.00000000000006 270.00000000000006 -261.95527132919852 -253.00346520797771 277.75507247447973 29.500000000000004 0.88780278466526807 6.5000000000000009 144.6140732765198 2389.7394235206743 -43.465930660565682 7.5000000000000009 2029.604431158931 169.03433417234029
decision_type=2 2 8 8 10 2 10 8 10 10 8 2 10 10
left_child=2 -2 -1 4 5 -4 7 9 -9 10 -5 -10 -8 -14
right_child=1 -3 3 6 -6 -7 12 8 11 -11 -12 -13 13 -15
leaf_value=-1.0502187902135403 2.2639746935558693 -0.14741218043424881 -0.14735328466575801 -1.0351872367534709 0.25829806520075116 0.43236604627403852 -0.0029705214156097578 0.0027069446369228137 -0.59474548386617032 -1.947871548636662 0.25894901498601181 -0.16757832197305125 0.92006573950675552 0.082733764729733081
leaf_weight=64 75 54 45 40 47 64 2060 835 46 89 61 67 72 219
leaf_count=64 75 54 45 40 47 64 2060 835 46 89 61 67 72 219
internal_value=6.25163e-05 0.00946154 -0.000266846 -4.1141e-05 0.00840764 0.00354545 -0.000421203 -0.00252853 -0.00101159 -0.0100524 -0.00264706 -0.0107895 0.00059949 0.00544521
internal_weight=3838 129 3709 3645 156 109 3489 1138 948 190 101 113 2351 291
internal_count=3838 129 3709 3645 156 109 3489 1138 948 190 101 113 2351 291
is_linear=0
shrinkage=0.03


Tree=155
num_leaves=15
num_cat=0
split_feature=80 81 0 69 39 81 0 7 27 83 29 0 41 28
split_gain=12.8255 18.2037 11.8635 10.8549 9.05418 12.4722 12.8195 12.4096 10.4447 9.95202 8.92452 8.88992 11.1657 14.7237
threshold=105.73080992698671 3364.2291319370274 290.50000000000006 -275.15750090808586 1582.1982560240456 8156.3452718257913 -4.4999999999999991 3421.5767920452131 0.9057713651498337 -20.739337682723995 0.93697240547634253 389.50000000000006 314.47353982925421 125.50000000000001
decision_type=10 10 2 8 10 10 2 10 10 8 10 2 10 2
left_child=11 -2 3 -3 8 9 -7 -8 -5 -6 -10 12 -1 -14
right_child=1 2 -4 4 5 6 7 -9 10 -11 -12 -13 13 -15
leaf_value=-0.0058871852986352733 1.3034595102565429 1.1959386545000219 1.5980752627182118 -0.37640023563922459 -1.1072703806290436 -0.37476543090665998 -0.018762042115952723 1.3375810728622397 0.83426389105101972 -0.16724525273275051 0.07476932963024481 0.64192365087269876 0.035079727273765154 -0.66546631543675727
leaf_weight=2833 90 45 49 59 48 41 42 71 73 160 65 72 43 109
leaf_count=2833 90 45 49 59 48 41 42 71 73 160 65 72 43 109
internal_value=0.000378848 0.00391129 0.00215596 0.000991736 -0.000160714 -0.00297521 0.00348387 0.00868421 0.005 -0.0077512 0.0094964 -0.000480706 -0.000733423 -0.00862745
internal_weight=3800 743 653 604 559 362 154 113 197 208 138 3057 2985 152
internal_count=3800 743 653 604 559 362 154 113 197 208 138 3057 2985 152
is_linear=0
shrinkage=0.03


Tree=156
num_leaves=15
num_cat=0
split_feature=4 31 0 63 79 77 41 31 41 8 3 17 3 81
split_gain=17.2089 19.4399 16.8593 13.5528 12.9958 17.0148 15.0612 25.1798 21.9698 13.4336 15.0185 12.494 11.9775 11.8027
threshold=7.5000000000000009 29.244047619047624 285.50000000000006 -287.74485302373847 10.934302744559231 -183.1619641780853 1.6453763246536257 13.295833333333336 122.90904271602632 3.1973082658937417 12.875000000000002 41.500000000000007 13.958333333343036 4747.6293251514444
decision_type=2 10 2 8 8 10 8 8 8 10 2 2 2 10
left_child=4 2 3 -2 5 9 7 11 -8 -1 -11 -6 -4 -7
right_child=1 -3 12 -5 6 13 8 -9 -10 10 -12 -13 -14 -15
leaf_value=-0.351225959742896 0.83391977061551059 -0.46118351082779713 0.089547072790943497 0.041103567800209198 0.39362422089080523 -0.07434490526545233 0.24495797293990706 -0.81906143671312603 -0.03938479676694645 0.99448452702828638 0.032257788532547522 -0.29270777647564328 1.8865093785513265 -0.75144114528387773
leaf_weight=120 73 94 41 1565 124 161 445 172 465 40 131 59 63 249
leaf_count=120 73 94 41 1565 124 161 445 172 465 40 131 59 63 249
internal_value=0.000394425 0.00248231 0.00320138 0.00245272 -0.00155567 -0.00482906 0.000260664 -0.00497191 0.00230516 0.000719178 0.00610465 0.00277174 0.0148571 -0.00875912
internal_weight=3802 1836 1742 1638 1966 701 1265 355 910 291 171 183 104 410
internal_count=3802 1836 1742 1638 1966 701 1265 355 910 291 171 183 104 410
is_linear=0
shrinkage=0.03


Tree=157
num_leaves=15
num_cat=0
split_feature=4 0 1 7 39 81 66 15 8 17 80 42 6 60
split_gain=16.2891 22.7438 15.9303 14.8244 14.2179 11.888 11.7516 10.8515 11.139 10.8314 20.1484 16.683 17.2432 14.0514
threshold=7.5000000000000009 281.50000000000006 625.07315599918377 2490.4252572478076 1561.5185058257553 9809.0951838493365 -296.94888293743128 32.500000000000007 4.3775082286324105 35.000000000000007 -134.41663193702695 102.28492653369905 1170.0000000000002 493.56062042713171
decision_type=2 2 2 10 10 8 8 2 10 2 8 10 10 10
left_child=6 2 5 4 -4 -2 -1 9 -9 -8 -11 12 -12 -13
right_child=1 -3 3 -5 -6 -7 7 8 -10 10 11 13 -14 -15
leaf_value=-1.5288295658074567 0.69726498982563256 1.2725821557844403 0.66172321847639837 -0.032553453413105345 -0.1163263071773652 0.0026852652732883265 -0.0019198865207169834 0.222701101857712 -0.44874931885942976 -1.0348680662134209 -0.05803985037619519 -0.60375590107650134 0.78237847952426098 0.22339487049451975
leaf_weight=49 150 116 168 1211 108 103 1028 133 59 92 375 150 63 41
leaf_count=49 150 116 168 1211 108 103 1028 133 59 92 375 150 63 41
internal_value=4.67897e-05 0.00206785 0.0012062 2.01613e-05 0.00628159 0.00814961 -0.00183827 -0.00146756 0.00528497 -0.00221143 -0.0050277 -0.00309524 0.000136674 -0.0104687
internal_weight=3846 1856 1740 1487 276 253 1990 1941 192 1749 721 629 438 191
internal_count=3846 1856 1740 1487 276 253 1990 1941 192 1749 721 629 438 191
is_linear=0
shrinkage=0.03


Tree=158
num_leaves=15
num_cat=0
split_feature=4 3 29 0 29 3 42 77 23 34 41 37 3 3
split_gain=12.3345 15.4564 13.4862 11.0789 17.421 16.6874 13.7065 13.4107 11.3189 11.053 11.928 10.8696 11.3572 15.3922
threshold=8.5000000000000018 10.041666666656967 0.95042482971701436 -34.499999999999993 0.88075158786167973 12.708333333343036 -138.9594198465347 -43.542308747768395 11.034242630004885 0.1645447219983884 -37.77625393867492 2334.6803497199885 14.708333333343036 17.291666666656969
decision_type=2 2 10 2 10 2 8 10 10 8 10 10 2 2
left_child=3 2 -2 4 5 -1 -5 8 -6 10 -8 12 -11 -14
right_child=1 -3 -4 6 7 -7 9 -9 -10 11 -12 -13 13 -15
leaf_value=0.073182140834733553 0.011576238001468554 0.27439887403667812 -1.2972488357592546 1.0476024840952987 -0.014434382146841073 -1.6738716258511177 0.72125749497461422 1.1917372620150277 -0.50077344395095302 -0.17074090612812962 0.03268024674687775 0.46305177402997855 0.23315661410595481 -0.091131696200820775
leaf_weight=50 302 539 57 58 287 131 40 53 44 926 463 81 287 478
leaf_count=50 302 539 57 58 287 131 40 53 44 926 463 81 287 478
internal_value=0 0.00307008 -0.00175 -0.000952052 -0.00471731 -0.0123626 -3.85604e-05 -0.00109091 -0.00334337 -0.000408612 0.0035119 -0.00152284 -0.00203901 0.000665796
internal_weight=3796 898 359 2898 565 181 2333 384 331 2275 503 1772 1691 765
internal_count=3796 898 359 2898 565 181 2333 384 331 2275 503 1772 1691 765
is_linear=0
shrinkage=0.03


Tree=159
num_leaves=15
num_cat=0
split_feature=0 76 39 84 37 36 7 67 42 56 82 85 39 40
split_gain=15.8914 17.7905 12.5963 11.0572 12.5325 15.2331 11.1928 10.6836 13.5163 12.7166 18.5871 9.51943 10.3179 11.2538
threshold=307.50000000000006 -71.801445722579942 3652.4370612848611 127.99255073070528 1218.5360236966239 0.31323815704088259 3129.9771172606802 -252.84170236205094 -84.093352556228623 -116.69433482487995 -60.66789257526397 -106.22165739536284 166.38796533469593 45.180242109435198
decision_type=2 10 10 10 10 10 10 8 10 10 10 10 10 10
left_child=3 2 -2 7 5 -5 -6 -1 9 11 -11 12 -9 -14
right_child=1 -3 -4 4 6 -7 -8 8 -10 10 -12 -13 13 -15
leaf_value=-0.95913521187764228 3.3913750501689712 -0.18562959089580083 0.66105896435493039 -0.588788440082188 1.0017484449406033 0.41357753997307484 0.0052980937144898373 -0.39703214340355764 -0.033363179459156476 -0.010893819631699024 0.7008190031661522 -0.49377605893921878 0.5209452657295407 0.029030352886429609
leaf_weight=64 56 64 77 54 79 120 42 43 2710 91 140 53 45 237
leaf_count=64 56 64 77 54 79 120 42 43 2710 91 140 53 45 237
internal_value=5.41796e-05 0.00833333 0.0145522 -0.000391411 0.00516892 0 0.012541 -0.00087766 -0.000641566 0.00339344 0.00892241 0 0.00193252 0.00402827
internal_weight=3875 197 133 3678 295 174 121 3383 3319 609 231 378 325 282
internal_count=3875 197 133 3678 295 174 121 3383 3319 609 231 378 325 282
is_linear=0
shrinkage=0.03


Tree=160
num_leaves=15
num_cat=0
split_feature=0 41 84 67 63 41 0 25 15 28 41 0 35 39
split_gain=11.7477 24.3903 11.0239 10.0834 11.365 9.40901 13.6739 11.7095 11.7509 12.4783 12.6302 11.1015 10.4055 9.7071
threshold=-22.499999999999996 -137.87410676479337 80.779652158419296 -248.85843615274976 -256.68585531694526 43.823863863945014 11.500000000000002 0.95620204603580572 26.500000000000004 223.50000000000003 32.012607336044319 -4.4999999999999991 15.306061224489797 2949.1788718554894
decision_type=2 8 10 8 8 8 2 10 2 2 10 2 10 10
left_child=2 -2 3 -1 -5 6 11 8 9 -8 -11 13 -13 -3
right_child=1 5 -4 4 -6 -7 7 -9 -10 10 -12 12 -14 -15
leaf_value=-1.2238972334523757 2.2524463425303551 -0.00014285764603762629 0.10430097094907441 0.21951493061977823 -0.22605999426781492 0.033432596527283337 -0.65060391108482829 0.11980809035948727 0.084870309930401039 0.62913722380537873 -0.51793444741460826 0.045926253221703302 0.3060115436436035 -0.42171095889143051
leaf_weight=56 47 157 147 66 637 1878 234 86 102 76 41 156 109 41
leaf_count=56 47 157 147 66 637 1878 234 86 102 76 41 156 109 41
internal_value=-0.000258216 0.000665984 -0.00324146 -0.00469737 -0.00370739 0.000312392 -0.0020339 -0.00527778 -0.00720264 -0.00980114 -0.00177966 0.00174569 0.00575188 -0.00361809
internal_weight=3833 2927 906 759 703 2880 1002 539 453 351 117 463 265 198
internal_count=3833 2927 906 759 703 2880 1002 539 453 351 117 463 265 198
is_linear=0
shrinkage=0.03


Tree=161
num_leaves=15
num_cat=0
split_feature=67 43 80 29 39 25 28 3 81 83 59 3 77 68
split_gain=11.3265 9.69746 10.081 14.7379 13.685 25.3178 15.6601 16.6244 12.68 11.4673 15.0616 10.1369 9.67141 9.57035
threshold=-261.95527132919852 30.616615625139936 87.083806753158584 0.95761545572971396 2396.2808199483848 0.89699381078691431 175.50000000000003 20.291666666656969 4872.0322167873392 38.909331560134895 27.413296341896061 12.708333333343036 -102.10408639907835 -0.0015759259595102043
decision_type=8 8 10 10 10 10 2 2 10 8 10 2 10 8
left_child=-1 -2 -3 4 5 9 7 12 -8 -4 -11 -5 -6 -10
right_child=1 2 3 11 6 -7 8 -9 13 10 -12 -13 -14 -15
leaf_value=-0.85141984488054356 -0.12890435693139773 -0.0031626654322707104 0.75736387887587009 -0.58809881675735942 0.68368366381477474 0.98771797893014834 -0.7934293587964083 2.9549083811843846 1.3743480352528852 -0.9942685308994067 0.17679572886181849 0.19942785098167987 -0.19379983710916721 -0.64410297138657779
leaf_weight=63 370 2571 42 60 57 207 75 45 46 52 48 46 40 46
leaf_count=63 370 2571 42 60 57 207 75 45 46 52 48 46 40 46
internal_value=-0.000143274 7.28548e-05 0.000584532 0.00360784 0.00528073 0.00934286 0.000677419 0.00797203 -0.00553571 -0.00041958 -0.00594059 -0.00672897 0.000918367 0.00193548
internal_weight=3768 3705 3335 764 658 349 309 142 167 142 100 106 97 92
internal_count=3768 3705 3335 764 658 349 309 142 167 142 100 106 97 92
is_linear=0
shrinkage=0.03


Tree=162
num_leaves=15
num_cat=0
split_feature=60 60 67 71 38 81 29 76 77 57 31 12 7 15
split_gain=11.8924 12.6845 11.7781 8.84273 15.429 15.0247 14.0644 20.3271 14.0212 11.3214 11.0676 10.2052 10.8713 10.0547
threshold=493.56062042713171 412.27412211894995 596.58559644527941 13.500000000000002 3048.1654453622423 20583.803804755215 0.92539052986814185 183.63961756229403 57.194347918033607 9.5000000000000018 22.86617647058824 1.0000000180025095e-35 5195.1445863448107 40.500000000000007
decision_type=10 10 10 8 10 10 10 10 10 10 8 2 10 2
left_child=1 2 3 8 5 13 7 9 11 -6 -11 12 -1 -5
right_child=-2 -3 -4 4 6 -7 -8 -9 -10 10 -12 -13 -14 -15
leaf_value=-0.023514295307940029 0.34528969272294086 -0.88579043294285809 0.78116716824909138 -0.029241621316894343 0.46430980648885734 -1.1096524648480515 0.86211732762552051 1.2812562060071324 -0.48623190256137033 0.00049680689917099843 -0.53497886534318295 -0.21623939416565571 0.99448717659525931 0.12541113250081984
leaf_weight=1530 178 42 108 911 104 46 131 79 133 216 76 136 55 49
leaf_count=1530 178 42 108 911 104 46 131 79 133 216 76 136 55 49
internal_value=-0.000173913 -0.000547415 -0.000352448 -0.000657629 0.000967142 -0.00131082 0.00474465 0.00233193 -0.00207008 -0.000453401 -0.00348123 -0.00134146 -0.000662043 -0.00049948
internal_weight=3794 3616 3574 3466 1612 1006 606 475 1854 396 292 1721 1585 960
internal_count=3794 3616 3574 3466 1612 1006 606 475 1854 396 292 1721 1585 960
is_linear=0
shrinkage=0.03


Tree=163
num_leaves=15
num_cat=0
split_feature=0 76 66 81 81 1 40 27 68 63 82 15 67 22
split_gain=11.572 23.6171 12.0608 10.1048 10.0308 8.77482 14.45 11.0195 14.5898 13.4473 12.6928 10.1633 12.5143 9.49193
threshold=307.50000000000006 -85.565303683280931 227.86460089683536 46199.699175477035 26965.108477473263 665.53867006301891 48.811416522682173 0.98518437225636535 -0.057552277659316933 143.80051738559158 58.104709625244148 49.500000000000007 596.58559644527941 6.7736294269561776
decision_type=2 10 10 10 10 2 8 8 10 8 10 2 10 2
left_child=3 2 -2 4 5 6 -1 8 -7 10 -10 12 -8 -9
right_child=1 -3 -4 -5 -6 7 11 13 9 -11 -12 -13 -14 -15
leaf_value=0.21919897619561632 3.2366665004592465 -0.30266899048773777 0.37378269014902726 1.1443812002378257 -0.37947450176118636 0.046380800937453726 -0.00108789006174149 -0.036380839887075411 -0.68747002711608962 0.0067763525035259417 0.044424566419799444 -0.33795422715688545 0.70547865015522315 -1.0446452405476299
leaf_weight=329 58 65 82 40 74 591 1803 69 212 268 86 48 44 45
leaf_count=329 58 65 82 40 74 591 1803 69 212 268 86 48 44 45
internal_value=0.000220183 0.00713592 0.0140426 -0.000174515 -0.000344538 -0.000111556 0.00102472 -0.00209906 -0.00121762 -0.00465608 -0.0090301 1.58228e-05 0.000373377 -0.0109565
internal_weight=3814 205 140 3609 3569 3495 2224 1271 1157 566 298 1895 1847 114
internal_count=3814 205 140 3609 3569 3495 2224 1271 1157 566 298 1895 1847 114
is_linear=0
shrinkage=0.03


Tree=164
num_leaves=15
num_cat=0
split_feature=17 77 17 3 28 7 3 85 74 64 3 80 68 22
split_gain=8.82616 15.83 18.8395 24.5136 21.2976 21.935 16.568 15.9514 15.3648 12.6564 12.0184 18.7074 11.917 11.8161
threshold=35.000000000000007 107.6919767856598 24.500000000000004 13.291666666656967 293.50000000000006 326.14186538811197 18.041666666656969 -129.06022755304969 51.172615792667067 3.7364123932352693 8.2916666666569672 217.92846810817721 0.22255346659561961 14.886458277702333
decision_type=2 10 2 2 2 10 2 8 10 8 2 10 10 2
left_child=1 2 3 -1 5 -5 -7 -4 -3 12 -9 -12 -2 -11
right_child=9 8 7 4 -6 6 -8 10 -10 13 11 -13 -14 -15
leaf_value=-0.2480124925007203 -0.61076982481827025 -0.90803192687982481 1.3239594161514623 -0.57961569077261543 -0.74552465141388236 0.42876383232721627 0.018180317958415293 0.8815158413309927 0.072954473436428066 -0.0060012612008197054 -0.023842557057648539 2.1751719447766411 0.051527670289668238 -0.7613011705626137
leaf_weight=488 160 63 53 41 51 280 172 193 40 1792 332 49 60 44
leaf_count=488 160 63 53 41 51 280 172 193 40 1792 332 49 60 44
internal_value=-0.000298507 0.00125922 0.00196988 -0.000522749 0.00385321 0.00576923 0.00768212 0.00606688 -0.0100962 -0.00163345 0.0045913 0.00149215 -0.00841629 -0.000816549
internal_weight=3818 1762 1659 1032 544 493 452 627 103 2056 574 381 220 1836
internal_count=3818 1762 1659 1032 544 493 452 627 103 2056 574 381 220 1836
is_linear=0
shrinkage=0.03


Tree=165
num_leaves=15
num_cat=0
split_feature=79 40 31 4 67 53 82 83 29 81 77 40 66 38
split_gain=9.87542 11.7732 11.1142 16.1744 13.2023 14.0733 10.9229 11.6479 11.309 12.6041 15.7191 13.6444 9.43423 15.9875
threshold=275.37175887992549 458.40702113181447 17.101785714285722 9.5000000000000018 211.55950678719415 6.5000000000000009 18.133395870526638 -165.80406796932218 0.93697240547634253 4062.2148548364644 -153.83024227619168 508.67461401655328 -128.77543842792508 3470.1795036202434
decision_type=10 10 10 2 8 10 10 8 10 10 8 10 8 10
left_child=2 -2 3 6 5 -4 -1 -8 12 -10 -11 -12 -9 -14
right_child=1 -3 4 -5 -6 -7 7 8 9 10 11 -13 13 -15
leaf_value=-0.03029439578760872 -0.84962048438076421 -0.028528962123664181 -1.2903857103506577 0.61254147493061006 0.019945236569988808 -0.082749749134714098 -0.4545801018677923 -0.13088325969878062 -0.66509249722993058 0.79753450422516536 -0.39692390653769732 1.589727883081395 0.26113172144623936 1.6474361433967961
leaf_weight=1403 58 141 85 138 468 483 83 83 57 70 138 45 568 48
leaf_count=1403 58 141 85 138 468 483 83 83 57 70 138 45 568 48
internal_value=-0.000558284 -0.00705 -0.00020436 0.000831435 -0.0028351 -0.0059051 0.000276442 0.00252516 0.00341584 -0.00135048 0.00153543 -0.00309783 0.00552857 0.00680713
internal_weight=3868 199 3669 2633 1036 568 2495 1092 1009 310 253 183 699 616
internal_count=3868 199 3669 2633 1036 568 2495 1092 1009 310 253 183 699 616
is_linear=0
shrinkage=0.03


Tree=166
num_leaves=15
num_cat=0
split_feature=0 76 82 61 60 61 69 62 8 42 36 66 82 69
split_gain=10.9195 18.2687 16.105 9.06964 10.1211 11.4773 10.5055 9.42784 12.1867 11.4773 10.9608 9.08877 19.1945 9.9613
threshold=304.50000000000006 -85.565303683280931 123.29898506402971 0.015670924576881472 -107.04284620285033 0.76520808480258096 400.48009334291743 -0.19076557579598272 4.1507830371045387 -20.119911670684811 0.2290871501272265 -139.28452587127683 -90.034234841664627 -13.717030002056449
decision_type=2 10 8 8 8 10 10 8 8 10 10 10 8 10
left_child=3 2 -2 7 -5 11 -7 -1 10 -10 -9 -6 -13 -14
right_child=1 -3 -4 4 5 6 -8 8 9 -11 -12 12 13 -15
leaf_value=0.83689251167809098 0.015863929010371862 -0.18053657835105885 2.9468225960361569 -0.49848424844524403 -0.0057284607588875477 0.17554967854569306 -0.67983422129187876 0.068496990961147586 -0.0098836012312078832 0.44224980612303527 -0.51692760418457129 -0.98500435740762837 -0.32146768451503005 -0.017659571080097396
leaf_weight=45 61 74 73 172 1625 502 42 80 64 114 96 72 277 536
leaf_count=45 61 74 73 172 1625 502 42 80 64 114 96 72 277 536
internal_value=-0.000352113 0.00631579 0.0128889 -0.000736349 -0.00126433 -0.000864157 0.00308257 0.003525 0.00185915 0.0073743 -0.00372881 -0.00172043 -0.00416479 -0.00283784
internal_weight=3833 208 134 3625 3226 3054 544 399 354 178 176 2510 885 813
internal_count=3833 208 134 3625 3226 3054 544 399 354 178 176 2510 885 813
is_linear=0
shrinkage=0.03


Tree=167
num_leaves=15
num_cat=0
split_feature=53 68 3 83 65 82 83 76 57 33 3 3 76 48
split_gain=9.18258 11.4898 10.0759 8.62487 8.57059 13.5599 21.7866 21.5296 17.7666 15.3994 13.8403 14.273 14.1159 18.0874
threshold=10.500000000000002 0.17108313394211291 18.791666666656969 -341.56217813491816 0.92746073753046998 32.149947226047523 -106.98693823814391 292.69055223464972 7.5000000000000009 7.885504201680674 12.541666666656967 17.458333333343038 1867.9489187002184 32.815857688585922
decision_type=8 10 2 8 10 8 8 8 10 8 2 2 8 10
left_child=3 -2 -3 -1 5 6 7 -5 10 -9 -7 -12 -13 -14
right_child=1 2 -4 4 -6 8 -8 9 -10 -11 11 12 13 -15
leaf_value=-0.48229055352567685 0.022098904343777294 0.28191283077233681 1.9021690318392785 0.50947340179490297 -0.071141554105107613 -0.1011308353001351 -0.3022457018326884 0.49405184023511023 0.37038775800594625 -0.5936374512491277 0.38828801409574321 -0.62527912076904224 -0.51720587760094661 0.38460308485812594
leaf_weight=60 656 70 48 49 1160 303 422 70 457 114 222 49 41 122
leaf_count=60 656 70 48 49 1160 303 422 70 457 114 222 49 41 122
internal_value=0.000101457 0.00301935 0.0115966 -0.000635179 -0.000408638 0.000859459 -0.00260671 0.00474359 0.00276151 0 -0.000121951 0.00331034 -0.00225352 0.0020122
internal_weight=3843 774 118 3069 3009 1849 655 233 1194 184 737 434 212 163
internal_count=3843 774 118 3069 3009 1849 655 233 1194 184 737 434 212 163
is_linear=0
shrinkage=0.03


Tree=168
num_leaves=15
num_cat=0
split_feature=16 58 42 42 42 43 77 20 66 23 4 68 17 77
split_gain=8.39271 9.67762 9.26998 20.8989 19.5299 15.9433 16.56 14.7823 14.24 13.5833 12.6096 11.7127 11.6625 16.4185
threshold=47.500000000000007 182.97837388515475 39.35622692108155 48.624633669853218 23.187256574630741 569.51409323227188 -181.98115479946134 583.1989827156068 311.67719292640692 14.121639490127565 8.5000000000000018 0.036799898664323635 21.500000000000004 -241.54876583814618
decision_type=2 10 10 10 10 8 10 10 10 10 2 8 2 8
left_child=2 -2 4 -4 5 8 -7 12 9 -1 11 -8 -5 -14
right_child=1 -3 3 7 -6 6 10 -9 -10 -11 -12 -13 13 -15
leaf_value=0.082743579372556275 0.39051338621467963 0.005474229776749817 0.59337966849374346 0.25091685486813997 -0.4849311027733339 -0.0042467419489993575 -1.5869678064003216 -0.38339622056980488 -0.25347470078586271 -0.46785739440735763 -0.0071988459077030496 -0.1273949921277332 -0.55940434271382244 0.025793325318438816
leaf_weight=1196 41 80 122 238 199 287 102 225 51 61 61 40 88 1010
leaf_count=1196 41 80 122 238 199 287 102 225 51 61 61 40 88 1010
internal_value=-0.000118359 0.00762295 -0.000374898 0.00126485 -0.00175676 -0.000767093 -0.00537678 0.000326504 0.000962567 0.00159777 -0.0119118 -0.0167832 0.0015258 0.00021838
internal_weight=3801 121 3680 1683 1997 1798 490 1561 1308 1257 203 142 1336 1098
internal_count=3801 121 3680 1683 1997 1798 490 1561 1308 1257 203 142 1336 1098
is_linear=0
shrinkage=0.03


Tree=169
num_leaves=15
num_cat=0
split_feature=7 80 29 39 26 63 77 13 38 61 74 62 4 80
split_gain=8.95296 7.99499 20.6835 18.3951 16.4142 22.9116 16.2902 12.719 13.0594 12.535 11.2019 10.815 10.7682 11.9545
threshold=5790.6643919126518 85.216893911361709 0.95657137184832253 2396.2808199483848 89.500000000000014 31.86621221590277 13.541221737861635 150.00000000000003 3477.1059886250259 0.48809072996081565 31.83271653930807 0.084306685549691188 7.5000000000000009 164.24278211593631
decision_type=10 10 10 10 2 10 10 10 8 8 10 10 2 10
left_child=1 -1 3 6 5 9 7 8 11 -5 -4 -3 -6 -14
right_child=-2 2 10 4 12 -7 -8 -9 -10 -11 -12 -13 13 -15
leaf_value=-0.025164421499076186 0.33985992292218353 0.8010651854578783 -1.0838945234209576 -0.46979328541831139 -1.0491259201170045 1.711688174743375 1.8597618134662126 -0.45795125943477111 -0.39132807337713121 0.12496533908935493 0.1890602925691531 0.051964302730283921 0.74939761509612124 -0.8159660115787134
leaf_weight=2878 58 204 79 43 65 60 51 46 43 65 44 80 46 48
leaf_count=2878 58 204 79 43 65 60 51 46 43 65 44 80 46 48
internal_value=-0.000409341 -0.000591527 0.00192 0.00378989 -0.00155488 0.00497041 0.00790588 0.00569519 0.00777439 -0.00330275 -0.00943548 0.0101053 -0.0084375 -0.00189474
internal_weight=3810 3752 874 751 327 168 424 373 327 108 123 284 159 94
internal_count=3810 3752 874 751 327 168 424 373 327 108 123 284 159 94
is_linear=0
shrinkage=0.03


Tree=170
num_leaves=15
num_cat=0
split_feature=17 77 61 16 16 42 66 42 43 77 23 26 3 42
split_gain=11.5763 11.0933 11.283 9.36602 13.7863 8.82922 20.5948 14.5435 14.1175 14.3968 13.8833 13.8065 13.2937 11.692
threshold=71.500000000000014 107.6919767856598 0.019635874306476359 47.500000000000007 43.500000000000007 37.93373095989228 318.82500624656683 23.187256574630741 569.51409323227188 -69.801007568836198 14.121639490127565 67.500000000000014 23.125000000000004 48.624633669853218
decision_type=2 10 10 2 2 10 10 10 10 10 10 2 2 10
left_child=1 3 -3 4 5 6 7 8 9 10 -1 -11 13 -7
right_child=-2 2 -4 -5 -6 12 -8 -9 -10 11 -12 -13 -14 -15
leaf_value=0.031849409765982842 2.1927383639187354 -0.00051436969217938605 -0.55425444595524387 0.11248037497711645 -0.43888397079124569 0.61590793547779898 -0.73342945420322592 -0.44405562344824212 -0.090552275942808652 -0.27581359599388211 -0.7748441290112994 0.72581380113946092 -0.75463375561329327 0.041036000092547868
leaf_weight=989 40 83 69 102 58 121 67 172 393 40 41 199 76 1395
leaf_count=989 40 83 69 102 58 121 67 172 393 40 41 199 76 1395
internal_value=0.00024181 7.09406e-05 -0.00784314 0.000402299 0.000143581 0.000386377 -0.000993691 -0.000392371 0.000469032 0.00200787 0.000465567 0.008625 0.0020339 0.00264997
internal_weight=3845 3805 152 3653 3551 3493 1901 1834 1662 1269 1030 239 1592 1516
internal_count=3845 3805 152 3653 3551 3493 1901 1834 1662 1269 1030 239 1592 1516
is_linear=0
shrinkage=0.03


Tree=171
num_leaves=15
num_cat=0
split_feature=45 25 73 17 68 15 27 27 30 35 52 77 62 70
split_gain=9.28469 13.9047 12.4879 10.5954 9.63118 15.0728 17.0612 13.3809 11.0603 12.7612 11.3416 11.1346 11.3865 10.1415
threshold=5.5000000000000009 0.907192075796727 73.468693733215346 37.500000000000007 0.13302584971250184 14.500000000000002 0.92653804641122517 0.92325017325017333 22.050000000000004 17.074403254972882 1485.2769974470141 -184.56964433193204 -0.14803958964590966 0.91287878787878796
decision_type=8 10 10 2 10 2 10 10 10 8 10 10 10 8
left_child=1 3 4 -1 8 6 -6 -7 13 11 -11 12 -10 -2
right_child=2 -3 -4 -5 5 7 -8 -9 9 10 -12 -13 -14 -15
leaf_value=-0.029921862816813624 0.1245092089660407 -0.0086174603246999479 0.49261931500573203 -1.2715545822491845 -0.58966555914785512 0.61230753720740805 0.29485517370138453 -0.056812230684531215 0.41142229737487018 0.013203318518790062 -0.24165074746446236 -0.73870745917432823 -0.18980869188392785 -0.010145662666690196
leaf_weight=82 397 348 86 90 122 217 125 103 40 494 57 185 130 1344
leaf_count=82 397 348 86 90 122 217 125 103 40 494 57 185 130 1344
internal_value=-7.85135e-05 -0.00380038 0.000508937 -0.0107514 0.000205288 0.00375 -0.00181452 0.00803738 -0.000555136 -0.00324146 -0.000380435 -0.00766854 -0.00210526 0.000843858
internal_weight=3820 520 3300 172 3214 567 247 320 2647 906 551 355 170 1741
internal_count=3820 520 3300 172 3214 567 247 320 2647 906 551 355 170 1741
is_linear=0
shrinkage=0.03


Tree=172
num_leaves=15
num_cat=0
split_feature=82 65 15 0 77 18 26 39 15 30 43 74 68 77
split_gain=10.1878 9.98983 11.0225 9.33551 8.31276 17.5073 17.6236 16.4375 11.0839 9.17966 9.65672 8.73469 20.5276 21.3896
threshold=-249.37693162759143 1.1735353986299786 33.500000000000007 401.50000000000006 -244.4408195018768 1.0000000180025095e-35 74.500000000000014 3582.1060374382719 38.500000000000007 23.350000000000005 232.21576155352625 243.3351795038416 0.019299193235283337 -151.74329483509061
decision_type=8 10 2 2 8 2 2 10 2 10 10 8 8 8
left_child=-1 3 -3 4 5 6 7 -2 9 10 -8 12 -6 -14
right_child=1 2 -4 -5 11 -7 8 -9 -10 -11 -12 -13 13 -15
leaf_value=-0.76621448255726998 1.1231533102024545 -0.11286006835667467 -0.85769831352522008 0.76557787150530887 0.93842480018910313 -0.38823901777750564 -0.45599525401219387 -0.014842574609537891 0.23872758795336524 -0.48928351577700235 0.041640556001200868 0.0059689453468099746 0.93579091503957001 -0.11569186907772679
leaf_weight=40 53 113 46 69 126 92 82 55 40 63 104 2588 105 285
leaf_count=40 53 113 46 69 126 92 82 55 40 63 104 2588 105 285
internal_value=0.000240808 0.000400314 -0.0069375 0.000720721 0.000509182 -0.00312245 -0.000376884 0.00990826 -0.00424138 -0.0066 -0.00320856 0.00108213 0.00464217 0.00122762
internal_weight=3861 3821 159 3662 3593 489 397 108 289 249 186 3104 516 390
internal_count=3861 3821 159 3662 3593 489 397 108 289 249 186 3104 516 390
is_linear=0
shrinkage=0.03


Tree=173
num_leaves=15
num_cat=0
split_feature=28 82 31 28 72 81 77 31 36 29 41 83 79 16
split_gain=14.4165 9.00075 14.2699 8.66755 10.9823 10.5653 21.1672 16.9486 11.7395 11.4632 12.5832 13.2831 12.7461 17.1353
threshold=497.50000000000006 217.29711361726126 16.893201754385966 444.50000000000006 -35.324353337287896 8384.7217878103274 40.936418890953071 8.7236607142857157 0.17416582406471184 0.73396703798713858 -88.475959181785569 -290.90358495712275 11.331508571641569 1.0000000180025095e-35
decision_type=2 10 8 2 8 10 10 8 8 10 8 8 10 2
left_child=1 3 -3 5 -5 9 7 -7 -9 -1 -11 -12 -13 -14
right_child=-2 2 -4 4 -6 6 -8 8 -10 10 11 12 13 -15
leaf_value=0.052615186558375979 -1.2058619405107243 1.2462499906934896 -0.20088367898164428 0.44111423821221335 -0.012414346938476033 0.17884887664836555 -1.0181397435800825 0.050292014224597316 -0.3819915290290245 0.32397333891568736 -0.58204818900817989 -0.063911604011739204 -1.0141736346433372 0.10134154151785779
leaf_weight=313 40 110 67 52 54 191 62 156 376 266 57 1360 40 689
leaf_count=313 40 110 67 52 54 191 62 156 376 266 57 1360 40 689
internal_value=0.00013302 0.000324196 0.00691011 0 0.00841121 -0.000256337 -0.00332061 -0.00186464 -0.00461538 0.000627293 -7.45959e-05 -0.000838379 -0.000444976 0.00275342
internal_weight=3833 3793 177 3616 106 3510 785 723 532 2725 2412 2146 2089 729
internal_count=3833 3793 177 3616 106 3510 785 723 532 2725 2412 2146 2089 729
is_linear=0
shrinkage=0.03


Tree=174
num_leaves=15
num_cat=0
split_feature=81 67 39 67 80 31 8 68 84 44 8 27 7 83
split_gain=10.5733 8.72745 19.6977 13.73 11.9685 16.7376 11.7219 10.9103 11.1449 10.6507 9.88948 17.083 13.8661 11.8555
threshold=1546.7510825395586 202.58982433776072 2191.0083008002871 -239.93171453448676 252.25129950046542 19.177751196172256 4.1507830371045387 -0.029166942305912536 67.052789688110366 9.326516270637514 6.0885345621350027 0.98373876255949244 4437.9929638175536 -341.56217813491816
decision_type=8 8 10 10 10 8 10 10 10 8 8 10 10 8
left_child=-1 2 3 -2 10 -6 -4 8 -8 -5 13 12 -12 -3
right_child=1 4 6 9 5 -7 7 -9 -10 -11 11 -13 -14 -15
leaf_value=0.94252799431174816 -1.5755063239038976 -0.38586776021809654 -0.49066616348010805 -0.52171227894450933 1.942895187020935 -0.24883261806751533 0.07616715243160542 -0.42422816755724124 -0.56314987243853654 0.11399304616258463 0.38480462533583726 -0.45309594010722193 0.15189682613795927 0.0050610903668239756
leaf_weight=57 44 71 121 55 74 53 265 226 50 680 74 55 159 1840
leaf_count=57 44 71 121 55 74 53 265 226 50 680 74 55 159 1840
internal_value=0.000219608 2.38854e-05 -0.00180999 0.00142308 0.00116029 0.0100781 -0.00561086 -0.00370849 -9.49367e-05 0.00240489 0.000640909 0.00581315 0.00935897 -0.000141213
internal_weight=3824 3767 1441 779 2326 127 662 541 315 735 2199 288 233 1911
internal_count=3824 3767 1441 779 2326 127 662 541 315 735 2199 288 233 1911
is_linear=0
shrinkage=0.03


Tree=175
num_leaves=15
num_cat=0
split_feature=41 3 39 71 39 3 3 82 8 81 29 13 3 80
split_gain=8.91226 11.0883 11.2305 12.375 11.3663 11.0652 23.0468 14.9045 16.2957 10.6618 12.5988 10.3502 14.419 11.7788
threshold=408.78963303565985 21.041666666656969 4512.7353701189886 7.5000000000000009 2396.2808199483848 15.541666666656967 17.875000000000004 -45.480947335561112 4.6225040551306309 4817.2466622591028 0.92357745942400082 90.000000000000014 17.291666666656969 -71.240303993225083
decision_type=10 2 10 10 8 2 2 10 10 10 10 8 2 8
left_child=1 2 4 -4 11 -6 9 -8 -9 -7 -11 12 13 -1
right_child=-2 -3 3 -5 5 6 7 8 -10 10 -12 -13 -14 -15
leaf_value=0.818349535010786 -0.33403744871533492 0.29919170655599364 0.68027912027467397 0.0099659795687321428 -0.38486576122430127 0.91468334079497937 0.085803287837732445 -0.77349355339337111 0.064777066411388154 -0.13155217272407058 0.86272226548363862 -0.032752464197953107 -0.1508664422789909 0.11758542132153087
leaf_weight=47 102 352 80 340 594 46 49 59 43 43 42 1297 210 584
leaf_count=47 102 352 80 340 594 46 49 59 43 43 42 1297 210 584
internal_value=-3.08563e-05 0.000205968 -0.00031441 0.00427553 -0.000955224 -0.00383124 0.00106007 -0.00690789 -0.0133981 0.0102273 0.00383721 0.000224404 0.00281473 0.00507911
internal_weight=3888 3786 3434 420 3014 876 282 151 102 131 85 2138 841 631
internal_count=3888 3786 3434 420 3014 876 282 151 102 131 85 2138 841 631
is_linear=0
shrinkage=0.03


Tree=176
num_leaves=15
num_cat=0
split_feature=1 79 70 28 40 69 62 27 50 79 22 35 41 77
split_gain=10.8126 9.79981 12.0009 13.0075 13.0406 13.7655 12.0829 20.2632 10.9415 13.2892 12.3837 10.7483 11.55 9.1868
threshold=666.52870881557476 396.46469057803557 0.90454545454545465 204.50000000000003 1118.2691687039005 -234.91407021250899 -0.22587659593283352 0.93922076281889377 1543.0117584466936 12.005546052278056 2.1272863149642949 13.181424148606814 -63.826405286788933 60.856666743755348
decision_type=2 10 10 2 10 8 10 8 10 10 2 10 10 10
left_child=1 2 8 4 5 -4 -7 11 9 10 -1 12 -8 -5
right_child=-2 -3 3 13 -6 6 7 -9 -10 -11 -12 -13 -14 -15
leaf_value=-0.15416110153075543 -0.04296769327402411 -0.11980101350551656 0.22333071498933849 0.12185887628211958 0.35344539368123756 -0.54666932307015503 0.044896709398941463 0.21918398023609839 -0.045996426828336906 0.48396407967755517 0.1916463293277062 -0.11086334143547601 -0.81652685134275749 -0.55919751460569012
leaf_weight=122 1391 101 50 777 63 62 40 40 162 203 360 324 114 75
leaf_count=122 1391 101 50 777 63 62 40 40 162 203 360 324 114 75
internal_value=-1.5444e-05 0.0011668 0.00155453 -1.94049e-05 -0.00306916 -0.00437401 -0.00567986 -0.00416185 0.00442217 0.00607872 0.00335404 -0.00588727 -0.0123871 0.0024619
internal_weight=3884 2493 2392 1545 693 630 580 518 847 685 482 478 154 852
internal_count=3884 2493 2392 1545 693 630 580 518 847 685 482 478 154 852
is_linear=0
shrinkage=0.03


Tree=177
num_leaves=15
num_cat=0
split_feature=81 14 29 9 14 79 79 41 60 81 66 5 80 80
split_gain=8.23698 8.84081 12.3486 14.5655 10.7751 10.1825 15.1802 19.4202 13.7829 12.6663 10.4207 10.0769 8.95214 9.32547
threshold=1587.2678377628329 803.86820059012734 0.92283454408320442 210.00000000000003 1053.0138490644842 275.37175887992549 11.331508571641569 -75.437159538269029 -68.570379853248582 3259.223057866097 -272.3514158725738 52.454546213150032 -196.27006793022153 3.1373730897903447
decision_type=8 10 10 2 10 10 10 10 10 8 8 10 8 8
left_child=-1 5 4 -4 -3 6 7 8 10 -8 -2 -7 -9 -14
right_child=1 2 3 -5 -6 11 9 12 -10 -11 -12 -13 13 -15
leaf_value=0.82277717074225887 -0.667679017107765 0.12822057854380101 2.406732014102702 0.099750391570666716 -0.089777929826260441 0.027845879906820022 0.6609234802551941 0.17201646299059054 0.60436530795456744 0.035605257692972431 0.073628310856554427 -0.37353432916798496 -0.38831284760250212 -0.047345078368387764
leaf_weight=68 53 71 49 78 140 67 66 54 64 1162 337 100 413 1173
leaf_count=68 53 71 49 78 140 67 66 54 64 1162 337 100 413 1173
internal_value=0.000161704 -2.3511e-05 0.00460177 0.0119531 0.000141509 -0.000472779 -0.000108336 -0.0016611 0.00382418 0.00253865 0.00168798 -0.00767857 -0.00318099 -0.00359168
internal_weight=3895 3827 338 127 211 3489 3322 2094 454 1228 390 167 1640 1586
internal_count=3895 3827 338 127 211 3489 3322 2094 454 1228 390 167 1640 1586
is_linear=0
shrinkage=0.03


Tree=178
num_leaves=15
num_cat=0
split_feature=53 43 28 70 3 3 26 77 3 57 62 62 24 83
split_gain=10.4026 16.332 12.9663 15.2525 12.8683 15.5635 12.8129 12.4675 11.5697 18.6527 11.8715 15.24 12.3624 11.1944
threshold=9.5000000000000018 585.69449131104363 153.50000000000003 0.83974358974358987 10.625000000000002 15.375000000000002 139.50000000000003 -241.54876583814618 21.041666666656969 5.5000000000000009 0.3444667942400555 0.22518977033090751 32.500000000000007 -341.56217813491816
decision_type=10 10 2 8 2 2 2 8 2 10 10 10 2 8
left_child=1 13 3 -3 -4 -6 -7 -2 10 -10 11 12 -9 -1
right_child=7 2 4 -5 5 6 -8 8 9 -11 -12 -13 -14 -15
leaf_value=-0.46389069438472508 -0.087992007876799005 -0.055557427523545005 -0.0019516898471310506 0.13523267529563554 -1.1330509912717859 -0.44164292257661047 0.3025392668714918 -0.046853144654417471 2.2402184740311788 0.98477503652944187 -0.42258871396277242 1.2909515991558635 0.13836482801923522 0.0061357963031099414
leaf_weight=52 125 85 114 79 129 114 46 329 46 120 48 50 311 2205
leaf_count=52 125 85 114 79 129 114 46 329 46 120 48 50 311 2205
internal_value=-0.000163467 -0.00110442 -0.00565141 0.00145455 -0.0085396 -0.0118966 -0.00559006 0.00241748 0.00364641 0.0107784 0.00202977 0.00303907 0.00177847 3.98583e-05
internal_weight=3853 2824 567 164 403 289 160 1029 904 166 738 690 640 2257
internal_count=3853 2824 567 164 403 289 160 1029 904 166 738 690 640 2257
is_linear=0
shrinkage=0.03


Tree=179
num_leaves=15
num_cat=0
split_feature=4 83 49 1 62 31 37 0 85 52 31 23 64 60
split_gain=11.1952 16.7155 13.0121 15.1823 12.0314 16.3275 10.3052 10.0047 20.4299 11.5695 13.4222 13.2906 16.7601 11.8305
threshold=8.5000000000000018 -157.75662386417386 9.5000000000000018 823.1989827156068 0.056119710920715909 20.503225806451617 1259.9886078016009 -49.499999999999993 -24.627312620480854 52.685521960258491 1.0125000000000002 4.8354868888854989 5.4030782243559594 52.10211372375489
decision_type=2 8 10 2 10 10 10 2 10 10 10 10 10 8
left_child=2 -2 3 -1 5 -4 -6 8 -3 11 -11 12 -9 -12
right_child=1 7 4 -5 6 -7 -8 9 -10 10 13 -13 -14 -15
leaf_value=0.0068434221949750197 1.6073322654733555 0.081179905892184254 -0.19685394166253889 -0.35641663344022867 -0.42967696454157683 -1.0565604646771858 0.20355383996347842 -0.08143271321913019 0.61832083125140225 -0.072885039560417239 -0.055650265436911144 -0.18879482343724877 2.2324062156094513 0.52548923729679642
leaf_weight=2185 45 120 406 101 43 104 119 127 48 107 92 140 41 165
leaf_count=2185 45 120 406 101 43 104 119 127 48 107 92 140 41 165
internal_value=-0.000351197 0.00260722 -0.0012369 -0.000157411 -0.00490342 -0.00716243 0.00220859 0.0016409 0.00816568 0 0.00361644 -0.00427184 0.00142012 0.00732558
internal_weight=3843 885 2958 2286 672 510 162 840 168 672 364 308 168 257
internal_count=3843 885 2958 2286 672 510 162 840 168 672 364 308 168 257
is_linear=0
shrinkage=0.03


Tree=180
num_leaves=15
num_cat=0
split_feature=28 3 24 0 15 83 83 69 67 28 17 3 16 52
split_gain=9.22584 8.8721 15.3617 10.8797 9.99064 14.9164 11.7387 16.5664 13.3343 12.6439 15.7538 11.1083 10.1425 11.9795
threshold=485.00000000000006 1.5416666666569656 56.500000000000007 5.5000000000000009 31.500000000000004 65.390338897705092 65.390338897705092 -265.73906539253227 201.30084649210471 227.50000000000003 41.500000000000007 18.125000000000004 29.500000000000004 104.81441962718965
decision_type=2 2 2 2 2 10 8 10 10 2 2 2 2 10
left_child=1 2 3 -1 6 -6 7 9 -8 10 11 -3 13 -9
right_child=-2 4 -4 -5 5 -7 8 12 -10 -11 -12 -13 -14 -15
leaf_value=-0.0084752292842629421 -1.0687173304985462 0.53946727895911573 0.14345739892947731 -0.60405591019259897 0.19470193909882694 -0.11253171405914926 0.011289344137176771 -0.1931563713097193 1.0044485120716502 0.70413718976719708 -0.43410757536788741 -0.32895873836965206 -0.45651340174187094 0.083024341662500237
leaf_weight=68 50 124 56 89 378 92 1453 774 145 71 81 82 130 227
leaf_count=68 50 124 56 89 378 92 1453 774 145 71 81 82 130 227
internal_value=-0.000266946 -9.54654e-05 -0.00602804 -0.0108228 0.000261383 0.00433121 -0.000359456 -0.00227517 0.00142589 0.00334262 0.000520833 0.00492754 -0.00405477 -0.00302395
internal_weight=3820 3770 213 157 3557 470 3087 1489 1598 358 287 206 1131 1001
internal_count=3820 3770 213 157 3557 470 3087 1489 1598 358 287 206 1131 1001
is_linear=0
shrinkage=0.03


Tree=181
num_leaves=15
num_cat=0
split_feature=1 61 61 80 41 39 7 33 85 66 7 38 60 56
split_gain=12.6951 9.10778 8.40751 12.5449 12.3864 11.3663 13.8194 12.5026 10.5967 11.7554 10.2821 10.6862 13.1039 11.6881
threshold=837.52777552604687 0.013577608716249542 0.75195473014107395 -95.134021878242478 -13.012878775596617 2256.8327613916181 2673.3798137340277 8.1660618279569928 259.4983446995418 52.272919654846199 2606.7558994982614 2980.7214678306295 68.044518351554885 -12.025595506032305
decision_type=2 8 8 8 10 10 10 10 8 10 10 10 10 10
left_child=1 -1 5 4 -4 6 10 -7 -9 -10 11 12 13 -3
right_child=-2 2 3 -5 -6 7 -8 8 9 -11 -12 -13 -14 -15
leaf_value=0.1879906305204698 -0.33343501444106743 -0.12422390043704411 -0.17387571020259499 0.0019647762897976404 0.55203260705375246 0.2220674608971957 0.20487210015650684 -0.38759120937637281 -0.40737874054670903 0.084549268844403391 -0.39456855471131985 0.16640692738102114 0.024396874641392754 -0.96312967737044908
leaf_weight=398 117 91 62 1463 108 63 306 420 109 144 66 182 204 54
leaf_count=398 117 91 62 1463 108 63 306 420 109 144 66 182 204 54
internal_value=-0.000229673 8.17216e-05 -0.000439963 0.00108323 0.00877193 -0.00195732 0.000298673 -0.00472185 -0.00591988 -0.00106299 -0.00235786 -0.000958647 -0.00402857 -0.0108904
internal_weight=3787 3670 3272 1633 170 1639 903 736 673 253 597 531 349 145
internal_count=3787 3670 3272 1633 170 1639 903 736 673 253 597 531 349 145
is_linear=0
shrinkage=0.03


Tree=182
num_leaves=15
num_cat=0
split_feature=16 16 82 15 32 5 13 68 76 42 25 42 41 58
split_gain=10.6739 12.0568 19.9011 16.1053 13.6537 14.3967 11.5545 10.7337 13.966 16.6179 17.1259 13.9327 16.4289 14.203
threshold=1.0000000180025095e-35 12.500000000000002 -65.325080136458055 12.500000000000002 0.78362573099415223 174.46132993698123 210.00000000000003 -0.012305103167891501 1362.0650701522829 20.666925191879276 0.89915254237288156 27.345265626907352 82.898200035095229 28.628312587738041
decision_type=2 2 8 2 10 10 10 10 8 8 10 8 8 10
left_child=-1 2 3 -2 5 6 -4 8 9 -3 -11 -10 13 -13
right_child=1 7 4 -5 -6 -7 -8 -9 11 10 -12 12 -14 -15
leaf_value=-0.41793530418551544 0.13450133800181902 0.72078520346537389 0.12600535801304219 -0.77694332112992626 0.77904723997594916 -0.29321056549685137 -0.38081530899539984 -0.10113390142451688 -0.12255103849624817 -0.4153587241218018 0.28971784085726321 1.4234369807305269 -0.023268450528279902 0.056737361050011398
leaf_weight=151 45 218 1042 123 94 51 95 760 521 65 80 60 382 127
leaf_count=151 45 218 1042 123 94 51 95 760 521 65 80 60 382 127
internal_value=0.000487549 0.00081059 0.00293591 -0.00674556 0.00420889 0.00333053 0.00403339 -0.000582656 0.000928473 0.00601648 -0.00184932 -0.000769936 0.00247368 0.00973404
internal_weight=3814 3663 1450 168 1282 1188 1137 2213 1453 363 145 1090 569 187
internal_count=3814 3663 1450 168 1282 1188 1137 2213 1453 363 145 1090 569 187
is_linear=0
shrinkage=0.03


Tree=183
num_leaves=15
num_cat=0
split_feature=16 34 28 28 79 62 16 66 79 83 48 3 3 27
split_gain=9.48359 16.6444 15.1135 17.2951 15.7889 15.3193 14.539 14.1232 14.2939 14.004 13.4231 13.3968 17.6579 17.9714
threshold=12.500000000000002 0.67156862745098056 244.50000000000003 186.50000000000003 75.100698281818779 0.21978851306924133 20.500000000000004 -148.4691455364227 17.878144844068228 -185.05607068538663 20.232796192169193 17.208333333343038 12.208333333343036 0.89414877061935905
decision_type=2 8 2 2 10 10 2 10 8 8 10 2 2 10
left_child=1 9 3 4 6 7 -2 8 -4 -1 -6 12 -5 -14
right_child=2 -3 5 11 10 -7 -8 -9 -10 -11 -12 -13 13 -15
leaf_value=-0.81606025573318819 -0.088980418993815674 0.4404646254507949 0.70457805723639422 -0.4084949372470712 -1.8213425028783397 -0.76769776412008495 0.063239840579438905 -0.12477339947379831 0.0030966951231642622 0.020749838089718187 -0.068213776624180766 -0.68831534265509764 -0.5593727257461879 0.27571325064670288
leaf_weight=61 378 123 258 182 41 57 703 127 171 1392 65 131 42 121
leaf_count=61 378 123 258 182 41 57 703 127 171 1392 65 131 42 121
internal_value=0 0.00178821 -0.00123847 -0.00272236 -0.000782828 0.00278502 0.000304991 0.0043088 0.00690698 0.000887208 -0.0117757 -0.00754717 -0.00442197 0.0027439
internal_weight=3852 1576 2276 1663 1187 613 1081 556 429 1453 106 476 345 163
internal_count=3852 1576 2276 1663 1187 613 1081 556 429 1453 106 476 345 163
is_linear=0
shrinkage=0.03


Tree=184
num_leaves=15
num_cat=0
split_feature=81 17 76 75 53 29 48 69 63 39 39 7 82 71
split_gain=10.3218 9.35226 8.62771 12.2884 10.0105 16.9882 11.0068 11.0093 8.32501 19.0526 8.53367 9.05527 8.62005 7.83651
threshold=1639.4267635345461 71.500000000000014 1090.5480399131777 743.50000000000011 5.5000000000000009 0.87533783783783792 145.85433439413711 -29.792071955132133 -256.68585531694526 2541.5682582444447 148.32460876185021 5123.2697457641034 60.036110917727164 14.500000000000002
decision_type=8 2 10 10 8 8 8 8 8 10 8 8 8 10
left_child=-1 2 4 -4 5 -2 7 -7 9 -6 -10 -12 -13 -9
right_child=1 -3 3 -5 8 6 -8 13 10 -11 11 12 -14 -15
leaf_value=0.73223480363367055 -2.3469029601686486 1.5543508779745605 0.91313639263936408 0.01791017943951715 0.52330038644890409 0.015095796698803845 0.47166833832745808 -0.48746427954378402 -0.32210428284750803 -0.39609021369828157 -0.020425589073749747 1.733201416845831 0.027402134944910585 -0.10352816995637147
leaf_weight=87 62 41 67 229 104 116 53 78 58 59 2659 43 177 42
leaf_count=87 62 41 67 229 104 116 53 78 58 59 2659 43 177 42
internal_value=-0.000270898 -0.00050673 -0.000664354 0.00424242 -0.00108633 -0.00588068 -0.0027931 -0.00556962 -0.000541761 0.00603659 -0.000908781 -0.000677083 0.00515837 -0.0119008
internal_weight=3875 3788 3747 296 3451 351 289 236 3100 163 2937 2879 220 120
internal_count=3875 3788 3747 296 3451 351 289 236 3100 163 2937 2879 220 120
is_linear=0
shrinkage=0.03


Tree=185
num_leaves=15
num_cat=0
split_feature=3 14 8 83 24 41 44 59 53 80 70 29 16 29
split_gain=10.618 9.69425 14.4733 12.0071 9.29217 8.86956 17.5573 11.044 16.2361 11.3975 17.4257 15.8268 15.024 13.6522
threshold=1.5416666666569656 259.71036186926204 3.7023196081384389 -20.739337682723995 84.500000000000014 405.10230302810675 1423.0636982917788 -1502.5054835081098 17.500000000000004 105.73080992698671 0.91987179487179505 0.95657137184832253 9.5000000000000018 0.92316915698210678
decision_type=2 10 10 10 2 10 10 8 10 10 10 10 2 10
left_child=1 -1 -3 -4 5 7 -7 -2 9 10 -9 12 -11 -14
right_child=4 2 3 -5 -6 6 -8 8 -10 11 -12 -13 13 -15
leaf_value=0.12232227187371023 -0.14722129109237883 -0.71467983967165494 0.033778838787968328 -0.27094705886902209 -0.29579529534072618 -0.74158554827164558 0.1784662463237644 0.047444045223807123 0.28301977225142266 0.97726834787316685 -0.044797860257725884 -0.47553457103558583 -0.039581210683728343 0.81805062759398006
leaf_weight=41 174 41 74 54 61 48 40 821 42 197 1754 71 220 160
leaf_count=41 174 41 74 54 61 48 40 821 42 197 1754 71 220 160
internal_value=0 -0.00654028 -0.00970588 -0.00465116 0.000384508 0.000586735 -0.00876404 0.000828488 0.00122168 0.000977047 8.15217e-05 0.00453005 0.00617647 0.00267717
internal_weight=3798 210 169 128 3588 3527 88 3439 3265 3223 2575 648 577 380
internal_count=3798 210 169 128 3588 3527 88 3439 3265 3223 2575 648 577 380
is_linear=0
shrinkage=0.03


Tree=186
num_leaves=15
num_cat=0
split_feature=0 67 38 46 71 60 36 45 81 28 73 28 28 81
split_gain=7.87223 13.8612 13.1107 16.9098 17.593 12.821 12.6458 11.594 11.5804 12.7307 10.3386 10.696 12.2407 10.8212
threshold=77.500000000000014 242.85366642475134 2487.7218150629637 1110.0000000000002 14.500000000000002 545.25383734703075 0.32630878438331862 10.500000000000002 7079.9755653142938 163.50000000000003 8.8526407480239886 255.50000000000003 278.50000000000006 26965.108477473263
decision_type=2 10 8 10 8 10 10 8 10 2 10 2 2 10
left_child=1 5 6 8 -5 10 -2 -8 -4 -10 11 13 -13 -1
right_child=2 -3 3 4 -6 -7 7 -9 9 -11 -12 12 -14 -15
leaf_value=-0.052990391070805637 -0.29090117264148746 -0.51657397972625674 0.43186191783397182 -0.58750386031756507 0.11865260371749893 0.61847232355365833 -0.02418690377753837 1.1316540216320357 0.4135572337070676 -0.48880775477899502 0.074584397661737079 0.50411238599880337 -0.0010483336189989244 -0.653738252737597
leaf_weight=1396 117 69 467 59 59 92 318 84 72 118 545 73 285 48
leaf_count=1396 117 69 467 59 59 92 318 84 72 118 545 73 285 48
internal_value=0 -0.00098047 0.00189961 0.00436856 -0.00605042 -0.000602459 -0.00178846 0.000744417 0.0062462 0 -0.00103492 -0.00212978 0.00250696 -0.00328028
internal_weight=3802 2508 1294 775 118 2439 519 402 657 190 2347 1802 358 1444
internal_count=3802 2508 1294 775 118 2439 519 402 657 190 2347 1802 358 1444
is_linear=0
shrinkage=0.03


Tree=187
num_leaves=15
num_cat=0
split_feature=67 34 79 73 68 66 60 36 50 16 54 41 63 79
split_gain=9.04216 10.1489 11.2838 11.1979 11.4138 12.2501 16.4538 11.409 11.0225 12.4555 10.1874 9.40966 16.3758 9.11206
threshold=-261.95527132919852 0.2228132387706856 275.37175887992549 44.872095584869392 0.13451013757252409 -110.05908977985381 393.46554112434393 0.20284787676092028 62.978373885154731 6.5000000000000009 930.00000000000011 54.211368560791023 -21.385027240972118 13.898947482507172
decision_type=8 8 10 10 8 10 8 10 10 2 10 10 10 8
left_child=-1 3 -3 4 5 7 -7 10 -6 -10 11 12 13 -2
right_child=1 2 -4 -5 8 6 -8 -9 9 -11 -12 -13 -14 -15
leaf_value=-0.79042939685611169 0.45731012535791293 -0.011094873336234779 -0.25430757841055496 0.6885744676706782 0.5889927558783844 -0.0093271965735916094 -0.54484073990233628 -0.074946030181655479 0.13663338463085081 -0.039674287030560904 -0.029952307480462861 0.46064499484725296 -0.14472909793161931 0.042590886372546544
leaf_weight=69 99 2245 108 46 117 466 57 161 80 106 69 52 47 90
leaf_count=69 99 2245 108 46 117 466 57 161 80 106 69 52 47 90
internal_value=-3.14713e-05 0.000168269 -0.00103229 0.00219986 0.00169517 0.000201536 -0.00303435 0.00346821 0.00680921 0.00224599 0.00645251 0.00892734 0.00632911 0.0102632
internal_weight=3812 3743 2353 1390 1344 1041 523 518 303 186 357 288 236 189
internal_count=3812 3743 2353 1390 1344 1041 523 518 303 186 357 288 236 189
is_linear=0
shrinkage=0.03


Tree=188
num_leaves=15
num_cat=0
split_feature=81 79 1 77 76 77 68 15 81 50 30 35 35 43
split_gain=8.42908 19.2578 13.6541 13.4602 21.5394 18.7302 15.273 13.4056 14.2982 16.1687 12.2465 12.2179 15.0414 13.743
threshold=3259.223057866097 52.721247598201387 609.24851906299602 55.317304134368904 159.44806933403018 22.592483520507816 0.13920371705791459 27.500000000000004 4022.8917257785802 1807.6657204627993 22.050000000000004 25.114858156028372 15.579128550794415 326.24300136081325
decision_type=10 10 2 10 10 8 8 2 10 10 10 10 8 10
left_child=2 3 -1 5 -5 6 10 8 -8 -10 -2 12 -7 -14
right_child=1 -3 -4 4 -6 11 7 -9 9 -11 -12 -13 13 -15
leaf_value=0.40093679040829111 -0.049868743954090751 -0.34151877388925722 0.0061245642287554285 -1.150099516690964 0.54344036103975824 0.072056080714502424 -0.32943346289098291 0.977250496007671 0.24147778493048211 -0.28468058839958604 -0.29042705319384277 -0.35959427893698309 1.558751078744876 0.45980759120518094
leaf_weight=121 822 116 1222 81 40 256 84 45 390 103 337 43 72 114
leaf_count=121 822 116 1222 81 40 256 84 45 390 103 337 43 72 114
internal_value=-0.000421107 -0.00144968 0.00149554 -0.000866834 -0.0105738 -0.000344067 -0.00176768 0.00202247 0.000778547 0.00273279 -0.00380172 0.00487654 0.00636569 0.0128342
internal_weight=3846 2503 1343 2387 121 2266 1781 622 577 493 1159 485 442 186
internal_count=3846 2503 1343 2387 121 2266 1781 622 577 493 1159 485 442 186
is_linear=0
shrinkage=0.03


Tree=189
num_leaves=15
num_cat=0
split_feature=67 70 81 79 79 38 76 81 15 36 82 70 26 61
split_gain=9.54401 7.8092 15.4715 14.6629 18.2005 14.1869 17.4475 15.497 12.612 12.1031 11.0374 10.6493 10.298 10.2731
threshold=-261.95527132919852 0.91287878787878796 1639.4267635345461 396.46469057803557 10.724888020592759 3457.0538829345965 159.44806933403018 5046.2390958070764 38.500000000000007 0.10045871559633029 67.015349348386152 0.83974358974358987 109.50000000000001 0.018699945260673201
decision_type=8 10 8 10 10 10 10 8 2 10 8 10 2 8
left_child=-1 3 -3 4 -2 8 7 -7 -4 -9 11 -6 -10 -11
right_child=1 2 5 -5 10 6 -8 9 12 13 -12 -13 -14 -15
leaf_value=-1.0371609932881154 0.00025076001196909113 0.82788133767311478 -0.10742154546101161 -0.15915885253216355 0.44188742531690661 -0.31742775242133248 0.55671375633532771 0.35735965604561498 0.89591277686329418 0.61865633014010912 0.024973638514859571 -0.011194577022970484 0.0062582762405624945 -0.012952543736022832
leaf_weight=62 788 81 1504 100 208 91 110 53 45 43 267 46 95 292
leaf_count=62 788 81 1504 100 208 91 110 53 45 43 267 46 95 292
internal_value=0.000150555 0.000346402 -0.000725702 0.00210638 0.0029542 -0.00119517 0.00279661 0.0003125 -0.00262614 0.00293059 0.00729885 0.0117647 0.00595745 0.000803571
internal_weight=3785 3723 2314 1409 1309 2233 589 479 1644 388 521 254 140 335
internal_count=3785 3723 2314 1409 1309 2233 589 479 1644 388 521 254 140 335
is_linear=0
shrinkage=0.03


Tree=190
num_leaves=15
num_cat=0
split_feature=7 36 39 8 31 67 36 68 35 28 59 27 16 16
split_gain=8.77705 12.5716 11.6584 17.3403 26.547 14.7141 19.8163 13.3073 12.5381 12.5269 15.0444 19.0395 18.1308 11.8276
threshold=5195.1445863448107 0.28524124881740781 2345.9196444808044 4.1116967280546719 18.963571428571431 119.26038452456979 0.18063922356091033 -0.20227084651936897 16.323154729360311 224.50000000000003 178.0279076099396 0.98473193473193488 7.5000000000000009 5.5000000000000009
decision_type=10 10 10 10 8 8 10 8 10 2 8 10 2 2
left_child=2 -2 3 8 -5 6 13 -7 9 10 12 -12 -1 -4
right_child=1 -3 5 4 -6 7 -8 -9 -10 -11 11 -13 -14 -15
leaf_value=0.12245243630729916 0.00097698576917575335 1.0767088003395551 -0.6227756450741182 0.52277914123116809 -0.11127988054254498 -0.69236494316940067 -0.54866926448818387 0.0039808751792012945 0.11192699477179642 0.047050358358474251 0.27310288934994237 -0.45360398903743021 -0.41171180228091619 0.026245455693191796
leaf_weight=144 105 59 46 300 105 53 266 896 380 476 164 120 532 144
leaf_count=144 105 59 46 300 105 53 266 896 380 476 164 120 532 144
internal_value=-0.000221577 0.00654545 -0.000529363 0.000823582 0.00642857 -0.00266714 -0.00708972 -0.000536842 -0.000429279 -0.0017119 -0.00368366 0.00210526 -0.00611521 0.000314136
internal_weight=3790 164 3626 2221 405 1405 456 949 1816 1436 960 284 676 190
internal_count=3790 164 3626 2221 405 1405 456 949 1816 1436 960 284 676 190
is_linear=0
shrinkage=0.03


Tree=191
num_leaves=15
num_cat=0
split_feature=3 8 38 60 7 33 82 17 28 26 27 15 31 60
split_gain=11.1871 18.4863 20.906 13.6249 12.7715 16.8224 14.9469 11.9956 18.0605 17.9426 16.7999 11.917 17.1634 11.5144
threshold=15.708333333343036 3.8833298171836903 3879.7899791111604 650.78323733806621 2499.8630591298938 22.434583333333336 141.82012351353964 27.500000000000004 165.50000000000003 163.50000000000003 0.9148111495959097 17.500000000000004 18.108333333333338 270.56831526756292
decision_type=2 10 10 10 10 10 10 2 2 2 10 2 10 10
left_child=4 2 3 -2 5 6 -1 10 -9 11 -3 -10 -13 -6
right_child=1 7 -4 -5 13 -7 -8 8 9 -11 -12 12 -14 -15
leaf_value=-0.02135060074671729 -0.16470418979628854 0.00060034155997754188 0.54198548420064308 0.42389500474575065 -0.03331399080790888 0.46430900503032685 1.2211183627443762 0.34068933511798194 -0.82510483113789457 0.82778756517533048 1.3365816011140983 0.18105794634502786 -0.75529585566035973 -0.63160544766427784
leaf_weight=767 676 75 62 60 1343 65 72 234 74 53 121 131 51 113
leaf_count=767 676 75 62 60 1343 65 72 234 74 53 121 131 51 113
internal_value=-0.000177014 0.00181404 -0.00135169 -0.00276798 -0.00147395 0.00132597 0.000178571 0.00522973 0.00292279 -0.00183871 0.0115736 -0.00513619 -0.000983607 -0.00321208
internal_weight=3897 1537 798 736 2360 904 839 739 543 309 196 256 182 1456
internal_count=3897 1537 798 736 2360 904 839 739 543 309 196 256 182 1456
is_linear=0
shrinkage=0.03


Tree=192
num_leaves=15
num_cat=0
split_feature=73 83 7 28 39 38 82 15 82 14 14 0 83 36
split_gain=8.9143 7.22305 9.6476 7.22031 7.68236 19.9861 15.0236 14.0773 15.5839 13.615 15.107 10.5709 9.22235 10.2632
threshold=149.10814034938815 -269.54037213325495 2021.0375052220036 491.50000000000006 2396.2808199483848 3968.7319088716904 -2.964902818202972 38.500000000000007 52.656770169734962 803.86820059012734 872.52101336059934 385.50000000000006 -127.08978462219237 0.14916102716232504
decision_type=10 8 10 2 8 10 10 2 8 8 10 2 10 8
left_child=1 2 -1 4 5 7 -7 -3 -9 11 -11 -6 13 -12
right_child=-2 3 -4 -5 9 6 -8 8 -10 10 12 -13 -14 -15
leaf_value=-0.53522022444252648 0.84982958601885361 -0.0036233787657776162 0.082444337316715063 -0.85818038978329192 -0.064221468564535478 0.10895384406936903 1.9053108543839061 0.73314507202734225 -0.013848627586500867 1.120669827974099 -0.035345959825301962 0.64972783578832805 -0.26307238577380443 0.47915456351834479
leaf_weight=89 41 1818 61 44 1194 85 59 76 70 52 53 50 55 61
leaf_count=89 41 1818 61 44 1194 85 59 76 70 52 53 50 55 61
internal_value=-0.000173274 -0.000326433 -0.00675497 -5.80431e-05 9.23335e-05 0.00125178 0.012 0.000458015 0.00938776 -0.00157572 0.00527027 -0.00279518 0.000882353 0.00573913
internal_weight=3808 3767 150 3617 3573 2108 144 1964 146 1465 221 1244 169 114
internal_count=3808 3767 150 3617 3573 2108 144 1964 146 1465 221 1244 169 114
is_linear=0
shrinkage=0.03


Tree=193
num_leaves=15
num_cat=0
split_feature=1 81 29 70 45 83 3 68 29 48 81 69 70 34
split_gain=13.8504 13.3192 12.2734 9.97981 16.6493 11.3139 9.7096 11.119 15.4615 10.8738 9.73922 12.0595 11.6724 13.7951
threshold=794.27329885959637 1546.7510825395586 0.91632632649319057 1.0000000180025095e-35 17.500000000000004 -359.24796485900873 6.0416666666569663 -0.07234506919405026 0.93201941747572825 2.825431148211162 17718.926158666614 -214.43375335566364 0.91287878787878796 0.16774891774891779
decision_type=2 8 10 8 10 8 2 10 10 10 10 10 10 10
left_child=1 -1 -2 -3 5 -5 7 8 -7 -10 12 -12 -8 -14
right_child=2 3 -4 4 -6 6 10 -9 9 -11 11 -13 13 -15
leaf_value=0.91266178394805897 -0.017867751608116073 -0.048706361657253741 -0.48086410604927976 -0.41681574005059635 0.34630450703811383 0.11829576309031158 0.11345536925269684 -0.3079397489225294 -1.1452103156471156 0.0050088752020889422 -2.0299189829096633 -0.047945941491052933 0.1252753173417179 -0.062112686766864475
leaf_weight=57 76 208 79 40 67 94 921 150 40 40 44 126 458 1474
leaf_count=57 76 208 79 40 67 94 921 150 40 40 44 126 458 1474
internal_value=-0.000665806 -0.000298387 -0.00942308 -0.000524161 -0.000138929 -0.000433884 -0.000241935 -0.00516923 0 -0.00962963 0.000287698 -0.00666667 0.000704275 -0.000620797
internal_weight=3874 3719 155 3662 3454 3387 3347 324 174 80 3023 170 2853 1932
internal_count=3874 3719 155 3662 3454 3387 3347 324 174 80 3023 170 2853 1932
is_linear=0
shrinkage=0.03


Tree=194
num_leaves=15
num_cat=0
split_feature=4 67 0 72 36 64 85 14 52 77 23 37 64 77
split_gain=8.57365 17.7018 14.4383 11.7681 19.2138 17.0657 16.9733 14.0375 12.4609 12.4366 11.5116 14.6134 11.5597 11.0258
threshold=7.5000000000000009 -184.14710521099093 155.50000000000003 11.597105622291567 0.20080645161290325 4.4641757520933742 -8.1164813041686994 287.24567113019685 13.518291831016542 -184.56964433193204 4.8354868888854989 1674.6610848626906 4.1945564833185127 -144.83976620435712
decision_type=2 8 2 8 8 8 10 10 8 10 10 10 10 10
left_child=1 -1 3 4 5 -2 -6 -5 -9 -8 -10 12 -12 -3
right_child=2 13 -4 7 6 -7 9 8 10 -11 11 -13 -14 -15
leaf_value=-1.6317184695232747 -0.079759321326589569 0.011007432413242991 0.63017693202411917 -0.13758733202139073 -0.09681023461426555 0.5846593408011358 0.68472753983096546 -0.52597491644655547 0.36838222802807052 -0.023113127223173872 -0.012581930969172523 -0.37754173455482348 0.52772790543294246 -0.1272429113545111
leaf_weight=74 59 1006 302 296 254 137 50 47 237 62 269 79 40 890
leaf_count=74 59 1006 302 296 254 137 50 47 237 62 269 79 40 890
internal_value=-0.000331317 -0.00170472 0.00114566 -3.91901e-05 0.0034103 0.0109645 -0.000653951 -0.00204334 0.000356612 0.00902655 0.00148562 -0.00169666 0.00125806 -0.00113864
internal_weight=3802 1970 1832 1530 562 196 366 968 672 112 625 388 309 1896
internal_count=3802 1970 1832 1530 562 196 366 968 672 112 625 388 309 1896
is_linear=0
shrinkage=0.03


Tree=195
num_leaves=15
num_cat=0
split_feature=6 81 48 66 76 29 8 82 61 16 82 62 37 3
split_gain=9.26026 13.6833 11.3639 13.5518 13.5138 11.2784 10.6325 10.1654 9.31064 8.75045 13.5736 10.4378 7.77151 7.59914
threshold=690.00000000000011 4792.6585782766351 15.687763532002768 -105.06042540073393 396.68912208080297 0.68937181663837022 4.1507830371045387 40.087382753690086 0.62473501678392218 12.500000000000002 -8.5624464352925589 0.025903682046346656 271.85735962849452 5.2083333333430355
decision_type=10 8 8 8 8 10 8 8 8 2 8 10 10 2
left_child=1 -1 3 7 -5 13 -6 -3 -8 10 -7 12 -11 -4
right_child=-2 2 5 4 6 9 8 -9 -10 11 -12 -13 -14 -15
leaf_value=0.21406388917702671 -0.021163942650726922 0.50566286754584711 0.014289034399747614 0.1356078147437384 -0.8091101881528574 -0.14048106150056219 -0.022889109712286665 -0.047703566445116183 -0.27794121932994104 -0.42676231389272301 0.31793113048786786 -0.41083573852422434 0.35163928257007482 0.45363482869600802
leaf_weight=405 2382 63 55 53 59 42 106 87 73 54 162 95 157 79
leaf_count=405 2382 63 55 53 59 42 106 87 73 54 162 95 157 79
internal_value=-0.000123935 0.00173038 -2.76243e-05 -0.00373303 -0.0075 0.00251163 -0.0105439 0.00357616 -0.00683333 0.000469667 0.00526829 -0.00273616 0.000990566 0.0102222
internal_weight=3872 1490 1085 441 291 644 238 150 179 510 204 306 211 134
internal_count=3872 1490 1085 441 291 644 238 150 179 510 204 306 211 134
is_linear=0
shrinkage=0.03


Tree=196
num_leaves=15
num_cat=0
split_feature=67 69 43 16 82 41 61 61 62 80 52 23 24 23
split_gain=12.3095 10.3403 9.63568 7.73693 15.8004 7.58715 7.0566 9.41381 11.0717 7.61348 11.8498 9.35953 8.90338 6.97298
threshold=-261.95527132919852 -246.36992301137263 503.53981258949312 1.0000000180025095e-35 79.289564470450088 -129.9109020233154 0.025519044153806941 0.0576778161135948 0.013512008517389118 -26.472220659255978 18.17780697345734 4.819208264350892 28.500000000000004 2.3507149219512944
decision_type=8 8 10 2 8 10 8 8 10 10 10 10 2 10
left_child=-1 2 -2 4 -3 -4 9 8 -8 11 13 -5 -13 -11
right_child=1 3 5 6 -6 -7 7 -9 -10 10 -12 12 -14 -15
leaf_value=-1.1755597147335728 0.82723338607279895 -0.88494981747299684 0.065602148496997609 0.11193433623462092 -0.021349710587410298 -0.23543170409343592 -0.42281631448891116 -0.0076317439064045086 0.0031638217107205521 0.17108412246616936 0.58127165267379755 0.012447202278348489 -0.59156342446321319 -0.76460042752856305
leaf_weight=63 99 43 59 103 85 40 105 2858 84 43 164 62 55 44
leaf_count=63 99 43 59 103 85 40 105 2858 84 43 164 62 55 44
internal_value=-0.000545036 -0.000327698 0.00633166 -0.000690979 -0.00790698 -0.0003 -0.000426257 -0.000954724 -0.00742105 0.00298729 0.00654762 -0.00108597 -0.00686441 -0.00238636
internal_weight=3907 3844 198 3646 128 99 3518 3047 189 471 251 220 117 87
internal_count=3907 3844 198 3646 128 99 3518 3047 189 471 251 220 117 87
is_linear=0
shrinkage=0.03


Tree=197
num_leaves=15
num_cat=0
split_feature=67 1 73 77 83 72 52 22 23 4 25 77 35 68
split_gain=8.86423 7.71701 10.2097 8.48329 9.20937 11.0017 9.26938 8.43106 7.85414 8.73605 12.0073 13.9314 11.477 17.6528
threshold=596.58559644527941 743.82469952106487 73.468693733215346 11.347275078296663 -53.365219950675957 -139.7452458143234 64.734095692634597 5.0054835081100473 3076.0000000000005 8.5000000000000018 0.97315315315315332 -149.14443445205686 18.06018107908352 -0.0068633183697481776
decision_type=10 2 10 8 8 10 10 2 8 2 10 10 8 10
left_child=1 2 8 4 6 -6 -3 -5 9 10 -1 -12 -11 -14
right_child=-2 3 -4 7 5 -7 -8 -9 -10 12 11 -13 13 -15
leaf_value=-0.030198645670076393 0.49646423499340586 -0.24628548316608576 0.41079212710083213 -0.1520490360196157 -0.50340147122542933 0.0041645317426144144 0.26837163300004774 0.15901207146927032 -0.027182904176696335 0.0034980865727991476 0.42230937793537943 -0.015188134393873795 0.41403997515103652 -0.058864096972410809
leaf_weight=2046 118 40 98 65 117 47 49 54 45 497 200 197 188 60
leaf_count=2046 118 40 98 65 117 47 49 54 45 497 200 197 188 60
internal_value=7.84929e-06 -0.00025108 0.000207083 -0.00434316 -0.00744094 -0.0116364 0.000333333 0.00225 -8.34879e-05 9.40734e-05 -0.000773322 0.00399497 0.00293566 0.00819277
internal_weight=3821 3703 3331 372 253 164 89 119 3233 3188 2443 397 745 248
internal_count=3821 3703 3331 372 253 164 89 119 3233 3188 2443 397 745 248
is_linear=0
shrinkage=0.03


Tree=198
num_leaves=15
num_cat=0
split_feature=78 76 66 32 42 42 42 53 24 3 31 77 16 30
split_gain=9.92935 12.0162 10.9973 9.93052 9.83371 13.995 13.454 13.0757 13.9012 13.5807 12.2637 11.9342 9.77959 17.2872
threshold=0.70833333333333337 166.79329514503482 -152.39769208431241 0.10620300751879701 37.93373095989228 30.948175072669986 48.624633669853218 10.500000000000002 51.500000000000007 16.708333333343038 16.280769230769234 -100.32442498207091 9.5000000000000018 25.850000000000005
decision_type=8 8 8 8 10 10 10 10 2 2 10 8 2 10
left_child=1 -1 -3 -4 5 -2 11 8 12 -9 -10 -6 -8 -14
right_child=4 2 3 -5 6 -7 7 9 10 -11 -12 -13 13 -15
leaf_value=-0.70582909358830026 -0.0078181511890630245 -0.45786118330907843 0.18895050429687174 -0.043111675612824314 0.95444668689509882 -0.52023771281182241 0.24965797582572313 0.0093194766614324506 -0.734492614692695 1.0625252128795915 -0.025751561507375696 -0.012439203558984891 0.024895874077819825 -0.47068596246948574
leaf_weight=44 1593 63 115 529 76 78 223 189 65 154 91 40 479 102
leaf_count=44 1593 63 115 529 76 78 223 189 65 154 91 40 479 102
internal_value=-0.000538782 -0.00363032 -0.00266949 -0.00148837 0.000213523 -0.00134569 0.0020493 0.00117331 -0.00062435 0.00619186 -0.00878981 0.0117949 0.000968944 -0.00108247
internal_weight=3841 751 707 644 3090 1671 1419 1303 960 343 156 116 804 581
internal_count=3841 751 707 644 3090 1671 1419 1303 960 343 156 116 804 581
is_linear=0
shrinkage=0.03


Tree=199
num_leaves=15
num_cat=0
split_feature=1 0 80 77 77 71 40 46 3 60 50 36 16 82
split_gain=9.86622 9.74762 14.6116 10.1727 11.5072 9.73678 9.32973 16.3757 9.06011 8.65396 8.81746 8.33377 8.10278 7.91956
threshold=682.4528832435609 183.50000000000003 11.971826672554018 29.977396488189701 282.09704130887991 15.500000000000002 47.499793762746727 930.00000000000011 18.541666666656969 -134.91144776344296 2936.9026728868489 0.90098039215686287 47.500000000000007 46.319724400838219
decision_type=2 2 8 8 8 10 10 10 2 8 10 10 2 10
left_child=1 5 -3 8 -5 6 7 -1 -4 -8 12 -9 -11 -2
right_child=13 2 3 4 -6 -7 9 11 -10 10 -12 -13 -14 -15
leaf_value=0.50925888931808039 -0.071138991992393041 -0.43921466627831574 0.57620355013951319 -0.19785870904309263 1.1133847560148069 -0.13251631200382638 -0.74733332840122479 -0.57325358080781053 2.2269064089384298 0.006066886831389162 -0.43178535256638362 0.19635040711895341 0.15419317610564845 0.027552226591329009
leaf_weight=175 918 85 93 71 56 202 70 50 62 1506 40 78 52 348
leaf_count=175 918 85 93 71 56 202 70 50 62 1506 40 78 52 348
internal_value=3.15209e-05 0.0011098 0.005625 0.00890459 0.00257812 0.000344986 0.000988844 0.00582237 0.0140385 0.000107849 0.000562852 -0.00232558 0.000923669 -0.00213102
internal_weight=3806 2540 367 282 127 2173 1971 303 155 1668 1598 128 1558 1266
internal_count=3806 2540 367 282 127 2173 1971 303 155 1668 1598 128 1558 1266
is_linear=0
shrinkage=0.03


Tree=200
num_leaves=15
num_cat=0
split_feature=17 65 39 38 16 60 7 77 26 31 61 63 17 15
split_gain=10.8764 7.84512 13.4563 12.862 18.4787 14.079 15.109 17.3068 15.2342 12.7503 12.4676 11.4381 11.3581 13.3893
threshold=3.5000000000000004 0.92926644237299272 2381.6430426309776 2538.7219504540558 7.5000000000000009 493.56062042713171 3872.4679407200251 -102.02179950475691 64.500000000000014 17.101785714285722 0.2305562904612882 73.15552321970145 24.500000000000004 37.500000000000007
decision_type=2 10 10 10 2 10 8 8 2 10 10 10 2 2
left_child=-1 3 9 4 -2 6 8 -8 -6 -3 -10 -12 -4 -14
right_child=1 2 12 -5 5 -7 7 -9 10 -11 11 -13 13 -15
leaf_value=-0.7555500746029814 0.42452345096171817 0.10337389421542724 -1.1140903113987874 0.052422958630446062 -0.41438767406740379 0.28369509809105586 1.066889898617456 -0.0058064080150703962 0.0012880725709170171 -0.17800105909250297 -0.5859235267015086 -0.069429500061121557 -0.058704779480221632 -0.35741560006054851
leaf_weight=88 156 468 47 984 200 172 42 172 476 220 145 126 485 65
leaf_count=88 156 468 47 984 200 172 42 172 476 220 145 126 485 65
internal_value=-0.000421107 -0.000175579 -0.00207621 0.000812449 -0.000946309 -0.00209145 -0.00327883 0.00390698 -0.00490506 0.000783745 -0.00292781 -0.00805147 -0.00536789 -0.00413793
internal_weight=3846 3758 1285 2473 1489 1333 1161 214 947 688 747 271 597 550
internal_count=3846 3758 1285 2473 1489 1333 1161 214 947 688 747 271 597 550
is_linear=0
shrinkage=0.03


Tree=201
num_leaves=15
num_cat=0
split_feature=67 34 56 79 26 79 82 70 30 13 66 82 38 61
split_gain=8.68666 8.84849 11.2572 10.2308 13.955 12.6522 13.3067 12.342 20.3646 12.7392 12.0833 10.0824 13.644 10.0619
threshold=617.65194018820796 0.2228132387706856 -155.02945939699808 63.183686050230783 97.500000000000014 35.455887896474259 -150.37561261653897 0.91287878787878796 17.550000000000004 90.000000000000014 -78.273900032043443 126.13015345732371 2317.387282145723 0.024654531463650469
decision_type=10 8 8 10 2 10 8 8 10 8 10 10 10 8
left_child=1 2 -1 5 -5 6 -3 8 -8 10 -9 13 -13 -11
right_child=-2 3 -4 4 -6 -7 7 9 -10 11 -12 12 -14 -15
leaf_value=-0.78100995785860661 0.53634565312248894 0.46155643227640808 0.030264725466087865 -0.43109638480247858 0.05089530771179851 0.95544342234389601 0.28568200410399375 0.05972033673413165 -0.050653165064447211 0.072404606250075998 -0.17512873893662964 -0.39377978143321007 1.1709476589524976 -0.32275919147621634
leaf_weight=58 120 57 1347 122 41 67 289 447 184 93 188 56 58 710
leaf_count=58 120 57 1347 122 41 67 289 447 184 93 188 56 58 710
internal_value=2.34497e-05 -0.000233997 0.00164296 -0.00137484 -0.00859756 -0.000823256 -0.0012386 -0.00164363 0.00259494 -0.00293625 0.000330189 -0.00519608 0.00313043 -0.0063806
internal_weight=3837 3717 1405 2312 163 2149 2082 2025 473 1552 635 917 114 803
internal_count=3837 3717 1405 2312 163 2149 2082 2025 473 1552 635 917 114 803
is_linear=0
shrinkage=0.03


Tree=202
num_leaves=15
num_cat=0
split_feature=81 84 29 36 1 5 35 44 83 61 64 5 43 37
split_gain=12.0982 10.8966 11.4308 10.8518 7.91552 15.016 9.06682 13.4092 13.6324 12.0857 13.0777 9.16929 9.04145 8.70629
threshold=3259.223057866097 88.188659906387343 0.93057746232036465 0.33222958057395152 659.08346462249767 2.9783738851547246 16.550102432778491 105.9583867788315 -165.80406796932218 0.031178678979795406 3.4710189987376867 96.175300478935256 569.51409323227188 989.92115844945658
decision_type=8 10 10 10 2 10 10 8 8 10 8 8 8 10
left_child=1 2 3 -1 5 -2 7 8 -6 -10 -11 -8 -13 -9
right_child=4 -3 -4 -5 6 -7 11 13 9 10 -12 12 -14 -15
leaf_value=-0.0061724064725415312 0.60467473889849288 1.2027055099711443 -0.16787551233501732 0.77488189475618208 -0.48611801731810039 0.0013183221329398974 0.03524708743256106 -0.023149544878336949 0.06044076367263905 0.2551771196295114 -0.59931268405561322 0.22212144542185569 -0.33656225515448257 0.19942076808099946
leaf_weight=70 151 61 91 82 60 1331 489 554 164 67 383 54 71 149
leaf_count=70 151 61 91 82 60 1331 489 554 164 67 383 54 71 149
internal_value=-2.38221e-05 0.00570492 0.00282787 0.00784314 -0.00052677 0.00113284 -0.00176205 -0.00311321 -0.00613333 -0.00478049 -0.00731707 0.00126829 -0.00595238 -0.000213068
internal_weight=3777 304 243 152 3473 1482 1991 1377 674 614 450 614 125 703
internal_count=3777 304 243 152 3473 1482 1991 1377 674 614 450 614 125 703
is_linear=0
shrinkage=0.03


Tree=203
num_leaves=15
num_cat=0
split_feature=28 50 45 42 80 17 50 83 15 83 7 39 8 67
split_gain=15.0866 9.66435 13.2505 13.5838 10.3558 11.6182 9.99391 9.43487 8.58374 6.92889 6.76553 10.3079 13.199 24.1783
threshold=497.50000000000006 1502.5054835081103 18.500000000000004 402.6745223999024 -196.27006793022153 3.5000000000000004 1114.5714374780657 -220.64074397087094 49.500000000000007 41.248829841613777 5020.6436175082208 3616.6430389380507 4.5117053425751559 283.348123164404
decision_type=2 10 10 10 8 2 10 10 2 10 10 8 10 8
left_child=1 2 3 4 -1 -6 8 -3 10 -9 11 12 -7 -14
right_child=-2 7 -4 -5 5 6 -8 9 -10 -11 -12 -13 13 -15
leaf_value=0.31053769367792872 -1.0817831512217511 -0.14587147246522411 0.40684713109326903 -0.62112356764170407 -0.96537594712618358 0.00162144636474045 0.22133795303323936 0.2403189384552997 -0.20663912013452346 -0.27605064572649163 0.14978319380241331 -0.057369674579807746 0.0063457700437734663 1.488527274363747
leaf_weight=105 41 147 54 57 62 1974 44 83 74 63 171 479 313 142
leaf_count=105 41 147 54 57 62 1974 44 83 74 63 171 479 313 142
internal_value=2.3622e-05 0.000222871 0.000664557 0.000429573 0.000677563 0.000377301 0.000628518 -0.005 0.000428028 0.000408163 0.000672078 0.00033001 0.00112346 0.00572368
internal_weight=3809 3768 3475 3421 3364 3259 3197 293 3153 146 3079 2908 2429 455
internal_count=3809 3768 3475 3421 3364 3259 3197 293 3153 146 3079 2908 2429 455
is_linear=0
shrinkage=0.03


Tree=204
num_leaves=15
num_cat=0
split_feature=3 14 28 4 20 77 85 0 34 83 60 32 35 43
split_gain=8.57147 11.3692 14.0787 10.7741 13.7512 13.0839 12.1484 13.695 12.1491 10.4922 9.79454 9.96051 14.9505 11.2178
threshold=1.5416666666569656 257.14077333289873 275.50000000000006 8.5000000000000018 598.02790760993969 -285.94808512926096 -54.293093601862587 281.50000000000006 0.41277890466531447 191.1447426080704 -153.54729497432706 0.10620300751879701 25.675000000000004 490.42671549149583
decision_type=2 8 2 2 8 8 8 2 10 10 8 8 10 10
left_child=1 -1 -3 4 5 -2 -5 8 9 -8 -6 13 -13 -12
right_child=3 2 -4 6 10 -7 7 -9 -10 -11 11 12 -14 -15
leaf_value=0.083798864047670341 -0.33757904066135314 -0.31734128041885634 0.014877698519911126 0.42515797320733084 -1.6923500397193196 0.1258073799626841 0.014088597386441347 0.89549505649782468 -0.39354241761983921 0.42513538441163323 0.1456055764849786 -0.061091586763208881 -0.50694914339194697 -0.040170599319050343
leaf_weight=47 61 115 62 137 41 571 466 41 104 41 226 1703 56 183
leaf_count=47 61 115 62 137 41 571 466 41 104 41 226 1703 56 183
internal_value=-0.000451362 -0.00613333 -0.00960674 -9.91462e-05 -0.000960591 0.00293839 0.003 0.00128637 0.000147059 0.00206693 -0.00207692 -0.00179806 -0.00277841 0.00241463
internal_weight=3854 224 177 3630 2841 632 789 652 611 507 2209 2168 1759 409
internal_count=3854 224 177 3630 2841 632 789 652 611 507 2209 2168 1759 409
is_linear=0
shrinkage=0.03


Tree=205
num_leaves=15
num_cat=0
split_feature=25 77 3 59 11 61 43 3 52 69 82 3 80 52
split_gain=8.02061 12.0397 13.4931 15.9982 10.6462 10.6036 9.95808 9.91898 15.5548 13.2434 9.87943 9.57979 13.6291 13.4235
threshold=0.92664992826398873 -291.74999999999994 13.291666666656967 542.44134294986736 570.00000000000011 0.075292169417536497 22.038280249877868 11.625000000000002 101.03670430183412 -62.226760225021387 141.82012351353964 17.875000000000004 -52.825795292854302 37.274868249893196
decision_type=8 8 2 8 2 10 8 2 8 8 10 2 10 10
left_child=4 -2 6 11 -1 -6 -3 9 -9 -8 -11 13 -13 -4
right_child=1 2 3 -5 5 -7 7 8 -10 10 -12 12 -14 -15
leaf_value=-0.008786221788873113 -0.7835134944978025 -0.37565912891758768 -0.017595076148911631 -0.38188150374796592 -0.017398194903469246 -0.90107738287343098 0.91731799188794494 -1.3627090044467254 0.16572650782204862 0.0075580924715540473 -0.82212234894282998 0.53270019863757556 -0.10949467713651471 0.47857794388929098
leaf_weight=2215 57 44 79 47 90 69 93 45 54 385 40 114 229 255
leaf_count=2215 57 44 79 47 90 69 93 45 54 385 40 114 229 255
internal_value=-0.000267226 0.00149688 0.00205628 0.00488276 -0.00133895 -0.0088125 -0.0010423 -4.85437e-05 -0.0087 0.0016185 -0.000633803 0.00606195 0.00252907 0.00967164
internal_weight=3816 1442 1385 724 2374 159 661 617 99 518 425 677 343 334
internal_count=3816 1442 1385 724 2374 159 661 617 99 518 425 677 343 334
is_linear=0
shrinkage=0.03


Tree=206
num_leaves=15
num_cat=0
split_feature=27 5 38 71 77 31 81 4 48 60 33 77 8 3
split_gain=9.47882 12.2171 12.0489 13.1048 16.3856 12.9441 10.8835 12.7197 16.3105 13.4413 10.8284 14.8802 13.7429 13.7175
threshold=0.88780278466526807 142.24492752552035 3020.4541332829026 12.500000000000002 -286.91039746999735 12.308012820512822 7231.1745920181284 7.5000000000000009 43.173404733339957 7.9173983335495004 14.912474120082818 -170.43623745441434 5.441560409786109 9.3750000000000018
decision_type=10 10 10 8 10 8 10 2 10 10 8 10 10 2
left_child=1 6 10 5 -5 -4 -1 8 -8 -9 12 13 -2 -12
right_child=2 -3 3 4 -6 -7 7 9 -10 -11 11 -13 -14 -15
leaf_value=0.0059755937637313572 -0.0094018257151728332 -0.40793222514297345 0.51877190186136846 -0.02152658132670247 0.42217947722716304 -0.1378571028542015 -1.3515757421777139 0.11314610475022259 -0.020955114599701164 -0.16958920364032601 -0.80014529168251325 -0.57961604014550794 1.0876876406497189 0.14175732610682479
leaf_weight=620 1332 135 64 164 393 275 120 139 104 120 45 128 92 116
leaf_count=620 1332 135 64 164 393 275 120 139 104 120 45 128 92 116
internal_value=-0.000163721 -0.00232446 0.000862069 0.00367893 0.00650538 -0.000970588 -0.00127717 -0.00464876 -0.00986667 -0.000115385 -0.000612602 -0.00589655 0.000463158 0.000185185
internal_weight=3847 1238 2609 896 557 339 1103 483 224 259 1713 289 1424 161
internal_count=3847 1238 2609 896 557 339 1103 483 224 259 1713 289 1424 161
is_linear=0
shrinkage=0.03


Tree=207
num_leaves=15
num_cat=0
split_feature=72 80 3 71 36 70 85 64 38 28 80 15 26 15
split_gain=8.53127 8.97946 12.3932 17.2236 14.1523 10.3017 13.4626 13.0795 13.7848 13.3755 12.5126 12.1728 10.831 10.0424
threshold=69.615710735321059 105.73080992698671 10.041666666656967 11.500000000000002 0.12974987974987975 0.91987179487179505 144.6140732765198 3.7940620348899841 3433.3029565163574 206.50000000000003 -126.84077084064482 38.500000000000007 190.50000000000003 33.500000000000007
decision_type=10 10 2 10 10 10 10 8 10 2 10 2 2 2
left_child=1 5 3 -3 -4 10 7 9 11 -7 -1 -9 13 -10
right_child=-2 2 4 -5 -6 6 -8 8 12 -11 -12 -13 -14 -15
leaf_value=-0.0068948127569638034 -0.3120516338522813 -0.91658872577152117 -0.24845992122354721 0.01575995419578019 0.58224187682072504 -0.60122088829010123 -0.3675250271035273 -0.091598610333034 0.2391964907178552 -0.009342644423814335 0.18242445252634437 0.33065116549786794 -0.13338917895708341 -0.059050134123106765
leaf_weight=618 115 77 65 83 495 122 108 987 219 111 494 81 120 62
leaf_count=618 115 77 65 83 495 122 108 987 219 111 494 81 120 62
internal_value=-7.98297e-06 0.000247049 0.00324549 -0.00409938 0.00534759 -0.000492645 -0.00188846 -0.00123312 -0.000183673 -0.00782051 0.00177898 -0.00196445 0.00455224 0.00776596
internal_weight=3757 3642 720 160 560 2922 1810 1702 1469 233 1112 1068 401 281
internal_count=3757 3642 720 160 560 2922 1810 1702 1469 233 1112 1068 401 281
is_linear=0
shrinkage=0.03


Tree=208
num_leaves=15
num_cat=0
split_feature=7 77 83 31 77 77 65 60 73 68 30 66 79 24
split_gain=10.9075 9.7455 9.3858 15.2835 12.2365 14.2379 12.9577 12.5385 12.3109 11.2429 13.9138 9.99954 11.9759 10.1418
threshold=5123.2697457641034 -62.583481609821312 5.2649759054183969 42.878105590062113 -242.23714649677274 -144.83976620435712 0.91758945918737622 -33.596698403358452 -47.792806744575493 0.14418482396085047 2.9500000000000006 143.50935471057895 9.7838772185504403 45.500000000000007
decision_type=10 10 10 8 8 8 10 8 10 10 10 10 10 2
left_child=2 -2 4 9 7 6 -6 -1 -9 11 -11 13 -13 -4
right_child=1 -3 3 -5 5 -7 -8 8 -10 10 -12 12 -14 -15
leaf_value=0.29646340055214127 0.81261639808903163 0.0091494195572641955 0.020017257254556709 -0.4009886472834972 0.23683879057235202 -0.027518967708272148 -0.022830615521106379 -0.075084324713137834 -0.64416156364401256 -0.13485789724053718 0.66362405713258954 -0.62907198204400794 0.22927609544669883 0.49912108850890746
leaf_weight=44 83 103 679 60 271 1704 169 222 65 42 105 73 52 163
leaf_count=44 83 103 679 60 271 1704 169 222 65 42 105 73 52 163
internal_value=-7.82065e-06 0.00705882 -0.000369863 0.0018383 -0.00141761 -0.000587413 0.00421769 -0.00677711 -0.0090625 0.00263677 0.0103378 0.00145661 -0.00642857 0.00263345
internal_weight=3835 186 3649 1174 2475 2144 440 331 287 1114 147 967 125 842
internal_count=3835 186 3649 1174 2475 2144 440 331 287 1114 147 967 125 842
is_linear=0
shrinkage=0.03


Tree=209
num_leaves=15
num_cat=0
split_feature=42 7 43 75 76 82 9 0 60 3 42 41 46 0
split_gain=11.7072 10.4164 7.90528 8.60227 15.1624 15.164 14.8692 20.4535 11.3326 9.145 8.27821 15.9567 12.2165 10.9641
threshold=-257.1919234991073 5123.2697457641034 30.616615625139936 3280.4414849281316 366.60885262489325 -8.5624464352925589 390.00000000000006 401.50000000000006 371.44825458526617 16.458333333343038 37.93373095989228 22.885683178901676 930.00000000000011 18.500000000000004
decision_type=8 10 8 10 10 8 2 2 10 2 10 10 10 2
left_child=-1 2 -2 4 6 -6 7 8 10 -10 11 12 -4 -13
right_child=1 -3 3 -5 5 -7 -8 -9 9 -11 -12 13 -14 -15
leaf_value=1.9154397278195465 -0.10040016407707959 0.24449289929504009 0.013278706814449811 -0.39445357254847629 -0.36709954951272034 0.25053069513258625 -0.49662893264620667 3.0088508834726424 -1.1630792543399173 -0.00092827480341216241 0.034619465067192719 0.023142841633104323 -0.14786385484427153 -0.6680934310828156
leaf_weight=43 366 188 1156 48 106 356 74 41 45 41 1089 53 86 162
leaf_count=43 366 188 1156 48 106 356 74 41 45 41 1089 53 86 162
internal_value=0.00029572 0.000118048 -0.000240066 0.000230203 0.000420561 0.00544276 -0.000425764 -5.60957e-05 -0.000387391 -0.0110345 -2.35571e-05 -0.00150206 -0.000193081 -0.00902778
internal_weight=3854 3811 3623 3257 3209 462 2747 2673 2632 86 2546 1457 1242 215
internal_count=3854 3811 3623 3257 3209 462 2747 2673 2632 86 2546 1457 1242 215
is_linear=0
shrinkage=0.03


Tree=210
num_leaves=15
num_cat=0
split_feature=4 46 72 41 52 32 33 59 39 23 48 43 54 76
split_gain=9.5645 14.7113 12.0833 15.6803 11.7756 11.4465 15.7508 10.1229 11.3136 13.5901 22.464 9.56801 10.5919 9.31823
threshold=7.5000000000000009 570.00000000000011 10.774018764495851 45.230598330497749 55.281139135360725 0.30151515151515157 16.163837011884556 -83.2814506292343 4572.1220811381836 9.3285579681396502 -50.074494361877434 745.16827859972238 630.00000000000011 272.31106901168829
decision_type=2 8 8 8 10 8 8 10 10 10 10 10 10 10
left_child=1 -1 5 13 -5 -2 -7 -3 9 11 -11 12 -9 -4
right_child=2 7 3 4 -6 6 -8 8 -10 10 -12 -13 -14 -15
leaf_value=-1.5711816209201201 0.015363555081279427 -0.052141928793905362 -0.08704578929210896 -0.037553424367732104 0.16516757035358079 0.21576369402637072 1.3164919948912841 0.21680334100804813 1.3376958607205729 -0.36588846027791111 0.4201965025192067 -0.91318681905067023 -0.061495581478127261 0.42256202928800007
leaf_weight=62 373 836 429 383 414 163 42 78 45 62 183 43 687 40
leaf_count=62 373 836 429 383 414 163 42 78 45 62 183 43 687 40
internal_value=-0.000484249 -0.00192288 0.00107317 -0.000568272 0.00199248 0.00466321 0.0103398 -0.00145736 0.000436761 -0.000199241 0.00597561 -0.00207664 -0.00129243 -0.00491489
internal_weight=3840 1996 1844 1266 797 578 205 1934 1098 1053 245 808 765 469
internal_count=3840 1996 1844 1266 797 578 205 1934 1098 1053 245 808 765 469
is_linear=0
shrinkage=0.03


Tree=211
num_leaves=15
num_cat=0
split_feature=81 35 83 83 43 4 73 0 68 69 66 82 83 52
split_gain=7.76924 12.1318 11.652 10.3342 8.19449 17.9842 15.3664 14.3171 11.7055 10.2263 17.6992 9.18086 8.81384 7.78483
threshold=17718.926158666614 17.016987179487185 419.96287250518805 -103.5653610229492 614.27774298932388 7.5000000000000009 16.542385339736942 155.50000000000003 -0.046141318826556844 639.4670242742252 423.05960953235632 -164.44167923927304 -109.08922314643858 24.23202216625214
decision_type=10 10 10 10 10 2 8 2 10 8 8 8 8 8
left_child=2 3 4 -2 11 6 -6 8 -7 10 -9 -1 -8 -14
right_child=1 -3 -4 -5 5 7 12 9 -10 -11 -12 -13 13 -15
leaf_value=0.51605960566536091 -0.025173142370044237 0.1891418836730234 1.4108036810689695 -0.91216962669275825 -1.2621711402047808 0.0065655551941479909 -0.48334019876763701 1.6756940130458569 -0.43643219837522779 2.2148608835423378 -0.22820468159459323 0.012498143216644166 0.32094593995494186 -0.049633273675399839
leaf_weight=62 58 88 43 83 51 255 77 64 79 44 64 2487 44 379
leaf_count=62 58 88 43 83 51 255 77 64 79 44 64 2487 44 379
internal_value=0 -0.00534783 0.000336986 -0.0107746 0.000149709 -0.00206994 -0.00581522 0.00201183 -0.00161194 0.00901734 0.00465116 0.00107059 -0.00419162 -0.00247642
internal_weight=3878 229 3649 141 3606 1057 551 506 334 172 128 2549 500 423
internal_count=3878 229 3649 141 3606 1057 551 506 334 172 128 2549 500 423
is_linear=0
shrinkage=0.03


Tree=212
num_leaves=15
num_cat=0
split_feature=39 71 39 56 23 26 35 31 8 43 68 9 69 64
split_gain=7.2717 16.2499 12.4865 16.6348 10.8625 11.9704 10.4281 15.9908 15.5164 14.0037 12.424 10.241 13.715 11.7453
threshold=4512.7353701189886 7.5000000000000009 2396.2808199483848 293.45490034421289 15.108709573745729 171.50000000000003 20.558191489361704 18.963571428571431 4.1116967280546719 863.18481087280418 -0.0048453240270493894 210.00000000000003 -38.312863889245868 4.5488914689107789
decision_type=10 10 8 10 10 2 10 8 10 8 8 2 8 8
left_child=2 -2 3 6 5 -3 7 8 11 -8 -9 13 -13 -1
right_child=1 4 -4 -5 -6 -7 9 10 -10 -11 -12 12 -14 -15
leaf_value=0.025953519175647057 0.65157129542908154 -0.086239330507085335 -0.13490621862947066 -0.5079516456742571 0.041714400117695789 0.40105114507717288 0.64935959719412173 -0.60022401001279968 0.25116307639798835 -0.30150735442315102 -0.016318694231642599 0.47825148735593437 0.0097466954977623015 -0.31795784269442784
leaf_weight=429 82 220 978 91 160 86 130 99 310 40 195 148 511 334
leaf_count=429 82 220 978 91 160 86 130 99 310 40 195 148 511 334
internal_value=-0.000243838 0.00295082 -0.000780772 0.000432692 0.000770878 -0.00254072 0.000955849 0.000355205 0.00145413 0.00807018 -0.00610169 0.000126493 0.00286364 -0.00223822
internal_weight=3813 548 3265 2287 466 306 2196 2026 1732 170 294 1422 659 763
internal_count=3813 548 3265 2287 466 306 2196 2026 1732 170 294 1422 659 763
is_linear=0
shrinkage=0.03


Tree=213
num_leaves=15
num_cat=0
split_feature=3 7 63 37 29 0 66 64 39 67 44 64 15 29
split_gain=14.4456 10.442 10.1111 9.2363 8.03451 10.6288 8.47949 7.37955 14.4325 12.1561 12.2789 10.4379 11.9622 11.0845
threshold=6.0416666666569663 5123.2697457641034 88.661799723173971 2065.1294127638566 0.93313432571012911 5.5000000000000009 -145.99024677276608 4.1872244329019095 1522.1359823802065 204.69094971319041 37.776172876358039 4.0342085031165427 16.500000000000004 0.90591147350029133
decision_type=2 8 10 10 10 2 10 8 10 10 10 10 2 10
left_child=2 7 4 -3 6 -6 -1 8 11 -9 -11 12 -2 -14
right_child=1 3 -4 -5 5 -7 -8 9 -10 10 -12 -13 13 -15
leaf_value=-0.019896623952316506 -0.1645176470697898 0.48742497987694822 -0.38874088866967604 -0.088722762167189731 -0.5134709332820746 0.098725385566183085 0.19161924166456798 0.00044439653663673083 -0.2617534079573911 -0.15226882071227024 0.89411830571198947 -0.6101345437498733 0.0050882837704187755 1.0745103527548194
leaf_weight=158 75 117 102 46 55 40 55 2293 532 44 97 48 63 92
leaf_count=158 75 117 102 46 55 40 55 2293 532 44 97 48 63 92
internal_value=-0.000526454 0.000114437 -0.00583942 0.0075 -0.0031068 -0.0103125 0.000140187 -0.00025886 -0.00273736 0.000566735 0.00908451 0.0027957 0.00545455 0.0101923
internal_weight=3817 3407 410 163 308 95 213 3244 810 2434 141 278 230 155
internal_count=3817 3407 410 163 308 95 213 3244 810 2434 141 278 230 155
is_linear=0
shrinkage=0.03


Tree=214
num_leaves=15
num_cat=0
split_feature=6 81 85 85 36 80 60 41 28 26 3 8 17 64
split_gain=8.56321 10.0639 12.4148 12.2087 9.97115 9.63172 9.4941 11.4699 8.65136 7.71967 7.60465 12.8416 7.26913 7.20529
threshold=690.00000000000011 8635.6329511404056 -182.08251611391699 176.55637625853225 0.7106280193236717 159.56312286853793 493.56062042713171 408.78963303565985 142.50000000000003 227.50000000000003 1.5416666666569656 4.6976593661439443 26.500000000000004 4.5415129195689952
decision_type=8 10 10 10 10 10 10 10 2 2 2 10 2 8
left_child=1 3 -3 4 5 9 7 10 -4 13 11 -2 -5 -1
right_child=6 2 8 12 -6 -7 -8 -9 -10 -11 -12 -13 -14 -15
leaf_value=0.017956610720811488 -0.43864705005778526 0.3180143241043053 0.064863063724983572 1.8957533772847714 -0.46491953518222456 -0.1353370651380941 0.21469172570843212 -0.5684649852321273 -0.28589050813638495 -0.22974676941780803 -0.0094190542406049349 0.10178267564016394 0.52667540372800759 0.2233218123367309
leaf_weight=384 46 47 48 42 57 87 157 53 167 40 2169 45 75 442
leaf_count=384 46 47 48 42 57 87 157 53 167 40 2169 45 75 442
internal_value=0.000209845 0.00209353 -0.00319392 0.00332447 0.00225519 0.00298742 -0.000849858 -0.00133535 -0.00625 0.00394464 -0.0010084 -0.00945652 0.0124576 0.00457074
internal_weight=3859 1389 262 1127 1010 953 2470 2313 215 866 2260 91 117 826
internal_count=3859 1389 262 1127 1010 953 2470 2313 215 866 2260 91 117 826
is_linear=0
shrinkage=0.03


Tree=215
num_leaves=15
num_cat=0
split_feature=27 80 80 34 39 14 82 76 14 3 17 43 74 62
split_gain=9.17728 9.5531 9.37777 10.9333 12.021 9.43156 9.76971 10.3961 12.0417 8.24741 9.88205 9.81209 9.12338 8.99556
threshold=0.88780278466526807 316.8799142837525 -8.6672050952911359 0.21010186757215624 1270.5382328853332 1.0000000180025095e-35 -36.262559056282036 304.19817519187933 467.45502903787309 6.0416666666569663 27.500000000000004 8.0753449450342316 20.731938841073397 -0.10266830842842829
decision_type=10 10 8 10 10 10 10 10 10 2 2 10 8 10
left_child=-1 2 3 4 -2 -5 7 8 -7 10 -4 -11 -13 -12
right_child=1 -3 9 5 -6 6 -8 -9 -10 11 13 12 -14 -15
leaf_value=-0.023967520529169679 -0.013393213972813758 1.4741320755160001 -0.61496235226018647 0.40829762229823024 0.28070804674569588 0.17645298098345177 0.047741580392842875 -0.80291588694714899 -0.66496184001352765 0.50603705007628819 0.13046565904405161 -0.4907103917630789 -0.00011663638316399271 -0.17539165419494626
leaf_weight=1220 76 74 44 62 143 94 203 41 42 60 86 50 1508 103
leaf_count=1220 76 74 44 62 143 94 203 41 42 60 86 50 1508 103
internal_value=-0.00036249 0.000649401 0.000334262 0.00339879 0.00886364 0.000677201 -0.00110236 -0.00623596 -0.00218978 -0.000761339 -0.00602564 0 -0.000461835 -0.003
internal_weight=3806 2586 2512 661 219 442 380 177 136 1851 233 1618 1558 189
internal_count=3806 2586 2512 661 219 442 380 177 136 1851 233 1618 1558 189
is_linear=0
shrinkage=0.03


Tree=216
num_leaves=15
num_cat=0
split_feature=16 65 28 4 61 5 62 25 46 83 77 25 16 28
split_gain=7.80269 8.97893 8.51817 11.7783 7.10952 11.3011 6.88819 15.6715 9.8893 9.84546 9.23194 6.72499 6.49395 11.0836
threshold=1.0000000180025095e-35 1.1045207398107162 104.50000000000001 5.5000000000000009 0.023442666875573889 2.4722244739532475 -0.14555152455066156 0.92476415094339637 870.00000000000011 -99.844379067420945 -121.68960374593733 0.90849282296650735 7.5000000000000009 430.50000000000006
decision_type=2 8 2 2 8 10 10 10 10 10 10 10 2 2
left_child=1 -1 3 -2 5 -4 7 -7 9 -8 11 -11 13 -6
right_child=2 -3 4 -5 12 6 8 -9 -10 10 -12 -13 -14 -15
leaf_value=0.19711409287842627 -0.074187341856721628 -0.78640324101557046 0.24678311571699088 1.1322440385411019 0.034568020645477329 -0.069065262131156921 -0.50992036454237699 1.0903872598529181 0.55713498782440318 0.59373480478464769 -0.38955746122680179 -0.049418128557459508 -0.017614447788257541 -0.37403331175722759
leaf_weight=65 42 78 102 53 684 70 68 43 49 40 47 49 2423 40
leaf_count=65 42 78 102 53 684 70 68 43 49 40 47 49 2423 40
internal_value=-2.33524e-05 -0.006875 0.000242522 0.0090625 8.29646e-06 0.00345416 0.000980926 0.00710526 -0.00177165 -0.00468293 0 0.00566667 -0.000505083 0.00198621
internal_weight=3853 143 3710 95 3615 468 366 113 253 204 136 89 3147 724
internal_count=3853 143 3710 95 3615 468 366 113 253 204 136 89 3147 724
is_linear=0
shrinkage=0.03


Tree=217
num_leaves=15
num_cat=0
split_feature=3 11 28 39 38 16 14 70 38 3 44 16 16 50
split_gain=8.25604 15.887 14.3908 15.1033 14.3754 13.6042 18.4903 14.2445 13.6645 13.7813 13.0642 13.0025 12.5671 12.1489
threshold=15.708333333343036 330.00000000000006 463.50000000000006 2396.2808199483848 443.02554270723437 7.5000000000000009 763.65540717752003 0.90454545454545465 3048.1654453622423 17.291666666656969 40.315804243087776 48.500000000000007 41.500000000000007 1676.5686182975771
decision_type=2 2 2 8 8 2 10 10 10 2 10 2 2 10
left_child=2 5 3 11 -3 -2 7 10 9 -9 -7 12 -1 -12
right_child=1 4 -4 -5 -6 6 -8 8 -10 -11 13 -13 -14 -15
leaf_value=0.017178521145412302 0.27907417001924828 0.2654496765346438 -1.4802132678682751 -0.088461442337312873 -0.35460765382439924 -0.08276981782928107 0.47959249042219554 0.11625811830600412 0.13219494334923135 -0.78758102792661 0.44292712022101771 0.28825798470842162 -0.79914200165866822 -0.032780072332062857
leaf_weight=1281 350 62 40 940 268 84 92 64 190 197 130 40 45 53
leaf_count=1281 350 62 40 940 268 84 92 64 190 197 130 40 45 53
internal_value=-0.000297107 0.00144869 -0.00140605 -0.00109233 -0.00435045 0.00310078 0.000961776 -0.000667594 -0.00391593 -0.00835878 0.00481343 0.000921726 0.000406933 0.00929348
internal_weight=3836 1490 2346 2306 330 1160 810 718 451 261 267 1366 1326 183
internal_count=3836 1490 2346 2306 330 1160 810 718 451 261 267 1366 1326 183
is_linear=0
shrinkage=0.03


Tree=218
num_leaves=15
num_cat=0
split_feature=16 78 78 0 85 17 23 31 17 40 31 28 8 3
split_gain=9.26169 12.2073 9.5081 9.11262 8.90206 9.44543 15.3487 11.6421 11.0164 17.3942 13.4825 17.685 18.1865 14.0505
threshold=47.500000000000007 0.70833333333333337 0.87500000000000011 325.50000000000006 318.85448229312902 35.000000000000007 4.7453938722610483 10.004166666666668 24.500000000000004 1086.7433553058715 36.964285714285722 290.50000000000006 5.481355959220874 7.1250000000000009
decision_type=2 8 8 2 10 2 10 8 2 8 10 2 10 2
left_child=1 -1 -3 4 5 8 -7 -8 10 -10 11 12 13 -4
right_child=-2 2 3 -5 -6 6 7 -9 9 -11 -12 -13 -14 -15
leaf_value=-0.060243348609198298 0.066813285553246324 0.20001296109816569 -0.71851428474059154 0.88752657233484278 0.76929093057593945 0.016019787271675783 -0.47671301775409375 -0.032101622282398663 0.5107257816341223 -0.20716719517433596 0.17979374976116125 -0.83664633786081677 1.7499009992006913 -0.00094748563990205233
leaf_weight=711 119 214 56 112 68 632 196 583 371 124 42 73 40 495
leaf_count=711 119 214 56 112 68 632 196 583 371 124 42 73 40 495
internal_value=4.69116e-05 -0.000217859 0.000618557 0.000150376 -0.000201417 -0.000482204 -0.00214589 -0.00496154 0.00147255 0.00489919 -0.000933522 -0.00198496 -0.000253378 -0.00168478
internal_weight=3836 3717 3006 2792 2680 2612 1411 779 1201 495 706 664 591 551
internal_count=3836 3717 3006 2792 2680 2612 1411 779 1201 495 706 664 591 551
is_linear=0
shrinkage=0.03


Tree=219
num_leaves=15
num_cat=0
split_feature=59 66 49 35 35 37 0 85 80 80 68 0 37 42
split_gain=8.73576 16.6429 9.65551 11.6566 11.3011 10.8528 9.64791 11.4878 8.56554 9.1274 7.98708 7.35772 8.86811 11.0053
threshold=125.53867006301881 -301.5292574167251 10.500000000000002 19.154618226600991 24.126131221719458 1426.2789059785089 -21.499999999999996 -113.68417237202324 -124.6540319919586 4.8254847526550302 -0.11784480047220476 427.50000000000006 1004.4411609676118 -116.81793081760405
decision_type=10 8 10 10 10 10 2 10 10 10 10 2 10 10
left_child=2 -2 11 5 -5 -4 8 -8 -3 -10 -7 12 -1 -14
right_child=1 6 3 4 -6 10 7 -9 9 -11 -12 -13 13 -15
leaf_value=-0.032270426939212095 -1.3430742312615676 -0.48149771137786501 -0.06757015782536023 0.30996034370141756 -0.21480306039863098 -0.062104102050800164 0.5628677805473471 0.056595364767022975 0.076392958547424644 -0.085564332744037339 -0.60137485105385291 1.4925647832974351 0.35030917672127559 0.0057685053849112575
leaf_weight=1061 61 98 89 52 44 46 145 157 124 147 100 46 43 1634
leaf_count=1061 61 98 89 52 44 46 145 157 124 147 100 46 43 1634
internal_value=-0.000163721 0.00278308 -0.000856868 -0.00569277 0.00309278 -0.00927966 0.00415179 0.00811881 0.000891892 0.00363971 -0.0142857 -0.000280072 -0.000481928 0.000876043
internal_weight=3847 732 3115 331 96 235 671 302 369 271 146 2784 2738 1677
internal_count=3847 732 3115 331 96 235 671 302 369 271 146 2784 2738 1677
is_linear=0
shrinkage=0.03


Tree=220
num_leaves=15
num_cat=0
split_feature=65 66 56 3 7 64 68 3 39 0 63 79 5 7
split_gain=9.84355 12.4619 12.8328 9.82911 21.2165 16.0419 19.597 14.3143 14.1071 13.8046 13.4691 12.6717 12.1366 11.6624
threshold=1.1683551765611404 -22.397645354270932 -120.76433348655699 15.708333333343036 2740.9900278459504 4.083971113897598 0.2001958753500549 17.291666666656969 2364.198827776172 -58.499999999999993 485.37242895863409 7.969280621501535 64.067189931869521 2186.5181977426896
decision_type=10 10 10 2 10 8 10 2 8 2 10 8 10 10
left_child=3 2 -2 8 7 6 11 13 -1 -10 12 -6 -11 -5
right_child=1 -3 -4 4 5 -7 -8 -9 9 10 -12 -13 -14 -15
leaf_value=0.028376529621503943 -0.75479600989247864 -0.61564570238809935 0.12011330857451753 -0.00093051884474014911 0.053699380479404084 0.34399755476202015 0.71572538765926175 -0.07612080920929358 -1.1912784458986356 0.0029034186104446745 -0.80681000444547046 -0.75648441545105827 -0.31257624573801385 0.58806000416458803
leaf_weight=1316 41 54 85 95 60 490 46 551 62 601 64 72 173 85
leaf_count=1316 41 54 85 95 60 490 46 551 62 601 64 72 173 85
internal_value=0.000197576 -0.00662983 -0.00141732 0.00053927 0.00250714 0.00636771 -0.00134078 -0.00102459 -0.000703654 -0.003596 -0.00257449 -0.00721805 -0.00147097 0.00629834
internal_weight=3795 180 126 3615 1399 668 178 731 2216 900 838 132 774 180
internal_count=3795 180 126 3615 1399 668 178 731 2216 900 838 132 774 180
is_linear=0
shrinkage=0.03


Tree=221
num_leaves=15
num_cat=0
split_feature=34 67 7 82 64 84 59 60 6 85 42 43 48 62
split_gain=8.11688 12.3185 10.5251 12.095 10.2878 12.3409 9.98382 10.3895 11.4896 17.2543 15.5079 11.7693 10.4247 16.6696
threshold=0.18544973544973548 -239.93171453448676 4615.3894004535077 61.410017450650535 3.6492604915308444 97.078345537185683 178.0279076099396 837.75383734703075 690.00000000000011 -24.627312620480854 262.22274780273443 371.63742697979609 -48.872342427571603 0.039101609545326189
decision_type=8 8 10 8 8 10 10 10 8 8 10 10 8 10
left_child=1 -1 6 -4 -3 -6 7 8 9 11 12 -2 -10 -14
right_child=2 4 3 -5 5 -7 -8 -9 10 -11 -12 -13 13 -15
leaf_value=-1.0877576887598497 -0.14443339361648058 -0.40448434671528954 1.8366693164703682 0.031654904562766997 0.066870456777624127 -0.19775081223875998 0.057014951814948985 0.4016119746314768 0.065343352771875196 0.041504344548302249 -0.53880459599094765 -0.55565067009416791 -0.20273419589402461 0.029764184691362629
leaf_weight=46 120 69 40 139 845 80 372 92 206 659 112 60 679 335
leaf_count=46 120 69 40 139 845 80 372 92 206 659 112 60 679 335
internal_value=-1.55642e-05 0.00224784 -0.000852575 0.00616667 0.00295477 0.0037905 -0.00133156 -0.00208039 -0.0025 0.00025 -0.00423106 -0.0079558 -0.00324324 -0.00449261
internal_weight=3854 1040 2814 179 994 925 2635 2263 2171 839 1332 180 1220 1014
internal_count=3854 1040 2814 179 994 925 2635 2263 2171 839 1332 180 1220 1014
is_linear=0
shrinkage=0.03


Tree=222
num_leaves=15
num_cat=0
split_feature=6 78 41 43 31 29 14 34 41 0 52 14 60 59
split_gain=7.2459 12.8764 11.1023 17.8297 13.5474 9.32318 13.8728 9.16334 9.05014 14.0274 11.8544 10.66 9.13934 13.6312
threshold=690.00000000000011 0.70833333333333337 97.652043819427504 466.38237140510051 31.862500000000004 0.94308296838442629 337.27922674029611 0.39694211017740433 120.8123598098755 -2.4999999999999996 87.735487222671523 775.87366183936331 57.993780255317695 36.718549370765693
decision_type=8 8 10 10 8 10 10 10 10 2 10 10 10 8
left_child=1 -1 3 5 -4 7 -7 -3 10 -10 12 -11 13 -2
right_child=8 2 4 -5 -6 6 -8 -9 9 11 -12 -13 -14 -15
leaf_value=-0.063196497992580022 -0.65027875352806364 0.089289213557754293 0.29134545874038992 -0.050998232218673056 0.59716398455949959 -0.46737770006108353 0.14079817473504241 0.94608424837723826 -0.42237505312358953 -0.19466100971689229 0.061165711762624357 0.084674150483557628 0.075683057673739562 -0.035719271172818326
leaf_weight=217 125 445 299 229 45 48 51 77 91 487 825 84 247 597
leaf_count=217 125 445 299 229 45 48 51 77 91 487 825 84 247 597
internal_value=0.000178387 0.00189093 0.00311297 0.0012691 0.00765217 0.00390675 -0.0045 0.00550669 -0.000805861 -0.0038009 0.000300836 -0.00204545 -0.00194845 -0.00365145
internal_weight=3867 1411 1194 850 344 621 99 522 2456 662 1794 571 969 722
internal_count=3867 1411 1194 850 344 621 99 522 2456 662 1794 571 969 722
is_linear=0
shrinkage=0.03


Tree=223
num_leaves=15
num_cat=0
split_feature=61 8 65 38 17 16 77 84 85 22 85 29 35 22
split_gain=9.67521 12.2823 8.79982 11.9149 19.5785 16.3234 12.2284 11.8829 11.147 12.8351 11.8852 13.3044 11.1005 10.3324
threshold=0.0059564390913991461 3.7603653694087691 0.92569678480918383 2408.2252707430821 3.5000000000000004 7.5000000000000009 -1.0000000180025095e-35 -132.62350094318387 112.85662388801576 4.7267011404037484 -25.279912968476609 0.89716955941255017 9.2294117647058833 5.7267011404037484
decision_type=8 10 10 10 2 2 8 8 10 2 10 10 10 2
left_child=1 -1 3 5 -5 6 -2 -4 9 -9 -11 -12 13 -7
right_child=2 -3 7 4 -6 12 -8 8 -10 10 11 -13 -14 -15
leaf_value=-0.066726199127168401 0.081921973314109914 0.28518214372742778 -1.2673226917994909 -0.85052452510657572 0.064628532335293726 -0.040938605888814192 0.87720054029799577 0.044587624691783817 -0.30461971754181416 -0.33444920535581957 0.44229727251693773 -0.13825814035766243 -0.33777982050684335 0.030244772335853123
leaf_weight=117 86 204 42 57 971 433 62 486 165 292 61 89 259 507
leaf_count=117 86 204 42 57 971 433 62 486 165 292 61 89 259 507
internal_value=-3.91441e-05 0.00493789 -0.000495585 0.000542929 0.00297376 -0.00131306 0.00805369 -0.00266725 -0.00205667 -0.000775027 -0.00446953 0.00238411 -0.002475 -0.000956429
internal_weight=3831 321 3510 2375 1028 1347 148 1135 1093 928 442 150 1199 940
internal_count=3831 321 3510 2375 1028 1347 148 1135 1093 928 442 150 1199 940
is_linear=0
shrinkage=0.03


Tree=224
num_leaves=15
num_cat=0
split_feature=7 16 16 35 39 48 29 3 81 83 3 81 3 40
split_gain=7.0347 9.62991 10.5689 8.15938 7.89985 12.0761 12.5118 13.6243 12.2785 12.1001 16.334 11.097 10.8364 12.5539
threshold=5020.6436175082208 47.500000000000007 43.500000000000007 10.640319129969694 2396.2808199483848 39.47003102302552 0.91316158042164242 13.708333333343036 8892.9584990739841 183.08780026435855 16.958333333343038 4817.2466622591028 5.4583333333430355 1062.786568789498
decision_type=10 2 2 10 10 8 10 2 10 8 2 8 2 10
left_child=1 2 4 -2 12 8 11 -8 -6 10 -9 -7 -1 -14
right_child=3 -3 -4 -5 5 6 7 9 -10 -11 -12 -13 13 -15
leaf_value=-0.36433908160394579 0.57744619194816749 0.060335693582329764 -0.42364336580127415 0.015210478933762915 -0.10350235838156947 0.73007640450343259 -0.60376917200360691 0.2141250396522372 -0.85157618081633191 1.0795179168589242 -0.4359207046180284 0.015431677048263252 0.01649467044345955 0.36738378552718209
leaf_weight=102 54 109 50 160 412 42 188 47 90 43 92 369 1947 91
leaf_count=102 54 109 50 160 412 42 188 47 90 43 92 369 1947 91
internal_value=3.16039e-05 -0.000284678 -0.000561313 0.00530233 -0.000359229 -0.00221963 0.00011509 -0.0038814 -0.00584493 0.00196721 -0.00235714 0.00371359 0.000756656 0.0012359
internal_weight=3796 3582 3473 214 3423 1283 781 370 502 182 139 411 2140 2038
internal_count=3796 3582 3473 214 3423 1283 781 370 502 182 139 411 2140 2038
is_linear=0
shrinkage=0.03


Tree=225
num_leaves=15
num_cat=0
split_feature=35 76 29 53 78 71 64 72 17 28 71 64 56 74
split_gain=8.68896 12.2223 14.7183 15.8393 17.4603 12.0087 13.6371 11.0743 11.0287 10.9453 13.854 9.99932 9.65879 9.22854
threshold=16.428207547169816 206.48407852649692 0.92962053667571187 6.5000000000000009 0.70833333333333337 13.500000000000002 5.9768459665145182 -18.8653210401535 15.500000000000002 150.50000000000003 12.500000000000002 5.4641360568733051 118.02547772725424 261.90196870287838
decision_type=10 10 10 8 8 8 10 8 2 2 10 10 10 10
left_child=11 2 3 7 12 6 -4 -2 -3 -6 -11 13 -5 -1
right_child=1 8 5 4 9 -7 -8 -9 -10 10 -12 -13 -14 -15
leaf_value=-0.00086168779397187477 -2.0634543889424446 -0.10386680344886362 0.84935476242056351 -0.31862685810513736 0.095408066316417878 1.5848099391610551 -0.53950384965825426 -0.067547579047694123 0.57110122992258028 -0.16153698678669992 0.17575669138092653 -0.84701517237282964 0.0070064185816110913 -0.12561201601661448
leaf_weight=2322 46 59 88 103 131 52 53 40 126 115 276 50 70 314
leaf_count=2322 46 59 88 103 131 52 53 40 126 115 276 50 70 314
internal_value=-2.34009e-05 0.00214655 0.0008 -0.00103581 0.000474138 0.00819588 0.00359155 -0.0131034 0.00919355 0.00321224 0.000688776 -0.000960179 -0.00775862 -0.000705347
internal_weight=3845 1159 974 781 695 193 141 86 185 522 391 2686 173 2636
internal_count=3845 1159 974 781 695 193 141 86 185 522 391 2686 173 2636
is_linear=0
shrinkage=0.03


Tree=226
num_leaves=15
num_cat=0
split_feature=70 45 77 16 25 5 3 16 41 48 79 65 40 82
split_gain=9.67059 13.5795 9.33479 14.7209 10.0398 10.1942 9.6161 11.0674 9.36405 9.13149 8.72435 12.6558 11.9836 10.237
threshold=1.0000000180025095e-35 17.500000000000004 107.6919767856598 47.500000000000007 0.79539508110936696 100.27996754646303 23.125000000000004 43.500000000000007 79.780505657196059 23.458763996760055 11.424816182746206 0.92569678480918383 12.386284151103052 51.701227406660728
decision_type=8 10 10 2 10 10 2 2 10 8 10 8 10 10
left_child=-1 2 3 4 5 9 7 10 -4 -2 -6 13 -13 -12
right_child=1 -3 8 -5 6 -7 -8 -9 -10 -11 11 12 -14 -15
leaf_value=-0.025350655854547103 -0.22923937155352109 0.30242694487456312 -0.66032986808360028 0.18021000974604992 -0.0023015706009083558 -0.70501699907513904 -0.42701322464517971 -0.85093489316639515 -0.099401828793579478 0.05023107006714727 0.24293978964284635 0.48524524105001127 0.021586374693157495 1.3211074046299509
leaf_weight=194 55 67 41 74 1894 54 94 40 100 76 105 43 915 76
leaf_count=194 55 67 41 74 1894 54 94 40 100 76 105 43 915 76
internal_value=4.70097e-05 0.000396149 0.000142937 0.000455209 0.00016105 -0.0066129 0.000558712 0.000849057 -0.00739437 -0.00204545 0.00105801 0.00313158 0.00175182 0.0103846
internal_weight=3828 3634 3567 3426 3352 185 3167 3073 141 131 3033 1139 958 181
internal_count=3828 3634 3567 3426 3352 185 3167 3073 141 131 3033 1139 958 181
is_linear=0
shrinkage=0.03


Tree=227
num_leaves=15
num_cat=0
split_feature=28 77 69 40 15 60 64 81 28 83 60 81 28 58
split_gain=8.54125 8.78159 12.5946 15.1711 9.63825 12.0111 10.878 26.2766 18.2809 16.9878 13.8158 15.52 11.9147 11.7579
threshold=494.00000000000006 -3.0912309288978572 -130.90644647878915 581.85951553005577 34.500000000000007 -72.315112233161912 4.4334419921958697 4536.5667403936395 182.50000000000003 65.390338897705092 80.800451397895827 3713.5307439565663 314.50000000000006 1470.128134608269
decision_type=2 8 8 10 2 10 8 8 2 8 10 10 2 8
left_child=1 4 3 -3 6 -6 7 10 9 -9 -1 -12 13 -8
right_child=-2 2 -4 -5 5 -7 12 8 -10 -11 11 -13 -14 -15
leaf_value=-0.06056315080732709 -0.99912568059603624 0.80804277464544316 0.010456582552944625 -0.47945833341384519 -0.30366622955353639 0.26659648744810305 0.024671687287875797 -0.49925232541111142 -0.78928126184758984 0.61042826290332852 -0.013665631134819306 1.3324765199919537 -0.51887767544362429 -0.1441947991000308
leaf_weight=172 41 160 1287 46 54 136 1270 167 167 59 49 48 86 125
leaf_count=172 41 160 1287 46 54 136 1270 167 167 59 49 48 86 125
internal_value=-0.000116339 3.13562e-05 0.00182731 0.00869565 -0.00111825 0.00534031 -0.0016931 -0.00488688 -0.00982234 -0.00422907 0.00233333 0.0113265 -0.000263158 0.000408309
internal_weight=3867 3826 1493 206 2333 190 2143 662 393 226 269 97 1481 1395
internal_count=3867 3826 1493 206 2333 190 2143 662 393 226 269 97 1481 1395
is_linear=0
shrinkage=0.03


Tree=228
num_leaves=15
num_cat=0
split_feature=72 41 30 71 68 61 41 79 27 23 66 85 0 84
split_gain=8.21628 9.49405 14.1576 12.1099 12.0382 11.8402 11.4207 12.1084 14.2095 10.8156 9.36959 9.03703 9.74231 9.46583
threshold=76.637621164321914 45.230598330497749 6.1500000000000012 8.5000000000000018 0.070487915765559586 0.15791012161668103 80.815500497818007 9.5018530985770564 0.86385701676963822 3.886458277702332 67.906430482864394 -81.573751807212815 -27.499999999999996 -66.827431996663393
decision_type=10 8 10 10 10 10 8 10 10 10 8 8 2 10
left_child=1 2 4 -4 -1 -6 7 10 -9 11 -3 13 -13 -5
right_child=-2 6 3 9 5 -7 -8 8 -10 -11 -12 12 -14 -15
leaf_value=0.12011709831440975 -0.38448889840118777 -0.53419891894930183 -0.44083497332137517 -0.041416836540283199 -0.50417331464598492 0.068694625598826484 0.00041545509979243886 -0.1239303889771466 0.62304400215065947 -0.11805349027997124 0.083210289308058585 -0.37622261941662299 0.020085522646865337 0.29912560371237173
leaf_weight=622 95 48 182 46 59 42 1359 50 172 591 170 97 169 60
leaf_count=622 95 48 182 46 59 42 1359 50 172 591 170 97 169 60
internal_value=-0.000398618 -0.000171756 -0.00166934 -0.00374346 0.00161602 -0.00794118 0.00138333 0.00557823 0.0104933 -0.00239627 0.000547945 0.00160858 -0.00134831 0.00897196
internal_weight=3762 3667 1868 1145 723 101 1799 440 222 963 218 372 266 106
internal_count=3762 3667 1868 1145 723 101 1799 440 222 963 218 372 266 106
is_linear=0
shrinkage=0.03


Tree=229
num_leaves=15
num_cat=0
split_feature=28 69 27 37 77 3 16 3 82 37 16 83 66 48
split_gain=9.76699 8.49414 8.99521 10.8839 12.5161 10.0176 14.9149 11.6263 14.1233 14.5045 15.9039 13.2371 12.4406 14.6318
threshold=494.00000000000006 -265.73906539253227 0.88780278466526807 2253.7379144897664 33.779822111129768 12.375000000000002 4.5000000000000009 11.708333333343036 147.77504696448645 267.05819168824945 10.500000000000002 -220.64074397087094 -56.999209523200982 60.768820762634284
decision_type=2 8 8 10 10 2 2 2 8 10 2 10 10 10
left_child=1 -1 -3 5 -5 7 -7 8 9 -4 12 -12 -11 -14
right_child=-2 2 3 4 -6 6 -8 -9 -10 10 11 -13 13 -15
leaf_value=0.17485228827503035 -1.2073829651088062 -0.020713062218422031 -0.44423084166068716 0.68537734663388272 -0.011949150655549924 0.36727163903849969 0.013850926073036902 -0.52667661121859444 -0.26882837390549347 -0.58149908320798727 1.3635284936777115 0.25479129670250605 -0.25660518788019598 0.47515681562515749
leaf_weight=192 40 1147 72 116 91 218 1045 71 412 54 45 186 46 56
leaf_count=192 40 1147 72 116 91 218 1045 71 412 54 45 186 46 56
internal_value=-7.12025e-05 8.79531e-05 -0.000244382 0.00079569 0.00735577 0.000176791 0.00192247 -0.00216331 -0.00120413 0.00241304 0.00471649 0.00969828 -0.00267516 0.00349515
internal_weight=3791 3751 3559 2412 207 2205 1263 942 871 459 387 231 156 102
internal_count=3791 3751 3559 2412 207 2205 1263 942 871 459 387 231 156 102
is_linear=0
shrinkage=0.03


Tree=230
num_leaves=15
num_cat=0
split_feature=77 28 82 81 74 28 40 28 28 3 3 77 77 43
split_gain=10.8863 17.6816 18.4786 15.5004 13.4745 16.5417 13.6099 16.1236 15.2383 14.6474 12.5655 12.3323 15.2198 13.6682
threshold=-146.72816359996793 170.50000000000003 5.1469217141469334 4668.6520421504983 390.230872708601 261.50000000000006 1086.7433553058715 208.50000000000003 290.50000000000006 8.2916666666569672 9.7083333333430364 19.379556417465214 55.777269005775459 362.86389388212734
decision_type=10 2 10 10 10 2 10 2 2 2 2 10 10 10
left_child=1 2 -1 4 6 -6 9 -8 -9 -2 -11 -5 -13 -14
right_child=3 -3 -4 11 5 -7 7 8 -10 10 -12 12 13 -15
leaf_value=0.0076182353199243137 1.3336096601457657 -0.017382381172832667 0.65344783611501212 -0.24046599537023486 -0.5507354491612737 0.15071893304610876 0.30110448172481324 -0.31561623156142726 0.048058881587370192 -0.62253608907179947 0.28782690990324972 0.25320378886792594 0.0016587744854601816 -1.4695921999797221
leaf_weight=471 101 1314 260 714 82 48 43 87 47 42 300 197 62 50
leaf_count=471 101 1314 260 714 82 48 43 87 47 42 300 197 62 50
internal_value=-0.000597015 0.000894428 0.00463115 -0.0023168 0.000958722 -0.00778626 0.00280193 -0.00421348 -0.00933333 0.00560811 0.00262391 -0.0047168 0.000290323 -0.00849558
internal_weight=3818 2045 731 1773 750 130 620 177 134 443 342 1023 309 112
internal_count=3818 2045 731 1773 750 130 620 177 134 443 342 1023 309 112
is_linear=0
shrinkage=0.03


Tree=231
num_leaves=15
num_cat=0
split_feature=40 5 74 14 14 16 70 29 40 57 83 39 0 29
split_gain=9.97814 12.8123 12.9545 12.0181 12.2911 10.6345 13.3212 13.9099 17.6245 20.8769 13.7391 13.1264 12.286 11.4094
threshold=45.180242109435198 34.926844000816352 35.316935430320484 360.21335510520356 366.23495461435363 24.500000000000004 0.90454545454545465 0.90591147350029133 558.382352287147 7.5000000000000009 -123.9264758825302 1906.7528096026003 60.500000000000007 0.8812642694063928
decision_type=8 10 10 10 10 2 8 10 10 10 8 10 2 10
left_child=1 -1 -3 -2 -5 6 12 10 9 -9 -8 -10 -6 -12
right_child=3 2 -4 4 5 -7 7 8 11 -11 13 -13 -14 -15
leaf_value=0.46462952751246261 -0.049325211208956866 -0.060953027803688969 0.30060454802724235 0.59106967880528805 0.013945333316921334 -0.060824047271769072 -1.3829448150445507 -0.061758241129374128 0.68241813019656516 0.59693124760687177 0.072498424216449558 -0.17453383922807361 0.63064759791376634 -0.2821473102849083
leaf_weight=134 1628 301 105 42 257 363 48 108 40 169 123 242 139 189
leaf_count=134 1628 301 105 42 257 363 48 108 40 169 123 242 139 189
internal_value=-0.000231422 0.00354898 0.000884521 -0.000842042 0.00090645 0.000500298 0.00175532 -0.000228261 0.00273214 0.00809353 -0.00481994 -0.00254417 0.00634761 -0.00249201
internal_weight=3888 540 406 3348 1720 1678 1315 919 559 277 360 282 396 312
internal_count=3888 540 406 3348 1720 1678 1315 919 559 277 360 282 396 312
is_linear=0
shrinkage=0.03


Tree=232
num_leaves=15
num_cat=0
split_feature=27 81 59 77 77 62 24 56 56 60 81 29 28 77
split_gain=6.21019 10.6986 11.5329 11.126 17.3504 12.5586 12.1307 10.9423 13.0937 9.46524 9.41668 12.8953 15.8544 14.3481
threshold=0.88780278466526807 6680.4255408048639 542.44134294986736 -138.00838798284528 -21.371303200721737 -0.0060559680568773432 40.500000000000007 95.322244564692198 29.13625196615855 -158.65493166446683 4668.6520421504983 0.93435318435318448 298.50000000000006 -68.991974949836717
decision_type=8 10 10 10 10 10 2 10 10 10 10 10 2 10
left_child=-1 2 10 7 -5 6 -6 8 9 -3 -2 12 -12 -13
right_child=1 3 -4 4 5 -7 -8 -9 -10 -11 11 13 -14 -15
leaf_value=-0.014618167183565085 0.017477493525904941 -0.18187919043684062 -0.48358686773763065 -0.31316817644644607 0.097128725105151831 -0.12724922284382365 2.1448768689277649 -0.019899979359334311 1.5466041631910266 0.24536856349302763 -0.042759754324893109 -0.13496630451806935 -1.139024732271414 0.82825973817491672
leaf_weight=1236 1452 40 43 196 81 70 66 104 62 148 93 124 74 41
leaf_count=1236 1452 40 43 196 81 70 66 104 62 148 93 124 74 41
internal_value=-9.39702e-05 0.000739884 -0.000508753 0.00371094 0.000362319 0.00619266 0.0111486 0.00760563 0.010996 0.00698413 -0.000134454 -0.00468468 -0.0105357 0.00126506
internal_weight=3830 2594 1827 767 413 217 147 354 250 188 1784 332 167 165
internal_count=3830 2594 1827 767 413 217 147 354 250 188 1784 332 167 165
is_linear=0
shrinkage=0.03


Tree=233
num_leaves=15
num_cat=0
split_feature=36 62 63 42 1 67 81 42 25 42 84 42 66 36
split_gain=8.21573 12.3619 15.7462 10.7023 8.67615 13.4319 12.1126 13.1546 11.0773 14.631 14.7644 11.0267 10.5595 9.67332
threshold=0.10946593632317701 0.039101609545326189 -197.09345727617085 72.566321492195144 665.53867006301891 85.316099739074659 8584.5142171382922 240.6866561174393 0.92768564171522494 97.977947831153884 -151.88852238655087 117.39192199707033 107.68686401844026 0.17416582406471184
decision_type=8 8 10 8 2 8 10 10 10 10 10 8 8 8
left_child=1 2 -1 -3 6 -6 7 -2 9 10 -8 13 -12 -7
right_child=4 3 -4 -5 5 11 8 -9 -10 -11 12 -13 -14 -15
leaf_value=-0.17167326142250916 0.0068100508606062961 -0.22941190287068219 0.29375245709248465 0.0093167097471325983 -0.41443035728326727 0.27788229993050678 0.25879425086150459 0.3788011947035077 0.079577912448299301 -0.98616235724579948 -0.083822988368539839 -0.19435018237642368 -0.51902083922513798 0.0044012761646193607
leaf_weight=40 1673 55 112 85 308 52 50 168 135 73 105 373 78 549
leaf_count=40 1673 55 112 85 308 52 50 168 135 73 105 373 78 549
internal_value=-0.000528908 0.00430034 0.0101961 -0.00212766 -0.000925666 -0.00289945 0.000183968 0.00125407 -0.00427602 -0.00742671 -0.00371795 -0.00116923 -0.00766304 0.00134551
internal_weight=3856 292 152 140 3564 1282 2282 1841 441 306 233 974 183 601
internal_count=3856 292 152 140 3564 1282 2282 1841 441 306 233 974 183 601
is_linear=0
shrinkage=0.03


Tree=234
num_leaves=15
num_cat=0
split_feature=28 59 83 38 35 4 36 81 66 65 0 77 8 83
split_gain=8.54531 7.68943 12.7311 13.7661 11.5322 14.9874 13.695 10.0295 9.05161 8.91072 8.74371 11.7014 10.7032 12.0665
threshold=497.50000000000006 125.53867006301881 256.42899131774908 524.87099219335175 15.667333333333335 7.5000000000000009 0.1720302152317881 9736.4718060493487 -207.34775412082669 1.1735353986299786 81.500000000000014 -146.72816359996793 4.0249755842701216 -66.38557112216948
decision_type=2 10 8 8 10 2 10 10 8 10 2 10 10 8
left_child=1 8 4 -4 7 -6 -7 -3 -1 10 11 -10 -12 -14
right_child=-2 2 3 -5 5 6 -8 -9 9 -11 12 -13 13 -15
leaf_value=0.17387705774415407 -0.72464962497624807 0.024099279878278528 -0.29886541994149801 0.57561654169302479 -1.2977459100875539 0.53581725394844038 -0.32545696649309691 1.0106378628350459 -0.00057099906884701564 -0.25478487655569582 -0.037779956233167197 -0.13110388677489054 -0.18063469806460872 0.49493760733187997
leaf_weight=119 44 277 42 142 82 46 68 43 1005 72 586 757 113 427
leaf_count=119 44 277 42 142 82 46 68 43 1005 72 586 757 113 427
internal_value=-0.000337343 -0.00018254 0.00265335 0.00940541 0.000232108 -0.00548223 0.00156522 0.00373832 -0.000827922 -0.00115502 -0.000893043 -0.00221214 0.00117125 0.00421442
internal_weight=3823 3779 700 184 516 196 114 320 3079 2960 2888 1762 1126 540
internal_count=3823 3779 700 184 516 196 114 320 3079 2960 2888 1762 1126 540
is_linear=0
shrinkage=0.03


Tree=235
num_leaves=15
num_cat=0
split_feature=79 68 40 30 2 14 8 84 37 52 82 60 48 7
split_gain=8.54498 17.1565 12.5841 8.23369 12.2377 7.84187 9.34978 8.31599 8.78907 8.98656 8.57203 8.16332 7.72849 8.08691
threshold=396.46469057803557 -0.012305103167891501 1256.756713885947 13.65 1.0000000180025095e-35 1241.048815279172 7.4956796915889212 53.129394690195731 1309.8384729594197 20.117236614227298 -150.37561261653897 82.276843786239638 31.474642992019657 2186.5181977426896
decision_type=10 8 10 8 2 10 8 10 10 10 8 8 10 10
left_child=3 -2 -3 -1 5 6 7 10 -9 -10 -5 -11 13 -12
right_child=1 2 -4 4 -6 -7 -8 8 9 11 12 -13 -14 -15
leaf_value=0.023447913328278922 0.13215369349202954 -0.69413761196105239 -0.001744097821939446 0.12469263332899984 0.023376301481930175 -0.3094118583885867 0.31024222968388598 -0.22994303446496034 -0.14890792029025335 0.15989937161084633 0.088652474966721961 1.90515774709234 -0.03403508259952133 -0.3739981593588243
leaf_weight=2067 46 72 60 42 85 41 55 97 45 78 65 40 629 439
leaf_count=2067 46 72 60 42 85 41 55 97 45 78 65 40 629 439
internal_value=-0.000302952 -0.00670391 -0.0121805 8.14332e-06 -0.00159555 -0.00221279 -0.00185111 -0.00231894 0.00252874 0.00676829 -0.00339286 0.0110924 -0.00388889 -0.00665347
internal_weight=3861 178 132 3683 1616 1531 1490 1435 260 163 1175 118 1133 504
internal_count=3861 178 132 3683 1616 1531 1490 1435 260 163 1175 118 1133 504
is_linear=0
shrinkage=0.03


Tree=236
num_leaves=15
num_cat=0
split_feature=34 39 7 77 20 77 27 3 24 80 29 49 7 7
split_gain=8.60003 12.0305 11.3894 13.2611 9.77446 14.1841 12.0969 9.8224 9.11428 10.8646 10.2901 11.7206 14.3376 10.6541
threshold=0.18795289855072467 4777.0235039493837 4551.8125488102496 -62.583481609821312 598.02790760993969 -284.6308929920196 0.91856158484065464 17.375000000000004 24.500000000000004 178.50779318809512 0.89675666199158488 7.5000000000000009 2791.7531157179478 3089.9075409560614
decision_type=8 10 8 10 8 8 10 2 2 10 10 8 8 10
left_child=8 4 -3 -4 5 -2 7 -7 -1 10 13 -12 -13 -10
right_child=1 2 3 -5 -6 6 -8 -9 9 -11 11 12 -14 -15
leaf_value=0.090739748727102471 -0.62459088647027472 -0.0038999689807134173 1.3757310166529801 0.077683087232290685 -0.041576732764179537 0.035989680055785976 0.2503785361982388 -0.55575333481054401 0.080826081962646151 -0.39235831153126799 -0.012794222725799978 0.030666817813744984 0.55718672387120693 -0.19874762790213013
leaf_weight=190 48 131 67 79 1903 154 360 47 201 90 131 121 144 166
leaf_count=190 48 131 67 79 1903 154 360 47 201 90 131 121 144 166
internal_value=0.000234803 -0.000634409 0.00528777 0.0110204 -0.0012893 0.00201639 0.00336299 -0.00252475 0.00255747 0.00122951 0.00239529 0.00574307 0.0093609 -0.00122283
internal_weight=3832 2789 277 146 2512 609 561 201 1043 853 763 396 265 367
internal_count=3832 2789 277 146 2512 609 561 201 1043 853 763 396 265 367
is_linear=0
shrinkage=0.03


Tree=237
num_leaves=15
num_cat=0
split_feature=64 84 52 80 76 56 59 14 28 77 68 81 16 4
split_gain=8.64935 14.9539 10.1649 8.94789 8.02499 7.94391 8.17367 11.3441 8.86972 21.3662 13.5465 12.1695 10.3521 11.054
threshold=3.6835287751673564 75.267496705055251 66.878187298774733 95.561455726623549 -42.405506014823906 379.69196009635931 -1502.5054835081098 438.18954332963892 184.50000000000003 -244.4408195018768 -0.27076123694585724 4668.6520421504983 16.500000000000004 7.5000000000000009
decision_type=8 10 10 10 8 10 8 10 2 8 8 8 2 2
left_child=1 2 3 -1 -2 6 7 -6 11 12 -11 -8 13 -10
right_child=4 -3 -4 -5 5 -7 8 -9 9 10 -12 -13 -14 -15
leaf_value=-0.26339085875250401 0.38656103967676331 0.54246084511592285 -0.82158147886690613 0.27774598707145337 -0.0007329377867483709 -0.28765539919209182 0.41383168341803422 -0.22981715206191169 0.31689944309502677 0.60312024985326129 0.0035340608021469677 0.017954651634016088 -0.64946538742882653 -0.17294730266175945
leaf_weight=170 41 80 106 43 134 66 212 61 46 68 1310 1235 111 109
leaf_count=170 41 80 106 43 134 66 212 61 46 68 1310 1235 111 109
internal_value=4.74558e-05 -0.004125 -0.00703125 -0.0032243 0.000539187 0.000375783 0.000584119 -0.00535714 0.000960543 -0.000547112 0.000957215 0.00267265 -0.00831461 -0.00326923
internal_weight=3792 399 319 213 3393 3352 3286 195 3091 1644 1378 1447 266 155
internal_count=3792 399 319 213 3393 3352 3286 195 3091 1644 1378 1447 266 155
is_linear=0
shrinkage=0.03


Tree=238
num_leaves=15
num_cat=0
split_feature=77 82 49 61 35 31 61 28 25 71 82 76 35 64
split_gain=7.30124 14.595 7.63875 8.07497 5.7013 10.7337 10.1877 10.3551 9.38558 9.19224 8.20853 7.84839 10.529 9.27346
threshold=57.194347918033607 51.701227406660728 7.5000000000000009 0.039954928431057447 16.428207547169816 20.415476190476195 0.0059564390913991461 149.50000000000003 0.85540069686411158 13.500000000000002 -95.863730231920854 253.03163278102878 17.866004962779162 4.4425835345467828
decision_type=10 8 10 10 10 8 8 2 10 8 8 10 10 8
left_child=4 -2 3 -3 -1 10 -7 9 -9 -8 -6 12 13 -12
right_child=1 2 -4 -5 5 6 7 8 -10 -11 11 -13 -14 -15
leaf_value=-0.0032428875171675933 -0.76799199426779841 -0.00098335363770496367 0.40020221151787833 -0.87348288090345838 -0.056113860068056916 0.41675684489841275 0.0041490154424394634 -0.37453811502214751 -0.10011592473968751 0.23950935994067238 0.019509587282179837 1.2136802709841372 0.019525009468325579 0.79602022788098681
leaf_weight=2566 54 90 64 43 46 41 161 69 224 40 49 54 227 103
leaf_count=2566 54 90 64 43 46 41 161 69 224 40 49 54 227 103
internal_value=5.48017e-05 -0.00488095 -0.00106061 -0.00514925 0.000402122 0.00230542 -0.000615672 -0.00181818 -0.00540816 0.00341584 0.0055625 0.00684332 0.00528947 0.0113725
internal_weight=3831 251 197 133 3580 1014 535 494 293 201 479 433 379 152
internal_count=3831 251 197 133 3580 1014 535 494 293 201 479 433 379 152
is_linear=0
shrinkage=0.03


Tree=239
num_leaves=15
num_cat=0
split_feature=72 67 62 68 84 40 79 31 48 56 28 28 57 77
split_gain=7.55703 8.59688 6.6624 13.8004 11.796 9.8563 18.3135 17.0408 9.655 9.27444 9.89107 18.8636 13.2297 12.9636
threshold=-198.7932753562927 -261.95527132919852 -0.11737446102444794 -0.10173851193393131 -95.042599201202378 211.16696461082526 75.100698281818779 16.62895833333334 331.63197044531506 301.15234398841864 180.50000000000003 212.50000000000003 7.5000000000000009 -146.72816359996793
decision_type=8 8 8 8 10 10 10 8 10 8 2 2 10 8
left_child=-1 -2 -3 4 -4 6 7 9 -7 10 12 -12 13 -5
right_child=1 2 3 5 -6 8 -8 -9 -10 -11 11 -13 -14 -15
leaf_value=0.30740437701268136 -0.85309616019947676 0.087004198926679585 0.030213775812523047 0.57611785649901537 -0.71649489146738654 0.0097937653365781328 -0.89256762510645837 -0.45068153051127297 0.25356530052939857 -0.37652026617508511 -0.6408368732337878 0.050688455795193307 0.92325857470650063 -0.048133434213573821
leaf_weight=60 58 660 66 94 93 1805 43 168 114 105 100 246 62 152
leaf_count=60 58 660 66 94 93 1805 43 168 114 105 100 246 62 152
internal_value=0.000344918 0.000175206 0.000355891 -0.000236143 -0.0088125 0.000238754 -0.00222451 -0.00132543 0.00148437 0.000592105 0.00192366 -0.0015562 0.00582524 0.00267206
internal_weight=3826 3766 3708 3048 159 2889 970 927 1919 759 654 346 308 246
internal_count=3826 3766 3708 3048 159 2889 970 927 1919 759 654 346 308 246
is_linear=0
shrinkage=0.03


Tree=240
num_leaves=15
num_cat=0
split_feature=70 80 77 16 57 28 28 8 77 77 28 81 72 68
split_gain=6.17888 13.3029 11.7812 11.6436 10.8264 15.604 19.1228 18.4414 16.2842 16.2538 12.0677 11.5838 15.5154 14.6232
threshold=0.8973684210526317 269.91307592391973 -37.733892202377312 6.5000000000000009 7.5000000000000009 202.50000000000003 187.50000000000003 5.607918058426046 121.86698865890504 -244.4408195018768 277.50000000000006 3696.7420524358754 8.7698647975921649 -0.046141318826556844
decision_type=10 8 8 2 10 2 2 10 8 8 2 10 8 10
left_child=1 -1 -3 -4 10 6 11 9 -9 -7 -2 13 -13 -6
right_child=4 2 3 -5 5 7 -8 8 -10 -11 -12 12 -14 -15
leaf_value=0.10470566796842336 -0.040400704833878857 -0.10359680421240276 0.16468368367715597 -0.0047398195056643994 0.35007387730010753 -0.10337278785282532 -0.51908098196738039 -0.48606093300368131 0.35431048519248243 0.31274580368003491 -0.60068701148762382 0.039073201504317222 -0.28604480338297433 0.0058571834563844096
leaf_weight=799 600 169 66 347 55 186 152 97 40 680 115 191 232 132
leaf_count=799 600 169 66 347 55 186 152 97 40 680 115 191 232 132
internal_value=0.0001942 0.00180174 -0.00164666 0.00108696 -0.00070133 0.000560589 -0.00267366 0.00301793 -0.00717391 0.00463668 -0.00381285 -0.000294599 -0.00304245 0.00590426
internal_weight=3861 1381 582 413 2480 1765 762 1003 137 866 715 610 423 187
internal_count=3861 1381 582 413 2480 1765 762 1003 137 866 715 610 423 187
is_linear=0
shrinkage=0.03


Tree=241
num_leaves=15
num_cat=0
split_feature=1 28 41 77 76 43 7 45 7 61 29 79 50 79
split_gain=8.30141 15.1591 9.07831 9.45123 8.5951 11.0537 10.0747 17.7482 13.6459 8.54423 8.72473 8.18728 7.91996 7.88842
threshold=666.52870881557476 469.50000000000006 275.62139534950262 -146.72816359996793 375.41665577888494 31.686329164801286 2673.3798137340277 9.5000000000000018 2562.8461204493055 0.76063033810534197 0.91909827760891594 477.38247493318715 2984.2843724489217 11.956173279112695
decision_type=2 2 10 8 10 10 10 10 10 10 10 10 10 8
left_child=1 11 4 -4 6 -6 7 8 -2 10 -7 12 13 -1
right_child=2 -3 3 -5 5 9 -8 -9 -10 -11 -12 -13 -14 -15
leaf_value=0.0013310547910608151 -0.16790409463876371 -0.63107755784674147 0.047318579123572548 -0.35418859055789781 -0.19760796081078197 0.14029033933314342 -0.00013140837051690564 0.24495361068787302 -1.3257240125420766 0.67279369477410278 -0.050749150586357955 -0.10836967850809992 -0.34811168550374005 0.079681269233924323
leaf_weight=1019 221 44 40 90 61 94 670 61 58 41 73 90 62 1227
leaf_count=1019 221 44 40 90 61 94 670 61 58 41 73 90 62 1227
internal_value=0.000194704 0.00125256 -0.0016383 -0.00916031 -0.000867188 0.00388889 -0.0021365 -0.00633431 -0.00953571 0.00717703 0.00410714 0.00157566 0.00192291 0.00221629
internal_weight=3851 2442 1409 130 1279 269 1010 340 279 208 167 2398 2308 2246
internal_count=3851 2442 1409 130 1279 269 1010 340 279 208 167 2398 2308 2246
is_linear=0
shrinkage=0.03


Tree=242
num_leaves=15
num_cat=0
split_feature=0 59 75 26 83 79 33 27 73 42 57 38 37 71
split_gain=7.01785 7.81877 12.4377 16.8641 12.8554 11.3607 10.3216 10.6335 17.4388 8.36813 10.3751 8.26607 13.7073 11.6879
threshold=401.50000000000006 122.44134294986726 738.56861829757702 83.500000000000014 281.76459836959845 11.12752555072244 18.388392857142858 0.8818539727988548 22.598500609397892 6.5038928985595712 9.5000000000000018 3011.0612762949486 1597.7254794465084 11.500000000000002
decision_type=2 10 8 2 8 10 10 10 8 10 10 8 8 8
left_child=1 11 3 -3 -5 6 7 -4 -9 10 -7 -1 13 -13
right_child=-2 2 5 4 -6 9 -8 8 -10 -11 -12 12 -14 -15
leaf_value=-0.046425309893039529 0.82043089953347303 1.6028584356462625 0.74659098535233348 -0.017475084741205293 0.9245779148174178 -0.49937757215407891 -0.46140575130693079 -0.16500474646871002 0.34532172735129663 0.15196534996974759 0.014220999579845647 -0.06326366439410161 -0.0039953410423123554 0.31728591864556843
leaf_weight=1669 71 59 48 112 41 94 70 110 76 46 75 92 1060 202
leaf_count=1669 71 59 48 112 41 94 70 110 76 46 75 92 1060 202
internal_value=0.000305802 0.00012783 0.00290984 0.00901408 0.0037013 0.000403846 0.00413115 0.00714894 0.00385027 -0.00486111 -0.00794118 -0.000545635 0.00119557 0.00691525
internal_weight=3825 3754 731 212 153 519 304 234 186 215 169 3023 1354 294
internal_count=3825 3754 731 212 153 519 304 234 186 215 169 3023 1354 294
is_linear=0
shrinkage=0.03


Tree=243
num_leaves=15
num_cat=0
split_feature=23 41 6 42 77 77 68 4 43 43 54 80 49 61
split_gain=8.91697 13.5782 17.2911 18.9513 12.7606 12.5761 16.5557 12.234 13.133 11.2428 10.9907 10.7593 10.3479 10.2764
threshold=4.0054835081100473 40.339631438255317 690.00000000000011 100.59478127956392 29.977396488189701 -183.1619641780853 -0.11360504788986348 6.5000000000000009 466.38237140510051 59.54838989601825 630.00000000000011 -82.646275639533982 8.5000000000000018 0.90754935913570711
decision_type=10 8 10 8 10 10 10 2 10 8 10 10 10 8
left_child=7 5 4 12 -3 6 -2 8 9 -1 -8 -12 -4 -5
right_child=1 2 3 13 -6 -7 10 -9 -10 -11 11 -13 -14 -15
leaf_value=-0.23128960088788406 0.12015576462182007 0.17161047749194264 0.14197734031115525 -0.033440059725292175 -0.034164400782170805 -0.25599096502157948 0.28909200777196564 0.1015775967579554 -0.23236504327464258 0.13741780053363339 -0.63385235899492742 -0.029773363809335915 -0.21721491664069997 -0.25086660898022811
leaf_weight=117 230 371 261 238 74 546 53 1126 141 204 121 117 67 222
leaf_count=117 230 371 261 238 74 546 53 1126 141 204 121 117 67 222
internal_value=4.62844e-05 -0.00114733 0.000996759 -0.001673 0.00571749 -0.0036236 -0.000287356 0.0017747 -0.00233261 0.00102484 -0.00503425 -0.00778243 0.00382979 -0.00559653
internal_weight=3888 2300 1233 788 445 1067 521 1588 462 321 291 238 328 460
internal_count=3888 2300 1233 788 445 1067 521 1588 462 321 291 238 328 460
is_linear=0
shrinkage=0.03


Tree=244
num_leaves=15
num_cat=0
split_feature=4 3 0 29 77 77 36 17 61 61 23 81 36 34
split_gain=10.7479 10.3262 9.00292 9.87889 27.3732 23.9893 14.2451 9.316 8.7305 11.7281 11.245 10.5621 10.0106 8.60716
threshold=9.5000000000000018 2.2083333333430351 -27.499999999999996 0.89022934978753143 -50.444788813590996 -142.86096280813214 0.18210405946255007 2.5000000000000004 0.75195473014107395 0.092686849826453518 2.4260786771774296 9736.4718060493487 0.27798663324979117 0.1645447219983884
decision_type=2 2 2 8 8 8 10 2 10 10 10 8 10 8
left_child=2 -2 3 5 6 -1 -5 -4 9 -9 12 -12 -10 -11
right_child=1 -3 7 4 -6 -7 -8 8 10 13 11 -13 -14 -15
leaf_value=0.039383786044136122 -0.023225487007221091 0.4225457738304198 -0.65488940558701714 0.15169550629614931 0.47206347102012736 -0.59117002885649927 -0.18105661748251534 0.022859853275590258 0.56379711481172212 0.038361298335188573 -0.067743340141640795 0.31278337976221704 0.11328238130451965 -0.11627656055568145
leaf_weight=162 45 184 40 59 148 175 259 1396 72 188 204 122 74 710
leaf_count=162 45 184 40 59 148 175 259 1396 72 188 204 122 74 710
internal_value=0.000625163 0.00691304 0.000224377 -0.00257463 0.000256959 -0.00647929 -0.00470219 0.00102601 0.001236 0.000470588 0.00494715 0.00183486 0.0118367 -0.00220245
internal_weight=3838 229 3609 803 466 337 318 2806 2766 2294 472 326 146 898
internal_count=3838 229 3609 803 466 337 318 2806 2766 2294 472 326 146 898
is_linear=0
shrinkage=0.03


Tree=245
num_leaves=15
num_cat=0
split_feature=4 31 0 77 0 83 67 63 36 80 63 60 16 79
split_gain=9.78883 13.9155 14.9781 18.3251 13.5809 13.1436 16.4766 14.3493 12.7171 11.142 14.6132 14.6045 10.9281 10.4178
threshold=7.5000000000000009 29.244047619047624 98.500000000000014 -212.41224920749661 11.500000000000002 91.410635948181167 -157.29440929492313 378.00766587459799 0.39734808570425012 278.90583515167242 -70.097270928224106 -52.851885080337517 22.500000000000004 7.9357846521599855
decision_type=2 10 2 8 2 10 8 10 10 8 10 10 2 10
left_child=5 2 4 -4 -2 6 -1 13 -7 10 -6 -11 -12 -8
right_child=1 -3 3 -5 9 8 7 -9 -10 11 12 -13 -14 -15
leaf_value=-1.233684615252185 0.038655329389472255 -0.22137138002134688 -0.43983708907484015 0.84926798310177809 -0.16040088659794979 -0.61121142658771832 -0.026865278986151465 -0.27307853126119297 -0.0031926138884956854 0.04367230936532835 0.29222936736531552 -0.56178589732067807 -0.21588543094740831 0.039484230494560693
leaf_weight=87 763 99 59 384 138 112 650 171 91 52 190 89 46 878
leaf_count=87 763 99 59 384 138 112 650 171 91 52 190 89 46 878
internal_value=-7.87402e-06 0.00158155 0.00221254 0.00695946 0.00056294 -0.00146231 -0.000637941 1.76471e-05 -0.00867647 -0.00319767 -0.00048 -0.0103521 0.00405063 0.000941792
internal_weight=3809 1820 1721 443 1278 1989 1786 1699 203 515 374 141 236 1528
internal_count=3809 1820 1721 443 1278 1989 1786 1699 203 515 374 141 236 1528
is_linear=0
shrinkage=0.03


Tree=246
num_leaves=15
num_cat=0
split_feature=1 70 73 48 60 73 42 42 73 45 68 81 77 77
split_gain=10.0793 11.6249 11.0675 8.30279 7.77807 8.64 7.62667 12.2579 11.9954 11.4634 13.6817 11.3423 11.7323 10.9851
threshold=746.67701900005352 0.23303167420814483 149.10814034938815 150.14496243000033 117.13598144054414 68.521370887756362 37.93373095989228 53.763827443122871 1.4548788070678713 9.5000000000000018 -0.17533051296747018 3335.218719363213 12.841655194759371 -165.26840126514432
decision_type=2 10 10 10 10 8 10 10 8 10 8 8 8 8
left_child=2 -2 6 4 5 -3 8 13 -1 -9 -11 -10 -13 -8
right_child=1 3 -4 -5 -6 -7 7 9 11 10 -12 12 -14 -15
leaf_value=0.055650868051610229 0.11975179383771914 -0.011721052562736744 0.48354107472282792 -0.43235367477065545 0.1040512379062104 -0.48896024935112392 0.58155029654260326 -0.015001250211523853 0.15793050523966143 -0.31159177827724277 0.13412960728515869 -0.17430643922220812 0.0071799026842627378 0.044486507825791999
leaf_weight=353 88 88 48 53 45 87 67 785 108 44 604 837 538 76
leaf_count=353 88 88 48 53 45 87 67 785 108 44 604 837 538 76
internal_value=3.92465e-05 -0.00472376 0.000537417 -0.00777372 -0.00515837 -0.00801136 0.000334017 0.0018643 -0.000979858 0.0010251 0.00397535 -0.00216307 -0.00289971 0.0102083
internal_weight=3821 361 3460 273 220 175 3412 1576 1836 1433 648 1483 1375 143
internal_count=3821 361 3460 273 220 175 3412 1576 1836 1433 648 1483 1375 143
is_linear=0
shrinkage=0.03


Tree=247
num_leaves=15
num_cat=0
split_feature=1 3 44 15 82 16 64 81 85 41 81 52 62 23
split_gain=9.4314 8.32994 8.42924 13.6202 8.56899 8.23104 10.7247 16.0406 8.81465 8.41359 9.4378 8.28007 7.6988 6.48768
threshold=883.1989827156068 1.5416666666569656 39.678271889686592 22.500000000000004 -84.89019378026326 1.0000000180025095e-35 3.6835287751673564 4515.6979067325601 148.41624681154892 5.7582318782806405 4119.3760538101205 31.087355017662052 0.16221737705717931 4.1025601625442514
decision_type=2 2 10 2 10 2 8 10 10 10 8 10 8 8
left_child=1 2 -1 4 -4 -3 7 8 9 -7 -11 -9 -13 -8
right_child=-2 5 3 -5 -6 6 13 11 -10 10 -12 12 -14 -15
leaf_value=-0.1580043850938618 -0.25514099335614415 -0.43588189648080372 -0.0034002990385462303 0.19301588052758883 -0.56866554268850877 0.35742390085516274 0.051057199654443754 -0.11728417667889274 0.79320292467671827 -0.37537672950425338 0.091245210592002482 -1.1874594315202422 -0.1828419526401695 -0.0025460051473519115
leaf_weight=68 51 126 47 58 41 41 1189 53 50 75 56 63 50 1860
leaf_count=68 51 126 47 58 41 41 1189 53 50 75 56 63 50 1860
internal_value=-0.000579786 -0.000404976 -0.00613953 -0.00204082 -0.0094382 -5.89226e-05 0.00021815 -0.00447301 0.000807175 -0.00242775 -0.00613636 -0.011497 -0.0160526 0.000816393
internal_weight=3828 3777 214 146 88 3563 3437 388 222 172 131 166 113 3049
internal_count=3828 3777 214 146 88 3563 3437 388 222 172 131 166 113 3049
is_linear=0
shrinkage=0.03


Tree=248
num_leaves=15
num_cat=0
split_feature=38 59 31 59 44 43 81 8 64 14 32 42 28 84
split_gain=8.86365 11.325 11.3244 13.5207 11.4503 10.82 12.7338 9.62228 18.3988 12.6466 16.5492 10.4497 12.4866 9.33478
threshold=3011.0612762949486 127.54545378684999 18.963571428571431 87.413296341896071 25.882686734199527 239.8255871636608 5907.5514587163934 5.5316578159302781 4.0016075668491142 460.7434080897375 0.063508064516129045 120.60335707664491 220.50000000000003 32.097188870112113
decision_type=10 10 10 10 10 8 8 10 8 10 8 10 2 8
left_child=1 7 5 -4 -5 6 -2 9 -9 10 -1 12 -11 -14
right_child=2 -3 3 4 -6 -7 -8 8 -10 11 -12 -13 13 -15
leaf_value=0.2943621964974375 0.0079980634965787362 0.06733349673172187 0.0066259516674066349 0.093361482662804585 -0.7118218023094669 0.017637179710476028 0.83381754879236492 -0.56875979090078721 0.37473207235162714 -0.27603777224825649 -0.036863099399198719 -1.110601385807763 1.185890478553796 -0.20327477903942592
leaf_weight=60 108 425 511 44 87 485 183 42 177 250 1232 96 41 51
leaf_count=60 108 425 511 44 87 485 183 42 177 250 1232 96 41 51
internal_value=-0.000142368 -0.00126316 0.00173362 -0.00121306 -0.00977273 0.00416988 0.00873288 -0.00223077 0.00368182 -0.00298094 -0.00148492 -0.00738041 -0.00489796 0.00451613
internal_weight=3792 2374 1418 642 131 776 291 1949 219 1730 1292 438 342 92
internal_count=3792 2374 1418 642 131 776 291 1949 219 1730 1292 438 342 92
is_linear=0
shrinkage=0.03


Tree=249
num_leaves=15
num_cat=0
split_feature=74 3 50 50 42 4 30 79 31 17 69 48 34 78
split_gain=9.65339 7.34641 6.96656 10.2881 14.0217 9.81462 13.1763 20.449 13.6748 13.6101 11.2229 13.9315 11.1439 10.6956
threshold=3563.9869897058475 1.5416666666569656 1543.0117584466936 514.4901432991029 328.89257645607 6.5000000000000009 1.0000000180025095e-35 7.8591503867123143 11.254700854700856 41.500000000000007 -78.645945951328954 200.35949130853018 0.1645447219983884 0.70833333333333337
decision_type=10 2 10 10 10 2 10 10 8 2 8 10 10 8
left_child=1 -1 3 5 -5 6 8 12 9 -3 -9 -12 -8 -7
right_child=-2 2 -4 4 -6 13 7 10 -10 -11 11 -13 -14 -15
leaf_value=-0.037357391936353568 -0.037055184286695277 -0.0068566851417186563 -0.070288794796099105 0.14874341987238193 -0.38209925365232261 -0.06792141750556957 0.21302044578089729 -0.41190365523482086 -0.77213089561417803 -0.72973905506986048 0.16249119345809515 -0.26551753736055078 -0.47797556010330533 0.044825151496325828
leaf_weight=179 104 197 264 175 40 330 53 65 51 69 216 43 157 1907
leaf_count=179 104 197 264 175 40 330 53 65 51 69 216 43 157 1907
internal_value=-0.000171384 8.00641e-05 0.000378363 0.000753632 0.00708333 0.00031078 -0.00242958 0.000448598 -0.00726415 -0.00449438 0.00516923 0.00796154 -0.00682464 0.00135389
internal_weight=3850 3746 3567 3303 215 3088 851 534 317 266 324 259 210 2237
internal_count=3850 3746 3567 3303 215 3088 851 534 317 266 324 259 210 2237
is_linear=0
shrinkage=0.03


Tree=250
num_leaves=15
num_cat=0
split_feature=67 41 71 15 83 25 43 22 7 3 1 76 17 17
split_gain=8.53698 6.91052 11.7317 6.86027 16.6057 11.6116 9.4088 8.88514 8.80189 9.25851 8.99438 8.76953 9.13406 9.8378
threshold=-261.95527132919852 -161.15056169033048 13.500000000000002 31.500000000000004 65.390338897705092 0.84449404761904778 745.16827859972238 1.0054835081100466 5020.6436175082208 0.87500000000000011 627.41329634189617 1867.9489187002184 2.5000000000000004 37.500000000000007
decision_type=8 8 8 2 8 10 10 2 10 2 2 10 2 2
left_child=-1 2 -2 8 6 -6 -5 -7 9 -3 -11 12 -12 -14
right_child=1 3 -4 4 5 7 -8 -9 -10 10 11 -13 13 -15
leaf_value=-0.53756956852020554 -0.024397636112879689 -0.18729022805625095 0.55247479575704561 0.27005559586289035 0.14639334271282967 0.066642544396125117 -0.34255762301432247 -0.29158300969224682 0.097507001471062976 0.085834560209135657 -0.77501650355747431 0.13135833922751644 -0.0031216442018795832 -0.1331362709111002
leaf_weight=64 64 83 56 197 48 52 42 170 173 507 46 161 1316 855
leaf_count=64 64 83 56 197 48 52 42 170 173 507 46 161 1316 855
internal_value=-0.000297262 -0.000111376 0.00694215 -0.000345111 0.00288235 -0.00221402 0.008625 -0.00511211 -0.000868873 -0.00125295 -0.000966736 -0.00174023 -0.00223174 -0.00194751
internal_weight=3834 3770 120 3650 509 270 239 222 3141 2968 2885 2378 2217 2171
internal_count=3834 3770 120 3650 509 270 239 222 3141 2968 2885 2378 2217 2171
is_linear=0
shrinkage=0.03


Tree=251
num_leaves=15
num_cat=0
split_feature=30 77 3 3 8 81 3 71 27 14 84 4 82 0
split_gain=7.15831 10.2226 13.7399 18.5883 14.1512 12.1459 11.6914 11.2722 10.4648 9.3088 9.30341 8.51628 21.2229 13.793
threshold=13.65 -195.47115206718442 15.708333333343036 17.041666666656969 4.6225040551306309 4536.5667403936395 20.458333333343038 12.500000000000002 0.9011667345000679 1257.0367517637555 -109.03273900349934 7.5000000000000009 -60.66789257526397 11.500000000000002
decision_type=8 10 2 2 10 10 2 10 10 10 10 2 10 2
left_child=9 11 5 -4 6 -3 -5 -7 -9 -1 -6 12 -2 -13
right_child=1 2 3 4 10 7 -8 8 -10 -11 -12 13 -14 -15
leaf_value=0.014432020204407649 -0.0061228958392041564 -0.023417521208318595 0.38538054703682317 -0.42404048879646411 -0.097568160174259899 -1.2040779952756091 0.021564170417980897 -0.62988865190505605 0.05510690074579408 0.59868662795412952 0.54100870210848062 0.021787415830846802 0.34139777405249716 -0.22001714045031079
leaf_weight=2060 231 255 60 124 47 132 64 74 62 49 88 187 141 199
leaf_count=2060 231 255 60 124 47 132 64 74 62 49 88 187 141 199
internal_value=-0.000151033 -0.00162162 -0.00377067 0.000546875 -0.00231481 -0.00692748 -0.00761905 -0.0113755 -0.00525547 0.00100948 0.00507353 0.000948617 0.00418231 -0.00217054
internal_weight=3773 1664 906 383 323 523 188 268 136 2109 135 758 372 386
internal_count=3773 1664 906 383 323 523 188 268 136 2109 135 758 372 386
is_linear=0
shrinkage=0.03


Tree=252
num_leaves=15
num_cat=0
split_feature=72 67 62 62 60 69 48 0 84 40 68 79 32 60
split_gain=7.73581 8.42605 8.82798 12.5515 15.3243 11.3785 11.0126 8.65479 12.1107 8.46371 8.20832 7.8644 7.25185 7.08977
threshold=-194.42133450508115 -261.95527132919852 -0.11737446102444794 -0.16889713300741474 -5.223776936531066 -246.36992301137263 13.996713240941366 94.500000000000014 44.080124417940787 19.278112155470129 -0.10958957679575861 9.1077195764890035 0.20294117647058826 545.25383734703075
decision_type=8 8 8 10 8 10 10 2 8 10 8 10 8 10
left_child=-1 -2 3 5 -5 -3 11 8 -8 -4 12 -7 -11 -12
right_child=1 2 9 4 -6 6 7 -9 -10 10 13 -13 -14 -15
leaf_value=0.21509498210899791 -1.048188961346419 0.20350821755005283 -0.19906509275470877 -0.078638537034815131 0.68035173652338521 1.1253081397968743 -0.090750103952982608 -0.1496371065410014 -0.84833527515376772 -0.56056057870888965 -0.0040178194272706943 -0.35244503131680749 -0.083823610092863696 0.24078781634708241
leaf_weight=71 54 105 142 108 173 53 43 75 46 48 2635 44 59 162
leaf_count=71 54 105 142 108 173 53 43 75 46 48 2635 44 59 162
internal_value=-0.000157109 -0.000344184 -0.000170547 0.00300926 0.00776596 -0.000653951 -0.00400763 -0.00872727 -0.015 -0.000846734 -0.000495697 0.00397959 -0.00861111 -0.000182273
internal_weight=3818 3747 3693 647 281 366 261 164 89 3046 2904 97 107 2797
internal_count=3818 3747 3693 647 281 366 261 164 89 3046 2904 97 107 2797
is_linear=0
shrinkage=0.03


Tree=253
num_leaves=15
num_cat=0
split_feature=65 65 36 31 76 28 28 0 62 38 16 43 69 7
split_gain=7.48367 13.1285 13.5485 14.0566 9.25183 18.9008 12.84 11.1922 10.4414 10.0538 15.6564 14.9797 15.8201 12.6527
threshold=0.92569678480918383 0.93562649946110821 0.10507913139492088 17.101785714285722 247.79256916046145 244.50000000000003 153.50000000000003 362.50000000000006 -0.07056914352081807 2508.7582689750484 2.5000000000000004 569.51409323227188 -246.36992301137263 3872.4679407200251
decision_type=10 10 10 10 8 2 2 2 8 10 2 10 10 10
left_child=4 -2 -3 -4 5 6 -1 9 -8 10 -6 12 -11 -12
right_child=1 2 3 -5 7 -7 8 -9 -10 11 13 -13 -14 -15
leaf_value=-0.007609910996674003 -0.4343230956050087 0.090795830046141959 0.0075286198553206679 -0.19768252315567336 0.26142084009489641 0.17716864880519698 -0.14350848210566891 1.0443963556462703 -0.81401377447531087 1.4315406984563703 -0.019683043854555524 -0.0062279730049368126 0.18336499388629846 0.17549569553999278
leaf_weight=102 45 117 702 437 49 152 40 80 54 60 1168 283 397 166
leaf_count=102 45 117 702 437 49 152 40 80 54 60 1168 283 397 166
internal_value=-1.55723e-05 -0.00186636 -0.00128878 -0.00228947 0.000928683 -0.00361032 -0.00974619 0.00164701 -0.0176842 0.00122881 -0.000281792 0.00404858 0.00740175 -0.000898876
internal_weight=3852 1301 1256 1139 2551 348 196 2203 94 2123 1383 740 457 1334
internal_count=3852 1301 1256 1139 2551 348 196 2203 94 2123 1383 740 457 1334
is_linear=0
shrinkage=0.03


Tree=254
num_leaves=15
num_cat=0
split_feature=28 39 56 28 9 26 8 72 31 83 19 83 65 29
split_gain=9.98008 11.3972 15.1836 13.1419 12.3334 13.2823 12.9302 13.1103 10.2964 10.9348 10.1193 10.1159 10.062 13.1384
threshold=494.00000000000006 2396.2808199483848 293.45490034421289 268.50000000000006 870.00000000000011 61.500000000000007 4.1116967280546719 -15.372391104698179 15.003333333333336 -24.891122460365292 570.00000000000011 65.390338897705092 1.0593232547202873 0.93313432571012911
decision_type=2 10 8 2 2 2 8 10 8 10 8 8 10 10
left_child=1 2 3 4 6 11 7 -1 -8 -10 -4 -6 13 -5
right_child=-2 -3 10 12 5 -7 8 -9 9 -11 -12 -13 -14 -15
leaf_value=0.0014823206640563313 -0.69201292664393366 -0.025070892716225472 -0.53372581985851275 0.1976694712927673 0.094416125744895399 0.4442846482231112 0.42112540976303753 -0.26590167231859058 -0.15146439334204245 0.07173895772580792 -0.020475982828609032 -0.51048308335816373 1.2537807527386085 -0.091509879885215348
leaf_weight=941 40 1511 63 171 45 202 192 206 59 99 109 43 44 70
leaf_count=941 40 1511 63 171 45 202 192 206 59 99 109 43 44 70
internal_value=8.69336e-05 0.000247604 0.00160356 0.00231548 0.00135906 0.00701031 0.000260347 -0.00128049 0.00529915 -0.000377358 -0.00693642 -0.00269663 0.00828671 0.00582645
internal_weight=3795 3755 2244 2072 1787 290 1497 1147 350 158 172 88 285 241
internal_count=3795 3755 2244 2072 1787 290 1497 1147 350 158 172 88 285 241
is_linear=0
shrinkage=0.03


Tree=255
num_leaves=15
num_cat=0
split_feature=70 45 0 77 76 80 17 82 77 15 77 26 0 3
split_gain=9.11766 11.0993 8.03219 7.31408 14.8528 10.5843 8.43588 15.0721 8.10167 20.6051 11.1121 9.41888 9.20359 8.6028
threshold=1.0000000180025095e-35 20.500000000000004 11.500000000000002 57.194347918033607 5773.4294601678857 -196.27006793022153 5.0000000000000009 -101.69394946098326 15.967813551425936 34.500000000000007 12.140736043453218 159.50000000000003 290.50000000000006 23.125000000000004
decision_type=8 10 2 10 8 10 2 10 10 2 10 2 2 2
left_child=2 3 -1 6 -5 -6 7 -2 10 11 12 -10 13 -8
right_child=1 -3 -4 4 5 -7 8 -9 9 -11 -12 -13 -14 -15
leaf_value=-0.0045017967830301431 0.035363226233629204 0.53903311195928161 -0.53463362513604917 0.14978743714605178 -0.14208639103397033 -1.5010031915181463 0.0046174080631787712 -1.2673167685105491 0.24026202300872981 -0.43785042406473379 -0.73963782629161279 2.120391938854421 0.30035472522063811 -0.25696854256630813
leaf_weight=154 49 45 50 82 70 72 2655 43 237 40 59 46 135 70
leaf_count=154 49 45 50 82 70 72 2655 43 237 40 59 46 135 70
internal_value=7.87815e-06 0.000357936 -0.00614634 0.000168587 -0.00506667 -0.0109091 0.000521739 -0.0083871 0.000777058 0.00527778 0.000277397 0.0081338 0.000545264 0.000165077
internal_weight=3807 3603 204 3558 224 142 3334 92 3242 323 2919 283 2860 2725
internal_count=3807 3603 204 3558 224 142 3334 92 3242 323 2919 283 2860 2725
is_linear=0
shrinkage=0.03


Tree=256
num_leaves=15
num_cat=0
split_feature=73 77 0 69 8 3 3 8 39 17 82 3 26 64
split_gain=9.01356 7.44513 17.0029 12.8216 9.53778 9.30512 8.80744 21.1623 19.2185 15.6275 22.4591 14.5299 17.8366 14.3559
threshold=179.28754067420962 107.6919767856598 129.50000000000003 -257.64141228714504 7.6095631558242802 23.125000000000004 15.708333333343036 3.8833298171836903 2396.2808199483848 41.500000000000007 -25.553764104843136 17.291666666656969 129.50000000000003 4.4641757520933742
decision_type=10 10 2 10 10 2 2 8 10 2 8 2 2 10
left_child=1 4 3 -3 5 6 8 11 -1 -9 -11 12 -8 -13
right_child=-2 2 -4 -5 -6 -7 7 9 -10 10 -12 13 -14 -15
leaf_value=0.015443134435304273 1.1576689593773573 -0.013087391816223164 0.1787220006057354 -0.66346438989897272 0.6040869267110337 -0.37262433692769148 0.23156513750343805 0.45692118363665718 -0.12114296013080235 0.37423757586474149 -0.12923845784520893 -0.17196303951792585 -0.21180963283837512 0.55715041716549074
leaf_weight=1342 41 57 76 54 67 92 149 341 793 63 175 493 51 42
leaf_count=1342 41 57 76 54 67 92 149 341 793 63 175 493 51 42
internal_value=-0.000250195 -0.000403056 -0.0062234 -0.0136607 -9.97506e-05 -0.000313382 -6.08696e-05 0.00187072 -0.00125 0.00615517 0.000251046 -0.00150815 0.00537313 -0.00408582
internal_weight=3836 3795 187 111 3608 3541 3449 1314 2135 579 238 735 200 535
internal_count=3836 3795 187 111 3608 3541 3449 1314 2135 579 238 735 200 535
is_linear=0
shrinkage=0.03


Tree=257
num_leaves=15
num_cat=0
split_feature=29 81 77 39 29 59 66 27 7 7 77 77 78 7
split_gain=8.82938 17.0273 9.61078 9.54819 15.7597 12.7004 8.72238 9.54899 8.37675 7.58645 15.7049 31.3441 13.6701 13.2092
threshold=0.95042482971701436 7381.426011443139 85.130442023277297 267.44720411579345 0.96171709987499476 125.53867006301881 -56.999209523200982 0.9842509920634922 2820.3385568185263 3073.3838402806182 11.347275078296663 38.12003558874131 0.70833333333333337 2721.2635747458485
decision_type=10 8 10 10 10 10 10 10 10 10 10 10 8 8
left_child=9 6 3 -3 -5 8 7 -2 -6 10 13 -12 -11 -1
right_child=1 2 -4 4 5 -7 -8 -9 -10 12 11 -13 -14 -15
leaf_value=-0.014094369631778658 0.012304257703981279 -0.20560922310328564 -0.282327169826951 -0.16542159295401604 -0.0096385391146034775 0.69650853978213245 -0.85245391570619555 -0.4703869031847584 0.78675316088635394 -0.16349298105368637 1.2355942418836603 0.014036613441392162 0.00050595345704038043 0.12199145821795862
leaf_weight=1338 77 71 43 79 89 44 53 90 82 194 85 142 1012 480
leaf_count=1338 77 71 43 79 89 44 53 90 82 194 85 142 1012 480
internal_value=-8.50515e-05 -0.00333863 0.000293399 0.00188525 0.00427119 0.00847222 -0.0100452 -0.00660714 0.0047093 0.00054428 0.00165689 0.00907895 -0.00134217 0.000725673
internal_weight=3879 628 408 365 294 215 220 167 171 3251 2045 227 1206 1818
internal_count=3879 628 408 365 294 215 220 167 171 3251 2045 227 1206 1818
is_linear=0
shrinkage=0.03


Tree=258
num_leaves=15
num_cat=0
split_feature=62 0 9 59 20 45 66 8 73 82 60 28 38 76
split_gain=7.87279 7.84875 17.5373 7.0219 17.0777 14.1004 10.0706 9.52617 13.4091 12.7221 9.74858 11.1812 14.7886 12.5083
threshold=0.58126352623752953 371.50000000000006 450.00000000000006 125.53867006301881 715.93281006813061 5.5000000000000009 -207.34775412082669 4.1761948675895475 14.654325366020204 235.86052068074548 371.44825458526617 204.50000000000003 3001.5023253427366 262.97723114490515
decision_type=10 2 2 10 8 8 8 8 10 10 10 2 10 8
left_child=1 3 -3 6 -5 -6 -1 9 -9 10 11 12 -8 -14
right_child=-2 2 -4 4 5 -7 7 8 -10 -11 -12 -13 13 -15
leaf_value=0.16337249332237852 -0.26930202375467688 2.2236768915037821 -0.33199576230259215 0.25837800461519717 -0.69581587129672084 0.05847477617171034 -0.34092933395671343 0.00020445281207429389 0.39762987571417552 -1.0974498171279028 0.17291607668672454 0.00052014177128313578 -0.042657332515462484 0.081762821732068933
leaf_weight=120 42 79 43 266 123 302 501 1205 113 40 129 633 62 134
leaf_count=120 42 79 43 266 123 302 501 1205 113 40 129 633 62 134
internal_value=0.000205642 0.000351906 0.00780488 9.92009e-05 0.00281792 -0.000915493 -0.000541184 -0.000904897 0.000955269 -0.00254 -0.00207534 -0.00283997 -0.00545845 0.00152284
internal_weight=3792 3750 122 3628 691 425 2937 2817 1318 1499 1459 1330 697 196
internal_count=3792 3750 122 3628 691 425 2937 2817 1318 1499 1459 1330 697 196
is_linear=0
shrinkage=0.03


Tree=259
num_leaves=15
num_cat=0
split_feature=3 52 30 42 28 77 45 3 42 42 32 67 37 43
split_gain=10.6461 10.5151 10.4425 7.14136 14.3191 14.5782 14.6296 11.2809 11.2445 11.2636 11.4497 10.8572 10.5628 17.7587
threshold=1.5416666666569656 52.685521960258491 42.150000000000006 118.13134706020357 123.50000000000001 -234.55698454380033 9.5000000000000018 14.791666666656967 39.35622692108155 45.825402855873115 0.10620300751879701 117.31599818958951 1332.3196724276672 1149.6910743118872
decision_type=2 10 10 10 2 8 10 2 8 8 8 10 8 8
left_child=1 -1 -3 8 7 -6 -7 -5 11 -10 -11 -2 -8 -14
right_child=3 2 -4 4 5 6 12 -9 9 10 -12 -13 13 -15
leaf_value=-0.2495400485789562 0.0014398156503523363 -0.19298542980014852 0.08671960541536132 -0.031269705532630795 -0.72655356987614661 -0.18921306639148575 -0.099428371088712025 0.42216175201267664 0.61162822261724492 0.23007782644665695 0.0067323001621901208 -0.52022620803537079 1.0670628388779086 -0.032968851586439786
leaf_weight=73 1718 81 41 40 74 355 125 52 84 144 712 75 90 124
leaf_count=73 1718 81 41 40 74 355 125 52 84 144 712 75 90 124
internal_value=-7.91766e-05 -0.00688776 -0.00146341 0.000292154 -0.00209059 -0.00343303 -0.00207194 0.00903226 0.00104243 0.00369819 0.00266044 -0.000351171 0.00238235 0.0064186
internal_weight=3788 195 122 3593 860 768 694 92 2733 940 856 1793 339 214
internal_count=3788 195 122 3593 860 768 694 92 2733 940 856 1793 339 214
is_linear=0
shrinkage=0.03


Tree=260
num_leaves=15
num_cat=0
split_feature=1 80 81 61 56 69 69 63 37 26 28 28 77 77
split_gain=7.24932 9.58533 11.7243 7.43072 6.95448 8.73204 7.69449 6.6136 11.5412 15.2545 8.93609 25.5195 15.0123 14.5441
threshold=623.82469952106487 -37.455788016319268 3880.6968332529073 0.40650616502091647 -81.602939208348587 -83.012638532266948 258.01698784485365 378.00766587459799 1659.1923886244074 124.50000000000001 204.50000000000003 187.50000000000003 6.7750534415245065 -144.83976620435712
decision_type=2 8 8 8 8 8 8 10 8 2 2 2 8 10
left_child=1 3 -3 -1 -4 -6 -7 10 9 -9 11 13 -13 -2
right_child=7 2 4 -5 5 6 -8 8 -10 -11 -12 12 -14 -15
leaf_value=0.0071298701819220867 0.041836981985356125 1.0946012446686131 -0.33773520225849935 0.66096480946129033 0.38571784823884897 -0.24799816759298493 0.11115485377258429 -0.054974780007521512 0.18779475221736724 -1.3671760029168007 0.022081433202955907 -0.79713295991856103 -0.020637651364405936 -0.055539429378040815
leaf_weight=41 797 41 50 56 47 109 146 153 75 44 1273 135 107 726
leaf_count=41 797 41 50 56 47 109 146 153 75 44 1273 135 107 726
internal_value=0.000142068 0.00354379 0.0014467 0.0119388 -0.000339943 0.00138614 -0.000820312 -0.000362428 -0.00483516 -0.00863636 3.94867e-05 -0.00134202 -0.0103704 9.84252e-05
internal_weight=3800 490 393 97 352 302 255 3310 272 197 3038 1765 242 1523
internal_count=3800 490 393 97 352 302 255 3310 272 197 3038 1765 242 1523
is_linear=0
shrinkage=0.03


Tree=261
num_leaves=15
num_cat=0
split_feature=73 42 41 79 22 7 76 41 42 32 62 22 64 4
split_gain=8.82752 9.67018 7.50896 10.7085 10.9724 13.6294 8.92607 8.9171 13.4438 12.578 9.49737 8.92228 8.57836 8.27443
threshold=-22.909306287765499 33.251054525375373 282.1090220212937 23.106103159387118 5.1142140626907358 2820.3385568185263 104.48191165924074 43.823863863945014 48.624633669853218 0.32200460829493094 0.021954204011144094 13.796376228332521 3.0804084351708787 6.5000000000000009
decision_type=8 10 10 10 2 10 8 8 8 10 10 2 8 2
left_child=1 -1 6 4 -4 -6 -2 11 9 10 -9 12 -8 -14
right_child=2 -3 3 -5 5 -7 7 8 -10 -11 -12 -13 13 -15
leaf_value=0.32738335949031194 -1.1257539397772018 -0.065494469543659312 -0.17033723362712114 -0.54756638323597862 -0.18180308419524263 0.89091383875934227 -0.77895099972078019 -0.053828176611723344 0.014600858562788565 1.0725846436200499 0.27747590388549265 -0.384737091568221 -0.12604017104397072 0.010739745474665633
leaf_weight=118 41 66 119 58 46 66 47 70 1357 54 42 84 372 1260
leaf_count=118 41 66 119 58 46 66 47 70 1357 54 42 84 372 1260
internal_value=9.47119e-05 0.00648649 -0.000232237 -0.00486207 -0.00193966 0.00477876 0.000171274 0.000346821 0.00202756 0.0100599 0.00424779 -0.00110544 -0.000625 -0.000257195
internal_weight=3800 184 3616 289 231 112 3327 3286 1523 166 112 1763 1679 1632
internal_count=3800 184 3616 289 231 112 3327 3286 1523 166 112 1763 1679 1632
is_linear=0
shrinkage=0.03


Tree=262
num_leaves=15
num_cat=0
split_feature=60 14 29 77 9 27 59 81 28 31 57 77 84 65
split_gain=11.7866 9.15617 13.3764 12.4675 13.489 11.735 12.3204 14.4715 16.4779 12.9789 12.6146 12.8659 13.4921 11.6198
threshold=545.25383734703075 803.86820059012734 0.90630852059925104 13.88852369785309 210.00000000000003 0.95706605222734276 482.44134294986731 4668.6520421504983 171.50000000000003 14.938445378151261 7.5000000000000009 -237.40033417940137 -43.078317364056893 1.0234973113753807
decision_type=10 10 10 8 2 10 8 8 2 8 10 10 10 8
left_child=1 5 -3 4 -4 6 7 8 9 -1 -10 12 -12 -14
right_child=-2 2 3 -5 -6 -7 -8 -9 10 -11 11 -13 13 -15
leaf_value=1.1231574651098373 0.30091044935789951 -0.01972043699983287 0.78247528105771258 0.91280043933967514 -0.4294542296133822 -0.11466803648749017 0.13995065061063627 -0.025086699107588348 -0.14232586233185662 0.083456222638112296 -0.48988694698581925 0.37529920884712131 0.26825811065415317 -0.070907932444263577
leaf_weight=61 158 145 47 76 47 460 116 1939 231 77 86 237 86 71
leaf_count=61 158 145 47 76 47 460 116 1939 231 77 86 237 86 71
internal_value=0.000304846 -4.07609e-05 0.00484177 0.0105263 0.00315789 -0.000499257 0.00020654 -0.000193618 0.00307059 0.012518 0.00122191 0.00399168 -0.000860656 0.00436709
internal_weight=3837 3679 315 170 94 3364 2904 2788 849 138 711 480 243 157
internal_count=3837 3679 315 170 94 3364 2904 2788 849 138 711 480 243 157
is_linear=0
shrinkage=0.03


Tree=263
num_leaves=15
num_cat=0
split_feature=16 70 70 61 62 39 16 56 61 68 31 32 7 60
split_gain=8.97702 9.92509 9.95841 10.8002 10.8475 10.0935 17.0459 16.4316 27.8941 11.1857 12.9312 18.2621 11.5666 10.8821
threshold=45.500000000000007 0.069047619047619066 0.28991596638655465 0.026542429345795107 -0.22587659593283352 2396.2808199483848 35.500000000000007 72.432371099789947 0.65362924068612338 -0.21852772146808633 7.5548951048951061 0.41042780748663105 5020.6436175082208 86.510583281517043
decision_type=2 8 8 8 10 10 2 8 10 8 8 10 8 10
left_child=1 -1 -3 4 -4 6 13 8 -8 -7 -11 12 -12 -5
right_child=-2 2 3 5 -6 9 7 -9 -10 10 11 -13 -14 -15
leaf_value=-0.042243060510289462 0.061062936951186475 0.237440368060887 0.95256348085332043 -0.00027815633404358663 0.033434134393629723 -0.40371736487678289 0.11332829058002915 -1.4368985800485536 -0.8024486896365236 0.33175849216942027 -0.077614348565465993 -0.84643848934497001 0.17298463214061208 0.17384257394690131
leaf_weight=170 150 85 66 1203 390 93 99 57 51 120 709 59 98 452
leaf_count=170 150 85 66 1203 390 93 99 57 51 120 709 59 98 452
internal_value=-1.5777e-05 -0.000312072 3.44531e-05 -0.000220718 0.00407002 -0.000887152 0.000450886 -0.00764423 -0.00238411 -0.00319444 -0.00224924 -0.00352941 -0.00233911 0.00146739
internal_weight=3802 3652 3482 3397 456 2941 1862 207 150 1079 986 866 807 1655
internal_count=3802 3652 3482 3397 456 2941 1862 207 150 1079 986 866 807 1655
is_linear=0
shrinkage=0.03


Tree=264
num_leaves=15
num_cat=0
split_feature=67 59 70 34 33 29 3 62 29 73 81 7 39 28
split_gain=6.21803 9.87662 8.36671 11.3975 11.2608 14.6292 12.9042 10.6414 15.4148 9.63892 9.61261 12.9198 8.91145 12.7748
threshold=-261.95527132919852 125.53867006301881 0.8973684210526317 0.10380747126436783 26.796781250000006 0.19138741378257954 18.125000000000004 0.039101609545326189 0.92316915698210678 12.390199542045595 7162.4571905136117 3314.6053810030648 2396.2808199483848 204.50000000000003
decision_type=8 10 8 8 10 10 2 8 10 8 8 10 8 2
left_child=-1 2 4 9 5 -2 7 8 -7 -4 11 -9 13 -5
right_child=1 -3 3 12 -6 6 -8 10 -10 -11 -12 -13 -14 -15
leaf_value=-0.45774216285132047 -0.025548182330176784 0.044709887082532589 -0.20408875694779027 -0.087105087538344284 -0.041825852693748083 0.014233403671710082 0.65363218898705155 0.026271396451175946 -0.56890166794850416 0.27065709662282544 0.0093648553271933731 1.1756693083665273 -0.17320879237656656 0.050534126339295417
leaf_weight=69 145 685 50 684 142 90 133 73 46 140 170 59 727 627
leaf_count=69 145 685 50 684 142 90 133 73 46 140 170 59 727 627
internal_value=-0.000140588 2.386e-05 -0.000699708 -0.00166891 0.00181607 0.00334728 0.00550699 0.00300683 -0.00394161 0.00534031 0.00613861 0.0121805 -0.00232467 -0.000846037
internal_weight=3840 3771 3086 2228 858 716 571 438 136 190 302 132 2038 1311
internal_count=3840 3771 3086 2228 858 716 571 438 136 190 302 132 2038 1311
is_linear=0
shrinkage=0.03


Tree=265
num_leaves=15
num_cat=0
split_feature=59 80 0 40 77 0 3 43 38 27 64 24 79 76
split_gain=9.62915 13.9139 10.811 9.85853 9.57077 8.52582 7.87097 12.2193 9.89284 9.77534 8.97191 8.54071 7.26633 18.4514
threshold=125.53867006301881 199.48395633697513 -130.49999999999997 20.487778516945976 -109.34446936845778 401.50000000000006 15.708333333343036 633.39345567269038 1640.4937893605377 0.89877185051235697 4.3148947322195417 24.500000000000004 11.216482071624336 165.18450832366946
decision_type=10 10 2 10 8 2 2 10 8 10 8 2 10 8
left_child=5 2 4 -4 -2 12 7 8 -5 -10 -8 -12 -1 -14
right_child=1 -3 3 6 -6 -7 10 -9 9 -11 11 -13 13 -15
leaf_value=-0.02607712998007429 0.019956779245722308 1.693599982385914 -0.11476482143741336 -0.080596811382948871 -1.083703794614129 0.86922577756880004 0.0038336553676978011 -0.71821823351066449 0.084790578125692254 0.68992224817101233 0.16542483627896232 0.59805592076345981 -0.44574721734583633 0.033194569253163365
leaf_weight=1873 74 46 99 87 56 62 55 50 60 87 55 74 63 1141
leaf_count=1873 74 46 99 87 56 62 55 50 60 87 55 74 63 1141
internal_value=0.000278135 0.00334677 0.00227794 0.0040669 -0.00549618 -0.000449045 0.00588486 0.00273684 0.00561702 0.0103378 0.0107027 0.015 -0.000672515 0.00114523
internal_weight=3882 743 697 567 130 3139 468 284 234 147 184 129 3077 1204
internal_count=3882 743 697 567 130 3139 468 284 234 147 184 129 3077 1204
is_linear=0
shrinkage=0.03


Tree=266
num_leaves=15
num_cat=0
split_feature=80 28 17 82 29 35 33 48 56 59 64 65 3 28
split_gain=8.36293 8.76356 8.1962 10.5066 9.65148 12.9523 31.0664 13.9627 12.3004 12.0717 17.1809 12.8139 10.8533 15.7394
threshold=-203.66100168228147 201.50000000000003 5.0000000000000009 -101.69394946098326 0.90670953912111474 14.030026455026457 14.803610930383867 -132.02593350410459 -89.345563928286225 55.9328100681305 4.4334419921958697 1.0486778456354555 10.291666666656967 285.50000000000006
decision_type=8 2 2 10 8 8 10 8 8 8 8 10 2 2
left_child=1 -1 3 -2 -4 6 7 -6 -9 11 -11 -7 -10 -14
right_child=2 -3 4 -5 5 9 -8 8 12 10 -12 -13 13 -15
leaf_value=0.0034928635073668787 0.0058385857296065899 0.75388751330099835 -0.019745614684902379 -0.9514941832784316 0.87231981927916524 0.11097928005007703 -0.77213106338256665 -0.28403665353211011 -0.13820887280367064 -0.013860754246388964 0.58616487139860263 -0.21555286963780254 0.19632241096621483 -0.49128974501760603
leaf_weight=59 50 46 1692 40 44 369 110 65 299 85 190 68 659 57
leaf_count=59 50 46 1692 40 44 369 110 65 299 85 190 68 659 57
internal_value=-0.000101721 0.00820755 -0.000337892 -0.00923077 -0.000115416 0.00132512 -0.000534413 0.00096 0.000277521 0.00454418 0.00945652 0.00143836 0.00109252 0.00309623
internal_weight=3833 105 3728 90 3638 1946 1234 1124 1080 712 275 437 1015 716
internal_count=3833 105 3728 90 3638 1946 1234 1124 1080 712 275 437 1015 716
is_linear=0
shrinkage=0.03


Tree=267
num_leaves=15
num_cat=0
split_feature=72 73 61 82 65 28 81 38 26 38 85 81 76 28
split_gain=10.5243 7.35401 9.40778 6.87086 14.2197 8.09788 13.8143 22.0267 13.439 9.51165 8.89795 7.44419 6.55795 11.6007
threshold=69.615710735321059 -17.920572161674496 0.069739810485590345 -56.8056052327156 0.91038885214745069 204.50000000000003 6775.2487986087808 2890.6023326341538 85.500000000000014 2920.4361101566824 -118.22305071353911 1546.7510825395586 272.31106901168829 256.50000000000006
decision_type=10 8 8 8 8 2 10 10 2 10 8 8 8 2
left_child=1 2 -1 4 -3 8 7 -7 10 -10 -6 -5 13 -13
right_child=-2 3 -4 11 5 6 -8 -9 9 -11 -12 12 -14 -15
leaf_value=-0.049632243748045611 -0.37608148584012607 -0.55997695966377026 0.18099456698324171 0.87407555523619307 -0.57224660008842476 0.33378166197491854 0.2566756335461865 -0.52446930894844068 -0.93053045538016543 -0.10346614937375158 0.2456982102755321 -0.26259267340110004 0.0084609367474007286 0.046581506365195792
leaf_weight=43 110 55 140 50 43 57 65 69 50 62 72 149 2775 115
leaf_count=43 110 55 140 50 43 57 65 69 50 62 72 149 2775 115
internal_value=-8.55809e-05 0.000184196 0.00603261 -0.000117878 -0.00348101 -0.00157518 0.00296875 -0.00283465 -0.00539474 -0.0127434 0.00181034 0.000398058 0.000207237 -0.00430189
internal_weight=3855 3745 183 3562 473 418 191 126 227 112 115 3089 3039 264
internal_count=3855 3745 183 3562 473 418 191 126 227 112 115 3089 3039 264
is_linear=0
shrinkage=0.03


Tree=268
num_leaves=15
num_cat=0
split_feature=66 68 15 39 31 37 24 70 17 17 70 61 8 3
split_gain=5.75137 11.2347 13.1505 13.3641 10.4507 11.0475 14.9961 11.7184 11.2943 10.3388 10.0747 9.77953 9.10756 16.8171
threshold=-113.44594264030455 0.12948724708848183 27.500000000000004 1651.161331222271 29.244047619047624 1978.4023694904292 27.500000000000004 0.89181286549707617 48.000000000000007 48.000000000000007 1.0000000180025095e-35 0.85405414615354536 4.1352197528859262 5.2083333333430355
decision_type=10 8 2 10 10 10 2 8 2 2 8 8 10 2
left_child=9 4 3 -3 5 6 -2 -8 -9 10 -1 -11 13 -12
right_child=1 2 -4 -5 -6 -7 7 8 -10 11 12 -13 -14 -15
leaf_value=-0.11726248408206803 -0.32232311546521442 0.88085608722943454 0.40291374076328451 -0.095104508847198579 -0.59226201195214534 0.16521731991690886 0.16365446542929815 -0.068687817189928072 -1.079909932079385 0.33619700897735411 -0.34563024886568899 0.0041284343894744044 0.065891229587038538 -0.0041840708188363605
leaf_weight=102 97 70 85 230 65 140 110 541 53 135 67 214 491 1420
leaf_count=102 97 70 85 230 65 140 110 541 53 135 67 214 491 1420
internal_value=-0.000251243 -0.00178879 0.00256477 -0.000398671 -0.00345581 -0.00264331 -0.00400249 -0.00246809 -0.00413445 0.00062963 -0.000172994 0.0054 0.000303183 -0.000866935
internal_weight=3820 1391 385 300 1006 941 801 704 594 2429 2080 349 1978 1487
internal_count=3820 1391 385 300 1006 941 801 704 594 2429 2080 349 1978 1487
is_linear=0
shrinkage=0.03


Tree=269
num_leaves=15
num_cat=0
split_feature=7 77 46 16 16 8 79 26 28 64 81 77 27 28
split_gain=10.1142 10.5033 12.0699 9.44643 7.25084 12.9301 11.3337 16.278 11.6902 10.5954 12.2346 11.5171 9.97815 8.98225
threshold=4925.3465560779887 -62.583481609821312 870.00000000000011 50.500000000000007 33.500000000000007 5.6488499421908083 75.100698281818779 73.500000000000014 202.50000000000003 4.4334419921958697 5175.3435243368158 6.7750534415245065 0.98561076604554876 178.50000000000003
decision_type=10 10 10 2 2 8 10 2 2 8 8 8 10 2
left_child=3 -2 -3 4 9 6 7 12 -9 10 -1 13 -6 -12
right_child=1 2 -4 -5 5 -7 -8 8 -10 -11 11 -13 -14 -15
leaf_value=0.0097404352151217212 0.52461581612511654 -0.14764835397620216 0.17142559716024944 0.072324361896192374 0.58700588285630262 -1.0765364231489301 -0.60260758491140465 -0.60589607234087561 0.013079061147889063 0.010492358492213291 -0.10295494905512406 0.033671953862121171 -0.062010852502613997 -0.54111701635815923
leaf_weight=457 93 44 73 87 66 43 54 99 133 2010 202 175 47 203
leaf_count=457 93 44 73 87 66 43 54 99 133 2010 202 175 47 203
internal_value=-0.000126749 0.00625592 0.000254237 -0.000503215 -0.000747851 -0.00433409 -0.002625 -0.000606936 -0.00515021 -0.000226378 -0.00268786 -0.00557659 0.00868421 -0.00834975
internal_weight=3786 210 117 3576 3489 442 399 345 232 3047 1037 580 113 405
internal_count=3786 210 117 3576 3489 442 399 345 232 3047 1037 580 113 405
is_linear=0
shrinkage=0.03


Tree=270
num_leaves=15
num_cat=0
split_feature=27 37 42 7 53 85 48 42 20 24 39 28 65 64
split_gain=8.94259 14.0504 10.1272 10.061 10.2761 9.06765 9.03427 14.1498 12.7908 14.7425 11.9624 14.1116 12.3588 11.5122
threshold=0.96828988005458605 285.56566926687236 431.72180449962622 53.241102659805627 5.5000000000000009 -130.95779585838315 -70.005078633626297 -34.309117436408989 175.93281006813052 39.500000000000007 3122.1144633354111 168.50000000000003 0.91038885214745069 4.4334419921958697
decision_type=10 8 10 10 8 8 8 8 10 2 10 2 10 8
left_child=1 -1 3 -3 -5 -2 10 8 9 -8 11 -6 -13 -11
right_child=5 2 -4 4 6 -7 7 -9 -10 13 -12 12 -14 -15
leaf_value=0.31353395444871196 0.11784166648950492 0.26344252884440661 -0.51359503512340443 -0.23099051189462935 0.81216374405323355 -0.10955093948698742 -0.35146818486533504 0.010482773818145432 0.16313249171614499 -0.32294491123000152 -0.49945974132095561 -0.35001290900120291 0.24955689810369944 0.24311019932743122
leaf_weight=200 50 54 40 295 68 423 222 2043 53 41 42 78 174 67
leaf_count=200 50 54 40 295 68 423 222 2043 53 41 42 78 174 67
internal_value=0.000124643 0.000666075 0.000179358 0.000372849 0.000145914 -0.00373418 0.000709932 4.94438e-05 -0.00523437 -0.00743202 0.00512397 0.0071028 0.00379447 0.00165138
internal_weight=3850 3377 3177 3137 3083 473 2788 2426 383 330 362 320 252 108
internal_count=3850 3377 3177 3137 3083 473 2788 2426 383 330 362 320 252 108
is_linear=0
shrinkage=0.03


Tree=271
num_leaves=15
num_cat=0
split_feature=81 17 35 64 44 82 26 77 83 30 31 22 17 17
split_gain=6.71505 15.0929 12.2667 8.86187 9.13752 8.976 19.6265 12.395 10.1356 9.38697 8.64141 8.63905 8.52701 28.7807
threshold=3259.223057866097 21.500000000000004 6.5183492999263093 4.1685807728831863 114.40960347652437 -92.084950089454637 128.50000000000003 6.7750534415245065 -79.765527963638291 8.6500000000000004 15.560314685314689 4.819208264350892 24.500000000000004 26.500000000000004
decision_type=8 2 10 8 10 10 2 8 10 10 10 2 2 2
left_child=1 -1 -3 4 5 10 7 8 11 -10 -2 -7 -5 -14
right_child=3 2 -4 12 -6 6 -8 -9 9 -11 -12 -13 13 -15
leaf_value=0.93382493410915857 -0.021315714618617816 -0.93420297044248402 0.093586048352341952 -0.027899175913656919 -0.49175304394135194 0.54196753289836097 -0.94451016196157433 0.61463532247285657 0.090453593715125236 -0.13460961542468117 -0.59228038288551055 -0.013692875493990968 1.078357175833154 0.0060567030806920937
leaf_weight=125 105 47 141 732 89 43 47 57 100 185 81 41 107 1912
leaf_count=125 105 47 141 732 89 43 47 57 100 185 81 41 107 1912
internal_value=-9.44138e-05 0.00410828 -0.00126984 -0.000471429 -0.00336449 -0.00213636 6.32911e-05 0.00210773 8.10811e-05 -0.00262238 -0.00770053 0.00917647 0.000316134 0.00132178
internal_weight=3812 313 188 3499 748 659 473 426 369 285 186 84 2751 2019
internal_count=3812 313 188 3499 748 659 473 426 369 285 186 84 2751 2019
is_linear=0
shrinkage=0.03


Tree=272
num_leaves=15
num_cat=0
split_feature=50 44 75 76 75 50 28 77 35 7 4 42 59 63
split_gain=6.58335 8.07133 9.5778 7.35961 11.333 6.41839 8.31269 6.10159 5.86502 11.0061 10.9546 19.7198 11.1383 9.40582
threshold=1676.5686182975771 1778.0481094121935 2467.4988751411443 2410.3431358337407 2038.1435635089877 1114.5714374780657 99.500000000000014 -150.20079201459882 16.505508306962032 2576.0842226591053 7.5000000000000009 -25.400001764297482 178.0279076099396 239.35703274414138
decision_type=10 10 10 8 8 10 2 10 10 10 2 10 8 10
left_child=1 5 -3 -2 -5 6 -1 -6 -8 13 11 -11 -12 -10
right_child=3 2 -4 4 7 -7 8 -9 9 10 12 -13 -14 -15
leaf_value=0.90581018608588393 -0.2887200560741357 1.0967455750720754 -0.0035102977809006574 0.47191064389120041 -0.0056002962738533335 0.07742733148252226 -0.013265586761175355 -0.18907422775677485 0.20905749879756699 -1.8342085522422504 0.0073532794813093716 -0.011432446150659156 1.2188387243106706 -0.23565188655124339
leaf_weight=43 54 42 41 41 96 109 2288 83 248 49 453 204 48 47
leaf_count=43 54 42 41 41 96 109 2288 83 248 49 453 204 48 47
internal_value=0.000109176 0.000453401 0.00964286 -0.00436364 -0.00190045 0.000232092 0 -0.00516667 -0.000170761 0.00168571 -0.000238411 -0.00531496 0.00233068 0.00658784
internal_weight=3846 3572 83 274 220 3489 3380 179 3337 1049 754 253 501 295
internal_count=3846 3572 83 274 220 3489 3380 179 3337 1049 754 253 501 295
is_linear=0
shrinkage=0.03


Tree=273
num_leaves=15
num_cat=0
split_feature=67 48 42 42 36 66 39 26 43 70 1 8 20 28
split_gain=6.05283 13.338 17.6626 10.5264 10.2968 9.96608 9.92543 11.7872 8.13125 7.90637 11.5593 7.37094 7.0008 6.73003
threshold=7.5878930389880859 -70.005078633626297 -131.42371356487271 -208.83164739608762 0.10946593632317701 -321.72467041015619 2222.745881505964 110.50000000000001 441.80656275301584 0.89181286549707617 696.7185493707658 4.5231064963969434 87.413296341896071 234.50000000000003
decision_type=8 10 10 8 10 8 10 2 10 8 2 10 8 2
left_child=1 2 5 -2 -3 -1 7 -4 9 -6 13 -7 -5 -11
right_child=3 4 6 12 8 11 -8 -9 -10 10 -12 -13 -14 -15
leaf_value=-1.5860660755391749 0.93051193531102505 0.11725464383752465 0.72145006568988801 -0.31713680590707771 0.24820724832538049 0.085757235467709692 -0.003691408583175839 0.087694659814607404 -0.69104643146096678 -0.2342729775806216 -1.1009959511877561 -0.41311831545487654 0.006852974165949632 0.020157719126171116
leaf_weight=49 60 40 68 88 54 64 62 45 77 150 63 44 2833 99
leaf_count=49 60 40 68 88 54 64 62 45 77 150 63 44 2833 99
internal_value=-0.000173821 -0.00246324 0.00216216 0.000452716 -0.0056405 -0.00512658 0.00869318 0.0139474 -0.00695946 -0.00506812 -0.00690096 0 0.000195072 -0.00396
internal_weight=3796 815 332 2981 483 157 175 113 443 366 312 108 2921 249
internal_count=3796 815 332 2981 483 157 175 113 443 366 312 108 2921 249
is_linear=0
shrinkage=0.03


Tree=274
num_leaves=15
num_cat=0
split_feature=58 39 48 1 53 40 0 40 29 25 80 0 66 53
split_gain=7.63388 9.84889 8.19618 7.24436 7.01351 6.77666 11.6959 12.5624 10.2788 9.06856 8.10401 7.96695 16.4918 19.0285
threshold=1553.4712911844256 965.45711360630082 145.85433439413711 883.1989827156068 17.500000000000004 43.884955955166269 79.500000000000014 20.487778516945976 0.9143500643500645 0.96992311171415657 -63.927437663078301 -35.499999999999993 -85.260571718215928 5.5000000000000009
decision_type=10 10 10 2 10 10 2 10 10 10 10 2 8 10
left_child=3 -2 -3 4 5 6 7 9 -9 10 -1 12 13 -7
right_child=1 2 -4 -5 -6 11 -8 8 -10 -11 -12 -13 -14 -15
leaf_value=-0.71714123229195803 0.033512152939396599 -0.22036790338037188 -0.0030610688315103889 -0.26622103094953403 0.20534761628308926 -1.6535209935734019 -0.15884442577773228 0.50641001231675054 0.11775204741127648 0.29150000423948991 0.029216467845191885 0.0052670420952813397 -0.34315860254979569 0.2551382508548925
leaf_weight=42 86 100 50 41 64 51 89 98 128 54 82 2480 285 161
leaf_count=42 86 100 50 41 64 51 89 98 128 54 82 2480 285 161
internal_value=-0.000102308 -0.00531646 -0.00993377 0.000243289 0.000390382 0.000207433 0.00346154 0.00562963 0.0103084 -0.000335196 -0.0048 -0.000332438 -0.00379518 0.00253521
internal_weight=3811 236 150 3575 3534 3470 493 404 226 178 124 2977 497 212
internal_count=3811 236 150 3575 3534 3470 493 404 226 178 124 2977 497 212
is_linear=0
shrinkage=0.03


Tree=275
num_leaves=15
num_cat=0
split_feature=68 16 65 80 80 27 36 84 35 60 33 16 80 16
split_gain=6.8126 7.43491 10.4407 8.40166 13.1264 12.227 10.7231 10.2161 9.53443 12.3572 13.9132 12.2678 14.4869 10.5652
threshold=-0.3149045922101707 1.0000000180025095e-35 1.0893371913279375 -167.86078178882596 -126.84077084064482 0.88757022471910119 0.26013698630136989 -85.82039634386696 16.505508306962032 -59.040949106216424 13.948008534850642 29.500000000000004 37.163431167602546 2.5000000000000004
decision_type=8 2 8 8 8 10 10 10 10 10 8 2 10 2
left_child=-1 2 -2 5 7 -3 -7 -5 13 10 -10 -11 -13 -6
right_child=1 3 -4 4 8 6 -8 -9 9 11 -12 12 -14 -15
leaf_value=0.12433496133243956 0.11483109438469821 -0.15677885916539014 -0.63757253036821004 -1.0521638334355949 0.23211200357803899 0.68482805910120126 0.1735551829603002 -0.0089291804334975921 1.0426651603028092 0.2091482314645198 -0.046689195946561596 0.73193525770389656 -0.49340766586956192 -0.02206616519889228
leaf_weight=62 64 62 78 48 140 51 46 66 43 482 363 44 41 2221
leaf_count=62 64 62 78 48 140 51 46 66 43 482 363 44 41 2221
internal_value=-0.000259706 -0.000424 -0.00713287 -0.000157982 -0.000469701 0.0065625 0.0131633 -0.0104348 -0.000125937 0.00237166 -0.00162162 0.00522887 -0.00523256 -0.0011558
internal_weight=3811 3749 142 3607 3448 159 97 114 3334 973 406 567 85 2361
internal_count=3811 3749 142 3607 3448 159 97 114 3334 973 406 567 85 2361
is_linear=0
shrinkage=0.03


Tree=276
num_leaves=15
num_cat=0
split_feature=32 31 41 63 14 49 63 77 3 28 1 14 58 17
split_gain=7.86453 13.2812 9.20429 8.21945 7.91154 7.67051 7.77734 8.47081 13.6801 7.48008 7.33087 11.1612 10.5721 10.2323
threshold=0.065591397849462371 16.350793650793651 52.715003490448005 -115.93787160718948 455.63683804149679 10.500000000000002 -204.11486375435098 54.631510138511665 7.4583333333430355 180.50000000000003 659.08346462249767 824.0018727683082 2236.1904779672627 16.500000000000004
decision_type=8 10 8 8 10 10 10 8 2 2 2 10 10 2
left_child=1 -1 3 -3 -4 10 -7 9 -9 -8 11 12 13 -2
right_child=5 2 4 -5 -6 6 7 8 -10 -11 -12 -13 -14 -15
leaf_value=0.36026363408737566 -0.1587358590563166 0.051967722518177231 1.3642767450088451 -0.18105579425392987 0.0061602188415829642 0.18808405529192357 0.00013926391891459387 -0.31748875799180037 1.1328191197687567 -0.34704396656309006 -0.013314757355222884 0.7410236789242125 -0.32516157397615331 0.069140434821531829
leaf_weight=46 109 62 71 104 92 75 51 44 48 172 1726 48 53 1087
leaf_count=46 109 62 71 104 92 75 51 44 48 172 1726 48 53 1087
internal_value=0.000110847 0.00422872 0.00209091 -0.00287425 0.00713415 -0.000342707 -0.00429668 -0.00636076 0.00129032 -0.00950893 0.000168651 0.00187211 0.00132 0.00190476
internal_weight=3788 375 329 166 163 3413 390 315 92 223 3023 1297 1249 1196
internal_count=3788 375 329 166 163 3413 390 315 92 223 3023 1297 1249 1196
is_linear=0
shrinkage=0.03


Tree=277
num_leaves=15
num_cat=0
split_feature=74 34 4 27 43 33 3 41 0 66 79 68 84 27
split_gain=7.2973 11.6435 7.56435 17.7419 18.4941 15.2108 11.044 12.8009 10.8134 11.1823 13.5998 11.0795 15.7971 13.4729
threshold=2507.4318005138916 0.18677325581395351 6.5000000000000009 0.88932633420822405 585.69449131104363 18.317885375494079 19.458333333343038 34.16923654079438 94.500000000000014 126.87829232215883 18.429738558499334 0.13302584971250184 7.4062143166859951 0.90024875621890554
decision_type=10 8 2 8 10 10 2 8 2 10 8 8 8 10
left_child=2 -2 3 6 -5 -6 7 -1 -4 10 -10 13 -13 -11
right_child=1 -3 8 4 5 -7 -8 -9 9 11 -12 12 -14 -15
leaf_value=-0.63354447199804276 0.0059754122763354817 -0.23854349712626466 -0.0043495333288464267 0.035600518017435905 -0.52560124131985786 0.033112972708002349 -0.99352904830230748 0.0017543427327190385 0.19205645213672157 -0.51778405605314703 1.4628256667107702 -0.22991266353900697 1.1754164930840665 0.0072894794387379129
leaf_weight=90 82 79 1875 678 87 46 47 127 244 72 129 60 96 124
leaf_count=90 82 79 1875 678 87 46 47 127 244 72 129 60 96 124
internal_value=-0.000250195 -0.00648148 2.44831e-05 -0.00209108 0.000110837 -0.0100746 -0.00883019 -0.00591743 0.000899654 0.00400826 0.00762032 0.000169972 0.00611465 -0.00456853
internal_weight=3836 161 3675 1075 811 133 264 217 2600 725 373 352 156 196
internal_count=3836 161 3675 1075 811 133 264 217 2600 725 373 352 156 196
is_linear=0
shrinkage=0.03


Tree=278
num_leaves=15
num_cat=0
split_feature=70 82 27 48 14 20 14 70 5 39 9 30 39 39
split_gain=9.00527 14.7072 11.7502 10.7733 10.5934 11.0324 9.60857 10.1269 16.6247 12.405 9.02064 12.8234 7.77337 8.39571
threshold=0.90454545454545465 76.17968070507051 0.96828988005458605 125.50609914461772 51.094293393301065 597.02162611484539 131.85093289409218 0.80625000000000013 60.916535377502449 2680.9831849851485 150.00000000000003 57.300000000000004 5183.2154480122563 3652.4370612848611
decision_type=10 8 10 10 10 10 8 8 10 10 2 10 8 8
left_child=1 2 -1 -4 -2 -6 -3 8 9 -8 -11 -12 13 -9
right_child=4 6 3 -5 5 -7 7 12 -10 10 11 -13 -14 -15
leaf_value=0.12717445127960408 0.091196424166762463 -0.23862522789193941 0.41746523362923516 -1.1759278342829633 -0.017049542694101732 -0.40326539289749647 -0.073837766173983355 0.188139957419271 -0.18130141293182303 -0.022645864499782443 1.03123764189506 0.005945606355602288 0.16601661391847483 -0.30936136965460403
leaf_weight=432 219 78 76 41 2096 96 95 295 117 85 46 55 43 47
leaf_count=432 219 78 76 41 2096 96 95 295 117 85 46 55 43 47
internal_value=-0.000117739 0.00178597 0.00561818 -0.00279661 -0.00123134 -0.00186047 -0.000661253 0.000344388 -0.00300752 0.000957447 0.00545455 0.0114706 0.00380829 0.00227405
internal_weight=3821 1410 549 117 2411 2192 861 783 398 281 186 101 385 342
internal_count=3821 1410 549 117 2411 2192 861 783 398 281 186 101 385 342
is_linear=0
shrinkage=0.03


Tree=279
num_leaves=15
num_cat=0
split_feature=27 36 39 80 41 51 61 38 30 80 39 61 68 13
split_gain=8.07323 13.5411 10.2472 16.7386 8.09017 11.9907 8.07665 11.0375 11.0392 12.2813 10.6682 10.2006 11.6623 11.0208
threshold=0.96828988005458605 0.97700845665961955 267.44720411579345 81.909769058227553 130.54069435596469 -117.55865705013274 0.013577608716249542 3011.0612762949486 28.050000000000004 83.849930524826064 2091.511228083843 0.78047948440435666 0.36653151441188075 90.000000000000014
decision_type=10 10 10 10 8 8 10 10 10 10 10 10 8 10
left_child=1 6 -2 4 -4 -6 -1 8 11 -10 -9 -8 13 -13
right_child=2 -3 3 -5 5 -7 7 10 9 -11 -12 12 -14 -15
leaf_value=0.020758567466779117 -0.40808908668602006 0.4504242264757336 0.15075525964911704 -0.50967126344929536 -0.35333342611721885 0.052301179872399219 -0.039421107411318566 0.18308350591385419 -0.70085014933812517 0.14343033954561782 -0.010228867106339709 0.49227969351846873 -0.55098449087993451 0.022705168589855447
leaf_weight=1142 91 75 153 90 41 65 841 401 136 46 515 75 40 104
leaf_count=1142 91 75 153 90 41 65 841 401 136 46 515 75 40 104
internal_value=7.86164e-06 0.000506517 -0.00380952 -0.00145714 0.00242308 -0.00392523 0.000218116 -0.00086151 -0.00270314 -0.0095082 0.00163577 -0.00152686 0.00422727 0.0075
internal_weight=3815 3375 440 349 259 106 3300 2158 1242 182 916 1060 219 179
internal_count=3815 3375 440 349 259 106 3300 2158 1242 182 916 1060 219 179
is_linear=0
shrinkage=0.03


Tree=280
num_leaves=15
num_cat=0
split_feature=0 29 68 82 80 60 22 38 25 14 4 30 79 43
split_gain=6.98496 10.4634 12.6111 7.51433 15.2012 7.65369 7.52638 6.7358 8.33832 15.8985 10.3989 12.1365 13.1248 11.0758
threshold=290.50000000000006 0.9400460829493088 0.14418482396085047 -164.44167923927304 -248.15716445446012 713.92004549503338 15.835354804992678 840.91037211626724 0.97278785634950038 271.21687170180911 6.5000000000000009 1.0000000180025095e-35 7.8004249859310795 257.29644586788294
decision_type=2 10 8 8 10 10 2 8 10 8 2 8 10 10
left_child=3 2 -2 4 -1 6 7 -5 10 -10 11 13 -13 -9
right_child=1 -3 -4 5 -6 -7 -8 8 9 -11 -12 12 -14 -15
leaf_value=-0.27265091362100918 -0.39388930733412736 1.2084809433201371 0.23297780499462453 -0.15968274305938407 0.35914890388159959 0.33370588895522474 0.045485345994450053 -0.2360869300255013 0.68477848063601565 0.0033616776788552814 -0.0020643888383410705 -0.28065807847020996 0.019002127387600466 -0.74906544179731693
leaf_weight=45 75 62 103 399 61 112 59 94 63 212 2049 202 302 46
leaf_count=45 75 62 103 399 61 112 59 94 63 212 2049 202 302 46
internal_value=-0.000216216 0.00473029 0.00100559 -0.00054321 0.00728972 -0.000779881 -0.00103297 -0.00122031 -0.000727518 0.00423913 -0.00123608 -0.00455814 -0.00237624 -0.0123404
internal_weight=3884 240 178 3644 106 3538 3426 3367 2968 275 2693 644 504 140
internal_count=3884 240 178 3644 106 3538 3426 3367 2968 275 2693 644 504 140
is_linear=0
shrinkage=0.03


Tree=281
num_leaves=15
num_cat=0
split_feature=49 77 43 48 82 17 82 77 8 82 17 77 30 28
split_gain=8.33956 11.5257 12.7592 12.1165 9.71827 19.1758 13.9086 12.5388 8.9769 17.9138 13.7731 10.8935 8.43132 10.6668
threshold=8.5000000000000018 57.194347918033607 270.08982200404728 296.78374520937604 65.116611440976484 42.500000000000007 78.163406312465682 43.842290043830879 6.0015029857437598 110.36290669441225 41.500000000000007 33.779822111129768 0.95000000000000007 247.50000000000003
decision_type=10 10 10 8 8 2 8 10 10 8 2 10 10 2
left_child=1 8 -3 -4 5 12 -6 -8 11 -10 -11 -1 -2 -14
right_child=4 2 3 -5 6 -7 7 -9 9 10 -12 -13 13 -15
leaf_value=0.0052955838847698897 -0.86902542655691906 0.054149649064881636 -0.56592717120985814 0.0015681944864132462 0.89565521570110274 0.0093406752270148979 -0.02544472517616498 0.60610668776465615 1.177071207071114 0.30630998742289728 -0.1790187678934369 0.56406957458616724 -0.23954849127056665 0.30283284158902568
leaf_weight=1988 69 61 83 54 40 324 518 78 94 63 53 109 268 46
leaf_count=1988 69 61 83 54 40 324 518 78 94 63 53 109 268 46
internal_value=-0.000124708 0.000897845 -0.00603015 -0.011087 -0.00203125 -0.00444915 0.000659341 -0.000502513 0.0014948 0.00739336 -0.000512821 0.000900858 -0.00898438 -0.00685714
internal_weight=3848 2505 198 137 1343 707 636 596 2307 210 116 2097 383 314
internal_count=3848 2505 198 137 1343 707 636 596 2307 210 116 2097 383 314
is_linear=0
shrinkage=0.03


Tree=282
num_leaves=15
num_cat=0
split_feature=56 60 50 45 17 82 77 8 3 77 39 3 17 66
split_gain=13.1995 7.27199 7.62829 10.8958 9.31759 9.72099 8.80257 8.51805 9.66124 10.759 7.56681 16.045 13.8587 18.0374
threshold=416.74053982893628 837.75383734703075 1543.0117584466936 17.500000000000004 5.0000000000000009 -105.0417110522588 115.06792348623277 7.7713956050783199 1.5416666666569656 -183.1619641780853 2345.9196444808044 15.541666666656967 35.000000000000007 136.21284437179568
decision_type=10 10 10 10 2 10 10 10 2 8 10 2 2 8
left_child=1 2 3 4 5 -1 7 8 9 -6 -10 -12 13 -13
right_child=-2 -3 -4 -5 6 -7 -8 -9 10 -11 11 12 -14 -15
leaf_value=-0.037575249196252124 -0.37903489746789887 0.30882537811023514 -0.058551772611264333 0.20319317078924559 0.0055173082321754484 -1.3336951768668996 -0.21246087352015988 0.89556392846869159 0.028221123941088236 -0.42979819957153564 -0.074366080978331459 -0.038093938218278819 -0.058489380609278267 0.67557127482372414
leaf_weight=54 53 112 180 62 56 40 138 44 1870 58 706 45 264 177
leaf_count=54 53 112 180 62 56 40 138 44 1870 58 706 45 264 177
internal_value=-0.000272021 -6.30418e-05 -0.000292287 1.70697e-05 -0.000208514 -0.00947368 5.35874e-05 0.000372555 0.000188857 -0.00834783 0.000509305 -0.00135792 0.00283368 0.00834081
internal_weight=3859 3806 3694 3514 3452 94 3358 3220 3176 114 3062 1192 486 222
internal_count=3859 3806 3694 3514 3452 94 3358 3220 3176 114 3062 1192 486 222
is_linear=0
shrinkage=0.03


Tree=283
num_leaves=15
num_cat=0
split_feature=4 1 28 31 85 40 77 41 70 32 28 36 72 48
split_gain=9.79926 14.7637 12.2796 12.8919 12.5493 10.9614 14.7516 11.6559 10.3277 10.1024 9.613 13.9884 13.3432 12.3582
threshold=7.5000000000000009 625.07315599918377 249.50000000000003 26.604347826086961 259.4983446995418 436.70981167175836 -141.5755937695503 46.280769944190986 0.069047619047619066 0.30151515151515157 186.50000000000003 0.17369121561668147 8.7698647975921649 142.34063855806988
decision_type=2 2 2 10 10 10 10 10 8 8 2 8 8 10
left_child=8 9 3 4 10 6 -4 -7 -1 -2 12 -12 -3 -13
right_child=1 2 5 -5 -6 7 -8 -9 -10 -11 11 13 -14 -15
leaf_value=-0.11968065583719775 0.10587459105096542 0.094430927402006579 0.039905168871718508 -0.28860053714537764 1.0608919445957945 -0.13157146135770317 1.7105603285604183 0.32408823264427189 -0.022645962803054899 0.4612558852818105 0.18862681045103286 -0.43726261483601103 -0.026958307834208703 0.26731973700514627
leaf_weight=110 167 212 84 79 57 95 45 149 1875 115 61 305 445 51
leaf_count=110 167 212 84 79 57 95 45 149 1875 115 61 305 445 51
internal_value=-0.000451831 0.00110932 -1.89394e-05 -0.00148637 -0.000662544 0.00473262 0.0117692 0.000979592 -0.00191843 0.00742049 -0.00139535 -0.00495215 0.000866261 -0.00722689
internal_weight=3850 1865 1583 1210 1131 373 129 244 1985 282 1074 417 657 356
internal_count=3850 1865 1583 1210 1131 373 129 244 1985 282 1074 417 657 356
is_linear=0
shrinkage=0.03


Tree=284
num_leaves=15
num_cat=0
split_feature=1 81 81 30 25 33 31 79 14 71 16 38 83 67
split_gain=8.54116 7.8422 10.2575 9.00875 8.65224 10.4601 10.035 9.65239 12.2301 10.9851 8.99552 10.4235 8.30755 7.81507
threshold=666.52870881557476 8686.2627488374728 8384.7217878103274 1.9500000000000002 0.87194394752534299 18.010686600221486 18.167948717948722 7.4437034317191895 428.43766498904694 12.500000000000002 3.5000000000000004 3353.4609590957102 -137.57225072383878 685.88344728946697
decision_type=2 10 10 10 8 10 8 10 10 10 2 10 8 10
left_child=13 2 4 -3 7 6 -6 8 -2 -9 -7 -12 -5 -1
right_child=1 3 -4 12 5 10 -8 9 -10 -11 11 -13 -14 -15
leaf_value=0.0087468284295271204 0.066451290349430078 0.17122056147412579 -0.71815313044999118 0.29378918224774075 -0.099518896958577033 -0.19396842526288532 -0.91649956753138218 -0.027496226975946954 -0.26733681739638687 0.1011357641255987 0.42094977348942497 0.053226490089677503 -0.1981174525870085 0.27027824858570437
leaf_weight=2437 50 87 55 45 560 49 62 73 52 80 45 108 130 62
leaf_count=2437 50 87 55 45 560 49 62 73 52 80 45 108 130 62
internal_value=-5.39014e-05 -0.00193271 -0.00301322 0.00273764 -0.00236111 -0.00385455 -0.00577849 0.00246094 -0.00466019 0.00720779 0.00206897 0.00564935 -0.00119318 0.000996
internal_weight=3895 1396 1134 262 1079 824 622 255 102 153 202 153 175 2499
internal_count=3895 1396 1134 262 1079 824 622 255 102 153 202 153 175 2499
is_linear=0
shrinkage=0.03


Tree=285
num_leaves=15
num_cat=0
split_feature=70 3 4 62 8 61 13 43 81 39 38 59 15 79
split_gain=7.99984 8.07388 9.43203 12.7254 9.10033 8.28294 9.86723 10.8496 11.113 9.96999 9.63182 9.40862 9.17222 8.84296
threshold=1.0000000180025095e-35 1.5416666666569656 9.5000000000000018 -0.19633821585790831 4.012505536383606 0.74623523268184011 150.00000000000003 745.16827859972238 6970.4694567918787 564.44711977080988 4196.8271939817796 25.073155999183658 3.5000000000000004 6.9531516053413016
decision_type=8 2 2 10 10 8 10 10 10 8 10 10 2 10
left_child=-1 4 5 -4 -2 -3 9 8 -8 11 -9 -7 -11 -14
right_child=1 2 3 -5 -6 6 7 10 -10 12 -12 -13 13 -15
leaf_value=-0.034742547232900871 -0.41449428601656502 -0.0090999197658901201 2.2066062749392175 0.039034062080183528 -0.0034906930909020186 -0.26188541779913149 -0.095376899672180632 -0.997678690128743 0.16608394462990189 0.28249013884719831 -0.018575237849227138 0.10550052186493454 0.00018717263394849582 0.24345405629027944
leaf_weight=218 53 1861 44 123 119 76 148 43 95 101 54 66 340 460
leaf_count=218 53 1861 44 123 119 76 148 43 95 101 54 66 340 460
internal_value=8.67964e-05 0.000426897 0.000747362 0.00767857 -0.00589595 0.00038829 0.00214595 -0.00228739 0.00110656 0.00359195 -0.0107143 -0.00377622 0.0047561 0.00367041
internal_weight=3801 3583 3411 167 172 3244 1383 340 243 1043 97 142 901 800
internal_count=3801 3583 3411 167 172 3244 1383 340 243 1043 97 142 901 800
is_linear=0
shrinkage=0.03


Tree=286
num_leaves=15
num_cat=0
split_feature=27 37 84 81 0 67 25 0 61 67 81 71 67 29
split_gain=7.53277 14.4711 15.313 11.5195 12.0784 17.8584 10.5022 12.4883 11.2807 9.87081 10.8588 9.72521 19.345 18.135
threshold=0.95729101521784454 316.54711556541105 -57.23676792780558 8635.6329511404056 285.50000000000006 249.22446274509039 0.88975694444444453 -17.499999999999996 0.016539681691803285 137.24336018164956 14663.414372920992 7.5000000000000009 256.11866224871744 0.95042482971701436
decision_type=10 8 8 10 2 10 8 2 10 8 10 10 8 10
left_child=1 -1 -3 4 11 -6 9 -8 -9 10 -5 12 13 -4
right_child=-2 2 3 6 5 -7 7 8 -10 -11 -12 -13 -14 -15
leaf_value=0.27810981805530793 -0.043845154640382869 -0.060895954900730138 0.3199984373290497 0.18933506686783388 7.1233730837082578e-06 1.9744297432105842 -0.32524027145108914 0.76524416669433615 0.00038405932269980347 -0.50176351072450498 -0.4496540140120811 0.0068262668405868372 0.43339583671483517 -0.73427501467276968
leaf_weight=198 597 684 78 55 66 64 75 48 78 92 43 1527 163 42
leaf_count=198 597 684 78 55 66 64 75 48 78 92 43 1527 163 42
internal_value=3.14878e-05 0.000606721 8.95225e-05 0.00124786 0.00219474 0.0109924 -0.00344388 0.00133663 0.00708661 -0.00848168 -0.00181818 0.00155715 0.00665493 -0.00247934
internal_weight=3810 3213 3015 2331 1940 130 391 201 126 190 98 1810 283 120
internal_count=3810 3213 3015 2331 1940 130 391 201 126 190 98 1810 283 120
is_linear=0
shrinkage=0.03


Tree=287
num_leaves=15
num_cat=0
split_feature=42 43 27 25 61 31 43 45 17 14 42 81 50 29
split_gain=8.13633 7.29592 7.221 13.305 12.1358 11.471 19.0949 10.18 11.7081 11.0362 8.36134 8.03392 11.0596 10.0136
threshold=-257.1919234991073 8.0753449450342316 0.96828988005458605 0.97202660406885777 0.66104763859367066 19.063145161290326 341.31603176696945 5.5000000000000009 2.5000000000000004 51.094293393301065 136.48688983917239 7127.3925220966348 3325.8859279155736 0.97071383900652208
decision_type=8 8 10 8 8 8 10 8 2 10 10 8 8 10
left_child=-1 -2 3 7 -5 6 11 9 -9 -3 -6 -4 13 -13
right_child=1 2 5 4 10 -7 -8 8 -10 -11 -12 12 -14 -15
leaf_value=1.4027950817634582 0.30908122208953825 0.030446049564390981 -0.56294197822571301 -0.063529313675797561 0.34365902066986415 -0.35033324303776964 0.43871292315207255 -0.78211574591917676 0.00034482929405477592 -0.43661502196727975 -0.015552549941224285 -0.30469758804123476 -0.34130011487464074 0.39741668473220781
leaf_weight=47 43 96 119 83 140 47 67 40 2683 211 40 58 95 64
leaf_count=47 43 96 119 83 140 47 67 40 2683 211 40 58 95 64
internal_value=-0.000399061 -0.000554529 -0.000697115 -0.000209472 0.00625 -0.00425721 -0.00259901 -0.000772022 -0.000187225 -0.00594156 0.0106077 -0.00551929 -0.00206422 0.00390244
internal_weight=3833 3786 3743 3293 263 450 403 3030 2723 307 180 336 217 122
internal_count=3833 3786 3743 3293 263 450 403 3030 2723 307 180 336 217 122
is_linear=0
shrinkage=0.03


Tree=288
num_leaves=15
num_cat=0
split_feature=39 68 60 25 35 8 49 28 28 3 25 25 44 79
split_gain=9.72164 11.9256 11.3502 13.2989 9.50957 12.2678 12.2954 10.8655 14.0974 10.5762 10.5008 9.38015 8.07695 8.83697
threshold=2396.2808199483848 -0.20227084651936897 -37.095265030860894 0.90070422535211281 18.975079365079363 4.1116967280546719 10.500000000000002 178.50000000000003 153.50000000000003 17.375000000000004 0.93492377188029374 0.9388999502239922 114.40960347652437 8.4154251434675285
decision_type=10 8 8 10 10 10 10 2 2 2 10 10 8 8
left_child=4 -2 3 -3 5 6 -1 8 -6 -8 12 -9 13 -7
right_child=1 2 -4 -5 7 10 9 11 -10 -11 -12 -13 -14 -15
leaf_value=0.0021966784445628207 -0.32877914291812316 -1.1046108364346618 -0.0028366572627252628 0.0078667842018044533 0.091175507262902133 -0.0044644229384552857 -0.078728779808210733 1.6798689544129546 -0.16369427686511503 -0.70046098598466966 1.097075121711043 0.046192247807979495 -0.062240888820404731 0.19945103349920162
leaf_weight=1454 140 60 1302 50 76 90 136 79 50 58 69 45 66 155
leaf_count=1454 140 60 1302 50 76 90 136 79 50 58 69 45 66 155
internal_value=-6.26468e-05 -0.00189311 -0.00106157 -0.0102703 0.00118473 0.000502711 -0.000618557 0.00669323 0.000472441 -0.00769231 0.00535433 0.01296 0.00298077 0.0054878
internal_weight=3830 1552 1412 110 2278 2028 1648 250 126 194 380 124 311 245
internal_count=3830 1552 1412 110 2278 2028 1648 250 126 194 380 124 311 245
is_linear=0
shrinkage=0.03


Tree=289
num_leaves=15
num_cat=0
split_feature=65 48 59 82 64 25 52 60 23 85 85 85 59 61
split_gain=6.95422 14.4899 19.3808 10.6593 9.68491 15.1135 10.5922 9.13682 8.36537 10.0013 8.20132 8.16564 8.96919 11.4853
threshold=0.92926644237299272 -70.005078633626297 225.73015666007998 135.40178410212204 4.1685807728831863 0.86984754376058737 56.58820307254792 309.05172431468969 0.24001967906951907 65.85157845417659 -124.07147747278212 -148.80727489789322 23.824699521064762 0.74623523268184011
decision_type=10 10 10 10 10 10 10 8 10 10 10 8 10 8
left_child=4 2 10 7 11 -6 -7 8 -3 -10 -2 12 13 -1
right_child=1 3 -4 -5 5 6 -8 -9 9 -11 -12 -13 -14 -15
leaf_value=0.021645281013111868 0.049452388622068355 0.19792549943961615 -0.66811027576321891 -0.43464493912197749 1.8448924543994758 -0.10629044426981643 0.29991424641566239 -0.34738882942334248 -0.058218242792666075 0.086275688754972171 0.33007154340080186 -0.0084504334453341136 -0.0086861424919117518 0.77396082397062205
leaf_weight=48 127 44 67 126 42 94 85 85 552 153 124 2134 108 52
leaf_count=48 127 44 67 126 42 94 85 85 552 153 124 2134 108 52
internal_value=-0.000538782 -0.00234558 0.00319749 -0.00418314 0.000362715 0.00635135 0.0025 -0.00294611 -0.00188 -0.00267705 0.00702381 -0.000204866 0.00545455 0.0118812
internal_weight=3841 1278 318 960 2563 221 179 834 749 705 251 2342 208 100
internal_count=3841 1278 318 960 2563 221 179 834 749 705 251 2342 208 100
is_linear=0
shrinkage=0.03


Tree=290
num_leaves=15
num_cat=0
split_feature=16 22 50 17 25 82 77 82 16 42 67 8 84 31
split_gain=8.52516 10.5705 9.20761 11.3552 10.9699 8.22463 7.95514 16.5036 11.3841 16.1556 14.803 14.3345 14.282 14.8854
threshold=47.500000000000007 7.6799904108047494 1989.9766005277636 5.0000000000000009 0.88416815742397148 -113.03075238068897 57.194347918033607 55.276672840118415 24.500000000000004 77.383584737777724 685.88344728946697 4.2501008035864798 -50.171976606051125 25.61964285714286
decision_type=2 2 10 2 10 10 10 8 2 10 8 8 10 10
left_child=2 -2 3 5 -4 -1 8 -8 10 -10 -5 12 13 -12
right_child=1 -3 4 6 -6 -7 7 -9 9 -11 11 -13 -14 -15
leaf_value=-0.056127541794449481 0.00014469470538875889 0.28188898569716692 -0.33367565609945993 -0.0014343644651248154 -0.027507046467668807 -1.0505652890972039 -0.81991037377957099 -0.0040114783644763351 0.00098802867108531704 -0.36689418769009774 0.15036937336495476 0.2757652538917631 -0.16458377851355335 -0.049883029551444115
leaf_weight=55 85 45 44 1511 123 40 51 151 594 234 326 368 191 45
leaf_count=55 85 45 44 1511 123 40 51 151 594 234 326 368 191 45
internal_value=-0.000194099 0.00732824 -0.000457954 -0.000134567 -0.00732143 -0.0103125 0.000146889 -0.00561576 0.000504587 -0.00253317 0.00153563 0.00451128 0.00149201 0.00491935
internal_weight=3863 130 3733 3566 167 95 3471 202 3269 828 2441 930 562 371
internal_count=3863 130 3733 3566 167 95 3471 202 3269 828 2441 930 562 371
is_linear=0
shrinkage=0.03


Tree=291
num_leaves=15
num_cat=0
split_feature=72 72 17 53 81 81 27 81 71 25 43 39 17 60
split_gain=8.75478 14.8363 7.00324 6.92702 6.75849 13.8553 12.624 16.205 13.5365 10.9206 9.60805 11.5235 11.0536 11.5158
threshold=65.779366493225112 45.423985242843635 26.500000000000004 27.500000000000004 4577.3540856838235 4062.2148548364644 0.92840054682159956 3385.9939707517628 9.5000000000000018 0.85239651416122009 633.39345567269038 2329.3634880649306 21.500000000000004 132.77201163768771
decision_type=10 10 2 10 8 10 10 10 10 10 10 10 2 8
left_child=1 3 -2 4 5 6 8 -8 -1 -10 11 12 -11 -14
right_child=2 -3 -4 -5 -6 -7 7 -9 9 10 -12 -13 13 -15
leaf_value=0.78203281671193847 0.032351975728583213 0.84199870058333648 -0.36021923955813467 0.13832744100699398 -0.0079138199513862188 0.32521465451413006 0.0085009980087757241 -0.60139246908114918 -0.30595669164375761 1.1526810041682261 -0.29253568420664783 0.5515371086551164 0.039514454570763219 -0.67155955907147324
leaf_weight=81 54 58 84 51 2702 163 142 98 41 40 46 61 193 51
leaf_count=81 54 58 84 51 2702 163 142 98 41 40 46 61 193 51
internal_value=5.43197e-05 0.000329936 -0.00733813 8.99183e-05 -6.63167e-05 0.00215921 0.000437666 -0.00522822 0.00309339 0.000969977 0.00252551 0.00424855 0.00168421 -0.000734694
internal_weight=3865 3727 138 3669 3618 916 753 240 513 432 391 345 284 244
internal_count=3865 3727 138 3669 3618 916 753 240 513 432 391 345 284 244
is_linear=0
shrinkage=0.03


Tree=292
num_leaves=15
num_cat=0
split_feature=28 68 28 41 14 48 85 48 81 39 70 36 32 80
split_gain=6.83718 13.1071 8.85462 10.2903 9.69561 8.23024 7.58217 6.99556 7.66797 6.66796 9.89877 13.9421 10.7432 11.156
threshold=132.50000000000003 0.045647393004075838 126.50000000000001 -121.0036220550537 328.50775909426369 9.9367400805155448 -129.06022755304969 84.292435765266433 7295.3905555009851 2381.6430426309776 0.83974358974358987 0.084270327849449655 0.067816091954023008 45.720177531242378
decision_type=2 10 2 10 8 10 10 10 10 10 8 8 8 8
left_child=1 2 3 -1 -4 -5 -6 -7 -9 -2 12 -12 -11 -14
right_child=9 -3 4 5 6 7 -8 8 -10 10 11 -13 13 -15
leaf_value=0.25628222273204671 0.025892253364649419 0.31378931428837042 -0.56192232678705967 -0.43654189928282161 0.00273352083455087 0.30751651127183083 -0.37887474609752325 -0.089994729174330573 0.077155511330637472 -0.25771845971676904 0.2177424431871498 -0.083186800466588967 0.58066176941174519 0.021540399805487633
leaf_weight=43 1997 58 61 60 57 61 48 94 69 41 42 936 72 194
leaf_count=43 1997 58 61 60 57 61 48 94 69 41 42 936 72 194
internal_value=-0.000117371 -0.00320652 -0.00479757 -0.00192073 -0.0104192 -0.004 -0.00481132 -0.00133333 -0.00457317 0.000402071 -0.00128305 -0.00275792 0.00340909 0.00561798
internal_weight=3833 551 493 327 166 284 105 224 163 3282 1285 978 307 266
internal_count=3833 551 493 327 166 284 105 224 163 3282 1285 978 307 266
is_linear=0
shrinkage=0.03


Tree=293
num_leaves=15
num_cat=0
split_feature=64 63 16 67 81 17 57 34 0 16 63 26 50 25
split_gain=6.12188 9.08535 6.29792 8.42184 6.72212 15.2164 14.6157 7.69527 7.3819 9.61409 8.68322 8.96703 8.79397 8.7542
threshold=2.6854902946646462 143.80051738559158 1.0000000180025095e-35 -25.482710112418371 3259.223057866097 21.500000000000004 6.5000000000000009 0.36754385964912284 331.00000000000006 10.500000000000002 485.37242895863409 87.500000000000014 3164.9433181285863 0.93377192982456159
decision_type=8 8 2 10 8 2 10 10 2 2 10 2 10 8
left_child=1 -1 3 -2 5 7 -7 -4 10 -10 12 -12 13 -6
right_child=2 -3 4 -5 8 6 -8 -9 9 -11 11 -13 -14 -15
leaf_value=0.12108594717146648 -0.44784635983929266 -0.48214901014659217 0.3181636650891877 0.065969658110686488 -0.0086071613008450124 -1.0431128190339614 0.096131011556141385 1.526065595180808 1.102491715057007 0.0039686036310970958 0.023138134259780278 -0.61334167766741776 -0.32799382093578217 0.05435319767065093
leaf_weight=41 82 44 40 59 2100 40 125 54 57 89 42 56 83 952
leaf_count=41 82 44 40 59 2100 40 125 54 57 89 42 56 83 952
internal_value=-0.000108668 -0.00802326 7.14286e-05 -0.00612676 0.000313273 0.00496154 -0.000542169 0.0145263 -4.43787e-05 0.00653061 -0.000343228 -0.00909091 -6.69643e-05 0.000196528
internal_weight=3864 85 3779 141 3638 259 165 94 3379 146 3233 98 3135 3052
internal_count=3864 85 3779 141 3638 259 165 94 3379 146 3233 98 3135 3052
is_linear=0
shrinkage=0.03


Tree=294
num_leaves=15
num_cat=0
split_feature=73 80 48 4 67 31 35 16 59 31 83 36 8 40
split_gain=7.04245 9.25283 9.06666 6.92093 13.0668 10.8514 12.4514 13.3931 11.7702 14.3643 11.8713 11.4967 9.251 14.3724
threshold=-22.909306287765499 49.95072531700135 31.474642992019657 7.5000000000000009 -184.14710521099093 29.552777777777781 18.719761029411767 3.5000000000000004 -88.628312587738023 19.42871621621622 110.04707741737367 0.17574992574992579 4.280397688079959 159.96147400944199
decision_type=8 8 10 2 8 10 10 2 8 10 10 10 10 10
left_child=1 -1 -3 4 -2 6 8 -8 10 11 -5 -10 13 -13
right_child=3 2 -4 5 -6 -7 7 -9 9 -11 -12 12 -14 -15
leaf_value=0.46058109116107415 -1.2559303675220357 0.33210450702429423 -0.2359247490877715 0.025421928740406427 -0.016761625322829168 -0.36064971328417272 -0.069171780886251491 0.52892102896456117 0.099017467140120358 -0.45423787625644402 1.0771619695269443 0.08140357473097537 0.044176405440273313 -0.31317949670539857
leaf_weight=91 54 45 51 294 1816 86 77 236 145 92 42 169 305 293
leaf_count=91 54 45 51 294 1816 86 77 236 145 92 42 169 305 293
internal_value=-0.000395049 0.00526596 -0.00123711 -0.000689751 -0.00195617 0.000672414 0.00121524 0.00659236 -4.47427e-05 -0.00167164 0.00480712 -0.000525739 -0.00199219 -0.00466523
internal_weight=3796 187 96 3609 1870 1739 1653 313 1340 1004 336 912 767 462
internal_count=3796 187 96 3609 1870 1739 1653 313 1340 1004 336 912 767 462
is_linear=0
shrinkage=0.03


Tree=295
num_leaves=15
num_cat=0
split_feature=31 59 62 39 77 41 14 52 67 56 6 52 67 62
split_gain=6.68653 12.4128 15.1174 13.8803 10.579 9.70766 7.777 6.9119 6.4808 6.17417 10.6274 6.49046 6.14974 16.8737
threshold=17.101785714285722 19.720032453536991 -0.12447698599024462 1270.5382328853332 -28.138663232326504 314.47353982925421 466.10639599691336 41.288625597953803 -234.28647959232327 301.15234398841864 690.00000000000011 2257.8529173135762 82.132571896664203 0.077658003657921706
decision_type=10 10 8 10 8 10 10 10 10 8 8 8 10 10
left_child=9 5 4 -4 8 12 7 -5 -3 -1 -11 -12 13 -2
right_child=1 2 3 6 -6 -7 -8 -9 -10 10 11 -13 -14 -15
leaf_value=0.015391489505301772 0.016535833580650701 -0.48595256498577805 0.057044030874794725 -0.30638082128860822 0.79287077093975733 -0.066254469389971968 -0.077714826073407156 -0.86825562262512057 0.015413853418509262 0.11729451830847394 -0.57911347712308581 -0.0047615940458140748 0.15216351163440489 -0.63254901668133423
leaf_weight=2478 298 40 59 78 60 78 82 83 45 86 81 118 236 55
leaf_count=2478 298 40 59 78 60 78 82 83 45 86 81 118 236 55
internal_value=0.000131511 -0.0018296 -0.00569196 -0.00950495 0.00226027 0.000763473 -0.0126639 -0.0164815 -0.00453488 0.000922576 -0.00325175 -0.00705 0.00208475 -0.000423729
internal_weight=3877 1114 447 302 145 667 243 161 85 2763 285 199 589 353
internal_count=3877 1114 447 302 145 667 243 161 85 2763 285 199 589 353
is_linear=0
shrinkage=0.03


Tree=296
num_leaves=15
num_cat=0
split_feature=1 82 25 37 82 3 35 33 64 62 42 25 70 70
split_gain=6.93552 7.73644 7.80456 7.66631 7.22518 8.26363 7.68112 7.71671 7.35388 8.90461 7.12329 6.45559 5.38743 9.7004
threshold=837.52777552604687 -164.44167923927304 0.89596861471861489 1044.5315171246623 -129.07393074035642 5.4583333333430355 14.435661764705884 7.885504201680674 5.3419858052895028 -0.1007330326449547 -208.83164739608762 0.91607981220657286 0.087121212121212141 0.28991596638655465
decision_type=2 8 10 8 8 2 8 10 8 10 10 10 8 8
left_child=1 2 -1 -2 11 6 7 -6 -8 -10 -7 -3 -12 -14
right_child=3 4 -4 -5 5 10 8 -9 9 -11 12 -13 13 -15
leaf_value=-0.012534280585553392 -0.42820474821728327 -0.74047367818684962 0.37910941414039501 0.001533751146211788 -0.026555452129819235 0.37982362275997311 0.091460044361089815 -0.91492282199862518 0.0096696377015925948 -0.24358912522837142 -0.038854429152021412 -0.0037558362818259816 0.42108524852374918 0.0063090801663445006
leaf_weight=40 54 42 56 64 57 129 49 45 116 51 156 40 62 2872
leaf_count=40 54 42 56 64 57 129 49 45 116 51 156 40 62 2872
internal_value=7.04225e-05 0.000298708 0.00865979 -0.00705882 7.45856e-05 0.000279819 -0.00432602 -0.011068 -0.00110599 -0.00410714 0.000736025 -0.0086747 0.000446457 0.000735945
internal_weight=3833 3715 96 118 3619 3537 318 102 216 167 3219 82 3090 2934
internal_count=3833 3715 96 118 3619 3537 318 102 216 167 3219 82 3090 2934
is_linear=0
shrinkage=0.03


Tree=297
num_leaves=15
num_cat=0
split_feature=60 81 75 0 61 59 73 38 37 81 76 68 36 44
split_gain=7.91789 9.1381 11.7512 7.62137 6.51235 7.75912 9.65766 7.02101 12.7675 10.2343 10.0058 9.27828 9.25667 10.0984
threshold=545.25383734703075 7817.9419150352487 2038.1435635089877 75.500000000000014 0.013577608716249542 -37.547116756439202 -13.30969202518463 3011.0612762949486 1617.9512934338545 26965.108477473263 196.4278955459595 0.059047658053878092 0.24217986314760512 108.51960945129396
decision_type=10 10 8 2 8 10 10 10 8 10 10 8 10 8
left_child=4 2 3 -2 5 -1 -7 9 12 -6 -10 -12 -9 -14
right_child=1 -3 -4 -5 7 6 -8 8 10 -11 11 -13 13 -15
leaf_value=0.094540077273360626 0.7553307151190648 0.39663384118262984 -0.43428619074908548 -0.026991839473127468 -0.026970331414981525 -0.42556379311115422 0.074638349293353043 0.22087992102690351 -0.041586953980190765 -0.5146850278183227 0.32443527050998311 -0.071492913253223267 -0.069975834142933915 0.39634340979004506
leaf_weight=139 40 41 44 41 1904 87 186 254 737 54 104 41 80 49
leaf_count=139 40 41 44 41 1904 87 186 254 737 54 104 41 80 49
internal_value=-0.000639137 0.0057485 0.00166667 0.00841463 -0.000932343 0.00261501 -0.000328467 -0.00138648 0.00035545 -0.00251149 -0.0016308 0.00554795 0.00492188 -0.00161538
internal_weight=3801 166 125 81 3635 412 273 3223 1265 1958 882 145 383 129
internal_count=3801 166 125 81 3635 412 273 3223 1265 1958 882 145 383 129
is_linear=0
shrinkage=0.03


Tree=298
num_leaves=15
num_cat=0
split_feature=78 80 78 85 79 66 26 29 85 82 46 78 14 85
split_gain=9.33646 18.8565 14.2674 10.7671 10.9601 9.10139 12.1188 11.6779 13.4265 11.5819 8.94498 8.58426 11.6006 8.36765
threshold=0.70833333333333337 1.0000000180025095e-35 0.87500000000000011 125.40134090185167 20.239401371809603 -137.16515147686002 134.50000000000003 0.89075749010740546 -94.438211878140763 -90.034234841664627 1170.0000000000002 0.58333333333333337 282.59966464980226 -143.53754854202268
decision_type=10 10 10 8 10 10 2 10 10 10 10 10 10 8
left_child=1 -1 10 11 -5 6 13 -8 -9 -7 -2 12 -3 -4
right_child=2 3 5 4 -6 9 7 8 -10 -11 -12 -13 -14 -15
leaf_value=-0.0073506385337188361 0.24009732894077682 -0.37385799721307034 -0.29671594651935412 0.24442314346299185 -0.27360775202174509 -0.45043491742620445 -0.025354485698197118 2.0168458663522899 0.21793762028059396 -0.015150681477710952 -0.03557745283763044 -1.7305368535037908 -0.0029198304620346163 0.012824824508665402
leaf_weight=1251 158 48 156 47 58 87 59 66 101 860 58 42 53 801
leaf_count=1251 158 48 156 47 58 87 59 66 101 860 58 42 53 801
internal_value=-0.00049142 -0.00234 0.000690243 -0.00987952 -0.00254717 -5.63116e-05 0.00169764 0.00792952 0.0119643 -0.00224684 0.00801843 -0.0152083 -0.0102941 0.000219207
internal_weight=3845 1499 2346 248 105 2130 1183 226 167 947 216 143 101 957
internal_count=3845 1499 2346 248 105 2130 1183 226 167 947 216 143 101 957
is_linear=0
shrinkage=0.03


Tree=299
num_leaves=15
num_cat=0
split_feature=8 3 35 82 61 66 82 82 80 80 35 60 22 39
split_gain=7.58134 13.3313 14.798 12.5109 13.8711 11.821 10.356 12.6373 9.5618 11.7245 9.5604 9.59088 9.28649 9.23081
threshold=3.8476071392426401 17.291666666656969 17.640296442687749 159.83257118860885 0.85405414615354536 -301.5292574167251 -36.262559056282036 -117.99975701173146 142.87368917465213 -39.520483970642083 15.579128550794415 96.357080817222609 10.32855796813965 1779.2051877915781
decision_type=8 2 10 8 8 8 10 8 10 10 8 10 2 10
left_child=1 5 3 8 -5 -1 7 -7 9 -3 12 -12 13 -9
right_child=-2 2 -4 4 -6 6 -8 10 -10 -11 11 -13 -14 -15
leaf_value=-1.0766126273420444 0.0081597218609121922 -0.6308196015711145 0.39088215709944091 0.5711343489746562 -0.16155470154745613 0.29963961930307831 0.049703450135081935 -0.016729354410803799 -0.97836965962988509 -0.041617909325122326 -0.013608860557868299 0.2312079083679944 -0.58417659778221054 -1.3451565038649118
leaf_weight=45 1997 134 79 50 45 74 683 139 45 213 163 45 53 61
leaf_count=45 1997 134 79 50 45 74 683 139 45 213 163 45 53 61
internal_value=-0.000391952 -0.00178689 -0.00560847 -0.00756148 0.0021875 -7.12025e-05 0.000492207 -0.0026306 -0.00992366 -0.00818966 -0.00448052 0.000287081 -0.00838583 -0.00537313
internal_weight=3826 1829 566 487 95 1263 1218 535 392 347 461 208 253 200
internal_count=3826 1829 566 487 95 1263 1218 535 392 347 461 208 253 200
is_linear=0
shrinkage=0.03


Tree=300
num_leaves=15
num_cat=0
split_feature=76 24 83 14 74 82 31 7 46 16 41 79 79 73
split_gain=7.30375 11.6302 10.7053 8.12357 7.84777 7.62819 9.83931 9.57283 10.3842 6.69921 6.42071 13.0403 11.092 10.1345
threshold=363.33012723922735 64.500000000000014 -119.14851403236388 415.2261600801807 782.44828306171337 58.104709625244148 16.474342105263162 2439.8457048908608 990.00000000000011 12.500000000000002 29.759259104728702 10.16774752341707 206.8073415591129 10.501936435699465
decision_type=8 2 8 10 10 8 10 10 10 2 10 8 10 10
left_child=1 2 3 -1 10 6 -4 8 -7 -9 12 -12 -2 -13
right_child=4 -3 5 -5 -6 7 -8 9 -10 -11 11 13 -14 -15
leaf_value=0.47880913466391872 -0.01308591162374924 0.70742816423346966 -0.34103608333323643 -0.026484095491350175 0.12752156248863591 0.45794579673337693 -0.0095708599551102592 -0.04066051692471314 -0.028585102691131639 -0.50054909923592295 -0.02895494214070659 0.042502042559092304 -0.29747791906153331 0.77818953853663009
leaf_weight=55 1577 60 110 49 89 66 45 60 52 42 591 975 44 41
leaf_count=55 1577 60 110 49 89 66 45 60 52 42 591 975 44 41
internal_value=-0.000264454 -0.0035 -0.0050625 0.00342857 0.000262206 -0.00742021 -0.0125 -0.0038009 0.00201681 -0.0104854 1.85816e-05 0.00136194 -0.00131319 0.00342183
internal_weight=3856 539 479 104 3317 375 155 220 118 102 3228 1607 1621 1016
internal_count=3856 539 479 104 3317 375 155 220 118 102 3228 1607 1621 1016
is_linear=0
shrinkage=0.03


Tree=301
num_leaves=15
num_cat=0
split_feature=74 26 77 29 85 77 17 65 80 77 68 79 62 22
split_gain=8.43166 14.7275 10.0146 11.7284 12.4718 10.3238 9.08605 27.7728 10.3257 9.15522 12.8645 8.40422 8.39683 7.53685
threshold=296.67081615189653 143.50000000000003 -136.28166246414182 0.89483923817325428 118.25940662622453 -93.497821152210221 21.500000000000004 0.93284729034895508 171.21430361270907 -52.608513593673699 0.0098693754932384446 23.106103159387118 0.0063135547722613259 9.1185901165008563
decision_type=10 2 10 10 8 10 2 10 10 10 10 8 8 2
left_child=6 2 3 13 -5 -4 7 8 9 10 -1 -3 -7 -2
right_child=1 11 5 4 -6 12 -8 -9 -10 -11 -12 -13 -14 -15
leaf_value=-0.026002626084592702 0.083781493246499306 0.93283826887797372 -0.56871663499471414 0.0010369355743355157 -0.77540278606615709 -0.35310520813660035 0.0013107891167443242 -0.56225989575265445 1.4728128272808081 0.47477615926609479 0.17472993531937717 -0.006315518747532888 -0.0012064237665590572 -0.025025535326495991
leaf_weight=172 90 43 68 59 53 41 2842 49 47 73 86 55 84 63
leaf_count=172 90 43 68 59 53 41 2842 49 47 73 86 55 84 63
internal_value=0.000180345 -0.0032316 -0.0054902 -0.00169173 -0.00902655 -0.0106701 0.000761468 0.00483645 0.00759894 0.00569277 0.00301158 0.00727273 -0.00547619 0.0037013
internal_weight=3825 556 458 265 112 193 3269 427 378 331 258 98 125 153
internal_count=3825 556 458 265 112 193 3269 427 378 331 258 98 125 153
is_linear=0
shrinkage=0.03


Tree=302
num_leaves=15
num_cat=0
split_feature=77 48 48 77 56 80 64 77 41 60 41 0 72 67
split_gain=8.65351 9.18204 8.74788 8.54738 11.538 13.4516 9.35633 9.17761 14.0402 9.97647 8.88054 8.12195 7.62882 7.44114
threshold=121.86698865890504 369.59592656294512 331.63197044531506 -244.4408195018768 75.345421393712385 -65.404178261756883 4.4558299431961101 -198.13558185100553 80.815500497818007 206.46694242954257 3.3388851881027226 110.50000000000001 -280.33375942707056 -49.134272711617619
decision_type=10 10 10 8 8 10 8 8 10 8 10 2 10 8
left_child=1 2 3 4 5 6 -1 8 10 -10 -5 -2 -8 -7
right_child=11 -3 -4 7 -6 13 12 -9 9 -11 -12 -13 -14 -15
leaf_value=-0.58814468018675825 -0.13434637882459952 -0.1582577987356357 0.27978054890234033 0.036453017116536521 -0.1825102694752416 0.325616390277497 -0.47165390494368281 0.0013385091278386341 -0.88984721231709563 0.022627401109575826 0.96353193747912813 0.011300921475679715 0.097873929260201178 0.00054156150502961966
leaf_weight=57 99 76 57 126 143 73 50 2754 41 42 86 74 41 155
leaf_count=57 99 76 57 126 143 73 50 2754 41 42 86 74 41 155
internal_value=-0.000185806 0.000121556 0.000339217 0.000151303 -0.00340385 -0.000636605 -0.00765101 0.000757377 0.00577703 -0.00464286 0.00985915 -0.00672414 -0.00163043 0.00393013
internal_weight=3874 3701 3625 3568 519 376 148 3049 295 83 212 173 91 228
internal_count=3874 3701 3625 3568 519 376 148 3049 295 83 212 173 91 228
is_linear=0
shrinkage=0.03


Tree=303
num_leaves=15
num_cat=0
split_feature=56 3 37 66 42 76 24 29 80 82 68 48 67 16
split_gain=9.31805 15.4614 17.487 13.1472 12.0007 23.8186 13.0558 11.6299 11.2789 12.8563 9.92209 13.7982 9.8359 9.21008
threshold=-73.033443331718431 12.958333333343036 1803.3368213590277 -56.999209523200982 -57.390140414237969 247.79256916046145 39.500000000000007 0.89763239002521722 7.2814961671829233 -23.599052131175991 -0.17152950627022298 17.255805929501857 -194.35756507515907 23.500000000000004
decision_type=8 2 10 8 8 10 2 10 8 10 8 10 10 2
left_child=1 3 8 -1 5 6 -2 -5 9 13 11 -6 -10 -3
right_child=4 2 -4 7 10 -7 -8 -9 12 -11 -12 -13 -14 -15
leaf_value=0.73443657879159341 -0.89861273442224687 -0.30617077246972912 -0.5561334706661013 -0.33462290087183905 0.17384313874465299 0.58761889603810635 -0.073382400298161524 0.48038807047140691 -0.2449463478042212 0.37432716872451238 0.00081323527209389065 -0.23108755970023662 0.31276289875672214 0.40419303155167086
leaf_weight=73 120 75 61 56 58 52 58 81 114 85 2746 169 40 45
leaf_count=73 120 75 61 56 58 52 58 81 114 85 2746 169 40 45
internal_value=-0.000289515 0.00304279 -0.000285036 0.00966825 -0.000945693 -0.00753247 -0.0127374 0.00413043 0.00225 0.00684466 -0.000433759 -0.00644737 -0.00387097 0.000495868
internal_weight=3833 630 420 210 3203 230 178 137 359 205 2973 227 154 120
internal_count=3833 630 420 210 3203 230 178 137 359 205 2973 227 154 120
is_linear=0
shrinkage=0.03


Tree=304
num_leaves=15
num_cat=0
split_feature=64 61 3 80 34 39 52 23 0 28 81 16 14 3
split_gain=5.03748 11.1914 7.71719 10.4774 8.35735 8.35598 6.78816 7.62715 6.72672 14.0391 19.4619 15.2909 14.9896 10.9814
threshold=3.6835287751673564 0.95391296295036909 8.2916666666569672 87.083806753158584 0.31072796934865904 2519.7779918389792 30.04600286483765 4.9433181285858163 -19.499999999999996 147.50000000000003 7983.1920174360284 12.500000000000002 144.1502471187674 18.541666666656969
decision_type=8 8 2 8 8 10 10 10 2 2 8 2 10 2
left_child=1 2 -1 4 5 -4 -5 -8 9 10 -2 -12 -11 -14
right_child=8 -3 3 6 -6 -7 7 -9 -10 12 11 -13 13 -15
leaf_value=-0.39668099790779421 0.22063681471064395 -0.86597334265937087 0.30528440561848313 0.50256902577350482 -0.56302245387847982 -0.54249742711910853 -0.11413049557212943 0.80373407413517395 0.007292121049246634 0.35096128576910318 -0.011469163111830199 -0.5061675297466991 -0.10080335226639789 0.19660662717761865
leaf_weight=51 50 53 50 44 72 40 56 40 2514 95 49 102 459 121
leaf_count=51 50 53 50 44 72 40 56 40 2514 95 49 102 459 121
internal_value=-0.000237029 -0.00339066 -0.00144068 0.00039604 -0.00478528 0.00131868 0.00638298 0.00185567 0.000141551 -0.00212087 -0.00905941 -0.0144079 -4.43787e-05 -0.00185886
internal_weight=3796 406 353 302 162 90 140 96 3390 876 201 151 675 580
internal_count=3796 406 353 302 162 90 140 96 3390 876 201 151 675 580
is_linear=0
shrinkage=0.03


Tree=305
num_leaves=15
num_cat=0
split_feature=65 15 14 38 71 71 22 8 14 29 69 65 17 23
split_gain=6.70299 8.18671 8.89795 7.66877 12.9645 13.1686 12.1027 10.4407 10.23 10.1414 9.42422 9.0782 13.909 12.8603
threshold=1.1683551765611404 33.500000000000007 408.30619023812739 2508.7582689750484 7.5000000000000009 8.5000000000000018 3.8350183963775639 6.0433030104753334 466.73763917001281 0.96066430560808735 60.560681242336678 1.1194235657263825 6.5000000000000009 6.7453938722610483
decision_type=10 2 10 10 10 10 2 10 8 10 8 8 2 10
left_child=3 2 -2 7 10 6 -6 8 -1 11 -5 -7 -13 -14
right_child=1 -3 -4 4 5 9 -8 -9 -10 -11 -12 12 13 -15
leaf_value=-0.0033345741880471012 0.21958310496050831 -0.54595425096590178 -0.19210154322016015 0.0053494037607168107 -0.43662065293200208 -0.0093678285611181172 0.021147943458510871 0.093935079740484359 -0.14328786748860406 0.36112006032010996 1.0338864595325237 -0.34312097227852328 0.2831204091810674 0.0017031895041823785
leaf_weight=1155 43 43 72 52 47 1024 42 152 408 67 91 62 295 258
leaf_count=1155 43 43 72 52 47 1024 42 152 408 67 91 62 295 258
internal_value=-7.86988e-06 -0.00603774 -0.00181034 0.000254516 0.00154719 0.000851893 -0.0103333 -0.00120629 -0.00193734 0.00144112 0.0102083 0.000969512 0.0038474 0.00536101
internal_weight=3811 158 115 3653 1938 1795 89 1715 1563 1706 143 1639 615 553
internal_count=3811 158 115 3653 1938 1795 89 1715 1563 1706 143 1639 615 553
is_linear=0
shrinkage=0.03


Tree=306
num_leaves=15
num_cat=0
split_feature=77 0 17 8 82 0 3 0 3 77 35 3 3 8
split_gain=8.20928 13.48 12.8768 9.31273 8.55271 7.69206 7.58909 9.82502 7.10199 6.78515 14.6106 13.077 12.4789 17.3775
threshold=107.6919767856598 129.50000000000003 5.0000000000000009 7.6095631558242802 -101.69394946098326 2.5000000000000004 23.125000000000004 401.50000000000006 0.70833333334303472 15.967813551425936 25.114858156028372 8.5416666666569672 21.041666666656969 3.8476071392426401
decision_type=10 2 2 10 10 2 2 2 2 10 10 2 2 10
left_child=2 5 4 6 -1 -2 7 8 -4 12 11 -11 -10 -14
right_child=1 -3 3 -5 -6 -7 -8 -9 9 10 -12 -13 13 -15
leaf_value=-0.085268370277496355 -0.023866327134116894 0.13101628007815108 -0.17438846177729833 0.57749432511609278 -1.2887636811904124 -0.5116365059777328 -0.28568102153232983 1.1584614528682831 -0.0029740734433696047 1.0778761477268213 -0.25582702505961724 0.13279830586077135 -0.029964169033994778 1.4453083664381241
leaf_weight=55 65 79 83 66 41 47 91 41 2769 68 41 249 63 102
leaf_count=55 65 79 83 66 41 47 91 41 2769 68 41 249 63 102
internal_value=-4.662e-05 -0.00609375 0.000269755 0.000562395 -0.0105155 -0.0127434 0.000350627 0.000579456 0.000399882 0.000619496 0.00451253 0.00669811 0.000143101 0.00813253
internal_weight=3860 191 3669 3573 96 112 3507 3416 3375 3292 358 317 2934 165
internal_count=3860 191 3669 3573 96 112 3507 3416 3375 3292 358 317 2934 165
is_linear=0
shrinkage=0.03


Tree=307
num_leaves=15
num_cat=0
split_feature=27 35 81 7 46 78 80 31 83 38 4 60 60 22
split_gain=6.04856 18.7373 11.7442 10.8159 9.95882 9.49087 10.8856 8.75257 8.98022 16.3741 8.61347 10.4625 12.0261 9.69539
threshold=0.96828988005458605 1.0000000180025095e-35 4421.1829808950433 1.0000000180025095e-35 750.00000000000011 0.70833333333333337 -1.7831399440765379 13.336666666666671 5.2649759054183969 3781.2439565108439 6.5000000000000009 9.1268948316574114 55.116945028305061 14.886458277702333
decision_type=10 8 8 10 8 8 10 8 8 8 2 8 8 2
left_child=1 -1 -2 -3 -4 6 7 -5 -9 -10 11 -7 -13 -12
right_child=2 3 4 5 -6 10 -8 8 9 -11 13 12 -14 -15
leaf_value=0.41418716093078073 -0.65593822931081158 0.3128950500946594 0.11446480847870315 0.12300101737835632 -0.064730173257504256 -0.63731909577989698 -0.1791056223423825 0.08668404126169349 -0.56674189322426305 -0.0014843563687886321 0.021429638554464916 0.28329607567324977 -0.035790468499727043 -0.44586057258969386
leaf_weight=62 40 56 56 117 356 76 208 59 87 141 2003 49 482 50
leaf_count=62 40 56 56 117 356 76 208 59 87 141 2003 49 482 50
internal_value=-0.000452771 -1.76939e-05 -0.00370861 -0.000324422 -0.00217918 -0.000549954 -0.00391517 -0.00103704 -0.00385417 -0.00655022 0.000225479 -0.00291118 -0.00140977 0.00115385
internal_weight=3842 3390 452 3328 412 3272 612 404 287 228 2660 607 531 2053
internal_count=3842 3390 452 3328 412 3272 612 404 287 228 2660 607 531 2053
is_linear=0
shrinkage=0.03


Tree=308
num_leaves=15
num_cat=0
split_feature=25 48 27 61 17 17 53 82 17 85 48 28 77 17
split_gain=6.991 9.91002 8.28557 10.7194 8.65992 9.3942 8.20155 11.6358 5.89462 21.6261 15.0602 18.0307 19.9924 11.7151
threshold=0.97122153209109741 317.55255977312726 0.95729101521784454 0.46659722267745246 32.500000000000007 44.000000000000007 2.5000000000000004 32.149947226047523 24.500000000000004 167.82542705535892 168.77522134780887 290.50000000000006 -52.608513593673699 26.500000000000004
decision_type=8 10 10 8 2 2 10 10 2 10 8 2 10 2
left_child=8 2 3 -2 6 -6 -4 -8 9 10 11 12 -1 -10
right_child=1 -3 4 -5 5 -7 7 -9 13 -11 -12 -13 -14 -15
leaf_value=-0.16721255671539537 -0.066373712981814437 -0.14855947638933409 -0.38351767922020441 0.37895299800169313 0.43439965733534919 -0.27455716049322215 0.36227650129345929 -0.51614533327399781 0.92822483025082692 1.0332035570533968 0.025599007184922442 -0.81882704962330044 0.35419381402067251 0.0024591995188083028
leaf_weight=444 53 52 53 173 114 66 68 59 141 73 157 65 140 2186
leaf_count=444 53 52 53 173 114 66 68 59 141 73 157 65 140 2186
internal_value=0.000514954 0.00338028 0.00449744 0.00898678 0.00166205 0.00629834 -0.00298343 0.00117187 -5.61272e-05 -0.00214773 -0.00356877 -0.00558462 -0.00389744 0.000734536
internal_weight=3844 638 586 226 360 180 180 127 3206 879 806 649 584 2327
internal_count=3844 638 586 226 360 180 180 127 3206 879 806 649 584 2327
is_linear=0
shrinkage=0.03


Tree=309
num_leaves=15
num_cat=0
split_feature=67 59 82 85 31 49 77 77 83 33 5 5 31 5
split_gain=7.23842 9.16802 10.1575 13.2022 8.9402 8.4387 9.52025 8.36975 11.2973 10.16 9.88118 11.1046 8.38706 10.2792
threshold=-277.30725307123993 125.53867006301881 144.68329370021823 91.558447837829604 9.1894444444444456 11.500000000000002 -108.47597461938857 -295.74999999999994 -106.98693823814391 12.705976430976433 8.5342426300048846 34.926844000816352 12.308012820512822 256.80101728439337
decision_type=8 10 10 10 10 10 10 10 10 10 8 8 8 10
left_child=-1 7 3 4 -3 6 -6 8 10 -10 -2 -12 -9 -14
right_child=1 2 -4 -5 5 -7 -8 12 9 -11 11 -13 13 -15
leaf_value=-0.77841753648521383 0.059401558258664326 0.17161555607598006 1.0082584806345563 -0.76224602826402965 0.016918495889942431 0.18868268076243566 -0.59826819094839701 0.012101790647060255 0.0014229157674667296 0.52324036004323471 -0.42875582820607577 -0.0017726873579209722 -0.027755940266472975 -0.6485610842422973
leaf_weight=44 122 218 55 49 236 45 58 946 75 104 45 305 1451 46
leaf_count=44 122 218 55 49 236 45 58 946 75 104 45 305 1451 46
internal_value=-3.94737e-05 0.000103834 0.00330816 0.00217463 0.00349462 0.000441176 -0.00142373 -0.000581583 0.00243865 0.00883333 0 -0.0025641 -0.00138707 -0.00278371
internal_weight=3799 3755 661 606 557 339 294 3094 651 179 472 350 2443 1497
internal_count=3799 3755 661 606 557 339 294 3094 651 179 472 350 2443 1497
is_linear=0
shrinkage=0.03


Tree=310
num_leaves=15
num_cat=0
split_feature=28 8 3 77 82 14 84 20 15 79 28 28 6 29
split_gain=8.12702 8.42608 10.8052 11.7826 13.4703 10.648 10.1012 15.8228 9.92299 14.4115 11.1867 20.8061 11.3882 10.2647
threshold=87.500000000000014 4.1462990685532128 0.87500000000000011 -3.0912309288978572 88.158601403236403 1.0000000180025095e-35 114.86326964696251 203.82469952106479 38.500000000000007 6.3556510251740201 164.50000000000003 226.50000000000003 1170.0000000000002 0.92096477151565426
decision_type=2 10 2 10 10 10 10 10 2 10 2 2 10 10
left_child=-1 2 -2 6 5 -5 8 -8 10 -10 -4 12 -12 -13
right_child=1 -3 3 4 -6 -7 7 -9 9 -11 11 13 -14 -15
leaf_value=0.17604561650645634 -0.30475037774087382 0.013812625685159906 0.025753772870288089 0.51720809487763897 1.4239728295067284 -0.028711906674206009 -0.025760754361186571 -0.43964679453526795 -0.0094126854326263398 0.58678672073813587 -0.37591492055615278 0.05617295676604897 0.13401016281912689 -0.054870897049390729
leaf_weight=55 55 1550 542 50 64 161 115 68 73 67 485 247 40 240
leaf_count=55 55 1550 542 50 64 161 115 68 73 67 485 247 40 240
internal_value=-9.44138e-05 -0.000263438 -0.0014538 -0.00111472 0.00467391 0.000990566 -0.00196486 -0.0086413 -0.00123894 0.00638298 -0.00192926 -0.00379072 -0.00792776 0.00067623
internal_weight=3812 3757 2207 2152 275 211 1877 183 1694 140 1554 1012 525 487
internal_count=3812 3757 2207 2152 275 211 1877 183 1694 140 1554 1012 525 487
is_linear=0
shrinkage=0.03


Tree=311
num_leaves=15
num_cat=0
split_feature=6 45 0 66 66 80 41 59 60 79 75 43 23 8
split_gain=8.73202 12.1614 9.95929 12.7801 12.5228 11.5398 9.70272 9.147 9.35885 8.84887 9.76826 8.35373 7.61111 7.68454
threshold=690.00000000000011 5.5000000000000009 118.50000000000001 126.87829232215883 -217.4702214002609 99.379082083702102 408.78963303565985 151.37168741226199 837.75383734703075 11.772956129706225 577.52875912189495 43.546381582918791 0.13032472133636477 4.4274824289109782
decision_type=8 8 2 10 8 8 10 10 10 8 8 10 8 10
left_child=1 -1 4 -4 -3 -5 7 8 12 -9 -11 -12 -2 -14
right_child=6 2 3 5 -6 -7 -8 9 -10 10 11 -13 13 -15
leaf_value=-0.39125657571900668 0.26311542209399219 0.13320477168163194 0.55699507458436992 -0.39459901533302599 -0.00040094426308202012 0.47457204394558117 -0.31633272726376066 0.18662848951230612 0.37775297733215002 0.086971319824598645 0.074819207629798531 -0.56761513530153995 -0.078569037111016135 0.0065167660599115005
leaf_weight=85 86 63 153 59 920 93 64 206 66 73 57 100 1230 536
leaf_count=85 86 63 153 59 920 93 64 206 66 73 57 100 1230 536
internal_value=-0.000403481 0.00150655 0.00223429 0.00696078 0.000762195 0.000784314 -0.00148822 -0.00117197 -0.00206357 0.002746 -0.0012987 -0.00550633 -0.00246087 -0.00288625
internal_weight=3791 1373 1288 305 983 152 2418 2354 1918 436 230 157 1852 1766
internal_count=3791 1373 1288 305 983 152 2418 2354 1918 436 230 157 1852 1766
is_linear=0
shrinkage=0.03


Tree=312
num_leaves=15
num_cat=0
split_feature=67 50 62 37 36 28 43 3 0 30 83 62 61 83
split_gain=9.49356 6.98187 6.13941 11.0805 12.1531 10.2787 14.0637 14.7295 9.76158 9.53134 12.2943 9.45216 9.83819 8.79966
threshold=-261.95527132919852 4344.8655530214319 -0.11558234635948303 2640.1079139419403 0.22795913835220966 139.50000000000003 791.03397327249456 15.625000000000002 32.500000000000007 56.350000000000001 -137.57225072383878 -0.13778534630671777 0.38436813167599282 121.38491451740266
decision_type=8 10 10 8 8 2 10 2 2 8 8 10 10 10
left_child=-1 2 9 5 -5 8 13 -8 -4 10 -2 -12 -13 -7
right_child=1 -3 3 4 -6 6 7 -9 -10 -11 11 12 -14 -15
leaf_value=-0.61906296574543573 0.38392686248701535 -0.25787890933868707 -0.012433209671060789 0.002801798053803779 1.5661174261105197 -0.0001446894585009719 -0.60694616379143451 -0.012900957923234672 0.34948187719938911 -0.023337362255961436 0.0078704297276722991 0.44588116006507023 -0.23102650514345946 -0.20063749869604497
leaf_weight=60 129 65 70 71 45 1412 151 138 75 181 1172 91 42 146
leaf_count=60 129 65 70 71 45 1412 151 138 75 181 1172 91 42 146
internal_value=-6.23539e-05 0.000126683 0.000298067 -0.000768137 0.00820513 -0.00129453 -0.00189935 -0.00796552 0.00636986 0.00168936 0.00250871 0.00163093 0.0091791 -0.000769724
internal_weight=3848 3788 3723 2108 116 1992 1847 289 145 1615 1434 1305 133 1558
internal_count=3848 3788 3723 2108 116 1992 1847 289 145 1615 1434 1305 133 1558
is_linear=0
shrinkage=0.03


Tree=313
num_leaves=15
num_cat=0
split_feature=59 56 68 14 15 72 49 83 56 39 31 38 38 16
split_gain=6.90903 12.5659 9.72274 6.80551 8.29661 7.81676 6.5357 6.4047 10.5489 8.27945 7.05016 6.25868 6.58105 10.9988
threshold=122.44134294986726 -120.76433348655699 -0.13105399114743113 603.61938389244301 30.500000000000004 -97.350068926811204 7.5000000000000009 -8.6974576711654645 65.995601574579894 455.36904675542814 13.882500000000004 55.70399361343889 3114.4683515396828 7.5000000000000009
decision_type=8 8 8 10 2 8 10 10 8 10 10 8 10 2
left_child=11 3 -3 4 5 6 -2 8 10 -10 -4 -1 13 -13
right_child=1 2 7 -5 -6 -7 -8 -9 9 -11 -12 12 -14 -15
leaf_value=0.45396900819155134 -0.17626121498643632 0.46966693503711943 0.41263722076157955 0.083716572439685485 -1.0319620352504983 -0.63138752604861692 0.11299885627153465 -0.040196535283836585 -0.36621696449610497 0.020881957452783532 0.016953914402772732 0.051919223762466798 0.010859404683584638 -0.052777985176158705
leaf_weight=53 46 103 120 47 55 40 64 140 56 152 62 469 1021 1467
leaf_count=53 46 103 120 47 55 40 64 140 56 152 62 469 1021 1467
internal_value=7.70021e-06 0.00233634 0.00458991 -0.00332016 -0.00567961 -0.00198675 0.00216216 0.00293785 0.00491049 0.000287081 0.0101639 -0.000677516 -0.000862069 -0.00188952
internal_weight=3895 885 633 252 205 150 110 530 390 208 182 3010 2957 1936
internal_count=3895 885 633 252 205 150 110 530 390 208 182 3010 2957 1936
is_linear=0
shrinkage=0.03


Tree=314
num_leaves=15
num_cat=0
split_feature=82 80 45 68 68 29 54 82 44 24 77 17 3 68
split_gain=6.95732 13.2442 8.17526 10.3356 9.43034 10.7064 14.8089 12.3469 14.9746 10.662 13.6891 9.23982 9.23955 10.6287
threshold=-164.44167923927304 -248.15716445446012 7.5000000000000009 -0.20227084651936897 -0.074406560288969484 0.90388814242526039 870.00000000000011 162.28652401765189 71.341338515281691 48.500000000000007 131.09564304351809 35.000000000000007 13.625000000000002 0.33197716968016916
decision_type=8 10 8 8 10 10 10 8 10 2 8 2 2 10
left_child=1 -1 4 -4 5 -2 7 8 -7 -6 -11 -8 13 -5
right_child=2 -3 3 12 9 6 11 -9 -10 10 -12 -13 -14 -15
leaf_value=-0.32729664907526562 -0.09930127023695505 0.31682858184898238 -0.22405897658896848 0.0028944458282405827 -0.0682153922724896 -0.014958507814152852 -0.04216183050449885 1.7049192028855729 0.49645786773731876 -0.69397279253602717 -0.0095674766827843274 0.16913387815527481 0.067968852651309933 -0.69611261320587325
leaf_weight=40 262 65 189 1103 488 63 157 48 40 77 66 105 1080 57
leaf_count=40 262 65 189 1103 488 63 157 48 40 77 66 105 1080 57
internal_value=6.24837e-05 0.00764151 -0.00015257 0.000876543 -0.0020658 0.000399408 0.0034058 0.0108553 0.00490385 -0.00469937 -0.011875 -0.000912548 0.00144578 -0.000413437
internal_weight=3840 105 3735 2429 1306 675 413 151 103 631 143 262 2240 1160
internal_count=3840 105 3735 2429 1306 675 413 151 103 631 143 262 2240 1160
is_linear=0
shrinkage=0.03


Tree=315
num_leaves=15
num_cat=0
split_feature=82 20 22 61 62 68 14 61 26 53 39 32 82 24
split_gain=6.17619 9.25563 6.53165 6.75562 9.39065 9.84824 9.06078 13.515 11.0239 10.9127 17.4075 11.8243 9.82047 9.05443
threshold=-154.71361529827115 748.91311836242687 15.802463293075563 0.023442666875573889 -0.21006765751288026 0.013407940549422867 460.7434080897375 0.054849335978146126 121.50000000000001 7.5000000000000009 2396.2808199483848 0.096006144393241177 83.641108314196273 39.500000000000007
decision_type=8 10 2 8 10 10 10 8 2 10 10 10 8 2
left_child=1 -1 3 4 -2 -6 8 -8 -5 -10 -11 -12 -13 -7
right_child=2 -3 -4 6 5 13 7 -9 9 10 11 12 -14 -15
leaf_value=0.25807932760495467 0.17483801545292027 -0.058598212859122145 0.043116795027900681 0.01649301856320836 -0.059495501251448771 0.33094951857291488 -0.69159199023695817 -0.025928802050177922 -0.2723904004065778 0.15018231236251772 0.33262782996715329 -0.11007932213347477 -0.83069530839335159 -0.35670112489199851
leaf_weight=82 106 43 66 1598 212 106 67 895 225 186 43 58 63 53
leaf_count=82 106 43 66 1598 212 106 67 895 225 186 43 58 63 53
internal_value=-0.000102524 0.00642857 -0.000326176 -0.000498201 0.00282427 0.000564516 -0.00100446 -0.00342679 6.89972e-05 -0.00348958 -0.00017094 -0.00727273 -0.0120492 0.0061875
internal_weight=3803 125 3678 3612 477 371 3135 962 2173 575 350 164 121 159
internal_count=3803 125 3678 3612 477 371 3135 962 2173 575 350 164 121 159
is_linear=0
shrinkage=0.03


Tree=316
num_leaves=15
num_cat=0
split_feature=8 65 77 82 59 35 59 72 38 14 17 76 65 37
split_gain=8.172 10.5481 11.0579 9.83724 11.0932 9.66475 9.06772 9.28137 9.18774 14.0606 13.9172 11.4584 11.4524 10.8546
threshold=6.0433030104753334 1.0868048093054894 -62.583481609821312 105.02121218045555 -165.72670114040372 20.284294871794877 125.53867006301881 -110.07857191562651 2993.8307015951536 460.7434080897375 24.500000000000004 2410.3431358337407 0.88411320936585736 1617.9512934338545
decision_type=8 10 8 10 10 10 8 8 10 10 2 8 10 10
left_child=6 2 5 4 -4 -2 8 -8 9 11 12 -1 -10 -12
right_child=1 -3 3 -5 -6 -7 7 -9 10 -11 13 -13 -14 -15
leaf_value=-0.14138134303967884 1.1849536225626749 -0.23923011680116124 0.0030381805762424107 -0.25229236170113084 0.27175211233819224 0.051939234465040542 -0.10002790224212134 0.049812947070183862 -0.011006499658819459 -0.16549243143682857 0.50890894048181001 0.010763465832054351 -0.4911924379094853 0.0088613032988537552
leaf_weight=359 77 64 173 48 101 48 179 566 256 469 250 857 59 365
leaf_count=359 77 64 173 48 101 48 179 566 256 469 250 857 59 365
internal_value=0.000395145 0.00392578 0.00555804 0.00260062 0.0048 0.0130952 -0.000142815 0.0027748 -0.000974771 -0.00229537 0.00141783 -0.000591619 -0.00370253 0.00404221
internal_weight=3871 511 447 322 274 125 3360 745 2615 1685 930 1216 315 615
internal_count=3871 511 447 322 274 125 3360 745 2615 1685 930 1216 315 615
is_linear=0
shrinkage=0.03


Tree=317
num_leaves=15
num_cat=0
split_feature=37 16 17 81 71 25 61 25 82 70 82 17 17 28
split_gain=11.289 9.37875 10.3947 14.4223 15.0639 14.1452 13.4437 14.5005 10.7092 10.4572 10.5937 8.72559 20.7045 15.311
threshold=7071.9726496795329 1.0000000180025095e-35 21.500000000000004 3259.223057866097 11.500000000000002 0.87138130686517801 0.73776536967485062 0.91945945945945962 -35.277639567852013 0.87083333333333346 -11.107759614785509 24.500000000000004 26.500000000000004 283.50000000000006
decision_type=10 2 2 8 8 8 8 10 10 10 8 2 2 2
left_child=1 -1 3 -3 5 -5 -6 -8 -9 -7 -11 13 -13 -4
right_child=-2 2 11 4 6 9 7 8 -10 10 -12 12 -14 -15
leaf_value=-0.26970708170826452 -0.045460569960553289 0.89622194599534011 -0.051568966145069409 0.051907063579767654 0.55926510337706969 0.058320466566498363 -0.085661659464807083 0.44080038752427847 0.0046868631983014806 0.010222680367661337 -0.44093868966364752 0.89744084801613988 -0.0010831182042168727 -1.1018998912562052
leaf_weight=140 52 110 323 72 57 51 53 49 60 41 89 144 2522 64
leaf_count=140 52 110 323 72 57 51 53 49 60 41 89 144 2522 64
internal_value=0.000164577 0.000357521 0.000651815 0.00432247 0.0020296 -0.00295276 0.00777273 0.00331288 0.00954545 -0.00741758 -0.0119084 -4.91159e-05 0.00056243 -0.00425258
internal_weight=3827 3775 3635 582 472 253 219 162 109 181 130 3053 2666 387
internal_count=3827 3775 3635 582 472 253 219 162 109 181 130 3053 2666 387
is_linear=0
shrinkage=0.03


Tree=318
num_leaves=15
num_cat=0
split_feature=56 65 0 57 5 27 61 29 67 59 81 79 79 22
split_gain=9.0271 10.7001 9.34829 8.26872 9.88663 7.26909 6.12699 6.78344 6.57509 6.75243 8.31607 6.75595 8.19437 11.3682
threshold=287.82414170106262 0.92315479011255208 290.50000000000006 8.5000000000000018 62.472224473953254 0.91741124850418843 0.94712859315711806 0.93960780598711646 -261.95527132919852 111.46575736999513 3293.3193708658223 33.487318697916308 13.666631169599286 1.1293840408325198
decision_type=10 8 2 10 10 10 10 10 8 8 8 10 10 2
left_child=2 -2 6 4 -3 -4 8 -8 -1 -10 -11 12 -12 -14
right_child=1 3 5 -5 -6 -7 7 -9 9 10 11 -13 13 -15
leaf_value=-0.7253638120331013 0.25987969237940622 0.017364852891186829 0.0071394705677031035 -0.73318405177488244 -0.29371604800607148 1.0749217122742403 0.12574719927768468 -0.02791065911352696 -0.005851265620013266 0.8362848971513972 0.046664422065032338 0.71343260942727793 0.1390753350405308 -0.30119011249321492
leaf_weight=57 68 59 46 47 90 67 129 48 2316 45 598 49 40 165
leaf_count=57 68 59 46 47 90 67 129 48 2316 45 598 49 40 165
internal_value=0.000360784 -0.00498113 0.000758214 -0.00852792 -0.005 0.00921053 0.000478538 0.00589888 0.00018343 0.000364032 0.00257238 0.00189918 0.00123134 -0.00393204
internal_weight=3824 264 3560 196 149 113 3447 177 3270 3213 897 852 803 205
internal_count=3824 264 3560 196 149 113 3447 177 3270 3213 897 852 803 205
is_linear=0
shrinkage=0.03


Tree=319
num_leaves=15
num_cat=0
split_feature=79 68 40 42 42 42 35 41 81 76 48 81 8 26
split_gain=7.88599 17.0129 12.0393 8.01265 7.03914 16.9104 13.4632 10.8526 10.5067 9.86317 13.7989 11.0729 10.835 13.7345
threshold=275.37175887992549 -0.042530754662997321 653.3474935591197 95.053520321846023 37.93373095989228 23.187256574630741 1.7951388888888891 80.815500497818007 6435.8686270713815 1362.0650701522829 5.5892210006713876 5930.6890372037897 1.2425907847941586 93.500000000000014
decision_type=10 8 10 10 10 10 10 10 10 8 10 8 10 2
left_child=4 -2 -3 -4 5 9 -7 8 -6 10 11 -1 -13 -14
right_child=1 2 3 -5 7 6 -8 -9 -10 -11 -12 12 13 -15
leaf_value=-0.16005305067412784 0.12490540554790558 -1.0934936850411696 0.028659889962148161 -0.16049830015546057 0.041010324544594884 0.069120395562570699 -0.48336329788075327 0.0063586325713165335 0.66149040103669843 -0.0082168985577093599 1.151645791179672 0.4263216914174886 -0.10095099955547472 1.5168403919016424
leaf_weight=112 46 50 56 45 276 43 166 1239 151 1405 80 62 85 41
leaf_count=112 46 50 56 45 276 43 166 1239 151 1405 80 62 85 41
internal_value=0.000225505 -0.00560606 -0.0104605 -0.00441176 0.000540836 -0.000661654 -0.00871429 0.0019796 0.00609813 0.000285554 0.00456693 0.00159468 0.00603175 0.000944882
internal_weight=3857 197 151 101 3660 1994 209 1666 427 1785 380 300 188 126
internal_count=3857 197 151 101 3660 1994 209 1666 427 1785 380 300 188 126
is_linear=0
shrinkage=0.03


Tree=320
num_leaves=15
num_cat=0
split_feature=67 64 50 16 28 28 80 76 81 28 71 40 72 84
split_gain=9.00278 7.47823 6.63717 8.57101 7.86143 12.8323 14.0365 12.4732 12.3732 11.4006 15.7581 13.1386 10.871 15.1227
threshold=714.9628298099226 2.6854902946646462 2036.9026728868487 45.500000000000007 152.50000000000003 223.50000000000003 -46.537706136703484 269.64633262157446 12515.320450901987 146.50000000000003 10.500000000000002 591.24916961050792 -12.67272889614105 -134.69960161050156
decision_type=10 8 10 2 2 2 8 8 10 2 10 10 10 10
left_child=1 -1 3 4 9 7 -7 -6 -8 11 -11 -3 -9 -14
right_child=-2 2 -4 -5 5 6 8 12 -10 10 -12 -13 13 -15
leaf_value=-0.38319178719168862 0.31148852266613286 -0.10068082814960964 -0.052469958282150203 0.081767643256287617 -0.4008276247627498 0.2894574120418581 0.0039611294098327934 -0.019537889489434281 -0.59228347777119772 1.0005649547566595 -0.004875286890216159 0.030864462981425207 -0.60977672462291177 -0.034173854775204487
leaf_weight=48 89 391 205 89 91 226 915 982 75 74 59 397 66 119
leaf_count=48 89 391 205 89 91 226 915 982 75 74 59 397 66 119
internal_value=-0.000376274 -0.000601926 -0.000447154 -0.000137733 -0.000379859 -0.00126061 0.00093673 -0.00338364 -0.000605449 0.00198482 0.0100746 0.000608365 -0.00254281 -0.00919355
internal_weight=3826 3737 3689 3484 3395 2474 1216 1258 990 921 133 788 1167 185
internal_count=3826 3737 3689 3484 3395 2474 1216 1258 990 921 133 788 1167 185
is_linear=0
shrinkage=0.03


Tree=321
num_leaves=15
num_cat=0
split_feature=53 75 59 63 16 38 48 8 81 85 71 51 35 1
split_gain=8.73226 19.2101 9.84755 8.49261 11.3726 12.5011 13.7251 11.2666 14.1324 11.1548 10.0557 10.0458 10.9727 11.7233
threshold=5.5000000000000009 2306.8798408508305 125.53867006301881 98.331388297804907 3.5000000000000004 4002.913543957286 13.123024940490724 4.5117053425751559 4956.1504498720178 36.681990206241615 11.500000000000002 5.5386700630187997 15.894854217285667 666.52870881557476
decision_type=8 8 10 8 2 10 10 10 8 10 8 10 10 2
left_child=1 -1 3 4 -2 7 -7 9 -9 11 -10 12 13 -6
right_child=2 -3 -4 -5 5 6 -8 8 10 -11 -12 -13 -14 -15
leaf_value=0.0010119978787927852 -0.15730536481088114 -0.49525481648862496 0.087681247392823097 0.010826554604298799 0.086776787762361987 0.85037694807677622 0.0022983662157495389 0.68391053240572075 0.29235585741006048 -0.30768357694490517 -0.11336893552703907 -0.11425807391799572 0.58961199635238104 -0.710020207028631
leaf_weight=386 221 163 418 1644 85 47 88 83 57 152 129 255 50 42
leaf_count=386 221 163 418 1644 85 47 88 83 57 152 129 255 50 42
internal_value=-0.000157027 -0.00365455 0.000430929 -0.00019972 -0.00210744 -0.000728008 0.00772059 -0.0020726 0.003 -0.00441026 -0.00160428 -0.00193995 0.00353933 -0.00117187
internal_weight=3820 549 3271 2853 1209 988 135 853 269 584 186 432 177 127
internal_count=3820 549 3271 2853 1209 988 135 853 269 584 186 432 177 127
is_linear=0
shrinkage=0.03


Tree=322
num_leaves=15
num_cat=0
split_feature=60 72 53 16 74 42 60 59 71 82 1 48 79 60
split_gain=7.0976 8.08212 15.0685 13.5039 9.29716 9.07606 12.979 10.8946 10.6411 11.0971 9.06803 10.943 17.6159 14.8018
threshold=545.25383734703075 -74.358382582664476 5.5000000000000009 20.500000000000004 163.98126253366712 37.93373095989228 371.44825458526617 122.44134294986726 7.5000000000000009 -154.71361529827115 625.07315599918377 6.4987415870030736 9.5018530985770564 -27.71271991729736
decision_type=10 8 10 2 10 8 10 10 8 8 2 10 8 10
left_child=1 2 3 -1 -4 7 8 10 -7 -10 -3 13 -13 -12
right_child=-2 5 4 -5 -6 6 -8 -9 9 -11 11 12 -14 -15
leaf_value=-0.94847910515256528 0.19464702566980804 0.0521008461446862 0.26007574613848566 0.093710119709710035 -0.085682515410203594 0.20251877108186636 -0.34576866384471711 0.033442536489912557 0.35927839286190577 0.00235740445622298 -0.19920519183878019 -0.46494519433225429 -0.041420015146500046 0.015467371002305517
leaf_weight=64 165 165 304 52 43 178 91 323 48 1479 222 144 275 294
leaf_count=64 165 165 304 52 43 178 91 323 48 1479 222 144 275 294
internal_value=0.000257277 -1.62911e-05 0.00368534 -0.00564103 0.00681034 -0.000549689 0.000868114 -0.00233848 0.00145955 0.000647906 -0.00376022 -0.00490385 -0.0085 -0.00197292
internal_weight=3847 3682 463 116 347 3219 1796 1423 1705 1527 1100 935 419 516
internal_count=3847 3682 463 116 347 3219 1796 1423 1705 1527 1100 935 419 516
is_linear=0
shrinkage=0.03


Tree=323
num_leaves=15
num_cat=0
split_feature=5 30 63 77 77 34 63 60 61 37 41 8 22 45
split_gain=7.90998 12.5352 13.6318 9.5271 11.5375 8.80282 10.3258 9.74399 9.22565 10.4244 8.84162 8.59929 8.16558 8.01129
threshold=64.067189931869521 6.1500000000000012 -111.47657028022816 -288.26211053133005 -146.72816359996793 0.2228132387706856 98.331388297804907 148.36668491363528 0.99981487465806562 2186.9330293892544 324.79994058609014 3.6919725040660381 1.897036671638489 8.5000000000000018
decision_type=8 8 8 8 8 8 10 10 8 10 10 10 2 10
left_child=5 2 -2 -4 -5 6 13 12 9 10 -7 -9 -8 -1
right_child=1 -3 3 4 -6 8 7 11 -10 -11 -12 -13 -14 -15
leaf_value=0.04735286410124416 0.54466500934361994 -0.07678414885327943 -0.64218880296731784 0.15078718192167165 -0.024640674745302304 -0.017714418780506839 0.69124306079799436 -0.23516598272710729 0.046294600498114104 0.54675362431185082 -0.65355944530356846 0.28601602490826789 0.13952226804078108 -0.019432833662421274
leaf_weight=443 69 585 40 187 461 992 41 40 349 42 43 89 151 277
leaf_count=443 69 585 40 187 461 992 41 40 349 42 43 89 151 277
internal_value=-2.3622e-05 -0.0018764 0.000672823 -0.000609579 0.00027735 0.000984603 0.00308061 0.00754658 -0.000546601 -0.00192022 -0.00251931 0.00115385 0.0118135 0.00108183
internal_weight=3809 1342 757 688 648 2467 1041 321 1426 1077 1035 129 192 720
internal_count=3809 1342 757 688 648 2467 1041 321 1426 1077 1035 129 192 720
is_linear=0
shrinkage=0.03


Tree=324
num_leaves=15
num_cat=0
split_feature=31 24 38 32 1 17 0 34 38 85 37 25 35 25
split_gain=7.60691 13.0881 12.0116 13.0885 8.31944 7.78659 8.07008 15.1592 12.526 11.579 15.5374 7.42418 9.92471 9.82547
threshold=17.101785714285722 77.500000000000014 4002.913543957286 0.065591397849462371 667.54545378685009 63.000000000000007 58.500000000000007 0.28966437833714725 4775.8106163321781 72.455162644386306 1554.8582646349835 0.86984754376058737 10.476731601731602 0.9346044191019246
decision_type=8 2 10 10 2 2 2 10 10 8 10 8 10 10
left_child=1 2 3 -1 -4 6 -2 8 9 -8 -11 12 -5 -13
right_child=5 -3 4 11 -6 -7 7 -9 -10 10 -12 13 -14 -15
leaf_value=0.30145455329656667 -0.038032476823962102 -0.44820899738295794 0.92954932731886064 -0.3016644436553868 0.0022738673475030421 0.036074902499911445 0.6984037359696742 -0.44597394835756393 -0.20800019104306783 -0.40283393754538904 0.26909237209069076 -0.02829655570383844 0.33575795174073403 0.043228782176345244
leaf_weight=54 812 55 62 74 41 176 82 66 72 58 163 1059 183 863
leaf_count=54 812 55 62 74 41 176 82 66 72 58 163 1059 183 863
internal_value=-9.42162e-05 0.000940635 0.0012837 0.000819158 0.01125 -0.00182517 -0.0026555 0.00061086 0.00295213 0.005625 0.00202703 0.000454128 0.00523256 -0.000187207
internal_weight=3820 2391 2336 2233 103 1429 1253 441 375 303 221 2179 257 1922
internal_count=3820 2391 2336 2233 103 1429 1253 441 375 303 221 2179 257 1922
is_linear=0
shrinkage=0.03


Tree=325
num_leaves=15
num_cat=0
split_feature=68 77 81 3 7 81 81 26 81 82 80 81 79 39
split_gain=7.93091 8.1948 16.3637 14.3698 17.7092 14.4828 13.2021 12.8934 12.8522 13.022 12.7811 12.6256 12.0193 11.9372
threshold=-0.3149045922101707 -194.18244999647138 4668.6520421504983 15.708333333343036 2713.8932026441257 5175.3435243368158 5111.6478873491296 164.50000000000003 8384.7217878103274 159.83257118860885 132.87796092033389 9584.3833498954791 8.4154251434675285 2697.297810430739
decision_type=8 10 10 2 10 10 10 2 10 10 10 10 10 10
left_child=-1 -2 -3 6 -5 -6 -4 8 9 12 13 -10 -8 -7
right_child=1 2 3 4 5 10 7 -9 11 -11 -12 -13 -14 -15
leaf_value=0.13281296149972022 0.0083459662762672329 0.01652652722310358 -1.7509670586723027 -0.12673527216531552 1.0744636199329811 0.14707123830539054 -0.40028701864947885 0.59712987533606832 -1.4228108966481809 -0.72391660837565042 0.91902863602506202 -0.1018617492662884 0.076109624138653756 -0.093260890191955922
leaf_weight=69 1617 906 59 315 53 70 73 57 76 48 74 123 160 139
leaf_count=69 1617 906 59 315 53 70 73 57 76 48 74 123 160 139
internal_value=-0.000148437 -0.000334129 -0.00154596 -0.00377404 -0.000690184 0.00409496 -0.00713568 -0.00563197 -0.00723493 -0.00308511 0.00137324 -0.01305 -0.000128205 -0.00242857
internal_weight=3839 3770 2153 1247 651 336 596 537 480 281 283 199 233 209
internal_count=3839 3770 2153 1247 651 336 596 537 480 281 283 199 233 209
is_linear=0
shrinkage=0.03


Tree=326
num_leaves=15
num_cat=0
split_feature=39 77 80 71 51 45 17 17 14 28 77 45 40 62
split_gain=8.85479 10.9127 15.4634 13.4785 11.2021 10.0424 12.2734 9.23272 9.21272 8.93971 15.4391 13.6342 16.8097 11.9069
threshold=2396.2808199483848 -195.47115206718442 20.279813051223758 16.500000000000004 -1089.9766005277631 8.5000000000000018 30.500000000000004 10.500000000000002 271.21687170180911 216.50000000000003 -240.92693817615506 5.5000000000000009 106.32654939741654 -0.11558234635948303
decision_type=8 10 10 8 8 10 2 2 10 2 10 10 10 8
left_child=7 2 5 4 -3 6 -2 -1 -7 -9 13 12 -12 -11
right_child=1 3 -4 -5 -6 8 -8 9 -10 10 11 -13 -14 -15
leaf_value=-0.17164596662552184 0.35607380994563936 -0.17712146909481191 0.42600699937250025 0.14687805921260494 -0.086176955862024937 -0.47785124907041981 -0.0036293846753818844 -0.00042265166235154082 -0.012881853868111226 -0.68503638128317357 0.13387228062967338 0.51043491767924365 -0.34162659112269439 0.010987639946850293
leaf_weight=80 57 46 94 111 864 46 106 1405 198 58 45 371 55 277
leaf_count=80 57 46 94 111 864 46 106 1405 198 58 45 371 55 277
internal_value=-0.000117986 -0.001891 0.00173307 -0.00366928 -0.00487377 -0.000808824 0.00493902 0.00106021 -0.00465306 0.00142405 0.00394052 0.00743644 -0.00237624 -0.000982143
internal_weight=3813 1522 501 1021 910 407 163 2291 244 2211 806 471 100 335
internal_count=3813 1522 501 1021 910 407 163 2291 244 2211 806 471 100 335
is_linear=0
shrinkage=0.03


Tree=327
num_leaves=15
num_cat=0
split_feature=72 72 80 27 60 3 3 66 70 81 33 81 80 77
split_gain=7.17273 10.3577 8.09654 12.3457 12.7446 7.49251 13.3044 15.4917 13.6102 15.6511 11.4841 13.043 10.3236 12.1587
threshold=69.615710735321059 45.423985242843635 -126.84077084064482 0.89294019933554825 -19.534747600555416 16.125000000000004 17.375000000000004 -210.64191126823422 0.91287878787878796 3723.7626841068272 24.204807692307693 3794.4488123655324 -95.134021878242478 -204.02106446027753
decision_type=10 10 8 10 10 2 2 8 8 10 10 8 8 10
left_child=1 2 3 4 -1 12 -7 -8 10 -10 11 -9 -4 -14
right_child=-2 -3 5 -5 -6 6 7 8 9 -11 -12 -13 13 -15
leaf_value=-0.028711203741015365 -0.27568047144106328 0.39250151030482694 0.62368918980141386 0.061126594637645651 -0.72995414625139166 0.13025036850654309 0.6896084820805175 -0.1261620054950065 0.10592942848798288 -0.088819639782669199 -0.069966601416348126 0.45657929289098909 0.011297848428416258 -0.048241067616983525
leaf_weight=83 111 61 49 141 76 206 45 41 207 478 40 167 1011 1159
leaf_count=83 111 61 49 141 76 206 45 41 207 478 40 167 1011 1159
internal_value=-0.000286378 -6.3745e-05 -0.000267279 -0.00498339 -0.0106875 0.000149824 0.00207595 0.00061287 -0.000224839 -0.00240525 0.00578313 0.00861244 -0.000878378 -0.00118839
internal_weight=3875 3764 3703 300 159 3403 1184 978 933 685 248 208 2219 2170
internal_count=3875 3764 3703 300 159 3403 1184 978 933 685 248 208 2219 2170
is_linear=0
shrinkage=0.03


Tree=328
num_leaves=15
num_cat=0
split_feature=59 6 0 34 77 36 37 79 25 40 66 61 68 80
split_gain=9.72569 9.37535 8.82503 16.0107 10.0786 10.3332 11.7167 8.8099 9.82498 10.9812 8.86663 8.46227 8.22348 8.15563
threshold=122.44134294986726 690.00000000000011 136.50000000000003 0.17607313195548494 -198.13558185100553 0.30202253291706266 1490.1578054820959 9.5579601852469214 0.9225774225774227 351.99081644548761 768.49949610233318 0.025519044153806941 0.034221696007004566 23.632955193519596
decision_type=8 10 2 10 8 10 10 10 10 10 8 8 10 8
left_child=1 2 4 -4 5 6 -1 8 9 12 -10 -6 -3 -12
right_child=-2 7 3 -5 11 -7 -8 -9 10 -11 13 -13 -14 -15
leaf_value=-0.10273736154010209 0.032562049166012665 -0.72301244946944621 1.0571452268908224 0.065470185649829898 0.076905109203161973 0.54782477814868924 0.32614866578404572 -0.002616835829956159 -0.35310996316822524 -0.048468064160045399 -0.51026253657798892 -0.03513834012665272 -0.26504321017197707 0.11369810723931535
leaf_weight=82 878 116 68 200 108 71 50 900 154 338 62 571 44 177
leaf_count=82 878 116 68 200 108 71 50 900 154 338 62 571 44 177
internal_value=-0.000243455 -0.0010707 0.00104257 0.00579926 -0.000407701 0.00544118 0.000451128 -0.00242746 -0.00454036 -0.00733467 -0.000989848 -0.00216176 -0.0137888 0.002625
internal_weight=3819 2941 1150 268 882 203 132 1791 891 498 393 679 160 239
internal_count=3819 2941 1150 268 882 203 132 1791 891 498 393 679 160 239
is_linear=0
shrinkage=0.03


Tree=329
num_leaves=15
num_cat=0
split_feature=20 64 64 68 72 85 3 80 31 40 80 85 83 29
split_gain=6.9839 7.71615 12.3284 9.68896 11.6851 13.2755 15.5092 10.8648 11.0019 15.1962 9.38346 8.93982 12.9378 12.3656
threshold=883.1989827156068 6.2325478309380182 5.7920761269129395 0.011812562265405458 -84.573569655418382 267.14051014184957 22.041666666656969 178.50779318809512 17.101785714285722 852.95105871751105 -59.347553133964531 -191.6387451291084 -326.85508012771601 0.87915775499668125
decision_type=10 8 10 8 8 10 2 10 10 10 8 8 8 10
left_child=1 2 3 7 -5 6 -6 8 9 -1 -10 13 -13 -3
right_child=-2 11 -4 4 5 -7 -8 -9 10 -11 -12 12 -14 -15
leaf_value=0.037033483568820032 -0.2219567576653208 -0.034641896677981732 -0.96748131913631519 0.41882265319156176 0.006474532927659169 0.84005085652847578 -0.88330503276371375 -0.47579748820751078 -0.40885704665929917 -0.3616735975288875 -0.16465698442091159 -0.38749987822411214 0.0064651679240812811 0.62752344409998173
leaf_weight=445 44 43 79 47 664 47 42 68 48 68 163 40 1928 94
leaf_count=445 44 43 79 47 664 47 42 68 48 68 163 40 1928 94
internal_value=-0.000251243 -0.000111199 -0.00163278 -0.00105461 0.00127341 0.00035809 -0.000678925 -0.00340479 -0.00231724 5.83658e-05 -0.00806604 0.00109687 0.000578974 0.00847826
internal_weight=3820 3776 1671 1592 800 753 706 792 724 513 211 2105 1968 137
internal_count=3820 3776 1671 1592 800 753 706 792 724 513 211 2105 1968 137
is_linear=0
shrinkage=0.03


Tree=330
num_leaves=15
num_cat=0
split_feature=1 4 0 62 39 5 79 41 83 73 37 76 17 9
split_gain=12.4595 7.51581 10.9008 8.69256 11.3609 8.15876 12.5354 11.787 8.19363 9.8255 8.8677 6.99591 9.69468 10.5065
threshold=659.08346462249767 8.5000000000000018 103.50000000000001 -0.078816743514469725 2802.7633991314965 61.972092390060432 52.721247598201387 115.37434339523317 -3.9411000013351436 12.390199542045595 304.46478821555934 363.33012723922735 44.000000000000007 570.00000000000011
decision_type=2 2 2 8 10 10 8 8 8 8 8 10 2 2
left_child=1 5 3 -3 -5 7 8 -1 9 -7 -10 -2 13 -13
right_child=11 2 -4 4 -6 6 -8 -9 10 -11 -12 12 -14 -15
leaf_value=0.0026687351634265811 -0.03129977472849859 0.21488063786866501 1.1079431241283546 0.13798513172942586 -0.18904139001432604 -0.72415281621303729 -0.2511426673026102 0.23179791109858988 -0.045329554467220361 -0.0057844639489080408 0.265688475169234 0.23826594507661147 -0.31348401706139928 0.011420490228746886
leaf_weight=548 1745 82 85 114 77 53 99 226 64 159 134 83 76 263
leaf_count=548 1745 82 85 114 77 53 99 226 64 159 134 83 76 263
internal_value=-0.000126017 0.00184531 0.00568245 0.00273723 -0.00078125 0.000771028 -0.00217647 0.00270968 0.000145985 -0.00394366 0.00452261 -0.001619 0.00184397 0.00397695
internal_weight=3808 1641 358 273 191 1283 509 774 410 212 198 2167 422 346
internal_count=3808 1641 358 273 191 1283 509 774 410 212 198 2167 422 346
is_linear=0
shrinkage=0.03


Tree=331
num_leaves=15
num_cat=0
split_feature=1 36 36 63 63 73 65 76 65 28 4 14 50 29
split_gain=7.89869 9.00945 8.38843 8.19577 12.939 10.9489 9.14865 8.40486 8.10735 9.31766 7.9969 7.87937 10.445 8.83129
threshold=679.7200324535371 0.10946593632317701 0.12974987974987975 139.00629703665862 197.98845562886771 1.9977046251296999 1.1045207398107162 353.73220610618597 1.0262690832027117 241.50000000000003 8.5000000000000018 803.86820059012734 3164.9433181285863 0.920697250493696
decision_type=2 8 8 10 10 8 10 8 8 2 2 8 10 10
left_child=11 -2 -3 5 -5 -4 7 -7 -9 -10 -6 12 -1 -13
right_child=1 2 3 4 10 6 -8 8 9 -11 -12 13 -14 -15
leaf_value=0.0066164462466314642 0.049209617490791294 -0.43512414756995743 0.12633492666024751 0.43971676891625372 0.026626806720020289 -0.28998708264925555 -1.0997451510485055 -0.44619458531074702 -0.03758232645344961 0.10401199120659568 -0.25142142804837914 0.0088511790502319009 -0.35657857226453721 0.98255691895974451
leaf_weight=2360 98 40 138 74 161 91 53 136 328 74 53 84 55 59
leaf_count=2360 98 40 138 74 161 91 53 136 328 74 53 84 55 59
internal_value=-6.30749e-05 -0.00202085 -0.00276762 -0.00227232 0.00207612 -0.00380024 -0.00535871 -0.00433333 -0.00289425 -0.000744417 -0.00167442 0.000890973 0.000484272 0.00770833
internal_weight=3804 1246 1148 1108 288 820 682 629 538 402 214 2558 2415 143
internal_count=3804 1246 1148 1108 288 820 682 629 538 402 214 2558 2415 143
is_linear=0
shrinkage=0.03


Tree=332
num_leaves=15
num_cat=0
split_feature=72 4 35 38 85 72 33 63 40 64 84 41 59 64
split_gain=6.61705 9.40038 10.6726 10.3431 12.292 10.1693 9.27031 10.2674 9.18643 10.9918 14.0542 8.75516 8.68985 8.20371
threshold=8.7698647975921649 8.5000000000000018 18.06018107908352 2180.3794117242992 -176.99295409520462 -94.110296607017503 14.001515151515154 -152.15357090911877 508.67461401655328 3.9248033622585203 -123.97587537765502 43.823863863945014 87.413296341896071 4.0502073699177936
decision_type=8 2 10 8 10 10 8 8 10 10 10 8 10 8
left_child=1 3 6 4 -1 -6 12 -8 9 -5 -11 13 -3 -2
right_child=11 2 -4 8 5 -7 7 -9 -10 10 -12 -13 -14 -15
leaf_value=0.055277663633736436 -0.26622333829923134 0.42704923676201412 0.58057852053577585 0.17133942142847913 -0.0051170962476487598 -0.87607626964792851 0.14169598788943866 -0.4781748649492602 -0.38458664656860791 -0.7011660267011447 0.032869609579270036 0.0018604218507385893 -0.0097083800043861676 -0.015102763223503572
leaf_weight=57 142 62 69 235 41 66 42 50 56 69 218 1955 42 743
leaf_count=57 142 62 69 235 41 66 42 50 56 69 218 1955 42 743
internal_value=-0.000272869 0.00181548 0.00665414 8.07537e-05 -0.00654545 -0.0125 0.00304569 -0.00387097 0.00196891 0.00321224 -0.000729167 -0.00101373 0.00914286 -0.00348758
internal_weight=3847 1007 265 742 164 107 196 92 578 522 287 2840 104 885
internal_count=3847 1007 265 742 164 107 196 92 578 522 287 2840 104 885
is_linear=0
shrinkage=0.03


Tree=333
num_leaves=15
num_cat=0
split_feature=78 80 40 84 80 79 41 27 43 72 73 73 68 80
split_gain=7.47524 14.2706 13.4258 12.782 7.45542 12.011 12.9036 13.9919 13.1739 12.2567 9.9997 8.61599 10.5875 9.34233
threshold=0.70833333333333337 1.0000000180025095e-35 321.87951489702488 104.34630370140077 -63.927437663078301 11.956173279112695 -70.736657738685594 0.88475373547316005 265.55324791048355 -135.8453023433685 29.881421566009525 1.9977046251296999 -0.11557861490376485 -159.84946501255033
decision_type=8 10 10 8 8 10 8 10 10 10 10 10 10 10
left_child=1 -1 -3 -4 10 6 7 -6 -9 -10 11 12 -2 -14
right_child=4 2 3 -5 5 -7 -8 8 9 -11 -12 -13 13 -15
leaf_value=-0.00031577755863487766 0.099022413631727924 -0.44636685336169535 -0.046842522749818497 0.20143534903168181 0.83037299026878941 0.082733967202521866 -0.011604317382113151 0.54959512038390257 -0.35872593492240795 0.25479900721383864 0.16619923878562459 -0.32478595753332429 0.059520780111342694 -0.41450531699614945
leaf_weight=495 101 115 75 40 66 594 1669 77 73 59 57 127 57 150
leaf_count=495 101 115 75 40 66 594 1669 77 73 59 57 127 57 150
internal_value=-0.000199681 -0.00293388 -0.00909091 -0.00181034 0.000455295 0.00111067 -3.08483e-05 0.00597826 0.00214286 -0.00360902 -0.00292089 -0.00447248 -0.00174757 -0.005625
internal_weight=3755 725 230 115 3030 2538 1944 275 209 132 492 435 308 207
internal_count=3755 725 230 115 3030 2538 1944 275 209 132 492 435 308 207
is_linear=0
shrinkage=0.03


Tree=334
num_leaves=15
num_cat=0
split_feature=17 77 73 69 0 61 16 48 3 37 26 48 28 56
split_gain=8.61164 18.8228 6.03443 13.4491 8.05124 7.74341 6.8231 5.65976 7.56397 10.5667 11.3057 9.30531 7.94066 6.70211
threshold=5.0000000000000009 -60.861146926879876 -22.909306287765499 49.56835129163067 401.50000000000006 0.26220534117958266 17.500000000000004 285.01934587955481 20.958333333343038 1435.1856234201803 140.50000000000003 136.4701056480408 165.50000000000003 321.56826766332
decision_type=2 8 8 8 2 8 2 10 2 10 2 8 2 10
left_child=1 -1 3 5 7 -2 -5 8 -4 11 12 -10 -11 -9
right_child=2 -3 4 6 -6 -7 -8 13 9 10 -12 -13 -14 -15
leaf_value=-1.5921720519697986 0.089507616419928937 0.1305780205569031 -0.0053128226849335648 -0.26130366201241728 0.39989980852756501 0.84502179198105887 0.10972990233392312 -0.1484909805967061 1.4047484705440709 0.045719377630673817 1.4099157029477682 0.06121038306328444 -0.75604828418672287 -0.030198542042121152
leaf_weight=54 40 48 2997 42 57 44 59 65 83 40 45 46 52 119
leaf_count=54 40 48 2997 42 57 44 59 65 83 40 45 46 52 119
internal_value=-0.000181962 -0.00873786 5.69106e-05 0.00532258 -0.000222539 0.0141176 -0.00205882 -0.000408933 -0.000119485 0.0047191 -0.00108696 0.0108462 -0.00709677 -0.00551351
internal_weight=3791 102 3689 185 3504 84 101 3447 3263 266 137 129 92 184
internal_count=3791 102 3689 185 3504 84 101 3447 3263 266 137 129 92 184
is_linear=0
shrinkage=0.03


Tree=335
num_leaves=15
num_cat=0
split_feature=42 0 56 80 3 40 29 75 77 77 82 42 51 77
split_gain=6.74015 10.8527 10.5237 12.4128 11.0495 10.4947 11.4185 16.5283 13.7857 13.033 12.6685 10.9224 9.77273 8.83781
threshold=-87.589705586433396 -41.499999999999993 -37.266421834627785 102.85173714160921 13.875000000000002 614.16316768982392 0.89763239002521722 530.86998891830456 -102.10408639907835 -202.1419001817703 47.390482485294349 -109.96822690963744 179.08346462249759 -244.4408195018768
decision_type=8 2 8 8 2 10 10 10 10 10 10 10 10 8
left_child=5 -2 3 4 -3 6 9 8 10 -1 -8 12 -11 -4
right_child=1 2 13 -5 -6 -7 7 -9 -10 11 -12 -13 -14 -15
leaf_value=0.087249283353394838 -0.14692669091203836 0.14192286776421612 -0.068290569988368618 0.46539455392468049 -0.21438861055817993 -0.29718827336365405 0.22493761268229182 -0.070111030312162939 1.4627650907973275 -1.2379995839467848 -0.31933370493736668 0.13597383456085585 -0.20183481283509977 -0.0040350324129822465
leaf_weight=123 244 61 339 73 80 70 106 48 62 55 40 46 61 2389
leaf_count=123 244 61 339 73 80 70 106 48 62 55 40 46 61 2389
internal_value=-0.000481833 -0.00103546 -0.000530071 0.00586047 0.000633803 0.00240196 0.00381919 0.00840467 0.0120574 -0.000314685 0.00693878 -0.00588957 -0.0107692 -0.00103335
internal_weight=3797 3186 2942 214 141 611 541 256 208 285 146 162 116 2728
internal_count=3797 3186 2942 214 141 611 541 256 208 285 146 162 116 2728
is_linear=0
shrinkage=0.03


Tree=336
num_leaves=15
num_cat=0
split_feature=4 71 28 7 39 67 49 79 64 7 49 35 25 7
split_gain=7.34794 7.24291 6.91972 8.51439 6.83403 10.4805 11.2603 9.14147 8.97996 8.8105 11.939 10.4492 12.0158 9.49514
threshold=9.5000000000000018 11.500000000000002 287.50000000000006 3405.943058715935 2396.2808199483848 40.665496211092012 11.500000000000002 7.9357846521599855 6.0877771586286817 3506.7014549908713 4.5000000000000009 20.477729384436703 0.9346044191019246 4163.0322498932301
decision_type=2 8 2 8 8 8 10 8 10 8 8 10 8 10
left_child=4 -2 3 -3 8 6 -6 -7 -1 10 -9 -11 13 -13
right_child=1 2 -4 -5 5 7 -8 9 -10 11 -12 12 -14 -15
leaf_value=0.0027877953278756707 0.32448978027850145 0.046606261410042517 0.41461123096657476 -0.13381112641216081 -0.2964401453185479 -0.19577976845004669 0.15260186151964775 -0.20122389818944744 0.64641908673373161 0.20183727227720594 0.0047140094515844755 0.01487567397330119 0.10028131662725465 -0.35399824763378918
leaf_weight=2149 82 65 40 43 287 211 51 138 40 285 266 47 70 61
leaf_count=2149 82 65 40 43 287 211 51 138 40 285 266 47 70 61
internal_value=7.82065e-06 0.00519481 0.00120805 -0.00275229 -0.000324459 -0.00194778 -0.00654867 -0.000500463 0.000726027 0.000864055 -0.00237037 0.00368534 -0.00201117 -0.00825688
internal_weight=3835 230 148 108 3605 1416 338 1078 2189 867 404 463 178 108
internal_count=3835 230 148 108 3605 1416 338 1078 2189 867 404 463 178 108
is_linear=0
shrinkage=0.03


Tree=337
num_leaves=15
num_cat=0
split_feature=49 16 31 13 84 38 16 39 35 33 48 29 68 3
split_gain=8.14912 10.9243 18.7814 17.6543 12.1074 12.1032 11.3512 10.5035 12.4229 19.9719 11.9503 10.6009 10.0617 14.3056
threshold=10.500000000000002 12.500000000000002 7.7148550724637683 150.00000000000003 -63.128884832064308 2538.7219504540558 47.500000000000007 2246.6618523507182 21.041277248400998 18.437335164835165 -57.198795874913522 0.92539052986814185 -0.18372066172288093 18.458333333343038
decision_type=10 2 10 10 8 10 2 10 10 10 8 10 8 2
left_child=1 2 -1 4 -4 6 -3 10 9 -9 -7 -12 -6 -14
right_child=-2 5 3 -5 12 7 -8 8 -10 -11 11 -13 13 -15
leaf_value=0.22488174403740133 -0.046222206288680817 -0.066746568595044881 -0.15202603458896774 -0.072703740996520272 -0.18023274908640563 -0.082169283176391869 0.07520493060477694 -0.090762382005132522 -0.60307129424842254 0.3248667544170763 0.06545179394283529 0.9209680794024222 0.037548024016282822 0.91332927073594472
leaf_weight=246 467 1192 144 252 82 87 107 116 79 65 180 112 543 130
leaf_count=246 467 1192 144 252 82 87 107 116 79 65 180 112 543 130
internal_value=-0.000331317 0.000188849 0.0022103 0.000598958 0.00256667 -0.0012687 -0.00293077 0.00210938 -0.00252874 0.00181319 0.00528947 0.00819113 0.0040873 0.00529674
internal_weight=3802 3335 1397 1151 899 1938 1299 639 260 181 379 292 755 673
internal_count=3802 3335 1397 1151 899 1938 1299 639 260 181 379 292 755 673
is_linear=0
shrinkage=0.03


Tree=338
num_leaves=15
num_cat=0
split_feature=16 40 50 80 83 76 27 71 52 74 22 70 82 62
split_gain=7.33609 12.9501 8.00973 9.34736 17.8729 9.026 7.37231 12.4989 10.4968 8.19869 7.63522 6.91191 15.7234 11.1412
threshold=47.500000000000007 495.98686278789825 1543.0117584466936 -196.27006793022153 -147.18204820156095 2410.3431358337407 0.96828988005458605 2.5000000000000004 3220.5297027826314 115.52729935749686 8.1142140626907366 0.90454545454545465 76.17968070507051 -0.15283312868689666
decision_type=2 10 8 8 8 8 10 10 8 8 2 10 8 8
left_child=2 -2 3 4 -1 -4 7 9 -8 -7 -9 12 13 -5
right_child=1 -3 5 11 -6 6 8 10 -10 -11 -12 -13 -14 -15
leaf_value=0.54174322707376832 0.43442257328140721 -0.0037569052293868603 -0.55145423194670984 -0.40417807969514197 -0.063193472912336124 0.019300987394885779 0.11943907701701391 -0.12662168647531769 -0.42766881420749231 0.6757482794475681 0.0044790438495369541 -0.011302844168716497 -0.01173509705210332 0.20608458380344274
leaf_weight=73 47 70 52 43 40 40 49 57 82 44 53 2330 541 342
leaf_count=73 47 70 52 43 40 40 49 57 82 44 53 2330 541 342
internal_value=7.76398e-06 0.00737288 -0.000224179 0.000240356 0.00868421 -0.00436508 -0.00248466 0.00123077 -0.00795455 0.00988235 -0.00540541 -5.52656e-05 0.00213592 0.00676166
internal_weight=3863 117 3746 3369 113 377 325 194 131 84 110 3256 926 385
internal_count=3863 117 3746 3369 113 377 325 194 131 84 110 3256 926 385
is_linear=0
shrinkage=0.03


Tree=339
num_leaves=15
num_cat=0
split_feature=69 28 14 64 79 37 77 22 22 81 59 7 35 81
split_gain=6.94324 8.11763 12.0174 9.8325 7.42421 9.18201 12.0396 8.57652 8.39949 10.3639 13.0665 12.3356 9.52989 9.07502
threshold=481.58338899870176 169.50000000000003 293.65914442164484 2.593891486717022 7.8004249859310795 2078.7084598589868 15.967813551425936 0.99171459674835216 1.379980802536011 4956.1504498720178 177.0216261148453 2255.8569862945228 13.708016235413497 7642.4991779327402
decision_type=10 2 10 10 8 10 8 2 2 10 10 10 8 10
left_child=4 3 -3 -2 5 6 7 -1 -9 11 13 -10 -13 -11
right_child=1 2 -4 -5 -6 -7 -8 8 9 10 -12 12 -14 -15
leaf_value=0.24439999138509733 -0.14573129922955635 0.065327996393728716 -0.53089552995861311 0.77581765088127619 0.0098289478716322605 -0.22018901636040289 0.13361170504742229 -0.39895038412215034 -0.32795641625030986 -1.04997679737086 0.25773362217255585 0.014471415401831464 0.56084008162506516 -0.17307437241343659
leaf_weight=76 41 50 87 42 2712 76 226 49 51 86 47 104 53 121
leaf_count=76 41 50 87 42 2712 76 226 49 51 86 47 104 53 121
internal_value=0.000274725 -0.00488688 -0.00934783 0.0025 0.000591338 -0.00178652 -0.000847666 -0.00311224 -0.00451172 -0.00323974 -0.00729412 0.00172249 0.00588608 -0.0105288
internal_weight=3821 220 137 83 3601 889 813 587 511 462 254 208 157 207
internal_count=3821 220 137 83 3601 889 813 587 511 462 254 208 157 207
is_linear=0
shrinkage=0.03


Tree=340
num_leaves=15
num_cat=0
split_feature=41 41 56 66 56 82 79 66 79 81 36 15 84 66
split_gain=6.14388 12.3677 9.62837 13.3379 15.2111 12.2336 9.74406 9.20068 8.87145 17.4456 16.7984 10.3644 8.90128 8.71399
threshold=-90.091878294944749 45.230598330497749 67.592612663904845 20.429610967636112 60.436603188514717 -3.8289689620335889 9.7838772185504403 -233.05180442333219 12.66762391127704 5024.683819413186 0.9294019933554819 17.500000000000004 -154.0925010840098 227.86460089683536
decision_type=10 10 10 8 10 8 10 10 8 10 8 2 10 8
left_child=7 -2 3 -3 5 -5 -7 -1 9 11 -11 12 -4 -10
right_child=1 2 8 4 -6 6 -8 -9 13 10 -12 -13 -14 -15
leaf_value=0.001941897955033056 -0.024745189364068665 -0.1767977954419904 0.17907898095954913 0.53615739771130855 1.4150690479213424 -0.039893960485195522 0.12858493200668036 0.16671991085167839 0.25504481065107676 -0.37560187982685361 0.31644749577976794 0.62960258716537332 -0.33801356815833444 0.0026942945368246462
leaf_weight=445 1409 77 78 55 50 138 162 184 176 213 46 85 115 588
leaf_count=445 1409 77 78 55 50 138 162 184 176 213 46 85 115 588
internal_value=0.000102041 -0.000432195 0.00122758 0.00484472 0.0070197 0.00480337 0.00239203 0.00280952 -0.000115207 -0.00306691 -0.00865385 0.00215054 -0.00170103 0.00196078
internal_weight=3821 3192 1783 482 405 355 300 629 1301 537 259 278 193 764
internal_count=3821 3192 1783 482 405 355 300 629 1301 537 259 278 193 764
is_linear=0
shrinkage=0.03


Tree=341
num_leaves=15
num_cat=0
split_feature=62 68 3 37 32 17 36 81 42 60 37 58 39 36
split_gain=7.06953 11.7514 15.4842 12.0487 9.48465 9.4149 9.40911 16.4981 11.5925 16.0122 14.667 14.0082 9.43382 11.9525
threshold=-0.11737446102444794 -0.099479351267566324 5.4583333333430355 2640.1079139419403 0.32200460829493094 6.5000000000000009 0.2410176419965577 1587.2678377628329 253.71145391464236 136.88270723819736 2000.2955569645321 60.916535377502449 3616.6430389380507 0.28966437833714725
decision_type=10 8 2 8 10 2 10 8 10 10 10 10 10 10
left_child=-1 4 -3 5 -2 -4 8 -8 9 10 11 -7 -9 -14
right_child=1 2 3 -5 -6 6 7 12 -10 -11 -12 -13 13 -15
leaf_value=0.011308101049939463 -0.56352571678024321 -0.13818806713627338 -0.57761793084933932 0.44748973064230813 0.055418415960483747 0.04553422503687983 1.1117366025002262 -0.031302418525248329 0.66803258775289465 -0.25789816119382175 -0.15824207469765472 0.27986332028968913 0.0055693736527757665 -0.88748882721717437
leaf_weight=1670 109 140 58 81 42 479 41 802 58 87 84 53 47 84
leaf_count=1670 109 140 58 81 42 479 41 802 58 87 84 53 47 84
internal_value=-0.000101668 -0.00123269 -0.00062531 9.6e-05 -0.00927632 -0.00041806 -1.72811e-05 -0.00196923 0.00248031 0.00140625 0.00311183 0.0049531 -0.00279443 -0.0102273
internal_weight=3835 2165 2014 1874 151 1793 1735 974 761 703 616 532 933 131
internal_count=3835 2165 2014 1874 151 1793 1735 974 761 703 616 532 933 131
is_linear=0
shrinkage=0.03


Tree=342
num_leaves=15
num_cat=0
split_feature=78 84 29 31 61 16 0 20 64 81 71 61 22 38
split_gain=6.80018 12.2111 8.34875 15.1396 13.9904 9.28423 9.4864 8.20092 7.64576 10.6444 13.6074 14.2849 9.23714 8.93648
threshold=0.70833333333333337 -78.210264901320116 0.92357745942400082 13.003846153846155 0.56830879817453217 2.5000000000000004 64.500000000000014 644.09319531917583 4.0918922451920468 4536.5667403936395 8.5000000000000018 0.011353043115964289 9.1025601625442523 2094.9073063351784
decision_type=8 10 10 8 8 2 2 8 8 8 10 8 2 10
left_child=1 2 3 -1 -4 -5 7 -7 9 12 13 -12 -2 -11
right_child=8 -3 4 5 -6 6 -8 -9 -10 10 11 -13 -14 -15
leaf_value=0.37721960005956928 -0.006114352655327053 -0.20267853680070558 -0.32486615615543502 -0.13010203678397261 0.0018048975811916534 0.066010897295891824 0.11195293699177961 -0.058632656373244545 0.013369596170182785 -0.098950669776698377 0.052908635031427662 -0.57103797565288461 0.54183300920999322 0.58999327044392402
leaf_weight=104 253 255 47 55 101 42 59 103 2346 59 41 272 59 43
leaf_count=104 253 255 47 55 101 42 59 103 2346 59 41 272 59 43
internal_value=-0.000210937 -0.00273794 -5.85937e-05 0.00239011 -0.00604027 -0.0015 0.00146341 -0.00267123 0.000419649 -0.00226648 -0.00540865 -0.00850318 0.00191693 0.00407767
internal_weight=3839 766 511 363 148 259 204 145 3073 727 415 313 312 102
internal_count=3839 766 511 363 148 259 204 145 3073 727 415 313 312 102
is_linear=0
shrinkage=0.03


Tree=343
num_leaves=15
num_cat=0
split_feature=83 60 31 40 71 17 81 77 57 16 72 29 71 39
split_gain=6.49119 8.16062 6.48011 9.90568 11.5249 12.1903 11.4455 13.3924 10.3309 12.864 14.1321 9.06122 8.99189 15.9743
threshold=-326.85508012771601 134.86945664882663 14.671785714285717 417.57015403492841 7.5000000000000009 29.000000000000004 9038.4425308704394 -69.598561823368058 8.5000000000000018 6.5000000000000009 -34.634397745132439 0.89380237430167608 13.500000000000002 1394.1066431397176
decision_type=8 10 8 10 10 2 8 8 10 2 8 10 10 10
left_child=1 -1 -2 6 5 -5 7 -4 -8 -10 -11 -9 13 -6
right_child=2 -3 3 4 12 -7 8 11 9 10 -12 -13 -14 -15
leaf_value=0.017612634852119412 0.022335329396810159 -0.68626495240050245 -0.08759416455652437 1.4467486263706819 0.12650106657103044 0.015215658517863061 -0.38081997292011183 -0.0099818403163551388 -0.4821287805538309 0.16300260414427378 -0.24638371676834639 0.79113349441684933 0.022165943401365629 -0.047604738444665208
leaf_weight=51 1933 43 231 63 61 106 110 79 49 40 66 67 455 465
leaf_count=51 1933 43 231 63 61 106 110 79 49 40 66 67 455 465
internal_value=0.000164921 -0.00757895 0.000362319 -0.000936977 0.0007298 0.00794118 -0.00391913 -0.000555556 -0.00868421 -0.00365385 0.00224299 0.00653061 -0.000519348 -0.00318786
internal_weight=3819 94 3725 1792 1150 169 642 377 265 155 106 146 981 526
internal_count=3819 94 3725 1792 1150 169 642 377 265 155 106 146 981 526
is_linear=0
shrinkage=0.03


Tree=344
num_leaves=15
num_cat=0
split_feature=16 0 58 70 34 31 8 6 39 35 4 3 8 41
split_gain=8.46112 7.18905 7.64515 6.8018 13.3735 14.9469 12.3617 10.4148 10.2203 10.0471 16.2312 14.3101 11.6389 10.4382
threshold=50.500000000000007 401.50000000000006 1470.128134608269 0.90454545454545465 0.18090909090909094 18.167948717948722 2.7728328870248338 810.00000000000011 115.4020506652742 23.606506099468255 6.5000000000000009 1.5416666666569656 6.0015029857437598 40.624070882797248
decision_type=2 2 10 10 8 8 10 10 10 10 2 2 10 10
left_child=1 2 3 8 6 -6 -5 -8 -1 11 -11 -10 -13 -12
right_child=-2 -3 -4 4 5 -7 7 -9 9 10 13 12 -14 -15
leaf_value=-0.23101742887052837 0.060153351282931332 0.71357648013642028 -0.068394740931735962 0.21361787264922649 -0.010936463938897561 -0.49245215786595609 0.031034448761454881 -0.1835530878091424 -0.096979611901413521 0.035940943712384744 -0.070330569521286676 0.047047807216616069 0.33304585990563113 -0.39476634626737095
leaf_weight=62 100 66 194 85 1454 285 535 40 42 88 42 693 111 59
leaf_count=62 100 66 194 85 1454 285 535 40 42 88 42 693 111 59
internal_value=0.000342235 0.000111791 -6.5023e-05 0.000257363 -0.0006375 -0.00201724 0.00299546 0.00140625 0.00221311 0.00292471 -0.00331579 0.00432113 0.00521739 -0.0114706
internal_weight=3856 3756 3690 3496 2399 1739 660 575 1097 1035 189 846 804 101
internal_count=3856 3756 3690 3496 2399 1739 660 575 1097 1035 189 846 804 101
is_linear=0
shrinkage=0.03


Tree=345
num_leaves=15
num_cat=0
split_feature=28 80 64 82 33 61 57 4 67 24 36 82 35 84
split_gain=8.27165 13.2051 11.4306 11.1267 13.2364 12.1509 13.9882 11.2521 12.8001 10.7041 9.97929 13.4618 10.6109 9.24707
threshold=223.50000000000003 -101.50122702121733 3.5115607677699638 144.68329370021823 18.59348290598291 0.61967698614307898 7.5000000000000009 8.5000000000000018 137.24336018164956 61.500000000000007 0.20611577964519143 62.50952736536663 14.378364779874214 37.047363320986442
decision_type=2 8 10 10 8 10 10 2 10 2 8 8 10 10
left_child=-1 9 10 4 5 6 -4 8 -6 -2 -3 13 -13 -12
right_child=1 2 3 -5 7 -7 -8 -9 -10 -11 11 12 -14 -15
leaf_value=-0.011006529887478215 0.77594491362634266 -0.12809627078367167 -0.83578764127780614 -0.65760237852539272 -0.88570684990129556 0.092520789542423751 -0.066301700007911746 0.59071840705813994 0.20940595811793086 0.026440780841657484 0.034048008706846503 0.069890152433116082 1.3778976550850337 -0.78457543482368308
leaf_weight=2462 74 97 44 64 51 86 202 78 42 61 160 278 82 41
leaf_count=2462 74 97 44 64 51 86 202 78 42 61 160 278 82 41
internal_value=6.27779e-05 0.00193975 0.000954323 -0.00216549 -0.000654762 -0.00414414 -0.00753036 0.00610465 -0.000957447 0.0108088 0.00364188 0.00517794 0.00864266 -0.0010396
internal_weight=3822 1360 1225 567 503 332 246 171 93 135 658 561 360 201
internal_count=3822 1360 1225 567 503 332 246 171 93 135 658 561 360 201
is_linear=0
shrinkage=0.03


Tree=346
num_leaves=15
num_cat=0
split_feature=4 83 60 31 0 16 85 77 82 16 17 64 3 82
split_gain=8.37845 13.5437 14.8334 12.8925 14.7965 12.088 11.8289 11.1883 16.4233 14.9519 20.7998 13.3218 12.6451 14.0758
threshold=7.5000000000000009 -137.57225072383878 116.01381134986879 29.244047619047624 136.50000000000003 50.500000000000007 181.13150274753573 -167.87642562389371 -154.71361529827115 31.500000000000004 44.000000000000007 3.6835287751673564 11.041666666656967 115.64123360315959
decision_type=2 8 10 10 2 2 8 10 10 2 2 8 2 8
left_child=5 2 -2 4 -3 7 -6 9 -9 11 -11 -1 13 -13
right_child=1 3 -4 -5 6 -7 -8 8 -10 10 -12 12 -14 -15
leaf_value=-0.41741246140689903 1.1287080643898078 -0.00048122357255735436 -0.087436859337454306 -0.32953598620913999 -0.084531021294698111 0.08582593972557262 1.0365649371463843 0.033367085570291832 -0.16531087532709002 0.08305584763405903 -0.6242992215536648 0.73442513727388292 0.0035341104276009005 0.03731089605556949
leaf_weight=46 71 1347 42 94 77 62 215 235 803 89 116 91 425 125
leaf_count=46 71 1347 42 94 77 62 215 235 803 89 116 91 425 125
internal_value=-0.000156291 0.0012994 0.0113158 0.000640138 0.0012622 -0.00150527 0.00737201 -0.00192646 -0.00404235 0.000537514 -0.0065534 0.00265988 0.00378505 0.00967742
internal_weight=3838 1846 113 1733 1639 1992 292 1930 1038 892 205 687 641 216
internal_count=3838 1846 113 1733 1639 1992 292 1930 1038 892 205 687 641 216
is_linear=0
shrinkage=0.03


Tree=347
num_leaves=15
num_cat=0
split_feature=26 85 8 39 24 35 79 77 77 61 66 42 66 3
split_gain=6.52988 13.2357 18.529 20.0041 15.0112 15.0072 14.7603 10.6973 8.57348 8.34624 7.41766 9.71939 8.31328 9.16555
threshold=138.50000000000003 -48.539142529169709 5.0279504622049824 4572.1220811381836 86.500000000000014 14.519759653270293 12.764730752899359 122.25493597984315 -8.9835835099220258 0.41633773818773001 -301.5292574167251 -228.95544385910031 -215.17771553993222 1.3750000000000002
decision_type=2 10 10 10 2 8 8 10 8 8 8 8 8 2
left_child=7 2 4 -4 6 -3 -2 10 -7 -8 -1 -12 -13 -14
right_child=1 5 3 -5 -6 8 9 -9 -10 -11 11 12 13 -15
leaf_value=-0.60146358783766196 0.97304127981907662 -0.52991690272640302 -0.45406477109730392 0.11280577947836207 -0.22112028760071992 -0.15268604357733209 1.1718416450994991 -0.26046455257083651 0.27375650174270288 0.066643717334619823 0.92923146626468545 0.15189910475342891 -0.30592510053189309 0.00075425302770964814
leaf_weight=61 86 93 81 87 43 57 47 62 129 85 43 94 84 2749
leaf_count=61 86 93 81 87 43 57 47 62 129 85 43 94 84 2749
internal_value=0.000449763 0.00304654 0.00634884 -0.00142012 0.0113359 -0.00203571 0.0145205 -0.000145443 0.0028877 0.0081203 0.000108839 0.000323124 0.000112705 -0.000179958
internal_weight=3801 708 429 168 261 279 218 3093 186 132 3031 2970 2927 2833
internal_count=3801 708 429 168 261 279 218 3093 186 132 3031 2970 2927 2833
is_linear=0
shrinkage=0.03


Tree=348
num_leaves=15
num_cat=0
split_feature=79 3 36 6 53 85 82 63 64 14 27 31 24 41
split_gain=7.01113 13.3302 9.36124 6.76774 14.8666 8.78411 12.3324 12.4634 10.0364 8.36801 14.2925 10.2671 8.8961 7.80382
threshold=396.46469057803557 19.291666666656969 0.12392463562033418 690.00000000000011 5.5000000000000009 167.82542705535892 110.36290669441225 -33.169154163046933 3.5243755780551123 358.51781940993902 0.89172907847606653 19.813852813852815 36.500000000000007 -85.930968284606919
decision_type=10 2 10 8 8 8 10 8 8 10 10 8 2 8
left_child=3 2 -2 4 -1 6 8 -8 -6 11 -11 12 -10 -5
right_child=1 -3 -4 13 5 -7 7 -9 9 10 -12 -13 -14 -15
leaf_value=-0.33026686325958038 0.12656149492300678 -0.43053085219061232 -0.083107840268756131 0.046979423186829461 -0.23673021384464091 0.11710502506179224 0.051619856209135374 -0.41203610322567968 0.25449217225059223 -0.046261963699523352 0.37918234155191599 -0.098737362381762922 -0.025115957673073799 -0.017474812579744137
leaf_weight=83 49 41 85 330 67 527 60 81 145 79 140 59 94 1975
leaf_count=83 49 41 85 330 67 527 60 81 145 79 140 59 94 1975
internal_value=-0.000117925 -0.00596591 -0.00133333 0.00016479 0.00186377 0.00268156 0.00053719 -0.00739437 0.00246154 0.00388031 0.00831818 0.000602007 0.003375 -0.000819601
internal_weight=3815 175 134 3640 1335 1252 725 141 584 517 219 298 239 2305
internal_count=3815 175 134 3640 1335 1252 725 141 584 517 219 298 239 2305
is_linear=0
shrinkage=0.03


Tree=349
num_leaves=15
num_cat=0
split_feature=48 48 59 62 80 35 81 34 35 61 82 73 8 37
split_gain=5.87992 10.6442 10.3518 9.93214 12.9019 12.0569 11.5559 12.6626 10.3597 13.1824 10.8213 10.2521 10.1756 9.9493
threshold=-2.4553672870000196 1.1520983378092451 216.71854937076571 -0.04581856748032203 127.00085854530336 8.4942424242424241 9091.2034698724765 0.1925393883225209 13.075474525474528 0.73513369580305932 -29.73735334475835 5.0071309804916391 4.1761948675895475 1416.3581026493232
decision_type=10 10 10 10 10 10 10 8 10 8 8 10 10 10
left_child=2 -2 3 4 6 -5 7 -1 10 -10 -9 -7 -6 -13
right_child=1 -3 -4 5 12 11 -8 8 9 -11 -12 13 -14 -15
leaf_value=0.18134010847581813 -0.65456264933774289 0.0005195590998475552 -0.045818451595114662 -0.67358878253930399 1.1406614514461364 -0.041212567154137895 -0.37629484583278139 0.35402064787264309 0.16627905957842953 -0.56250093927572931 0.038245339169226282 0.30904600908430341 0.041407390525709409 -0.0059792491372729724
leaf_weight=174 44 2321 181 45 42 229 68 42 86 60 291 84 42 67
leaf_count=174 44 2321 181 45 42 229 68 42 86 60 291 84 42 67
internal_value=0.000698967 -0.000215554 0.00223088 0.0032169 0.0051737 -0.000492958 0.00386427 0.00509174 0.0025625 -0.00408163 0.00547904 0.00125984 0.0162353 0.00730263
internal_weight=3776 2365 1411 1230 805 425 721 653 479 146 333 380 84 151
internal_count=3776 2365 1411 1230 805 425 721 653 479 146 333 380 84 151
is_linear=0
shrinkage=0.03


Tree=350
num_leaves=15
num_cat=0
split_feature=8 29 29 0 37 3 71 34 33 3 74 77 71 81
split_gain=13.2751 10.1815 12.4211 9.04496 12.7021 7.15528 13.0362 8.12761 11.4954 9.88591 18.371 12.3877 10.3343 9.30892
threshold=6.3194778224721082 0.93201941747572825 0.96300322061191634 8.5000000000000018 2163.5370812377541 2.7083333333430351 13.500000000000002 0.1645447219983884 15.094733796296298 7.8750000000000009 1234.1286935444803 -120.90247732400893 12.500000000000002 9038.4425308704394
decision_type=8 10 10 2 10 2 8 8 10 2 8 10 10 8
left_child=5 3 -3 -2 -5 6 -1 8 -7 10 -9 12 -12 -10
right_child=1 2 -4 4 -6 7 -8 9 13 -11 11 -13 -14 -15
leaf_value=-0.29786632799635254 0.036942599031684384 1.8835253645770929 0.022515627890816743 0.05946984885781461 -0.43335089205940841 0.36621190350536847 0.0010952608936789065 1.1118256551998995 0.04248142374683915 -0.019758606588414853 0.079911473798725013 0.99643723688761854 -0.32667166844577383 -0.027490475221280803
leaf_weight=83 131 60 77 88 46 112 122 60 283 2318 66 47 84 290
leaf_count=83 131 60 77 88 46 112 122 60 283 2318 66 47 84 290
internal_value=-0.000240434 0.00491315 0.0115217 0.00146617 -0.004 -0.000839585 -0.00626214 -0.00049678 0.00240525 -0.00126941 0.00430233 -0.000151515 -0.00437086 0.000679443
internal_weight=3867 402 137 265 134 3465 205 3260 685 2575 257 197 150 573
internal_count=3867 402 137 265 134 3465 205 3260 685 2575 257 197 150 573
is_linear=0
shrinkage=0.03


Tree=351
num_leaves=15
num_cat=0
split_feature=70 58 0 34 77 34 5 16 35 85 37 16 5 48
split_gain=7.53184 10.2022 10.2758 8.86699 8.74929 8.1552 7.2393 6.40928 8.56501 15.1511 9.68601 8.76412 12.0002 9.53444
threshold=0.67708333333333337 1553.4712911844256 127.50000000000001 0.10072463768115944 -208.35183674097058 0.047905909351692491 40.27996754646302 47.500000000000007 25.322506082725063 5.8526595433553057 2585.3596173827668 40.500000000000007 124.06718993186952 369.59592656294512
decision_type=8 10 2 8 8 8 10 2 8 10 10 2 8 10
left_child=1 2 3 6 -5 -2 -1 8 11 10 -10 13 -13 -7
right_child=5 -3 -4 4 -6 7 -8 -9 9 -11 -12 12 -14 -15
leaf_value=-0.066997504226770227 0.054291805264158055 -0.022215686791765433 2.6053505962743393 0.52911895528590946 0.02026298845784754 -0.0034333144651955646 0.022015742766762256 0.084329949745023489 -0.11907813540893056 -1.3700382109498837 0.15357475731239936 -0.020390648515381641 -1.1050103047683428 -0.32592874888912582
leaf_weight=46 127 88 44 40 257 2821 56 80 61 44 53 67 40 43
leaf_count=46 127 88 44 40 257 2821 56 80 61 44 53 67 40 43
internal_value=-0.000100827 0.00321429 0.00506757 0.003525 0.00614094 -0.000629308 -0.00407767 -0.000925234 -0.00114058 -0.00792453 -0.00208696 -0.000777254 -0.00916667 -0.000460733
internal_weight=3867 531 443 399 297 3336 102 3209 3129 158 114 2971 107 2864
internal_count=3867 531 443 399 297 3336 102 3209 3129 158 114 2971 107 2864
is_linear=0
shrinkage=0.03


Tree=352
num_leaves=15
num_cat=0
split_feature=30 40 38 16 16 77 25 28 84 27 79 65 46 77
split_gain=5.84907 8.85275 6.80023 14.2934 12.9981 13.1304 12.3526 11.6519 11.1665 11.0885 8.01598 12.37 8.46462 9.07497
threshold=75.800000000000011 4535.7301658969418 3011.0612762949486 3.5000000000000004 12.500000000000002 -149.14443445205686 0.95861872146118732 466.50000000000006 -119.93984699249266 0.87194394752534299 7.2354527559814485 1.0250539796150251 1050.0000000000002 11.347275078296663
decision_type=10 10 10 2 2 8 8 2 8 10 8 8 10 10
left_child=1 2 4 -4 5 -1 8 10 -7 -10 11 -5 13 -12
right_child=-2 -3 3 7 -6 6 -8 -9 9 -11 12 -13 -14 -15
leaf_value=0.19051831276443312 -0.017853134138859018 0.027213949544745226 -0.046564534014821975 -0.44110561363843748 -0.03090246837850167 -0.78665182098855224 0.24940482601522732 -0.3058531471819062 0.37985224947647939 -0.10313449071576741 0.06215491946049205 0.090179155359388308 -0.042812562200713819 0.87982776838881505
leaf_weight=248 95 103 284 89 1555 40 91 41 48 321 562 116 92 163
leaf_count=248 95 103 284 89 1555 40 91 41 48 321 562 116 92 163
internal_value=0.000124708 0.000311668 6.57354e-05 0.00175816 -0.000924479 0.0023231 -0.000479042 0.00335526 -0.00270732 -0.00105405 0.00398827 -0.00131068 0.00531785 0.00640496
internal_weight=3848 3753 3650 1347 2303 748 500 1063 409 369 1022 205 817 725
internal_count=3848 3753 3650 1347 2303 748 500 1063 409 369 1022 205 817 725
is_linear=0
shrinkage=0.03


Tree=353
num_leaves=15
num_cat=0
split_feature=51 56 0 76 23 14 80 62 16 3 8 29 25 5
split_gain=9.43261 8.55632 6.82775 7.83026 12.6166 10.8582 8.16099 11.7864 8.38975 8.4273 14.546 12.4016 13.6754 9.91004
threshold=-1496.5686182975767 379.69196009635931 401.50000000000006 152.69834280014041 8.9433181285858172 296.17464000873588 -203.66100168228147 0.048243444510703393 45.500000000000007 5.6250000000000009 5.917610112545316 0.93800051252482552 0.89309523809523828 153.04529666900638
decision_type=8 10 2 8 10 10 8 8 2 2 8 10 10 8
left_child=-1 2 3 4 5 -2 7 -5 9 -8 -11 12 -12 -13
right_child=1 -3 -4 6 -6 -7 8 -9 -10 10 11 13 -14 -15
leaf_value=-0.044417037400951119 -0.40279752809186264 -0.21077000926657258 1.5912953812961137 -0.010082917659432178 -0.48024742710744456 0.054508007325900734 -0.057992956893366067 0.83066871095944994 0.092959396427199373 -0.0067511523944200919 0.27946160693660099 2.1008944133501144 -0.047513252091097566 0.29080455349534512
leaf_weight=300 40 46 41 45 41 62 274 47 75 2548 100 45 153 41
leaf_count=300 40 46 41 45 41 62 274 47 75 2548 100 45 153 41
internal_value=-0.00048199 -5.0576e-05 0.000119556 -2.59217e-05 -0.006875 -0.00116505 0.000270351 0.00903226 1.85357e-05 -0.000218216 0.000259695 0.00608824 0.00271654 0.0158621
internal_weight=3858 3558 3512 3471 143 102 3328 92 3236 3161 2887 339 253 86
internal_count=3858 3558 3512 3471 143 102 3328 92 3236 3161 2887 339 253 86
is_linear=0
shrinkage=0.03


Tree=354
num_leaves=15
num_cat=0
split_feature=31 28 24 48 81 63 80 68 25 39 68 15 8 39
split_gain=8.22426 10.4354 11.436 13.6132 18.6603 12.1416 10.5315 9.40535 9.27432 9.26984 8.67073 8.34967 8.63995 9.81307
threshold=17.101785714285722 250.50000000000003 33.500000000000007 39.47003102302552 7749.3220781087884 -117.68705036271523 49.95072531700135 0.019299193235283337 0.89915254237288156 1989.6167487749428 -0.059921641398814042 48.500000000000007 6.9062061017654619 3254.5773866147051
decision_type=8 2 2 8 8 10 8 10 10 10 8 2 10 10
left_child=11 2 3 4 8 -4 -6 -7 -2 -9 -5 12 13 -1
right_child=1 -3 5 10 6 7 -8 9 -10 -11 -12 -13 -14 -15
leaf_value=0.022646589972255552 -0.03325911721866795 0.012988461692030669 -0.0021517617194936967 -0.052797003524600157 -1.0525984888489648 -0.77676060202621622 -0.11560077434111325 0.0059853711688383849 0.33690031624897943 -0.40710789270466435 0.023310319993105535 -0.22324140617510013 0.317328687955098 -0.15102364807362534
leaf_weight=2047 93 405 76 80 78 61 151 41 42 48 353 54 53 258
leaf_count=2047 93 405 76 80 78 61 151 41 42 48 353 54 53 258
internal_value=-0.000421765 -0.00222533 -0.00383789 -0.00214286 -0.00641096 -0.00977974 -0.0116087 -0.014702 0.00242647 -0.00833333 0.00145161 0.000646498 0.000915642 0.000637467
internal_weight=3840 1428 1023 797 364 226 229 150 135 89 433 2412 2358 2305
internal_count=3840 1428 1023 797 364 226 229 150 135 89 433 2412 2358 2305
is_linear=0
shrinkage=0.03


Tree=355
num_leaves=15
num_cat=0
split_feature=72 8 41 35 34 60 32 14 8 34 83 12 82 77
split_gain=7.76671 9.95992 10.3103 10.9329 11.0558 9.13541 8.75947 9.48649 7.79807 7.40705 7.31475 7.13066 18.8787 12.6125
threshold=-71.490866422653184 4.9453736984708128 -183.14850151538846 10.070451127819551 0.30717948717948723 -31.139643192291256 0.27681992337164757 509.57135601083797 4.0843675692498751 0.25782013685239497 61.59887099266053 1.0000000180025095e-35 -2.6643025080362954 -70.249142825603471
decision_type=8 10 10 10 10 8 10 10 10 10 8 2 10 10
left_child=1 2 -1 -4 9 6 7 8 10 -5 -2 -7 13 -13
right_child=5 -3 3 4 -6 11 -8 -9 -10 -11 -12 12 -14 -15
leaf_value=-0.18465719818527868 0.0023838573679067208 -0.39959695320890476 -0.013459441993763884 0.21702977453564609 1.347363604094538 0.0019033037907700567 0.13176137500165225 0.03567249665514384 -0.98217929026478545 -0.010473120391898901 -0.46767174104573173 -0.082220176269627007 -0.48681862297325434 0.25977060757012516
leaf_weight=80 40 60 69 150 48 2756 59 40 52 54 41 236 40 83
leaf_count=80 40 60 69 150 48 2756 59 40 52 54 41 236 40 83
internal_value=-0.000204778 0.00344156 0.00514925 0.00754658 0.0104348 -0.000707885 -0.00643777 -0.00982759 -0.0136567 0.00731707 -0.00768293 -0.000279204 -0.00425 -0.00178125
internal_weight=3808 461 401 321 252 3347 232 173 133 204 81 3115 359 319
internal_count=3808 461 401 321 252 3347 232 173 133 204 81 3115 359 319
is_linear=0
shrinkage=0.03


Tree=356
num_leaves=15
num_cat=0
split_feature=3 22 28 14 28 58 14 68 17 70 29 22 0 43
split_gain=8.12617 9.89169 9.78111 7.64712 8.45768 8.31729 10.4528 7.76717 11.7953 9.25967 15.5213 13.4049 12.1959 10.3472
threshold=21.125000000000004 11.32855796813965 133.50000000000003 51.094293393301065 250.50000000000003 1470.128134608269 96.809017533079938 0.34940822472174987 26.500000000000004 0.90454545454545465 0.8812642694063928 3.8350183963775639 -60.499999999999993 261.66019297403756
decision_type=2 2 2 8 2 10 8 10 2 8 10 2 2 10
left_child=3 2 -2 4 -1 6 -5 9 -9 10 12 -12 -8 -13
right_child=1 -3 -4 5 -6 -7 7 8 -10 -11 11 13 -14 -15
leaf_value=0.03065659611752912 1.3620067836318179 -0.17952784859461141 0.071739269209173867 -0.31241106527149887 0.29490431185952559 -0.050265653506526252 -0.96062690235689074 0.023249112479669449 -0.63924096564320354 -0.0093714792535781292 0.0020167964765078314 0.063153790417622521 0.005309774708220711 0.77583918745270997
leaf_weight=235 42 41 264 70 69 190 56 51 63 2112 118 86 357 113
leaf_count=235 42 41 264 70 69 190 56 51 63 2112 118 86 357 113
internal_value=2.32678e-05 0.00439655 0.00625407 -0.000408975 0.00413115 -0.000839291 -0.000455897 -0.000182618 -0.00782609 0.000126627 0.00303694 0.00801887 -0.000797101 0.01275
internal_weight=3867 347 306 3520 304 3216 3026 2956 114 2842 730 317 413 199
internal_count=3867 347 306 3520 304 3216 3026 2956 114 2842 730 317 413 199
is_linear=0
shrinkage=0.03


Tree=357
num_leaves=15
num_cat=0
split_feature=79 17 68 16 43 29 8 22 67 39 40 17 53 51
split_gain=7.74598 10.4628 9.46291 8.60519 9.40868 6.98752 6.94712 8.88966 6.30896 6.90535 11.4409 10.1638 8.88789 11.7842
threshold=63.183686050230783 5.0000000000000009 -0.13709970557503828 45.500000000000007 490.42671549149583 0.92137284725970281 7.6095631558242802 2.8192082643508916 714.9628298099226 2364.198827776172 1207.9853058364151 19.500000000000004 6.5000000000000009 125.53867006301881
decision_type=10 2 8 2 8 10 10 2 10 10 10 2 10 10
left_child=1 5 -2 6 -5 -1 8 -8 9 -3 11 -11 -13 -14
right_child=2 3 -4 4 -6 -7 7 -9 -10 10 -12 12 13 -15
leaf_value=-0.029723430639452601 0.19972815206550359 0.014758693706556157 -0.039986561030397973 0.56154327300585449 0.0026044231262335 -0.36576586625100571 0.45760630683349757 -0.077996128686881688 0.6333581977735554 0.102992037385293 0.019662767069807838 -0.97157583296633987 -0.1907784690222267 0.22034765302951639
leaf_weight=50 40 1970 246 43 71 48 40 41 79 71 381 83 594 71
leaf_count=50 40 1970 246 43 71 48 40 41 79 71 381 83 594 71
internal_value=0.000141029 0.000524979 -0.0045993 0.000801161 0.00886957 -0.00909091 0.000522366 0.00914634 0.000304615 9.46074e-05 -0.00169858 -0.00369512 -0.0047263 -0.00355856
internal_weight=3828 3542 286 3444 114 98 3330 81 3249 3170 1200 819 748 665
internal_count=3828 3542 286 3444 114 98 3330 81 3249 3170 1200 819 748 665
is_linear=0
shrinkage=0.03


Tree=358
num_leaves=15
num_cat=0
split_feature=1 4 14 3 43 43 71 33 16 22 36 16 84 50
split_gain=6.09633 15.5585 11.3837 11.4979 8.05011 8.56358 7.84237 12.4542 11.0623 10.1117 16.438 14.0222 12.161 9.25556
threshold=625.07315599918377 7.5000000000000009 477.2079353694466 11.791666666656967 8.0753449450342316 30.616615625139936 13.500000000000002 22.578235294117651 6.5000000000000009 6.1142140626907358 0.54366895499618628 19.500000000000004 -24.10785810152689 325.74001967906958
decision_type=2 2 8 2 8 8 8 10 2 2 10 2 10 10
left_child=1 2 3 -1 -2 -6 9 -8 -9 13 11 12 -11 -7
right_child=4 -3 -4 -5 5 6 7 8 -10 10 -12 -13 -14 -15
leaf_value=0.44415770403868909 0.16863999206484875 0.18747898778435396 -0.49169898361677689 -0.052276365207340858 -0.048571075709864908 -0.026247180823806601 0.0056217910722746933 -0.033898769570473754 0.76981467198151532 -0.010141827146717216 0.71793079869942988 -0.1059048445360856 0.73204709512121713 -0.15791120258434119
leaf_weight=73 49 277 72 135 273 839 1210 47 91 239 107 167 100 125
leaf_count=73 49 277 72 135 273 839 1210 47 91 239 107 167 100 125
internal_value=-4.73062e-05 0.00284946 -0.00213523 0.00143541 -0.000544951 -0.000731479 -0.000256323 0.00142328 0.00992806 -0.00169202 0.00131922 -0.000946746 0.00255882 -0.00360622
internal_weight=3804 557 280 208 3247 3198 2925 1348 138 1577 613 506 339 964
internal_count=3804 557 280 208 3247 3198 2925 1348 138 1577 613 506 339 964
is_linear=0
shrinkage=0.03


Tree=359
num_leaves=15
num_cat=0
split_feature=3 85 84 80 17 53 8 3 85 62 35 70 73 81
split_gain=6.60701 17.6404 15.6759 9.14857 8.52555 8.34669 5.2444 11.8386 9.64265 12.355 9.1896 5.95283 5.91397 9.89692
threshold=21.125000000000004 -57.62300914525985 -1.1875472068786619 28.442380547523502 39.500000000000007 9.5000000000000018 6.0885345621350027 15.791666666656967 -118.22305071353911 -0.096242665792828849 21.041277248400998 0.17914438502673799 -32.592731237411492 8338.3811569213885
decision_type=2 8 10 8 2 10 10 2 10 10 8 10 8 8
left_child=6 -2 3 -3 -5 -4 12 8 9 11 -10 -8 13 -1
right_child=1 2 5 4 -6 -7 7 -9 10 -11 -12 -13 -14 -15
leaf_value=0.50407475621333153 1.2914716193024076 -0.60703913461866588 0.030595799228389422 0.68213874728360602 -0.10861584765640202 1.56875385436467 0.00041884310577055644 0.70034040729194913 0.010339227646246627 -0.089172406683671282 -0.49533890449808871 0.39045827384519477 -0.01174247864989192 -0.039459100185932884
leaf_weight=47 43 53 63 52 86 61 46 57 45 63 47 57 3068 44
leaf_count=47 43 53 63 52 86 61 46 57 45 63 47 57 3068 44
internal_value=-0.00053222 0.00334262 0.00085443 -0.00453125 -0.000431655 0.00912 -0.000932374 0.00275316 0 0.00431138 -0.00774194 0.0106731 -0.00130063 0.00619565
internal_weight=3832 358 315 191 138 124 3474 315 258 166 92 103 3159 91
internal_count=3832 358 315 191 138 124 3474 315 258 166 92 103 3159 91
is_linear=0
shrinkage=0.03


Tree=360
num_leaves=15
num_cat=0
split_feature=43 52 3 17 16 35 77 26 56 32 50 25 37 32
split_gain=6.04672 5.93868 8.35221 10.643 7.76333 15.6713 8.19034 8.63217 18.4343 9.84333 9.42528 9.37221 8.81763 8.17502
threshold=8.0753449450342316 101.03670430183412 0.45833333334303467 6.5000000000000009 6.5000000000000009 11.173257080610023 -146.72816359996793 63.500000000000007 4.3119398355484018 0.267948717948718 1785.9874377250674 0.93288288288288301 1266.4798150080712 0.3816526610644258
decision_type=8 8 2 2 2 10 10 2 10 8 10 10 8 10
left_child=-1 2 -2 -4 5 -3 -6 8 -8 -9 -10 12 -11 -7
right_child=1 4 3 -5 6 13 7 9 10 11 -12 -13 -14 -15
leaf_value=0.12589530891793826 0.10750116602224882 0.43054646010870073 -0.36442670866837179 -0.011232970405040418 0.025151185188199782 0.037330961640666897 -0.81065273986298692 -0.20887651236246207 0.058180537151073818 -0.38052729402849517 -0.29782951541880981 0.3347738226688195 0.02551478018497148 -0.15272402414069866
leaf_weight=44 50 58 74 2063 690 164 49 114 71 104 62 150 103 40
leaf_count=44 50 58 74 2063 690 164 49 114 71 104 62 150 103 40
internal_value=-0.000265833 -0.000395465 -0.00141225 -0.00169785 0.000990037 0.00570342 6.69643e-05 -0.00233945 -0.00786885 -0.000190678 -0.00201493 0.00226257 -0.001875 0.0017561
internal_weight=3836 3792 2187 2137 1605 262 1343 653 182 471 133 357 207 204
internal_count=3836 3792 2187 2137 1605 262 1343 653 182 471 133 357 207 204
is_linear=0
shrinkage=0.03


Tree=361
num_leaves=15
num_cat=0
split_feature=65 66 79 0 48 34 71 27 85 0 17 66 6 48
split_gain=5.65922 6.21762 7.51863 5.84817 13.7548 11.7514 9.94368 10.006 9.04336 11.5432 9.80582 9.69294 7.8816 8.80037
threshold=1.1735353986299786 -66.951850652694688 8.7189081839196536 89.500000000000014 5.5892210006713876 0.1925393883225209 7.5000000000000009 0.93521849187316819 25.188661297162373 262.50000000000006 35.000000000000007 143.50935471057895 690.00000000000011 146.9130173126857
decision_type=10 10 10 2 10 10 8 10 10 2 2 8 10 10
left_child=3 2 -2 -1 -5 8 7 -7 9 -6 -10 -12 -8 -14
right_child=1 -3 -4 4 5 6 12 -9 10 -11 11 -13 13 -15
leaf_value=-0.0098820511583430463 -0.46127411316255218 -0.41232187665569314 0.055097460789015153 0.92722290708853361 0.61116129467447378 1.0943332170471696 0.02429222150433958 -0.0098428064825587559 0.62925995581991401 -0.014672821912470864 0.074700051108810686 -0.70422711957067985 -0.40718949163279161 -0.0067547338936557819
leaf_weight=2523 46 57 51 56 106 43 250 41 51 50 44 55 223 244
leaf_count=2523 46 57 51 56 106 43 250 41 51 50 44 55 223 244
internal_value=-0.000577974 -0.00619355 -0.00153061 -0.000341741 0.00141753 0.000676895 -0.00123441 0.00847059 0.00566775 0.0107006 0.000397351 -0.0051 -0.00238162 -0.00467949
internal_weight=3840 154 97 3686 1163 1107 801 84 306 156 150 99 717 467
internal_count=3840 154 97 3686 1163 1107 801 84 306 156 150 99 717 467
is_linear=0
shrinkage=0.03


Tree=362
num_leaves=15
num_cat=0
split_feature=1 44 69 48 0 29 80 72 85 29 57 85 80 65
split_gain=8.2877 7.62834 6.51598 6.31533 8.08733 5.91645 14.1927 10.7972 10.3506 9.50181 14.727 13.7279 12.7205 17.3898
threshold=838.02790760993969 88.209543108940139 -377.27270027532171 430.29954373836523 409.00000000000006 0.89716955941255017 -101.50122702121733 -111.31669497489928 -191.6387451291084 0.88654221231540831 6.5000000000000009 222.95401358604434 -73.367884039878831 1.014679103505556
decision_type=2 10 8 10 2 10 8 10 8 10 10 10 10 8
left_child=2 -2 -1 4 5 8 7 -7 -4 11 -11 12 13 -10
right_child=1 -3 3 -5 -6 6 -8 -9 9 10 -12 -13 -14 -15
leaf_value=0.71812506588729264 0.091785804758346995 -0.28993647860147326 -0.29558970725690992 -0.4879978823384899 1.4939216798439752 0.47017016935201361 0.0054243747530308894 -0.050104374409038706 -0.19464199561670084 0.51774427805941692 -0.29453231429945598 -0.67147537004974034 0.05384603655352535 0.0070925480251037417
leaf_weight=51 45 71 114 42 46 112 2058 51 129 41 220 63 399 426
leaf_count=51 45 71 114 42 46 112 2058 51 129 41 220 63 399 426
internal_value=0.000170587 -0.00769231 0.000415667 0.000267423 0.000401639 0.00024073 0.00120162 0.00969512 -0.00129218 -0.000516028 -0.00561069 0.000795678 0.00169634 -0.00124101
internal_weight=3868 116 3752 3701 3659 3613 2221 163 1392 1278 261 1017 954 555
internal_count=3868 116 3752 3701 3659 3613 2221 163 1392 1278 261 1017 954 555
is_linear=0
shrinkage=0.03


Tree=363
num_leaves=15
num_cat=0
split_feature=62 23 68 84 3 56 76 17 59 84 38 80 71 23
split_gain=6.50895 10.2919 11.9489 11.0925 9.35638 11.9084 14.4688 11.8742 10.5199 9.48103 9.2987 9.21586 8.42814 10.255
threshold=-0.12141781434491902 92.44314014911653 -0.10173851193393131 -98.278627614180223 10.291666666656967 95.322244564692198 272.75333487987524 36.500000000000007 -184.06718993186948 -76.188870429992662 1767.102455325796 94.218508958816543 7.5000000000000009 3.8332028388977055
decision_type=10 10 8 10 2 10 10 2 10 8 10 8 10 10
left_child=-1 2 3 -2 5 6 7 -4 -7 -6 -11 -9 -12 -14
right_child=1 -3 4 -5 9 8 -8 11 -10 10 12 -13 13 -15
leaf_value=0.011218700953382597 0.007696996883929756 0.19919149621846932 -0.64511564490664763 -0.54840556242106331 -0.089664017552344141 -0.10201270818351708 0.26967433247945327 0.18310793750354293 0.16894788668752611 -0.15952661363132026 0.904628724474557 -0.27567120014048946 0.087336126071176079 -0.010631919132719075
leaf_weight=1672 55 41 130 83 357 57 73 82 147 100 71 129 349 467
leaf_count=1672 55 41 130 83 357 57 73 82 147 100 71 129 349 467
internal_value=-3.93288e-05 -0.00113445 -0.00142789 -0.00992806 -0.000825267 -0.00387722 -0.00679518 -0.00938596 0.00204878 0.000579926 0.00209514 -0.00495283 0.00307432 0.00220318
internal_weight=3813 2141 2100 138 1962 618 414 341 204 1344 987 211 887 816
internal_count=3813 2141 2100 138 1962 618 414 341 204 1344 987 211 887 816
is_linear=0
shrinkage=0.03


Tree=364
num_leaves=15
num_cat=0
split_feature=3 62 52 31 34 84 8 39 52 85 3 70 67 3
split_gain=6.75596 10.6821 10.0248 7.51584 12.6514 11.2466 10.4142 14.1182 10.9429 9.3382 10.0334 8.85426 8.61004 8.57105
threshold=5.4583333333430355 -0.077534356286400721 39.190141081810005 13.248333333333337 0.30368906455862982 -199.34875261783597 4.1462990685532128 3616.6430389380507 11.600558519363405 -28.389277736345928 14.708333333343036 0.87083333333333346 101.24833764135842 16.708333333343038
decision_type=2 8 8 8 10 8 10 10 10 10 2 10 10 2
left_child=1 -1 -3 6 5 -5 8 11 -2 -6 -11 -8 -13 -10
right_child=3 2 -4 4 9 -7 7 -9 13 10 -12 12 -14 -15
leaf_value=0.083167992117760603 -0.26430709186743706 -0.30404144040948261 -0.019924368890141011 0.14844922426908072 -0.35907901623532679 -0.0021954738925083462 1.0631380549120515 -0.11186422368779105 0.065307767506407544 -0.35019026367084177 0.25808351947140179 0.51214202205120241 -0.015200251277926497 -0.024245541513826047
leaf_weight=74 90 52 225 78 120 1525 86 125 734 56 69 142 62 404
leaf_count=74 90 52 225 78 120 1525 86 125 734 56 69 142 62 404
internal_value=0.000296643 -0.00366477 -0.00636691 0.000695876 -0.000616549 0.000355362 0.00217153 0.00627404 0.000781123 -0.00695122 -0.00119048 0.00989691 0.00643902 0.00158033
internal_weight=3842 351 277 3491 1848 1603 1643 415 1228 245 125 290 204 1138
internal_count=3842 351 277 3491 1848 1603 1643 415 1228 245 125 290 204 1138
is_linear=0
shrinkage=0.03


Tree=365
num_leaves=15
num_cat=0
split_feature=13 3 4 27 0 29 14 28 82 84 34 81 81 82
split_gain=6.09753 5.84307 5.85684 14.5357 12.5249 14.0796 11.775 11.4122 10.3841 11.4739 9.28149 13.1182 12.0064 9.13087
threshold=6030.0000000000009 23.541666666656969 7.5000000000000009 0.92483376070233392 115.50000000000001 0.93885340395700279 1.0000000180025095e-35 127.50000000000001 147.77504696448645 109.17838752269746 0.29758481886141469 3616.6289366483693 5543.6277067661294 101.73115599155427
decision_type=8 2 2 10 2 10 10 2 10 10 10 10 10 10
left_child=1 2 3 6 5 13 -1 -7 9 -5 -6 -12 -13 -4
right_child=-2 -3 4 8 10 7 -8 -9 -10 -11 11 12 -14 -15
leaf_value=0.1418845806422584 -0.13433032148023893 -0.17509950805908148 0.0021793639239190209 0.077816638375496572 0.77655555483070715 0.80928937772196186 -0.044136049021203827 -0.2277667211697097 -0.28600034433566351 -0.38573625471696449 -0.40390638068569046 0.75087673358368756 -0.065308524708880641 0.20822512631708265
leaf_weight=113 44 69 930 614 208 40 1067 218 47 42 74 50 51 200
leaf_count=113 44 69 930 614 208 40 1067 218 47 42 74 50 51 200
internal_value=0.00031051 0.000443072 0.000607387 -0.000557325 0.00184537 0.000518359 -0.00259102 -0.00579151 0.00285511 0.00383562 0.00664062 0.00153409 0.00852941 0.00196286
internal_weight=3767 3723 3654 1883 1771 1388 1180 258 703 656 383 175 101 1130
internal_count=3767 3723 3654 1883 1771 1388 1180 258 703 656 383 175 101 1130
is_linear=0
shrinkage=0.03


Tree=366
num_leaves=15
num_cat=0
split_feature=41 42 77 7 77 34 56 77 80 62 73 80 37 34
split_gain=7.57591 14.3331 9.77869 9.39783 12.3613 11.4121 11.2858 14.9073 9.09692 11.7478 8.95452 7.73383 7.17905 7.63616
threshold=-70.736657738685594 -50.331292748451226 -149.80711764097211 3250.4985141851143 -204.02106446027753 0.24626532887402455 -102.49418592453002 -235.36567074060437 7.2814961671829233 -0.17255199262893636 3.770610094070435 -17.863368153572079 1396.9724428773147 0.13574938574938578
decision_type=10 10 8 8 10 10 8 8 10 10 10 10 8 10
left_child=3 2 -2 6 5 -5 8 -8 10 -10 -1 -9 -6 -14
right_child=1 -3 -4 4 12 -7 7 11 9 -11 -12 -13 13 -15
leaf_value=0.59437312757337235 0.020458455990180865 -0.0022435364817702209 -0.42827871952603341 0.35337009337025649 -0.95105357197126517 -0.045265029322801735 -0.083589023853191974 0.046433485646896346 0.037439060525838418 -0.84769817408741066 -0.0073289893177980753 0.69980896524378111 -0.36806934725877649 0.037907360670085023
leaf_weight=71 77 2838 141 63 40 87 48 99 44 45 118 80 43 49
leaf_count=71 77 2838 141 63 40 87 48 99 44 45 118 80 43 49
internal_value=-0.000148283 -0.000824338 -0.00821918 0.00247462 -0.00190813 0.00397351 0.00492095 0.00986842 0.000860215 -0.007 0.00457895 0.0138333 -0.00857143 -0.00387097
internal_weight=3843 3056 218 787 282 150 505 227 278 89 189 179 132 92
internal_count=3843 3056 218 787 282 150 505 227 278 89 189 179 132 92
is_linear=0
shrinkage=0.03


Tree=367
num_leaves=15
num_cat=0
split_feature=1 4 59 65 82 1 30 67 30 61 75 76 59 43
split_gain=8.51715 8.82712 8.98449 8.0358 7.14654 6.74913 6.37206 8.62278 8.27125 5.84316 5.62769 7.44859 8.72559 5.46421
threshold=627.41329634189617 8.5000000000000018 -153.32298099994657 1.107640747696482 29.290069540341701 607.54545378685009 15.850000000000003 134.06569338747957 26.050000000000004 0.0016754868121703467 3391.6434593200688 2579.2370430231099 -1982.3332028388975 33.377477982750797
decision_type=2 2 8 10 10 2 10 8 10 10 10 10 8 8
left_child=1 2 5 6 -3 -1 7 -4 -8 -9 11 12 -2 -14
right_child=10 4 3 -5 -6 -7 8 9 -10 -11 -12 -13 13 -15
leaf_value=0.066952776769289235 -0.1071169094120681 0.3567900956178619 -0.12832593375272205 -0.23127872238319597 0.0091106458229710443 -0.3191129657041053 0.65412850512133092 0.0085427862814849934 0.04695549223696787 0.49070163645245668 -0.25523758665377427 0.2081822790401647 -0.069383331646973828 -0.0007865657591515561
leaf_weight=47 73 85 79 43 76 80 61 77 81 63 67 74 319 2644
leaf_count=47 73 85 79 43 76 80 61 77 81 63 67 74 319 2644
internal_value=-6.97674e-05 0.00294372 0.00107143 0.00325926 0.00907407 -0.00585938 0.00472376 0.0015 0.00965035 0.00595745 -0.000726872 -0.000540019 -0.000770497 -0.000516194
internal_weight=3869 692 531 404 161 127 361 219 142 140 3177 3110 3036 2963
internal_count=3869 692 531 404 161 127 361 219 142 140 3177 3110 3036 2963
is_linear=0
shrinkage=0.03


Tree=368
num_leaves=15
num_cat=0
split_feature=28 31 75 17 62 66 23 9 61 28 83 72 75 3
split_gain=5.61381 11.842 14.3607 17.4208 12.8548 15.0214 13.6631 12.8089 11.4106 11.3466 11.3084 11.005 10.8556 9.57909
threshold=223.50000000000003 11.951470588235297 36.061706423759468 6.5000000000000009 0.053170915822001084 7.7112193107604989 1.8332028388977053 150.00000000000003 0.66961352546104502 183.50000000000003 3.1215480566024785 -16.542590379714962 54.143563508987434 17.375000000000004
decision_type=2 10 8 2 10 10 10 2 8 2 8 10 8 2
left_child=9 12 3 -3 6 -6 13 10 -7 -1 -8 -11 -2 -4
right_child=1 2 4 -5 5 8 7 -9 -10 11 -12 -13 -14 -15
leaf_value=0.0020754200405708884 -0.034982573171298874 -0.11720513436388583 0.026036709129600384 0.50932661753240138 -0.56310459345603769 -0.6178781070160696 0.64050733063552601 -0.57936762389602747 0.56951221468649571 -0.023467660627717563 -0.0079943412046200365 -0.45129753429131025 0.14492524389963982 0.5011286056931018
leaf_weight=1886 120 45 69 110 77 81 45 141 40 494 120 113 487 40
leaf_count=1886 120 45 69 110 77 81 45 141 40 494 120 113 487 40
internal_value=-7.75394e-05 0.00146076 -0.0010143 0.00711538 -0.00307818 -0.00934673 -7.21154e-05 -0.00332248 -0.00270492 -0.000926223 0.0023494 -0.00449013 0.00458882 0.009
internal_weight=3868 1375 768 155 613 198 415 306 121 2493 165 607 607 109
internal_count=3868 1375 768 155 613 198 415 306 121 2493 165 607 607 109
is_linear=0
shrinkage=0.03


Tree=369
num_leaves=15
num_cat=0
split_feature=79 3 43 4 31 44 69 34 56 49 3 66 35 53
split_gain=8.18332 8.779 6.69664 12.3234 14.243 12.1418 11.0531 11.5495 10.4691 12.2368 11.5647 10.2108 9.20021 9.05542
threshold=396.46469057803557 19.208333333343038 585.69449131104363 7.5000000000000009 29.552777777777781 12.662662625312807 -211.6944670027693 0.23310502283105025 -13.157297094662981 7.5000000000000009 12.125000000000002 130.08650565147403 10.131225851773797 2.5000000000000004
decision_type=10 2 10 2 10 10 8 8 10 8 2 10 10 8
left_child=2 -2 6 5 8 -4 -1 -8 9 -5 12 -12 -10 -9
right_child=1 -3 3 4 -6 -7 7 13 10 -11 11 -13 -14 -15
leaf_value=0.23531565412726432 -0.0059169346210823544 -0.25925392049278601 0.03997179816458761 -0.73567513189608746 -0.54955534739649703 -0.1038457587455697 0.036422337262080419 0.19708681757700985 0.2021551762024992 0.0068503916313846468 1.8256401149873149 0.14999763745708508 -0.12705069685218062 -0.021163071341241988
leaf_weight=198 138 42 45 47 44 490 904 104 43 141 71 84 96 1450
leaf_count=198 138 42 45 47 44 490 904 104 43 141 71 84 96 1450
internal_value=-6.92663e-05 -0.00629834 0.000233997 -0.00177966 0.00148008 -0.00498134 0.00103877 0.000488003 0.00298137 -0.00253968 0.00650847 0.0121154 0.000214286 -0.00108039
internal_weight=3897 180 3717 1061 526 535 2656 2458 482 188 294 155 139 1554
internal_count=3897 180 3717 1061 526 535 2656 2458 482 188 294 155 139 1554
is_linear=0
shrinkage=0.03


Tree=370
num_leaves=15
num_cat=0
split_feature=1 79 83 40 82 82 28 28 68 14 45 20 26 14
split_gain=9.04716 5.98595 9.66763 8.57246 8.48117 9.75315 11.9298 10.7959 9.94211 8.18663 6.47929 6.44803 10.2158 7.80672
threshold=838.02790760993969 396.46469057803557 419.96287250518805 731.19853724617894 -150.37561261653897 -72.655928909778581 226.50000000000003 162.50000000000003 -0.046141318826556844 287.16105410712788 7.5000000000000009 598.02790760993969 142.50000000000003 51.094293393301065
decision_type=2 10 10 10 8 8 2 2 10 10 10 10 2 10
left_child=1 2 4 -3 10 6 7 -6 -8 -9 -1 -7 13 -13
right_child=-2 3 -4 -5 5 11 8 9 -10 -11 -12 12 -14 -15
leaf_value=0.22766532602794681 -0.079016448019747346 -0.62279997402317577 1.1452197719364638 -0.00022315560647063746 0.17039333981058136 0.0068688028718908532 0.48782963553979791 -0.11268578392229951 -0.063224989787745753 -0.9087747324235721 -0.0088845453517879484 -0.050856334701310818 0.31216605183625562 -0.47962965541753744
leaf_weight=79 116 56 46 105 45 2840 40 50 55 96 42 107 45 81
leaf_count=79 116 56 46 105 45 2840 40 50 55 96 42 107 45 81
internal_value=7.88644e-06 0.000268438 0.00052736 -0.00537037 0.000344729 6.25e-05 -0.00522648 -0.00953125 0.0034375 -0.0134694 0.00811475 0.000556278 -0.00423077 -0.00730159
internal_weight=3803 3687 3526 161 3480 3359 286 191 95 146 121 3073 233 188
internal_count=3803 3687 3526 161 3480 3359 286 191 95 146 121 3073 233 188
is_linear=0
shrinkage=0.03


Tree=371
num_leaves=15
num_cat=0
split_feature=16 53 4 3 30 37 30 22 31 67 68 45 77 28
split_gain=9.99092 8.56943 6.49973 8.55984 9.1835 7.74691 13.1016 13.17 9.40885 18.7954 12.5157 9.86939 10.8951 9.03826
threshold=1.0000000180025095e-35 8.5000000000000018 9.5000000000000018 8.2083333333430364 12.750000000000002 1357.4591758310996 22.450000000000003 7.0342426300048837 18.011111111111116 204.69094971319041 -0.12188381605805008 9.5000000000000018 -43.542308747768395 139.50000000000003
decision_type=2 8 2 2 10 10 8 2 10 10 10 10 10 2
left_child=1 -1 5 -4 -5 6 -2 -8 10 13 -7 12 -12 -10
right_child=2 -3 3 4 -6 8 7 -9 9 -11 11 -13 -14 -15
leaf_value=-0.54263690911035767 -0.00059690524312500765 0.01386768575274905 -0.013081095712319567 1.0358275053240229 0.028041780177211244 0.35644515150620604 -0.31304511024155507 0.0099099493528299835 0.033320159391516536 0.55858870201457245 0.011197892521719943 0.47812886596593157 -0.31921980512243098 -0.11679636472007046
leaf_weight=75 1597 61 108 55 52 234 191 118 158 109 395 109 66 473
leaf_count=75 1597 61 108 55 52 234 191 118 158 109 395 109 66 473
internal_value=7.10153e-05 -0.00788321 0.000368249 0.00541667 0.0113889 5.21588e-05 -0.00122706 -0.00687097 0.00163107 -0.000809717 0.00387578 0.0014711 -0.000454545 -0.00280063
internal_weight=3801 136 3665 215 107 3450 1906 309 1544 740 804 570 461 631
internal_count=3801 136 3665 215 107 3450 1906 309 1544 740 804 570 461 631
is_linear=0
shrinkage=0.03


Tree=372
num_leaves=15
num_cat=0
split_feature=1 3 68 61 3 45 66 3 66 85 14 69 61 48
split_gain=7.01149 8.61799 12.3082 8.88981 10.0813 8.95746 11.8319 10.989 13.7619 9.78508 11.7575 10.5074 10.0787 10.0454
threshold=666.52870881557476 8.4583333333430364 -0.057552277659316933 0.0065828563247955635 15.125000000000002 7.5000000000000009 -32.344852685928338 9.5416666666569672 112.14658272266389 162.27294830481213 625.01530947872527 144.92814611641825 0.31589703879993664 157.26073670387271
decision_type=2 2 8 8 2 8 10 2 8 8 10 10 8 10
left_child=1 2 -1 4 -3 6 -5 -7 -9 13 11 -11 -13 -10
right_child=-2 3 -4 5 -6 7 -8 8 9 10 -12 12 -14 -15
leaf_value=0.4583963617644421 -0.01112670217946787 -0.022044137064247307 0.0099408044505124946 -0.011205532201846323 0.18277746563357924 -0.41048032664039108 -0.4341307311039263 0.15313993994988417 -0.0095629892998468687 0.005453676211522449 -0.18068249589194707 1.1121414960770408 0.17232247455597643 -0.70084500913145931
leaf_weight=156 1361 69 420 555 110 67 97 292 299 159 65 45 73 62
leaf_count=156 1361 69 420 555 110 67 97 292 299 159 65 45 73 62
internal_value=0.000516836 0.00146964 0.00467938 0.000491024 0.00683333 -0.000174927 -0.00294028 0.00152399 0.00231928 4.26136e-05 0.00367347 0.00636691 0.0131092 -0.00339779
internal_weight=3830 2469 576 1893 179 1714 652 1062 995 703 342 277 118 361
internal_count=3830 2469 576 1893 179 1714 652 1062 995 703 342 277 118 361
is_linear=0
shrinkage=0.03


Tree=373
num_leaves=15
num_cat=0
split_feature=72 59 66 27 31 84 36 0 60 40 70 34 28 68
split_gain=9.14147 6.54447 10.8969 10.5081 9.06544 11.0757 7.57058 7.5097 8.13627 9.66819 8.12039 13.7289 10.2171 13.0098
threshold=-189.41540086269376 151.37168741226199 -301.5292574167251 0.96725141719013341 11.717142857142859 55.657067100207023 0.97700845665961955 427.50000000000006 355.8108407258988 2129.9205951004419 0.8973684210526317 0.080322580645161304 204.50000000000003 -0.20227084651936897
decision_type=8 8 8 10 8 10 10 2 10 10 8 8 2 8
left_child=-1 6 -3 4 5 -4 7 8 10 -10 -2 -12 -13 -14
right_child=1 2 3 -5 -6 -7 -8 -9 9 -11 11 12 13 -15
leaf_value=0.32105110358940764 0.0092198291745361153 -1.0928278196772581 0.51702496440553714 -0.039822357848004156 0.011113377516451948 -0.015001744190338185 0.14028001613999458 1.3501019805713947 -0.095596444085272764 -0.33981018160392595 0.06256796207229047 -0.090000872539596835 -0.48915295977490569 0.0039659893493762862
leaf_weight=71 722 44 140 185 275 40 135 42 117 56 117 873 103 912
leaf_count=71 722 44 140 185 275 40 135 42 117 56 117 873 103 912
internal_value=-0.000172189 -0.000374801 0.00227737 0.00327613 0.00572368 0.0109392 -0.000964912 -0.0012844 -0.00146846 -0.00775862 -0.00106672 -0.00204885 -0.00266808 -0.000620079
internal_weight=3832 3761 684 640 455 180 3077 2942 2900 173 2727 2005 1888 1015
internal_count=3832 3761 684 640 455 180 3077 2942 2900 173 2727 2005 1888 1015
is_linear=0
shrinkage=0.03


Tree=374
num_leaves=15
num_cat=0
split_feature=43 14 3 42 83 56 66 3 26 66 13 27 5 83
split_gain=6.42652 9.87023 11.2011 13.2638 9.65367 14.0959 7.39069 10.8864 6.97988 6.9747 6.83993 6.37621 13.5286 9.68329
threshold=30.616615625139936 199.33137394097693 5.7083333333430355 -126.31515848636626 71.046202778816237 90.313267509142563 698.59539151191723 11.208333333343036 100.50000000000001 552.74238443374645 1800.0000000000002 0.88107024988213112 124.06718993186952 55.831604480743415
decision_type=10 10 2 10 10 10 10 2 2 10 8 10 10 10
left_child=1 10 -3 -4 5 8 9 -8 -5 11 -1 12 13 -2
right_child=6 2 3 4 -6 -7 7 -9 -10 -11 -12 -13 -14 -15
leaf_value=-0.38682597065961882 0.0057382223121581677 -0.21657441769823199 0.9304981806992263 -0.36774615252880805 -0.32543067472800741 0.34628294810618826 0.029932499310613633 -0.70909893242013577 0.11653676299177558 0.095765790160928482 -0.018620075625590177 0.018557230441157129 -0.19243294433655969 -0.043550855143021178
leaf_weight=74 718 46 40 80 61 49 46 59 65 53 46 2235 121 137
leaf_count=74 718 46 40 80 61 49 46 59 65 53 46 2235 121 137
internal_value=0.000266249 -0.00305195 -0.000438596 0.00172297 -0.000820312 0.00246154 0.000721068 -0.00707547 -0.00226027 0.000973966 -0.0104132 0.000793898 -0.00122825 0.00010514
internal_weight=3830 461 341 295 255 194 3369 105 145 3264 120 3211 976 855
internal_count=3830 461 341 295 255 194 3369 105 145 3264 120 3211 976 855
is_linear=0
shrinkage=0.03


Tree=375
num_leaves=15
num_cat=0
split_feature=43 52 43 77 69 25 37 52 73 28 16 8 77 60
split_gain=6.2204 6.60863 10.7208 11.3534 10.8355 11.2657 6.21109 5.85363 8.43875 7.43765 8.92511 5.72074 4.86763 9.71673
threshold=8.0753449450342316 18.17780697345734 712.0570246125352 -104.70194643735884 40.294756212683978 0.93166251556662527 1460.5376049652061 25.389671206474308 7.1756527423858651 192.50000000000003 8.5000000000000018 7.9263058607597712 -286.91039746999735 120.10908091068269
decision_type=8 8 10 10 10 10 10 8 8 2 2 10 8 8
left_child=-1 2 4 -4 5 6 -2 8 -3 -10 -11 12 13 -9
right_child=1 7 3 -5 -6 -7 -8 11 9 10 -12 -13 -14 -15
leaf_value=0.12377345424470544 -0.49833503564010961 -0.094918104246144705 0.23179689527511937 -0.10785598513227626 -0.37409163441265342 0.27822270233258767 0.0025997377954042377 0.00041830641885175267 0.018822796200040983 0.061888968822910888 1.0224047834707033 0.063080324810966371 0.0022870049009436856 -0.24567005110967799
leaf_weight=50 67 57 44 48 112 49 59 169 77 40 44 49 2849 85
leaf_count=50 67 57 44 48 112 49 59 169 77 40 44 49 2849 85
internal_value=0.000181579 4e-05 -0.00371053 0.00516129 -0.0065625 -0.001875 -0.00661417 0.000462771 0.00520548 0.0087037 0.0148235 0.000133206 -2.89948e-05 -0.004
internal_weight=3799 3749 379 92 287 175 126 3370 218 161 84 3152 3103 254
internal_count=3799 3749 379 92 287 175 126 3370 218 161 84 3152 3103 254
is_linear=0
shrinkage=0.03


Tree=376
num_leaves=15
num_cat=0
split_feature=67 64 16 39 63 8 77 27 8 35 68 64 3 3
split_gain=6.54055 6.13361 5.63383 8.06546 5.45869 9.40699 8.93797 7.9971 6.8255 12.4054 9.90323 8.96788 8.95815 11.5054
threshold=758.43548120771152 2.6854902946646462 47.500000000000007 1193.6626356383256 -241.11394063845037 4.9962871909592899 -156.58510196208951 0.89922011970255744 5.917610112545316 22.865336879432625 0.036799898664323635 7.0102943180184729 15.958333333343036 20.958333333343038
decision_type=10 8 2 10 8 8 10 10 10 10 10 10 2 2
left_child=1 -1 4 -4 5 6 7 -3 -6 12 11 -11 -10 -14
right_child=-2 2 3 -5 8 -7 -8 -9 9 10 -12 -13 13 -15
leaf_value=-0.33983406123145049 0.35145357742476496 0.15752692259592413 0.075667445320894478 -0.008261396815305088 -0.01077692830485958 -0.23897560163381398 0.79000910038102734 -0.12693901561439322 0.01592778596107209 -0.046186934939518767 -0.7984966678819041 0.099465794235560789 1.2852610803370217 0.093215790139744278
leaf_weight=50 69 41 68 60 2956 48 66 62 153 75 43 41 48 51
leaf_count=50 69 41 68 60 2956 48 66 62 153 75 43 41 48 51
internal_value=-8.61169e-05 -0.000255116 -0.000113116 0.00604651 -0.000334728 0.00426606 0.00758824 0.00201923 -0.000632423 0.00298544 -0.0035625 0.00102564 0.00711462 0.0141
internal_weight=3831 3762 3712 128 3584 217 169 103 3367 411 159 116 252 99
internal_count=3831 3762 3712 128 3584 217 169 103 3367 411 159 116 252 99
is_linear=0
shrinkage=0.03


Tree=377
num_leaves=15
num_cat=0
split_feature=83 26 77 81 48 48 20 48 36 17 17 63 25 77
split_gain=7.25667 6.45267 10.3584 12.0061 15.5008 9.65133 14.4024 12.4392 8.9803 11.8905 9.61841 12.7791 10.0931 12.2345
threshold=419.96287250518805 76.500000000000014 -153.83024227619168 8384.7217878103274 62.622362295786552 93.338217695554121 703.1989827156068 28.597831090291344 0.29449472096530926 5.0000000000000009 21.500000000000004 106.20331396902446 0.93788580246913589 -208.35183674097058
decision_type=10 2 8 10 10 10 8 10 10 2 2 10 10 10
left_child=1 2 5 -4 -5 7 -7 -1 9 -3 11 -10 -12 -14
right_child=-2 8 3 4 -6 6 -8 -9 10 -11 12 -13 13 -15
leaf_value=0.1177923025989551 0.91862023242394686 -0.26245731879593681 0.009334183382673231 -0.42544285600360016 0.024251911939411761 0.07775238696429651 -0.061281150945618403 1.2170372510972827 -0.048080843571106653 0.0055677514143788187 -0.31731656273099346 0.50437791861733761 -0.53318578313645881 0.099729809317189971
leaf_weight=110 51 75 539 105 97 67 72 71 79 1727 546 61 85 193
leaf_count=110 51 75 539 105 97 67 72 71 79 1727 546 61 85 193
internal_value=-0.000170147 -0.000321317 0.00166667 -0.000283019 -0.00650246 0.00616822 0.000214286 0.0107143 -0.00108421 0.000166389 -0.00341969 0.00382979 -0.00465455 0
internal_weight=3878 3827 1061 741 202 320 139 181 2766 1802 964 140 824 278
internal_count=3878 3827 1061 741 202 320 139 181 2766 1802 964 140 824 278
is_linear=0
shrinkage=0.03


Tree=378
num_leaves=15
num_cat=0
split_feature=73 61 24 77 15 29 24 63 41 65 41 48 61 27
split_gain=5.91151 6.5657 6.05676 6.77737 14.4591 16.9575 12.1121 11.1357 9.9644 10.132 9.83738 11.4205 11.5136 10.2984
threshold=-22.909306287765499 0.20220655938778692 84.500000000000014 -3.0912309288978572 26.500000000000004 0.40443979830279181 51.500000000000007 -48.482109387119671 -65.612006783485398 1.0578302872363379 45.230598330497749 92.74852053324382 0.97435057616570842 0.96828988005458605
decision_type=8 10 2 8 2 8 2 8 8 10 10 10 8 10
left_child=1 -1 3 4 5 -2 10 -6 -5 -10 -7 12 -12 -13
right_child=2 -3 -4 8 7 6 -8 -9 9 -11 11 13 -14 -15
leaf_value=0.0084463876394754948 -0.27680943413496778 0.47688423948572095 -0.18933498467982537 0.27773277350902392 -0.060063633443288605 -0.06162922757922569 -0.27272336861777036 0.14985500097096313 0.0099699596002259475 -0.17894690516450565 0.10083121528044472 -4.6560717109910137e-05 0.76777459984508667 -1.0513799619277147
leaf_weight=148 64 42 55 166 169 755 153 255 1144 99 231 412 74 48
leaf_count=148 64 42 55 166 169 755 153 255 1144 99 231 412 74 48
internal_value=-0.000117925 0.00502618 -0.000388858 -0.000235228 -0.00129047 -0.00250288 -0.00191756 0.00367059 0.00138298 0.000458199 -0.00110454 0.00129243 0.00578431 -0.00169197
internal_weight=3815 190 3625 3570 2161 1737 1673 424 1409 1243 1520 765 305 460
internal_count=3815 190 3625 3570 2161 1737 1673 424 1409 1243 1520 765 305 460
is_linear=0
shrinkage=0.03


Tree=379
num_leaves=15
num_cat=0
split_feature=7 16 16 82 38 3 3 77 81 58 3 15 39 61
split_gain=6.54014 8.11005 12.0317 9.40813 13.2925 8.09024 10.8339 14.1163 10.6049 7.85321 7.04368 16.1645 7.59423 10.2109
threshold=5123.2697457641034 44.500000000000007 41.500000000000007 -154.71361529827115 3277.5271339992591 23.125000000000004 21.125000000000004 34.022626459598548 4368.5585507154474 177.55865705013278 1.8750000000000002 24.500000000000004 2396.2808199483848 0.011353043115964289
decision_type=10 2 2 8 8 2 2 8 10 10 2 2 10 8
left_child=1 2 3 4 -1 6 10 8 -8 -3 11 -5 -12 -14
right_child=-2 9 -4 5 -6 -7 7 -9 -10 -11 12 -13 13 -15
leaf_value=0.34648053735229534 0.049820881126972583 0.23417530226511291 -0.43389593042910396 -0.26651364978500064 -0.013182842304456023 -0.20904569994145375 1.7709371068137751 -0.35221204185928578 0.26258257124905182 0.0042994138659126864 0.0076160149292464393 0.013437320250985591 0.053541436881694042 -0.041233328768129275
leaf_weight=63 181 44 62 82 44 97 42 40 105 97 1854 80 120 931
leaf_count=63 181 44 62 82 44 97 42 40 105 97 1854 80 120 931
internal_value=0.000218579 -5.73457e-05 -0.000340812 -0.000104076 0.00861111 -0.000384845 -0.000129032 0.0068617 0.0111486 0.00697183 -0.000557366 -0.00662577 -0.000216793 -0.00225285
internal_weight=3842 3661 3520 3458 107 3351 3254 187 147 141 3067 162 2905 1051
internal_count=3842 3661 3520 3458 107 3351 3254 187 147 141 3067 162 2905 1051
is_linear=0
shrinkage=0.03


Tree=380
num_leaves=15
num_cat=0
split_feature=4 74 3 32 3 82 15 16 73 46 29 25 83 26
split_gain=7.66348 13.8406 9.62358 9.60331 9.54611 13.7519 10.8596 13.5973 9.4932 19.9743 10.5611 9.33648 12.8364 12.6979
threshold=7.5000000000000009 2237.6407448043287 23.125000000000004 0.078461538461538485 21.041666666656969 -54.631650884946175 7.5000000000000009 11.500000000000002 29.202876091003422 990.00000000000011 0.85397359140490459 0.93569065343258895 91.410635948181167 229.50000000000003
decision_type=2 10 2 8 2 10 2 2 8 10 10 8 10 2
left_child=3 2 4 8 6 -6 7 -2 -1 -10 -11 12 -5 -13
right_child=1 -3 -4 11 5 -7 -8 -9 9 10 -12 13 -14 -15
leaf_value=-0.26372558139523089 -0.09644600594968615 -0.42230443890328201 -0.17740611889563213 -0.026959586572986589 -0.035162137659920677 1.4151510527120605 0.0032951353778372648 0.6895277133825124 0.22239103420269415 0.017860331379749537 -0.16948911212732706 0.02201898923969127 -0.85371726522995039 -0.54031417550860794
leaf_weight=46 40 40 88 955 40 113 1412 109 77 57 40 644 111 42
leaf_count=46 40 40 88 955 40 113 1412 109 77 57 40 644 111 42
internal_value=-0.000251638 0.00113945 0.00153078 -0.00155094 0.00202915 0.00915584 0.00132522 0.009 0.00434389 0.00754286 -0.00153061 -0.00229321 -0.00404873 0.000436681
internal_weight=3814 1842 1802 1972 1714 153 1561 149 220 174 97 1752 1066 686
internal_count=3814 1842 1802 1972 1714 153 1561 149 220 174 97 1752 1066 686
is_linear=0
shrinkage=0.03


Tree=381
num_leaves=15
num_cat=0
split_feature=82 27 81 77 38 77 23 29 71 43 62 8 16 80
split_gain=9.6425 8.42675 13.2647 9.86707 8.54466 7.52396 7.40667 9.09928 8.69672 7.53283 10.3508 7.259 7.22874 7.69988
threshold=-56.8056052327156 0.89119672836848907 9863.8576205968875 -183.1619641780853 2859.2081759926218 -202.85004067420957 1.0054835081100466 0.93960780598711646 10.500000000000002 371.63742697979609 -0.003697590284536163 4.3775082286324105 47.500000000000007 -95.134021878242478
decision_type=8 10 10 10 10 8 8 10 8 10 8 10 2 8
left_child=1 3 4 5 -3 -1 7 9 -9 -2 -11 -12 13 -8
right_child=6 2 -4 -5 -6 -7 12 8 -10 10 11 -13 -14 -15
leaf_value=-0.075475700491102651 0.31277739328115634 0.048929432620674826 0.25851478076311907 -0.64353223027338957 -0.23933169471016752 0.2275759521381705 0.091181250629579366 -0.24863202786679356 0.18287205639704388 -0.11523302137324805 0.39524300934207129 -0.0019407513099330132 0.043710955279428171 -0.0025721263796180871
leaf_weight=59 168 115 49 117 133 48 99 46 61 65 41 40 113 2704
leaf_count=59 168 115 49 117 133 48 99 46 61 65 41 40 113 2704
internal_value=0.000171029 -0.00362069 -0.000302013 -0.008 -0.00313253 -0.00138889 0.00076393 0.00447867 -0.00305556 0.00704762 0.00204082 0.00914634 0.00022626 -7.4893e-05
internal_weight=3858 521 297 224 248 107 3337 421 107 314 146 81 2916 2803
internal_count=3858 521 297 224 248 107 3337 421 107 314 146 81 2916 2803
is_linear=0
shrinkage=0.03


Tree=382
num_leaves=15
num_cat=0
split_feature=70 0 42 14 70 0 9 80 66 63 79 42 22 36
split_gain=5.14009 12.7481 7.17541 8.65087 6.30782 12.9688 8.00063 10.237 8.37132 6.84687 5.49407 12.7678 10.217 10.8627
threshold=1.0000000180025095e-35 12.500000000000002 154.29595792293551 352.43166101403341 0.74166666666666681 127.50000000000001 150.00000000000003 118.91316413879396 -94.257529854774461 -204.11486375435098 24.084247776707322 95.053520321846023 1.379980802536011 0.35032467532467537
decision_type=8 2 8 10 8 2 2 10 10 10 10 10 2 10
left_child=1 2 3 -1 5 6 8 9 -2 -8 -6 12 -12 -14
right_child=4 -3 -4 -5 10 -7 7 -9 -10 -11 11 -13 13 -15
leaf_value=0.0085891689633867674 0.072104434310963902 -0.55807988690944399 0.016834347304081732 -0.059297480978101877 -0.00042239173213339139 1.6251450026834839 -0.017256315805978705 0.36148185251633519 -0.4933433598296893 0.060518635630543542 -0.24893203670666991 -0.35248452842820627 -0.016141114328901758 0.48214151083860263
leaf_weight=42 48 51 63 53 2818 64 106 43 46 69 49 143 172 83
leaf_count=42 48 51 63 53 2818 64 106 43 46 69 49 143 172 83
internal_value=-0.00043625 -0.005 -0.000754717 -0.0059375 -0.000172982 0.00350133 0.000958466 0.00410959 -0.00631579 0.000852273 -0.000597061 -0.00368304 -0.000196721 0.00222656
internal_weight=3850 209 158 95 3641 376 312 218 94 175 3265 447 304 255
internal_count=3850 209 158 95 3641 376 312 218 94 175 3265 447 304 255
is_linear=0
shrinkage=0.03


Tree=383
num_leaves=15
num_cat=0
split_feature=65 66 62 27 40 68 81 85 27 29 0 68 85 32
split_gain=6.6974 12.1132 10.5252 11.0537 10.203 9.93619 9.16906 12.7843 10.9421 9.94501 9.02131 9.26682 9.62632 7.16955
threshold=1.1735353986299786 -96.623912572860704 -0.12141781434491902 0.91410195707070718 865.09848269531187 -0.10548856585028757 6509.7285230159769 81.934356252352401 0.9376765536723165 0.92357745942400082 -116.49999999999999 -0.17533051296747018 -60.917475740114845 0.23606811145510839
decision_type=10 10 8 10 10 8 8 10 10 10 2 10 10 8
left_child=2 -2 3 4 10 13 7 8 -5 -8 -1 12 -12 -4
right_child=1 -3 5 6 -6 -7 9 -9 -10 -11 11 -13 -14 -15
leaf_value=-0.2123344892641299 0.0071770589229590252 -0.78498050280656761 -0.3925748010718989 0.89400275217839864 -0.14097219604922215 -0.0022909238859536883 0.10147520155770046 -0.3236338605037733 -0.013393325321349537 1.8643735324614938 0.15068442106778021 0.26784015056542337 -0.22192663760328063 -0.013247792877749695
leaf_weight=52 90 63 94 42 78 2914 40 42 41 55 42 127 43 67
leaf_count=52 90 63 94 42 78 2914 40 42 41 55 42 127 43 67
internal_value=-0.000300712 -0.00642857 -4.12314e-05 0.00373002 0.000349854 -0.000731469 0.00895928 0.00357143 0.0103571 0.0159375 0.00316981 0.00591549 -0.00174419 -0.00796296
internal_weight=3790 153 3637 562 342 3075 220 125 83 95 264 212 85 161
internal_count=3790 153 3637 562 342 3075 220 125 83 95 264 212 85 161
is_linear=0
shrinkage=0.03


Tree=384
num_leaves=15
num_cat=0
split_feature=41 52 8 77 32 80 39 59 43 66 34 23 22 80
split_gain=6.35234 13.0905 7.28338 8.751 7.38518 9.74412 14.7404 12.5848 11.2328 16.4239 11.1277 9.70261 11.1129 9.21893
threshold=405.10230302810675 1688.1805800199511 7.6095631558242802 -62.583481609821312 0.12660256410256412 105.73080992698671 865.44409428511096 19.720032453536991 466.38237140510051 223.58971846103671 0.16152751423149908 4.0054835081100473 10.968953728675844 22.649709224700931
decision_type=10 10 10 10 8 10 10 10 10 10 10 10 2 8
left_child=2 -2 4 -4 5 6 -1 8 -8 -10 -7 13 -13 -9
right_child=1 -3 3 -5 -6 10 7 11 9 -11 -12 12 -14 -15
leaf_value=0.27775219036998028 -0.4768738414506497 0.27987085452364502 1.2422054405742358 0.00051848093296570142 -0.0061623951374212638 0.045888221155930435 0.12564403199218052 0.18014370479742367 0.020274691022571054 -0.51157839652996318 0.89785445419456222 -0.35715546859180664 0.018322568870910827 -0.094404163056768048
leaf_weight=69 61 44 40 53 2778 94 150 65 142 49 56 105 40 57
leaf_count=69 61 44 40 53 2778 94 150 65 142 49 56 105 40 57
internal_value=0.000165615 -0.00707547 0.000373074 0.00861702 0.00015807 0.00264493 0.00110619 -0.000394089 0.00342105 -0.00140625 0.00953642 -0.00526119 -0.0104795 0.00097561
internal_weight=3803 105 3698 93 3605 827 677 608 341 191 150 267 145 122
internal_count=3803 105 3698 93 3605 827 677 608 341 191 150 267 145 122
is_linear=0
shrinkage=0.03


Tree=385
num_leaves=15
num_cat=0
split_feature=34 31 31 16 61 70 81 77 81 66 32 73 77 56
split_gain=6.45259 10.2025 11.2343 10.6681 10.1019 9.13431 9.43473 8.42719 15.9007 9.91176 9.09167 10.993 9.06637 12.2959
threshold=0.23310502283105025 19.063145161290326 21.626136363636366 45.500000000000007 0.92168544011412923 0.87083333333333346 1587.2678377628329 -146.72816359996793 7363.0273438692102 33.009286046028144 0.39339826839826847 6.1657253503799447 -91.8778741955757 1.2331361770629885
decision_type=10 8 8 2 8 8 8 8 8 10 10 10 8 8
left_child=-1 3 -3 5 -4 -2 -7 8 10 -10 11 -8 -9 -14
right_child=1 2 4 -5 -6 6 7 12 9 -11 -12 -13 13 -15
leaf_value=0.0051252255074911365 0.054927938138514466 -0.57836593702170047 0.03579815140577465 0.30765531105328897 -0.21982298161574709 0.58489675438481692 0.047884225542507576 -0.32463211487331595 0.16057129442699727 -0.076518271996451254 -0.32212340082195773 -0.26680372252561696 0.14206349697274928 -0.13458571782196715
leaf_weight=1801 209 60 92 42 47 48 130 291 208 48 181 41 191 451
leaf_count=1801 209 60 92 42 47 48 130 291 208 48 181 41 191 451
internal_value=-0.000359281 -0.00151471 -0.00795 -0.000814775 -0.00321429 -0.00116732 -0.0019434 -0.00235409 0.000394089 0.00607004 -0.00373938 0.00122093 -0.00414347 -0.00214619
internal_weight=3840 2039 199 1840 139 1798 1589 1541 608 256 352 171 933 642
internal_count=3840 2039 199 1840 139 1798 1589 1541 608 256 352 171 933 642
is_linear=0
shrinkage=0.03


Tree=386
num_leaves=15
num_cat=0
split_feature=44 22 40 50 20 73 73 26 77 82 0 60 57 85
split_gain=5.77998 9.67149 8.61587 5.96463 6.55399 5.56727 8.69853 8.15842 8.36631 10.9053 16.5496 10.7712 12.2827 11.7292
threshold=8.7682361602783221 1.7130910158157351 442.6029663066966 3164.9433181285863 863.82469952106487 -9.5863378047943097 11.595496296882631 201.50000000000003 -241.54876583814618 146.06118218104049 181.50000000000003 125.89474606513978 6.5000000000000009 -19.853080034255978
decision_type=8 2 10 10 10 8 8 2 8 10 2 10 10 10
left_child=1 2 -1 4 5 -2 -7 8 11 -10 -11 13 -13 -8
right_child=3 -3 -4 -5 -6 6 7 -9 9 10 -12 12 -14 -15
leaf_value=-0.16885812968043531 0.084784221816227343 -0.42952221225732018 0.19490455462339046 -0.11146537426373697 -0.21322829216727468 -0.062974138828885334 -0.030584104313954155 -0.060078984635718959 0.029568109497628822 -0.29495011691002077 0.50242964464993956 0.010716652725843366 -0.67596755571153466 0.046188185708374865
leaf_weight=42 318 70 46 107 51 483 163 201 1913 171 64 45 53 138
leaf_count=42 318 70 46 107 51 483 163 201 1913 171 64 45 53 138
internal_value=0.000318158 -0.00528302 0.00134831 0.000558252 0.000766454 0.000921127 0.000547649 0.00120044 0.00166013 0.00240112 -0.00368644 -0.002325 -0.0109091 0.000496689
internal_weight=3865 158 88 3707 3600 3549 3231 2748 2547 2148 235 399 98 301
internal_count=3865 158 88 3707 3600 3549 3231 2748 2547 2148 235 399 98 301
is_linear=0
shrinkage=0.03


Tree=387
num_leaves=15
num_cat=0
split_feature=29 61 1 69 14 14 42 29 83 74 82 81 77 68
split_gain=7.09873 7.76036 6.77093 7.53768 7.85913 13.6948 10.5605 9.94281 7.65861 6.73796 5.78815 9.77929 9.71528 8.32529
threshold=0.19138741378257954 0.02942700196009693 794.27329885959637 -355.67234735843971 51.094293393301065 120.97157499983108 97.977947831153884 0.91389144142716827 -139.23711800575254 280.63688410749893 -76.027480324109391 9201.0562692880649 -119.58737498521803 -0.074406560288969484
decision_type=8 10 2 8 8 10 10 10 8 10 8 10 8 10
left_child=1 -1 3 -2 6 7 8 -6 -5 -10 11 12 13 -7
right_child=2 -3 -4 4 5 10 -8 -9 9 -11 -12 -13 -14 -15
leaf_value=-0.0034836660933878424 0.46992344925885104 -0.26416014567250307 -0.13221573347830798 0.96737367858275647 -0.009911558444972499 -0.002205623952172078 -0.033875883163088358 -0.85032472968234496 0.21684758889904382 -0.062252556339463264 0.0076798623758957069 0.27969170926294323 0.0065060238655347625 -0.98769219752122972
leaf_weight=135 59 50 152 44 65 44 77 46 57 42 2810 42 112 75
leaf_count=135 59 50 152 44 65 44 77 46 57 42 2810 42 112 75
internal_value=0.000393597 -0.00532258 0.000686707 0.000958549 0.00077306 0.000394366 0.00624434 -0.00991071 0.0110417 0.0063 0.000768482 -0.00339416 -0.00581897 -0.01175
internal_weight=3810 185 3625 3473 3414 3194 220 111 143 99 3083 273 231 119
internal_count=3810 185 3625 3473 3414 3194 220 111 143 99 3083 273 231 119
is_linear=0
shrinkage=0.03


Tree=388
num_leaves=15
num_cat=0
split_feature=38 17 57 76 17 67 26 28 8 79 45 81 26 60
split_gain=9.76837 9.9145 18.4509 13.618 15.5169 9.69748 9.68411 10.354 21.6071 10.2855 13.4892 11.6422 9.31573 13.1462
threshold=3001.5023253427366 24.500000000000004 5.5000000000000009 154.58470845222476 37.500000000000007 141.82127556380098 230.50000000000003 290.50000000000006 6.1884720958575787 6.2708365827617234 8.5000000000000018 8466.2391763925571 126.50000000000001 153.03056514263156
decision_type=10 2 10 10 2 8 2 2 8 10 10 8 2 10
left_child=-1 2 -2 6 -5 -4 7 8 9 10 11 -3 13 -11
right_child=1 3 5 4 -6 -7 -8 -9 -10 12 -12 -13 -14 -15
leaf_value=-0.010985599985334318 0.080746007898182606 0.36058003852641263 -0.68810550508328505 2.3350201054856647 0.013300393458660255 -0.01316626593914587 -0.45249863487632119 0.094603399541250174 -0.34232350513856247 0.0026118048088494411 0.78186268848864082 -0.68934936821401294 -0.11724064440313121 0.68281450503184282
leaf_weight=2367 134 43 85 57 48 222 47 197 84 262 86 52 87 43
leaf_count=2367 134 43 85 57 48 222 47 197 84 262 86 52 87 43
internal_value=0.000110092 0.0020511 -0.00169683 0.00369414 0.0138679 -0.00574675 0.00249446 0.00322807 0.00141337 0.00350174 0.0093956 0.0015625 0.000763359 0.00323529
internal_weight=3814 1447 441 1006 105 307 901 854 657 573 181 95 392 305
internal_count=3814 1447 441 1006 105 307 901 854 657 573 181 95 392 305
is_linear=0
shrinkage=0.03


Tree=389
num_leaves=15
num_cat=0
split_feature=77 16 35 0 3 7 5 3 3 63 37 79 31 81
split_gain=6.19057 7.37174 8.06135 7.09731 6.82181 8.17263 7.29275 8.31402 9.28487 8.95375 10.2858 10.0806 10.0465 9.82883
threshold=107.6919767856598 47.500000000000007 27.375851063829789 129.50000000000003 23.125000000000004 5123.2697457641034 78.15638923645021 5.6250000000000009 7.7916666666569663 -46.787267890458672 1421.6197217675797 206.8073415591129 18.167948717948722 8527.4631675481814
decision_type=10 2 8 2 2 10 8 2 2 10 10 8 10 8
left_child=1 4 -3 -2 5 6 -1 -8 -9 10 11 -10 -12 -11
right_child=3 2 -4 -5 -6 -7 7 8 9 13 12 -13 -14 -15
leaf_value=0.0091063966056628941 -0.041726350330862493 0.43232376614530654 0.012223652723269453 0.26679426109849297 -0.21454364527727535 0.070600649043679714 -0.4897614323758625 0.31770679096313442 -0.0033926284186349687 -0.05462438625578632 0.17285924321031745 -1.190386554706315 -0.0024749883771493539 -0.26862763618945967
leaf_weight=2279 112 40 57 72 109 120 64 91 352 242 68 48 71 83
leaf_count=2279 112 40 57 72 109 120 64 91 352 242 68 48 71 83
internal_value=0.000488317 0.000761379 0.00887755 -0.00486486 0.000535714 0.000772156 0.000491058 -0.00161765 -0.000910042 -0.00187283 0.0005 -0.00194514 0.0075 -0.00579755
internal_weight=3808 3624 97 184 3527 3418 3298 1019 955 864 539 400 139 325
internal_count=3808 3624 97 184 3527 3418 3298 1019 955 864 539 400 139 325
is_linear=0
shrinkage=0.03


Tree=390
num_leaves=15
num_cat=0
split_feature=1 31 5 28 83 0 36 80 28 68 83 30 60 26
split_gain=7.46577 9.52704 8.40868 9.46642 10.831 8.71919 9.36224 9.05997 10.8693 10.2917 8.55092 8.28714 8.72629 7.96103
threshold=659.08346462249767 26.165000000000003 68.534242630004897 145.50000000000003 -14.148926377296446 155.50000000000003 0.25362623502207277 -27.219190955162045 172.50000000000003 0.072269428919974676 -19.0755101442337 15.050000000000002 142.86206722259524 94.500000000000014
decision_type=2 10 10 2 8 2 10 8 2 10 10 10 8 2
left_child=1 2 5 -4 -5 7 -7 8 -1 13 -11 12 -6 -9
right_child=-2 -3 3 4 11 6 -8 9 -10 10 -12 -13 -14 -15
leaf_value=-0.01129681651870218 -0.0060797826259494769 -0.067722794499287919 -0.20460132787810592 -0.15464989789911426 0.50410325351616248 1.5588125454774917 0.084371733012362241 0.066112881375921306 0.28676254030630977 -0.336592871688562 0.026761482310331316 -0.017608298038058478 0.14307359777044226 -0.020429734576043187
leaf_weight=65 2198 151 131 150 67 57 109 252 126 72 64 77 79 240
leaf_count=65 2198 151 131 150 67 57 109 252 126 72 64 77 79 240
internal_value=0.000296952 0.00182815 0.00255705 -0.000594059 0.00184492 0.00416836 0.0104192 0.00289024 0.00859375 0.00114467 -0.00613139 0.00602679 0.0102041 0.0031643
internal_weight=3838 1640 1489 504 373 985 166 819 191 628 136 223 146 492
internal_count=3838 1640 1489 504 373 985 166 819 191 628 136 223 146 492
is_linear=0
shrinkage=0.03


Tree=391
num_leaves=15
num_cat=0
split_feature=17 77 61 8 3 35 8 43 48 45 58 0 27 7
split_gain=7.8537 8.96736 6.85129 7.69547 14.8319 7.34075 7.58134 6.90647 6.79101 6.58764 13.3775 6.49131 6.14363 10.4466
threshold=5.0000000000000009 -60.861146926879876 0.026542429345795107 4.1507830371045387 16.041666666656969 12.636237373737375 6.0015029857437598 517.4046019141748 23.458763996760055 21.500000000000004 1470.128134608269 4.5000000000000009 0.98373876255949244 2943.1961824685172
decision_type=2 8 8 8 2 8 10 10 10 8 8 2 10 10
left_child=1 -1 3 7 5 -5 11 8 -2 -4 -11 -7 13 -12
right_child=2 -3 9 4 -6 6 -8 -9 -10 10 12 -13 -14 -15
leaf_value=-1.2463909991640152 0.038425771186518173 0.0082030932333149315 -0.0014807835371292554 0.21826940009093812 0.79887435680400265 -0.21020668430633954 0.040035103124443784 0.052424179865894531 -0.3586177206828684 1.4897811515588619 0.062274187402592621 0.04120730250359099 -0.42813945370706236 -0.054938664661071362
leaf_weight=56 88 47 2981 40 93 46 43 73 89 43 87 43 55 58
leaf_count=56 88 47 2981 40 93 46 43 73 89 43 87 43 55 58
internal_value=0.000343482 -0.00778846 0.000569519 0.00377907 0.00733083 0.00208092 -0.00135338 0 -0.00320225 5.5814e-05 0.00479508 -0.00633333 0.00149254 0.00472603
internal_weight=3842 103 3739 515 265 172 132 250 177 3224 243 89 200 145
internal_count=3842 103 3739 515 265 172 132 250 177 3224 243 89 200 145
is_linear=0
shrinkage=0.03


Tree=392
num_leaves=15
num_cat=0
split_feature=17 29 51 64 64 85 38 8 17 68 26 84 16 5
split_gain=6.75615 8.97047 6.99309 6.12091 12.4392 8.63802 8.12512 13.618 9.21099 18.6464 13.5843 11.8485 11.4917 12.5385
threshold=5.0000000000000009 0.92464032491223247 -3536.902672886848 6.2811925567240587 5.679453871472357 -47.243170499801629 2487.7218150629637 5.481355959220874 21.500000000000004 0.064530883291500196 91.500000000000014 -54.97367606560389 29.500000000000004 23.281450629234318
decision_type=2 10 8 8 10 10 8 10 2 10 2 8 2 10
left_child=1 -1 -2 4 -4 -6 7 8 10 11 -5 -10 -13 -14
right_child=2 -3 3 6 5 -7 -8 -9 9 -11 -12 12 13 -15
leaf_value=-0.013541159005245823 -0.13301744146180092 -0.50661273477598623 -0.001660169644524032 -0.015155351552262849 -1.0842105035864682 -0.020029249502792199 0.023755471454666714 0.33877274173519084 0.36587700465336714 -0.43926659237831583 0.35682429503620483 -0.29935869874575205 -0.41724563597319281 0.17068531286056951
leaf_weight=60 77 45 1572 114 53 52 1005 87 96 145 65 196 66 147
leaf_count=60 77 45 1572 114 53 52 1005 87 96 145 65 196 66 147
internal_value=-0.000174557 -0.00764151 4.08052e-05 0.000233398 -0.00109058 -0.0110377 0.00138918 -0.000654308 -0.00184337 -0.0035023 0.00416667 -0.000770751 -0.003 0.00182243
internal_weight=3780 105 3675 3598 1677 105 1921 916 829 650 179 505 409 213
internal_count=3780 105 3675 3598 1677 105 1921 916 829 650 179 505 409 213
is_linear=0
shrinkage=0.03


Tree=393
num_leaves=15
num_cat=0
split_feature=39 3 63 79 52 62 83 82 14 7 31 3 28 64
split_gain=7.73313 10.4296 10.0969 11.4762 14.2682 9.19188 8.98654 11.8755 11.8489 9.98928 11.9555 8.52347 8.22177 11.2725
threshold=2396.2808199483848 0.70833333334303472 108.11004998391861 8.2658719309291318 39.743405938148506 -0.24264590319649901 5.2649759054183969 94.87326687574388 354.33085542172557 3570.2677296358602 21.269696969696973 14.041666666656967 229.50000000000003 5.2103259019349224
decision_type=10 2 8 8 10 8 10 10 8 10 8 2 2 8
left_child=1 -1 12 4 -4 -3 7 8 -5 -8 -11 -6 13 -2
right_child=2 5 3 6 11 -7 9 -9 -10 10 -12 -13 -14 -15
leaf_value=-0.21367615776367882 -0.47741635392419202 0.20164619623677948 -0.85717179251151898 -0.047062325902847563 -0.36366716120304493 0.011548880187573614 -0.011561180413803438 -0.71682566794749769 0.02905880738537878 1.348949933249658 0.24866221655394713 0.081955469036957773 -0.0017362336200392292 -0.042159954424056276
leaf_weight=44 147 100 53 201 54 2148 42 41 366 45 40 70 279 220
leaf_count=44 147 100 53 201 54 2148 42 41 366 45 40 70 279 220
internal_value=-0.000140223 0.000968164 -0.00177037 0.00026287 -0.00657303 0.00125389 0.00191576 0.000394089 0.00153169 0.00914062 0.015 -0.00096 -0.00463679 -0.00758152
internal_weight=3850 2292 1558 912 177 2248 735 608 567 127 85 124 646 367
internal_count=3850 2292 1558 912 177 2248 735 608 567 127 85 124 646 367
is_linear=0
shrinkage=0.03


Tree=394
num_leaves=15
num_cat=0
split_feature=40 7 6 23 52 14 27 62 77 85 15 71 3 34
split_gain=8.5071 12.0392 12.728 8.29018 7.08078 6.19547 9.80352 6.39325 5.3649 5.07527 11.9327 11.0863 14.0498 7.93419
threshold=45.180242109435198 3263.933682784264 750.00000000000011 1.7453938722610476 18.17780697345734 341.01575402200893 0.93666428953467651 -0.07056914352081807 -94.11861419677733 -29.287706613540646 37.500000000000007 14.500000000000002 19.625000000000004 0.097167584579071611
decision_type=10 10 10 10 8 10 10 10 8 8 2 10 2 10
left_child=1 2 4 -4 -1 6 -5 -7 -8 10 11 13 -13 -2
right_child=9 -3 3 5 -6 7 8 -9 -10 -11 -12 12 -14 -15
leaf_value=0.01530909088077461 -0.17160827239642465 -0.25704335243299725 -0.17029214516069416 0.72775851274645142 0.54496007078866349 0.27362074223374305 -0.12937338462357409 -0.13402458046793986 0.1321030046626803 0.00021220277554666336 0.40580398550745406 -0.01776961631299951 1.3411894292320869 -0.11593124445117052
leaf_weight=58 75 54 49 47 137 43 49 40 48 2533 42 96 42 495
leaf_count=58 75 54 49 47 137 43 49 40 48 2533 42 96 42 495
internal_value=-6.30087e-05 0.00347909 0.00502119 0.000866426 0.0108673 0.00328947 0.00703448 -0.00321429 0.00153061 -0.000630329 -0.00279627 -0.00372355 0.00388489 -0.00556918
internal_weight=3808 525 471 276 195 227 144 83 97 3283 750 708 138 570
internal_count=3808 525 471 276 195 227 144 83 97 3283 750 708 138 570
is_linear=0
shrinkage=0.03


Tree=395
num_leaves=15
num_cat=0
split_feature=36 81 82 17 33 3 82 31 67 65 27 81 56 77
split_gain=6.7823 7.40303 6.28001 10.706 13.693 12.012 14.4889 10.4113 14.6557 12.4856 11.0859 10.8825 10.7275 12.7327
threshold=0.080322580645161304 8063.9443796873102 43.433822194735221 41.500000000000007 13.899220272904484 12.375000000000002 154.04027648766836 24.027619047619059 89.042722463607859 0.96198062156380149 0.88780278466526807 8405.8995032310504 89.022293766339629 -167.87642562389371
decision_type=8 10 8 2 10 2 8 8 8 10 8 10 10 10
left_child=1 -1 7 -4 -5 6 -6 9 -9 -2 11 -10 13 -11
right_child=2 -3 3 4 5 -7 -8 8 10 12 -12 -13 -14 -15
leaf_value=0.0088112094982080429 -0.034781919163816545 0.18092607676159231 0.037956668361587731 0.014793541565714675 0.58092915296667103 -0.31351054543027224 -0.19634600179285186 -1.7511005147097491 0.00038913656855910778 0.061929788541961628 0.43506915260009271 -0.73756896500776747 0.31122202261274723 -0.088602309095138873
leaf_weight=135 805 42 1398 453 53 210 102 42 50 249 43 41 47 119
leaf_count=135 805 42 1398 453 53 210 102 42 50 249 43 41 47 119
internal_value=0.000182058 0.00589888 -9.96402e-05 0.000893099 -0.0018315 -0.00614754 0.000192308 -0.00167502 -0.00847458 -0.000687961 -0.00355556 -0.00945652 0.00353365 0.00178862
internal_weight=3789 177 3612 2216 818 365 155 1396 176 1220 134 91 415 368
internal_count=3789 177 3612 2216 818 365 155 1396 176 1220 134 91 415 368
is_linear=0
shrinkage=0.03


Tree=396
num_leaves=15
num_cat=0
split_feature=30 1 32 14 28 62 3 22 31 24 76 41 36 27
split_gain=6.34654 9.81416 8.92311 8.60534 14.1497 9.95868 9.83245 7.78081 7.723 9.79415 8.50322 7.42486 6.74049 6.62899
threshold=6.2500000000000009 625.07315599918377 0.1012820512820513 630.42706288971829 256.50000000000006 0.023388623560435182 20.541666666656969 0.13032472133636477 33.396428571428579 23.500000000000004 371.3533326387406 336.40935623645788 0.15331196581196585 0.96891108247422697
decision_type=10 2 8 8 2 8 2 2 10 2 10 8 8 10
left_child=2 -2 -1 8 6 -6 -5 -4 9 -3 11 -11 -9 -14
right_child=1 3 7 4 5 -7 -8 12 -10 10 -12 -13 13 -15
leaf_value=0.23610488712976921 0.040360718527933104 -0.16237274446030869 0.20661990501978719 0.0012059524256259201 0.55776856227142702 0.022781419103449614 -0.14758520900055322 -0.18602003842583223 0.035079138762777497 -0.061939698900253234 0.17457966052060547 0.046078818325231335 0.021945265706021518 -0.061408924738738331
leaf_weight=74 364 177 80 203 54 70 42 62 65 1173 65 60 994 335
leaf_count=74 364 177 80 203 54 70 42 62 65 1173 65 60 994 335
internal_value=-0.000377062 -0.00138522 0.00110608 -0.00224607 0.00186486 0.01008 -0.00231707 0.000591033 -0.00323167 -0.00367886 -0.00277136 -0.00333063 6.46552e-05 0.000518797
internal_weight=3818 2273 1545 1909 369 124 245 1471 1540 1475 1298 1233 1391 1329
internal_count=3818 2273 1545 1909 369 124 245 1471 1540 1475 1298 1233 1391 1329
is_linear=0
shrinkage=0.03


Tree=397
num_leaves=15
num_cat=0
split_feature=31 37 65 24 29 84 81 14 74 36 31 35 48 66
split_gain=6.04705 16.9145 7.35675 13.2604 12.9194 7.51792 11.3155 9.09101 8.65476 8.23807 7.67341 8.08456 9.75604 8.51237
threshold=7.5548951048951061 850.1750031308942 0.80692708644322064 33.500000000000007 0.92586048946472987 -36.506895760695137 17583.166187167171 402.00175549596088 269.42307260731764 0.11145617667356798 27.850000000000001 19.22811550151976 192.85022974014285 210.35700225830081
decision_type=8 8 8 2 10 8 10 10 8 8 10 10 10 10
left_child=-1 -2 3 -3 -5 9 8 -8 -7 -4 11 12 13 -11
right_child=1 2 5 4 -6 6 7 -9 -10 10 -12 -13 -14 -15
leaf_value=0.04934531201122979 -0.2935984005977022 0.45312916317452162 0.067109738876992592 -0.75320738483296445 0.29830171979465658 0.084850544654900481 -0.73507895108300125 0.035501138923494505 0.0074427541751551727 -0.046570275416107462 -1.0821772155508398 0.090719651048924849 -0.58495809896816453 0.192692211639512
leaf_weight=923 182 73 70 41 49 72 64 43 1694 381 41 69 57 42
leaf_count=923 182 73 70 41 49 72 64 43 1694 381 41 69 57 42
internal_value=0.000323514 -0.00035429 0.000244716 0.00640244 -0.00131868 -0.000153907 0.000816435 -0.00861111 0.00139219 -0.00290469 -0.00406091 -0.00310909 -0.00449064 -0.00290094
internal_weight=3801 2878 2696 163 90 2533 1873 107 1766 660 590 549 480 423
internal_count=3801 2878 2696 163 90 2533 1873 107 1766 660 590 549 480 423
is_linear=0
shrinkage=0.03


Tree=398
num_leaves=15
num_cat=0
split_feature=77 81 16 73 8 27 59 38 30 38 9 25 11 33
split_gain=10.9435 13.5171 11.3206 8.30854 8.42099 9.29245 12.4453 9.10051 8.51468 11.2418 8.26465 14.4174 16.247 8.45673
threshold=107.6919767856598 4597.665326476098 47.500000000000007 -37.367846608161919 7.5575408501635364 0.95706605222734276 482.44134294986731 85.24223566395321 22.450000000000003 2993.8307015951536 570.00000000000011 0.92907444668008055 930.00000000000011 14.972670807453419
decision_type=10 10 2 8 10 10 8 10 10 10 2 8 2 10
left_child=2 -2 3 -1 5 6 8 -8 10 -10 13 -12 -13 -5
right_child=1 -3 -4 4 -6 -7 7 -9 9 -11 11 12 -14 -15
leaf_value=0.15698241250151332 -0.0015387917209101795 -0.64457885289776118 0.062945900727322243 0.032884233979283618 0.33514598729130307 -0.048717968106018361 0.0033188089224331137 0.65191909355687594 -0.26530328406036785 0.00023584989421358669 -0.55716277840220851 -0.25771162379551776 0.48844295676155469 -0.0056317167970146896
leaf_weight=87 114 63 91 1072 77 486 41 49 330 525 89 77 40 671
leaf_count=87 114 63 91 1072 77 486 41 49 330 525 89 77 40 671
internal_value=1.57356e-05 -0.00724719 0.000371287 0.000101551 -0.000130133 -0.000354925 0.000290155 0.0112088 -6.41711e-05 -0.00255841 0.00103077 -0.00463768 0.00228814 0.00170298
internal_weight=3812 177 3635 3544 3457 3380 2894 90 2804 855 1949 206 117 1743
internal_count=3812 177 3635 3544 3457 3380 2894 90 2804 855 1949 206 117 1743
is_linear=0
shrinkage=0.03


Tree=399
num_leaves=15
num_cat=0
split_feature=32 31 64 16 14 31 65 38 37 68 85 17 82 51
split_gain=6.13325 13.4613 10.5055 10.1319 8.95863 5.70586 13.4001 10.5983 14.6019 10.0485 11.9929 7.12135 7.02392 12.4292
threshold=0.065591397849462371 16.350793650793651 6.2325478309380182 10.500000000000002 467.45502903787309 17.30714285714286 1.0794694516291223 3020.4541332829026 1674.6610848626906 0.22255346659561961 23.737472534179691 24.500000000000004 -72.655928909778581 179.08346462249759
decision_type=8 10 8 2 10 10 10 10 10 8 8 2 8 10
left_child=1 -1 3 -3 -4 12 7 9 -9 10 -7 -10 13 -2
right_child=5 2 4 -5 -6 6 -8 8 11 -11 -12 -13 -14 -15
leaf_value=0.49086404388604088 -0.2146012203279983 0.14386313122954367 0.13561065808627992 -0.29157864361810992 -0.0011375660208374017 0.00026935707444934563 -0.31468345129857966 0.5227062705154355 -0.10827278163877159 0.095985127332905401 -0.54620783413631346 0.025995923495982468 0.0084184787932240074 0.12356392798696159
leaf_weight=45 221 57 104 77 98 57 132 60 114 70 93 205 2374 60
leaf_count=45 221 57 104 77 98 57 132 60 114 70 93 205 2374 60
internal_value=8.75796e-05 0.0036911 0.00160237 -0.00488889 0.00591133 -0.000318866 -0.00266393 -0.00075 0.00228947 -0.00597285 -0.0103311 -0.00028125 0.00032756 -0.00414894
internal_weight=3767 381 336 134 202 3386 731 599 379 220 150 319 2655 281
internal_count=3767 381 336 134 202 3386 731 599 379 220 150 319 2655 281
is_linear=0
shrinkage=0.03


Tree=400
num_leaves=15
num_cat=0
split_feature=80 3 28 66 49 34 29 27 3 64 57 68 0 79
split_gain=6.08424 5.25099 14.3574 9.25314 7.35499 6.32687 8.7524 12.2824 12.0648 9.12807 7.84859 6.94965 7.52623 12.4779
threshold=404.00908005237585 1.5416666666569656 261.50000000000006 -224.55131125450131 4.5000000000000009 0.17445652173913045 0.89885454465964243 0.89538683690530496 21.458333333343038 3.9329899194115043 7.5000000000000009 -0.19198277501543334 -2.4999999999999996 16.012924008466545
decision_type=10 2 2 10 10 10 8 10 2 8 8 8 2 8
left_child=1 2 3 -1 -4 6 7 9 10 -3 -8 -11 13 -13
right_child=-2 5 4 -5 -6 -7 8 -9 -10 11 -12 12 -14 -15
leaf_value=-0.01432275419513499 0.15636530206626997 -0.38867000479402841 -0.033391240307779069 -0.94300443796069811 0.14687124115870404 -0.0035910245621253709 0.0093654863434736411 -0.10381919526579288 -0.12966723764420862 0.080175039268503473 0.40364509816680672 0.12955518206528327 0.025028422285836634 -0.16853674210946931
leaf_weight=52 40 40 44 41 49 2475 108 111 41 54 230 85 316 113
leaf_count=52 40 40 44 41 49 2475 108 111 41 54 230 85 316 113
internal_value=0.000213158 8.7766e-05 -0.00481283 -0.0130851 0.00351064 0.000344152 0.0022384 0.000291667 0.00592105 0.00197044 0.00778761 0.00295255 0.00186408 -0.00271357
internal_weight=3799 3759 186 93 93 3573 1098 719 379 608 338 568 514 198
internal_count=3799 3759 186 93 93 3573 1098 719 379 608 338 568 514 198
is_linear=0
shrinkage=0.03


Tree=401
num_leaves=15
num_cat=0
split_feature=6 0 66 85 82 4 79 62 85 1 35 82 53 29
split_gain=6.25954 8.31911 8.23545 9.06212 9.02904 7.60623 13.1778 7.56109 7.51943 7.44772 7.87938 7.37505 10.0119 16.2172
threshold=690.00000000000011 82.500000000000014 130.08650565147403 172.67275679111484 19.397353808085125 7.5000000000000009 16.624334699871614 0.13484574985745026 415.35294777154928 627.41329634189617 23.853428142910712 60.927906990051277 5.5000000000000009 0.93885340395700279
decision_type=10 2 10 8 8 2 8 8 10 2 10 10 10 10
left_child=1 9 4 -4 -3 6 -6 -5 11 -1 -11 -2 -13 -14
right_child=8 2 3 7 5 -7 -8 -9 -10 10 -12 12 13 -15
leaf_value=0.039454401500839675 -0.0074908979652652365 0.34356532924725014 -0.24522531823779209 -0.044773957533495827 -0.57520708656948372 1.235830807777125 0.39279194677300444 1.1114625960053957 -0.79331324371280654 -0.012467219062307779 0.085190935617728336 0.098707274253901439 0.085099069401890798 -0.33297179537534505
leaf_weight=324 1698 69 78 67 42 81 44 52 45 662 61 95 403 123
leaf_count=324 1698 69 78 67 42 81 44 52 45 662 61 95 403 123
internal_value=0.000577373 0.00210668 0.00559908 0.00106061 0.00936709 0.00553571 -0.000689655 0.00625 -0.00038055 0.000658397 -0.00103591 -0.000142241 0.00265273 0.00102467
internal_weight=3844 1480 433 197 236 167 86 119 2364 1047 723 2319 621 526
internal_count=3844 1480 433 197 236 167 86 119 2364 1047 723 2319 621 526
is_linear=0
shrinkage=0.03


Tree=402
num_leaves=15
num_cat=0
split_feature=42 41 29 77 27 80 31 84 29 33 14 68 84 84
split_gain=6.9882 11.5323 9.82252 10.6747 13.1897 11.2957 9.43703 9.10066 7.93817 7.86783 6.93613 7.3481 9.00972 6.32354
threshold=-50.331292748451226 -75.437159538269029 0.8649477698557454 -84.791746497154222 0.95706605222734276 33.236309289932258 14.393379446640317 64.820940434932723 0.90071280521712771 10.432579185520364 208.72907728849154 -0.13309166848111834 53.129394690195731 48.718312939008079
decision_type=8 10 10 8 10 10 10 10 10 8 10 8 8 10
left_child=1 2 6 5 8 13 -1 -7 -5 -3 -11 -12 -13 -4
right_child=-2 9 3 4 -6 7 -8 -9 -10 10 11 12 -14 -15
leaf_value=0.0051506444801813342 0.001729649153347239 -0.72582192968151971 -0.026794575760868893 0.036831132220366297 -0.035088738192566339 -0.0027779961106686102 -0.69868346549551796 -0.37054308663613844 0.63243577721903543 0.16829933136186026 0.044166258504023462 -0.98184861603050966 -0.055976278153168996 0.37683272524505179
leaf_weight=40 2970 56 167 40 58 42 51 54 67 40 44 64 66 58
leaf_count=40 2970 56 167 40 58 42 51 54 67 40 44 64 66 58
internal_value=-0.000463594 -0.00286557 -0.000467128 0.00123203 0.00740964 -0.00195652 -0.00945652 -0.0105155 0.0136111 -0.00797048 -0.00530233 -0.00788571 -0.0114504 0.00172566
internal_weight=3817 847 577 486 165 321 91 96 107 270 214 174 130 225
internal_count=3817 847 577 486 165 321 91 96 107 270 214 174 130 225
is_linear=0
shrinkage=0.03


Tree=403
num_leaves=15
num_cat=0
split_feature=46 5 44 52 81 28 22 26 17 7 10 74 69 57
split_gain=9.3661 8.69507 7.72976 5.97607 6.01393 8.63244 10.1867 7.78794 6.88883 5.60014 5.51867 5.11311 13.2213 9.69777
threshold=630.00000000000011 1.0000000180025095e-35 69.371769428253188 20.117236614227298 8721.6415508985538 211.50000000000003 3.2584303617477421 89.500000000000014 37.500000000000007 3116.5635376385767 1.5000000000000002 296.67081615189653 -28.404034242241469 6.5000000000000009
decision_type=10 8 10 8 10 2 2 2 2 8 2 8 8 10
left_child=1 -1 3 -3 5 7 -7 8 -5 -10 11 12 13 -2
right_child=10 2 -4 4 -6 6 -8 -9 9 -11 -12 -13 -14 -15
leaf_value=0.12675952025576645 0.020345827121973557 0.06897324863069286 0.21890525486140361 0.15327315165939834 -0.36972596250765916 0.058935508089486409 -0.36233284866234122 0.2411474303539799 0.024252604498780545 -0.42611674218497309 -0.12227911580418499 -0.0074391543320257991 -0.00089535265790658509 1.1197190990152015
leaf_weight=72 47 72 68 55 43 51 52 42 45 46 81 2630 479 53
leaf_count=72 47 72 68 55 43 51 52 42 45 46 81 2630 479 53
internal_value=-0.000125098 0.00351005 0.00202105 0.00044226 -0.00125373 0.000308219 -0.00663462 0.00412698 0.000816327 -0.00423913 -0.000729262 -0.00053271 0.00201724 0.0118812
internal_weight=3836 546 474 406 334 291 103 188 146 91 3290 3209 579 100
internal_count=3836 546 474 406 334 291 103 188 146 91 3290 3209 579 100
is_linear=0
shrinkage=0.03


Tree=404
num_leaves=15
num_cat=0
split_feature=5 42 39 41 27 41 25 23 60 62 60 17 52 48
split_gain=6.15875 9.00089 12.265 14.4086 9.60074 12.1709 8.24822 10.9887 10.1822 8.65578 6.56564 8.96765 9.53558 8.10749
threshold=94.926844000816359 64.00217711925508 786.21431276438682 36.658382177352912 0.98473193473193488 -65.612006783485398 0.89159811985898951 92.44314014911653 -80.202543616294847 -0.098049686913291481 837.75383734703075 26.500000000000004 86.83003675937654 127.80505506197613
decision_type=8 10 10 10 10 10 10 10 10 10 10 2 10 10
left_child=-1 2 3 4 5 -2 7 -4 9 -8 11 12 -3 -14
right_child=1 10 6 -5 -6 -7 8 -9 -10 -11 -12 -13 13 -15
leaf_value=0.0093565768462446856 0.49871915903564867 0.27777232956606196 -0.50315410217523848 0.5523237014823732 -0.2405224811740857 -0.13282686908927147 0.0028073362358560414 0.013332115350427137 0.1579603589393315 -0.27107036937163614 0.28267632768383633 -0.30894620491190189 -0.40428085343051745 -0.0075975105719409304
leaf_weight=2750 43 46 73 49 56 51 149 50 116 50 61 188 41 96
leaf_count=2750 43 46 73 49 56 51 149 50 116 50 61 188 41 96
internal_value=0.000557592 -0.00137383 0.000893417 0.00705 0.00238411 0.00821053 -0.00191344 -0.00846774 0.000664557 -0.00345 -0.00471132 -0.00620968 -0.00146739 -0.00543478
internal_weight=3819 1069 637 199 150 94 438 123 315 199 432 371 183 137
internal_count=3819 1069 637 199 150 94 438 123 315 199 432 371 183 137
is_linear=0
shrinkage=0.03


Tree=405
num_leaves=15
num_cat=0
split_feature=64 16 60 69 0 28 52 17 17 27 41 36 82 84
split_gain=5.93455 10.8297 11.5422 10.7383 12.8907 11.6756 10.7281 8.62622 10.4203 13.1838 16.6682 12.3389 10.4274 9.16238
threshold=3.6835287751673564 20.500000000000004 327.76127040386206 136.55134955014947 -1.4999999999999998 215.50000000000003 65.465440273284926 24.500000000000004 21.500000000000004 0.92325017325017333 -21.698342680931088 0.31323815704088259 -45.480947335561112 117.313882291317
decision_type=8 2 8 8 2 2 10 2 2 10 10 10 10 10
left_child=1 2 3 4 -1 -6 -5 8 -2 10 -10 -11 -13 -9
right_child=7 -3 -4 6 5 -7 -8 13 9 11 -12 12 -14 -15
leaf_value=0.20154490851328766 0.0045070300486893932 -0.40271711513041941 -0.61820415857335687 0.44498716813981593 -0.38194764179173951 -0.024299478657478595 -0.14041811441152957 0.014492068313510556 0.0015048094372800236 0.50245949199592144 -1.7947473515226562 -0.66480586024567823 -0.072139567679454494 -0.097871107143940012
leaf_weight=49 600 102 41 75 40 58 41 2277 40 59 62 41 108 222
leaf_count=49 600 102 41 75 40 58 41 2277 40 59 62 41 108 222
internal_value=0.000180818 -0.00324324 -0.000393443 0.00193182 -0.00344595 -0.00969697 0.00871795 0.000589443 -0.00190999 -0.00636656 -0.0151456 -0.00200957 -0.0066 0.0015
internal_weight=3815 406 304 263 147 98 116 3409 910 310 102 208 149 2499
internal_count=3815 406 304 263 147 98 116 3409 910 310 102 208 149 2499
is_linear=0
shrinkage=0.03


Tree=406
num_leaves=15
num_cat=0
split_feature=83 42 81 83 62 62 82 82 4 40 9 82 17 76
split_gain=6.41658 6.21 6.12695 14.5365 8.60225 7.16123 7.05103 6.34275 11.7726 11.5099 11.5855 8.18261 5.71324 7.16956
threshold=-326.85508012771601 99.023065924644484 17661.173576951031 -39.440051913261406 -0.053504423784194663 0.09548916368206288 -164.44167923927304 -72.655928909778581 7.5000000000000009 178.01604362976607 210.00000000000003 -61.922514677047722 5.0000000000000009 127.54028522968294
decision_type=8 10 10 10 10 8 8 8 2 10 2 8 2 8
left_child=1 -1 6 4 -4 -5 -2 8 9 -8 -11 -9 -13 -14
right_child=2 -3 3 5 -6 -7 7 11 -10 10 -12 12 13 -15
leaf_value=0.00048570021702746044 0.091861281672040884 -0.52864531334332643 -0.066519384634336487 -0.044789260806873031 0.30519856595349193 -0.86845179045151044 -0.60227732257844147 0.13315630828323954 0.014489774450355774 -0.54638079424246555 0.10504987409746958 -0.15380389109265699 0.13941952599530574 0.0078395689921283568
leaf_weight=54 66 45 46 71 55 52 60 48 108 66 50 58 84 2984
leaf_count=54 66 45 46 71 55 52 60 48 108 66 50 58 84 2984
internal_value=0.000600312 -0.0069 0.000800213 -0.004 0.00441176 -0.0108871 0.00110638 0.000919341 -0.00336842 -0.00813559 -0.0025641 0.00130394 0.00111289 0.00129032
internal_weight=3847 99 3748 224 101 123 3524 3458 284 176 116 3174 3126 3068
internal_count=3847 99 3748 224 101 123 3524 3458 284 176 116 3174 3126 3068
is_linear=0
shrinkage=0.03


Tree=407
num_leaves=15
num_cat=0
split_feature=79 69 1 79 4 34 58 69 40 36 65 73 34 52
split_gain=5.37448 8.11094 5.80088 9.67903 11.034 9.36694 7.49958 7.45138 10.6408 10.5372 11.4688 13.0739 10.3723 8.7581
threshold=1089.513089851014 344.57296450913185 627.41329634189617 12.059573435290259 8.5000000000000018 0.2965856481481482 153.32298099994662 113.45374071603915 690.4833770552583 0.22264957264957266 1.0500647904659337 10.126492381095888 0.95346320346320357 45.127711892127998
decision_type=10 8 2 10 2 8 10 8 10 10 8 8 10 10
left_child=2 -2 3 4 6 -6 -1 8 9 10 11 13 -11 -4
right_child=1 -3 7 -5 5 -7 -8 -9 -10 12 -12 -13 -14 -15
leaf_value=-0.00099976422857622543 0.00031899376893100405 -0.53450119058010781 -0.026518972408897667 0.082481344166289286 0.016450731941372112 0.45535324635606167 -0.18936828265385588 0.0094593012321962204 -0.12702154175659827 -0.08869621198978507 0.094651114551739218 0.053835142785817282 0.61387801040679868 -0.52541472864314076
leaf_weight=289 66 42 43 201 64 48 70 1539 295 688 315 102 40 43
leaf_count=289 66 42 43 201 64 48 70 1539 295 688 315 102 40 43
internal_value=-3.90016e-05 -0.0066055 0.000152488 0.00267459 0.000317797 0.00849558 -0.00225 -0.000401174 -0.00188605 -0.000657468 0.00267857 -0.0031746 -0.00296296 -0.0117241
internal_weight=3845 108 3737 672 471 112 359 3065 1526 1231 503 188 728 86
internal_count=3845 108 3737 672 471 112 359 3065 1526 1231 503 188 728 86
is_linear=0
shrinkage=0.03


Tree=408
num_leaves=15
num_cat=0
split_feature=37 70 31 83 26 39 71 81 16 39 48 68 45 39
split_gain=7.20378 6.54459 12.5643 12.9443 11.5363 7.78281 6.2472 7.04393 9.25042 5.86579 11.1167 10.2802 10.0159 8.68031
threshold=2640.1079139419403 0.8973684210526317 26.604347826086961 80.06053471565248 78.500000000000014 1129.2268944760299 16.500000000000004 7107.1712216138849 29.500000000000004 3582.1060374382719 145.85433439413711 0.0064453973835792095 4.5000000000000009 1140.3846097126461
decision_type=10 8 8 10 2 10 10 8 2 8 10 10 10 10
left_child=1 2 3 5 -5 -1 7 -4 -9 10 -3 -11 -12 -14
right_child=-2 9 6 4 -6 -7 -8 8 -10 11 12 -13 13 -15
leaf_value=-0.28215787686212451 0.021471642589456257 -0.012869568437459051 0.041953347731518244 1.5661129431311918 0.070087258550534492 0.040093186188116192 0.11689006784744631 -0.1435306260707698 0.0046925719562980767 -0.015446768234620309 -0.07798947157030546 -0.46052222336534299 0.50180889436235521 0.022189004177557193
leaf_weight=59 215 2069 53 57 50 367 56 118 85 219 64 141 92 227
leaf_count=59 215 2069 53 57 50 367 56 118 85 219 64 141 92 227
internal_value=9.29512e-05 -0.000221432 0.0020922 0.00488764 0.0141667 0.00252927 -0.00268371 -0.00466926 -0.00720588 -0.00091717 -0.000391358 -0.00448753 0.00429687 0.00646875
internal_weight=3872 3657 845 533 107 426 312 256 203 2812 2452 360 383 319
internal_count=3872 3657 845 533 107 426 312 256 203 2812 2452 360 383 319
is_linear=0
shrinkage=0.03


Tree=409
num_leaves=15
num_cat=0
split_feature=26 6 81 84 85 85 0 60 40 40 67 17 73 73
split_gain=7.15917 6.47956 9.53552 16.939 6.95153 10.8368 9.64281 12.5349 8.88545 13.4347 12.6019 8.56188 7.51033 7.30833
threshold=39.500000000000007 690.00000000000011 9038.4425308704394 -179.04394753774002 184.4075035254161 105.0565403699875 77.500000000000014 94.253564000129714 47.499793762746727 321.87951489702488 -3.6242916207564648 26.500000000000004 20.23408937454224 2.1759394407272343
decision_type=2 10 10 10 10 10 2 10 10 10 8 2 8 10
left_child=-1 2 4 -4 5 6 7 8 -2 10 13 -6 -12 -10
right_child=1 -3 3 -5 11 -7 -8 -9 9 -11 12 -13 -14 -15
leaf_value=-0.046983879197053643 0.4006481282609185 -0.0049717904997748971 0.66351448136523272 -0.16336394690839826 1.195012724005909 -0.13131978758690677 0.18521933030662296 -0.29219992119186167 0.45640406703981073 0.031697659772342991 -0.0096909576159931281 0.072523724025826228 -0.45838356248706991 -0.028836007835926408
leaf_weight=46 110 2330 41 192 41 111 244 45 45 360 52 73 88 79
leaf_count=46 110 2330 41 192 41 111 244 45 45 360 52 73 88 79
internal_value=0.000147745 0.000291186 0.00184211 -0.00371795 0.00288231 0.0021674 0.00313477 0.0015 0.00244898 0.001056 -0.00407547 0.00991304 -0.0102128 0.00288
internal_weight=3857 3811 1481 233 1248 1134 1023 779 734 624 264 114 140 124
internal_count=3857 3811 1481 233 1248 1134 1023 779 734 624 264 114 140 124
is_linear=0
shrinkage=0.03


Tree=410
num_leaves=15
num_cat=0
split_feature=1 72 8 55 32 60 64 3 3 49 68 41 30 51
split_gain=7.50095 9.12374 9.0391 10.0512 10.7803 10.2878 10.2321 10.4048 11.1007 9.91162 8.81795 8.7917 8.25735 7.45508
threshold=659.08346462249767 65.779366493225112 4.1116967280546719 1.0000000180025095e-35 0.27429467084639503 194.28029918670657 2.6469680483948723 7.7916666666569663 13.791666666656967 10.500000000000002 -0.22309782860960134 84.037244439125075 70.800000000000011 -1796.5686182975767
decision_type=2 10 10 10 8 10 10 2 2 10 8 10 8 8
left_child=1 12 3 4 -2 -6 -5 -8 -9 -10 -4 -7 13 -1
right_child=2 -3 10 6 5 11 7 8 9 -11 -12 -13 -14 -15
leaf_value=-0.080869682514580959 0.032546424196909118 -0.30898270107046027 -0.11331428629504842 -0.558822002248065 -0.038919676661604397 0.33338716381438005 -0.79793205541754841 0.062456786591791907 -0.032779358816688316 -0.82027522589414092 0.015084425424690266 -0.013239113846576486 -0.11428028583807813 0.030690405577065788
leaf_weight=93 229 59 61 79 409 63 47 140 195 56 798 107 41 1465
leaf_count=93 229 59 61 79 409 63 47 140 195 56 798 107 41 1465
internal_value=0.000468384 0.00198915 -0.000686499 -0.00223982 -0.000148331 -0.00232759 -0.00550193 -0.00369021 -0.00206633 -0.00583333 0.0017093 0.00385965 0.00241875 0.00277101
internal_weight=3842 1658 2184 1325 808 579 517 438 391 251 859 170 1599 1558
internal_count=3842 1658 2184 1325 808 579 517 438 391 251 859 170 1599 1558
is_linear=0
shrinkage=0.03


Tree=411
num_leaves=15
num_cat=0
split_feature=85 82 80 29 80 15 83 85 61 61 79 11 16 81
split_gain=7.4289 7.55159 9.76245 9.50852 7.60534 13.3707 12.0101 6.49772 6.34464 8.81772 7.09794 8.64727 7.00275 8.30798
threshold=415.35294777154928 -154.71361529827115 -248.15716445446012 0.88604315603069461 -126.84077084064482 28.500000000000004 -123.9264758825302 346.12485220034927 0.77489762153908115 0.81433602060767074 5.7493161464114992 1.0000000180025095e-35 29.500000000000004 3880.6968332529073
decision_type=10 8 10 10 8 2 10 10 10 10 10 2 2 8
left_child=1 2 -1 -4 5 6 -3 8 -6 -10 11 -11 13 -12
right_child=-2 4 3 -5 7 -7 -8 -9 9 10 12 -13 -14 -15
leaf_value=-0.17573859143442366 -0.58420056646691398 -0.053942620850270392 0.001968840355527135 0.48792649761700707 -0.002010512176182326 0.1134985276952644 -0.76160131766778705 0.25037356064199456 0.22146564069028163 -0.39181353600151675 0.93198830811187872 0.11339099858746787 -0.068237431202118115 0.018825400829692428
leaf_weight=42 68 58 43 41 2830 58 70 51 87 104 61 49 62 184
leaf_count=42 68 58 43 41 2830 58 70 51 87 104 61 49 62 184
internal_value=0.000189026 0.000368885 0.00755906 0.0134118 0.000116183 -0.0057754 -0.0111628 0.000437445 0.000275311 0.00322993 0.00156182 -0.0037013 0.00418831 0.00646341
internal_weight=3808 3740 126 84 3614 186 128 3428 3377 547 460 153 307 245
internal_count=3808 3740 126 84 3614 186 128 3428 3377 547 460 153 307 245
is_linear=0
shrinkage=0.03


Tree=412
num_leaves=15
num_cat=0
split_feature=68 40 60 3 25 14 76 3 37 8 35 28 53 39
split_gain=6.21768 5.22467 11.7343 15.9349 9.20741 12.0877 9.69205 8.96072 8.17981 6.28374 12.8478 10.4387 8.66219 8.73248
threshold=-0.3149045922101707 1207.9853058364151 240.62907075881961 15.208333333343036 0.79539508110936696 521.50711505370043 2876.1071532964711 17.708333333343038 1279.1004785370958 4.1116967280546719 20.00793650793651 180.50000000000003 7.5000000000000009 3254.5773866147051
decision_type=8 10 10 2 8 10 8 2 10 10 8 2 8 10
left_child=-1 4 -3 -4 5 6 -2 -8 -5 10 -6 -12 -11 -14
right_child=1 2 3 8 9 -7 7 -9 -10 12 11 -13 13 -15
leaf_value=0.066798836896787533 -0.58819613767846712 0.029090417390344528 -0.90013885372360192 -0.057974430104134334 -0.021152260618741908 -0.42120614318338379 -0.015053335018922951 0.26082940630436396 0.058950178770316088 -0.046405250350503593 -0.0032567091777575461 1.2450172123910737 0.10560963308865096 -0.0061268366366475386
leaf_weight=70 51 493 86 43 1720 41 66 43 68 301 74 83 436 261
leaf_count=70 51 493 86 43 1720 41 66 43 68 301 74 83 436 261
internal_value=0.000500391 0.000334484 0.00269175 -0.00348485 -0.000194995 -0.00638614 -0.0026087 0.00245455 0.00401786 0.000239917 -0.000782748 0.00740506 0.00216216 0.00399713
internal_weight=3836 3766 690 197 3076 201 160 109 111 2875 1877 157 998 697
internal_count=3836 3766 690 197 3076 201 160 109 111 2875 1877 157 998 697
is_linear=0
shrinkage=0.03


Tree=413
num_leaves=15
num_cat=0
split_feature=4 14 85 23 23 71 14 25 81 77 38 64 3 81
split_gain=7.61002 10.5688 9.19238 15.1004 15.9072 10.1702 9.1891 8.83846 9.04213 10.4429 10.917 9.85882 11.5647 22.081
threshold=8.5000000000000018 761.76300300386606 82.902564764022841 3.075762271881104 4.8354868888854989 13.500000000000002 250.24287296422565 0.9533066860465117 4668.6520421504983 -293.80850327014917 2940.5795227696012 4.2491671998929368 15.625000000000002 5767.8591663837442
decision_type=2 10 8 10 10 8 10 8 8 10 8 8 2 8
left_child=7 2 3 5 -5 -2 -6 8 -1 10 -10 -11 13 -13
right_child=1 -3 -4 4 6 -7 -8 -9 9 11 -12 12 -14 -15
leaf_value=0.026952447924771316 -0.25979668973957937 0.39510564546602334 -0.0088448358041975442 0.59366782510107452 0.72298825560826852 0.12127718640805568 0.010563402702134787 0.028595462563565412 -0.084241690689577028 -0.40663687171791124 0.035830028277048398 -1.6374389328969861 0.010277061368884368 -0.035994631442519701
leaf_weight=618 70 96 450 43 51 55 116 740 93 267 184 54 404 539
leaf_count=618 70 96 450 43 51 55 116 740 93 267 184 54 404 539
internal_value=0.000587146 0.00302721 0.00187023 0.005625 0.0105213 -0.00261905 0.00625 -0.000155172 -0.001125 -0.00235409 0.00291367 -0.00350988 -0.00213427 -0.00479798
internal_weight=3780 881 785 335 210 125 167 2899 2159 1541 277 1264 997 593
internal_count=3780 881 785 335 210 125 167 2899 2159 1541 277 1264 997 593
is_linear=0
shrinkage=0.03


Tree=414
num_leaves=15
num_cat=0
split_feature=64 84 68 14 32 82 17 62 68 3 53 79 56 39
split_gain=10.2464 12.4063 9.34637 11.3602 12.1513 11.3528 8.43642 7.69024 12.894 10.4574 8.45545 8.24446 7.33879 12.1741
threshold=4.1685807728831863 150.56124365329745 0.013407940549422867 619.91529218281505 0.11882352941176472 19.397353808085125 42.500000000000007 0.26963012312595108 0.18592628841098088 17.458333333343038 7.5000000000000009 9.6248274839675787 167.46027362346652 564.44711977080988
decision_type=8 10 10 10 8 8 2 10 10 2 10 10 8 10
left_child=1 2 3 4 -1 6 -6 8 9 10 -4 -11 -2 -14
right_child=12 -3 7 -5 5 -7 -8 -9 -10 11 -12 -13 13 -15
leaf_value=-0.71959733310419061 0.0052782838985811617 0.74038090806908319 -0.37100794427151296 0.032791994067511966 -0.44901517098403132 -0.42358756594899316 0.29592267863984717 -0.1656565999242573 0.28657477019745131 -0.0025210026520208115 0.051639515145269994 -0.71301192344932374 -0.15682854166215893 0.052708744085873289
leaf_weight=57 2353 41 50 41 47 143 62 93 86 41 145 42 98 545
leaf_count=57 2353 41 50 41 47 143 62 93 86 41 145 42 98 545
internal_value=0.000577373 -0.00233216 -0.00315594 -0.00683761 -0.00880645 -0.00592885 0.00136364 -0.000327511 0.00164384 -0.00150538 0.00229592 -0.0103571 0.0014014 0.00423913
internal_weight=3844 848 807 350 309 252 109 457 364 278 195 83 2996 643
internal_count=3844 848 807 350 309 252 109 457 364 278 195 83 2996 643
is_linear=0
shrinkage=0.03


Tree=415
num_leaves=15
num_cat=0
split_feature=77 40 68 58 28 43 8 8 9 39 79 40 80 29
split_gain=6.49398 7.34611 9.9102 10.1622 9.14837 13.0319 10.9901 10.9625 12.7407 17.8264 20.3668 11.7492 11.6225 10.5585
threshold=107.6919767856598 1207.9853058364151 -0.20227084651936897 1373.4712911844256 223.50000000000003 155.30771519491097 5.441560409786109 4.5699652334725185 150.00000000000003 2697.297810430739 11.216482071624336 45.180242109435198 278.90583515167242 0.90508639009516789
decision_type=10 10 8 10 2 8 10 10 2 10 8 8 10 10
left_child=1 4 -3 -4 7 -6 -7 11 9 -9 -11 13 -13 -1
right_child=-2 2 3 -5 5 6 -8 8 -10 10 -12 12 -14 -15
leaf_value=0.24739059469286259 -0.027455861940296224 -0.16957999823404818 0.042950027625358586 -0.035772947200161831 0.20131118110552973 0.015392456085711353 -0.29106515767993513 0.36716246858638163 0.12706260657366353 -0.45245282444123514 0.0037291953426648932 -0.030441303254954224 -0.66380925688372816 -0.020110273823350296
leaf_weight=133 191 42 513 53 398 575 77 100 173 56 119 1166 49 212
leaf_count=133 191 42 513 53 398 575 77 100 173 56 119 1166 49 212
internal_value=0.000847589 0.00112899 0.00413793 0.00518519 0.000529585 0.00279734 0.000183767 -0.000657043 0.00347439 -0.000543478 -0.00630682 -0.00184497 -0.00323191 0.00303468
internal_weight=3857 3666 608 566 3058 1050 652 2008 448 275 175 1560 1215 345
internal_count=3857 3666 608 566 3058 1050 652 2008 448 275 175 1560 1215 345
is_linear=0
shrinkage=0.03


Tree=416
num_leaves=15
num_cat=0
split_feature=1 66 67 37 33 61 24 63 8 56 64 31 82 9
split_gain=6.98938 5.34068 10.4024 9.39382 14.5467 11.5336 9.59819 8.88387 8.22996 7.93216 7.45736 6.90752 10.0475 6.5548
threshold=886.3055204153062 126.87829232215883 204.69094971319041 1363.170748722546 14.803610930383867 0.021590878864509302 43.500000000000007 -23.580146410586185 3.8108411213951379 158.57630646228793 3.6835287751673564 13.003846153846155 63.440370798110969 150.00000000000003
decision_type=2 10 10 8 10 8 2 8 10 10 10 10 10 2
left_child=1 2 -1 5 6 -3 -5 -6 -4 11 -9 12 -7 -12
right_child=-2 3 8 4 7 9 -8 10 -10 -11 13 -13 -14 -15
leaf_value=0.0052563572528447006 -0.1881517756937566 0.14524524466400329 0.005338295723778543 0.71462162436106658 -0.42246197527478951 0.14604222728851537 0.015353008593514801 -0.52535772466851027 1.0064102537389008 -1.1857635679042657 -0.030676361355714901 -0.32817622543975178 -0.3590312293184712 0.16799866722008389
leaf_weight=2980 43 58 57 53 44 63 55 54 59 58 109 79 48 74
leaf_count=2980 43 58 57 53 44 63 55 54 59 58 109 79 48 74
internal_value=0.000297262 0.000435127 0.000968679 -0.00193966 0.00115385 -0.00586319 0.0104587 -0.00244681 0.00974359 -0.0086747 -0.00012605 -0.00565445 -0.000803571 0.00277174
internal_weight=3834 3791 3096 695 389 306 108 281 116 248 237 190 111 183
internal_count=3834 3791 3096 695 389 306 108 281 116 248 237 190 111 183
is_linear=0
shrinkage=0.03


Tree=417
num_leaves=15
num_cat=0
split_feature=26 77 80 37 48 40 26 62 3 80 8 31 0 77
split_gain=5.27819 11.2549 12.743 7.62772 6.77817 6.10574 16.1038 10.6853 9.31538 12.3504 10.2929 11.8229 7.99711 7.43512
threshold=62.500000000000007 -151.74329483509061 -2.68707263469696 238.99077042156185 15.687763532002768 1207.9853058364151 86.500000000000014 0.082227534783559333 15.625000000000002 172.16384315490725 6.8404960412691738 16.704166666666669 290.50000000000006 -232.80013161897656
decision_type=2 10 10 10 10 10 2 8 2 8 8 8 2 10
left_child=1 2 -1 4 -3 12 7 -7 10 -10 11 -8 -2 -9
right_child=5 3 -4 -5 -6 6 8 13 9 -11 -12 -13 -14 -15
leaf_value=-0.010412472594576408 -0.0003291218135449014 -0.62501883689315996 0.87362901703067786 0.010444129161338633 -0.055786359860614761 0.0060049605866612302 -0.89631571807412791 0.039720620736933311 0.36529512950148701 -0.044395895893872536 0.024446142830278923 -0.0058274803236207512 0.14826209604350948 0.59396937570378849
leaf_weight=151 2831 48 57 60 91 70 49 58 65 75 69 78 70 74
leaf_count=151 2831 48 57 60 91 70 49 58 65 75 69 78 70 74
internal_value=0.000358721 -0.00286765 0.00200957 -0.00795 -0.0117857 0.000741279 0.00367347 0.0103448 -0.000356083 0.00553191 -0.00456853 -0.00960937 0.000196416 0.0153383
internal_weight=3846 407 208 199 139 3439 538 202 336 140 196 127 2901 132
internal_count=3846 407 208 199 139 3439 538 202 336 140 196 127 2901 132
is_linear=0
shrinkage=0.03


Tree=418
num_leaves=15
num_cat=0
split_feature=77 16 50 17 17 35 83 81 59 39 17 81 64 7
split_gain=6.80838 8.68416 9.14992 9.38606 10.7085 11.1661 9.50574 9.49378 11.5155 9.74091 8.77952 14.1866 11.9074 13.9565
threshold=107.6919767856598 47.500000000000007 1543.0117584466936 5.0000000000000009 41.500000000000007 13.804399808703971 143.66439068317416 6680.4255408048639 187.54545378685 1493.2433538745202 24.500000000000004 4368.5585507154474 4.4334419921958697 2467.6096048272352
decision_type=10 2 10 2 2 8 10 10 8 10 2 8 8 10
left_child=1 2 3 -1 10 7 -7 8 -6 -9 -5 -12 13 -13
right_child=-2 -3 -4 4 5 6 -8 9 -10 -11 11 12 -14 -15
leaf_value=-0.37581403979044908 -0.033414964981004901 0.064551561156964574 -0.083162675114735768 0.0026390626568942822 -0.12425067933899164 0.013265308412905455 -0.25863176160321749 0.46390110905892995 -1.1684015435742883 -0.17837952336082188 1.3834445719212121 -1.3802723533950931 0.13444777353033693 0.0054111630526708148
leaf_weight=90 190 95 226 924 303 736 42 47 44 58 62 40 745 311
leaf_count=90 190 95 226 924 303 736 42 47 44 58 62 40 745 311
internal_value=0.000498212 0.000781418 0.000545605 0.00093447 0.00119529 -0.00102356 0.00115533 -0.00476821 -0.00715517 0.00311321 0.002506 0.00424504 0.00344576 -0.00110795
internal_weight=3913 3723 3628 3402 3312 1230 778 452 347 105 2082 1158 1096 351
internal_count=3913 3723 3628 3402 3312 1230 778 452 347 105 2082 1158 1096 351
is_linear=0
shrinkage=0.03


Tree=419
num_leaves=15
num_cat=0
split_feature=14 48 14 15 64 26 60 53 28 26 25 26 43 26
split_gain=5.79213 11.2544 11.1524 7.94898 13.7342 11.6349 9.82445 10.1818 9.07634 10.8997 8.17103 8.05432 9.88718 8.5458
threshold=51.094293393301065 97.622194449106871 96.809017533079938 17.500000000000004 5.6402636516565261 209.50000000000003 352.53517699241644 5.5000000000000009 424.50000000000006 236.50000000000003 0.9225774225774227 165.50000000000003 791.03397327249456 148.50000000000003
decision_type=8 8 8 2 10 2 10 8 2 2 10 2 10 2
left_child=1 -1 -2 4 5 -4 7 10 11 -10 -5 13 -13 -9
right_child=2 -3 3 6 -6 -7 -8 8 9 -11 -12 12 -14 -15
leaf_value=0.096027814091754565 -0.25141534552749539 -0.10651629688344291 -0.0096508386751467598 -1.5721958399769342 -0.82954452274012247 0.55392050588425579 -0.18842847324396444 0.029669602261730717 -0.24294630414907045 0.03179579635925215 0.017366486976465863 0.0082345347409025563 0.73444941279441545 -0.25226962395419961
leaf_weight=213 78 116 1827 40 80 56 56 1027 65 45 40 64 56 65
leaf_count=213 78 116 1827 40 80 56 56 1027 65 45 40 64 56 65
internal_value=0.000109689 0.00390909 -0.000248571 8.7668e-06 -0.00123727 -0.000716561 0.00168609 0.00218104 0.00281179 -0.00540541 -0.00814815 0.00356142 0.0109091 0.00274474
internal_weight=3828 329 3499 3421 1963 1883 1458 1402 1322 110 80 1212 120 1092
internal_count=3828 329 3499 3421 1963 1883 1458 1402 1322 110 80 1212 120 1092
is_linear=0
shrinkage=0.03


Tree=420
num_leaves=15
num_cat=0
split_feature=5 69 17 30 17 81 29 38 35 81 44 63 8 26
split_gain=6.00233 9.86672 11.4749 10.0255 11.2047 13.4534 10.3514 9.85564 10.4335 9.00585 12.2706 7.1106 9.33276 7.01918
threshold=78.15638923645021 -28.404034242241469 44.000000000000007 9.0500000000000025 35.000000000000007 9672.8086192607898 0.9150452973982387 2234.8894581096342 15.626679104477613 5024.683819413186 107.36790573596956 378.00766587459799 1.9580045668188861 88.500000000000014
decision_type=10 10 2 10 2 8 10 8 8 10 10 8 10 2
left_child=-1 3 9 4 6 -6 -2 -5 -9 10 -3 12 -12 -11
right_child=1 2 -4 7 5 -7 -8 8 -10 13 11 -13 -14 -15
leaf_value=0.0087858543025621568 0.22263382624891534 0.25411172138178845 -0.23626218401719623 -0.64576103139765983 0.13187120552171649 0.62727935945667102 -0.046004354847308519 0.16347917722194627 -0.078778449797556618 -0.0070541703837497579 0.14770567277799793 -0.49742433089356275 -0.097779845714537419 -0.50963003901335091
leaf_weight=2693 64 113 76 43 153 65 185 43 167 54 41 43 41 54
leaf_count=2693 64 113 76 43 153 65 185 43 167 54 41 43 41 54
internal_value=0.000351929 -0.00146982 -0.00510638 0.000665742 0.00326923 0.00821918 -0.00108 -0.00413386 -0.0014218 -0.00276657 0.000502092 -0.00595238 -0.000722892 -0.00990826
internal_weight=3835 1142 422 720 467 218 249 253 210 346 238 125 82 108
internal_count=3835 1142 422 720 467 218 249 253 210 346 238 125 82 108
is_linear=0
shrinkage=0.03


Tree=421
num_leaves=15
num_cat=0
split_feature=27 36 29 28 81 52 4 73 14 26 8 59 16 41
split_gain=10.7617 10.6579 10.4592 13.6413 11.2059 10.9916 13.2934 8.76005 8.05241 7.9656 7.76884 6.55444 7.80797 9.22238
threshold=0.96828988005458605 0.99305555555555569 0.96987619911848599 134.50000000000003 6567.2136197090158 3341.8551145792012 6.5000000000000009 44.872095584869392 432.28178450672152 64.500000000000014 7.9263058607597712 477.38273656368261 26.500000000000004 102.03150033950807
decision_type=10 10 10 2 8 8 2 10 10 2 8 10 2 10
left_child=1 7 3 -2 -4 6 -6 10 -9 -7 11 12 -1 -14
right_child=2 -3 4 -5 5 9 -8 8 -10 -11 -12 -13 13 -15
leaf_value=0.0090085393301951901 -0.99537595002814827 0.33785462259652754 -0.35144952563714443 -0.086543779713186733 0.55482062161241652 0.21636738278233819 0.0034468706429517937 0.015435572283992567 0.8679068462064371 -0.24528439418999592 0.33334998622283335 0.33322554699041246 -0.0011921759455835472 -0.49854071071283701
leaf_weight=2443 46 68 72 140 42 51 47 78 45 62 54 49 495 130
leaf_count=2443 46 68 72 140 42 51 47 78 45 62 54 49 495 130
internal_value=0.000784724 0.00137377 -0.0035141 -0.00898396 0.000218182 0.00384236 0.0116667 0.00112898 0.00895161 -0.00236842 0.000822825 0.000625401 0.000449658 -0.00253994
internal_weight=3822 3362 460 186 274 202 89 3294 123 113 3171 3117 3068 625
internal_count=3822 3362 460 186 274 202 89 3294 123 113 3171 3117 3068 625
is_linear=0
shrinkage=0.03


Tree=422
num_leaves=15
num_cat=0
split_feature=4 76 76 23 33 27 22 80 50 16 80 26 30 71
split_gain=6.8606 7.14783 7.1392 8.528 6.65587 9.02837 8.10884 6.54123 7.08427 8.66236 6.78754 11.0345 13.2723 9.9519
threshold=9.5000000000000018 -12.485624670982359 154.58470845222476 5.0342426300048837 11.595511583011586 0.92066988322494947 5.8354868888854989 -226.06687355041501 3091.5617064237599 47.500000000000007 -65.404178261756883 109.50000000000001 7.9500000000000011 11.500000000000002
decision_type=2 8 8 10 8 10 2 8 10 2 8 2 10 10
left_child=1 -1 3 -3 -2 6 -6 -4 9 10 11 13 -13 -9
right_child=4 2 7 -5 5 -7 -8 8 -10 -11 -12 12 -14 -15
leaf_value=0.078573506926302508 2.2411491132792336 -0.0043696306012915897 0.1143880830499434 -0.3282258621186423 0.10482273304562498 -0.28449698420398178 -0.0039739247068623839 0.0019199190907048446 -0.13835477922710179 0.046737697620997665 0.0069305518323897527 -0.068017576361873403 0.15882226301981289 -0.35746179983860454
leaf_weight=52 47 67 80 44 79 43 70 115 88 89 2679 54 108 204
leaf_count=52 47 67 80 44 79 43 70 115 88 89 2679 54 108 204
internal_value=0.00071466 0.000385367 0.000221026 -0.00723214 0.005625 0.00310881 0.0066 0.000465184 0.000260635 0.000489231 0.000227776 -0.00304979 0.00331288 -0.00628125
internal_weight=3819 3580 3528 111 239 192 149 3417 3337 3249 3160 481 162 319
internal_count=3819 3580 3528 111 239 192 149 3417 3337 3249 3160 481 162 319
is_linear=0
shrinkage=0.03


Tree=423
num_leaves=15
num_cat=0
split_feature=17 17 28 48 3 8 0 50 60 77 77 0 36 16
split_gain=6.35961 15.4928 13.6748 13.4147 12.6655 23.9373 14.7689 16.3013 17.1395 12.2812 11.2078 9.1327 8.31097 7.99188
threshold=24.500000000000004 26.500000000000004 287.50000000000006 140.19411953290304 13.291666666656967 4.1591447234351344 1.0000000180025095e-35 88.628312587738051 650.78323733806621 -69.269413292407975 -109.34446936845778 -25.499999999999996 0.1924501424501425 9.5000000000000018
decision_type=2 2 2 10 2 10 2 8 8 10 10 2 10 2
left_child=2 10 4 -4 6 11 9 -8 -9 -1 -2 -6 -7 -3
right_child=1 13 3 -5 5 12 7 8 -10 -11 -12 -13 -14 -15
leaf_value=-0.029542729395026866 0.99200753440354361 0.048079072073859558 -0.87443563188749118 0.04518854346620331 -0.051924405628369835 0.017623110335322635 -0.85984065954236411 0.13456677302686831 -0.41751399445918519 1.0388645181141758 -0.0058241472755334199 0.013548266998747564 1.0339072840407022 8.1402669289342732e-06
leaf_weight=161 94 608 63 44 83 60 145 78 47 42 49 255 83 1997
leaf_count=161 94 608 63 44 83 60 145 78 47 42 49 255 83 1997
internal_value=0.000700787 0.00146235 -0.00127119 -0.0113889 -0.000125654 0.00329876 -0.00360759 -0.00819188 -0.000238095 0.0025 0.0110417 -0.00106195 0.0135417 0.000932464
internal_weight=3809 2748 1061 107 954 481 473 270 125 203 143 338 143 2605
internal_count=3809 2748 1061 107 954 481 473 270 125 203 143 338 143 2605
is_linear=0
shrinkage=0.03


Tree=424
num_leaves=15
num_cat=0
split_feature=81 38 84 68 83 33 3 67 15 77 83 77 77 16
split_gain=7.79155 10.7756 8.55435 8.0211 7.04925 6.32596 8.36601 8.5655 8.92258 10.2295 7.98681 10.6543 12.3498 17.1928
threshold=18475.278392434124 2594.5632551622789 23.176345030466717 -0.3149045922101707 -38.046280741691582 14.972670807453419 20.208333333343038 -43.336179780654447 27.500000000000004 -167.87642562389371 46.428337693214424 -204.02106446027753 -94.11861419677733 31.500000000000004
decision_type=10 10 8 8 10 10 2 8 2 10 10 8 8 2
left_child=3 2 -2 -1 -3 6 7 8 9 -5 -9 -12 13 -13
right_child=1 4 -4 5 -6 -7 -8 10 -10 -11 11 12 -14 -15
leaf_value=0.12126358521893223 -0.73701450155511483 0.2556230429284756 -0.0061619177186981594 0.35980164723808522 -0.045371666896608716 -0.0085932596388271897 0.20304749189476803 0.0062439714412038522 0.005606766084258758 0.014735343256522348 0.10785141584130699 -0.7528070443334427 -0.0089997526548995666 0.011319362191032524
leaf_weight=69 53 52 44 63 60 1402 263 1315 116 44 78 108 151 45
leaf_count=69 53 52 44 63 60 1402 263 1315 116 44 78 108 151 45
internal_value=0.000333851 -0.00528571 -0.012551 0.000656635 0.00106195 0.000460123 0.00146978 0.000780843 0.00629464 0.0125 5.30035e-05 -0.00375979 -0.00629508 -0.0122727
internal_weight=3863 209 97 3654 112 3585 2183 1920 223 107 1697 382 304 153
internal_count=3863 209 97 3654 112 3585 2183 1920 223 107 1697 382 304 153
is_linear=0
shrinkage=0.03


Tree=425
num_leaves=15
num_cat=0
split_feature=16 44 16 3 85 15 15 56 8 29 38 48 26 3
split_gain=6.98262 6.28503 6.03971 15.2584 15.4006 13.7912 12.9322 15.251 12.6322 11.7969 11.7366 11.5068 11.0995 9.95831
threshold=47.500000000000007 3107.8843531608586 12.500000000000002 15.625000000000002 -120.31627357006072 41.500000000000007 38.500000000000007 -78.761731584866837 3.829721678959157 0.920697250493696 2993.8307015951536 -54.084205905596406 88.500000000000014 17.541666666656969
decision_type=2 8 2 2 8 2 2 10 10 10 10 10 2 2
left_child=2 -2 3 4 -1 8 7 -6 11 12 -4 -5 -10 -13
right_child=1 -3 10 5 6 -7 -8 -9 9 -11 -12 13 -14 -15
leaf_value=-1.0645237033622592 0.039719287024795623 -0.0090655144411088094 -0.032597814560974284 0.64165249618887055 0.71474857221240307 -0.22870537640522867 0.11067879332312973 -0.016987283412649656 0.1586391235553512 0.98258181798905553 0.018812082208903239 0.03238780522002159 -0.012760808129572893 -0.15913101242903263
leaf_weight=103 81 43 1541 49 59 40 118 722 146 98 588 81 88 106
leaf_count=103 81 43 1541 49 59 40 118 722 146 98 588 81 88 106
internal_value=0.000225155 0.0072 -8.02139e-06 0.00137803 -0.000897308 0.00512315 0.000366667 -0.00103581 0.00632689 0.0100901 -0.00105634 0.00101266 0.00638298 -0.00239362
internal_weight=3863 124 3739 1610 1002 608 899 781 568 332 2129 236 234 187
internal_count=3863 124 3739 1610 1002 608 899 781 568 332 2129 236 234 187
is_linear=0
shrinkage=0.03


Tree=426
num_leaves=15
num_cat=0
split_feature=28 80 27 26 48 65 56 64 80 45 43 80 62 65
split_gain=6.44597 11.0936 13.0221 10.2641 9.78449 11.5415 10.7964 8.7797 9.41329 8.61809 8.1179 7.53827 7.3823 7.23478
threshold=219.50000000000003 -101.50122702121733 0.92009389671361508 111.50000000000001 -26.959252635637913 1.1409444799948651 5.2539614041646336 3.6835287751673564 87.083806753158584 5.5000000000000009 415.91076209892634 -7.8471612930297843 0.16652740172698458 0.93867212142873668
decision_type=2 8 10 2 10 8 10 8 8 10 10 10 10 8
left_child=3 2 -2 7 5 -3 11 8 12 -7 -11 -6 -1 -9
right_child=1 4 -4 -5 6 9 -8 13 -10 10 -12 -13 -14 -15
leaf_value=-0.54363061151955905 0.73593747050401459 -0.37741672486463568 0.014034181099895678 -0.28244748269920028 0.47479380162668611 -0.058029120669067277 0.010116067655468726 0.11538255726953384 0.038967700748178943 0.49779167022314003 -0.012377983885685779 0.15688920509014329 -0.0083048948872558419 0.0032355279625669018
leaf_weight=85 60 130 80 152 72 65 847 224 79 61 46 52 50 1822
leaf_count=85 60 130 80 152 72 65 847 224 79 61 46 52 50 1822
internal_value=0.000619446 0.00222772 0.0102128 -0.000323249 0.00134223 -0.00336634 0.00280864 0.000185759 -0.0055814 0.0017341 0.00694444 0.01104 -0.0103676 0.000791402
internal_weight=3825 1413 140 2412 1273 302 971 2260 214 172 107 124 135 2046
internal_count=3825 1413 140 2412 1273 302 971 2260 214 172 107 124 135 2046
is_linear=0
shrinkage=0.03


Tree=427
num_leaves=15
num_cat=0
split_feature=68 5 41 41 76 77 31 7 62 80 5 70 0 51
split_gain=5.85075 6.37099 11.3903 9.18942 21.905 10.2235 10.8655 9.50294 9.45534 9.41578 8.54329 14.5301 8.45759 8.44641
threshold=-0.30836342391096222 73.694479584693923 106.43597352504732 45.230598330497749 341.44716060161596 -30.310070514678952 18.385454545454547 2913.9776374413418 -0.049109444779318751 75.468877673149123 4274.7405514717111 0.93095238095238109 409.00000000000006 -1963.4484591484068
decision_type=8 10 10 10 10 8 8 10 8 10 10 10 2 10
left_child=-1 12 3 5 7 6 8 -5 -3 -10 11 -4 -2 -6
right_child=1 2 10 4 13 -7 -8 -9 9 -11 -12 -13 -14 -15
leaf_value=0.045133832595531657 0.0048537696123415941 0.046332561796009059 -0.30522756916747878 -0.29837942046779597 0.10209821137766802 0.024583986221132215 -0.72113966394938278 0.11017642537930698 -0.15305163352602025 0.063141267815211108 0.16410457238638446 -0.011712894089395895 1.6189009105893222 2.4715830788057618
leaf_weight=85 2555 96 193 58 42 214 67 68 148 51 40 180 45 47
leaf_count=85 2555 96 193 58 42 214 67 68 148 51 40 180 45 47
internal_value=0.000285347 0.000110381 -0.00169295 0.000416667 0.00569444 -0.00155979 -0.0046281 -0.0023622 -0.00212838 -0.00585 -0.00572464 -0.00713904 0.00094579 0.017
internal_weight=3889 3804 1204 791 215 576 362 126 295 199 413 373 2600 89
internal_count=3889 3804 1204 791 215 576 362 126 295 199 413 373 2600 89
is_linear=0
shrinkage=0.03


Tree=428
num_leaves=15
num_cat=0
split_feature=42 1 31 42 31 85 39 50 79 64 42 81 34 43
split_gain=6.86512 11.2877 10.0652 9.32646 9.90229 8.4879 8.71447 8.60762 9.16732 8.35219 8.69764 8.3416 8.11844 10.6595
threshold=37.93373095989228 623.82469952106487 18.011111111111116 52.324355363845832 19.813852813852815 -166.46159539620081 4512.7353701189886 1.972092390060425 8.1371933716590323 3.1373304449760417 20.666925191879276 7363.0273438692102 0.18933143669985777 490.42671549149583
decision_type=8 2 8 8 10 8 10 10 10 8 10 8 8 10
left_child=1 -1 9 4 -2 -4 7 8 -7 -3 -11 -12 13 -5
right_child=3 2 5 12 -6 6 -8 -9 -10 10 11 -13 -14 -15
leaf_value=0.046574221589473566 0.31840185294336321 -0.57184453011401004 -0.88934157352811449 0.18824469639615207 -0.025823526295212958 -0.2565758236981735 0.021325869256792487 -0.3646445065716506 0.057535008443796193 0.013895401654034393 -0.48015437786627968 0.0038758741609038693 -0.00564609538938285 0.0011936629965904433
leaf_weight=266 127 41 58 185 44 110 57 109 141 1014 59 57 1299 288
leaf_count=266 127 41 58 185 44 110 57 109 141 1014 59 57 1299 288
internal_value=0.000272303 -0.00100366 -0.00193078 0.00152778 0.00819767 -0.00560924 -0.00409091 -0.00581717 -0.0027381 -0.000435154 5.30504e-05 -0.00769231 0.000879865 0.00424051
internal_weight=3855 1912 1646 1943 171 475 417 360 251 1171 1130 116 1772 473
internal_count=3855 1912 1646 1943 171 475 417 360 251 1171 1130 116 1772 473
is_linear=0
shrinkage=0.03


Tree=429
num_leaves=15
num_cat=0
split_feature=22 36 85 38 77 17 43 14 27 64 85 65 66 59
split_gain=4.45667 8.5127 13.7065 9.10268 10.0572 8.68033 10.3202 8.84144 7.88401 10.4672 9.21457 8.53183 7.80109 7.79066
threshold=6.0054835081100473 0.36867654573326525 230.42798066139224 3001.5023253427366 -149.80711764097211 21.500000000000004 807.91371676281858 507.01975456513384 0.91217864205669097 3.8979113245030281 -87.620358983675615 1.1409444799948651 -88.968615293502793 177.0216261148453
decision_type=2 8 8 10 8 2 10 8 10 10 8 8 8 10
left_child=-1 3 -3 13 12 -4 7 -7 10 -10 -6 -12 -5 -2
right_child=1 2 5 4 8 6 -8 -9 9 -11 11 -13 -14 -15
leaf_value=-0.0054895861767154082 -0.10823730783537364 0.18474138968104525 0.29333397986086479 -1.0368262220446252 -0.026225316153322156 -0.028384780005514327 0.029349716842163334 -0.64405259066366882 0.59765049488357591 -0.28811247957845948 0.73498468632505465 0.019285922910907152 0.00063009942987057995 0.52224975056207124
leaf_weight=2284 370 333 41 40 40 128 85 43 49 68 82 59 143 40
leaf_count=2284 370 333 41 40 40 128 85 43 49 68 82 59 143 40
internal_value=0.000260116 0.00151774 0.00418384 -0.000369955 0.00242739 -0.000503356 -0.00256809 -0.00680233 0.0058194 -0.000254237 0.00972527 0.0133099 -0.00309783 -0.00364964
internal_weight=3805 1521 630 891 481 297 256 171 298 117 181 141 183 410
internal_count=3805 1521 630 891 481 297 256 171 298 117 181 141 183 410
is_linear=0
shrinkage=0.03


Tree=430
num_leaves=15
num_cat=0
split_feature=40 28 29 37 65 36 36 82 79 79 61 67 82 79
split_gain=5.90533 12.4671 13.6251 11.8973 9.39165 8.67031 6.79687 6.59719 6.34103 7.94879 8.64022 7.91819 7.69145 7.73375
threshold=1118.2691687039005 171.50000000000003 0.93514435937644136 2125.2231700343223 0.82770312581455097 0.20398256389934619 0.15133897110641301 61.410017450650535 396.46469057803557 37.254137026532604 0.67243540872762586 596.58559644527941 -164.44167923927304 24.084247776707322
decision_type=10 2 10 8 10 10 10 10 10 10 8 10 8 10
left_child=8 7 3 4 -3 -4 -5 -2 9 11 -11 12 -1 -14
right_child=1 2 5 6 -6 -7 -8 -9 -10 10 -12 -13 13 -15
leaf_value=0.12711166497997134 0.011866861152350406 -0.61493924109412268 -0.043001031621715098 -0.010382627152252306 -0.017321756615112205 0.89802210031181517 0.15387307991202828 0.51439936200864622 -0.17966415747799735 -0.017627961835379152 0.41626338069644364 0.51352073123478004 -0.0090162792837534759 -0.07567741683768521
leaf_weight=71 319 83 40 85 65 80 40 73 87 77 84 46 2544 163
leaf_count=71 319 83 40 85 65 80 40 73 87 77 84 46 2544 163
internal_value=7.77605e-06 0.00232824 -0.0014467 -0.00514599 -0.0108725 0.00694215 0.00166667 0.00610687 -0.000585747 -0.000351641 0.00611111 -0.000722124 -0.000928392 -0.00118538
internal_weight=3857 785 393 273 148 120 125 392 3072 2985 161 2824 2778 2707
internal_count=3857 785 393 273 148 120 125 392 3072 2985 161 2824 2778 2707
is_linear=0
shrinkage=0.03


Tree=431
num_leaves=15
num_cat=0
split_feature=14 14 25 9 24 48 66 64 27 56 7 8 81 3
split_gain=5.31809 5.95642 12.454 13.1948 9.16159 8.45863 6.09847 6.76223 12.6302 11.9643 12.1495 8.16561 7.2548 7.74129
threshold=1861.1582322104912 803.86820059012734 0.907192075796727 210.00000000000003 26.500000000000004 27.551752249399822 698.59539151191723 5.679453871472357 0.93295825999497117 -10.488426486651102 4462.6690025137041 6.0015029857437598 4956.1504498720178 7.3750000000000009
decision_type=8 10 10 2 2 10 10 10 10 10 10 10 10 2
left_child=1 6 4 -4 -3 -5 7 11 9 -9 -11 -1 13 -13
right_child=-2 2 3 5 -6 -7 -8 8 -10 10 -12 12 -14 -15
leaf_value=0.00094723584146379376 -0.055161465917857325 0.009243629750639271 0.86883092024041542 -0.071910950505968282 -0.11749940432106314 0.29486391472300966 -0.17866469729848347 -0.89075847855125823 -0.38955293722894857 0.17087108831498204 -0.16946820620157471 0.079530657737504451 0.98564579222718252 -0.27226320686550881
leaf_weight=2875 48 69 70 41 61 57 99 73 73 127 45 51 80 40
leaf_count=2875 48 69 70 41 61 57 99 73 73 127 45 51 80 40
internal_value=2.3622e-05 0.000151515 0.00421405 0.0095858 -0.00274809 0.00242424 -0.000199192 1.78306e-05 -0.00413793 -0.000853659 0.00346821 0.000452904 0.00680233 0.000978261
internal_weight=3809 3761 298 168 130 98 3463 3364 318 245 172 3046 171 91
internal_count=3809 3761 298 168 130 98 3463 3364 318 245 172 3046 171 91
is_linear=0
shrinkage=0.03


Tree=432
num_leaves=15
num_cat=0
split_feature=79 80 53 68 60 30 25 34 16 60 80 68 77 80
split_gain=6.0582 9.49077 8.49434 12.9637 9.86371 8.12068 10.7822 10.4599 11.2713 7.43381 9.49023 9.22527 7.32828 7.21811
threshold=22.682745473257942 -203.66100168228147 7.5000000000000009 -0.047572584982071946 9.1268948316574114 11.950000000000001 0.86526825332795487 0.21473779385171793 34.500000000000007 -62.994291305541985 148.012978553772 -0.13449009866464459 -202.1419001817703 85.216893911361709
decision_type=10 8 10 10 10 10 10 10 2 10 10 8 10 8
left_child=1 -1 3 4 9 7 13 -2 -9 10 -3 -11 -6 -7
right_child=5 2 -4 -5 12 6 -8 8 -10 11 -12 -13 -14 -15
leaf_value=0.3762186145038956 -0.25124985753030793 -0.0034418352962872619 0.012607017736861584 -0.099350840900216897 0.98280858702212981 -0.010133557777491751 -0.025082165562186141 -0.058196133907993101 0.21639334529114662 0.011489293641958076 0.63290944166651253 -1.1969510837752233 0.041636857358120095 0.08342907601635427
leaf_weight=79 85 535 1885 508 52 44 174 136 67 40 45 43 86 88
leaf_count=79 85 535 1885 508 52 44 174 136 67 40 45 43 86 88
internal_value=0.000162875 0.000668907 0.000413146 -0.00144275 0.000935162 -0.00262185 0.000781759 -0.00622837 -0.0025 -0.000587349 0.000619621 -0.00892857 0.00820144 0.00721805
internal_weight=3867 3273 3194 1309 801 594 306 288 203 663 580 83 138 132
internal_count=3867 3273 3194 1309 801 594 306 288 203 663 580 83 138 132
is_linear=0
shrinkage=0.03


Tree=433
num_leaves=15
num_cat=0
split_feature=16 38 77 66 49 31 37 68 32 24 77 14 83 81
split_gain=7.93133 10.6697 8.23666 10.7467 13.3081 13.3174 6.85303 10.7318 8.47041 8.42516 14.3923 13.2776 7.22173 9.82407
threshold=1.0000000180025095e-35 2849.7141400370133 57.194347918033607 10.647032260894777 7.5000000000000009 1.4647727272727276 1508.0106115805047 -0.27076123694585724 0.21525096525096529 72.500000000000014 -118.72150576114653 448.94368686234867 35.384360194206245 4480.4049687385568
decision_type=2 10 10 8 10 10 10 10 10 2 8 10 10 10
left_child=1 -1 6 -4 5 -5 12 -8 -9 10 11 -10 -2 -14
right_child=2 -3 3 4 -6 -7 7 8 9 -11 -12 -13 13 -15
leaf_value=0.06318370081554707 0.0051982436890610903 -0.21798600297104415 -0.74985932511946241 0.004187943863181688 0.65939008959617751 -0.28154751005925299 0.062267484762353199 -0.0016358787755449996 -0.26453426751976161 -0.054060796538909432 0.64853167681714852 0.3356142960864969 0.020812836575079104 -0.16492770387265646
leaf_weight=44 1638 99 40 66 51 88 118 692 104 54 147 46 266 359
leaf_count=44 1638 99 40 66 51 88 118 692 104 54 147 46 266 359
internal_value=3.14713e-05 -0.006875 0.000302452 -0.005 -0.00218447 -0.00658065 0.000683212 0.00255594 0.00158046 0.00536932 0.00734899 0.000794702 -0.000278269 -0.00301917
internal_weight=3812 143 3669 245 205 154 3424 1161 1043 351 297 150 2263 625
internal_count=3812 143 3669 245 205 154 3424 1161 1043 351 297 150 2263 625
is_linear=0
shrinkage=0.03


Tree=434
num_leaves=15
num_cat=0
split_feature=31 16 37 4 77 26 31 28 54 62 82 63 78 0
split_gain=7.50712 11.8327 11.0162 10.643 13.9909 13.622 12.6257 13.3751 12.1381 15.9612 12.4247 11.2601 11.1915 13.2657
threshold=7.220202020202021 45.500000000000007 789.29621740936022 7.5000000000000009 -208.35183674097058 229.50000000000003 31.363333333333333 306.50000000000006 1950.0000000000002 -0.21841738588089057 -154.71361529827115 157.57080461896086 0.70833333333333337 136.50000000000003
decision_type=8 2 8 2 10 2 10 2 10 10 10 10 8 2
left_child=1 -1 -2 4 5 -4 7 8 9 -6 11 -11 -5 -14
right_child=2 -3 3 12 6 -7 -8 -9 -10 10 -12 -13 13 -15
leaf_value=0.018651278185059059 -0.32408493385176734 0.4762716714570146 0.022424970755454614 -0.032533429058242476 0.15634596513320914 -0.26375964599955098 0.056802575745094258 -0.39018465418615095 -0.59116965575172287 -0.11490551902835944 -0.14198027754172374 0.15983133231633104 0.0080128461453014485 0.65718405447471584
leaf_weight=792 162 41 471 228 61 72 63 88 46 58 442 53 972 229
leaf_count=792 162 41 471 228 61 72 63 88 46 58 442 53 972 229
internal_value=-0.000174649 0.00233813 -0.000885947 -0.00044181 -0.00234686 0.00137868 -0.0048399 -0.0059279 -0.00444781 -0.00331707 -0.0049278 0.00401786 0.00136364 0.0025208
internal_weight=3778 833 2945 2783 1354 543 811 748 660 614 553 111 1429 1201
internal_count=3778 833 2945 2783 1354 543 811 748 660 614 553 111 1429 1201
is_linear=0
shrinkage=0.03


Tree=435
num_leaves=15
num_cat=0
split_feature=1 4 84 82 84 77 5 5 46 60 23 25 27 66
split_gain=6.13616 6.45668 7.46151 7.55814 6.57603 6.50018 5.97586 8.60032 5.7537 10.673 11.8399 9.15395 10.3283 8.47932
threshold=623.82469952106487 7.5000000000000009 21.738479892412826 112.42983669042589 93.062780439853682 -118.72150576114653 50.751480937004096 97.547116756439223 630.00000000000011 -115.71950185298918 9.6022323369979876 0.9225774225774227 0.88757022471910119 -127.22491204738616
decision_type=2 2 10 8 10 8 10 10 10 8 8 10 10 10
left_child=1 5 3 -3 -4 -1 -7 -8 9 11 13 12 -2 -11
right_child=8 2 4 -5 -6 6 7 -9 -10 10 -12 -13 -14 -15
leaf_value=-0.085645738422437806 0.017969980574447878 0.93333720775861706 -0.16225826817829322 0.049377290646418638 0.10234734201600056 -0.15111397514187669 0.59771663605564129 -0.0027699503942104184 -0.005436665029031857 0.29244626328443712 -0.012554402675035723 0.19647626187918987 -0.89781010785754178 -0.0043003207536639818
leaf_weight=57 51 65 40 76 46 53 64 95 2926 157 106 43 49 51
leaf_count=57 51 65 40 76 46 53 64 95 2926 157 106 43 49 51
internal_value=0.000146907 0.00325956 0.00697368 0.0111972 0 0.000111111 0.00253521 0.0054375 -0.000310284 0.00281659 0.00590476 -0.00395833 -0.00891089 0.0100478
internal_weight=3879 496 227 141 86 269 212 159 3383 457 314 143 100 208
internal_count=3879 496 227 141 86 269 212 159 3383 457 314 143 100 208
is_linear=0
shrinkage=0.03


Tree=436
num_leaves=15
num_cat=0
split_feature=3 3 39 60 34 28 46 77 77 85 7 52 28 67
split_gain=5.2597 13.6738 10.9671 10.6222 14.6039 10.2175 11.0818 9.83996 14.4014 12.1673 14.8068 11.4627 9.37182 9.03318
threshold=15.708333333343036 17.625000000000004 2174.2342784856505 545.25383734703075 0.33578431372549028 290.50000000000006 1050.0000000000002 -165.26840126514432 -120.90247732400893 84.058398882548019 3042.4717548059893 18.17780697345734 421.50000000000006 -153.07576206922528
decision_type=2 2 10 8 10 2 10 10 10 10 10 8 2 8
left_child=7 2 3 4 -2 -3 12 -1 -9 11 -11 -10 -7 -13
right_child=1 5 -4 -5 -6 6 -8 8 9 10 -12 13 -14 -15
leaf_value=0.005030751199794601 0.022700734584821108 -0.011778505198833215 0.18206554848141535 0.53167405440059601 -0.85906898643932372 1.5132600544244135 -0.0109393074382396 -0.30012606701016104 -0.2514388538039864 0.012158385938045769 -0.50915815759493399 -0.50327360298014989 0.038346379423065499 0.017077634644784661
leaf_weight=1327 135 958 172 57 40 42 41 184 60 97 97 40 41 536
leaf_count=1327 135 958 172 57 40 42 41 184 60 97 97 40 41 536
internal_value=-2.3511e-05 0.00137189 0.00607407 0.00180258 -0.001875 -0.000387812 0.00768 -0.000909479 -0.003133 -0.00144404 -0.008 0.000565149 0.0139286 0.00187175
internal_weight=3827 1486 404 232 175 1082 124 2341 1014 830 194 636 83 576
internal_count=3827 1486 404 232 175 1082 124 2341 1014 830 194 636 83 576
is_linear=0
shrinkage=0.03


Tree=437
num_leaves=15
num_cat=0
split_feature=82 77 25 35 3 79 80 65 64 33 31 57 17 62
split_gain=7.31643 12.4524 11.4786 11.8115 12.1298 10.2727 8.6173 7.4553 17.2158 12.4822 11.2637 10.1645 13.9812 8.90857
threshold=60.036110917727164 55.777269005775459 0.92907444668008055 15.264912280701756 18.708333333343038 10.934302744559231 -34.518487572669976 0.94820677143922283 6.0508427742349857 21.675933075933081 24.240374331550807 8.5000000000000018 44.000000000000007 -0.12447698599024462
decision_type=8 10 8 8 2 10 8 10 10 10 8 10 2 10
left_child=1 2 -1 4 -4 -6 -2 11 9 -9 13 -8 -13 -10
right_child=6 -3 3 -5 5 -7 7 8 10 -11 -12 12 -14 -15
leaf_value=-0.023578881551393847 0.82542412899528039 -0.29044637017516223 0.052293822654016428 0.29427857626019921 -0.6389074773907012 0.026535160254626156 0.0051751980123176987 -0.042768361363150258 0.90319231992522719 -0.44787562211440229 0.14342089792358817 0.42842934704127478 -0.078197010099793032 -0.25548048489501368
leaf_weight=1100 47 61 278 148 56 40 1184 367 43 52 56 287 64 43
leaf_count=1100 47 61 278 148 56 40 1184 367 43 52 56 287 64 43
internal_value=0.000642801 -0.000837292 -0.000332717 0.00332696 0.00048 -0.00865979 0.00180504 0.00151645 -0.00144128 -0.0045 0.00755245 0.00259766 0.00707386 0.000689655
internal_weight=3826 1683 1622 522 374 96 2143 2096 561 419 142 1535 351 86
internal_count=3826 1683 1622 522 374 96 2143 2096 561 419 142 1535 351 86
is_linear=0
shrinkage=0.03


Tree=438
num_leaves=15
num_cat=0
split_feature=50 85 16 37 82 72 80 71 38 62 85 80 82 27
split_gain=9.16803 7.27998 5.97078 6.41461 5.56671 10.8482 7.89713 7.043 15.2022 7.93819 7.41386 10.4425 8.3488 13.6133
threshold=3091.5617064237599 12.213870803515116 1.0000000180025095e-35 1508.0106115805047 245.0300513505936 67.673326373100295 306.18377375602728 7.5000000000000009 2549.8179284707853 0.025903682046346656 43.457740843296058 -5.5213953256607047 47.390482485294349 0.94533384562841538
decision_type=10 10 2 10 10 8 10 10 10 8 8 10 8 10
left_child=2 -2 3 -1 6 -6 7 8 9 -4 11 -11 -12 -14
right_child=1 -3 4 -5 5 -7 -8 -9 -10 10 12 -13 13 -15
leaf_value=0.041924246796426513 -0.28604241866193586 0.023411382653780847 -0.43868867700647479 -0.35862151709983958 0.83278085888985254 -0.0053430556800854361 -0.4020374226906257 -0.00087469872328426845 0.76337414209402432 -0.017723909794749703 -0.41088293831871348 0.35019162541937704 0.20782076301488603 -0.045401442128760149
leaf_weight=66 64 40 42 68 41 70 49 2747 123 50 65 81 105 235
leaf_count=66 64 40 42 68 41 70 49 2747 123 50 65 81 105 235
internal_value=0.000171562 -0.00857143 0.000416778 -0.00577778 0.000648379 0.00723214 0.000437393 0.000608872 0.0032906 0.00124352 0.00223464 0.00840909 0.000221675 0.00211144
internal_weight=3846 104 3742 134 3608 111 3497 3448 701 578 536 131 405 340
internal_count=3846 104 3742 134 3608 111 3497 3448 701 578 536 131 405 340
is_linear=0
shrinkage=0.03


Tree=439
num_leaves=15
num_cat=0
split_feature=16 77 27 37 71 29 68 48 64 35 26 54 80 84
split_gain=5.38616 7.61912 4.92161 12.7347 9.09819 15.5732 15.4585 11.1988 12.2823 10.3237 10.2814 10.9181 12.7418 10.195
threshold=1.0000000180025095e-35 22.592483520507816 0.91410195707070718 989.92115844945658 12.500000000000002 0.90949251053206437 -0.057552277659316933 -83.625933686892168 3.5812726405446869 13.804399808703971 125.50000000000001 810.00000000000011 75.468877673149123 68.283590197563186
decision_type=2 8 8 8 8 10 8 10 10 10 2 10 8 10
left_child=1 -1 3 -2 5 9 -6 -7 10 -4 11 -9 -13 -8
right_child=2 -3 4 -5 6 7 13 8 -10 -11 -12 12 -14 -15
leaf_value=-0.21494142102383754 -0.21499161863378238 0.06011511506172354 0.66083688338139279 -0.0010485098859438179 0.53938675165654615 -0.31685682548524152 0.032872995849080586 -0.15936894329896106 -0.25550562507088742 -0.0088557153240845631 0.4425143159643054 -0.22224069249821335 0.28553767142421449 -0.075471834896870538
leaf_weight=106 247 43 57 1712 181 69 625 146 201 42 70 94 114 106
leaf_count=106 247 43 57 1712 181 69 625 146 201 42 70 94 114 106
internal_value=-0.000228107 -0.0058 0 -0.00102551 0.00117819 -0.00117128 0.00322015 -0.00276259 -0.00148562 0.0099 0.00141176 -0.000676056 0.00373206 0.00127049
internal_weight=3813 149 3664 1959 1705 793 912 694 625 99 424 354 208 731
internal_count=3813 149 3664 1959 1705 793 912 694 625 99 424 354 208 731
is_linear=0
shrinkage=0.03


Tree=440
num_leaves=15
num_cat=0
split_feature=39 79 82 29 62 35 1 3 85 27 82 25 3 49
split_gain=7.67539 12.4343 10.871 12.6173 10.4294 9.71572 8.89775 8.55263 9.52321 8.49033 8.41956 8.98247 9.2491 8.39787
threshold=3254.5773866147051 10.598716366969347 83.641108314196273 0.74841772151898744 -0.21841738588089057 12.860484848484852 746.67701900005352 18.708333333343038 139.13374008735022 0.92758390541571334 159.83257118860885 0.9235637779941579 6.5416666666569663 10.500000000000002
decision_type=8 8 8 10 8 8 2 2 10 10 10 10 2 10
left_child=4 7 3 -3 -1 -4 10 8 -2 -5 11 12 -7 -6
right_child=1 2 5 9 13 6 -8 -9 -10 -11 -12 -13 -14 -15
leaf_value=0.10181337471052206 0.0047733208041667646 0.14602885396692372 -0.5599055414867411 -0.036174350497549169 0.011952527131516425 0.015351722217135131 -0.17729004899581727 -0.42575636045713577 -0.54346957960010933 0.74813808658333014 -0.49957037870325255 0.16502067899008338 -0.032010074876479951 -0.027372419179554051
leaf_weight=172 132 65 59 97 2314 115 49 68 66 41 43 111 138 346
leaf_count=172 132 65 59 97 2314 115 49 68 66 41 43 111 138 346
internal_value=0.000392979 -0.00188832 0.000166898 0.00602941 0.00118602 -0.00215116 -0.000656455 -0.00741573 -0.00422111 0.000863309 0.000808824 0.00230137 -0.000826772 0.000721533
internal_weight=3816 984 718 203 2832 515 456 266 198 138 407 364 253 2660
internal_count=3816 984 718 203 2832 515 456 266 198 138 407 364 253 2660
is_linear=0
shrinkage=0.03


Tree=441
num_leaves=15
num_cat=0
split_feature=77 28 80 32 60 68 81 29 14 14 71 31 41 64
split_gain=5.60797 12.1128 10.1041 11.0883 9.5245 9.39851 8.90814 14.6791 9.30596 10.8717 9.98283 8.51869 8.39534 8.11722
threshold=-146.72816359996793 170.50000000000003 3.1373730897903447 0.13100686498855837 134.86945664882663 0.046897080117886882 4668.6520421504983 0.90345893141945788 507.01975456513384 234.10194847143859 9.5000000000000018 14.45045372050817 235.74634385108951 3.6835287751673564
decision_type=10 2 10 10 8 8 8 10 10 10 10 8 8 8
left_child=1 2 4 -4 11 -5 7 -2 9 -9 -11 -1 -6 -8
right_child=6 -3 3 5 12 -7 13 8 -10 10 -12 -13 -14 -15
leaf_value=0.42906604391328235 0.8731521765324175 -0.0047114332803174126 0.58156935032610046 -0.30173151081235106 -0.080204960374061315 0.41203292163326033 -0.51032651635714599 -0.11196694491423781 -0.60750678462065111 -0.0054051496347162949 0.45371548864970818 0.0080766012833339632 0.016736834694203111 -0.012240514713411983
leaf_weight=56 54 1290 62 42 136 154 96 72 51 69 93 114 175 1353
leaf_count=56 54 1290 62 42 136 154 96 72 51 69 93 114 175 1353
internal_value=0.000117863 0.00119704 0.00425676 0.00903475 0.0016805 0.00548223 -0.00110676 0.00326471 0.000524476 0.00306383 0.00736196 0.00736842 -0.00144231 -0.00213103
internal_weight=3817 2029 739 258 481 196 1788 339 285 234 162 170 311 1449
internal_count=3817 2029 739 258 481 196 1788 339 285 234 162 170 311 1449
is_linear=0
shrinkage=0.03


Tree=442
num_leaves=15
num_cat=0
split_feature=14 73 76 84 14 43 43 43 45 70 60 45 77 82
split_gain=7.1808 15.9119 9.5824 9.52729 8.57113 10.102 8.92726 13.4089 12.5584 9.78691 14.2372 11.2039 10.6634 10.2675
threshold=358.51781940993902 -17.615499615669247 159.44806933403018 26.309909482796993 372.16899721145455 169.03433417234029 160.64849379483655 70.991734589119616 9.5000000000000018 0.8973684210526317 182.8077304363251 9.5000000000000018 -45.014875531196587 110.36290669441225
decision_type=8 8 8 8 8 10 8 10 10 10 8 10 10 10
left_child=1 -1 3 -3 5 -2 7 -6 -9 13 11 12 -11 -8
right_child=4 2 -4 -5 6 -7 9 8 -10 10 -12 -13 -14 -15
leaf_value=0.24394948612904635 -0.017045062388586132 -0.0039885859189506241 -0.014142725123044783 -0.63475634180739571 -0.0063982688416794661 0.47268395732944524 0.018953923295086769 0.32077905892525199 -0.12354085764772495 -0.0026443945980127734 -0.22752552880878837 0.27689188932916353 -0.70164566170254949 -0.22915457801949837
leaf_weight=133 61 40 1685 45 298 67 494 164 52 348 268 86 60 77
leaf_count=133 61 40 1685 45 298 67 494 164 52 348 268 86 60 77
internal_value=-0.00037123 -0.00168592 -0.0024393 -0.0122093 0.000895749 0.00837209 0.000373377 0.00372816 0.00940092 -0.000922039 -0.00314548 -0.000121212 -0.00220049 0.00204545
internal_weight=3878 1903 1770 85 1975 128 1847 514 216 1333 762 494 408 571
internal_count=3878 1903 1770 85 1975 128 1847 514 216 1333 762 494 408 571
is_linear=0
shrinkage=0.03


Tree=443
num_leaves=15
num_cat=0
split_feature=82 29 70 82 80 31 31 34 20 38 25 35 3 42
split_gain=5.05579 10.8167 5.58246 8.86257 13.7799 11.869 9.94965 9.88062 9.3089 11.7571 10.7833 10.012 11.9223 9.38733
threshold=-158.83502344290414 0.87679442269386643 0.89181286549707617 60.036110917727164 -19.12726259231567 32.657096774193555 25.945689655172419 0.1645447219983884 643.1989827156068 2819.6415021772686 0.85239651416122009 1.0000000180025095e-35 15.208333333343036 56.455951094627387
decision_type=8 10 8 8 8 10 10 8 8 10 10 8 2 10
left_child=1 -1 -2 6 -5 8 7 -4 9 11 -10 -6 13 -13
right_child=2 -3 3 4 5 -7 -8 -9 10 -11 -12 12 -14 -15
leaf_value=-0.016243438973577565 0.0084082541076918819 0.42979470361652744 0.042264384652357517 0.5899017949283808 0.26219795180792671 0.43531802310064893 -1.0084716706255477 -0.041809726310069399 0.067931207194697515 0.74995299240189917 -0.024006940227522724 1.1184234230657082 -0.44311685458940087 -0.081883226146820712
leaf_weight=42 905 73 217 44 72 46 64 987 123 102 986 46 63 52
leaf_count=42 905 73 217 44 72 46 64 987 123 102 986 46 63 52
internal_value=0.000298195 0.00646552 0.000105178 -0.000556547 0.000977199 0.000482897 -0.00241135 -0.00179253 0 0.004375 -0.00132432 0.000641026 -0.00351852 0.0030303
internal_weight=3822 115 3707 2802 1534 1490 1268 1204 1444 335 1109 233 161 98
internal_count=3822 115 3707 2802 1534 1490 1268 1204 1444 335 1109 233 161 98
is_linear=0
shrinkage=0.03


Tree=444
num_leaves=15
num_cat=0
split_feature=72 76 1 61 63 61 7 79 84 81 77 64 67 50
split_gain=6.42035 6.72407 5.82951 5.76033 10.4257 6.71111 10.1797 6.68875 6.2591 5.9129 6.76171 9.35921 5.2908 5.15642
threshold=69.615710735321059 104.48191165924074 679.7200324535371 0.85802717533552342 378.00766587459799 0.77918134243358905 2610.8090306087984 9.3037554951707051 67.052789688110366 4515.6979067325601 -40.959725677967064 3.7163219369307181 758.43548120771152 117.55865705013277
decision_type=10 8 2 10 8 10 10 10 10 8 8 10 10 10
left_child=1 -1 -2 5 8 12 -7 -6 9 -5 11 -11 13 -3
right_child=2 3 -4 4 7 6 -8 -9 -10 10 -12 -13 -14 -15
leaf_value=-0.081620775405365498 -0.34665173125853149 0.0074313788148403503 0.0036786170549510588 0.26623997896026597 -0.038318595518901474 0.35941674364328713 -0.0039503814526805851 -0.54964573344615097 -0.070917042952964943 -0.050300851334543206 -0.21779432533250376 0.15634868426763213 0.47993740703060123 -0.012027603643195163
leaf_weight=94 73 2066 42 64 49 84 80 61 44 47 70 47 55 940
leaf_count=94 73 2066 42 64 49 84 80 61 44 47 70 47 55 940
internal_value=-0.00055017 -0.000332253 -0.0075 -0.000124723 -0.00360313 0.000288283 0.00618182 -0.0113514 -0.00043956 0.00157205 -0.00145455 0.00378947 -2.93926e-05 -0.000199534
internal_weight=3816 3701 115 3607 382 3225 164 110 272 228 164 94 3061 3006
internal_count=3816 3701 115 3607 382 3225 164 110 272 228 164 94 3061 3006
is_linear=0
shrinkage=0.03


Tree=445
num_leaves=15
num_cat=0
split_feature=14 74 38 50 73 67 77 80 80 76 77 81 4 61
split_gain=5.96405 11.3604 10.8391 11.1534 9.8775 11.2761 9.62825 8.58601 9.00314 8.31364 8.90702 7.92957 7.38617 10.1313
threshold=358.51781940993902 33.141385805680208 505.15541782883764 2040.9165353775027 -9.5863378047943097 46.510399480660752 -211.71267640590665 -11.492262601852415 113.70059084892274 104.48191165924074 -289.75356954336161 8721.6415508985538 8.5000000000000018 0.66104763859367066
decision_type=10 8 8 10 8 8 8 8 8 8 8 10 2 10
left_child=4 -2 -3 -4 7 6 -6 -1 -9 -7 -11 12 13 -8
right_child=1 2 3 -5 5 9 11 8 -10 10 -12 -13 -14 -15
leaf_value=0.37166686777061592 -0.14776468984462157 0.2909210680944499 0.01235197796827542 -0.17075401985016261 0.020442040252888916 -0.58863972732716141 -0.40232929901690512 -0.11276962172325067 0.56285670838094248 -0.27854650525667168 0.0041250857559101918 -0.34414584389075348 0.0044548933501813793 0.023535606782333216
leaf_weight=70 76 92 1692 52 92 44 113 58 68 76 1264 57 73 43
leaf_count=70 76 92 1692 52 92 44 113 58 68 76 1264 57 73 43
internal_value=-3.09997e-05 0.00116048 0.0016331 0.00110029 -0.00119449 -0.00190584 -0.00649077 0.00517766 0.000472441 -0.000649819 -0.000223714 -0.00919861 -0.00665217 -0.0103185
internal_weight=3870 1912 1836 1744 1958 1762 378 196 126 1384 1340 286 229 156
internal_count=3870 1912 1836 1744 1958 1762 378 196 126 1384 1340 286 229 156
is_linear=0
shrinkage=0.03


Tree=446
num_leaves=15
num_cat=0
split_feature=1 35 71 20 19 28 85 62 16 26 82 83 35 80
split_gain=5.81797 5.05839 8.99573 11.6479 8.68745 7.84428 12.9893 8.37595 7.92327 7.33761 8.1966 7.53645 7.3161 11.7391
threshold=862.4528832435609 15.264912280701756 11.500000000000002 719.08346462249767 270.00000000000006 301.50000000000006 -72.074333826700823 0.053170915822001084 47.500000000000007 190.50000000000003 121.53441154956819 -3.9411000013351436 15.700515463917528 -1.7831399440765379
decision_type=2 10 8 10 10 2 10 10 2 2 10 8 10 8
left_child=1 5 4 12 9 8 -7 -8 -1 10 11 -3 13 -4
right_child=-2 2 3 -5 -6 6 7 -9 -10 -11 -12 -13 -14 -15
leaf_value=-0.0068825977720689078 -0.066074744719440123 -0.16738387174047925 0.60921134161460821 0.50994802481610557 0.060275812990120893 0.020931377982205568 -0.17168421088821206 -1.0869696134520721 0.077613350776360931 -0.24473559289725041 -0.50332477251435459 0.02449196938694722 0.0081555820426238053 0.0067362487097740592
leaf_weight=2028 61 81 47 51 43 103 66 46 59 48 48 184 906 69
leaf_count=2028 61 81 47 51 43 103 66 46 59 48 48 184 906 69
internal_value=-7.81047e-05 7.14286e-05 0.00144114 0.00287709 -0.00237037 -0.000807642 -0.00625 -0.0132743 -0.000244253 -0.00389503 -0.00219745 -0.000112782 0.00217009 0.00923077
internal_weight=3840 3779 1477 1073 404 2302 215 112 2087 361 313 265 1022 116
internal_count=3840 3779 1477 1073 404 2302 215 112 2087 361 313 265 1022 116
is_linear=0
shrinkage=0.03


Tree=447
num_leaves=15
num_cat=0
split_feature=20 35 29 5 77 52 61 85 36 26 1 85 56 39
split_gain=5.04076 11.6501 11.5988 7.6834 7.56432 12.9802 17.2868 11.1983 8.97935 7.11114 6.95513 6.39923 6.29507 5.17141
threshold=577.75507247447979 17.158795458285343 0.89605380168963999 3669.2966412305836 -32.789691448211663 1810.2906299829485 0.81108658285637703 1.7560592889785787 0.4529775943396227 120.50000000000001 657.52777552604687 7.2406205336252869 109.00527997811638 2396.2808199483848
decision_type=8 10 10 10 8 10 8 10 10 2 2 10 10 8
left_child=1 2 10 13 5 6 9 -8 -6 -4 -1 -10 -3 -2
right_child=3 12 4 -5 8 -7 7 -9 11 -11 -12 -13 -14 -15
leaf_value=-0.00042166773764801572 0.0037498167808200653 0.4543912914643502 0.32123770258256495 -0.19003696055448022 1.382306637159068 0.27703557984753246 -0.041427471622607112 -1.0059971576565279 -0.14239708658658215 -0.077379727838411294 -0.29784303894567909 0.30324080162114442 0.006283120107449287 -0.014758846762887287
leaf_weight=62 1676 81 58 41 48 71 51 52 63 43 77 43 68 1364
leaf_count=62 1676 81 58 41 48 71 51 52 63 43 77 43 68 1364
internal_value=-0.000300079 0.00196379 0 -0.000827385 0.00244186 -0.000543478 -0.00439024 -0.0129808 0.00774194 0.00441176 -0.0075 0.00280374 0.0094 -0.000651102
internal_weight=3798 717 568 3081 429 275 204 103 154 101 139 106 149 3040
internal_count=3798 717 568 3081 429 275 204 103 154 101 139 106 149 3040
is_linear=0
shrinkage=0.03


Tree=448
num_leaves=15
num_cat=0
split_feature=4 29 52 77 16 74 82 67 84 16 77 60 27 43
split_gain=5.69968 12.4166 12.0861 10.613 26.7225 12.4572 14.9394 12.4548 11.7898 10.7835 9.92265 10.6491 9.09899 12.6842
threshold=7.5000000000000009 0.95042482971701436 239.31470417976382 -204.02106446027753 33.500000000000007 55.089679645196171 -67.741145372390733 194.34923699547852 114.86326964696251 40.500000000000007 -241.54876583814618 -4.390992045402526 0.89254528397199984 474.57117044959165
decision_type=2 10 10 10 2 8 10 8 10 2 8 10 10 10
left_child=3 -2 -3 4 5 -1 -7 12 9 -9 -8 -12 -5 -14
right_child=1 2 -4 7 -6 6 10 8 -10 -11 11 -13 13 -15
leaf_value=-0.1194281410234069 0.014297022970151651 -0.2466735484081731 0.12620665313144386 -0.4469530397040703 -0.14490267551187183 0.01070469507957144 0.04497166071809202 -0.010860997925443188 -0.5537979378398622 0.24463081428269995 0.097092951456857285 0.92508253438659538 0.020204359297574612 -0.61448476334785096
leaf_weight=46 1638 184 69 130 175 313 118 784 76 70 43 69 125 41
leaf_count=46 1638 184 69 130 175 313 118 784 76 70 43 69 125 41
internal_value=-8.50077e-05 0.00109408 -0.00507874 -0.00120542 0.00156863 0.00462712 0.00590074 -0.00293399 -0.00122449 -0.000210526 0.0116883 0.0180531 -0.00828283 -0.00359281
internal_weight=3881 1891 253 1990 764 589 543 1226 930 854 230 112 296 166
internal_count=3881 1891 253 1990 764 589 543 1226 930 854 230 112 296 166
is_linear=0
shrinkage=0.03


Tree=449
num_leaves=15
num_cat=0
split_feature=72 31 17 16 60 5 60 27 75 39 9 15 42 66
split_gain=9.41532 6.56416 10.0908 12.8611 14.9478 9.76155 8.96649 8.39184 11.7274 8.13515 7.69785 7.32064 13.6517 14.2193
threshold=67.673326373100295 7.7148550724637683 41.500000000000007 44.500000000000007 142.86206722259524 114.46132993698122 412.27412211894995 0.97189680136896162 1324.416705131531 509.25004584929098 150.00000000000003 27.500000000000004 70.651929140090957 223.58971846103671
decision_type=10 8 2 2 8 10 10 10 8 10 2 2 10 10
left_child=1 2 7 4 -4 11 -6 -1 -9 -10 -11 -3 -13 -14
right_child=-2 5 3 -5 6 -7 -8 8 9 10 -12 12 13 -15
leaf_value=0.20449274873614279 -0.10903393027670466 -0.0022756431362574857 0.31455430863334427 0.26282488053530428 -0.32945903843405649 -0.052773958228272716 -0.022999863933934994 -0.17300563636080296 -0.087196616177221076 -0.0074511998512765132 0.3301540119213684 0.0067359063792270871 0.4470944156658741 0.006135534546656842
leaf_weight=398 117 1930 63 45 97 262 50 51 42 51 68 481 100 78
leaf_count=398 117 1930 63 45 97 262 50 51 42 51 68 481 100 78
internal_value=0.000461659 0.000726392 0.00301386 -0.00199219 -0.00511848 3.15568e-05 -0.0103378 0.00510638 0.00028169 0.00425926 0.00825 0.000590734 0.00331818 0.0103911
internal_weight=3833 3716 865 255 210 2851 147 610 212 161 119 2589 659 178
internal_count=3833 3716 865 255 210 2851 147 610 212 161 119 2589 659 178
is_linear=0
shrinkage=0.03


Tree=450
num_leaves=15
num_cat=0
split_feature=78 0 83 83 24 38 58 62 24 67 62 16 32 33
split_gain=7.34374 11.5422 11.9564 7.14343 6.15698 5.85192 7.88014 6.41596 15.5883 14.8321 10.7177 10.1555 9.71535 9.70555
threshold=0.70833333333333337 -100.49999999999999 34.616942882537849 75.688786387443557 84.500000000000014 1.0000000180025095e-35 1982.3332028388979 0.040602768508203997 49.500000000000007 -10.560467971695834 -0.10642431777626457 17.500000000000004 0.23205128205128209 18.704347826086959
decision_type=8 2 10 10 2 8 10 8 2 8 10 2 8 10
left_child=1 -1 -3 -4 5 -2 7 10 9 -9 11 -7 -13 -10
right_child=4 2 3 -5 -6 6 -8 8 13 -11 -12 12 -14 -15
leaf_value=-0.8275971365847824 0.36594052011715428 0.00013969666670395815 -0.85372148040013796 -0.043157141614957192 -0.20618218733024687 -0.00045922830035589608 -0.098978957957950656 0.60755864888810418 -0.28385526097488772 0.030223016200794459 -0.035056290383297224 0.0094284256920244714 0.63010070190278156 0.013215007270808118
leaf_weight=53 43 571 43 86 46 456 93 45 136 1227 736 85 90 86
leaf_count=53 43 571 43 86 46 456 93 45 136 1227 736 85 90 86
internal_value=-9.48117e-05 -0.00274536 -0.00171184 -0.00992308 0.000561761 0.000730487 0.000568528 0.000849057 0.00220736 0.00348782 -0.000635965 0.00223101 0.00835227 -0.00511211
internal_weight=3796 753 700 129 3043 2997 2954 2861 1494 1272 1367 631 175 222
internal_count=3796 753 700 129 3043 2997 2954 2861 1494 1272 1367 631 175 222
is_linear=0
shrinkage=0.03


Tree=451
num_leaves=15
num_cat=0
split_feature=76 41 35 13 76 51 77 22 81 37 35 7 23 77
split_gain=5.71716 10.6704 9.39229 4.96056 12.4969 8.56886 7.53847 8.89954 13.697 8.58652 13.5579 12.4669 9.87545 8.42597
threshold=154.58470845222476 116.81552624702455 19.733653347171771 90.000000000000014 449.30013060569769 206.67701900005343 -291.74999999999994 6.3092839717864999 8892.9584990739841 295.9687632085558 13.576667852695254 3237.6107689415398 0.94331812858581554 -150.20079201459882
decision_type=8 10 10 8 8 10 8 2 8 8 8 10 10 10
left_child=1 -1 -3 4 -2 6 -6 9 -9 -8 12 -12 -11 -14
right_child=3 2 -4 -5 5 -7 7 8 -10 10 11 -13 13 -15
leaf_value=-0.3829873620912011 0.5007673120438777 0.17066161702452645 -0.037556756974984125 -0.0035256131975105196 -0.12718666750414051 -0.20759193682683677 0.35496230451363964 0.19587841535896017 -0.010833436395320067 0.067129813926472937 0.063307279367366895 -0.018004747220618355 -0.11224770935267293 -0.37510082970653774
leaf_weight=48 115 66 63 2226 106 70 79 214 180 45 190 187 109 83
leaf_count=48 115 66 63 2226 106 70 79 214 180 45 190 187 109 83
internal_value=2.37969e-05 -0.00522472 -0.000692308 0.00028294 0.00169688 0.000830696 0.00143216 0.00217831 0.00577215 0.000129683 -0.00107317 0.00246032 -0.00668067 -0.00963731
internal_weight=3781 177 129 3604 1378 1263 1193 1087 394 693 614 377 237 192
internal_count=3781 177 129 3604 1378 1263 1193 1087 394 693 614 377 237 192
is_linear=0
shrinkage=0.03


Tree=452
num_leaves=15
num_cat=0
split_feature=78 80 22 81 9 53 81 29 85 8 46 56 85 77
split_gain=8.51769 21.8414 10.296 9.10626 9.69485 8.29111 12.7235 13.5712 11.5201 10.7436 10.4024 8.40454 11.1505 16.6425
threshold=0.70833333333333337 -46.537706136703484 2.075762271881104 12823.405127525331 210.00000000000003 7.5000000000000009 8635.6329511404056 0.90842932168233381 97.019600232442244 5.8239750526340188 630.00000000000011 49.07238574822744 156.58271821339929 -93.497821152210221
decision_type=8 10 2 10 2 8 10 10 8 8 10 8 8 8
left_child=1 -1 -3 5 -5 6 9 -8 -7 10 -2 -10 13 -13
right_child=3 2 -4 4 -6 8 7 -9 11 -11 -12 12 -14 -15
leaf_value=0.0070127831885519855 0.2167375394191095 0.0024137651947814852 -0.22219781558592513 0.026607993915156385 0.74409964271417306 0.055342201441046915 -0.7326826433742013 0.015477229872202772 -0.074188745315521207 0.99270282537978471 -0.035741700358260145 0.012444744962024003 0.032129055899743957 -0.82250203280325662
leaf_weight=445 212 65 226 133 52 707 84 53 346 50 637 75 656 47
leaf_count=445 212 65 226 133 52 707 84 53 346 50 637 75 656 47
internal_value=0.000126683 -0.00276798 -0.00914384 0.000825418 0.00725806 0.00040795 -0.00173578 -0.0102174 0.00162118 -0.000433333 -0.00123529 -0.000266667 0.00146341 -0.00682927
internal_weight=3788 736 291 3052 185 2867 1036 137 1831 899 849 1124 778 122
internal_count=3788 736 291 3052 185 2867 1036 137 1831 899 849 1124 778 122
is_linear=0
shrinkage=0.03


Tree=453
num_leaves=15
num_cat=0
split_feature=3 0 23 20 52 14 81 84 68 35 29 3 14 68
split_gain=6.35669 5.86938 5.80706 9.52457 8.16727 8.05806 9.12922 8.5837 7.97639 9.07915 9.17816 8.38773 7.27522 7.24084
threshold=23.541666666656969 427.50000000000006 1.8332028388977053 245.53867006301883 973.16512918472301 595.90852971531433 8812.3775812387485 53.129394690195731 0.12644406544229944 13.43059523809524 0.89716955941255017 13.125000000000002 373.6121612033748 -0.026461043131037788
decision_type=2 2 8 8 8 10 10 8 8 10 10 2 10 10
left_child=1 2 3 -1 5 6 8 -7 9 13 -11 -10 -12 -5
right_child=-2 -3 -4 4 -6 7 -8 -9 11 10 12 -13 -14 -15
leaf_value=0.61573976153848387 -0.16713682475629346 1.1274847482957735 -0.0067587983823014846 -0.034423331452532339 -0.20544094940915991 -0.0098144867452018749 0.26414675462887516 0.47153143955481536 -0.0091290207230963465 -0.1734638367496342 0.0011135589289305158 0.20180515425643392 0.17447736198230815 -0.60141871701253757
leaf_weight=43 72 44 2992 70 40 46 95 58 55 88 77 59 43 67
leaf_count=43 72 44 2992 70 40 46 95 58 55 88 77 59 43 67
internal_value=-0.000272727 -0.000103229 -0.000232994 0.00214286 0.00128755 0.00209408 0.000648649 0.00971429 -0.0011087 -0.0033815 0.000574163 0.00573913 0.00595041 -0.00934783
internal_weight=3849 3777 3733 741 698 658 554 104 459 345 208 114 120 137
internal_count=3849 3777 3733 741 698 658 554 104 459 345 208 114 120 137
is_linear=0
shrinkage=0.03


Tree=454
num_leaves=15
num_cat=0
split_feature=50 44 85 11 8 39 30 84 8 67 68 73 39 64
split_gain=6.57075 8.19985 7.86968 6.61968 9.49389 9.44449 12.5095 12.2647 10.6936 9.89219 13.563 9.47112 9.2876 9.90183
threshold=1543.0117584466936 2016.240507245064 415.35294777154928 870.00000000000011 3.7184856092209198 2406.1262077703846 37.050000000000004 -76.188870429992662 4.1761948675895475 46.510399480660752 0.0024290634294626807 117.6998292207718 3330.2521821177465 4.1872244329019095
decision_type=10 10 10 2 8 8 10 8 8 8 10 8 8 8
left_child=1 2 3 4 -1 6 7 -6 -7 10 11 -10 -11 -14
right_child=-2 -3 -4 -5 5 8 -8 -9 9 12 -12 -13 13 -15
leaf_value=-0.018555940599373242 -0.030630088205194424 0.52053306502090579 -0.80382443038504447 0.044338280218435631 0.14248189167823397 -0.044691498360133676 -0.065793446204308312 0.05898452715042321 0.034846841771669156 0.17975774588664553 -0.3931396748266483 -0.17058162164144702 -0.36323792020229306 0.010404695769117626
leaf_weight=1239 281 71 47 162 47 147 41 728 170 172 62 92 87 502
leaf_count=1239 281 71 47 162 47 147 41 728 170 172 62 92 87 502
internal_value=4.67654e-05 0.000395179 0.000188733 0.000356522 6.38686e-05 0.00131772 0.00381885 0.00467784 -0.000340633 0.000690608 -0.00369231 -0.000684411 0.00255906 0.000762712
internal_weight=3848 3567 3496 3449 3287 2048 816 775 1232 1085 324 262 761 589
internal_count=3848 3567 3496 3449 3287 2048 816 775 1232 1085 324 262 761 589
is_linear=0
shrinkage=0.03


Tree=455
num_leaves=15
num_cat=0
split_feature=16 25 85 38 56 84 40 68 29 38 79 83 65 80
split_gain=5.8901 12.7251 14.2718 12.7939 12.583 12.4916 12.4534 12.144 11.2162 14.8177 15.3092 12.9505 10.9253 10.9075
threshold=12.500000000000002 0.95538971807628537 -148.80727489789322 4601.9831466874621 -73.033443331718431 -68.685492813587175 292.34229907495069 -0.18090326310394703 0.90670953912111474 4509.1712773611498 55.482541578946446 143.66439068317416 0.90592559225711755 -42.96464014053344
decision_type=2 8 8 10 8 10 10 10 10 8 10 10 8 8
left_child=1 2 7 5 -4 -3 -6 -1 11 10 13 12 -2 -10
right_child=8 3 4 -5 6 -7 -8 -9 9 -11 -12 -13 -14 -15
leaf_value=0.031158755553944387 -0.28333900715097277 0.57258335551633699 0.30585261139353248 -0.024076935273235883 -0.086609611396905636 0.028367097111364238 0.012789522251773277 -1.6230234190095925 0.15060987632866446 1.6834128867505203 -1.01557767098157 -0.53272226133988831 -0.0082841419717329494 -0.0057507319171248208
leaf_weight=43 84 103 129 56 240 104 862 64 177 72 49 69 829 970
leaf_count=43 84 103 129 56 240 104 862 64 177 72 49 69 829 970
internal_value=-2.33645e-05 0.00136704 0.000179238 0.00738636 0.00109578 0.0108173 5.43971e-05 -0.0102778 -0.00101288 0.000851064 5.01253e-05 -0.00341811 -0.00246171 0.00075784
internal_weight=3851 1601 1338 263 1231 207 1102 107 2250 1268 1196 982 913 1147
internal_count=3851 1601 1338 263 1231 207 1102 107 2250 1268 1196 982 913 1147
is_linear=0
shrinkage=0.03


Tree=456
num_leaves=15
num_cat=0
split_feature=3 14 14 59 83 77 5 79 38 77 40 84 73 42
split_gain=7.72551 5.22184 10.6718 10.7627 9.85332 9.54256 8.63233 12.9624 9.66589 14.3738 11.1588 9.51133 9.37276 9.5013
threshold=23.708333333343038 160.79954182373555 244.1889478111448 178.0279076099396 -125.36600828170775 -119.94010829925536 94.926844000816359 8.0330325984670452 167.75414073125583 -94.11861419677733 1195.9111731889291 -134.69960161050156 27.781977891922001 27.345265626907352
decision_type=2 10 10 8 8 10 10 8 8 8 10 8 10 10
left_child=1 4 3 5 -1 -3 7 11 -8 -10 -11 -4 13 -9
right_child=-2 2 6 -5 -6 -7 8 12 9 10 -12 -13 -14 -15
leaf_value=0.11869708317499629 -0.3060129670766884 0.10752851796439002 -0.42165742470697143 0.55269582901049574 -0.056691441520275845 -0.1106357660643195 0.21389009177656818 -0.0088062374323821038 -0.11766875536599201 0.020674160031122994 -0.30249860671408441 -0.015154564360602989 0.2110151217229837 0.03677481664657925
leaf_weight=121 42 202 44 64 451 95 53 697 305 309 47 546 95 754
leaf_count=121 42 202 44 64 451 95 53 697 305 309 47 546 95 754
internal_value=8.6252e-05 0.000229915 0.000700498 0.00555249 -0.00240838 0.00312081 8.4181e-05 0.00103884 -0.00276923 -0.00376133 0.000336134 -0.00274112 0.00248222 0.00188017
internal_weight=3825 3783 3211 361 572 297 2850 2136 714 661 356 590 1546 1451
internal_count=3825 3783 3211 361 572 297 2850 2136 714 661 356 590 1546 1451
is_linear=0
shrinkage=0.03


Tree=457
num_leaves=15
num_cat=0
split_feature=3 4 74 83 52 1 33 37 70 69 73 82 61 77
split_gain=6.64555 6.57127 15.0615 16.4612 11.4298 8.74119 8.44748 12.9512 8.6417 9.70573 9.37196 9.33333 9.04641 9.03886
threshold=23.541666666656969 7.5000000000000009 1979.9099778219422 -157.75662386417386 103.67125594615938 614.27329885959637 26.560442890442893 2278.4858474805683 0.91987179487179505 320.48042051172325 -1.2654671669006345 -10.293292760848997 0.91160029454485481 -234.00628936290738
decision_type=2 2 10 8 8 2 10 8 8 10 8 8 10 8
left_child=1 -1 3 -3 6 -6 7 8 11 10 -10 -5 13 -12
right_child=-2 2 -4 4 5 -7 -8 -9 9 -11 12 -13 -14 -15
leaf_value=-0.0063602687713069624 -0.51830303926997878 0.81723537552973124 -0.26750701732921894 0.78144839808777433 0.36670230038316903 0.033736586846412987 -0.17153520565600239 1.3230054769189765 0.074445022524727858 0.67727249102237153 -0.25440407513071972 0.011179270545342649 0.17928038878172806 -0.028953637358318643
leaf_weight=1974 67 73 51 40 51 471 80 55 116 41 110 216 60 463
leaf_count=1974 67 73 51 40 51 471 80 55 116 41 110 216 60 463
internal_value=3.10158e-05 0.000197265 0.00149344 0.00195836 0.00135563 0.0050478 -0.000279188 0.000408348 -0.00034384 -0.00189633 -0.00268 0.0044358 -0.00411672 -0.00527875
internal_weight=3868 3801 1827 1776 1703 522 1181 1101 1046 790 749 256 633 573
internal_count=3868 3801 1827 1776 1703 522 1181 1101 1046 790 749 256 633 573
is_linear=0
shrinkage=0.03


Tree=458
num_leaves=15
num_cat=0
split_feature=17 62 72 80 40 40 36 83 80 64 83 65 66 27
split_gain=6.84354 8.01995 4.90834 5.3737 4.99199 8.88052 12.6915 7.72701 7.2382 8.73089 7.80768 5.48499 15.7946 14.5893
threshold=5.0000000000000009 0.058806741106770262 76.637621164321914 39.43435990810395 45.180242109435198 20.487778516945976 0.43792808219178087 -104.92020332813262 -33.165536522865288 5.4293007401441988 161.12769424915317 1.1683551765611404 -15.340794920921324 0.89922011970255744
decision_type=2 8 10 10 8 10 10 10 8 8 8 10 10 10
left_child=1 -1 4 -4 5 8 7 -7 -2 -10 -11 -6 13 -13
right_child=2 -3 3 -5 11 6 -8 -9 9 10 -12 12 -14 -15
leaf_value=-0.61375502945456994 -0.24662995638830154 0.0132954338610063 -0.010722469944068884 -0.37564762045852501 0.0017378965584827304 0.7482618100627646 0.021924805085585156 0.13537323267645002 0.20347500723416934 -0.19052759203572953 0.079140325462931579 0.43318064662365285 -0.40929200849061648 -0.27367343787594861
leaf_weight=49 54 44 68 40 3010 50 180 46 43 42 44 45 48 55
leaf_count=49 54 44 68 40 3010 50 180 46 43 42 44 45 48 55
internal_value=1.57109e-05 -0.00797872 0.000217391 -0.00605505 0.000406302 0.00332609 0.0067148 0.0154639 -0.00179348 0.00207692 -0.00344828 -1.89934e-05 -0.00563758 0.00118812
internal_weight=3818 93 3725 108 3617 459 276 96 183 129 86 3158 148 100
internal_count=3818 93 3725 108 3617 459 276 96 183 129 86 3158 148 100
is_linear=0
shrinkage=0.03


Tree=459
num_leaves=15
num_cat=0
split_feature=42 37 36 0 15 77 82 79 42 56 36 75 38 14
split_gain=10.5538 4.93738 14.7262 9.47455 8.45962 5.48148 11.5696 6.08074 11.1002 10.9486 8.4375 8.34703 7.2137 6.49176
threshold=-257.1919234991073 2528.1613883500154 0.22648879716981135 -8.4999999999999982 5.5000000000000009 107.6919767856598 121.53441154956819 22.397597633943136 108.88339412212373 56.366665800412505 0.40121951219512203 6.047003149986268 2562.4907813404279 51.094293393301065
decision_type=8 10 10 2 2 10 8 10 10 10 8 10 10 8
left_child=-1 5 3 -3 -5 7 -7 13 9 11 -11 -9 -10 -2
right_child=1 2 -4 4 -6 6 -8 8 12 10 -12 -13 -14 -15
leaf_value=1.0426834044237414 0.028238852149939167 0.14201946070524057 1.2832631757146524 0.021696736288263328 -0.11931594310983368 -0.44863445404952312 0.0016857596617280595 -0.049156918011316768 -0.78376557696223048 -0.001208380990091422 0.29087936075756005 0.17588194545943492 -0.021057056754641913 -0.00048460547970869756
leaf_weight=46 174 41 57 57 80 53 80 200 80 60 47 66 64 2728
leaf_count=46 174 41 57 57 80 53 80 200 80 60 47 66 64 2728
internal_value=-8.6072e-05 -0.000261352 0.00394068 -0.000335196 -0.00413043 -0.000540388 -0.00649254 -0.000307018 -0.00330116 -0.000561497 0.0075 -0.00382022 -0.0103448 0.000227351
internal_weight=3833 3787 235 178 137 3552 133 3419 517 373 107 266 144 2902
internal_count=3833 3787 235 178 137 3552 133 3419 517 373 107 266 144 2902
is_linear=0
shrinkage=0.03


Tree=460
num_leaves=15
num_cat=0
split_feature=70 28 28 23 80 39 34 80 44 51 72 13 4 66
split_gain=6.47321 7.76151 11.0871 9.02033 10.99 10.8748 10.2212 8.99585 8.47686 8.39395 13.0153 13.0669 8.04227 8.64298
threshold=0.91287878787878796 204.50000000000003 183.50000000000003 2.075762271881104 -46.537706136703484 2396.2808199483848 0.1908263305322129 83.849930524826064 69.945196509361281 -114.46132993698119 -89.473039627075181 90.000000000000014 6.5000000000000009 -26.597256898880001
decision_type=10 2 2 10 8 10 10 8 10 10 10 10 2 8
left_child=-1 2 -2 12 6 7 -5 -6 -9 -4 11 -11 -3 -14
right_child=1 3 9 4 5 -7 -8 8 -10 10 -12 -13 13 -15
leaf_value=0.0075671521525557135 -0.0081348353697477185 -0.012534545202791918 -1.237136679025151 0.95759565930195256 -0.059834660503105569 -0.28728809623868812 0.016959909652007922 -0.012012081411706106 0.37223633736100709 0.29344057939683865 -0.51221027120376394 -0.095965546153290365 -0.00051546234764298759 0.29834747914143916
leaf_weight=1445 811 125 44 46 229 273 108 123 115 47 97 71 94 205
leaf_count=1445 811 125 44 46 229 273 108 123 115 47 97 71 94 205
internal_value=5.47731e-05 -0.000904144 -0.00280112 0.000636846 -0.00107263 -0.00259109 0.00619355 0.000192308 0.00426778 -0.00819231 -0.00569444 0.0010084 0.00423529 0.0069
internal_weight=3833 2388 1070 1318 894 740 154 467 238 259 215 118 424 299
internal_count=3833 2388 1070 1318 894 740 154 467 238 259 215 118 424 299
is_linear=0
shrinkage=0.03


Tree=461
num_leaves=15
num_cat=0
split_feature=67 14 20 70 34 48 42 81 85 63 61 62 80 46
split_gain=7.33582 6.67796 7.40731 6.5642 10.856 12.645 12.6991 11.8764 19.6392 11.7381 9.58337 10.3276 9.08274 10.8457
threshold=758.43548120771152 1287.3659222077679 87.413296341896071 0.8973684210526317 0.17607313195548494 60.768820762634284 191.52939891815188 4668.6520421504983 -182.08251611391699 362.4716048306766 0.016539681691803285 0.033055729166466326 85.216893911361709 870.00000000000011
decision_type=10 10 8 10 8 10 10 10 10 10 8 10 10 10
left_child=1 2 -1 -4 5 -5 -7 10 -9 12 11 -6 -10 -14
right_child=-2 -3 3 4 7 6 -8 8 9 -11 -12 -13 13 -15
leaf_value=-0.32847886376527047 0.39185143869232358 0.062738279123398577 0.0079142918099151058 -0.0061737598825887851 -0.023411582667529962 0.26848133738467689 -0.0070691262067606427 0.10593050774792785 -0.16449883647253843 -0.7805582426269887 0.012106271669290755 -0.42619715889797916 -0.086652744778447949 0.60831043689922148
leaf_weight=83 69 72 1265 420 74 170 67 127 435 49 808 45 106 50
leaf_count=83 69 72 1265 420 74 170 67 127 435 49 808 45 106 50
internal_value=0.000234314 5.56734e-05 -0.000121622 8.29417e-05 -0.000854592 0.00241641 0.00794118 -0.00212389 -0.00488281 -0.00702028 0.000161638 -0.00775 -0.0058277 0.000382166
internal_weight=3840 3771 3699 3616 2351 657 237 1694 767 640 927 119 591 156
internal_count=3840 3771 3699 3616 2351 657 237 1694 767 640 927 119 591 156
is_linear=0
shrinkage=0.03


Tree=462
num_leaves=15
num_cat=0
split_feature=83 28 40 83 44 59 82 56 56 33 5 29 28 69
split_gain=5.62535 4.15096 9.04076 7.48171 9.09519 7.64893 9.29774 7.54659 9.40234 8.70836 9.7005 7.81837 18.4637 20.3192
threshold=419.96287250518805 170.50000000000003 15.790313484718842 80.06053471565248 24.362583279609684 139.72003245353702 170.41200455029806 201.34530862172446 167.46027362346652 11.659821428571432 56.01151883602143 0.88536888379204903 223.50000000000003 77.257246040136295
decision_type=10 2 10 10 10 10 10 8 10 10 8 10 2 8
left_child=1 2 -1 7 -5 6 -6 8 11 -9 -11 -3 13 -13
right_child=-2 3 -4 4 5 -7 -8 9 -10 10 -12 12 -14 -15
leaf_value=-0.20331154078151573 0.58249811035328003 0.031193036526884616 0.0094858283755290523 0.078527039299562493 -0.21931841635254967 -0.38574376874291122 0.30785734985079699 0.0031854031806140171 0.26943740457741483 -0.01722329620969873 -0.44521895274140177 -0.25229138480723928 0.021117685084995584 0.0086537597924410282
leaf_weight=68 51 367 1497 53 163 57 51 110 78 103 57 220 758 186
leaf_count=68 51 367 1497 53 163 57 51 110 78 103 57 220 758 186
internal_value=7.8534e-06 -0.000127355 0.00105364 -0.000966425 -0.00516923 -0.00738971 -0.00474419 -0.000239362 0.000540373 -0.00487085 -0.00931677 1.95822e-05 -0.00118455 -0.00633907
internal_weight=3819 3768 1565 2203 324 271 214 1879 1609 270 160 1531 1164 406
internal_count=3819 3768 1565 2203 324 271 214 1879 1609 270 160 1531 1164 406
is_linear=0
shrinkage=0.03


Tree=463
num_leaves=15
num_cat=0
split_feature=4 85 27 3 27 79 42 85 71 80 30 37 85 83
split_gain=5.74331 8.75442 8.66594 11.1767 8.58697 8.49504 9.2065 9.14743 8.46701 8.92509 10.179 11.3765 10.7061 10.5585
threshold=7.5000000000000009 -191.6387451291084 0.88780278466526807 19.791666666656969 0.95706605222734276 6.057882583541625 -153.95554423332212 -113.68417237202324 20.500000000000004 -77.620990753173814 13.65 1571.3325148443153 144.6140732765198 374.73584783077246
decision_type=2 8 8 2 10 8 10 8 8 10 10 10 8 8
left_child=2 -2 3 -1 8 7 -7 -4 9 -3 13 -12 -13 -11
right_child=1 4 5 -5 -6 6 -8 -9 -10 10 11 12 -14 -15
leaf_value=-0.013476996679006507 0.46961766730170595 -0.016465250347432417 0.10614584505871201 -0.34191406059046509 -0.10688940063425605 -0.24078256732843853 0.017085745134280586 -0.26970128079830202 0.18439688647102129 0.045351579793386984 -0.05064577059511393 0.1837222189851461 -0.018731563797715723 0.64246473594937681
leaf_weight=544 72 549 47 67 199 109 1006 187 49 467 264 105 76 50
leaf_count=544 72 549 47 67 199 109 1006 187 49 467 264 105 76 50
internal_value=0.000118671 0.00132642 -0.00100969 -0.00397059 0.000903409 0.000333333 0.00142473 -0.00485106 0.00165279 0.00125 0.00299065 -0.000336323 0.00543956 0.00584942
internal_weight=3791 1831 1960 611 1759 1349 1115 234 1560 1511 962 445 181 517
internal_count=3791 1831 1960 611 1759 1349 1115 234 1560 1511 962 445 181 517
is_linear=0
shrinkage=0.03


Tree=464
num_leaves=15
num_cat=0
split_feature=72 17 28 56 28 85 48 17 77 67 48 43 82 25
split_gain=8.14377 6.21166 14.0191 13.867 12.3006 11.6807 12.4947 11.2799 13.4301 12.6229 17.0649 11.0424 9.43011 10.2897
threshold=73.469976782798781 24.500000000000004 278.50000000000006 120.50928016503654 250.50000000000003 167.82542705535892 -48.872342427571603 26.500000000000004 -3.0912309288978572 260.43233721256263 305.41139415899914 530.67509668817831 -95.863730231920854 0.9536672629695887
decision_type=10 2 2 10 2 10 10 2 8 10 10 10 8 8
left_child=1 2 4 -4 5 6 -1 8 11 -9 -11 -3 -8 -14
right_child=-2 7 3 -5 -6 -7 12 9 -10 10 -12 -13 13 -15
leaf_value=0.03787082125562076 -0.091379064350687475 0.92628983506008034 -1.1046163701420046 0.0045923546356543095 0.29847314487307441 0.58225925436120096 0.087514851112559258 0.0080681103850315135 1.6634357358208409 -0.40853038776417594 0.086922995315249441 -0.1327430386581846 -0.14634739232867239 0.01563828733826254
leaf_weight=168 109 51 65 49 79 77 47 2286 41 150 76 53 411 129
leaf_count=168 109 51 65 49 79 77 47 2286 41 150 76 53 411 129
internal_value=0.000134494 0.000374695 -0.00160819 -0.0114783 -0.000361842 -0.00144058 -0.00257937 0.00113995 0.00924658 0.000668524 -0.0060793 0.00342857 -0.00464286 -0.0057671
internal_weight=3791 3682 1025 114 911 832 755 2657 145 2512 226 104 587 540
internal_count=3791 3682 1025 114 911 832 755 2657 145 2512 226 104 587 540
is_linear=0
shrinkage=0.03


Tree=465
num_leaves=15
num_cat=0
split_feature=3 3 64 31 53 25 82 82 25 61 73 23 45 81
split_gain=10.1153 16.6232 12.112 8.36924 9.26313 13.0335 11.29 12.0131 15.3462 11.3651 12.0689 7.91324 7.86586 8.28358
threshold=16.125000000000004 17.291666666656969 6.0153214131350472 26.370714285714289 10.500000000000002 0.85329985652797713 30.089391628901165 58.104709625244148 0.90219990435198483 0.66104763859367066 1.3207858800888064 14.7657687664032 9.5000000000000018 4709.7794868946085
decision_type=2 2 10 10 10 8 10 10 10 10 8 10 8 8
left_child=-1 11 3 4 5 -3 9 -8 -9 10 -7 -2 13 -12
right_child=1 2 -4 -5 -6 6 7 8 -10 -11 12 -13 -14 -15
leaf_value=-0.0076657202121200689 0.1572866446223469 -0.39108457424421267 0.4723628023334428 -0.15313266089871996 0.083141431393364079 0.31484566164838312 -0.41022952701678078 0.56800638502512046 -0.11568966856729296 0.19084115240856328 -0.074319544699360696 -0.00911452165409413 -0.2646655049008923 0.039768788152018571
leaf_weight=2414 221 93 88 72 170 68 60 54 178 108 86 49 44 141
leaf_count=2414 221 93 88 72 170 68 60 54 178 108 86 49 44 141
internal_value=0.000389914 0.0023866 0.000825451 -5.5814e-05 0.000658026 -0.000648259 0.000689189 -0.00389078 -0.000772532 0.00368304 0.000970588 0.00907749 -0.001875 0.000394737
internal_weight=3846 1432 1162 1074 1002 832 739 292 232 447 339 270 271 227
internal_count=3846 1432 1162 1074 1002 832 739 292 232 447 339 270 271 227
is_linear=0
shrinkage=0.03


Tree=466
num_leaves=15
num_cat=0
split_feature=38 32 80 66 38 34 29 1 57 48 85 48 68 34
split_gain=6.31097 5.82761 8.32541 10.468 9.99097 8.00667 10.5828 8.27735 7.27793 6.75054 9.36578 7.58143 6.74606 6.49421
threshold=15857.962401598839 0.09232954545454547 9.6947882175445574 -164.07820308208463 3724.1880012631832 0.2038926681783825 0.89380237430167608 643.1989827156068 9.5000000000000018 -129.20345064004258 -160.00269371271131 -119.66698348522185 -0.13593097432844761 0.25866188769414583
decision_type=10 8 10 8 10 10 10 2 8 8 10 8 10 10
left_child=1 2 3 -1 -4 6 7 -5 -8 10 13 -11 -12 -3
right_child=-2 9 4 5 -6 -7 8 -9 -10 11 12 -13 -14 -15
leaf_value=-0.15284488125524565 -0.026536437481685646 -0.16631637879518571 0.49306268168134543 0.023486241179554685 -0.019598022550636703 -0.29935962283344925 0.03588812822752576 -0.020567875239634867 1.0825913884399379 -0.56204733143033259 0.07345016771007401 -0.0031691913408715775 0.4696066711346677 0.33793288017954531
leaf_weight=48 71 51 109 41 48 54 54 97 51 43 48 2997 48 40
leaf_count=48 71 51 109 41 48 54 54 97 51 43 48 2997 48 40
internal_value=4.7356e-05 0.000217158 0.00322068 0.000606936 0.00892405 0.00271812 0.00504098 -0.000431655 0.0121698 -0.000250929 0.00526596 -0.000591911 0.0117526 -0.00163043
internal_weight=3800 3729 502 345 157 297 243 138 105 3227 187 3040 96 91
internal_count=3800 3729 502 345 157 297 243 138 105 3227 187 3040 96 91
is_linear=0
shrinkage=0.03


Tree=467
num_leaves=15
num_cat=0
split_feature=82 24 68 74 82 27 36 76 53 27 74 68 61 15
split_gain=5.78141 7.94756 12.3602 6.26463 11.0869 7.98861 8.6692 9.01608 6.42484 10.686 8.5254 5.9387 9.72439 5.65561
threshold=-143.96470149358109 27.500000000000004 -0.030409303902002874 296.67081615189653 46.319724400838219 0.94533384562841538 0.62166558230318814 523.84288966655743 5.5000000000000009 0.92227615965480059 548.83543923084687 0.15593488758991633 0.88871008239993932 28.500000000000004
decision_type=8 2 10 8 8 10 10 10 8 10 10 10 8 2
left_child=1 -1 -3 4 11 6 7 -6 9 10 -5 12 -2 -10
right_child=3 2 -4 8 5 -7 -8 -9 13 -11 -12 -13 -14 -15
leaf_value=-0.018441396627710382 0.57382349648223208 -0.031486045033442024 0.17779712302601025 -1.4073951634423385 0.94141853963223143 0.0088874218114666087 0.65370261907279403 -0.023060045862663896 -0.0049555776160831039 0.058550848354122775 -0.027040905140315423 -0.43570570444827544 -0.095576888541332936 0.010319658119332652
leaf_weight=47 54 51 59 64 71 196 46 60 2224 61 62 54 130 631
leaf_count=47 54 51 59 64 71 196 46 60 2224 61 62 54 130 631
internal_value=0.000267646 0.00588608 0.0102703 2.46305e-05 0.00279412 0.00601604 0.010618 0.00659091 -0.000532369 -0.00590426 -0.0108661 -0.00225941 0.000324324 -0.000178571
internal_weight=3810 157 110 3653 611 373 177 131 3042 187 126 238 184 2855
internal_count=3810 157 110 3653 611 373 177 131 3042 187 126 238 184 2855
is_linear=0
shrinkage=0.03


Tree=468
num_leaves=15
num_cat=0
split_feature=85 1 4 82 82 69 0 85 60 66 70 70 0 28
split_gain=6.1349 5.94018 8.30252 9.07971 6.77342 5.80362 6.06922 7.30627 5.63163 6.56066 5.48335 7.67722 7.58864 6.60716
threshold=390.47095330556243 614.27329885959637 7.5000000000000009 -31.387282490730282 77.268832882245405 424.549063315517 4.5000000000000009 63.753903925418861 -134.91144776344296 -321.72467041015619 0.069047619047619066 0.65686274509803932 96.500000000000014 282.50000000000006
decision_type=10 2 2 8 10 8 2 10 8 10 8 8 2 2
left_child=1 2 3 -1 -5 6 -4 -8 9 -3 13 12 -12 -10
right_child=-2 8 5 4 -6 -7 7 -9 10 -11 11 -13 -14 -15
leaf_value=0.19619709012696004 -0.13897849343591645 -0.87992612469989495 0.60527497471685365 -0.14148325588374014 0.18197130502458073 0.52527590739496188 -0.16814588419987955 0.19108661012389028 -0.027579421040751045 -0.0041900697842237374 0.010813786823597836 0.001157226741439925 1.3399451765659707 0.0068289447316457648
leaf_weight=41 79 48 41 99 47 43 45 40 139 71 203 2834 40 50
leaf_count=41 79 48 41 99 47 43 45 40 139 71 203 2834 40 50
internal_value=0.000345459 0.000521112 0.00420168 -0.000159574 -0.00367347 0.009 0.00566929 0.00104651 0.0001329 -0.00625 0.000367309 0.000672515 0.00577869 -0.00457895
internal_weight=3820 3741 356 187 146 169 126 85 3385 119 3266 3077 243 189
internal_count=3820 3741 356 187 146 169 126 85 3385 119 3266 3077 243 189
is_linear=0
shrinkage=0.03


Tree=469
num_leaves=15
num_cat=0
split_feature=29 29 73 28 57 69 40 81 81 81 17 75 17 66
split_gain=6.30048 8.10239 13.2315 13.8356 11.2464 8.28651 7.98786 7.88152 13.4204 13.1888 12.0141 13.5055 11.4794 15.9844
threshold=0.89763239002521722 0.88536888379204903 2.9246457815170293 187.50000000000003 9.5000000000000018 -100.78605152213107 100.50766786489851 6193.4521247148523 5387.595426917077 19689.849559068683 23.000000000000004 1187.5268685817721 44.000000000000007 176.43993210792544
decision_type=8 10 10 2 8 8 10 10 10 10 2 8 2 8
left_child=1 2 6 -4 -3 -5 -1 8 12 10 -9 -12 -2 -14
right_child=7 4 3 5 -6 -7 -8 9 -10 -11 11 -13 13 -15
leaf_value=-0.46579602335035714 0.010856547747868825 -0.00010243005284762185 0.25811553102880685 0.038781158943766839 -0.36263361497547192 -0.18703619202885341 -0.0039041908592759348 -0.099207960572370621 -0.4302688235546871 -0.049312067222817078 1.2220273285476317 0.06226647259754145 0.012995775568718207 -0.37704156183884502
leaf_weight=105 1230 158 147 73 169 40 756 138 96 105 85 460 137 132
leaf_count=105 1230 158 147 73 169 40 756 138 96 105 85 460 137 132
internal_value=-5.48017e-05 -0.00161491 -0.00040107 0.00551724 -0.0057622 -0.00236842 -0.00219258 0.000893456 -0.000319549 0.00334601 0.00486842 0.00686813 0.00038 -0.00522222
internal_weight=3831 1448 1121 260 327 113 861 2383 1595 788 683 545 1499 269
internal_count=3831 1448 1121 260 327 113 861 2383 1595 788 683 545 1499 269
is_linear=0
shrinkage=0.03


Tree=470
num_leaves=15
num_cat=0
split_feature=40 85 61 80 81 48 56 65 49 25 72 79 76 82
split_gain=6.87831 12.1418 7.78777 9.82604 8.36486 6.6643 12.1762 11.6349 10.7027 10.6119 10.2827 11.7972 11.2738 9.5584
threshold=45.180242109435198 211.63554978370669 0.018699945260673201 4.8254847526550302 9584.3833498954791 58.187365690867118 65.995601574579894 1.0535443372569724 6.5000000000000009 0.85239651416122009 73.469976782798781 12.370122957812271 304.19817519187933 14.256920297940573
decision_type=8 10 8 8 10 10 10 10 10 10 8 8 8 10
left_child=1 2 -1 -4 -5 9 8 10 -7 -2 -8 12 -12 -10
right_child=5 -3 3 4 -6 6 7 -9 13 -11 11 -13 -14 -15
leaf_value=-0.011999309341207239 -0.038117285664837935 -0.76968317515666551 0.14987335243846342 0.1127876511828471 -0.10113310817246741 0.62708965702811204 0.31174222879066843 0.1158680538794368 -0.28685918386848169 -0.0034660775388535825 0.057322469562044807 0.010280921936819567 -0.13316889664750156 0.19166413049071623
leaf_weight=92 368 41 135 239 43 127 54 75 57 1404 60 679 379 44
leaf_count=92 368 41 135 239 43 127 54 75 57 1404 60 679 379 44
internal_value=0.000276461 0.00337568 0.00464706 0.00638756 0.00318021 -0.000249384 0.00123984 7.21154e-05 0.00759825 -0.001489 -0.000664962 -0.00128686 -0.00511364 0.000294118
internal_weight=3797 550 509 417 282 3247 1475 1247 228 1772 1172 1118 439 101
internal_count=3797 550 509 417 282 3247 1475 1247 228 1772 1172 1118 439 101
is_linear=0
shrinkage=0.03


Tree=471
num_leaves=15
num_cat=0
split_feature=77 28 77 3 39 43 3 82 31 50 3 69 83 4
split_gain=4.96548 12.5692 15.2493 11.7123 11.5665 10.8165 14.9227 14.3926 13.1945 11.5912 10.7799 10.6233 9.9063 11.5528
threshold=-146.72816359996793 145.50000000000003 15.967813551425936 23.125000000000004 3776.131218143923 490.42671549149583 15.291666666656967 80.498774925867721 16.147899159663869 88.628312587738051 20.958333333343038 -150.43621630852604 77.600713968276992 5.5000000000000009
decision_type=10 2 10 2 10 10 2 8 8 8 2 8 10 2
left_child=3 2 4 10 -2 9 7 -7 -9 11 -1 -3 13 -13
right_child=1 5 -4 -5 -6 6 -8 8 -10 -11 -12 12 -14 -15
leaf_value=0.0044787924818589621 -0.29197658409373634 0.29786832672010877 0.14813816780975553 -0.21466784035758912 0.007544336476319735 -0.58204406122077235 0.016439801295821184 -0.76136570388070046 0.010579103565363434 0.18488347360734159 0.69392520401954194 -0.25158998157270807 -0.15697968328945422 0.03631742686131062
leaf_weight=1930 276 122 69 53 90 94 261 70 141 194 91 73 85 299
leaf_count=1930 276 122 69 53 90 94 261 70 141 194 91 73 85 299
internal_value=1.55885e-05 -0.0011493 -0.00557339 0.00101205 -0.0080109 0.000291045 -0.00285714 -0.00735294 -0.0029717 0.0025969 0.00137982 0.000465517 -0.00163755 0.000482574
internal_weight=3848 1774 435 2074 366 1339 566 305 211 773 2021 579 457 372
internal_count=3848 1774 435 2074 366 1339 566 305 211 773 2021 579 457 372
is_linear=0
shrinkage=0.03


Tree=472
num_leaves=15
num_cat=0
split_feature=85 7 39 72 77 51 77 38 3 79 40 85 31 68
split_gain=8.00777 7.33803 7.55484 10.2964 8.55858 13.4427 11.4313 8.57202 10.1618 7.26142 7.43009 7.0986 7.02568 6.52119
threshold=390.47095330556243 5123.2697457641034 2519.7779918389792 38.106515169143684 -51.525978863239281 298.94444298744207 36.790439248085029 3935.3674878393208 17.375000000000004 4.8055489050512383 83.09696571281053 -10.688115278879801 20.652777777777782 -0.21158629448186397
decision_type=10 8 10 10 10 8 10 10 2 10 10 10 8 8
left_child=1 2 4 13 -1 6 7 8 -6 10 -3 -8 -12 -4
right_child=-2 9 3 -5 5 -7 11 -9 -10 -11 12 -13 -14 -15
leaf_value=0.0020106127683688513 -0.29586698382430249 0.28953622655916417 -0.2080266784025219 -0.42708693023508887 0.44768096885298803 -0.064732823115392996 -0.028171018725952769 2.0705479783754526 -0.03306686089727208 0.36556542714307139 -0.37621614975960421 0.38372441003639712 0.0064510074342423174 -0.0039255979363397222
leaf_weight=1906 90 62 94 41 83 49 80 40 49 70 41 46 76 1075
leaf_count=1906 90 62 94 41 83 49 80 40 49 70 41 46 76 1075
internal_value=0.000220878 0.000436305 7.79446e-05 -0.0018332 0.0011047 0.00543103 0.00782609 0.0128324 0.00902256 0.0054 0.00216667 0.000944882 -0.00228814 -0.00130769
internal_weight=3802 3712 3463 1210 2253 347 298 172 132 249 179 126 117 1169
internal_count=3802 3712 3463 1210 2253 347 298 172 132 249 179 126 117 1169
is_linear=0
shrinkage=0.03


Tree=473
num_leaves=15
num_cat=0
split_feature=31 5 73 65 56 0 83 82 28 35 73 42 73 24
split_gain=8.32552 11.998 15.9947 11.786 10.3267 9.34043 9.55276 12.5007 9.07518 8.94235 8.81051 8.49267 10.4139 8.80894
threshold=13.248333333333337 56.01151883602143 0.77058696746826183 1.0930841073366107 138.34452021121982 -39.499999999999993 58.953629374504096 -53.450790603955575 147.50000000000003 14.134300061488011 4.2112606763839731 -138.9594198465347 23.899661302566532 69.500000000000014
decision_type=8 10 8 8 8 2 10 10 2 10 10 8 10 2
left_child=5 4 3 -3 9 6 7 -1 -6 -2 -9 -7 13 -13
right_child=1 2 -4 -5 8 11 -8 10 -10 -11 -12 12 -14 -15
leaf_value=-0.20559074893902221 -0.045532082497170875 -0.020373686859282637 -0.038092467112835066 0.41935858458620812 0.064416371576691001 0.81905274471639211 -0.17238110260118225 0.008375600471830608 0.016064375195037003 0.0066743141244543659 0.3547243700886446 0.044272323597660375 -0.16490365944942709 -0.3174004700321687
leaf_weight=110 357 52 691 44 80 60 99 91 235 640 47 1189 110 45
leaf_count=110 357 52 691 44 80 60 99 91 235 640 47 1189 110 45
internal_value=0.000202545 -0.00107143 -0.00399746 0.00742268 0.000685453 0.00172945 -0.00267241 0.000481928 0.00541139 -0.000811623 0.00647482 0.00281851 0.0023197 0.00310931
internal_weight=3850 2099 787 96 1312 1751 347 248 315 997 138 1404 1344 1234
internal_count=3850 2099 787 96 1312 1751 347 248 315 997 138 1404 1344 1234
is_linear=0
shrinkage=0.03


Tree=474
num_leaves=15
num_cat=0
split_feature=50 76 76 76 9 14 40 77 69 3 85 50 14 48
split_gain=5.3545 7.58557 7.66593 10.497 6.92941 5.90854 10.9417 13.4417 10.7919 10.0624 13.7178 12.8708 9.80729 9.612
threshold=3164.9433181285863 2410.3431358337407 1362.0650701522829 1137.8203582763674 3900.0000000000005 358.51781940993902 43.884955955166269 -60.501989483833306 110.93994377637993 15.541666666656967 99.512461423873916 13.69447958469391 275.50990591843714 6.4987415870030736
decision_type=10 10 10 10 2 8 10 8 10 2 10 10 10 10
left_child=1 2 3 5 -3 6 7 12 13 10 -7 -12 -1 -8
right_child=-2 4 -4 -5 -6 9 8 -9 -10 -11 11 -13 -14 -15
leaf_value=0.070634898335387206 -0.11360213455451225 0.35324027835581973 -0.22988195051831964 0.69372532703227607 -0.012454745609571348 0.0060384770385427623 -0.0083287344810938531 0.77551815203089769 0.016816303935526546 0.031728192956535249 0.030161637947592339 -0.65858899292216222 -0.55024579760149173 -0.067573628394773627
leaf_weight=75 100 71 87 47 44 944 543 70 449 697 64 138 41 466
leaf_count=75 100 71 87 47 44 944 543 70 449 697 64 138 41 466
internal_value=0.00028147 0.000465614 0.000223633 0.000441301 0.00801724 0.000249427 -0.00105775 0.0057754 -0.00193283 0.0014154 -0.000313862 -0.00738916 -0.000512821 -0.00365347
internal_weight=3836 3736 3621 3534 115 3487 1644 186 1458 1843 1146 202 116 1009
internal_count=3836 3736 3621 3534 115 3487 1644 186 1458 1843 1146 202 116 1009
is_linear=0
shrinkage=0.03


Tree=475
num_leaves=15
num_cat=0
split_feature=42 42 43 0 41 56 82 39 82 81 77 40 60 0
split_gain=6.72772 9.47634 9.30425 11.8231 11.6322 11.7126 11.6079 10.9813 10.1148 9.39226 8.2922 9.05258 11.551 9.01068
threshold=42.311617016792304 44.50621676445008 605.77801138740358 17.500000000000004 -72.576890349388108 -97.133109807968125 64.125519792238876 4339.5161251555446 -37.521191954612725 4709.7794868946085 -241.54876583814618 458.40702113181447 128.05968058109286 90.500000000000014
decision_type=10 10 10 2 8 10 10 10 10 8 8 10 10 2
left_child=2 -2 4 8 5 9 -7 -6 -4 -1 11 -3 13 -13
right_child=1 10 3 -5 7 6 -8 -9 -10 -11 -12 12 -14 -15
leaf_value=0.60306068358690779 0.92298163464803384 -0.41529743654647844 0.006793876167363831 -0.54607056035066404 -0.020002382759004112 0.045518055853385683 0.85262045180244705 0.08064500202346718 -0.20410125416987507 -0.025124119506839959 0.017296520748157674 -0.0072578868695487124 -0.3459468290970798 0.20998790291620059
leaf_weight=50 40 52 211 72 1146 114 55 89 145 181 1495 67 56 48
leaf_count=50 40 52 211 72 1146 114 55 89 145 181 1495 67 56 48
internal_value=0.000478807 0.00184196 -0.00068314 -0.00461538 0.000348411 0.00478803 0.0107647 -0.00109223 -0.00235294 0.000387931 0.00150087 -0.00388393 -0.000523256 0.00491379
internal_weight=3821 1758 2063 428 1635 400 169 1235 356 231 1718 223 171 115
internal_count=3821 1758 2063 428 1635 400 169 1235 356 231 1718 223 171 115
is_linear=0
shrinkage=0.03


Tree=476
num_leaves=15
num_cat=0
split_feature=33 33 80 28 84 28 52 85 8 28 76 75 0 56
split_gain=6.92994 9.3658 10.3147 9.83675 8.43604 6.96105 10.4523 13.4121 15.5545 9.04155 9.2791 9.30462 14.4105 7.81708
threshold=13.948008534850642 13.298913043478263 217.92846810817721 367.50000000000006 75.267496705055251 223.50000000000003 274.28937065601355 -52.267157355944313 4.490815234824864 120.50000000000001 2217.7235084772115 3322.8798408508305 75.500000000000014 -62.372955123583466
decision_type=8 10 10 2 8 2 10 10 10 2 8 8 2 10
left_child=1 2 3 5 -3 6 7 -1 -9 -8 13 -12 -13 -11
right_child=-2 4 -4 -5 -6 -7 9 8 -10 10 11 12 -14 -15
leaf_value=0.0055746483592560023 -0.0081860560868432936 0.021101330068780629 0.46451324730007398 -0.3964886886297162 0.5092321610076036 0.072883500762877307 -0.2093286211746043 -0.41451116324290316 0.14776670917354975 -0.091384200052269479 0.47803392284289514 -0.060669168891405861 1.1589818092776003 0.033192538755978933
leaf_weight=339 2026 94 97 72 64 460 42 218 59 51 65 57 40 112
leaf_count=339 2026 94 97 72 64 460 42 218 59 51 65 57 40 112
internal_value=-1.58019e-05 0.00135517 0.00066956 5.93668e-05 0.00830189 0.000602493 -0.000823171 -0.00320908 -0.00809353 0.00317935 0.0048773 0.00993865 0.00397959 -0.000182927
internal_weight=3796 1770 1612 1515 158 1443 983 616 277 367 325 162 97 163
internal_count=3796 1770 1612 1515 158 1443 983 616 277 367 325 162 97 163
is_linear=0
shrinkage=0.03


Tree=477
num_leaves=15
num_cat=0
split_feature=78 4 80 79 84 32 3 28 26 26 56 24 68 56
split_gain=5.86644 11.5663 10.3977 11.109 9.36039 10.2021 8.74337 7.84988 7.68902 9.10443 8.28224 11.1683 7.5867 7.8075
threshold=0.70833333333333337 9.5000000000000018 -41.911122083663933 18.687737280866497 104.34630370140077 0.16954022988505749 10.041666666656967 453.50000000000006 138.50000000000003 119.50000000000001 -81.602939208348587 22.500000000000004 -0.052405909185523181 164.10983284314474
decision_type=10 2 10 8 8 8 2 2 2 2 10 2 8 10
left_child=2 -2 3 -1 5 -4 -3 8 9 10 11 -5 -10 -14
right_child=1 6 4 7 -6 -7 -8 -9 12 -11 -12 -13 13 -15
leaf_value=0.25932542126059044 0.0022838278740780994 -0.0047505433876661131 -0.0087516901358915423 -0.013702661030533683 0.0022088524280933918 -0.30998223724440782 0.48338821407435173 -0.51293772379035618 0.81794650318545969 -0.34266171372563853 -0.012175098508905365 0.27989643231755779 -0.022493448888276469 0.066214702131309325
leaf_weight=73 2185 41 60 86 110 139 69 44 59 96 559 89 104 64
leaf_count=73 2185 41 60 86 110 139 69 44 59 96 559 89 104 64
internal_value=-0.000127018 0.000823171 -0.00159704 -0.000306383 -0.00648387 -0.01035 0.0102703 -0.00106171 -0.000538752 -0.00187726 -0.000734694 0.00494318 0.00434211 0.00106509
internal_weight=3778 2295 1483 1174 309 199 110 1101 1057 830 734 175 227 168
internal_count=3778 2295 1483 1174 309 199 110 1101 1057 830 734 175 227 168
is_linear=0
shrinkage=0.03


Tree=478
num_leaves=15
num_cat=0
split_feature=70 70 79 8 34 82 39 8 38 26 57 65 77 0
split_gain=7.19082 8.57183 11.7661 9.21782 9.12301 8.01424 7.71626 15.2855 10.4803 10.2311 9.98893 9.71635 7.09555 6.96476
threshold=1.0000000180025095e-35 0.67708333333333337 9.5579601852469214 4.4274824289109782 0.080322580645161304 47.390482485294349 3616.6430389380507 6.659732622603669 2859.2081759926218 95.500000000000014 5.5000000000000009 1.0604047753555781 -108.47597461938857 17.500000000000004
decision_type=8 8 10 10 8 8 8 10 8 2 8 10 10 2
left_child=13 2 3 -2 -4 -6 -3 8 9 -8 -10 -9 -5 -1
right_child=1 6 4 12 5 -7 7 11 10 -11 -12 -13 -14 -15
leaf_value=-0.012174757625501036 -0.18065764188241615 0.0028928401675334925 -0.013624959021897779 0.22372563535930254 1.1348861469480258 0.089212750079216099 -0.09193564255343005 0.07636134595517341 0.22115210950148764 -1.0386707304990386 -0.040468467651586619 -0.099600875232798342 -0.037517185419307458 -0.27231035343563154
leaf_weight=167 52 2758 49 41 51 68 61 126 42 61 204 40 61 44
leaf_count=167 52 2758 49 41 51 68 61 126 42 61 204 40 61 44
internal_value=-0.000148981 0.000165975 0.00482972 -0.00116129 0.0102959 0.01475 -0.000291527 -0.00358879 -0.00699187 -0.0141463 -0.00340081 0.0039521 0.00407767 -0.00551887
internal_weight=3825 3614 322 154 168 119 3292 534 368 122 246 166 102 211
internal_count=3825 3614 322 154 168 119 3292 534 368 122 246 166 102 211
is_linear=0
shrinkage=0.03


Tree=479
num_leaves=15
num_cat=0
split_feature=31 69 6 41 34 42 64 66 84 25 33 28 76 41
split_gain=5.25757 10.6376 9.96171 12.4077 17.1692 8.13807 9.77586 8.32859 7.66438 7.43362 11.5179 9.5274 10.3951 10.1457
threshold=13.248333333333337 -286.81615183647085 690.00000000000011 58.00635492801667 0.21231060606060609 402.6745223999024 3.7940620348899841 244.58327233791354 -32.503653685251869 0.86984754376058737 10.511111111111111 212.50000000000003 261.49220442771917 94.828912854194655
decision_type=8 8 10 10 10 10 8 10 8 10 10 2 8 10
left_child=9 -2 3 -3 -5 6 7 -4 -6 10 -1 12 -11 -14
right_child=1 2 5 4 8 -7 -8 -9 -10 11 -12 -13 13 -15
leaf_value=-0.019398804991934426 0.073748922816885901 -0.012653908898881596 -0.56378264631376496 0.19132189404644223 0.082192325545320841 -0.26199925051195788 -0.0099777399220492835 -0.093687958069706381 -0.22359781326793438 -1.1003231254763257 0.38831233180202951 0.040012191489814553 0.01964518338580987 -0.1228245681874767
leaf_weight=70 66 515 56 177 45 49 1028 78 106 43 110 656 619 242
leaf_count=70 66 515 56 177 45 49 1028 78 106 43 110 656 619 242
internal_value=-1.554e-05 -0.00101839 -0.00140146 0.0011019 0.0056535 -0.00314356 -0.00263113 -0.0102222 -0.00177632 0.0012062 0.00696133 0.000538117 -0.00145856 -0.000730858
internal_weight=3860 2120 2054 843 328 1211 1162 134 151 1740 180 1560 904 861
internal_count=3860 2120 2054 843 328 1211 1162 134 151 1740 180 1560 904 861
is_linear=0
shrinkage=0.03


Tree=480
num_leaves=15
num_cat=0
split_feature=1 50 62 70 67 79 39 14 43 0 62 17 68 79
split_gain=7.26086 8.62484 7.87144 8.54128 9.95103 7.65888 8.95989 11.3339 8.34583 14.172 10.0447 8.78422 8.45563 9.74991
threshold=659.08346462249767 2984.2843724489217 0.011259156098687219 0.75735294117647067 -31.62924827898247 6.5968385050656284 1779.2051877915781 803.86820059012734 142.67194104791437 136.50000000000003 0.017209902641105782 30.500000000000004 0.2001958753500549 48.659383239464489
decision_type=2 10 10 8 8 8 8 8 8 2 10 2 8 8
left_child=1 5 -2 -4 -5 -1 -7 8 11 10 -10 -8 13 -11
right_child=2 -3 3 4 -6 6 7 -9 9 12 -12 -13 -14 -15
leaf_value=-0.018641008812994072 -0.018903873567829663 -0.23990882142304093 0.14441340151670146 0.18575543198940025 -0.0054108690508088125 0.062824855098667989 0.74903253625737132 0.51930605367380334 -0.029233920787439693 0.048538605322161456 -0.28315622275983071 0.00702759338821501 0.61515404971736298 -0.41114555337673919
leaf_weight=350 1409 43 83 45 638 567 49 53 264 63 83 85 63 40
leaf_count=350 1409 43 83 45 638 567 49 53 264 63 83 85 63 40
internal_value=2.34619e-05 0.00151716 -0.00111673 0.00132986 0.000219298 0.00187268 0.00295741 0.000684736 -0.000416667 -0.00215953 -0.00560345 0.00622222 0.00502994 -0.000288462
internal_weight=3835 1660 2175 766 683 1617 1267 700 647 513 347 134 166 103
internal_count=3835 1660 2175 766 683 1617 1267 700 647 513 347 134 166 103
is_linear=0
shrinkage=0.03


Tree=481
num_leaves=15
num_cat=0
split_feature=39 62 80 80 85 64 42 27 39 35 33 39 8 44
split_gain=6.67892 8.82768 8.59051 11.2829 9.14784 9.25474 11.5299 7.98155 12.2333 8.67528 9.22131 8.12246 14.2444 7.54186
threshold=3225.0102297076942 -0.21841738588089057 -256.59016418457026 -196.27006793022153 -162.87146461009976 4.1945564833185127 -81.004273533821092 0.94134846921224635 4186.4930179873336 15.264912280701756 14.803610930383867 3616.6430389380507 5.441560409786109 1423.0636982917788
decision_type=8 8 8 8 8 10 10 10 10 8 10 10 10 10
left_child=1 -1 -3 -4 5 6 -5 9 -9 10 11 -2 -13 -11
right_child=7 2 3 4 -6 -7 -8 8 -10 13 -12 12 -14 -15
leaf_value=0.099952083828159261 0.10058330364729101 -0.28625479248415742 0.77878063449646395 0.16487180807928836 0.0056307020378203367 -1.3616656906707489 -0.42544049300227571 -0.097672094151955866 0.25301168015281605 -0.00096954231871828602 -0.85715673896032085 -0.48989481131126578 -0.057459480813598272 -0.063116181654687048
leaf_weight=176 45 48 48 55 2419 52 60 62 103 562 56 43 72 57
leaf_count=176 45 48 48 55 2419 52 60 62 103 562 56 43 72 57
internal_value=-0.000108836 0.000629591 0.000201267 0.000432638 0.00016235 -0.00660714 -0.00181034 -0.00221778 0.00379518 -0.00340909 -0.00857143 -0.00484472 -0.00905172 -0.00159677
internal_weight=3858 2858 2682 2634 2586 167 115 1000 165 835 216 160 115 619
internal_count=3858 2858 2682 2634 2586 167 115 1000 165 835 216 160 115 619
is_linear=0
shrinkage=0.03


Tree=482
num_leaves=15
num_cat=0
split_feature=42 85 42 35 79 16 85 83 1 77 30 16 62 56
split_gain=8.21168 7.85771 7.25659 11.4475 10.8871 8.58953 9.46697 7.5484 8.99595 7.17812 7.14855 7.27747 6.71554 6.63723
threshold=37.264449119567878 226.30659417311352 52.324355363845832 18.57797242497973 8.792730688248648 9.5000000000000018 234.81272240479791 11.856281042099001 725.53867006301891 -243.40340566635129 1.0000000180025095e-35 5.5000000000000009 -0.20078273797319052 293.45490034421289
decision_type=10 10 10 8 8 2 10 10 2 10 10 2 8 10
left_child=1 -1 3 4 -2 6 7 8 10 -6 -4 13 -7 -12
right_child=2 -3 5 -5 9 12 -8 -9 -10 -11 11 -13 -14 -15
leaf_value=-0.00917703802042567 -0.006110751655075148 -0.56034778938697594 -0.049884732782003095 -0.012289795759597086 0.21726752995729867 0.069349160003577728 0.93992561041701006 -0.18585850608175702 -0.02833502445142173 1.0728003216604549 0.013152327552141041 0.22833126718280627 -0.023521357222011176 0.046705749343833251
leaf_weight=1986 43 53 57 43 43 41 68 77 67 42 186 130 974 45
leaf_count=1986 43 53 57 43 43 41 68 77 67 42 186 130 974 45
internal_value=-0.000178942 -0.00148529 0.00128784 0.00715116 0.0116279 0.000674362 0.00342314 0.00213144 0.00351852 0.0177907 0.00515513 0.00671271 -0.00103346 0.00349138
internal_weight=3855 2039 1816 171 128 1645 630 562 485 85 418 361 1015 231
internal_count=3855 2039 1816 171 128 1645 630 562 485 85 418 361 1015 231
is_linear=0
shrinkage=0.03


Tree=483
num_leaves=15
num_cat=0
split_feature=30 30 61 83 63 31 8 77 61 65 28 27 5 48
split_gain=6.98592 7.90918 7.90819 10.0247 11.0016 9.58604 10.01 12.6118 12.6548 9.32995 8.9493 8.2981 7.86704 9.2759
threshold=6.0500000000000007 5.0500000000000007 0.41633773818773001 -120.90988647937773 143.80051738559158 18.108333333333338 1.7081823449234641 -280.30592763423914 0.85405414615354536 0.91487119084686785 222.50000000000003 0.90486029122392775 56.01151883602143 -30.434276421864826
decision_type=8 10 8 8 8 10 10 8 8 10 2 10 10 8
left_child=1 2 3 -1 9 6 7 -4 -9 10 -5 -6 13 -2
right_child=12 -3 5 4 11 -7 -8 8 -10 -11 -12 -13 -14 -15
leaf_value=-0.11050839611335934 -0.027552387017560402 0.28818390590110277 -0.57495114869819874 -0.36053919234972515 0.23862980867670378 -0.15188907652824638 0.16634357853630688 0.37252310200572719 -0.0051346718337824272 0.0061117722206749112 -0.038283387930173093 0.011607161872359483 -0.025368591555277702 0.0096746273438307641
leaf_weight=76 378 74 41 46 60 55 395 81 330 170 65 123 847 1098
leaf_count=76 378 74 41 46 60 55 395 81 330 170 65 123 847 1098
internal_value=0.000117187 0.00170073 0.00120582 -0.00166359 0 0.00292359 0.00371462 0.000662252 0.00225728 -0.0037234 -0.0104464 0.00570652 -0.000916523 0.000406229
internal_weight=3839 1516 1442 540 464 902 847 452 411 281 111 183 2323 1476
internal_count=3839 1516 1442 540 464 902 847 452 411 281 111 183 2323 1476
is_linear=0
shrinkage=0.03


Tree=484
num_leaves=15
num_cat=0
split_feature=28 80 79 3 48 80 78 76 28 75 32 59 3 0
split_gain=4.61855 17.4618 10.7313 10.2031 8.5325 8.57707 14.1171 9.77324 13.5137 9.08962 9.86281 12.0624 8.84152 13.1601
threshold=217.50000000000003 -31.828577518463131 3.3740400981548482 0.5416666666569655 -172.16808636983231 -39.520483970642083 0.87500000000000011 272.31106901168829 156.50000000000003 743.50000000000011 0.39339826839826847 51.465757369995124 17.458333333343038 -73.499999999999986
decision_type=2 8 10 2 8 8 10 8 2 8 10 10 2 2
left_child=3 2 -2 -1 -5 6 -6 8 -7 10 11 -9 -8 -14
right_child=1 -3 -4 4 5 7 12 9 -10 -11 -12 -13 13 -15
leaf_value=-0.28223903013544827 -0.18668429694544081 -0.00094725567023846936 0.19087969061102547 0.27775359059725674 0.034689135090460975 -0.0011070382920006607 -0.023025902128423963 -0.077140965103811451 -0.97849433412970821 0.00049379722757786565 0.33226038916941569 0.41094563565758563 0.025916652494090326 -0.55770261423725254
leaf_weight=47 45 1133 277 45 140 92 203 67 46 1436 102 45 40 103
leaf_count=47 45 1133 277 45 140 92 203 67 46 1436 102 45 40 103
internal_value=0.000133438 0.00146291 0.0076161 -0.000684411 -0.000400862 -0.000659341 -0.00418891 0.000301845 -0.00733813 0.000944882 0.00669767 0.000530973 -0.00743516 -0.013125
internal_weight=3821 1455 322 2366 2319 2274 486 1788 138 1650 214 112 346 143
internal_count=3821 1455 322 2366 2319 2274 486 1788 138 1650 214 112 346 143
is_linear=0
shrinkage=0.03


Tree=485
num_leaves=15
num_cat=0
split_feature=4 27 43 81 77 31 26 14 73 7 64 77 25 38
split_gain=7.47844 14.4978 12.5008 11.6466 10.9093 10.6331 9.20012 9.43352 16.7647 11.1805 9.70205 9.94103 9.24254 11.4019
threshold=7.5000000000000009 0.88780278466526807 569.51409323227188 7295.3905555009851 -204.02106446027753 25.017933723196887 232.50000000000003 358.51781940993902 6.0762559175491342 2929.200008373979 6.5627332737134312 -121.89752739667891 0.907192075796727 2949.8996728975662
decision_type=2 8 10 10 10 8 2 10 8 8 8 8 10 10
left_child=1 3 5 -1 -5 -3 7 8 10 -9 11 -2 -11 -14
right_child=6 2 -4 4 -6 -7 -8 9 -10 12 -12 -13 13 -15
leaf_value=-0.0078259521310945074 0.070716434269256043 0.010296708044317881 -0.10429475473334995 0.012300217370633134 -0.32839416296124202 1.0172565856103344 0.6674232233389501 0.16408058483058602 -0.028156286320307092 0.040021131400246011 0.53652043038478647 -0.1844166984938598 -0.2954681894849161 0.036718846515117032
leaf_weight=348 81 1013 298 52 216 44 41 280 662 333 69 66 162 155
leaf_count=348 81 1013 298 52 216 44 41 280 662 333 69 66 162 155
internal_value=-0.000251243 -0.00153651 0.000199115 -0.00534846 -0.0100372 0.00172968 0.00111892 0.00079602 -0.00143345 0.00290011 0.00580645 0.00141892 0.000737327 -0.00292453
internal_weight=3820 1971 1355 616 268 1057 1849 1808 878 930 216 147 650 317
internal_count=3820 1971 1355 616 268 1057 1849 1808 878 930 216 147 650 317
is_linear=0
shrinkage=0.03


Tree=486
num_leaves=15
num_cat=0
split_feature=31 48 6 79 37 40 0 35 29 29 3 24 43 81
split_gain=7.07324 13.404 17.1998 11.007 9.11243 10.3645 8.19553 10.7635 10.461 13.9566 8.95641 14.1387 13.9936 10.4805
threshold=18.011111111111116 97.622194449106871 930.00000000000011 30.851612822748645 1185.1828023524679 1562.2030089715981 23.500000000000004 22.650882768361587 0.88295277633627411 0.92747102796345382 13.541666666656967 52.500000000000007 317.87288091459334 6235.8737585544595
decision_type=8 10 10 10 10 10 2 8 10 10 2 2 8 8
left_child=-1 3 4 6 -3 -6 10 8 -8 -10 11 12 -2 -12
right_child=1 2 -4 -5 5 -7 7 -9 9 -11 13 -13 -14 -15
leaf_value=0.0071869614780271356 -0.28200746331867221 0.31733449468487895 -0.3815480708962744 0.022816299718960813 0.20024589691213066 -0.0099721884305704212 0.12150733888416322 -0.62960112819181946 -0.41504523681707267 0.02727869413982404 0.012252658313173556 0.2229049227858487 0.0045309300869471134 -0.20938877280811161
leaf_weight=2483 69 55 40 141 161 179 42 72 71 51 70 43 180 119
leaf_count=2483 69 55 40 141 161 179 42 72 71 51 70 43 180 119
internal_value=-7.94281e-05 -0.0018779 0.00240826 -0.00405122 0.00431818 0.00246334 -0.0055571 -0.0101266 -0.00581818 -0.0102439 -0.00329876 0 -0.00276 -0.00836842
internal_weight=3776 1293 435 858 395 340 717 236 164 122 481 292 249 189
internal_count=3776 1293 435 858 395 340 717 236 164 122 481 292 249 189
is_linear=0
shrinkage=0.03


Tree=487
num_leaves=15
num_cat=0
split_feature=66 64 67 82 37 39 64 62 67 7 39 29 35 8
split_gain=5.29603 8.27674 6.06205 9.55317 5.0436 8.7288 7.16809 11.2935 12.6407 6.90235 8.53399 14.6682 13.6526 11.022
threshold=-301.5292574167251 6.3040050486021046 -207.84923880351209 -35.277639567852013 2640.1079139419403 3917.9894445791497 5.679453871472357 -0.11558234635948303 182.96926460070924 4925.3465560779887 3538.2880213821177 0.93201941747572825 14.519759653270293 4.3993280999101385
decision_type=8 10 8 10 10 10 10 10 10 10 8 10 8 10
left_child=1 -1 3 -2 6 -6 9 -8 -9 10 13 12 -12 -4
right_child=2 -3 4 -5 5 -7 7 8 -10 -11 11 -13 -14 -15
leaf_value=-0.90119057944511782 0.45646515630319157 0.050877859177940361 -0.0087734247936737831 -0.014488046614795465 0.45619319987358525 0.0003793668519134731 0.031679439180740766 -0.55016827880014352 0.029068140369005346 0.074411420785450835 -0.74745215134469256 0.17715326986264618 -0.012263385134373365 0.031683937263659451
leaf_weight=51 41 45 2187 56 62 148 63 124 58 134 85 74 241 453
leaf_count=51 41 45 2187 56 62 148 63 124 58 134 85 74 241 453
internal_value=-0.000502223 -0.00742268 -0.000321975 0.00704082 -0.000520661 0.00398104 -0.000798246 -0.00573171 -0.0095082 -0.000415748 -0.000710293 -0.00478803 -0.00752294 -9.08747e-05
internal_weight=3822 96 3726 97 3629 210 3419 245 182 3174 3040 400 326 2640
internal_count=3822 96 3726 97 3629 210 3419 245 182 3174 3040 400 326 2640
is_linear=0
shrinkage=0.03


Tree=488
num_leaves=15
num_cat=0
split_feature=14 50 79 43 16 29 16 14 56 14 36 44 14 0
split_gain=6.42996 14.9082 11.0715 11.5309 10.5093 10.2124 9.79394 12.3709 9.49208 9.26545 9.48662 9.77377 8.54639 9.44497
threshold=358.51781940993902 1862.5054835081103 5.3339509685466515 205.9213045895701 47.500000000000007 0.90744819709577429 37.500000000000007 341.01575402200893 70.435036460558578 300.22566295837902 0.2290871501272265 54.337668538093574 1053.0138490644842 -3.4999999999999996
decision_type=10 10 10 8 2 10 2 10 10 10 8 10 10 2
left_child=2 12 3 5 6 -1 7 -4 -8 10 11 -5 -2 -14
right_child=1 -3 4 9 -6 -7 8 -9 -10 -11 -12 -13 13 -15
leaf_value=-0.0073248728908293431 0.015365823774784033 -0.094301633987325523 0.013124332985061996 0.048650016364131209 0.060129750254421722 -0.34274862479911244 -0.018860501833733848 -0.18441989427634281 -1.0727065740954578 -0.12113202848206706 0.02338564424324991 -0.22045383722215967 -0.15322663600466335 -0.0016671446087768447
leaf_weight=60 1624 91 1058 53 51 122 117 79 45 87 191 57 53 139
leaf_count=60 1624 91 1058 53 51 122 117 79 45 87 191 57 53 139
internal_value=-0.000211599 0.00102201 -0.00143675 -0.0049387 4.44115e-05 -0.0111475 -0.000484615 0.000500879 -0.00736196 -0.00200514 0.000496689 -0.00648649 0.00161805 -0.00435233
internal_weight=3827 1907 1920 570 1350 182 1299 1137 162 388 301 110 1816 192
internal_count=3827 1907 1920 570 1350 182 1299 1137 162 388 301 110 1816 192
is_linear=0
shrinkage=0.03


Tree=489
num_leaves=15
num_cat=0
split_feature=28 71 38 67 14 64 36 38 31 36 69 8 33 40
split_gain=7.4677 4.78628 14.7091 16.729 13.9082 11.5683 15.4532 12.0492 10.2113 10.2054 10.3741 9.28648 11.3435 9.34899
threshold=463.50000000000006 13.500000000000002 3054.7106967952896 259.57074263549987 595.90852971531433 5.679453871472357 0.22184936614466819 903.17923035024398 23.257777777777779 0.25472370766488417 233.0545760265457 6.5768718695637816 22.578235294117651 39.902540243297864
decision_type=2 8 8 10 10 10 10 10 10 8 8 8 10 10
left_child=1 5 3 -3 9 7 -7 -1 -6 10 -4 13 -13 -9
right_child=-2 2 4 -5 8 6 -8 11 -10 -11 -12 12 -14 -15
leaf_value=-0.054668000949525175 -0.27273376730479443 0.00098051648566759302 0.021288203313892921 -0.48949978245876363 0.65560998436434303 -0.60179723480769576 0.032348142580384855 0.11925350694697584 0.0060267958527301067 -0.035648032070741034 0.71527183133296801 0.77850258235026537 -0.011257788561477949 -0.0017548642292921101
leaf_weight=334 69 963 318 83 89 123 68 133 44 202 60 52 44 1271
leaf_count=334 69 963 318 83 89 123 68 133 44 202 60 52 44 1271
internal_value=-0.000147898 3.17041e-05 0.00117614 -0.00108883 0.0044958 -0.000962488 -0.00796875 -0.000228883 0.013209 0.00247849 0.00538259 0.000919387 0.00989691 0.000298932
internal_weight=3853 3784 1759 1046 713 2025 191 1834 133 580 378 1500 96 1404
internal_count=3853 3784 1759 1046 713 2025 191 1834 133 580 378 1500 96 1404
is_linear=0
shrinkage=0.03


Tree=490
num_leaves=15
num_cat=0
split_feature=40 22 16 77 31 77 80 49 20 69 15 43 85 1
split_gain=5.39033 5.84058 5.72087 8.9285 8.55674 6.54332 11.5562 11.0408 5.96668 6.55062 5.73938 15.5555 16.7967 5.92512
threshold=15.790313484718842 2.2577009201049809 1.0000000180025095e-35 1.9501165747642519 14.184659090909093 57.194347918033607 239.64687252044681 8.5000000000000018 55.9328100681305 746.3994327310711 35.500000000000007 614.27774298932388 -3.8093678951263423 655.93281006813061
decision_type=10 2 2 8 10 10 8 10 8 10 2 10 8 2
left_child=1 -1 3 4 -2 8 -7 -8 -4 10 -10 12 -12 -13
right_child=2 -3 5 -5 -6 6 7 -9 9 -11 11 13 -14 -15
leaf_value=-0.2873463639793713 -0.010686266145556402 -0.021373437742387723 -0.32730849259313444 0.04927692283422528 -0.35680646013475814 -0.44404976579685296 -0.0094150447990097776 1.4084842721527127 0.0086819684523548792 0.2328464539854542 0.33060138743349321 -0.025671842291059208 -0.046969998346570577 -0.23210230367514689
leaf_weight=62 44 96 45 46 48 105 103 40 2863 65 73 46 138 62
leaf_count=62 44 96 45 46 48 105 103 40 2863 65 73 46 138 62
internal_value=0.000125098 -0.00528302 0.000358793 -0.00561151 -0.0109677 0.000593053 -0.00409639 0.00145833 0.000947464 0.00109914 0.000904807 -0.00290625 0.00183962 -0.0121101
internal_weight=3836 158 3678 138 92 3540 248 143 3292 3247 3182 319 211 108
internal_count=3836 158 3678 138 92 3540 248 143 3292 3247 3182 319 211 108
is_linear=0
shrinkage=0.03


Tree=491
num_leaves=15
num_cat=0
split_feature=3 82 4 85 3 56 85 43 29 67 43 35 42 40
split_gain=7.77687 8.25869 5.8956 12.1096 11.5207 10.5066 9.97847 9.35517 9.42108 8.76754 9.05326 11.7736 9.0502 8.93142
threshold=23.125000000000004 -22.023104310035702 8.5000000000000018 81.008234977722182 5.6250000000000009 89.022293766339629 403.32884275913244 329.11821717829855 0.9445213911972915 87.035427100956426 113.88546450010638 12.088653846153848 76.2602814435959 683.08875603826175
decision_type=2 10 2 8 2 8 10 10 10 8 10 8 10 10
left_child=2 -2 6 -4 -5 7 9 8 -6 13 11 -11 -13 -1
right_child=1 -3 3 4 5 -7 -8 -9 -10 10 -12 12 -14 -15
leaf_value=-0.016843127121078907 0.14940614535379779 -0.36273302056856083 0.11194456809176542 -0.10956400023469851 -0.042213921754260753 0.23367518054613867 -0.76204930127923454 0.027734006732400444 -0.4743905218931122 0.010888669288804564 -0.0058347967126557224 0.3151576203522356 -0.039532837949624672 -0.31407997675562199
leaf_weight=632 51 72 358 87 117 124 49 122 40 503 1352 161 42 108
leaf_count=632 51 72 358 87 117 124 49 122 40 503 1352 161 42 108
internal_value=-0.000109976 -0.0075 0.000137987 0.00233216 -0.000733198 0.00141089 -0.000516152 -0.00182143 -0.00664557 -0.000278671 0.000728509 0.00347949 0.00955882 -0.00307692
internal_weight=3818 123 3695 848 490 403 2847 279 157 2798 2058 706 203 740
internal_count=3818 123 3695 848 490 403 2847 279 157 2798 2058 706 203 740
is_linear=0
shrinkage=0.03


Tree=492
num_leaves=15
num_cat=0
split_feature=70 28 17 31 65 3 56 16 77 28 26 76 3 4
split_gain=7.05311 6.16353 6.41208 9.52604 10.2998 7.42663 9.53213 5.98336 11.1737 5.50744 11.3744 14.1753 8.58278 12.3589
threshold=0.069047619047619066 469.50000000000006 63.000000000000007 4.1155555555555559 0.91038885214745069 23.125000000000004 50.732399582862861 41.500000000000007 -170.43623745441434 124.50000000000001 63.500000000000007 1230.4449925422671 11.958333333343036 6.5000000000000009
decision_type=8 2 2 10 10 2 10 2 10 2 2 10 2 2
left_child=-1 2 5 -4 -5 7 -7 9 -9 12 -11 -12 -2 -14
right_child=1 -3 3 4 -6 6 -8 8 -10 10 11 -13 13 -15
leaf_value=-0.028542921123790563 -0.019122232290892639 -0.32640577797500131 0.22322846034686239 -0.19765011828282517 0.21141935122842528 0.051677850077102537 -0.75233462414403152 -0.3211584344975999 0.14468954049933241 -0.093618711655784628 0.0038518573878271309 0.22522444775167239 0.011580363653145333 0.66703720665622357
leaf_weight=217 94 58 49 40 56 41 61 65 44 125 2743 90 90 58
leaf_count=217 94 58 49 40 56 41 61 65 44 125 2743 90 90 58
internal_value=0.000148747 0.00046473 0.000624121 0.00678082 0.00123711 0.000360492 -0.00757282 0.000607251 -0.00627273 0.000843486 0.000486651 0.000878617 0.00518519 0.00966443
internal_weight=3831 3614 3556 145 96 3411 102 3309 109 3200 2958 2833 242 148
internal_count=3831 3614 3556 145 96 3411 102 3309 109 3200 2958 2833 242 148
is_linear=0
shrinkage=0.03


Tree=493
num_leaves=15
num_cat=0
split_feature=31 77 3 80 83 17 77 33 28 28 28 83 39 42
split_gain=6.07201 6.92397 8.48706 6.10907 10.6357 7.12803 7.45188 6.76724 6.39249 5.83214 6.00249 5.95778 6.01613 8.08695
threshold=103.19500000000002 15.967813551425936 14.291666666656967 -191.50997149944303 -133.56410682201383 5.0000000000000009 -54.499478757381432 13.546920821114371 488.50000000000006 455.50000000000006 91.000000000000014 -290.90358495712275 1810.4553229287114 217.51199030876163
decision_type=8 8 2 8 8 2 10 10 2 2 2 8 10 10
left_child=3 2 -2 4 7 6 -5 -1 9 10 -7 -12 13 -13
right_child=1 -3 -4 5 -6 8 -8 -9 -10 -11 11 12 -14 -15
leaf_value=0.029346627974397421 -0.37034339050301884 0.00040077730124766798 -0.024698020599398383 -1.0253146379292724 -0.030955985028678724 0.27505870434605301 0.00093260743893516904 1.0912831912615029 -0.51678141495708974 0.2307393922544016 -0.23908065081265681 0.012528962435045584 -0.0079688896324898607 0.20859726696952455
leaf_weight=43 43 184 104 43 53 45 41 40 42 45 44 1316 1668 126
leaf_count=43 43 184 104 43 53 45 41 40 42 45 44 1316 1668 126
internal_value=-7.81657e-06 -0.00388554 -0.00871622 0.000359281 0.00656934 0.000106793 -0.00847059 0.0132143 0.000328567 0.00048074 0.000328125 0.000171157 0.000327869 0.00174636
internal_weight=3837 331 147 3506 136 3370 84 83 3286 3244 3199 3154 3110 1442
internal_count=3837 331 147 3506 136 3370 84 83 3286 3244 3199 3154 3110 1442
is_linear=0
shrinkage=0.03


Tree=494
num_leaves=15
num_cat=0
split_feature=28 28 77 58 83 27 41 8 77 77 82 36 29 83
split_gain=5.32722 14.5449 10.6735 10.7301 10.0447 11.3368 14.0271 9.45493 11.4751 14.2345 11.1337 11.4752 11.2332 9.47518
threshold=223.50000000000003 184.50000000000003 -165.26840126514432 1.972092390060425 77.600713968276992 0.87931947570501789 -49.530582427978509 4.8440375778244009 -1.5096672177314756 36.790439248085029 119.24064238866173 0.31676443346711952 0.93275426762633318 69.476742744445815
decision_type=2 2 10 8 10 10 8 10 10 10 10 10 10 10
left_child=1 2 3 4 5 -1 -7 8 13 -10 11 12 -9 -2
right_child=7 -3 -4 -5 -6 6 -8 10 9 -11 -12 -13 -14 -15
leaf_value=0.17920467517262939 0.021429672978522551 -0.072217446553953402 -0.014703242271631655 -0.0019967474503444832 0.64887233073588813 -0.26845852532054754 0.037612651539395386 -0.015994708261335935 2.5179691107801401 0.071770150694174417 -0.78765105480397202 -0.43371462784657722 0.80368644709753956 -0.079353301767752307
leaf_weight=78 678 578 1062 498 81 45 120 157 52 94 76 89 78 157
leaf_count=78 678 578 1062 498 81 45 120 157 52 94 76 89 78 157
internal_value=-0.000600937 -0.00143727 -0.000159151 0.00240583 0.00664615 0.00356557 -0.000903614 0.000890014 0.00247454 0.0102041 -0.00299252 -0.000553846 0.00292373 0.00111244
internal_weight=3843 2462 1884 822 324 243 165 1381 981 146 400 324 235 835
internal_count=3843 2462 1884 822 324 243 165 1381 981 146 400 324 235 835
is_linear=0
shrinkage=0.03


Tree=495
num_leaves=15
num_cat=0
split_feature=16 45 3 7 40 27 8 85 43 64 71 27 1 16
split_gain=10.3554 7.66311 10.8125 9.78686 7.8473 9.55175 10.0629 9.81304 8.79777 8.0941 10.3076 16.651 9.4159 9.48268
threshold=1.0000000180025095e-35 5.5000000000000009 9.1250000000000018 1174.018456582515 45.180242109435198 0.96680440771349874 4.1352197528859262 84.058398882548019 345.04463222049299 4.2242604647455293 13.500000000000002 0.92526050059082621 743.82469952106487 7.5000000000000009
decision_type=2 8 2 8 8 10 10 8 8 8 8 10 2 2
left_child=-1 2 -2 -3 -5 9 7 -7 -9 -6 12 -12 13 -11
right_child=1 3 -4 4 5 6 -8 8 -10 10 11 -13 -14 -15
leaf_value=-0.13439813673531262 0.18120763998431044 0.16904987861051129 -0.0686280057972255 0.044044774363951975 -0.01100560602568664 0.08178475933328308 0.012349843152947812 -0.78258164395993091 -0.19813344468052646 0.046777492501776104 0.013243860367303455 1.1466804369616821 -0.16829730992496802 -0.0091038073011242837
leaf_weight=148 77 83 434 356 766 44 87 49 52 261 589 122 88 663
leaf_count=148 77 83 434 356 766 44 87 49 52 261 589 122 88 663
internal_value=0.000102094 0.000416667 -0.00298828 0.000968048 0.000692008 0.000143277 -0.00566524 -0.0104795 -0.0155882 0.000686747 0.00182715 0.0045927 -0.00011846 0.000778378
internal_weight=3819 3671 511 3160 3077 2721 232 145 101 2489 1723 711 1012 924
internal_count=3819 3671 511 3160 3077 2721 232 145 101 2489 1723 711 1012 924
is_linear=0
shrinkage=0.03


Tree=496
num_leaves=15
num_cat=0
split_feature=42 27 5 41 81 40 64 67 81 75 81 34 27 14
split_gain=6.75115 10.4337 11.4926 9.48301 11.9774 18.0988 9.19717 8.97078 8.64616 7.9033 10.1203 12.313 11.9747 10.7025
threshold=37.93373095989228 0.2423193876481074 40.27996754646302 81.341236352920546 6435.8686270713815 514.96565693625655 3.2555626486569622 175.58892612324826 6235.8737585544595 470.59645617008215 4597.665326476098 0.17445652173913045 0.92873015873015885 422.41749584857411
decision_type=8 10 10 8 10 10 8 8 10 10 8 10 10 10
left_child=1 8 6 4 5 7 -3 -2 -1 10 13 -12 -13 -5
right_child=3 2 -4 9 -6 -7 -8 -9 -10 -11 11 12 -14 -15
leaf_value=-0.0040110284412852174 -0.36110685582850338 -0.51758843293560985 0.014546420318102306 0.16605839239874146 0.28668731893787308 0.057148820984249511 -0.017046568448116653 -0.029952799076634732 -0.27606783118118228 -0.14232462416105321 0.01394655579088514 -0.22936471110807349 0.015766469620113525 -0.017888371730065116
leaf_weight=57 51 41 924 218 166 160 826 103 53 148 410 322 279 92
leaf_count=57 51 41 924 218 166 160 826 103 53 148 410 322 279 92
internal_value=0.000467411 -0.000804416 -0.000251116 0.00170769 0.00536383 0.00190476 -0.00273041 -0.00541935 -0.00972973 0.000510204 0.00124811 -0.00020751 -0.0029402 0.00598071
internal_weight=3850 1901 1791 1949 480 314 867 154 110 1469 1321 1011 601 310
internal_count=3850 1901 1791 1949 480 314 867 154 110 1469 1321 1011 601 310
is_linear=0
shrinkage=0.03


Tree=497
num_leaves=15
num_cat=0
split_feature=16 35 30 68 38 0 60 16 67 74 62 14 14 7
split_gain=6.57154 6.59421 11.874 10.7797 11.3437 11.2001 12.2303 10.3042 9.64414 8.7653 8.14488 7.52381 7.36424 8.83
threshold=1.0000000180025095e-35 16.620404172099089 16.950000000000003 0.13920371705791459 2487.7218150629637 -5.4999999999999991 72.422966957092299 2.5000000000000004 331.49319411648656 261.90196870287838 0.20640675263557773 466.10639599691336 612.49424166773031 2713.8932026441257
decision_type=2 10 8 10 8 2 10 2 10 8 10 10 8 8
left_child=-1 2 7 4 5 -4 11 -2 12 -3 -5 -7 13 -9
right_child=1 9 3 10 -6 6 -8 8 -10 -11 -12 -13 -14 -15
leaf_value=-0.083192584515824272 0.24921949327373741 0.39860964750222266 -0.90238217400923737 0.40570983206147687 -0.021553474089153219 0.15446056333205163 -0.58146009504869312 -0.0014073799379413997 -0.29234393818118876 0.0070403341644612013 -0.026481618435555559 -0.29723778499935205 -0.059171621869249562 0.048760815115545204
leaf_weight=133 100 48 46 63 440 41 59 908 104 977 83 40 230 494
leaf_count=133 100 48 46 63 440 41 59 908 104 977 83 40 230 494
internal_value=3.18556e-05 0.000272427 -0.000528938 -0.00364812 -0.00535885 -0.0115508 -0.00723404 0.000783887 0.000241796 0.00230994 0.00367347 0.000365854 0.000808328 0.00162509
internal_weight=3766 3633 2608 772 626 186 140 1836 1736 1025 146 81 1632 1402
internal_count=3766 3633 2608 772 626 186 140 1836 1736 1025 146 81 1632 1402
is_linear=0
shrinkage=0.03


Tree=498
num_leaves=15
num_cat=0
split_feature=38 35 14 39 27 27 23 22 54 60 64 35 27 53
split_gain=6.42129 6.31817 11.8392 10.2365 12.9134 11.227 8.54827 8.7317 8.94962 8.16603 9.95711 7.69924 10.4092 13.4954
threshold=15857.962401598839 15.306061224489797 689.55589734680063 2144.0417717133987 0.93868600071607611 0.91318840579710148 5.833202838897706 5.7846333980560312 750.00000000000011 182.8077304363251 4.0637225796594754 12.392754255783503 0.94533384562841538 2.5000000000000004
decision_type=10 10 10 10 10 10 8 2 8 10 10 8 10 10
left_child=1 2 11 -4 5 -5 -3 -8 -9 -10 -11 12 13 -1
right_child=-2 6 3 4 -6 -7 7 8 9 10 -12 -13 -14 -15
leaf_value=0.65486269314837853 -0.036754793012338506 0.02318217184671139 -0.33835733973594273 -0.0061907195167766101 0.82322423724597871 -0.84445475367291878 -0.22857960844353242 -0.047599392353500511 0.036878990792388641 -0.29472956272791961 0.011724323341530471 -0.01399480829124883 -0.024512430234215683 0.028492308959436625
leaf_weight=47 66 768 71 84 51 44 49 238 264 41 44 877 495 689
leaf_count=47 66 768 71 84 51 44 49 238 264 41 44 877 495 689
internal_value=0.000250718 0.000414563 -0.000534125 -0.00669323 -0.00283333 -0.00790698 0.00200712 -0.000565149 0.000459184 0.00351429 -0.00453488 0.000199147 0.0017289 0.00398915
internal_weight=3828 3762 2358 250 179 128 1404 636 587 349 85 2108 1231 736
internal_count=3828 3762 2358 250 179 128 1404 636 587 349 85 2108 1231 736
is_linear=0
shrinkage=0.03


Tree=499
num_leaves=15
num_cat=0
split_feature=70 40 0 69 3 62 52 60 74 43 3 3 39 48
split_gain=7.90157 9.51748 9.45576 9.10918 10.6585 8.2085 8.96497 11.3043 8.2635 7.99545 21.2187 8.83791 8.61071 14.8327
threshold=1.0000000180025095e-35 1207.9853058364151 17.500000000000004 221.13783349526912 15.875000000000002 -0.15461260940887764 53.522486567497261 110.8895344734192 4283.1562941582079 605.77801138740358 6.7083333333430355 1.7083333333430348 435.26008266824584 70.444259643554702
decision_type=8 10 2 10 2 8 8 10 10 10 2 2 10 8
left_child=2 9 -1 5 -5 -3 -7 8 -8 11 -11 -2 13 -13
right_child=1 3 -4 4 -6 6 7 -9 -10 10 -12 12 -14 -15
leaf_value=-0.0057789626814544002 -0.10537581610355111 -0.07223602067953265 -0.37046561380694343 -0.089893048312999407 0.05587992940466352 1.1537282010042098 0.18004429624502274 -0.13623029280974264 3.6582508388317091e-05 0.51249077218508576 -0.15019121491351858 0.018386496448922037 0.0092230185973517821 -0.21026648229882389
leaf_weight=175 105 53 48 122 108 65 114 64 50 43 395 166 2181 148
leaf_count=175 105 53 48 122 108 65 114 64 50 43 395 166 2181 148
internal_value=-2.34497e-05 0.000315353 -0.00549107 0.00384749 -0.000779221 0.00691643 0.00887755 0.0060262 0.0101818 -0.00035538 -0.00410023 0.000276817 0.000637019 -0.004
internal_weight=3837 3614 223 576 230 346 293 228 164 3038 438 2600 2495 314
internal_count=3837 3614 223 576 230 346 293 228 164 3038 438 2600 2495 314
is_linear=0
shrinkage=0.03


end of trees

feature_importances:
hour=334
hist_tripstart_delay=298
cur_dev_s=248
hist_tgt_age=239
n_pkt_30m=216
hist_tgt_delay=207
hist_tgt_delay_mean3=192
valid_share_30m=170
hist_gain=152
det_plus_hist_gain=149
plan_rate_extrap=147
tgt_to_trip_end=143
dist_to_tgt=134
trip_len=127
valid_share_15m=124
plan_path_speed=123
pos_delay=122
speed_mean_2m=119
detw_slope=112
hist_tgt_dmin=112
detw_delay=108
hist_gain_mean=104
tgt_dist_prev=103
speed_mean_10m=103
det_speed_route=100
plan_path_m=99
phys_delay=96
dist_to_last_plan=94
det_delay=92
det_delay_mean3=92
pos_u=90
det_slope=90
n_stops_plan=88
moved_10m=85
det_plan_rate=85
layover_slack_s=85
detw_stops_to_tgt=84
valid_share_5m=81
n_pkt_15m=81
lead_s=79
stop_share_10m=77
dist_to_next_plan=76
moved_5m=72
detw_delay_mean3=72
tgt_pos_in_trip=69
stop_share_5m=69
det_rate_recent=69
n_plan_recent=60
detw_next_plan_minus_T=59
det_stops_to_tgt=58
cur_minus_det_last=58
detw_extrap=56
det_extrap=53
since_last_plan=47
speed_last=47
det_at_last_plan=47
dist_to_layover_stop=47
detw_age=45
age_last_pkt=44
det_lb=44
speed_mean_5m=43
n_pkt_5m=41
stop_share_2m=40
age_last_valid=38
max_gap_path=35
at_terminal_s=32
layover_end_minus_T=29
det_age=27
det_n15m=27
detw_n15m=27
hist_tgt_det_share=27
det_next_plan_minus_T=24
plan_path_s=23
tgt_gap_prev=22
det_plan_to_tgt=21
layover_path_s=17
detw_lb=17
detw_plan_to_tgt=11
cur_dev_is0=7
tgt_after_layover_s=7
detw_same_trip=4
tgt_is_trip_start=2
n_trip_starts_path=1
last_is_trip_end=1
det_same_trip=1

parameters:
[boosting: gbdt]
[objective: regression_l1]
[metric: l1]
[tree_learner: serial]
[device_type: cpu]
[data_sample_strategy: bagging]
[data: ]
[valid: ]
[num_iterations: 500]
[learning_rate: 0.03]
[num_leaves: 15]
[num_threads: 8]
[seed: 1]
[deterministic: 0]
[force_col_wise: 0]
[force_row_wise: 0]
[histogram_pool_size: -1]
[max_depth: -1]
[min_data_in_leaf: 40]
[min_sum_hessian_in_leaf: 0.001]
[bagging_fraction: 0.8]
[pos_bagging_fraction: 1]
[neg_bagging_fraction: 1]
[bagging_freq: 1]
[bagging_seed: 18467]
[bagging_by_query: 0]
[feature_fraction: 0.7]
[feature_fraction_bynode: 1]
[feature_fraction_seed: 26500]
[extra_trees: 0]
[extra_seed: 15724]
[early_stopping_round: 0]
[early_stopping_min_delta: 0]
[first_metric_only: 0]
[max_delta_step: 0]
[lambda_l1: 0]
[lambda_l2: 1]
[linear_lambda: 0]
[min_gain_to_split: 0]
[drop_rate: 0.1]
[max_drop: 50]
[skip_drop: 0.5]
[xgboost_dart_mode: 0]
[uniform_drop: 0]
[drop_seed: 6334]
[top_rate: 0.2]
[other_rate: 0.1]
[min_data_per_group: 100]
[max_cat_threshold: 32]
[cat_l2: 10]
[cat_smooth: 10]
[max_cat_to_onehot: 4]
[top_k: 20]
[monotone_constraints: ]
[monotone_constraints_method: basic]
[monotone_penalty: 0]
[feature_contri: ]
[forcedsplits_filename: ]
[refit_decay_rate: 0.9]
[cegb_tradeoff: 1]
[cegb_penalty_split: 0]
[cegb_penalty_feature_lazy: ]
[cegb_penalty_feature_coupled: ]
[path_smooth: 0]
[interaction_constraints: ]
[verbosity: -1]
[saved_feature_importance_type: 0]
[use_quantized_grad: 0]
[num_grad_quant_bins: 4]
[quant_train_renew_leaf: 0]
[stochastic_rounding: 1]
[linear_tree: 0]
[max_bin: 255]
[max_bin_by_feature: ]
[min_data_in_bin: 3]
[bin_construct_sample_cnt: 200000]
[data_random_seed: 41]
[is_enable_sparse: 1]
[enable_bundle: 1]
[use_missing: 1]
[zero_as_missing: 0]
[feature_pre_filter: 1]
[pre_partition: 0]
[two_round: 0]
[header: 0]
[label_column: ]
[weight_column: ]
[group_column: ]
[ignore_column: ]
[categorical_feature: ]
[forcedbins_filename: ]
[precise_float_parser: 0]
[parser_config_file: ]
[objective_seed: 19169]
[num_class: 1]
[is_unbalance: 0]
[scale_pos_weight: 1]
[sigmoid: 1]
[boost_from_average: 1]
[reg_sqrt: 0]
[alpha: 0.9]
[fair_c: 1]
[poisson_max_delta_step: 0.7]
[tweedie_variance_power: 1.5]
[lambdarank_truncation_level: 30]
[lambdarank_norm: 1]
[label_gain: ]
[lambdarank_position_bias_regularization: 0]
[eval_at: ]
[multi_error_top_k: 1]
[auc_mu_weights: ]
[num_machines: 1]
[local_listen_port: 12400]
[time_out: 120]
[machine_list_filename: ]
[machines: ]
[gpu_platform_id: -1]
[gpu_device_id: -1]
[gpu_device_id_list: ]
[gpu_use_dp: 0]
[num_gpu: 1]

end of parameters

pandas_categorical:[]
