tree
version=v4
num_class=1
num_tree_per_iteration=1
label_index=0
max_feature_idx=85
objective=regression_l1
feature_names=cur_dev_s lead_s cur_dev_is0 hour n_stops_plan since_last_plan plan_path_s plan_path_m plan_path_speed max_gap_path n_trip_starts_path layover_path_s tgt_is_trip_start tgt_gap_prev tgt_dist_prev tgt_pos_in_trip tgt_to_trip_end trip_len last_is_trip_end tgt_after_layover_s layover_end_minus_T has_telemetry age_last_pkt age_last_valid n_pkt_5m valid_share_5m n_pkt_15m valid_share_15m n_pkt_30m valid_share_30m speed_last speed_mean_2m stop_share_2m speed_mean_5m stop_share_5m speed_mean_10m stop_share_10m moved_5m moved_10m dist_to_tgt dist_to_next_plan det_delay detw_delay dist_to_last_plan det_age det_stops_to_tgt det_plan_to_tgt det_same_trip det_delay_mean3 det_n15m det_lb det_next_plan_minus_T detw_age detw_stops_to_tgt detw_plan_to_tgt detw_same_trip detw_delay_mean3 detw_n15m detw_lb detw_next_plan_minus_T pos_delay pos_u det_slope det_extrap det_speed_route det_plan_rate phys_delay plan_rate_extrap detw_slope detw_extrap det_rate_recent n_plan_recent det_at_last_plan cur_minus_det_last dist_to_layover_stop at_terminal_s layover_slack_s hist_tripstart_delay hist_tgt_det_share hist_tgt_dmin hist_tgt_delay hist_tgt_age hist_tgt_delay_mean3 hist_gain hist_gain_mean det_plus_hist_gain
feature_infos=[-404:661] [603.09427642822266:900] [0:1] [0:23.916666666686069] [1:14] [0:14892.05751824379] [660:15540] [0:12827.943764811294] [0:10.803044886087546] [0:14940] [0:2] [0:14940] [0:1] [0:14940] [0:9831.9945560320557] [0:71] [0:70] [1:72] [0:1] [0:780] [4.8826858997344971:900] none [0:1949.1842980384827] [0:11451] [0:107] [0:1] [0:291] [0:1] [0:550] [0:1] [0:121] [0:117.2] [0:1] [0:110.14999999999999] [0:1] [0:101.8] [0:1] [0:35802.811543782569] [0:51722.121883766056] [3.3583940281732638:33148.477351940295] [0.60254003257475619:34656.366069555101] [-300:799.38736510276794] [-300:671.981440782547] [0.60254003257475619:34670.831137284273] [0.12392640113830566:15326.934791564941] [1:49] [360:16080] [0:1] [-287.7758509318034:632.42421825726831] [0:15] [0:15192.05751824379] [-15192.05751824379:900] [0.4447624683380127:15047.163184165955] [1:49] [360:15720] [0:1] [-294.66666666666669:600.06247250239051] [0:15] [0:14892.05751824379] [-14892.05751824379:900] [-337.63885021209717:11803.174602270126] [0:1] [-0.97196972299573325:2.2040685286124546] [-732.22170826366983:900] [0.4406616482338348:13.09750292924962] [0.13973357400680286:1.8669609362695787] [-560.88408207893372:1500] [-535.96999738090915:1500] [-0.94803408100491515:2.8931824797675731] [-748.9516192664089:900] [0:1] [1:24] [-300:799.38736510276794] [-799.38736510276794:783.48914670944214] [0.60254003257475619:34656.366069555101] [0:14262.05751824379] [-297.29506731033325:14913.388998508453] [-299:308.65542531013489] [0:1] [0.16551709419740437:17658.273421561607] [-300:799.38736510276794] [1054.9078302383423:71620.322207450867] [-295:799.38736510276794] [-782.74478268623352:774.56811666488647] [-651.39952778816223:774.56811666488647] [-620.86606168746948:1195.8801209926605]
tree_sizes=1311 1431 1412 1407 1416 1415 1440 1442 1443 1438 1444 1443 1437 1451 1437 1445 1433 1455 1443 1446 1442 1439 1452 1442 1439 1440 1439 1441 1441 1451 1439 1442 1461 1446 1436 1452 1436 1452 1443 1449 1454 1453 1445 1441 1439 1443 1456 1437 1449 1451 1439 1440 1441 1442 1447 1433 1450 1444 1436 1443 1448 1459 1439 1462 1429 1435 1441 1431 1435 1453 1444 1442 1449 1448 1445 1445 1447 1441 1450 1450 1441 1440 1439 1445 1441 1450 1448 1445 1441 1456 1446 1445 1435 1436 1445 1444 1455 1446 1452 1439 1452 1457 1448 1449 1451 1452 1449 1443 1448 1444 1457 1461 1449 1463 1441 1448 1459 1432 1444 1466 1434 1447 1435 1448 1453 1447 1454 1466 1448 1456 1465 1440 1443 1430 1463 1449 1447 1440 1445 1447 1439 1458 1447 1462 1454 1456 1447 1437 1431 1442 1455 1453 1449 1457 1452 1454 1445 1453 1459 1459 1452 1459 1441 1460 1459 1469 1432 1460 1435 1449 1432 1461 1433 1457 1445 1440 1457 1452 1445 1462 1462 1431 1451 1456 1448 1446 1460 1444 1461 1455 1451 1467 1446 1444 1444 1457 1450 1436 1428 1436 1450 1469 1463 1457 1449 1452 1451 1455 1436 1458 1445 1466 1451 1441 1462 1450 1459 1458 1434 1449 1443 1445 1448 1453 1448 1438 1460 1444 1464 1456 1453 1444 1463 1417 1451 1444 1448 1458 1449 1474 1453 1464 1449 1446 1451 1446 1451 1441 1445 1450 1451 1448 1467 1456 1446 1448 1454 1458 1442 1447 1461 1442 1456 1444 1450 1442 1455 1453 1425 1459 1455 1446 1453 1459 1437 1455 1453 1453 1450 1447 1436 1447 1442 1445 1454 1432 1452 1444 1440 1453 1459 1450 1443 1448 1466 1453 1460 1440 1452 1428 1452 1462 1441 1452 1456 1464 1455 1450 1458 1468 1453 1455 1457 1455 1458 1452 1453 1443 1439 1427 1445 1459 1452 1448 1479 1466 1452 1439 1443 1462 1450 1455 1446 1427 1441 1456 1460 1431 1452 1459 1433 1448 1448 1447 1437 1455 1474 1458 1452 1441 1450 1433 1430 1451 1471 1455 1459 1436 1482 1450 1464 1454 1459 1455 1448 1443 1466 1450 1456 1445 1453 1460 1436 1442 1457 1464 1445 1456 1450 1439 1440 1443 1452 1462 1473 1442 1460 1453 1431 1473 1453 1454 1433 1458 1448 1456 1459 1447 1438 1455 1458 1454 1448 1439 1443 1448 1451 1465 1448 1448 1465 1431 1462 1441 1467 1458 1446 1453 1447 1455 1454 1455 1454 1464 1445 1452 1464 1440 1457 1455 1461 1454 1465 1431 1444 1437 1465 1440 1466 1448 1452 1460 1453 1458 1452 1455 1446 1453 1464 1455 1454 1456 1457 1445 1453 1461 1450 1447 1456 1450 1454 1444 1464 1444 1461 1453 1460 1461 1446 1433 1455 1455 1444 1450 1461 1456 1444 1455 1458 1454 1472 1462 1458 1463 1454 1467 1458 1451 1451 1438 1462 1457 1446 1450 1448 1435 1467 1437 1461 1448

Tree=0
num_leaves=15
num_cat=0
split_feature=0 29 85 74 28 8 85 34 0 35 64 17 3 34
split_gain=577.873 172.67 135.604 101.673 64.3899 46.8225 46.0086 42.3969 33.9267 39.0747 29.481 27.993 21.4462 20.8365
threshold=26.500000000000004 0.91056453326334486 3.4420584440231301 296.67081615189653 232.50000000000003 4.1462990685532128 36.681990206241615 0.39694211017740433 151.50000000000003 25.114858156028372 3.2339399823118593 37.500000000000007 6.0416666666569663 0.28035087719298252
decision_type=2 10 8 10 2 10 10 10 2 8 10 2 2 8
left_child=1 7 5 8 -5 -2 10 -1 9 -4 12 -9 -3 -7
right_child=2 6 3 4 -6 13 -8 11 -10 -11 -12 -13 -14 -15
leaf_value=23.859999999999999 23.739999999999998 24.219999999999999 26.739999999999998 24.25 27.34 24.789999999999999 26.41 26.140000000000001 29.740000000000002 24.489999999999998 23.649999999999999 23.260000000000002 25.390000000000001 27.25
leaf_weight=1056 259 40 778 150 123 43 156 59 519 57 220 69 298 46
leaf_count=1056 259 40 778 150 123 43 156 59 519 57 220 69 298 46
internal_value=25 24.9881 25.0113 25.0149 24.9982 24.9943 24.9998 24.9811 25.0183 25.0145 24.9958 24.9974 25.0013 25.013
internal_weight=3873 1898 1975 1627 273 348 714 1184 1354 835 558 128 338 89
internal_count=3873 1898 1975 1627 273 348 714 1184 1354 835 558 128 338 89
is_linear=0
shrinkage=1


Tree=1
num_leaves=15
num_cat=0
split_feature=85 29 84 29 45 67 85 3 33 69 60 3 62 17
split_gain=426.784 172.084 102.335 92.3174 53.9037 44.1074 36.526 36.0398 34.5724 30.893 26.2258 25.3909 24.5465 24.0434
threshold=13.517310698827108 0.90345893141945788 104.34630370140077 0.86179029034912435 7.5000000000000009 137.24336018164956 111.17522950967155 20.208333333343038 5.2848148148148164 615.95647057947133 13.054874539375307 12.625000000000002 0.056119710920715909 37.500000000000007
decision_type=10 10 8 10 10 10 10 2 8 8 10 2 10 2
left_child=1 5 4 12 9 8 -5 -4 13 -3 -10 -12 -2 -1
right_child=3 2 7 6 -6 -7 -8 -9 10 -11 11 -13 -14 -15
leaf_value=1.1357999999999999 -0.71579999999999999 -1.5971999999999997 0.58829999999999993 1.1478000000000002 0.067800000000000041 0.98100000000000009 2.9477999999999995 3.9377999999999997 -1.2558 0.10829999999999998 0.021000000000000033 -0.72749999999999992 0.92280000000000006 -2.0478000000000001
leaf_weight=43 146 226 541 530 273 94 639 113 828 65 116 126 42 43
leaf_count=43 146 226 541 530 273 94 639 113 828 65 116 126 42 43
internal_value=-5.48876e-05 -0.00748481 0.000541427 0.0134536 -0.00881416 -0.0152998 0.0165897 0.00861069 -0.0169058 -0.017774 -0.0183754 -0.00962963 -0.00603175 0.00137931
internal_weight=3825 2468 1218 1357 564 1250 1169 654 1156 291 1070 242 188 86
internal_count=3825 2468 1218 1357 564 1250 1169 654 1156 291 1070 242 188 86
is_linear=0
shrinkage=0.03


Tree=2
num_leaves=15
num_cat=0
split_feature=85 29 27 83 67 45 32 85 82 3 28 69 33 67
split_gain=379.149 173.904 94.7204 93.7426 62.8322 55.4424 44.2161 43.9717 37.4825 34.129 32.2651 26.5618 24.8381 20.9547
threshold=17.156591018040981 0.90591147350029133 0.85404962546816487 123.58128261566164 141.82127556380098 7.5000000000000009 0.39208074534161497 107.51737658182782 34.581902742385871 20.208333333343038 229.50000000000003 94.687796263131119 8.1660618279569928 10.045631449012246
decision_type=10 10 10 8 10 10 10 10 8 2 2 10 10 8
left_child=1 4 11 5 6 -3 -1 13 -8 -5 12 -2 -7 -4
right_child=2 3 7 9 -6 10 8 -9 -10 -11 -12 -13 -14 -15
leaf_value=-1.0831259999999998 -0.69432599999999989 -1.2942839999999998 -0.16673399999999999 0.64655099999999999 2.1983699999999997 1.3062659999999999 -1.8181259999999999 2.9493659999999999 1.0684259999999999 3.309666 1.3104659999999999 1.7348160000000001 -1.233984 1.277766
leaf_weight=998 122 273 101 521 101 46 88 675 101 113 115 43 116 395
leaf_count=998 122 273 101 521 101 46 88 675 101 113 115 43 116 395
internal_value=-0.000126017 -0.00708451 0.012745 0.00121519 -0.0147091 -0.00784029 -0.0166414 0.0157423 -0.00331579 0.00907087 0.00161871 -0.00849398 -0.00699387 0.0089336
internal_weight=3808 2472 1336 1184 1288 550 1187 1171 189 634 277 165 162 496
internal_count=3808 2472 1336 1184 1288 550 1187 1171 189 634 277 165 162 496
is_linear=0
shrinkage=0.03


Tree=3
num_leaves=15
num_cat=0
split_feature=0 29 85 74 25 53 80 3 34 80 27 53 67 85
split_gain=493.266 148.277 138.269 89.3644 62.7693 51.1834 41.6806 39.2316 33.9293 31.1675 28.0864 30.047 25.944 25.5788
threshold=26.500000000000004 0.91163137398077165 10.45848514636358 280.63688410749893 0.90443574690150041 7.5000000000000009 -33.165536522865288 6.0416666666569663 0.38935969868173265 58.780809164047248 0.85404962546816487 9.5000000000000018 -7.4344188951783918 -15.899140298366545
decision_type=2 10 8 10 10 10 8 2 10 8 10 10 8 10
left_child=1 8 5 10 -5 -2 -3 -8 13 -10 -4 -12 -9 -1
right_child=2 6 3 4 -6 -7 7 12 9 -11 11 -13 -14 -15
leaf_value=-1.2037544999999998 -1.4954554799999999 -1.4177554799999998 0.13807152000000011 -0.67318122000000002 1.75507602 0.50220989999999999 -0.7465455299999999 -1.07654553 -1.63670622 1.11467322 1.5907544699999998 4.56075447 0.78707801999999993 -0.67349621999999987
leaf_weight=822 183 122 91 123 143 192 91 137 76 64 745 459 349 220
leaf_count=822 183 122 91 123 143 192 91 137 76 64 745 459 349 220
internal_value=-0.000746464 -0.0116844 0.00988126 0.0138092 -0.00202247 -0.00646277 -0.000728571 0.00264706 -0.0181572 -0.00425532 0.0170602 0.0182739 0.00603696 -0.0200192
internal_weight=3817 1881 1936 1561 266 375 699 577 1182 140 1295 1204 486 1042
internal_count=3817 1881 1936 1561 266 375 699 577 1182 140 1295 1204 486 1042
is_linear=0
shrinkage=0.03


Tree=4
num_leaves=15
num_cat=0
split_feature=0 8 32 80 85 81 0 27 17 17 43 80 77 80
split_gain=497.453 128.873 126.831 84.1594 78.7704 46.6815 46.1127 38.7996 29.3172 39.632 27.7837 31.4897 24.561 23.439
threshold=31.500000000000004 3.646927792402987 0.52086956521739147 -9.9167983531951887 -3.8093678951263423 3627.697552800179 155.50000000000003 0.87795568795382628 23.000000000000004 29.000000000000004 366.39048502441261 89.95680952072145 -280.30592763423914 -3.9866006374359126
decision_type=2 10 10 10 10 10 2 10 2 2 10 8 10 8
left_child=2 3 4 8 10 -6 -3 -5 -2 -10 11 -1 -11 -4
right_child=1 6 13 7 5 -7 -8 -9 9 12 -12 -13 -14 -15
leaf_value=-1.6595195849999997 -0.73747095449999989 1.2780971109000001 -0.79022281559999985 -0.9096101634 2.0568926730000001 -0.57972659339999999 6.1282103858999992 1.5973103858999997 2.5547551869 -1.8130175555999999 -1.2253685849999998 -0.30373133339999997 0.2438429859 0.61132067940000001
leaf_weight=297 176 686 81 52 70 298 381 352 48 75 671 221 104 348
leaf_count=297 176 686 81 52 70 298 381 352 48 75 671 221 104 348
internal_value=-0.00013986 0.010944 -0.0105989 0.00189356 -0.0145764 -0.00243902 0.0177809 0.0115556 -0.00779703 -0.000657895 -0.0183277 -0.0130636 -0.00716667 0.00383721
internal_weight=3860 1874 1986 807 1557 368 1067 404 403 227 1189 518 179 429
internal_count=3860 1874 1986 807 1557 368 1067 404 403 227 1189 518 179 429
is_linear=0
shrinkage=0.03


Tree=5
num_leaves=15
num_cat=0
split_feature=0 29 53 84 74 84 29 3 0 84 77 15 26 74
split_gain=493.766 153.984 124.759 70.6296 67.0881 59.3294 48.6132 35.395 33.2997 32.7506 31.9661 30.5404 28.771 24.3615
threshold=31.500000000000004 0.90630852059925104 7.5000000000000009 9.7929721673329677 1689.0544924758058 27.087720115979518 0.94862368024132737 5.9583333333430355 155.50000000000003 112.27293366193773 -156.58510196208951 24.500000000000004 122.50000000000001 45.067296290537051
decision_type=2 10 10 10 10 8 10 2 2 10 10 2 2 8
left_child=1 9 3 6 8 -3 -2 -7 -4 13 -11 -9 -6 -1
right_child=2 5 4 -5 12 7 -8 11 -10 10 -12 -13 -14 -15
leaf_value=0.463485527043 -0.80152102742699982 -1.1460261361320001 1.2193763096730001 1.9852430743229998 -0.65265686387099997 -0.68052997200000009 2.0754949760730002 0.92802828921000002 5.3776642993229995 1.75099693371 -0.75097029559799988 -0.69207237094799989 2.133624300993 -0.99275852744999993
leaf_weight=42 347 273 733 112 56 74 86 382 484 40 53 86 43 1015
leaf_count=42 347 273 733 112 56 74 86 382 484 40 53 86 43 1015
internal_value=-0.00048602 -0.0109715 0.0105854 -0.00148352 0.0155809 -0.000992647 -0.00698157 0.00475138 0.0175123 -0.0180365 -0.000957447 0.00780384 -0.0081 -0.0195369
internal_weight=3826 1965 1861 545 1316 815 433 542 1217 1150 93 468 99 1057
internal_count=3826 1965 1861 545 1316 815 433 542 1217 1150 93 468 99 1057
is_linear=0
shrinkage=0.03


Tree=6
num_leaves=15
num_cat=0
split_feature=0 29 45 74 80 80 27 32 3 0 67 80 28 83
split_gain=446.598 153.778 124.047 70.7581 67.6895 48.2559 43.6742 40.6663 40.4946 37.8846 37.0201 24.2527 22.5471 21.1707
threshold=26.500000000000004 0.90630852059925104 7.5000000000000009 1689.0544924758058 11.971826672554018 -34.518487572669976 0.92066988322494947 0.65686274509803932 6.0416666666569663 155.50000000000003 -35.493217932132247 24.813884139060978 229.50000000000003 183.08780026435855
decision_type=2 10 10 10 8 8 10 10 2 2 8 10 2 10
left_child=1 7 4 9 -2 -3 -6 13 -7 11 -10 -4 -5 -1
right_child=2 5 3 12 6 8 -8 -9 10 -11 -12 -13 -14 -15
leaf_value=-0.99297577162650008 -1.3597220561421897 -1.3680116344070399 0.71496152038281013 -0.66828066604886993 -0.60681602394218992 -0.66901091713800009 1.74345169704081 0.13060840689150002 -0.92657576316779999 5.5739131453433091 0.82177305053369998 1.6732861832828099 1.0283601147632098 0.016629573269940037
leaf_weight=981 189 140 377 53 156 95 209 89 134 485 397 401 45 45
leaf_count=981 189 140 377 53 156 95 209 89 134 485 397 401 45 45
internal_value=-0.000284435 -0.0106642 0.00991127 0.0147797 -0.00205405 -0.000312907 0.0054918 -0.0177688 0.00325359 0.0166851 0.00648496 0.0125546 -0.00969697 -0.0194547
internal_weight=3796 1881 1915 1361 554 766 365 1115 626 1263 531 778 98 1026
internal_count=3796 1881 1915 1361 554 766 365 1115 626 1263 531 778 98 1026
is_linear=0
shrinkage=0.03


Tree=7
num_leaves=15
num_cat=0
split_feature=85 29 82 29 3 66 31 41 66 85 45 80 35 69
split_gain=321.078 156.161 93.3393 79.5264 47.8742 45.7303 45.3688 44.7847 39.9163 31.404 26.6073 24.2138 23.3618 25.0851
threshold=17.156591018040981 0.90591147350029133 -33.674072265624993 0.86599660814046298 20.208333333343038 103.58046650886537 6.0787878787878791 41.390168309211738 -1.0000000180025095e-35 116.61309587955476 9.5000000000000018 -8.6672050952911359 29.944696969696974 229.75265395584771
decision_type=10 10 8 10 2 10 8 10 8 10 10 8 8 8
left_child=1 5 -3 12 8 6 11 -7 -4 -5 -10 -1 13 -2
right_child=3 2 4 9 -6 7 -8 -9 10 -11 -12 -13 -14 -15
leaf_value=-1.8888820477615844 -0.35399433017068949 -1.1236303944579242 -1.1836537446282991 0.81267059350616799 2.8862803376713257 -2.1866742334777052 -0.86016196847770499 2.3579647648757005 0.17443721078013738 2.7733822311820853 2.4623607922093256 0.78191424581736002 -0.67290871679915143 1.9895885861713258
leaf_weight=42 88 203 160 504 153 68 1035 96 524 617 146 80 68 41
leaf_count=42 88 203 160 504 153 68 1035 96 524 617 146 80 68 41
internal_value=-0.000337167 -0.00663876 0.00126369 0.0116452 0.00509146 -0.0137292 -0.015829 0.00109091 0.00223827 0.0147326 0.00545455 0.00146341 -0.00590909 0.00161538
internal_weight=3825 2507 1186 1318 983 1321 1157 164 830 1121 670 122 197 129
internal_count=3825 2507 1186 1318 983 1321 1157 164 830 1121 670 122 197 129
is_linear=0
shrinkage=0.03


Tree=8
num_leaves=15
num_cat=0
split_feature=0 11 27 0 82 11 84 27 28 8 85 85 77 27
split_gain=399.765 118.167 101.331 65.5287 65.1604 63.5828 46.9408 43.0043 39.6161 33.217 33.0338 32.2431 29.9603 28.6758
threshold=31.500000000000004 330.00000000000006 0.91064169570267139 155.50000000000003 -18.678651392459866 870.00000000000011 41.962059736251838 0.89119672836848907 210.50000000000003 4.0928469710597613 -3.8093678951263423 -9.5148916641871111 -94.11861419677733 0.8578167115902966
decision_type=2 2 10 2 8 2 10 10 2 10 8 10 10 10
left_child=2 3 11 7 -4 8 -6 9 -3 -2 -9 -1 -10 -13
right_child=1 5 4 -5 6 -7 -8 10 12 -11 -12 13 -14 -15
leaf_value=-1.0310843890213739 -0.9632148257204981 -0.98191466991907284 -1.3043317131000909 4.5505646375475477 -0.20842464749771508 1.0952055268527912 1.2361069010205039 -0.1833326774735074 1.4653110078061815 0.74531480065105171 1.4465572198661407 -0.56933450019836429 -1.0075751984818182 0.34362764158094883
leaf_weight=897 112 122 139 505 469 166 207 102 85 124 583 96 73 148
leaf_count=897 112 122 139 505 469 166 207 102 85 124 583 96 73 148
internal_value=-0.000329068 0.00957822 -0.00981094 0.0137912 -0.00172794 -0.00389262 0.00212703 0.00901302 -0.0125979 -0.00202532 0.0128134 -0.0155779 -0.00264151 -0.00587755
internal_weight=3828 1872 1956 1426 815 446 676 921 280 236 685 1141 158 244
internal_count=3828 1872 1956 1426 815 446 676 921 280 236 685 1141 158 244
is_linear=0
shrinkage=0.03


Tree=9
num_leaves=15
num_cat=0
split_feature=0 29 9 0 27 84 84 32 85 3 67 85 17 27
split_gain=390.629 125.785 113.698 72.5178 59.302 40.7183 39.4098 35.7408 34.9114 27.6638 30.9993 26.6965 25.3543 22.2385
threshold=26.500000000000004 0.90630852059925104 330.00000000000006 136.50000000000003 0.91217864205669097 27.087720115979518 -203.28121503194168 0.65686274509803932 10.45848514636358 5.9583333333430355 -12.150211760109594 -15.899140298366545 37.500000000000007 0.88388945062352564
decision_type=2 10 2 2 10 8 8 10 10 2 8 10 2 10
left_child=1 7 3 8 -4 -3 -6 11 -2 -7 -11 -1 -9 -10
right_child=2 5 4 -5 6 9 -8 12 13 10 -12 -13 -14 -15
leaf_value=-1.1249368427527326 0.21391180663556561 -0.88758349640708822 -0.64932141214156947 4.0180180914422516 -1.0528228410155138 -0.62451996421720835 1.2114302116125177 1.2612330109308754 -0.078568077923668295 -0.49208725032662531 0.87527965231121618 -0.53906021011577931 -2.1293108522117561 1.5501437641240468
leaf_weight=818 434 256 165 607 71 73 234 51 85 126 305 237 45 362
leaf_count=818 434 256 165 607 71 73 234 51 85 126 305 237 45 362
internal_value=-0.000379845 -0.0100262 0.00903522 0.013096 -0.00382166 -0.000551905 0.00401961 -0.016276 0.00758503 0.00439604 0.00729167 -0.0178693 0.00123711 0.0134598
internal_weight=3869 1911 1958 1488 470 760 305 1151 881 504 431 1055 96 447
internal_count=3869 1911 1958 1488 470 760 305 1151 881 504 431 1055 96 447
is_linear=0
shrinkage=0.03


Tree=10
num_leaves=15
num_cat=0
split_feature=0 11 27 0 80 82 85 27 76 35 68 27 67 69
split_gain=408.836 101.029 88.3854 69.2511 68.1421 67.8678 46.8864 43.2818 38.1764 32.1017 25.4853 24.7176 23.7739 21.0657
threshold=26.500000000000004 330.00000000000006 0.90132150930273014 187.50000000000003 74.198228836059585 -18.678651392459866 -2.4213190674781795 0.90639602803738328 1362.0650701522829 18.320236309077277 0.045647393004075838 0.85404962546816487 -170.53702543740062 115.86986283268736
decision_type=2 2 10 2 10 8 8 10 8 8 10 10 8 10
left_child=2 3 -1 6 7 -4 -2 -3 -7 -8 -9 -11 -10 -14
right_child=1 4 5 -5 -6 8 9 10 12 11 -12 -13 13 -15
leaf_value=-0.83618873747015066 -0.54130963336397808 -0.64508543792497308 -1.5316715266454037 5.321409802177854 2.0495162388543435 1.1050264116778483 1.446656190346435 0.8324658559692224 -3.4473807947158606 -0.72042199559151165 -0.8630155283045815 0.7773778567461348 0.036839480150740782 -0.65709542122247122
leaf_weight=956 190 140 187 393 84 182 675 139 49 48 94 149 457 50
leaf_count=956 190 140 187 393 84 182 675 139 49 48 94 149 457 50
internal_value=-0.000545598 0.00922112 -0.0104729 0.0130838 -0.0030786 -0.00385529 0.00908749 -0.00858289 0.000243572 0.0120275 -0.000641026 0.00136364 -0.00366248 -0.0017126
internal_weight=3793 1912 1881 1455 457 925 1062 373 738 872 233 197 556 507
internal_count=3793 1912 1881 1455 457 925 1062 373 738 872 233 197 556 507
is_linear=0
shrinkage=0.03


Tree=11
num_leaves=15
num_cat=0
split_feature=0 29 45 83 29 74 0 80 3 67 34 35 81 13
split_gain=379.66 110.237 106.781 72.2051 48.2088 46.6809 39.4268 38.3327 30.1822 31.3878 24.9852 24.6834 23.8629 21.4425
threshold=26.500000000000004 0.90591147350029133 8.5000000000000018 -11.965709447860716 0.9445213911972915 2293.2492002996983 189.50000000000003 -34.518487572669976 5.9583333333430355 -12.150211760109594 0.95346320346320357 25.114858156028372 3435.8629423379903 270.00000000000006
decision_type=2 10 10 10 10 10 2 8 2 8 10 8 8 10
left_child=1 10 3 4 -2 6 11 -3 -9 -10 12 -4 -1 -11
right_child=2 7 5 -5 -6 -7 -8 8 9 13 -12 -13 -14 -15
leaf_value=0.074538550879617346 -0.57449521634025524 -1.1257089375573248 1.2648420245007534 1.6183930404984317 1.5017419819731457 -0.41757600254286026 5.7617675081125181 -0.58607150265401797 -1.3092270305051759 0.85228519861844909 0.78479436109226364 -0.40867297543378922 -0.90761534034604607 -0.25935210128578945
leaf_weight=57 500 148 646 217 117 64 347 87 143 338 41 66 1003 56
leaf_count=57 500 148 646 217 117 64 347 87 143 338 41 66 1003 56
internal_value=-0.000673453 -0.0103255 0.00856486 0.000431138 -0.00480583 0.0145996 0.0161038 -0.00163001 0.001632 0.00429368 -0.0164156 0.0120337 -0.0173044 0.00865823
internal_weight=3830 1873 1957 834 617 1123 1059 772 624 537 1101 712 1060 394
internal_count=3830 1873 1957 834 617 1123 1059 772 624 537 1101 712 1060 394
is_linear=0
shrinkage=0.03


Tree=12
num_leaves=15
num_cat=0
split_feature=0 29 8 85 85 25 0 83 77 4 82 39 16 17
split_gain=357.265 106.965 103.506 76.7353 44.8847 44.2341 33.7948 31.6654 26.0684 23.0842 21.4803 18.8208 18.6156 20.6264
threshold=26.500000000000004 0.90630852059925104 4.3339587165264906 36.681990206241615 -18.376265168189999 0.90219990435198483 169.50000000000003 199.74051034450534 -54.499478757381432 7.5000000000000009 13.549442390600843 1743.9984505066507 10.500000000000002 37.500000000000007
decision_type=2 10 10 10 8 10 2 10 10 2 10 10 2 2
left_child=1 7 3 5 8 -2 10 12 -3 -7 -4 -11 -1 -14
right_child=2 4 6 -5 -6 9 -8 -9 -10 11 -12 -13 13 -15
leaf_value=-1.0630159730766739 -0.67588525793882925 -1.5073728623099281 0.57838401495920477 1.2742155646364772 0.29432468097811793 -0.3652887307913425 4.9884644828691425 0.57722053169846554 0.77262853921661345 2.1860829523548246 1.9528631798732285 0.1613856843168546 -0.16038688013566477 -0.81596248319717701
leaf_weight=431 266 183 199 534 535 270 274 56 57 84 238 78 113 559
leaf_count=431 266 183 199 534 535 270 274 56 57 84 238 78 113 559
internal_value=-0.000703971 -0.00982946 0.00837963 0.00311436 -0.00119845 -0.00343348 0.017486 -0.0155948 -0.0119502 0.00249423 0.0122603 0.011411 -0.016712 -0.0135513
internal_weight=3877 1934 1943 1232 775 698 711 1159 240 432 437 162 1103 672
internal_count=3877 1934 1943 1232 775 698 711 1159 240 432 437 162 1103 672
is_linear=0
shrinkage=0.03


Tree=13
num_leaves=15
num_cat=0
split_feature=60 27 80 82 45 65 27 45 68 43 48 23 57 48
split_gain=211.693 94.8363 86.4938 75.4016 47.6979 44.2214 42.9671 42.1685 41.404 31.4231 42.5368 31.0261 28.6337 28.4072
threshold=25.939095139503483 0.89922011970255744 74.198228836059585 11.05922967195511 9.5000000000000018 1.0546416948720891 0.84907613889773825 7.5000000000000009 -0.059921641398814042 9601.0762164708576 63.585794091224678 11.833202838897707 6.5000000000000009 -95.252482414245591
decision_type=10 10 10 8 10 10 10 8 10 10 10 10 10 10
left_child=1 7 4 13 8 12 -4 -1 -2 10 -9 -6 -5 -3
right_child=2 3 6 5 11 -7 -8 9 -10 -11 -12 -13 -14 -15
leaf_value=-2.4628834756397491 0.64600357551359988 -2.3437778957436666 -0.43054777165599301 0.26657734850482262 2.4173216165519871 -2.0159922917126423 2.2903634991880684 -0.36557527373159482 -0.45219464932179454 -0.34590800563974944 1.7735890032132313 -0.33175700563974947 1.4122859349662946 -0.44045638726810699
leaf_weight=394 247 80 46 419 348 124 501 381 524 125 98 94 249 247
leaf_count=394 247 80 46 419 348 124 501 381 524 125 98 94 249 247
internal_value=-0.000224342 -0.00661473 0.00746167 -0.000616071 0.00299012 0.0043884 0.017354 -0.0133333 -0.00151554 -0.00833058 -0.0048125 0.0108352 0.00744395 -0.0127134
internal_weight=3877 2117 1760 1119 1213 792 547 998 771 604 479 442 668 327
internal_count=3877 2117 1760 1119 1213 792 547 998 771 604 479 442 668 327
is_linear=0
shrinkage=0.03


Tree=14
num_leaves=15
num_cat=0
split_feature=0 8 29 80 0 25 84 3 32 17 80 62 67 7
split_gain=320.653 99.335 93.494 74.7015 47.9238 40.3439 34.7676 40.9457 32.7159 28.4913 27.9575 25.2108 22.7027 23.8348
threshold=26.500000000000004 4.012505536383606 0.91191304565478581 74.198228836059585 169.50000000000003 0.90342013214146921 27.087720115979518 6.0416666666569663 0.70294117647058829 37.500000000000007 4.8254847526550302 -0.12541305495146673 -99.394935578107834 388.12142935551043
decision_type=2 10 10 10 2 10 8 2 10 2 10 10 8 8
left_child=2 3 8 5 10 -2 11 -8 -1 -10 -3 -4 -9 -14
right_child=1 4 6 -5 -6 -7 7 12 9 -11 -12 -13 13 -15
leaf_value=-0.76317897383222488 -0.61110508978978206 0.47081095866570816 -0.13057831667132902 1.6870783847190052 5.2063155254639808 0.14131536876075418 -0.6996974359892062 -0.82190185595697729 1.2210541190895414 -2.6881704693547115 1.5443090814906322 -1.558409194619949 -0.33163119580584571 1.0216189134809144
leaf_weight=1073 281 290 145 301 300 481 77 56 64 41 297 100 44 286
leaf_count=1073 281 290 145 301 300 481 77 56 64 41 297 100 44 286
internal_value=-0.00056294 0.00796515 -0.00937997 0.00177632 0.0153716 -0.00322412 -0.000761636 0.00407328 -0.0145547 0.00141509 0.0103571 -0.00987805 0.00806202 0.0110574
internal_weight=3836 1950 1886 1063 887 762 708 463 1178 105 587 245 386 330
internal_count=3836 1950 1886 1063 887 762 708 463 1178 105 587 245 386 330
is_linear=0
shrinkage=0.03


Tree=15
num_leaves=15
num_cat=0
split_feature=0 4 84 43 80 85 0 80 11 27 81 58 27 28
split_gain=314.321 114.742 93.7242 71.4674 55.1927 40.7411 40.0461 32.3779 31.4382 31.3296 24.5943 21.9736 21.2408 21.1335
threshold=36.500000000000007 6.5000000000000009 82.464502930641189 385.76077395773353 -37.455788016319268 73.832158744335189 192.50000000000003 55.555194139480598 210.00000000000003 0.91064169570267139 3605.8852480649953 180.91653537750247 0.90132150930273014 224.50000000000003
decision_type=2 2 10 10 8 10 2 8 2 10 10 10 10 2
left_child=2 5 3 4 -1 9 7 13 -8 -2 -4 -11 -6 -3
right_child=1 6 10 -5 12 -7 8 -9 -10 11 -12 -13 -14 -15
leaf_value=-1.707053520239264 -0.94904185860303814 -0.24413917607486871 2.7179081692364395 -0.78644473802990145 -0.41341401898859326 1.0902698024028654 5.9190742673118626 1.567832230211831 -0.042403252895319099 -0.43888576494798986 0.095769579174484032 1.5640288161094607 0.1236949686016231 1.2609455535986718
leaf_weight=270 188 215 57 712 258 186 284 547 45 159 238 44 482 118
leaf_count=270 188 215 57 712 258 186 284 547 45 159 238 44 482 118
internal_value=-0.000701893 0.00846111 -0.00881566 -0.0114916 -0.00635015 -0.00254325 0.0137107 0.0103519 0.0226364 -0.00803571 0.00679054 0.000147059 -0.00210526 0.00296407
internal_weight=3803 1786 2017 1722 1010 577 1209 880 329 391 295 203 740 333
internal_count=3803 1786 2017 1722 1010 577 1209 880 329 391 295 203 740 333
is_linear=0
shrinkage=0.03


Tree=16
num_leaves=15
num_cat=0
split_feature=0 82 29 8 80 84 25 34 0 67 76 35 81 82
split_gain=302.43 89.285 84.0444 61.4257 50.7014 37.9062 37.1104 35.7787 31.3588 30.581 24.0408 22.279 22.2737 21.5312
threshold=26.500000000000004 -38.34798336029052 0.90842932168233381 4.441831023352365 97.505323648452773 136.2838052113851 0.88603896103896107 0.95346320346320357 140.50000000000003 -145.14775675629809 601.33781850337994 21.32164562879851 3418.1595023870473 -56.8056052327156
decision_type=2 8 10 10 10 10 10 10 2 8 8 10 8 8
left_child=2 -2 7 4 6 9 10 12 11 -4 -3 -5 -1 -11
right_child=1 3 5 8 -6 -7 -8 -9 -10 13 -12 -13 -14 -15
leaf_value=0.09714609055537983 -1.012292625761148 -0.41909037641021357 -2.1780562124795972 1.6868004642911063 1.8061338487232179 1.3380602414137188 0.55243965653012583 1.0085132699727073 4.5183835552335117 -1.4526619000164964 -0.024758543803382941 -0.23712471889767697 -0.75235186113420582 -0.0023320604178353574
leaf_weight=54 272 86 72 273 299 72 534 40 267 51 116 75 1049 587
leaf_count=54 272 86 72 273 299 72 534 40 267 51 116 75 1049 587
internal_value=-0.000865385 0.0075507 -0.00926791 0.0101757 0.00570463 -0.00168582 0.0014654 -0.0144493 0.0176786 -0.00379747 -0.00945813 0.0116905 -0.015462 -0.00169014
internal_weight=3847 1922 1925 1650 1035 782 736 1143 615 710 202 348 1103 638
internal_count=3847 1922 1925 1650 1035 782 736 1143 615 710 202 348 1103 638
is_linear=0
shrinkage=0.03


Tree=17
num_leaves=15
num_cat=0
split_feature=29 45 67 84 3 58 60 34 45 2 16 67 51 16
split_gain=191.752 128.506 71.5451 63.5352 39.1744 34.4807 30.5362 28.7326 25.0983 31.7119 24.2689 22.9062 21.7286 21.6809
threshold=0.90303869722152286 8.5000000000000018 43.423981930227832 26.309909482796993 14.625000000000002 62.472224473953254 159.82332873344424 0.39694211017740433 7.5000000000000009 1.0000000180025095e-35 10.500000000000002 -145.14775675629809 -124.06718993186949 25.500000000000004
decision_type=10 10 10 8 2 10 8 10 10 2 2 8 8 2
left_child=2 3 7 6 -3 -4 -2 8 -1 10 -10 -5 -9 -12
right_child=1 4 5 11 -6 -7 -8 12 9 -11 13 -13 -14 -15
leaf_value=-1.6275851256345224 -1.2695049988441485 0.9327841622889711 -0.37141633309464889 -1.6129566757585658 2.9512364429671458 1.3427846580076088 -0.18110770991572511 -0.62118823512973853 -0.55759435913732902 -0.28554874832975696 0.50527848064284919 0.51468495184430318 0.488026317419333 -0.38588148023791158
leaf_weight=520 245 553 184 50 433 166 244 53 231 77 135 654 117 167
leaf_count=520 245 553 184 50 433 166 244 53 231 77 135 654 117 167
internal_value=-0.000900783 0.00494037 -0.00861296 -0.00168342 0.0129483 0.0034188 -0.00997959 -0.0118524 -0.0135809 -0.00942717 -0.00679775 0.00408511 -0.000350877 -0.00118812
internal_weight=3829 2179 1650 1193 986 350 489 1300 1130 610 533 704 170 302
internal_count=3829 2179 1650 1193 986 350 489 1300 1130 610 533 704 170 302
is_linear=0
shrinkage=0.03


Tree=18
num_leaves=15
num_cat=0
split_feature=85 29 45 53 69 3 28 7 84 30 3 2 77 79
split_gain=212.519 158.438 71.8145 58.1886 40.7894 36.7375 33.5507 29.5291 32.8088 26.7798 26.6319 24.1913 22.479 22.1736
threshold=-9.5148916641871111 0.873455848711301 9.5000000000000018 7.5000000000000009 -355.67234735843971 6.0416666666569663 235.50000000000003 5046.7826956723011 34.66137500603994 9.3500000000000032 5.9583333333430355 1.0000000180025095e-35 35.477936506271369 206.8073415591129
decision_type=8 10 10 10 10 2 2 8 10 10 2 2 8 10
left_child=3 11 5 4 -1 -3 9 8 -7 -5 -4 13 -8 -2
right_child=1 2 10 6 -6 7 12 -9 -10 -11 -12 -13 -14 -15
leaf_value=0.14935092876324349 -0.12268779927965535 -0.53992826853973075 -0.10378760823073278 0.20976363921307078 -2.2563917935942799 0.11024295219272538 1.8401441110480219 1.8782418760444857 1.0800803355146467 -1.1117420447674067 2.6761096160342794 -0.25731501778801885 -0.25731501778801885 -0.54497725112739126
leaf_weight=92 421 143 79 124 567 833 76 78 413 171 599 115 40 106
leaf_count=92 421 143 79 124 567 833 76 78 413 171 599 115 40 106
internal_value=-0.000349922 0.00401363 0.00792637 -0.0117087 -0.0172273 0.00418937 -0.00283981 0.00575094 0.00461909 -0.00820946 0.0159941 -0.00905132 0.0107692 -0.00630682
internal_weight=3857 2787 2145 1070 659 1467 411 1324 1246 295 678 642 116 527
internal_count=3857 2787 2145 1070 659 1467 411 1324 1246 295 678 642 116 527
is_linear=0
shrinkage=0.03


Tree=19
num_leaves=15
num_cat=0
split_feature=85 29 80 53 67 27 26 79 77 9 7 53 28 82
split_gain=206.519 150.676 61.6535 45.9205 39.544 37.7886 34.5833 26.8045 37.86 26.6062 26.0525 20.3507 28.2529 17.6998
threshold=-5.3031510710716239 0.873455848711301 85.216893911361709 9.5000000000000018 208.27846338599926 0.91880905295539461 138.50000000000003 45.759439772109317 -102.66239511966704 210.00000000000003 3486.0431026247902 7.5000000000000009 233.50000000000003 -37.521191954612725
decision_type=8 10 10 10 8 10 2 8 8 2 10 10 2 10
left_child=4 7 3 5 11 -3 13 8 -2 -5 -7 -1 -13 -6
right_child=1 2 -4 9 6 10 -8 -9 -10 -11 -12 12 -14 -15
leaf_value=-2.4622587588502243 0.65853463647028654 -0.40046716403209914 1.8473849979413002 2.3390530200423778 -1.5461770019855208 0.16548493661935265 1.3315733496944284 -0.29744545824310448 -0.36207950220646257 -0.33748395879171234 2.1894528577260703 -1.198067587535802 0.73620712013640832 -0.23423026325721555
leaf_weight=364 140 450 624 344 205 478 62 370 123 54 120 167 49 250
leaf_count=364 140 450 624 344 205 478 62 370 123 54 120 167 49 250
internal_value=-0.000694554 0.00376109 0.00767745 0.00427091 -0.0116667 0.000972355 -0.00561776 -0.00903785 -0.00170455 0.0129323 0.00590985 -0.0170396 -0.00967742 -0.00848684
internal_weight=3800 2703 2070 1446 1097 1048 517 633 263 398 598 580 216 455
internal_count=3800 2703 2070 1446 1097 1048 517 633 263 398 598 580 216 455
is_linear=0
shrinkage=0.03


Tree=20
num_leaves=15
num_cat=0
split_feature=0 8 27 84 0 67 25 69 3 43 83 83 50 3
split_gain=263.7 98.9757 84.3413 51.0262 41.7513 37.3778 37.2803 32.0476 31.6116 29.9194 28.2252 21.1839 22.298 19.8533
threshold=56.500000000000007 3.6919725040660381 0.91064169570267139 53.129394690195731 192.50000000000003 -106.94127275262555 0.89377820760799487 40.294756212683978 21.041666666656969 37.226895568312329 -276.05645096302027 78.644024014472976 62.472224473953254 20.208333333343038
decision_type=2 10 10 10 2 8 10 10 2 10 8 10 8 2
left_child=2 6 8 5 -3 -4 -2 13 9 -1 -8 12 -12 -7
right_child=1 4 3 -5 -6 7 10 -9 -10 -11 11 -13 -14 -15
leaf_value=-0.027356163898008056 -0.44979961512113892 1.0295731938939929 -2.7292587095082852 0.92270596815803008 5.1006856846128921 -0.083169343096642728 -1.1509237695797536 -0.55202787439988732 0.40091365485355535 -0.74393526126753462 -0.44310969183019477 2.1439716790033545 0.76459346838614151 1.5118785032841393
leaf_weight=130 182 582 91 249 273 458 52 121 66 1087 145 67 282 49
leaf_count=130 182 582 91 249 273 458 52 121 66 1087 145 67 282 49
internal_value=-0.00132986 0.00804924 -0.00792629 -0.00123839 0.014965 -0.00529167 -8.23045e-05 -0.00267091 -0.0129673 -0.014064 0.00383912 0.00606061 0.00357477 0.000649606
internal_weight=3834 1583 2251 968 855 719 728 628 1283 1217 546 494 427 507
internal_count=3834 1583 2251 968 855 719 728 628 1283 1217 546 494 427 507
is_linear=0
shrinkage=0.03


Tree=21
num_leaves=15
num_cat=0
split_feature=0 53 80 82 39 27 0 81 82 67 31 53 35 84
split_gain=238.866 81.4965 66.816 58.8142 61.4364 44.5671 31.1509 31.0007 30.2309 25.25 24.5451 21.3284 18.3796 18.2762
threshold=26.500000000000004 9.5000000000000018 95.561455726623549 -10.293292760848997 2246.6618523507182 0.89776874585268762 216.50000000000003 3616.6289366483693 -38.34798336029052 -188.17690091729165 20.718012422360253 7.5000000000000009 25.114858156028372 169.90158551931384
decision_type=2 10 10 8 10 10 2 8 8 8 8 10 8 10
left_child=3 2 5 -1 7 11 12 -5 -7 -9 13 -2 -3 -11
right_child=1 6 -4 4 -6 8 -8 9 -10 10 -12 -13 -14 -15
leaf_value=-1.4264551674017796 -1.0247980779849524 1.5825286283108715 1.6178907981241455 1.2471866719762468 -0.35597160440135628 -0.74681873773211094 5.4258523349344925 -2.8011017594066674 0.48401134181017014 0.062505633175773109 -0.27756800441187485 -0.18736088270371071 -0.43172815246114854 1.3663339118782325
leaf_weight=525 130 346 310 117 540 143 242 47 552 497 122 134 67 42
leaf_count=525 130 346 310 117 540 143 242 47 552 497 122 134 67 42
internal_value=-0.000613368 0.00682597 0.00238583 -0.00818614 -0.00489751 -0.00153125 0.0154116 0.000254237 0.0024569 -0.00211566 -0.000589124 -0.012 0.0103623 0.00216667
internal_weight=3814 1924 1269 1890 1365 959 655 825 695 708 661 264 413 539
internal_count=3814 1924 1269 1890 1365 959 655 825 695 708 661 264 413 539
is_linear=0
shrinkage=0.03


Tree=22
num_leaves=15
num_cat=0
split_feature=85 29 45 80 25 29 39 2 76 37 72 3 14 65
split_gain=216.344 132.523 61.4835 45.0031 32.1504 29.2502 24.0638 23.9211 22.1083 21.1018 20.3961 17.1175 17.0953 15.919
threshold=-5.3031510710716239 0.86809371184371198 9.5000000000000018 95.561455726623549 0.92664992826398873 0.91056453326334486 3885.1336429802545 1.0000000180025095e-35 133.59285902976993 2186.9330293892544 -164.17924082279202 13.375000000000002 333.59705518321613 0.95564540507447104
decision_type=8 10 10 10 8 10 10 2 10 10 10 2 10 8
left_child=4 7 3 5 6 -3 -1 9 -4 13 -6 -7 -12 -2
right_child=1 2 8 -5 10 11 -8 -9 -10 -11 12 -13 -14 -15
leaf_value=-1.7049110003303745 0.63025786797309413 -0.36284273330283062 2.1585538736102969 1.3900527731345222 0.20701563743609713 0.014027002161001291 0.28664954463731268 -0.2100271055367029 -0.24938597236126137 -0.61373977136007973 0.015168418162223645 0.83529118663917523 -1.6177134762585781 -0.23466675675563503
leaf_weight=684 62 331 622 373 188 403 60 118 44 90 63 346 103 302
leaf_count=684 62 331 622 373 188 403 60 118 44 90 63 346 103 302
internal_value=-0.000467018 0.00411218 0.00757075 0.00410591 -0.0116833 0.000999075 -0.0152215 -0.0086911 0.0151124 -0.00553846 -0.00422535 0.00428 -0.0118563 -0.00230137
internal_weight=3789 2691 2119 1453 1098 1080 744 572 666 454 354 749 166 364
internal_count=3789 2691 2119 1453 1098 1080 744 572 666 454 354 749 166 364
is_linear=0
shrinkage=0.03


Tree=23
num_leaves=15
num_cat=0
split_feature=0 29 45 84 9 82 0 77 27 39 64 29 82 53
split_gain=228.921 86.9476 78.7773 47.4022 37.871 37.0632 30.3867 27.7953 26.7646 26.5287 34.2173 24.1204 20.7165 18.8007
threshold=53.500000000000007 0.91056453326334486 9.5000000000000018 8.638121922810873 270.00000000000006 -10.293292760848997 238.50000000000003 -291.74999999999994 0.88648078725398316 1695.4150407170443 4.4978654586894846 0.95939082108873841 126.13015345732371 7.5000000000000009
decision_type=2 10 10 10 2 10 2 8 10 10 8 10 10 8
left_child=1 5 3 7 6 -1 -4 -2 -7 12 -11 13 -3 -9
right_child=2 9 4 -5 -6 8 -8 11 -10 10 -12 -13 -14 -15
leaf_value=-0.76331841970948189 -1.0307028086303134 0.19526943231568519 1.5798650097431159 1.5120346066820045 -0.53997913219272964 -0.31102013793014832 5.8322406313403885 -0.47681451354325766 0.25010912766725868 -1.1532082534373289 0.030753737477739733 1.4703340953526807 1.4153316378211751 0.27732916551158254
leaf_weight=819 51 428 385 224 51 327 204 266 186 120 295 93 62 311
leaf_count=819 51 428 385 224 51 327 204 266 186 120 295 93 62 311
internal_value=-0.000831807 -0.00701072 0.00788777 0.00237844 0.0160062 -0.011883 0.0181525 -0.00137119 -0.00554475 0.000165563 -0.00540865 0.000268256 0.00488798 -0.00202422
internal_weight=3822 2237 1585 945 640 1332 589 721 513 905 415 670 490 577
internal_count=3822 2237 1585 945 640 1332 589 721 513 905 415 670 490 577
is_linear=0
shrinkage=0.03


Tree=24
num_leaves=15
num_cat=0
split_feature=0 29 9 0 27 84 77 83 83 83 3 64 81 78
split_gain=240.22 87.5121 64.4606 58.5795 33.8302 33.7604 33.6262 32.3973 29.4365 28.6125 39.2495 27.2653 22.2173 21.568
threshold=56.500000000000007 0.91056453326334486 330.00000000000006 243.50000000000003 0.89538683690530496 80.779652158419296 -123.1773418188095 24.878504157066349 -269.54037213325495 8.0886323451995867 6.0416666666569663 4.7039680882902974 8566.296157479288 0.70833333333333337
decision_type=2 10 2 2 10 10 10 8 8 8 2 8 10 8
left_child=1 5 3 7 -4 12 -7 -2 -6 11 -11 -3 -1 -12
right_child=2 9 4 -5 8 6 -8 -9 -10 10 13 -13 -14 -15
leaf_value=-0.41169027499578981 0.19931327716994793 -1.1186120058342091 -0.38228016604661491 5.3788429471143342 -1.1623460950123492 0.86683361549844995 -0.9772872633578279 1.5214501543521475 0.74254572653675488 -0.69221363048943596 -0.22162884482405368 -0.075603571487353208 -2.0997377483787019 0.86412902779774137
leaf_weight=955 415 90 104 255 52 91 59 539 240 90 126 189 259 451
leaf_count=955 415 90 104 255 52 91 59 539 240 90 126 189 259 451
internal_value=-0.000375383 -0.00656859 0.00853674 0.0119752 -0.00196474 -0.0114286 0.00198675 0.0085445 0.00327645 0.000443506 0.00381737 -0.00760714 -0.0130864 0.0066955
internal_weight=3915 2310 1605 1209 396 1364 150 954 292 946 667 279 1214 577
internal_count=3915 2310 1605 1209 396 1364 150 954 292 946 667 279 1214 577
is_linear=0
shrinkage=0.03


Tree=25
num_leaves=15
num_cat=0
split_feature=0 29 45 80 76 82 81 8 0 3 25 43 58 2
split_gain=209.466 72.0126 70.9919 62.8295 48.6159 37.0098 43.5164 33.1567 32.2362 30.8597 28.4077 28.2873 18.1938 16.9415
threshold=53.500000000000007 0.91163137398077165 9.5000000000000018 95.561455726623549 133.59285902976993 -10.293292760848997 3605.8852480649953 4.4056636968576113 151.50000000000003 20.958333333343038 0.88603896103896107 422.74805406962855 514.4901432991029 1.0000000180025095e-35
decision_type=2 10 10 10 10 8 8 10 2 2 10 10 8 2
left_child=1 5 3 7 8 -1 -7 10 -4 -3 -2 -8 -12 -13
right_child=2 9 4 -5 -6 6 11 -9 -10 -11 12 13 -14 -15
leaf_value=-1.6690488459182085 -0.74504168561822237 -0.11350861683295964 1.0082917406840668 1.5564599673462773 -0.49126874295701317 1.2329706358588988 -0.16961730739060871 1.022692664379393 4.1521858553613988 1.6229175283084989 -0.29906907236829422 -0.62768977009472993 1.4979191021488338 -0.16847603152944365
leaf_weight=454 146 817 247 233 52 58 397 146 341 76 391 344 40 67
leaf_count=454 146 817 247 233 52 58 397 146 341 76 391 344 40 67
internal_value=-0.00084252 -0.00681572 0.00743895 0.00225705 0.0151638 -0.0112642 -0.00761246 -0.00211326 0.0176231 -0.000234899 -0.00534602 -0.00941904 -0.00145833 -0.0149272
internal_weight=3809 2213 1596 956 640 1320 866 723 588 893 577 808 431 411
internal_count=3809 2213 1596 956 640 1320 866 723 588 893 577 808 431 411
is_linear=0
shrinkage=0.03


Tree=26
num_leaves=15
num_cat=0
split_feature=0 11 85 43 0 82 71 82 81 44 82 28 81 69
split_gain=185.63 84.2433 72.8292 48.8864 43.3647 34.5137 27.6262 26.9577 26.2412 20.6981 21.6298 19.6173 17.9394 16.7569
threshold=75.500000000000014 330.00000000000006 -2.4213190674781795 232.21576155352625 243.50000000000003 78.163406312465682 10.500000000000002 -23.599052131175991 3418.1595023870473 2613.1123039722447 67.015349348386152 260.50000000000006 7311.4504338502893 -28.404034242241469
decision_type=2 2 10 10 2 8 10 8 8 8 10 2 10 8
left_child=2 4 3 7 5 12 -4 -1 -5 10 -3 -9 -2 -13
right_child=1 9 6 8 -6 -7 -8 11 -10 -11 -12 13 -14 -15
leaf_value=-1.2991029285246298 0.74592838317366339 -0.57242211101097051 0.78838573849803828 0.20379671810750954 5.0960118344373502 1.7053835113336027 -0.1261534881477081 -0.1366577103823747 -0.80762268374518364 1.1882430021143839 0.97041423523324766 1.8288537029631706 -0.41397730045939429 -0.021689045074736624
leaf_weight=174 196 231 365 40 242 421 351 525 930 46 69 54 145 43
leaf_count=174 196 231 365 40 242 421 351 525 930 46 69 54 145 43
internal_value=-0.000688756 0.00826055 -0.00555779 -0.00882852 0.0126567 0.00912189 0.00251046 -0.00331242 -0.0133471 -0.00449568 -0.00737542 -0.000385233 0.00201754 0.0119388
internal_weight=3832 1350 2482 1766 1004 762 716 796 970 346 300 622 341 97
internal_count=3832 1350 2482 1766 1004 762 716 796 970 346 300 622 341 97
is_linear=0
shrinkage=0.03


Tree=27
num_leaves=15
num_cat=0
split_feature=29 53 53 2 83 74 81 3 66 80 82 3 67 4
split_gain=132.831 75.5759 52.7358 63.6572 46.7086 35.1147 31.5092 43.3102 28.2152 41.7386 19.193 18.4118 18.1151 24.7142
threshold=0.90591147350029133 9.5000000000000018 7.5000000000000009 1.0000000180025095e-35 24.878504157066349 45.473868530437976 4792.6585782766351 20.208333333343038 36.355326056480415 3.1373730897903447 -25.553764104843136 14.541666666656967 201.30084649210471 5.5000000000000009
decision_type=10 10 8 2 8 8 8 2 10 8 8 2 8 2
left_child=2 4 5 8 12 -1 -6 -8 -4 -10 -7 -3 -2 -14
right_child=1 11 3 -5 6 10 7 -9 9 -11 -12 -13 13 -15
leaf_value=0.77781840611056619 -0.98703174224716794 1.2759110854372371 -0.12865663728796042 -0.14963453220263412 1.228259354598346 -2.7270952333901994 -0.050988968518218485 1.6362587392377101 -0.41941379518675576 1.2239650933276593 -0.84220988925624118 3.7324614504780529 -0.51115345193698047 0.5333690281763469
leaf_weight=54 208 267 671 144 244 253 593 108 91 201 363 211 192 243
leaf_count=54 208 267 671 144 244 253 593 108 91 201 363 211 192 243
internal_value=-0.000585328 0.00458636 -0.0065973 -0.0025722 0.00143486 -0.013234 0.00567653 0.0024359 0.000217842 0.00798635 -0.0152674 0.0150313 -0.00479814 -0.00130734
internal_weight=3843 2066 1777 1107 1588 670 945 701 963 292 616 478 643 435
internal_count=3843 2066 1777 1107 1588 670 945 701 963 292 616 478 643 435
is_linear=0
shrinkage=0.03


Tree=28
num_leaves=15
num_cat=0
split_feature=85 29 45 83 45 9 80 66 36 2 64 45 33 3
split_gain=162.206 94.2912 48.1953 39.5935 38.4486 28.4741 28.222 26.9576 25.897 23.5852 20.4 20.1497 23.0631 24.2188
threshold=-2.4213190674781795 0.86599660814046298 9.5000000000000018 -3.9411000013351436 8.5000000000000018 270.00000000000006 88.33819687366487 -207.34775412082669 0.25595575723199099 1.0000000180025095e-35 4.7641529442076447 10.500000000000002 20.203179824561406 12.291666666656967
decision_type=8 10 10 10 10 2 10 10 10 2 8 8 8 2
left_child=4 9 3 -3 6 -4 -1 -8 -5 11 -6 12 13 -2
right_child=1 2 5 8 10 -7 7 -9 -10 -11 -12 -13 -14 -15
leaf_value=-1.4600383873444787 1.5370807005807212 -0.032378466075450515 1.8397294939993525 0.070490194191700509 -0.75346598268628262 -0.76362144477780514 0.97158709487436978 -2.1828754531614964 1.3066641933909258 -0.14024900645767954 0.4427170467725105 0.043068495206006148 -0.60674925516951217 -0.63662734157072687
leaf_weight=755 44 911 620 190 86 47 69 44 333 99 148 243 121 58
leaf_count=755 44 911 620 190 86 47 69 44 333 99 148 243 121 58
internal_value=-0.000604935 0.00339708 0.00632255 0.00321951 -0.0102811 0.012979 -0.0131876 0.000789474 0.00979008 -0.0074735 0.000510638 -0.00462527 -0.0111161 -0.000582524
internal_weight=3768 2666 2101 1434 1102 667 868 113 523 565 234 466 223 102
internal_count=3768 2666 2101 1434 1102 667 868 113 523 565 234 466 223 102
is_linear=0
shrinkage=0.03


Tree=29
num_leaves=15
num_cat=0
split_feature=29 53 80 85 33 53 2 48 83 37 9 62 75 65
split_gain=141.872 69.7782 54.6953 40.5073 34.4373 32.6975 44.2511 26.9499 26.5565 25.9579 19.7953 19.1351 25.9842 18.65
threshold=0.90591147350029133 9.5000000000000018 69.489916682243361 -20.851303875446316 26.560442890442893 8.5000000000000018 1.0000000180025095e-35 89.838854749997481 41.248829841613777 2253.7379144897664 150.00000000000003 -0.12541305495146673 656.50000000000011 1.0535443372569724
decision_type=10 10 10 8 8 8 2 10 10 10 2 10 8 10
left_child=2 3 5 11 7 13 10 -4 9 -5 -7 12 -2 -1
right_child=1 -3 4 8 -6 6 -8 -9 -10 -11 -12 -13 -14 -15
leaf_value=-0.9255022425567716 1.8520956753325604 2.0318970539311687 0.19306520500560526 -0.012653583546327524 -0.27715295026768461 0.26686134128677402 -0.13049656391139544 2.9717361750105558 1.0749705797109486 2.1646345625143142 -0.22732044148041794 -0.94519462824420797 -0.61696286857917204 -2.4296045709776037
leaf_weight=540 42 471 204 766 94 219 108 60 368 82 309 216 119 212
leaf_count=540 42 471 204 766 94 219 108 60 368 82 309 216 119 212
internal_value=-0.0006455 0.00467797 -0.00693761 0.00167503 0.00350975 -0.00963283 -0.00461538 0.0090566 0.00433854 0.00141343 -0.00102079 -0.00690476 0.000925926 -0.0138645
internal_weight=3810 2064 1746 1593 358 1388 636 264 1216 848 528 377 161 752
internal_count=3810 2064 1746 1593 358 1388 636 264 1216 848 528 377 161 752
is_linear=0
shrinkage=0.03


Tree=30
num_leaves=15
num_cat=0
split_feature=85 29 80 53 60 38 28 15 16 29 28 1 3 7
split_gain=140.409 107.468 51.6205 44.152 33.8276 29.6442 29.1729 27.002 26.5582 25.9119 25.0072 18.4387 17.3998 18.7685
threshold=-1.0691810448964387 0.86599660814046298 69.489916682243361 7.5000000000000009 67.126005411148085 1502.9486569538669 235.50000000000003 2.5000000000000004 22.500000000000004 0.95657137184832253 185.50000000000003 659.08346462249767 13.375000000000002 2680.9915164199633
decision_type=8 10 10 10 10 8 2 2 2 10 2 2 2 8
left_child=3 11 4 5 12 -1 10 8 -6 -4 -5 -2 -3 -14
right_child=1 2 9 6 7 -7 -8 -9 -10 -11 -12 -13 13 -15
leaf_value=0.15743804627706084 -0.060294247312310423 -0.22919887866001989 1.9481499179151407 0.030728429337424996 -0.54010947292377542 -1.8487255526692268 0.79359333449749869 1.2799332375101204 0.7542836235515995 0.2580473977046388 -1.1153879741200645 -0.19978001846103571 -0.21833341159448105 1.2918207873670358
leaf_weight=98 227 515 575 203 88 604 110 471 61 129 128 313 128 136
leaf_count=98 227 515 575 203 88 604 110 471 61 129 128 313 128 136
internal_value=-0.000633747 0.00316566 0.00623099 -0.00941434 0.00289286 -0.0140825 -0.00196833 0.00811594 -0.003 0.0128511 -0.00641566 -0.00876155 -0.00126923 0.00498113
internal_weight=3786 2643 2103 1143 1399 702 441 620 149 704 331 540 779 264
internal_count=3786 2643 2103 1143 1399 702 441 620 149 704 331 540 779 264
is_linear=0
shrinkage=0.03


Tree=31
num_leaves=15
num_cat=0
split_feature=0 8 84 27 28 81 81 37 83 0 53 76 42 64
split_gain=159.369 76.6612 50.5646 43.5303 38.0565 35.608 34.2046 33.3852 31.3794 28.0422 25.8816 23.6773 26.7697 23.2266
threshold=26.500000000000004 4.2501008035864798 44.080124417940787 0.91064169570267139 217.50000000000003 3627.697552800179 8584.5142171382922 1391.9046813948328 100.86936461925508 243.50000000000003 10.500000000000002 633.34686565399181 140.57473516464236 5.4030782243559594
decision_type=2 10 10 10 2 10 10 8 10 2 10 8 10 10
left_child=2 3 6 4 11 -4 7 -1 10 13 -5 -2 -13 -3
right_child=1 9 5 8 -6 -7 -8 -9 -10 -11 -12 12 -14 -15
leaf_value=-0.053605597488632452 -0.75161541067672488 1.4747443087050005 1.1254781742482949 0.050587586522904286 0.48882847522387385 -0.099686870353152726 -1.7217875655235 -0.31521243997938253 1.8296415776277222 5.1416471897721188 4.6336682428593603 -0.60381931358655994 1.9554565502052683 0.020536523489292476
leaf_weight=482 134 424 78 567 112 341 292 665 91 155 50 183 48 157
leaf_count=482 134 424 78 567 112 341 292 665 91 155 50 183 48 157
internal_value=-0.000547619 0.00550989 -0.00681011 0.000784148 -0.00621339 0.00235714 -0.00947917 -0.00713415 0.00550071 0.0131072 0.00305825 -0.0109016 -0.0050431 0.0100515
internal_weight=3779 1921 1858 1185 477 419 1439 1147 708 736 617 365 231 581
internal_count=3779 1921 1858 1185 477 419 1439 1147 708 736 617 365 231 581
is_linear=0
shrinkage=0.03


Tree=32
num_leaves=15
num_cat=0
split_feature=85 29 53 80 28 69 29 53 2 28 37 33 76 28
split_gain=135.553 90.5855 48.7773 40.1049 36.769 29.8645 26.9466 26.6774 24.7711 19.946 19.9072 21.6839 19.3794 18.9071
threshold=-2.4213190674781795 0.873455848711301 7.5000000000000009 95.561455726623549 235.50000000000003 -307.22570381828842 0.95657137184832253 9.5000000000000018 1.0000000180025095e-35 183.50000000000003 2065.1294127638566 13.948008534850642 -100.69896233081816 223.50000000000003
decision_type=8 10 10 10 2 10 10 8 2 2 10 10 10 2
left_child=2 8 5 7 9 -1 -5 10 -2 -4 11 13 -9 -3
right_child=1 3 4 6 -6 -7 -8 12 -10 -11 -12 -13 -14 -15
leaf_value=0.18586896146362958 -0.12346772384422718 -0.1395568832156264 -0.0099348768027729441 2.0974201133183015 0.98392670063785082 -1.8207658496697996 -0.033607957057547391 1.3907899591365624 -0.11113189324084101 -1.1151325190376669 1.0208269582577578 -0.36101324317729955 -0.53354986699250995 0.57387295334816701
leaf_weight=104 494 346 195 475 110 586 112 429 116 127 114 334 50 240
leaf_count=104 494 346 195 475 110 586 112 429 116 127 114 334 50 240
internal_value=-0.00053222 0.00309849 -0.00929653 0.00605426 -0.00138568 -0.0142402 0.0127041 0.00346764 -0.00707038 -0.00650155 0.000753623 -0.000716612 0.0093125 0.0027598
internal_weight=3832 2710 1122 2100 432 690 587 1513 610 322 1034 920 479 586
internal_count=3832 2710 1122 2100 432 690 587 1513 610 322 1034 920 479 586
is_linear=0
shrinkage=0.03


Tree=33
num_leaves=15
num_cat=0
split_feature=0 80 27 74 0 84 53 67 69 81 83 77 15 36
split_gain=138.614 59.7048 51.468 38.7686 39.1281 38.1602 36.1119 29.4009 26.2728 23.9126 21.136 20.2623 18.4688 16.795
threshold=27.500000000000004 72.573922872543349 0.91064169570267139 2293.2492002996983 164.50000000000003 53.129394690195731 10.500000000000002 -134.92258408195087 115.86986283268736 8584.5142171382922 100.86936461925508 -251.29376238584516 17.500000000000004 0.14107470912431111
decision_type=2 8 10 10 2 10 10 8 10 10 10 8 2 10
left_child=2 6 9 4 13 7 11 -4 -9 10 -1 -2 -6 -3
right_child=1 3 5 -5 12 -7 -8 8 -10 -11 -12 -13 -14 -15
leaf_value=-0.30037156343707272 -1.1884996622873947 -0.32904743407985482 -2.2180572409091237 -0.2243005988420424 1.8038297713375133 0.75847703246230036 1.7059671864836166 0.021898655356440366 -0.89210292556775228 -1.8592737916307491 0.23566162521202269 -0.077380957505675516 5.2776164510860033 0.87349458168672689
leaf_weight=758 100 78 68 88 182 177 111 475 59 263 100 620 161 575
leaf_count=758 100 78 68 88 182 177 111 475 59 263 100 620 161 575
internal_value=-0.000762579 0.00493215 -0.00650184 0.00956682 0.0112538 -0.000576923 -0.00111779 -0.0041791 -0.00179439 -0.010615 -0.00817229 -0.00357836 0.0194477 0.00692661
internal_weight=3815 1915 1900 1084 996 779 831 602 534 1121 858 720 343 653
internal_count=3815 1915 1900 1084 996 779 831 602 534 1121 858 720 343 653
is_linear=0
shrinkage=0.03


Tree=34
num_leaves=15
num_cat=0
split_feature=0 80 28 63 43 76 3 7 0 77 81 80 3 0
split_gain=147.14 71.3237 50.4166 47.9076 45.0773 30.0317 26.5326 31.5704 25.3577 22.5175 21.9151 21.5066 19.4867 17.3792
threshold=1.0000000180025095e-35 105.73080992698671 215.50000000000003 191.34795072586908 239.8255871636608 672.50079238414776 15.375000000000002 2656.046618781997 262.50000000000006 -69.598561823368058 3418.1595023870473 -20.287330508232113 15.541666666656967 179.50000000000003
decision_type=2 10 2 8 10 8 2 10 2 8 8 8 2 2
left_child=4 2 3 9 -1 -5 13 -8 11 -2 -6 -7 -3 -4
right_child=1 12 6 5 10 8 7 -9 -10 -11 -12 -13 -14 -15
leaf_value=-0.12519149490061385 -0.74266112134408813 1.0362125852587534 -0.076984701468898742 -0.40680744400766944 0.54810494653739739 -0.86057895978134658 0.11092828954188656 2.5706823713881386 3.6285636602700166 -0.13532826182123628 -0.82285659061317507 0.42627879149772635 2.5290095114886983 0.92328952260867325
leaf_weight=653 295 277 353 90 42 72 150 160 77 209 821 265 274 113
leaf_count=653 295 277 353 90 42 72 150 160 77 209 821 265 274 113
internal_value=-0.000833333 0.00389127 0.00097479 -0.00344896 -0.00810811 0.00308911 0.00671815 0.0135048 0.00650602 -0.0099802 -0.0126042 0.00292899 0.0133152 0.00218415
internal_weight=3851 2335 1784 1008 1516 504 776 310 414 504 863 337 551 466
internal_count=3851 2335 1784 1008 1516 504 776 310 414 504 863 337 551 466
is_linear=0
shrinkage=0.03


Tree=35
num_leaves=15
num_cat=0
split_feature=82 27 66 13 45 56 3 37 83 28 77 2 5 28
split_gain=109.031 68.8893 62.8409 51.4178 36.7854 33.0252 28.3562 27.6005 26.1772 23.5895 26.3571 19.9965 20.2371 19.7567
threshold=-8.5624464352925589 0.8556128293241696 10.647032260894777 210.00000000000003 9.5000000000000018 -116.69433482487995 5.7916666666569663 1991.3214229882731 52.272177577018745 251.50000000000003 -95.138040244579301 1.0000000180025095e-35 68.534242630004897 191.50000000000003
decision_type=8 8 8 8 10 10 2 10 8 2 8 2 10 2
left_child=4 7 5 6 9 -3 -4 11 -8 10 -1 12 -2 -10
right_child=1 2 3 -5 -6 -7 8 -9 13 -11 -12 -13 -14 -15
leaf_value=-1.6362792801303474 0.087728197343455952 -2.076496044840864 -0.33120238051740503 -0.52438190719833433 0.10809799822470754 -0.095354488066648174 0.37294645671061666 -0.35336631844098493 0.59890755323753553 -0.13880052422861705 -0.43240317365650777 -0.071748983822423909 -0.40571611860796769 1.7973408199922323
leaf_weight=428 264 93 133 253 162 429 570 86 459 176 179 83 109 417
leaf_count=428 264 93 133 253 162 429 570 86 459 176 179 83 109 417
internal_value=-0.00121031 0.0016776 0.00389809 0.00651391 -0.0100529 -0.00527725 0.00852532 -0.0079558 0.0097443 -0.0127423 -0.0155428 -0.00498906 -0.00200535 0.0129989
internal_weight=3841 2896 2354 1832 945 522 1579 542 1446 783 607 456 373 876
internal_count=3841 2896 2354 1832 945 522 1579 542 1446 783 607 456 373 876
is_linear=0
shrinkage=0.03


Tree=36
num_leaves=15
num_cat=0
split_feature=0 45 84 74 83 34 7 26 74 81 0 85 42 59
split_gain=151.756 68.4801 64.7764 41.8234 39.1093 38.5663 34.8891 32.5268 32.3239 28.1586 25.729 23.4749 20.8032 29.8834
threshold=64.500000000000014 9.5000000000000018 79.436062137285873 2406.5829915259696 4.2720547914505014 0.95119047619047625 4113.1039627634827 134.50000000000003 2093.9686229951863 3605.8852480649953 243.50000000000003 -79.220352927843706 80.911804437637343 118.02790760993959
decision_type=2 8 10 10 10 10 10 2 8 10 2 8 8 10
left_child=2 4 5 10 6 7 -2 11 -9 -4 -3 -1 13 -10
right_child=1 3 9 -5 -6 -7 -8 8 12 -11 -12 -13 -14 -15
leaf_value=-1.8620367532367443 -0.21607654785281 1.4288709773134507 1.9233363162910875 -0.61917304565727971 1.0575450073123547 0.21347490276069636 1.7491604842418329 1.0979250591950256 0.36207481782567308 0.1163572045963152 5.1617849852369897 -0.27169560625580169 -0.55684591945565398 -1.6486741380978316
leaf_weight=407 575 371 75 46 206 228 67 56 152 296 201 1037 46 96
leaf_count=407 575 371 75 46 206 228 67 56 152 296 201 1037 46 96
internal_value=-0.000645078 0.00695297 -0.00530075 0.0145396 0.00141343 -0.00741473 -0.0022395 -0.00889136 -0.000683761 0.00620968 0.0167539 -0.0108789 -0.00467797 -0.00120482
internal_weight=3859 1466 2393 618 848 2022 642 1794 350 371 572 1444 294 248
internal_count=3859 1466 2393 618 848 2022 642 1794 350 371 572 1444 294 248
is_linear=0
shrinkage=0.03


Tree=37
num_leaves=15
num_cat=0
split_feature=0 45 84 43 82 83 79 27 28 57 80 3 40 27
split_gain=136.489 69.352 63.6923 63.0322 47.8763 34.0722 30.3954 27.5225 22.3505 21.8589 21.0418 22.6351 18.5491 15.6274
threshold=77.500000000000014 10.500000000000002 109.17838752269746 371.63742697979609 -19.532269040743504 -67.552277088165269 1316.0912213955942 0.88556547619047621 257.50000000000006 6.5000000000000009 -20.287330508232113 16.041666666656969 852.95105871751105 0.89616515559911802
decision_type=2 8 10 10 8 8 10 10 2 8 8 2 10 10
left_child=2 5 3 4 -1 -2 10 -6 -9 -5 -7 12 -12 -4
right_child=1 -3 13 9 7 6 -8 8 -10 -11 11 -13 -14 -15
leaf_value=-1.0949152842819896 -0.41647310775787244 3.0890280071813301 -0.11131208148821486 -0.099674414884961246 -0.2839443893038166 -0.70960648549780525 -0.19384891828755568 0.047894193804368483 0.86402392213138801 -1.103268111107417 0.98247446099883162 2.1977826547532326 -0.094547058292827918 1.3139906630360665
leaf_weight=318 305 340 74 333 250 49 41 684 164 538 231 204 145 168
leaf_count=318 305 340 74 333 250 49 41 684 164 538 231 204 145 168
internal_value=-0.000655397 0.00718085 -0.00473123 -0.00628059 -0.00237121 0.00310451 0.00688525 0.000600546 0.00318021 -0.0126261 0.00852381 0.0101205 0.00572944 0.00987654
internal_weight=3844 1315 2529 2287 1416 975 670 1098 848 871 629 580 376 242
internal_count=3844 1315 2529 2287 1416 975 670 1098 848 871 629 580 376 242
is_linear=0
shrinkage=0.03


Tree=38
num_leaves=15
num_cat=0
split_feature=85 27 80 28 52 3 45 3 45 48 5 7 77 81
split_gain=108.572 53.0086 42.7398 42.6148 38.8093 29.4595 26.4582 30.2839 26.4365 26.2707 28.0561 22.6775 20.2826 19.6551
threshold=-3.8093678951263423 0.8556128293241696 107.45434272289278 235.50000000000003 289.31933581829077 9.9583333333430364 9.5000000000000018 5.6250000000000009 7.5000000000000009 267.48568920294451 76.801017284393325 4890.1010626597445 -235.36567074060437 6970.4694567918787
decision_type=8 10 10 2 10 2 8 2 10 8 10 8 8 10
left_child=3 9 6 4 -1 -4 11 -8 -5 -2 -11 -3 -9 -6
right_child=1 2 5 8 13 -7 7 12 -10 10 -12 -13 -14 -15
leaf_value=-1.5031313372278921 -0.15040417121103822 -0.084468231027484048 -0.20659958191537484 -0.7545319823249389 -0.4644783522359483 1.9313234737407257 -0.71767775295906866 -0.16403373242832078 0.67434392036941815 0.14514324137474702 -0.41573029001949174 1.967688648417796 1.4289286369646654 0.81418065029117537
leaf_weight=656 328 1030 115 194 68 436 64 86 124 102 53 61 416 95
leaf_count=656 328 1030 115 194 68 436 64 86 124 102 53 61 416 95
internal_value=-0.000799164 0.00248514 0.0044545 -0.00856766 -0.0121829 0.0116848 0.00204463 0.00730159 0.000752351 -0.00650826 0.00365385 -0.000686813 0.00978131 0.000914634
internal_weight=3828 2691 2208 1137 819 551 1657 566 318 483 155 1091 502 163
internal_count=3828 2691 2208 1137 819 551 1657 566 318 483 155 1091 502 163
is_linear=0
shrinkage=0.03


Tree=39
num_leaves=15
num_cat=0
split_feature=0 53 81 84 8 28 71 39 29 48 0 32 77 67
split_gain=111.397 60.7144 45.4652 42.1726 31.5623 36.48 32.3486 26.053 24.3656 23.2401 22.4104 21.4085 21.1417 27.8976
threshold=27.500000000000004 10.500000000000002 3259.223057866097 44.080124417940787 4.441831023352365 215.50000000000003 8.5000000000000018 2246.6618523507182 0.89675666199158488 541.08789527416241 -4.4999999999999991 0.30151515151515157 64.707144379615798 180.27534961333649
decision_type=2 10 8 8 10 2 10 10 10 8 2 8 10 8
left_child=2 4 -1 10 5 6 -2 -5 -3 -9 11 -4 13 -6
right_child=1 8 3 7 12 -7 -8 9 -10 -11 -12 -13 -14 -15
leaf_value=0.78633771102897088 0.28732896186373819 0.17713727493915954 -1.9482173377536016 0.049769179687496216 0.1350188201538976 0.53072412791402246 -0.51880519543070613 -0.37672911092952455 3.5279831443344056 0.0069691732482905708 -0.14503155240015767 -0.79027166714970609 -0.5437539430349233 2.0733192723607203
leaf_weight=117 255 120 313 634 178 467 380 322 248 68 226 215 48 214
leaf_count=117 255 120 313 634 178 467 380 322 248 68 226 215 48 214
internal_value=-0.000433526 0.00467818 -0.00558544 -0.00677909 0.00206092 -0.000652765 -0.00533019 -0.00280976 0.0156098 -0.00890026 -0.0121589 -0.0155388 0.00884354 0.011145
internal_weight=3805 1910 1895 1778 1542 1102 635 1024 368 390 754 528 440 392
internal_count=3805 1910 1895 1778 1542 1102 635 1024 368 390 754 528 440 392
is_linear=0
shrinkage=0.03


Tree=40
num_leaves=15
num_cat=0
split_feature=0 53 31 53 81 83 50 2 79 84 66 33 79 67
split_gain=107.736 47.1488 49.0251 43.2077 33.0261 31.2894 29.9845 33.8338 27.0918 20.659 21.8896 20.4229 18.5533 17.886
threshold=56.500000000000007 7.5000000000000009 7.403125000000002 10.500000000000002 8584.5142171382922 -67.552277088165269 8.5342426300048846 1.0000000180025095e-35 52.721247598201387 40.708599289258323 -215.17771553993222 27.599119496855348 16.285557390364836 236.44432877169717
decision_type=2 8 8 8 10 8 10 2 10 10 10 8 8 8
left_child=1 2 12 5 -4 -2 9 -8 13 10 -3 -5 -1 -7
right_child=3 6 4 11 -6 8 7 -9 -10 -11 -12 -13 -14 -15
leaf_value=-0.30182641831964824 -0.39779296867172059 0.056787356939121375 -1.0339553674009174 3.1439452201091567 -2.1454539676612621 0.13545164254255085 -0.16179782025987552 -0.093665132692706154 -0.21663331021497834 0.62436479981766779 -0.29457196071065728 0.065184162538751159 0.47962990580700127 1.1409082740417735
leaf_weight=162 350 273 514 268 201 280 400 79 90 214 288 67 133 461
leaf_count=162 350 273 514 268 201 280 400 79 90 214 288 67 133 461
internal_value=-0.000412589 -0.00455629 -0.00937685 0.00577456 -0.0136173 0.00307107 -0.000669323 -0.0065625 0.00623798 0.0029768 -5.33808e-05 0.0152679 0.000912162 0.00812668
internal_weight=3780 2264 1010 1516 715 1181 1254 479 831 775 561 335 295 741
internal_count=3780 2264 1010 1516 715 1181 1254 479 831 775 561 335 295 741
is_linear=0
shrinkage=0.03


Tree=41
num_leaves=15
num_cat=0
split_feature=29 53 53 74 84 31 85 82 36 8 48 77 41 26
split_gain=99.7506 56.9498 42.2254 32.0997 31.3206 25.0306 20.9672 20.7553 18.2053 18.1532 19.5177 17.7727 15.966 15.9236
threshold=0.90591147350029133 7.5000000000000009 9.5000000000000018 45.473868530437976 127.99255073070528 23.257777777777779 -2.4213190674781795 -45.480947335561112 0.17416582406471184 3.7778498503170108 2.825431148211162 -251.29376238584516 1.6453763246536257 118.50000000000001
decision_type=10 8 10 8 10 10 8 8 10 8 8 8 8 2
left_child=1 3 4 -1 6 9 8 -5 -2 13 -11 -4 -9 -3
right_child=2 5 11 7 -6 -7 -8 12 -10 10 -12 -13 -14 -15
leaf_value=0.97039226564776671 0.46751388437398533 -0.42140245541454202 -0.41852453340955897 -2.3682667687154786 1.2692928277870725 -0.19971732764991723 0.22547103889095602 -1.5192818436007784 -0.58912073420229916 -0.074816515166290606 0.22392692482025717 1.8024340719806131 -0.048214519809527928 0.27209080455150947
leaf_weight=50 50 187 56 219 131 223 1039 263 384 202 409 445 150 81
leaf_count=50 50 187 56 219 131 223 1039 263 384 202 409 445 150 81
internal_value=-0.000362468 -0.00557983 0.00405983 -0.0123865 0.00168224 -0.00135993 0.000427408 -0.014218 -0.00510345 0.000920455 0.00377451 0.0116534 -0.0102174 -0.00557621
internal_weight=3889 1784 2105 682 1604 1102 1473 632 434 879 611 501 413 268
internal_count=3889 1784 2105 682 1604 1102 1473 632 434 879 611 501 413 268
is_linear=0
shrinkage=0.03


Tree=42
num_leaves=15
num_cat=0
split_feature=29 0 0 3 9 85 3 3 4 82 0 4 59 82
split_gain=113.565 43.9123 41.859 36.2672 29.7629 28.009 25.5576 39.8116 25.2453 20.9169 20.4355 19.7316 19.8435 18.7171
threshold=0.90591147350029133 -27.499999999999996 243.50000000000003 20.958333333343038 450.00000000000006 158.24280198415121 18.041666666656969 15.791666666656967 6.5000000000000009 103.90204882621767 205.50000000000003 8.5000000000000018 104.09319531917573 32.149947226047523
decision_type=10 2 2 2 2 10 2 2 2 8 2 2 10 8
left_child=1 11 3 5 -4 6 7 13 -3 -8 -10 -1 -13 -2
right_child=2 8 4 -5 -6 -7 9 -9 10 -11 -12 12 -14 -15
leaf_value=-1.8095521833363195 -0.45204657700783718 -0.21051484500418757 4.0422200032734921 2.0315760433360825 -0.18648846719000264 1.3168196864143729 -0.87949304293322184 0.59032438369298312 -0.027189387566093976 0.53523811297276724 3.3561437540226748 0.40208615816948484 -1.0614222357745897 0.14939859582490572
leaf_weight=366 310 383 183 193 67 221 167 179 764 54 100 45 87 737
leaf_count=366 310 383 183 193 67 221 167 179 764 54 100 45 87 737
internal_value=-0.000404459 -0.00606529 0.00427557 0.00272288 0.0157769 0.00129419 -0.000227901 0.00146699 -0.00305288 -0.00959459 -0.000208092 -0.0135872 -0.00360902 -0.000772901
internal_weight=3856 1745 2111 1861 250 1668 1447 1226 1247 221 864 498 132 1047
internal_count=3856 1745 2111 1861 250 1668 1447 1226 1247 221 864 498 132 1047
is_linear=0
shrinkage=0.03


Tree=43
num_leaves=15
num_cat=0
split_feature=29 45 0 83 74 7 0 11 4 67 27 28 42 26
split_gain=90.6476 45.3462 41.9724 42.9693 30.4272 25.0733 23.1638 23.6728 22.6123 19.3781 21.8472 18.7224 25.9314 19.8066
threshold=0.90591147350029133 7.5000000000000009 243.50000000000003 24.878504157066349 45.473868530437976 3486.0431026247902 77.500000000000014 330.00000000000006 4.5000000000000009 34.96773221757676 0.9842509920634922 220.50000000000003 102.28492653369905 82.500000000000014
decision_type=10 8 2 10 8 8 2 2 2 8 10 2 8 2
left_child=1 4 3 5 -1 11 -3 -8 -4 -5 -11 13 -13 -2
right_child=2 6 8 9 -6 -7 7 -9 -10 10 -12 12 -14 -15
leaf_value=0.68651778393457241 -0.15749663288498461 -0.089656246997145542 -0.3237171291865924 -0.018647985514153635 -1.4119705522291603 0.39110147631757403 1.1261275623538687 -0.33630361959690619 3.4037498694195327 1.4128927251727006 -0.40863897049570269 0.26605370183598404 -0.708738791353827 -0.90741954626830912
leaf_weight=49 273 814 41 157 573 347 278 41 199 381 62 298 134 213
leaf_count=49 273 814 41 157 573 347 278 41 199 381 62 298 134 213
internal_value=-0.000792541 -0.00582574 0.00340456 0.00188103 -0.0123274 -0.00125592 -0.00224868 0.00459375 0.0151867 0.00848586 0.0116892 -0.00385201 0.000692841 -0.00788501
internal_weight=3860 1755 2105 1865 622 1265 1133 319 240 600 443 918 432 486
internal_count=3860 1755 2105 1865 622 1265 1133 319 240 600 443 918 432 486
is_linear=0
shrinkage=0.03


Tree=44
num_leaves=15
num_cat=0
split_feature=85 0 75 84 54 28 0 27 80 34 24 80 28 68
split_gain=88.7267 52.393 42.7423 37.4025 30.6204 38.0854 23.1919 21.0818 17.346 22.6964 16.293 16.1879 19.4575 22.5793
threshold=-38.244549314180993 243.50000000000003 1824.0000000000002 76.871282339096084 930.00000000000011 235.50000000000003 36.500000000000007 0.90687820260149798 78.962632536888137 0.17287356321839084 28.500000000000004 97.505323648452773 224.50000000000003 0.12377288823830827
decision_type=8 2 8 10 10 2 2 10 10 10 2 8 2 8
left_child=4 3 10 6 5 -1 -2 -5 9 -7 -3 12 13 -8
right_child=1 2 -4 7 -6 8 11 -9 -10 -11 -12 -13 -14 -15
leaf_value=-1.6663183376013415 -0.1075110555413645 -0.38306116963386333 3.8105406851459569 0.019700990608634734 0.1458946651863102 0.43023937123048422 -0.55611039930877859 1.1803085891687017 0.92487678912554161 -1.2752023987300249 0.6482665983610536 0.44685128643782512 0.58778558915884005 0.20177548494075295
leaf_weight=492 1116 52 226 180 200 44 171 315 42 113 63 516 188 133
leaf_count=492 1116 52 226 180 200 44 171 315 42 113 63 516 188 133
internal_value=5.45171e-05 0.00255319 0.0135965 0.00111069 -0.00823991 -0.0112283 -0.000621176 0.00852823 -0.00015 -0.00474684 -0.0012931 0.00267592 -0.00121704 -0.00590164
internal_weight=3851 2960 341 2619 891 691 2124 495 199 157 115 1008 492 304
internal_count=3851 2960 341 2619 891 691 2124 495 199 157 115 1008 492 304
is_linear=0
shrinkage=0.03


Tree=45
num_leaves=15
num_cat=0
split_feature=0 83 8 67 67 27 45 82 81 77 1 11 28 40
split_gain=86.8033 48.9753 48.8635 34.8876 30.6113 25.0331 27.3796 24.6395 21.4567 19.0433 16.6668 16.6542 16.4438 21.5909
threshold=67.500000000000014 107.19655561447145 3.6695120983618983 -149.89071390675556 190.57418279431087 0.90132150930273014 1.5000000000000002 105.02121218045555 3605.8852480649953 54.631510138511665 625.07315599918377 270.00000000000006 254.50000000000003 39.902540243297864
decision_type=2 10 10 8 8 10 10 10 10 10 2 2 2 10
left_child=1 3 7 -1 -4 6 -5 -2 -3 12 -8 -6 13 -7
right_child=2 8 4 5 11 9 10 -9 -10 -11 -12 -13 -14 -15
leaf_value=-1.914945650238818 -0.12818992854376043 1.6544592528881765 0.14377325255193482 0.012480974997583502 2.0816158986842774 0.31384792182688448 0.018602104395135832 1.3350966857424587 0.16825684785523676 -0.63594350962069002 -0.41760735161095824 -0.33573330641722604 0.4118441125602586 -0.26136324843923536
leaf_weight=234 550 65 228 68 490 182 127 103 266 58 684 41 223 516
leaf_count=234 550 65 228 68 490 182 127 103 266 58 684 41 223 516
internal_value=-0.000305005 -0.00375 0.0056051 -0.00544673 0.0107763 -0.0040667 -0.00773864 -0.000412844 0.00695783 -0.000765306 -0.0092734 0.014718 0.000292842 -0.00197425
internal_weight=3835 2423 1412 2092 759 1858 879 653 331 979 811 531 921 698
internal_count=3835 2423 1412 2092 759 1858 879 653 331 979 811 531 921 698
is_linear=0
shrinkage=0.03


Tree=46
num_leaves=15
num_cat=0
split_feature=82 0 43 83 74 0 27 0 33 80 29 48 26 16
split_gain=79.4675 65.5151 43.46 28.7682 29.2128 27.1735 26.3854 25.8693 23.4355 20.5619 33.6121 19.3732 19.3456 18.0588
threshold=-33.674072265624993 77.500000000000014 466.38237140510051 -185.05607068538663 2293.2492002996983 -22.499999999999996 0.88556547619047621 252.50000000000003 16.48153594771242 87.083806753158584 0.93885340395700279 -41.25026150544484 130.50000000000003 9.5000000000000018
decision_type=8 2 10 8 10 2 10 2 10 10 10 10 2 2
left_child=5 2 6 -3 7 -1 11 -5 -4 -8 -11 -2 13 -7
right_child=1 3 8 4 -6 12 9 -9 -10 10 -12 -13 -14 -15
leaf_value=-1.8230871181902331 0.17376932656866145 -0.60140869357925186 -0.035110944691134856 0.63100610074361396 -0.13477785958468264 -0.055819165469165807 0.032555324770631909 3.4702651067037982 -0.60307672517843236 1.4701315777603903 -0.30823449598405739 -0.53735922737767783 0.12910404341271578 -1.0359302202382499
leaf_weight=238 102 72 318 696 77 145 823 245 263 188 104 231 105 202
leaf_count=238 102 72 318 696 77 145 823 245 263 188 104 231 105 202
internal_value=-0.000433071 0.00160577 -0.00158128 0.00753437 0.00883219 -0.00963821 0.00120083 0.0102866 -0.00850515 0.00341398 0.0102389 -0.0061976 -0.00529801 -0.0087069
internal_weight=3809 3119 2029 1090 1018 690 1448 941 581 1115 292 333 452 347
internal_count=3809 3119 2029 1090 1018 690 1448 941 581 1115 292 333 452 347
is_linear=0
shrinkage=0.03


Tree=47
num_leaves=15
num_cat=0
split_feature=45 27 0 11 83 15 0 15 3 63 82 50 83 82
split_gain=72.8873 65.0304 40.8599 34.6659 34.6538 24.0338 21.3495 20.2436 20.136 20.0563 18.6957 18.0677 17.9398 17.8721
threshold=8.5000000000000018 0.90533428165007124 248.50000000000003 210.00000000000003 35.384360194206245 14.500000000000002 -29.499999999999996 38.500000000000007 21.041666666656969 90.901581685497803 127.88824037710826 208.62831258773807 -341.56217813491816 27.696646213531498
decision_type=8 10 2 2 10 2 2 2 2 10 10 10 8 8
left_child=1 7 8 -4 5 12 -7 13 11 -8 -6 -2 -3 -1
right_child=2 4 3 -5 10 6 9 -9 -10 -11 -12 -13 -14 -15
leaf_value=-1.5326925647217104 0.13467491607457549 -1.1131347921064727 4.1742099716182084 -0.32751171403520057 0.3155200995705712 -1.5500857468516169 0.32475735648344473 0.34729054663609776 0.89941077613945564 -0.57873200771423317 2.6098927496083557 -0.075247430548849997 0.087173407773030537 -0.44740767364489797
leaf_weight=406 1032 45 207 40 218 90 75 55 179 59 83 405 530 419
leaf_count=406 1032 45 207 40 218 90 75 55 179 59 83 405 530 419
internal_value=-0.000476067 -0.00448258 0.00378219 0.015121 0.000381471 -0.0028875 -0.0112 -0.0105562 0.00204082 -0.00355556 0.00903974 0.000855355 0.000364583 -0.0117312
internal_weight=3843 1980 1863 247 1100 799 224 880 1616 134 301 1437 575 825
internal_count=3843 1980 1863 247 1100 799 224 880 1616 134 301 1437 575 825
is_linear=0
shrinkage=0.03


Tree=48
num_leaves=15
num_cat=0
split_feature=53 84 29 3 36 73 53 3 17 76 29 44 46 83
split_gain=79.8052 52.6263 37.6689 31.4321 28.1195 25.4951 24.7897 21.4506 21.4064 19.3098 18.9771 18.4532 17.4104 17.0521
threshold=7.5000000000000009 21.738479892412826 0.90039077406847723 6.0416666666569663 0.31494165398274993 29.202876091003422 9.5000000000000018 21.458333333343038 29.000000000000004 445.39267277717596 0.96066430560808735 158.33064126968387 2490.0000000000005 63.872292995452888
decision_type=8 8 10 2 10 8 8 2 2 8 10 10 10 10
left_child=1 5 7 -4 10 11 8 12 -5 -7 -3 -1 -2 -6
right_child=2 4 3 6 13 9 -8 -9 -10 -11 -12 -13 -14 -15
leaf_value=-1.8399179218300941 -0.011965482639181403 -0.48422756447274679 -0.33470099311143559 0.87698927351446576 0.092465034544787272 0.20333259968831471 1.5923066535776675 1.4254925284603002 -0.070034695655779508 -0.74991248169569902 0.50767616049818998 -0.3266092472072209 -0.18572457218391475 1.3648684243129903
leaf_weight=273 806 390 144 391 219 102 483 86 357 279 42 70 78 110
leaf_count=273 806 390 144 391 219 102 483 86 357 279 42 70 78 110
internal_value=-3.13234e-05 -0.00547106 0.00341432 0.0066061 3.93701e-05 -0.0112552 0.00815747 -0.00111226 0.0047263 -0.00589005 -0.00498845 -0.0171802 -0.00250847 0.00663636
internal_weight=3830 1485 2345 1375 761 724 1231 970 748 381 432 343 884 329
internal_count=3830 1485 2345 1375 761 724 1231 970 748 381 432 343 884 329
is_linear=0
shrinkage=0.03


Tree=49
num_leaves=15
num_cat=0
split_feature=0 45 27 4 29 82 64 68 33 29 67 75 83 1
split_gain=75.0532 44.0392 42.2793 35.8861 26.1133 25.5202 23.8152 20.5426 19.3398 17.9083 24.3525 17.1524 17.1 20.5259
threshold=164.50000000000003 7.5000000000000009 0.90132150930273014 7.5000000000000009 0.93885340395700279 32.745044469833381 4.7641529442076447 0.028742615615011551 27.325730045425058 0.95611144904028122 54.463755779039317 683.56861829757702 -137.57225072383878 659.08346462249767
decision_type=2 8 10 2 10 10 10 10 8 10 8 8 8 2
left_child=1 2 -1 4 -2 12 7 11 9 10 -7 -4 -3 -14
right_child=3 5 6 -5 -6 8 -8 -9 -10 -11 -12 -13 13 -15
leaf_value=-1.2269893512093424 -0.11668435367730533 0.42676877377466055 0.82242153272167295 3.0025101572010264 1.542068529993162 0.0095164565779886339 -1.9453416528588068 -0.56465239385999 -0.15843327149504732 -0.30451169111771176 1.1131930630005467 -0.053884443553503109 0.070995646625768738 -0.19378593426950086
leaf_weight=499 274 99 181 287 105 203 48 169 92 100 349 310 454 655
leaf_count=499 274 99 181 287 105 203 48 169 92 100 349 310 454 655
internal_value=-0.000148981 -0.00207911 -0.00658113 0.0089955 0.00292105 0.000706605 -0.00186178 -0.000363086 0.00507383 0.00689127 0.00900542 0.0027439 -0.00198511 -0.00305405
internal_weight=3825 3159 1207 666 379 1952 708 660 744 652 552 491 1208 1109
internal_count=3825 3159 1207 666 379 1952 708 660 744 652 552 491 1208 1109
is_linear=0
shrinkage=0.03


Tree=50
num_leaves=15
num_cat=0
split_feature=85 65 28 54 0 27 51 15 3 7 75 3 62 8
split_gain=83.3915 42.6483 32.9255 35.9038 32.3728 19.0585 19.0209 21.6868 17.9744 18.1327 17.3802 23.0589 17.7751 16.1425
threshold=-28.389277736345928 0.88411320936585736 235.50000000000003 990.00000000000011 252.50000000000003 0.91064169570267139 182.44134294986728 39.500000000000007 13.375000000000002 3280.0595972968454 287.92976641654974 16.625000000000004 0.013512008517389118 4.3191937329732859
decision_type=8 8 2 10 2 10 8 2 2 8 8 2 8 10
left_child=2 4 3 -1 -2 6 7 13 -7 -10 12 -12 -4 -3
right_child=1 5 10 -5 -6 8 -8 -9 9 -11 11 -13 -14 -15
leaf_value=-1.3277157986340964 0.57222390301605897 -0.29499118816880299 2.1745211227297681 0.068017420512459112 4.5057072294092029 -0.0037563334750673858 0.03312537083085744 0.54368935924164941 0.2715695048572988 1.94823124242624 -1.2005483495148233 0.1414389993331289 -0.10946299274976702 0.0045517881330051245
leaf_weight=540 294 603 40 141 99 697 115 61 446 160 103 79 42 429
leaf_count=540 294 603 40 141 99 697 115 61 446 160 103 79 42 429
internal_value=-0.000350649 0.00216867 -0.00808668 -0.0115689 0.0113452 0.000728503 -0.00198511 -0.00320841 0.00324387 0.00701812 0.00090566 -0.0042623 0.0122892 -0.00424008
internal_weight=3849 2904 945 681 393 2511 1208 1093 1303 606 264 182 82 1032
internal_count=3849 2904 945 681 393 2511 1208 1093 1303 606 264 182 82 1032
is_linear=0
shrinkage=0.03


Tree=51
num_leaves=15
num_cat=0
split_feature=85 0 53 27 20 29 83 59 61 3 36 61 1 65
split_gain=67.1729 40.971 34.2479 32.2673 26.535 24.3468 28.9797 23.1487 20.7246 20.2879 14.9124 13.01 12.9934 12.986
threshold=-28.389277736345928 252.50000000000003 7.5000000000000009 0.91030061892130865 477.52777552604681 0.873455848711301 100.86936461925508 111.46575736999513 0.91160029454485481 10.125000000000002 0.28220211161387637 0.25799051150716495 674.27329885959637 0.85203434048503512
decision_type=8 2 10 10 10 10 10 8 8 2 10 10 2 8
left_child=2 5 3 -1 13 7 12 -2 11 -8 -11 -4 -7 -3
right_child=1 4 8 -5 -6 6 9 -9 -10 10 -12 -13 -14 -15
leaf_value=-2.0142732223557296 -0.13777229407321648 4.4043467154143574 0.29047727359905656 -0.36989562994125469 -0.15641289466176836 0.14901801567905537 -0.54108379893117153 0.012395222537992983 0.76628885410474779 0.23530068323696615 1.8675324007779044 -0.77166789185364071 -0.1343927163948678 2.3176223889728034
leaf_weight=371 469 85 92 239 61 1034 59 145 93 112 163 141 556 160
leaf_count=371 469 85 92 239 61 1034 59 145 93 112 163 141 556 160
internal_value=-0.000333245 0.00196134 -0.00729989 -0.0114894 0.0123127 0.000708941 0.00236883 -0.0044878 0.000550459 0.0103881 0.0138043 -0.00423077 0.000678818 0.0167073
internal_weight=3780 2844 936 610 306 2538 1924 614 326 334 275 233 1590 245
internal_count=3780 2844 936 610 306 2538 1924 614 326 334 275 233 1590 245
is_linear=0
shrinkage=0.03


Tree=52
num_leaves=15
num_cat=0
split_feature=0 67 0 75 82 28 68 63 81 77 7 0 82 77
split_gain=78.3519 39.7487 31.9889 31.034 29.2943 27.8524 40.3884 23.7953 22.6274 19.2853 18.3815 23.3877 17.787 18.657
threshold=-20.499999999999996 -188.17690091729165 255.00000000000003 1824.0000000000002 -33.674072265624993 217.50000000000003 0.09886443591111542 232.28841183114147 9091.2034698724765 -97.043278694152818 3486.0431026247902 35.500000000000007 31.189114729563396 -87.414005398750291
decision_type=2 8 2 8 8 2 8 8 8 8 8 2 8 8
left_child=1 -1 5 9 -3 6 12 -7 -6 -4 -8 -12 13 -2
right_child=2 4 3 -5 8 7 10 -9 -10 -11 11 -13 -14 -15
leaf_value=-2.2084733681777582 -0.93127908632709289 -1.4399875910976292 -0.59111513669902571 3.229687829899293 0.16692517270066701 0.52670376631566629 -0.019232799869979385 -0.052899769911800607 -0.55964499538093848 0.70056710889986173 0.071541338096799204 2.6197486196182762 -0.13849707593791455 -0.092102413607166353
leaf_weight=152 171 196 48 208 301 708 574 322 283 68 182 89 421 96
leaf_count=152 171 196 48 208 301 708 574 322 283 68 182 89 421 96
internal_value=-0.00041623 -0.00797428 0.00202562 0.0108923 -0.00522407 0.000900936 -0.00166232 0.00471387 -0.00184615 -0.00153846 0.0027305 0.00915441 -0.0070537 -0.013097
internal_weight=3819 932 2887 324 780 2563 1533 1030 584 116 845 271 688 267
internal_count=3819 932 2887 324 780 2563 1533 1030 584 116 845 271 688 267
is_linear=0
shrinkage=0.03


Tree=53
num_leaves=15
num_cat=0
split_feature=45 29 3 82 67 77 67 26 3 15 80 30 56 16
split_gain=58.88 37.3256 36.7133 18.8996 22.1451 18.1999 26.6581 20.8246 17.1528 20.2543 16.4997 16.3109 18.7696 15.169
threshold=7.5000000000000009 0.90870467255998566 20.958333333343038 -36.262559056282036 -161.99782013893125 107.6919767856598 229.76968989372259 132.50000000000003 23.125000000000004 25.500000000000004 33.236309289932258 24.950000000000003 -24.541551828384396 28.500000000000004
decision_type=8 10 2 8 8 10 10 2 2 2 8 10 8 2
left_child=1 3 5 -1 -5 6 7 11 -4 -10 -8 -2 -13 -9
right_child=2 -3 8 4 -6 -7 10 13 9 -11 -12 12 -14 -15
leaf_value=-1.662332682284023 0.054995196071463394 -0.021894920778140266 2.8802423752944537 -3.386499265507346 -0.14691555698776074 -0.40242243053392113 0.01755933779025284 0.64929416691396102 -0.36471601941823945 2.5022830297853895 2.4485304911551009 -1.169002080580325 -0.049255250698701951 -0.094182808755150949
leaf_weight=260 1039 702 204 68 346 121 84 247 62 42 171 82 329 75
leaf_count=260 1039 702 204 68 346 121 84 247 62 42 171 82 329 75
internal_value=-0.000219149 -0.00518519 0.0025641 -0.0102222 -0.00621687 0.00117264 0.00184911 0.000541455 0.012233 0.00228571 0.0108984 -0.000992419 -0.00604369 0.00743034
internal_weight=3832 1376 2456 674 414 2148 2027 1772 308 104 255 1450 411 322
internal_count=3832 1376 2456 674 414 2148 2027 1772 308 104 255 1450 411 322
is_linear=0
shrinkage=0.03


Tree=54
num_leaves=15
num_cat=0
split_feature=0 67 84 28 49 3 69 76 0 85 77 66 7 0
split_gain=61.824 42.1374 37.6056 26.8455 29.3731 25.8125 23.5051 21.1354 28.6133 22.3596 16.4504 15.9021 15.2317 15.0413
threshold=164.50000000000003 -184.14710521099093 80.779652158419296 250.50000000000003 8.5000000000000018 12.625000000000002 78.592751754150143 4679.6363426446924 299.50000000000006 267.14051014184957 -144.67806553840634 289.20476114749914 4925.3465560779887 -19.499999999999996
decision_type=2 8 10 2 10 2 8 8 2 8 8 8 10 2
left_child=1 5 3 4 12 -1 11 10 9 -9 -2 -5 13 -3
right_child=7 2 -4 6 -6 -7 -8 8 -10 -11 -12 -13 -14 -15
leaf_value=0.20542757114355009 -0.80446544478030879 -0.50202251445357349 0.5728693152611225 0.10257013671593948 -0.67964006490402196 -2.3422524496374826 -0.090777457201342407 0.037113461625319775 4.5227075404188941 2.3387267928299176 0.43618893237714146 1.0936084325750948 0.9730674749622108 -0.0055646021466204867
leaf_weight=43 66 335 441 174 626 145 260 182 143 104 156 130 51 938
leaf_count=43 66 335 441 174 626 145 260 182 143 104 156 130 51 938
internal_value=-7.90514e-05 -0.00182252 -0.000943843 -0.00236183 -0.0040287 -0.0155556 0.00339823 0.00832822 0.0122093 0.0066899 0.000807175 0.00904918 -0.00149434 -0.00214286
internal_weight=3794 3143 2955 2514 1950 188 564 651 429 286 222 304 1324 1273
internal_count=3794 3143 2955 2514 1950 188 564 651 429 286 222 304 1324 1273
is_linear=0
shrinkage=0.03


Tree=55
num_leaves=15
num_cat=0
split_feature=82 67 3 0 15 81 83 7 22 3 81 68 83 69
split_gain=57.6409 40.3674 33.9754 25.6614 28.1586 25.5059 29.5674 21.6172 15.6952 15.1254 15.0153 14.6802 20.8616 14.5733
threshold=-39.674277702967323 -184.14710521099093 20.458333333343038 -22.499999999999996 34.500000000000007 5387.595426917077 -11.965709447860716 2215.0466277858545 7.9433181285858163 13.125000000000002 5907.5514587163934 0.11381740042902601 94.882938146591201 -26.217636904650558
decision_type=8 8 2 2 2 8 8 10 2 2 8 8 8 10
left_child=3 9 5 -1 13 6 -3 8 -4 -2 -7 12 -9 -5
right_child=1 2 7 4 -6 10 -8 11 -10 -11 -12 -13 -14 -15
leaf_value=-1.5077082297958222 -0.0022604718696660519 -0.0638896980865261 0.68709951428800509 0.0079551408414775433 0.2970509151165982 -0.62731036457287925 0.73928274793441318 -0.23387272161417411 -1.2191844719943163 -2.2803606212700829 -0.032193989799017927 3.1688824528164794 2.3410544215537525 -0.98472330055316615
leaf_weight=215 41 308 48 131 64 52 494 78 41 81 1807 152 84 216
leaf_count=215 41 308 48 131 64 52 494 78 41 81 1807 152 84 216
internal_value=-0.000393391 0.00124255 0.00191843 -0.00870813 -0.00429612 0.000687453 0.00515567 0.0100248 -0.003 -0.0156098 -0.00124194 0.0137143 0.00736196 -0.00767241
internal_weight=3812 3186 3064 626 411 2661 802 403 89 122 1859 314 162 347
internal_count=3812 3186 3064 626 411 2661 802 403 89 122 1859 314 162 347
is_linear=0
shrinkage=0.03


Tree=56
num_leaves=15
num_cat=0
split_feature=0 80 82 28 30 29 17 16 35 4 3 39 8 8
split_gain=52.796 32.9511 32.1943 29.1084 28.581 28.3986 26.8972 29.2928 23.8394 19.7034 19.7845 17.9994 17.8725 27.3996
threshold=-19.499999999999996 105.73080992698671 -56.8056052327156 223.50000000000003 20.050000000000004 0.95657137184832253 48.000000000000007 40.500000000000007 12.763389409817982 5.5000000000000009 15.375000000000002 1842.0375393161669 1.2425907847941586 4.0843675692498751
decision_type=2 10 8 2 10 10 2 2 8 2 2 10 10 10
left_child=2 3 -1 6 -4 8 7 12 -3 -5 11 -11 -2 -14
right_child=1 5 4 9 -6 -7 -8 -9 -10 10 -12 -13 13 -15
leaf_value=-1.4262750061067013 0.30113114902896626 2.3665336178497713 -0.0019070106624131087 -0.19945398146231128 -0.9683914427450282 -0.32019552695941539 0.31323292360517146 -1.5758166949096732 0.50587437649026457 0.80538496734749365 0.83250316656927881 -0.12938868655727304 -0.48212647293615635 0.0086143341461084981
leaf_weight=182 184 219 536 198 204 97 97 58 318 108 292 276 500 543
leaf_count=182 184 219 536 198 204 97 97 58 318 108 292 276 500 543
internal_value=-0.000188828 0.0018056 -0.00643554 0.000106336 -0.00364372 0.00784252 -0.00260304 -0.00375583 0.010539 0.00438857 0.00682422 0.00233766 -0.00276059 -0.00428161
internal_weight=3812 2890 922 2256 740 634 1382 1285 537 874 676 384 1227 1043
internal_count=3812 2890 922 2256 740 634 1382 1285 537 874 676 384 1227 1043
is_linear=0
shrinkage=0.03


Tree=57
num_leaves=15
num_cat=0
split_feature=53 84 0 67 31 7 35 0 67 28 81 48 57 80
split_gain=65.29 41.6836 32.2234 32.7208 26.5358 25.0434 24.5932 23.6717 19.6976 19.1898 21.1401 18.0926 18.0792 17.7082
threshold=7.5000000000000009 53.129394690195731 98.500000000000014 448.47620174288755 13.074285714285717 4551.8125488102496 24.324405149934808 -23.499999999999996 306.87552200754493 250.50000000000003 3679.0364328622823 179.00297387441 7.5000000000000009 67.693006038665786
decision_type=8 8 2 10 8 10 8 2 10 2 8 8 8 8
left_child=1 7 8 5 -3 6 13 -1 9 10 -2 -12 -11 -4
right_child=2 4 3 -5 -6 -7 -8 -9 -10 12 11 -13 -14 -15
leaf_value=-1.4454811885624124 0.39152060607325018 0.46676693930567331 -0.096790485454647024 3.1249652423244658 -0.40365055788610588 2.8149045397871673 -0.78449334514553126 -0.42371694487719175 -0.7181331446724134 -0.030387100277408638 -0.16752322773337622 0.033416706537120887 0.50738199112834581 1.334405552866917
leaf_weight=318 225 352 222 130 265 87 56 492 45 123 787 186 184 326
leaf_count=318 225 352 222 130 265 87 56 492 45 123 787 186 184 326
internal_value=-7.89681e-05 -0.00514706 0.00297218 0.00777372 0.000728155 0.00515896 0.00297521 -0.00961776 0.000425532 0.00101594 -0.000700584 -0.00261807 0.00769481 0.00491803
internal_weight=3798 1427 2371 821 617 691 604 810 1550 1505 1198 973 307 548
internal_count=3798 1427 2371 821 617 691 604 810 1550 1505 1198 973 307 548
is_linear=0
shrinkage=0.03


Tree=58
num_leaves=15
num_cat=0
split_feature=85 0 76 85 52 26 66 3 81 3 13 66 26 14
split_gain=65.4732 38.6271 27.6746 27.8499 27.5446 30.0183 25.9602 22.799 19.9032 18.6165 15.8835 17.7152 15.3565 13.857
threshold=-28.389277736345928 162.50000000000003 3924.4588472843175 239.11364448070529 263.81153070926672 133.50000000000003 227.86460089683536 16.291666666656969 3259.223057866097 9.6250000000000018 90.000000000000014 16.097652196884159 108.50000000000001 360.21335510520356
decision_type=8 2 8 8 10 2 8 2 8 2 8 8 2 10
left_child=4 8 12 -4 5 -1 7 -7 9 -2 13 -12 -3 -10
right_child=1 2 3 -5 -6 6 -8 -9 10 -11 11 -13 -14 -15
leaf_value=-0.98704770348298732 -0.15478162651541033 -0.51305338471181894 0.91385804689210426 3.1438862523268138 0.12437853057544151 -2.1539135957516913 0.96298316574923182 0.13742379826852805 -0.0075412462531689777 1.9648854248168617 -0.68182897379113783 -0.030267537420809218 0.67175934703617757 0.33564160997539572
leaf_weight=607 52 88 199 221 191 62 49 47 577 109 262 980 95 282
leaf_count=607 52 88 199 221 191 62 49 47 577 109 262 980 95 282
internal_value=-0.000416013 0.00185276 0.00859272 0.0128266 -0.00721003 -0.00975196 0.00188679 -0.00627273 5.3027e-05 0.0101852 -0.000727878 -0.00289622 -0.0011413 0.00240698
internal_weight=3821 2865 603 420 956 765 158 109 2262 161 2101 1242 183 859
internal_count=3821 2865 603 420 956 765 158 109 2262 161 2101 1242 183 859
is_linear=0
shrinkage=0.03


Tree=59
num_leaves=15
num_cat=0
split_feature=60 0 0 82 80 74 41 81 8 36 36 82 65 32
split_gain=54.4292 38.827 29.0739 25.7405 21.3139 29.3879 19.8121 17.4359 16.9579 16.0641 15.937 18.3146 14.7951 14.7619
threshold=-77.695678949356065 164.50000000000003 -21.499999999999996 31.189114729563396 89.95680952072145 2208.373052876666 -121.0036220550537 4792.6585782766351 5.2833550475710256 0.46225071225071229 0.19378911892152145 115.64123360315959 0.97269956241411004 0.14495798319327732
decision_type=8 2 2 10 8 10 10 10 8 10 10 10 10 8
left_child=2 3 7 8 -3 9 -5 -1 -2 -6 11 -8 13 -12
right_child=1 4 -4 6 5 -7 10 -9 -10 -11 12 -13 -14 -15
leaf_value=-0.87053600759653771 -0.21819162560282418 0.077181913449778886 0.36328037191020957 1.5732079719023766 2.5662246832021474 -0.29852702993419167 0.10519594439354904 -1.6538580520868247 0.061795814215674968 0.1485464778326531 2.1256242366093674 -0.51129282849595326 -0.29259860699499562 0.41303515833206461
leaf_weight=102 1363 274 44 40 271 44 154 189 397 52 63 105 160 528
leaf_count=102 1363 274 44 40 271 44 154 189 397 52 63 105 160 528
internal_value=-0.000348561 0.000773465 -0.011875 -0.000747065 0.00742991 0.0121467 0.0029686 -0.0153082 -0.00296422 0.0152778 0.0021365 -0.00426923 0.0043484 0.00653716
internal_weight=3786 3451 335 2810 641 367 1050 291 1760 323 1010 259 751 591
internal_count=3786 3451 335 2810 641 367 1050 291 1760 323 1010 259 751 591
is_linear=0
shrinkage=0.03


Tree=60
num_leaves=15
num_cat=0
split_feature=0 39 3 80 53 56 41 65 0 25 80 84 64 65
split_gain=52.1128 40.7311 39.7205 31.039 23.2303 22.9723 22.4173 22.7478 19.6086 18.3172 18.938 18.2935 17.9848 16.6556
threshold=-25.499999999999996 2160.097873081073 20.958333333343038 -126.84077084064482 12.500000000000002 -5.2860964139302569 -137.87410676479337 0.80692708644322064 82.500000000000014 0.91445993031358896 3.1373730897903447 44.080124417940787 6.885785250499656 1.1058081830075566
decision_type=2 10 2 8 10 10 8 8 2 10 8 10 10 10
left_child=1 3 6 -1 -4 -3 -2 8 -8 10 -9 13 -11 -5
right_child=2 5 4 11 -6 -7 7 9 -10 12 -12 -13 -14 -15
leaf_value=-1.8747274783071204 2.931143985129915 -1.4693143285067516 0.94926929060188536 -0.095356397184426414 5.2251736819788039 0.27809528879232293 -0.33510502693437311 -0.44376100689660036 1.8226055637068272 0.14082769017715727 -0.02953432144320137 0.45674965395125028 -0.52149328933828487 -1.6042423105242201
leaf_weight=69 44 237 295 288 52 42 40 335 123 1132 916 178 58 49
leaf_count=69 44 237 295 288 52 42 40 335 123 1132 916 178 58 49
internal_value=-0.000279865 -0.00677083 0.00159212 -0.00225641 0.0111207 -0.0161786 0.000339751 -2.30326e-05 0.0107927 -0.000749386 -0.00328275 0.000290698 0.00191436 -0.00381657
internal_weight=3858 863 2995 584 347 279 2648 2604 163 2441 1251 515 1190 337
internal_count=3858 863 2995 584 347 279 2648 2604 163 2441 1251 515 1190 337
is_linear=0
shrinkage=0.03


Tree=61
num_leaves=15
num_cat=0
split_feature=29 41 81 83 65 71 65 27 62 34 4 8 59 28
split_gain=47.9093 34.9508 32.6491 30.9076 24.2278 24.1644 17.6558 20.7272 17.5027 21.6921 16.6892 15.4756 16.9841 16.4453
threshold=0.90591147350029133 4.6045364141464242 3500.4149638414387 67.002626419067397 0.80692708644322064 10.500000000000002 0.95251625151708252 0.99790794979079511 -0.11362107349295415 0.17883795309168446 9.5000000000000018 4.1462990685532128 122.44134294986726 212.50000000000003
decision_type=10 8 8 10 8 8 10 10 8 10 2 8 8 2
left_child=1 2 -1 4 -2 -6 7 -5 -7 -10 -4 12 13 -3
right_child=3 11 10 6 5 8 -8 -9 9 -11 -12 -13 -14 -15
leaf_value=0.42158899404651767 1.5460074714396976 -0.45243565626985088 -0.84561172678805241 1.5263143037976674 -0.35532127377200423 0.65685851422902175 -0.020213626318871292 -0.73868523233071892 0.96218201773313772 -0.092239239171309037 0.068677368122832538 0.058310829087668575 0.17906765263517679 0.20927292536077166
leaf_weight=52 125 300 664 269 448 149 126 41 133 742 48 511 69 85
leaf_count=52 125 300 664 269 448 149 126 41 133 742 48 511 69 85
internal_value=-0.000717513 -0.00438728 -0.00917647 0.00240413 0.000469337 -0.000610998 0.00947368 0.0133119 0.00193171 0.000308219 -0.0108555 -0.000590062 -0.00461538 -0.00707254
internal_weight=3762 1729 764 2033 1597 1472 436 310 1024 875 712 965 454 385
internal_count=3762 1729 764 2033 1597 1472 436 310 1024 875 712 965 454 385
is_linear=0
shrinkage=0.03


Tree=62
num_leaves=15
num_cat=0
split_feature=80 65 28 45 30 42 81 39 81 77 83 42 61 33
split_gain=42.3662 28.6205 28.0462 26.2469 24.1181 25.2276 17.9677 19.3897 17.3808 19.3003 17.1872 15.1708 16.4055 16.0982
threshold=-20.287330508232113 0.84669820122953965 250.50000000000003 12.500000000000002 13.65 -112.9021781682968 3605.8852480649953 4777.0235039493837 8584.5142171382922 -251.29376238584516 7.0478394031524667 -208.83164739608762 0.38436813167599282 0.28809523809523813
decision_type=8 8 2 10 10 8 8 8 10 8 8 8 10 8
left_child=2 -2 3 8 6 -6 10 11 9 -1 -3 -8 -13 -14
right_child=1 4 -4 -5 5 -7 7 -9 -10 -11 -12 12 13 -15
leaf_value=-1.4488268041254562 1.4434765524226887 0.087668263412150588 0.13861187332788735 0.39609815401477649 -1.7423435058131338 -0.04086107171865546 1.7755577418205002 0.72113707245790226 -1.7180391411666081 -0.2023895620775665 0.88467465054870786 -0.10905775024303864 0.85945110498602106 0.12676142822259373
leaf_weight=126 258 73 192 43 71 1068 54 121 207 359 120 831 88 230
leaf_count=126 258 73 192 43 71 1068 54 121 207 359 120 831 88 230
internal_value=5.4659e-05 0.0018319 -0.00552802 -0.00819293 0.000903274 -0.00239474 0.00337945 0.0021283 -0.00961039 -0.00648148 0.0119072 0.000971761 0.000234783 0.00601881
internal_weight=3841 2914 927 735 2656 1139 1517 1324 692 485 193 1203 1149 318
internal_count=3841 2914 927 735 2656 1139 1517 1324 692 485 193 1203 1149 318
is_linear=0
shrinkage=0.03


Tree=63
num_leaves=15
num_cat=0
split_feature=82 0 67 53 84 25 3 74 3 39 0 69 3 13
split_gain=48.0179 37.6789 27.9421 25.7417 23.3847 18.7041 17.2883 16.7261 15.2367 15.7853 22.1294 21.7434 21.1508 18.6943
threshold=-47.762747804323823 202.50000000000003 -188.17690091729165 7.5000000000000009 114.86326964696251 0.9140394088669952 10.125000000000002 1620.4224805519323 21.041666666656969 2396.2808199483848 -31.499999999999996 -239.52866626835137 5.4583333333430355 150.00000000000003
decision_type=8 2 8 10 10 10 2 10 2 10 2 8 2 8
left_child=3 2 -2 5 8 -1 -6 -3 9 11 -11 -4 -13 -14
right_child=1 7 4 -5 6 -7 -8 -9 -10 10 -12 12 13 -15
leaf_value=-1.5827771111813613 -1.4713751597427309 1.6457462372716818 1.0027824783536896 -0.02449331114309029 -0.91397671720884921 -0.51918612881985515 0.9218163879352953 -0.22887521313684725 1.1236828536412564 -0.86807321771082491 -0.077342340868666537 -0.67548617781050835 0.11958985226840881 -0.22458221694473796
leaf_weight=186 120 375 70 227 44 177 275 44 167 117 770 78 903 258
leaf_count=186 120 375 70 227 44 177 275 44 167 117 770 78 903 258
internal_value=-0.000464323 0.000977654 -0.000278273 -0.00832487 0.000357808 -0.0132692 0.00796875 0.00935714 -0.000672589 -0.00133819 -0.00442568 0.000755725 -0.000169355 0.000851979
internal_weight=3811 3221 2802 590 2682 363 319 419 2363 2196 887 1309 1239 1161
internal_count=3811 3221 2802 590 2682 363 319 419 2363 2196 887 1309 1239 1161
is_linear=0
shrinkage=0.03


Tree=64
num_leaves=15
num_cat=0
split_feature=60 0 76 83 83 81 73 26 77 80 29 77 15 83
split_gain=56.9082 35.9564 36.2435 27.8435 21.1139 40.2916 17.2351 23.3126 15.2663 14.6584 14.0684 16.6237 12.8687 12.2037
threshold=-77.695678949356065 252.50000000000003 -71.801445722579942 94.882938146591201 110.04707741737367 4747.6293251514444 5.0071309804916391 133.50000000000003 -289.75356954336161 -14.513577699661253 0.92633618931048567 -128.32459855079648 25.500000000000004 5.2649759054183969
decision_type=8 2 10 10 10 10 8 2 8 10 10 10 2 8
left_child=3 4 -3 -1 6 -6 7 -2 12 -4 11 -7 13 -8
right_child=1 2 9 -5 5 10 8 -9 -10 -11 -12 -13 -14 -15
leaf_value=-1.6372311836566145 -0.51821513323525736 2.7975483486437462 -0.30777124253812188 0.15612949257485695 1.4855083129891797 0.57096211541703779 -1.3713415452867646 0.29904454313536688 0.030803586613411791 0.64081810618207047 0.7423055170871653 -0.62166856414397342 0.10078056070912111 -0.23460945059686744
leaf_weight=263 393 219 81 63 132 57 70 78 2204 43 110 93 43 62
leaf_count=263 393 219 81 63 132 57 70 78 2204 43 110 93 43 62
internal_value=0.00023773 0.00133017 0.0105523 -0.0117431 0.000351526 0.00687023 -0.000547176 -0.0057839 0.000491597 -0.0024 0 -0.00596026 -0.00801136 -0.0126316
internal_weight=3911 3585 343 326 3242 392 2850 471 2379 124 260 150 175 132
internal_count=3911 3585 343 326 3242 392 2850 471 2379 124 260 150 175 132
is_linear=0
shrinkage=0.03


Tree=65
num_leaves=15
num_cat=0
split_feature=0 60 3 41 39 65 25 20 60 30 0 59 83 51
split_gain=57.5693 26.9861 24.6358 27.0274 21.6544 18.7439 19.2017 18.4987 19.6894 17.4367 16.9419 16.9935 16.9327 16.2005
threshold=-25.499999999999996 -77.695678949356065 20.958333333343038 -137.87410676479337 1743.9984505066507 0.89284667835951104 0.907192075796727 477.52777552604681 333.51981353759771 19.750000000000004 56.500000000000007 5.5386700630187997 35.384360194206245 416.07784903049475
decision_type=2 8 2 8 10 8 10 10 8 10 2 10 8 8
left_child=1 4 3 -2 12 10 13 8 -4 -3 11 -5 -1 -7
right_child=2 9 7 5 -6 6 -8 -9 -10 -11 -12 -13 -14 -15
leaf_value=-1.5552374078910036 2.7220466823888274 -0.010810315946092696 1.0019283289747054 -0.5514329356454698 -1.7620620438905883 -0.14793086504025899 0.10528057416337085 -0.34893406443387287 2.431935988784065 -0.90327599833325922 1.0868579812791628 0.38261802119291566 0.26994262808893199 0.011904146291395419
leaf_weight=84 50 442 194 40 135 907 1183 49 109 143 277 56 80 76
leaf_count=84 50 442 194 40 135 907 1183 49 109 143 277 56 80 76
internal_value=-0.000274438 -0.00698305 0.00174371 0.00072973 -0.0143 0.000295276 -0.000775265 0.00917847 0.0119408 -0.00322526 0.00649733 -0.0043299 -0.00690909 -0.00387195
internal_weight=3825 884 2941 2589 299 2539 2166 352 303 585 373 96 164 983
internal_count=3825 884 2941 2589 299 2539 2166 352 303 585 373 96 164 983
is_linear=0
shrinkage=0.03


Tree=66
num_leaves=15
num_cat=0
split_feature=45 27 0 65 28 45 39 3 84 80 65 46 3 76
split_gain=52.4306 27.5237 26.168 22.8174 21.6817 24.0428 21.2744 27.705 20.0244 18.3522 15.346 14.0573 14.0942 13.5499
threshold=7.5000000000000009 0.90533428165007124 75.500000000000014 0.80692708644322064 204.50000000000003 12.500000000000002 2500.476732939971 15.541666666656967 6.2300515572230024 161.66694748401645 1.1347892233020838 690.00000000000011 5.9583333333430355 261.49220442771917
decision_type=8 10 2 8 2 8 10 2 8 10 10 10 2 8
left_child=1 -1 11 -4 5 13 -6 -8 -9 10 -3 -2 -13 -5
right_child=2 9 3 4 6 -7 7 8 -10 -11 -12 12 -14 -15
leaf_value=-0.70100452129459223 0.10066316695995065 -0.039867654189317529 2.0971552588183653 -0.49747639948911349 1.7098293115488985 5.2253767734772243 -0.41410017931077042 -0.52380679153525356 2.1567727656970441 1.4668980908373133 -2.1989180158290336 -0.39034788816085109 -0.013398626711526944 -0.040537751159760514
leaf_weight=585 418 654 148 44 187 41 147 42 78 62 43 129 917 326
leaf_count=585 418 654 148 44 187 41 147 42 78 62 43 129 917 326
internal_value=-0.00022763 -0.00499628 0.00236077 0.00606509 0.00419169 -0.000800971 0.0087033 0.00324627 0.0138843 -0.00122368 -0.00262178 -0.000204778 -0.00206304 -0.0032345
internal_weight=3821 1344 2477 1013 865 411 454 267 120 759 697 1464 1046 370
internal_count=3821 1344 2477 1013 865 411 454 267 120 759 697 1464 1046 370
is_linear=0
shrinkage=0.03


Tree=67
num_leaves=15
num_cat=0
split_feature=67 82 74 3 3 81 45 80 77 81 84 4 73 74
split_gain=41.654 30.2075 28.1884 24.6308 28.0948 25.5428 22.9754 19.3671 17.4426 16.4921 15.7816 14.8183 16.4587 13.9817
threshold=-55.596454648595142 -36.262559056282036 2293.2492002996983 20.458333333343038 23.125000000000004 58337.763437628753 8.5000000000000018 107.45434272289278 -90.032415628433213 1546.7510825395586 -95.042599201202378 8.5000000000000018 45.788704395294197 70.875662840240963
decision_type=8 8 10 2 2 8 10 8 10 8 10 2 10 10
left_child=11 6 3 9 7 -6 8 10 -2 -3 -5 12 -1 -11
right_child=1 2 -4 4 5 -7 -8 -9 -10 13 -12 -13 -14 -15
leaf_value=-1.3113261969729222 -0.93123733128576525 2.6091769810274146 -0.26691577690069812 -0.8283228094854822 -0.69860217709006689 2.2074125631174213 0.1004433896913552 3.306361459802865 0.20016335777476044 0.0085271268938550363 1.4531684321285363 -0.022719019757893689 0.29107443892547513 0.4465689736843933
leaf_weight=329 276 44 142 44 55 52 172 158 63 1796 56 177 45 418
leaf_count=329 276 44 142 44 55 52 172 158 63 1796 56 177 45 418
internal_value=-3.9185e-05 0.00124504 0.00248373 0.00318979 0.0104098 -0.0025 -0.00544922 0.0157529 -0.00997059 0.00201859 0.00534653 -0.00766304 -0.01104 0.00165237
internal_weight=3827 3276 2765 2623 365 107 511 258 339 2258 100 551 374 2214
internal_count=3827 3276 2765 2623 365 107 511 258 339 2258 100 551 374 2214
is_linear=0
shrinkage=0.03


Tree=68
num_leaves=15
num_cat=0
split_feature=0 39 82 0 75 83 52 24 17 17 60 75 39 61
split_gain=48.2182 34.0744 28.1605 27.6842 36.4138 20.3371 19.9634 18.3544 16.4075 19.4642 14.678 20.0141 14.5958 13.1386
threshold=-23.499999999999996 2160.097873081073 -54.631650884946175 271.50000000000006 1824.0000000000002 58.953629374504096 634.94407558441173 26.500000000000004 26.500000000000004 44.000000000000007 -118.70768964290617 856.86213755607616 1207.2668174118776 0.76063033810534197
decision_type=2 10 8 2 8 10 8 2 2 2 10 8 10 8
left_child=1 2 -1 5 7 13 -3 -5 -7 12 11 -4 -10 -2
right_child=3 6 10 4 -6 8 -8 -9 9 -11 -12 -13 -14 -15
leaf_value=-1.3818810257860816 -0.12007192586080115 -1.2790216581850247 0.44706235288624063 -0.71703661756314374 2.7968744142774637 1.6089358426674292 0.14544362677576278 0.29778025660840968 0.7572665607881397 0.55905243978090613 0.39672865968822624 -0.74109168148812088 -0.23080452286082126 0.021968484505674426
leaf_weight=125 1168 235 83 41 183 158 40 55 86 113 260 136 185 920
leaf_count=125 1168 235 83 41 183 158 40 55 86 113 260 136 185 920
internal_value=-0.000221694 -0.006375 -0.00238017 0.00163918 0.0106071 0.000684151 -0.0151087 -0.0043299 0.00585635 0.00249351 0.0009375 -0.00477273 -0.001875 -0.000660603
internal_weight=3788 879 604 2909 279 2630 275 96 542 384 479 219 271 2088
internal_count=3788 879 604 2909 279 2630 275 96 542 384 479 219 271 2088
is_linear=0
shrinkage=0.03


Tree=69
num_leaves=15
num_cat=0
split_feature=0 0 76 30 67 83 77 27 3 77 34 77 4 39
split_gain=40.6203 30.3226 37.2969 27.1302 22.795 20.7015 25.0987 19.2829 18.5531 14.3019 14.3742 13.2091 14.569 12.2332
threshold=-27.499999999999996 304.50000000000006 -71.801445722579942 20.050000000000004 -184.14710521099093 110.04707741737367 -291.74999999999994 0.89341222879684434 15.375000000000002 -69.801007568836198 0.20568090249798551 40.936418890953071 8.5000000000000018 2119.2041862142355
decision_type=2 2 10 10 8 10 8 10 2 8 8 10 2 10
left_child=3 5 -3 4 -1 6 8 -7 -2 -6 -11 12 -8 -5
right_child=1 2 -4 13 9 7 11 -9 -10 10 -12 -13 -14 -15
leaf_value=-1.3680472966898805 -0.043830317404662505 3.8057910094968435 -0.16378224733536484 -0.71293332828647105 -0.32272528284842567 -0.10226188159324501 0.0031726541619859073 0.89791928564867585 -1.3554641293329059 -0.59813972196415655 0.7072484134986442 -0.2570404664556501 0.29291395280846422 -1.6718444289721492
leaf_weight=103 81 148 71 116 343 85 1614 253 84 45 124 257 412 111
leaf_count=103 81 148 71 116 343 85 1614 253 84 45 124 257 412 111
internal_value=5.45738e-05 0.00168663 0.0124091 -0.00576512 -0.00248377 0.000839612 -0.000122499 0.00778761 -0.0113855 0.000116959 0.00723529 0.000696147 0.00150962 -0.0146053
internal_weight=3847 3005 219 842 615 2786 2448 338 165 512 169 2283 2026 227
internal_count=3847 3005 219 842 615 2786 2448 338 165 512 169 2283 2026 227
is_linear=0
shrinkage=0.03


Tree=70
num_leaves=15
num_cat=0
split_feature=82 0 39 70 65 28 38 77 13 3 20 3 14 77
split_gain=48.5705 36.578 25.8463 22.6213 22.5904 21.0454 19.9589 19.3894 17.2077 16.6351 16.4874 16.4838 16.1297 14.9796
threshold=-8.5624464352925589 202.50000000000003 2345.9196444808044 0.91287878787878796 0.894064199951634 217.50000000000003 2162.0721638766136 -95.138040244579301 150.00000000000003 15.541666666656967 862.4528832435609 14.958333333343036 652.51637751033195 -141.5755937695503
decision_type=8 2 10 8 10 2 8 8 8 2 8 2 10 10
left_child=3 2 8 6 9 7 -1 -5 -2 -4 -10 -7 -8 -13
right_child=1 -3 4 5 -6 11 12 -9 10 -11 -12 13 -14 -15
leaf_value=0.84944985909740411 0.24123219739470481 1.4024855477949696 -0.098010076120824297 -1.3236085792068897 -0.39604541422174794 -0.69498787017045005 -0.45809753736305364 -0.26857655227861627 0.15391249334732454 0.33036496456070791 -0.68384746358367532 -0.025591290888323119 0.35317126382178965 1.1101797613382867
leaf_weight=45 1216 396 381 312 432 132 96 151 160 186 148 109 40 42
leaf_count=45 1216 396 381 312 432 132 96 151 160 186 148 109 40 42
internal_value=-0.000389914 0.00151027 0.000178288 -0.00636853 -0.00357 -0.0086747 0.00313187 -0.0126078 0.00263607 0.000369718 -0.00368932 -0.00221831 -0.00262774 0.00453947
internal_weight=3846 2919 2523 927 999 746 181 463 1524 567 308 283 136 151
internal_count=3846 2919 2523 927 999 746 181 463 1524 567 308 283 136 151
is_linear=0
shrinkage=0.03


Tree=71
num_leaves=15
num_cat=0
split_feature=60 81 8 3 3 28 60 3 15 79 64 81 81 77
split_gain=34.9829 23.0433 23.3522 27.6048 24.8142 27.5286 22.1036 25.2111 31.2821 21.7342 20.892 20.1372 25.0677 17.0307
threshold=-77.695678949356065 1587.2678377628329 4.6976593661439443 16.041666666656969 0.87500000000000011 256.50000000000006 713.92004549503338 17.291666666656969 30.500000000000004 2300.2551001535121 4.4334419921958697 4062.2148548364644 6193.4521247148523 107.6919767856598
decision_type=8 8 10 2 2 2 10 2 2 8 8 8 8 8
left_child=-1 -2 4 11 -3 6 7 -6 9 -9 -7 -4 -13 -12
right_child=1 2 3 -5 5 10 -8 8 -10 -11 13 12 -14 -15
leaf_value=-0.67993039758051477 2.3532784527262094 -0.79032339171990185 0.8729078437788208 1.3004357914544398 -0.009541883002666153 -0.78285405484636317 0.7439080167524007 -0.73853948906795308 0.77890555312076104 0.13418154902721793 1.2396997949197111 -1.0472818539583668 0.032524867107136403 0.014486629903462127
leaf_weight=345 62 57 67 337 1370 86 126 443 57 50 196 75 467 120
leaf_count=345 62 57 67 337 1370 86 126 443 57 50 196 75 467 120
internal_value=0.000171029 0.00106716 0.000738702 0.00475185 -0.000778132 -0.000318497 -0.00172936 -0.00252993 -0.00794918 -0.0103846 0.00684864 0.000934426 -0.000994475 0.0104101
internal_weight=3858 3513 3451 946 2505 2448 2046 1920 550 493 402 609 542 316
internal_count=3858 3513 3451 946 2505 2448 2046 1920 550 493 402 609 542 316
is_linear=0
shrinkage=0.03


Tree=72
num_leaves=15
num_cat=0
split_feature=0 84 60 9 0 77 77 67 80 16 14 80 69 41
split_gain=50.2153 27.5811 29.1595 22.9253 25.5165 20.2088 20.0763 14.7 14.0518 16.2265 14.8323 13.9845 13.2762 13.0999
threshold=164.50000000000003 75.267496705055251 -60.906665444374077 330.00000000000006 355.00000000000006 -289.75356954336161 -243.40340566635129 115.64624951166259 95.561455726623549 22.500000000000004 310.81481067560577 -16.649368524551388 299.95441688568343 -85.930968284606919
decision_type=2 10 8 2 2 8 10 8 8 2 10 10 10 10
left_child=1 2 6 4 8 7 -1 -4 10 -10 -2 -5 13 -7
right_child=3 -3 5 11 -6 12 -8 -9 9 -11 -12 -13 -14 -15
leaf_value=-0.10635805033122736 1.0766307376843229 0.30058649666295911 -0.054676703133374215 -0.23639714518035687 4.448594427165478 0.15921299694246482 -1.6256773520513577 -0.88412556911978923 2.06848622589375 -0.15655787874806079 -0.41161450429949642 0.53869429670093416 -0.47723466581527729 -0.040766400430994651
leaf_weight=125 44 509 81 121 90 270 211 100 189 53 107 58 121 1760
leaf_count=125 44 509 81 121 90 270 211 100 189 53 107 58 121 1760
internal_value=-0.000179687 -0.00174638 -0.0029674 0.00733032 0.0107231 -0.00177454 -0.0112166 -0.0113736 0.00738579 0.0118519 0.000197368 -0.00183333 -0.000961896 -0.000384047
internal_weight=3839 3177 2668 662 483 2332 336 181 393 242 151 179 2151 2030
internal_count=3839 3177 2668 662 483 2332 336 181 393 242 151 179 2151 2030
is_linear=0
shrinkage=0.03


Tree=73
num_leaves=15
num_cat=0
split_feature=0 11 0 39 6 27 68 53 0 35 56 73 42 23
split_gain=41.5693 28.5065 27.4261 26.0863 22.3756 20.6492 21.0185 18.6774 15.5261 15.2917 14.805 14.2981 13.3672 13.3189
threshold=252.50000000000003 210.00000000000003 -20.499999999999996 2160.097873081073 690.00000000000011 0.90705980066445191 -0.015912462383346312 7.5000000000000009 355.00000000000006 15.306061224489797 5.2539614041646336 38.837323427200324 89.948773264884963 13.075762271881105
decision_type=2 2 2 10 10 10 10 10 2 10 10 10 10 8
left_child=2 8 3 7 11 9 12 -1 -2 -6 -5 13 -7 -4
right_child=1 -3 4 10 5 6 -8 -9 -10 -11 -12 -13 -14 -15
leaf_value=-0.40304934211684368 1.7991074650545353 -0.14063433825697511 0.06145978343276489 -1.0403457917759193 -0.21714344419301324 0.59645478543633457 -0.16709531437910841 0.25540204758412216 4.5148343218025184 -0.023540836035603592 0.1780805514053761 0.88913834904074007 -0.12299650065722588 0.17605588059105653
leaf_weight=439 134 112 781 258 343 333 363 181 88 365 41 54 155 179
leaf_count=439 134 112 781 258 343 333 363 181 88 365 41 54 155 179
internal_value=-0.000423308 0.00967164 -0.00139135 -0.00583696 0.000198135 -0.00205769 0.00109155 -0.00231884 0.0158744 -0.00583921 -0.0131 0.00366502 0.00515337 0.00280957
internal_weight=3826 334 3492 919 2573 1559 851 620 222 708 299 1014 488 960
internal_count=3826 334 3492 919 2573 1559 851 620 222 708 299 1014 488 960
is_linear=0
shrinkage=0.03


Tree=74
num_leaves=15
num_cat=0
split_feature=53 0 67 83 15 69 39 8 28 76 3 36 48 39
split_gain=36.7493 30.8479 28.6092 28.6591 26.1323 25.7272 22.7982 22.6157 20.3585 18.4488 17.6186 17.386 15.087 14.7806
threshold=7.5000000000000009 331.00000000000006 -184.14710521099093 35.384360194206245 34.500000000000007 -246.36992301137263 1695.4150407170443 3.7778498503170108 148.50000000000003 5773.4294601678857 15.958333333343036 0.64346246973365628 -3.9152094523111978 2364.198827776172
decision_type=8 2 8 8 2 10 10 8 2 8 2 8 8 10
left_child=2 6 -1 4 5 8 11 -8 -4 -3 13 -2 -13 -9
right_child=1 9 3 -5 -6 -7 7 10 -10 -11 -12 12 -14 -15
leaf_value=-1.6103658022058434 0.58806893548710526 -0.0049757837393282532 -0.39263038067054962 0.10866066791373211 0.27669668993840268 -0.86054646827203407 -0.41771968950519728 0.34665136820290671 1.5040277084077189 3.8534384041087764 0.40273534370656916 0.73110105625709176 -0.11225724484255019 -0.1193066056375091
leaf_weight=144 477 40 87 677 62 468 300 157 40 100 409 60 172 641
leaf_count=144 477 40 87 677 62 468 300 157 40 100 409 60 172 641
internal_value=-0.000187744 0.00213831 -0.00389452 -0.00251685 -0.00697568 -0.0089094 0.00127199 -0.00081565 0.00304688 0.0157447 0.00101821 0.00570423 -0.00103004 -0.00157697
internal_weight=3834 2356 1478 1334 657 595 2216 1507 127 140 1207 709 232 798
internal_count=3834 2356 1478 1334 657 595 2216 1507 127 140 1207 709 232 798
is_linear=0
shrinkage=0.03


Tree=75
num_leaves=15
num_cat=0
split_feature=0 75 81 65 24 82 3 62 27 65 79 3 16 7
split_gain=46.244 36.1797 29.8828 26.2631 25.9328 19.1617 16.404 15.3151 16.2432 15.2714 19.0618 16.2153 17.9771 15.0782
threshold=276.50000000000006 1824.0000000000002 1639.4267635345461 1.07625991853548 26.500000000000004 42.044564406077079 8.2083333333430364 -0.10432348843133279 0.9148111495959097 0.94045187478139392 275.37175887992549 5.7916666666569663 39.500000000000007 4484.0249221317981
decision_type=2 8 8 10 2 8 2 8 10 10 10 2 2 10
left_child=2 4 -1 5 -2 13 -5 8 -7 10 11 12 -9 -4
right_child=1 -3 3 6 -6 7 -8 9 -10 -11 -12 -13 -14 -15
leaf_value=1.9150966657725768 -0.99498978889240697 2.7677645769644696 -0.21941534937736859 0.19341757478748778 0.48226343086231527 0.062215382041036077 -0.61116200320373759 -0.27841796973150063 1.8527890459130987 -0.28750336137661692 -0.18482540753968896 0.31509367812372407 0.16225149610975498 0.53906617579249361
leaf_weight=82 44 179 1075 68 49 161 386 174 101 323 110 985 40 51
leaf_count=82 44 179 1075 68 49 161 386 174 101 323 110 985 40 51
internal_value=-0.000250718 0.0116484 -0.0011639 -0.00158849 -0.00351064 -0.000575968 -0.00830769 0.00126649 0.00798479 0.000183711 0.00162595 0.002725 -0.00474419 -0.00367347
internal_weight=3828 272 3556 3474 93 3020 454 1894 262 1632 1309 1199 214 1126
internal_count=3828 272 3556 3474 93 3020 454 1894 262 1632 1309 1199 214 1126
is_linear=0
shrinkage=0.03


Tree=76
num_leaves=15
num_cat=0
split_feature=45 0 29 0 69 6 80 70 56 27 83 7 82 41
split_gain=41.2857 29.7189 29.1891 25.2284 24.9426 22.5819 20.8201 18.8079 18.1059 25.6561 15.8882 15.3845 15.4997 14.8656
threshold=8.5000000000000018 -4.4999999999999991 0.89022934978753143 115.50000000000001 40.294756212683978 870.00000000000011 42.192313551902778 0.91987179487179505 -57.459388732910149 0.98373876255949244 -84.912016630172715 3004.4487682646454 -27.026342352231342 54.211368560791023
decision_type=8 2 10 2 10 10 8 8 10 10 10 10 10 10
left_child=1 2 11 8 -3 6 7 -5 9 -2 13 12 -1 -6
right_child=3 4 -4 5 10 -7 -8 -9 -10 -11 -12 -13 -14 -15
leaf_value=-1.5427665997114737 0.27329923933119615 0.26101295711762168 -0.10520217690565097 1.5854286427324353 -1.4409024706748328 -0.81046970731955781 1.7609786809497654 -0.71506564042139431 -0.041072492951811895 -0.52729778137711525 0.05492623383491816 -1.8737172290779245 -0.011099284072503117 -0.43581164333701589
leaf_weight=126 181 599 555 47 50 45 431 107 993 72 173 115 103 284
leaf_count=126 181 599 555 47 50 45 431 107 993 72 173 115 103 284
internal_value=-0.000193199 -0.00318544 -0.00723333 0.00300479 0.000108401 0.00789223 0.00947099 0 0.00052927 0.00767717 -0.00478346 -0.014087 -0.00952174 -0.00859701
internal_weight=3881 2005 899 1876 1106 630 585 154 1246 253 507 344 229 334
internal_count=3881 2005 899 1876 1106 630 585 154 1246 253 507 344 229 334
is_linear=0
shrinkage=0.03


Tree=77
num_leaves=15
num_cat=0
split_feature=0 11 65 83 82 77 79 74 56 48 77 35 7 65
split_gain=33.5948 28.3018 26.2281 19.2226 23.5152 23.3132 23.1937 19.9605 18.4735 16.8328 15.8659 14.9533 19.647 14.6957
threshold=252.50000000000003 210.00000000000003 1.07625991853548 -19.0755101442337 42.044564406077079 -291.74999999999994 55.482541578946446 72.732452031917504 -100.21961784362792 120.2729961872101 -150.20079201459882 21.32164562879851 3382.3923279573196 0.91611455720462287
decision_type=2 2 10 8 10 8 10 10 10 10 8 8 10 10
left_child=2 -2 3 5 -5 -1 7 11 -7 10 -10 12 -6 -14
right_child=1 -3 -4 4 6 8 -8 -9 9 -11 -12 -13 13 -15
leaf_value=-0.97605112918796644 2.5322588587723418 -0.11459475207295693 -0.60858871467819931 -0.01826167332451856 0.23976805785358066 -0.60599282083157902 -0.77727044413494528 1.2030464603927875 0.44118632698564969 -0.53377463595575425 -0.064010788022569112 -0.18586814808908694 3.0651654855988113 0.086856114200521056
leaf_weight=98 216 118 442 1384 408 78 43 133 153 218 370 66 89 45
leaf_count=98 216 118 442 1384 408 78 43 133 153 218 370 66 89 45
internal_value=-0.000302952 0.00877612 -0.00116497 -0.000184705 0.00135546 -0.00382353 0.00550318 0.00675202 -0.00215854 -0.000687332 0.00223282 0.0044335 0.00607735 0.016
internal_weight=3861 334 3527 3085 2168 917 784 741 819 741 523 608 542 134
internal_count=3861 334 3527 3085 2168 917 784 741 819 741 523 608 542 134
is_linear=0
shrinkage=0.03


Tree=78
num_leaves=15
num_cat=0
split_feature=3 28 63 53 77 77 53 29 68 17 80 7 3 61
split_gain=32.9822 21.626 23.4602 21.4668 21.1234 20.2414 26.7754 19.6699 19.3908 19.0131 18.5968 16.6194 29.9268 16.0004
threshold=20.958333333343038 217.50000000000003 73.15552321970145 10.500000000000002 115.06792348623277 -144.67806553840634 7.5000000000000009 0.91280560524746579 -0.12313566325715293 21.500000000000004 -63.927437663078301 3647.9658115381767 14.125000000000002 0.010462840610355307
decision_type=2 2 8 10 10 10 10 10 8 2 8 10 2 10
left_child=1 2 10 7 5 9 8 -2 -7 -3 -1 -8 -13 -6
right_child=3 4 -4 -5 13 6 11 -9 -10 -11 -12 12 -14 -15
leaf_value=-1.4480169960263394 -0.37364981540245501 0.79933607989635214 -0.015339326065335807 2.9684328453579027 0.00054185597406692222 2.1444562261716493 2.0363485067193872 0.78715538865954127 -0.71885228447453453 -0.04948382508209484 -0.17364905139727821 -0.76736071526224248 1.5974572906337554 -0.81853901144468644
leaf_weight=216 90 78 1265 135 69 40 190 167 124 635 652 62 40 64
leaf_count=216 90 78 1265 135 69 40 190 167 124 635 652 62 40 64
internal_value=-0.000446708 -0.00138824 -0.00324742 0.00778626 0.00165771 0.00294872 0.00787746 0.00267442 -0.00181818 -0.000210084 -0.00704258 0.0133106 0.00349515 -0.00962687
internal_weight=3827 3435 2133 392 1302 1169 456 257 164 713 868 292 102 133
internal_count=3827 3435 2133 392 1302 1169 456 257 164 713 868 292 102 133
is_linear=0
shrinkage=0.03


Tree=79
num_leaves=15
num_cat=0
split_feature=3 81 53 84 67 41 77 27 3 79 77 17 17 53
split_gain=27.9401 22.1609 19.0521 21.2829 18.9027 21.4421 20.7264 21.0316 18.4504 16.6114 16.0634 15.2457 20.7027 21.0163
threshold=20.958333333343038 1587.2678377628329 12.500000000000002 -84.765677094459519 -194.35756507515907 -141.44567322731015 107.6919767856598 0.91030061892130865 12.708333333343036 17.878144844068228 15.967813551425936 23.000000000000004 29.000000000000004 7.5000000000000009
decision_type=2 8 10 8 8 10 10 10 2 10 10 2 2 10
left_child=1 -1 3 -2 8 -6 7 10 -3 -5 -7 -9 13 -13
right_child=2 4 -4 9 5 6 -8 11 -10 -11 -12 12 -14 -15
leaf_value=2.0015739304443088 -1.3070047754165874 0.42275098438239522 3.6178454744379223 1.108548438162329 0.19529149293316997 -0.14545864683856752 -0.56540723344384525 -0.17770139087653092 -1.9253133889231411 -0.11158720975959649 0.29093665239777067 -0.074328740355311423 0.032303065460735317 1.5322877102043093
leaf_weight=52 57 44 53 219 253 1343 138 498 123 58 107 90 640 213
leaf_count=52 57 44 53 219 253 1343 138 498 123 58 107 90 640 213
internal_value=-0.000293134 -0.00113935 0.00734536 0.00465672 -0.00143478 -0.000932074 -0.00163366 -0.00108921 -0.01125 0.00809353 -0.00363887 0.00147712 0.00371822 0.0101645
internal_weight=3888 3501 387 334 3449 3282 3029 2891 167 277 1450 1441 943 303
internal_count=3888 3501 387 334 3449 3282 3029 2891 167 277 1450 1441 943 303
is_linear=0
shrinkage=0.03


Tree=80
num_leaves=15
num_cat=0
split_feature=0 20 67 42 81 82 70 81 36 31 6 60 28 63
split_gain=38.9513 27.8199 25.757 18.5083 17.1936 15.2046 19.1495 14.8763 14.737 17.4916 14.0496 19.0978 13.4293 15.0311
threshold=252.50000000000003 477.52777552604681 -157.29440929492313 -208.83164739608762 1613.2379046678545 -36.262559056282036 0.80625000000000013 8655.1340399980563 0.28856066613798576 10.402083333333335 690.00000000000011 545.25383734703075 204.50000000000003 242.5817613749619
decision_type=2 10 8 8 8 8 8 8 8 10 10 10 2 10
left_child=2 8 7 -4 -5 6 -6 -1 -2 -10 -7 12 -12 -14
right_child=1 -3 3 4 5 10 -8 -9 9 -11 11 -13 13 -15
leaf_value=-0.48673892944483271 2.9798601758249035 -0.18087997554532192 1.5181301798616222 1.9415267125309801 0.19147018922994924 0.090442062778912966 -0.59827796134767552 -1.70808479283862 2.0361468660889384 -0.55765048106944815 -0.18307835875508885 0.69540424838723691 0.15966879390277852 -0.58555073889881781
leaf_weight=143 119 73 55 58 71 1069 467 99 87 60 815 102 511 93
leaf_count=143 119 73 55 58 71 1069 467 99 87 60 815 102 511 93
internal_value=-0.000251112 0.00944118 -0.0011969 -0.000490438 -0.000790712 -0.001093 -0.00567718 -0.0106173 0.0139326 0.0075 -0.000138942 -0.0019908 -0.00289437 0.000495868
internal_weight=3822 339 3483 3241 3186 3128 538 242 266 147 2590 1521 1419 604
internal_count=3822 339 3483 3241 3186 3128 538 242 266 147 2590 1521 1419 604
is_linear=0
shrinkage=0.03


Tree=81
num_leaves=15
num_cat=0
split_feature=0 84 77 81 4 43 52 28 49 81 39 81 77 29
split_gain=38.2912 25.5541 21.8452 21.5398 21.4669 18.3948 27.9216 20.5612 21.1562 16.9122 13.9217 13.6781 12.9971 12.0306
threshold=164.50000000000003 82.464502930641189 -244.4408195018768 3335.218719363213 7.5000000000000009 569.51409323227188 239.31470417976382 249.50000000000003 8.5000000000000018 3481.2394716739659 4512.7353701189886 7275.1010299921045 -167.721780359745 0.9400460829493088
decision_type=2 10 8 10 2 10 10 2 10 8 8 10 10 10
left_child=1 5 -2 -3 13 7 12 8 10 -10 -1 -9 -7 -4
right_child=2 3 4 -5 -6 6 -8 11 9 -11 -12 -13 -14 -15
leaf_value=-0.056454205757821674 -0.55248368263083758 2.1022105286525203 -0.057794206259185452 0.13336004447102223 1.9823261792778102 -0.19937450199305737 0.0101723244280209 0.11327344340721929 0.66079319477254594 -0.57458623072032755 0.74635161297300601 0.77852891268673907 -0.8637252291188463 0.60260134438237578
leaf_weight=965 54 59 244 386 257 189 253 341 45 526 54 74 229 96
leaf_count=965 54 59 244 386 257 189 253 341 45 526 54 74 229 96
internal_value=-0.000492976 -0.0018738 0.00611963 0.00477578 0.00777592 -0.00298095 -0.00727679 -0.00154038 -0.00309239 -0.00770979 -0.0005 0.00439904 -0.0120286 0.00281525
internal_weight=3772 3121 651 445 597 2676 671 2005 1590 571 1019 415 418 340
internal_count=3772 3121 651 445 597 2676 671 2005 1590 571 1019 415 418 340
is_linear=0
shrinkage=0.03


Tree=82
num_leaves=15
num_cat=0
split_feature=67 4 67 83 31 28 64 70 84 4 4 65 80 70
split_gain=29.611 21.019 20.9823 20.8586 24.0407 23.0681 21.33 16.8496 21.596 15.0298 13.5026 12.9813 12.6286 13.7452
threshold=-184.14710521099093 8.5000000000000018 448.47620174288755 -54.973499894142144 17.30714285714286 208.50000000000003 3.8792191999208128 0.88562091503267981 3.231938481330872 8.5000000000000018 6.5000000000000009 0.88109221561552475 -203.66100168228147 0.83974358974358987
decision_type=8 2 10 8 8 2 8 10 10 2 2 8 10 8
left_child=9 2 3 12 5 7 -6 8 -5 -1 -7 -8 -2 -14
right_child=1 -3 -4 4 6 10 11 -9 -10 -11 -12 -13 13 -15
leaf_value=-1.9384091011405526 0.19689765855722463 0.23257903766537019 1.7139445222249363 -0.089241976066770451 -1.1241485057107508 0.057274886009805355 1.3666571417627629 -0.21063755215267785 1.1671139895346878 0.032036175544281634 0.77757369193719161 -0.11120896436859147 0.1533880840176236 -0.55052634029563552
leaf_weight=121 87 789 91 205 40 193 41 344 124 64 362 669 84 551
leaf_count=121 87 789 91 205 40 193 41 344 124 64 362 669 84 551
internal_value=-0.000103558 0.000502653 -0.000719914 -0.00119956 0.000394138 0.00297803 -0.00383489 -0.000756677 0.00409091 -0.0117742 0.0075 -0.00261603 -0.00556017 -0.0070283
internal_weight=3765 3580 2791 2700 1978 1228 750 673 329 185 555 710 722 635
internal_count=3765 3580 2791 2700 1978 1228 750 673 329 185 555 710 722 635
is_linear=0
shrinkage=0.03


Tree=83
num_leaves=15
num_cat=0
split_feature=0 64 83 81 0 13 77 58 27 43 41 82 81 80
split_gain=30.3855 26.1672 25.1246 30.2015 18.3405 19.7653 18.9244 16.2221 14.8683 14.1194 13.6025 13.4841 13.3947 13.2027
threshold=252.50000000000003 4.1724152305228914 100.86936461925508 4709.7794868946085 -22.499999999999996 90.000000000000014 -244.4408195018768 685.00307321548473 0.93111357165453978 576.83658492047391 -101.62648677825926 147.77504696448645 3627.697552800179 89.95680952072145
decision_type=2 10 10 10 2 10 8 10 10 10 8 10 10 10
left_child=2 8 4 -4 5 12 7 -6 13 -10 -8 -12 -1 -2
right_child=1 -3 3 -5 6 -7 10 -9 9 -11 11 -13 -14 -15
leaf_value=0.32457484934175734 -0.39185661929320997 2.9816507939022423 1.075842464218312 -0.0011397123555989897 -0.54652098165422069 -0.61494870885409825 0.61386388053605911 0.06467248258131264 0.032854849549181435 2.4968140055670798 0.016202492769409532 -0.59483896839992734 -0.4056806968586717 2.3696760602657596
leaf_weight=109 112 86 166 301 271 461 43 40 45 40 1811 92 179 46
leaf_count=109 112 86 166 301 271 461 43 40 45 40 1811 92 179 46
internal_value=-6.31081e-05 0.00863636 -0.000889465 0.00557692 -0.00189558 -0.00596 -0.00054473 -0.00740385 0.00356557 0.0136047 0.0005547 0.000173319 0.000207612 -0.00188679
internal_weight=3802 329 3473 467 3006 749 2257 311 243 85 1946 1903 288 158
internal_count=3802 329 3473 467 3006 749 2257 311 243 85 1946 1903 288 158
is_linear=0
shrinkage=0.03


Tree=84
num_leaves=15
num_cat=0
split_feature=85 25 1 39 31 56 7 24 41 80 7 81 70 15
split_gain=30.4979 23.3551 19.8931 18.8239 19.5662 17.0235 13.8793 14.3638 14.534 13.6743 14.0344 13.4514 11.9999 11.2923
threshold=-28.389277736345928 0.93201078582434527 674.27329885959637 3831.1253502504796 25.017933723196887 222.64724798997244 5195.1445863448107 71.500000000000014 -90.091878294944749 56.360190868377693 2493.9004473971177 1639.4267635345461 0.90454545454545465 29.500000000000004
decision_type=8 8 2 10 8 10 10 2 8 10 10 8 10 2
left_child=1 3 5 4 9 6 7 8 -2 12 -11 -10 -1 -14
right_child=2 -3 -4 -5 -6 -7 -8 -9 11 10 -12 -13 13 -15
leaf_value=0.11136828560194945 1.0235146629939926 0.089052341334552657 -0.095623505691198499 0.21527579144373954 -2.1615204595237256 1.0471716542671106 0.93505712586202683 -0.5076634803253528 2.0298005961508863 0.73098349072161717 -0.34766830069858229 0.0074028127651007726 -1.0554650094040139 -0.11863166265395086
leaf_weight=71 94 267 945 56 61 258 71 115 41 44 59 1358 310 74
leaf_count=71 94 267 945 56 61 258 71 115 41 44 59 1358 310 74
internal_value=-0.000470588 -0.00515376 0.00106139 -0.0081213 -0.00962903 0.00280186 0.00169643 0.00111871 0.00190763 -0.00783542 0.00201923 0.00113571 -0.0100658 -0.0121558
internal_weight=3824 942 2882 675 619 1937 1679 1608 1493 558 103 1399 455 384
internal_count=3824 942 2882 675 619 1937 1679 1608 1493 558 103 1399 455 384
is_linear=0
shrinkage=0.03


Tree=85
num_leaves=15
num_cat=0
split_feature=81 67 3 4 41 77 79 84 67 74 15 41 4 25
split_gain=27.5737 22.3387 19.4241 18.149 16.4898 25.1388 15.5382 17.2017 19.1138 15.6627 14.4572 16.9204 18.5599 22.0966
threshold=1587.2678377628329 -184.14710521099093 20.958333333343038 8.5000000000000018 -137.87410676479337 107.6919767856598 18.866709865545268 41.962059736251838 573.70915751023733 2208.373052876666 38.500000000000007 45.230598330497749 8.5000000000000018 0.95538971807628537
decision_type=8 8 2 2 10 10 10 8 8 8 2 10 2 10
left_child=-1 3 4 -2 -3 10 7 8 -4 -8 11 12 13 -6
right_child=1 2 6 -5 5 -7 9 -9 -10 -11 -12 -13 -14 -15
leaf_value=1.9583530807126424 -1.7793194606123699 0.21673980601807585 -0.38297746824938195 0.29111865372491608 -0.40759813478847606 -0.55169446738715533 -0.96098595062256331 1.9101495774778376 1.8185075236001085 0.68691811353007171 0.18139809739156784 0.049563224800121049 0.095672365329887585 0.18055006612848296
leaf_weight=68 121 270 85 71 776 122 40 146 49 42 191 1309 339 186
leaf_count=68 121 270 85 71 776 122 40 146 49 42 191 1309 339 186
internal_value=0.00033805 -8.00427e-06 0.000531496 -0.00994819 -0.00021603 -0.000872093 0.00710744 0.0104626 0.00266667 -0.00433735 -0.000289079 -0.000873229 -0.00329493 -0.00542056
internal_weight=3815 3747 3555 192 3193 2923 362 280 134 82 2801 2610 1301 962
internal_count=3815 3747 3555 192 3193 2923 362 280 134 82 2801 2610 1301 962
is_linear=0
shrinkage=0.03


Tree=86
num_leaves=15
num_cat=0
split_feature=85 3 7 54 15 3 81 1 33 68 46 68 34 56
split_gain=26.5942 27.2421 21.4768 21.4639 29.5765 24.5474 17.1007 14.4812 10.6624 12.1269 12.8143 10.3995 13.3634 10.3166
threshold=-28.389277736345928 5.9583333333430355 5123.2697457641034 930.00000000000011 33.500000000000007 15.375000000000002 1546.7510825395586 665.53867006301891 11.018333333333336 -0.019597136348448951 2550.0000000000005 -0.049147685270668498 0.18245838668373884 229.21684710184735
decision_type=8 2 8 10 2 2 8 2 10 10 10 10 8 10
left_child=3 11 6 4 -1 -6 -3 13 9 10 -5 -2 -13 -8
right_child=1 2 -4 8 5 -7 7 -9 -10 -11 -12 12 -14 -15
leaf_value=-0.74124357523951967 -0.028658193891882566 1.899602488291263 0.80961745399203544 0.94209675174904306 -1.2639406734692982 0.50511492824591409 0.077971929995539174 -0.055686253851693832 0.35100021736558351 -0.71689853326762787 -0.41930117224442981 -0.55290196867559838 -0.30371149629954525 0.58973043762995148
leaf_weight=606 226 50 135 64 42 86 1319 835 40 50 57 56 74 176
leaf_count=606 226 50 135 64 42 86 1319 835 40 50 57 56 74 176
internal_value=-0.000235787 0.00120125 0.00230127 -0.00459831 -0.00702041 0.00604651 0.00163797 0.00126126 0.00382075 0.000523256 0.00565574 -0.00655462 -0.0132824 0.00302807
internal_weight=3816 2871 2515 945 734 128 2380 2330 211 171 121 356 130 1495
internal_count=3816 2871 2515 945 734 128 2380 2330 211 171 121 356 130 1495
is_linear=0
shrinkage=0.03


Tree=87
num_leaves=15
num_cat=0
split_feature=0 76 84 0 81 3 81 49 13 40 56 64 39 34
split_gain=28.7197 23.7987 22.6333 20.014 20.3118 16.5878 16.2686 15.938 15.3924 15.3044 13.2136 16.7623 15.8464 14.6509
threshold=252.50000000000003 -36.556874513626092 82.464502930641189 -23.499999999999996 7942.3204239606866 16.708333333343038 3259.223057866097 7.5000000000000009 90.000000000000014 865.09848269531187 -55.942687511444085 3.744143861024519 2364.198827776172 0.2228132387706856
decision_type=2 10 10 2 10 2 10 10 10 10 8 8 10 8
left_child=2 5 3 4 8 7 -4 -2 -1 -3 -5 12 -12 -13
right_child=1 9 6 10 -6 -7 -8 -9 -10 -11 11 13 -14 -15
leaf_value=0.12869212382524498 1.9336700896102614 0.10305608753105848 1.9866666848615047 0.37885557144250703 -1.0863684015016142 3.2213144260623943 0.19230687322582679 -1.1347237926033893 -0.47415799581515777 -0.5817179962756599 -0.081313306083164172 0.1086684033496331 -1.0456548019733394 -0.062139543610586392
leaf_weight=192 57 70 65 127 241 117 448 41 297 45 157 747 111 1116
leaf_count=192 57 70 65 127 241 117 448 41 297 45 157 747 111 1116
internal_value=-0.000289666 0.0081571 -0.00108795 -0.00208765 -0.00640219 0.0140278 0.00472763 0.00484848 -0.00287755 -0.00284483 -0.000690571 -0.00125235 -0.00825279 -0.000241416
internal_weight=3831 330 3501 2988 730 215 513 98 489 115 2258 2131 268 1863
internal_count=3831 330 3501 2988 730 215 513 98 489 115 2258 2131 268 1863
is_linear=0
shrinkage=0.03


Tree=88
num_leaves=15
num_cat=0
split_feature=3 79 81 17 16 67 4 65 83 3 85 60 14 81
split_gain=22.7636 21.0177 20.0839 19.3001 19.6097 17.2521 28.8139 15.7891 15.1961 17.9234 16.6561 14.3081 16.0002 14.3014
threshold=20.458333333343038 3877.6318845283399 3259.223057866097 21.500000000000004 5.5000000000000009 202.58982433776072 8.5000000000000018 1.1132757376644367 -31.164241313934323 23.208333333343038 -75.207406342029557 -2.8567929267883296 625.01530947872527 4169.4065548181543
decision_type=2 8 8 2 2 8 2 10 10 2 8 10 10 8
left_child=2 7 3 -1 -5 6 11 8 10 -10 -2 -4 -13 -7
right_child=1 -3 5 4 -6 13 -8 -9 9 -11 -12 12 -14 -15
leaf_value=1.4593252964044412 1.5905759970655458 1.6684400965321224 -0.92398949540063591 1.8839268386284072 -0.20755486640790846 -0.32854479351404225 0.14411716884518666 -0.98660210254229164 1.5760518204800178 -0.29977655418791904 -0.64582079555878336 -0.082505637446385532 -0.67036124485729465 0.025839225713538732
leaf_weight=91 45 92 439 43 135 198 354 45 142 41 118 367 69 1668
leaf_count=91 45 92 439 43 135 198 354 45 142 41 118 367 69 1668
internal_value=-0.000194906 0.00588843 -0.00106984 0.00677778 0.00100559 -0.00175388 -0.0045122 0.00283163 0.00501441 0.0109239 -0.00164634 -0.00743151 -0.00356979 6.42742e-05
internal_weight=3847 483 3364 269 178 3095 1229 391 346 183 163 875 436 1866
internal_count=3847 483 3364 269 178 3095 1229 391 346 183 163 875 436 1866
is_linear=0
shrinkage=0.03


Tree=89
num_leaves=15
num_cat=0
split_feature=60 81 7 83 39 3 0 29 28 60 8 16 56 7
split_gain=27.5634 24.3881 19.2941 18.3569 21.0803 24.4602 22.968 16.4265 17.181 17.2429 20.1154 18.7233 18.2023 15.7729
threshold=-113.06775200366972 1546.7510825395586 4615.3894004535077 -54.973499894142144 2364.198827776172 15.541666666656967 205.50000000000003 0.40443979830279181 248.50000000000003 91.035918593406691 4.280397688079959 2.5000000000000004 -37.266421834627785 2174.0553856848132
decision_type=8 8 8 8 10 2 2 10 2 10 10 2 10 10
left_child=-1 -2 3 -3 7 -6 -7 -5 9 10 11 -9 -13 -14
right_child=1 2 -4 4 5 6 -8 8 -10 -11 -12 12 13 -15
leaf_value=-0.8263290399006048 1.8254437637826788 -0.28350218901646002 0.31172437400390324 -0.11076518797737063 -0.26527606881339705 -0.030917349591253824 1.8691349804434099 0.78336559880959988 0.49215890770630999 0.45953033519305753 0.42213106531463163 0.12390473074558617 -0.024859194122595789 -0.56293720778745704
leaf_weight=206 56 825 382 61 579 217 88 64 253 299 170 223 157 232
leaf_count=206 56 825 382 61 579 217 88 64 253 299 170 223 157 232
internal_value=-7.86782e-05 0.000532298 0.000219656 -0.000549069 0.000806314 -0.00284746 0.00401961 0.00302055 0.00368835 0.00212042 -7.08383e-05 -0.00239291 -0.00401305 -0.00792308
internal_weight=3812 3606 3550 3168 2343 884 305 1459 1398 1145 846 676 612 389
internal_count=3812 3606 3550 3168 2343 884 305 1459 1398 1145 846 676 612 389
is_linear=0
shrinkage=0.03


Tree=90
num_leaves=15
num_cat=0
split_feature=60 6 28 67 28 43 64 29 60 82 49 69 62 22
split_gain=29.9565 23.523 22.342 34.6659 24.1683 17.1607 16.0238 15.3364 14.5418 14.3436 11.7131 13.1795 11.5266 11.4745
threshold=-113.06775200366972 690.00000000000011 204.50000000000003 465.5453544421631 185.50000000000003 530.67509668817831 3.7825058993032372 0.9400460829493088 545.25383734703075 -67.741145372390733 10.500000000000002 -56.43620744734411 0.17225901615093495 4.9345921277999887
decision_type=8 10 2 10 2 10 10 10 10 8 10 10 10 2
left_child=6 9 3 4 8 10 -1 -7 -3 -2 12 -12 -4 -10
right_child=1 2 5 -5 -6 7 -8 -9 13 -11 11 -13 -14 -15
leaf_value=0.40662992003784376 -0.40582624824022229 -0.13648325917690313 0.38729554376268183 2.6273184284231963 -1.251407665956568 -0.29535456853818293 -1.2563149563144824 0.52650796482469808 0.83503894363147524 0.17988038420414904 0.25300228466125368 -1.2282060639205825 -0.087289294215168664 -0.044697597674165049
leaf_weight=50 127 1013 461 40 147 230 151 64 42 1303 47 40 95 56
leaf_count=50 127 1013 461 40 147 230 151 64 42 1303 47 40 95 56
internal_value=0.000108611 0.000728314 -0.0011941 -0.00374134 -0.00462272 0.00233475 -0.0111386 -0.00366102 -0.00310252 0.00373166 0.00507764 -0.00511364 0.00667864 0.00787879
internal_weight=3866 3665 2235 1298 1258 937 201 294 1111 1430 643 87 556 98
internal_count=3866 3665 2235 1298 1258 937 201 294 1111 1430 643 87 556 98
is_linear=0
shrinkage=0.03


Tree=91
num_leaves=15
num_cat=0
split_feature=82 81 25 3 68 30 84 71 42 7 42 14 61 32
split_gain=23.4696 24.1743 22.6868 22.1319 21.5961 20.8251 19.8319 20.7861 18.602 15.5381 14.8012 14.3274 11.6651 10.7779
threshold=-56.8056052327156 1546.7510825395586 0.91331186258722497 20.208333333343038 0.13451013757252409 19.950000000000003 77.95087587833406 12.500000000000002 -234.04894626140592 2551.4672980673354 -38.060264110565178 151.58102049564917 0.93245975305587614 0.19292803970223329
decision_type=8 8 8 2 8 8 8 10 8 10 8 8 10 10
left_child=2 -2 -1 5 6 8 7 -5 -3 -6 -7 -12 -10 -9
right_child=1 3 -4 4 9 10 -8 13 12 -11 11 -13 -14 -15
leaf_value=-0.87739573071663912 2.0139975628031235 2.5067441064567504 0.037309140821746946 -1.5268250465838775 0.090634649779287008 -0.82226836993785413 0.73213100986035662 -0.14297388996781735 0.026683248241968407 2.2032504867762093 -0.44210110685156589 -0.0030135892812866074 0.54545706829938378 1.0355960282068388
leaf_weight=285 58 43 244 46 77 198 105 47 1667 148 94 699 105 42
leaf_count=285 58 43 244 46 77 198 105 47 1667 148 94 699 105 42
internal_value=0.000373154 0.00130631 -0.00549057 0.000962714 0.00701717 -4.27503e-05 0.000746888 -0.00683824 0.00186674 0.0136726 -0.00353831 -0.00170025 0.00138748 0.00166667
internal_weight=3858 3329 529 3271 465 2806 240 135 1815 225 991 793 1772 89
internal_count=3858 3329 529 3271 465 2806 240 135 1815 225 991 793 1772 89
is_linear=0
shrinkage=0.03


Tree=92
num_leaves=15
num_cat=0
split_feature=28 67 28 28 79 16 3 68 31 83 63 67 73 79
split_gain=20.0569 28.4048 21.7343 21.6573 21.279 19.4351 17.7314 22.7498 18.2286 17.1712 18.5348 16.0158 14.6326 13.6732
threshold=208.50000000000003 448.47620174288755 485.00000000000006 184.50000000000003 3.1677578909264144 14.500000000000002 6.0416666666569663 0.034221696007004566 36.964285714285722 8.0886323451995867 247.92815998648439 56.777191337786313 5.5136600732803354 17.878144844068228
decision_type=2 10 2 2 10 2 2 8 8 8 10 8 8 10
left_child=1 3 6 -1 -5 12 7 -2 -9 10 13 -11 -6 -8
right_child=2 -3 -4 4 5 -7 9 8 -10 11 -12 -13 -14 -15
leaf_value=-0.022630710164239932 0.21741030349467577 2.1463890084368438 -1.6446021565496101 0.27475901232138999 -0.51523402264421436 -1.0531141064049347 0.45314424477863463 -0.61649374701346804 0.0093396245124833504 0.035797860127908053 -0.7238313676000746 0.69512975665563714 0.12261218258982937 -0.22934376436241385
leaf_weight=1838 77 70 53 68 41 190 279 85 48 255 141 592 70 71
leaf_count=1838 77 70 53 68 41 190 279 85 48 255 141 592 70 71
internal_value=3.09358e-05 -0.00177788 0.002603 -0.00237772 -0.009 -0.0124172 0.00325371 -0.00483412 -0.0123134 0.00452577 6.09756e-05 0.00711085 -0.00241071 0.00376068
internal_weight=3878 2277 1601 2207 369 301 1548 210 133 1338 491 847 111 350
internal_count=3878 2277 1601 2207 369 301 1548 210 133 1338 491 847 111 350
is_linear=0
shrinkage=0.03


Tree=93
num_leaves=15
num_cat=0
split_feature=80 67 16 16 39 4 35 67 77 29 83 29 35 85
split_gain=25.3111 23.5223 24.793 17.183 18.2073 16.2304 24.5018 20.2007 16.5416 15.8763 14.4534 15.1829 13.6418 11.9929
threshold=107.45434272289278 180.27534961333649 9.5000000000000018 22.500000000000004 3885.1336429802545 8.5000000000000018 17.221607142857149 -157.29440929492313 -170.43623745441434 0.90388814242526039 147.63712191581729 0.93275426762633318 5.336477987421385 -38.244549314180993
decision_type=10 8 2 2 10 2 10 8 10 10 10 10 10 8
left_child=5 2 -2 4 12 7 -7 8 -1 -5 11 -11 -3 -9
right_child=1 3 -4 9 -6 6 -8 13 -10 10 -12 -13 -14 -15
leaf_value=-0.28915455919487087 0.31291599083553379 0.32670660886264541 -0.67760882472814454 -1.1593381214791554 -0.07931248835639218 -0.005283840049021952 0.74599279614934078 -0.4089013121757929 -2.5164268049440439 1.1520888537308895 2.8438783596397141 -0.58696841407093314 2.5879543937265237 -0.010722998220424591
leaf_weight=71 135 54 130 51 60 490 191 485 83 45 44 56 170 1746
leaf_count=71 135 54 130 51 60 490 191 485 83 45 44 56 170 1746
internal_value=7.0829e-05 0.00502681 -0.00214286 0.00898129 0.0136842 -0.00113466 0.00294721 -0.00230092 -0.0127742 0.00213198 0.00719178 0.000882353 0.0176 -0.00157258
internal_weight=3811 745 265 480 284 3066 681 2385 154 196 145 101 224 2231
internal_count=3811 745 265 480 284 3066 681 2385 154 196 145 101 224 2231
is_linear=0
shrinkage=0.03


Tree=94
num_leaves=15
num_cat=0
split_feature=0 74 35 80 42 67 13 0 39 68 26 41 77 45
split_gain=22.2654 28.8032 22.8973 23.6534 21.4853 21.7506 18.2518 17.7654 12.8659 20.9227 11.8012 17.2557 11.9209 11.5119
threshold=164.50000000000003 3263.9302320842576 14.030026455026457 45.098634958267219 -257.1919234991073 -261.95527132919852 90.000000000000014 -24.499999999999996 2364.198827776172 -0.0068633183697481776 70.500000000000014 33.230469465255744 -149.80711764097211 11.500000000000002
decision_type=2 10 8 8 8 8 8 2 8 10 2 8 10 10
left_child=4 2 13 -4 -1 -6 8 -8 -7 -10 11 12 -9 -2
right_child=1 -3 3 -5 5 6 7 10 9 -11 -12 -13 -14 -15
leaf_value=2.4369039433905817 -0.057064319848438669 -0.39900028633716328 -0.15267639890244125 1.766623527921872 -2.0190566382196473 0.22115441598045116 -0.53266776718341369 0.024943648371005302 0.047032213548979504 -0.57897723016087765 -0.092363728149648897 0.086890288280258465 -0.76886009452967419 2.1299389680220404
leaf_weight=40 274 43 69 208 49 785 457 50 288 142 1042 248 41 48
leaf_count=40 274 43 69 208 49 785 457 50 288 142 1042 248 41 48
internal_value=-4.75561e-05 0.00503888 0.00675 0.0130576 -0.00108813 -0.00137286 -0.00105108 -0.00293638 0.00180099 -0.00236659 -0.00123734 0.00361765 -0.0075 0.00130031
internal_weight=3784 642 599 277 3142 3102 3053 1838 1215 430 1381 339 91 322
internal_count=3784 642 599 277 3142 3102 3053 1838 1215 430 1381 339 91 322
is_linear=0
shrinkage=0.03


Tree=95
num_leaves=15
num_cat=0
split_feature=67 28 28 77 28 2 0 66 77 4 80 74 43 29
split_gain=23.8879 24.0475 22.1979 23.8749 18.5714 16.6324 15.8735 15.1109 14.8164 15.5712 21.4871 19.435 19.0969 18.9472
threshold=596.58559644527941 208.50000000000003 184.50000000000003 -62.583481609821312 485.00000000000006 1.0000000180025095e-35 281.50000000000006 67.906430482864394 -244.4408195018768 7.5000000000000009 -101.50122702121733 1522.9450463094745 640.2893698801048 0.95042482971701436
decision_type=10 2 2 8 2 2 2 8 8 2 10 8 10 10
left_child=1 2 -1 -4 5 8 -2 -5 -3 10 -10 -11 -12 -13
right_child=6 4 3 7 -6 -7 -8 -9 9 11 12 13 -14 -15
leaf_value=-0.032041926349431052 0.37573533619995758 -0.27531916382987176 -1.0565844811140468 0.77266893124810021 -1.526017755930686 -0.069635539994543375 3.0932382993466141 -0.24020707980234654 0.32123684044992512 1.939990541518904 0.020187435620330374 0.62663819110012275 -0.91943818665133414 -0.78441713152172465
leaf_weight=1791 67 185 205 50 63 52 53 93 237 71 317 454 91 51
leaf_count=1791 67 185 205 50 63 52 53 93 237 71 317 454 91 51
internal_value=-0.000222163 -0.000655559 -0.00270561 -0.00962751 0.00222733 0.00291981 0.0128926 -0.000208333 0.00353945 0.00473813 0.00153251 0.00831889 -0.00264059 0.0062253
internal_weight=3780 3660 2139 348 1521 1458 120 143 1406 1221 645 576 408 505
internal_count=3780 3660 2139 348 1521 1458 120 143 1406 1221 645 576 408 505
is_linear=0
shrinkage=0.03


Tree=96
num_leaves=15
num_cat=0
split_feature=0 11 0 60 17 77 85 26 54 66 6 79 40 0
split_gain=21.4495 27.5458 32.1796 19.0666 16.2705 14.97 13.7633 16.8504 13.9724 12.7982 12.6766 14.5683 14.2695 13.5009
threshold=77.500000000000014 390.00000000000006 389.50000000000006 545.25383734703075 35.000000000000007 36.790439248085029 -79.220352927843706 118.50000000000001 990.00000000000011 223.58971846103671 690.00000000000011 275.37175887992549 74.464321751082025 15.500000000000002
decision_type=2 2 2 10 2 10 8 2 10 10 10 8 8 2
left_child=3 2 4 6 -2 -6 7 8 -1 10 12 -12 -8 -13
right_child=1 -3 -4 -5 5 -7 9 -9 -10 -11 11 13 -14 -15
leaf_value=-1.0799719208194691 0.8968744479065921 -0.27526450803966235 4.5566288368396748 0.86231639972561502 -0.09665342302097038 2.2149864014647505 0.65512284721804959 0.064167787689939068 0.093858452823626121 -0.26797971002400284 -0.0065413790176710408 -0.062698109599198693 0.0043962336400454223 -0.45450933520754838
leaf_weight=330 522 293 55 75 426 42 128 127 79 135 740 203 645 87
leaf_count=330 522 293 55 75 426 42 128 127 79 135 740 203 645 87
internal_value=-0.000162037 0.00291262 0.0051912 -0.00177647 0.00393542 -0.000127932 -0.0022303 -0.00648045 -0.00943902 -0.00105209 -0.000382483 -0.00256062 0.00251938 -0.00824742
internal_weight=3887 1338 1045 2549 990 468 2474 536 409 1938 1803 1030 773 290
internal_count=3887 1338 1045 2549 990 468 2474 536 409 1938 1803 1030 773 290
is_linear=0
shrinkage=0.03


Tree=97
num_leaves=15
num_cat=0
split_feature=29 53 48 57 0 81 64 26 43 41 37 3 80 7
split_gain=21.7179 19.2338 18.3636 18.0741 16.8953 14.7186 14.5798 16.2812 14.1173 11.9034 14.0696 13.854 16.9656 16.7638
threshold=0.89537316337452577 10.500000000000002 13.996713240941366 11.500000000000002 362.50000000000006 3706.1434942483907 3.9012917652285077 146.50000000000003 1434.0115877156907 -70.736657738685594 1966.2785185579057 10.125000000000002 107.45434272289278 1341.998047577684
decision_type=10 10 8 10 2 8 8 2 10 8 10 2 8 8
left_child=2 9 5 6 8 -1 -4 -8 -3 -2 11 13 -13 -11
right_child=1 4 3 -5 -6 -7 7 -9 -10 10 -12 12 -14 -15
leaf_value=0.11467242689732464 0.28225544779616263 1.3897522218372094 -0.81506680052023806 -0.58232065285107315 3.2723874764019669 -0.36664858353497998 0.075116040703541484 -0.13484327375460714 -0.47920627473101424 0.38467292743943921 0.50088057404641695 -0.071527045451289795 0.49582580473066212 -0.49890285136145529
leaf_weight=68 311 169 59 48 43 621 596 78 53 89 250 711 393 373
leaf_count=68 311 169 59 48 43 621 596 78 53 89 250 711 393 373
internal_value=0.000217448 0.00198078 -0.00265126 0.000498721 0.00958647 -0.00621739 0.00167575 0.00293333 0.00618834 0.00102914 9.90644e-05 -0.000957243 0.000868778 -0.00531317
internal_weight=3862 2392 1470 781 265 689 733 674 222 2127 1816 1566 1104 462
internal_count=3862 2392 1470 781 265 689 733 674 222 2127 1816 1566 1104 462
is_linear=0
shrinkage=0.03


Tree=98
num_leaves=15
num_cat=0
split_feature=67 42 13 41 24 68 81 7 74 82 31 20 68 30
split_gain=18.1575 16.7716 16.4193 15.3948 19.0094 18.0601 15.7639 12.8719 12.0815 12.5507 11.7818 11.5905 10.974 12.688
threshold=-261.95527132919852 -228.95544385910031 90.000000000000014 29.759259104728702 39.500000000000007 0.03830095305861287 3706.1434942483907 4323.2781975766238 30.341465135291948 -61.922514677047722 19.177751196172256 87.413296341896071 -0.12313566325715293 29.650000000000002
decision_type=8 8 8 8 2 10 8 10 8 8 8 8 8 10
left_child=-1 -2 8 4 6 -6 -4 12 -3 -10 -11 -5 -8 -14
right_child=1 2 3 11 5 -7 7 -9 9 10 -12 -13 13 -15
leaf_value=-1.6550070115347253 0.99238585601259233 -0.55713329155165559 0.27286248470825442 -0.37792956236173109 0.30300602136849619 -0.80185358926390093 -0.087993707513292524 0.25427865937271549 -0.27166152401158711 0.39826305108973953 -0.00069496465315384379 0.028456010891080255 -0.53679644395044201 -1.8411469617555563
leaf_weight=72 55 50 78 41 215 47 128 53 129 851 399 1304 347 44
leaf_count=72 55 50 78 41 215 47 128 53 129 851 399 1304 347 44
internal_value=2.35973e-05 0.000312667 6.50936e-05 -0.0015279 -0.0045345 0.00228137 -0.00728111 -0.00900524 0.00258042 0.0031087 0.00402878 0.00051263 -0.0104423 -0.0129337
internal_weight=3813 3741 3686 2257 912 262 650 572 1429 1379 1250 1345 519 391
internal_count=3813 3741 3686 2257 912 262 650 572 1429 1379 1250 1345 519 391
is_linear=0
shrinkage=0.03


Tree=99
num_leaves=15
num_cat=0
split_feature=0 76 81 37 60 4 84 30 38 41 35 27 79 8
split_gain=17.6238 28.1035 19.1997 13.1827 12.1475 13.9697 19.3709 14.028 13.3347 11.7224 13.5029 11.5772 11.0959 10.7784
threshold=307.50000000000006 -20.011215209960934 1587.2678377628329 1272.1686672088051 713.92004549503338 6.5000000000000009 -42.409906287988015 13.65 2267.5373528871478 -7.3029911518096915 12.446332813164991 0.98561076604554876 10.934302744559231 5.917610112545316
decision_type=2 10 8 8 10 2 8 10 10 8 8 10 10 10
left_child=2 3 -1 -2 5 6 -4 13 -9 10 -8 -6 -11 -7
right_child=1 -3 4 -5 11 7 9 8 -10 12 -12 -13 -14 -15
leaf_value=1.5706998666583802 0.21723609176255593 -0.33635483334920552 -0.72896420691398878 3.3645567714085227 1.0291612558223275 0.057063206952620932 0.12867846204478636 -0.2190404981076304 -0.0096937990794499287 -0.069645005372642343 -0.85660778374793012 -0.044817679419046033 0.092301488830408951 0.48765326743336829
leaf_weight=64 54 61 362 85 63 1119 84 301 855 265 100 60 234 152
leaf_count=64 54 61 362 85 63 1119 84 301 855 265 100 60 234 152
internal_value=7.77202e-06 0.00865672 -0.000467213 0.0160714 -0.000759177 -0.0010884 -0.00398662 0.000160626 -0.0022299 -0.00100877 -0.00745946 0.00846774 0.00138 0.00233491
internal_weight=3859 200 3659 139 3595 3472 1045 2427 1156 683 184 123 499 1271
internal_count=3859 200 3659 139 3595 3472 1045 2427 1156 683 184 123 499 1271
is_linear=0
shrinkage=0.03


Tree=100
num_leaves=15
num_cat=0
split_feature=81 42 45 62 29 39 43 28 28 82 1 77 77 77
split_gain=15.6181 14.8325 15.3656 18.1403 26.4256 23.8432 17.2503 15.3312 16.5709 14.8458 14.2731 13.8099 13.0722 17.7527
threshold=1546.7510825395586 -257.1919234991073 7.5000000000000009 -0.21841738588089057 0.96012662963170803 131.7173984266681 569.51409323227188 202.50000000000003 177.50000000000003 24.482953071594242 623.82469952106487 -183.1619641780853 107.6919767856598 151.33354669809344
decision_type=8 8 8 10 10 10 10 2 2 10 2 8 10 10
left_child=-1 -2 3 5 6 -3 7 8 -5 -9 -4 -8 -12 -14
right_child=1 2 10 4 -6 -7 11 9 -10 -11 12 -13 13 -15
leaf_value=1.5415165507746147 2.4971178748859777 -0.3963029932178887 0.31171025936012198 -0.15334575111383203 0.48951192533659221 0.2618768138836513 -0.15723000571952586 0.15459385683521085 -1.2022568602595343 -0.48207587829112658 0.015083322642710825 -1.4849531639121134 -0.8255305553220551 0.0004803794099779823
leaf_weight=56 49 79 283 197 81 286 52 239 129 132 1991 141 54 79
leaf_count=56 49 79 283 197 81 286 52 239 129 132 1991 141 54 79
internal_value=0.00020265 -3.16372e-05 -0.000248397 -0.00282723 -0.00496914 0.00286885 -0.00646465 -0.00425501 -0.00899083 -8.06452e-05 0.00118355 -0.0143814 0.000338824 -0.00873134
internal_weight=3848 3792 3743 1336 971 365 890 697 326 371 2407 193 2124 133
internal_count=3848 3792 3743 1336 971 365 890 697 326 371 2407 193 2124 133
is_linear=0
shrinkage=0.03


Tree=101
num_leaves=15
num_cat=0
split_feature=0 76 83 67 77 29 15 17 29 67 63 17 64 3
split_gain=20.6355 33.3476 15.864 15.8062 13.2359 18.0758 12.8767 18.7301 26.0348 19.4197 18.9639 27.4039 15.3184 18.7954
threshold=304.50000000000006 -36.556874513626092 100.86936461925508 -239.93171453448676 -194.18244999647138 0.91389144142716827 28.500000000000004 37.500000000000007 0.8020282186948855 194.34923699547852 269.50312855626845 23.000000000000004 4.3968793131146109 17.291666666656969
decision_type=2 10 10 8 10 10 2 2 8 8 8 2 8 2
left_child=2 -2 3 -1 -4 -6 7 8 -5 -10 11 -11 13 -9
right_child=1 -3 4 6 5 -7 -8 12 9 10 -12 -13 -14 -15
leaf_value=-1.7112175455601775 2.3171119750516338 -0.24811381503714486 0.62676705820444123 0.39024948453849789 -0.21336715681917937 0.58419595995630191 0.06137373467485558 -0.16840026708140371 -0.51115821733906242 -0.0098554847863477554 -0.17498642267073236 1.7081779204426937 -0.105398780035035 -1.2498067077472972
leaf_weight=72 145 68 139 82 141 207 569 157 375 357 595 177 658 90
leaf_count=72 145 68 139 82 141 207 569 157 375 357 595 177 658 90
internal_value=-0.000500913 0.0085514 -0.00103591 -0.00181934 0.0039959 0.000859599 -0.00148971 -0.00241974 -0.000453686 -0.00135548 0.000610619 0.00471028 -0.00586093 -0.0122177
internal_weight=3832 213 3619 3132 487 348 3060 2491 1586 1504 1129 534 905 247
internal_count=3832 213 3619 3132 487 348 3060 2491 1586 1504 1129 534 905 247
is_linear=0
shrinkage=0.03


Tree=102
num_leaves=15
num_cat=0
split_feature=60 4 83 65 13 82 33 68 28 33 14 84 28 65
split_gain=27.3588 15.3819 17.1543 16.1261 13.8243 14.3053 17.0666 11.9121 10.6456 14.7852 11.531 10.9237 10.4931 10.1058
threshold=-90.296313405036912 8.5000000000000018 -157.75662386417386 0.80692708644322064 90.000000000000014 -67.741145372390733 16.004054054054055 -0.22691536011851943 285.50000000000006 14.309357142857145 289.93907830303414 76.871282339096084 242.50000000000003 1.1490322151651771
decision_type=8 2 8 8 8 8 8 10 2 10 10 10 2 10
left_child=7 3 -3 -2 5 -5 12 -1 9 11 -10 -4 -7 -6
right_child=1 2 8 4 13 6 -8 -9 10 -11 -12 -13 -14 -15
leaf_value=0.39594744032208024 1.038374188683536 2.8588648144455102 0.066861114904856356 -0.90418002688660659 -0.098766808975029818 0.17734660556336077 -0.060564740439630053 -0.99846972046432836 -0.040526843388350463 -0.10313449807401229 1.3431880010159438 1.0767828886762294 1.0223008956842401 -1.0266649174374003
leaf_weight=40 145 43 274 77 1601 420 307 237 40 262 100 70 132 76
leaf_count=40 145 43 274 77 1601 420 307 237 40 262 100 70 132 76
internal_value=-0.000109804 0.000600338 0.00429114 -0.000456687 -0.00099847 0.00192102 0.00303488 -0.00917266 0.00321285 0.0014827 0.0106383 0.00556522 0.00618445 -0.00262813
internal_weight=3824 3547 789 2758 2613 936 859 277 746 606 140 344 552 1677
internal_count=3824 3547 789 2758 2613 936 859 277 746 606 140 344 552 1677
is_linear=0
shrinkage=0.03


Tree=103
num_leaves=15
num_cat=0
split_feature=27 28 45 3 7 77 84 71 16 80 39 3 3 82
split_gain=18.2168 15.1514 13.7819 13.258 19.2866 14.6682 18.7343 18.6564 14.0734 16.1507 13.1939 24.3129 20.7403 22.5514
threshold=0.88780278466526807 469.50000000000006 7.5000000000000009 5.9583333333430355 5046.7826956723011 36.790439248085029 -78.210264901320116 14.500000000000002 40.500000000000007 338.75734591484076 2364.198827776172 17.625000000000004 15.541666666656967 34.581902742385871
decision_type=10 2 8 2 8 8 10 8 2 10 10 2 2 10
left_child=2 3 -1 5 8 6 -2 -8 9 10 11 -5 -12 -14
right_child=1 -3 -4 4 -6 -7 7 -9 -10 -11 12 -13 13 -15
leaf_value=-0.53528060653431309 1.5795639123807279 -1.3506161523020954 -0.009750502787059627 0.30944700157966831 0.61016164398863282 -0.57347860751429458 -0.91992605392605031 0.44233138918296333 -0.42609622482560483 3.2468011372060062 -0.43538235082469412 -0.10741854676672796 0.65367770567255234 -0.45483573147993739
leaf_weight=387 44 41 873 965 132 100 57 43 101 41 382 393 172 122
leaf_count=387 44 41 873 965 132 100 57 43 101 41 382 393 172 122
internal_value=7.78412e-06 0.00144564 -0.00295004 0.00173913 0.00244262 -0.00489796 0.00124138 -0.00594059 0.0017639 0.00229769 0.00191646 0.00362031 -0.00150665 0.00447458
internal_weight=3853 2593 1260 2552 2308 244 144 100 2176 2075 2034 1358 676 294
internal_count=3853 2593 1260 2552 2308 244 144 100 2176 2075 2034 1358 676 294
is_linear=0
shrinkage=0.03


Tree=104
num_leaves=15
num_cat=0
split_feature=80 66 79 35 71 16 60 16 36 76 65 39 73 39
split_gain=15.7923 18.2893 16.4394 15.3498 15.4751 15.4713 12.8484 12.7408 20.8149 14.9546 17.4614 15.9634 13.0414 12.0338
threshold=85.216893911361709 -301.5292574167251 52.721247598201387 16.937936046511631 6.5000000000000009 19.500000000000004 975.62286269664776 7.5000000000000009 0.18063922356091033 441.68099844455725 0.77285700503599231 2364.198827776172 95.937758326530471 2406.1262077703846
decision_type=10 8 10 10 10 2 10 2 10 8 10 10 10 10
left_child=1 -1 13 6 -5 -6 7 8 -3 -10 -11 -12 -9 -2
right_child=2 3 -4 4 5 -7 -8 12 9 10 11 -13 -14 -15
leaf_value=-2.6847765526544567 0.52715395201396187 0.74155380095635759 -0.62805196478873926 1.5427559241267965 -0.0099270564150599622 0.66421317311461259 0.55206627294332189 -0.16541835669299226 -1.5829259690094992 0.93445496999883482 0.38480700141540486 -0.60027183466110912 0.43177724187642391 0.010652033433545646
leaf_weight=67 506 76 43 68 592 147 69 1561 59 45 151 99 56 355
leaf_count=67 506 76 43 68 592 147 69 1561 59 45 151 99 56 355
internal_value=0.000107831 -0.000942828 0.00358011 -0.000584815 0.00293317 0.00166216 -0.00192726 -0.0023584 0.00222738 -0.00084507 0.00192568 -0.00119522 -0.00357849 0.00448956
internal_weight=3894 2990 904 2923 807 739 2116 2047 430 354 295 250 1617 861
internal_count=3894 2990 904 2923 807 739 2116 2047 430 354 295 250 1617 861
is_linear=0
shrinkage=0.03


Tree=105
num_leaves=15
num_cat=0
split_feature=0 80 16 48 83 43 36 28 70 15 83 53 70 28
split_gain=18.9336 26.1084 22.4703 17.4728 17.2129 16.3586 20.7352 16.2808 20.7898 24.1374 16.9457 15.3686 14.7315 13.9464
threshold=89.500000000000014 95.561455726623549 23.500000000000004 99.563703576723739 191.1447426080704 569.51409323227188 0.17664992826398854 223.50000000000003 0.91987179487179505 31.500000000000004 52.272177577018745 12.500000000000002 0.82085561497326209 191.50000000000003
decision_type=2 8 2 10 10 10 10 2 10 2 8 8 8 2
left_child=4 3 11 -2 5 7 -7 8 -1 -10 -11 -3 -5 -4
right_child=1 2 13 12 -6 6 -8 -9 9 10 -12 -13 -14 -15
leaf_value=0.030127632888878417 0.2324889289482204 0.62867838663597042 0.27755586870911969 0.80613975800051774 0.60783839884082391 -0.016672579049173679 -0.57168826096457559 0.17996628425145531 -0.43249615826226429 0.38932954139924958 -0.51563537801408355 3.5280635889334335 -0.54814045105189069 -0.61982482680312512
leaf_weight=570 192 431 70 41 147 382 244 577 600 71 40 50 304 96
leaf_count=570 192 431 70 41 147 382 244 577 600 71 40 50 304 96
internal_value=-0.000212264 0.00293671 0.00699074 -0.00195167 -0.00162994 -0.00222133 -0.00641148 -0.000806885 -0.00269111 -0.00610955 0.00669643 0.0102697 -0.00598266 -0.00251497
internal_weight=3815 1184 647 537 2631 2484 626 1858 1281 711 111 481 345 166
internal_count=3815 1184 647 537 2631 2484 626 1858 1281 711 111 481 345 166
is_linear=0
shrinkage=0.03


Tree=106
num_leaves=15
num_cat=0
split_feature=0 80 20 4 67 79 82 0 81 62 6 59 36 25
split_gain=16.6655 18.3214 16.3075 16.1169 17.5526 15.9787 20.2994 15.3592 15.3554 16.4521 14.9638 13.706 14.1001 13.7581
threshold=77.500000000000014 99.379082083702102 597.02162611484539 8.5000000000000018 112.88160514325102 275.37175887992549 -19.532269040743504 -16.499999999999996 3586.0762547254567 -0.098049686913291481 690.00000000000011 381.09184873104101 0.50316455696202544 0.98304597701149432
decision_type=2 8 8 2 10 10 8 2 8 8 10 8 10 8
left_child=2 -2 5 8 -5 6 7 -1 9 -4 -3 13 -13 -10
right_child=1 10 3 4 -6 -7 -8 -9 11 -11 -12 12 -14 -15
leaf_value=-1.2662563071610504 -0.024934032724143834 1.2461307562775126 -0.44637583348102305 0.085039321439374344 -0.37724215191977173 -0.28702691318132756 0.39077186880132997 0.13814695407010638 -0.44736869134173374 0.85179931902141581 0.13640732594255001 0.12777507582160857 -0.1937855491487015 0.056285019501582205
leaf_weight=41 604 265 45 523 64 44 358 41 1017 100 437 71 99 123
leaf_count=41 604 265 45 523 64 44 358 41 1017 100 437 71 99 123
internal_value=0.000187842 0.00293803 -0.00123467 -0.00240822 0.00178571 0.00371134 0.00544218 -0.00795181 -0.00410027 0.00513699 0.00623044 -0.00512586 0.00280702 -0.00631025
internal_weight=3832 1306 2526 2042 587 484 440 82 1455 145 702 1310 170 1140
internal_count=3832 1306 2526 2042 587 484 440 82 1455 145 702 1310 170 1140
is_linear=0
shrinkage=0.03


Tree=107
num_leaves=15
num_cat=0
split_feature=67 3 3 57 4 41 77 82 61 77 80 41 7 0
split_gain=17.7834 14.3119 21.6073 14.5006 14.0618 13.6604 20.5498 13.3227 12.946 11.627 18.5807 14.5467 14.5323 12.3618
threshold=-157.29440929492313 20.958333333343038 22.041666666656969 8.5000000000000018 7.5000000000000009 -137.87410676479337 107.6919767856598 105.02121218045555 0.010462840610355307 -244.4408195018768 -52.825795292854302 73.256533861160293 2147.752573756075 355.00000000000006
decision_type=8 2 2 10 2 10 10 10 10 8 10 10 10 2
left_child=4 5 3 -3 -1 7 9 -2 -8 10 11 -7 -12 -11
right_child=1 2 -4 -5 -6 6 8 -9 -10 13 12 -13 -14 -15
leaf_value=-2.2413490763068773 0.018386275135206298 3.2062818123146037 0.010092077831901598 0.14940420645095204 -0.097513300039854409 -0.93217033124061599 -0.13403994183584342 3.6954228301707088 -0.74648433353084909 0.0041605363584997692 -0.35259838672977228 -0.027719966446306719 0.14596707902474843 1.301294103521248
leaf_weight=91 218 75 248 61 162 130 64 40 67 2333 43 89 184 60
leaf_count=91 218 75 248 61 162 130 64 40 67 2333 43 89 184 60
internal_value=-0.000240559 0.000298921 0.00576623 0.0153285 -0.00791339 -0.00035305 -0.00092898 0.00625483 -0.0125 -0.000390845 -0.00483221 -0.0110455 0.00118421 0.000438596
internal_weight=3865 3612 384 136 253 3228 2970 258 131 2839 446 219 227 2393
internal_count=3865 3612 384 136 253 3228 2970 258 131 2839 446 219 227 2393
is_linear=0
shrinkage=0.03


Tree=108
num_leaves=15
num_cat=0
split_feature=28 28 80 76 63 28 64 3 71 28 28 56 74 8
split_gain=13.0733 15.1974 23.7532 29.887 21.5202 17.8983 17.7851 17.7123 17.6818 17.3193 13.8226 13.4733 17.6185 12.9349
threshold=485.00000000000006 208.50000000000003 -15.897557258605955 272.31106901168829 269.50312855626845 165.50000000000003 3.7711476459776447 6.0416666666569663 7.5000000000000009 254.50000000000003 135.50000000000003 306.20822119712835 20.731938841073397 4.6771475909661264
decision_type=2 2 8 8 10 2 8 2 10 2 2 10 10 10
left_child=1 2 5 10 6 -1 8 9 -5 -3 -4 12 -8 -6
right_child=-2 7 3 4 13 -7 11 -9 -10 -11 -12 -13 -14 -15
leaf_value=-0.025702028028568406 -1.3872601966431199 -1.1172511021002325 0.003930981618171442 0.084624327320839604 0.42298764067538053 -0.88024960471567759 -0.0012044098754753207 0.19710437616570495 -0.97838298558535897 -0.026899608871819958 -0.58718339256212659 -0.93889493579635774 0.26046470693120838 2.2970073446353085
leaf_weight=303 63 43 42 41 87 295 888 1336 75 163 96 49 314 58
leaf_count=303 63 43 42 41 87 295 888 1336 75 163 96 49 314 58
internal_value=-0.000147898 7.91348e-05 -0.001494 0.000363416 0.00158625 -0.00661102 0.000416667 0.002372 -0.0107692 -0.0057971 -0.0129496 0.00146166 0.00209476 0.0125342
internal_weight=3853 3790 2248 1650 1512 598 1367 1542 116 206 138 1251 1202 145
internal_count=3853 3790 2248 1650 1512 598 1367 1542 116 206 138 1251 1202 145
is_linear=0
shrinkage=0.03


Tree=109
num_leaves=15
num_cat=0
split_feature=3 7 60 84 3 81 3 64 3 39 31 29 60 35
split_gain=16.8074 18.3039 17.7996 13.1169 14.3965 12.9847 10.7532 22.7604 21.6106 24.5746 25.3229 18.4314 15.856 14.8612
threshold=20.958333333343038 935.24810975376397 327.76127040386206 -95.042599201202378 21.708333333343038 1587.2678377628329 17.625000000000004 4.4425835345467828 15.708333333343036 1824.832297019462 4.3035714285714297 0.91858571320354521 -97.18787038326262 12.191134006167649
decision_type=2 10 8 8 2 8 2 10 2 8 10 10 8 8
left_child=5 -2 3 -3 -5 -1 8 -8 9 -7 -11 13 -12 -10
right_child=1 2 -4 4 -6 6 7 -9 11 10 12 -13 -14 -15
leaf_value=1.3405533978239244 -0.95589251537818221 -1.2908314630899536 1.8905899726669917 1.2539811096401632 0.011999365212166619 0.082085597501214455 -0.28651209730356325 0.67303272549630777 -1.0187708426326918 0.040913470646828549 -1.4760408721330815 0.73550385114463623 -0.19458452721626684 0.085570879005593667
leaf_weight=58 40 41 123 62 124 1045 577 108 48 254 68 147 954 179
leaf_count=58 40 41 123 62 124 1045 577 108 48 254 68 147 954 179
internal_value=-6.26796e-05 0.0058312 0.00803419 0.00302632 0.00641711 -0.000732771 -0.000976043 -0.00432945 -0.000122404 -0.00120155 -0.00399374 0.00656 -0.00609971 0.00118421
internal_weight=3828 390 350 227 186 3438 3380 685 2695 2321 1276 374 1022 227
internal_count=3828 390 350 227 186 3438 3380 685 2695 2321 1276 374 1022 227
is_linear=0
shrinkage=0.03


Tree=110
num_leaves=15
num_cat=0
split_feature=67 39 9 80 35 43 16 36 37 6 85 3 68 69
split_gain=16.6549 23.2962 19.7027 18.3588 15.8377 12.6505 13.6789 12.2676 12.1157 13.1115 10.8429 10.6938 10.5158 10.0923
threshold=111.62155800395549 2174.2342784856505 150.00000000000003 127.00085854530336 25.813700838168923 545.41794117912934 14.500000000000002 0.16724941724941728 1363.170748722546 690.00000000000011 -25.279912968476609 9.5416666666569672 -0.086043838511325799 812.22053300011839
decision_type=8 10 2 10 8 10 2 10 8 10 8 2 10 8
left_child=1 2 12 8 -5 6 11 -3 13 10 -10 -4 -1 -2
right_child=3 7 5 4 -6 -7 -8 -9 9 -11 -12 -13 -14 -15
leaf_value=-0.046895597632271427 -0.12435031642419994 -0.043692882085832704 -0.93291322639178376 1.0874638785822714 -0.2270354146282372 -1.616180307342298 -0.85348169236692861 -0.63858814464523861 -0.23687384879102494 0.00056262295797534275 0.34032356483333703 0.41572892429979108 0.49192703487350137 0.037325540102300214
leaf_weight=110 695 167 43 395 53 84 77 353 42 655 322 130 200 471
leaf_count=110 695 167 43 395 53 84 77 353 42 655 322 130 200 471
internal_value=0.000102686 -0.00288412 0.000930233 0.00142369 0.00694878 -0.0041194 -0.000717131 -0.00760077 0.000288198 0.00267647 0.00723288 0.00396552 0.00636656 -0.00179949
internal_weight=3797 1164 644 2633 448 334 250 520 2185 1019 364 173 310 1166
internal_count=3797 1164 644 2633 448 334 250 520 2185 1019 364 173 310 1166
is_linear=0
shrinkage=0.03


Tree=111
num_leaves=15
num_cat=0
split_feature=0 76 60 81 4 65 77 81 77 77 60 15 69 38
split_gain=15.177 28.2205 14.4098 14.6302 12.9945 16.7205 21.741 16.2424 24.1113 15.2081 14.5869 14.5116 13.8415 12.8445
threshold=307.50000000000006 -71.801445722579942 837.75383734703075 1546.7510825395586 8.5000000000000018 0.91360199949024012 -87.414005398750291 8584.5142171382922 -121.31435734033583 -289.75356954336161 -68.570379853248582 28.500000000000004 -35.755322968679181 2956.8815781329549
decision_type=2 10 10 8 2 10 10 8 8 8 10 2 10 8
left_child=2 -2 3 -1 5 9 7 8 11 -5 -9 -7 -12 -6
right_child=1 -3 -4 4 13 6 -8 10 -10 -11 12 -13 -14 -15
leaf_value=1.3319791512415442 2.5188981117821236 -0.39216190376907684 0.50488085265431382 -0.56497085821398729 -0.042717320315425904 -0.72099863028633138 -1.0160920663932347 -1.0418191712262872 0.35505228997543808 0.0087765579570997683 0.5698402800544129 0.14577220417768949 -0.434397456685439 0.24127101898628592
leaf_weight=50 139 64 115 96 425 156 185 86 173 1678 87 105 118 393
leaf_count=50 139 64 115 96 425 156 185 86 173 1678 87 105 118 393
internal_value=0.000123999 0.00808824 -0.000318975 -0.000658598 -0.000890665 -0.00189944 -0.00520307 -0.00285124 0.000827586 -0.000202817 -0.00832192 -0.00492366 -0.00393204 0.00241758
internal_weight=3870 203 3667 3552 3502 2684 910 725 434 1774 291 261 205 818
internal_count=3870 203 3667 3552 3502 2684 910 725 434 1774 291 261 205 818
is_linear=0
shrinkage=0.03


Tree=112
num_leaves=15
num_cat=0
split_feature=81 0 9 64 39 26 73 56 3 16 3 3 7 28
split_gain=16.6254 16.2469 17.521 13.6611 34.9004 18.7809 18.325 15.3661 14.0626 20.8618 20.3988 15.5398 22.1644 21.5504
threshold=1546.7510825395586 385.50000000000006 210.00000000000003 4.1086542204485008 1493.2433538745202 113.50000000000001 30.872934937477115 108.26193467775981 5.9583333333430355 40.500000000000007 7.8750000000000009 14.875000000000002 2759.2248863209975 253.50000000000003
decision_type=8 2 2 8 10 2 8 10 2 2 2 2 10 2
left_child=-1 3 -3 4 5 -2 -6 -8 9 -5 -10 -12 13 -13
right_child=1 2 -4 8 6 -7 7 -9 10 -11 11 12 -14 -15
leaf_value=1.2917153420530809 -0.0040635239543725275 3.7659928595353271 -0.12403258419011277 -0.22948690937435146 -0.97695514585389798 0.8710116438167016 -0.020841731242831542 -0.86665033811186087 0.38809274387006426 0.32150441793737489 -0.1317170379776583 -0.29474049547972014 0.26780125299164137 0.22194115170941903
leaf_weight=53 173 50 40 321 148 65 221 163 283 40 1054 497 553 152
leaf_count=53 173 50 40 321 148 65 221 163 283 40 1054 497 553 152
internal_value=-0.000416885 -0.000654081 0.0118681 -0.000964315 -0.00451362 0.00502092 -0.00878049 -0.0052987 -2.06825e-05 -0.00555249 0.000767717 -0.000186088 0.00214464 -0.00161538
internal_weight=3813 3760 90 3670 770 238 532 384 2900 361 2539 2256 1202 649
internal_count=3813 3760 90 3670 770 238 532 384 2900 361 2539 2256 1202 649
is_linear=0
shrinkage=0.03


Tree=113
num_leaves=15
num_cat=0
split_feature=65 80 46 4 37 8 28 31 60 29 25 28 28 56
split_gain=20.7192 14.4447 14.0317 13.7961 12.5936 15.0222 12.2634 18.1756 12.8084 12.0795 11.0967 11.9882 18.6418 17.8113
threshold=0.93114619063586301 127.00085854530336 2130.0000000000005 8.5000000000000018 1322.1416836056617 5.5316578159302781 205.50000000000003 18.011111111111116 -158.65493166446683 0.80866104868913868 0.9388999502239922 172.50000000000003 218.50000000000003 -59.126510699590042
decision_type=10 10 10 2 10 10 2 10 10 10 10 2 2 8
left_child=1 4 -3 6 5 10 9 8 -8 -2 11 13 -13 -1
right_child=3 2 -4 -5 -6 -7 7 -9 -10 -11 -12 12 -14 -15
leaf_value=0.44951455800382806 0.043201363350347494 1.1008481022695098 -0.25994680599017445 0.059237673387484861 0.14415766172647076 0.43646804223179742 -0.84721566591934983 -0.63529363063247624 0.15307494583288364 -0.70151237757460583 0.068258194366104016 -0.88512176184358704 -0.021872356380917921 -0.11299440442323561
leaf_weight=52 68 356 80 392 767 103 41 121 297 324 531 171 204 296
leaf_count=52 68 356 80 392 767 103 41 121 297 324 531 171 204 296
internal_value=0.00035489 0.0018977 0.00686499 -0.00282154 0.000875294 -0.000861561 -0.00496479 -0.00163043 0.0019469 -0.00885496 -0.00176892 -0.00418508 -0.00789894 -0.00017192
internal_weight=3803 2560 436 1243 2124 1357 851 459 338 392 1254 723 375 348
internal_count=3803 2560 436 1243 2124 1357 851 459 338 392 1254 723 375 348
is_linear=0
shrinkage=0.03


Tree=114
num_leaves=15
num_cat=0
split_feature=4 60 1 41 80 29 7 66 3 60 56 28 7 38
split_gain=15.0103 24.3682 17.8832 17.8292 13.7396 23.7286 21.4881 15.6425 14.949 16.0431 19.4708 13.5374 16.0335 34.2047
threshold=7.5000000000000009 9.1268948316574114 625.07315599918377 120.8123598098755 105.73080992698671 0.95464829288358721 3068.2792093470584 241.35018157958987 20.291666666656969 233.78114628791812 14.159761071205141 310.50000000000006 3280.0595972968454 3675.2888181295862
decision_type=2 8 2 10 10 10 10 8 2 8 10 2 10 10
left_child=1 -1 -2 11 8 6 -6 -8 -4 10 -10 12 -3 -14
right_child=2 3 4 -5 5 -7 7 -9 9 -11 -12 -13 13 -15
leaf_value=-0.80901703927245427 0.27648357210654029 0.022666075548324043 -0.077755691757054421 -0.18315696434990825 1.2281020077348854 -1.0721192256454932 -0.45051808658725973 1.2985771512573085 0.39011639931889464 1.4352665486947187 -0.45897241163066177 -0.39554356184448441 1.3404465190323533 -0.23832990525322592
leaf_weight=320 273 809 1010 582 163 53 69 82 58 50 74 108 117 48
leaf_count=320 273 809 1010 582 163 53 69 82 58 50 74 108 117 48
internal_value=-0.000157192 -0.00196474 0.00180033 -0.000504505 0.000557692 0.005625 0.0087619 0.000592105 -0.00100587 0.00688525 0.00135338 0.00177285 0.00289231 0.0113855
internal_weight=3816 1984 1832 1664 1559 367 314 151 1192 182 132 1082 974 165
internal_count=3816 1984 1832 1664 1559 367 314 151 1192 182 132 1082 974 165
is_linear=0
shrinkage=0.03


Tree=115
num_leaves=15
num_cat=0
split_feature=80 66 34 29 7 39 3 71 29 17 26 27 3 71
split_gain=17.3798 13.2999 13.2486 14.9469 14.0534 12.6935 21.5439 17.0473 16.7634 19.8035 15.5898 13.9397 11.5014 11.3593
threshold=85.216893911361709 -321.72467041015619 0.17287356321839084 0.89605380168963999 5231.3618681014495 3122.1144633354111 16.125000000000004 13.500000000000002 0.95761545572971396 35.000000000000007 114.50000000000001 0.88556547619047621 12.708333333343036 6.5000000000000009
decision_type=10 8 10 10 10 10 2 8 10 2 2 10 2 10
left_child=1 -1 3 -3 13 8 7 -7 9 -2 -8 -11 -10 -4
right_child=5 2 4 -5 -6 6 10 -9 12 11 -12 -13 -14 -15
leaf_value=-1.2983023615718448 1.3336749545869557 -0.0012010628728158724 0.061623066656118913 0.33727134467280223 0.83725985961195715 -1.009445762010325 2.0002149729904279 0.024835323684359957 -0.99790875377678567 -0.23602744188451752 -0.26054179426697066 0.52452520520863211 0.18378580865018562 -0.19288064502541416
leaf_weight=65 239 655 418 302 89 75 76 53 49 80 46 199 59 1409
leaf_count=65 239 655 418 302 89 75 76 53 49 80 46 199 59 1409
internal_value=0.000330275 -0.000775774 -0.000469729 0.00241127 -0.00190923 0.00403649 -0.00167331 -0.0102326 0.00631579 0.00855491 0.00731707 0.00310714 -0.00440367 -0.00247812
internal_weight=3814 2938 2873 957 1916 876 250 128 626 518 122 279 108 1827
internal_count=3814 2938 2873 957 1916 876 250 128 626 518 122 279 108 1827
is_linear=0
shrinkage=0.03


Tree=116
num_leaves=15
num_cat=0
split_feature=28 6 40 61 40 28 43 39 36 14 66 85 65 32
split_gain=12.3583 12.1121 14.6836 13.3919 15.5575 15.0326 14.2016 12.4159 13.4988 12.9419 12.0777 11.148 9.96132 14.6124
threshold=485.00000000000006 690.00000000000011 34.185151541276149 0.069739810485590345 1046.0337190696089 149.50000000000003 663.71725392824351 2364.198827776172 0.18063922356091033 339.74970664243932 -110.05908977985381 15.846431692441309 0.93114619063586301 0.31698564593301443
decision_type=2 10 10 8 10 2 8 10 10 10 10 8 10 8
left_child=1 2 -1 -4 6 -6 7 9 -9 -5 -10 -11 -3 -14
right_child=-2 12 3 4 5 -7 -8 8 10 11 -12 -13 13 -15
leaf_value=0.59170994190635595 -1.151411462622155 0.00050348219273893611 0.27807611229941664 -0.088554246795776684 0.35422157795926379 0.038526974231695349 -0.6132381431633207 0.22670926260612589 -0.0018263980550233682 -0.094435628683605791 -0.66896525747722124 1.1359333102073457 -0.42493119148806469 0.20152423977550646
leaf_weight=112 59 1655 301 280 88 183 114 55 57 77 92 106 502 136
leaf_count=112 59 1655 301 280 88 183 114 55 57 77 92 106 502 136
internal_value=7.85752e-06 0.000223464 0.00235334 0.00148449 -0.00011396 0.00606618 -0.00226343 -0.000583832 -0.00673171 0.00213362 -0.0114 0.00831522 -0.00113775 -0.00431925
internal_weight=3817 3758 1465 1353 1052 271 781 667 204 463 149 183 2293 638
internal_count=3817 3758 1465 1353 1052 271 781 667 204 463 149 183 2293 638
is_linear=0
shrinkage=0.03


Tree=117
num_leaves=15
num_cat=0
split_feature=67 0 9 77 7 81 64 26 3 3 77 75 17 3
split_gain=18.8852 13.4021 25.8659 18.4557 14.2173 14.4613 12.9429 12.5505 10.9306 13.8376 11.3982 16.1701 19.721 16.8654
threshold=-261.95527132919852 307.50000000000006 270.00000000000006 122.25493597984315 5123.2697457641034 1546.7510825395586 4.3434489844474236 171.50000000000003 23.125000000000004 21.041666666656969 -69.598561823368058 509.86114811897284 25.500000000000004 15.708333333343036
decision_type=8 2 2 10 10 8 8 2 2 2 10 8 2 2
left_child=-1 3 6 4 5 -2 -3 -5 9 10 -7 12 -12 -13
right_child=1 2 -4 7 -6 8 -8 -9 -10 -11 11 13 -14 -15
leaf_value=-1.6315215541061605 1.2980271775973564 0.58842163684484428 -0.49877540479024457 -0.52548120105074803 0.62958019091346629 -0.044893889195045542 2.6312820261348628 -0.064756335939004914 -0.54962145526484407 0.6637551939915568 0.025487326207995264 -0.18620961732687719 2.1914017769929597 0.79389574192615819
leaf_weight=65 51 48 67 77 139 2393 90 59 78 164 99 325 64 119
leaf_count=65 51 48 67 77 139 2393 90 59 78 164 99 325 64 119
internal_value=0 0.000278219 0.00771845 -0.000151303 0.000279639 -0.000118397 0.0151079 -0.0109489 -0.000370028 -9.47867e-05 -0.000559813 0.00310855 0.0111585 0.000134831
internal_weight=3838 3773 205 3568 3432 3293 138 136 3242 3164 3000 607 163 444
internal_count=3838 3773 205 3568 3432 3293 138 136 3242 3164 3000 607 163 444
is_linear=0
shrinkage=0.03


Tree=118
num_leaves=15
num_cat=0
split_feature=28 28 67 43 80 64 3 26 8 62 31 3 84 8
split_gain=16.0029 15.1102 24.3983 17.5925 16.9834 25.8815 15.0259 17.1649 14.8085 13.5107 13.3387 12.9478 12.3152 11.5559
threshold=485.00000000000006 217.50000000000003 448.47620174288755 554.78936544691999 -63.927437663078301 4.3968793131146109 15.625000000000002 140.50000000000003 1.8241177208404886 0.17730774178929729 34.766304347826093 14.375000000000002 -71.304321646690354 6.0885345621350027
decision_type=2 2 10 8 8 8 2 2 10 10 8 2 8 8
left_child=1 2 4 9 5 -1 10 -8 -7 -3 -5 -10 -13 -6
right_child=-2 3 -4 6 13 8 7 -9 11 -11 -12 12 -14 -15
leaf_value=-1.3672670467360424 -1.3389238080080768 0.32392608498021286 1.4004629067733134 -0.53284281509858689 -0.044954186637366646 -0.7855125093314056 -0.3730763510165912 0.85475277666552174 -0.79397913688145083 -0.12959994518854917 0.075040713916825305 0.31644299024156397 0.010638595936889157 0.2087355280739677
leaf_weight=135 54 781 77 216 1693 86 91 97 43 112 79 44 95 219
leaf_count=135 54 781 77 216 1693 86 91 97 43 112 79 44 95 219
internal_value=-0.000298195 -6.36774e-05 -0.00150439 0.00244009 -0.00205959 -0.00764851 -0.00216942 0.00444444 -0.00223048 0.00493289 -0.00638514 0.00262295 0.00707143 -0.000878202
internal_weight=3822 3768 2392 1376 2315 403 483 188 268 893 295 182 139 1912
internal_count=3822 3768 2392 1376 2315 403 483 188 268 893 295 182 139 1912
is_linear=0
shrinkage=0.03


Tree=119
num_leaves=15
num_cat=0
split_feature=0 9 67 81 82 77 16 62 79 67 68 65 70 26
split_gain=16.6557 26.6599 15.178 13.6524 12.7085 10.9884 11.274 19.9295 13.0327 13.4456 16.1667 12.7922 16.5276 15.2513
threshold=304.50000000000006 270.00000000000006 -239.93171453448676 1546.7510825395586 123.29898506402971 121.64101433753969 12.500000000000002 -0.12141781434491902 52.721247598201387 -39.924524001609129 0.13920371705791459 0.92315479011255208 0.40833333333333338 100.50000000000001
decision_type=2 2 8 8 8 10 2 8 10 10 10 8 10 2
left_child=2 4 -1 -4 -2 6 11 -8 9 -9 -11 -5 -13 -14
right_child=1 -3 3 5 -6 -7 7 8 -10 10 -12 12 13 -15
leaf_value=-1.5979098210468026 0.58398334416331621 -0.2158113624667608 1.1342372070897391 0.5092317823212078 3.24086800421856 -0.26328416170631991 0.33274104880468236 -0.0034390768600812737 -0.48829270901380634 -0.60905913253820543 0.20278200749895461 0.23782273238764828 -0.18439381554516571 0.11674353586932013
leaf_weight=88 62 71 47 296 85 148 304 1152 166 293 104 153 495 432
leaf_count=88 62 71 47 296 85 148 304 1152 166 293 104 153 495 432
internal_value=-9.23788e-05 0.00794521 -0.000570807 -0.000267335 0.0152027 -0.000482506 -0.000132509 -0.00155941 -0.00281469 -0.00195484 -0.00670854 0.00196078 0.000444033 -0.00106681
internal_weight=3896 218 3678 3590 147 3543 3395 2019 1715 1549 397 1376 1080 927
internal_count=3896 218 3678 3590 147 3543 3395 2019 1715 1549 397 1376 1080 927
is_linear=0
shrinkage=0.03


Tree=120
num_leaves=15
num_cat=0
split_feature=0 76 82 31 80 42 9 16 7 39 27 69 4 0
split_gain=13.4789 32.329 15.2047 10.4403 17.2456 12.109 10.9768 13.764 17.9936 11.0187 10.2924 10.6021 9.92036 15.9628
threshold=307.50000000000006 -85.565303683280931 115.64123360315959 12.947777777777778 221.62198543548587 107.00795543193819 210.00000000000003 4.5000000000000009 2820.3385568185263 3375.480070074595 0.98518437225636535 -38.312863889245868 8.5000000000000018 -27.499999999999996
decision_type=2 10 8 8 10 8 2 2 8 10 10 10 2 2
left_child=3 2 -2 4 5 6 7 -1 -9 -10 11 -8 13 -5
right_child=1 -3 -4 12 -6 -7 10 8 9 -11 -12 -13 -14 -15
leaf_value=0.84414230313883032 0.64599563204493049 -0.49871653646457276 3.4666975615499585 -0.69388708494838425 1.0545959490979309 -0.23228524385816002 0.66718627158493415 -0.48550576566613984 0.51506792381239064 -0.35424553036168355 -0.10785641722870487 0.08318628008943843 0.04854277436950391 -0.010398258478837095
leaf_weight=102 61 68 74 318 88 403 259 237 169 48 104 142 528 1173
leaf_count=102 61 68 74 318 88 403 259 237 169 48 104 142 528 1173
internal_value=0.000588079 0.00808824 0.0165441 0.000159574 0.00200901 0.00122867 0.0029096 0 -0.00224176 0.00399083 0.00610672 0.00828358 -0.00126238 -0.0025134
internal_weight=3774 203 135 3571 1552 1464 1061 556 454 217 505 401 2019 1491
internal_count=3774 203 135 3571 1552 1464 1061 556 454 217 505 401 2019 1491
is_linear=0
shrinkage=0.03


Tree=121
num_leaves=15
num_cat=0
split_feature=0 76 69 67 69 81 77 0 45 77 0 80 4 38
split_gain=20.6726 22.7547 18.0755 13.6205 12.3777 11.216 10.4768 14.3043 12.7825 12.4262 13.6254 18.4448 16.6446 12.7711
threshold=307.50000000000006 -147.05795419216153 356.97567554960852 -261.95527132919852 -265.73906539253227 3849.0432204008107 107.6919767856598 129.50000000000003 7.5000000000000009 -241.54876583814618 10.500000000000002 146.03015339374545 7.5000000000000009 2549.8179284707853
decision_type=2 10 8 8 8 10 10 2 8 8 2 8 2 10
left_child=3 2 -2 -1 5 -5 8 -8 -6 10 11 -10 -12 -11
right_child=1 -3 -4 4 6 -7 7 -9 9 13 12 -13 -14 -15
leaf_value=-1.5126672477651979 -0.065008352456357416 -0.17564138852368974 2.5049917462265938 -0.10692781038504305 -0.16374067391720892 0.50418085609626473 -0.36309500247283055 0.27864398556807513 0.17707581231874819 -0.011847886855807132 0.11149069284526889 -0.48798879719597704 -0.86065468581037985 0.20654328216793033
leaf_weight=66 44 70 93 58 1173 102 114 41 91 875 53 44 126 879
leaf_count=66 44 70 93 58 1173 102 114 41 91 875 53 44 126 879
internal_value=-0.000399478 0.00879808 0.0158696 -0.000927408 -0.000674726 0.00745342 -0.00105976 -0.00865385 -0.000694016 0.000724988 -0.0047619 0.00242647 -0.0101667 0.0017094
internal_weight=3829 207 137 3622 3556 160 3396 155 3241 2068 314 135 179 1754
internal_count=3829 207 137 3622 3556 160 3396 155 3241 2068 314 135 179 1754
is_linear=0
shrinkage=0.03


Tree=122
num_leaves=15
num_cat=0
split_feature=0 9 0 43 64 83 37 32 77 77 77 42 76 3
split_gain=13.7515 17.164 14.4989 13.6651 22.0216 13.4901 18.6 14.3523 13.1509 12.3555 19.3711 14.8456 14.3108 13.8005
threshold=164.50000000000003 390.00000000000006 385.50000000000006 576.83658492047391 2.6469680483948723 -67.552277088165269 976.08841532694669 0.18634259259259262 -52.608513593673699 -54.499478757381432 122.25493597984315 20.666925191879276 1230.4449925422671 7.6250000000000009
decision_type=2 2 2 10 10 8 10 10 8 10 10 10 8 2
left_child=3 2 5 9 -5 8 -7 -8 -2 -1 11 12 -11 -13
right_child=1 -3 -4 4 -6 6 7 -9 -10 10 -12 13 -14 -15
leaf_value=-0.011492450250133004 0.30495662711343313 -0.28059045473038269 3.2668678037463406 0.0040098278533083776 -0.52452764404677454 -0.99522595203460384 0.38884883653035168 1.3662006344338982 -1.0178752593706115 2.5655007776124092 -0.54904691064316169 0.90667528448031465 0.46227006683897315 -0.14115852289245875
leaf_weight=1959 63 157 53 430 313 68 113 176 40 66 40 42 137 175
leaf_count=1959 63 157 53 430 313 68 113 176 40 66 40 42 137 175
internal_value=0.000391338 0.0042921 0.00694553 -0.000436295 -0.00399194 0.00520607 0.00796089 0.0112759 -0.00432692 0.000657025 0.00507592 0.00698337 0.0127941 0.00151376
internal_weight=3832 670 513 3162 743 460 357 289 103 2419 460 420 203 217
internal_count=3832 670 513 3162 743 460 357 289 103 2419 460 420 203 217
is_linear=0
shrinkage=0.03


Tree=123
num_leaves=15
num_cat=0
split_feature=1 5 39 53 25 16 85 85 0 79 33 3 0 8
split_gain=15.895 17.5484 14.1226 13.8794 13.7958 13.4669 15.2136 13.1003 14.2209 12.8341 12.7941 11.5892 16.6972 12.7056
threshold=659.08346462249767 2.9783738851547246 2396.2808199483848 5.5000000000000009 0.92907444668008055 14.500000000000002 -182.08251611391699 -143.53754854202268 -17.499999999999996 11.573522876300274 8.5294540229885083 15.708333333343036 216.50000000000003 5.5831731531721749
decision_type=2 10 10 8 10 2 8 8 2 10 8 2 2 10
left_child=1 -1 3 -3 5 6 -2 -6 -9 -10 -4 -12 13 -13
right_child=4 2 10 -5 7 -7 -8 8 9 -11 11 12 -14 -15
leaf_value=0.64585316857835129 -2.8367807000115919 -0.21502282743609871 0.8816500346390479 0.20829529850749082 0.57112906306495581 -0.26699469641989004 -0.0058685274840024702 -0.42597591921091954 -0.068604281081561982 0.24843304741727634 -0.28058716499119651 -0.39436137152787409 1.7947842492840664 0.72577182380262795
leaf_weight=158 40 200 60 713 81 683 652 141 370 199 327 99 41 57
leaf_count=158 40 200 60 713 81 683 652 141 370 199 327 99 41 57
internal_value=-0.000745683 0.00146739 0.000460614 0.00278993 -0.00243655 -0.00425145 -0.0012987 0.000719697 -0.000590717 0.00152632 -0.00317949 -0.00468571 0.00106061 -0.00343949
internal_weight=3821 1655 1497 913 2166 1375 692 791 710 569 584 524 197 156
internal_count=3821 1655 1497 913 2166 1375 692 791 710 569 584 524 197 156
is_linear=0
shrinkage=0.03


Tree=124
num_leaves=15
num_cat=0
split_feature=28 0 76 16 28 67 72 15 13 72 39 25 16 35
split_gain=13.8734 11.505 21.7198 12.0348 10.6144 11.854 11.8919 11.1616 10.4142 15.027 14.93 17.6904 14.6139 21.6409
threshold=485.00000000000006 307.50000000000006 -36.556874513626092 10.500000000000002 449.50000000000006 -261.95527132919852 -166.32264852523801 49.500000000000007 90.000000000000014 11.597105622291567 2174.2342784856505 0.84731934731934744 7.5000000000000009 16.428207547169816
decision_type=2 2 10 2 2 8 8 2 8 10 10 10 2 8
left_child=1 4 3 -3 5 -1 -7 8 9 10 11 -8 -10 -14
right_child=-2 2 -4 -5 -6 6 7 -9 12 -11 -12 -13 13 -15
leaf_value=-1.6247874045402744 -1.0863018026112294 3.4976464421851854 -0.20059569311450068 0.75362730415631773 0.37601613800203765 0.60343766603593463 -0.14970210490592134 -0.29683605548926795 0.070880681555829245 -0.35618489968425171 -0.0085647032370076547 0.45352423943810205 -0.30033101396109574 0.047606131634889193
leaf_weight=51 58 58 61 76 74 93 80 58 566 137 465 531 1006 491
leaf_count=51 58 58 61 76 74 93 80 58 566 137 465 531 1006 491
internal_value=0.000197057 0.000424226 0.0075 0.0142222 3.37743e-05 -0.000206956 8.75146e-06 -0.000287856 -5.49283e-05 0.00214992 0.00334262 0.00642157 -0.00135174 -0.00290387
internal_weight=3805 3747 195 134 3552 3478 3427 3334 3276 1213 1076 611 2063 1497
internal_count=3805 3747 195 134 3552 3478 3427 3334 3276 1213 1076 611 2063 1497
is_linear=0
shrinkage=0.03


Tree=125
num_leaves=15
num_cat=0
split_feature=65 53 17 81 82 57 35 64 0 81 36 80 81 80
split_gain=15.3712 16.9785 16.0402 18.6523 15.9749 22.8544 25.7547 15.7064 15.6172 13.3318 13.0095 11.9178 11.6421 11.6245
threshold=0.92926644237299272 5.5000000000000009 41.500000000000007 6775.2487986087808 127.88824037710826 7.5000000000000009 13.518082788671025 4.3148947322195417 262.50000000000006 7162.4571905136117 0.20761973875181425 -82.646275639533982 8527.4631675481814 -82.646275639533982
decision_type=10 10 2 10 10 10 8 10 2 10 10 10 8 8
left_child=4 12 13 10 7 6 9 -1 -9 -6 11 -4 -2 -3
right_child=1 2 3 -5 5 -7 -8 8 -10 -11 -12 -13 -14 -15
leaf_value=-0.0014933327843119275 -0.72842954223559353 -0.75593524126506284 -0.098925424070030382 0.23776028768618532 0.16934845127060447 2.2015193549469543 -0.92635347312952288 0.25180653278490706 1.8006576786553115 2.0637929661587715 -0.40833067098628817 0.51635485649071755 -2.7253151695853233 -0.19046114305155504
leaf_weight=2061 42 66 102 172 96 121 51 115 42 41 253 96 42 509
leaf_count=2061 42 66 102 172 96 121 51 115 42 41 253 96 42 509
internal_value=0.000102362 -0.0025721 -0.00165138 0.00168269 0.00145965 0.00783871 0.00126984 0.000567823 0.00968354 0.00804348 -0.00152655 0.00422111 -0.0155294 -0.00526042
internal_weight=3809 1282 1198 623 2527 309 188 2218 157 137 451 198 84 575
internal_count=3809 1282 1198 623 2527 309 188 2218 157 137 451 198 84 575
is_linear=0
shrinkage=0.03


Tree=126
num_leaves=15
num_cat=0
split_feature=81 28 38 71 3 8 64 29 76 30 85 49 15 33
split_gain=13.5238 12.0273 11.7279 18.208 17.4695 16.7518 16.4597 15.9653 20.6627 14.1054 14.6497 14.0608 13.3481 16.1966
threshold=1506.3282308578493 485.00000000000006 3011.0612762949486 13.500000000000002 15.625000000000002 6.0015029857437598 5.679453871472357 0.92539052986814185 154.58470845222476 24.450000000000003 167.82542705535892 7.5000000000000009 21.500000000000004 18.508288409703507
decision_type=8 2 10 8 2 10 10 10 10 10 8 8 2 10
left_child=-1 2 5 4 6 9 -4 8 12 -2 -11 -7 -5 -14
right_child=1 -3 3 7 -6 11 -8 -9 -10 10 -12 -13 13 -15
leaf_value=2.0672588901229605 -0.031197272838318586 -1.030889793344359 -0.021713236420908711 -0.60622826516015249 0.12615564639447224 0.89380168146823324 -1.1003652561149759 1.0180063726478181 1.5981094494131358 -0.85699684239059426 -0.033250613991650246 -0.070015522400835403 0.29354671855752534 -0.085511144700482919
leaf_weight=42 1782 59 352 72 277 124 115 120 79 181 196 42 182 155
leaf_count=42 1782 59 352 72 277 124 115 120 79 181 196 42 182 155
internal_value=1.58772e-05 -0.000176612 4.0783e-05 0.00226164 -0.000885906 -0.00125107 -0.00442308 0.00610837 0.00368098 -0.00195833 -0.00722222 0.00790419 0.00095122 0.00346154
internal_weight=3778 3736 3677 1352 744 2325 467 608 488 2159 377 166 409 337
internal_count=3778 3736 3677 1352 744 2325 467 608 488 2159 377 166 409 337
is_linear=0
shrinkage=0.03


Tree=127
num_leaves=15
num_cat=0
split_feature=60 41 41 45 81 32 34 27 32 83 43 76 65 32
split_gain=17.807 14.1739 14.9999 12.2773 11.4877 11.0973 10.6318 13.6388 13.7971 14.1298 14.8203 13.2539 16.2028 11.6148
threshold=-107.04284620285033 -70.736657738685594 45.230598330497749 7.5000000000000009 17583.166187167171 0.33809523809523817 0.1908263305322129 0.89922011970255744 0.17712418300653598 -269.54037213325495 20.390017186916953 1090.5480399131777 0.93677414044421492 0.24621212121212124
decision_type=8 10 10 10 10 10 8 10 10 8 10 8 10 10
left_child=5 3 4 -2 -3 -1 -4 11 -9 -10 -11 -8 13 -13
right_child=1 2 6 -5 -6 -7 7 8 9 10 -12 12 -14 -15
leaf_value=-0.96380195916864675 0.015494910454761167 -0.060949967671790541 0.13076788847034859 0.46545118873623864 -0.82736354288838299 0.36581036358187752 -0.4076836674258611 -0.35802070162560423 -0.63867517283308028 -0.36488637600622997 0.34265739658002642 0.1695375528520677 -0.95212228097469798 -0.28102074072085687
leaf_weight=179 391 1175 502 185 95 40 89 127 66 42 689 130 61 67
leaf_count=179 391 1175 502 185 95 40 89 127 66 42 689 130 61 67
internal_value=-3.12581e-05 0.000472376 -0.000344941 0.00478336 -0.00283242 -0.00831818 0.00143743 -2.35849e-05 0.00188108 0.00334586 0.00454918 -0.00508621 -0.00162162 0.00257576
internal_weight=3838 3619 3043 576 1270 219 1773 1271 924 797 731 347 258 197
internal_count=3838 3619 3043 576 1270 219 1773 1271 924 797 731 347 258 197
is_linear=0
shrinkage=0.03


Tree=128
num_leaves=15
num_cat=0
split_feature=79 0 13 65 4 66 68 70 16 66 85 40 43 14
split_gain=17.4564 17.6036 13.8748 13.5176 13.3712 13.3879 12.4825 11.8674 16.9709 10.8322 11.0487 10.7911 10.3986 10.3619
threshold=275.37175887992549 355.00000000000006 90.000000000000014 0.92569678480918383 8.5000000000000018 -301.5292574167251 -0.055278128247693473 0.91987179487179505 13.500000000000002 109.58274471759798 176.55637625853225 701.74781815021186 807.91371676281858 761.76300300386606
decision_type=10 2 8 8 2 8 8 10 2 10 10 10 10 10
left_child=1 2 9 -3 5 -4 -2 8 12 -1 -11 -8 -7 -6
right_child=6 3 4 -5 13 7 11 -9 -10 10 -12 -13 -14 -15
leaf_value=0.12966714430300444 0.16834164721475781 1.8265037580962058 -2.0176179664907479 0.15268878003743241 0.07416558267997253 0.65244550103117782 -0.82278101575939089 -0.27162681849016762 -0.090506958513687841 -0.2013145382005615 1.1358470253971817 -0.061222039758958187 -0.012790978051567538 0.90924330302180889
leaf_weight=1060 40 50 53 72 368 145 56 1035 410 241 58 89 84 71
leaf_count=1060 40 50 53 72 368 145 56 1035 410 241 58 89 84 71
internal_value=9.39212e-05 0.000550987 0.000161656 0.0117073 -0.00132903 -0.00251736 -0.00887097 -0.00204179 0.00117187 0.00253676 -0.0025 -0.0129452 0.00769565 0.00334091
internal_weight=3832 3647 3525 122 2166 1727 185 1674 639 1359 299 145 229 439
internal_count=3832 3647 3525 122 2166 1727 185 1674 639 1359 299 145 229 439
is_linear=0
shrinkage=0.03


Tree=129
num_leaves=15
num_cat=0
split_feature=28 0 66 7 28 85 66 9 65 81 68 52 75 39
split_gain=15.237 12.6007 18.5228 14.153 13.3714 14.1896 19.1319 16.7899 12.719 11.8806 11.6463 14.8602 14.3093 12.5676
threshold=476.50000000000006 77.500000000000014 143.50935471057895 5195.1445863448107 449.50000000000006 -79.220352927843706 101.5181646347046 150.00000000000003 0.81686705494914091 24570.887790799145 0.011812562265405458 488.89654541015631 2.4272594451904301 166.38796533469593
decision_type=2 2 10 10 2 10 8 2 8 10 8 8 10 10
left_child=1 2 4 8 5 6 7 -1 -3 -7 12 -12 -8 -13
right_child=-2 3 -4 -5 -6 9 10 -9 -10 -11 11 13 -14 -15
leaf_value=-0.068804348057423859 -0.85405427461633787 0.92783449787793437 -0.21378658726942132 1.6633782978221154 0.42373705338698453 0.1215483274743748 0.012474589719549484 -1.2312388556793401 0.021917485661620082 -1.0294086640197826 -0.38576796526809215 -0.37665397898120273 1.2952674073074817 0.022443235726026627
leaf_weight=227 63 172 235 77 44 894 182 195 1063 43 141 75 78 355
leaf_count=227 63 172 235 77 44 894 182 195 1063 43 141 75 78 355
internal_value=-1.56047e-05 0.000230037 -0.00103239 0.00260472 -0.000187919 -0.00052031 -0.00260766 -0.00780142 0.00182039 0.00227079 3.60577e-05 -0.00236014 0.00528736 0.000417633
internal_weight=3844 3781 2469 1312 2234 2190 1253 422 1235 937 831 571 260 430
internal_count=3844 3781 2469 1312 2234 2190 1253 422 1235 937 831 571 260 430
is_linear=0
shrinkage=0.03


Tree=130
num_leaves=15
num_cat=0
split_feature=67 3 43 48 38 8 81 60 3 3 42 26 37 16
split_gain=16.7569 15.7939 15.1489 20.5432 13.1953 19.6979 19.2996 15.9783 14.2512 14.6972 29.3992 14.1127 16.3079 13.5909
threshold=56.777191337786313 2.2083333333430351 503.53981258949312 -70.005078633626297 2980.7214678306295 5.5316578159302781 1546.7510825395586 713.92004549503338 16.958333333343038 14.875000000000002 117.39192199707033 117.50000000000001 234.94624767410878 18.500000000000004
decision_type=8 2 10 10 10 10 8 10 2 2 10 2 8 2
left_child=2 -2 3 -1 5 6 -3 8 9 10 -8 12 -10 -6
right_child=1 4 -4 -5 13 -7 7 -9 11 -11 -12 -13 -14 -15
leaf_value=0.48431933931945603 -0.16338502312823405 1.5126763960686247 -0.57038059939831065 -0.11000122827350919 0.068627833744183797 0.79321224337873575 0.027013467547765586 0.50570946154417684 0.19237404167576344 0.30345054557349083 -0.82724990928266684 0.021259961091771442 -0.59819136598816314 0.95447557259155191
leaf_weight=153 194 47 300 568 622 140 625 108 65 218 197 107 279 234
leaf_count=153 194 47 300 568 622 140 625 108 65 218 197 107 279 234
internal_value=-2.33281e-05 0.0011632 -0.00331703 -0.000955679 0.00177072 0.000302182 -0.000619308 -0.00118125 -0.00199062 -5.76369e-05 -0.0018955 -0.00643805 -0.0093913 0.00483081
internal_weight=3857 2836 1021 721 2642 1786 1646 1599 1491 1040 822 451 344 856
internal_count=3857 2836 1021 721 2642 1786 1646 1599 1491 1040 822 451 344 856
is_linear=0
shrinkage=0.03


Tree=131
num_leaves=15
num_cat=0
split_feature=65 42 64 79 81 0 53 39 71 82 8 29 35 3
split_gain=12.166 13.698 13.3332 17.303 11.9242 11.2319 11.0158 11.8204 11.1031 10.6591 10.2063 15.1862 17.4211 14.3412
threshold=0.92926644237299272 -208.83164739608762 4.1350097637415333 8.9557193095525172 1546.7510825395586 71.500000000000014 5.5000000000000009 2256.8327613916181 10.500000000000002 55.276672840118415 5.481355959220874 0.93026373215287739 10.640319129969694 1.3750000000000002
decision_type=10 8 10 8 8 2 10 10 10 8 10 10 10 2
left_child=1 -1 4 -4 -3 -5 -2 -8 9 -9 13 12 -12 -6
right_child=6 2 3 5 10 -7 7 8 -10 -11 11 -13 -14 -15
leaf_value=1.1079425815901449 -1.572904041937371 1.1782918410171574 -0.7847342335275973 0.0013601161890234733 -0.52837516769866311 1.6164061979371369 0.071751588710893696 -1.381242660830295 -0.097344427704229686 -0.53920152447775116 0.33597374279851977 1.7740757304944759 -0.20907102178746639 -0.0054951915659983185
leaf_weight=62 81 54 43 53 58 126 593 48 472 78 89 72 89 1905
leaf_count=62 81 54 43 53 58 126 593 48 472 78 89 72 89 1905
internal_value=0.00022751 0.00142241 0.00107229 0.00807175 0.000383598 0.0121667 -0.00216811 -0.00143456 -0.00440735 -0.0122835 4.06504e-05 0.00573705 0.00100559 -0.000687373
internal_weight=3823 2551 2489 222 2267 179 1272 1191 598 126 2213 250 178 1963
internal_count=3823 2551 2489 222 2267 179 1272 1191 598 126 2213 250 178 1963
is_linear=0
shrinkage=0.03


Tree=132
num_leaves=15
num_cat=0
split_feature=1 81 66 63 27 36 54 76 14 70 77 37 8 42
split_gain=13.4547 14.9286 8.93526 8.61171 12.9815 12.0736 11.3594 10.9003 12.2597 9.50359 8.94915 12.7908 12.0605 10.6637
threshold=679.7200324535371 1546.7510825395586 -325.7490980625152 139.00629703665862 0.98561076604554876 0.2242184982275218 2550.0000000000005 180.52092397212985 429.46670079490315 0.91287878787878796 -141.24618506431577 95.962149087842661 4.6513483211105111 87.64442098140718
decision_type=2 8 8 8 8 10 10 10 10 10 10 10 10 10
left_child=1 -1 -3 5 10 7 -6 8 -2 -10 12 -12 13 -5
right_child=3 2 -4 4 6 -7 -8 -9 9 -11 11 -13 -14 -15
leaf_value=1.4319473489560508 -0.61300280356531689 -0.96801597620600499 0.048952684604898357 0.16130113695929285 -0.69679933792212978 -0.47308242809413575 0.0061535023354213078 0.37819951773859217 -0.43624231394942514 0.35749489740198631 -0.51802041371549068 0.08588226300764866 0.89157946973813218 -0.045680804938848137
leaf_weight=41 76 44 2475 132 52 332 51 74 40 92 48 194 50 115
leaf_count=41 76 44 2475 132 52 332 51 74 40 92 48 194 50 115
internal_value=0.000298664 0.00154627 0.00125 -0.00224344 0.000186625 -0.00478049 -0.00951923 -0.000212014 -0.00373206 0.00180451 0.00205556 -0.00222222 0.00553691 0.00278226
internal_weight=3816 2560 2519 1256 642 614 103 282 208 132 539 242 297 247
internal_count=3816 2560 2519 1256 642 614 103 282 208 132 539 242 297 247
is_linear=0
shrinkage=0.03


Tree=133
num_leaves=15
num_cat=0
split_feature=28 0 9 81 77 28 62 74 8 70 65 5 64 67
split_gain=15.5731 12.435 16.9257 13.2196 11.4749 18.9669 26.6088 16.4628 14.1298 16.7823 13.1523 12.3729 12.2689 11.9926
threshold=485.00000000000006 385.50000000000006 210.00000000000003 1546.7510825395586 107.6919767856598 260.50000000000006 0.05738616300595363 29.377739313016733 4.0928469710597613 0.93933823529411775 0.82120367045437104 16.801017284393314 6.6071031178550541 -239.93171453448676
decision_type=2 2 2 8 10 2 8 10 10 10 8 10 10 8
left_child=1 3 -3 -1 5 10 12 -6 -8 -10 11 -5 -7 -12
right_child=-2 2 -4 4 7 6 8 -9 9 -11 13 -13 -14 -15
leaf_value=1.3889889284873695 -1.1688745373180613 3.0640843671738285 -0.18128386042957745 -0.24289962367540149 -0.44589913445454654 0.79441598893871646 0.079811164262301726 0.15383797923948278 0.25992696439073004 -1.094202606180537 -1.4221747746923388 0.93863313937038917 -0.14757837639985297 -0.029375691988074663
leaf_weight=55 58 54 41 58 117 308 137 49 40 80 54 113 50 2607
leaf_count=55 58 54 41 58 117 308 137 49 40 80 54 113 50 2607
internal_value=3.92465e-05 0.000278959 0.0109375 0 -0.000224128 0.000147912 0.00491883 -0.00790419 -0.00244186 -0.00991736 -0.000889516 0.00715116 0.010195 -0.00140872
internal_weight=3821 3763 95 3668 3613 3447 615 166 257 120 2832 171 358 2661
internal_count=3821 3763 95 3668 3613 3447 615 166 257 120 2832 171 358 2661
is_linear=0
shrinkage=0.03


Tree=134
num_leaves=15
num_cat=0
split_feature=67 9 63 68 15 43 80 61 41 7 7 64 8 65
split_gain=13.4035 19.6928 12.7401 13.7758 14.8181 13.3872 13.1636 15.8902 12.5809 12.4909 15.8602 11.9918 15.8217 16.5489
threshold=-184.14710521099093 150.00000000000003 -241.11394063845037 -0.17533051296747018 28.500000000000004 623.18503463623563 -23.468756794929501 0.94314820142942957 408.78963303565985 2576.0842226591053 2802.658439235604 5.7920761269129395 5.917610112545316 0.96198062156380149
decision_type=8 2 8 8 2 10 8 8 10 10 10 10 10 8
left_child=1 -1 5 -4 6 -2 7 -5 11 -6 -11 12 13 -8
right_child=2 -3 3 4 9 -7 8 -9 -10 10 -12 -13 -14 -15
leaf_value=0.16264329795938579 0.99046496468021306 -1.7153192238076045 -0.23049611720541718 -0.5405851107384354 0.40445984120838074 -0.018353077325346589 0.43978196891842397 0.079859135428440448 -0.72782829271203675 -0.17121017940847885 0.088725702736783207 -0.57287270826004544 0.49689200159074987 -0.017696469190032395
leaf_weight=93 86 98 254 405 161 49 368 206 52 58 377 120 192 1330
leaf_count=93 86 98 254 405 161 49 368 206 52 58 377 120 192 1330
internal_value=7.01299e-05 -0.00765625 0.00047554 0.000127696 0.000651376 0.00948529 -0.000302917 -0.00416667 0.000843432 0.00492462 0.00227064 0.00122327 0.00180857 0.000882872
internal_weight=3849 191 3658 3523 3269 135 2673 611 2062 596 435 2010 1890 1698
internal_count=3849 191 3658 3523 3269 135 2673 611 2062 596 435 2010 1890 1698
is_linear=0
shrinkage=0.03


Tree=135
num_leaves=15
num_cat=0
split_feature=1 45 29 68 79 9 28 29 3 62 72 62 3 68
split_gain=13.6287 12.0175 12.6522 12.5131 10.945 12.5809 14.5966 15.7806 12.3724 21.1999 10.6214 13.6678 10.615 10.3574
threshold=665.53867006301891 7.5000000000000009 0.98431348425196863 -0.2051324581469772 48.659383239464489 150.00000000000003 127.50000000000001 0.94862368024132737 20.458333333343038 0.26370371482235017 67.673326373100295 -0.24264590319649901 20.375000000000004 -0.044364749998917943
decision_type=2 8 10 8 10 2 2 10 2 10 10 10 2 10
left_child=1 2 10 -3 5 6 -5 -8 9 13 11 -1 -13 -7
right_child=-2 3 -4 4 -6 8 7 -9 -10 -11 -12 12 -14 -15
leaf_value=0.14794790182634443 -0.093240640283301701 -0.25246482846637502 0.4366894520750203 1.0230099610556191 -0.069233651864006526 0.096807008225917007 0.1075567702486576 -0.53965663010821063 2.1494018017185783 -0.48127546728659609 -0.87752352474399897 -0.35802446519921743 0.54391779417573149 0.47155846105579285
leaf_weight=145 1425 110 52 49 115 251 612 126 83 45 40 565 41 191
leaf_count=145 1425 110 52 49 115 251 612 126 83 45 40 565 41 191
internal_value=-0.000218125 0.00115004 -0.00174171 0.00269109 0.00342159 0.00417526 0.0017132 0.000649526 0.00756567 0.00571721 -0.00268939 -0.001875 -0.00385502 0.00772009
internal_weight=3850 2425 843 1582 1472 1357 787 738 570 487 791 751 606 442
internal_count=3850 2425 843 1582 1472 1357 787 738 570 487 791 751 606 442
is_linear=0
shrinkage=0.03


Tree=136
num_leaves=15
num_cat=0
split_feature=67 28 28 64 76 34 64 57 4 7 60 58 28 82
split_gain=16.7772 12.3656 18.9649 22.5092 17.8337 13.3682 12.9667 16.5959 20.1305 12.8025 16.6659 12.455 12.2922 14.0915
threshold=596.58559644527941 204.50000000000003 184.50000000000003 4.4334419921958697 240.53360772132876 0.17445652173913045 3.5650453555733912 7.5000000000000009 7.5000000000000009 2522.4357818064095 233.78114628791812 23.281450629234318 494.00000000000006 52.656770169734962
decision_type=10 2 2 10 8 8 10 10 2 10 10 10 2 10
left_child=1 2 4 -4 5 -1 7 9 -9 10 -3 -10 13 -8
right_child=-2 6 3 -5 -6 -7 12 8 11 -11 -12 -13 -14 -15
leaf_value=-0.013522420712766266 0.94532305189217081 -0.24310015478700706 -0.75283812969788577 0.3878890501794498 -0.0036768076049327248 -0.69578887625570318 0.10711323048850134 0.062511977194455448 1.6691577921926906 0.17620269611255246 0.19464353253986999 0.81091419829573164 -1.1158484203973797 -0.46476654593879402
leaf_weight=67 128 142 271 42 1653 77 512 252 98 205 57 59 40 204
leaf_count=67 128 142 271 42 1653 77 512 252 98 205 57 59 40 204
internal_value=-0.000401786 -0.000774457 -0.0022738 -0.00907643 -0.00108454 -0.0111724 0.00124204 0.00386978 0.00812195 -0.000444444 -0.00585 0.016519 -0.0015852 -0.000669456
internal_weight=3807 3679 2110 313 1797 144 1569 813 409 404 199 157 756 716
internal_count=3807 3679 2110 313 1797 144 1569 813 409 404 199 157 756 716
is_linear=0
shrinkage=0.03


Tree=137
num_leaves=15
num_cat=0
split_feature=65 0 76 53 39 17 22 36 81 82 77 77 7 32
split_gain=15.0048 13.7821 22.3441 12.2679 15.5538 14.7752 13.4066 14.3852 12.0902 11.8909 11.7951 11.1274 13.3135 10.823
threshold=0.93114619063586301 307.50000000000006 -85.565303683280931 5.5000000000000009 1546.7600317339788 24.500000000000004 1.0054835081100466 0.26013698630136989 1546.7510825395586 123.29898506402971 -183.1619641780853 122.25493597984315 5046.7826956723011 0.21525096525096529
decision_type=10 2 10 10 10 2 2 10 8 8 10 10 10 10
left_child=1 8 9 10 -5 -6 -7 -8 -1 -3 -2 12 -10 -13
right_child=3 2 -4 4 5 6 7 -9 11 -11 -12 13 -14 -15
leaf_value=0.93139429332803536 -0.080717955502382352 0.51864182548453952 -0.16645943016899006 0.19040797687382316 -1.0486692846457968 0.18440370292478497 -0.025521168152431096 -0.56949319393072473 0.013868566339948528 3.177173249133026 -2.8103661937619409 0.0014566279443099261 0.74931763669975393 -0.46677032616723851
leaf_weight=45 49 48 60 304 75 107 490 199 2126 65 40 43 87 41
leaf_count=45 49 48 60 304 75 107 490 199 2126 65 40 43 87 41
internal_value=0.00034127 0.00168124 0.00982759 -0.00232411 -0.0015051 -0.00354358 -0.00233375 -0.00386957 0.00107554 0.0176316 -0.013 0.000770235 0.00117886 -0.00988235
internal_weight=3779 2515 173 1264 1175 871 796 689 2342 113 89 2297 2213 84
internal_count=3779 2515 173 1264 1175 871 796 689 2342 113 89 2297 2213 84
is_linear=0
shrinkage=0.03


Tree=138
num_leaves=15
num_cat=0
split_feature=28 30 0 3 45 25 56 79 56 54 45 0 65 26
split_gain=14.1086 11.3981 11.9191 11.79 16.0743 12.9304 14.8387 12.7529 11.8595 10.9829 9.99344 12.4819 24.029 12.1008
threshold=491.50000000000006 22.450000000000003 -4.4999999999999991 5.7083333333430355 5.5000000000000009 0.90849282296650735 69.198091745376601 11.956173279112695 -16.199839353561398 4890.0000000000009 8.5000000000000018 255.00000000000003 1.014679103505556 71.500000000000014
decision_type=2 8 2 2 8 10 10 10 10 8 8 2 8 2
left_child=1 3 -3 7 5 -5 8 -1 -7 -6 13 -12 -13 -4
right_child=-2 2 10 4 9 6 -8 -9 -10 -11 11 12 -14 -15
leaf_value=-0.32166511088382177 -1.1247838332708031 -0.45710664017879743 0.3409638947817813 -0.70411893482196419 0.088798818453324907 -0.041948496718805059 -0.52277549266150558 0.24546632521276673 0.72611379074423543 0.65141185472619756 -0.051094167472246863 1.7692278522857905 -0.38980895686682721 0.020405883273738334
leaf_weight=147 54 291 43 113 1961 101 105 48 80 89 474 52 40 236
leaf_count=147 54 291 43 113 1961 101 105 48 80 89 474 52 40 236
internal_value=-0.000187744 3.17376e-05 -0.00248021 0.00111153 0.00167755 -0.003825 -0.000418118 -0.00596939 0.00478022 0.00274988 -0.000673759 -0.00296296 0.00709677 0.00396429
internal_weight=3834 3780 1136 2644 2449 399 286 195 181 2050 845 566 92 279
internal_count=3834 3780 1136 2644 2449 399 286 195 181 2050 845 566 92 279
is_linear=0
shrinkage=0.03


Tree=139
num_leaves=15
num_cat=0
split_feature=42 6 65 3 7 29 3 8 4 28 29 3 82 39
split_gain=13.9533 14.0606 11.5985 13.7788 13.2113 12.7676 10.617 13.8818 17.787 13.7971 13.5558 16.4611 17.1014 16.839
threshold=-257.1919234991073 690.00000000000011 1.1475745832130391 5.9583333333430355 3904.5492793696326 0.44033059697325078 15.541666666656967 2.3360535622895422 8.5000000000000018 280.50000000000006 0.98790302912053074 17.375000000000004 162.28652401765189 3885.1336429802545
decision_type=8 10 10 2 8 10 2 10 2 2 10 2 8 10
left_child=-1 2 3 -2 5 -5 7 -3 -9 10 11 -8 13 -13
right_child=1 6 -4 4 -6 -7 9 8 -10 -11 -12 12 -14 -15
leaf_value=2.3645289216082905 -0.11186232019921362 0.0078911647508923179 -0.5085559991968901 -0.1157425160331523 0.56675987296473052 0.086134853899725097 0.14098688577507462 -0.42635050509620293 -0.0067672195805116072 0.30176249932464827 0.60326415911978126 -0.65113619960071523 0.19319473860890687 0.50294341012601251
leaf_weight=52 198 394 75 42 182 943 220 630 313 144 49 378 118 60
leaf_count=52 198 394 75 42 182 943 220 630 313 144 49 378 118 60
internal_value=-0.000568571 -0.000784628 0.0015406 0.00217423 0.0034161 0.00203854 -0.00223667 -0.00396861 -0.0059428 0.000154639 -0.00134383 -0.0023166 -0.00506284 -0.00779043
internal_weight=3798 3746 1440 1365 1167 985 2306 1337 943 969 825 776 556 438
internal_count=3798 3746 1440 1365 1167 985 2306 1337 943 969 825 776 556 438
is_linear=0
shrinkage=0.03


Tree=140
num_leaves=15
num_cat=0
split_feature=67 3 28 80 64 43 69 29 80 19 68 85 3 81
split_gain=11.6518 14.5438 11.8429 17.2864 19.5926 15.718 18.9693 13.4693 12.5018 13.4772 15.4098 11.4801 10.879 10.5403
threshold=596.58559644527941 16.041666666656969 223.50000000000003 -63.927437663078301 4.3968793131146109 569.51409323227188 -15.479535174524607 0.90039077406847723 -101.50122702121733 270.00000000000006 0.0685278732435365 -17.052879075209294 1.5416666666569656 7749.3220781087884
decision_type=10 2 2 8 8 8 8 10 8 10 8 8 2 10
left_child=2 -2 3 4 7 8 11 -1 -4 10 -10 -7 -5 -6
right_child=1 -3 5 12 13 6 -8 -9 9 -11 -12 -13 -14 -15
leaf_value=-1.4380349444347407 -0.024590001187996788 1.6551342657626054 0.78552430123436956 -0.41334168766574375 -0.57203982318721658 -0.52782610159441634 0.020369782063400548 -0.072951633959664267 0.216326292273437 1.0809450055371754 -0.22328915318757458 -0.91742245326904337 0.0060429112226136261 0.071516385693241438
leaf_weight=96 69 60 98 82 116 57 321 43 462 120 184 54 1908 166
leaf_count=96 69 60 98 82 116 57 321 43 462 120 184 54 1908 166
internal_value=0.000172009 0.009 -0.00013754 -0.0013806 -0.00689573 0.00217425 -0.00249423 -0.0160714 0.00450867 0.0032073 0.00148377 -0.013125 -0.000210949 -0.00233216
internal_weight=3836 129 3707 2411 421 1296 432 139 864 766 646 111 1990 282
internal_count=3836 129 3707 2411 421 1296 432 139 864 766 646 111 1990 282
is_linear=0
shrinkage=0.03


Tree=141
num_leaves=15
num_cat=0
split_feature=67 0 1 82 28 36 39 8 83 84 27 81 77 34
split_gain=14.7313 11.0955 9.59041 9.07406 18.5414 15.3406 14.2608 17.8819 15.1098 19.0373 16.3214 15.1512 18.6803 14.2047
threshold=596.58559644527941 299.50000000000006 623.82469952106487 -23.599052131175991 230.50000000000003 0.23038461538461544 2345.9196444808044 4.4598949866308102 -230.78743052482602 -111.05375019709268 0.93868600071607611 11765.18967652321 -170.43623745441434 0.13840996168582378
decision_type=10 2 2 8 2 8 8 8 8 8 10 8 10 10
left_child=2 -2 -1 4 -4 -6 8 -8 -5 -10 11 -11 -13 -9
right_child=1 -3 3 6 5 -7 7 13 9 10 -12 12 -14 -15
leaf_value=0.1294070970805925 0.24011335165905037 1.4619966493552425 -0.40029100718568128 -0.57184555715478269 0.48647652106743217 -0.032672728735260184 -0.32266409119212763 -0.1181859193589193 0.89048365248411643 0.27570565344533915 -0.17851711467662751 -0.28787269285603895 0.22379487589277333 0.13236202632278399
leaf_weight=455 75 45 499 46 83 108 361 253 62 601 444 198 144 455
leaf_count=455 75 45 499 46 83 108 361 253 62 601 444 198 144 455
internal_value=-0.000383812 0.00991736 -0.000719677 -0.00129032 -0.00434153 0.00359375 -0.000467836 -0.00311215 0.0014238 0.00196552 0.00123199 0.00346398 -0.00157434 -0.000338505
internal_weight=3829 120 3709 3254 690 191 2564 1069 1495 1449 1387 943 342 708
internal_count=3829 120 3709 3254 690 191 2564 1069 1495 1449 1387 943 342 708
is_linear=0
shrinkage=0.03


Tree=142
num_leaves=15
num_cat=0
split_feature=0 9 77 8 77 8 3 80 67 6 64 16 37 31
split_gain=11.8032 17.4306 11.6612 14.0212 11.1333 21.1091 16.4978 19.0107 13.8087 11.1316 10.971 10.5384 12.4451 11.5376
threshold=355.00000000000006 270.00000000000006 121.64101433753969 7.6095631558242802 15.967813551425936 4.8440375778244009 8.4583333333430364 74.198228836059585 -267.0884508208224 690.00000000000011 6.3695432595534687 41.500000000000007 1460.5376049652061 14.894243421052634
decision_type=2 2 10 10 10 10 2 10 8 10 8 2 8 8
left_child=2 -2 3 4 8 6 -6 -8 -1 -10 -4 13 -13 -11
right_child=1 -3 10 -5 5 -7 7 -9 9 11 -12 12 -14 -15
leaf_value=-1.6145578263693185 1.9947213717687902 -0.14571959358233966 -1.0576696454167753 0.75715702278077512 1.6725319830485599 -0.12803887161687377 -0.0018370795706413858 1.4004760843465027 0.053243025162694906 0.026035504894362481 -0.057972423817487913 -1.0495584845165382 -0.0093733305359771073 -0.15373247608060964
leaf_weight=46 83 52 42 65 50 164 121 55 1184 1050 109 54 55 767
leaf_count=46 83 52 42 65 50 164 121 55 1184 1050 109 54 55 767
internal_value=0.000361724 0.00904412 4.78342e-05 0.000390365 0.000135326 0.00491049 0.010837 0.00644068 -0.000456129 -0.00021215 -0.00809211 -0.0016191 -0.0106364 -0.00107261
internal_weight=3897 135 3762 3611 3546 390 226 176 3156 3110 151 1926 109 1817
internal_count=3897 135 3762 3611 3546 390 226 176 3156 3110 151 1926 109 1817
is_linear=0
shrinkage=0.03


Tree=143
num_leaves=15
num_cat=0
split_feature=6 81 77 40 60 59 29 53 49 0 26 43 70 36
split_gain=13.6678 17.061 15.5422 15.9752 13.0352 15.2488 11.5782 10.8743 9.85173 12.0525 11.0522 21.6994 14.6685 16.2503
threshold=690.00000000000011 4668.6520421504983 -202.85004067420957 944.490587833002 545.25383734703075 -357.55865705013269 0.97202660406885777 8.5000000000000018 9.5000000000000018 371.50000000000006 104.50000000000001 503.53981258949312 0.91287878787878796 0.18971809715580168
decision_type=10 10 10 10 10 8 10 10 10 2 2 10 10 8
left_child=1 6 7 -4 5 -2 -1 -3 9 10 12 -12 -7 -14
right_child=4 2 3 -5 -6 8 -8 -9 -10 -11 11 -13 13 -15
leaf_value=0.23443919231102447 -0.12391732481818983 0.55894863987480981 -0.39215295686052021 0.082408312230271244 0.33003877189526126 0.053053129347293129 -0.35521686351699189 -0.074692100710920778 -0.21810255116766605 1.927068261913875 0.43335403291357621 -0.36216811121742237 0.20461297487242339 -0.51025315822328265
leaf_weight=770 331 92 330 157 140 342 79 69 526 41 373 169 86 385
leaf_count=770 331 92 330 157 140 342 79 69 526 41 373 169 86 385
internal_value=0.000215883 0.00246328 -0.00120185 -0.00387295 -0.00119048 -0.00174357 0.00525882 0.00685185 -0.000717629 0.000601288 0.000110619 0.00342541 -0.00210074 -0.00552966
internal_weight=3890 1497 648 487 2393 2253 849 161 1922 1396 1355 542 813 471
internal_count=3890 1497 648 487 2393 2253 849 161 1922 1396 1355 542 813 471
is_linear=0
shrinkage=0.03


Tree=144
num_leaves=15
num_cat=0
split_feature=0 3 3 77 41 65 80 82 48 77 28 62 45 31
split_gain=14.7939 11.0931 16.7216 16.1883 14.0064 12.6594 11.9382 10.8778 10.0334 13.8502 13.1673 17.4908 13.5214 15.7832
threshold=389.50000000000006 21.041666666656969 22.041666666656969 -102.10408639907835 324.79994058609014 0.96511356741892895 54.64910817146302 27.696646213531498 153.6290431817373 122.25493597984315 131.50000000000003 -0.20078273797319052 5.5000000000000009 13.196153846153846
decision_type=2 2 2 10 10 8 10 8 8 10 2 10 10 8
left_child=1 4 3 -3 8 -4 -7 -6 9 10 -1 -12 13 -13
right_child=-2 2 5 -5 7 6 -8 -9 -10 -11 11 12 -14 -15
leaf_value=-0.21735849042640601 1.0292562140564592 2.1438090577889768 -1.0230128352676615 0.052605503362484672 0.026097865061568439 0.57809290397619173 -0.20788019518806619 -0.60432336505661799 0.050926304020806383 -0.54789716282392809 0.13180745531263266 -0.10449195167225374 -0.017916828650727155 -1.0887329668438279
leaf_weight=290 85 67 58 60 42 85 64 78 538 42 558 158 1615 106
leaf_count=290 85 67 58 60 42 85 64 78 538 42 558 158 1615 106
internal_value=-9.35794e-05 -0.000374801 0.00483582 0.0133594 -0.000883897 -0.000432692 0.0042 -0.0109091 -0.000516929 -0.00124549 -0.000978739 -0.000258409 -0.00164362 -0.00792453
internal_weight=3846 3761 334 127 3427 207 149 120 3307 2769 2727 2437 1879 264
internal_count=3846 3761 334 127 3427 207 149 120 3307 2769 2727 2437 1879 264
is_linear=0
shrinkage=0.03


Tree=145
num_leaves=15
num_cat=0
split_feature=4 60 58 69 7 34 24 60 40 17 14 14 69 1
split_gain=10.5611 20.4817 19.0311 14.7825 17.114 14.7754 13.2618 12.0464 11.9321 11.7309 11.4041 17.314 14.3934 14.966
threshold=7.5000000000000009 9.1268948316574114 120.91653537750246 290.3633334412354 2110.1700640061431 0.18245838668373884 50.500000000000007 650.78323733806621 47.499793762746727 21.500000000000004 360.21335510520356 398.0389125430932 -275.15750090808586 625.07315599918377
decision_type=2 8 10 10 10 10 2 10 10 2 10 10 8 2
left_child=1 8 5 4 -2 6 -3 9 -1 -4 12 -12 -6 -14
right_child=3 2 7 -5 10 -7 -8 -9 -10 -11 11 -13 13 -15
leaf_value=0.029980979930280253 0.63367932351706202 0.2741958545441337 0.0050605798403008098 0.80157181812471578 0.78046331571219496 0.0055248636766920354 -0.29628848118461831 0.22922695756715369 -0.74891805668886169 -0.37396131354586981 0.7127469093622304 0.0017568062242451577 0.14033313475407658 -0.19229418635701548
leaf_weight=77 93 198 185 183 47 779 45 61 254 381 155 657 137 561
leaf_count=77 93 198 185 183 47 779 45 61 254 381 155 657 137 561
internal_value=-8.65233e-05 -0.00160525 -0.000236364 0.00155398 0.000654149 0.00228739 0.00872951 -0.00434713 -0.00840361 -0.00571429 -9.62773e-05 0.00236162 -0.0027748 -0.00386266
internal_weight=3813 1980 1649 1833 1650 1022 243 627 331 566 1557 812 745 698
internal_count=3813 1980 1649 1833 1650 1022 243 627 331 566 1557 812 745 698
is_linear=0
shrinkage=0.03


Tree=146
num_leaves=15
num_cat=0
split_feature=0 28 1 77 28 62 80 75 80 3 3 17 67 0
split_gain=15.3806 12.6185 11.9446 11.7455 16.2565 17.3665 14.1449 14.0237 13.3471 16.9033 12.1686 14.3667 18.9365 13.9258
threshold=307.50000000000006 491.50000000000006 627.41329634189617 57.194347918033607 223.50000000000003 0.21978851306924133 -104.40827083587645 543.59645617008221 -38.483750462532036 1.3750000000000002 13.791666666656967 24.500000000000004 -117.2834658873181 4.5000000000000009
decision_type=2 2 2 10 2 10 8 8 8 2 2 2 10 2
left_child=1 2 -1 4 8 6 -6 -5 -4 -10 11 -8 -13 -12
right_child=-2 -3 3 7 5 -7 10 -9 9 -11 13 12 -14 -15
leaf_value=0.1316842427124737 0.40534602991202545 -1.1237120140939929 -0.27085238278878876 0.19862623348413752 0.79080969577960991 -0.48709342974261577 -0.045172720161848458 -0.37476485595884268 -0.78064700084565941 0.0044826592366212911 -0.21890247311124106 1.337198544246929 0.11270410776411267 0.16431078383499639
leaf_weight=639 194 49 403 52 91 73 146 147 63 1322 120 123 153 255
leaf_count=639 194 49 403 52 91 73 146 147 63 1322 120 123 153 255
internal_value=0.000407204 -3.29942e-05 0.000175585 -0.000630722 -0.00012 0.00302495 0.00418448 -0.00765 -0.00181107 -0.000411255 0.00289474 0.00638298 0.0103971 -0.00103723
internal_weight=3830 3636 3587 2948 2749 961 888 199 1788 1385 797 422 276 375
internal_count=3830 3636 3587 2948 2749 961 888 199 1788 1385 797 422 276 375
is_linear=0
shrinkage=0.03


Tree=147
num_leaves=15
num_cat=0
split_feature=0 74 48 9 0 81 85 80 3 0 68 60 81 16
split_gain=12.7828 16.7118 24.4102 15.7538 17.153 16.0806 20.8104 15.1332 21.3286 14.1553 14.6535 14.1046 11.8917 11.5195
threshold=77.500000000000014 243.3351795038416 136.4701056480408 390.00000000000006 401.50000000000006 4632.2083827257165 -94.438211878140763 95.561455726623549 16.125000000000004 8.5000000000000018 0.019299193235283337 128.05968058109286 4022.8917257785802 23.500000000000004
decision_type=2 8 10 2 2 10 10 10 2 2 10 10 10 2
left_child=1 2 9 4 5 12 -7 11 -9 10 -1 -8 13 -2
right_child=3 -3 -4 -5 -6 6 7 8 -10 -11 -12 -13 -14 -15
leaf_value=0.32920096200895727 0.49759660426611901 -0.055222777463639523 -0.56784428341920645 -0.18208975136337394 2.8209283025348069 1.1591825962933391 0.10648898174512844 -0.43715836344413472 1.379130269911782 1.0660407188233265 -0.49648188200778748 -0.84482993897895708 0.88140720980878418 -0.38232416947500053
leaf_weight=205 384 2050 54 270 47 57 90 73 82 107 55 145 104 73
leaf_count=205 384 2050 54 270 47 57 90 73 82 107 55 145 104 73
internal_value=0.000316039 -0.000958738 0.00447867 0.00269231 0.00434659 0.00350842 -0.000736607 -0.00322251 0.00403846 0.00725543 0.00344828 -0.00800847 0.00688612 0.00478166
internal_weight=3796 2471 421 1325 1055 1008 447 390 155 367 260 235 561 457
internal_count=3796 2471 421 1325 1055 1008 447 390 155 367 260 235 561 457
is_linear=0
shrinkage=0.03


Tree=148
num_leaves=15
num_cat=0
split_feature=80 29 29 81 29 84 38 77 85 81 43 83 51 80
split_gain=13.9832 16.9625 18.8831 16.1292 16.7453 16.0371 13.9097 13.3571 13.1489 12.2679 12.4597 11.759 11.0203 10.5829
threshold=105.73080992698671 0.93648139300313227 0.92713891197683462 8584.5142171382922 0.93697240547634253 -146.72037502129868 2920.4361101566824 -111.05397963523863 68.954903562863691 10331.375898241999 236.17563958545966 149.66356134414676 295.93281006813055 150.86729300022128
decision_type=10 10 10 10 10 10 10 10 10 10 10 10 10 10
left_child=3 2 7 12 5 6 -5 8 13 -7 -11 -3 -1 -2
right_child=1 11 -4 4 -6 9 -8 -9 -10 10 -12 -13 -14 -15
leaf_value=0.007425124214189509 0.31832210220161578 -0.44405567850541749 1.1917372938336241 -0.48641479359113621 0.091707041753171542 -1.5791319372880219 0.515515126614282 -0.085096312129154361 0.76672134649324841 0.21887213904597683 -0.63889947554375259 1.1222940525859315 -0.4998140543010488 -0.22678724191348609
leaf_weight=2393 40 143 94 80 119 119 60 217 142 65 118 50 94 58
leaf_count=2393 40 143 94 80 119 119 60 217 142 65 118 50 94 58
internal_value=-0.000221461 0.00346309 0.0061413 -0.00112168 -0.00571174 -0.00839729 0 0.00360262 0.00846473 -0.0122772 -0.00733696 -0.00417526 -8.44051e-05 0
internal_weight=3792 744 551 3048 561 442 140 457 240 302 183 193 2487 98
internal_count=3792 744 551 3048 561 442 140 457 240 302 183 193 2487 98
is_linear=0
shrinkage=0.03


Tree=149
num_leaves=15
num_cat=0
split_feature=4 0 0 29 8 27 49 28 26 60 36 82 36 80
split_gain=12.8592 19.2515 14.0697 18.8587 15.1747 11.1619 10.3965 10.3267 16.0364 15.9494 13.3657 9.83769 9.44221 10.3989
threshold=8.5000000000000018 281.50000000000006 -27.499999999999996 0.87631637290766007 3.1973082658937417 0.94466316710411202 10.500000000000002 301.50000000000006 132.50000000000003 74.936939597129836 0.37271518777002333 23.495664676030479 0.17369121561668147 -71.240303993225083
decision_type=2 2 2 10 10 10 10 2 2 10 10 8 10 10
left_child=2 5 3 4 -1 -2 7 8 -4 -10 11 -9 13 -5
right_child=1 -3 6 12 -6 -7 -8 10 9 -11 -12 -13 -14 -15
leaf_value=-0.024045906213600761 0.11496563569728376 1.4921565172502294 0.019896369452789567 -0.093745853527454098 -1.5816900493620751 -0.20378834914925584 -0.22835953898189529 0.43709568848980179 1.2719699426527173 0.048584812945325809 -1.460478953323789 -0.21116241732482338 -0.17863715642167299 0.45485419210605432
leaf_weight=61 694 54 1634 42 120 143 235 78 94 85 54 145 369 42
leaf_count=61 694 54 1634 42 120 143 235 78 94 85 54 145 369 42
internal_value=0.000373929 0.00353139 -0.000577703 -0.00453543 -0.0126923 0.00239857 0.000503009 0.00117647 0.0020011 0.0105 -0.00420863 -0.0009375 -0.00125551 0.00776471
internal_weight=3850 891 2959 634 181 837 2325 2090 1813 179 277 223 453 84
internal_count=3850 891 2959 634 181 837 2325 2090 1813 179 277 223 453 84
is_linear=0
shrinkage=0.03


Tree=150
num_leaves=15
num_cat=0
split_feature=4 60 0 80 28 52 56 68 81 80 34 60 84 60
split_gain=11.7447 21.3763 19.3467 17.014 15.1997 18.1781 14.6874 17.228 15.5852 21.5624 13.393 12.3222 14.612 11.613
threshold=7.5000000000000009 10.313685178756716 136.50000000000003 21.462538957595829 249.50000000000003 130.6707926988602 -39.091741442680352 0.028742615615011551 9137.6071962118167 -56.016805171966546 0.09491634491634493 132.77201163768771 -74.597456455230699 545.25383734703075
decision_type=2 8 2 8 2 8 10 8 10 10 10 8 8 10
left_child=1 10 4 -4 5 6 8 -8 9 -2 -1 12 -3 -13
right_child=2 11 3 -5 -6 -7 7 -9 -10 -11 -12 13 -14 -15
leaf_value=-1.1381509285603615 -0.15263476872451959 -0.10920525533623969 -0.19305815015253158 1.2693569970705172 0.25543924239043247 0.14487061243889257 -0.4673370122468205 -0.033811176642011366 -0.41636571368672293 0.54103595409538596 -0.39086411172307295 -0.0523641437010961 0.21350647720425711 0.28412455770561579
leaf_weight=54 95 120 73 271 334 273 291 286 81 129 283 1129 309 113
leaf_count=54 95 120 73 271 334 273 291 286 81 129 283 1129 309 113
internal_value=0.000210828 -0.00137382 0.00194656 0.00834783 0.000463087 -0.00116782 -0.00326161 -0.00607266 0.00205882 0.00613333 -0.00825444 1.79426e-05 0.00439535 -0.00149638
internal_weight=3841 2008 1833 344 1489 1155 882 577 305 224 337 1671 429 1242
internal_count=3841 2008 1833 344 1489 1155 882 577 305 224 337 1671 429 1242
is_linear=0
shrinkage=0.03


Tree=151
num_leaves=15
num_cat=0
split_feature=6 73 40 48 81 37 37 61 52 77 84 4 20 52
split_gain=14.7383 14.8236 11.6158 14.4635 15.325 14.024 10.6666 10.419 10.3367 10.2408 16.4048 10.7108 12.9238 12.3188
threshold=690.00000000000011 49.751993298530586 47.499793762746727 53.884627779324852 3723.7626841068272 928.05087635772759 366.67695195461232 0.046808672068613305 24.864433765411381 -287.47584432363504 -10.688354611396788 9.5000000000000018 597.02162611484539 92.498616099357619
decision_type=10 10 8 10 8 8 10 8 10 8 10 2 8 10
left_child=1 2 7 4 -4 -6 -5 -1 -7 10 -2 12 13 -11
right_child=9 -3 3 6 5 8 -8 -9 -10 11 -12 -13 -14 -15
leaf_value=-0.046557995190803468 -0.64101378505227768 0.84823007475930634 0.26404032368189917 0.44572989515323475 -0.48641789220269427 0.12218059297362667 0.11816388226268081 0.75096491313515512 -0.10561154489541985 0.62906558982683514 0.017022166556747678 0.29220226988471903 -0.072416478935735995 0.022605072683174347
leaf_weight=44 105 46 119 86 116 128 465 86 380 99 62 102 1549 452
leaf_count=44 105 46 119 86 116 128 465 86 380 99 62 102 1549 452
internal_value=0.000210937 0.00256968 0.00202105 0.0011583 -0.00157258 -0.003456 0.00483696 0.0105344 -0.00129666 -0.00125316 -0.00839286 -0.000708125 -0.00117087 0.00277174
internal_weight=3839 1470 1424 1294 743 624 551 130 508 2369 167 2202 2100 551
internal_count=3839 1470 1424 1294 743 624 551 130 508 2369 167 2202 2100 551
is_linear=0
shrinkage=0.03


Tree=152
num_leaves=15
num_cat=0
split_feature=65 69 7 82 83 0 43 36 82 4 77 69 77 50
split_gain=15.3579 16.3657 13.0578 10.9461 9.84799 11.3512 9.6737 14.015 17.2273 11.4639 13.7697 13.3724 18.3173 11.9918
threshold=0.85519457989009307 165.29032877126289 5123.2697457641034 30.089391628901165 -55.942715644836419 98.500000000000014 595.74280184743952 0.15498416857735561 159.83257118860885 8.5000000000000018 -251.29376238584516 -56.43620744734411 -181.98115479946134 122.97837388515474
decision_type=8 8 10 10 8 2 10 8 8 2 10 8 10 10
left_child=1 3 6 -1 -3 -6 7 8 -2 11 -11 12 -8 -13
right_child=2 4 -4 -5 5 -7 9 -9 -10 10 -12 13 -14 -15
leaf_value=-0.53503252961125713 0.2853133971992306 0.016063767394508589 0.34329757372411362 0.3416610926572502 0.0085216369930185467 1.1962749763816838 -0.093615422788994845 -0.011280503202897984 -0.096397541884268911 -0.11336277629338144 0.27214485379687287 0.084835143492563672 -1.3976846628316877 -0.11949480109877157
leaf_weight=40 194 62 155 40 45 141 83 2167 102 76 124 137 112 345
leaf_count=40 194 62 155 40 45 141 83 2167 102 76 124 137 112 345
internal_value=0.000368724 0.00656535 -0.000214531 -0.00518519 0.0103614 0.0137968 -0.000610596 0.000353084 0.00646465 -0.00331435 0.00298507 -0.00517699 -0.0117857 -0.00248447
internal_weight=3823 328 3495 80 248 186 3340 2463 296 877 200 677 195 482
internal_count=3823 328 3495 80 248 186 3340 2463 296 877 200 677 195 482
is_linear=0
shrinkage=0.03


Tree=153
num_leaves=15
num_cat=0
split_feature=77 60 4 65 41 31 38 17 16 60 27 77 64 81
split_gain=13.524 14.6773 13.001 18.6788 15.8416 15.5979 12.2189 19.4607 17.043 14.6411 12.0927 11.5183 13.8818 21.4975
threshold=-289.75356954336161 117.13598144054414 8.5000000000000018 0.94045187478139392 408.78963303565985 21.972619047619052 2538.7219504540558 3.5000000000000004 7.5000000000000009 281.70826160907751 0.9531582446808512 -69.754608094692216 4.4334419921958697 4984.049847960473
decision_type=8 8 2 10 10 10 10 2 2 10 10 10 10 8
left_child=1 -1 3 4 6 10 8 -8 -2 -10 11 12 13 -5
right_child=2 -3 -4 5 -6 -7 7 -9 9 -11 -12 -13 -14 -15
leaf_value=-0.038180109922850321 0.46598623300534908 -0.79076480215766176 0.13546451348402094 0.34565918526076023 -0.57513231413653165 -0.74520332882636753 -1.5392842138526073 0.21721204074566935 -0.11305068628649165 0.15311036741445957 0.2967505613183688 -1.0403995128202712 0.19867326223022111 -0.69626927463391908
leaf_weight=198 144 83 792 102 63 147 42 790 724 240 81 108 162 156
leaf_count=198 144 83 792 102 63 147 42 790 724 240 81 108 162 156
internal_value=4.69606e-05 -0.0062766 0.000548986 -0.000423913 0.00109281 -0.00443857 0.00157651 0.00432173 -0.000486925 -0.00192746 -0.00231148 -0.00396975 -0.00171021 -0.00602317
internal_weight=3832 281 3551 2759 2003 756 1940 832 1108 964 609 528 420 258
internal_count=3832 281 3551 2759 2003 756 1940 832 1108 964 609 528 420 258
is_linear=0
shrinkage=0.03


Tree=154
num_leaves=15
num_cat=0
split_feature=7 65 3 79 3 66 68 77 3 62 51 79 80 29
split_gain=14.9672 12.0236 16.5769 15.4408 16.0428 12.0406 12.9649 9.6631 10.7851 9.64672 10.6366 14.557 10.5379 24.4824
threshold=5195.1445863448107 1.1475745832130391 20.541666666656969 25.776319044191165 23.125000000000004 -17.220052480697628 -0.15577413116956862 -62.583481609821312 5.7083333333430355 0.35769225719030828 -1496.5686182975767 4.0400130896079576 107.45434272289278 0.95761545572971396
decision_type=8 10 2 10 2 10 10 8 2 10 8 10 10 10
left_child=1 2 9 4 -4 6 -3 -2 -9 10 11 -1 -12 -14
right_child=7 5 3 -5 -6 -7 -8 8 -10 -11 12 -13 13 -15
leaf_value=-0.41729720965955075 0.84577454891055803 0.19505781287024959 0.82130366974030211 -0.5133717899590845 -0.25709699727086349 -0.71164532396862001 -0.99444315389125015 -0.08896584094265382 0.41723373421147858 -0.43499017962411513 -0.011667365960351502 -0.058132694719640811 0.41151809113262167 -0.8982955161302737
leaf_weight=42 43 99 227 68 76 57 50 89 126 109 2173 203 446 46
leaf_count=42 43 99 227 68 76 57 50 89 126 109 2173 203 446 46
internal_value=-1.55642e-05 -0.000517098 -8.84695e-05 0.0058871 0.00878289 -0.00753623 -0.003 0.00694981 0.00430556 -0.000824503 -0.000494675 -0.00646341 5.62641e-05 0.00401623
internal_weight=3854 3596 3390 371 303 206 149 258 215 3019 2910 245 2665 492
internal_count=3854 3596 3390 371 303 206 149 258 215 3019 2910 245 2665 492
is_linear=0
shrinkage=0.03


Tree=155
num_leaves=15
num_cat=0
split_feature=4 0 67 6 83 36 31 58 65 29 35 31 27 80
split_gain=12.8483 18.9524 14.87 13.2637 12.2019 11.743 16.3133 18.4992 14.5733 10.5141 10.9983 17.6885 13.5826 10.1269
threshold=8.5000000000000018 252.50000000000003 -239.93171453448676 690.00000000000011 -123.9264758825302 0.12141687141687144 9.5235449735449755 362.33320283889776 0.92315479011255208 0.86707031535816215 17.39231761238025 15.781746031746035 0.95706605222734276 134.949208855629
decision_type=2 2 8 10 8 8 8 10 10 10 10 8 10 8
left_child=2 4 -1 -4 -2 13 -7 8 -8 -6 11 12 -11 -5
right_child=1 -3 3 5 9 6 7 -9 -10 10 -12 -13 -14 -15
leaf_value=-1.7193384161591327 0.73381953567195346 1.2496524811521703 0.058831290207650294 0.28794545395546794 -0.048459437711550153 0.0048562145423440483 -0.019734934490350964 -0.35907691619631932 -0.67679822768854325 0.27221115542274599 0.49744777746227931 -0.22527757940167908 -0.37172207701782839 -0.030461140239412383
leaf_weight=52 54 67 1128 80 174 650 517 120 302 267 138 136 66 92
leaf_count=52 54 67 1128 80 174 650 517 120 302 267 138 136 66 92
internal_value=-0.000273153 0.00285714 -0.00123385 -0.000944637 0.00161483 -0.00257094 -0.00337736 -0.00590426 -0.00428049 0.000652174 0.00251645 0.000319149 0.00404192 0.00485549
internal_weight=3843 902 2941 2889 835 1761 1589 939 819 781 607 469 333 172
internal_count=3843 902 2941 2889 835 1761 1589 939 819 781 607 469 333 172
is_linear=0
shrinkage=0.03


Tree=156
num_leaves=15
num_cat=0
split_feature=4 67 77 38 0 15 65 8 15 82 25 77 63 81
split_gain=11.2756 16.854 16.1686 15.6284 11.8492 11.7557 11.4604 15.6499 18.4502 15.3057 11.9871 10.986 15.8164 10.3972
threshold=8.5000000000000018 -184.14710521099093 -170.43623745441434 29174.278175323394 255.00000000000003 13.500000000000002 0.91611455720462287 3.3657353743140921 26.500000000000004 126.13015345732371 0.96318879855465223 -289.75356954336161 83.488198379857238 4747.6293251514444
decision_type=2 8 10 8 2 2 10 10 2 10 10 8 10 8
left_child=1 2 -1 6 -2 -5 9 8 -8 11 13 12 -3 -9
right_child=4 3 -4 5 -6 -7 7 10 -10 -11 -12 -13 -14 -15
leaf_value=0.089405459419308428 0.064388734595784911 -0.80101471524214374 -1.6241193413350576 -0.25480258044356568 0.9288280033452373 -0.01031228505277928 -0.6107764281065744 0.023299910870238208 0.48489979388256627 0.79143699917307986 0.11897971024173382 0.028791914764501953 0.033910178746778402 -0.47812463892212914
leaf_weight=52 836 52 73 82 57 84 48 162 89 219 60 1486 42 431
leaf_count=52 836 52 73 82 57 84 48 162 89 219 60 1486 42 431
internal_value=-2.38474e-05 -0.000937175 -0.0116667 -0.000446299 0.00291946 -0.00934132 0.000127413 -0.00288243 0.00630435 0.00145 -0.00481651 0.000417457 -0.00947368 -0.00611111
internal_weight=3773 2880 125 2755 893 166 2589 790 137 1799 653 1580 94 593
internal_count=3773 2880 125 2755 893 166 2589 790 137 1799 653 1580 94 593
is_linear=0
shrinkage=0.03


Tree=157
num_leaves=15
num_cat=0
split_feature=14 43 81 73 83 81 29 42 14 71 37 83 42 3
split_gain=8.30618 14.6424 12.87 12.9918 13.5217 20.3386 12.7555 12.6443 13.0059 12.0041 17.1821 12.161 11.9879 13.4305
threshold=151.58102049564917 31.686329164801286 1587.2678377628329 41.029426932334907 -55.942715644836419 14663.414372920992 0.89537316337452577 281.10059678554541 228.09631608250879 11.500000000000002 1407.17799948575 -145.03995263576505 -20.119911670684811 16.208333333343038
decision_type=10 8 8 10 8 10 10 10 10 8 8 8 8 2
left_child=1 -1 -2 4 5 -4 12 8 -8 10 -3 -11 13 -6
right_child=2 9 3 -5 6 -7 7 -9 -10 11 -12 -13 -14 -15
leaf_value=-0.48145920791207542 1.3215973192008463 0.1392791214553894 -0.34867640941867217 0.42342698499609271 -0.50179298422840135 0.29475103044716139 0.55504518728171992 0.87927811296208747 0.040431784097679252 0.49908555424046519 -0.91640541405238796 -0.061723227322263055 0.0043204842432832714 0.065717881346338242
leaf_weight=73 45 67 618 158 206 80 97 89 1212 86 64 293 577 137
leaf_count=73 45 67 618 158 206 80 97 89 1212 86 64 293 577 137
internal_value=-4.73311e-05 -0.00333904 0.000549689 0.00032126 -0.000119324 -0.00377682 0.000983182 0.00278771 0.00203817 -0.00152642 -0.00931818 0.00118421 -0.00175896 -0.00619186
internal_weight=3802 583 3219 3174 3016 698 2318 1398 1309 510 131 379 920 343
internal_count=3802 583 3219 3174 3016 698 2318 1398 1309 510 131 379 920 343
is_linear=0
shrinkage=0.03


Tree=158
num_leaves=15
num_cat=0
split_feature=3 8 49 3 45 25 77 7 71 36 0 50 3 72
split_gain=11.1015 17.7523 16.5567 13.1413 12.6665 16.3839 12.6087 12.0716 18.7444 15.2632 16.6481 11.5968 14.9257 11.0083
threshold=5.8750000000000009 6.4334458331929634 4.5000000000000009 7.8750000000000009 5.5000000000000009 0.90849282296650735 -136.62667024135587 3724.8700306535015 6.5000000000000009 0.17033365570599615 290.50000000000006 52.454546213150032 6.9583333333430355 -164.17924082279202
decision_type=2 8 10 2 8 10 10 10 10 8 2 10 2 8
left_child=-1 3 -3 6 5 -5 11 9 -9 -6 13 12 -2 -11
right_child=1 2 -4 4 7 -7 -8 8 -10 10 -12 -13 -14 -15
leaf_value=-0.09312044996604614 -0.40557604559401284 0.98915053291563659 0.037707633476260986 -0.85687838564235819 0.19075257027547352 -0.010852054273073505 1.2337462923655607 0.71316843273827635 -0.30609355923310616 1.1149845836324253 0.77755485549526315 0.35269802331300204 0.17856818573016606 -0.037592586683116873
leaf_weight=396 58 114 126 146 338 296 96 54 274 50 102 99 58 1601
leaf_count=396 58 114 126 146 338 296 96 54 274 50 102 99 58 1601
internal_value=6.30087e-05 0.000615294 0.00846473 1.89095e-05 -0.000618449 -0.00528217 0.00586538 0.000235537 -0.00510638 0.00107553 -5.13113e-05 0.00180556 -0.00461538 -0.000780872
internal_weight=3808 3412 240 3172 2861 442 311 2419 328 2091 1753 215 116 1651
internal_count=3808 3412 240 3172 2861 442 311 2419 328 2091 1753 215 116 1651
is_linear=0
shrinkage=0.03


Tree=159
num_leaves=15
num_cat=0
split_feature=67 42 15 8 3 64 3 29 3 81 81 28 82 70
split_gain=9.68842 9.59531 8.44238 12.5148 17.8605 16.0108 10.5942 21.2954 15.229 21.7254 13.9984 24.8189 12.3564 18.0669
threshold=-261.95527132919852 -234.04894626140592 27.500000000000004 6.0885345621350027 0.87500000000000011 5.9768459665145182 8.3750000000000018 0.92249492262364496 9.4583333333430364 1613.2379046678545 3706.1434942483907 158.50000000000003 43.433822194735221 0.90454545454545465
decision_type=8 8 2 10 2 10 2 10 2 8 10 2 8 10
left_child=-1 -2 3 4 -3 -5 7 -6 -8 -10 11 -9 13 -11
right_child=1 2 -4 5 6 -7 8 10 9 12 -12 -13 -14 -15
leaf_value=-0.94987273757694646 1.9666172313861781 -0.79785809296599308 0.075894361643413386 0.38386628936611544 0.38425835812510967 -0.79570675985476313 -0.61793709691568488 0.24859731500785529 0.95607874397377068 0.071567563057471278 0.44610652649687776 -1.1023900281357193 0.010135877811419522 -0.42956759790678078
leaf_weight=70 40 73 721 223 297 40 149 65 70 270 65 68 1074 574
leaf_count=70 40 73 721 223 297 40 149 65 70 270 65 68 1074 574
internal_value=-7.89474e-06 0.000201072 4.06504e-05 -0.000666891 -0.00127494 0.00556818 -0.000865932 0.00308468 -0.00178204 -0.00108597 -0.00452261 -0.0100746 -0.00168838 -0.00440237
internal_weight=3799 3729 3689 2968 2705 263 2632 495 2137 1988 198 133 1918 844
internal_count=3799 3729 3689 2968 2705 263 2632 495 2137 1988 198 133 1918 844
is_linear=0
shrinkage=0.03


Tree=160
num_leaves=15
num_cat=0
split_feature=67 63 44 28 41 44 23 53 3 77 85 28 28 64
split_gain=10.8176 10.4218 13.4394 8.66514 9.24521 11.3546 9.36784 15.5067 8.63194 12.6904 10.594 8.47348 28.1267 14.4647
threshold=-261.95527132919852 -256.68585531694526 221.67462563514712 87.500000000000014 396.44074285030371 1669.0385017395022 1441.0000000000002 10.500000000000002 16.791666666656969 -202.85004067420957 208.99333202838901 204.50000000000003 184.50000000000003 5.7532043909127077
decision_type=8 8 10 2 10 10 10 8 2 10 10 2 2 10
left_child=-1 2 -2 -3 6 -6 7 11 10 -10 -9 12 -5 -13
right_child=1 3 -4 4 5 -7 -8 8 9 -11 -12 13 -14 -15
leaf_value=-0.81222675875086758 0.32914297430249734 0.33951990778244479 -0.14971948459712919 0.0024614380837143486 -0.53717367925842341 0.12012001490365264 -0.046947255221441435 0.080289203672886916 -0.094744763986474495 1.1775154325907744 -1.2002885825021294 0.072574794561382272 -0.63463061811682231 -0.53491051868831896
leaf_weight=66 109 54 52 1229 72 49 138 311 40 145 47 1140 250 113
leaf_count=66 109 54 52 1229 72 49 138 311 40 145 47 1140 250 113
internal_value=0.000306604 0.00052 0.00796296 0.000183895 0 -0.00811475 0.000289982 0.000613553 0.00523897 0.0104839 0.00250696 -0.000307355 -0.00184459 0.00150718
internal_weight=3815 3749 161 3588 3534 121 3413 3275 543 185 358 2732 1479 1253
internal_count=3815 3749 161 3588 3534 121 3413 3275 543 185 358 2732 1479 1253
is_linear=0
shrinkage=0.03


Tree=161
num_leaves=15
num_cat=0
split_feature=31 42 82 3 68 74 63 77 3 83 35 3 68 35
split_gain=15.1007 15.574 14.8938 14.7166 13.8663 12.4411 15.6034 12.713 14.3251 19.9987 15.8338 14.9689 13.764 14.3459
threshold=18.011111111111116 18.345756530761722 170.41200455029806 10.208333333343036 -0.13105399114743113 243.3351795038416 -241.11394063845037 96.784004092216506 17.291666666656969 -55.942715644836419 16.937936046511631 15.708333333343036 -0.082625455566727901 8.6055044955044959
decision_type=8 8 10 2 8 10 10 10 2 8 10 2 8 10
left_child=2 4 5 -4 -2 7 -7 8 11 -10 12 -1 -11 -14
right_child=1 -3 3 -5 -6 6 -8 -9 9 10 -12 -13 13 -15
leaf_value=0.076556785320783402 0.061248378389165192 0.00024286506955230677 -0.10750020189404667 1.3863561940090889 -0.30030768596647611 0.30912618550156201 -0.22844625707372671 -0.41754114134882558 -0.41037199064900548 -0.32990876674499064 0.72611712366251058 0.53509979194758461 -0.28444057881681772 0.34312586557390246
leaf_weight=1231 135 841 47 130 353 54 252 55 169 95 55 177 130 159
leaf_count=1231 135 841 47 130 353 54 252 55 169 95 55 177 130 159
internal_value=0.000223996 -0.00236842 0.00157339 0.00994382 -0.00662577 0.000946173 -0.00469055 0.00178089 0.00217154 -0.00167488 0.00170455 0.00383251 -0.000467532 0.0027931
internal_weight=3883 1329 2554 177 488 2377 306 2071 2016 608 439 1408 384 289
internal_count=3883 1329 2554 177 488 2377 306 2071 2016 608 439 1408 384 289
is_linear=0
shrinkage=0.03


Tree=162
num_leaves=15
num_cat=0
split_feature=65 66 3 23 7 3 3 32 42 28 85 62 83 0
split_gain=10.0311 13.0053 12.2345 12.9531 17.8642 13.4743 12.6496 11.3925 10.8872 10.5548 12.8768 12.4718 10.2325 9.90787
threshold=1.1132757376644367 112.14658272266389 20.458333333343038 11.271860837936403 2625.7880105301506 21.791666666656969 19.458333333343038 0.32200460829493094 -208.83164739608762 280.50000000000006 246.18068017562231 -0.021298493673776082 80.06053471565248 -116.49999999999999
decision_type=10 10 2 10 8 2 2 10 8 2 10 10 8 2
left_child=2 7 6 5 -5 -4 8 13 -1 10 11 -7 -8 -2
right_child=1 -3 3 4 -6 9 12 -9 -10 -11 -12 -13 -14 -15
leaf_value=0.68950802959988855 -1.1161974766447724 -0.89733353460741361 0.74630265575720722 -1.4882063861993113 0.7571129932970504 0.064758981403351401 -0.38846997000938133 0.28061058669337574 -0.0011882135163053321 1.7879858907802224 1.6080660345180671 -1.1809095051814651 0.069478792974458151 -0.043674781449964256
leaf_weight=70 43 41 143 41 46 66 115 49 2812 43 45 44 51 179
leaf_count=70 43 41 143 41 46 66 115 49 2812 43 45 44 51 179
internal_value=-3.16706e-05 -0.00517572 0.000431406 0.00517483 -0.00511364 0.00780702 -0.000236143 -0.00275735 0.000228928 0.00271357 -0.000961538 -0.00648649 -0.00826347 -0.00565022
internal_weight=3788 312 3476 428 87 341 3048 271 2882 198 155 110 166 222
internal_count=3788 312 3476 428 87 341 3048 271 2882 198 155 110 166 222
is_linear=0
shrinkage=0.03


Tree=163
num_leaves=15
num_cat=0
split_feature=6 28 48 31 77 28 28 42 17 77 81 38 30 63
split_gain=9.55011 15.6584 14.3926 12.7269 12.3624 12.3317 12.4252 12.2459 12.3442 11.9775 11.8015 10.794 19.5297 14.5093
threshold=750.00000000000011 485.00000000000006 331.63197044531506 13.295833333333336 -285.94808512926096 449.50000000000006 99.500000000000014 107.00795543193819 39.500000000000007 -198.13558185100553 1587.2678377628329 2695.9974882516512 13.050000000000002 -273.55289640051978
decision_type=10 2 10 8 8 2 2 10 2 10 8 10 10 8
left_child=1 2 5 4 -2 6 -1 8 9 -6 -8 12 -12 -13
right_child=3 -3 -4 -5 7 -7 10 -9 -10 -11 11 13 -14 -15
leaf_value=0.91918739920660442 -0.56237747491053858 -1.3785997219735444 0.36922013054551511 -0.16132909789501737 0.60583027223758279 0.44227969810705986 0.9773105541053716 -0.21954945643192875 0.57501993448050059 -0.047007066417010836 0.012792793588757881 0.35786886300752185 -0.21235296285956493 0.020837011686689434
leaf_weight=41 70 43 83 558 75 47 45 221 130 252 608 49 409 1146
leaf_count=41 70 43 83 558 75 47 45 221 130 252 608 49 409 1146
internal_value=-0.000404976 0.000691748 0.00101276 -0.00247896 8.01068e-05 0.000575448 0.000260983 0.00132548 0.00412664 0.0010061 -3.98583e-05 -0.000352463 -0.00262279 0.00158027
internal_weight=3777 2471 2428 1306 748 2345 2298 678 457 327 2257 2212 1017 1195
internal_count=3777 2471 2428 1306 748 2345 2298 678 457 327 2257 2212 1017 1195
is_linear=0
shrinkage=0.03


Tree=164
num_leaves=15
num_cat=0
split_feature=67 4 29 6 81 65 56 62 41 84 42 77 79 76
split_gain=11.7999 15.1931 13.2465 12.5044 15.4025 13.4396 13.4382 11.9124 11.3679 10.6333 10.3818 10.0424 12.7173 15.6162
threshold=-184.14710521099093 8.5000000000000018 0.89675666199158488 690.00000000000011 3435.8629423379903 1.1301955007339501 321.56826766332 -0.042866074488765248 405.10230302810675 -39.143826365470879 -201.37121427059171 -244.4408195018768 7.9357846521599855 596.36172044277203
decision_type=8 2 10 8 8 10 10 8 10 10 8 8 10 10
left_child=1 2 -1 4 -2 6 7 9 10 -6 -5 12 -12 -14
right_child=3 -3 -4 8 5 -7 -8 -9 -10 -11 11 -13 13 -15
leaf_value=-1.9432284057444 0.59105175584209035 0.30594868472493963 -0.2036415752524893 0.66787406753362788 0.55341306807011925 -0.31710431173804349 0.52605107998821476 -0.0087533619937662979 -0.54513798810962699 0.016194368767207264 -0.59866210682698728 0.00036222270227446172 0.019847841819769806 -0.47716874222137534
leaf_weight=70 152 69 46 50 172 51 58 749 75 153 67 1934 195 52
leaf_count=70 152 69 46 50 172 51 58 749 75 153 67 1934 195 52
internal_value=0.000115562 -0.00725806 -0.0138462 0.000485306 0.00280689 0.00164696 0.0023301 0.00156279 -0.000821398 0.00634969 -0.000443671 -0.000746999 -0.00571429 -0.00254032
internal_weight=3893 185 116 3708 1335 1183 1132 1074 2373 325 2298 2248 314 247
internal_count=3893 185 116 3708 1335 1183 1132 1074 2373 325 2298 2248 314 247
is_linear=0
shrinkage=0.03


Tree=165
num_leaves=15
num_cat=0
split_feature=65 62 28 19 15 28 81 72 28 80 28 81 28 25
split_gain=9.85123 15.4637 12.5839 17.4557 15.5102 14.7974 23.9748 15.1706 17.3768 14.1346 15.5763 12.4303 13.0232 12.1382
threshold=0.88231078457675027 0.1965255077040545 223.50000000000003 270.00000000000006 31.500000000000004 186.50000000000003 3783.8286072015767 -33.268053174018853 202.50000000000003 -101.50122702121733 466.50000000000006 6193.4521247148523 165.50000000000003 0.90849282296650735
decision_type=8 10 2 10 2 2 8 10 2 8 2 8 2 10
left_child=-1 2 4 9 5 6 -2 8 -7 -4 -11 12 -8 -5
right_child=1 -3 3 13 -6 7 11 -9 -10 10 -12 -13 -14 -15
leaf_value=0.14968251882807776 0.56380719062715379 -0.41239832373994401 0.5478042672105522 -0.017689035166354339 0.068252474470486574 -0.58238574980954361 -0.51101179289823273 -0.86790732314177998 0.10942595801240884 0.01210986940930547 -0.73813941778000902 -0.030189637149188115 0.13921611100258197 1.2725678389492541
leaf_weight=446 129 196 122 43 228 139 163 82 133 833 45 1152 49 87
leaf_count=446 129 196 122 43 228 139 163 82 133 833 45 1152 49 87
internal_value=-0.000428794 -0.000978836 -0.00047723 0.00206897 -0.00186416 -0.00277597 -0.00146586 -0.00828169 -0.00483516 0.000719281 -0.000614334 -0.00263736 -0.00929577 0.0123664
internal_weight=3847 3401 3205 1130 2075 1847 1493 354 272 1000 878 1364 212 130
internal_count=3847 3401 3205 1130 2075 1847 1493 354 272 1000 878 1364 212 130
is_linear=0
shrinkage=0.03


Tree=166
num_leaves=15
num_cat=0
split_feature=79 42 3 22 81 81 62 66 40 42 62 42 3 14
split_gain=10.6173 14.0119 13.7629 17.453 13.5189 13.2149 11.061 10.8999 10.8039 10.343 10.2178 12.9621 11.8985 8.95158
threshold=477.38247493318715 -257.1919234991073 20.208333333343038 11.32855796813965 7749.3220781087884 3713.5307439565663 -0.003697590284536163 -301.5292574167251 1118.2691687039005 281.10059678554541 -0.26524046195141732 -38.661444902420037 19.458333333343038 151.58102049564917
decision_type=10 8 2 2 8 10 8 8 10 10 8 10 2 8
left_child=1 -1 7 4 5 -4 -2 -3 -8 -6 11 -9 13 -12
right_child=6 2 3 -5 9 -7 8 10 -10 -11 12 -13 -14 -15
leaf_value=2.3074195314644594 0.10562029662632474 -0.57811603480065243 0.82455860651128221 -0.5008605271769575 0.39693998755679166 -0.2440057634035305 -0.98298569438525363 0.81525289800053635 -0.033380632829636721 1.2706468839630338 -0.19195055383585719 -0.02047439467812575 -0.2858789290397824 0.014528116178513954
leaf_weight=44 40 80 48 56 217 118 54 41 53 58 412 42 132 2415
leaf_count=44 40 80 48 56 217 118 54 41 53 58 412 42 132 2415
internal_value=0.000377854 0.000695961 0.00048895 0.00512048 0.0071267 0.000359281 -0.0075 -0.00024976 -0.0125 0.0111957 3.94348e-05 0.0103571 -0.000253378 0.000159123
internal_weight=3810 3663 3619 497 441 166 147 3122 107 275 3042 83 2959 2827
internal_count=3810 3663 3619 497 441 166 147 3122 107 275 3042 83 2959 2827
is_linear=0
shrinkage=0.03


Tree=167
num_leaves=15
num_cat=0
split_feature=77 77 14 10 66 42 44 39 64 77 77 77 83 80
split_gain=10.2848 11.8222 11.7227 11.0419 10.1495 10.5786 10.1313 9.28734 20.5321 15.466 13.2922 19.7091 18.3608 17.521
threshold=121.64101433753969 151.33354669809344 1269.5940479700532 1.5000000000000002 -301.5292574167251 -234.04894626140592 72.541178226470961 1546.7600317339788 4.1685807728831863 -40.959725677967064 -145.85363817214963 -243.40340566635129 -139.23711800575254 -20.287330508232113
decision_type=10 10 10 2 8 8 10 8 8 10 10 10 8 8
left_child=2 -2 3 4 6 -6 -1 9 -9 10 11 12 -7 -12
right_child=1 -3 -4 -5 5 7 -8 8 -10 -11 13 -13 -14 -15
leaf_value=-1.9939815839636779 -0.32198514836801789 0.017120966538168574 0.23203364928554249 -0.58860064111567367 2.170130427483433 -0.78399341954783619 0.015275911093751499 -0.30701673990622003 0.016998199822530074 0.74170663283500682 -0.973768114097875 0.50818919912620775 0.021502354377602804 -0.0060484686579390969
leaf_weight=52 88 97 64 62 42 67 44 558 1483 149 74 256 548 233
leaf_count=52 88 97 64 62 42 67 44 558 1483 149 74 256 548 233
internal_value=-5.50026e-05 -0.00693548 0.000297275 6.72457e-05 0.000290847 0.000562885 -0.00927835 0.000373998 -0.00089618 0.00232681 0.00117048 0.00306193 0.000146104 -0.00418831
internal_weight=3817 185 3632 3568 3506 3410 96 3368 2041 1327 1178 871 615 307
internal_count=3817 185 3632 3568 3506 3410 96 3368 2041 1327 1178 871 615 307
is_linear=0
shrinkage=0.03


Tree=168
num_leaves=15
num_cat=0
split_feature=80 29 16 4 66 74 43 80 80 36 24 77 54 37
split_gain=11.4422 12.8124 13.7075 20.1181 16.171 11.9611 10.5767 8.88645 10.0586 8.74125 9.51599 7.91789 11.9492 11.7836
threshold=105.73080992698671 0.95657137184832253 12.500000000000002 7.5000000000000009 227.86460089683536 20.731938841073397 253.67298294653691 154.98317921161654 263.68310797214514 0.25912603250732752 33.500000000000007 -244.4408195018768 690.00000000000011 5979.6815499566155
decision_type=10 10 2 2 8 10 10 8 10 10 2 8 8 8
left_child=11 2 6 9 -5 -3 -2 -8 -9 -4 -11 12 -1 -14
right_child=1 5 3 4 -6 -7 7 8 -10 10 -12 -13 13 -15
leaf_value=0.10927854974590942 0.87897725404617477 -0.61423096924598519 -0.70317544566186019 -0.42994402712123403 1.1103637680117509 0.17450063881298064 0.84689569067998882 -0.52998460179555096 1.6042389364930874 1.6146635852145577 -0.2476004329279074 -0.0058670145982008745 -0.32745672219783195 0.07266451750920519
leaf_weight=137 127 68 86 65 117 45 49 65 44 41 46 2599 276 40
leaf_count=137 127 68 86 65 117 45 49 65 44 41 46 2599 276 40
internal_value=-8.67052e-05 0.00322281 0.00486739 0.000926966 0.00786885 -0.00605263 0.00975524 0.0045283 -0.000272727 -0.00637931 0.000340909 -0.000904029 -0.00455947 -0.00776025
internal_weight=3805 753 640 355 182 113 285 158 109 173 87 3052 453 316
internal_count=3805 753 640 355 182 113 285 158 109 173 87 3052 453 316
is_linear=0
shrinkage=0.03


Tree=169
num_leaves=15
num_cat=0
split_feature=42 67 1 67 66 61 23 34 63 25 78 80 34 42
split_gain=11.194 11.5833 9.05825 9.1306 9.17842 8.38859 9.38951 10.9974 8.3482 7.93227 7.44236 16.8721 14.3117 8.21178
threshold=-257.1919234991073 -261.95527132919852 679.7200324535371 617.65194018820796 136.21284437179568 0.51501846239374782 5.9433181285858163 0.33105022831050229 93.68762460323633 0.90645833333333348 0.70833333333333337 3.1373730897903447 0.1180340557275542 26.32259571552277
decision_type=8 8 2 10 10 10 10 10 8 10 8 10 8 10
left_child=-1 -2 3 4 10 6 7 -6 -7 -10 11 12 -3 -13
right_child=1 2 -4 -5 5 8 -8 -9 9 -11 -12 13 -14 -15
leaf_value=2.1768950444089143 -1.0676056178539157 -0.15061409028493555 -0.0386603967323704 0.73247933054458914 0.032099755482771566 -0.27333032536921448 -0.66599591111539136 -0.99358131226227953 -0.062611399042124483 0.6296125086361688 0.085261873652797165 -0.64047597931586853 0.15579630531359426 -0.025417843338294877
leaf_weight=50 58 46 1217 75 127 40 102 44 47 56 1628 99 181 64
leaf_count=50 58 46 1217 75 127 40 102 44 47 56 1628 99 181 64
internal_value=0.000156454 -3.17041e-05 0.000177086 0.00120717 0.000887064 -0.00316547 -0.00624088 -0.0019186 0.00270833 0.00721154 0.00172363 -0.00199488 0.00328947 -0.00932927
internal_weight=3834 3784 3726 2509 2434 416 273 171 143 103 2018 390 227 163
internal_count=3834 3784 3726 2509 2434 416 273 171 143 103 2018 390 227 163
is_linear=0
shrinkage=0.03


Tree=170
num_leaves=15
num_cat=0
split_feature=6 0 45 40 57 85 32 73 30 5 41 80 74 4
split_gain=12.8239 10.7144 16.7691 11.6626 13.2473 10.2956 9.63147 14.5038 10.3989 9.79669 8.96695 10.2511 11.0283 14.1099
threshold=690.00000000000011 1.0000000180025095e-35 23.500000000000004 34.185151541276149 11.500000000000002 73.832158744335189 0.18898809523809526 28.509419441223148 16.850000000000005 34.926844000816352 405.10230302810675 85.216893911361709 40.065019284448958 6.5000000000000009
decision_type=10 2 8 8 10 10 8 8 10 10 10 10 10 2
left_child=1 3 -3 -1 5 6 7 8 -5 -8 11 -2 13 -13
right_child=10 2 -4 4 -6 -7 9 -9 -10 -11 -12 12 -14 -15
leaf_value=0.29681093854037865 -0.056253299584084704 0.10468976966197203 0.8690583172696581 0.091702372355779396 0.14906620326948028 0.12542127257020816 -0.39687780592368216 0.189180655470784 -0.92749726474059513 0.27343818460088759 -0.46501027055140615 -0.42443382147406494 0.71765224140609862 0.1005260523011509
leaf_weight=95 1769 839 42 42 45 50 221 59 42 45 76 61 115 332
leaf_count=95 1769 839 42 42 45 50 221 59 42 45 76 61 115 332
internal_value=-0.000242567 0.00194463 0.00404762 -0.00115 -0.0029703 -0.0045 -0.00607317 0.000208333 -0.00776471 -0.0094382 -0.00161852 -0.00127744 0.00247544 7.61421e-05
internal_weight=3833 1480 881 599 504 459 409 143 84 266 2353 2277 508 393
internal_count=3833 1480 881 599 504 459 409 143 84 266 2353 2277 508 393
is_linear=0
shrinkage=0.03


Tree=171
num_leaves=15
num_cat=0
split_feature=6 60 65 73 41 34 39 15 61 14 77 67 77 84
split_gain=13.7231 11.4768 9.65283 11.2046 11.31 15.3579 11.0133 13.7627 11.4356 10.6217 10.5921 10.1113 8.64141 16.4094
threshold=690.00000000000011 545.25383734703075 1.1475745832130391 49.751993298530586 45.230598330497749 0.2228132387706856 2199.9667582723364 9.5000000000000018 0.38108417766532193 320.20354254096628 -69.801007568836198 -1.0000000180025095e-35 -289.75356954336161 -42.409906287988015
decision_type=10 10 10 10 8 10 10 2 8 10 10 8 8 10
left_child=2 12 3 4 6 -6 9 -8 11 10 -1 -9 13 -2
right_child=1 -3 -4 -5 5 -7 7 8 -10 -11 -12 -13 -14 -15
leaf_value=-0.090461602409952907 -0.87234546625917808 0.22935874235703807 -0.23451759759263288 0.7835174720396092 0.28700387008299699 0.058928046840895268 0.32192002961751903 0.18350523580666048 -0.4904831454868116 0.26217479874342647 0.79222747956672668 -0.56309241384224873 -0.036645122443419983 0.0073420274991045139
leaf_weight=186 74 141 93 41 282 411 40 55 100 192 40 52 2022 86
leaf_count=186 74 141 93 41 282 411 40 55 100 192 40 52 2022 86
internal_value=-0.000275157 -0.00171687 0.00196919 0.00259286 0.00211921 0.00479827 -0.000675676 -0.00568548 -0.00879808 0.00229117 -0.00211454 -0.00194444 -0.00225378 -0.0089441
internal_weight=3815 2323 1492 1399 1358 693 665 247 207 418 226 107 2182 160
internal_count=3815 2323 1492 1399 1358 693 665 247 207 418 226 107 2182 160
is_linear=0
shrinkage=0.03


Tree=172
num_leaves=15
num_cat=0
split_feature=28 28 42 67 81 85 82 70 66 7 50 84 17 80
split_gain=10.3609 11.9586 10.078 12.3671 9.21309 11.3853 9.57931 15.4137 12.1053 12.5969 10.9268 10.5093 9.48727 15.2381
threshold=476.50000000000006 449.50000000000006 -257.1919234991073 -239.93171453448676 3259.223057866097 167.82542705535892 -72.655928909778581 0.91987179487179505 -85.260571718215928 2119.7207889820679 414.12727534770971 -85.82039634386696 23.000000000000004 53.490998029708869
decision_type=2 2 8 8 8 10 8 10 10 10 10 10 2 8
left_child=1 2 -1 -4 5 -5 7 10 9 -9 -6 -11 13 -8
right_child=-2 -3 3 4 6 -7 12 8 -10 11 -12 -13 -14 -15
leaf_value=2.0841788847396225 -0.57037625038172801 0.32125367111696895 -0.85009030343585501 0.093263836176905673 0.46976389039443645 1.314275600837419 -0.44258247451228977 -0.48756442742664274 -0.98887679653699956 0.70764478122428309 -0.027832290123861226 -0.45110296967288205 0.02812550003971924 0.0034769613290757204
leaf_weight=41 65 73 61 241 40 49 200 79 87 41 40 51 2365 417
leaf_count=41 65 73 61 241 40 49 200 79 87 41 40 51 2365 417
internal_value=0.00042067 0.00062599 0.000387827 0.000220588 0.000448629 0.00556701 0 -0.00477876 -0.00833977 -0.00366279 0.00666667 0.00387097 0.000543077 -0.00276699
internal_weight=3850 3785 3712 3671 3610 290 3320 338 258 171 80 92 2982 617
internal_count=3850 3785 3712 3671 3610 290 3320 338 258 171 80 92 2982 617
is_linear=0
shrinkage=0.03


Tree=173
num_leaves=15
num_cat=0
split_feature=81 64 68 3 16 44 24 16 26 8 62 8 83 68
split_gain=11.8617 11.4027 13.1073 20.7763 19.044 17.0405 12.9373 11.4532 11.2677 13.8821 17.1269 15.6087 13.8886 12.3118
threshold=1546.7510825395586 4.0918922451920468 0.16354196749068159 17.791666666656969 9.5000000000000018 93.025752067565932 34.500000000000007 1.0000000180025095e-35 134.50000000000003 3.7778498503170108 0.1377853215891294 3.389122699809104 -359.24796485900873 0.028742615615011551
decision_type=8 8 10 2 2 10 2 2 2 8 10 10 8 8
left_child=-1 2 3 5 -5 -2 -4 -3 9 11 -11 12 -9 -10
right_child=1 7 6 4 -6 -7 -8 8 13 10 -12 -13 -14 -15
leaf_value=1.1935214407841461 0.022667003418658849 -0.81269070552456113 0.43367227338697217 -0.049256869102938611 -1.0820545666230137 -0.89234286924371842 -0.43340628466665138 -0.5536727260534765 0.64800236471426864 0.023990022113955796 0.89054442518944654 -0.4203757051822507 0.0016802892675475433 -0.0035148284577165077
leaf_weight=53 308 118 106 62 99 76 88 46 357 1002 94 213 898 273
leaf_count=53 308 118 106 62 99 76 88 46 357 1002 94 213 898 273
internal_value=-7.1165e-05 -0.000272654 -0.00360811 -0.00598901 -0.015 -0.00218182 0.00307692 0.000549634 0.000925798 -6.65484e-05 0.00235187 -0.00235751 -0.000698413 0.0044691
internal_weight=3793 3740 739 545 161 384 194 3001 2883 2253 1096 1157 944 630
internal_count=3793 3740 739 545 161 384 194 3001 2883 2253 1096 1157 944 630
is_linear=0
shrinkage=0.03


Tree=174
num_leaves=15
num_cat=0
split_feature=28 0 39 61 8 27 77 9 3 69 13 80 60 83
split_gain=12.7822 9.70139 13.5839 13.4664 13.1668 12.4362 14.6321 14.6025 11.8995 11.5538 10.923 10.8628 13.4526 10.4015
threshold=497.50000000000006 389.50000000000006 1546.7600317339788 0.013577608716249542 3.3657353743140921 0.94533384562841538 -69.598561823368058 150.00000000000003 19.791666666656969 77.257246040136295 870.00000000000011 -120.80613541603087 442.04690611362463 71.046202778816237
decision_type=2 2 8 10 10 10 10 2 2 8 8 10 10 10
left_child=1 2 5 -4 -3 6 7 8 -1 13 11 -7 -13 -9
right_child=-2 4 3 -5 -6 10 -8 9 -10 -11 -12 12 -14 -15
leaf_value=0.1840460840237938 -1.2072531436929843 -0.14806511954905474 0.026593237453127447 -0.10486889424732737 2.2887976516744968 0.45695714091537598 0.64117945465088566 -0.059309432146511937 1.2816202901591216 0.098042617897613024 -0.43365296202219861 -0.26207316792786789 0.26730514262759619 -0.55675665455720169
leaf_weight=257 41 40 838 1396 50 80 183 289 42 262 76 178 69 53
leaf_count=257 41 40 838 1396 50 80 183 289 42 262 76 178 69 53
internal_value=3.11284e-05 0.000212375 -2.41676e-05 -0.00150336 0.00989011 0.00219463 0.00386385 0.00228982 0.0077 -0.000396694 -0.00230198 9.14634e-05 -0.00302419 -0.00402332
internal_weight=3854 3813 3723 2234 90 1489 1086 903 299 604 403 327 247 342
internal_count=3854 3813 3723 2234 90 1489 1086 903 299 604 403 327 247 342
is_linear=0
shrinkage=0.03


Tree=175
num_leaves=15
num_cat=0
split_feature=4 77 77 65 84 0 28 43 15 23 85 0 65 72
split_gain=9.79752 20.4097 19.4886 18.6734 16.1131 15.672 15.6299 14.0061 18.2519 13.9074 14.4305 12.6411 13.1622 11.5874
threshold=7.5000000000000009 -241.54876583814618 -183.1619641780853 0.92926644237299272 117.313882291317 11.500000000000002 469.50000000000006 511.0988513075103 29.500000000000004 4.1025601625442514 -154.03272426128385 136.50000000000003 1.1562631401165824 -89.473039627075181
decision_type=2 8 10 10 10 2 2 10 2 10 8 2 8 8
left_child=2 5 6 4 -4 -2 13 8 -5 10 -3 -11 -13 -1
right_child=1 9 3 7 -6 -7 -8 -9 -10 11 -12 12 -14 -15
leaf_value=0.67446724636562849 0.035964970334346265 1.2285181358989941 -0.0049289875855861526 -0.92600318561748396 -0.93977979628326525 -0.59459787550914633 -1.1023922287727754 -1.2400292239127393 0.20863780997835896 -0.024349182493833249 0.30272363384063855 1.2624184043727615 -0.022847408152103271 0.034796761086736079
leaf_weight=63 136 41 796 121 81 144 42 89 52 723 619 101 74 748
leaf_count=63 136 41 796 121 81 144 42 89 52 723 619 101 74 748
internal_value=0.000313234 0.00189233 -0.001144 -0.00371053 -0.00160592 -0.0055516 0.00228337 -0.0107224 -0.00568966 0.00323284 0.00653555 0.00080089 0.00801136 0.00321429
internal_weight=3830 1838 1992 1139 877 280 853 262 173 1558 660 898 175 811
internal_count=3830 1838 1992 1139 877 280 853 262 173 1558 660 898 175 811
is_linear=0
shrinkage=0.03


Tree=176
num_leaves=15
num_cat=0
split_feature=65 16 13 38 3 27 48 84 5 8 77 41 17 27
split_gain=11.3929 13.6201 14.5805 13.8985 12.9237 16.8914 15.8825 12.1212 10.9719 12.1284 16.6327 10.2573 12.8132 10.1998
threshold=0.93114619063586301 7.5000000000000009 210.00000000000003 2842.5715054277771 12.875000000000002 0.83947785706195499 130.78506910800937 -134.69960161050156 1.0000000180025095e-35 6.0433030104753334 -48.362476944923394 -134.57000315189359 23.000000000000004 0.85926496478873249
decision_type=10 2 10 10 2 10 8 8 8 10 10 10 2 10
left_child=1 2 4 8 6 -6 -1 -2 -3 -10 -11 -5 -13 -14
right_child=7 3 -4 11 5 -7 -8 -9 9 10 -12 12 13 -15
leaf_value=-0.47751756627747755 -1.639178810417407 -0.17986661204070614 -0.07524074345036838 1.7079554867838525 -0.017052566023631335 0.87237481261615024 0.29461914099558706 -0.035774869020062404 -0.02861079259365959 1.5765059266385835 -0.011748329185592996 -0.11852904184372143 -0.13273636457480253 0.53288452188230995
leaf_weight=101 41 229 92 43 53 205 92 1228 1154 46 58 117 47 314
leaf_count=101 41 229 92 43 53 205 92 1228 1154 46 58 117 47 314
internal_value=0.000314054 0.00146944 0.00568015 0.000328522 0.00789823 0.012278 0.00201031 -0.00200787 -0.00114919 -4.76569e-05 0.00971429 0.00454023 0.00325678 0.00604972
internal_weight=3820 2551 543 2008 451 258 193 1269 1487 1258 104 521 478 361
internal_count=3820 2551 543 2008 451 258 193 1269 1487 1258 104 521 478 361
is_linear=0
shrinkage=0.03


Tree=177
num_leaves=15
num_cat=0
split_feature=81 77 84 56 3 27 4 46 3 79 77 23 27 75
split_gain=9.35947 12.8142 12.6353 11.9558 13.7628 13.9016 11.7342 17.1714 15.5736 12.3322 15.0602 12.9147 11.1103 10.3211
threshold=3259.223057866097 -244.4408195018768 18.917019168535873 -39.091741442680352 9.6250000000000018 0.93666428953467651 7.5000000000000009 570.00000000000011 1.5416666666569656 12.885430294637409 -183.1619641780853 9.1025601625442523 0.91064169570267139 203.50000000000003
decision_type=8 8 10 10 2 10 2 8 2 8 10 10 10 8
left_child=3 2 12 -1 -5 13 7 -3 -8 10 -9 -12 -2 -6
right_child=1 6 -4 4 5 -7 8 9 -10 -11 11 -13 -14 -15
leaf_value=1.2202775785599433 -0.06199337943772773 -1.6560186055255268 0.038230824774029913 -0.33496488516540734 0.052521363123290372 -0.52501779839287976 -0.11860014445836881 0.14269957089082347 0.081678110685506941 0.020410255503591726 -0.47549526929873648 0.0048360938715099524 -0.92492504172436818 1.1473795978885895
leaf_weight=57 229 59 148 74 42 58 102 198 1384 946 300 126 101 65
leaf_count=57 229 59 148 74 42 58 102 198 1384 946 300 126 101 65
internal_value=-0.000269923 -0.000692821 -0.00526096 0.00484848 0.001875 0.00668675 9.62773e-06 -0.00174847 0.00193679 -0.00114577 -0.004416 -0.00758782 -0.00851964 0.0130556
internal_weight=3889 3593 478 296 239 165 3115 1629 1486 1570 624 426 330 107
internal_count=3889 3593 478 296 239 165 3115 1629 1486 1570 624 426 330 107
is_linear=0
shrinkage=0.03


Tree=178
num_leaves=15
num_cat=0
split_feature=81 56 56 16 29 0 64 60 8 26 83 79 79 77
split_gain=10.0717 19.1021 13.6615 16.1886 11.431 9.09368 17.6418 13.4602 12.4447 16.1626 19.9425 14.7844 13.0582 12.0882
threshold=3259.223057866097 -40.967615286509194 149.53778596719107 4.5000000000000009 0.93201941747572825 81.500000000000014 3.6168664143808411 545.25383734703075 4.0355830278074407 88.500000000000014 -70.732159256935105 10.413275038723702 4.8744194113592672 -183.1619641780853
decision_type=8 10 10 2 10 2 8 10 10 2 8 8 8 10
left_child=1 -1 3 -3 -5 6 -2 13 12 11 -11 -10 -7 -8
right_child=5 2 -4 4 -6 8 7 -9 9 10 -12 -13 -14 -15
leaf_value=1.4256799976118741 -0.50829527939538099 0.6974325143060508 0.69729076492611008 -0.067512358526296196 -0.7814286979252687 0.5692527000548554 0.014791606647578164 0.50703257428781678 0.0051581124110236937 -1.0688111882583538 0.3939672735072422 1.2220144638391504 -0.08938514384188985 -0.099862012181283169
leaf_weight=52 122 50 68 87 45 48 1082 82 71 67 297 134 558 1084
leaf_count=52 122 50 68 87 45 48 1082 82 71 67 297 134 558 1084
internal_value=-0.000101351 0.00514851 0.00167331 -0.00262295 -0.0081203 -0.000549915 -0.00161957 -0.00101378 0.00160714 0.00478947 0.000986301 0.0115049 -0.00138386 -0.00146747
internal_weight=3847 302 250 182 132 3545 2370 2248 1175 569 364 205 606 2166
internal_count=3847 302 250 182 132 3545 2370 2248 1175 569 364 205 606 2166
is_linear=0
shrinkage=0.03


Tree=179
num_leaves=15
num_cat=0
split_feature=70 45 39 3 3 85 64 8 7 77 82 77 17 60
split_gain=10.9766 12.1814 8.57265 20.3735 20.6729 27.0147 14.3813 12.581 19.9127 17.675 31.4713 18.0398 18.2103 12.503
threshold=1.0000000180025095e-35 17.500000000000004 2396.2808199483848 15.708333333343036 17.875000000000004 176.55637625853225 3.9459843714425298 4.1116967280546719 3187.6306130818925 -60.861146926879876 129.40733738740286 -144.83976620435712 42.500000000000007 258.24649238586431
decision_type=8 10 10 2 2 8 8 10 10 10 10 10 2 10
left_child=-1 2 7 13 -5 6 -6 8 9 11 -11 12 -2 -4
right_child=1 -3 3 4 5 -7 -8 -9 -10 10 -12 -13 -14 -15
leaf_value=-0.04263674351303709 0.21552024020309882 0.23390801485997739 -0.083910988447439258 0.5431930354526906 -1.0642282167559327 0.51061386576843493 -0.088449665686548967 0.31575230667111315 -0.68015125085781458 0.10303881697359883 2.3369190257464414 -0.33425375401632762 -0.11286528403774773 -0.81150990712218574
leaf_weight=211 574 70 730 127 48 178 163 388 57 267 56 379 499 93
leaf_count=211 574 70 730 127 48 178 163 388 57 267 56 379 499 93
internal_value=-1.56209e-05 0.000371901 0.000126404 -0.00176866 0.00290135 -0.000538462 -0.00778302 0.0012697 0.000229133 0.000793919 0.00712963 -0.000619408 0.00136872 -0.0046966
internal_weight=3840 3629 3559 1339 516 389 211 2220 1832 1775 323 1452 1073 823
internal_count=3840 3629 3559 1339 516 389 211 2220 1832 1775 323 1452 1073 823
is_linear=0
shrinkage=0.03


Tree=180
num_leaves=15
num_cat=0
split_feature=4 67 83 25 81 81 39 41 62 27 35 60 3 35
split_gain=11.4586 18.6379 13.1058 11.2485 16.0364 15.8775 13.7405 11.9204 11.705 12.6523 13.0629 10.5524 12.2442 16.237
threshold=8.5000000000000018 -252.84170236205094 -359.24796485900873 0.95538971807628537 4668.6520421504983 4169.4065548181543 509.25004584929098 -170.37493264675138 0.060350579858890648 0.89616515559911802 11.012887684432402 -31.139643192291256 12.208333333343036 13.804399808703971
decision_type=2 8 8 10 8 10 10 10 8 10 10 8 2 8
left_child=1 -1 -3 4 5 6 -4 -6 9 -8 -11 -9 13 -13
right_child=-2 2 3 -5 7 -7 8 11 -10 10 -12 12 -14 -15
leaf_value=-1.6569940818968234 0.098294033758929436 -0.4797691341106799 -0.31370337954372673 0.11036225837748688 0.084757321576742942 0.58687815481111771 -0.7074694435356591 -0.62688766250947059 0.19787916228200036 -0.66031685163513176 0.22847110415627433 -0.90931928209415935 -0.0023416683899036145 -0.05300738419110132
leaf_weight=47 899 64 70 671 87 126 65 193 186 41 124 178 761 337
leaf_count=47 899 64 70 671 87 126 65 193 186 41 124 178 761 337
internal_value=7.01299e-05 -0.000833616 -0.00052686 -0.000221831 -0.00127248 0.0028385 0.00036961 -0.00289017 0.00244604 -0.00207792 0.0023494 -0.00353061 -0.0025372 -0.00610465
internal_weight=3849 2950 2903 2839 2168 612 486 1556 416 230 165 1469 1276 515
internal_count=3849 2950 2903 2839 2168 612 486 1556 416 230 165 1469 1276 515
is_linear=0
shrinkage=0.03


Tree=181
num_leaves=15
num_cat=0
split_feature=79 62 3 65 4 85 15 40 28 3 83 43 3 56
split_gain=10.498 16.6502 10.3377 21.9288 13.548 16.4418 21.4607 14.0726 12.2544 9.51341 12.7567 10.774 9.78952 15.4965
threshold=477.38247493318715 -0.007306690451732936 20.375000000000004 1.1475745832130391 9.5000000000000018 267.14051014184957 12.500000000000002 189.43557521750705 149.50000000000003 19.375000000000004 19.897000789642338 745.16827859972238 5.9583333333430355 -285.28393558661139
decision_type=10 8 2 10 2 8 2 10 2 2 10 10 2 10
left_child=2 -2 9 4 5 7 -7 -4 -9 11 -11 12 -1 -14
right_child=1 -3 3 -5 -6 6 -8 8 -10 10 -12 -13 13 -15
leaf_value=-0.12999323001581994 0.16231728015377472 -0.38918037996265997 0.4412884934051608 -0.45687636970131312 1.5620804004384634 0.047407905050019641 1.9660532542952351 0.35330981538956641 -0.51868686891690319 -0.42780213147771989 0.21003882130513066 -0.045216349977709257 1.2802966413415187 0.042630723087421815
leaf_weight=248 44 114 47 43 60 84 71 44 117 124 74 620 51 2093
leaf_count=248 44 114 47 43 60 84 71 44 117 124 74 620 51 2093
internal_value=0 -0.00754717 0.000326353 0.00449679 0.00658019 0.00436813 0.0117308 -0.00114833 -0.00537037 -0.000280287 -0.00663317 0.000139396 0.00105307 0.00170629
internal_weight=3834 158 3676 466 423 363 155 208 161 3210 198 3012 2392 2144
internal_count=3834 158 3676 466 423 363 155 208 161 3210 198 3012 2392 2144
is_linear=0
shrinkage=0.03


Tree=182
num_leaves=15
num_cat=0
split_feature=65 64 1 39 83 81 62 3 3 69 41 77 83 77
split_gain=10.5514 10.5808 9.35387 10.1287 9.59919 14.6942 13.5938 12.5623 16.3387 11.6618 11.0741 10.3638 13.7894 10.11
threshold=1.1683551765611404 6.1065302508021171 794.27329885959637 1934.540518105591 -55.942715644836419 14235.45507335663 -0.11558234635948303 17.291666666656969 14.041666666656967 60.560681242336678 47.303917765617378 -170.43623745441434 -104.92020332813262 -211.64807915687558
decision_type=10 10 2 10 8 10 10 2 2 10 10 10 10 10
left_child=2 -2 4 -4 5 6 13 8 11 -10 -7 12 -8 -1
right_child=1 -3 3 -5 -6 10 7 -9 9 -11 -12 -13 -14 -15
leaf_value=-0.14550488030102557 -0.75893372871108666 0.054391621475394766 -0.17479255977256555 -0.43896426720538889 0.020765507625879288 -0.0072604378273065625 -0.55308324341056025 -0.80014094314918716 -0.061126160081621209 0.30615017915632275 1.1245974089559272 -1.0287395045309722 0.49597961909136729 0.23506016160510596
leaf_weight=57 106 66 107 60 2691 52 49 160 41 82 56 109 48 166
leaf_count=57 106 66 107 60 2691 52 49 160 41 82 56 109 48 166
internal_value=-0.000389509 -0.00763006 -4.89263e-05 -0.00696429 0.000281891 -0.00255786 -0.00412342 -0.00691837 -0.00354545 0.00508065 0.00770642 -0.00869565 -0.00153061 0.00200893
internal_weight=3850 172 3678 167 3511 820 712 489 329 123 108 206 97 223
internal_count=3850 172 3678 167 3511 820 712 489 329 123 108 206 97 223
is_linear=0
shrinkage=0.03


Tree=183
num_leaves=15
num_cat=0
split_feature=15 77 68 82 56 77 13 4 49 14 73 71 28 64
split_gain=10.5276 13.5024 13.2241 10.6893 16.1021 10.3319 11.1247 12.9525 13.8096 12.7281 8.84229 13.0111 10.3185 10.1188
threshold=38.500000000000007 -289.75356954336161 -0.12483990225095462 24.482953071594242 -27.716151356697079 121.64101433753969 90.000000000000014 8.5000000000000018 9.5000000000000018 833.96685458183663 11.907761931419374 12.500000000000002 214.50000000000003 4.0918922451920468
decision_type=2 8 8 8 8 10 8 2 10 10 8 8 2 8
left_child=1 -1 -2 -4 -5 6 10 8 -8 -9 12 -12 13 -3
right_child=2 5 3 4 -6 -7 7 9 -10 -11 11 -13 -14 -15
leaf_value=-0.26072361960752588 -0.37893016975251836 -0.80300708619859884 0.5661855083576075 -0.44970121100974458 0.082948127199995544 -0.18389280583051537 -0.0089492920430042124 0.055254263386090248 -0.42019055215051337 0.94854357965841374 0.0063374559241259473 0.34423249223324304 0.33275281112563748 -0.052017031590175282
leaf_weight=269 44 42 78 43 121 145 1264 335 319 54 415 495 69 166
leaf_count=269 44 42 78 43 121 145 1264 335 319 54 415 495 69 166
internal_value=0.00011658 -0.000327364 0.0056446 0.00839506 0.004 0.000199697 0.000560127 -0.000821085 -0.00202652 0.00407692 0.00285354 0.00428101 -0.00183453 -0.00516746
internal_weight=3859 3573 286 242 164 3304 3159 1972 1583 389 1187 910 277 208
internal_count=3859 3573 286 242 164 3304 3159 1972 1583 389 1187 910 277 208
is_linear=0
shrinkage=0.03


Tree=184
num_leaves=15
num_cat=0
split_feature=6 14 68 73 56 28 34 14 67 59 3 3 28 43
split_gain=10.574 12.8858 11.1402 11.3206 9.41916 8.78965 10.7575 8.71082 7.1839 8.63155 9.22405 15.7281 11.9004 10.8593
threshold=690.00000000000011 1257.0367517637555 0.16354196749068159 49.751993298530586 374.31370437145239 176.50000000000003 0.24165739710789771 1068.2560332029748 -261.95527132919852 125.53867006301881 15.708333333343036 11.375000000000002 215.50000000000003 30.616615625139936
decision_type=10 10 10 10 10 2 10 10 8 8 2 2 2 10
left_child=2 4 3 -1 7 -4 -7 8 -2 -10 11 12 -11 -12
right_child=1 -3 5 -5 -6 6 -8 -9 9 10 13 -13 -14 -15
leaf_value=0.0014534947290190912 -1.6608736792767951 0.15191107584584401 0.49599291225090575 0.77336685336683375 -0.26146034427486436 1.0143578807217877 -0.25562680060316967 -0.47079937976392999 -0.043658586564395252 0.026178590088699293 -0.17685228334615213 -0.2957175680232163 0.71730084847871689 0.37482472159049057
leaf_weight=1270 41 82 90 51 54 41 78 60 1576 122 44 147 47 144
leaf_count=1270 41 82 90 51 54 41 78 60 1576 122 44 147 47 144
internal_value=-0.000210499 -0.00148835 0.00172436 0.00070348 -0.0019186 0.00814286 0.00275 -0.00160862 -0.00128652 -0.00103796 0.00237624 -0.000757098 0.00547059 0.00761905
internal_weight=3847 2317 1530 1321 2235 209 119 2181 2121 2080 504 316 169 188
internal_count=3847 2317 1530 1321 2235 209 119 2181 2121 2080 504 316 169 188
is_linear=0
shrinkage=0.03


Tree=185
num_leaves=15
num_cat=0
split_feature=60 45 64 6 73 38 56 5 22 22 40 14 8 56
split_gain=9.98167 8.38863 12.5784 11.6796 12.4819 9.9642 12.541 9.7683 9.70513 11.8373 12.2393 9.39018 16.2999 13.075
threshold=545.25383734703075 5.5000000000000009 3.8979113245030281 690.00000000000011 45.788704395294197 2357.3587326844367 115.34832398096721 34.926844000816352 9.8864582777023333 2.1272863149642949 36.630507273040308 360.21335510520356 3.3181617843396194 -76.768016974131257
decision_type=10 10 10 10 10 10 10 8 2 2 10 10 10 10
left_child=1 2 5 4 11 6 8 -7 9 -1 -11 12 -3 -14
right_child=-2 3 -4 -5 -6 7 -8 -9 -10 10 -12 -13 13 -15
leaf_value=-0.14473344776293218 0.25913839865849103 0.21536251525217853 -1.287335278539244 -0.016733760257871485 0.93821494405847539 -0.2962302391311265 -0.64060149671467981 0.34614318028840713 -0.25687969203595146 0.4714613007841959 0.0026344026566044215 0.15655008138339177 0.38595042113705852 -0.13683275998876684
leaf_weight=56 158 139 70 1788 40 54 58 124 87 44 117 560 74 433
leaf_count=56 158 139 70 1788 40 54 58 124 87 44 117 560 74 433
internal_value=0.000189324 -0.000131687 -0.00333879 0.000514003 0.00274258 -0.00177449 -0.0046281 0.00402235 -0.00216393 0.00123853 0.00537037 0.00218724 -0.000278207 -0.00277559
internal_weight=3802 3644 610 3034 1246 540 362 178 304 217 161 1206 646 507
internal_count=3802 3644 610 3034 1246 540 362 178 304 217 161 1206 646 507
is_linear=0
shrinkage=0.03


Tree=186
num_leaves=15
num_cat=0
split_feature=67 26 16 71 35 56 33 33 77 81 41 50 82 69
split_gain=11.5343 12.373 9.12567 10.586 14.6392 16.4084 13.2538 12.384 12.9567 12.9491 11.5555 11.6737 11.8725 11.3645
threshold=448.47620174288755 122.50000000000001 1.0000000180025095e-35 13.500000000000002 15.306061224489797 8.9176995754241961 17.181754161331629 24.919021739130439 -235.36567074060437 3461.431612014771 160.56852006912234 484.06718993186956 -134.48947918415067 64.702800557736083
decision_type=10 2 2 8 8 8 8 10 8 10 10 10 10 8
left_child=2 -2 -1 6 -5 13 10 8 -7 -10 11 12 -4 -6
right_child=1 -3 3 4 5 7 -8 -9 9 -11 -12 -13 -14 -15
leaf_value=-0.50458805268259155 0.80988609399922296 -0.42460884665088339 0.33072705832014898 -0.031430027824929013 0.06784526476948953 -0.12605227373048158 -0.079444965058776476 -0.013482448741669477 0.077352766831339181 0.86070899651601784 -0.47258506043527948 0.48912960439267916 -0.022716666680162943 -0.30843131078996677
leaf_weight=141 125 58 174 892 228 41 706 89 156 169 120 79 809 54
leaf_count=141 125 58 174 892 228 41 706 89 156 169 120 79 809 54
internal_value=7.80843e-06 0.00733696 -0.000360754 -5.9693e-05 0.00171166 0.0048374 -0.00158814 0.00835526 0.0107902 0.0127914 0.00035503 0.00135466 0.000457317 -0.000848057
internal_weight=3841 183 3658 3517 1629 737 1888 455 366 325 1182 1062 983 282
internal_count=3841 183 3658 3517 1629 737 1888 455 366 325 1182 1062 983 282
is_linear=0
shrinkage=0.03


Tree=187
num_leaves=15
num_cat=0
split_feature=6 77 53 14 39 0 26 77 32 82 68 56 33 73
split_gain=9.3722 13.0979 12.0012 10.5081 11.3958 16.9332 10.8033 15.424 10.5936 10.2084 9.30547 10.3345 8.97738 8.32622
threshold=690.00000000000011 121.64101433753969 5.5000000000000009 803.86820059012734 2396.2808199483848 124.50000000000001 121.50000000000001 -120.16467797756194 0.33809523809523817 113.37824320793153 0.097015639610478557 -53.20890076955159 12.387181818181821 -13.97234797477722
decision_type=8 10 10 10 10 2 2 10 10 10 10 10 10 10
left_child=2 -2 -1 4 6 9 -4 12 -7 10 11 -6 -8 -13
right_child=1 -3 3 -5 5 8 7 -9 -10 -11 -12 13 -14 -15
leaf_value=-0.089632645848908787 -0.013727442341004944 -0.20268137170547035 0.10874811077865661 0.64288429785843215 -0.41337325875271363 0.47183964778611043 0.78131491244835549 2.6561127765737864 -0.2968371422254607 -0.48701649748053283 -0.48457035655717495 -0.034766969747678012 -0.0035060258083705873 0.64602262732466664
leaf_weight=123 2305 102 512 66 42 142 44 51 52 56 40 155 80 42
leaf_count=123 2305 102 512 66 42 142 44 51 52 56 40 155 80 42
internal_value=-4.72069e-05 -0.00118355 0.001899 0.00275916 0.00211997 -0.00118868 0.0046657 0.0110795 0.00584615 -0.00526786 -0.00289286 -0.000625 0.00528 0.00227273
internal_weight=3812 2407 1405 1282 1216 529 687 175 194 335 279 239 124 197
internal_count=3812 2407 1405 1282 1216 529 687 175 194 335 279 239 124 197
is_linear=0
shrinkage=0.03


Tree=188
num_leaves=15
num_cat=0
split_feature=6 56 50 16 40 68 61 7 77 33 7 77 71 77
split_gain=8.2992 11.5759 15.6334 10.9671 10.4381 10.8212 13.1464 10.027 11.7464 9.75614 9.54094 15.8756 12.4933 16.9796
threshold=690.00000000000011 36.759046196937568 177.55865705013278 1.0000000180025095e-35 372.80542036611303 0.12644406544229944 0.21721625631139185 4965.4098579102001 -62.583481609821312 14.145489130434788 3647.9658115381767 11.347275078296663 6.5000000000000009 -87.414005398750291
decision_type=8 10 10 2 10 8 10 10 10 10 10 10 10 10
left_child=1 2 -1 -2 -3 -6 -7 10 -9 -8 11 -5 -12 -14
right_child=3 4 -4 7 5 6 9 8 -10 -11 12 -13 13 -15
leaf_value=0.0069278170425609619 -0.79280127537345912 0.81392380303878265 -0.39055274344399699 -0.046527441940948683 -0.013234114057791313 0.4951750694171963 -0.39655189366521537 0.41983049745206574 -0.032293875420264725 0.51396100410031109 0.65330387512890697 0.25913449834238189 -0.038444789853061462 -1.18745332184014
leaf_weight=730 87 76 65 1609 316 127 50 70 69 40 53 209 185 119
leaf_count=730 87 76 65 1609 316 127 50 70 69 40 53 209 185 119
internal_value=-0.000465055 0.00136655 -0.00101759 -0.00153622 0.00447541 0.00297753 0.00811927 -0.00114039 0.00664286 -0.000659341 -0.00164062 -0.000758659 -0.00611732 -0.00845902
internal_weight=3805 1404 795 2401 609 533 217 2314 139 90 2175 1818 357 304
internal_count=3805 1404 795 2401 609 533 217 2314 139 90 2175 1818 357 304
is_linear=0
shrinkage=0.03


Tree=189
num_leaves=15
num_cat=0
split_feature=81 17 35 81 16 40 40 29 77 81 31 64 66 8
split_gain=10.4128 11.6828 19.1379 10.7292 9.18578 10.8705 10.6446 29.1058 17.9823 22.4341 13.372 12.0043 16.7046 10.9154
threshold=3418.1595023870473 21.500000000000004 6.5183492999263093 1853.8129324913027 47.500000000000007 1132.1144101624566 960.03231026876949 0.93761446886446898 -50.444788813590996 8293.1055827140826 18.963571428571431 3.8792191999208128 44.99130582809449 4.1462990685532128
decision_type=8 2 10 10 2 10 10 10 10 8 8 8 10 10
left_child=1 -1 -3 -4 6 -6 10 8 9 -8 13 -12 -13 -2
right_child=4 2 3 -5 5 -7 7 -9 -10 -11 11 12 -14 -15
leaf_value=0.81234299104489427 -0.06741616635254756 -0.77102475914684421 0.51307636140017598 -0.035236534949582933 0.24927441286980048 -0.048311995471992511 0.33808811910001857 1.4234226053051815 -0.17282248362468794 -0.013366207356114572 -0.6592250139156639 -0.33808107087708883 0.45327112806413949 0.065009600606008036
leaf_weight=118 1354 58 88 84 81 51 142 135 251 332 51 412 68 601
leaf_count=118 1354 58 88 84 81 51 142 135 251 332 51 412 68 601
internal_value=-0.000470342 0.00446991 0.000519481 0.00554913 -0.000965795 0.00676692 -0.00127278 0.00160279 -0.000785124 0.00265263 -0.00226779 -0.00648496 -0.0049896 -0.00111963
internal_weight=3826 348 230 172 3478 132 3346 860 725 474 2486 531 480 1955
internal_count=3826 348 230 172 3478 132 3346 860 725 474 2486 531 480 1955
is_linear=0
shrinkage=0.03


Tree=190
num_leaves=15
num_cat=0
split_feature=65 16 8 41 15 16 3 6 31 32 34 1 38 60
split_gain=9.79935 13.6358 17.1748 16.583 12.7399 13.8308 12.1634 12.1479 10.5189 10.4686 10.432 12.2534 10.1925 13.7959
threshold=0.92315479011255208 12.500000000000002 4.1591447234351344 -70.736657738685594 17.500000000000004 3.5000000000000004 1.5416666666569656 810.00000000000011 18.011111111111116 0.46410256410256417 0.18933143669985777 691.37168741226208 2487.7218150629637 467.13900649547583
decision_type=10 2 8 8 2 2 2 10 10 10 10 2 10 8
left_child=1 2 3 -1 9 -6 -3 8 -2 10 11 -5 13 -8
right_child=7 6 -4 4 5 -7 12 -9 -10 -11 -12 -13 -14 -15
leaf_value=0.47232437570709201 0.0073358415761048687 -0.14643097513420164 0.36442773372085435 0.14556119468881409 0.86041875362865505 -0.18748791753928928 -0.15432744705105209 -0.74878771548475331 -0.15475762773684656 0.10201663336651609 -0.68773149842516645 -0.30299197651591708 0.16172700012612082 0.014774948669473174
leaf_weight=70 800 76 367 47 51 51 464 45 443 66 159 40 503 639
leaf_count=70 800 76 367 47 51 51 464 45 443 66 159 40 503 639
internal_value=-0.00033752 0.000745856 0.00383803 0.000123711 -0.00216867 0.00699029 -0.000819964 -0.00246703 -0.00190514 -0.00517572 -0.00801619 0.000340909 -0.000261357 -0.001875
internal_weight=3821 2533 851 484 414 102 1682 1288 1243 312 246 87 1606 1103
internal_count=3821 2533 851 484 414 102 1682 1288 1243 312 246 87 1606 1103
is_linear=0
shrinkage=0.03


Tree=191
num_leaves=15
num_cat=0
split_feature=67 41 42 3 82 29 34 74 33 8 29 3 75 25
split_gain=9.92235 10.8817 14.5397 12.5355 19.8912 15.6149 13.207 13.8692 13.2966 13.0505 13.2898 12.8157 12.7679 14.5701
threshold=-261.95527132919852 -70.736657738685594 -61.6236023902893 13.291666666656967 152.70632143815359 0.91335958005249351 0.22557928214447981 704.87651872943582 16.058680057388813 4.3686093723246691 0.93166584744626668 21.708333333343038 718.50471162796032 0.87312765481779575
decision_type=8 10 10 2 10 8 10 10 10 10 10 2 8 10
left_child=-1 -2 -3 4 6 -5 8 12 -4 10 -7 -11 -8 -14
right_child=1 2 3 5 -6 9 7 -9 -10 11 -12 -13 13 -15
leaf_value=-0.80062851780778799 0.077519895232151373 -0.4528669394056396 0.18661964347176188 -0.020463794047236507 -0.72632408402021065 0.23855527555996059 0.33827604271595629 -0.71555127218679837 -0.014140985437752072 1.1343180996813373 -0.062075759701431817 0.083674264350986502 0.74027992262904796 -0.22419201851458601
leaf_weight=68 703 158 194 738 117 224 132 83 377 158 323 80 41 410
leaf_count=68 703 158 194 738 117 224 132 83 377 158 323 80 41 410
internal_value=-3.15209e-05 0.000176518 -0.000602767 -0.000114663 -0.00221402 0.00175197 -0.00109047 -0.00395802 0.00225524 0.00469466 0.00213504 0.0105439 -0.00231164 -0.00471239
internal_weight=3806 3738 3035 2877 1354 1523 1237 666 571 785 547 238 583 451
internal_count=3806 3738 3035 2877 1354 1523 1237 666 571 785 547 238 583 451
is_linear=0
shrinkage=0.03


Tree=192
num_leaves=15
num_cat=0
split_feature=60 45 60 73 25 77 48 75 4 69 0 34 83 72
split_gain=11.9531 11.2825 10.6181 9.5769 9.36554 9.04737 9.04195 9.76172 8.04792 10.3288 10.2026 11.3473 10.8002 9.63186
threshold=493.56062042713171 5.5000000000000009 399.84055447578436 88.804031610488906 0.90967365967365976 -69.598561823368058 77.606226960817978 2038.1435635089877 8.5000000000000018 -286.81615183647085 129.50000000000003 0.31622807017543864 -11.965709447860716 -152.10429286956784
decision_type=10 8 10 10 8 10 10 8 2 8 2 10 8 10
left_child=1 4 3 8 5 -1 7 -2 -3 -10 12 -12 -11 -14
right_child=6 2 -4 -5 -6 -7 -8 -9 9 10 11 -13 13 -15
leaf_value=-0.87639955705813832 0.72052743149444265 -0.012006472376444463 -0.72775144951590887 0.64562094040333695 -0.034042266543577497 0.01265884575924091 0.0058117814846065131 0.27186357509284631 0.96985827449485229 0.15131906727135658 1.4838852080639708 -0.10585104135316953 -0.066064369965970954 0.092566640067570385
leaf_weight=108 52 2225 48 64 275 50 86 40 40 148 87 51 275 233
leaf_count=108 52 2225 48 64 275 50 86 40 40 148 87 51 275 233
internal_value=0.000142744 -0.00023301 0.000387768 0.000604994 -0.00476959 -0.010566 0.0077095 0.0141935 0.000362745 0.00287425 0.00211321 0.0094964 0.000547945 -0.00153242
internal_weight=3782 3604 3171 3123 433 158 178 92 3059 834 794 138 656 508
internal_count=3782 3604 3171 3123 433 158 178 92 3059 834 794 138 656 508
is_linear=0
shrinkage=0.03


Tree=193
num_leaves=15
num_cat=0
split_feature=7 77 35 7 63 33 77 45 48 83 77 24 33 7
split_gain=7.81265 9.71248 9.02192 15.3381 14.907 13.3237 11.3847 15.5864 12.9329 13.8092 10.414 12.2968 9.18216 10.0379
threshold=4925.3465560779887 -62.583481609821312 16.620404172099089 2522.4357818064095 239.35703274414138 14.565349264705885 -121.89752739667891 6.5000000000000009 41.401291926701866 -29.269489645957943 -70.249142825603471 30.500000000000004 26.560442890442893 2813.4244950505404
decision_type=10 10 10 10 10 8 8 10 10 10 8 2 10 10
left_child=2 -2 -1 4 10 -5 8 -8 9 -7 11 -4 13 -9
right_child=1 -3 3 5 -6 6 7 12 -10 -11 -12 -13 -14 -15
leaf_value=-0.032728715400206387 0.43826215024460119 -0.0099318611712573106 0.19824073555069477 0.75508099711097276 -0.5328367370159246 -1.0059454174089586 -1.5410912962800745 -0.26338073053555772 -0.0090421311884554892 -0.0087192034659647876 1.3058950696406975 -0.23428030703724409 -0.079653954890152256 0.46947247659718355
leaf_weight=2630 96 127 68 40 44 61 40 41 128 42 121 44 75 254
leaf_count=2630 96 127 68 40 44 61 40 41 128 42 121 44 75 254
internal_value=-0.000212487 0.00522321 -0.000551686 0.00193952 0.0078777 -0.000483871 -0.00154206 0.00145985 -0.00685345 -0.0147115 0.0108974 0.00424779 0.00339623 0.00577703
internal_weight=3811 223 3588 958 277 681 641 410 231 103 233 112 370 295
internal_count=3811 223 3588 958 277 681 641 410 231 103 233 112 370 295
is_linear=0
shrinkage=0.03


Tree=194
num_leaves=15
num_cat=0
split_feature=65 15 1 24 69 63 3 8 34 7 29 64 26 65
split_gain=9.40316 13.3299 9.87112 17.858 11.319 14.2671 14.0089 12.0712 10.1612 9.75018 10.1578 9.19222 10.9027 8.41131
threshold=1.1683551765611404 34.500000000000007 665.53867006301891 16.500000000000004 -20.213664176889324 110.50631587920952 15.541666666656967 4.3993280999101385 0.31072796934865904 3314.6053810030648 0.98790302912053074 6.1065302508021171 95.500000000000014 1.0604047753555781
decision_type=10 2 2 2 10 10 2 10 10 10 10 10 2 8
left_child=2 11 3 -1 6 -6 9 -8 -7 10 13 12 -2 -4
right_child=1 -3 4 -5 5 8 7 -9 -10 -11 -12 -13 -14 -15
leaf_value=-0.18229689419002842 -0.87882995308796596 -0.86902372251636517 -0.49938859770098337 0.042684510256079056 -0.54029143763694953 0.06481901609875336 0.053849683869390041 0.4992418591731716 -0.3142484655093668 -0.39568947383259645 -0.36243826149105018 0.092670171695007172 0.16278088801677468 0.088547623603208794
leaf_weight=41 40 46 51 2256 210 248 230 63 120 127 41 52 40 228
leaf_count=41 40 46 51 2256 210 248 230 63 120 127 41 52 40 228
internal_value=7.90722e-06 -0.00670391 0.000340155 0.00152742 -0.00172858 -0.00487047 0.000728745 0.00581633 -0.00130081 -0.00261161 0.000186916 -0.00180451 -0.00814815 0.00225
internal_weight=3793 178 3615 2297 1318 578 740 293 368 447 320 132 80 279
internal_count=3793 178 3615 2297 1318 578 740 293 368 447 320 132 80 279
is_linear=0
shrinkage=0.03


Tree=195
num_leaves=15
num_cat=0
split_feature=81 79 76 4 40 85 0 16 77 39 68 3 29 60
split_gain=9.38655 8.32191 10.3342 8.96402 7.25639 13.2204 11.2564 9.59972 11.6956 10.8316 15.3248 10.7762 15.3816 18.0362
threshold=17718.926158666614 52.721247598201387 3626.8086165189748 7.5000000000000009 45.180242109435198 181.13150274753573 427.50000000000006 12.500000000000002 -243.40340566635129 2406.1262077703846 -0.22691536011851943 12.708333333343036 0.92747102796345382 69.804111838340773
decision_type=10 10 8 2 8 10 2 2 8 8 8 2 10 8
left_child=4 2 -2 -4 5 -1 7 11 -9 10 -10 12 -6 -14
right_child=1 -3 3 -5 6 -7 -8 8 9 -11 -12 -13 13 -15
leaf_value=0.1330985183288256 0.93918679696513607 -0.38466803292495705 -0.96639069422516011 -0.04298801586078279 0.027381992166759232 -0.67232168221900634 2.4380983925014639 -0.41511231333486798 0.9755279416524234 -0.062162048876444373 -0.00021398252616747297 0.11317065041646576 -1.5528659445305233 -0.12039911003631001
leaf_weight=468 40 54 48 78 499 51 41 233 51 595 871 656 45 109
leaf_count=468 40 54 48 78 499 51 41 233 51 595 871 656 45 109
internal_value=-0.000242188 -0.00624434 -0.00287425 -0.00708661 0.000124309 0.00340385 -0.000425669 -0.000637255 -0.00209023 -0.00112648 0.000910076 0.00130534 -0.00142202 -0.00967742
internal_weight=3839 220 166 126 3619 519 3100 3059 1750 1517 922 1309 653 154
internal_count=3839 220 166 126 3619 519 3100 3059 1750 1517 922 1309 653 154
is_linear=0
shrinkage=0.03


Tree=196
num_leaves=15
num_cat=0
split_feature=67 42 1 45 77 17 77 7 63 16 16 56 31 1
split_gain=8.97674 9.98771 9.14618 7.16096 9.81143 7.03037 14.5885 8.99909 11.6138 7.53324 10.4524 10.7692 8.4383 14.4586
threshold=-261.95527132919852 -208.83164739608762 609.24851906299602 7.5000000000000009 -111.05397963523863 71.500000000000014 121.64101433753969 5123.2697457641034 -17.032158446298748 47.500000000000007 38.500000000000007 70.435036460558578 10.402083333333335 666.52870881557476
decision_type=8 8 2 8 8 2 10 10 10 2 2 10 10 2
left_child=-1 -2 3 4 -3 6 7 9 -9 10 -4 12 13 -12
right_child=1 2 5 -5 -6 -7 -8 8 -10 -11 11 -13 -14 -15
leaf_value=-0.83457665876206832 1.32388473033119 -0.43446769194169221 -0.0074277062141665353 0.24437897101573325 0.34265189161950127 1.130579763713935 -0.18315482156187296 0.68522717366174213 -0.031116557142554634 0.10996413378703652 -0.30118646988202485 -1.2761761743383893 -0.22984737724105189 0.18557408774492748
leaf_weight=67 63 41 2869 154 64 40 145 71 59 76 43 55 50 48
leaf_count=67 63 41 2869 154 64 40 145 71 59 76 43 55 50 48
internal_value=-0.000226209 -3.17544e-05 -0.000234123 0.00519231 -0.000849057 -0.000642175 -0.000790167 -0.000375917 0.00732824 -0.000697008 -0.00092955 -0.00761421 -0.00316901 0.00228261
internal_weight=3845 3778 3715 259 105 3456 3416 3271 130 3141 3065 196 141 91
internal_count=3845 3778 3715 259 105 3456 3416 3271 130 3141 3065 196 141 91
is_linear=0
shrinkage=0.03


Tree=197
num_leaves=15
num_cat=0
split_feature=1 77 3 53 23 7 81 81 81 62 85 80 58 39
split_gain=8.64169 10.8386 8.63296 13.4364 11.7915 10.3393 9.36579 8.17836 8.1449 7.96948 7.41358 6.86204 6.70964 9.98257
threshold=802.4528832435609 1.9501165747642519 21.125000000000004 12.500000000000002 11.943318128585817 3954.5153921850292 26965.108477473263 4225.8326207399377 1587.2678377628329 0.35769225719030828 -333.47194874286646 -15.897557258605955 1470.128134608269 2054.4928767943197
decision_type=2 8 2 10 10 10 10 10 8 10 10 10 10 10
left_child=2 10 6 4 5 7 8 -4 -1 12 -2 -9 -10 -14
right_child=1 -3 3 -5 -6 -7 -8 11 9 -11 -12 -13 13 -15
leaf_value=0.611655597061044 -0.7543544188929 0.052247409035919047 1.746171223013129 1.8673024876854907 -0.88257554229848567 -0.22642252541930302 -0.2153854005792937 -0.11602363551101098 -0.0017629656412670601 -0.33042471375354943 -0.14973581573852157 0.61555502894722525 -0.009337988701190696 -0.14699748366140711
leaf_weight=54 41 62 64 49 40 79 59 43 2862 124 45 74 122 74
leaf_count=54 41 62 64 49 40 79 59 43 2862 124 45 74 122 74
internal_value=-0.00056947 -0.00765101 -0.000279835 0.0042 0.00179402 0.00413793 -0.000755461 0.00807692 -0.000537535 -0.000735156 -0.0144828 0.00330508 -0.000431514 -0.0057868
internal_weight=3792 148 3644 349 300 260 3295 181 3236 3182 86 117 3058 196
internal_count=3792 148 3644 349 300 260 3295 181 3236 3182 86 117 3058 196
is_linear=0
shrinkage=0.03


Tree=198
num_leaves=15
num_cat=0
split_feature=1 63 77 83 81 81 81 0 41 7 38 34 32 16
split_gain=9.85282 11.7048 13.5434 10.4656 9.38336 9.26501 11.0703 11.2631 9.81344 10.317 9.8252 9.53796 10.4697 9.37297
threshold=665.53867006301891 134.41702153589691 106.62696480751039 157.54430651664737 4747.6293251514444 6947.104867696763 8242.9177157878894 89.500000000000014 158.96206569671634 2186.5181977426896 635.21722990706223 0.23310502283105025 0.10435571687840291 37.500000000000007
decision_type=2 8 10 8 8 8 8 2 10 10 8 10 10 2
left_child=3 -2 -3 -1 -5 -6 -7 8 9 10 -8 12 -9 -11
right_child=1 2 -4 4 5 6 7 11 -10 13 -12 -13 -14 -15
leaf_value=-0.0052222131620082018 -0.11790516001611806 0.041905528579752785 -0.3364660886909438 1.0282355852668932 -0.28340271780493898 1.3737177965858987 -0.11903527660257025 0.19208127125948535 -0.28581964571388396 -0.037283971496774773 0.72101666491557537 0.051629438094367437 1.0281224955717667 0.052088093047063418
leaf_weight=1480 675 673 45 118 44 42 45 53 44 292 93 114 53 45
leaf_count=1480 675 673 45 118 44 42 45 53 44 292 93 114 53 45
internal_value=9.43149e-05 -0.00191535 0.000751043 0.00125 0.00371822 0.00257869 0.0033376 0.00247297 5.76923e-05 0.00132353 0.00820144 0.0081448 0.0145794 -0.00150888
internal_weight=3816 1393 718 2423 943 825 781 739 519 475 138 220 106 337
internal_count=3816 1393 718 2423 943 825 781 739 519 475 138 220 106 337
is_linear=0
shrinkage=0.03


Tree=199
num_leaves=15
num_cat=0
split_feature=3 68 64 77 77 75 42 46 69 82 77 81 39 81
split_gain=7.96417 17.6792 12.8474 11.7652 15.0059 18.9331 16.0963 11.5574 11.1696 8.42634 7.6643 13.424 10.9951 10.9077
threshold=20.208333333343038 0.17108313394211291 4.0918922451920468 34.815876245498664 -69.598561823368058 1865.0287591218951 93.317190408706679 690.00000000000011 481.58338899870176 63.440370798110969 15.967813551425936 3259.223057866097 1000.9527221673111 3184.1654009819035
decision_type=2 10 8 10 10 8 10 8 10 8 8 8 10 10
left_child=8 2 -2 4 5 -4 7 -7 10 -3 11 12 -1 -12
right_child=1 9 3 -5 -6 6 -8 -9 -10 -11 13 -13 -14 -15
leaf_value=-0.13552058612680171 -0.9146796480292716 0.035365733952981482 -0.5568425992720859 -0.29503057200535188 1.2336335645773078 0.71006770630709659 2.2938644319229149 -0.13604882184851461 -0.2641993759142528 1.6989475594532808 -0.013351607646679762 -0.044974200369159598 0.69984045503028869 0.14132624914863626
leaf_weight=58 61 41 60 86 48 40 45 75 159 63 642 1838 92 533
leaf_count=58 61 41 60 86 48 40 45 75 159 63 642 1838 92 533
internal_value=-0.000163977 0.00328846 0.000504808 0.00270423 0.00579926 0.00244344 0.00782609 0.00181034 -0.000704183 0.0142857 -0.000312895 -0.00144796 0.00715232 0.00160714
internal_weight=3841 519 415 354 268 220 160 115 3322 104 3163 1988 150 1175
internal_count=3841 519 415 354 268 220 160 115 3322 104 3163 1988 150 1175
is_linear=0
shrinkage=0.03


Tree=200
num_leaves=15
num_cat=0
split_feature=28 15 80 35 43 82 82 30 68 65 8 3 8 3
split_gain=8.98378 10.1124 16.0359 16.4643 20.1444 13.1584 16.2825 13.2107 14.6127 12.8376 20.0689 10.648 11.7831 11.2627
threshold=497.50000000000006 31.500000000000004 -147.07859933376309 15.227171428571429 257.29644586788294 -56.8056052327156 -154.71361529827115 22.950000000000003 0.19206988528288524 1.117639230353231 1.8241177208404886 6.0416666666569663 4.012505536383606 8.3750000000000018
decision_type=2 2 8 8 10 8 10 8 10 8 10 2 10 2
left_child=1 5 -3 4 -4 6 -1 11 -9 -8 -11 12 -7 -13
right_child=-2 2 3 -5 -6 7 9 8 -10 10 -12 13 -14 -15
leaf_value=0.10814564753098302 -0.91007448839918226 0.76774365702808722 0.13110364288621387 0.110060734239831 -0.84513952779092372 -0.39732413187587451 -0.78854975435520169 -0.057106235982812392 0.38814517883414751 -0.62932012671815152 0.061252551950303338 0.49442074387892743 0.086073981982389677 0.030805581012294352
leaf_weight=108 44 40 73 325 116 82 119 716 87 66 112 257 103 1589
leaf_count=108 44 40 73 325 116 82 119 716 87 66 112 257 103 1589
internal_value=-7.81657e-06 0.000150237 0.00389189 0.0024466 -0.00457895 -0.000490741 -0.00554187 0.000232804 -0.00302239 -0.00916107 -0.00402235 0.00152067 -0.00532258 0.00220899
internal_weight=3837 3793 554 514 189 3239 405 2834 803 297 178 2031 185 1846
internal_count=3837 3793 554 514 189 3239 405 2834 803 297 178 2031 185 1846
is_linear=0
shrinkage=0.03


Tree=201
num_leaves=15
num_cat=0
split_feature=51 28 80 30 0 16 25 34 69 59 29 24 5 1
split_gain=11.6269 11.464 10.3217 14.3012 13.3044 11.9251 11.2841 12.3507 10.4925 10.4545 10.5333 11.4936 10.8267 12.3094
threshold=-1496.5686182975767 494.00000000000006 105.73080992698671 25.850000000000005 -119.49999999999999 1.0000000180025095e-35 0.93079501915708829 0.22611077297626295 264.39350356435563 122.44134294986726 0.97202660406885777 24.500000000000004 64.067189931869521 609.24851906299602
decision_type=8 2 8 10 2 2 8 8 10 10 10 2 10 2
left_child=-1 2 3 5 -4 -2 7 -5 -7 10 12 -12 13 -6
right_child=1 -3 4 6 9 8 -8 -9 -10 -11 11 -13 -14 -15
leaf_value=-0.091159295349685934 -0.97642542365495422 -0.86542813919770512 -0.26955402401653156 -0.046953602617400066 0.66022440693863527 0.044068438390615187 0.26697213610068504 -0.91446645097196888 -0.31034517441139647 0.52001388628661349 0.0578749882568858 -0.76185245441331328 -0.054076510717681769 0.058849562334729204
leaf_weight=302 44 41 42 170 53 1277 84 110 170 161 62 49 303 950
leaf_count=302 44 41 42 170 53 1277 84 110 170 161 62 49 303 950
internal_value=9.42655e-05 0.00058004 0.000768124 -0.000759698 0.00251696 0.000542895 -0.00608219 -0.00896797 0.00101519 0.0029639 0.00213681 -0.00669643 0.00289212 0.00439243
internal_weight=3818 3516 3475 1855 1620 1491 364 280 1447 1578 1417 111 1306 1003
internal_count=3818 3516 3475 1855 1620 1491 364 280 1447 1578 1417 111 1306 1003
is_linear=0
shrinkage=0.03


Tree=202
num_leaves=15
num_cat=0
split_feature=60 50 53 56 41 27 8 64 39 82 66 53 3 62
split_gain=7.66163 13.4022 14.1401 12.8569 7.9673 8.60949 7.87506 7.65209 20.5376 12.2544 9.48069 9.2682 11.7776 18.2078
threshold=545.25383734703075 1543.0117584466936 19.500000000000004 374.31370437145239 84.037244439125075 0.96828988005458605 4.4598949866308102 4.4334419921958697 1522.1359823802065 -65.325080136458055 -42.878328204154961 5.5000000000000009 6.0416666666569663 -0.077534356286400721
decision_type=10 10 10 10 10 10 10 8 10 8 8 8 2 10
left_child=1 2 3 7 -2 -6 -3 8 9 -1 -10 -9 13 -13
right_child=4 6 -4 -5 5 -7 -8 11 10 -11 -12 12 -14 -15
leaf_value=-0.57045167712575806 0.50493465942572691 -0.084464754610593079 0.40638678495869651 -0.57708944929108474 0.12109235813461552 -0.35440933613284681 -0.21500646060468745 -0.089909259609068704 -0.51239811286494941 0.22525635723756238 -0.10676006833714929 0.008035027329135273 0.079766298792780646 -0.4431926181530621
leaf_weight=42 84 152 43 44 43 40 60 374 118 319 603 181 1647 106
leaf_count=42 84 152 43 44 43 40 60 374 118 319 603 181 1647 106
internal_value=-1.55561e-05 -0.000300813 0.000146636 -6.9869e-05 0.00625 -0.000357143 -0.00760563 0.000141551 -0.00193906 0.00389503 -0.0048615 0.00111737 0.00195349 -0.00364583
internal_weight=3856 3689 3477 3434 167 83 212 3390 1082 361 721 2308 1934 287
internal_count=3856 3689 3477 3434 167 83 212 3390 1082 361 721 2308 1934 287
is_linear=0
shrinkage=0.03


Tree=203
num_leaves=15
num_cat=0
split_feature=27 53 69 76 8 36 28 1 58 80 70 70 35 39
split_gain=9.31322 14.6933 9.76874 9.73841 9.70647 9.16971 8.5492 8.75645 9.49156 7.6126 7.74563 11.6523 8.00233 7.88613
threshold=0.88780278466526807 5.5000000000000009 -265.73906539253227 98.720164537429824 2.6891704798051523 0.056079664570230614 469.50000000000006 659.08346462249767 1224.7034965753558 306.18377375602728 0.74166666666666681 0.13809523809523813 13.708016235413497 882.37048982380304
decision_type=8 8 8 8 10 8 2 2 10 10 10 8 10 10
left_child=1 4 -3 -2 -1 -4 7 8 -5 10 11 -7 -13 -12
right_child=3 2 5 6 -6 9 -8 -9 -10 -11 13 12 -14 -15
leaf_value=-0.16294175633673133 -0.59171397764759004 0.28849488877202006 0.090125218141665256 0.15719947561202027 -2.0116141508055509 -0.029315238473515453 -0.51725609214126411 -0.013876967480234476 -0.17691191118430558 -0.63860165513437805 0.12906784749206271 0.10899039381207823 -0.0026138364820560943 -0.17440145018645581
leaf_weight=60 56 42 83 1026 47 181 44 1409 50 50 62 94 86 525
leaf_count=60 56 42 83 1026 47 181 44 1409 50 50 62 94 86 525
internal_value=-0.00033805 -0.00248578 -0.00146797 0.000684455 -0.0130556 -0.00202403 0.000960474 0.00119469 0.0032312 -0.00282282 -0.00221286 0.00124309 0.00662983 -0.00433673
internal_weight=3815 1230 1123 2585 107 1081 2529 2485 1076 998 948 361 180 587
internal_count=3815 1230 1123 2585 107 1081 2529 2485 1076 998 948 361 180 587
is_linear=0
shrinkage=0.03


Tree=204
num_leaves=15
num_cat=0
split_feature=51 3 43 80 45 56 83 13 3 44 68 83 36 30
split_gain=13.9839 10.1158 9.06199 13.4077 14.4062 11.7435 13.76 15.1544 20.119 18.0188 11.346 8.86664 11.1851 8.48713
threshold=-1496.5686182975767 12.375000000000002 614.27774298932388 256.95280265808111 17.500000000000004 57.342383146286018 -66.38557112216948 210.00000000000003 6.0416666666569663 123.64077484607698 -0.087830874633507819 -208.64871227741239 0.99305555555555569 43.050000000000004
decision_type=8 2 8 10 10 8 8 8 2 10 8 8 8 10
left_child=1 -1 -2 4 5 -4 -7 8 13 10 -10 -3 -13 -8
right_child=2 11 3 -5 -6 6 7 -9 9 -11 -12 12 -14 -15
leaf_value=-0.31874138220592091 0.032116659097008018 -0.56067221064246076 -0.39899870420961719 1.6261830335063421 0.39092546959557323 -0.38193259019451076 -0.29025381743401607 -0.42039177758094565 -0.022418606741763228 -0.036392657407690196 0.68402444953783659 -0.19369166217228614 0.076200239238314718 0.0044617266697918939
leaf_weight=81 2455 41 320 56 53 111 58 93 44 119 173 54 122 65
leaf_count=81 2455 41 320 56 53 111 58 93 44 119 173 54 122 65
internal_value=0.000210608 -0.00602007 0.000735626 -0.00153705 -0.00231437 -0.00314024 -0.000858434 0.00108499 0.00332609 0.00712166 0.0122477 -0.00261468 0.000338983 -0.00701613
internal_weight=3845 298 3547 1092 1036 983 663 552 459 336 217 217 176 123
internal_count=3845 298 3547 1092 1036 983 663 552 459 336 217 217 176 123
is_linear=0
shrinkage=0.03


Tree=205
num_leaves=15
num_cat=0
split_feature=50 4 66 59 42 35 42 60 83 35 82 3 39 53
split_gain=10.0715 9.2381 17.2859 13.5148 13.2046 15.8029 15.1254 14.1313 20.457 10.373 17.0551 10.7852 10.7516 13.3343
threshold=1807.6657204627993 8.5000000000000018 -296.94888293743128 125.53867006301881 37.93373095989228 1.7951388888888891 23.187256574630741 258.24649238586431 -48.204783678054802 17.221607142857149 135.40178410212204 9.9583333333430364 1906.7528096026003 10.500000000000002
decision_type=10 2 8 8 10 8 10 10 10 10 10 2 10 10
left_child=1 2 -1 4 5 -4 -7 -6 -9 11 -11 -3 -13 -14
right_child=-2 9 3 -5 7 6 -8 8 -10 10 -12 12 13 -15
leaf_value=-1.3690516112724822 -0.073835916371853716 -0.057916697691361298 0.44630086466906288 0.094420036373891056 0.055655736017931202 -0.075636747931030285 -0.68214336046364932 -0.53547783261656534 0.36659783905265142 0.58093966688765231 -0.1772018284835673 0.40708174280661363 -0.18337254487855553 0.50807931652601213
leaf_weight=75 244 232 45 655 956 674 116 164 74 209 40 210 108 66
leaf_count=75 244 232 45 655 956 674 116 164 74 209 40 210 108 66
internal_value=0.000744378 0.00114207 0.000293478 0.000692737 -0.000517241 -0.00340909 -0.00439949 0.00150628 -0.00502092 0.00384527 0.009 0.00175041 0.00483117 -0.000685714
internal_weight=3868 3624 2759 2684 2029 835 790 1194 238 865 249 616 384 174
internal_count=3868 3624 2759 2684 2029 835 790 1194 238 865 249 616 384 174
is_linear=0
shrinkage=0.03


Tree=206
num_leaves=15
num_cat=0
split_feature=45 40 56 56 16 51 5 43 27 20 53 56 35 5
split_gain=7.13335 10.5012 12.7587 10.9796 10.1135 9.1499 8.35056 9.80846 16.4806 9.66903 17.0048 9.73368 9.27221 8.81144
threshold=5.5000000000000009 292.34229907495069 89.022293766339629 -1.7975093126296995 31.500000000000004 206.67701900005343 62.978373885154731 180.77732791119919 0.9842509920634922 189.24851906299594 6.5000000000000009 54.068370103836067 0.10934035476718405 60.916535377502449
decision_type=8 10 10 10 2 10 8 10 10 10 10 10 10 10
left_child=1 2 3 -1 -5 6 13 8 9 11 -11 -8 -10 -2
right_child=5 -3 -4 4 -6 -7 7 -9 12 10 -12 -13 -14 -15
leaf_value=-0.028856184140133079 0.020073558059847087 -0.57524447017670632 -0.401338801448198 0.082738548008160676 0.86330420845959643 0.50301956230098011 0.69146987226099044 -0.087984109185695103 -0.022505969242072207 0.71568796229896947 -0.78378412428310207 0.079429563136926687 -0.57279563654816656 0.59810917432139876
leaf_weight=172 2162 133 116 69 44 94 151 528 59 46 46 127 51 63
leaf_count=172 2162 133 116 69 44 94 151 528 59 46 46 127 51 63
internal_value=0.000411704 -0.00280374 -0.000373134 0.00304196 0.0102632 0.000928486 0.000658627 -0.00160555 0.00149688 0.0045283 -0.00387097 0.00731183 -0.00864865 0.00168464
internal_weight=3861 534 401 285 113 3327 3233 1008 480 370 92 278 110 2225
internal_count=3861 534 401 285 113 3327 3233 1008 480 370 92 278 110 2225
is_linear=0
shrinkage=0.03


Tree=207
num_leaves=15
num_cat=0
split_feature=26 24 85 26 62 29 35 40 15 84 31 8 24 60
split_gain=8.31499 13.0434 12.7543 19.4565 15.9374 13.2498 12.8162 11.6368 10.5806 8.05485 7.99619 13.7112 13.7988 15.6336
threshold=138.50000000000003 51.500000000000007 -94.438211878140763 186.50000000000003 0.060350579858890648 0.96066430560808735 14.804817541613318 442.6029663066966 38.500000000000007 93.062780439853682 16.280769230769234 4.1116967280546719 46.500000000000007 229.85396265983584
decision_type=2 2 10 2 10 10 10 10 2 8 8 10 2 10
left_child=1 8 3 -2 7 -5 -6 -4 10 -10 11 12 13 -1
right_child=2 -3 4 5 6 -7 -8 -9 9 -11 -12 -13 -14 -15
leaf_value=-0.13151894982035697 1.1234013555033533 -0.5887750809719523 0.51834606046494458 -0.089559939942566461 -1.4125980989723768 0.5190452967276431 -0.15964217903174688 -0.050669643284407866 0.58895827632054942 0.00077561242236054504 -0.034106878549075903 0.18702138554265174 0.96181256885824351 0.14403371375913035
leaf_weight=974 161 64 90 196 49 41 44 144 69 67 1077 551 45 272
leaf_count=974 161 64 90 196 49 41 44 144 69 67 1077 551 45 272
internal_value=0.000124837 -0.000548077 0.00301653 0.00661654 -0.00137195 0.00113445 -0.0118085 0.00280851 -0.000265052 0.00788321 -0.00064726 0.000553445 -0.00113777 -0.00173216
internal_weight=3844 3119 725 398 327 237 93 234 3055 136 2919 1842 1291 1246
internal_count=3844 3119 725 398 327 237 93 234 3055 136 2919 1842 1291 1246
is_linear=0
shrinkage=0.03


Tree=208
num_leaves=15
num_cat=0
split_feature=3 8 17 42 7 3 43 26 3 26 15 26 26 27
split_gain=7.66385 19.363 23.0253 16.3704 15.8133 18.33 16.5736 15.7121 14.1576 15.4664 14.3896 14.3179 12.8622 12.3246
threshold=15.708333333343036 3.8732310360510218 27.500000000000004 253.71145391464236 3064.0526101895161 10.625000000000002 116.74885398950589 163.50000000000003 17.291666666656969 133.50000000000003 28.500000000000004 108.50000000000001 111.50000000000001 0.9148111495959097
decision_type=2 10 2 10 10 2 10 2 2 2 2 2 2 10
left_child=4 8 13 7 -1 -6 -7 12 11 10 -10 -2 -4 -3
right_child=1 2 3 -5 5 6 -8 -9 9 -11 -12 -13 -14 -15
leaf_value=0.0061338355794426577 0.24239628862620252 0.021640087148073479 0.0095479780863427753 1.1781127343668072 -0.0201147290587897 0.1291582613317859 -0.80566349900607581 0.5094998146539208 -0.39891103382361037 0.095523699582946042 0.47699368376016316 -0.034875588435401776 -0.47752321336353359 1.3261621575543592
leaf_weight=1442 115 78 326 47 516 58 322 53 428 109 40 77 101 127
leaf_count=1442 115 78 326 47 516 58 322 53 428 109 40 77 101 127
internal_value=-0.000414062 0.00125832 0.00474761 0.00142045 -0.00148782 -0.00461538 -0.0096063 -0.00024948 -0.00206494 -0.00441176 -0.00678038 0.00497409 -0.0021729 0.0132524
internal_weight=3839 1501 732 527 2338 896 380 480 769 577 468 192 427 205
internal_count=3839 1501 732 527 2338 896 380 480 769 577 468 192 427 205
is_linear=0
shrinkage=0.03


Tree=209
num_leaves=15
num_cat=0
split_feature=14 81 3 82 24 70 45 56 41 82 77 77 79 60
split_gain=12.4918 10.745 16.4449 15.8598 10.289 9.5492 9.8698 17.1835 10.5205 13.7776 11.0448 15.7721 13.4091 18.8432
threshold=1287.3659222077679 3259.223057866097 9.6250000000000018 129.40733738740286 32.500000000000007 1.0000000180025095e-35 15.500000000000002 24.772414684295658 314.47353982925421 94.171003639698043 -244.4408195018768 -211.64807915687558 7.8591503867123143 118.55282557010652
decision_type=10 8 2 10 2 8 10 10 10 10 8 8 10 10
left_child=1 2 -1 4 -4 -3 8 -8 10 -10 12 -12 -7 -14
right_child=-2 5 3 -5 -6 6 7 -9 9 -11 11 -13 13 -15
leaf_value=-0.12260610286874964 0.15542213881546427 -0.051701937466497219 0.83935283766584134 1.2063459351802694 -0.057576946561491267 -0.51975753896777377 -0.032349468760938971 0.5118513817878716 -0.38253788584433651 0.52016235329940519 0.35676505776394024 -0.011824939426251433 0.07159476865803166 -0.69413896027329225
leaf_weight=90 76 206 51 55 114 120 43 49 135 40 139 2417 242 62
leaf_count=90 76 206 51 55 114 120 43 49 135 40 139 2417 242 62
internal_value=-0.000273438 -0.000518066 0.00482315 0.00923077 0.00451807 -0.000998842 -0.000600369 0.00903226 -0.00088403 -0.00801136 -0.000462932 0.00028158 -0.00494118 -0.00157377
internal_weight=3839 3763 310 220 165 3453 3247 92 3155 175 2980 2556 424 304
internal_count=3839 3763 310 220 165 3453 3247 92 3155 175 2980 2556 424 304
is_linear=0
shrinkage=0.03


Tree=210
num_leaves=15
num_cat=0
split_feature=3 8 9 67 41 56 31 16 77 6 0 8 33 85
split_gain=10.0256 14.8182 11.3194 9.48468 9.10603 12.6808 13.0721 10.9139 9.56397 9.40822 13.4276 9.36112 9.33908 17.4009
threshold=1.5416666666569656 3.7184856092209198 150.00000000000003 -252.84170236205094 -75.437159538269029 -116.69433482487995 18.011111111111116 26.500000000000004 -103.93103235960005 690.00000000000011 -54.499999999999993 4.0843675692498751 15.851925925925928 167.82542705535892
decision_type=2 10 2 8 10 10 10 2 8 10 2 10 10 10
left_child=1 -1 -3 -2 5 8 7 11 -5 12 -11 -7 13 -6
right_child=3 2 -4 4 9 6 -8 -9 -10 10 -12 -13 -14 -15
leaf_value=-0.46172252123714386 -0.69640585348532191 -0.10477035590264967 0.11479242091983616 -0.095106428637485002 0.040382484421375084 0.74335928138251739 -0.094343845407606236 -0.0065635662261242442 0.062059558238797406 -0.59255950768617238 -0.016795174194132286 0.19978689911111105 -0.029121757926881705 0.81668864178219314
leaf_weight=60 73 94 58 162 577 101 54 52 225 77 1805 68 385 102
leaf_count=60 73 94 58 162 577 101 54 52 225 77 1805 68 385 102
internal_value=0.000130971 -0.00619718 -0.00117647 0.000497012 0.000714879 0.0038914 0.00880435 0.012027 0.000386598 0 -0.00127456 0.0157059 0.00225352 0.00436765
internal_weight=3893 212 152 3681 3608 662 275 221 387 2946 1882 169 1064 679
internal_count=3893 212 152 3681 3608 662 275 221 387 2946 1882 169 1064 679
is_linear=0
shrinkage=0.03


Tree=211
num_leaves=15
num_cat=0
split_feature=67 7 39 37 39 61 82 77 17 32 16 3 77 8
split_gain=9.32731 7.17008 11.8138 12.2494 10.9951 19.7508 18.3931 11.9042 13.4282 14.3034 13.6892 16.5158 13.3602 12.8635
threshold=617.65194018820796 5046.7826956723011 4875.5219720155401 1711.5820343038954 2406.1262077703846 0.013577608716249542 -41.105708201726266 10.787631750106813 16.500000000000004 0.89181286549707617 3.5000000000000004 23.125000000000004 36.790439248085029 3.7778498503170108
decision_type=10 10 10 10 10 10 8 10 2 8 2 2 10 10
left_child=1 4 -3 -4 7 6 -6 8 9 -1 -10 13 -9 -12
right_child=-2 2 3 -5 5 -7 -8 12 10 -11 11 -13 -14 -15
leaf_value=-0.38496369969607058 0.60545759974981983 -0.075766531796944425 1.4465869456492193 0.03437855485023078 0.33213602612851367 -0.23284014687677421 -0.0014333335019225248 0.88717887369873061 0.29438412413026199 0.13191558173844484 -0.03012832800151756 -0.65170864281102314 0.036593562563701554 0.19491241504873527
leaf_weight=195 117 46 51 94 59 767 441 83 167 55 1091 45 142 486
leaf_count=195 117 46 51 94 59 767 441 83 167 55 1091 45 142 486
internal_value=8.59375e-05 -0.000177276 0.00546875 0.00965753 -0.000484145 -0.00272082 0.00191617 0.000768212 4.41176e-05 -0.00645418 0.000955307 0.000110906 0.00730088 0.000627376
internal_weight=3839 3722 191 145 3531 1267 500 2264 2039 250 1789 1622 225 1577
internal_count=3839 3722 191 145 3531 1267 500 2264 2039 250 1789 1622 225 1577
is_linear=0
shrinkage=0.03


Tree=212
num_leaves=15
num_cat=0
split_feature=65 72 64 15 17 41 69 74 32 82 8 74 41 77
split_gain=7.70701 10.1127 7.79834 6.61909 14.2644 12.6116 11.6542 11.6989 11.4917 17.8329 11.74 11.3232 11.1208 11.1274
threshold=1.1735353986299786 -122.20005810260771 5.4030782243559594 27.500000000000004 37.500000000000007 -17.89557063579559 -45.298253868426258 80.336867265098007 0.30495169082125612 25.905369400978092 4.280397688079959 80.336867265098007 -129.9109020233154 107.6919767856598
decision_type=10 10 10 2 2 10 10 8 10 10 10 8 10 10
left_child=3 -2 -3 4 12 8 11 -8 9 10 -5 -6 -1 -14
right_child=1 2 -4 5 6 -7 7 -9 -10 -11 -12 -13 13 -15
leaf_value=0.6061529623102907 -0.76450645890142477 -0.51016534844294181 0.44385491580168934 0.12571276639806911 0.81391416229387759 0.14217016384168291 -0.7589020650826086 -0.10730202335210894 0.37442707917162921 -1.1007010790280447 -0.14906112258158655 -0.037189076712909212 0.016111904399675366 -0.27939946443370017
leaf_weight=151 80 46 40 97 69 412 55 381 57 52 78 605 1634 92
leaf_count=151 80 46 40 97 69 412 55 381 57 52 78 605 1634 92
internal_value=-0.000163636 -0.00646707 0.000689655 0.00012215 -0.000491968 0.00275466 -0.00318632 -0.00700229 -0.00210526 -0.00513158 -0.000511364 -0.000711111 0.00110224 0.000416908
internal_weight=3849 166 86 3683 2987 696 1110 436 284 227 175 674 1877 1726
internal_count=3849 166 86 3683 2987 696 1110 436 284 227 175 674 1877 1726
is_linear=0
shrinkage=0.03


Tree=213
num_leaves=15
num_cat=0
split_feature=43 41 77 16 40 58 79 53 26 74 0 16 79 76
split_gain=9.23048 12.9556 19.5812 20.0578 12.7895 12.3172 11.8942 13.622 12.8599 12.5719 13.0256 11.2284 11.1565 10.7517
threshold=605.77801138740358 -70.736657738685594 -84.791746497154222 13.500000000000002 1062.786568789498 60.916535377502449 11.216482071624336 10.500000000000002 122.50000000000001 1106.5266713524654 -52.499999999999993 12.500000000000002 3.7701314054689621 608.78675389289867
decision_type=8 10 8 2 10 8 10 10 2 10 2 2 8 8
left_child=1 2 3 -1 -2 -6 7 8 12 10 -8 -12 -3 -13
right_child=4 6 -4 -5 5 -7 9 -9 -10 -11 11 13 -14 -15
leaf_value=0.2354191232272019 -0.20201564889377693 0.11769711959765984 0.78720703460450769 -0.26027507979991504 0.78567791590308866 -0.0039654218594037255 -0.34221941017952912 0.56462613168907694 0.059378718701006361 -0.66401180994193076 0.27159569464868288 0.24315991945037929 -0.22719856384669654 -0.013108067897967158
leaf_weight=129 494 80 156 147 56 689 51 95 357 50 277 142 771 357
leaf_count=129 494 80 156 147 56 689 51 95 357 50 277 142 771 357
internal_value=-7.00935e-05 0.000941447 0.00568129 0.000866426 -0.00220161 0.000281501 0 -0.00181748 -0.0026799 0.00269932 0.00358696 0.00455598 -0.0046831 0.00186
internal_weight=3851 2612 432 276 1239 745 2180 1303 1208 877 827 776 851 499
internal_count=3851 2612 432 276 1239 745 2180 1303 1208 877 827 776 851 499
is_linear=0
shrinkage=0.03


Tree=214
num_leaves=15
num_cat=0
split_feature=28 15 83 35 69 28 48 17 67 80 16 27 42 75
split_gain=8.59398 10.0036 21.9556 16.0563 11.9449 11.5972 10.7057 8.4219 14.3725 20.4613 10.6606 10.2193 9.21803 17.0285
threshold=494.00000000000006 31.500000000000004 48.450216054916389 15.264912280701756 -181.18763864177515 290.50000000000006 -6.1097739140192653 37.500000000000007 161.99477146478259 263.68310797214514 1.0000000180025095e-35 0.95729101521784454 96.051825761795058 4127.1185901165018
decision_type=2 2 8 8 10 2 10 2 8 10 2 10 8 8
left_child=1 7 4 -4 -3 6 -5 8 -1 10 -10 -12 -9 -14
right_child=-2 2 3 5 -6 -7 -8 12 9 -11 11 -13 13 -15
leaf_value=-0.17639936107500759 -0.76727870910175755 -0.42324589752632236 -0.35954008569339674 -0.088010708806644397 0.38275004356007697 0.64770823394034116 0.051047986825884094 -0.0038298551353260278 -0.71910757249498125 3.053292902027982 0.1024429847031736 -0.13036103376920771 -0.5910934587150567 -0.026589683940831339
leaf_weight=425 43 43 108 57 199 60 89 929 71 56 1058 322 103 260
leaf_count=425 43 43 108 57 199 60 89 929 71 56 1058 322 103 260
internal_value=0.00022751 0.000380852 0.00409336 -0.00114286 0.0108642 0.00376812 -0.000816327 -0.000260465 0.000993275 0.00236737 0.00167355 0.00225923 -0.00213457 -0.00618132
internal_weight=3823 3780 556 314 242 206 146 3224 1932 1507 1451 1380 1292 363
internal_count=3823 3780 556 314 242 206 146 3224 1932 1507 1451 1380 1292 363
is_linear=0
shrinkage=0.03


Tree=215
num_leaves=15
num_cat=0
split_feature=45 25 17 64 31 64 81 81 25 42 79 28 71 27
split_gain=11.796 14.0813 11.4213 13.3445 12.8853 12.7796 10.9982 15.4527 11.6821 17.0958 11.8523 9.70828 10.6004 10.4816
threshold=5.5000000000000009 0.90754985754985762 35.000000000000007 3.744143861024519 28.571343873517794 4.4425835345467828 8892.9584990739841 7551.3875182867059 0.89769754055468354 40.758834481239326 10.102399572930775 122.50000000000001 15.500000000000002 0.93666428953467651
decision_type=8 8 2 8 10 10 10 10 8 10 10 2 8 10
left_child=1 -1 6 -4 5 -5 7 -2 -8 10 -10 -3 -13 -14
right_child=2 11 3 4 -6 -7 8 -9 9 -11 -12 12 13 -15
leaf_value=-0.56027833395553273 0.070668533187221383 -0.65372613733231788 -0.22955721463450299 -0.012366792192926461 -0.34224711604371855 0.15801232241607799 -0.71710159040395605 0.8382478284336139 0.14990588446015668 0.40250438284698342 -0.91992975482973116 -0.047343335465681979 1.0890090856389301 0.056719875863261285
leaf_weight=169 1191 42 223 1076 86 420 89 66 42 68 42 210 41 58
leaf_count=169 1191 42 223 1076 86 420 89 66 42 68 42 210 41 58
internal_value=0.000164749 -0.00403071 0.000826271 -0.000780731 0.000189514 0.000841683 0.00276184 0.00388712 -0.00309917 0.00196078 -0.00705882 -0.000596591 0.00125806 0.0093
internal_weight=3823 520 3303 1805 1582 1496 1498 1257 241 152 84 351 309 99
internal_count=3823 520 3303 1805 1582 1496 1498 1257 241 152 84 351 309 99
is_linear=0
shrinkage=0.03


Tree=216
num_leaves=15
num_cat=0
split_feature=1 42 42 66 72 33 24 62 31 81 65 62 42 66
split_gain=8.63834 8.79812 15.0714 11.6536 11.5818 11.0363 13.8657 12.937 9.72141 9.65645 12.2465 9.59776 9.52518 16.038
threshold=862.4528832435609 37.93373095989228 48.624633669853218 -78.273900032043443 -59.103061914443963 19.553472222222226 54.500000000000007 -0.13287713967933204 19.42871621621622 8466.2391763925571 1.0445755225996647 0.03536532247537235 -78.127854824066148 -296.94888293743128
decision_type=2 10 10 10 10 8 2 10 8 10 10 8 8 8
left_child=1 3 -3 12 -5 6 8 -7 -4 10 -6 -8 13 -1
right_child=-2 2 5 4 9 7 11 -9 -10 -11 -12 -13 -14 -15
leaf_value=-1.2974083791890385 -0.29426489344130158 0.75909698249339663 0.042179546246140197 -0.30292483886419569 0.26944102590695868 -0.0036832442347226931 -0.014238617050113474 0.31749113225134395 -0.29332084139491738 -0.59941244164288476 -0.2233855631158802 -0.91496419986622568 -0.013854292664717216 0.17528043052566672
leaf_weight=69 65 122 910 281 128 215 51 269 90 42 58 62 981 490
leaf_count=69 65 122 910 281 128 215 51 269 90 42 58 62 981 490
internal_value=0.000305164 0.0004935 0.00207558 -0.000834146 -0.00476471 0.00129537 -0.00035009 0.00507216 0.000779221 0.000262009 0.00320856 -0.0102632 0.000467229 0.00358929
internal_weight=3833 3768 1719 2049 509 1597 1113 484 1000 228 186 113 1540 559
internal_count=3833 3768 1719 2049 509 1597 1113 484 1000 228 186 113 1540 559
is_linear=0
shrinkage=0.03


Tree=217
num_leaves=15
num_cat=0
split_feature=70 40 67 42 40 0 61 34 52 36 77 85 15 77
split_gain=8.29323 9.50406 8.29028 6.905 13.1387 10.2679 10.3308 12.1888 13.3882 11.0461 9.96946 14.1575 13.3552 12.5538
threshold=1.0000000180025095e-35 341.92807936210352 -261.95527132919852 -87.589705586433396 597.76107279184714 -41.499999999999993 0.013577608716249542 0.96076923076923093 18.17780697345734 0.99305555555555569 -70.249142825603471 -126.42385311921437 23.500000000000004 -183.1619641780853
decision_type=8 10 8 8 10 2 10 10 8 10 8 8 2 10
left_child=1 -1 -2 4 10 -5 7 8 -7 -8 13 -12 -13 -4
right_child=2 -3 3 5 -6 6 9 -9 -10 -11 11 12 -14 -15
leaf_value=-0.36292257272696649 -0.57199886936292976 -0.0043993711134066651 0.14123676883305714 -0.28963702016816617 -0.41238769457288549 -0.10016735057299327 -0.01561548888573043 -0.18219941461186792 0.15713955352457545 0.44031039284203227 0.94351169744026775 0.82309314113201815 -0.16656040861276386 -0.24918421657227111
leaf_weight=48 59 161 164 238 50 106 1774 187 681 70 61 62 42 150
leaf_count=48 59 161 164 238 50 106 1774 187 681 70 61 62 42 150
internal_value=0.000225739 -0.00557143 0.000559671 0.000744562 0.00390566 0.000196271 0.000702377 0.0032 0.00483503 -0.000617886 0.0054375 0.0113855 0.00457143 0.00228571
internal_weight=3853 209 3644 3585 529 3056 2818 974 787 1844 479 165 104 314
internal_count=3853 209 3644 3585 529 3056 2818 974 787 1844 479 165 104 314
is_linear=0
shrinkage=0.03


Tree=218
num_leaves=15
num_cat=0
split_feature=62 60 66 16 82 3 53 0 82 32 85 71 85 82
split_gain=6.40677 9.20444 8.66918 6.46413 10.6596 7.02873 10.5916 12.2244 8.78627 9.34306 7.03933 7.36614 6.54263 6.24228
threshold=-0.24264590319649901 2.9600795507431035 768.49949610233318 1.0000000180025095e-35 80.498774925867721 21.041666666656969 10.500000000000002 38.500000000000007 209.33787163098654 0.43875000000000003 246.18068017562231 12.500000000000002 30.515541672706608 -164.44167923927304
decision_type=8 8 8 2 8 2 10 2 8 10 10 8 10 8
left_child=1 -1 -3 4 -2 10 7 -7 9 -9 13 -12 -8 -5
right_child=3 2 -4 5 -6 6 12 8 -10 -11 11 -13 -14 -15
leaf_value=0.52055340228607017 -0.76914278905547817 -0.84459934958380933 0.13255580484430793 0.40181089144296028 0.035719908247656633 0.42946258125476838 1.6403591184893673 -0.83211205748945771 0.30325221167806632 -0.030775082113702865 0.16714748341193028 -0.59178109733933271 0.63612386330878301 -0.00096678810204452376
leaf_weight=80 49 41 58 76 77 69 56 47 55 42 55 80 62 2924
leaf_count=80 49 41 58 76 77 69 56 47 55 42 55 80 62 2924
internal_value=0.00031018 0.00583333 -0.0003 3.33983e-05 -0.00661417 0.000276896 0.00442771 0.000420561 -0.00455172 -0.0103333 -0.000162628 -0.00683824 0.0115966 0.000139953
internal_weight=3771 179 99 3592 126 3466 331 213 144 89 3135 135 118 3000
internal_count=3771 179 99 3592 126 3466 331 213 144 89 3135 135 118 3000
is_linear=0
shrinkage=0.03


Tree=219
num_leaves=15
num_cat=0
split_feature=28 1 28 28 77 81 68 72 77 48 51 77 8 8
split_gain=7.93122 7.74106 7.30992 17.0075 15.6923 16.6298 15.3845 15.2883 15.3363 14.433 13.2589 13.0389 11.9892 11.9254
threshold=497.50000000000006 891.46575736999523 204.50000000000003 184.50000000000003 -145.85363817214963 6775.2487986087808 0.0079627793614226918 -66.643233656883226 -103.93103235960005 102.53900170326234 -23.28145062923431 -202.1419001817703 6.0433030104753334 4.9453736984708128
decision_type=2 2 2 2 10 10 8 10 8 10 8 10 10 8
left_child=1 2 3 4 5 -1 -7 8 -5 11 -10 -8 -6 -4
right_child=-2 -3 13 7 12 6 9 -9 10 -11 -12 -13 -14 -15
leaf_value=-0.00046622521080799114 -1.0653868504183441 -0.29850486981584495 0.092818727698934247 -0.46567938233924211 -0.10303514174285179 -0.051512594417836899 1.7548550720520197 -0.67086864442748906 -0.27432558972670779 0.078050866858570017 0.8835251242321851 0.36189895974061831 0.081722403923358444 -0.058569752975010825
leaf_weight=583 40 47 1189 118 830 92 73 90 44 86 45 72 83 412
leaf_count=583 40 47 1189 118 830 92 73 90 44 86 45 72 83 412
internal_value=-4.73062e-05 9.56175e-05 0.000250134 -0.000906944 0.000181319 0.00297685 0.00842593 -0.00755034 -0.00302885 0.0125431 0.00633333 0.0182877 -0.002593 0.00177903
internal_weight=3804 3764 3717 2116 1819 906 323 297 207 231 89 145 913 1601
internal_count=3804 3764 3717 2116 1819 906 323 297 207 231 89 145 913 1601
is_linear=0
shrinkage=0.03


Tree=220
num_leaves=15
num_cat=0
split_feature=81 84 56 56 0 64 31 28 28 39 81 81 71 65
split_gain=9.74962 14.212 9.84476 14.8228 8.11523 6.78611 10.7678 12.464 11.7315 15.4015 8.55147 12.4532 11.6996 8.92782
threshold=3259.223057866097 127.99255073070528 -3.3351126909255977 158.57630646228793 427.50000000000006 3.7364123932352693 17.713025210084037 165.50000000000003 193.50000000000003 2199.9667582723364 17718.926158666614 14235.45507335663 13.500000000000002 0.81239081717605943
decision_type=8 10 10 10 2 8 8 2 2 10 10 10 8 8
left_child=1 2 -1 -4 5 6 7 -2 -9 -10 11 13 -13 -7
right_child=4 -3 3 -5 -6 10 -8 8 9 -11 -12 12 -14 -15
leaf_value=0.5622959137627902 0.23522449225400033 1.2497638893289189 -0.16000965143697085 0.50287253825537948 1.4710265226352059 0.70874394718609846 -0.62433615430470268 -0.76556182889393087 0.55758661994083059 -0.61383367500733965 -0.16107806258853108 0.012846806132529797 0.75032720240305872 -0.0075332980105748465
leaf_weight=70 90 42 134 56 44 58 81 75 40 77 214 74 51 2703
leaf_count=70 90 42 134 56 44 58 81 75 40 77 214 74 51 2703
internal_value=-0.000212598 0.0049505 0.00229885 -0.00125654 -0.000658495 -0.000822748 -0.0046978 -0.00190813 -0.00621762 -0.000254237 -0.000367623 6.23485e-05 0.00928571 -0.000358436
internal_weight=3809 302 260 190 3507 3463 363 282 192 117 3100 2886 125 2761
internal_count=3809 302 260 190 3507 3463 363 282 192 117 3100 2886 125 2761
is_linear=0
shrinkage=0.03


Tree=221
num_leaves=15
num_cat=0
split_feature=16 70 3 85 66 65 30 37 62 28 11 68 84 80
split_gain=8.49155 13.2698 13.4578 15.305 14.8918 14.6472 13.3146 12.9747 11.8538 11.7764 11.3938 10.9164 15.9243 11.2047
threshold=12.500000000000002 0.40833333333333338 15.625000000000002 -79.220352927843706 56.116076827049262 1.1194235657263825 35.95000000000001 1829.6726007230427 0.03536532247537235 257.50000000000006 270.00000000000006 -0.18090326310394703 -114.66653823852538 -110.7866402864456
decision_type=2 10 2 8 8 8 10 10 8 2 2 10 8 10
left_child=1 -1 3 5 7 -3 8 -5 -6 -10 11 -4 -13 -14
right_child=-2 2 10 4 6 -7 -8 -9 9 -11 -12 12 13 -15
leaf_value=0.12592656476154768 -0.017925738991873032 -1.9538307723425348 -0.089123827210453949 0.32688556534314911 -0.47488305389300894 -0.57385576840272734 0.061361990646753552 -0.13184159357163153 0.15577142375450237 -0.95197286634691203 -0.24270140714972654 -0.3909305883314928 1.2498476353828754 0.25408596909908931
leaf_weight=172 2226 48 80 191 180 61 103 75 153 41 71 40 98 288
leaf_count=172 2226 48 80 191 180 61 103 75 153 41 71 40 98 288
internal_value=-0.000148903 0.00151685 0.000566434 -0.00182884 -0.000282258 -0.0122727 -0.00345188 0.00539326 -0.00608 -0.000923077 0.00410035 0.00568047 0.00758782 0.00945736
internal_weight=3827 1601 1429 852 743 109 477 266 374 194 577 506 426 386
internal_count=3827 1601 1429 852 743 109 477 266 374 194 577 506 426 386
is_linear=0
shrinkage=0.03


Tree=222
num_leaves=15
num_cat=0
split_feature=41 60 50 80 3 71 81 34 62 7 74 27 23 24
split_gain=7.63777 7.43786 11.1938 9.99798 14.0555 16.2938 11.247 10.1288 10.0312 9.91401 10.0332 9.58994 9.29231 9.1817
threshold=408.78963303565985 975.62286269664776 1620.9165353775027 105.73080992698671 10.041666666656967 11.500000000000002 3364.2291319370274 0.21231060606060609 0.075765915616606963 5435.5157734228787 2434.5028029732798 0.98561076604554876 11.034242630004885 35.500000000000007
decision_type=10 10 10 10 2 8 10 10 8 10 10 10 10 2
left_child=1 2 3 7 5 -5 -6 -1 -7 10 12 -3 -9 -8
right_child=-2 11 -4 4 6 8 13 9 -10 -11 -12 -13 -14 -15
leaf_value=0.022212436172638642 -0.3717177697283634 0.50141935326127918 -0.079375257724665527 -0.76315981405057809 0.9809658043221291 0.18563318920281788 0.40427473794557339 -0.025635678402735208 -0.3240360770991455 0.3954522095335668 -0.72004639816595506 -0.080651637651127858 -0.39454660786189838 -0.032695408596428943
leaf_weight=1176 88 52 176 62 64 56 266 1283 43 46 45 52 219 204
leaf_count=1176 88 52 176 62 64 56 266 1283 43 46 45 52 219 204
internal_value=-7.82677e-05 0.000128171 -9.88739e-05 0.000277056 0.00349138 -0.00425926 0.00583178 -0.000530686 0.0033 -0.00208908 -0.0025 0.008 -0.00207585 0.00420382
internal_weight=3832 3744 3640 3464 695 161 534 2769 99 1593 1547 104 1502 470
internal_count=3832 3744 3640 3464 695 161 534 2769 99 1593 1547 104 1502 470
is_linear=0
shrinkage=0.03


Tree=223
num_leaves=15
num_cat=0
split_feature=49 56 27 40 17 83 77 82 80 29 56 74 29 58
split_gain=9.55318 11.9494 12.8939 10.1678 9.90538 9.09098 9.19149 8.54075 9.14434 22.2296 17.9144 10.3097 10.1636 11.8955
threshold=10.500000000000002 12.12494206428528 0.86827646038172368 508.67461401655328 2.5000000000000004 -103.5653610229492 -170.43623745441434 -147.49403742949167 88.33819687366487 0.95657137184832253 -102.49418592453002 30.718504809715533 0.94308296838442629 31.086881637573246
decision_type=10 10 10 10 2 10 10 8 10 10 10 10 10 10
left_child=4 2 -2 -3 -1 -4 -7 -6 -9 10 -10 -11 13 -12
right_child=1 3 5 -5 7 6 -8 8 9 11 12 -13 -14 -15
leaf_value=-0.89609774370327133 0.82441442603918202 -0.62888822011567769 -0.63866561933445332 -0.26900346829873878 0.26898542571333461 0.31581569381778551 -0.40119771953523709 -0.0070914986703247964 -0.34743851420362998 -0.73600680867853208 0.56531722203729795 0.031551951599053323 3.1122919955931576 0.041639275964449052
leaf_weight=42 65 78 82 114 115 70 59 2405 67 70 243 49 46 286
leaf_count=42 65 78 82 114 115 70 59 2405 67 70 243 49 46 286
internal_value=-0.000213608 -0.00422175 -0.000216606 -0.00994819 0.000351986 -0.00382075 0.00115385 0.000539305 0.00024629 0.00311024 0.00531882 -0.00875 0.00703125 0.00583019
internal_weight=3791 468 276 192 3323 211 129 3281 3166 761 642 119 575 529
internal_count=3791 468 276 192 3323 211 129 3281 3166 761 642 119 575 529
is_linear=0
shrinkage=0.03


Tree=224
num_leaves=15
num_cat=0
split_feature=5 53 75 43 56 17 29 43 1 80 56 78 66 23
split_gain=8.628 15.2208 14.0803 12.9564 13.7033 13.3427 16.2586 11.7446 11.6665 10.5706 10.5129 12.032 12.8339 10.4136
threshold=64.067189931869521 5.5000000000000009 6.047003149986268 232.21576155352625 293.45490034421289 41.500000000000007 0.93057746232036465 39.697727349691682 659.08346462249767 51.382740855216987 36.759046196937568 0.70833333333333337 -115.78525578975676 3.7886008024215703
decision_type=8 8 10 10 10 2 10 10 2 8 8 8 8 10
left_child=1 -1 8 4 5 6 -2 -7 10 -9 11 -3 -13 -14
right_child=3 2 -4 -5 -6 7 -8 9 -10 -11 -12 12 13 -15
leaf_value=-0.32090746013545662 0.38703914422447949 -0.10527334346838829 2.2519561146601417 -0.078701750786436833 -0.52922800168506723 -0.45503471517081939 -0.022836008156289046 -0.35100284317400671 0.00012306036574423389 0.23943564754855728 0.26802813107742152 0.46526548157897823 0.17951466178629083 -0.089947882197271387
leaf_weight=191 225 86 41 539 55 74 249 69 1366 95 472 77 112 162
leaf_count=191 225 86 41 539 55 74 249 69 1366 95 472 77 112 162
internal_value=0.000369691 0.00139952 0.00207164 -0.00160673 0.000898438 0.00201964 0.00492632 -0.00376569 0.00175308 0.000727273 0.00438462 0.0010274 0.00349432 0.000436364
internal_weight=3813 2507 2316 1306 767 712 474 238 2275 164 909 437 351 274
internal_count=3813 2507 2316 1306 767 712 474 238 2275 164 909 437 351 274
is_linear=0
shrinkage=0.03


Tree=225
num_leaves=15
num_cat=0
split_feature=1 1 35 26 77 33 79 82 65 53 15 85 69 77
split_gain=7.85168 12.6949 10.1341 16.609 12.0346 11.4403 10.4099 9.88646 18.9863 9.85505 9.72219 13.0816 10.0041 9.60343
threshold=659.08346462249767 657.02162611484539 14.804817541613318 75.500000000000014 -153.83024227619168 15.693750000000001 10.85001185393199 106.90746714671455 0.98529351693917844 7.5000000000000009 32.500000000000007 -172.9748840332031 -275.15750090808586 -54.499478757381432
decision_type=2 2 10 2 8 10 8 10 8 8 2 10 8 10
left_child=1 -1 3 4 -2 7 13 -5 -9 -3 12 -12 -4 -6
right_child=2 9 10 5 6 -7 -8 8 -10 -11 11 -13 -14 -15
leaf_value=0.016687604306764057 0.731087367632825 -0.028362427811097993 0.27004042632364311 -0.15776823726618572 -0.88033088062460252 -0.78121767605509984 0.017750077551725783 1.3237704923640092 -0.12165838829060505 0.68171985866904716 -0.083830448248461947 0.40009035689801725 -0.025103353723804032 0.044550476827851251
leaf_weight=1426 94 68 47 600 64 82 238 50 69 145 61 112 694 40
leaf_count=1426 94 68 47 600 64 82 238 50 69 145 61 112 694 40
internal_value=0.000174097 0.0017378 -0.00101766 -0.00278675 0.0019222 -0.00534913 -0.000699708 -0.004125 0.00375 0.0085514 0.00137705 0.00775862 -0.000121294 -0.00857143
internal_weight=3790 1639 2151 1237 436 801 342 719 119 213 914 173 741 104
internal_count=3790 1639 2151 1237 436 801 342 719 119 213 914 173 741 104
is_linear=0
shrinkage=0.03


Tree=226
num_leaves=15
num_cat=0
split_feature=39 62 60 64 59 0 0 81 57 79 16 77 77 17
split_gain=8.27914 12.3022 12.4718 12.8729 11.9201 12.0789 11.8079 20.9667 11.504 12.823 15.6786 14.0954 13.0673 11.4315
threshold=2396.2808199483848 -0.21841738588089057 -137.35489952564237 4.4334419921958697 125.53867006301881 -105.49999999999999 -43.499999999999993 7983.1920174360284 6.5000000000000009 9.8611592982772525 13.500000000000002 -120.90247732400893 -292.55850327014917 6.5000000000000009
decision_type=8 8 8 10 10 2 2 8 8 10 2 10 10 2
left_child=1 -1 -3 4 5 -4 7 -2 9 10 11 -8 -12 -7
right_child=6 2 3 -5 -6 13 8 -9 -10 -11 12 -13 -14 -15
leaf_value=0.238281419427051 0.16942870789091571 -0.72194293463728409 0.30092933338131328 0.33462790639679951 0.15200054752151282 -0.80812044530391669 -0.080405464154188283 -1.0402828448645611 -0.036964052294545871 0.098983220139369651 0.45817334654247593 0.66025293872010904 -0.46420917245307464 -0.0093685546895693507
leaf_weight=128 65 73 44 253 409 44 59 92 789 283 50 61 128 1305
leaf_count=128 65 73 44 253 409 44 59 92 789 283 50 61 128 1305
internal_value=0.00054704 0.00170137 0.00115547 0.00159047 0.000698835 -0.000624103 -0.00115838 -0.00892405 -0.000262582 0.00293814 -0.00140468 0.00694215 -0.00703911 -0.00113333
internal_weight=3783 2256 2128 2055 1802 1393 1527 157 1370 581 298 120 178 1349
internal_count=3783 2256 2128 2055 1802 1393 1527 157 1370 581 298 120 178 1349
is_linear=0
shrinkage=0.03


Tree=227
num_leaves=15
num_cat=0
split_feature=3 78 4 35 60 68 17 52 33 58 69 68 76 26
split_gain=7.94558 13.2569 12.2023 13.4856 13.428 12.9859 11.4933 10.7654 9.75218 11.7065 8.45695 9.10337 8.09356 16.4824
threshold=1.5416666666569656 0.87500000000000011 8.5000000000000018 18.06018107908352 -148.50381338596341 0.013407940549422867 6.5000000000000009 60.480515480041511 14.001515151515154 1982.3332028388979 60.560681242336678 -0.12483990225095462 449.30013060569769 134.50000000000003
decision_type=2 10 2 10 8 10 2 10 10 8 10 8 8 2
left_child=1 7 4 8 -2 -5 -6 -1 9 -4 11 -10 13 -8
right_child=2 -3 3 5 6 -7 12 -9 10 -11 -12 -13 -14 -15
leaf_value=-0.040877032820701618 -1.08442303549078 -0.54012468878835596 0.22753562345597969 0.82760161144480215 -0.87391108842196019 -0.059903509124371007 0.0069083384572005708 0.15668499316578799 0.021573796340539672 -0.24402335409675635 0.064321696035455414 -0.70026137329608917 -0.011817790238616155 1.0263483855601083
leaf_weight=43 54 107 339 145 86 54 412 73 55 41 92 72 2190 84
leaf_count=43 54 107 339 145 86 54 412 73 55 41 92 72 2190 84
internal_value=-7.79626e-06 -0.00549107 0.000331034 0.00360451 -0.00059427 0.01035 -0.000302921 0.00153846 0.00135 0.00425197 -0.00368182 -0.00867187 4.46595e-05 0.00350101
internal_weight=3847 223 3624 798 2826 199 2772 116 599 380 219 127 2686 496
internal_count=3847 223 3624 798 2826 199 2772 116 599 380 219 127 2686 496
is_linear=0
shrinkage=0.03


Tree=228
num_leaves=15
num_cat=0
split_feature=17 67 34 33 42 70 80 69 79 27 76 52 40 65
split_gain=10.3509 8.18791 8.00319 10.3834 13.7316 9.47791 12.8299 11.8965 11.6553 15.5588 14.6845 11.5658 11.4543 10.4704
threshold=71.500000000000014 -261.95527132919852 0.2228132387706856 16.092228739002934 -84.093352556228623 0.91287878787878796 105.73080992698671 -72.347710177042771 75.100698281818779 0.96828988005458605 143.86467540264132 1810.2906299829485 255.12713525000183 0.95156143682522387
decision_type=2 8 8 10 10 10 8 8 8 10 10 10 10 8
left_child=1 -1 3 4 -3 8 -7 12 9 -4 -10 -11 -8 -9
right_child=-2 2 5 -5 -6 6 7 13 10 11 -12 -13 -14 -15
leaf_value=-0.7016061428892344 1.7677694143867499 0.45422772694988761 0.16928828696507314 -0.0078108954276016711 0.077573781055136556 -0.20636702668206544 1.5624756137982463 0.18637917913573801 -0.0016254318721631129 -0.71174564156814413 -0.31375311387614335 0.11624186734628708 -0.035904642918529274 -0.25519114189669817
leaf_weight=64 40 69 444 981 342 813 66 133 266 82 80 125 76 261
leaf_count=64 40 69 444 981 342 813 66 133 266 82 80 125 76 261
internal_value=-0.000359094 -0.000520642 -0.000336988 0.00146447 0.00546117 -0.00140605 -0.00304444 0.000558659 0.000811623 0.00317485 -0.00363112 -0.00360577 0.00797203 -0.00212658
internal_weight=3842 3802 3738 1392 411 2346 1349 536 997 651 346 207 142 394
internal_count=3842 3802 3738 1392 411 2346 1349 536 997 651 346 207 142 394
is_linear=0
shrinkage=0.03


Tree=229
num_leaves=15
num_cat=0
split_feature=17 81 3 17 83 70 49 64 64 65 29 4 42 41
split_gain=8.61758 11.7344 22.8913 15.4274 14.8582 13.4514 12.3844 12.2754 11.7269 11.8697 14.9848 16.356 13.3214 13.2589
threshold=37.500000000000007 4632.2083827257165 12.291666666656967 24.500000000000004 161.12769424915317 0.86190476190476206 6.5000000000000009 4.5608088604016519 3.5243755780551123 1.1562631401165824 0.91316158042164242 7.5000000000000009 95.053520321846023 45.230598330497749
decision_type=2 10 2 2 10 8 8 8 8 8 10 2 8 10
left_child=1 4 3 -3 6 -4 -1 -5 -2 -10 11 -11 13 -12
right_child=8 2 5 7 -6 -7 -8 -9 9 10 12 -13 -14 -15
leaf_value=-0.013119914422229683 -0.54062305965548763 -1.1996033270451985 0.36488654744043064 -0.77377392601123562 1.4293103358676262 -9.1602567635931106e-05 0.30150455665921844 0.042363000245835461 0.020076715646293371 -0.38788683891561382 0.012453382577872815 -0.0065063465952080431 -0.26191042542512638 0.96291270937531692
leaf_weight=509 128 89 87 42 51 527 549 106 894 290 96 279 104 58
leaf_count=509 128 89 87 42 51 527 549 106 894 290 96 279 104 58
internal_value=-3.93701e-05 0.00134625 -0.00130282 -0.00920168 0.00337838 0.0017561 0.00260623 -0.00322148 -0.00150811 -0.000853659 -0.00344203 -0.00615789 0.00254826 0.00812903
internal_weight=3809 1960 851 237 1109 614 1058 148 1849 1721 827 569 258 154
internal_count=3809 1960 851 237 1109 614 1058 148 1849 1721 827 569 258 154
is_linear=0
shrinkage=0.03


Tree=230
num_leaves=15
num_cat=0
split_feature=60 81 6 27 27 30 28 79 23 4 67 61 31 32
split_gain=7.94759 9.64329 9.21057 12.411 10.964 11.4383 11.1188 9.25653 8.83968 10.0799 10.1344 9.74572 9.22939 8.7201
threshold=493.56062042713171 8466.2391763925571 690.00000000000011 0.98473193473193488 0.95706605222734276 14.350000000000003 152.50000000000003 16.153454668019112 4.0054835081100473 6.5000000000000009 -194.35756507515907 0.73776536967485062 18.779513888888893 0.19139194139194141
decision_type=10 8 8 10 10 10 2 10 10 2 10 10 10 10
left_child=2 -2 3 4 6 -6 -1 8 9 -8 -11 -12 13 -10
right_child=1 -3 -4 -5 5 -7 7 -9 12 10 11 -13 -14 -15
leaf_value=0.13622546746233705 0.052449521658063526 0.38333946266244395 -0.039189344805499342 0.38947272696698204 -0.55227090279137436 0.023710256974222261 -0.24511424451098338 -0.082326708087854375 0.23084920259608918 0.90543646824166957 0.020206893185657434 0.84421067263247507 -0.19823088677797499 -0.089050222340560689
leaf_weight=248 121 65 2280 43 41 42 78 206 124 75 168 51 85 220
leaf_count=248 121 65 2280 43 41 42 78 206 124 75 168 51 85 220
internal_value=-0.000257277 0.0057754 -0.000565265 0.00136758 0.000851382 -0.00964286 0.00155255 0.00014881 0.00160848 0.0049866 0.00752542 0.00422727 -0.00132558 0.000869565
internal_weight=3847 186 3661 1381 1338 83 1255 1007 801 372 294 219 429 344
internal_count=3847 186 3661 1381 1338 83 1255 1007 801 372 294 219 429 344
is_linear=0
shrinkage=0.03


Tree=231
num_leaves=15
num_cat=0
split_feature=31 0 0 45 6 85 64 14 24 8 39 85 81 4
split_gain=8.48249 11.4869 12.4921 14.135 12.2599 12.8056 16.3389 12.0235 11.0829 13.2721 14.2839 10.1336 9.90668 9.67213
threshold=15.003333333333336 82.500000000000014 11.500000000000002 5.5000000000000009 870.00000000000011 -19.853080034255978 6.885785250499656 360.21335510520356 69.500000000000014 4.1761948675895475 3375.480070074595 107.51737658182782 7275.1010299921045 7.5000000000000009
decision_type=8 2 2 8 10 10 8 10 2 10 10 8 10 2
left_child=8 2 3 -2 5 -3 7 -7 9 -1 -11 -4 -9 -13
right_child=1 4 11 -5 -6 6 -8 12 -10 10 -12 13 -14 -15
leaf_value=0.0098392429632691847 -1.0070027481136861 0.36704882695751123 -0.08463207939232216 0.0022085350404949969 -0.19539908327508115 1.0320304996793459 -0.99166017903054837 0.20173748795755728 -0.41916713230642272 0.51306264658746337 -0.064458895365218608 -0.14546835071219522 -0.45887887506741365 -0.48716829807839401
leaf_weight=1425 68 215 204 741 43 73 76 65 91 350 167 81 55 121
leaf_count=1425 68 215 204 741 43 73 76 65 91 350 167 81 55 121
internal_value=5.56144e-05 -0.00148021 -0.00308388 -0.000925926 0.00221591 0.00358763 -0.000777778 0.00386598 0.00137168 0.0018528 0.00596525 -0.00737101 -0.00198347 -0.0121182
internal_weight=3775 1742 1215 809 527 484 269 193 2033 1942 517 406 120 202
internal_count=3775 1742 1215 809 527 484 269 193 2033 1942 517 406 120 202
is_linear=0
shrinkage=0.03


Tree=232
num_leaves=15
num_cat=0
split_feature=24 28 80 40 76 80 78 7 76 85 80 19 84 4
split_gain=7.94534 7.5789 17.1852 13.8534 13.7149 15.1199 15.9032 13.539 13.7838 13.1527 12.6238 11.9414 11.3623 10.6959
threshold=86.500000000000014 215.50000000000003 -98.655865430831895 1195.9111731889291 276.09044134616857 -50.899998784065239 0.87500000000000011 2425.7667647449493 396.68912208080297 8.5078893105189035 366.11366200447088 270.00000000000006 -84.765677094459519 6.5000000000000009
decision_type=2 2 8 10 8 8 10 10 8 8 10 10 8 2
left_child=1 3 -3 4 9 6 -6 8 -5 -1 -7 13 -8 -4
right_child=-2 2 11 7 5 10 12 -9 -10 -11 -12 -13 -14 -15
leaf_value=0.052721361110769853 -0.46137361505804986 0.53271750215823177 -0.17217232875610275 0.020189771646579688 0.089776773392544695 0.0055689580594896083 -1.0329268715891367 0.0063755803797877729 0.89340821464636966 -0.74051623859066251 -0.47399768582956336 0.30716987796065881 -0.12400344487181909 0.024300236645734968
leaf_weight=49 53 143 307 41 100 1434 103 322 42 79 49 176 146 839
leaf_count=49 53 143 307 41 100 1434 103 322 42 79 49 176 146 839
internal_value=-0.000239444 -7.83085e-05 0.00161664 -0.00112849 -0.00217236 -0.00150573 -0.00711429 0.00391626 0.0146429 -0.0116279 -0.000181941 0.000544218 -0.01116 -0.000575414
internal_weight=3883 3830 1465 2365 1960 1832 349 405 83 128 1483 1322 249 1146
internal_count=3883 3830 1465 2365 1960 1832 349 405 83 128 1483 1322 249 1146
is_linear=0
shrinkage=0.03


Tree=233
num_leaves=15
num_cat=0
split_feature=17 17 81 16 17 28 7 64 17 77 43 53 71 8
split_gain=8.35711 9.80002 21.013 13.0872 12.4608 15.5255 24.896 19.7958 12.0764 18.2156 16.9775 11.6194 11.5309 12.0269
threshold=3.5000000000000004 21.500000000000004 3259.223057866097 3.5000000000000004 24.500000000000004 283.50000000000006 4113.1039627634827 3.7364123932352693 26.500000000000004 -3.0912309288978572 523.83430045476905 6.5000000000000009 11.500000000000002 4.3993280999101385
decision_type=2 2 8 2 2 2 8 8 2 8 10 10 8 8
left_child=-1 2 -2 -4 5 6 7 -3 9 10 -6 -9 13 -5
right_child=1 4 3 12 8 -7 -8 11 -10 -11 -12 -13 -14 -15
leaf_value=-0.82999525030443 1.1855550256977523 0.19015120777446384 -0.190857889944993 -0.1701682874589899 1.6876184743454457 -1.3533558422734204 1.273923274718876 -0.2102770024369148 -0.0015759414750647948 2.0586632148953363 -0.18804127820056385 -1.0220962666362627 0.15928490602047199 0.17103783796088409
leaf_weight=84 107 79 126 127 56 71 53 91 2597 42 56 100 186 53
leaf_count=84 107 79 126 127 56 71 53 91 2597 42 56 100 186 53
internal_value=0.000125359 0.000336449 0.00385 0.00121704 -0.000333757 -0.00531646 -0.0025 -0.00619926 0.000381541 0.00851613 0.00212389 -0.0114062 0.00408719 -0.00132597
internal_weight=3828 3744 599 492 3145 394 323 270 2751 154 112 191 366 180
internal_count=3828 3744 599 492 3145 394 323 270 2751 154 112 191 366 180
is_linear=0
shrinkage=0.03


Tree=234
num_leaves=15
num_cat=0
split_feature=14 14 14 66 76 14 3 13 37 14 28 43 3 29
split_gain=10.5412 16.0164 13.4184 12.7734 13.1646 10.9317 14.5882 13.3479 12.9728 10.3301 10.0176 14.5365 9.96661 9.53344
threshold=803.86820059012734 906.24817435241278 460.7434080897375 -334.47856473922724 98.720164537429824 360.21335510520356 21.125000000000004 150.00000000000003 1571.3325148443153 300.22566295837902 215.50000000000003 415.91076209892634 19.291666666656969 0.93514435937644136
decision_type=10 8 8 8 8 8 2 10 10 10 2 8 2 10
left_child=2 -2 3 -1 -5 9 7 12 -9 13 -4 -12 -7 -6
right_child=1 -3 10 4 5 6 -8 8 -10 -11 11 -13 -14 -15
leaf_value=-0.94938910812878019 0.43716763138829084 0.0012121652218331745 -0.14610892317006346 -0.54259299168200936 0.039443199085367621 0.15058056843874079 1.7127319771672729 0.11220650699019963 -0.99935881406909011 -0.11342220046923333 0.39325924503427939 -0.1088744800393834 -0.14635435678802269 -0.10749577204392309
leaf_weight=48 119 221 547 53 1019 455 62 58 50 470 142 197 51 358
leaf_count=48 119 221 547 53 1019 455 62 58 50 470 142 197 51 358
internal_value=-0.000109063 0.00492669 -0.00059812 0.00048 0.000768335 0.00108162 0.00434269 0.00292683 -0.0066055 -0.000113636 -0.00378805 0.000264706 0.00497041 0.00119739
internal_weight=3850 340 3510 2624 2576 2523 676 614 108 1847 886 339 506 1377
internal_count=3850 340 3510 2624 2576 2523 676 614 108 1847 886 339 506 1377
is_linear=0
shrinkage=0.03


Tree=235
num_leaves=15
num_cat=0
split_feature=39 3 3 17 38 43 81 0 3 81 81 77 27 62
split_gain=9.14655 15.7283 13.1619 21.8081 12.3121 15.2717 12.3078 10.9143 10.1214 10.1114 18.5913 9.95345 9.78578 11.2043
threshold=2396.2808199483848 1.3750000000000002 15.625000000000002 29.000000000000004 3879.7899791111604 561.75665401214837 24570.887790799145 160.50000000000003 9.0416666666569672 5907.5514587163934 4515.6979067325601 1.9501165747642519 0.91444404931247047 -0.033433133802364727
decision_type=8 2 2 2 10 8 10 2 2 8 10 10 10 10
left_child=1 -1 8 -4 6 -6 -3 -5 -2 10 -10 -9 -11 -14
right_child=2 4 3 7 5 -7 -8 11 9 12 -12 -13 13 -15
leaf_value=-0.45103871408081403 -0.0058570069630820756 0.02060660628025076 0.24734208323556556 -0.1133470752293438 0.73519416493163947 -0.026442072149041044 -0.44873102870552967 1.0429296290366514 -0.0042947016743486305 -0.33735296291244249 -1.9802434521026493 -0.075218181657423597 0.45636283996252486 -0.36694790404080474
leaf_weight=81 452 2001 202 269 103 74 43 58 46 255 64 66 81 42
leaf_count=81 452 2001 202 269 103 74 43 58 46 255 64 66 81 42
internal_value=0.000367379 0.00156318 -0.00142578 0.00206376 0.0020387 0.00960674 0.00137897 -0.00205584 -0.00363443 -0.00662577 -0.0145946 0.00528 -0.00427441 0.00266129
internal_weight=3837 2302 1535 595 2221 177 2044 393 940 488 110 124 378 123
internal_count=3837 2302 1535 595 2221 177 2044 393 940 488 110 124 378 123
is_linear=0
shrinkage=0.03


Tree=236
num_leaves=15
num_cat=0
split_feature=67 39 17 17 26 77 14 56 60 64 29 77 48 14
split_gain=9.78709 16.4441 12.5212 11.7571 11.5738 10.8184 11.9612 9.96465 11.518 11.0349 12.0775 11.1724 9.60019 11.9604
threshold=160.70731811663697 2329.3634880649306 19.500000000000004 37.500000000000007 229.50000000000003 124.5547224879265 486.09241738448139 -9.1560313701629621 -134.91144776344296 4.2160246989409629 0.91218821253368354 86.157396674156203 14.734679182370506 241.6703462258705
decision_type=8 10 2 2 2 8 10 8 10 10 10 8 10 10
left_child=1 2 -1 7 -4 -3 -7 8 -2 10 -9 -11 13 -5
right_child=3 5 4 12 -6 6 -8 9 -10 11 -12 -13 -14 -15
leaf_value=-0.75007942432652319 0.060398310165208392 -0.28957741515235214 0.061804084931089985 0.019083372598857069 -0.34156700930174833 -0.17233373516061631 0.53225306133059691 0.080596352265534174 0.57417830980370665 1.4211688907563231 -0.062537407684684007 -0.12334609246855971 0.012788878680059949 -0.12521264541477165
leaf_weight=41 177 463 683 116 48 47 44 345 159 84 737 40 596 270
leaf_count=41 177 463 683 116 48 47 44 345 159 84 737 40 596 270
internal_value=0.000186964 -0.00189902 0.000931436 0.00128317 0.00184426 -0.00583784 0.00358696 0.0029164 0.00747774 0.00164043 0.00066482 0.01008 -0.00128179 -0.00496124
internal_weight=3850 1326 772 2524 731 554 91 1542 336 1206 1082 124 982 386
internal_count=3850 1326 772 2524 731 554 91 1542 336 1206 1082 124 982 386
is_linear=0
shrinkage=0.03


Tree=237
num_leaves=15
num_cat=0
split_feature=60 51 16 81 77 81 16 38 30 16 79 57 39 27
split_gain=10.9818 11.3903 9.33067 9.32683 8.74265 7.89321 7.3575 7.5848 10.4856 11.0386 12.3722 10.6691 10.5822 12.1906
threshold=545.25383734703075 -1496.5686182975767 1.0000000180025095e-35 8354.7098348140735 115.06792348623277 1546.7510825395586 45.500000000000007 2940.5795227696012 19.550000000000004 9.5000000000000018 17.389905331987833 10.500000000000002 2647.8386175246928 0.93949562741509063
decision_type=10 8 2 10 8 8 2 8 10 2 8 8 10 10
left_child=1 4 -3 -2 -1 -4 7 8 9 10 -7 12 -11 -14
right_child=3 2 5 -5 -6 6 -8 -9 -10 11 -12 -13 13 -15
leaf_value=-0.30717761880074346 0.097701772849031532 -0.3506052450720426 0.83708204918463935 0.7145217335629952 0.0101389062936484 0.032839181632281562 0.10847059394401251 0.024137870812134705 -0.25630037177920184 0.044414579442681942 0.9481920577673989 -0.45867190925587548 -0.39165189532626532 1.1447100849560454
leaf_weight=117 132 145 52 40 84 231 73 1527 393 625 77 148 177 47
leaf_count=117 132 145 52 40 84 231 73 1527 393 625 77 148 177 47
internal_value=0.0005893 0.000243441 0.000643593 0.00797688 -0.00668317 0.000966876 0.000782055 0.000567266 -0.000812242 0.000482389 0.00543689 -0.0010521 0.000247059 -0.00533333
internal_weight=3868 3696 3495 172 201 3350 3298 3225 1698 1305 308 997 849 224
internal_count=3868 3696 3495 172 201 3350 3298 3225 1698 1305 308 997 849 224
is_linear=0
shrinkage=0.03


Tree=238
num_leaves=15
num_cat=0
split_feature=16 67 16 3 43 56 27 27 56 83 37 34 35 80
split_gain=10.2936 9.89757 6.91186 15.1818 15.2238 14.9607 13.2323 12.4435 14.3408 12.3602 14.1086 11.1077 10.235 9.78033
threshold=1.0000000180025095e-35 -261.95527132919852 12.500000000000002 13.208333333343036 576.83658492047391 -73.033443331718431 0.93349131121642981 0.8700649350649351 90.313267509142563 4.2720547914505014 2065.1294127638566 0.22611077297626295 22.865336879432625 102.85173714160921
decision_type=2 8 2 2 10 8 10 10 8 8 10 10 10 10
left_child=-1 -2 3 5 -5 -3 9 -7 13 -6 -11 12 -10 -9
right_child=1 2 -4 4 6 7 -8 8 11 10 -12 -13 -14 -15
leaf_value=-0.38072282556413056 -0.66048844534249329 0.54303263717614525 -0.0059202107472983321 0.23770138906108051 -0.44998381889996897 0.068008406710427252 1.0134019675610226 -0.66635822077398232 1.0816226696283013 0.24229367202484953 -0.113601322511807 -0.2238251577817772 -0.021252949768237588 0.018561387332843252
leaf_weight=139 62 63 2182 477 98 112 51 235 46 92 43 105 40 60
leaf_count=139 62 63 2182 477 98 112 51 235 46 92 43 105 40 60
internal_value=5.5176e-05 0.000359967 0.000565881 0.00219255 0.00507874 -0.00113293 -0.000421053 -0.00260434 -0.00468172 -0.00346154 0.00242647 0.00171875 0.00965517 -0.00881757
internal_weight=3805 3666 3604 1422 761 661 284 598 486 233 135 191 86 295
internal_count=3805 3666 3604 1422 761 661 284 598 486 233 135 191 86 295
is_linear=0
shrinkage=0.03


Tree=239
num_leaves=15
num_cat=0
split_feature=60 60 42 56 49 62 8 56 60 28 81 81 48 81
split_gain=7.04931 7.61107 8.34854 13.6966 20.9689 17.1548 14.0845 13.8208 12.9854 12.9329 18.8928 17.907 15.733 11.696
threshold=493.56062042713171 378.94084358215338 37.93373095989228 73.192919691403731 8.5000000000000018 0.089973940808591057 4.4673222072876362 59.350638429323844 56.394786834716804 260.50000000000006 6877.8774870634088 8603.4720802307147 -51.666381001472466 4709.7794868946085
decision_type=10 10 10 10 10 10 10 10 10 2 10 10 10 10
left_child=1 2 8 4 6 -6 7 -4 9 11 13 -1 -13 -11
right_child=-2 -3 3 -5 5 -7 -8 -9 -10 10 -12 12 -14 -15
leaf_value=-0.00053846169468116042 0.1011840904507519 -0.40908055634600499 -0.0010504660168581411 -0.0010706636312356791 -0.29520956765340456 0.47348283073305758 0.93385191658395272 0.84871388771045164 -0.37256229651353717 0.15739140404880869 0.52472368238307432 -0.031747070464381862 -0.68100294081329893 -0.28215641665013946
leaf_weight=1159 180 88 135 1106 115 43 127 64 119 151 103 159 164 117
leaf_count=1159 180 88 135 1106 115 43 127 64 119 151 103 159 164 117
internal_value=0.00018794 -9.86031e-05 0.000117878 0.00173476 0.00593814 -0.00301887 0.0102752 0.00525 -0.00118601 -0.000566343 0.00443548 -0.00182063 -0.00805556 0.000223048
internal_weight=3830 3650 3562 1590 484 158 326 199 1972 1853 371 1482 323 268
internal_count=3830 3650 3562 1590 484 158 326 199 1972 1853 371 1482 323 268
is_linear=0
shrinkage=0.03


Tree=240
num_leaves=15
num_cat=0
split_feature=78 74 82 39 3 82 44 85 3 60 3 25 73 73
split_gain=8.27226 11.675 13.5594 10.9953 14.5003 10.4925 10.2622 9.85257 8.43946 12.9152 10.5092 7.93679 7.43379 8.79854
threshold=0.70833333333333337 31.130451883806291 31.189114729563396 1484.3195159158934 15.041666666656967 1.0000000180025095e-35 104.9184218645096 -106.22165739536284 15.708333333343036 3768.3204519748692 19.125000000000004 0.93288288288288301 11.003934025764467 -8.858374357223509
decision_type=10 10 10 10 2 10 10 10 2 8 2 10 10 10
left_child=5 -2 3 6 -5 8 -3 -4 12 -10 -11 -9 13 -1
right_child=1 2 7 4 -6 -7 -8 11 9 10 -12 -13 -14 -15
leaf_value=-0.016163957106109676 -0.00020025674980789885 0.026297624734078724 1.4699132709820997 -0.061241402184616864 0.55931211789688628 -0.2558501196094175 -0.42844541982803092 -0.027470800183898872 0.19498771975439111 0.089806632595974392 -0.21979846739312278 0.38512349711701599 0.21827943323711899 -0.56550010995188615
leaf_weight=735 1806 77 56 62 60 263 88 64 188 46 62 133 95 97
leaf_count=735 1806 77 56 62 60 263 88 64 188 46 62 133 95 97
internal_value=1.56535e-05 0.00112484 0.00499076 0.000520833 0.00731707 -0.00173504 -0.00451807 0.0100394 -0.000563725 0.00383838 -0.00440367 0.00681818 -0.00197198 -0.00288115
internal_weight=3832 2346 540 287 122 1486 165 253 1223 296 108 197 927 832
internal_count=3832 2346 540 287 122 1486 165 253 1223 296 108 197 927 832
is_linear=0
shrinkage=0.03


Tree=241
num_leaves=15
num_cat=0
split_feature=77 58 57 60 80 16 67 72 73 79 0 3 59 3
split_gain=8.48323 9.55034 10.5637 8.2194 13.4781 8.42029 8.38601 7.91968 12.5693 9.19682 8.59348 13.3173 13.1271 11.2922
threshold=121.64101433753969 416.56861829757696 7.5000000000000009 -107.04284620285033 8.6782513856887835 1.0000000180025095e-35 -25.482710112418371 69.615710735321059 -22.909306287765499 10.85001185393199 77.500000000000014 23.041666666656969 122.44134294986726 20.208333333343038
decision_type=10 10 10 8 10 2 10 10 8 10 2 2 10 2
left_child=3 2 -2 4 -1 6 -5 8 9 -7 12 13 -10 -12
right_child=1 -3 -4 5 -6 7 -8 -9 10 -11 11 -13 -14 -15
leaf_value=0.0014752207016525175 -0.28022045770719028 0.1052375474328269 -0.038984933293981054 -0.93890029602915936 -0.50191014593657135 0.09578547903192898 0.016680756219364622 -0.20692104512609133 -0.023736912377697698 0.63177832319936156 0.038885657782330565 -0.75060221019158357 0.11083484827991533 1.1129704689999682
leaf_weight=133 79 44 55 64 82 61 56 102 1648 44 912 65 367 152
leaf_count=133 79 44 55 64 82 61 56 102 1648 44 912 65 367 152
internal_value=-0.000326003 -0.00670391 -0.0106667 -1.62734e-05 -0.00569444 0.000336982 -0.00743802 0.000617542 0.000876923 0.0110377 0.000534181 0.00262832 -0.000639881 0.00343662
internal_weight=3864 178 134 3686 215 3471 120 3351 3249 105 3144 1129 2015 1064
internal_count=3864 178 134 3686 215 3471 120 3351 3249 105 3144 1129 2015 1064
is_linear=0
shrinkage=0.03


Tree=242
num_leaves=15
num_cat=0
split_feature=4 77 81 81 29 48 82 7 35 15 32 56 83 64
split_gain=11.3089 10.4941 15.3034 14.6755 17.1492 18.5674 14.9414 12.8572 16.8111 20.8812 11.6298 11.3904 10.3013 10.1664
threshold=8.5000000000000018 -146.72816359996793 4668.6520421504983 6775.2487986087808 0.89537316337452577 100.86447393894197 -72.655928909778581 3647.9658115381767 6.5183492999263093 1.5000000000000002 0.90454545454545465 -24.541551828384396 -30.381368637084957 4.3023343405326244
decision_type=2 10 10 10 10 10 8 10 10 2 8 10 8 8
left_child=1 3 7 6 13 11 -1 8 10 -10 -3 -6 -11 -5
right_child=-2 2 -4 4 5 -7 -8 -9 9 12 -12 -13 -14 -15
leaf_value=-0.48743603792712575 0.045791876339580401 -0.64546307610015108 -0.21052623903485237 -0.98264242040231919 0.15294605559599536 -0.07570515693312202 0.001420262641176135 -0.19855167722251166 -0.41609034972954367 1.3301783068964552 0.011339634039979157 1.5306228900165848 0.26422369129386852 0.10141849169493622
leaf_weight=115 880 41 813 50 82 71 1040 121 80 52 66 88 205 110
leaf_count=115 880 41 813 50 82 71 1040 121 80 52 66 88 205 110
internal_value=1.57274e-05 -0.000879046 -0.00278463 0.000809249 0.00574627 0.0107851 -0.000908304 0.00100707 0.00337079 0.0066568 -0.00694444 0.0161404 0.010814 -0.00186335
internal_weight=3814 2934 1378 1556 401 241 1155 565 444 337 107 170 257 160
internal_count=3814 2934 1378 1556 401 241 1155 565 444 337 107 170 257 160
is_linear=0
shrinkage=0.03


Tree=243
num_leaves=15
num_cat=0
split_feature=67 50 76 3 70 33 3 7 32 4 34 0 39 17
split_gain=8.97562 7.43006 10.112 12.8047 9.19471 13.578 14.2135 14.6536 13.0526 13.0365 10.3895 9.92385 9.4972 17.8154
threshold=-261.95527132919852 1502.5054835081103 2410.3431358337407 12.708333333343036 0.86190476190476206 26.560442890442893 15.208333333343036 3440.3355756697861 0.27842377260981915 5.5000000000000009 0.039230769230769243 -39.499999999999993 2417.8878186046354 19.500000000000004
decision_type=8 10 10 2 8 10 2 10 10 2 8 2 10 2
left_child=-1 4 3 -3 5 6 11 8 -8 -7 -6 -2 -12 -14
right_child=1 2 -4 -5 10 9 7 -9 -10 -11 12 -13 13 -15
leaf_value=-0.63671298627629247 -0.759763583804549 -0.59864632622421909 0.030657613135352851 -0.028204930308027669 0.45315305972683384 0.015981090995412325 -0.010161857991470572 2.2088331228960936 0.69023469462779685 -0.22853720270212718 0.012870744746647133 0.024810429649473248 0.19345648554468819 -0.15883464505828343
leaf_weight=64 43 55 119 115 58 46 86 84 61 87 1802 336 104 791
leaf_count=64 43 55 119 115 58 46 86 84 61 87 1802 336 104 791
internal_value=-2.33645e-05 0.000166315 -0.00444828 -0.00912281 0.000548728 0.00350806 0.00540098 0.01125 0.00547297 -0.00514925 -0.000250363 0.00181579 -0.000522609 -0.00304688
internal_weight=3851 3787 289 170 3498 743 610 231 147 133 2755 379 2697 895
internal_count=3851 3787 289 170 3498 743 610 231 147 133 2755 379 2697 895
is_linear=0
shrinkage=0.03


Tree=244
num_leaves=15
num_cat=0
split_feature=56 85 0 43 69 69 56 25 29 85 26 58 26 23
split_gain=8.91914 6.52018 10.9321 8.61093 15.643 10.3217 10.4089 13.72 14.5897 11.2976 12.3521 10.6969 9.94238 9.61502
threshold=416.74053982893628 346.12485220034927 167.50000000000003 605.77801138740358 -275.15750090808586 10.965485805411697 8.9176995754241961 0.86526825332795487 0.9400460829493088 141.30845952033999 118.50000000000001 1470.128134608269 163.50000000000003 5.1142140626907358
decision_type=10 10 2 10 8 8 8 10 10 10 2 8 2 10
left_child=1 3 -3 4 -1 13 -7 11 9 12 -11 -8 -9 -5
right_child=-2 2 -4 5 -6 6 7 8 -10 10 -12 -13 -14 -15
leaf_value=0.8235509890290954 -0.17907888276749162 -0.24753923615663664 1.5667855141350173 -0.038008428148354763 0.0068886481205120195 -0.32259561520020136 0.12826957359640093 -0.56938652339831808 0.53798139414993629 0.27053844043798653 -0.90703621458932415 -0.0023483908829908511 0.012697288682458065 -0.35555359143883464
leaf_weight=105 59 45 41 158 2565 66 163 148 98 64 48 107 45 163
leaf_count=105 59 45 41 158 2565 66 163 148 98 64 48 107 45 163
internal_value=-2.32198e-05 0.000157192 0.00827586 -3.2163e-05 0.000876076 -0.00231857 -0.000364865 0.000756677 -0.00274752 -0.00598039 0.00159292 0.00597786 -0.0103608 -0.00680124
internal_weight=3875 3816 86 3730 2670 1060 739 673 403 305 112 270 193 321
internal_count=3875 3816 86 3730 2670 1060 739 673 403 305 112 270 193 321
is_linear=0
shrinkage=0.03


Tree=245
num_leaves=15
num_cat=0
split_feature=60 80 56 7 7 56 0 7 15 25 69 60 7 9
split_gain=7.43528 9.66593 7.42998 9.5186 11.3242 9.1733 7.43995 7.10694 9.38135 7.8461 16.9088 12.5032 12.4182 10.7759
threshold=-107.04284620285033 8.6782513856887835 -73.033443331718431 3250.4985141851143 1526.4393209101984 -98.003811637560517 -31.499999999999996 4925.3465560779887 30.500000000000004 0.99500000000000011 272.13886642743194 713.92004549503338 2886.2354700405854 570.00000000000011
decision_type=8 10 8 10 8 10 2 10 2 10 8 10 10 2
left_child=1 -1 3 4 -2 -6 -5 9 -9 13 12 -12 -11 -4
right_child=2 -3 7 6 5 -7 -8 8 -10 10 11 -13 -14 -15
leaf_value=0.010337693191181215 -0.034709871384623198 -0.47305156032727508 -0.0031141600731842303 -0.60608335004642244 0.094538290862029015 0.52988596015258349 0.4567703033887382 0.21396997107622148 -0.10091116040272888 0.55423909720742126 -0.11036272904071415 0.37253069198780109 0.0051143695867894223 -0.23240934933261354
leaf_weight=121 93 85 2344 48 139 105 43 162 44 70 230 79 43 228
leaf_count=121 93 85 2344 48 139 105 43 162 44 70 230 79 43 228
internal_value=0.000312907 -0.00521739 0.000628272 0.00433566 0.0066568 0.0100408 -0.00423913 0.000131209 0.00550725 -0.000240401 0.0035461 -9.67742e-05 0.0134211 -0.000862806
internal_weight=3834 206 3628 428 337 244 91 3200 206 2994 422 309 113 2572
internal_count=3834 206 3628 428 337 244 91 3200 206 2994 422 309 113 2572
is_linear=0
shrinkage=0.03


Tree=246
num_leaves=15
num_cat=0
split_feature=13 37 66 66 31 81 65 17 28 73 15 83 59 81
split_gain=11.0751 9.32586 13.3197 17.8169 12.674 12.2785 11.2821 10.2606 11.8741 11.5815 9.98801 13.0187 10.9697 9.97946
threshold=90.000000000000014 1027.2899761158267 -54.278324246406548 -115.78525578975676 9.5235449735449755 6328.8641763925561 1.0773425792597915 44.000000000000007 152.50000000000003 1.9977046251296999 28.500000000000004 -32.557489514350884 175.93281006813052 7127.3925220966348
decision_type=8 8 8 10 8 8 10 2 2 10 2 8 10 10
left_child=-1 4 3 7 13 -6 10 8 -3 -9 11 -4 -13 -2
right_child=1 2 6 -5 5 -7 -8 9 -10 -11 -12 12 -14 -15
leaf_value=0.032176887731813139 -0.13708833755553257 0.19727020884818869 -0.05598565603526056 -0.93980860412074008 0.19859687996511971 -0.99353187930844933 -0.21129416978220439 0.82599907798898764 -0.39289865629131959 -0.10539167955510581 0.19665768376006873 0.030696677085315364 1.5455601633093217 0.11668233682785739
leaf_weight=1472 356 46 323 87 40 94 95 47 156 75 152 681 42 156
leaf_count=1472 356 46 323 87 40 94 95 47 156 75 152 681 42 156
internal_value=7.84724e-05 -0.00119949 -3.51906e-05 -0.00473301 -0.00426584 -0.0124444 0.00146059 -0.00147692 -0.00561576 0.00536585 0.00225188 0.00120344 0.00343923 -0.00210526
internal_weight=3822 2350 1704 411 646 134 1293 324 202 122 1198 1046 723 512
internal_count=3822 2350 1704 411 646 134 1293 324 202 122 1198 1046 723 512
is_linear=0
shrinkage=0.03


Tree=247
num_leaves=15
num_cat=0
split_feature=1 28 8 48 52 36 65 73 43 82 42 62 5 5
split_gain=10.7362 9.33982 8.13991 10.0612 11.0061 11.9178 14.0703 8.21956 7.84786 10.5924 7.38413 7.23389 6.74409 12.9204
threshold=679.7200324535371 476.50000000000006 4.4274824289109782 129.02804859479269 441.57093095779425 0.21466973886328727 1.0500647904659337 132.8637778759003 236.17563958545966 48.429217994213111 -38.661444902420037 0.021954204011144094 68.534242630004897 92.586703658103957
decision_type=2 2 10 10 10 10 8 8 10 8 10 8 10 10
left_child=1 12 3 4 5 6 -2 -8 11 -10 -6 -7 -1 -14
right_child=2 -3 -4 -5 10 8 7 -9 9 -11 -12 -13 13 -15
leaf_value=0.036535287674449322 -0.39041664045439167 -0.49947295547432247 0.038036932511479417 -0.163508845280361 -0.12537215877968008 -0.77659522569840544 0.3051548482094954 -0.0060396448753146405 -0.58571992091484604 0.29214230415184472 0.24436258364860791 -0.19269004350597632 -0.37301658299458379 0.01048748481652032
leaf_weight=1740 60 42 318 199 47 102 76 65 87 84 102 117 117 669
leaf_count=1740 60 42 318 199 47 102 76 65 87 84 102 117 117 669
internal_value=0.000196027 0.0013079 -0.00207472 -0.00347872 -0.00186235 -0.00369932 0.00222772 0.00739437 -0.00675192 -0.0019186 0.0054 -0.0105 0.00154333 -0.000762389
internal_weight=3825 2568 1257 939 740 591 201 141 390 171 149 219 2526 786
internal_count=3825 2568 1257 939 740 591 201 141 390 171 149 219 2526 786
is_linear=0
shrinkage=0.03


Tree=248
num_leaves=15
num_cat=0
split_feature=6 41 41 0 54 43 69 28 77 28 77 20 63 77
split_gain=7.6677 10.3549 9.54159 12.0215 9.50637 14.4219 11.4831 16.8711 12.1315 10.6524 9.14232 15.3014 9.65978 9.30952
threshold=690.00000000000011 408.78963303565985 -9.9086161851882917 8.5000000000000018 630.00000000000011 451.28310333066781 -110.29558554812084 186.50000000000003 -156.58510196208951 208.50000000000003 15.967813551425936 863.82469952106487 310.8112435235696 38.12003558874131
decision_type=10 10 10 2 10 8 8 2 10 2 10 8 10 10
left_child=2 10 4 -4 5 -1 -6 8 -8 -7 -2 13 -13 -12
right_child=1 -3 3 -5 6 9 7 -9 -10 -11 11 12 -14 -15
leaf_value=0.54465325738133363 -0.015761703825209424 -0.38325423520494473 0.20439998251797881 0.056126593046367357 0.06612298585005208 0.012707909977965412 0.28444269142260414 -0.59642657097016039 -0.35553759340474139 -0.095138586907243264 0.66470135035764411 0.034320812094463173 -1.2149511762730736 0.12292569397752989
leaf_weight=112 1925 58 151 705 98 144 51 79 40 67 51 147 40 104
leaf_count=112 1925 58 151 705 98 144 51 79 40 67 51 147 40 104
internal_value=0.000254439 -0.000812554 0.00196823 0.00399067 -0.000962838 0.0025 -0.00513011 -0.00982456 -0.000978261 -0.00212264 -0.000489418 0.00402332 -0.00175532 0.0109615
internal_weight=3772 2325 1447 856 591 323 268 170 91 211 2267 342 187 155
internal_count=3772 2325 1447 856 591 323 268 170 91 211 2267 342 187 155
is_linear=0
shrinkage=0.03


Tree=249
num_leaves=15
num_cat=0
split_feature=30 24 68 81 29 53 68 14 72 41 15 61 66 7
split_gain=8.04196 11.6723 9.46234 14.2602 11.4711 8.41876 9.33225 8.17951 7.64214 16.4056 7.5852 7.10233 7.09866 7.41897
threshold=23.950000000000003 44.500000000000007 0.13451013757252409 7702.8771815299997 0.88536888379204903 8.5000000000000018 0.039853671532549408 276.41785934569697 2.0024424791336064 54.211368560791023 28.500000000000004 0.33905211302087052 -301.5292574167251 1817.9411687826071
decision_type=8 2 8 8 10 10 8 10 8 10 2 8 8 10
left_child=12 2 4 -4 7 6 -3 -2 -9 -10 -6 -7 -1 -14
right_child=1 5 3 -5 10 11 -8 8 9 -11 -12 -13 13 -15
leaf_value=-0.35557130061568903 0.10484420620601496 0.069143556185559341 0.2387253945241892 -0.047315000782891796 -0.61119402117040966 -0.2497888930311071 -0.20552461415042395 -0.83758110743275593 0.21844400330638855 -0.058361662633517788 -0.004570836117899546 0.25887327771946156 -0.019716437431666449 0.034621098473123446
leaf_weight=72 45 81 79 208 208 42 53 42 42 61 51 151 659 2024
leaf_count=72 45 81 79 208 208 42 53 42 42 61 51 151 659 2024
internal_value=0.000157109 -0.00205827 -0.00415197 0.000104167 -0.00686667 0.00265244 -0.00311111 -0.00125654 -0.00472603 -0.000288462 -0.0109615 0.00664948 0.00101234 0.00126304
internal_weight=3818 1063 736 287 449 327 134 190 145 103 259 193 2755 2683
internal_count=3818 1063 736 287 449 327 134 190 145 103 259 193 2755 2683
is_linear=0
shrinkage=0.03


Tree=250
num_leaves=15
num_cat=0
split_feature=1 73 76 77 78 77 8 77 35 7 28 25 5 41
split_gain=7.50572 8.66919 6.4205 5.9557 12.1072 10.3586 22.3359 15.3927 13.4246 12.7199 11.9611 9.48866 9.24542 10.0571
threshold=802.4528832435609 124.53089439868928 363.33012723922735 107.6919767856598 0.41666666666666669 15.967813551425936 4.8440375778244009 12.140736043453218 22.865336879432625 5435.5157734228787 264.50000000000006 0.95275297619047628 76.801017284393325 106.43597352504732
decision_type=2 10 10 10 10 10 10 10 8 10 2 10 10 10
left_child=1 3 -2 5 11 7 10 9 -8 12 -7 -5 -1 -14
right_child=2 -3 -4 4 -6 6 8 -9 -10 -11 -12 -13 13 -15
leaf_value=0.0085851029206867671 -0.39192346179332749 0.55397867384614385 -0.015217452495066652 0.13162605899945143 -0.87652471255943432 0.20724425112134204 0.042264682387935577 -1.0877607703052055 -1.3704746437056614 0.51852183316796896 2.8157137030979738 -0.2115029625809208 -0.0073842084234015384 -0.30194205239575717
leaf_weight=2005 76 62 90 76 66 174 151 50 43 52 44 41 590 272
leaf_count=2005 76 62 90 76 66 174 151 50 43 52 44 41 590 272
internal_value=0.00011073 0.000397022 -0.00610778 0.000201964 -0.00505435 0.000487877 0.00493947 -0.000131313 -0.00246154 0.00015411 0.0115068 0.000762712 -0.000115063 -0.00271147
internal_weight=3792 3626 166 3564 183 3381 412 2969 194 2919 218 117 2867 862
internal_count=3792 3626 166 3564 183 3381 412 2969 194 2919 218 117 2867 862
is_linear=0
shrinkage=0.03


Tree=251
num_leaves=15
num_cat=0
split_feature=28 28 16 62 3 20 62 39 52 29 81 16 44 3
split_gain=7.55486 12.304 24.0197 15.4944 15.2205 13.3689 10.9403 18.0265 15.3881 14.6174 13.059 12.4431 11.4696 11.5451
threshold=215.50000000000003 183.50000000000003 19.500000000000004 0.0063135547722613259 17.291666666656969 106.30552041530611 0.085684025121684118 1779.2051877915781 52.098933339118965 0.92669540229885061 6877.8774870634088 18.500000000000004 84.251792192459121 16.958333333343038
decision_type=2 2 2 10 2 8 10 10 10 10 10 2 10 2
left_child=1 5 3 -3 -4 -1 10 9 -9 -8 12 -12 13 -2
right_child=6 2 4 -5 -6 -7 7 8 -10 -11 11 -13 -14 -15
leaf_value=-0.25508530683530922 -0.10061212237805665 -0.11303244519440105 -0.34278695044508833 0.28296439379474803 -1.0326990705452341 0.0078979612836991113 0.68354712765310432 -0.81684832301997568 -0.02265794459140295 -0.13936078206091831 0.048315583619197265 1.3098123905670533 0.1782515031620463 0.15140187263507388
leaf_weight=67 342 172 154 109 63 1775 95 88 97 94 148 83 366 163
leaf_count=67 342 172 154 109 63 1775 95 88 97 94 148 83 366 163
internal_value=0.00018863 -0.000871422 -0.0050501 0.000744681 -0.0125229 0.000260445 0.00186865 -0.00256 -0.00919355 0.00394737 0.00337262 0.00969828 0.00168578 -0.00124506
internal_weight=3816 2340 498 281 217 1842 1476 374 185 189 1102 231 871 505
internal_count=3816 2340 498 281 217 1842 1476 374 185 189 1102 231 871 505
is_linear=0
shrinkage=0.03


Tree=252
num_leaves=15
num_cat=0
split_feature=48 60 59 15 8 29 3 81 38 77 56 83 67 29
split_gain=9.3693 8.3102 10.8177 8.75978 12.2485 12.7778 10.7309 12.5759 14.4112 15.9975 20.5835 13.4682 16.6451 12.8569
threshold=391.50983031590789 -118.70768964290617 125.53867006301881 27.500000000000004 6.3194778224721082 0.92865626060400419 5.7083333333430355 4632.2083827257165 3968.7319088716904 -194.7063606381416 96.936377406120315 82.38591039180757 714.9628298099226 0.89675666199158488
decision_type=10 8 10 2 10 10 2 10 10 10 10 10 8 10
left_child=1 -1 3 4 6 -6 -3 -8 9 10 13 12 -11 -9
right_child=-2 2 -4 -5 5 -7 7 8 -10 11 -12 -13 -14 -15
leaf_value=-0.31837275453572567 -0.24688704895665495 -0.31953610307249197 0.090337586255606506 0.030391285225095557 0.0018392622692981397 1.3295386714004009 0.0077623635705334239 -0.033450551673160973 0.2398805509523341 -0.56973078423383205 -0.70278968539461872 -1.0473795810959665 -0.018856440569775968 0.55757331678127808
leaf_weight=172 73 180 556 567 120 70 1203 56 84 206 56 122 278 103
leaf_count=172 73 180 556 567 120 70 1203 56 84 206 56 122 278 103
internal_value=-0.000374318 -0.000166932 0.000141588 -0.000561392 -0.00133118 0.00596859 -0.00193971 -0.00133713 -0.00400662 -0.00521898 0.00180556 -0.00771005 -0.0054433 0.0073125
internal_weight=3846 3773 3601 3045 2478 190 2288 2108 905 821 215 606 484 159
internal_count=3846 3773 3601 3045 2478 190 2288 2108 905 821 215 606 484 159
is_linear=0
shrinkage=0.03


Tree=253
num_leaves=15
num_cat=0
split_feature=1 5 31 48 4 29 52 48 46 14 43 43 40 29
split_gain=9.27622 10.8042 9.00228 10.0621 7.89825 10.9748 7.44941 9.8878 9.99511 9.73508 10.4191 11.3963 12.893 16.7423
threshold=659.08346462249767 76.801017284393325 19.177751196172256 188.97561367352804 7.5000000000000009 0.98566289825282649 14.443997621536257 -3.9152094523111978 810.00000000000011 1257.0367517637555 569.51409323227188 70.991734589119616 45.180242109435198 0.91466304473471294
decision_type=2 10 10 8 2 10 8 10 10 10 8 10 10 10
left_child=1 2 -1 -4 5 -3 7 -2 -9 10 11 12 13 -8
right_child=6 4 3 -5 -6 -7 9 8 -10 -11 -12 -13 -14 -15
leaf_value=0.11721287420056299 0.045957661992764985 -0.22201608496347705 -0.071511425528620054 0.36682066006553427 0.12490603135694354 0.27139645414963048 0.63886049154588143 -0.69907351493012093 -0.085160531465730674 0.17190352203999054 -0.047440600199048805 0.040661190604761206 -0.27057517819878696 -0.13732754159938398
leaf_weight=851 62 296 198 52 215 42 43 47 48 68 624 927 226 127
leaf_count=851 62 296 198 52 215 42 43 47 48 68 624 927 226 127
internal_value=0.000156781 0.00184894 0.00356624 -0.00143426 -0.0015704 -0.00442478 -0.00113208 -0.00740506 -0.0134375 -0.000639881 -0.00103183 0.000475831 -0.00377834 0.00245614
internal_weight=3826 1654 1101 250 553 338 2172 157 95 2015 1947 1323 396 170
internal_count=3826 1654 1101 250 553 338 2172 157 95 2015 1947 1323 396 170
is_linear=0
shrinkage=0.03


Tree=254
num_leaves=15
num_cat=0
split_feature=16 67 33 81 53 59 61 82 82 70 65 17 24 83
split_gain=9.43946 7.97029 7.43251 6.60151 10.6193 9.48344 9.35464 7.07955 9.86801 20.3642 20.0396 8.65563 7.37696 6.31233
threshold=47.500000000000007 758.43548120771152 18.437335164835165 17718.926158666614 10.500000000000002 119.08346462249757 0.45001336288958332 -164.44167923927304 -72.655928909778581 0.91987179487179505 1.0593232547202873 35.000000000000007 13.500000000000002 -170.81070125102994
decision_type=2 10 8 10 10 10 10 8 8 8 10 2 2 8
left_child=1 3 -2 7 5 6 -5 -1 9 -9 11 -11 -10 -14
right_child=2 -3 -4 4 -6 -7 -8 8 12 10 -12 -13 13 -15
leaf_value=0.1909857937064737 0.69206929606248357 0.55189432412365191 0.024323559302273694 -0.63150850444449702 0.18193493126399413 0.2489855248965783 -0.16027327784630599 0.41919511970419754 -0.055463254002915359 -0.15669497983429476 0.10917228607707037 -0.89992819829459125 -0.18942599139775723 0.013712979981627038
leaf_weight=90 40 70 86 78 44 47 50 55 43 72 64 108 163 2823
leaf_count=90 40 70 86 78 44 47 50 55 43 72 64 108 163 2823
internal_value=0.000461659 0.000186084 0.00850394 -8.24629e-06 -0.00504545 -0.00835227 -0.0125581 0.000315882 9.01172e-05 -0.0051 -0.00881633 -0.0139227 0.00060396 0.000783395
internal_weight=3833 3707 126 3637 219 175 128 3418 3328 299 244 180 3029 2986
internal_count=3833 3707 126 3637 219 175 128 3418 3328 299 244 180 3029 2986
is_linear=0
shrinkage=0.03


Tree=255
num_leaves=15
num_cat=0
split_feature=31 79 4 3 76 75 4 3 37 84 66 31 3 3
split_gain=10.3626 10.5667 11.3839 11.3419 8.51278 19.8011 8.95301 9.89766 7.91729 11.3366 9.40432 10.4835 11.6452 19.3368
threshold=19.42871621621622 396.46469057803557 9.5000000000000018 8.1250000000000018 979.99618637561809 656.50000000000011 2.5000000000000004 10.291666666656967 1309.8384729594197 131.29405224323276 -145.99024677276608 13.606623931623934 17.041666666656969 20.208333333343038
decision_type=10 10 2 2 10 10 2 2 8 10 8 8 2 2
left_child=1 2 4 -4 8 -6 -7 -8 10 -10 -1 12 -12 -14
right_child=-2 -3 3 -5 5 6 7 -9 9 -11 11 -13 13 -15
leaf_value=0.15702828090304824 -0.03482979614724431 -0.061383339562624178 0.0092465235740870448 0.79013058376653988 0.73952314774457584 -0.17209766689080536 -0.15187199343715022 0.33326250766879806 0.0091758545774350778 0.71357640928938559 0.03846398458458123 -0.40775524944271307 -0.42480363062946819 0.04303083135867837
leaf_weight=76 822 99 68 85 54 85 41 115 1160 83 640 208 148 112
leaf_count=76 822 99 68 85 54 85 41 115 1160 83 640 208 148 112
internal_value=6.32078e-05 0.000887395 0.00122045 0.00915584 0.000771208 0.00557432 0.0018595 0.00611465 0.000185338 0.00185691 -0.00156962 -0.00227232 -0.000865705 -0.0062069
internal_weight=3796 2974 2875 153 2722 295 241 156 2427 1243 1184 1108 900 260
internal_count=3796 2974 2875 153 2722 295 241 156 2427 1243 1184 1108 900 260
is_linear=0
shrinkage=0.03


Tree=256
num_leaves=15
num_cat=0
split_feature=26 68 26 82 20 72 16 68 43 29 42 77 5 7
split_gain=11.0707 16.442 13.8658 12.8723 11.5875 13.7076 10.3118 18.7105 12.6227 17.1788 10.5697 10.5182 10.2237 9.86407
threshold=134.50000000000003 0.028742615615011551 150.50000000000003 51.701227406660728 657.02162611484539 -110.07857191562651 14.500000000000002 0.18149750379128432 754.06807785443436 0.89146900269541784 55.080978512763984 122.25493597984315 100.27996754646303 3616.7276424581
decision_type=2 8 2 10 8 10 2 10 10 10 8 8 10 10
left_child=6 4 -3 -4 -2 -6 7 8 10 12 11 13 -10 -1
right_child=1 2 3 -5 5 -7 -8 -9 9 -11 -12 -13 -14 -15
leaf_value=-0.0027303240037130647 1.171949897080772 0.16670028029230852 -0.011578140406613983 -0.85084356394246619 0.011622818444441805 0.59795188462511895 -0.040433877080275453 0.35481297197882866 0.025672458883064877 -0.77227482421817584 0.28465643203096735 -0.47839549636183065 -0.24656284078570945 0.74520349871992064
leaf_weight=546 82 72 206 46 235 121 1569 199 153 87 280 88 44 81
leaf_count=546 82 72 206 46 235 121 1569 199 153 87 280 88 44 81
internal_value=0.000228346 0.00346003 -0.00166154 -0.00498024 0.00724374 0.00487395 -0.000580709 0.00121704 -0.000117187 -0.00568421 0.0014759 -0.000460894 -0.000757576 0.000907643
internal_weight=3809 762 324 252 438 356 3047 1478 1279 284 995 715 197 627
internal_count=3809 762 324 252 438 356 3047 1478 1279 284 995 715 197 627
is_linear=0
shrinkage=0.03


Tree=257
num_leaves=15
num_cat=0
split_feature=42 42 0 77 76 42 62 31 3 16 70 3 84 56
split_gain=7.28931 14.1542 21.1396 10.6804 17.6545 12.9359 11.2708 10.5704 15.5638 11.3701 12.6264 14.8544 10.3178 9.69858
threshold=39.35622692108155 23.187256574630741 24.500000000000004 -37.733892202377312 404.83978223800665 3.1749209165573125 -0.20439491030032741 16.802777777777781 20.375000000000004 12.500000000000002 0.91987179487179505 17.458333333343038 -47.523958404858902 67.592612663904845
decision_type=8 10 2 8 8 10 8 8 2 2 8 2 10 10
left_child=1 3 -3 5 -5 6 -1 8 9 -8 -11 12 -12 -2
right_child=13 2 -4 4 -6 -7 7 -9 -10 10 11 -13 -14 -15
leaf_value=0.11630882794818675 0.081714680214257332 0.046625057236124069 -0.51430048994546462 1.5745450880809091 0.013360687357049055 0.086787448620399249 0.010472570647308999 -0.4667614226427409 0.30611943458759883 0.099181171460665879 0.049402959939547908 -0.99572974649311718 -0.43206034321951275 -0.00081092043123070384
leaf_weight=117 588 76 153 70 559 125 215 234 58 63 74 68 105 1320
leaf_count=117 588 76 153 70 559 125 215 234 58 63 74 68 105 1320
internal_value=7.05698e-05 -0.00123566 -0.00821739 -0.000284192 0.00280952 -0.00212264 -0.0033369 -0.00458435 -0.00241438 -0.00404943 -0.00771704 -0.0107661 -0.00616667 0.00138292
internal_weight=3825 1917 229 1688 629 1059 934 817 583 525 310 247 179 1908
internal_count=3825 1917 229 1688 629 1059 934 817 583 525 310 247 179 1908
is_linear=0
shrinkage=0.03


Tree=258
num_leaves=15
num_cat=0
split_feature=67 1 42 64 82 16 0 16 77 37 66 3 37 60
split_gain=9.16637 8.85564 9.62275 10.1436 9.60267 8.01889 13.8034 9.29365 9.76458 8.88812 12.705 13.3121 8.78413 8.38755
threshold=-261.95527132919852 665.53867006301891 404.72275054454809 6.5627332737134312 -150.37561261653897 8.5000000000000018 266.50000000000006 5.5000000000000009 40.936418890953071 1617.9512934338545 59.315808773040779 13.625000000000002 2910.975422898513 42.261393666267402
decision_type=8 2 10 10 8 2 2 2 8 8 10 2 8 10
left_child=-1 4 3 -3 -2 6 7 9 13 10 -6 -12 -11 -9
right_child=1 2 -4 -5 5 -7 -8 8 -10 12 11 -13 -14 -15
leaf_value=-0.51892145997507078 0.30373855314335557 -0.0080535914322081674 -0.64944418977739893 -0.35596330736535242 0.27973766088297092 -0.00336618770136074 1.5301520878063599 0.097893190119895487 -0.19262860028471654 -0.24252709052413038 -0.64031068072770514 0.28592702106070161 0.084593262642843919 0.78477613228328125
leaf_weight=64 53 1272 48 53 162 1634 59 105 54 143 53 55 44 51
leaf_count=64 53 1272 48 53 162 1634 59 105 54 143 53 55 44 51
internal_value=9.34822e-05 0.000285186 -0.00163755 -0.00115385 0.00137945 0.00109276 0.00371389 0.00247006 0.00767773 6.55022e-05 0.00354244 -0.00440367 -0.00494681 0.011465
internal_weight=3850 3786 1373 1325 2413 2360 726 667 210 457 270 108 187 156
internal_count=3850 3786 1373 1325 2413 2360 726 667 210 457 270 108 187 156
is_linear=0
shrinkage=0.03


Tree=259
num_leaves=15
num_cat=0
split_feature=60 81 5 58 17 43 53 43 27 49 20 57 76 28
split_gain=10.3995 10.4938 9.42022 9.2539 15.4522 14.7166 10.2751 8.75489 12.1669 9.09116 9.0216 8.66147 8.38727 7.89014
threshold=493.56062042713171 8441.362479329111 68.534242630004897 76.801017284393325 21.500000000000004 362.86389388212734 9.5000000000000018 681.36998831511721 0.94134846921224635 8.5000000000000018 297.02162611484533 8.5000000000000018 625.08678710460674 485.00000000000006
decision_type=10 10 8 10 2 10 10 10 10 10 8 8 10 2
left_child=2 -2 13 7 5 -5 -6 8 9 11 -10 12 -4 -1
right_child=1 -3 3 4 6 -7 -8 -9 10 -11 -12 -13 -14 -15
leaf_value=0.010908307015536101 0.092413398668953581 0.64418009455832603 0.016644495814420884 0.51086944007151358 -0.40994823114955142 -0.018830677830435783 -0.046706123207985742 -0.28693115379229256 0.58237104537354412 -0.0090720849925281753 -0.19292932202710961 0.5198393183644785 0.766257497890517 -0.80226356335732474
leaf_weight=2472 134 40 126 40 180 74 107 118 60 165 201 63 40 41
leaf_count=2472 134 40 126 40 180 74 107 118 60 165 201 63 40 41
internal_value=5.4376e-05 0.0072 -0.000284707 -0.00250213 -0.00619403 0.00313043 -0.00989583 -0.000581395 0.000777439 0.00410127 -0.00423664 0.00795652 0.00431138 0.00075179
internal_weight=3861 174 3687 1174 401 114 287 773 655 394 261 229 166 2513
internal_count=3861 174 3687 1174 401 114 287 773 655 394 261 229 166 2513
is_linear=0
shrinkage=0.03


Tree=260
num_leaves=15
num_cat=0
split_feature=82 60 80 70 34 73 83 84 46 76 42 31 42 33
split_gain=6.04421 8.42493 7.69715 16.1326 20.7073 12.9525 12.5118 17.0429 9.14677 13.3827 10.6501 10.0416 9.5009 8.77044
threshold=-164.44167923927304 -8.7075213193893415 107.45434272289278 0.90454545454545465 0.1645447219983884 17.421267628669742 48.450216054916389 41.962059736251838 2190.0000000000005 1905.8000824451449 24.990394830703739 14.894243421052634 129.44226276874545 21.134848484848487
decision_type=8 10 8 10 8 10 10 10 10 8 10 10 8 10
left_child=1 -1 3 -2 5 13 7 -6 11 -10 -11 12 -4 -5
right_child=2 -3 8 4 6 -7 -8 -9 9 10 -12 -13 -14 -15
leaf_value=0.36841443050227157 0.061175331110218702 -0.052160013724210898 0.18921761624716155 0.090503099944379967 -0.23229368555170335 0.44833951387456455 -0.3948414833866366 0.26446400937286108 -0.60195929860727804 -0.31542088216317371 0.058226423528387798 -0.0076495058817316417 0.001390503919907434 -0.2716515721776403
leaf_weight=54 539 49 536 166 789 47 202 82 42 53 111 721 322 81
leaf_count=54 539 49 536 166 789 47 202 82 42 53 111 721 322 81
internal_value=7.90514e-05 0.00721154 -0.000121885 -0.0014473 -0.00317982 0.00386441 -0.00511173 -0.00354358 0.00129339 -0.00463768 -0.000727273 0.00206962 0.00426077 0.00108871
internal_weight=3794 103 3691 1906 1367 294 1073 871 1785 206 164 1579 858 247
internal_count=3794 103 3691 1906 1367 294 1073 871 1785 206 164 1579 858 247
is_linear=0
shrinkage=0.03


Tree=261
num_leaves=15
num_cat=0
split_feature=78 83 4 76 67 26 77 51 1 29 7 42 38 26
split_gain=7.85826 11.9505 11.185 11.0786 10.5491 9.52916 9.29132 11.193 9.28342 11.0065 12.2503 9.26288 14.8266 9.96751
threshold=0.70833333333333337 -67.552277088165269 6.5000000000000009 189.04863846302035 14.450808810187395 226.50000000000003 -93.497821152210221 82.452883243560805 623.82469952106487 0.95042482971701436 3073.3838402806182 95.053520321846023 2460.7191353390299 61.500000000000007
decision_type=8 10 2 8 8 2 8 10 2 10 10 8 8 2
left_child=1 3 5 -1 -5 -2 7 -3 -4 -10 -11 13 -13 -6
right_child=2 6 8 4 11 -7 -8 -9 9 10 -12 12 -14 -15
leaf_value=-0.12038675277849641 -0.013849596435313671 -0.89816373232778446 0.33363835944004816 -0.54466453716012442 -0.10999540222088355 -0.84326650499547551 -0.00098457671465336451 -0.019646737498265451 0.026111494285682778 -0.42772370634446233 0.1755460989854373 -0.53450408498868962 0.064670372885046956 0.13242480042440846
leaf_weight=61 787 91 229 40 47 43 79 43 1692 177 100 60 77 252
leaf_count=61 787 91 229 40 47 43 79 43 1692 177 100 60 77 252
internal_value=0.000190527 -0.00255659 0.000871575 -0.000167286 0.00138365 -0.00209386 -0.0085514 -0.0133333 0.00199181 0.00132487 -0.00420863 0.002746 -0.00369565 0.0057
internal_weight=3778 750 3028 537 476 830 213 134 2198 1969 277 436 137 299
internal_count=3778 750 3028 537 476 830 213 134 2198 1969 277 436 137 299
is_linear=0
shrinkage=0.03


Tree=262
num_leaves=15
num_cat=0
split_feature=82 60 32 54 45 72 39 15 65 82 28 85 48 66
split_gain=7.86172 10.9375 11.0876 8.97201 13.1582 12.007 11.8623 11.5901 17.3887 14.2176 14.1476 15.6631 9.60326 10.9849
threshold=-67.741145372390733 134.86945664882663 0.32200460829493094 570.00000000000011 5.5000000000000009 -86.462260842323289 2222.745881505964 28.500000000000004 0.96198062156380149 -39.674277702967323 249.50000000000003 195.37783139944079 -30.434276421864826 227.86460089683536
decision_type=8 10 10 8 8 8 10 2 10 8 2 8 8 8
left_child=1 2 -1 4 -2 6 -5 8 -7 -9 -10 -12 -11 -14
right_child=3 -3 -4 5 -6 7 -8 9 10 12 11 -13 13 -15
leaf_value=-0.09259698821336293 -1.016731307117225 -0.66393390302472943 0.23473471800081194 0.55189738326398052 -0.0029023908623383222 0.0070293761975691281 -0.057610849323563057 0.53972006514529702 -0.42816252031121194 -0.12379319503793539 -0.38005863396812828 1.1611486405608782 0.14169331167284258 -0.015206026287751412
leaf_weight=273 47 67 108 154 101 2040 68 46 297 79 79 48 256 129
leaf_count=273 47 67 108 154 101 2040 68 46 297 79 79 48 256 129
internal_value=0.000253098 -0.00347439 -0.00149215 0.000753363 -0.00644295 0.00108852 0.00780269 0.000584874 -0.000267748 0.00469667 -0.00578824 0.00257812 0.00309677 0.00505181
internal_weight=3792 448 381 3344 148 3196 222 2974 2464 510 424 127 464 385
internal_count=3792 448 381 3344 148 3196 222 2974 2464 510 424 127 464 385
is_linear=0
shrinkage=0.03


Tree=263
num_leaves=15
num_cat=0
split_feature=28 69 79 84 17 64 15 36 33 37 64 44 81 70
split_gain=7.21134 6.97183 10.0262 10.4708 8.92757 6.29797 17.8208 10.4055 14.203 12.3474 9.02324 9.4943 8.75644 9.60389
threshold=485.00000000000006 -286.81615183647085 9.9422487462358724 83.970846732457503 2.5000000000000004 5.679453871472357 26.500000000000004 0.2242184982275218 14.972670807453419 1161.2782821045364 4.1000044615541471 16.467771887779239 1546.7510825395586 0.91287878787878796
decision_type=2 8 10 8 2 10 2 8 10 10 8 10 8 10
left_child=1 2 -1 -4 -3 7 -7 8 9 -6 -10 -12 -9 -14
right_child=-2 4 3 -5 5 6 -8 12 10 -11 11 -13 13 -15
leaf_value=1.2154327933479028 -0.42345506248859094 -0.58909611816972274 0.45652487777162687 -0.10690642144018415 0.0029419932422880455 -0.75547836149195002 0.034772622287079405 0.93546419060537234 -0.38614986194773077 0.39219827468853924 0.53521555559215439 0.013063726049352234 0.013603840183432012 -0.069034549864573469
leaf_weight=64 53 46 43 41 95 157 170 48 126 184 63 485 984 1259
leaf_count=64 53 46 43 41 95 157 170 48 126 184 63 485 984 1259
internal_value=0.000329929 0.000485927 0.00684564 0 0.000223881 0.000394737 -0.00356707 0.000795069 0.00342767 0.00910714 0.00106667 0.00273224 -0.000301047 -0.000574866
internal_weight=3818 3765 148 84 3617 3571 327 3244 953 279 674 548 2291 2243
internal_count=3818 3765 148 84 3617 3571 327 3244 953 279 674 548 2291 2243
is_linear=0
shrinkage=0.03


Tree=264
num_leaves=15
num_cat=0
split_feature=4 33 74 61 36 0 7 7 77 37 4 56 69 43
split_gain=8.71121 15.5162 15.6389 10.3885 10.7705 10.2898 11.0601 10.0182 10.1069 9.94377 11.4458 9.5449 11.884 13.4854
threshold=6.5000000000000009 26.796781250000006 2507.4318005138916 0.77918134243358905 0.2251760563380282 169.50000000000003 3570.2677296358602 2770.024232209526 -234.00628936290738 2488.8144090807195 4.5000000000000009 35.682534297307342 106.87043469046826 576.83658492047391
decision_type=2 10 10 8 8 2 10 10 8 10 2 10 10 8
left_child=9 2 3 4 5 6 7 -2 -9 -1 -11 12 13 -5
right_child=1 -3 -4 11 -6 -7 -8 8 -10 10 -12 -13 -14 -15
leaf_value=-0.043942044163485183 -0.00071929340640979717 -0.21234860220458804 -0.52248918412006984 0.15756013647024403 -0.031699191542246936 1.1457188055615926 -0.15719950940896624 -0.015538837081262925 0.51269440373512476 0.12101399945201245 -0.013307785598213807 0.36551325940933271 -0.5694990920332218 -0.071814028508027192
leaf_weight=1050 180 141 44 325 956 64 152 55 149 56 77 370 48 186
leaf_count=1050 180 141 44 325 956 64 152 55 149 56 77 370 48 186
internal_value=3.89206e-05 0.000988394 0.00152964 0.00184634 0.000346821 0.00349418 0.00212291 0.00483117 0.00936585 -0.00210304 0.00559701 0.00435484 0.001875 0.00322266
internal_weight=3853 2670 2529 2485 1556 600 536 384 204 1183 133 929 559 511
internal_count=3853 2670 2529 2485 1556 600 536 384 204 1183 133 929 559 511
is_linear=0
shrinkage=0.03


Tree=265
num_leaves=15
num_cat=0
split_feature=30 0 34 79 53 27 14 14 7 7 6 44 35 44
split_gain=8.78284 10.6587 9.16817 8.57464 10.3909 11.0863 11.0647 8.49898 10.3901 9.06523 11.3989 9.46763 10.9319 10.6077
threshold=20.850000000000005 -1.4999999999999998 0.27622890682318418 396.46469057803557 10.500000000000002 0.93922076281889377 761.76300300386606 131.85093289409218 2447.9856528275272 1976.7562635125289 690.00000000000011 54.337668538093574 13.279990925589839 91.433838367462172
decision_type=8 2 10 10 10 10 10 8 10 8 10 10 8 10
left_child=3 2 -2 4 -1 6 -6 8 -3 -9 11 -11 -13 -14
right_child=1 7 -4 -5 5 -7 -8 9 -10 10 -12 12 13 -15
leaf_value=0.0090262733512918199 -0.035183809130167276 0.019955669657342384 -0.93020611237138429 -0.29429691558328214 0.012792386813461076 1.8040234466117728 0.38925931561663873 0.41484241653266951 -0.60207354528455859 -0.0024734071436697163 -0.03131846759144935 -0.40368143265992185 0.71878024387989969 0.03128156722178442
leaf_weight=2229 285 56 60 78 211 68 41 51 50 149 395 45 61 63
leaf_count=2229 285 56 60 78 211 68 41 51 50 149 395 45 61 63
internal_value=0.000405933 -0.0017023 -0.00615607 0.00138128 0.00168235 0.00672897 0.00379447 6.88863e-05 -0.00785047 0.00117647 0.000294118 0.00451411 0.00935294 0.01392
internal_weight=3842 1215 345 2627 2549 320 252 870 106 764 713 318 169 124
internal_count=3842 1215 345 2627 2549 320 252 870 106 764 713 318 169 124
is_linear=0
shrinkage=0.03


Tree=266
num_leaves=15
num_cat=0
split_feature=67 56 81 32 1 8 48 29 31 82 35 44 31 56
split_gain=7.39295 8.97928 10.0851 8.30261 10.6351 10.0264 9.48053 9.35262 15.9567 14.229 20.737 9.77253 9.51978 9.28994
threshold=-261.95527132919852 -55.942687511444085 3500.4149638414387 0.065591397849462371 659.08346462249767 4.1462990685532128 267.48568920294451 0.95657137184832253 7.5548951048951061 103.90204882621767 15.667333333333335 123.64077484607698 16.575000000000006 42.259851376215629
decision_type=8 8 8 8 2 10 10 10 8 10 8 10 8 8
left_child=-1 2 -2 13 -5 6 7 8 -6 10 -10 12 -12 -3
right_child=1 3 -4 4 5 -7 -8 -9 9 -11 11 -13 -14 -15
leaf_value=-0.44439655907257813 0.62881970731417525 -0.011381854671549166 0.037558248952959158 0.01994181527615272 0.10467050364540796 0.0062948841804430344 -0.28389270806958666 -0.40238553855332332 -0.48129868717231777 0.73110499037957077 -0.044669950700765355 -0.13244416680732943 0.15507525854630441 0.14055304787170991
leaf_weight=65 53 129 644 1162 187 597 77 136 269 69 59 83 76 214
leaf_count=65 53 129 644 1162 187 597 77 136 269 69 59 83 76 214
internal_value=0.00040827 0.000583067 0.0036533 -0.000117686 -0.000673785 -0.0022973 -0.00420063 -0.00330682 -0.00197581 -0.00452424 -0.00633197 0.000547945 0.00551471 0.00427326
internal_weight=3820 3755 697 3058 2715 1553 956 879 743 556 487 218 135 343
internal_count=3820 3755 697 3058 2715 1553 956 879 743 556 487 218 135 343
is_linear=0
shrinkage=0.03


Tree=267
num_leaves=15
num_cat=0
split_feature=1 31 3 64 72 14 4 39 39 14 73 56 26 22
split_gain=6.67171 9.27817 11.8968 8.25335 7.90349 8.74405 13.1818 9.31966 15.8578 9.18936 10.7201 10.5459 9.57921 9.29192
threshold=666.52870881557476 24.240374331550807 10.708333333343036 6.2811925567240587 73.469976782798781 360.21335510520356 6.5000000000000009 2802.7633991314965 4636.8601474955876 327.0132502585106 -9.5863378047943097 8.9176995754241961 94.500000000000014 4.5012747049331674
decision_type=2 10 2 8 10 10 2 10 10 10 8 8 2 2
left_child=1 4 -3 -4 5 9 -7 -8 -9 10 -1 13 -13 -11
right_child=-2 2 3 -5 -6 6 7 8 -10 11 -12 12 -14 -15
leaf_value=0.61475923415010314 -0.018495707225048078 0.073967900841073367 -0.84855796662585592 -0.034825408781597102 -0.37552794187903976 -0.035329136068877103 0.30222128050406305 -0.058355604938536768 0.17241215917933517 -0.053547375427127154 0.005225780744943993 0.24692587437091507 -0.066466126060963471 -0.35218462066196177
leaf_weight=75 1389 84 81 102 56 243 381 161 105 51 928 48 62 54
leaf_count=75 1389 84 81 102 56 243 381 161 105 51 928 48 62 54
internal_value=-4.71081e-05 0.000900493 -0.00436567 -0.0086413 0.00155196 0.00184922 0.00410774 0.00634259 0.00202247 0.000196883 0.00140438 -0.00541667 0.00108108 -0.0121698
internal_weight=3820 2431 267 183 2164 2108 890 647 266 1218 1003 215 110 105
internal_count=3820 2431 267 183 2164 2108 890 647 266 1218 1003 215 110 105
is_linear=0
shrinkage=0.03


Tree=268
num_leaves=15
num_cat=0
split_feature=6 22 37 31 0 80 43 39 27 8 39 39 64 80
split_gain=8.49124 8.96445 8.75688 10.8374 10.7086 14.5824 12.2652 9.38741 7.80387 7.15656 8.8868 11.3389 10.875 10.8612
threshold=690.00000000000011 12.886458277702333 850.1750031308942 8.7236607142857157 142.50000000000003 64.490866184234633 614.27774298932388 2996.7785211816331 0.9546596619460942 6.0433030104753334 1883.2056510693415 965.45711360630082 3.0431969879004264 -3.9866006374359126
decision_type=10 2 8 8 2 8 10 10 10 10 10 10 10 10
left_child=1 2 3 8 6 -6 9 -7 -1 10 11 13 -12 -4
right_child=-2 -3 4 -5 5 7 -8 -9 -10 -11 12 -13 -14 -15
leaf_value=0.49524429475726223 -0.0084310033364015519 0.18641814593187198 0.12313654101224265 -0.41345658528848156 -0.046183789247474037 1.1506306870429182 -0.050138823352110708 0.45926540834690993 -0.39503545145013369 0.5495916846159834 0.13492058719335107 0.215048347572664 -0.080171333977608936 -0.33184155424370632
leaf_weight=74 2370 112 77 63 68 58 197 74 92 57 54 255 224 55
leaf_count=74 2370 112 77 63 68 58 197 74 92 57 54 255 224 55
internal_value=0.000172279 0.00197125 0.00128984 -0.00404348 0.00238393 0.00865672 0.00101087 0.0144361 0 0.00282158 0.00193694 0.00487113 -0.00215054 -0.00225564
internal_weight=3830 1460 1348 229 1119 200 919 132 166 722 665 387 278 132
internal_count=3830 1460 1348 229 1119 200 919 132 166 722 665 387 278 132
is_linear=0
shrinkage=0.03


Tree=269
num_leaves=15
num_cat=0
split_feature=40 61 35 9 61 39 40 79 77 79 70 32 29 37
split_gain=6.30147 5.72294 7.1079 9.1962 5.70057 8.99401 10.8539 5.84804 14.4339 13.7096 9.72893 9.62664 10.4088 9.50233
threshold=20.487778516945976 0.0049058931779177341 12.571431427429031 630.00000000000011 0.013577608716249542 2541.5682582444447 442.6029663066966 10.724888020592759 -244.4408195018768 17.878144844068228 0.91987179487179505 0.13714733542319751 0.91821040594625514 1597.7254794465084
decision_type=10 8 8 2 8 10 10 10 8 10 10 10 10 10
left_child=1 -1 3 -3 5 6 -2 8 -6 10 -9 -12 13 -13
right_child=4 2 -4 -5 7 -7 -8 9 -10 -11 11 12 -14 -15
leaf_value=0.041452874514700803 0.14597543075109445 0.16982874109995363 -0.69192700042024025 -0.33055937373985078 -0.28462030945568578 0.29438959935262088 -0.1410201668916089 0.32871028746370085 -0.0047705273214766388 -0.013545315548942369 0.25968908424128673 -0.014768491784145672 0.1435441379506702 -0.85434697252148706
leaf_weight=50 98 43 67 54 201 143 103 236 1709 734 100 137 129 42
leaf_count=50 98 43 67 54 201 143 103 236 1709 734 100 137 129 42
internal_value=-0.000311931 -0.00530233 -0.008 -0.0027551 -1.65153e-05 0.00365217 -0.000445545 -0.000401338 -0.00147567 0.00108774 0.00427907 0.00146699 -0.00116505 -0.00583333
internal_weight=3846 214 164 97 3632 344 201 3288 1910 1378 644 408 308 179
internal_count=3846 214 164 97 3632 344 201 3288 1910 1378 644 408 308 179
is_linear=0
shrinkage=0.03


Tree=270
num_leaves=15
num_cat=0
split_feature=72 0 31 40 43 38 80 60 41 28 77 34 28 71
split_gain=5.69792 8.10969 7.54552 11.6606 10.9768 10.9636 11.0129 8.35568 8.27186 13.2652 10.713 9.55046 9.16407 9.5001
threshold=65.779366493225112 401.50000000000006 20.415476190476195 227.40307297874594 38.468660503923708 4038.7453531603019 -294.49333012104029 340.74244236946112 106.43597352504732 265.50000000000006 -237.40033417940137 0.19742875859810025 198.50000000000003 7.5000000000000009
decision_type=10 2 8 10 8 8 10 10 8 2 8 10 2 10
left_child=1 2 5 -4 -5 8 -7 -6 -1 10 -10 -12 13 -13
right_child=-2 -3 3 4 7 6 -8 -9 9 -11 11 12 -14 -15
leaf_value=0.032747140319404476 -0.1368617418883287 0.95893763107443586 -0.27101672669659255 -0.37350306480027667 0.010814240826251762 -0.002231488540468317 0.57613982550328124 -0.21378808051277279 -0.65654547828963772 -0.63496986413338641 0.40211620245323726 0.022945868818250979 0.13096937216770743 -0.58045404291318914
leaf_weight=1825 134 65 164 41 778 57 107 58 53 92 69 160 202 95
leaf_count=1825 134 65 164 41 778 57 107 58 53 92 69 160 202 95
internal_value=0.000722892 0.00093974 0.000753647 -0.00141075 -3.41686e-05 0.0016009 0.00909091 0.000716846 0.00110533 -0.00174107 -5.17241e-05 0.00125237 -0.000327511 -0.00410156
internal_weight=3900 3766 3701 1041 877 2660 164 836 2496 671 579 526 457 255
internal_count=3900 3766 3701 1041 877 2660 164 836 2496 671 579 526 457 255
is_linear=0
shrinkage=0.03


Tree=271
num_leaves=15
num_cat=0
split_feature=67 58 60 26 16 39 48 76 80 28 16 39 29 56
split_gain=6.78116 6.70642 10.4517 13.0293 8.96748 10.8821 11.283 10.7128 8.94017 8.21873 7.72862 8.12519 14.4201 9.30795
threshold=685.88344728946697 148.62831258773807 545.25383734703075 171.50000000000003 47.500000000000007 435.26008266824584 74.947511911392226 1954.6799905300143 8.6782513856887835 365.50000000000006 1.0000000180025095e-35 4512.7353701189886 0.92848324514991198 12.12494206428528
decision_type=10 10 10 2 2 10 8 10 10 2 2 10 10 10
left_child=1 4 3 -3 5 6 8 10 -1 -5 -7 -12 13 -13
right_child=-2 2 -4 9 -6 7 -8 -9 -10 -11 11 12 -14 -15
leaf_value=0.16822889497840895 0.4860679234660078 -0.043845908513352842 0.27712275887275539 0.5514256585826649 0.25114078758065955 -0.38322770214979091 -0.44493444877434773 0.47629306173222674 -0.2231600032994 -0.0036926842101799541 0.0071110873309327615 0.029785811289676941 1.2953087424135108 -0.16143319140653148
leaf_weight=97 96 670 86 49 40 103 98 54 59 72 2219 73 70 87
leaf_count=97 96 670 86 49 40 103 98 54 59 72 2219 73 70 87
internal_value=0.000209086 7.94071e-06 -0.00228929 -0.00337121 0.000703206 0.000503321 -0.00541176 0.0010817 -0.000382166 0.00565574 0.00079906 0.00113878 0.00649351 0.00149068
internal_weight=3873 3777 877 791 2900 2860 254 2606 156 121 2552 2449 230 160
internal_count=3873 3777 877 791 2900 2860 254 2606 156 121 2552 2449 230 160
is_linear=0
shrinkage=0.03


Tree=272
num_leaves=15
num_cat=0
split_feature=16 34 44 48 42 56 56 33 16 41 38 64 3 0
split_gain=6.13245 6.31224 11.6681 11.552 9.21465 9.1996 9.01407 8.58712 12.0099 10.6062 10.0627 11.3711 8.93464 9.56767
threshold=1.0000000180025095e-35 0.2228132387706856 123.64077484607698 -152.16177038351691 -174.80952572822568 27.746799906094871 109.00527997811638 14.198685897435899 13.500000000000002 -1.4695416688919065 2949.8996728975662 5.7532043909127077 7.4583333333430355 49.500000000000007
decision_type=2 8 10 8 8 10 10 10 2 8 8 10 2 2
left_child=-1 2 3 -2 -3 -4 -7 8 -5 -10 -9 12 13 -12
right_child=1 4 5 7 -6 6 -8 10 9 -11 11 -13 -14 -15
leaf_value=-0.46748176141309272 -0.48617119343555598 0.58938031673526015 -0.31365298769949745 0.5699949498177429 -0.0081563901014334306 0.29170521945178651 -0.023445918703360442 -0.032435446539212938 0.52483968369728817 -0.064417026801998248 -0.38511062156823272 -0.01674852178297442 0.32637596828628368 0.63596347427966393
leaf_weight=138 43 109 107 71 2219 63 112 252 43 54 52 167 332 40
leaf_count=138 43 109 107 71 2219 63 112 252 43 54 52 167 332 40
internal_value=0.000141993 0.000376535 0.00201945 0.00346919 -0.000566767 -0.00339223 0.000852273 0.00412055 0.0102959 0.00336735 0.00287915 0.00501689 0.00762353 -0.000645161
internal_weight=3802 3664 1336 1054 2328 282 175 1011 168 97 843 591 424 92
internal_count=3802 3664 1336 1054 2328 282 175 1011 168 97 843 591 424 92
is_linear=0
shrinkage=0.03


Tree=273
num_leaves=15
num_cat=0
split_feature=30 68 38 32 79 1 34 71 29 22 31 68 16 48
split_gain=7.13384 11.4243 15.2312 13.1865 11.3871 9.76279 9.67997 9.16999 8.8998 10.5697 8.74189 9.4635 9.13158 9.74003
threshold=19.950000000000003 0.13920371705791459 3114.4683515396828 0.067816091954023008 396.46469057803557 715.93281006813061 0.23310502283105025 12.500000000000002 0.90630852059925104 8.8192082643508929 24.240374331550807 0.0098693754932384446 49.500000000000007 120.2729961872101
decision_type=8 10 8 8 10 2 10 8 10 2 10 10 2 8
left_child=4 2 3 -2 10 6 -3 -4 9 -9 12 -12 13 -1
right_child=1 5 7 -5 -6 -7 -8 8 -10 -11 11 -13 -14 -15
leaf_value=0.057635912971742725 0.50803393114369799 0.74199068116725708 -0.025182496949673235 -0.42814625138999024 -0.3482646332725689 -0.077015235095161214 0.015052654381534046 -0.03910829108523739 0.33562107316506001 0.072397493920804495 0.03198356195939768 -0.67271755627980023 0.21948652408551148 -0.041647565994149004
leaf_weight=1691 55 75 265 340 72 47 72 197 143 81 74 55 45 574
leaf_count=1691 55 75 265 340 72 47 72 197 143 81 74 55 45 574
internal_value=6.33747e-05 -0.00176332 -0.00296673 -0.00765152 0.000991242 0.00492308 0.00871622 -0.000262009 0.00248815 -0.000645161 0.00134016 -0.00623077 0.00176547 0.00149603
internal_weight=3786 1275 1081 395 2511 194 147 686 421 278 2439 129 2310 2265
internal_count=3786 1275 1081 395 2511 194 147 686 421 278 2439 129 2310 2265
is_linear=0
shrinkage=0.03


Tree=274
num_leaves=15
num_cat=0
split_feature=61 41 56 15 56 7 31 77 64 3 85 61 65 5
split_gain=7.06486 12.8104 12.0373 13.1969 9.12355 8.32109 15.6717 8.0939 6.3207 11.3757 8.63899 8.21392 7.87765 7.55405
threshold=0.77168928811247672 106.43597352504732 120.50928016503654 14.500000000000002 69.198091745376601 3570.2677296358602 18.779513888888893 -104.80004376173018 5.679453871472357 15.625000000000002 8.5078893105189035 0.21237468488549718 1.0215383618663869 64.067189931869521
decision_type=10 10 10 2 10 10 10 8 10 2 8 10 10 10
left_child=8 4 -3 7 5 6 -2 -4 13 10 -10 -12 -11 -1
right_child=1 2 3 -5 -6 -7 -8 -9 9 12 11 -13 -14 -15
leaf_value=0.014433229882127776 0.10882311587607489 -0.99391641180278589 -0.72613438390264107 0.28829991197920718 0.64239738688399173 0.50181693487479928 -0.27356816051462868 0.024958966655929019 -2.1177456026755048 -0.2476712012042924 0.01056228521948256 -0.40882430454521718 0.2250868121046396 -0.023642511584450486
leaf_weight=1903 271 43 41 66 54 48 65 43 45 49 81 62 57 1004
leaf_count=1903 271 43 41 66 54 48 65 43 45 49 81 62 57 1004
internal_value=0.000281764 0.00318038 -0.00324742 0.000794702 0.00601367 0.00436364 0.00267062 -0.00705882 -0.000290443 -0.00447458 -0.00888889 -0.00520833 0.00336449 0.000134113
internal_weight=3832 631 193 150 438 384 336 84 3201 294 188 143 106 2907
internal_count=3832 631 193 150 438 384 336 84 3201 294 188 143 106 2907
is_linear=0
shrinkage=0.03


Tree=275
num_leaves=15
num_cat=0
split_feature=27 17 82 65 57 28 82 70 20 25 77 82 4 3
split_gain=8.14041 11.3914 11.2314 13.713 11.8676 17.3263 11.6874 12.8393 14.0731 11.4712 11.2862 11.0397 12.3558 11.3675
threshold=0.95729101521784454 35.000000000000007 46.319724400838219 0.89518527079305554 7.5000000000000009 257.50000000000006 -97.829552173614488 0.90454545454545465 447.41329634189611 0.90260840108401097 12.841655194759371 113.37824320793153 2.5000000000000004 6.0416666666569663
decision_type=10 2 10 10 10 2 10 10 10 10 8 10 2 2
left_child=1 2 6 4 5 -4 -1 -8 9 -9 -5 12 -2 -14
right_child=11 -3 3 10 -6 -7 7 8 -10 -11 -12 -13 13 -15
leaf_value=0.057099698136637185 -0.33202391026459083 -0.0064432712058517926 0.39523458070162248 -0.15382648049585212 1.4862251709786332 -0.88744820264275226 0.24721806521866851 -0.44351268400075394 -0.49112134103162358 0.043547061900486808 0.40424980440510055 -0.40668015150692616 -0.25776136244897724 0.072810936886068919
leaf_weight=517 100 1732 127 105 146 41 82 97 88 184 62 96 67 335
leaf_count=517 100 1732 127 105 146 41 82 97 88 184 62 96 67 335
internal_value=0.000103175 0.000707102 0.00266897 0.00641079 0.0100952 0.00461538 0.000804954 -0.00272124 -0.00510811 -0.00180851 -0.000535714 -0.00310518 -0.00131213 0.00104218
internal_weight=3779 3181 1449 481 314 168 968 451 369 281 167 598 502 402
internal_count=3779 3181 1449 481 314 168 968 451 369 281 167 598 502 402
is_linear=0
shrinkage=0.03


Tree=276
num_leaves=15
num_cat=0
split_feature=4 67 81 17 16 56 39 35 76 79 14 81 6 69
split_gain=8.42657 15.4267 12.5956 12.8574 13.2898 12.636 12.4015 22.1531 17.6821 12.0018 10.8439 12.9308 10.6035 9.82155
threshold=6.5000000000000009 685.88344728946697 7295.3905555009851 44.000000000000007 48.500000000000007 125.72860348224641 2364.198827776172 20.098951048951051 237.24515128135684 15.452574356626435 378.1611256061833 8423.7805528640765 690.00000000000011 70.398966234948617
decision_type=2 8 10 2 2 10 10 10 8 10 10 8 10 10
left_child=1 9 3 -3 -5 -4 7 -2 -8 -1 11 12 13 -10
right_child=6 2 5 4 -6 -7 8 -9 10 -11 -12 -13 -14 -15
leaf_value=-0.39821287665787741 0.018531838745895753 -0.0015870758343071855 0.35039320600573254 -0.91760587237406499 -0.0043423953214780037 -0.064011547480098935 -0.44615958637664083 0.73209443691331921 -0.35525369811364488 0.063673661469745221 0.022233607791008983 -0.26574425784956746 0.22490359015093161 0.34930055128577214
leaf_weight=215 1325 585 153 61 60 65 58 113 61 50 724 239 98 56
leaf_count=215 1325 585 153 61 60 65 58 113 61 50 724 239 98 56
internal_value=7.76398e-06 -0.00209244 -0.000259459 -0.00220651 -0.0110656 0.0060274 0.000942056 0.0028353 -0.00126112 -0.00845865 -0.000458015 -0.00408791 0.00125 -0.00483051
internal_weight=3863 1189 924 706 121 218 2674 1438 1236 265 1178 454 215 117
internal_count=3863 1189 924 706 121 218 2674 1438 1236 265 1178 454 215 117
is_linear=0
shrinkage=0.03


Tree=277
num_leaves=15
num_cat=0
split_feature=24 28 80 39 36 48 48 81 8 61 22 28 28 26
split_gain=6.6879 7.21494 16.0474 14.448 11.5006 11.1144 12.4476 11.9064 19.2916 10.0743 9.77629 9.4053 9.3312 9.87288
threshold=84.500000000000014 223.50000000000003 -48.456532001495354 2345.9196444808044 0.1720302152317881 -42.253519614537545 32.187538146972663 9038.4425308704394 1.4527212217552214 0.92545138502680924 10.968953728675844 240.50000000000003 231.50000000000003 112.50000000000001
decision_type=2 2 8 10 8 10 10 10 10 8 2 2 2 2
left_child=1 5 4 12 -3 -1 7 8 -7 -6 -10 -5 -4 -14
right_child=-2 2 3 11 9 6 -8 -9 10 -11 -12 -13 13 -15
leaf_value=0.021604869280145857 -0.26583482579674456 0.65098963604160531 0.40546189125077065 -0.74864204924810096 0.016558449042245228 0.7082569592579524 -0.0015452679566991989 -0.71506265955168702 -0.20451998222467577 0.56769186054058585 0.055430328134969495 -0.032826503171221086 -0.18629077721251025 0.06372181792339493
leaf_weight=684 65 48 103 56 129 52 1139 118 341 48 99 462 50 402
leaf_count=684 65 48 103 56 129 52 1139 118 341 48 99 462 50 402
internal_value=-7.90097e-05 8.84244e-05 0.00189376 0.000363128 0.00915929 -0.000875103 -0.00214286 -0.00559738 -0.00352941 0.0055618 -0.00557823 -0.00323699 0.00372302 0.0018543
internal_weight=3796 3731 1298 1073 225 2433 1749 610 492 177 440 518 555 452
internal_count=3796 3731 1298 1073 225 2433 1749 610 492 177 440 518 555 452
is_linear=0
shrinkage=0.03


Tree=278
num_leaves=15
num_cat=0
split_feature=20 22 68 4 0 40 28 24 68 39 80 35 81 48
split_gain=6.9419 9.54138 11.0346 8.98523 12.168 11.192 10.5998 17.03 11.8075 12.4017 14.3509 12.8054 10.367 9.33342
threshold=599.08346462249767 11.32855796813965 -0.11784480047220476 8.5000000000000018 -34.499999999999993 42.651475380322445 255.50000000000003 37.500000000000007 0.13451013757252409 2417.8878186046354 -5.5213953256607047 16.817407407407412 8384.7217878103274 -100.14668202400206
decision_type=8 2 10 2 2 10 2 2 10 10 8 8 10 8
left_child=1 -1 -3 4 5 -2 7 8 9 -5 -11 -12 -7 -6
right_child=3 2 -4 6 13 12 -8 -9 -10 10 11 -13 -14 -15
leaf_value=0.093781028543627382 0.0067722511468649316 0.053771409623518236 -0.4528317418663973 0.17771716292334264 0.58662968446704056 -0.12115463856839777 0.18433388468703324 -0.39112758907251416 0.55137445956714604 -0.58497346499241143 -0.33397580297358798 0.06053912191676275 -1.3617845697587998 -0.0025531429932043226
leaf_weight=613 107 75 50 227 44 208 196 134 81 40 44 91 100 1804
leaf_count=613 107 75 50 227 44 208 196 134 81 40 44 91 100 1804
internal_value=0.000393185 0.00300406 -0.00452381 -0.000233994 -0.00120583 -0.00584135 0.00246929 0.000533981 0.00316116 0.00104218 -0.00494318 -0.000220588 -0.00873786 -0.00016225
internal_weight=3814 738 125 3076 2263 415 813 617 483 402 175 135 308 1848
internal_count=3814 738 125 3076 2263 415 813 617 483 402 175 135 308 1848
is_linear=0
shrinkage=0.03


Tree=279
num_leaves=15
num_cat=0
split_feature=70 3 3 28 82 80 82 8 65 15 22 37 80 37
split_gain=7.55177 8.1756 7.32841 6.70397 7.02687 13.2897 9.7692 12.2685 18.4855 8.3419 12.1221 9.78151 13.2477 11.2875
threshold=1.0000000180025095e-35 15.375000000000002 9.7083333333430364 494.00000000000006 -158.83502344290414 -256.59016418457026 -67.741145372390733 1.9580045668188861 1.0604047753555781 26.500000000000004 15.606637239456179 2186.9330293892544 -28.928477406501766 2048.6873766933836
decision_type=8 2 2 2 8 10 8 10 8 2 2 10 8 8
left_child=1 2 -1 4 5 -2 7 -6 -9 10 -8 12 -11 -14
right_child=3 -3 -4 -5 6 -7 9 8 -10 11 -12 -13 13 -15
leaf_value=-0.016214308516174888 -0.092562965077774645 0.018102508105713681 -0.60008207649340539 -0.62191027435517177 -0.53979236493726002 0.32689817095197332 -0.00034725958491823667 -0.44314867389090395 0.12695643498245032 0.38501100044561581 0.23839184295937807 -0.15400524000686414 0.0119240421100464 0.62199419569560888
leaf_weight=92 40 75 46 42 48 75 2471 127 130 107 46 59 430 47
leaf_count=92 40 75 46 42 48 75 2471 127 130 107 46 59 430 47
internal_value=0.000289364 -0.00518692 -0.0094964 0.000612752 0.000753979 0.00801724 0.000510675 -0.00460784 -0.00197674 0.00100601 0.00022637 0.0040528 0.00523077 0.00307531
internal_weight=3835 213 138 3622 3580 115 3465 305 257 3160 2517 643 584 477
internal_count=3835 213 138 3622 3580 115 3465 305 257 3160 2517 643 584 477
is_linear=0
shrinkage=0.03


Tree=280
num_leaves=15
num_cat=0
split_feature=28 16 77 84 26 7 77 3 57 23 67 81 4 3
split_gain=7.44103 6.70601 7.9897 13.41 9.2627 19.8423 20.1827 21.534 12.6534 9.43239 8.56833 9.15874 8.35693 11.3694
threshold=485.00000000000006 1.0000000180025095e-35 107.6919767856598 150.56124365329745 134.50000000000003 3664.8240966206799 -1.5096672177314756 13.875000000000002 6.5000000000000009 2.1185901165008549 -34.219854347289534 4817.2466622591028 9.5000000000000018 8.1250000000000018
decision_type=2 2 10 8 2 10 10 2 10 10 8 10 2 2
left_child=1 -1 4 -4 12 6 7 -6 -7 -10 -9 -12 -3 -14
right_child=-2 2 3 -5 5 8 -8 10 9 -11 11 -13 13 -15
leaf_value=-0.24850419616074468 -0.46636112202251856 0.0026953590616000688 -0.87738082193976796 0.0037919423567884794 0.80839518548335654 0.69892506887909223 2.3001827174568095 0.24494921786763235 0.015245213323549152 -0.87373418571216444 0.040216272611752688 -0.31830088822054858 -0.033119287712572415 0.86513418413921905
leaf_weight=143 60 2768 57 120 123 42 79 47 58 88 57 75 64 81
leaf_count=143 60 2768 57 120 123 42 79 47 58 88 57 75 64 81
internal_value=0.000559151 0.000725743 0.00097541 -0.00522472 0.00129199 0.00478947 0.00871728 0.00514851 -0.0031746 -0.00734694 -0.0015 -0.00541353 0.000607412 0.00760274
internal_weight=3862 3802 3659 177 3482 569 381 302 188 146 179 132 2913 145
internal_count=3862 3802 3659 177 3482 569 381 302 188 146 179 132 2913 145
is_linear=0
shrinkage=0.03


Tree=281
num_leaves=15
num_cat=0
split_feature=4 69 14 1 16 0 41 28 28 48 27 74 38 38
split_gain=9.32395 13.1526 11.3191 11.393 12.3632 9.81876 8.64293 16.9045 17.558 9.4703 13.1585 8.66271 10.0833 10.4879
threshold=8.5000000000000018 -222.05656469284932 803.86820059012734 659.08346462249767 20.500000000000004 27.500000000000004 282.1090220212937 124.50000000000001 237.50000000000003 225.69090763727829 0.98373876255949244 35.978979740299785 3353.4609590957102 1826.4368761913927
decision_type=2 8 10 2 2 2 10 2 2 8 10 10 8 10
left_child=6 -2 3 -3 -5 -6 9 -8 -9 11 -11 12 13 -1
right_child=1 2 -4 4 5 -7 7 8 -10 10 -12 -13 -14 -15
leaf_value=-0.14451536596910619 0.46240231281621885 0.067270972790920119 0.42978994607846688 0.028379525776544554 -0.011191287771793764 -0.57315798132663531 0.13357114670972944 -0.78586012416790496 0.08631578007208647 0.19539830329592719 -0.36511018905918935 0.026947930994848664 -0.061072651976278751 0.01968686473967864
leaf_weight=367 95 328 61 259 111 68 50 136 54 136 57 762 505 861
leaf_count=367 95 328 61 259 111 68 50 136 54 136 57 762 505 861
internal_value=0.000296027 0.00292524 0.0017029 0.000704042 -0.00246014 -0.0085 -0.000532605 -0.0059751 -0.0100524 -4.46263e-05 0.00634021 -0.000540865 -0.0017128 -0.000244101
internal_weight=3850 922 827 766 438 179 2928 240 190 2688 193 2495 1733 1228
internal_count=3850 922 827 766 438 179 2928 240 190 2688 193 2495 1733 1228
is_linear=0
shrinkage=0.03


Tree=282
num_leaves=15
num_cat=0
split_feature=0 34 70 79 27 48 74 48 0 29 70 14 82 0
split_gain=7.30343 13.4386 9.93813 9.91042 12.0842 9.55503 13.7639 11.8779 13.3163 12.2253 11.7117 8.86391 10.9814 8.61874
threshold=77.500000000000014 0.18933143669985777 0.87083333333333346 23.106103159387118 0.92376916868442305 146.9130173126857 243.3351795038416 -21.1982227563858 -84.499999999999986 0.9278478740319025 0.87083333333333346 332.96059217307328 120.11749581495921 11.500000000000002
decision_type=2 10 8 8 10 10 8 10 2 10 10 10 8 2
left_child=5 -2 3 4 -3 6 7 8 -1 -9 -10 -7 -13 -8
right_child=1 2 -4 -5 -6 11 13 9 10 -11 -12 12 -14 -15
leaf_value=0.19257184771132529 0.16879823047640077 1.4469866935554296 -0.029930861861411698 -0.046295884396110716 0.019833163496165228 -0.35167747374261471 0.0012712981469854333 0.75645563749646416 0.043185067971413742 0.15042117992134535 -0.2921847355126746 0.23110415202659745 -0.068762236282079323 -0.12667337294025449
leaf_weight=79 357 41 815 46 49 75 1249 94 49 96 82 40 60 694
leaf_count=79 357 41 815 46 49 75 1249 94 49 96 82 40 60 694
internal_value=1.56781e-05 0.00183346 -3.15126e-05 0.00744526 0.0131868 -0.00092894 -0.000422355 0.0046384 -0.00028436 0.0100524 -0.00613636 -0.00767045 -0.00178218 -0.00146605
internal_weight=3826 1308 951 136 90 2518 2343 400 210 190 131 175 100 1943
internal_count=3826 1308 951 136 90 2518 2343 400 210 190 131 175 100 1943
is_linear=0
shrinkage=0.03


Tree=283
num_leaves=15
num_cat=0
split_feature=10 39 8 14 7 56 7 0 0 31 80 77 80 77
split_gain=7.32553 9.87535 12.455 14.3591 11.145 11.4669 10.5986 13.0672 9.9186 9.88671 9.31936 8.88499 13.229 9.34667
threshold=1.5000000000000002 2396.2808199483848 4.1116967280546719 428.43766498904694 3187.6306130818925 293.45490034421289 3382.3923279573196 325.50000000000006 47.500000000000007 19.310416666666669 -66.827454328536973 -43.542308747768395 72.573922872543349 -136.28166246414182
decision_type=2 8 8 8 10 8 10 2 2 8 10 10 8 8
left_child=1 2 4 9 5 11 7 -3 -5 -4 -2 13 -13 -1
right_child=10 6 3 8 -6 -7 -8 -9 -10 -11 -12 12 -14 -15
leaf_value=0.026652640963558172 0.00401405461650782 -0.12539417315757495 0.44849210448732252 -0.10967247427038376 -0.48031688641223291 -0.37234506789802502 0.0017068119322308014 0.27704794044326214 1.6334170970446547 -0.013650913326143469 -0.56280456082443975 -0.0081135618728048076 0.67914765718085046 -0.038365170287651837
leaf_weight=674 49 563 257 132 54 80 896 42 42 68 43 124 105 664
leaf_count=674 49 563 257 132 54 80 896 42 42 68 43 124 105 664
internal_value=-7.1165e-05 0.000137763 0.00141754 0.00558 0.00019389 0.000637136 -0.00173768 -0.00480198 -0.00137143 0.00929448 -0.0083871 0.00120536 0.00665217 0.000268857
internal_weight=3793 3701 2200 499 1701 1647 1501 605 174 325 92 1567 229 1338
internal_count=3793 3701 2200 499 1701 1647 1501 605 174 325 92 1567 229 1338
is_linear=0
shrinkage=0.03


Tree=284
num_leaves=15
num_cat=0
split_feature=76 28 11 81 84 84 83 11 11 84 3 28 70 34
split_gain=8.27475 11.1379 11.0628 9.21853 8.59127 8.13401 7.7658 6.73507 11.8933 11.5928 8.75787 14.0043 12.1687 19.8051
threshold=2410.3431358337407 131.50000000000003 1350.0000000000002 11326.027888894083 -356.57177019119257 -33.88470156987507 -326.85508012771601 870.00000000000011 630.00000000000011 -85.82039634386696 15.375000000000002 461.50000000000006 0.89181286549707617 0.13574938574938578
decision_type=10 2 2 8 8 8 8 2 2 10 2 2 8 10
left_child=2 5 4 -4 -1 -2 -6 8 10 -9 11 -8 13 -12
right_child=1 -3 3 -5 6 -7 7 9 -10 -11 12 -13 -14 -15
leaf_value=0.2825529704196309 -0.25879996466048699 0.55233941591424141 -0.030849012053792677 -1.1454863697963349 -0.41229128972703943 0.155808132586196 -0.011286353117494114 0.43802259122580622 -0.55077868295705712 -0.16937370323495987 -0.0022275228140353205 -0.90581213437010633 0.0025231577298323771 0.81286389928149483
leaf_weight=46 52 60 66 41 45 77 1950 58 64 44 140 42 976 154
leaf_count=46 52 60 66 41 45 77 1950 58 64 44 140 42 976 154
internal_value=5.50314e-05 0.00615789 -0.000264682 -0.00972222 2.55682e-05 0.00115385 -0.000146805 1.74978e-05 -0.000216411 0.00757282 3.6776e-05 -0.00120421 0.00198269 0.00732203
internal_weight=3815 189 3626 107 3519 129 3473 3428 3326 102 3262 1992 1270 294
internal_count=3815 189 3626 107 3519 129 3473 3428 3326 102 3262 1992 1270 294
is_linear=0
shrinkage=0.03


Tree=285
num_leaves=15
num_cat=0
split_feature=41 81 75 37 56 31 82 82 77 72 7 64 64 22
split_gain=8.7903 12.7549 11.1568 10.8567 9.47713 8.46301 8.13804 8.18926 14.559 8.15153 8.12695 14.6336 6.4264 5.6627
threshold=282.1090220212937 8354.7098348140735 1824.0000000000002 260.87387675962481 342.69113739331573 17.040833333333335 -164.44167923927304 -72.655928909778581 -90.032415628433213 69.615710735321059 2138.1417069847962 4.4558299431961101 3.6943862883203042 0.74539387226104747
decision_type=10 10 8 10 10 10 8 8 8 10 10 8 10 2
left_child=6 2 5 -4 -3 -2 -1 8 10 13 -8 -12 -5 -9
right_child=1 4 3 12 -6 -7 7 9 -10 -11 11 -13 -14 -15
leaf_value=0.36925572498884823 -0.39125059501598652 -1.3870575113728212 1.0471020627956873 -0.7339698385847746 -0.0253002524338946 0.0055525574339735017 -0.5253215700085716 -0.014308796822956679 0.10940946976722388 -0.4447064623516977 -0.64042946549012469 0.17097041007832089 0.22473544744902368 0.019207805801102467
leaf_weight=82 66 43 41 43 47 42 49 245 116 76 71 59 45 2767
leaf_count=82 66 43 41 43 47 42 49 245 116 76 71 59 45 2767
internal_value=0.000395465 -0.00429878 -0.000630252 0.00530769 -0.0138462 -0.00770642 0.000839585 0.000611702 -0.00415541 0.00106831 -0.0095 -0.00549618 -0.000674157 0.0013143
internal_weight=3792 327 237 129 90 108 3465 3383 295 3088 179 130 88 3012
internal_count=3792 327 237 129 90 108 3465 3383 295 3088 179 130 88 3012
is_linear=0
shrinkage=0.03


Tree=286
num_leaves=15
num_cat=0
split_feature=79 24 27 80 34 58 61 37 66 16 70 65 28 38
split_gain=7.80249 13.9265 11.2301 11.8104 10.5457 9.31027 9.09567 8.7778 7.06968 6.97491 10.4592 13.1896 11.0267 9.2801
threshold=7.8591503867123143 26.500000000000004 0.96680440771349874 71.004489660263076 0.16247642991829042 182.47222447395328 0.73776536967485062 2078.7084598589868 -63.108381152153008 12.500000000000002 0.39230769230769241 0.93114619063586301 131.50000000000003 2679.1771764750888
decision_type=8 2 10 10 10 10 10 10 8 2 10 8 2 10
left_child=1 2 3 -1 7 6 -6 8 -3 10 12 -12 -2 -11
right_child=9 4 -4 -5 5 -7 -8 -9 -10 13 11 -13 -14 -15
leaf_value=0.037196404716345992 0.017417722612991744 -0.005078680884802793 -0.22665338630270304 1.0324938372354171 -0.1563984086649669 0.21517107604143859 -0.68888793001433679 -0.23672147111826136 0.4603261001694906 -0.023665845870410696 0.23138999917660405 -0.0035463087414874649 0.86491013582751719 0.050371930319714049
leaf_weight=88 86 55 60 53 444 45 107 41 73 1096 264 744 58 608
leaf_count=88 86 55 60 53 444 45 107 41 73 1096 264 744 58 608
internal_value=0.000219723 -0.00210962 0.00490099 0.00950704 -0.00395561 -0.00582915 -0.00690217 0.00264706 0.00651163 0.00100805 0.00281006 0.00172448 0.0103448 -0.000211144
internal_weight=3822 966 201 141 765 596 551 169 128 2856 1152 1008 144 1704
internal_count=3822 966 201 141 765 596 551 169 128 2856 1152 1008 144 1704
is_linear=0
shrinkage=0.03


Tree=287
num_leaves=15
num_cat=0
split_feature=39 0 81 3 61 83 16 26 59 30 14 70 36 0
split_gain=10.1514 13.3472 15.1524 11.8861 10.6726 13.3862 12.4532 14.429 11.8553 9.92684 9.75162 9.34732 9.76363 11.1275
threshold=2396.2808199483848 -41.499999999999993 8027.6036782264719 0.62500000000000011 0.021590878864509302 78.644024014472976 12.500000000000002 123.50000000000001 111.46575736999513 34.750000000000007 183.90723823535441 0.91287878787878796 0.16936114732724905 82.500000000000014
decision_type=8 2 8 2 10 8 2 2 8 10 10 8 10 2
left_child=3 2 -2 -1 5 -3 7 -7 -8 10 -6 12 -12 -14
right_child=1 4 -4 -5 9 6 8 -9 -10 -11 11 -13 13 -15
leaf_value=-0.63747433002089005 0.024956693054075139 0.19555249502827093 -0.92595279230995853 0.020259326268202055 -0.36126200102239919 -0.00431642401061221 -0.24731236646299401 1.026005244806296 0.039929308122171513 0.082591813156896468 -0.03610833384016985 -0.2296198269847135 -0.0077480305856095907 0.49035609216462661
leaf_weight=40 64 210 88 2249 67 133 124 48 70 125 65 369 59 78
leaf_count=40 64 210 88 2249 67 133 124 48 70 125 65 369 59 78
internal_value=0.000118734 -0.0017988 -0.0101961 0.00137555 -0.00084507 0.00220137 -0.00119681 0.00445055 -0.00646154 -0.00318063 -0.00469484 -0.00340909 0.0017734 0.00630435
internal_weight=3789 1500 152 2289 1348 585 375 181 194 763 638 571 202 137
internal_count=3789 1500 152 2289 1348 585 375 181 194 763 638 571 202 137
is_linear=0
shrinkage=0.03


Tree=288
num_leaves=15
num_cat=0
split_feature=14 64 30 29 69 56 69 0 22 79 16 60 51 38
split_gain=6.56469 10.9334 15.2934 11.9882 14.0989 10.8954 9.46178 11.7719 11.4375 11.3669 9.27441 12.0453 8.60949 8.56669
threshold=263.07857856803508 3.7028228203814462 1.7500000000000002 0.9293142399502744 117.71777204912182 1.2331361770629885 80.946887865841305 2.5000000000000004 7.2602669000625619 2.7067791298784489 34.500000000000007 25.939095139503483 267.41329634189611 55.70399361343889
decision_type=8 8 10 8 10 10 8 2 2 10 2 8 10 8
left_child=5 2 -2 -4 -5 10 8 -8 -7 -9 -1 -12 13 -3
right_child=1 12 3 4 -6 6 7 9 -10 -11 11 -13 -14 -15
leaf_value=0.056239372810488249 -0.76067115300656651 0.47156682262282412 -0.50465951038479251 -0.27647747440463616 0.37236018344873006 -0.38368973010530383 -0.18950806194237757 -0.18402142239621586 0.16383502254805071 0.21918318819844437 0.025355682373953633 0.98101753938229896 -0.330554045534033 0.0027179118274127541
leaf_weight=349 56 44 130 56 70 132 81 66 56 321 49 40 94 2309
leaf_count=349 56 44 130 56 70 132 81 66 56 321 49 40 94 2309
internal_value=0.000116762 -0.000663043 -0.00594249 -0.00280156 0.00377953 0.00208219 -0.000365297 0.00191898 -0.00603175 0.00409794 0.00574032 0.0143333 1.22549e-05 0.000369584
internal_weight=3853 2759 312 256 126 1094 656 468 188 387 438 89 2447 2353
internal_count=3853 2759 312 256 126 1094 656 468 188 387 438 89 2447 2353
is_linear=0
shrinkage=0.03


Tree=289
num_leaves=15
num_cat=0
split_feature=4 64 28 7 16 26 60 52 67 0 56 60 66 69
split_gain=6.86871 13.968 13.4575 12.2752 12.451 11.7096 11.6229 11.2154 10.9082 10.2306 14.1324 17.4335 14.0377 12.1167
threshold=7.5000000000000009 5.4922653051896706 250.50000000000003 3695.1080210746372 12.500000000000002 230.50000000000003 45.979116678237922 52.098933339118965 69.753003928065297 129.50000000000003 -57.459388732910149 -109.87964403629302 -78.273900032043443 295.22637330112906
decision_type=2 10 2 10 2 2 8 10 10 2 8 10 8 8
left_child=1 5 9 4 7 -1 -3 -4 -5 10 11 12 -2 -11
right_child=2 6 3 8 -6 -7 -8 -9 -10 13 -12 -13 -14 -15
leaf_value=-0.0055107071476061175 0.24455091235791648 -2.0172932266115811 -0.13516298957003983 -0.15543674907167457 0.70397291325415956 -0.3022887725300627 -0.031045471734313421 0.35495158749065892 0.61450116327247184 -0.0094061809523020654 -0.057820205975714564 0.28441429164696208 -0.45347483490260165 0.78245474277844973
leaf_weight=1784 53 42 41 112 168 60 93 59 82 129 862 184 77 132
leaf_count=1784 53 42 41 112 168 60 93 59 82 129 862 184 77 132
internal_value=-0.00029389 -0.0015303 0.000994737 0.00544276 0.00959108 -0.000845528 -0.0108088 0.00118812 -0.000307692 -0.000438108 -0.00163127 0.00380952 -0.00458015 0.00492366
internal_weight=3878 1979 1899 462 268 1844 135 100 194 1437 1176 314 130 261
internal_count=3878 1979 1899 462 268 1844 135 100 194 1437 1176 314 130 261
is_linear=0
shrinkage=0.03


Tree=290
num_leaves=15
num_cat=0
split_feature=4 74 29 7 64 60 83 26 80 26 26 68 23 23
split_gain=8.00658 14.9881 12.8811 11.8894 10.6535 15.4863 14.4583 10.6494 11.3782 9.89484 13.689 10.7377 9.06604 9.04948
threshold=7.5000000000000009 2035.0229295796833 0.94917520166772429 2110.1700640061431 5.4641360568733051 45.979116678237922 114.32852864265443 71.500000000000014 92.32829320430757 226.50000000000003 143.50000000000003 -0.06287171498902018 7.4260786771774301 4.7267011404037484
decision_type=2 10 10 10 10 8 10 2 8 2 2 8 10 10
left_child=4 2 3 -2 6 -6 9 8 -4 10 -1 -12 -8 -5
right_child=1 -3 7 13 5 -7 12 -9 -10 -11 11 -13 -14 -15
leaf_value=-0.0014417813128606838 0.80857287195779159 -0.55957619560278438 0.58753877533292531 0.11920619236596286 -1.9324394305151489 -0.0066657628708343348 -0.83408869860283175 -0.38190573907374753 -0.36831518056502571 -0.29000898937333713 1.5223730712591974 0.037811088398935988 -0.10184623921735023 0.00077154342959935215
leaf_weight=1436 61 43 55 684 43 93 71 135 76 81 41 120 83 796
leaf_count=1436 61 43 55 684 43 93 71 135 76 81 41 120 83 796
internal_value=0.000204242 0.00162075 0.00204093 0.00309339 -0.00112748 -0.00919708 -0.000523732 -0.00404494 0.00204545 0.000285884 0.000807259 0.00907407 -0.00929032 0.00255233
internal_weight=3818 1850 1807 1541 1968 136 1832 266 131 1678 1597 161 154 1480
internal_count=3818 1850 1807 1541 1968 136 1832 266 131 1678 1597 161 154 1480
is_linear=0
shrinkage=0.03


Tree=291
num_leaves=15
num_cat=0
split_feature=64 68 1 28 82 68 16 30 67 60 16 84 16 31
split_gain=6.52483 12.3678 12.8549 10.3674 17.9588 14.1238 15.724 9.85634 9.46374 15.936 10.134 9.02026 10.3618 8.95121
threshold=4.1000044615541471 0.18592628841098088 667.54545378685009 203.50000000000003 19.397353808085125 -0.092170302787918559 4.5000000000000009 9.0500000000000025 202.58982433776072 125.89474606513978 1.0000000180025095e-35 -51.419201135635369 4.5000000000000009 20.415476190476195
decision_type=8 10 2 2 8 8 2 10 10 10 2 8 2 8
left_child=1 3 7 11 -5 -6 -7 -3 10 -10 -2 -1 -13 -12
right_child=8 2 -4 4 5 6 -8 -9 9 -11 13 12 -14 -15
leaf_value=-0.7138394336717705 -0.47248472601012315 -0.015803114665397189 -0.13425162289587991 0.24753119918406696 -0.62174648968389223 0.70886697463792558 -0.533637162301285 0.30204682899540469 1.2761900289227426 0.053854706741000784 0.025830715853110354 -0.66532095480753339 -0.0070947724740481983 -0.013221149977363277
leaf_weight=80 101 46 54 118 70 52 86 79 57 141 1909 60 156 844
leaf_count=80 101 46 54 118 70 52 86 79 57 141 1909 60 156 844
internal_value=-2.33524e-05 -0.00243142 0.0045 -0.00443018 -0.000733945 -0.00602871 -0.000431655 0.0097619 0.000609237 0.00693467 0.000168126 -0.00848485 -0.00525346 0.000511983
internal_weight=3853 801 179 622 326 208 138 125 3052 198 2854 296 216 2753
internal_count=3853 801 179 622 326 208 138 125 3052 198 2854 296 216 2753
is_linear=0
shrinkage=0.03


Tree=292
num_leaves=15
num_cat=0
split_feature=31 0 61 56 8 84 1 30 42 58 22 73 42 36
split_gain=6.17158 11.3586 12.7006 9.90787 9.89506 9.32738 8.99563 12.1107 10.3467 13.1458 12.3083 9.26752 8.19376 7.13473
threshold=20.415476190476195 84.500000000000014 0.53636695156072212 5.2539614041646336 7.0739052585496891 51.396282434463508 679.7200324535371 30.450000000000003 117.39192199707033 113.47129118442537 6.8961799144744882 -16.994790792465206 171.11799204349521 0.2251760563380282
decision_type=8 2 10 10 10 10 2 10 8 10 2 8 10 10
left_child=6 2 4 -4 -2 -3 -1 8 9 11 12 -8 -10 -13
right_child=1 5 3 -5 -6 -7 7 -9 10 -11 -12 13 -14 -15
leaf_value=0.035891316998704924 -0.0034692664751281494 0.17509893074206614 -0.86781473974631351 -0.038571804891659407 -0.11410794541406659 -0.85999883618204842 0.36882384023448328 -0.63865179721006871 -0.35186483007629243 0.43712881600013304 -0.37303831742117238 0.095436712845620109 0.225227356588273 -0.11601914666489932
leaf_weight=1860 550 261 84 69 64 40 60 62 59 67 83 178 65 351
leaf_count=1860 550 261 84 69 64 40 60 62 59 67 83 178 65 351
internal_value=8.56253e-05 -0.0018522 -0.00378906 -0.0114935 -0.00185366 0.00307947 0.000829146 -0.00158747 -0.000659722 0.00118721 -0.00649038 -0.000254237 -0.00048 -0.0015283
internal_weight=3853 1068 767 153 614 301 2785 925 863 656 207 589 124 529
internal_count=3853 1068 767 153 614 301 2785 925 863 656 207 589 124 529
is_linear=0
shrinkage=0.03


Tree=293
num_leaves=15
num_cat=0
split_feature=71 64 3 40 38 30 82 60 33 83 29 42 74 83
split_gain=7.1274 12.5961 9.98627 20.2723 9.43034 11.7468 11.0285 13.0791 10.2741 10.7633 9.25929 9.15303 8.77075 8.40807
threshold=13.500000000000002 3.6835287751673564 2.2083333333430351 2062.8966780803175 3048.1654453622423 10.450000000000001 63.440370798110969 10.313685178756716 13.492027243589746 -53.365219950675957 0.8649477698557454 349.24989867210394 280.63688410749893 50.283302903175361
decision_type=8 8 2 10 8 10 10 8 10 10 10 10 10 10
left_child=2 -2 3 -1 5 10 13 -8 9 -7 -3 -4 -12 -6
right_child=1 4 11 -5 6 8 7 -9 -10 -11 12 -13 -14 -15
leaf_value=-0.74169712382801778 -0.59563929102987934 0.30303921584502841 -0.0031136018000639254 0.037871701074670423 0.074516493928797403 -0.24940573763088403 -0.047445209487640173 0.65099191354997488 -0.47628747277523331 0.2900728089238902 0.046690900404484238 -0.23883139303869533 -0.37799684061391209 -0.096517183236604326
leaf_weight=60 82 74 1869 49 543 70 40 108 161 59 541 81 51 56
leaf_count=60 82 74 1869 49 543 70 40 108 161 59 541 81 51 56
internal_value=-9.36281e-05 0.00129339 -0.00129612 -0.0100909 0.00184859 -0.000125392 0.00437166 0.0116779 -0.00515464 0.00115385 0.00206897 -0.00079959 0.000809444 0.00255
internal_weight=3844 1785 2059 109 1703 956 747 148 290 129 666 1950 592 599
internal_count=3844 1785 2059 109 1703 956 747 148 290 129 666 1950 592 599
is_linear=0
shrinkage=0.03


Tree=294
num_leaves=15
num_cat=0
split_feature=79 79 82 85 79 36 38 45 41 42 52 42 38 33
split_gain=8.94135 12.3318 7.56869 9.29253 6.83651 14.929 11.0943 8.35144 9.61529 12.8989 14.3601 14.4513 12.7745 18.6353
threshold=396.46469057803557 1658.6077516905386 -164.44167923927304 -267.28062816460925 37.254137026532604 0.39734808570425012 3493.2109600197323 5.5000000000000009 -75.437159538269029 37.93373095989228 1440.3630436658862 23.187256574630741 3798.4843307200149 14.256776556776559
decision_type=10 10 8 10 10 10 8 8 10 10 10 10 8 10
left_child=2 -2 3 -1 7 6 -6 -4 -9 10 11 12 13 -10
right_child=1 -3 4 -5 5 -7 -8 8 9 -11 -12 -13 -14 -15
leaf_value=-0.019459997405758579 -0.20081490690366199 0.036840002641676896 -0.067014978527531757 0.63677133355459803 -0.20553050489559485 0.7656906523418483 0.17255215542007049 0.070517204082012272 0.057546604309338799 0.017544375905727917 -0.30971783325792301 -0.33515097390849535 0.19616548906406589 -0.23857053726796468
leaf_weight=41 96 67 398 55 58 49 70 579 392 1361 78 158 103 342
leaf_count=41 96 67 398 55 58 49 70 579 392 1361 78 158 103 342
internal_value=8.57588e-05 -0.00676829 0.000390773 0.00865979 0.000167177 0.00589888 0.000465116 -0.000131887 0.000408096 -0.000418891 -0.00287709 -0.00189759 -0.000322196 -0.00171429
internal_weight=3847 163 3684 96 3588 177 128 3411 3013 2434 1073 995 837 734
internal_count=3847 163 3684 96 3588 177 128 3411 3013 2434 1073 995 837 734
is_linear=0
shrinkage=0.03


Tree=295
num_leaves=15
num_cat=0
split_feature=34 64 60 37 23 0 68 79 34 4 79 57 85 30
split_gain=9.54951 10.6326 11.0884 10.3071 15.7779 14.5284 9.98378 8.8636 11.4826 14.1086 11.4103 8.17742 10.287 14.572
threshold=0.2228132387706856 3.744143861024519 138.94678008556369 1838.7636495103168 14.726701140403749 -65.499999999999986 0.13920371705791459 396.46469057803557 0.24037037037037037 6.5000000000000009 33.487318697916308 7.5000000000000009 -140.81449550390241 21.450000000000003
decision_type=8 8 8 8 10 2 10 10 8 2 10 8 10 10
left_child=1 2 -1 4 6 -5 11 8 9 -2 -10 -3 13 -13
right_child=7 3 -4 5 -6 -7 -8 -9 10 -11 -12 12 -14 -15
leaf_value=0.041396539196457985 -0.75380520553242913 -0.03787852708653338 -0.73676133291066936 -0.39395766287908113 -0.42769896829785825 0.009947928100214937 0.57086155772783009 -0.20200007958582317 -0.0096912089750019869 -0.056581031664004175 0.24614911409988213 0.1183364585769479 0.24591346679306625 -0.47519187783325972
leaf_weight=69 51 122 62 45 44 557 86 89 2022 106 140 137 279 49
leaf_count=69 51 122 62 45 44 557 86 89 2022 106 140 137 279 49
internal_value=6.21923e-05 0.00198484 -0.00613636 0.00279545 0.00522284 -9.95025e-05 0.00636499 -0.00109589 -0.000737069 -0.0085443 -0.000166436 0.00494898 0.00675966 0.00128342
internal_weight=3858 1450 131 1319 717 602 673 2408 2319 157 2162 587 465 186
internal_count=3858 1450 131 1319 717 602 673 2408 2319 157 2162 587 465 186
is_linear=0
shrinkage=0.03


Tree=296
num_leaves=15
num_cat=0
split_feature=78 84 7 4 80 56 34 77 64 1 71 77 43 3
split_gain=7.94373 10.4148 10.1179 9.82359 14.3393 12.6342 23.0135 12.0429 10.9185 10.8337 11.9058 18.465 16.8429 15.1684
threshold=0.70833333333333337 -2.0195941726366677 3111.8267190061965 6.5000000000000009 13.331244111061098 13.203234155972799 0.18933143669985777 -194.7063606381416 6.0877771586286817 614.27329885959637 13.500000000000002 -251.29376238584516 359.24693017875643 1.7083333333430348
decision_type=8 10 10 2 10 8 8 8 8 2 10 10 10 2
left_child=1 2 -1 4 5 -2 -7 -8 -9 -5 13 -12 -13 -11
right_child=3 -3 -4 9 -6 6 7 8 -10 10 11 12 -14 -15
leaf_value=0.013481383906212747 -0.48634831679467361 -0.22727184127551892 -0.17495074028913121 0.39207384601826534 0.061289532516046255 0.1612201864271576 0.19434752405459893 -0.92741752519839327 -0.14647769991628298 -0.46637926217733683 -0.015411581319695528 0.75185075564454273 0.047882310539334796 0.0057891592823318657
leaf_weight=418 144 157 164 212 322 92 40 50 186 58 293 174 284 1247
leaf_count=418 144 157 164 212 322 92 40 50 186 58 293 174 284 1247
internal_value=0.000320146 -0.00247297 -0.000617496 0.000986142 -0.00179641 -0.00491228 -0.00195122 -0.00628159 -0.00886076 0.0020097 0.00134176 0.0043484 0.00810458 -0.000390505
internal_weight=3841 739 582 3102 834 512 368 276 236 2268 2056 751 458 1305
internal_count=3841 739 582 3102 834 512 368 276 236 2268 2056 751 458 1305
is_linear=0
shrinkage=0.03


Tree=297
num_leaves=15
num_cat=0
split_feature=39 3 3 28 28 45 42 3 42 35 0 68 48 82
split_gain=5.94476 12.7331 11.8786 13.6686 13.1277 13.035 11.6736 11.556 15.6139 11.1355 14.9984 12.8415 10.5829 10.9412
threshold=2396.2808199483848 15.625000000000002 10.541666666656967 278.50000000000006 383.50000000000006 10.500000000000002 -39.177131533622735 18.291666666656969 262.22274780273443 17.533241758241761 124.50000000000001 -0.047572584982071946 48.442730784416206 7.3096038103103647
decision_type=10 2 2 2 2 10 10 2 10 8 2 8 10 10
left_child=-1 2 9 5 -5 6 -4 12 -9 10 -2 -11 -3 -14
right_child=1 7 3 4 -6 -7 -8 8 -10 11 -12 -13 13 -15
leaf_value=0.0126272557394687 -0.53281840171734107 0.9956045819994318 -0.69728708101231662 -2.5980215207629302 -0.31934333678075044 -0.35681472153322769 0.085181354866374903 -0.082804163093055397 0.73759988964850609 0.34313427081554165 0.13068031810538763 -0.0019075197643960528 0.18208041803638955 -0.040316082482715974
leaf_weight=2286 158 47 53 56 48 88 149 309 73 83 99 247 72 68
leaf_count=2286 158 47 53 56 48 88 149 309 73 83 99 247 72 68
internal_value=0.000234558 -0.00119923 -0.00326884 -0.00729114 -0.0165714 -0.00391753 0.000295567 0.00236842 -0.000626632 -0.000561224 -0.00523256 0.00308157 0.00845745 0.00425532
internal_weight=3836 1550 981 394 104 290 202 569 382 587 257 330 187 140
internal_count=3836 1550 981 394 104 290 202 569 382 587 257 330 187 140
is_linear=0
shrinkage=0.03


Tree=298
num_leaves=15
num_cat=0
split_feature=71 77 64 28 64 8 67 3 3 33 3 3 23 4
split_gain=9.13322 17.0012 17.6856 13.6604 12.6748 13.3391 14.0803 12.5729 18.3257 11.7262 11.6821 11.577 11.3275 11.312
threshold=13.500000000000002 -244.4408195018768 3.6835287751673564 130.50000000000003 5.679453871472357 6.4334458331929634 -121.15127940205799 2.2083333333430351 7.8750000000000009 23.802083333333336 20.875000000000004 16.708333333343038 5.9433181285858163 7.5000000000000009
decision_type=8 8 8 2 10 10 8 2 2 10 2 2 10 2
left_child=4 12 -3 10 5 6 -1 -8 -9 -7 -4 -6 -2 -5
right_child=1 2 3 13 11 9 7 8 -10 -11 -12 -13 -14 -15
leaf_value=0.18494191418577519 0.004229748431210041 -0.76664036924144241 -0.17336945073056212 0.025389961457394535 -0.82308344639322817 0.92693144225528501 -0.64627202037733567 0.33250484442153894 -0.024294498078537216 -0.038800403171170929 0.97216146782781887 0.022398412888591963 -0.42450103939502781 0.25914857538948932
leaf_weight=138 114 74 207 661 138 79 47 136 1427 50 45 56 101 554
leaf_count=138 114 74 207 661 138 79 47 136 1427 50 45 56 101 554
internal_value=0.000321317 0.00191235 0.00301556 0.00373978 -0.00102799 -0.000271565 -0.000960549 -0.00175047 -0.00128517 0.009 -0.0026087 -0.00830769 -0.00597222 0.00505757
internal_weight=3827 1756 1541 1467 2071 1877 1748 1610 1563 129 252 194 215 1215
internal_count=3827 1756 1541 1467 2071 1877 1748 1610 1563 129 252 194 215 1215
is_linear=0
shrinkage=0.03


Tree=299
num_leaves=15
num_cat=0
split_feature=80 74 17 77 17 57 8 27 62 82 22 44 81 64
split_gain=6.33337 7.12434 6.46999 17.0534 8.09047 18.6142 15.4411 17.6107 15.0066 12.564 13.3551 13.9003 11.8937 11.3513
threshold=-226.06687355041501 92.934664194642792 5.0000000000000009 -60.861146926879876 35.000000000000007 7.5000000000000009 5.481355959220874 0.94134846921224635 -0.21841738588089057 -2.6643025080362954 5.4861348867416391 20.270372867584232 7551.3875182867059 4.5847448583859167
decision_type=8 10 2 8 2 8 8 8 10 8 2 10 10 10
left_child=1 -1 3 -2 5 6 9 8 -8 -4 11 -11 -12 -7
right_child=2 -3 4 -5 -6 13 7 -9 -10 10 12 -13 -14 -15
leaf_value=0.39478860281906442 -1.6776066440069552 0.0055756334816852871 0.055137931267019671 0.084668827367004693 -0.007089116376429558 0.25388570693987417 -0.15783048817777093 1.7928432538776657 0.390147859857783 0.10603763847887147 -0.034969241144856743 -0.4078445278423134 0.40057801011044941 -0.014606664741260147
leaf_weight=40 40 49 158 49 2000 557 52 43 57 42 234 266 60 191
leaf_count=40 40 49 158 49 2000 557 52 43 57 42 234 266 60 191
internal_value=0.000468872 0.00833333 0.00028 -0.00766667 0.00047528 0.00202288 -0.000854326 0.00784314 0.00136364 -0.00260184 -0.00457711 -0.00893204 0 0.00552737
internal_weight=3838 89 3749 89 3660 1660 912 152 109 760 602 308 294 748
internal_count=3838 89 3749 89 3660 1660 912 152 109 760 602 308 294 748
is_linear=0
shrinkage=0.03


Tree=300
num_leaves=15
num_cat=0
split_feature=3 6 31 81 72 32 38 16 16 0 49 66 43 82
split_gain=8.42745 9.0178 9.91604 14.2168 12.7133 11.1429 11.0996 10.5741 10.0503 8.41982 9.88047 12.0927 9.69383 12.3244
threshold=23.708333333343038 690.00000000000011 7.5548951048951061 7363.0273438692102 -18.350808382034298 0.39208074534161497 2426.9129361697273 27.500000000000004 12.500000000000002 136.50000000000003 8.5000000000000018 202.75392520427707 569.51409323227188 -36.262559056282036
decision_type=2 10 8 8 8 10 10 2 2 2 10 8 10 10
left_child=1 9 3 4 -3 -4 7 8 -5 12 -11 -12 -1 -14
right_child=-2 2 5 6 -6 -7 -8 -9 -10 10 11 -13 13 -15
leaf_value=0.037792456021184646 -0.49949994946553672 -0.28623305344360817 -0.010677224935756157 0.21493452571861496 0.0095179702369634356 -0.27365350647619729 0.72562120315586154 0.58844134101938639 -0.11620107838845477 0.42854077223662002 0.54698305256706314 -0.21809606115149363 0.010819371747996815 -0.18206076403501867
leaf_weight=951 45 61 1545 43 293 131 53 111 112 172 40 54 134 115
leaf_count=951 45 61 1545 43 293 131 53 111 112 172 40 54 134 115
internal_value=0.00037296 0.00052673 -0.000625532 0.00244807 -0.00169014 -0.00186047 0.00703125 0.00449438 -0.000576923 0.00237219 0.00719101 -0.000631579 0.00129892 -0.00396
internal_weight=3860 3815 2349 673 354 1676 319 266 155 1466 266 94 1200 249
internal_count=3860 3815 2349 673 354 1676 319 266 155 1466 266 94 1200 249
is_linear=0
shrinkage=0.03


Tree=301
num_leaves=15
num_cat=0
split_feature=61 3 16 31 5 48 32 60 35 15 35 24 65 23
split_gain=8.82779 12.4401 9.48194 8.27426 13.0293 11.3026 10.5128 9.30484 10.1609 9.62932 8.82321 19.4061 10.3731 10.0182
threshold=0.0065828563247955635 15.375000000000002 10.500000000000002 17.101785714285722 148.62831258773807 105.59199285507204 0.09232954545454547 159.82332873344424 22.865336879432625 16.500000000000004 16.428207547169816 69.500000000000014 0.96953413898266549 3.1303247213363652
decision_type=8 2 2 8 10 10 10 10 10 2 10 2 8 10
left_child=1 -1 -3 6 5 -5 -2 9 -9 -7 11 -8 -12 -14
right_child=3 2 -4 4 -6 7 10 8 -10 -11 12 -13 13 -15
leaf_value=-0.0051758963426075865 0.23358722184324787 0.76687099667589831 0.10506199539945547 -0.04211731367003043 -0.16526607277509456 0.0040951923707928375 0.0036129744124509954 0.04555385543475006 -0.46138672617447096 1.2964147454625901 -0.084078351420743117 -0.74690227273858867 0.55026257974526083 0.078151001688575139
leaf_weight=172 101 62 96 789 118 141 1732 100 63 79 60 58 90 150
leaf_count=172 101 62 96 789 118 141 1732 100 63 79 60 58 90 150
internal_value=0.000212487 0.00489426 0.0109434 -0.000232625 -0.00213788 -0.00117647 0.000889599 0.00304688 -0.00237805 0.00705882 0.000430416 -0.000368509 0.00518272 0.0079668
internal_weight=3811 330 158 3481 1290 1172 2191 383 163 220 2090 1790 300 240
internal_count=3811 330 158 3481 1290 1172 2191 383 163 220 2090 1790 300 240
is_linear=0
shrinkage=0.03


Tree=302
num_leaves=15
num_cat=0
split_feature=35 16 58 57 5 3 26 22 7 45 40 3 77 56
split_gain=5.68933 8.20858 8.13501 12.0119 13.9 12.0936 10.7944 9.61642 9.01269 8.97624 8.25075 14.9904 11.1474 10.4069
threshold=0.161830131445905 39.500000000000007 242.97837388515475 8.5000000000000018 122.97837388515474 20.541666666656969 99.500000000000014 4.0054835081100473 53.241102659805627 2.5000000000000004 1207.9853058364151 11.625000000000002 -137.25192815065381 141.22502247492477
decision_type=8 2 8 10 8 2 2 2 10 10 10 2 10 10
left_child=1 -1 8 4 5 7 9 -4 -2 -6 -10 12 -12 -13
right_child=2 -3 3 -5 6 -7 -8 -9 10 -11 11 13 -14 -15
leaf_value=0.16492619615638104 0.57723432298675514 -0.13569891712079907 -0.043981596406269738 -0.42162643579085485 -0.020094092460020876 1.2661167152369568 0.033858859648475008 0.017374102388781357 -0.0057761649257144073 -0.4469085739489545 0.28886703045428019 1.0937568605627592 -0.23630141109354616 0.10466778995005398
leaf_weight=199 42 51 123 58 57 49 54 230 2555 102 51 73 72 100
leaf_count=199 42 51 123 58 57 49 54 230 2555 102 51 73 72 100
internal_value=-6.28766e-05 0.00430279 -0.000370059 -0.00333828 -0.00209416 0.00119107 -0.00827103 -0.000762712 0.000321355 -0.0121875 0.000115708 0.00484848 -0.00314516 0.0105172
internal_weight=3816 250 3566 673 615 402 213 353 2893 159 2851 296 123 173
internal_count=3816 250 3566 673 615 402 213 353 2893 159 2851 296 123 173
is_linear=0
shrinkage=0.03


Tree=303
num_leaves=15
num_cat=0
split_feature=31 5 67 32 53 31 1 42 17 27 34 31 7 28
split_gain=6.55061 10.1784 7.80023 9.67105 8.12711 7.52639 7.26616 10.2162 7.32826 13.3557 11.463 7.10901 7.8015 10.2843
threshold=10.824264705882355 121.97209239006044 56.777191337786313 0.39208074534161497 5.5000000000000009 26.165000000000003 837.52777552604687 -208.83164739608762 21.500000000000004 0.95729101521784454 0.38935969868173265 10.304761904761905 1174.018456582515 123.50000000000001
decision_type=8 10 8 10 10 10 2 8 2 10 10 10 8 2
left_child=6 2 4 -4 -2 -3 7 -1 9 10 -9 12 -10 -14
right_child=1 5 3 -5 -6 -7 -8 8 11 -11 -12 -13 13 -15
leaf_value=1.3882119484367397 -0.68742446797059686 -0.33753186372694077 0.0091494007396098719 -0.44418647213650764 -0.020791831940033225 0.00670629329610561 -0.33633239122568354 -0.0009188533315625235 0.14543499175770899 -0.10033128513069918 0.63108362723368272 0.35254896068749741 0.6530054943831427 -0.072384793655735288
leaf_weight=55 70 147 1450 70 734 59 55 49 175 61 99 56 49 690
leaf_count=55 70 147 1450 70 734 59 55 49 175 61 99 56 49 690
internal_value=-0.000274869 -0.0011616 -0.000593548 0.000670611 -0.00298137 -0.00753623 0.00146512 0.00194332 0.00134746 0.00642857 0.0112752 0.000247168 -0.000393443 -0.00174324
internal_weight=3819 2530 2324 1520 804 206 1289 1234 1179 209 148 970 914 739
internal_count=3819 2530 2324 1520 804 206 1289 1234 1179 209 148 970 914 739
is_linear=0
shrinkage=0.03


Tree=304
num_leaves=15
num_cat=0
split_feature=32 31 68 8 56 57 1 83 33 16 3 63 68 28
split_gain=7.75728 9.45072 9.82558 8.35422 8.29189 10.0765 7.56669 11.5162 10.135 9.2959 9.3451 13.0678 26.9793 10.6912
threshold=0.065591397849462371 16.414215686274513 0.017730029753358481 3.9910513001799739 112.24723037083946 8.5000000000000018 665.53867006301891 157.54430651664737 25.777551020408165 1.0000000180025095e-35 16.208333333343038 123.23331207584694 0.19206988528288524 246.50000000000003
decision_type=8 10 10 10 10 10 2 8 10 2 2 10 10 2
left_child=1 -1 3 -3 5 -5 7 8 -2 -8 11 -11 -13 -12
right_child=6 2 -4 4 -6 -7 9 -9 -10 10 13 12 -14 -15
leaf_value=0.3691435177588282 -0.0065387816933462515 0.10022866578073589 -0.045372432189418985 -0.34895726937482491 0.083271265581353185 0.11533295261483259 -0.76321762421778871 0.049944955690179781 -0.78959303802132874 -0.17180169505235093 -0.018190551153075774 0.26882531892914441 -0.412669877093088 0.28600175027405544
leaf_weight=52 1301 81 119 50 59 48 46 835 50 569 301 118 58 129
leaf_count=52 1301 81 119 50 59 48 46 835 50 569 301 118 58 129
internal_value=0.000125753 0.00402439 0.00226257 0.00577406 0.00170886 -0.00363636 -0.00034331 0.000713306 -0.000998521 -0.00223404 -0.00170918 -0.00373995 0.00338983 0.00180974
internal_weight=3816 409 357 238 157 98 3407 2186 1351 1221 1175 745 176 430
internal_count=3816 409 357 238 157 98 3407 2186 1351 1221 1175 745 176 430
is_linear=0
shrinkage=0.03


Tree=305
num_leaves=15
num_cat=0
split_feature=79 40 42 30 40 57 29 35 38 14 23 32 81 70
split_gain=7.71844 17.7721 10.3245 6.68731 7.42042 7.63945 8.58113 6.75716 6.64773 9.77538 7.40811 6.16 8.28491 11.6189
threshold=275.37175887992549 470.23264088996586 145.22576665878299 22.450000000000003 223.47519502210992 6.5000000000000009 0.91541209354528885 16.195804647160074 55.70399361343889 218.33806547210594 1326.0054835081103 0.098387096774193564 7381.426011443139 0.67708333333333337
decision_type=10 10 10 8 10 10 10 10 10 10 10 8 8 8
left_child=3 -2 -3 8 5 -5 7 -7 9 -1 -11 -10 13 -13
right_child=1 2 -4 4 -6 6 -8 -9 11 10 -12 12 -14 -15
leaf_value=-0.042740467085469552 -0.77816574594932664 0.025645039735995981 -0.25233631790227384 -0.92432275118214036 -0.0071749784987896704 -0.0062001183309291184 0.19236630430541826 -0.52602734480157021 0.058366791166576948 0.25797869533974394 0.00017346502095114491 0.71486649217648246 0.038344422431850766 -0.051005030468301092
leaf_weight=43 44 102 41 40 899 40 40 50 242 93 49 53 1082 1060
leaf_count=43 44 102 41 40 899 40 40 50 242 93 49 53 1082 1060
internal_value=-0.00029389 -0.0062234 -0.00104167 8.12568e-06 -0.00199065 -0.0077193 -0.00412214 -0.00923077 0.000823485 0.00629032 0.0100699 0.000406071 -9.56284e-05 -0.00191203
internal_weight=3878 187 143 3691 1069 170 130 90 2622 185 142 2437 2195 1113
internal_count=3878 187 143 3691 1069 170 130 90 2622 185 142 2437 2195 1113
is_linear=0
shrinkage=0.03


Tree=306
num_leaves=15
num_cat=0
split_feature=32 14 16 24 16 5 43 26 17 1 19 43 15 76
split_gain=8.32636 12.0613 8.47986 12.4626 8.04775 9.20138 14.6951 10.3272 9.59138 9.52939 9.44568 9.51727 12.2825 9.24633
threshold=0.065591397849462371 414.3336361052871 10.500000000000002 29.500000000000004 47.500000000000007 76.801017284393325 135.49363154045375 61.500000000000007 44.000000000000007 659.08346462249767 270.00000000000006 145.09705886946151 29.500000000000004 235.03730869293216
decision_type=8 10 2 2 2 8 8 2 2 2 10 10 2 8
left_child=1 2 -1 -4 5 9 7 -7 13 -2 11 12 -11 -9
right_child=4 -3 3 -5 -6 6 -8 8 -10 10 -12 -13 -14 -15
leaf_value=0.43546745684988869 0.059626438734124813 -0.0026919407199040178 -0.15906293495690302 0.41065109437696662 0.05670306034653258 -0.35160052411671094 -0.22499171093964243 -0.52886538840828834 -0.39772922855017195 -0.37811024455554643 0.58185313835123664 -0.0040334732077088728 0.15370523984528023 0.12027048267113613
leaf_weight=100 909 207 47 56 121 109 494 45 64 256 54 941 56 336
leaf_count=100 909 207 47 56 121 109 494 45 64 256 54 941 56 336
internal_value=5.53214e-05 0.00408759 0.00926471 0.00317308 -0.000434141 -0.000716692 -0.00303146 0.000324324 0.00235426 0.00037889 -0.00126147 -0.00179426 -0.00632588 0.0041623
internal_weight=3795 410 203 103 3385 3264 1048 554 445 2216 1307 1253 312 381
internal_count=3795 410 203 103 3385 3264 1048 554 445 2216 1307 1253 312 381
is_linear=0
shrinkage=0.03


Tree=307
num_leaves=15
num_cat=0
split_feature=41 0 40 85 36 29 65 63 14 71 31 40 43 83
split_gain=6.56432 11.6941 15.5983 15.4227 8.27514 12.8534 12.2822 11.73 6.19195 5.46592 5.40219 12.2628 9.62326 9.48876
threshold=314.47353982925421 -18.499999999999996 2129.9205951004419 524.17792427539837 0.10946593632317701 0.90071280521712771 1.0120229645626477 -174.76808078364834 630.42706288971829 13.500000000000002 20.415476190476195 960.03231026876949 745.16827859972238 -290.90358495712275
decision_type=10 2 10 8 8 10 8 10 10 10 8 10 10 8
left_child=4 -2 3 -3 5 6 -1 8 -8 -4 13 12 -12 -6
right_child=1 2 9 -5 10 -7 7 -9 -10 -11 11 -13 -14 -15
leaf_value=-0.2666602468674375 -0.29624346180046529 0.73429582863382159 -0.18205307019940334 -0.14085627337720671 -0.40614494368859777 0.96089887841597033 0.012159091624353007 0.17198022864956711 -0.075418014898597605 -0.034868074887754633 -0.056202192150603167 0.0073532678660581221 -0.71313775393315715 0.0075543600748716596
leaf_weight=55 47 56 43 54 61 53 60 65 43 48 315 357 79 2466
leaf_count=55 47 56 43 54 61 53 60 65 43 48 315 357 79 2466
internal_value=-0.000110439 -0.00481928 -0.00163366 0.00594595 0.000219409 0.00519856 0.00200893 0.0060355 -0.000288462 -0.0107609 -0.000201281 -0.00243351 -0.00607595 0.000462816
internal_weight=3802 248 201 110 3554 276 223 168 103 91 3278 751 394 2527
internal_count=3802 248 201 110 3554 276 223 168 103 91 3278 751 394 2527
is_linear=0
shrinkage=0.03


Tree=308
num_leaves=15
num_cat=0
split_feature=60 8 41 0 23 79 76 59 35 31 81 41 5 35
split_gain=8.84177 10.7308 7.46167 14.1837 9.8693 9.46613 15.8547 9.55645 13.6742 11.7262 9.81067 9.43337 10.4991 9.21961
threshold=-134.91144776344296 3.829721678959157 -75.437159538269029 -56.499999999999993 0.13032472133636477 11.331508571641569 159.44806933403018 125.53867006301881 14.198214285714288 18.779513888888893 1587.2678377628329 -19.113526821136471 114.46132993698122 16.887728937728941
decision_type=8 10 8 2 8 10 8 10 8 10 8 10 10 10
left_child=1 -1 -2 -4 -5 7 -7 8 9 10 -6 12 -8 -9
right_child=2 -3 3 4 5 6 11 13 -10 -11 -12 -13 -14 -15
leaf_value=-1.1427845473784244 0.092387470219435594 -0.016958700252911851 -0.3859120714850216 0.083170677921741848 1.0157790162423825 -0.40706828080782842 0.0068920965612184332 0.38404825539014531 0.0058662841768022033 -0.83628888673250923 -0.1679278250710573 0.064028045151230659 -0.40270546744721769 -0.44026478587592383
leaf_weight=51 491 72 132 155 47 69 120 120 868 56 673 919 41 41
leaf_count=51 491 72 132 155 47 69 120 120 868 56 673 919 41 41
internal_value=0.000381224 -0.0075 0.000642915 0.000120296 0.000530547 0.000142132 0.00226957 -0.00121262 -0.00189666 -0.00478764 -0.0037448 0.00316374 -0.00351852 0.00574074
internal_weight=3855 123 3732 3241 3109 2954 1149 1805 1644 776 720 1080 161 161
internal_count=3855 123 3732 3241 3109 2954 1149 1805 1644 776 720 1080 161 161
is_linear=0
shrinkage=0.03


Tree=309
num_leaves=15
num_cat=0
split_feature=4 60 13 42 38 65 61 34 72 29 85 84 33 43
split_gain=6.68167 11.1507 13.1866 10.9817 14.9168 13.1307 11.5465 10.9691 9.62169 16.1447 9.28604 9.87689 10.0342 9.27645
threshold=7.5000000000000009 9.1268948316574114 210.00000000000003 118.13134706020357 3039.4065394127661 0.76081654144606636 0.84458964745171738 0.040408163265306128 -35.324353337287896 0.87679442269386643 -207.88376545906064 112.27293366193773 27.599119496855348 542.17636904627545
decision_type=2 8 10 10 10 10 8 8 8 10 8 10 10 8
left_child=1 2 8 13 5 6 -5 -2 9 -1 -9 12 -12 -3
right_child=7 3 -4 4 -6 -7 -8 10 -10 -11 11 -13 -14 -15
leaf_value=-1.4387514754294612 0.23869577408831194 0.056483942606487321 0.20901504971485765 0.027510934376208988 0.015223355929770997 -0.75875697070049564 -0.30768598096762456 0.3472680949978027 -0.68102461174207563 0.058188504451931494 0.004356477418851798 0.22048892877825693 -0.34139371155915332 -0.017829425151914116
leaf_weight=57 56 811 54 140 222 76 131 55 99 115 1462 221 60 281
leaf_count=57 56 811 54 140 222 76 131 55 99 115 1462 221 60 281
internal_value=0.000484249 -0.000724711 -0.00579755 0.000270758 -0.00310526 -0.00698276 -0.00386029 0.00177898 -0.00849265 -0.00416185 0.00136743 0.000980505 0.000118188 0.00203111
internal_weight=3840 1986 325 1661 569 347 271 1854 271 172 1798 1743 1522 1092
internal_count=3840 1986 325 1661 569 347 271 1854 271 172 1798 1743 1522 1092
is_linear=0
shrinkage=0.03


Tree=310
num_leaves=15
num_cat=0
split_feature=78 78 83 38 60 53 36 3 4 85 31 29 43 44
split_gain=5.91188 9.53603 9.43999 8.97818 8.51507 11.2889 8.29842 7.70783 16.9938 13.4189 11.5332 8.77651 8.08715 10.7764
threshold=0.70833333333333337 0.87500000000000011 -145.03995263576505 2993.8307015951536 26.827618002891544 8.5000000000000018 0.17416582406471184 1.5416666666569656 9.5000000000000018 -110.44470667839049 16.802777777777781 0.8649477698557454 836.89632645852328 15.375688195228578
decision_type=8 8 10 10 10 10 8 2 2 10 10 10 10 8
left_child=2 3 4 -2 -1 -6 -4 9 12 11 -10 -3 13 -9
right_child=1 7 6 -5 5 -7 -8 8 10 -11 -12 -13 -14 -15
leaf_value=0.021103607035252308 0.013314838613657303 -0.08275440879536812 0.01240395780018968 0.44056300062535575 0.024826774794746598 -0.32055027109745154 -0.23971428262566419 -0.10281465664986451 1.1023783183836264 -0.49125097551109609 0.031498322534915954 0.24772733329472635 -0.044989858552688416 0.018745798574226431
leaf_weight=258 155 47 86 77 119 95 199 206 76 77 73 58 435 1860
leaf_count=258 155 47 86 77 119 95 199 206 76 77 73 58 435 1860
internal_value=0.000274725 0.000861338 -0.00209763 0.00669528 0.0005074 -0.00390698 -0.0063986 0.000381221 0.000792154 -0.00557377 0.0106 0.00141509 0.000203837 0.000986938
internal_weight=3821 3064 757 232 472 214 285 2832 2650 182 149 105 2501 2066
internal_count=3821 3064 757 232 472 214 285 2832 2650 182 149 105 2501 2066
is_linear=0
shrinkage=0.03


Tree=311
num_leaves=15
num_cat=0
split_feature=56 82 82 70 3 34 74 34 37 7 53 76 76 77
split_gain=5.70629 6.32321 11.5172 12.1597 9.63074 9.70417 9.44486 17.4732 7.0666 10.9465 15.3845 12.7558 16.6411 11.272
threshold=416.74053982893628 -164.44167923927304 -70.419214248657212 0.91987179487179505 18.875000000000004 0.32037735849056609 2035.0229295796833 0.18677325581395351 1309.8384729594197 4140.1623316625491 9.5000000000000018 152.69834280014041 404.83978223800665 -220.40539968013761
decision_type=10 8 8 8 2 10 10 10 10 10 8 8 8 8
left_child=1 -1 3 -3 5 -5 8 -8 -4 10 11 -10 -13 -12
right_child=-2 2 6 4 -6 -7 7 -9 9 -11 13 12 -14 -15
leaf_value=0.13197080899942754 -0.13767025135967148 0.30211668150636434 -0.0028665783961392944 0.0060076310814243059 -0.66057755104147009 -0.55647954250015963 0.0076670770688497068 -0.59540985000577829 -0.28863029229326626 -0.063930576794016078 -0.19873225726456253 0.8338820168221629 0.013338420704704815 0.59114454232935176
leaf_weight=98 60 56 1692 128 78 58 108 61 42 272 40 100 821 224
leaf_count=98 60 56 1692 128 78 58 108 61 42 272 40 100 821 224
internal_value=0.000250065 0.00039693 0.000195599 -0.00523364 -0.00792453 -0.00417112 0.000714073 -0.00617647 0.00108083 0.00258 0.00378664 0.00202282 0.00276573 0.0101887
internal_weight=3838 3778 3680 320 264 186 3360 169 3191 1499 1227 963 921 264
internal_count=3838 3778 3680 320 264 186 3360 169 3191 1499 1227 963 921 264
is_linear=0
shrinkage=0.03


Tree=312
num_leaves=15
num_cat=0
split_feature=73 62 0 41 60 79 79 78 46 62 78 64 8 8
split_gain=8.14689 7.99952 6.01256 7.18376 8.94421 6.71515 9.31403 9.19816 8.73687 8.39419 9.33277 9.30521 11.599 10.007
threshold=-9.5863378047943097 0.046823476996822079 355.00000000000006 314.47353982925421 442.04690611362463 29.823465774041644 52.721247598201387 1.0000000180025095e-35 1890.0000000000002 -0.12541305495146673 0.70833333333333337 6.0877771586286817 4.9058839842903286 4.4598949866308102
decision_type=8 10 2 10 8 10 8 10 10 8 8 10 10 10
left_child=1 -1 3 5 -5 9 -7 8 -8 10 -2 12 13 -12
right_child=2 -3 -4 4 -6 6 7 -9 -10 -11 11 -13 -14 -15
leaf_value=0.14181212248234401 -0.36567996683986731 -0.13183197117755288 0.076428229251213564 -0.66548966561156986 -0.0094085892184852665 0.37783711485278343 0.0008534057641304216 -0.20222604202848951 0.17320510038816381 -0.018724867522881723 0.026795729331294638 0.55789767869090168 -0.18571402826900396 0.85296003324505099
leaf_weight=255 57 76 128 63 79 127 131 78 40 2299 302 66 73 45
leaf_count=255 57 76 128 63 79 127 131 78 40 2299 302 66 73 45
internal_value=0.000117801 0.00460843 -0.000309544 -0.000553407 -0.00713287 -0.000260951 0.00350133 0.00012 0.00401163 -0.000759761 0.00259191 0.00394251 0.00228029 0.00456897
internal_weight=3819 331 3488 3360 142 3218 376 249 171 2842 543 486 420 347
internal_count=3819 331 3488 3360 142 3218 376 249 171 2842 543 486 420 347
is_linear=0
shrinkage=0.03


Tree=313
num_leaves=15
num_cat=0
split_feature=73 14 31 80 1 79 3 62 62 83 68 65 31 65
split_gain=5.99059 8.68262 7.83749 7.46407 7.12747 9.05063 12.0093 11.7996 10.2773 11.6656 11.4241 8.71631 8.48336 8.21906
threshold=-9.5863378047943097 349.5295189180934 11.888750000000003 26.848863005638126 679.7200324535371 7.8591503867123143 15.458333333343036 -0.053504423784194663 0.023388623560435182 -106.98693823814391 0.074366235097104508 0.74197636275008994 20.503225806451617 1.0604047753555781
decision_type=8 10 8 8 2 8 2 8 10 8 10 10 10 8
left_child=1 2 3 -1 12 -6 8 -8 9 -7 -10 -12 -2 -11
right_child=4 -3 -4 -5 5 6 7 -9 10 13 11 -13 -14 -15
leaf_value=0.48255939654764529 0.013445025515396494 -0.012713413739939873 0.65595427625765157 -0.37590710396863447 -0.30847831311041496 0.59091529175972424 0.34837934430676509 0.0033574891798785543 0.27014234509207352 -0.55892139468880464 -0.37020660893715174 0.19936018556429375 -0.049722987889791168 -0.12538657915876636
leaf_weight=47 1911 159 70 58 236 40 85 282 48 65 61 47 423 287
leaf_count=47 1911 159 70 58 236 40 85 282 48 65 61 47 423 287
internal_value=-7.06806e-05 0.00376119 0.00835227 0.00311321 -0.000438898 -0.00236979 -0.00101528 0.00317935 -0.00382514 -0.00641221 0.00267516 -0.00275229 0.000513919 -0.00815864
internal_weight=3819 334 175 105 3485 1151 915 367 548 392 156 108 2334 352
internal_count=3819 334 175 105 3485 1151 915 367 548 392 156 108 2334 352
is_linear=0
shrinkage=0.03


Tree=314
num_leaves=15
num_cat=0
split_feature=60 4 36 59 27 32 42 42 42 16 1 27 59 64
split_gain=7.33531 8.6342 10.7899 7.9351 13.8111 10.9291 9.40982 10.8086 15.3192 12.0026 10.7277 10.0286 9.3489 9.27577
threshold=-107.04284620285033 7.5000000000000009 0.18971809715580168 122.44134294986726 0.93460998106407678 0.23205128205128209 -124.02969777584075 37.264449119567878 31.641355037689213 45.500000000000007 614.27329885959637 0.88304780326056931 182.44134294986728 3.6943862883203042
decision_type=8 2 10 10 10 8 8 10 10 2 2 10 10 8
left_child=1 -1 -3 6 5 -5 -2 8 9 10 11 -8 -6 -12
right_child=3 2 -4 4 12 -7 7 -9 -10 -11 13 -13 -14 -15
leaf_value=-0.9390631640128162 0.50838175899138494 0.33158818364312892 -0.17475723898974371 0.011642045885584222 0.3852688666626905 0.63933692905241724 -0.018467434174478697 0.016872262336352233 -0.50293592106163965 0.06826383413938894 -0.34614323123905555 0.53558200239916121 -0.06029079573223043 -0.030420075739576724
leaf_weight=78 77 52 84 139 43 187 44 1684 69 57 122 63 161 968
leaf_count=78 77 52 84 139 43 187 44 1684 69 57 122 63 161 968
internal_value=0.000360407 -0.00502326 -0.000437956 0.000680498 0.0040678 0.00788991 9.72447e-05 -0.000169548 -0.00219789 -0.00143426 -0.00207846 0.00694444 -0.00204878 -0.00296975
internal_weight=3828 214 136 3614 530 326 3084 3007 1323 1254 1197 107 204 1090
internal_count=3828 214 136 3614 530 326 3084 3007 1323 1254 1197 107 204 1090
is_linear=0
shrinkage=0.03


Tree=315
num_leaves=15
num_cat=0
split_feature=41 71 42 64 36 43 48 30 71 72 16 51 42 79
split_gain=6.49782 13.4762 12.3566 11.2087 12.7889 9.05797 9.88309 9.62624 7.73264 7.27737 6.96854 7.79381 8.91448 8.16428
threshold=-81.560667514801011 14.500000000000002 -50.331292748451226 5.7146927294212109 0.17416582406471184 545.41794117912934 -15.722171227137247 19.950000000000003 12.500000000000002 -33.268053174018853 45.500000000000007 -1496.5686182975767 48.624633669853218 10.676903221463702
decision_type=8 8 8 10 10 10 8 10 8 8 2 8 10 10
left_child=1 3 5 4 -1 6 7 8 -2 -4 11 12 -11 -14
right_child=2 -3 9 -5 -6 -7 -8 -9 -10 10 -12 -13 13 -15
leaf_value=0.30333292515839394 0.083187021097343702 0.42640304613927182 0.22006090307244613 -1.1153660271025687 -0.0038237524910962862 -0.92497107455671512 0.21498242071180695 -0.89725096900699508 -0.3786594544126391 -0.60307410369016556 0.066215919115207258 -0.0025146407324591058 -0.30740741913051051 0.03437838179465675
leaf_weight=96 67 114 96 52 331 69 62 42 65 49 139 2542 60 78
leaf_count=96 67 114 96 52 331 69 62 42 65 49 139 2542 60 78
internal_value=-0.000108724 0.00277778 -0.000633028 0.0005625 0.0021729 -0.00637255 -0.0035443 -0.0072 -0.00315789 -4.04722e-05 -0.000313698 -0.000648352 -0.00654255 -0.00258993
internal_weight=3862 593 3269 479 427 305 236 174 132 2964 2868 2729 187 138
internal_count=3862 593 3269 479 427 305 236 174 132 2964 2868 2729 187 138
is_linear=0
shrinkage=0.03


Tree=316
num_leaves=15
num_cat=0
split_feature=67 69 81 68 3 8 17 82 3 38 36 81 48 60
split_gain=9.7842 7.51159 11.2057 9.81675 8.62688 19.216 13.2163 12.4546 12.4475 16.885 13.3149 10.8188 12.8796 10.5584
threshold=-261.95527132919852 -246.36992301137263 4062.2148548364644 -0.23235588826710826 16.125000000000004 3.9831726414110644 29.000000000000004 -150.37561261653897 17.291666666656969 3879.7899791111604 0.99305555555555569 3713.5307439565663 36.336929043134056 -118.70768964290617
decision_type=8 8 8 8 2 10 2 8 2 10 10 10 8 8
left_child=-1 2 -2 -3 7 8 -7 -5 -6 10 11 12 -10 -9
right_child=1 3 -4 4 5 6 -8 13 9 -11 -12 -13 -14 -15
leaf_value=-0.48936113301455375 -0.014721316062157257 -0.23918054845725406 0.12822470023192761 0.3648120564926744 0.088794705078274361 0.60452225103381263 0.098308072945787611 -0.76568126295263861 0.50189192874226496 0.40430198281266488 0.24331962427310155 -0.37310888663838954 -0.40096430757285556 -0.012019030745090635
leaf_weight=67 61 77 131 52 150 173 413 43 60 56 86 332 55 2092
leaf_count=67 61 77 131 52 150 173 413 43 60 56 86 332 55 2092
internal_value=0.000249415 0.000452142 0.00621762 0.000142061 0.000375747 0.00228507 0.00633731 -0.000781536 -0.000932432 -0.00289831 -0.00455056 -0.00662946 0.0012931 -0.00113764
internal_weight=3848 3781 192 3589 3512 1325 586 2187 739 589 533 447 115 2135
internal_count=3848 3781 192 3589 3512 1325 586 2187 739 589 533 447 115 2135
is_linear=0
shrinkage=0.03


Tree=317
num_leaves=15
num_cat=0
split_feature=16 40 5 31 36 41 70 0 36 16 0 41 73 70
split_gain=6.36938 12.0747 8.17995 11.3961 16.6224 10.6373 11.0408 10.6838 8.75933 9.30847 8.48979 10.4233 8.29792 9.94985
threshold=45.500000000000007 1195.9111731889291 64.067189931869521 16.147899159663869 0.11558704453441297 105.20071947574617 0.93095238095238109 172.50000000000003 0.1924501424501425 6.5000000000000009 355.00000000000006 317.87172293663031 54.527584910392768 0.91287878787878796
decision_type=2 8 10 8 8 10 8 2 10 2 2 10 10 8
left_child=2 -2 10 5 -5 12 -7 -8 -6 -10 11 -1 13 -4
right_child=1 -3 3 4 8 6 7 -9 9 -11 -12 -13 -14 -15
leaf_value=0.010605882418377781 0.14579255638863417 -0.018561813864702632 0.6914610268335275 0.056775671268206568 -0.44578024693317314 -0.60334002120607999 -0.21946438997817164 0.17724050051009399 -0.63286797677203699 0.01066000744588905 0.38327584349678145 -0.23021716921593505 -0.10396670297496602 0.0156533396624987
leaf_weight=2372 89 51 71 89 145 53 104 97 50 107 85 79 52 426
leaf_count=2372 89 51 71 89 145 53 104 97 50 107 85 79 52 426
internal_value=0.000123999 0.00638298 -0.00011257 -0.002159 -0.00635204 -0.00011194 -0.00517647 -0.00193069 -0.00970297 -0.00474684 0.000851399 0.000526101 0.00223636 0.00343373
internal_weight=3870 140 3730 1194 391 803 254 201 302 157 2536 2451 549 497
internal_count=3870 140 3730 1194 391 803 254 201 302 157 2536 2451 549 497
is_linear=0
shrinkage=0.03


Tree=318
num_leaves=15
num_cat=0
split_feature=14 68 16 41 79 25 64 68 24 85 65 85 5 36
split_gain=9.74067 13.3475 13.8757 10.8638 8.7794 8.00599 7.2652 13.4236 14.7249 10.639 11.0652 9.4208 9.11817 10.8961
threshold=803.86820059012734 0.054774927968916552 18.500000000000004 227.89424192905429 7.8591503867123143 0.90849282296650735 4.3148947322195417 0.013407940549422867 50.500000000000007 176.55637625853225 0.9675093765898729 -124.07147747278212 34.926844000816352 0.35540935672514623
decision_type=10 8 2 10 10 10 8 10 2 10 10 10 10 10
left_child=6 2 5 4 -3 -2 7 11 9 10 12 -1 13 -9
right_child=1 3 -4 -5 -6 -7 -8 8 -10 -11 -12 -13 -14 -15
leaf_value=-0.57156991414603775 -0.23811061744978862 -0.33486619800314765 0.87212426539537746 0.39825958753566876 0.07863944584620304 0.20151936016059793 0.005871689247185204 -0.28930393828250811 -0.40693328633759568 0.72674137950133144 0.18614851322325959 -0.060988030171207845 0.085113004046740312 0.087851381952926313
leaf_weight=113 44 67 59 41 58 75 2540 138 66 69 71 288 139 50
leaf_count=113 44 67 59 41 58 75 2540 138 66 69 71 288 139 50
internal_value=0.000235664 0.00504348 0.0107263 -0.00107784 -0.00547619 0.00475 -0.000241727 -0.00250267 0.000617978 0.0025 0.000601504 -0.00664179 -0.0017378 -0.00603175
internal_weight=3818 344 178 166 125 119 3474 934 533 467 398 401 327 188
internal_count=3818 344 178 166 125 119 3474 934 533 467 398 401 327 188
is_linear=0
shrinkage=0.03


Tree=319
num_leaves=15
num_cat=0
split_feature=79 76 7 82 0 25 81 79 16 26 71 38 76 60
split_gain=8.58902 12.5826 10.7532 8.51017 10.9051 9.20645 15.7497 10.8394 8.99575 9.34961 11.3196 10.9909 10.9017 10.4219
threshold=11.331508571641569 165.18450832366946 5046.7826956723011 -23.599052131175991 -109.49999999999999 0.85329985652797713 14235.45507335663 18.255438690447829 14.500000000000002 61.500000000000007 6.5000000000000009 2819.6415021772686 3924.4588472843175 98.240961074829116
decision_type=10 8 10 8 2 8 10 8 2 2 8 8 8 8
left_child=-1 -2 3 5 -5 -3 7 -7 -6 -10 -11 12 -12 -13
right_child=1 2 -4 4 8 6 -8 -9 9 10 11 13 -14 -15
leaf_value=-0.019364807288209534 -0.18176642419219471 -0.39714968141109763 0.67414237400771659 -0.10894173894074187 0.17062841895522485 0.019362421153782314 0.20958091346570351 -0.24190120506930629 -0.33607261892696993 0.40438827660769328 0.1170817926528531 0.02492144823467967 -0.3471612312428492 0.4957628344173462
leaf_weight=2291 78 53 60 76 448 98 51 82 62 52 127 105 133 72
leaf_count=2291 78 53 60 76 448 98 51 82 62 52 127 105 133 72
internal_value=1.58353e-05 0.00178238 0.00242958 0.001875 0.0030948 -0.00273684 -0.00012931 -0.00430939 0.00393 0.0013587 0.0027551 0.00116438 -0.00275862 0.00691011
internal_weight=3788 1497 1419 1359 1075 284 231 180 999 551 489 437 260 177
internal_count=3788 1497 1419 1359 1075 284 231 180 999 551 489 437 260 177
is_linear=0
shrinkage=0.03


Tree=320
num_leaves=15
num_cat=0
split_feature=35 16 1 74 53 11 29 81 69 28 35 40 34 28
split_gain=6.32885 11.5203 14.5738 11.2749 14.458 11.7068 10.0189 12.0419 9.05442 12.645 11.0117 10.1184 8.69537 9.2568
threshold=17.074403254972882 7.5000000000000009 722.44134294986736 1941.9917449914931 6.5000000000000009 330.00000000000006 0.93201941747572825 7079.9755653142938 -211.6944670027693 150.50000000000003 17.866004962779162 844.12647289421659 0.077422577422577438 330.50000000000006
decision_type=10 2 2 8 8 2 10 10 8 2 10 10 10 2
left_child=1 2 -1 5 -5 -2 8 -8 -6 11 -11 -10 -12 -14
right_child=3 -3 -4 4 6 -7 7 -9 9 10 12 -13 13 -15
leaf_value=0.069997566450621884 0.89771864057661754 -0.026706013966620597 -0.81822254035502162 -0.74359983258864015 0.36520608296823348 0.0056097516209726358 1.2731320400822643 -0.043963085465636167 0.18182982347853049 0.079374112354403795 0.018051067486560903 0.0031937435212543094 -0.31897977473372363 0.0062378636159491924
leaf_weight=570 83 2218 40 89 46 80 96 44 72 53 60 141 189 73
leaf_count=570 83 2218 40 89 46 80 96 44 72 53 60 141 189 73
internal_value=-0.000264591 -0.000996819 0.00265139 0.00175268 0.000381944 0.00896341 0.00170323 0.00893617 9.44882e-05 -0.000916808 -0.00422872 0.00490654 -0.00631579 -0.0086692
internal_weight=3854 2828 610 1026 863 163 774 140 634 588 375 213 322 262
internal_count=3854 2828 610 1026 863 163 774 140 634 588 375 213 322 262
is_linear=0
shrinkage=0.03


Tree=321
num_leaves=15
num_cat=0
split_feature=3 8 39 85 34 85 16 14 68 77 33 36 41 50
split_gain=5.73793 12.7167 10.3205 13.5676 11.3706 14.9911 10.6322 10.4256 10.096 9.58229 10.7078 10.5277 12.1986 9.71863
threshold=15.708333333343036 3.8833298171836903 2364.198827776172 78.443048596382155 0.31311274509803927 -52.267157355944313 48.500000000000007 1053.0138490644842 -0.21852772146808633 -285.94808512926096 19.34241379310345 0.97646733111849404 -65.612006783485398 57.558657050132759
decision_type=2 10 8 10 10 10 2 8 8 8 10 10 10 10
left_child=2 9 6 4 -4 -6 7 -1 -3 -2 11 12 -11 -14
right_child=1 8 3 -5 5 -7 -8 -9 -10 10 -12 -13 13 -15
leaf_value=0.016162508625457688 -0.16511571890189064 -0.17000948109707706 0.0060980665018989556 -0.5249101142407836 -0.54658088924011339 0.18675907850506673 0.21958461154218725 -0.57293190121047821 0.13752115170167156 0.094513013801116375 0.4253442280600967 0.28101673909396746 -0.36437992612494063 -0.0077486537584222697
leaf_weight=1278 100 50 621 176 119 40 40 52 665 80 59 108 172 264
leaf_count=1278 100 50 621 176 119 40 40 52 665 80 59 108 172 264
internal_value=0.000313725 0.00176117 -0.000618823 -0.0030094 -0.00130602 -0.0084375 0.00105033 0.000586026 0.00465084 -0.000880102 0.000394737 -0.000768 -0.00255319 -0.00453089
internal_weight=3824 1498 2326 956 780 159 1370 1330 715 783 683 624 516 436
internal_count=3824 1498 2326 956 780 159 1370 1330 715 783 683 624 516 436
is_linear=0
shrinkage=0.03


Tree=322
num_leaves=15
num_cat=0
split_feature=6 42 44 42 45 24 83 69 76 83 17 70 61 17
split_gain=10.3458 9.31371 9.86773 8.80017 13.2694 11.0482 9.82113 10.9788 10.6574 9.40292 9.8095 9.26972 10.9924 9.65821
threshold=690.00000000000011 39.35622692108155 11.242655277252199 97.977947831153884 9.5000000000000018 46.500000000000007 -123.05861818790434 240.47359631423384 272.75333487987524 -45.889459371566765 35.000000000000007 0.93095238095238109 0.34637731036753067 44.000000000000007
decision_type=10 10 8 10 10 2 8 8 8 10 2 8 8 2
left_child=1 -1 -3 6 5 11 7 -2 -8 -6 -11 -5 -13 -14
right_child=3 2 -4 4 9 -7 8 -9 -10 10 -12 12 13 -15
leaf_value=0.0023775327923144119 0.026585964191576855 -0.41609973437660869 0.13418642878132458 -0.30568148336272821 -0.014747724340525273 -0.45742929787584952 -0.3267079213910748 0.85361498835234462 0.00075466943206159431 1.1134917442447212 -0.10858891619041201 0.10853919071153811 -0.048831646447859742 -0.75166136019456853
leaf_weight=888 139 49 546 76 238 84 112 55 1306 50 48 77 147 46
leaf_count=888 139 49 546 76 238 84 112 55 1306 50 48 77 147 46
internal_value=0.00011652 0.00208221 0.00498322 -0.00110971 -0.00375489 -0.00723898 0.000148791 0.00646154 -0.000718816 0.000712166 0.00848485 -0.0048415 -0.00221402 -0.00603093
internal_weight=3861 1483 595 2378 766 430 1612 194 1418 336 98 346 270 193
internal_count=3861 1483 595 2378 766 430 1612 194 1418 336 98 346 270 193
is_linear=0
shrinkage=0.03


Tree=323
num_leaves=15
num_cat=0
split_feature=15 66 84 35 23 26 66 28 15 41 63 41 56 83
split_gain=6.95905 12.9841 13.8002 17.6555 10.8539 9.49329 9.08172 8.79626 8.33503 8.23379 16.7372 13.5997 11.8628 11.2616
threshold=31.500000000000004 -301.5292574167251 -2.0195941726366677 14.61977878985036 2.0054835081100468 228.50000000000003 -68.964464902877793 259.50000000000006 34.500000000000007 43.823863863945014 5.0118716697829848 49.407892465591438 -10.488426486651102 -2.422505140304565
decision_type=2 8 8 8 10 2 10 2 2 8 8 8 10 8
left_child=5 -2 7 6 -5 9 -4 -3 -6 12 13 -12 -1 -11
right_child=1 2 3 4 8 -7 -8 -9 -10 10 11 -13 -14 -15
leaf_value=0.00049629468218526541 -0.99141603316609539 0.35864733983774 0.066906913305762719 0.29420764792573018 0.21764795134878936 0.2411538222713436 -0.51930287801437258 0.0025072407362318927 -0.0070456184876625545 0.57581357422153223 1.0560282557164602 -0.005017150454784485 -0.13160318492027856 0.074963785727444138
leaf_weight=908 49 115 40 66 44 71 72 45 145 45 47 1425 617 103
leaf_count=908 49 115 40 66 44 71 72 45 145 45 47 1425 617 103
internal_value=0.000189823 0.00322357 0.00460227 0.00138587 0.00574219 -0.000354367 -0.00849558 0.0119255 0.00205263 -0.000600763 0.000888341 -8.14664e-05 -0.00218218 0.0104698
internal_weight=3792 576 527 367 255 3216 112 160 189 3145 1620 1472 1525 148
internal_count=3792 576 527 367 255 3216 112 160 189 3145 1620 1472 1525 148
is_linear=0
shrinkage=0.03


Tree=324
num_leaves=15
num_cat=0
split_feature=62 62 39 68 68 77 83 23 80 32 79 70 80 82
split_gain=7.34928 13.33 14.8139 15.2205 11.8862 11.7316 10.7163 9.10808 9.55483 8.69934 13.5106 9.55606 13.1762 15.9477
threshold=-0.12141781434491902 -0.15578489115893449 2680.9831849851485 -0.27076123694585724 -0.10958957679575861 -69.801007568836198 -63.22269427776336 1.7453938722610476 -71.240303993225083 0.063508064516129045 477.38247493318715 0.88562091503267981 -203.66100168228147 -70.419214248657212
decision_type=8 10 10 10 8 10 10 10 10 8 10 8 8 8
left_child=1 2 3 -1 -2 7 -4 -5 -9 -6 11 -11 -13 -14
right_child=4 -3 6 5 9 -7 -8 8 -10 10 -12 12 13 -15
leaf_value=0.36135454768542413 -0.22865260214966168 0.23524221927380903 -0.0023943391856699704 -0.20771641634107069 0.039988412458454685 1.4347891008044489 -0.53002541117648727 0.5160965713142982 -0.20441960850516416 0.023405597966953167 -0.19770443639058052 0.56187626387179812 -0.40978346416411227 -0.015783090579070243
leaf_weight=64 146 219 82 47 283 53 76 49 106 595 91 71 190 1754
leaf_count=64 146 219 82 47 283 53 76 49 106 595 91 71 190 1754
internal_value=-3.13562e-05 0.00275466 -6.27615e-05 0.00365625 -0.000651549 0.000351562 -0.00754717 -0.00295567 0.000576923 -0.000241206 -0.000766099 -0.000367675 -0.00135417 -0.00182005
internal_weight=3826 696 477 319 3130 255 158 202 155 2984 2701 2610 2015 1944
internal_count=3826 696 477 319 3130 255 158 202 155 2984 2701 2610 2015 1944
is_linear=0
shrinkage=0.03


Tree=325
num_leaves=15
num_cat=0
split_feature=73 16 25 17 77 40 59 43 71 23 36 63 29 81
split_gain=6.54605 5.60607 7.69395 6.16558 6.01813 6.66731 15.5186 15.5121 9.15647 14.0107 10.3952 14.32 12.2299 10.8335
threshold=179.28754067420962 1.0000000180025095e-35 0.88126566416040109 19.500000000000004 107.6919767856598 1195.9111731889291 -54.461329936981194 1026.5214799030352 15.500000000000002 7.1650744676589975 0.17033365570599615 11.892368932677057 0.87631637290766007 4872.0322167873392
decision_type=10 2 10 2 10 10 10 10 10 10 8 8 10 10
left_child=1 2 -1 -4 5 7 -7 8 10 -10 11 12 -3 -14
right_child=-2 4 3 -5 -6 6 -8 -9 9 -11 -12 -13 13 -15
leaf_value=0.13261455826596324 0.89497686070874405 -0.018001929994528182 -0.83159498349835104 -0.11154249988338369 -0.071524678184902699 0.0090316955589315392 1.0340464398172562 -0.4309063456489734 0.0024562704825353402 -0.35661354665587319 -0.00048072678312275713 -0.022584844536157823 0.15194884896442523 0.53983165583809478
leaf_weight=41 43 63 47 54 179 532 54 74 138 88 2207 131 95 75
leaf_count=41 43 63 47 54 179 532 54 74 138 88 2207 131 95 75
internal_value=8.63422e-05 -4.76316e-05 -0.00587413 -0.0102941 0.000181468 0.000459803 0.00337308 -0.000135794 0.000225161 -0.00555066 0.000734837 0.00542466 0.00987179 0.0140351
internal_weight=3821 3778 142 101 3636 3457 586 2871 2797 226 2571 364 233 170
internal_count=3821 3778 142 101 3636 3457 586 2871 2797 226 2571 364 233 170
is_linear=0
shrinkage=0.03


Tree=326
num_leaves=15
num_cat=0
split_feature=0 67 73 14 7 30 24 64 30 16 34 80 79 68
split_gain=7.71744 13.6915 8.95094 9.37463 7.91922 9.6694 13.1015 13.4352 11.4205 10.6555 12.1017 10.1808 9.97503 13.9124
threshold=56.500000000000007 242.85366642475134 -22.909306287765499 349.5295189180934 5435.5157734228787 36.050000000000004 50.500000000000007 4.4334419921958697 30.450000000000003 1.0000000180025095e-35 0.16035714285714289 -106.98970353603362 8.6216211396952289 0.036799898664323635
decision_type=2 10 8 10 10 10 2 8 10 2 10 10 10 10
left_child=1 2 3 -1 5 6 8 -8 9 -2 11 -11 13 -9
right_child=4 -3 -4 -5 -6 -7 7 12 -10 10 -12 -13 -14 -15
leaf_value=0.35611453684422789 -0.27041681853953964 -0.43676623239667611 -0.013001192218967422 -0.018138959428645476 0.39340594871212331 0.19456917955238442 -0.77452823461890796 0.16161629817185116 -0.2738132616813202 0.063349816861873826 0.021411968511801497 0.49593824604161396 0.1836138329981086 -0.92324505693590531
leaf_weight=77 51 53 2067 81 66 166 47 44 70 71 852 87 70 43
leaf_count=77 51 53 2067 81 66 166 47 44 70 71 852 87 70 43
internal_value=-7.02028e-05 -0.00118473 -0.000822102 0.00603774 0.00154974 0.00109854 0.000247006 -0.00673171 0.0015106 0.00228814 0.00296736 0.010566 -0.00246835 -0.00920455
internal_weight=3845 2278 2225 158 1567 1501 1335 204 1131 1061 1010 158 157 87
internal_count=3845 2278 2225 158 1567 1501 1335 204 1131 1061 1010 158 157 87
is_linear=0
shrinkage=0.03


Tree=327
num_leaves=15
num_cat=0
split_feature=41 33 62 40 4 77 3 70 33 33 0 16 64 1
split_gain=6.38718 8.5859 6.13274 11.3941 10.154 19.3811 13.4814 7.83283 11.6301 11.1243 8.78754 9.81624 9.14886 7.16672
threshold=408.78963303565985 13.393583495776481 -0.12541305495146673 193.2652859371845 8.5000000000000018 -202.85004067420957 20.291666666656969 0.91287878787878796 28.578525641025646 25.981836734693882 127.50000000000001 20.500000000000004 5.1256210068444981 646.3055204153062
decision_type=10 8 8 10 2 10 2 8 10 10 2 2 10 2
left_child=2 -2 3 13 6 -6 -5 9 -9 10 12 -12 -4 -1
right_child=1 -3 7 4 5 -7 -8 8 -10 -11 11 -13 -14 -15
leaf_value=0.006259159454069625 0.058418770027106742 -0.40668755945419183 0.024113719368715418 0.0032802757619263454 -0.15725694336539753 0.57671643916178905 -0.33939175427042501 -0.025521001928110784 0.54483168643825264 -0.034725428139204095 0.52561091315402786 0.027432893229094972 -0.089405639117912578 0.4417178460226121
leaf_weight=76 41 46 470 304 44 78 50 2160 55 142 112 74 63 126
leaf_count=76 41 46 470 304 44 78 50 2160 55 142 112 74 63 126
internal_value=0.00014836 -0.00784091 0.000335553 0.00291605 0.000377358 0.00780488 -0.00219718 -0.000233994 -0.0011778 0.00219258 0.00370833 0.00930481 0.00174157 0.008867
internal_weight=3841 87 3754 678 476 122 354 3076 2215 861 719 186 533 202
internal_count=3841 87 3754 678 476 122 354 3076 2215 861 719 186 533 202
is_linear=0
shrinkage=0.03


Tree=328
num_leaves=15
num_cat=0
split_feature=20 28 71 81 62 75 3 83 81 3 15 3 3 3
split_gain=7.65988 7.30631 15.2097 19.4771 16.3943 11.391 11.1488 16.1553 9.89619 14.626 10.7675 10.0178 9.38479 24.2037
threshold=863.82469952106487 250.50000000000003 13.500000000000002 4597.665326476098 0.048243444510703393 29.061706423759464 17.208333333343038 -187.88965189456937 5111.6478873491296 11.708333333343036 31.500000000000004 16.291666666656969 17.291666666656969 12.375000000000002
decision_type=10 2 10 8 10 8 2 10 10 2 2 2 2 2
left_child=1 12 3 -3 6 -4 7 -5 9 -7 -10 -11 13 -1
right_child=-2 2 5 4 -6 8 -8 -9 10 11 -12 -13 -14 -15
leaf_value=-0.034259320555381001 -0.18521189081860917 1.2048594255006877 0.71172794961993691 0.037232160156755165 -0.51079866692851827 0.22821446095965942 0.12352351675213374 -0.68619170809063912 0.7758814856192936 -1.2931287171962482 0.014643005865497027 0.00088963584650817893 -0.056909346898308129 0.084600543329530278
leaf_weight=1217 62 74 78 106 116 114 99 96 79 49 62 65 865 741
leaf_count=1217 62 74 78 106 116 114 99 96 79 49 62 65 865 741
internal_value=-0.000101987 7.17703e-05 0.00236422 -0.00128049 -0.00380383 0.00636161 -9.93377e-05 -0.00413793 0.00413514 0.000262009 0.0103521 -0.00730435 -0.00069051 0.000459418
internal_weight=3823 3761 938 491 417 447 301 202 369 228 141 114 2823 1958
internal_count=3823 3761 938 491 417 447 301 202 369 228 141 114 2823 1958
is_linear=0
shrinkage=0.03


Tree=329
num_leaves=15
num_cat=0
split_feature=79 39 82 51 14 20 23 72 56 72 39 28 17 50
split_gain=6.53477 10.2554 11.7544 10.9836 11.4047 9.5518 9.09122 8.09056 8.3319 13.4011 8.62151 7.88813 15.125 10.5647
threshold=7.8004249859310795 3254.5773866147051 -143.96470149358109 36.718549370765693 452.75846827722887 87.413296341896071 7.0054835081100473 -189.41540086269376 -120.76433348655699 -82.745673179626451 2074.3934361134488 150.50000000000003 3.5000000000000004 802.24492752552044
decision_type=8 10 10 10 10 8 10 8 8 8 10 2 2 10
left_child=1 2 -1 4 -4 -2 -6 -7 -9 10 -10 13 -13 -11
right_child=5 -3 3 -5 6 7 -8 8 9 11 -12 12 -14 -15
leaf_value=0.33873067544752344 -0.45353067747669257 -0.27964487805736693 0.094578385902689632 -0.16375625189085724 0.0056694146391720324 0.44044120881236903 -0.87064967557699402 -0.080737590145506952 0.49440108983174658 0.091731303885804749 0.02719304659953849 -0.76019414040601097 -0.0021133890606407843 -0.014449794544887177
leaf_weight=62 66 160 311 314 51 44 42 174 66 523 43 45 1706 259
leaf_count=62 66 160 311 314 51 44 42 174 66 523 43 45 1706 259
internal_value=-0.000248254 -0.00242295 -0.00099872 -0.00208623 0.00118519 0.000450974 -0.00797872 0.000713037 0.000511182 0.00093076 0.0111818 0.000485399 -0.000633562 0.00298851
internal_weight=3866 940 780 718 404 2926 93 2860 2816 2642 109 2533 1751 782
internal_count=3866 940 780 718 404 2926 93 2860 2816 2642 109 2533 1751 782
is_linear=0
shrinkage=0.03


Tree=330
num_leaves=15
num_cat=0
split_feature=16 16 56 70 14 29 53 33 73 8 36 50 80 26
split_gain=8.45878 7.9576 7.91532 7.64685 7.10789 12.8777 11.8233 11.5808 8.39866 10.0539 9.37903 15.9932 7.5871 9.48502
threshold=45.500000000000007 43.500000000000007 144.95290883382162 0.93933823529411775 51.094293393301065 0.92502927400468404 5.5000000000000009 18.143297101449281 44.872095584869392 3.960717450483632 0.97700845665961955 1704.7034965753558 -62.190250873565667 118.50000000000001
decision_type=2 2 10 8 8 10 10 8 10 10 10 10 8 2
left_child=1 4 3 -2 5 7 12 -1 10 -10 11 -8 -6 -14
right_child=2 -3 -4 -5 6 -7 8 -9 9 -11 -12 -13 13 -15
leaf_value=0.48614791836059079 0.016008773570983365 -0.3234027169047326 -0.01778883590454285 0.30865684351510991 -0.8224500057941182 -0.023932788887605482 0.0028327676524431667 -0.03211733005321131 -0.0059802675762298625 0.36525628508849306 0.44666638596493613 -0.27202282801349581 -0.0009536850886723015 -0.18601845957304505
leaf_weight=105 56 45 43 47 87 130 2587 52 63 63 89 85 278 95
leaf_count=105 56 45 43 47 87 130 2587 52 63 63 89 85 278 95
internal_value=0.00029012 8.15217e-06 0.00734694 0.0118269 0.000165062 0.0046875 -0.000224014 0.010443 0.000488227 0.0080315 0.000141202 -0.000179574 -0.00468547 -0.00280749
internal_weight=3825 3679 146 103 3634 287 3347 157 2887 126 2761 2672 460 373
internal_count=3825 3679 146 103 3634 287 3347 157 2887 126 2761 2672 460 373
is_linear=0
shrinkage=0.03


Tree=331
num_leaves=15
num_cat=0
split_feature=7 36 0 64 9 27 76 62 65 60 84 25 23 44
split_gain=7.31844 8.88897 6.50796 9.03139 16.4681 6.58469 14.1755 11.6465 13.5575 10.3479 12.2658 8.42402 9.16032 8.00302
threshold=5231.3618681014495 0.15331196581196585 285.50000000000006 4.1633482406975135 450.00000000000006 0.94533384562841538 1137.8203582763674 -0.15148867669112726 1.0520447170971901 258.24649238586431 -261.4524353345235 0.95861872146118732 6.8354868888854989 8.7682361602783221
decision_type=10 10 2 8 2 10 10 8 10 10 8 10 10 8
left_child=2 -2 5 -4 -5 6 9 -7 11 10 -1 12 -9 -12
right_child=1 -3 3 4 -6 7 -8 8 -10 -11 13 -13 -14 -15
leaf_value=0.22006857141009065 -0.014331841054620174 0.21360702232788487 -0.08049599649407696 1.2469184572728642 -0.042405881342521254 -0.65476875872504103 0.4689657496373012 -0.38668229108816898 0.28104534909939133 -0.23575760884081864 -0.22780033588385321 -0.0045162799108548765 0.009763815837205243 0.0028792550453830756
leaf_weight=75 45 109 59 113 72 42 75 128 45 167 109 403 78 2351
leaf_count=75 45 109 59 113 72 42 75 128 45 167 109 403 78 2351
internal_value=0.000193698 0.00658065 -7.26197e-05 0.00465306 0.00790323 -0.000405872 0.00024838 -0.00301291 -0.00201527 -0.000110988 0.000366719 -0.00319672 -0.00811594 0
internal_weight=3871 154 3717 244 185 3473 2777 696 654 2702 2535 609 206 2460
internal_count=3871 154 3717 244 185 3473 2777 696 654 2702 2535 609 206 2460
is_linear=0
shrinkage=0.03


Tree=332
num_leaves=15
num_cat=0
split_feature=77 0 4 26 40 69 26 23 7 57 26 63 43 41
split_gain=6.37334 10.6738 14.4693 13.7759 19.5861 13.4838 13.0228 11.1026 9.75221 15.8417 18.3414 11.7159 10.1464 9.10184
threshold=-146.72816359996793 96.500000000000014 6.5000000000000009 120.50000000000001 436.70981167175836 -105.39739667780711 119.50000000000001 6.0054835081100473 3664.8240966206799 5.5000000000000009 167.50000000000003 780.32317657704732 981.99451784760106 -73.799732804298387
decision_type=10 2 2 2 10 8 2 10 10 10 2 8 10 10
left_child=-1 3 6 7 5 -5 -3 13 11 -10 12 -4 -11 -2
right_child=1 2 8 4 -6 -7 -8 -9 9 10 -12 -13 -14 -15
leaf_value=0.013572387159785322 0.0026614069715084196 0.11966700962117839 1.0320108983862017 1.8389175841256984 -0.049854160298363877 0.19017843839340681 -0.23704853910617596 -0.027977005127286958 1.5642319356817416 -0.0028244923379659782 0.74161688548858495 -0.049519733016820257 -0.89524570333057485 -0.31229386420330524
leaf_weight=2044 85 98 176 52 149 60 128 473 47 47 46 44 58 300
leaf_count=2044 85 98 176 52 149 60 128 473 47 47 46 44 58 300
internal_value=0.000386029 -0.000935374 0.00213953 -0.00270536 0.00332061 0.0127434 -0.00396476 -0.00454016 0.00544153 0.000603015 -0.00414474 0.00977376 -0.0110377 -0.00831606
internal_weight=3807 1763 644 1119 261 112 226 858 418 198 151 220 105 385
internal_count=3807 1763 644 1119 261 112 226 858 418 198 151 220 105 385
is_linear=0
shrinkage=0.03


Tree=333
num_leaves=15
num_cat=0
split_feature=1 77 77 17 17 36 77 85 8 48 63 52 84 20
split_gain=6.93743 6.93458 13.0622 7.18507 10.6691 16.6814 14.7779 12.8733 19.8693 14.4408 12.7887 10.6693 10.4435 11.8939
threshold=838.02790760993969 107.6919767856598 147.41154003143313 35.000000000000007 24.500000000000004 0.25362623502207277 -149.80711764097211 -42.955376625061028 3.4795361927727302 92.74852053324382 -102.26992235034844 75.547312617301955 146.66290704409286 447.41329634189611
decision_type=2 10 10 2 2 8 8 10 10 10 8 10 10 8
left_child=1 3 -3 4 12 7 -7 -6 -9 -10 -8 -12 13 -1
right_child=-2 2 -4 -5 5 6 10 8 9 -11 11 -13 -14 -15
leaf_value=0.064343355233283925 -0.064344090242675511 -0.28200902133982314 0.0057792188180699 -0.0061398343095899572 1.3401095982713085 -0.58369009286832541 1.0463126835807204 -0.32138419223872344 0.077405543153713688 1.3905182736797648 0.34943987427339213 -0.14620780511888426 0.74564787939739885 -0.043085305369149861
leaf_weight=204 114 79 107 1941 124 40 48 40 55 41 142 139 63 717
leaf_count=204 114 79 107 1941 124 40 48 40 55 41 142 139 63 717
internal_value=-4.66926e-05 0.000176423 -0.00545455 0.000472574 0.00195167 0.005 0.000891892 0.0108046 0.00437956 0.0117526 0.003 0.000531915 0 -0.000813449
internal_weight=3854 3740 186 3554 1613 629 369 260 136 96 329 281 984 921
internal_count=3854 3740 186 3554 1613 629 369 260 136 96 329 281 984 921
is_linear=0
shrinkage=0.03


Tree=334
num_leaves=15
num_cat=0
split_feature=79 70 3 17 65 3 57 41 25 27 28 85 80 28
split_gain=5.85951 9.2346 11.2723 12.6434 10.4127 10.0574 8.99808 8.63301 10.7054 10.1597 8.50186 8.41058 8.05771 8.00565
threshold=75.100698281818779 0.91287878787878796 14.625000000000002 41.500000000000007 1.0082570408619633 11.041666666656967 5.5000000000000009 149.59984779357913 0.88762626262626265 0.79250548136336463 185.50000000000003 39.72306815783184 -40.280270576477044 204.50000000000003
decision_type=10 8 2 2 8 2 10 10 10 10 2 10 8 2
left_child=1 2 4 12 -1 -6 -5 8 9 -2 -7 -8 -4 -3
right_child=7 13 3 6 5 10 11 -9 -10 -11 -12 -13 -14 -15
leaf_value=0.071933855552610809 -0.022073581469174351 -0.032962429285780956 0.07161769497157941 0.094478550223338759 0.0049022455979883259 -0.60422418940399369 0.093554896569756352 -0.13888075686251708 -0.23261547410594657 0.15563655603414048 -0.00091922642855275956 -0.31985367038821144 1.380473073486832 0.012774433342489989
leaf_weight=169 62 1349 52 105 247 77 41 48 75 59 57 42 132 1338
leaf_count=169 62 1349 52 105 247 77 41 48 75 59 57 42 132 1338
internal_value=-0.000163467 0.000141274 0.00273023 0.00675603 0 -0.00274869 0.00126984 -0.00465306 -0.00182741 0.00368852 -0.00933333 -0.00607143 0.0123243 -0.000747768
internal_weight=3853 3609 922 372 550 381 188 244 196 121 134 83 184 2687
internal_count=3853 3609 922 372 550 381 188 244 196 121 134 83 184 2687
is_linear=0
shrinkage=0.03


Tree=335
num_leaves=15
num_cat=0
split_feature=1 1 53 79 15 42 51 27 13 59 79 42 24 35
split_gain=7.25931 9.88446 7.02319 8.81415 6.63274 9.06678 11.5937 6.25066 13.0627 12.4825 11.786 11.6334 9.84981 12.01
threshold=659.08346462249767 658.02790760993969 17.500000000000004 477.38247493318715 44.500000000000007 369.05078113079077 -1796.5686182975767 0.98561076604554876 870.00000000000011 542.44134294986736 10.724888020592759 396.26926481723791 21.500000000000004 87.948750000000004
decision_type=2 2 10 10 2 10 8 10 8 8 8 10 2 8
left_child=1 2 3 4 5 6 -1 8 11 10 -9 12 13 -2
right_child=7 -3 -4 -5 -6 -7 -8 9 -10 -11 -12 -13 -14 -15
leaf_value=-0.18868456750451801 0.20794218271752088 0.57513992467791974 0.11975380292146739 -0.10356274910786738 -0.065309332329508585 0.62782673832061175 0.015208066641584974 -0.22459468808632407 0.29897892834227913 -0.73594749175961682 0.19605625830774184 -0.2995777322408657 -0.021459976821429905 -0.016136552299497977
leaf_weight=53 127 79 55 55 53 41 1324 51 70 57 72 53 1697 86
leaf_count=53 127 79 55 55 53 41 1324 51 70 57 72 53 1697 86
internal_value=-0.000162623 0.00133654 0.000815424 0.00043222 0.000876359 0.0012685 0.000849057 -0.00128726 -0.000811209 -0.00662983 -0.00120968 -0.00126782 -0.000879121 0.00518692
internal_weight=3873 1660 1581 1526 1471 1418 1377 2213 2033 180 123 1963 1910 213
internal_count=3873 1660 1581 1526 1471 1418 1377 2213 2033 180 123 1963 1910 213
is_linear=0
shrinkage=0.03


Tree=336
num_leaves=15
num_cat=0
split_feature=65 61 3 25 36 40 77 3 8 29 30 68 28 28
split_gain=6.04914 12.3985 10.2256 7.04385 7.04133 19.404 9.78928 6.89416 14.5835 17.8461 17.1847 10.6642 9.64497 11.9076
threshold=1.107640747696482 0.0091772741256159647 20.458333333343038 0.90443574690150041 0.21081871345029243 448.38790080512285 -170.43623745441434 6.0416666666569663 6.0433030104753334 0.93201941747572825 13.550000000000002 -0.080052191768582373 204.50000000000003 177.50000000000003
decision_type=10 10 2 10 10 10 10 2 8 10 10 8 2 2
left_child=7 3 4 -2 5 -3 -6 11 12 10 -10 -1 13 -9
right_child=1 2 -4 -5 6 -7 -8 8 9 -11 -12 -13 -14 -15
leaf_value=0.26255183546254113 0.24444303260230743 0.50494011186274523 -0.48503440908530404 -0.094864760898152906 0.032135145652671358 -0.53206575961466984 -0.94128114487357073 -0.0037548286439303522 0.35335589798755707 0.9643360273810756 -0.22924926839675575 -0.068695010110270932 0.030986519423974103 -0.14287682242525548
leaf_weight=49 40 62 42 42 40 46 67 1325 83 110 85 331 1137 341
leaf_count=49 40 62 42 42 40 46 67 1325 83 110 85 331 1137 341
internal_value=-0.00050513 -0.00432353 -0.00755814 0.00578313 -0.00486111 0.000550459 -0.0102778 -0.000129983 0.000340688 0.00688172 0.000710059 -0.00393701 -0.000310271 -0.00176365
internal_weight=3800 339 257 82 215 108 107 3461 3081 278 168 380 2803 1666
internal_count=3800 339 257 82 215 108 107 3461 3081 278 168 380 2803 1666
is_linear=0
shrinkage=0.03


Tree=337
num_leaves=15
num_cat=0
split_feature=1 4 23 28 84 42 71 37 63 26 53 7 3 14
split_gain=6.69872 8.76177 8.21967 10.6312 9.93086 12.2767 9.14826 8.41262 7.91542 9.87291 7.66712 7.04587 17.4452 6.91072
threshold=626.5180026292802 8.5000000000000018 14.005483508110048 91.000000000000014 54.852808415889747 17.554896712303165 13.500000000000002 1966.2785185579057 401.70756633579725 125.50000000000001 10.500000000000002 2493.9004473971177 16.875000000000004 470.02672298067728
decision_type=2 2 8 2 10 10 8 8 10 2 10 10 2 8
left_child=1 11 3 -2 5 13 -7 -8 -5 10 -10 -1 -13 -4
right_child=2 -3 4 8 -6 6 7 -9 9 -11 -12 12 -14 -15
leaf_value=0.081966936297296164 0.46400135226247369 0.16732652575664828 -0.1588737592204415 0.00357562030315929 -0.47166323809711524 -0.013790113878095792 -0.027309067561840265 0.3148242091850586 -0.1487535901756776 -1.0038446797736087 0.098062470233250945 -0.41189536487864065 0.47016153600731742 0.0074964258510272818
leaf_weight=248 41 157 100 2508 57 118 43 49 108 52 53 166 75 43
leaf_count=248 41 157 100 2508 57 118 43 49 108 52 53 166 75 43
internal_value=0 0.00278207 -0.000567286 2.17155e-05 -0.00452555 -0.00262712 0.00199052 0.00903226 -0.000209405 -0.00574766 -0.00203704 0.000795918 -0.00285124 -0.009375
internal_weight=3818 646 3172 2762 410 353 210 92 2721 213 161 489 241 143
internal_count=3818 646 3172 2762 410 353 210 92 2721 213 161 489 241 143
is_linear=0
shrinkage=0.03


Tree=338
num_leaves=15
num_cat=0
split_feature=62 68 43 25 84 31 65 62 24 62 29 40 31 33
split_gain=9.39632 10.0265 9.45945 9.74934 8.39449 11.9264 10.251 9.50014 9.64413 13.3375 8.66939 7.97688 23.023 9.56728
threshold=-0.12141781434491902 -0.10548856585028757 535.81628550991888 0.9140394088669952 -22.43841401735941 12.34404761904762 0.96410614614914136 -0.16889713300741474 45.500000000000007 -0.21841738588089057 0.8784788557856148 328.511651137147 16.055050505050509 23.09130660573328
decision_type=8 8 10 10 10 8 10 10 2 10 8 10 8 10
left_child=4 2 3 -2 5 -1 -7 8 9 -6 -9 12 -3 -14
right_child=1 11 -4 -5 7 6 -8 10 -10 -11 -12 -13 13 -15
leaf_value=0.66924903595395346 -0.30338162615866976 -0.00028550121618948766 -0.75129808350264116 0.22561084058199696 -0.008679594435142093 0.10997429224114848 -0.064175660543949742 0.49523430944898361 0.21351623024947486 -0.58567337445701184 0.075906532883742703 0.010807094168185684 -0.359780505526967 0.093835639376435145
leaf_weight=101 52 973 62 50 107 102 138 40 57 66 109 1725 241 41
leaf_count=101 52 973 62 50 107 102 138 40 57 66 109 1725 241 41
internal_value=-9.31436e-05 -0.000801272 -0.008 -0.0023301 0.00299584 0.00640351 0.00273859 -7.89474e-05 -0.0038961 -0.00741379 0.0058 -0.000402549 -0.00222134 -0.00975265
internal_weight=3864 3144 164 102 720 341 240 379 230 173 149 2980 1255 282
internal_count=3864 3144 164 102 720 341 240 379 230 173 149 2980 1255 282
is_linear=0
shrinkage=0.03


Tree=339
num_leaves=15
num_cat=0
split_feature=71 35 64 23 49 61 29 77 85 23 61 14 68 64
split_gain=9.76966 22.448 11.0542 14.4581 11.7228 13.3756 10.9025 10.5225 10.0836 10.7216 9.69791 9.53509 11.1845 9.49668
threshold=13.500000000000002 16.222845804988669 6.0877771586286817 4.1025601625442514 10.500000000000002 0.3905425714441248 0.93552544063851018 122.25493597984315 187.22548433144888 1.78860080242157 0.039954928431057447 248.97566214264006 0.06311931639202796 5.679453871472357
decision_type=10 8 8 10 10 10 10 10 8 10 10 10 10 10
left_child=7 6 4 -4 -3 -6 8 13 9 -2 -11 -12 -13 -1
right_child=1 2 3 -5 5 -7 -8 -9 -10 10 11 12 -14 -15
leaf_value=-0.0018343282115012016 0.24687730626836746 0.17021196756566928 0.53818391227658957 0.033200604187760573 0.01141012504638363 -0.49259728058221181 0.55994335303128262 -0.11784224284371535 -0.40140065852429557 0.10556586884148408 0.047954352020436915 -0.041417892638763332 -0.51286791116887354 -0.42267072790505766
leaf_weight=2219 99 158 121 248 42 42 43 90 212 129 69 117 73 174
leaf_count=2219 99 158 121 248 42 42 43 90 212 129 69 117 73 174
internal_value=-7.81861e-05 0.00197194 0.00622549 0.00948649 0.00123457 -0.00776471 -0.00153432 -0.00119565 -0.00244286 -6.14754e-05 -0.00231362 -0.00565385 -0.00910995 -0.000814536
internal_weight=3836 1353 611 369 242 84 742 2483 699 487 388 259 190 2393
internal_count=3836 1353 611 369 242 84 742 2483 699 487 388 259 190 2393
is_linear=0
shrinkage=0.03


Tree=340
num_leaves=15
num_cat=0
split_feature=3 71 16 79 3 79 8 8 36 60 29 76 25 56
split_gain=6.24444 12.6341 9.60428 7.04349 8.08757 7.78097 9.25147 14.4726 12.9953 8.88962 8.89348 7.89342 8.8434 8.54243
threshold=1.5416666666569656 9.5000000000000018 6.5000000000000009 477.38247493318715 19.125000000000004 7.8591503867123143 4.9058839842903286 4.3993280999101385 0.12793235133660666 78.67690217494966 0.89938967660302949 367.8131144046784 0.93166251556662527 76.814218640327468
decision_type=2 10 2 10 2 8 10 10 10 8 10 8 10 10
left_child=1 -1 -3 5 -5 6 7 8 -2 -10 -11 -12 -13 -14
right_child=3 2 -4 4 -6 -7 -8 -9 9 10 11 12 13 -15
leaf_value=-0.43377393439864148 0.40961142893846847 0.13516607428909758 -0.091357776377775923 -0.012380968661062905 -0.23473102075616673 0.013449480132711225 -0.32560843482642704 0.56087629678993045 -0.26339023215398844 -0.3740299182927605 0.36659296800442992 0.39425856661488151 0.13412927564410479 -0.51651511908384551
leaf_weight=57 42 49 102 109 40 2572 157 81 296 56 53 92 59 73
leaf_count=57 42 49 102 109 40 2572 157 81 296 56 53 92 59 73
internal_value=-0.000125033 -0.00516746 -0.000592105 0.000165244 -0.0062 0.000439403 -0.00194505 -0.000557769 -0.00200893 -0.00309524 0.000269461 0.00248201 0 -0.00496241
internal_weight=3838 208 151 3630 149 3481 909 752 671 629 333 277 224 132
internal_count=3838 208 151 3630 149 3481 909 752 671 629 333 277 224 132
is_linear=0
shrinkage=0.03


Tree=341
num_leaves=15
num_cat=0
split_feature=27 28 28 56 45 45 80 61 80 30 65 68 32 40
split_gain=8.28974 12.2189 10.9291 8.43769 8.96901 12.9317 12.2112 8.40003 10.2717 12.2626 11.2326 10.0391 9.83076 9.05797
threshold=0.95706605222734276 120.50000000000001 123.50000000000001 379.69196009635931 2.5000000000000004 5.5000000000000009 58.780809164047248 0.025519044153806941 -87.238682150840745 5.2500000000000009 0.83194501907130369 0.097015639610478557 0.25320512820512825 45.180242109435198
decision_type=10 2 2 10 8 8 8 10 8 10 8 10 10 10
left_child=3 -2 -3 4 -1 6 -6 8 -7 11 -11 -10 -12 -9
right_child=1 2 -4 -5 5 7 -8 13 9 10 12 -13 -14 -15
leaf_value=0.55028495054597526 -0.78080873273103912 0.33489530806649609 -0.033727369327291611 -0.10691483919037949 -0.55457074190015554 0.23337018211391278 0.022989469316260339 0.17463676020364735 0.36281972079515723 1.1391710350574249 0.0029006766321659078 -0.10064566678315109 -0.32134607053205344 -0.0070775175321398359
leaf_weight=61 46 76 504 47 161 89 117 131 263 41 496 58 105 1675
leaf_count=61 46 76 504 47 161 89 117 131 263 41 496 58 105 1675
internal_value=0 -0.00315789 -0.00196213 0.000610169 0.000797373 0.000573797 -0.0055914 0.00117524 0.00330484 0.00239627 0 0.00717391 -0.00104651 -6.64084e-05
internal_weight=3870 626 580 3244 3197 3136 278 2858 1052 963 642 321 601 1806
internal_count=3870 626 580 3244 3197 3136 278 2858 1052 963 642 321 601 1806
is_linear=0
shrinkage=0.03


Tree=342
num_leaves=15
num_cat=0
split_feature=0 59 66 3 3 3 31 77 37 63 28 69 24 77
split_gain=8.95834 11.7805 16.9762 11.2374 10.1745 15.1757 12.9115 10.8378 9.94558 10.6685 24.6432 14.5365 12.1178 8.83877
threshold=89.500000000000014 111.46575736999513 -217.4702214002609 8.8750000000000018 15.708333333343036 13.541666666656967 17.611538461538466 -170.43623745441434 1530.5034378098262 -27.945524271054129 135.50000000000003 30.857844724285631 47.500000000000007 -150.20079201459882
decision_type=2 10 8 2 2 2 10 10 8 10 2 10 2 10
left_child=1 2 -1 -3 5 -5 7 -7 9 10 -2 -11 -13 -4
right_child=8 3 13 4 -6 6 -8 -9 -10 11 -12 12 -14 -15
leaf_value=0.20257134614310587 -0.62470960167599965 0.44662671695358697 -0.0075923738037306787 0.04565179320011175 0.079559026028536442 0.035130566867986344 -1.832300803471453 -0.9758468681138095 0.14007181465847524 -0.49283004017465654 0.46762872947239548 0.012598565239801615 -0.74865998256299671 -0.095372833030536841
leaf_weight=68 72 127 1005 218 324 59 40 44 465 53 152 413 51 744
leaf_count=68 72 127 1005 218 324 59 40 44 465 53 152 413 51 744
internal_value=-0.000101668 -0.00108365 -0.00242574 0.00191882 0.000393586 -0.0030663 -0.010625 -0.00490385 0.00203811 -0.000121294 0.00533333 -0.00249035 -0.000774194 -0.003
internal_weight=3835 2629 1817 812 685 361 143 103 1206 741 224 517 464 1749
internal_count=3835 2629 1817 812 685 361 143 103 1206 741 224 517 464 1749
is_linear=0
shrinkage=0.03


Tree=343
num_leaves=15
num_cat=0
split_feature=3 22 77 79 42 41 22 81 81 42 36 38 4 24
split_gain=7.31851 12.731 10.8018 9.26404 7.94777 9.06392 9.84241 9.25102 17.6142 10.3095 19.977 9.73261 9.7705 11.5406
threshold=21.125000000000004 11.788600802421572 -220.40539968013761 13.666631169599286 311.64459013938909 45.230598330497749 14.886458277702333 3639.9758070707326 4632.2083827257165 53.763827443122871 0.31323815704088259 4002.913543957286 7.5000000000000009 54.500000000000007
decision_type=2 2 10 10 10 8 2 8 8 8 10 8 2 2
left_child=4 2 -2 -4 5 6 -1 -7 -9 10 -10 12 13 -11
right_child=1 -3 3 -5 -6 7 -8 8 9 11 -12 -13 -14 -15
leaf_value=-0.010537531771749827 -0.2659637916436064 -0.52300016682432471 1.1019461499440124 0.013756122512784507 -0.060159563784480487 -0.062707188760902283 -0.3661966236980031 0.49492296523420976 -0.033492467343722299 -0.034884894298578627 1.2327964317530067 0.029753254331813656 0.034952206997393771 -0.83433048743496685
leaf_weight=1729 49 42 174 93 172 227 48 176 67 357 75 296 235 45
leaf_count=1729 49 42 174 93 172 227 48 176 67 357 75 296 235 45
internal_value=0.000103011 0.00417827 0.00624606 0.0086194 -0.000323804 9.21376e-06 -0.0014342 0.00174442 0.00275559 0.00131041 0.00881119 0.0001606 -0.0019279 -0.00476427
internal_weight=3785 358 316 267 3427 3255 1777 1478 1251 1075 142 933 637 402
internal_count=3785 358 316 267 3427 3255 1777 1478 1251 1075 142 933 637 402
is_linear=0
shrinkage=0.03


Tree=344
num_leaves=15
num_cat=0
split_feature=0 56 65 35 23 16 84 79 27 67 25 3 50 65
split_gain=9.1003 11.1037 10.3052 9.73028 11.6345 11.4139 11.6873 11.076 9.42348 10.8018 9.59711 9.32847 11.2294 9.18388
threshold=77.500000000000014 -39.091741442680352 0.79983789530170046 13.804399808703971 12.118590116500856 2.5000000000000004 -320.22239355246217 58.953799434186791 0.867301787971826 320.86124658652335 0.86729559748427687 15.291666666656967 180.91653537750247 0.96953413898266549
decision_type=2 10 8 10 10 2 10 8 10 8 10 2 10 8
left_child=2 -2 -1 5 8 -3 7 -7 9 -5 -10 12 13 -8
right_child=1 3 -4 4 -6 6 11 -9 10 -11 -12 -13 -14 -15
leaf_value=-0.50127259139432889 1.1924304794377314 0.5045619446127948 -0.008011542962720242 -0.93379659708189922 -0.072085681155891063 0.34839721704574395 -0.28860377488532435 -0.027638213968778063 0.89622057963189905 0.052617716672324601 0.16681931055783741 -0.0091394451242314996 -0.013120987902249226 -1.1640853118640766
leaf_weight=40 48 68 2477 40 65 67 59 93 49 44 392 211 91 78
leaf_count=40 48 68 2477 40 65 67 59 93 49 44 392 211 91 78
internal_value=-0.000125556 0.00190658 -0.00117951 0.0013593 0.00416244 -0.00112275 -0.00245 0.00447205 0.00564639 -0.00352941 0.00739819 -0.00497727 -0.00917031 -0.0145652
internal_weight=3822 1305 2517 1257 590 667 599 160 525 84 441 439 228 137
internal_count=3822 1305 2517 1257 590 667 599 160 525 84 441 439 228 137
is_linear=0
shrinkage=0.03


Tree=345
num_leaves=15
num_cat=0
split_feature=79 53 82 27 67 27 61 27 80 77 85 80 16 77
split_gain=10.4575 9.99355 12.1838 8.71336 12.7104 11.9203 9.4414 8.94094 8.64132 9.58025 7.84271 9.60523 10.1997 9.91037
threshold=7.8004249859310795 7.5000000000000009 -143.96470149358109 0.9681334622823986 758.43548120771152 0.93156539046950015 0.055627235090668206 0.91880905295539461 -57.692863583564751 -194.7063606381416 415.35294777154928 105.73080992698671 22.500000000000004 40.936418890953071
decision_type=8 10 10 10 8 10 10 10 10 10 10 10 2 8
left_child=1 2 -1 4 5 6 -3 -8 -4 -10 11 -2 13 -13
right_child=10 3 8 -5 -6 -7 7 -9 9 -11 -12 12 -14 -15
leaf_value=0.23573673476138515 0.0004543260992415732 -0.3383311166713513 -0.56454550446118801 -0.4892360652883751 0.2181419341287906 -0.49062916804775408 -0.003105789415244331 0.61327673978986874 0.23600172909697206 -0.3513589182251059 -0.3199742477629291 0.32640293119521024 -0.015552577097265966 -0.22735046559740424
leaf_weight=46 2354 76 100 41 172 78 131 64 69 169 58 273 152 42
leaf_count=46 2354 76 100 41 172 78 131 64 69 169 58 273 152 42
internal_value=-0.000243074 -0.00297782 -0.0067013 -0.000426288 0.000632184 -0.00265714 0.000330882 0.00382653 -0.00867257 -0.00552301 0.00065625 0.000882353 0.00480769 0.00787975
internal_weight=3825 946 384 562 521 349 271 195 338 238 2879 2821 467 315
internal_count=3825 946 384 562 521 349 271 195 338 238 2879 2821 467 315
is_linear=0
shrinkage=0.03


Tree=346
num_leaves=15
num_cat=0
split_feature=5 79 40 61 5 0 29 84 60 77 61 61 25 61
split_gain=7.13925 10.3579 9.06936 10.3847 9.34935 11.2133 12.651 19.8856 15.8185 11.4111 9.26283 12.2001 8.82665 19.8825
threshold=68.534242630004897 5.2616281241160108 43.884955955166269 0.045894397222956788 34.926844000816352 89.500000000000014 0.93142977757074663 9.7929721673329677 142.86206722259524 -60.861146926879876 0.025519044153806941 0.10884758123495618 0.85825892857142871 0.47885419381046501
decision_type=10 10 8 8 10 2 8 8 10 10 8 8 8 10
left_child=2 -2 3 -1 5 10 8 -8 -7 -10 -4 -12 13 -3
right_child=1 12 4 -5 -6 6 7 -9 9 -11 11 -13 -14 -15
leaf_value=-0.0067661645853918624 -0.10629134970061685 -0.017851731405436069 0.055439330282114764 0.39460613411600698 0.029671877156414166 0.24039028964656436 -0.076278569110280178 1.4712000465843242 -0.018318220557398353 -0.7311757659799093 -0.25399056002006726 -0.024023971990718804 0.0076958947830878081 -0.63175387238163616
leaf_weight=86 298 119 151 122 842 183 72 104 106 61 102 782 748 47
leaf_count=86 298 119 151 122 842 183 72 104 106 61 102 782 748 47
internal_value=-0.000274582 -0.00217642 0.000608729 0.00660287 8.73544e-05 -0.00128681 0.00227704 0.00881356 -0.00102564 -0.00767857 -0.00309846 -0.00427119 -0.000590164 -0.00682635
internal_weight=3823 1212 2611 208 2403 1561 526 176 350 167 1035 884 914 166
internal_count=3823 1212 2611 208 2403 1561 526 176 350 167 1035 884 914 166
is_linear=0
shrinkage=0.03


Tree=347
num_leaves=15
num_cat=0
split_feature=26 79 77 4 35 31 79 31 65 44 5 28 85 85
split_gain=6.70242 6.21892 10.8632 9.40132 11.1192 10.4871 9.1623 9.01832 7.93281 9.45516 7.85716 8.94875 7.40815 6.93738
threshold=39.500000000000007 7.8591503867123143 -244.4408195018768 6.5000000000000009 29.944696969696974 19.530555555555562 7.4437034317191895 12.308012820512822 0.91964800630151877 76.755096912384047 8.5342426300048846 252.50000000000003 403.32884275913244 73.832158744335189
decision_type=2 10 8 2 10 10 8 10 10 10 10 2 10 8
left_child=-1 2 6 4 7 -5 -2 -4 9 -9 11 -7 -3 -12
right_child=1 12 3 5 -6 10 -8 8 -10 -11 13 -13 -14 -15
leaf_value=-0.087028967154251652 -0.081974700727291461 0.0096901805899984334 -0.052307776227040095 0.019905870343899845 0.12714585944146115 -0.23599128106098896 -0.54511958437460672 0.0021645705481567745 -0.59911552257016365 -0.49650808400868029 0.021835209027948003 0.86329999007848113 -0.59212771835599654 -0.44983540443963577
leaf_weight=44 89 2035 234 885 40 41 43 66 65 43 46 48 57 123
leaf_count=44 89 2035 234 885 40 41 43 66 65 43 46 48 57 123
internal_value=-0.000489637 -0.000353774 -0.00168794 -0.000998744 -0.00467706 0.000445804 -0.00992481 -0.00616137 -0.0113143 -0.00627273 -0.00486486 0.00233333 0.000745342 -0.00864706
internal_weight=3859 3815 1723 1591 448 1143 132 408 174 109 258 89 2092 169
internal_count=3859 3815 1723 1591 448 1143 132 408 174 109 258 89 2092 169
is_linear=0
shrinkage=0.03


Tree=348
num_leaves=15
num_cat=0
split_feature=71 16 77 81 20 16 77 64 70 26 62 3 29 20
split_gain=6.77217 11.403 10.1964 10.5557 9.00137 8.39081 8.68572 9.55134 8.22234 8.0272 7.70681 14.4991 12.1629 20.6133
threshold=16.500000000000004 7.5000000000000009 -146.72816359996793 6193.4521247148523 406.30552041530615 1.0000000180025095e-35 115.06792348623277 6.2325478309380182 0.069047619047619066 63.500000000000007 -0.12541305495146673 9.7916666666569672 0.90536031911422665 614.27329885959637
decision_type=8 2 8 8 8 2 10 8 10 2 10 2 10 8
left_child=5 -2 3 -3 -4 -1 8 -8 9 -7 11 -10 13 -13
right_child=1 2 4 -5 -6 6 7 -9 10 -11 -12 12 -14 -15
leaf_value=-0.35275196649333784 0.2578459780370555 -0.14793607046462348 -0.13750968168536729 1.0283087019590624 0.023919197248878834 -0.080336479767964972 -1.5516662789747411 -0.013065857592597751 0.34048287540992361 -0.0010497884282298659 -0.0027696526837055302 0.1338459642890657 0.11646310509536967 -0.1065532358774428
leaf_weight=129 79 50 71 88 304 78 41 78 196 96 1915 99 356 250
leaf_count=129 79 50 71 88 304 78 41 78 196 96 1915 99 356 250
internal_value=0.000391543 0.00333895 0.00169261 0.00863309 -0.00087766 -0.000148194 0.000163987 -0.00775 0.000481444 -0.00582857 0.000873269 0.00315965 0.00114731 -0.00282857
internal_weight=3830 592 513 138 375 3238 3109 119 2990 174 2816 901 705 349
internal_count=3830 592 513 138 375 3238 3109 119 2990 174 2816 901 705 349
is_linear=0
shrinkage=0.03


Tree=349
num_leaves=15
num_cat=0
split_feature=14 83 61 61 33 81 35 61 61 77 36 14 39 77
split_gain=7.53479 18.9514 9.44245 8.60434 16.3022 13.6027 11.5248 7.14838 6.80206 6.09508 5.9206 5.81387 9.25311 8.54291
threshold=151.58102049564917 -139.23711800575254 0.70522637192078563 0.88871008239993932 9.0650735294117677 7467.1375701427469 20.558191489361704 0.54649671122273558 0.049537092832068579 -95.138040244579301 0.83469945355191266 263.07857856803508 545.9483874399989 -87.414005398750291
decision_type=10 8 8 8 8 10 8 10 10 10 10 10 10 8
left_child=1 2 -1 4 -3 6 7 8 -6 10 -5 12 -2 -14
right_child=11 3 -4 9 5 -7 -8 -9 -10 -11 -12 -13 13 -15
leaf_value=-0.048711195794699208 -0.22416419989198794 0.38868120075569335 0.55443124091356333 -0.15389986904416397 -0.29669004721737263 -0.45683598983677154 0.17162786844572323 -0.42941571226264674 0.15998943425824891 -0.030152387874547236 -0.73829013786227016 0.00080845594627035658 0.01275967213770059 0.33800448703226327
leaf_weight=56 61 43 73 82 41 45 45 47 58 57 46 2717 257 194
leaf_count=56 61 43 73 82 41 45 45 47 58 57 46 2717 257 194
internal_value=0.000125556 -0.0029798 0.00715385 -0.00580645 -0.00246429 -0.00556962 -0.00203125 -0.00612245 -0.0015 -0.0108065 -0.0144186 0.000696594 0.00362573 0.00511062
internal_weight=3822 593 129 464 279 236 191 146 99 185 128 3229 512 451
internal_count=3822 593 129 464 279 236 191 146 99 185 128 3229 512 451
is_linear=0
shrinkage=0.03


Tree=350
num_leaves=15
num_cat=0
split_feature=7 85 22 34 42 26 66 77 42 26 29 40 77 37
split_gain=7.50023 10.9237 9.1302 7.26691 5.75485 13.3659 15.0461 10.5828 9.53799 9.03037 11.4978 10.1593 15.2789 14.5402
threshold=4965.4098579102001 46.726619561513267 3.1949021816253667 0.19742875859810025 37.93373095989228 64.500000000000014 -80.358425259590135 -170.43623745441434 19.710625886917118 75.500000000000014 0.93514435937644136 552.08949388554777 -70.249142825603471 1871.5589769507733
decision_type=10 8 2 10 8 2 10 10 10 2 10 10 10 10
left_child=4 -2 3 -3 5 -1 9 8 -8 10 -7 12 13 -11
right_child=1 2 -4 -5 -6 6 7 -9 -10 11 -12 -13 -14 -15
leaf_value=-0.18387782621140289 0.83362971676086672 0.21037437002314496 -0.045332893898965665 0.0076095785836413649 0.008944165625861587 0.42489810713899256 0.0092799408345438823 -0.36687472608790139 -0.39612702737310196 0.011518820294882416 -0.12040309199379536 -0.21879651571901229 0.82859602512222708 -0.35505696781866358
leaf_weight=181 41 42 97 43 1774 102 223 208 42 579 61 153 173 94
leaf_count=181 41 42 97 43 1774 102 223 208 42 579 61 153 173 94
internal_value=0.000165181 0.00549107 0.00229508 0.0094186 -0.000167084 -0.00135388 -0.00049511 -0.005 -0.00101504 0.00134136 0.00786585 0.00027 0.00155844 -0.000489614
internal_weight=3813 223 182 85 3590 1816 1635 473 265 1162 163 999 846 673
internal_count=3813 223 182 85 3590 1816 1635 473 265 1162 163 999 846 673
is_linear=0
shrinkage=0.03


Tree=351
num_leaves=15
num_cat=0
split_feature=81 81 69 33 76 28 14 29 26 66 28 81 0 77
split_gain=6.09642 10.3647 5.86776 11.8509 10.1732 12.183 7.93196 7.57031 6.8386 5.80705 11.9165 15.269 10.1185 9.07197
threshold=26965.108477473263 35967.689931035049 295.22637330112906 12.285960591133007 -85.565303683280931 184.50000000000003 293.65914442164484 0.93246094195461293 110.50000000000001 231.32891786098483 283.50000000000006 5930.6890372037897 181.50000000000003 -118.72150576114653
decision_type=10 10 10 8 10 2 10 10 2 10 2 8 2 8
left_child=2 -2 9 6 5 -5 -4 -7 -8 -1 11 13 -13 -11
right_child=1 -3 3 4 -6 7 8 -9 -10 10 -12 12 -14 -15
leaf_value=0.0027890958630240447 -0.46850714388123166 0.0016266960682213493 0.13033758407535656 0.79424560876590566 -0.056465413579860381 -0.10545882504408666 -0.061716201669893847 0.26175518492918398 -0.71084782367545929 0.26838287838870778 0.78389212307418654 -0.26704322767231353 -1.0517582234597731 -0.17791810187613691
leaf_weight=2956 45 77 68 87 45 63 73 42 41 56 52 116 41 41
leaf_count=2956 45 77 68 87 45 63 73 42 41 56 52 116 41 41
internal_value=0.000228707 -0.00634146 0.000448126 0.00378571 0.00819328 0.0111917 -0.00196721 0.00424528 -0.00678261 1.8388e-05 -0.00390879 -0.00658824 -0.0123418 0.0027551
internal_weight=3803 122 3681 419 237 192 182 105 114 3262 306 254 157 97
internal_count=3803 122 3681 419 237 192 182 105 114 3262 306 254 157 97
is_linear=0
shrinkage=0.03


Tree=352
num_leaves=15
num_cat=0
split_feature=1 28 43 62 48 74 24 24 83 56 85 60 84 22
split_gain=7.21323 8.56911 7.30598 5.246 9.23761 10.2523 12.8018 10.2742 11.0956 14.1974 8.16842 8.06773 7.2246 7.45293
threshold=609.24851906299602 131.50000000000003 8.0753449450342316 -0.12141781434491902 -146.63568774859107 243.3351795038416 71.500000000000014 45.500000000000007 -21.933028578758236 -36.060723225275673 -25.279912968476609 84.448752164840712 62.365854303042106 8.1502711772918719
decision_type=2 2 8 8 10 8 2 2 8 10 8 8 10 2
left_child=1 -1 -2 4 -4 -6 7 8 11 10 -10 -7 13 -11
right_child=2 -3 3 -5 5 6 -8 -9 9 12 -12 -13 -14 -15
leaf_value=-0.06777965974232103 0.51673609692373745 0.15676965772005338 -0.31268327369349092 -0.008498667793807967 0.89959592039077496 0.023299450880316215 -0.50131675569483702 0.43620797456511595 -0.018385512089004487 -0.20296777525423562 0.59073602181332707 0.7401946320523507 -0.41995879112737849 0.2312468933988355
leaf_weight=49 41 231 65 2869 49 63 44 95 52 96 48 45 44 42
leaf_count=49 41 231 65 2869 49 63 44 95 52 96 48 45 44 42
internal_value=7.04225e-05 0.00469751 -0.000295442 -0.000444065 0.00200311 0.00321244 0.00198113 0.00339506 0.00122762 -0.00190813 0.00712871 0.0093578 -0.00688525 -0.00345324
internal_weight=3833 280 3553 3512 643 578 529 485 390 282 100 108 182 138
internal_count=3833 280 3553 3512 643 578 529 485 390 282 100 108 182 138
is_linear=0
shrinkage=0.03


Tree=353
num_leaves=15
num_cat=0
split_feature=51 76 5 77 41 51 70 76 70 27 64 17 83 61
split_gain=10.6924 11.678 12.7822 13.6664 9.48275 9.89715 8.94128 8.46111 9.85012 12.3376 9.24202 8.34198 13.6853 11.593
threshold=-3029.9999999999995 2410.3431358337407 68.534242630004897 -28.138663232326504 156.80048513412478 -230.75148093700406 0.069047619047619066 1230.4449925422671 0.65686274509803932 0.862622549019608 4.0749028980056723 35.000000000000007 -99.844379067420945 0.75195473014107395
decision_type=8 10 10 8 8 8 10 10 10 10 10 2 8 8
left_child=-1 2 -2 6 -5 -6 -4 8 -8 -10 11 12 -11 -14
right_child=1 -3 3 4 5 -7 7 -9 9 10 -12 -13 13 -15
leaf_value=-0.12323451007061777 0.0096798061253385009 0.29222296624411531 -0.79493397940890909 0.067344946916683052 0.02057704593119182 -0.3211670614485363 0.14955333286938638 0.20085300454056407 -0.46199120568020452 0.12570370937757025 0.045082292242528459 -0.33777854920849248 0.021280092796749698 -0.46893845395333256
leaf_weight=103 2594 108 71 262 46 50 40 59 65 68 101 150 54 61
leaf_count=103 2594 108 71 262 46 50 40 59 65 68 101 150 54 61
internal_value=-3.13071e-05 0.000233244 -5.7979e-05 -0.00288911 0.00183844 -0.00618557 -0.00541791 -0.00420701 -0.00538889 -0.00654 -0.00468966 -0.00709581 -0.00277174 -0.00905172
internal_weight=3832 3729 3621 1027 358 96 669 598 539 499 434 333 183 115
internal_count=3832 3729 3621 1027 358 96 669 598 539 499 434 333 183 115
is_linear=0
shrinkage=0.03


Tree=354
num_leaves=15
num_cat=0
split_feature=50 13 14 71 62 9 62 71 50 16 28 80 62 84
split_gain=5.40489 7.25841 6.64854 13.9931 9.26271 13.2409 10.0814 9.86124 14.9013 10.8428 15.8056 11.7625 9.2309 9.20626
threshold=4344.8655530214319 2550.0000000000005 151.58102049564917 10.500000000000002 -0.12447698599024462 630.00000000000011 -0.1602186320006723 7.5000000000000009 45.726701140403755 26.500000000000004 282.50000000000006 72.573922872543349 -0.20439491030032741 -157.01390918095902
decision_type=10 10 10 10 10 2 10 8 10 2 2 8 10 8
left_child=1 2 3 -1 6 7 12 8 -6 -9 11 -11 -4 -5
right_child=-2 -3 4 13 5 -7 -8 9 -10 10 -12 -13 -14 -15
leaf_value=-0.43265164073383544 -0.079371664042856047 0.25126359996851999 0.015977964694217677 0.28066197806859233 -0.053584661093934248 -0.52242265290078083 0.31891253733347269 -0.0022584893109740631 0.97306905266272481 -0.10981107059236539 0.32748716610245993 -0.42005277142734526 -0.11694230298952418 -0.017480788011460597
leaf_weight=166 65 44 977 69 113 49 182 1381 83 90 41 95 161 292
leaf_count=166 65 44 977 69 113 49 182 1381 83 90 41 95 161 292
internal_value=-0.000126017 2.40385e-05 -0.000121622 -0.00323864 0.000397101 -0.000971398 0.00231643 -0.00054878 0.0057868 -0.00132463 -0.00740088 -0.011129 0.00126427 8.28729e-05
internal_weight=3808 3743 3699 527 3172 1852 1320 1803 196 1607 226 185 1138 361
internal_count=3808 3743 3699 527 3172 1852 1320 1803 196 1607 226 185 1138 361
is_linear=0
shrinkage=0.03


Tree=355
num_leaves=15
num_cat=0
split_feature=41 39 36 8 42 79 56 79 30 53 29 36 68 29
split_gain=7.17796 9.60083 10.7802 10.8025 15.7442 9.49306 9.63893 8.29287 9.6817 11.3182 9.17542 7.14313 10.9248 9.47204
threshold=314.47353982925421 5442.543584670746 0.17033365570599615 4.103933004722145 93.317190408706679 26.587214177763652 352.41871488094336 33.487318697916308 36.050000000000004 7.5000000000000009 0.84954321287088697 0.17416582406471184 -0.0068633183697481776 0.90303869722152286
decision_type=10 10 10 8 10 10 10 10 10 10 10 8 10 10
left_child=1 7 3 -3 -5 6 -2 11 9 -9 -11 12 13 -1
right_child=5 2 -4 4 -6 -7 -8 8 -10 10 -12 -13 -14 -15
leaf_value=0.031074715160287897 -0.1348049962469875 0.060902887219037964 0.51225867149780124 -0.086743970465907136 0.1246828783718459 -0.23717313026820699 0.05425289086402707 0.2385930112069046 0.15835605954762386 0.01908935874384959 -0.16240310317695172 -0.016173914717692455 -0.018692700023038102 0.59196055680393445
leaf_weight=194 92 46 83 80 56 53 109 126 41 58 92 2470 217 111
leaf_count=194 92 46 83 80 56 53 109 126 41 58 92 2470 217 111
internal_value=-7.83494e-05 0.000268531 0.00575188 0.00163934 -0.00262774 -0.00494118 -0.00193069 -0.000172205 0.00443396 0.00238267 -0.00317881 -0.000661544 0.0025239 0.00617647
internal_weight=3828 3574 265 182 136 254 201 3309 317 276 150 2992 522 305
internal_count=3828 3574 265 182 136 254 201 3309 317 276 150 2992 522 305
is_linear=0
shrinkage=0.03


Tree=356
num_leaves=15
num_cat=0
split_feature=28 38 16 65 8 77 14 56 50 34 84 67 62 33
split_gain=5.99058 6.52319 13.8106 17.2982 12.1917 13.5458 12.4407 14.8117 11.9044 9.58057 9.56666 9.4465 17.2884 8.518
threshold=463.50000000000006 2940.5795227696012 17.500000000000004 0.96198062156380149 5.8923942482609677 -100.91493034362792 441.7357615193219 -45.100528319676705 188.53424263000491 0.31311274509803927 -1.1875472068786619 211.55950678719415 0.087483853209192122 14.001515151515154
decision_type=2 10 2 8 10 10 10 10 8 10 10 10 10 10
left_child=1 4 9 -4 6 -6 -1 10 -5 11 -8 12 13 -3
right_child=-2 2 3 8 5 -7 7 -9 -10 -11 -12 -13 -14 -15
leaf_value=0.004337428343212082 -0.20218857467107879 0.07056165172462471 -0.385553463891879 0.72901980390044641 1.0102138588525189 0.00071074621400928344 0.12471538144077089 -0.27993947378382589 -0.032846551423798637 -0.30947258653363929 -0.092010830187422704 0.34281287109910907 -0.28944416762108621 0.0039813391708406606
leaf_weight=1537 76 107 70 231 77 104 92 386 52 122 65 139 100 685
leaf_count=1537 76 107 70 231 77 104 92 386 52 122 65 139 100 685
internal_value=0.000491675 0.000660828 0.00218978 0.00737288 -0.00035809 0.00708791 -0.00100913 -0.00490809 0.010669 0.00059792 0.0028481 0.0015407 0.000403135 0.00189155
internal_weight=3843 3767 1506 353 2261 181 2080 543 283 1153 157 1031 892 792
internal_count=3843 3767 1506 353 2261 181 2080 543 283 1153 157 1031 892 792
is_linear=0
shrinkage=0.03


Tree=357
num_leaves=15
num_cat=0
split_feature=8 35 39 26 0 82 26 37 82 25 82 39 60 5
split_gain=6.24869 13.5864 11.3639 13.5761 22.7367 13.2234 11.1621 14.923 16.259 10.6111 10.2691 10.2634 10.2402 10.3264
threshold=3.8732310360510218 22.292033457852856 2406.1262077703846 83.500000000000014 86.500000000000014 -8.5624464352925589 92.500000000000014 1482.095782029741 120.11749581495921 0.93969696969696981 229.24099290370944 2105.40759992417 -134.91144776344296 4.0671899318695077
decision_type=8 10 8 2 2 8 2 8 10 8 8 10 8 10
left_child=1 12 3 5 -5 -2 -4 -8 9 -9 -3 -7 -1 -14
right_child=2 10 6 4 -6 11 7 8 -10 -11 -12 -13 13 -15
leaf_value=-0.96701086193541896 0.42726844866890829 1.6196711823411907 0.020117552312635921 0.085753732167559299 1.6158702399781435 -0.24463763458876514 -0.32696222454009449 -0.012169759708361205 -0.92362472379144789 0.13701652531791697 0.0019780399043208795 0.21856440823996592 -0.10684523181994685 -0.0037066053221158366
leaf_weight=55 49 47 635 354 75 159 213 260 64 112 69 40 301 1404
leaf_count=55 49 47 635 354 75 159 213 260 64 112 69 40 301 1404
internal_value=5.4716e-05 -0.00118274 0.00123853 0.00438053 0.00760465 -0.00120482 -0.000420233 -0.00318462 0 0.00241287 0.00871795 -0.00465 -0.00183986 -0.00142438
internal_weight=3837 1876 1961 677 429 248 1284 649 436 372 116 199 1760 1705
internal_count=3837 1876 1961 677 429 248 1284 649 436 372 116 199 1760 1705
is_linear=0
shrinkage=0.03


Tree=358
num_leaves=15
num_cat=0
split_feature=70 82 34 66 81 84 79 79 14 14 20 14 79 82
split_gain=6.35195 11.2883 10.6471 9.93498 8.76033 19.0523 7.35861 8.73337 11.0173 12.0797 10.833 11.4881 11.4574 10.7935
threshold=0.91287878787878796 -15.64113014936447 0.039230769230769243 -175.74135184288022 17718.926158666614 -65.605557998021439 30.851612822748645 18.687737280866497 39.635943674464663 183.90723823535441 599.08346462249767 247.18402282261374 16.012924008466545 -38.34798336029052
decision_type=8 8 8 10 10 10 10 10 8 8 10 8 8 10
left_child=1 3 -2 -1 6 -6 7 8 -4 -10 11 12 -11 -9
right_child=2 -3 4 -5 5 -7 -8 13 9 10 -12 -13 -14 -15
leaf_value=0.026922536647973477 0.69660006264197305 0.0036603482059360546 0.29415619583872599 0.59693381656394418 0.023320062057708559 -0.51368559776888156 0.10436953985469614 -0.36338734721359778 -0.10502349615924778 0.33361824387502903 -0.32292833907623497 -0.0073532966604063429 -0.30479937376402788 -0.0071272251983052108
leaf_weight=105 40 891 100 61 80 99 203 100 176 177 41 1602 50 151
leaf_count=105 40 891 100 61 80 99 203 100 176 177 41 1602 50 151
internal_value=0.000201186 0.00218336 -0.000542553 0.00934132 -0.000766187 -0.00716667 -0.000322953 -0.000788157 -0.000167676 -0.000644846 6.41368e-05 0.000409836 0.00671053 -0.00607143
internal_weight=3876 1057 2819 166 2779 179 2600 2397 2146 2046 1870 1829 227 251
internal_count=3876 1057 2819 166 2779 179 2600 2397 2146 2046 1870 1829 227 251
is_linear=0
shrinkage=0.03


Tree=359
num_leaves=15
num_cat=0
split_feature=72 72 80 1 79 85 3 76 29 79 39 7 78 28
split_gain=5.4958 6.94214 5.50347 5.48128 9.91641 8.83398 8.7472 11.9367 12.1918 11.3583 10.5702 8.78693 8.88407 8.73797
threshold=65.779366493225112 42.419218420982368 26.848863005638126 679.7200324535371 9.5579601852469214 -15.899140298366545 15.458333333343036 266.24217844009405 0.92713891197683462 15.849833380078316 1967.8965117459918 1341.998047577684 0.87500000000000011 469.50000000000006
decision_type=10 10 8 2 8 10 2 10 10 10 10 10 10 2
left_child=1 3 -2 13 5 -5 7 9 -9 10 -6 -8 -13 -1
right_child=2 -3 -4 4 6 -7 11 8 -10 -11 -12 12 -14 -15
leaf_value=0.010479228175266876 0.02727240982474308 0.63168960155555942 -0.39232804787147202 -0.015265800396683175 -0.36797449538910276 -0.40546369521545961 -0.070224982099506617 0.2733421128121889 -0.22937325892102967 -0.56188322403131763 0.029611661583878728 0.23180068674713092 0.022758908520338891 -0.53664262677843633
leaf_weight=2401 46 73 91 161 90 152 88 105 61 93 178 129 99 42
leaf_count=2401 46 73 91 161 90 152 88 105 61 93 178 129 99 42
internal_value=7.87402e-06 0.000228696 -0.00586957 4.16667e-05 -0.00165946 -0.00621019 3.5545e-05 -0.00232955 0.00431138 -0.00538674 -0.00223048 0.00397476 0.00707424 0.000846972
internal_weight=3809 3672 137 3599 1156 313 843 527 166 361 268 316 228 2443
internal_count=3809 3672 137 3599 1156 313 843 527 166 361 268 316 228 2443
is_linear=0
shrinkage=0.03


Tree=360
num_leaves=15
num_cat=0
split_feature=1 4 3 38 57 84 16 3 63 83 42 41 76 19
split_gain=7.22851 11.5496 7.79651 7.64161 12.3195 10.4621 10.2832 15.1547 13.08 11.2402 8.19328 17.3714 10.7714 11.4132
threshold=623.82469952106487 7.5000000000000009 23.625000000000004 2940.5795227696012 10.500000000000002 -74.597456455230699 7.5000000000000009 12.125000000000002 110.50631587920952 38.909331560134895 107.00795543193819 100.40241789817811 353.73220610618597 510.00000000000006
decision_type=2 2 2 10 10 10 2 2 8 10 10 10 10 8
left_child=1 -1 3 4 6 -6 7 8 -2 -9 11 12 13 -8
right_child=2 -3 -4 -5 5 -7 10 9 -10 -11 -12 -13 -14 -15
leaf_value=-0.015915880740834554 -0.77976740996009541 0.2123501817665229 -0.42883484658401411 0.010371505146103365 -0.73738118038036571 -0.061322635696815411 -0.24583160683351091 0.33679371056177687 0.20112324101250947 -0.0038939889393313364 -0.13861287932992269 0.49732196895156355 0.03868631369866378 -0.024987268476315033
leaf_weight=238 54 231 51 1302 80 103 49 133 76 75 387 88 269 693
leaf_count=238 54 231 51 1302 80 103 49 133 76 75 387 88 269 693
internal_value=-0.000101828 0.00338298 -0.00058911 -0.000407855 -0.00156873 -0.00896739 -0.000821918 0.00389381 -0.00412214 0.00889952 -0.00189644 -0.000572727 -0.00168972 -0.00355316
internal_weight=3829 469 3360 3309 2007 183 1824 338 130 208 1486 1099 1011 742
internal_count=3829 469 3360 3309 2007 183 1824 338 130 208 1486 1099 1011 742
is_linear=0
shrinkage=0.03


Tree=361
num_leaves=15
num_cat=0
split_feature=77 77 64 81 16 84 69 27 27 53 68 29 56 73
split_gain=6.35108 10.9521 13.1595 14.8252 14.6396 10.5338 14.0916 12.4304 9.56943 9.72372 12.285 14.2621 15.5223 9.83969
threshold=-244.4408195018768 -146.72816359996793 4.1086542204485008 6509.7285230159769 18.500000000000004 -57.23676792780558 -110.29558554812084 0.87658329324996009 0.95706605222734276 7.5000000000000009 -0.066036255243363123 0.90423493926795484 -36.060723225275673 7.1756527423858651
decision_type=8 8 8 8 2 8 8 10 10 8 10 8 10 8
left_child=-1 2 4 -4 -2 -5 -7 -8 9 10 11 13 -13 -3
right_child=1 8 3 5 -6 6 7 -9 -10 -11 -12 12 -14 -15
leaf_value=-0.026474346461318382 0.16753079452068306 -0.62361335032837328 -0.0058832849716870328 0.82287070707395649 -0.5939289354606343 -0.035621989273570152 0.030556827577034866 1.0080212751700388 -0.058378409313162648 0.017202069816992387 -0.18502934613252689 1.1324780878060052 0.095021550865458479 0.010332809428665967
leaf_weight=534 145 71 183 63 82 82 73 123 457 1418 337 48 120 109
leaf_count=534 145 71 183 63 82 82 73 123 457 1418 337 48 120 109
internal_value=0.000117005 0.000606884 0.00378989 0.0064 -0.00223684 0.0100877 0.00752688 0.0118782 -0.000327997 0.000527567 -0.00240525 0.00154728 0.00781065 -0.00430939
internal_weight=3845 3311 751 524 227 341 278 196 2560 2103 685 348 168 180
internal_count=3845 3311 751 524 227 341 278 196 2560 2103 685 348 168 180
is_linear=0
shrinkage=0.03


Tree=362
num_leaves=15
num_cat=0
split_feature=64 68 84 27 26 26 57 62 67 62 34 64 78 84
split_gain=6.38059 9.99808 13.6773 16.9806 12.3002 11.3999 10.1634 11.062 8.43323 11.0947 14.1558 7.31288 7.19502 9.8482
threshold=4.4334419921958697 -0.16036284123180808 -99.625032365322099 0.93424141339263667 141.50000000000003 106.50000000000001 6.5000000000000009 0.011259156098687219 186.65129619313959 0.10843296388170263 0.22611077297626295 3.7588895607734738 0.70833333333333337 -67.569088697433457
decision_type=8 8 10 10 2 2 10 10 10 8 10 10 8 10
left_child=1 5 3 -3 6 -1 -4 -8 12 -10 -11 -9 13 -2
right_child=8 2 4 -5 -6 -7 7 11 9 10 -12 -13 -14 -15
leaf_value=-0.34562549780479074 -0.00085497036491248243 -0.41048026066458249 -0.093700286868983004 0.19594125533981424 -0.30301106268703876 -0.0074593761355499309 -0.0056706096146725837 0.1053030640513458 -0.051149774374782665 1.1659713652521384 0.031098636744943224 0.50690721016106788 0.010751360604177513 -0.19998561408349644
leaf_weight=55 446 229 129 70 77 60 198 131 56 57 48 141 1967 163
leaf_count=55 446 229 129 70 77 60 198 131 56 57 48 141 1967 163
internal_value=0.000180251 -0.00175985 -0.000768443 -0.0061 0.00159527 -0.0100862 0.00305 0.00509554 0.000953251 0.00759259 0.0133019 0.00901099 0.000535506 -0.00231148
internal_weight=3827 1090 975 299 676 115 599 470 2737 161 105 272 2576 609
internal_count=3827 1090 975 299 676 115 599 470 2737 161 105 272 2576 609
is_linear=0
shrinkage=0.03


Tree=363
num_leaves=15
num_cat=0
split_feature=50 3 59 85 30 25 64 26 34 39 0 23 41 25
split_gain=7.60068 7.06123 8.08705 8.67604 8.53962 12.3747 7.6839 12.0215 11.664 11.121 10.7093 10.1145 9.49058 13.2839
threshold=4434.4613299369821 5.6250000000000009 91.371687412261977 25.882110277811694 1.9500000000000002 0.91125175808720116 4.4334419921958697 137.50000000000003 0.3816526610644258 1473.5192567868955 124.50000000000001 2.1185901165008549 40.624070882797248 0.95729483282674788
decision_type=10 2 10 10 10 10 8 2 10 10 2 10 10 10
left_child=1 2 3 4 -1 -6 9 -8 11 10 -3 -9 13 -11
right_child=-2 6 -4 -5 5 -7 7 8 -10 12 -12 -13 -14 -15
leaf_value=-0.41534297757228805 -0.076935209053122913 0.0078347793057662943 0.24057694930964074 -0.19167441204103952 -0.026851083762071112 0.091647390560009312 0.005677675230565029 0.69207991010607595 -0.07401120569428464 -0.3589944591131437 1.6666421724953091 0.12413572558407313 -0.0030822348827803125 0.033158302098485276
leaf_weight=48 61 287 55 82 103 75 1905 117 72 280 43 276 391 46
leaf_count=48 61 287 55 82 103 75 1905 117 72 280 43 276 391 46
internal_value=0.000257678 0.000428458 -0.00354396 -0.00543689 -0.00237885 0.000670391 0.000851375 0.00179671 0.00611588 -0.00128817 0.00326284 0.00814721 -0.0033844 -0.00715596
internal_weight=3841 3780 363 308 226 178 3417 2370 465 1047 330 393 717 326
internal_count=3841 3780 363 308 226 178 3417 2370 465 1047 330 393 717 326
is_linear=0
shrinkage=0.03


Tree=364
num_leaves=15
num_cat=0
split_feature=15 83 5 85 26 66 68 62 0 65 41 42 77 77
split_gain=7.14121 12.5506 11.4116 9.61726 8.78483 7.96039 11.5074 10.2029 7.86689 8.67877 7.70241 14.6025 12.574 11.6416
threshold=27.500000000000004 121.38491451740266 4.0671899318695077 -170.2211769024531 114.50000000000001 -110.05908977985381 0.12377288823830827 0.050193785681332322 23.500000000000004 0.94762101116797581 -68.474479436874375 -56.384800434112542 -192.25392317771909 -84.791746497154222
decision_type=2 8 10 10 2 10 10 10 2 10 8 8 8 8
left_child=10 3 4 -2 -3 -5 7 -7 9 -4 13 12 -12 -1
right_child=1 2 8 5 -6 6 -8 -9 -10 -11 11 -13 -14 -15
leaf_value=0.0015284021843727301 -0.46778122414600543 -0.021512117781903962 0.074122540713911667 0.22399220166700712 0.24188084995959802 0.053121040469814106 0.52929533253211358 -0.41220297634605013 -0.26161920054139592 -0.097338373307945675 0.1224600159214049 -0.0028500743680678763 -0.57000527481192464 0.50049001949884087
leaf_weight=306 47 41 41 154 66 183 46 56 67 78 40 2438 110 132
leaf_count=306 47 41 41 154 66 183 46 56 67 78 40 2438 110 132
internal_value=0.000401997 0.00296154 -0.00193878 0.00591376 0.00583333 0.00729545 0.0043007 0.001625 -0.00641711 -0.00175 -0.000257681 -0.000880649 -0.00993377 0.00341686
internal_weight=3805 779 293 486 107 439 285 239 186 119 3026 2588 150 438
internal_count=3805 779 293 486 107 439 285 239 186 119 3026 2588 150 438
is_linear=0
shrinkage=0.03


Tree=365
num_leaves=15
num_cat=0
split_feature=20 20 32 4 1 80 5 77 68 16 61 15 65 67
split_gain=4.9501 7.30207 7.10585 4.87663 14.8816 12.6863 12.1879 10.3735 10.0302 8.43997 7.91684 6.65488 11.9165 6.46458
threshold=87.413296341896071 147.41329634189609 0.86335403726708082 8.5000000000000018 631.37168741226208 34.410676717758186 8.5342426300048846 -51.525978863239281 -0.044364749998917943 6.5000000000000009 0.84458964745171738 15.500000000000002 0.88109221561552475 -239.93171453448676
decision_type=8 8 10 2 2 8 8 10 8 2 10 2 10 8
left_child=2 -2 -1 13 5 -5 8 10 -6 -7 -8 -10 -13 -3
right_child=1 3 -4 4 6 9 7 -9 11 -11 -12 12 -14 -15
leaf_value=-0.41354021860301515 0.16375594031544782 -0.61571027984141302 -0.018543088389596712 0.66233046500092174 0.37595453594635386 -0.19480744958093721 -0.13059517186112884 0.11374136538188138 0.060686294228529572 0.16151307967565193 0.17065181573925045 -0.15268659481822142 0.32017539686541785 -0.0029412455627330302
leaf_weight=40 69 56 62 50 71 43 276 81 59 90 41 65 56 2733
leaf_count=40 69 56 62 50 71 43 276 81 59 90 41 65 56 2733
internal_value=7.90931e-05 0.000260092 -0.00640777 7.45445e-05 0.00208884 0.00961957 -4.61538e-05 -0.00330827 0.00511905 0.00470149 -0.00575472 0.00132597 -0.00270492 -0.000526882
internal_weight=3792 3690 102 3621 832 183 649 398 251 133 317 180 121 2789
internal_count=3792 3690 102 3621 832 183 649 398 251 133 317 180 121 2789
is_linear=0
shrinkage=0.03


Tree=366
num_leaves=15
num_cat=0
split_feature=51 70 42 17 77 70 81 80 39 39 17 77 8 85
split_gain=6.93874 6.29796 11.2961 9.74965 9.72696 8.56169 7.69618 7.6876 8.18271 10.3586 13.5767 10.8796 13.0069 14.4899
threshold=-4344.8655530214301 0.65686274509803932 396.26926481723791 5.0000000000000009 -146.72816359996793 0.46862745098039221 7029.9869412183771 355.90737199783331 2381.6430426309776 4435.0037779288059 48.000000000000007 -120.90247732400893 4.9637245475861684 81.008234977722182
decision_type=8 10 10 2 8 10 10 10 10 10 2 10 10 8
left_child=-1 4 3 -3 6 -6 -2 8 -5 11 -11 -10 13 -13
right_child=1 2 -4 7 5 -7 -8 -9 9 10 -12 12 -14 -15
leaf_value=-0.080742122091428503 0.017156732164845461 -0.57921121860366154 -0.40017241719134561 0.0094121577555527827 -0.0024674136472808096 0.12890185543107177 0.77419979458684784 1.2008403495583395 -0.17295099819849252 0.10354913904220549 -0.17814965099073732 0.72483262194772957 -0.38294549460446753 -0.021684452248886935
leaf_weight=58 101 78 40 1701 580 76 91 57 400 200 83 79 158 129
leaf_count=58 101 78 40 1701 580 76 91 57 400 200 83 79 158 129
internal_value=3.91441e-05 0.000198728 -0.000461381 -0.000239085 0.0024735 0.000730594 0.00839378 5.34188e-05 -0.000174482 -0.00225714 0.00264085 -0.0040678 -0.000326975 0.0045933
internal_weight=3831 3773 2925 2885 848 656 192 2807 2750 1049 283 766 366 208
internal_count=3831 3773 2925 2885 848 656 192 2807 2750 1049 283 766 366 208
is_linear=0
shrinkage=0.03


Tree=367
num_leaves=15
num_cat=0
split_feature=3 40 50 29 29 66 3 15 43 62 39 35 27 71
split_gain=6.41211 8.19362 19.1305 10.7606 10.5147 13.239 15.1412 10.5767 9.32585 7.73944 7.3307 12.3088 12.0297 19.1193
threshold=6.0416666666569663 1207.9853058364151 120.91653537750246 0.9400460829493088 0.87087712939470829 461.25809431076055 15.208333333343036 21.500000000000004 1026.5214799030352 0.046823476996822079 2364.198827776172 17.074403254972882 0.89731607955907033 13.500000000000002
decision_type=2 10 10 10 10 8 2 2 10 8 10 10 10 10
left_child=-1 8 9 4 7 -6 -7 -4 10 -3 11 -2 -12 -14
right_child=1 2 3 -5 5 6 -8 -9 -10 -11 12 -13 13 -15
leaf_value=-0.02070449447214643 0.0012994992568782493 0.019648177357699692 0.0010275084068584327 0.58207337412936366 0.065992349657548965 -1.1030962769566934 -0.029326208700395158 0.66609167206134312 -0.38853335661467819 0.952514848890194 -0.16723624190097131 0.14588356214461981 -0.039079794803851139 0.28115292584625973
leaf_weight=413 1687 45 169 50 68 49 58 43 84 59 293 275 363 141
leaf_count=413 1687 45 169 50 68 49 58 43 84 59 293 275 363 141
internal_value=0.000118483 0.000549483 0.00392989 0.00116438 -0.000541237 -0.00596591 -0.0125 0.00394366 -9.49367e-05 0.0154286 0.000206522 0.00119205 -0.00221805 0.000594059
internal_weight=3797 3384 541 437 387 175 107 212 2843 104 2759 1962 797 504
internal_count=3797 3384 541 437 387 175 107 212 2843 104 2759 1962 797 504
is_linear=0
shrinkage=0.03


Tree=368
num_leaves=15
num_cat=0
split_feature=42 42 37 15 63 69 7 69 66 80 66 27 66 39
split_gain=7.049 12.3118 10.7046 8.68584 10.3572 9.57593 11.1311 10.3444 9.00464 10.8086 8.58992 9.61424 11.9712 9.63463
threshold=-87.589705586433396 -57.390140414237969 1279.1004785370958 29.500000000000004 -48.482109387119671 -29.792071955132133 4484.0249221317981 215.19787374694766 16.097652196884159 181.17023324966434 -321.72467041015619 0.98373876255949244 -85.260571718215928 1608.1173982266625
decision_type=10 10 8 2 8 10 10 10 8 10 8 10 10 10
left_child=10 2 -2 8 -5 -6 7 -7 9 -3 -1 12 -12 -13
right_child=1 3 -4 4 5 6 -8 -9 -10 -11 11 13 -14 -15
leaf_value=-0.761719123599647 -0.95783540383385357 -0.089931231376708776 -0.06871092476418289 -0.018087487201152382 0.71390621197441217 0.028459685796341852 -0.13604117809906641 0.59035724468553563 -0.00013562883589365526 -0.74232342960899145 0.10866772976363655 -0.38280071502731677 -0.032855924514989879 0.078389033242972916
leaf_weight=52 71 287 127 86 48 197 53 53 2121 45 494 86 87 41
leaf_count=52 71 287 127 86 48 197 53 53 2121 45 494 86 87 41
internal_value=1.55885e-05 -0.00062156 -0.0078392 -0.000124524 0.00376712 0.00605114 0.00404605 0.00669323 -0.000819071 -0.00540541 0.00260184 0.00346968 0.00510309 -0.00398438
internal_weight=3848 3088 198 2890 437 351 303 250 2453 332 760 708 581 127
internal_count=3848 3088 198 2890 437 351 303 250 2453 332 760 708 581 127
is_linear=0
shrinkage=0.03


Tree=369
num_leaves=15
num_cat=0
split_feature=30 52 1 43 69 82 30 63 63 82 30 41 71 22
split_gain=7.53627 9.84906 8.16846 13.2555 12.5624 8.09143 7.99108 13.5275 8.50109 7.94024 15.7249 11.7399 11.4164 8.73044
threshold=6.2500000000000009 18.17780697345734 679.7200324535371 551.10462312799984 -218.0483900145849 167.52266955375674 9.7500000000000018 -31.990754552238347 254.77502625953136 96.516979038715377 1.0000000180025095e-35 100.40241789817811 13.500000000000002 5.7453938722610483
decision_type=10 8 2 8 8 8 10 8 8 10 10 10 10 2
left_child=1 -1 4 -4 -3 9 7 -2 -9 10 -6 12 -12 -11
right_child=6 2 3 -5 5 -7 -8 8 -10 13 11 -13 -14 -15
leaf_value=-0.29372409509873731 -0.24572243102514113 0.68257354526342906 0.022167790089512019 -0.2178227617697692 -0.03235063080785501 0.13409179933742182 -0.0023703934359328646 0.18626406560824618 -0.17863273676833399 -0.36517451551885249 0.21907710675806155 0.8826831817104388 -0.019687444566740177 0.095323333205263899
leaf_weight=61 102 100 368 126 313 244 2060 73 93 71 82 48 49 63
leaf_count=61 102 100 368 126 313 244 2060 73 93 71 82 48 49 63
internal_value=-8.56253e-05 0.00155308 0.00204778 -0.00109091 0.00364573 0.00247991 -0.0011593 -0.0060223 -0.000718563 0.000669856 0.00243408 0.0095 0.00477273 -0.00577778
internal_weight=3853 1525 1464 494 970 870 2328 268 166 626 492 179 131 134
internal_count=3853 1525 1464 494 970 870 2328 268 166 626 492 179 131 134
is_linear=0
shrinkage=0.03


Tree=370
num_leaves=15
num_cat=0
split_feature=70 22 79 28 40 17 69 3 28 8 65 29 8 4
split_gain=8.49105 10.6765 9.2235 8.10977 14.3014 12.8001 17.6874 12.0653 11.4636 12.1239 10.0216 10.239 11.8659 15.9723
threshold=0.91287878787878796 2.1272863149642949 396.46469057803557 223.50000000000003 1152.6552103302899 24.500000000000004 481.58338899870176 11.708333333343036 282.50000000000006 3.9372509594035603 0.86844968041865866 0.89675666199158488 4.5699652334725185 8.5000000000000018
decision_type=10 2 10 2 10 2 8 2 2 10 8 10 10 2
left_child=1 -1 -3 4 -2 8 10 -6 9 -5 -7 -12 -13 -14
right_child=3 2 -4 5 7 6 -8 -9 -10 -11 11 12 13 -15
leaf_value=-0.013306638226976161 -0.06334928575277729 0.03725706040714577 -0.079775265878720275 -0.10913975590644731 -0.37689621113830923 -0.63081935652184762 -0.54351683525319849 0.37043156025716595 -0.37134838124950559 1.1688739542472761 -0.088067095269880727 0.33315584398210663 -0.095815679210862606 0.28744563541136636
leaf_weight=343 1193 1045 84 202 43 57 40 67 110 40 67 356 139 67
leaf_count=343 1193 1045 84 202 43 57 40 67 110 40 67 356 139 67
internal_value=-3.89206e-05 0.00175153 0.00315929 -0.0011461 -0.00273773 0.000778499 0.00305365 0.00756757 -0.00390935 -0.000246914 0.00419214 0.00528571 0.00660746 0.000869565
internal_weight=3853 1472 1129 2381 1303 1078 726 110 352 242 686 629 562 206
internal_count=3853 1472 1129 2381 1303 1078 726 110 352 242 686 629 562 206
is_linear=0
shrinkage=0.03


Tree=371
num_leaves=15
num_cat=0
split_feature=3 52 4 85 36 35 48 79 38 68 29 50 85 79
split_gain=7.08488 5.95877 6.98399 13.236 10.3951 14.5118 12.3892 10.3811 9.71279 15.604 9.14375 9.14102 11.5879 13.6996
threshold=23.708333333343038 18.17780697345734 7.5000000000000009 -191.6387451291084 0.10946593632317701 23.435016481869948 96.034693320592268 18.255438690447829 2859.2081759926218 0.13302584971250184 0.86707031535816215 4501.5617064237604 32.488714337348945 13.159288945712291
decision_type=2 8 2 8 8 10 10 10 8 10 10 10 10 10
left_child=1 -1 11 -4 10 6 7 -6 9 -8 -5 12 -3 -14
right_child=-2 2 3 4 5 -7 8 -9 -10 -11 -12 -13 13 -15
leaf_value=-0.02242431547927282 -0.33025239903245096 0.0092606879929637512 0.41257833383551989 -0.011402112245819569 0.0090683478747954106 -0.43711999793730555 -0.057231825257957496 -0.11149770670601593 0.51542550198931958 0.98063020996598005 0.48431342168475211 -0.45421474562019704 -0.18364260556862011 0.015297242125885156
leaf_weight=397 46 1260 63 41 821 74 131 158 149 62 67 40 287 221
leaf_count=397 46 1260 63 41 821 74 131 158 149 62 67 40 287 221
internal_value=8.64327e-05 0.000230647 0.00064 0.00210593 0.0015359 0.000838109 0.00156581 -0.000153061 0.0064723 0.00201031 0.0104587 -0.000630182 -0.000305257 -0.00412574
internal_weight=3817 3771 3374 1566 1503 1395 1321 979 342 193 108 1808 1768 508
internal_count=3817 3771 3374 1566 1503 1395 1321 979 342 193 108 1808 1768 508
is_linear=0
shrinkage=0.03


Tree=372
num_leaves=15
num_cat=0
split_feature=77 84 4 1 58 71 8 77 56 75 76 7 63 81
split_gain=7.00676 8.54061 9.51614 10.6065 14.4461 9.13284 8.60871 8.33862 12.4623 11.7856 13.2718 15.0052 8.81902 9.44587
threshold=-244.4408195018768 24.982596874237064 7.5000000000000009 682.4528832435609 57.558657050132759 9.5000000000000018 4.1462990685532128 -204.02106446027753 100.40426564216615 3280.4414849281316 2410.3431358337407 935.24810975376397 -100.39588499557721 4892.601760983468
decision_type=8 10 2 2 10 8 10 8 10 10 10 10 8 10
left_child=1 2 3 4 -1 -3 -4 8 12 10 -9 -12 -2 -14
right_child=7 5 6 -5 -6 -7 -8 9 -10 -11 11 -13 13 -15
leaf_value=0.058792119523251217 -0.0014902500596809709 0.6346738909859585 -0.50255719811319999 0.028793901346858133 -0.12531988825623816 -0.023792338934416415 -0.037838160639850356 0.0019610749734636397 -0.021825055037714359 -0.38449033203329852 0.445192528576624 -0.015337996533945386 0.054243271357092435 1.3210818194808818
leaf_weight=61 42 56 86 100 65 106 69 2949 69 57 48 40 41 61
leaf_count=61 42 56 86 100 65 106 69 2949 69 57 48 40 41 61
internal_value=0.000342768 -0.0028125 -0.00526178 -0.00132159 -0.00708661 0.00294479 -0.0109615 0.000861548 0.00658879 0.000465267 0.000720869 0.0121348 0.0115862 0.0163107
internal_weight=3850 543 381 226 126 162 155 3307 213 3094 3037 88 144 102
internal_count=3850 543 381 226 126 162 155 3307 213 3094 3037 88 144 102
is_linear=0
shrinkage=0.03


Tree=373
num_leaves=15
num_cat=0
split_feature=81 38 3 22 0 64 35 64 62 67 3 66 28 74
split_gain=6.09367 9.55855 7.07015 10.9753 13.0489 12.0213 8.07212 6.31071 18.434 6.98259 6.93567 10.471 6.85291 6.84502
threshold=26965.108477473263 2980.7214678306295 20.375000000000004 11.32855796813965 307.50000000000006 4.0637225796594754 23.435016481869948 5.679453871472357 -0.0014180991972718479 107.8645920262618 19.375000000000004 -145.99024677276608 163.50000000000003 37.844279078194319
decision_type=10 10 2 2 2 8 10 10 10 10 2 10 2 10
left_child=2 -2 7 4 5 -4 -7 10 12 -10 -1 13 -9 -12
right_child=1 -3 3 -5 -6 6 -8 8 9 -11 11 -13 -14 -15
leaf_value=-0.00072156090644612161 -0.33644571628764791 0.037874998121586817 -0.36897085774540617 -0.39890356632916735 1.1175669721759931 0.26226692028783471 -0.20117658815603498 0.073230598055845961 -1.4147052538158202 -0.12604474244788541 -0.63100224129288041 0.013886277578757955 -0.11752478029578156 -0.020759922835384293
leaf_weight=2798 65 61 68 53 69 195 43 70 42 47 63 67 95 47
leaf_count=2798 65 61 68 53 69 195 43 70 42 47 63 67 95 47
internal_value=-0.000626321 -0.00708661 -0.000401859 0.00321678 0.0050266 0.00234528 0.00552301 -0.000882353 -0.00541176 -0.0163333 -0.000493952 -0.00623596 0.000542169 -0.0118919
internal_weight=3783 126 3657 428 375 306 238 3229 254 89 2975 177 165 110
internal_count=3783 126 3657 428 375 306 238 3229 254 89 2975 177 165 110
is_linear=0
shrinkage=0.03


Tree=374
num_leaves=15
num_cat=0
split_feature=26 68 39 22 44 8 3 7 73 81 4 64 13 3
split_gain=8.06958 21.9479 13.4154 10.9608 10.4313 10.3649 12.6404 15.5104 12.4802 11.1971 10.3575 10.7754 9.94003 9.5164
threshold=138.50000000000003 0.028742615615011551 1443.7876107769209 1.1185901165008547 50.729634404182441 4.1462990685532128 17.291666666656969 2493.9004473971177 23.899661302566532 3713.5307439565663 8.5000000000000018 5.7920761269129395 150.00000000000003 19.041666666656969
decision_type=2 8 10 2 10 8 2 10 10 10 2 10 10 2
left_child=5 10 -3 -4 -5 6 7 -1 9 -8 11 -2 -9 -11
right_child=1 2 3 4 -6 -7 8 12 -10 13 -12 -13 -14 -15
leaf_value=0.023319330520774704 0.22192375852196625 0.081260286640993606 -0.31506393508436731 -0.39145011034326693 0.0079198280478502605 0.012121852720476873 0.011846783695656598 -0.03939985497108061 -0.2816234299463633 -0.39444909519370985 0.64946498424233023 -0.44976961387014847 -0.63249844899203611 -0.056250908701163595
leaf_weight=840 261 85 52 67 106 1257 147 347 51 129 94 54 113 230
leaf_count=840 261 85 52 67 106 1257 147 347 51 129 94 54 113 230
internal_value=-0.000320814 0.00254167 -0.00347267 -0.00730088 -0.00362069 -0.000982343 -0.00240581 -0.000784012 -0.0061828 -0.00473373 0.00709756 0.00446203 -0.00520607 -0.00758333
internal_weight=3833 719 310 225 173 3114 1857 1300 557 506 409 315 460 359
internal_count=3833 719 310 225 173 3114 1857 1300 557 506 409 315 460 359
is_linear=0
shrinkage=0.03


Tree=375
num_leaves=15
num_cat=0
split_feature=14 73 83 85 50 83 38 45 66 80 48 37 39 32
split_gain=6.60215 11.9026 9.49191 10.4163 9.28037 8.62858 15.2483 12.8174 8.6595 20.1101 10.9279 8.88265 11.2413 10.7862
threshold=360.21335510520356 -9.5863378047943097 87.747775077819838 116.61309587955476 1807.6657204627993 -133.56410682201383 1999.730384876749 7.5000000000000009 162.01244449615481 -19.12726259231567 171.25841116905215 1027.2899761158267 2396.2808199483848 0.3585714285714286
decision_type=10 8 10 10 10 8 10 10 10 8 10 10 10 8
left_child=1 -1 3 -3 5 6 -2 -8 10 -10 11 13 -13 -7
right_child=4 2 -4 -5 -6 8 7 -9 9 -11 -12 12 -14 -15
leaf_value=0.15788243307190608 0.19986782877052803 -0.021528627681004907 -0.12254213172038483 0.12355316010384225 -0.055568501671789616 -0.67247320374757957 -1.0118911241503892 -0.0034422695685719516 -0.74144115058877791 0.01651010772679946 0.12218200441923896 0.25057127783311167 0.0050092999480560608 0.0039750272944849736
leaf_weight=193 60 1335 258 171 91 63 62 64 54 290 180 393 343 311
leaf_count=193 60 1335 258 171 91 63 62 64 54 290 180 393 343 311
internal_value=-0.000108555 -0.00133299 -0.00210765 -0.00119443 0.0011454 0.0016145 -0.00449198 -0.0103937 0.00231193 -0.00191304 0.00343919 0.00232223 0.00423338 -0.00144
internal_weight=3868 1957 1764 1506 1911 1820 186 126 1634 344 1290 1110 736 374
internal_count=3868 1957 1764 1506 1911 1820 186 126 1634 344 1290 1110 736 374
is_linear=0
shrinkage=0.03


Tree=376
num_leaves=15
num_cat=0
split_feature=79 64 62 5 65 82 82 28 61 83 85 3 82 61
split_gain=9.2241 7.0055 10.2137 10.6593 9.76938 9.35553 13.2254 12.2787 9.09041 8.26258 8.14219 9.08911 8.31669 14.6338
threshold=18.255438690447829 4.1086542204485008 0.0052070809663418687 62.472224473953254 0.9664228042478763 1.2898137569427492 106.90746714671455 210.50000000000003 0.02942700196009693 -26.45753979682922 35.433146476745613 7.2916666666569663 59.333262999852508 0.75804978490658792
decision_type=10 8 10 10 10 8 10 2 10 10 10 2 10 8
left_child=1 2 5 4 -4 7 8 -1 -7 -5 -3 -12 13 -13
right_child=-2 10 3 9 -6 6 -8 -9 -10 -11 11 12 -14 -15
leaf_value=-0.46732867868612543 -0.017001900888527644 0.03345227993668036 0.015167644136398621 -0.51468027515359305 0.15132555428004379 -0.035137816674284249 0.034418125923484123 0.60945065387341157 -0.58979376363637737 0.10264600238107606 -0.28078668012616392 0.014147331929821049 0.11499715273251876 -0.2583908582469297
leaf_weight=47 831 1647 261 53 55 41 61 42 104 40 58 138 344 99
leaf_count=47 831 1647 261 53 55 41 61 42 104 40 58 138 344 99
internal_value=0.000306122 0.00108325 -0.00153191 0.00153659 0.00416404 -0.00577703 -0.00927536 0.00233333 -0.0141781 -0.00734043 0.00188894 -0.000984375 0.000154639 -0.00415966
internal_weight=3821 2990 704 409 316 295 206 89 145 93 2286 639 581 237
internal_count=3821 2990 704 409 316 295 206 89 145 93 2286 639 581 237
is_linear=0
shrinkage=0.03


Tree=377
num_leaves=15
num_cat=0
split_feature=23 42 42 26 20 41 66 75 62 27 81 63 69 41
split_gain=5.49237 6.82553 11.5351 12.1175 13.7527 16.1934 11.6663 13.9705 12.2951 10.9463 18.0921 12.8645 10.9127 10.5039
threshold=0.13032472133636477 39.35622692108155 23.187256574630741 63.500000000000007 428.56582868099218 -13.012878775596617 -6.0460822582244864 342.50000000000006 -0.10432348843133279 0.8700649350649351 8466.2391763925571 -96.334581541446155 -100.78605152213107 -30.715372323989865
decision_type=8 8 10 2 8 10 10 8 10 10 10 8 8 8
left_child=-1 2 3 13 5 12 7 -4 -9 10 11 -6 -5 -2
right_child=1 -3 6 4 9 -7 -8 8 -10 -11 -12 -13 -14 -15
leaf_value=0.064465781030886543 -0.020207413492365871 0.0090926657669100214 -0.39566429018104471 0.99189155976522492 0.58779190889767097 1.030131946986653 -0.35250267778498723 -0.07614887851809253 0.20353634630284348 -0.016845872354434945 -0.58932295485627939 0.03314263180466305 -0.09651112274556789 -0.49939062914168458
leaf_weight=181 88 1825 40 52 83 60 55 81 40 1037 74 112 45 62
leaf_count=181 88 1825 40 52 83 60 55 81 40 1037 74 112 45 62
internal_value=2.34619e-05 -0.000229822 -0.00152459 -0.000650558 0.000184426 0.0085443 -0.00801843 -0.00388889 0.00122951 -0.00082632 0.00455556 0.00933673 0.000918367 -0.00874172
internal_weight=3835 3654 1829 1613 1463 157 216 161 121 1306 269 195 97 150
internal_count=3835 3654 1829 1613 1463 157 216 161 121 1306 269 195 97 150
is_linear=0
shrinkage=0.03


Tree=378
num_leaves=15
num_cat=0
split_feature=36 28 6 68 79 42 48 36 82 84 41 42 56 31
split_gain=6.31108 11.8217 9.23457 8.79731 7.78301 10.2978 10.2272 8.09862 8.72534 8.39582 7.45257 16.538 12.4539 12.4328
threshold=0.10946593632317701 198.50000000000003 750.00000000000011 0.024412416948999528 275.37175887992549 95.053520321846023 14.734679182370506 0.1178513071895425 239.55875285466516 80.779652158419296 -75.437159538269029 -61.6236023902893 -97.133109807968125 16.147899159663869
decision_type=8 2 10 8 10 10 10 8 10 10 8 8 10 10
left_child=1 2 3 -1 7 6 -6 -2 10 -10 12 -12 -9 -14
right_child=4 -3 -4 -5 5 -7 -8 8 9 -11 11 -13 13 -15
leaf_value=0.024305962241840041 -0.083959695513090793 0.57015815163074079 0.059076213514799684 -0.16062110084132017 -0.10602516019468206 -0.78841748565496661 0.034078525186498385 -0.0045148147925014115 1.5875998252984156 0.033890958316412423 -0.41275659981151441 -0.0017288635690057674 0.3879789388581989 -0.034702155963958856
leaf_weight=85 43 49 80 76 40 54 65 352 40 73 190 2545 122 42
leaf_count=85 43 49 80 76 40 54 65 352 40 73 190 2545 122 42
internal_value=-0.000124449 0.00412371 0.00136364 -0.00277778 -0.000470984 -0.0069375 -0.00141509 -0.000167254 0 0.00815789 -0.000285978 -0.000910088 0.00301741 0.00981818
internal_weight=3856 290 241 161 3566 159 105 3407 3364 113 3251 2735 516 164
internal_count=3856 290 241 161 3566 159 105 3407 3364 113 3251 2735 516 164
is_linear=0
shrinkage=0.03


Tree=379
num_leaves=15
num_cat=0
split_feature=3 4 40 58 3 17 4 84 30 32 31 56 3 65
split_gain=9.20736 11.4106 5.83152 13.2263 10.5029 13.2943 11.1013 10.1429 7.71711 12.4717 9.87752 9.57712 10.1864 10.9662
threshold=23.125000000000004 7.5000000000000009 1207.9853058364151 53.471291184425361 14.958333333343036 41.500000000000007 6.5000000000000009 -151.88852238655087 6.1500000000000012 0.1012820512820513 19.063145161290326 -36.060723225275673 13.541666666656967 1.0823437920351526
decision_type=2 2 10 8 2 2 2 10 8 8 10 8 2 8
left_child=2 -2 8 -4 7 6 -6 -5 9 -1 11 12 -11 -14
right_child=1 -3 3 4 5 -7 -8 -9 -10 10 -12 -13 13 -15
leaf_value=0.33324741376079736 0.12019291656328442 -0.32776053851378079 0.87164430292449224 0.0043084275002892268 0.016411803567442877 -0.015513845249014304 1.8901482129621763 -0.77149274938546564 -0.014538641404082283 0.39389778271988374 -0.39198365770944887 -0.0039306510214733234 0.5056802713270997 -0.059116710372605609
leaf_weight=59 48 86 49 281 79 86 57 85 1723 153 73 866 50 154
leaf_count=59 48 86 49 281 79 86 57 85 1723 153 73 866 50 154
internal_value=-0.000303896 -0.008 -2.42196e-05 0.00258621 0.00132428 0.0064574 0.0122628 -0.00179837 -0.000565119 0.00112832 0.000508867 0.00115196 0.00527933 0.000878049
internal_weight=3849 134 3715 637 588 222 136 366 3078 1355 1296 1223 357 204
internal_count=3849 134 3715 637 588 222 136 366 3078 1355 1296 1223 357 204
is_linear=0
shrinkage=0.03


Tree=380
num_leaves=15
num_cat=0
split_feature=28 50 46 83 77 4 77 31 78 3 39 23 4 33
split_gain=6.67681 5.56912 8.6656 6.72488 6.11889 5.9163 11.9902 10.915 9.95689 12.1133 11.4757 9.23162 7.90492 9.59875
threshold=469.50000000000006 3196.8798408508305 3090.0000000000005 -208.64871227741239 -137.25192815065381 8.5000000000000018 -235.36567074060437 29.552777777777781 0.70833333333333337 6.7916666666569663 2028.9381278385088 2.2247534990310673 9.5000000000000018 10.892888563049853
decision_type=2 10 10 10 8 2 8 10 8 2 10 10 2 8
left_child=1 2 5 -3 -4 -1 11 8 -8 10 -10 -7 13 -11
right_child=-2 3 4 -5 -6 6 7 -9 9 12 -12 -13 -14 -15
leaf_value=-0.0063627485988735086 -0.23774363613922397 -0.38567371137088863 0.7628126777480877 0.0031797565668938432 0.019169573443054696 -0.40546475209671645 -0.010320831264933671 -0.19024096388882214 -0.2262601888326935 -0.17308093196422084 0.026768976360727698 -0.0022523323115388647 1.1251806635218433 0.30657162170985242
leaf_weight=2701 65 43 57 47 87 41 82 55 54 77 116 86 94 248
leaf_count=2701 65 43 57 47 87 41 82 55 54 77 116 86 94 248
internal_value=-8.56253e-05 7.91766e-05 0.00025953 -0.00725275 0.00744828 -3.37553e-05 0.00214286 0.00363136 0.0046875 0.00605085 -0.000701754 -0.00632812 0.00878571 0.00653374
internal_weight=3853 3788 3698 90 144 3554 853 726 671 589 170 127 419 325
internal_count=3853 3788 3698 90 144 3554 853 726 671 589 170 127 419 325
is_linear=0
shrinkage=0.03


Tree=381
num_leaves=15
num_cat=0
split_feature=23 5 81 61 3 8 3 3 26 44 66 73 31 83
split_gain=6.8182 9.20068 6.10506 12.5559 9.70031 25.5976 13.1466 11.2724 17.6195 11.9071 11.7081 11.0307 10.4087 9.216
threshold=0.13032472133636477 1.972092390060425 26965.108477473263 0.26632551167869095 15.708333333343036 4.3440792300536479 19.208333333343038 17.125000000000004 109.50000000000001 83.057740807533278 -217.4702214002609 36.118967056274421 28.571343873517794 299.95072662830358
decision_type=8 10 10 10 2 10 2 2 2 10 8 10 10 10
left_child=1 -1 4 -4 13 7 -7 8 9 -6 -9 -12 -8 -2
right_child=2 -3 3 -5 5 6 12 10 -10 -11 11 -13 -14 -15
leaf_value=-0.041379590628238094 -0.018693865529845102 0.24058702857508807 -0.34382032298665377 0.02580833379318534 0.85779634957060313 0.40520430171005356 0.16001822953462472 0.3973122270178116 -0.037981502346246657 0.093663545269271162 -0.031411172419313758 -0.21071991582314381 -0.22695080992217362 0.96079260173946657
leaf_weight=76 2198 116 71 49 46 183 205 43 66 94 581 41 41 41
leaf_count=76 2198 116 71 49 46 183 205 43 66 94 581 41 41 41
internal_value=-0.000521807 0.00497409 -0.000811475 -0.00743802 -0.000584746 0.00147579 0.00746512 -0.00147936 0.00463768 0.0106383 -0.00337838 -0.00443018 0.00291498 -0.00178125
internal_weight=3851 192 3659 120 3539 1300 429 871 206 140 665 622 246 2239
internal_count=3851 192 3659 120 3539 1300 429 871 206 140 665 622 246 2239
is_linear=0
shrinkage=0.03


Tree=382
num_leaves=15
num_cat=0
split_feature=81 76 36 77 81 81 39 79 77 8 57 83 79 30
split_gain=6.11994 5.91404 5.5617 5.44448 12.1993 16.6371 12.9896 12.3196 8.84809 7.14152 13.365 10.7279 7.03384 7.43072
threshold=1613.2379046678545 6435.0517374277124 0.35540935672514623 34.815876245498664 8466.2391763925571 6034.1083370447168 3275.9286375344518 10.476456816083711 15.967813551425936 6.0015029857437598 6.5000000000000009 -26.45753979682922 15.290020046952174 17.950000000000003
decision_type=8 10 10 10 10 8 10 10 10 10 10 10 10 10
left_child=2 3 -1 8 5 6 -5 -7 9 -2 -11 -12 13 -10
right_child=1 -3 -4 4 -6 7 -8 -9 12 10 11 -13 -14 -15
leaf_value=0.41262581635879442 -0.0048491067632306347 -0.095987023077292205 -0.0073457042590659681 -0.0044204529175066115 -0.50516912588187768 -0.0018276260858047521 -1.1219252218877449 0.42159416894911161 0.60559347995481905 0.3456443596351792 0.034184221649339874 -0.61669202026526648 -0.0045076660128071473 0.06633608532057636
leaf_weight=42 2868 40 42 72 82 185 51 56 56 120 100 40 40 41
leaf_count=42 2868 40 42 72 82 185 51 56 56 120 100 40 40 41
internal_value=-0.000195516 -0.0003758 0.00776471 -0.000250539 -0.0033557 -0.000986301 -0.00991935 0.00359504 0.000174525 -0.000153404 0.0045977 -0.00170213 0.0076087 0.0119388
internal_weight=3835 3751 84 3711 446 364 123 241 3265 3128 260 140 137 97
internal_count=3835 3751 84 3711 446 364 123 241 3265 3128 260 140 137 97
is_linear=0
shrinkage=0.03


Tree=383
num_leaves=15
num_cat=0
split_feature=77 79 16 17 67 77 3 3 3 80 82 38 45 60
split_gain=7.30789 12.0745 10.1934 9.7692 10.8119 15.3297 14.3857 18.6218 14.0155 16.1892 12.7428 17.7322 11.3518 11.4613
threshold=107.6919767856598 15.0929517233249 47.500000000000007 37.500000000000007 217.59141115347546 -194.7063606381416 8.2083333333430364 6.0416666666569663 15.875000000000002 -71.240303993225083 46.319724400838219 2746.6376884477427 8.5000000000000018 110.8895344734192
decision_type=10 8 2 2 10 10 2 2 2 10 10 10 10 8
left_child=2 -2 3 4 5 12 7 -7 10 -10 -8 -12 -1 -14
right_child=1 -3 -4 -5 -6 6 8 -9 9 -11 11 -13 13 -15
leaf_value=0.12366885176619213 -0.77624577827901509 -0.0056708082214429615 0.065406634578266093 -0.019143258985633127 0.30574658673175176 -0.35779883433144499 -0.49616871423430109 0.73025263167003118 0.28396341892288091 -0.054128940117021997 -0.27446869629614201 0.27595671991928394 -0.71246836741770947 0.015754490100696326
leaf_weight=367 57 122 104 1676 247 45 283 101 113 274 118 83 65 174
leaf_count=367 57 122 104 1676 247 45 283 101 113 274 118 83 65 174
internal_value=-0.000932115 -0.00683333 -0.00064092 -0.000913448 0.000577231 -0.000314039 -0.00256385 0.00612245 -0.00402523 0.000231959 -0.00742268 -0.00163366 0.00345964 -0.001625
internal_weight=3829 179 3650 3546 1870 1623 1017 146 871 387 484 201 606 239
internal_count=3829 179 3650 3546 1870 1623 1017 146 871 387 484 201 606 239
is_linear=0
shrinkage=0.03


Tree=384
num_leaves=15
num_cat=0
split_feature=16 16 25 85 56 40 16 82 77 82 28 38 77 48
split_gain=10.6399 10.6643 13.1341 15.1107 17.3109 17.9529 11.2601 11.1479 10.5787 13.3273 13.4336 11.5807 12.0264 14.2486
threshold=1.0000000180025095e-35 12.500000000000002 0.94258241758241768 -162.87146461009976 -75.206178466478974 215.65461851332319 10.500000000000002 -164.44167923927304 -243.40340566635129 -90.034234841664627 180.50000000000003 2487.7218150629637 -146.72816359996793 120.2729961872101
decision_type=2 2 8 8 8 10 2 8 8 10 2 10 10 8
left_child=-1 2 3 -2 -5 -6 -4 -3 9 -9 -11 12 13 -10
right_child=1 7 6 4 5 -7 -8 8 11 10 -12 -13 -14 -15
leaf_value=-0.16787838690137954 -1.1250749306862695 0.29447653608812147 0.062415827206135206 0.32058120968265513 -0.20684847984935067 0.017570048526424475 0.55045664391570603 -0.46187126854563271 0.038482024104352204 0.061505026099652436 -0.33698150989233083 0.046267703413565966 -0.1026577189923298 -0.12404461355052575
leaf_weight=155 63 78 278 116 172 799 51 46 373 85 135 760 555 199
leaf_count=155 63 78 278 116 172 799 51 46 373 85 135 760 555 199
internal_value=-0.000209519 0.000113177 0.00208784 0.000573414 0.00140625 9.25926e-05 0.00736364 -0.00119624 -0.00160167 -0.00719101 -0.0040724 -0.000810381 -0.00273936 0.000314136
internal_weight=3865 3710 1479 1150 1087 971 329 2231 2153 266 220 1887 1127 572
internal_count=3865 3710 1479 1150 1087 971 329 2231 2153 266 220 1887 1127 572
is_linear=0
shrinkage=0.03


Tree=385
num_leaves=15
num_cat=0
split_feature=31 17 79 42 8 29 25 70 1 77 50 81 7 23
split_gain=9.17274 9.12048 9.67155 7.78608 7.51697 9.86948 12.38 7.56989 6.64979 8.03741 9.62148 8.28594 6.25976 6.06413
threshold=26.604347826086961 35.000000000000007 21.202016273446976 217.51199030876163 6.4334458331929634 0.92865626060400419 0.89237451737451756 0.17914438502673799 619.7200324535371 -111.05397963523863 2036.9026728868487 5930.6890372037897 3497.2095963055417 14.005483508110048
decision_type=10 2 8 8 10 10 10 8 2 8 8 10 10 10
left_child=4 3 -3 -2 8 6 7 -6 9 11 12 -1 -11 -10
right_child=1 2 -4 -5 5 -7 -8 -9 13 10 -12 -13 -14 -15
leaf_value=0.41192355024605259 -0.024171874697703755 -0.46102925172185394 -0.020202200112775102 0.15596745145802665 -0.00012345742357272905 0.93298670205666157 -0.19216720492444792 0.64628561884295965 0.00099685427030166813 0.48046709865965848 -0.12269921756367008 -0.271376348215564 -0.0029919767861345376 -0.034030515240460649
leaf_weight=42 195 66 58 41 44 64 70 48 2551 165 41 43 50 338
leaf_count=42 195 66 58 41 44 64 70 48 2551 165 41 43 50 338
internal_value=6.28766e-05 -0.00448753 -0.01104 -0.00101266 0.000538039 0.00581498 0.00184049 0.00903226 0.000167131 0.00412281 0.00677043 -0.00383721 0.00930556 -0.000301038
internal_weight=3816 360 124 236 3456 226 162 92 3230 341 256 85 215 2889
internal_count=3816 360 124 236 3456 226 162 92 3230 341 256 85 215 2889
is_linear=0
shrinkage=0.03


Tree=386
num_leaves=15
num_cat=0
split_feature=72 9 17 85 29 61 27 68 80 53 68 17 26 24
split_gain=7.15467 8.19861 9.14286 7.64255 12.0063 11.5753 12.3064 12.916 10.6748 8.704 9.49412 8.39269 23.2012 15.1225
threshold=65.779366493225112 2490.0000000000005 5.0000000000000009 36.681990206241615 0.95611144904028122 0.013577608716249542 0.87931947570501789 -0.18658371119792516 321.80030405521399 7.5000000000000009 -0.0027704823512681703 26.500000000000004 128.50000000000003 41.500000000000007
decision_type=10 2 2 10 10 8 10 8 10 10 8 2 2 2
left_child=1 2 -1 -4 5 -5 -7 -8 9 10 -9 13 -13 -11
right_child=-2 -3 3 4 -6 6 7 8 -10 11 -12 12 -14 -15
leaf_value=-0.53603512539281661 -0.12002818920165409 0.070685583684712616 0.010879316075689429 0.25414842452808101 -0.61608533485410877 -0.097753573517144449 -0.5039092052121722 0.028460903082124105 1.4766752695400176 -0.110758291841069 -0.19819533645954632 0.094740588441744641 -0.81760953129091929 0.79018312860097917
leaf_weight=86 121 161 2352 115 102 204 61 40 40 60 71 243 66 62
leaf_count=86 121 161 2352 115 102 204 61 40 40 60 71 243 66 62
internal_value=1.5852e-05 0.000253821 -5.13845e-05 0.000193152 -0.00191549 -0.000872274 -0.00208726 -4.65839e-05 0.00133791 0.000220994 -0.00723214 0.00215278 -0.000483871 0.00878049
internal_weight=3784 3663 3502 3416 1064 962 847 643 582 542 111 431 309 122
internal_count=3784 3663 3502 3416 1064 962 847 643 582 542 111 431 309 122
is_linear=0
shrinkage=0.03


Tree=387
num_leaves=15
num_cat=0
split_feature=20 3 30 77 37 60 27 54 43 22 68 82 80 75
split_gain=6.31689 6.35008 12.2419 9.22135 5.90617 7.87707 11.9823 10.3819 19.6099 12.2369 11.1133 11.1076 10.2868 10.2319
threshold=883.1989827156068 1.5416666666569656 33.95000000000001 -161.10244762897489 7071.9726496795329 442.04690611362463 0.97189680136896162 1110.0000000000002 551.10462312799984 4.7453938722610483 0.17385558718690247 127.88824037710826 -92.14047002792357 1824.0000000000002
decision_type=10 2 10 10 10 8 10 8 10 2 10 10 10 10
left_child=1 2 3 -1 5 -3 7 8 10 -9 11 12 -7 -8
right_child=-2 4 -4 -5 -6 6 13 9 -10 -11 -12 -13 -14 -15
leaf_value=-0.0076583877047236015 -0.12012465598109383 -0.0063451166232584904 0.015152890642214895 -0.35106799448373166 -0.035781696566940115 0.28751261443228499 -0.13947166552228971 0.00075296686679590327 -0.33479228264070404 0.11028407364948722 -0.31656906396067491 1.8281806842878596 -0.024626846812135179 0.049225584569900317
leaf_weight=58 43 2422 62 82 44 84 209 145 89 295 40 41 134 89
leaf_count=58 43 2422 62 82 44 84 209 145 89 295 40 41 134 89
internal_value=-0.000289213 -0.000158103 -0.0053202 -0.0102128 0.000133593 0.000270499 0.0023425 0.00419783 0.000616967 0.00734694 0.0043 0.00657692 0.00383562 -0.00280936
internal_weight=3837 3794 202 140 3592 3548 1126 828 388 440 299 259 218 298
internal_count=3837 3794 202 140 3592 3548 1126 828 388 440 299 259 218 298
is_linear=0
shrinkage=0.03


Tree=388
num_leaves=15
num_cat=0
split_feature=80 50 23 15 60 34 28 7 0 4 6 28 80 8
split_gain=8.27334 11.2647 18.1573 11.4956 8.85488 7.2351 9.58344 10.002 8.05318 14.3105 10.0583 9.31168 12.034 7.98453
threshold=217.92846810817721 364.06718993186956 7.1185901165008554 20.500000000000004 220.89064955711368 0.17883795309168446 453.50000000000006 5231.3618681014495 -74.499999999999986 8.5000000000000018 870.00000000000011 203.50000000000003 -20.287330508232113 2.2424006315976475
decision_type=10 10 10 2 8 10 2 10 2 2 10 2 10 10
left_child=5 2 3 -2 -4 8 7 -7 9 -1 11 12 -10 -12
right_child=1 -3 4 -5 -6 6 -8 -9 10 -11 13 -13 -14 -15
leaf_value=-0.54043299426146107 -0.24127177681934503 -0.39004862075071584 0.079204067662052263 0.18657818794965045 1.8388304250280463 -0.023655998552249178 -0.51570434346002869 0.27370736126307016 -0.014208625527134576 0.11438661793863182 0.022801234013788748 0.076323262531420549 0.11857875074748749 -0.13140351800899289
leaf_weight=79 80 42 53 60 44 2264 46 84 398 47 47 364 166 53
leaf_count=79 80 42 53 60 44 2264 46 84 398 47 47 364 166 53
internal_value=-0.0005721 0.00439286 0.00693277 0 0.0168367 -0.000963652 -0.00190397 -0.00163474 0.000987013 -0.00614173 0.00186589 0.00284177 0.000424779 -0.00712871
internal_weight=3827 279 237 140 97 3548 2394 2348 1154 126 1028 928 564 100
internal_count=3827 279 237 140 97 3548 2394 2348 1154 126 1028 928 564 100
is_linear=0
shrinkage=0.03


Tree=389
num_leaves=15
num_cat=0
split_feature=70 28 43 29 80 15 85 28 29 85 14 81 26 85
split_gain=7.69439 9.00008 16.0098 19.9551 12.3183 10.2239 11.6003 10.3105 14.7424 10.8805 10.3329 10.4237 9.00188 8.68883
threshold=0.91287878787878796 223.50000000000003 605.77801138740358 0.93201941747572825 195.49437701702121 38.500000000000007 92.729625066121443 172.50000000000003 0.88295277633627411 -81.573751807212815 375.50170843475615 8721.6415508985538 103.50000000000001 -25.279912968476609
decision_type=10 2 10 10 10 2 10 2 10 10 10 10 2 10
left_child=-1 4 12 -4 5 6 7 10 9 -9 11 -2 -3 -10
right_child=1 2 3 -5 -6 -7 -8 8 13 -11 -12 -13 -14 -15
leaf_value=0.0085954410516682067 0.1462719248387733 -0.27139617919341119 -0.43152965177843355 0.17221325356895789 0.27300847067753448 0.2829181810227468 -0.2610067813373993 0.22399229085281852 -0.29305238992276711 -0.26736775949255054 -0.076828207362598808 -0.24682518987526555 0.097636447480453498 -0.032433696650377257
leaf_weight=1466 201 54 183 112 98 50 143 101 238 55 228 60 746 117
leaf_count=1466 201 54 183 112 98 50 143 101 238 55 228 60 746 117
internal_value=-0.000155723 -0.00120654 0.000793796 -0.00516892 -0.00290248 -0.00374372 -0.00432692 -0.00317682 -0.00615234 0.00152866 -6.12245e-05 0.00400763 0.00299625 -0.00952247
internal_weight=3852 2386 1095 295 1291 1193 1143 1000 511 156 489 261 800 355
internal_count=3852 2386 1095 295 1291 1193 1143 1000 511 156 489 261 800 355
is_linear=0
shrinkage=0.03


Tree=390
num_leaves=15
num_cat=0
split_feature=81 81 29 0 26 31 72 24 13 27 66 53 77 31
split_gain=5.29004 13.5993 12.9759 9.4758 9.34988 16.1711 13.3074 16.3888 12.374 9.32295 15.8348 13.4385 11.0458 8.93926
threshold=4668.6520421504983 4956.1504498720178 0.92502927400468404 362.50000000000006 137.50000000000003 11.888750000000003 -11.143103957176207 38.500000000000007 210.00000000000003 0.8818539727988548 206.38153994083407 6.5000000000000009 -202.71433103084561 14.265151515151517
decision_type=10 10 10 2 2 8 10 2 8 8 10 10 10 8
left_child=4 2 -2 9 6 -6 8 -8 -1 10 11 -3 -13 -7
right_child=1 3 -4 -5 5 13 7 -9 -10 -11 -12 12 -14 -15
leaf_value=0.016394228255818533 -0.69562116385322859 -0.97050080123956561 0.010641464568541323 0.25772936635789162 1.3246773000852312 -0.2551050571578572 -0.0064273752858704644 -0.4865592714548912 -0.13505849324085104 0.0060731901476743034 -0.81501866906396647 0.065995723052619137 -0.014879400019843629 0.081937743866829102
leaf_weight=1267 66 118 49 41 72 43 154 70 192 1055 59 98 309 231
leaf_count=1267 66 118 49 41 72 43 154 70 192 1055 59 98 309 231
internal_value=0 -0.00118597 -0.0111207 -0.000499703 0.00104926 0.00553314 0.000124703 -0.00666667 0.00117123 -0.000859756 -0.00389744 -0.00222433 0.000367647 0.00218182
internal_weight=3824 1795 115 1680 2029 346 1683 224 1459 1639 584 525 407 274
internal_count=3824 1795 115 1680 2029 346 1683 224 1459 1639 584 525 407 274
is_linear=0
shrinkage=0.03


Tree=391
num_leaves=15
num_cat=0
split_feature=37 49 77 77 79 77 27 82 17 79 17 26 79 82
split_gain=8.69982 7.37375 14.7316 10.8519 8.07541 7.8813 7.54002 8.37205 7.22261 8.462 8.07909 11.3661 7.18502 9.90585
threshold=2528.1613883500154 10.500000000000002 -102.10408639907835 -182.41542613506314 12.971093057678665 -237.40033417940137 0.87194394752534299 -60.66789257526397 6.5000000000000009 63.183686050230783 17.500000000000004 87.500000000000014 37.254137026532604 -164.44167923927304
decision_type=10 10 8 10 8 10 10 10 2 10 2 2 10 8
left_child=1 8 3 5 -5 -3 -4 -8 -1 12 -11 -12 13 -10
right_child=-2 2 6 4 -6 -7 7 -9 9 10 11 -13 -14 -15
leaf_value=-0.61019534157913002 0.065553574154622415 -0.21512141736280255 0.71679015163513937 -0.62155100806202512 -0.18230816428299434 0.044364477005244839 -0.11969076292383694 0.28183379338944708 0.42396188038285498 0.021740712752210945 -0.53883853743321353 0.014287928589417178 0.39383827101453533 0.0022967903228365213
leaf_weight=77 234 89 41 69 47 51 78 74 49 41 112 57 80 2758
leaf_count=77 234 89 41 69 47 51 78 74 49 41 112 57 80 2758
internal_value=2.33281e-05 -0.000339404 -0.00393333 -0.00863813 -0.0153846 -0.00297872 0.00231959 -0.000784314 0.000170079 0.00039703 -0.00540284 -0.00829412 0.000820637 0.000566239
internal_weight=3857 3623 449 256 116 140 193 152 3174 3097 210 169 2887 2807
internal_count=3857 3623 449 256 116 140 193 152 3174 3097 210 169 2887 2807
is_linear=0
shrinkage=0.03


Tree=392
num_leaves=15
num_cat=0
split_feature=73 80 34 85 78 69 81 64 31 68 38 4 70 66
split_gain=7.83863 6.9504 11.5081 14.9086 11.9761 11.0182 11.3014 10.8581 9.88088 8.01616 8.16461 7.21642 9.08253 7.78334
threshold=-22.909306287765499 11.971826672554018 0.21388443017656503 -218.10801780223844 0.87500000000000011 -124.78297105367419 7340.4857429265985 4.2934104514336733 12.108712121212124 0.1076607220184599 3001.5023253427366 6.5000000000000009 0.8973684210526317 311.67719292640692
decision_type=8 8 8 10 10 8 10 8 8 8 10 2 10 8
left_child=-1 2 3 -2 8 -5 9 -8 -4 10 -7 13 -13 -6
right_child=1 -3 4 5 11 6 7 -9 -10 -11 -12 12 -14 -15
leaf_value=0.043930589090120944 -0.56044890014173976 0.004816049817725627 0.30969743591342824 0.24593700056465287 -1.2577835161369433 -0.20772346082259455 -0.46365824977247871 0.0036396643149334551 -0.12157212734126048 0.49125239701388712 0.29547114316105527 0.10683448431609546 -0.20656547420099156 -0.10628059617149341
leaf_weight=179 61 2490 94 94 52 59 45 78 87 54 63 82 289 112
leaf_count=179 61 2490 94 94 52 59 45 78 87 54 63 82 289 112
internal_value=5.46875e-05 -0.000245834 -0.00215201 0.00158242 -0.00451883 0.00373096 0.0009 -0.00604839 0.00214286 0.00576271 0.00146341 -0.00677239 -0.00443548 -0.012
internal_weight=3839 3660 1170 454 716 393 299 123 181 176 122 535 371 164
internal_count=3839 3660 1170 454 716 393 299 123 181 176 122 535 371 164
is_linear=0
shrinkage=0.03


Tree=393
num_leaves=15
num_cat=0
split_feature=78 39 82 57 40 66 61 27 34 85 58 7 48 43
split_gain=5.86919 12.5098 7.77535 16.0704 8.62845 8.59017 8.48588 8.05845 11.4416 11.1995 10.4832 10.2516 8.36963 8.56167
threshold=0.70833333333333337 81.597045644824988 -76.027480324109391 6.5000000000000009 15.790313484718842 -99.017157077789292 0.54649671122273558 0.97362624623232097 0.98717948717948734 78.443048596382155 2023.3458130359652 1817.9411687826071 331.63197044531506 17.732014061850045
decision_type=8 10 8 8 8 10 8 10 10 8 10 8 10 10
left_child=1 -1 3 -2 -4 6 -5 8 10 -9 12 -10 13 -6
right_child=2 -3 4 5 7 -7 -8 9 11 -11 -12 -13 -14 -15
leaf_value=0.088777140730741763 0.29768121916341622 -0.03101035754530276 -0.1191325413352196 0.10183941283606969 0.17881808097927387 -0.37778151882361044 -0.37415962384817586 0.22854435205062421 0.00011811883911750697 -0.12738144512791563 -0.12313503247281542 0.66142522337501564 0.32364844445615459 0.0098315784529226843
leaf_weight=71 41 690 119 89 124 112 83 58 46 211 43 72 73 2061
leaf_count=71 41 690 119 89 124 112 83 58 46 211 43 72 73 2061
internal_value=3.85208e-05 -0.00232283 0.000612831 -0.00377301 0.00112179 -0.00631579 -0.00208092 0.00147267 0.00202066 -0.00344444 0.00155083 0.0110924 0.00183267 0.00149588
internal_weight=3893 761 3132 325 2807 284 172 2688 2419 269 2301 118 2258 2185
internal_count=3893 761 3132 325 2807 284 172 2688 2419 269 2301 118 2258 2185
is_linear=0
shrinkage=0.03


Tree=394
num_leaves=15
num_cat=0
split_feature=61 62 24 61 39 32 73 38 16 35 16 1 44 82
split_gain=5.62775 10.399 10.0705 9.19621 9.58253 8.90343 6.8136 10.1583 8.11534 15.6596 12.3757 12.0706 10.2152 10.9003
threshold=0.025519044153806941 -0.22587659593283352 28.500000000000004 0.054849335978146126 1571.3953473119409 0.22792207792207794 -18.438415169715878 1999.730384876749 12.500000000000002 11.091690408357076 2.5000000000000004 777.02162611484539 58.385501742362983 36.62393375237783
decision_type=8 10 2 8 10 10 8 10 2 10 2 2 10 10
left_child=1 2 -1 4 -2 -3 7 -5 9 10 -8 -11 -12 -14
right_child=3 5 -4 6 -6 -7 8 -9 -10 11 12 -13 13 -15
leaf_value=0.025694042637958676 0.041301196366844262 0.11750939457078714 1.1350389805151897 -0.0050188921967611573 -0.48914885275479597 -0.070209405949379383 0.76710640896130999 0.24453686725071019 -0.013081203517996087 0.0072494227217411653 -0.16277441630305442 -0.11452833273502819 1.3871413154733985 0.022924360579076788
leaf_weight=52 61 213 54 91 127 192 60 90 1693 912 49 57 47 71
leaf_count=52 61 213 54 91 127 192 60 90 1693 912 49 57 47 71
internal_value=0.000533156 0.00345703 0.0117757 7.36422e-05 -0.00634921 0.00125616 0.000468903 0.0060989 0.000114187 0.00200501 0.00907895 0.000340206 0.00482143 0.00957983
internal_weight=3769 511 106 3258 188 405 3070 181 2889 1196 227 969 167 118
internal_count=3769 511 106 3258 188 405 3070 181 2889 1196 227 969 167 118
is_linear=0
shrinkage=0.03


Tree=395
num_leaves=15
num_cat=0
split_feature=71 29 66 81 81 35 63 80 24 14 85 36 80 75
split_gain=6.07196 15.3865 11.4909 13.5365 11.2011 9.60214 15.7864 11.2561 8.10192 7.70869 10.8804 10.5773 13.5791 16.2392
threshold=13.500000000000002 0.93142977757074663 -110.05908977985381 15457.423239707949 7231.1745920181284 14.474949210814193 254.77502625953136 -74.479985594749436 38.500000000000007 151.58102049564917 -162.87146461009976 0.26847469967236992 3.1373730897903447 2038.1435635089877
decision_type=10 10 10 10 8 8 8 10 2 10 8 10 10 8
left_child=9 2 3 -2 8 -6 7 -7 -4 11 -11 -1 13 -13
right_child=1 -3 4 -5 5 6 -8 -9 -10 10 -12 12 -14 -15
leaf_value=-0.24374378179077671 0.01363412392056544 0.46138888393735261 0.39983953215760337 0.47071454527231726 -0.59164664893884611 -0.3835943532325593 0.24543958608801694 0.10841703303171392 -0.11782747476907005 -0.11904854539309105 0.0040988266025510358 0.30252062550757264 -0.27888540062298045 -0.2217160198684332
leaf_weight=140 660 116 139 72 92 108 46 61 77 107 1948 76 59 74
leaf_count=140 660 116 139 72 92 108 46 61 77 107 1948 76 59 74
internal_value=0.000309852 0.00190233 0.000931529 0.00335607 -0.00246183 -0.00613636 -0.00263889 -0.00688235 0.00276498 -0.000598753 0.00010214 -0.00471429 -0.000428571 0.00437086
internal_weight=3775 1371 1255 732 523 307 215 169 216 2404 2055 349 209 150
internal_count=3775 1371 1255 732 523 307 215 169 216 2404 2055 349 209 150
is_linear=0
shrinkage=0.03


Tree=396
num_leaves=15
num_cat=0
split_feature=13 20 82 61 75 28 36 60 16 42 42 31 36 61
split_gain=6.65896 6.40981 6.12174 9.77262 13.809 8.6699 10.413 12.1186 9.00413 8.95477 10.9912 7.61225 12.694 7.58061
threshold=1920.0000000000002 877.75507247447979 42.044564406077079 0.20754562377740368 748.02875912189495 235.50000000000003 0.17033365570599615 153.03056514263156 21.500000000000004 -87.589705586433396 -50.331292748451226 13.295833333333336 0.2251760563380282 0.019635874306476359
decision_type=10 10 8 8 10 2 8 10 2 10 10 8 10 10
left_child=1 2 3 11 5 9 -7 8 -8 -5 -11 12 -1 -13
right_child=-2 -3 -4 4 -6 6 7 -9 -10 10 -12 13 -14 -15
leaf_value=0.2088096720176186 0.12473460008961554 -0.168519350078394 0.0082518975107414017 0.073949074549214233 -0.30478032768277608 0.46856595219227809 -0.21872045555727893 0.57238833746778228 0.37123506917684307 -0.51053328094349781 -0.0074771426992351307 -0.0052828068549179361 -0.076028160433674413 -0.41075309029404433
leaf_weight=57 67 43 2262 135 60 47 123 56 50 57 468 85 155 152
leaf_count=57 67 43 2262 135 60 47 123 56 50 57 468 85 155 152
internal_value=-3.92876e-05 -0.000207945 -7.28155e-05 -0.00159751 6.01805e-05 0.000960512 0.00541516 0.00273913 -0.0012069 -0.000907716 -0.00268061 -0.00526667 -0.00112676 -0.00894958
internal_weight=3817 3750 3707 1445 996 936 276 229 173 660 525 449 212 237
internal_count=3817 3750 3707 1445 996 936 276 229 173 660 525 449 212 237
is_linear=0
shrinkage=0.03


Tree=397
num_leaves=15
num_cat=0
split_feature=16 17 17 71 64 71 81 41 17 43 77 77 81 25
split_gain=7.38319 9.94636 14.2428 11.7829 13.8101 11.2101 15.3022 11.0015 10.3804 21.4127 9.88227 11.3223 9.48785 8.87667
threshold=1.0000000180025095e-35 21.500000000000004 24.500000000000004 6.5000000000000009 4.9365439584490645 11.500000000000002 3293.3193708658223 127.04955422878267 26.500000000000004 561.75665401214837 -52.608513593673699 -161.10244762897489 4022.8917257785802 0.89596861471861489
decision_type=2 2 2 10 8 8 8 10 2 10 10 10 10 10
left_child=13 5 3 -3 -5 6 -2 -6 9 -4 11 12 -8 -1
right_child=1 2 8 4 7 -7 10 -9 -10 -11 -12 -13 -14 -15
leaf_value=0.013160268280008438 0.71325053507516556 0.032197753207294115 1.4072743098757536 0.0067660838706933646 -1.0882191199933402 0.14871605664422743 -0.054666226106115316 -0.074791523772327576 -0.0036513664534315636 -0.03041973481260676 0.098054181750368272 -0.6239230488810894 0.11036775522975772 -0.35180343681758275
leaf_weight=63 62 97 76 89 117 273 98 68 2525 68 64 91 40 78
leaf_count=63 62 97 76 89 117 273 98 68 2525 68 64 91 40 78
internal_value=-0.000259843 0 -0.000710293 -0.00620968 -0.00938182 0.00343402 -8.42697e-05 -0.0140323 5.61798e-05 0.00786207 -0.00295918 -0.00586957 -0.000431655 -0.00697183
internal_weight=3809 3668 3040 371 274 628 355 185 2669 144 293 229 138 141
internal_count=3809 3668 3040 371 274 628 355 185 2669 144 293 229 138 141
is_linear=0
shrinkage=0.03


Tree=398
num_leaves=15
num_cat=0
split_feature=56 27 71 1 8 74 45 66 16 79 35 85 80 0
split_gain=7.35399 11.5307 11.3194 10.2886 9.22158 11.1493 12.3148 9.78823 8.95355 8.92002 8.21439 7.87403 8.04786 7.36531
threshold=-73.033443331718431 0.98399897593445995 1.5000000000000002 659.08346462249767 4.8440375778244009 116.89075585682023 5.5000000000000009 -118.23782742023467 19.500000000000004 10.331504619318116 15.077251344086024 -135.62698262929914 -71.240303993225083 -35.499999999999993
decision_type=10 10 10 2 10 10 10 10 2 10 8 10 10 2
left_child=1 2 -1 -3 5 6 8 11 -4 -6 -7 12 -8 -2
right_child=13 3 4 -5 9 10 7 -9 -10 -11 -12 -13 -14 -15
leaf_value=0.69735541785095856 -0.11055277709224727 0.05284845997649272 -0.22512721754578857 -0.39702581355905803 0.0081474602036861101 -0.38953714009115165 0.69039412704035363 0.04835111979760711 0.015816928014497689 -0.45082866911430985 0.074343255347574452 0.57130884880366628 -0.1401756414831645 -9.5806943023717394e-05
leaf_weight=54 269 52 48 71 63 40 46 80 65 42 40 116 40 2781
leaf_count=54 269 52 48 71 63 40 46 80 65 42 40 116 40 2781
internal_value=0.000165441 0.00281003 0.00444094 -0.00556452 0.00320138 0.00497899 0.00704545 0.0103887 -0.00131579 -0.00481132 -0.00518519 0.0138916 0.00689655 -0.000491642
internal_weight=3807 757 634 123 580 475 395 282 113 105 80 202 86 3050
internal_count=3807 757 634 123 580 475 395 282 113 105 80 202 86 3050
is_linear=0
shrinkage=0.03


Tree=399
num_leaves=15
num_cat=0
split_feature=42 83 69 77 77 14 81 17 66 69 0 44 14 57
split_gain=5.49713 5.76724 10.7425 13.6696 16.7692 10.3307 9.93972 11.4769 10.9354 12.2911 11.4415 9.19646 9.15059 9.8508
threshold=-257.1919234991073 -55.942715644836419 221.13783349526912 -241.54876583814618 -141.24618506431577 296.6507547109357 4817.2466622591028 23.000000000000004 -35.981236696243279 37.516639669968285 5.5000000000000009 43.974507451057441 358.51781940993902 7.5000000000000009
decision_type=8 8 10 8 8 10 10 2 8 8 2 10 10 10
left_child=-1 2 3 -2 11 -4 -6 -8 -9 -10 -11 -5 -3 -14
right_child=1 12 5 4 6 -7 7 8 9 10 -12 -13 13 -15
leaf_value=1.3910441664589079 -0.2191866985800108 -0.0086149143622553485 -0.00113964547791781 -0.013087575240298719 0.22573632646582231 -0.57864340239248768 -0.65687906506467131 -0.53578859919927924 0.39278791533838425 -0.18579164399815923 0.066493200318267609 0.41838338303769707 -0.00069907228294823647 0.090169980218626225
leaf_weight=41 133 1413 83 53 88 115 47 78 58 43 75 132 787 652
leaf_count=41 133 1413 83 53 88 115 47 78 58 43 75 132 787 652
internal_value=-7.89681e-05 -0.000199574 -0.00228477 -0.000550847 0.00146087 -0.00844221 -0.00207692 -0.00466887 -0.00211765 0.0020339 -0.00352941 0.00887097 0.000462671 0.00214583
internal_weight=3798 3757 905 707 574 198 389 301 254 176 118 185 2852 1439
internal_count=3798 3757 905 707 574 198 389 301 254 176 118 185 2852 1439
is_linear=0
shrinkage=0.03


Tree=400
num_leaves=15
num_cat=0
split_feature=3 3 4 37 30 82 83 82 29 0 72 82 62 72
split_gain=6.24257 9.23738 12.6881 11.9332 11.2825 8.36479 6.47868 10.9855 11.1998 6.65152 10.1395 8.87075 6.90554 6.53159
threshold=23.125000000000004 21.041666666656969 7.5000000000000009 1838.7636495103168 10.050000000000002 -22.023104310035702 -326.85508012771601 -154.71361529827115 0.87782018659881267 -165.49999999999997 -164.17924082279202 -129.07393074035642 0.54133231049156538 -110.07857191562651
decision_type=2 2 2 10 10 10 8 8 10 2 8 8 10 8
left_child=1 6 4 -4 -3 -2 -1 8 -8 -9 -11 -12 13 -13
right_child=5 2 3 -5 -6 -7 7 9 -10 10 11 12 -14 -15
leaf_value=-0.13217082803634389 0.095733086035727402 0.37374456472989703 1.0707900102594852 -0.015875157849644186 -1.0359889506729565 -0.27812893496786245 -0.0081010790121621018 -0.14441212071100712 0.55055598422271201 0.35106299060855412 -0.33628485003027775 -0.088455643438531198 -0.39308832111955699 0.0034957434567071122
leaf_weight=72 51 48 113 40 47 77 40 82 49 48 52 128 46 2968
leaf_count=72 51 48 113 40 47 77 40 82 49 48 52 128 46 2968
internal_value=-2.3304e-05 0.000200857 0.00578313 0.0111039 -0.0028125 -0.00651163 -0.000197935 -8.78735e-06 0.0103333 -0.000288722 -7.40056e-05 -0.00028169 -7.63602e-05 9.68679e-05
internal_weight=3861 3733 248 153 95 128 3485 3413 89 3324 3242 3194 3142 3096
internal_count=3861 3733 248 153 95 128 3485 3413 89 3324 3242 3194 3142 3096
is_linear=0
shrinkage=0.03


Tree=401
num_leaves=15
num_cat=0
split_feature=80 62 51 7 3 65 31 36 49 3 73 41 5 3
split_gain=7.54564 10.0549 8.02214 5.4268 11.8183 13.5378 13.4487 9.99857 15.3361 9.52136 14.6367 12.6185 11.2524 8.89312
threshold=-187.1439467668533 0.044389926485280007 5.5386700630187997 2721.2635747458485 16.208333333343038 1.1735353986299786 29.244047619047624 0.29831635540464069 6.5000000000000009 14.375000000000002 10.795942306518556 -1.4695416688919065 83.281450629234328 2.3750000000000004
decision_type=8 10 10 10 2 10 10 8 10 2 10 10 10 2
left_child=1 2 -1 13 9 6 7 -6 -9 10 -5 -11 -12 -2
right_child=3 -3 -4 4 5 -7 -8 8 -10 11 12 -13 -14 -15
leaf_value=-0.21173182909907054 -0.14200203296834943 0.37456844636093789 0.36283467161421473 -0.0080550640181157006 0.22005143550892364 -0.28121728128381734 -0.13916973557366197 0.20547611712048705 -0.161093477399607 -0.62616769041930853 0.42929807362082822 0.0072338674627164153 -0.11240478890261471 -0.013998218073001473
leaf_weight=42 66 65 40 887 312 60 57 187 63 102 105 94 46 1720
leaf_count=42 66 65 40 887 312 60 57 187 63 102 105 94 46 1720
internal_value=-0.000358721 0.00628378 -0.000722892 -0.000624324 0.000485893 0.00366176 0.00498387 0.00639432 0.00191235 -0.00126316 -0.000115496 -0.00730964 0.00848684 -0.00181309
internal_weight=3846 147 82 3699 1913 679 619 562 250 1234 1038 196 151 1786
internal_count=3846 147 82 3699 1913 679 619 562 250 1234 1038 196 151 1786
is_linear=0
shrinkage=0.03


Tree=402
num_leaves=15
num_cat=0
split_feature=79 3 63 79 77 31 80 53 66 30 3 22 70 0
split_gain=7.29572 13.105 9.83227 7.7753 15.2923 9.56934 12.2758 8.62272 8.14889 9.28332 6.87009 6.24477 7.36442 13.008
threshold=275.37175887992549 19.208333333343038 390.70685217091653 33.487318697916308 -287.47584432363504 24.027619047619059 74.198228836059585 7.5000000000000009 80.634072661399856 29.250000000000004 11.041666666656967 14.886458277702333 0.86190476190476206 82.500000000000014
decision_type=10 2 8 10 10 10 8 10 8 10 2 2 8 2
left_child=3 2 -2 5 -5 11 -7 -6 -8 -10 -11 12 13 -1
right_child=1 -3 -4 4 7 6 8 -9 9 10 -12 -13 -14 -15
leaf_value=0.0052812872122863013 0.029571194021819982 -0.38699144965352883 -0.06600901879684723 -0.12089710789142144 0.60888843513454283 -0.50439249850483858 0.037878736032082402 0.012878086053825679 -0.26507153033707226 0.056513406916943384 -0.14747625092529035 -0.19470541571823125 -0.0014558212264819304 0.28881301991604574
leaf_weight=398 71 41 73 62 73 121 91 73 69 55 48 70 2418 175
leaf_count=398 71 41 73 62 73 121 91 73 69 55 48 70 2418 175
internal_value=-0.00017192 -0.00596774 -0.00165517 0.000123153 0.00574163 -0.000217644 -0.00467532 0.0110204 -0.00102273 -0.00485549 0.000865385 0.000342913 0.000551471 0.00360627
internal_weight=3838 185 144 3653 208 3445 384 146 263 172 103 3061 2991 573
internal_count=3838 185 144 3653 208 3445 384 146 263 172 103 3061 2991 573
is_linear=0
shrinkage=0.03


Tree=403
num_leaves=15
num_cat=0
split_feature=64 44 61 28 16 27 3 81 81 22 39 28 40 16
split_gain=7.27784 12.0344 8.08717 12.4652 12.3553 9.06516 11.1131 8.43474 8.25408 9.79973 9.01934 7.48239 7.34884 7.1821
threshold=4.1685807728831863 114.40960347652437 0.74623523268184011 176.50000000000003 23.500000000000004 0.87548449612403112 13.625000000000002 6435.8686270713815 3905.7969937324528 1.379980802536011 1129.2268944760299 206.50000000000003 20.487778516945976 26.500000000000004
decision_type=8 10 8 2 2 10 2 8 8 2 10 2 10 2
left_child=1 2 3 5 8 -1 -7 -4 10 -10 -5 -3 -2 -14
right_child=12 11 7 4 -6 6 -8 -9 9 -11 -12 -13 13 -15
leaf_value=-0.37276915495903579 -0.096390615133367843 -0.73715704918958547 0.49989795812676663 -0.049294942261926551 -0.51687532355370747 -0.051284251839744388 0.4276844754461564 -0.035396170965501024 0.026821467094257017 -0.32714026428238896 0.20521962141402325 -0.059855934298460589 0.014618498348463032 -0.017588458141334796
leaf_weight=41 173 51 72 56 62 60 105 75 43 143 85 48 1968 787
leaf_count=41 173 51 72 56 62 60 105 75 43 143 85 48 1968 787
internal_value=-7.1618e-05 -0.00252969 -0.00121131 -0.00276846 -0.00592308 0.00318841 0.0063253 0.00506757 -0.00356707 -0.00770053 0.00190141 -0.0123 0.000635029 0.00101234
internal_weight=3769 841 742 595 389 206 165 147 327 186 141 99 2928 2755
internal_count=3769 841 742 595 389 206 165 147 327 186 141 99 2928 2755
is_linear=0
shrinkage=0.03


Tree=404
num_leaves=15
num_cat=0
split_feature=83 82 80 38 37 71 52 9 0 68 38 0 81 5
split_gain=5.58131 6.33319 7.26456 7.02082 10.1551 8.71809 17.4609 11.0594 11.5329 9.25883 8.70439 8.37725 8.15185 7.92154
threshold=419.96287250518805 267.35669974486035 296.37103259563452 3823.415592664936 1674.6610848626906 13.500000000000002 40.176029324531562 150.00000000000003 89.500000000000014 -0.0089298637967162708 3724.1880012631832 7.5000000000000009 26965.108477473263 64.067189931869521
decision_type=10 10 10 10 8 8 8 2 2 8 10 2 10 10
left_child=1 2 3 10 -5 7 -7 9 11 -6 12 13 -1 -9
right_child=-2 -3 -4 4 5 6 -8 8 -10 -11 -12 -13 -14 -15
leaf_value=0.002817265778493656 0.66214292371526162 0.85313625039863716 -0.42390267274819265 0.16581385157225667 0.00027000150595419826 -0.071846967218796964 0.34434981039773049 0.048582404476294382 0.10011964730011129 -0.87641771372784405 -0.38132084222423301 -0.23031887687824121 -0.27275703691126357 -0.10895438639675571
leaf_weight=2938 52 77 70 55 44 85 132 80 72 46 59 41 72 40
leaf_count=2938 52 77 70 55 44 85 132 80 72 46 59 41 72 40
internal_value=0.000520186 0.000385624 0.000208835 0.000392906 0.00337248 0.00210721 0.00674312 -0.00101852 0.0024359 -0.00989011 -0.000185668 -0.00203704 3.98539e-05 0.00198347
internal_weight=3863 3811 3734 3664 595 540 217 323 233 90 3069 161 3010 120
internal_count=3863 3811 3734 3664 595 540 217 323 233 90 3069 161 3010 120
is_linear=0
shrinkage=0.03


Tree=405
num_leaves=15
num_cat=0
split_feature=40 8 3 17 35 3 23 61 15 0 9 85 0 82
split_gain=5.74231 8.55548 12.5824 12.1678 11.0934 9.04275 8.4199 8.30686 7.89392 11.8039 7.74803 17.4896 9.50541 7.74285
threshold=45.180242109435198 4.1462990685532128 15.625000000000002 29.000000000000004 22.480780531425655 14.625000000000002 0.24001967906951907 0.9287790772979162 28.500000000000004 -1.4999999999999998 150.00000000000003 -48.539142529169709 96.500000000000014 76.17968070507051
decision_type=8 10 2 2 10 2 10 8 2 2 2 8 2 10
left_child=13 4 5 -4 8 6 -3 -6 -2 -10 11 -5 -12 -1
right_child=1 2 3 10 7 -7 -8 -9 9 -11 12 -13 -14 -15
leaf_value=0.072060981864615348 -0.051836878870155229 0.15446598443798806 0.3845267987566432 0.37361795936470193 0.58566113606172809 -0.7657004494580183 -0.0074199931454224897 -0.0040412672824611112 -0.11734331910669822 0.10545600637986176 0.0020523816854843497 -0.1338915115607891 1.0003144639867587 -0.066480437625754965
leaf_weight=397 1426 47 172 70 59 74 786 77 119 135 97 182 61 130
leaf_count=397 1426 47 172 70 59 74 786 77 119 135 97 182 61 130
internal_value=-0.000234803 -0.00069873 0.000986577 0.00442539 -0.00208035 -0.00122247 -0.000323741 0.00613139 -0.00274836 0.00211765 0.00160584 -0.00166008 0.00679245 0.00267045
internal_weight=3832 3305 1489 582 1816 907 833 136 1680 254 410 252 158 527
internal_count=3832 3305 1489 582 1816 907 833 136 1680 254 410 252 158 527
is_linear=0
shrinkage=0.03


Tree=406
num_leaves=15
num_cat=0
split_feature=16 29 64 68 26 36 3 16 34 3 77 42 64 29
split_gain=7.97305 9.26485 5.67289 10.7684 10.9035 11.7817 7.57911 7.44986 12.7229 11.3857 15.8808 12.6428 11.2474 9.89108
threshold=1.0000000180025095e-35 0.88654221231540831 3.6835287751673564 0.18592628841098088 114.50000000000001 0.30395962732919263 13.625000000000002 12.500000000000002 0.82085561497326209 15.625000000000002 33.659677147865303 -128.92096817493436 4.083971113897598 0.92865626060400419
decision_type=2 10 8 8 2 10 2 2 8 2 8 8 10 10
left_child=1 -1 3 4 -2 -6 -5 8 9 11 12 -4 -11 -13
right_child=2 -3 7 6 5 -7 -8 -9 -10 10 -12 13 -14 -15
leaf_value=0.020718668226393414 -0.3953513794293545 -0.3436675552511424 -1.3593126347618942 -0.093196579740124436 -0.077444576520131175 1.0132652620674287 0.18412684304534566 -0.00058618396188811169 0.36630393689174467 0.027811603078669263 -0.23087277683688739 0.016430905052921503 0.52655820625054761 -0.28575605480591421
leaf_weight=47 158 99 41 61 50 43 85 2078 100 196 49 537 188 99
leaf_count=47 158 99 41 61 50 43 85 2078 100 196 49 537 188 99
internal_value=0.000320981 -0.00653061 0.00059414 -0.00278894 -0.00654762 0.00159574 0.00367347 0.00100334 0.00287366 0.00194419 0.00573733 -0.000486726 0.00779221 0.000565149
internal_weight=3831 146 3685 397 251 93 146 3288 1210 1110 433 677 384 636
internal_count=3831 146 3685 397 251 93 146 3288 1210 1110 433 677 384 636
is_linear=0
shrinkage=0.03


Tree=407
num_leaves=15
num_cat=0
split_feature=66 37 76 60 27 30 48 16 77 42 81 16 59 81
split_gain=6.38229 6.21319 10.9917 12.9041 10.1975 16.3087 10.0467 11.1413 10.8014 8.71712 8.16301 7.95498 9.43691 7.6882
threshold=-269.19951641559595 940.29018958010045 596.36172044277203 442.04690611362463 0.96828988005458605 5.9500000000000011 132.88944848378503 21.500000000000004 -146.72816359996793 134.47865915298465 3293.3193708658223 1.0000000180025095e-35 305.53867006301886 7079.9755653142938
decision_type=8 10 8 8 10 8 10 2 8 10 8 2 8 8
left_child=-1 2 10 6 5 9 7 8 -4 -5 -2 -3 -13 -6
right_child=1 11 3 4 13 -7 -8 -9 -10 -11 -12 12 -14 -15
leaf_value=-0.23365032004844663 0.027335801002286997 -0.15287455654344143 0.82228504703207228 0.46577847786108045 -0.26706195783941183 -0.0031894360283851331 -0.94934547466314756 -0.156164388137292 -0.11072740509383346 -0.015572630485488048 -0.13177843038476084 0.0087579781172530593 0.82115442310165521 0.014654749956523574
leaf_weight=138 61 127 41 161 102 180 58 175 90 45 153 2275 50 201
leaf_count=138 61 127 41 161 102 180 58 175 90 45 153 2275 50 201
internal_value=-0.000163297 7.25806e-05 -0.00163249 -0.000370019 0.00204348 0.00527132 -0.00493151 -0.00273616 0.00386364 0.0110145 -0.00781395 0.000953934 0.00135426 -0.00207237
internal_weight=3857 3719 1267 1053 689 386 364 306 131 206 214 2452 2325 303
internal_count=3857 3719 1267 1053 689 386 364 306 131 206 214 2452 2325 303
is_linear=0
shrinkage=0.03


Tree=408
num_leaves=15
num_cat=0
split_feature=73 73 34 79 4 1 22 29 29 5 37 29 41 68
split_gain=7.05608 6.79297 13.5315 10.2074 7.42699 14.2906 9.40135 9.25504 7.44264 8.05618 7.8138 6.78889 9.16516 8.99045
threshold=161.17725479602817 25.488497734069828 0.18795289855072467 8.552304811309229 8.5000000000000018 631.37168741226208 1.8354868888854983 0.94598433660933667 0.57574446771696575 8.5342426300048846 1284.3885576511634 0.90670953912111474 4.6045364141464242 0.039853671532549408
decision_type=10 10 8 8 2 2 2 10 10 10 10 10 8 8
left_child=1 4 -3 -4 -1 6 -6 8 -7 10 -10 13 -13 -11
right_child=-2 2 3 -5 5 7 -8 -9 9 11 -12 12 -14 -15
leaf_value=-0.0071883308895904019 0.43594834072005323 0.091816430172844632 -0.48820634517913197 -0.027407862755877657 -0.019008920103627987 -0.034124558607451172 0.29226121591063159 -0.22624312643538835 0.46221810877654346 -0.11430637963917561 0.073720434881218322 0.49028420793527572 -0.080090626309880689 0.098177652128419224
leaf_weight=2709 43 76 82 103 40 94 139 108 50 87 93 58 89 46
leaf_count=2709 43 76 82 103 40 94 139 108 50 87 93 58 89 46
internal_value=-0.000353588 -0.000492715 -0.00515267 -0.00951613 -0.000145134 0.00238509 0.00983333 0.000239617 0.0019112 0.00360849 0.009375 0.000640569 0.00506757 -0.00425373
internal_weight=3817 3774 261 185 3513 804 179 625 517 423 143 280 147 133
internal_count=3817 3774 261 185 3513 804 179 625 517 423 143 280 147 133
is_linear=0
shrinkage=0.03


Tree=409
num_leaves=15
num_cat=0
split_feature=39 70 58 0 8 31 77 77 28 70 34 85 3 31
split_gain=6.95015 13.3127 14.5096 12.4924 10.9265 17.0694 11.8793 10.8946 11.2953 10.7966 10.2773 13.1715 10.0196 9.40553
threshold=2364.198827776172 0.8973684210526317 1524.7034965753558 115.50000000000001 4.2969114774457973 15.480625000000002 -3.0912309288978572 38.12003558874131 196.50000000000003 0.62828947368421062 0.23310502283105025 118.25940662622453 15.458333333343036 7.403125000000002
decision_type=8 10 10 2 10 8 10 10 2 10 8 10 2 8
left_child=4 2 3 13 6 -6 -1 8 -8 -5 11 -3 -9 -2
right_child=1 10 -4 9 5 -7 7 12 -10 -11 -12 -13 -14 -15
leaf_value=-0.0097137183871191003 0.48523979104901482 0.01664466257385392 -0.079770836837422684 2.7144546881946754 0.7095664537002867 -0.0053772186709448982 0.064339387844474766 0.11870814692392712 1.0706355867561543 0.033720333611022398 -0.28210471825558131 -0.37551986919629315 -0.32135258407021838 -0.0049262596353516486
leaf_weight=1688 44 379 71 40 156 135 77 102 49 123 443 95 41 391
leaf_count=1688 44 379 71 40 156 135 77 102 49 123 443 95 41 391
internal_value=-0.000219035 -0.00173913 0.00147761 0.00300501 0.000853713 0.00626712 4.59653e-05 0.00588889 0.0122835 0.010061 -0.00408497 -0.00101053 0.000208333 0.000344037
internal_weight=3834 1586 669 598 2248 291 1957 269 126 163 917 474 143 435
internal_count=3834 1586 669 598 2248 291 1957 269 126 163 917 474 143 435
is_linear=0
shrinkage=0.03


Tree=410
num_leaves=15
num_cat=0
split_feature=50 52 63 43 43 77 48 65 83 4 14 26 31 83
split_gain=7.99226 6.66917 7.11992 7.93249 6.96737 9.95666 12.6281 10.8972 9.81241 8.1114 10.5542 7.92653 13.9145 15.6546
threshold=3196.8798408508305 18.17780697345734 26.973786161777859 640.2893698801048 745.16827859972238 -51.525978863239281 -3.1162788470586134 0.92569678480918383 266.9485747814179 8.5000000000000018 529.0739941642554 114.50000000000001 12.168333333333335 60.364483714103706
decision_type=10 10 10 10 10 10 10 10 10 2 10 2 8 10
left_child=1 2 -1 -4 5 8 -7 -8 11 -6 -11 -3 13 -13
right_child=-2 4 3 -5 9 6 7 -9 -10 10 -12 12 -14 -15
leaf_value=-0.0012053716529542057 -0.057955520915848803 3.2386952455567552e-05 -0.41152753041030904 0.035610493104973093 -0.019112703913763785 0.72550352134049145 0.21228820442067511 -0.35968515668856377 -0.28243827539037952 -0.0076020791263894695 0.44387650424494729 0.38731995481162612 0.0036335523455335306 -0.14444825234235989
leaf_weight=353 101 1293 117 59 591 138 244 89 72 113 64 211 345 44
leaf_count=353 101 1293 117 59 591 138 244 89 72 113 64 211 345 44
internal_value=0.000344198 0.000570434 -0.00254717 -0.00745763 0.0010858 0.00187115 0.0057839 0.00260479 0.000930824 -0.00140442 0.00421348 0.00134636 0.00419301 0.00949219
internal_weight=3834 3733 529 176 3204 2436 471 333 1965 768 177 1893 600 255
internal_count=3834 3733 529 176 3204 2436 471 333 1965 768 177 1893 600 255
is_linear=0
shrinkage=0.03


Tree=411
num_leaves=15
num_cat=0
split_feature=50 83 0 19 77 69 0 85 59 37 82 37 69 64
split_gain=9.20805 5.77666 5.51185 6.71575 9.20464 19.3824 12.3846 8.97983 8.4331 7.73325 7.13929 7.05136 6.30246 5.45514
threshold=3523.782513737679 -208.64871227741239 401.50000000000006 210.00000000000003 -69.401914954185472 98.054898180280432 -21.499999999999996 403.32884275913244 142.45288324356082 225.8591077100541 5.1469217141469334 267.05819168824945 54.815953614715504 2.6854902946646462
decision_type=10 10 2 10 8 8 2 10 10 10 10 10 8 8
left_child=2 -2 3 7 6 10 -5 13 9 -8 -6 -7 -11 -1
right_child=1 -3 -4 4 5 11 8 -9 -10 12 -12 -13 -14 -15
leaf_value=-0.21038934977399548 -0.34667508727811408 -0.0040632417586580517 0.14691515069312316 -0.30311338059164528 0.21954408837190387 -0.083754170371897224 0.28971487896228687 -0.81008873400222681 1.3751960069173579 0.043603147088572693 1.5623763641019341 0.15816412321403675 -0.16397194359676887 0.001272797633302885
leaf_weight=81 43 47 66 70 40 60 42 47 50 48 51 73 77 3004
leaf_count=81 43 47 66 70 40 60 42 47 50 48 51 73 77 3004
internal_value=0.000197368 -0.00923077 0.000428571 0.000271679 0.00345703 0.008 -0.000104167 -0.000248963 0.00344037 0.000178571 0.018587 0.000671642 -0.00357143 -4.86066e-05
internal_weight=3799 90 3709 3643 511 224 287 3132 217 167 91 133 125 3085
internal_count=3799 90 3709 3643 511 224 287 3132 217 167 91 133 125 3085
is_linear=0
shrinkage=0.03


Tree=412
num_leaves=15
num_cat=0
split_feature=68 39 17 62 51 48 68 85 56 80 68 64 15 68
split_gain=4.98894 8.0741 6.8463 12.7921 5.66391 7.82731 5.19611 11.255 13.3952 9.8773 9.01866 9.4849 14.7995 9.22192
threshold=-0.27076123694585724 2647.8386175246928 3.5000000000000004 0.040602768508203997 -3029.9999999999995 145.85433439413711 -0.16865542931208519 -40.487925648689263 -116.69433482487995 -41.911122083663933 -0.15093092527786464 5.679453871472357 20.500000000000004 0.019299193235283337
decision_type=8 10 2 8 8 10 8 8 10 10 8 10 2 10
left_child=1 -1 3 -2 5 -4 7 8 -6 -9 -8 -12 -13 -14
right_child=2 -3 4 -5 6 -7 10 9 -10 -11 11 12 13 -15
leaf_value=0.19216508243490957 -1.3226921405215661 -0.095747773913322912 -0.31398937701627877 0.045315308279356134 -0.39681562590208747 0.011966802167448772 0.24509325379442892 0.005692591870527508 0.42081670943390281 -0.20692135531405423 0.0034998713947666715 -0.88583419030343347 0.070004923054332424 -0.14857736401709729
leaf_weight=76 41 60 61 40 48 40 98 77 70 126 2906 88 108 69
leaf_count=76 41 60 61 40 48 40 98 77 70 126 2906 88 108 69
internal_value=-0.000368381 0.00525547 -0.000572489 -0.00914634 -0.000381907 -0.00735294 -0.000183793 -0.00381988 0.00352941 -0.00808824 0.000174312 -0.000104035 -0.00552632 -0.000505618
internal_weight=3908 136 3772 81 3691 101 3590 321 118 203 3269 3171 265 177
internal_count=3908 136 3772 81 3691 101 3590 321 118 203 3269 3171 265 177
is_linear=0
shrinkage=0.03


Tree=413
num_leaves=15
num_cat=0
split_feature=5 25 73 73 81 80 83 83 17 0 37 33 7 40
split_gain=5.27906 8.23235 13.4748 9.0577 8.22264 7.87987 9.58227 9.97283 7.18864 9.90106 9.25815 10.7499 13.8093 6.84357
threshold=64.067189931869521 0.90645833333333348 12.905526518821718 49.751993298530586 17132.982542037968 191.65667605400088 -119.14851403236388 -170.81070125102994 2.5000000000000004 401.50000000000006 850.1750031308942 8.1660618279569928 3506.7014549908713 74.464321751082025
decision_type=10 8 10 10 10 10 8 10 2 2 8 10 10 10
left_child=8 2 4 5 -2 6 7 -3 -1 10 11 12 13 -10
right_child=1 3 -4 -5 -6 -7 -8 -9 9 -11 -12 -13 -14 -15
leaf_value=-0.58163517708852874 -0.10090551944860637 0.048955652460941579 0.071349415245602385 -0.13857372291889741 -0.60679027873441338 0.78888154076461414 -0.018660954907720774 0.26151985320008464 0.19169521725782224 1.0820599963360706 0.012239845881762718 -0.46811526842326295 1.3366620541664191 -0.27825019706913812
leaf_weight=42 356 85 76 50 41 52 574 54 64 45 2127 74 46 176
leaf_count=42 356 85 76 50 41 52 574 54 64 45 2127 74 46 176
internal_value=0.000217448 -0.00134988 -0.00449367 0.000477941 -0.00670854 0.00129243 0.000462185 0.0075 0.00100194 0.00120805 0.000952572 -0.0034903 -0.000836237 -0.00373444
internal_weight=3862 1288 473 815 397 765 713 139 2574 2532 2487 360 286 240
internal_count=3862 1288 473 815 397 765 713 139 2574 2532 2487 360 286 240
is_linear=0
shrinkage=0.03


Tree=414
num_leaves=15
num_cat=0
split_feature=10 83 77 77 80 9 14 29 49 43 82 38 68 84
split_gain=10.4553 13.5023 6.78035 15.4504 9.03685 9.54476 8.42409 12.6733 11.7032 7.61183 10.2649 10.0896 13.8686 13.2795
threshold=1.5000000000000002 -109.08922314643858 -241.54876583814618 -204.02106446027753 -66.827454328536973 210.00000000000003 206.32331282649952 0.90423493926795484 8.5000000000000018 466.38237140510051 217.29711361726126 1826.4368761913927 -0.32907284218943306 -74.597456455230699
decision_type=2 10 8 8 10 2 10 10 10 10 10 10 10 8
left_child=2 -2 4 -4 5 -1 -6 8 -8 11 -11 13 -13 -5
right_child=1 -3 3 9 6 -7 7 -9 -10 10 -12 12 -14 -15
leaf_value=-0.32872889583748627 0.062818033929942563 -0.6454219576894501 0.10426347672085952 0.42709580599247526 0.12142859590686547 -0.010636216455668562 0.83874746678995105 -0.12191364682580666 -0.013069017780686103 -0.012425418974486515 0.68549795833682936 0.93823916418639486 0.013754009647263258 -0.047294251854446683
leaf_weight=119 40 51 165 110 40 133 56 157 68 1124 47 55 1090 602
leaf_count=119 40 51 165 110 40 133 56 157 68 1124 47 55 1090 602
internal_value=-0.000116641 -0.0101087 0.000127422 0.000666875 -0.00287456 -0.00711462 0.000465839 -0.00138298 0.00576 0.000178277 -0.00171502 0.00137244 0.00311518 -0.00143058
internal_weight=3857 91 3766 3193 573 252 321 281 124 3028 1171 1857 1145 712
internal_count=3857 91 3766 3193 573 252 321 281 124 3028 1171 1857 1145 712
is_linear=0
shrinkage=0.03


Tree=415
num_leaves=15
num_cat=0
split_feature=22 50 81 77 22 83 77 65 81 80 68 23 8 77
split_gain=6.3746 7.67375 7.62322 10.7001 11.1923 7.30452 7.1688 6.25856 10.0432 9.38434 13.3812 8.12887 8.63036 6.75283
threshold=12.118590116500856 3164.9433181285863 8384.7217878103274 -108.47597461938857 14.886458277702333 81.19319593906404 -290.59762978553766 1.0749888956887397 5907.5514587163934 43.877347111701972 -0.10173851193393131 0.13032472133636477 3.1973082658937417 -121.68960374593733
decision_type=2 10 8 10 2 8 10 10 10 8 10 8 10 10
left_child=1 7 3 4 -2 -3 -4 11 9 -9 -11 12 -1 -10
right_child=2 5 6 -5 -6 -7 -8 8 13 10 -12 -13 -14 -15
leaf_value=-0.025834584532752485 0.050034802687043009 0.0074569930074552815 0.010208112813600801 0.32097826239458754 -0.26577557371583643 -0.40113337319824705 -0.098810990120168044 -0.68287219012805411 0.088964285941419793 0.019450730901359597 -0.64167043181792283 0.0042949092283592893 0.12432815019334033 -0.039153764369258111
leaf_weight=45 90 41 58 51 52 46 143 75 119 80 41 2818 106 113
leaf_count=45 90 41 58 51 52 46 143 75 119 80 41 2818 106 113
internal_value=-0.000185615 0.000223816 -0.00379747 0.000463918 -0.00377622 -0.00852273 -0.00787129 0.000450265 -0.00293706 -0.00791878 -0.00270492 0.000939394 0.00769737 0.00128755
internal_weight=3878 3484 394 193 142 87 201 3397 428 196 121 2969 151 232
internal_count=3878 3484 394 193 142 87 201 3397 428 196 121 2969 151 232
is_linear=0
shrinkage=0.03


Tree=416
num_leaves=15
num_cat=0
split_feature=38 30 42 51 84 82 15 74 83 1 38 70 82 15
split_gain=6.72421 8.55106 13.5489 11.3234 13.5618 9.94164 9.70614 7.9791 9.45623 8.21404 7.95222 7.97562 7.8963 7.80147
threshold=3011.0612762949486 6.1500000000000012 12.692832231521608 -151.08688163757321 9.7929721673329677 99.461926937103286 29.500000000000004 243.3351795038416 114.32852864265443 748.91311836242687 2384.2879373552919 0.39230769230769241 -6.381268183390298 3.5000000000000004
decision_type=10 10 8 8 8 10 2 8 10 2 8 8 8 2
left_child=1 -1 6 4 -4 -5 13 -2 9 -9 -6 -12 -8 -3
right_child=7 2 3 5 10 -7 12 8 -10 -11 11 -13 -14 -15
leaf_value=0.0067183817799953971 0.83209802498887775 0.13227197290796858 -0.70495003946754353 0.0034038111560553163 -0.3604296072249713 0.3011007445349696 0.10574253131350438 0.016891606409862321 -0.054863187180288972 -0.037373091221739971 -0.012433107647798217 0.094837706950798975 -0.053210597917007704 -0.29943334890417078
leaf_weight=1162 63 46 107 410 58 85 42 1139 112 113 41 47 68 343
leaf_count=1162 63 46 107 410 58 85 42 1139 112 113 41 47 68 343
internal_value=-0.000265833 -0.00123237 -0.00295673 -0.000400534 -0.00555118 0.0022379 -0.00678 0.00136555 0.000879121 0.00162809 0.000408163 0.00606742 0.00108108 -0.009
internal_weight=3836 2409 1247 748 253 495 499 1427 1364 1252 146 88 110 389
internal_count=3836 2409 1247 748 253 495 499 1427 1364 1252 146 88 110 389
is_linear=0
shrinkage=0.03


Tree=417
num_leaves=15
num_cat=0
split_feature=56 79 1 79 63 24 31 23 39 23 1 39 48 30
split_gain=7.04076 7.45612 8.22684 12.352 9.20552 8.75832 8.65213 7.0991 15.0383 9.34058 9.46052 14.8225 8.0442 8.6807
threshold=287.82414170106262 7.8591503867123143 665.53867006301891 3.7701314054689621 55.08607110396548 40.500000000000007 19.530555555555562 4.0054835081100473 4875.5219720155401 4.7267011404037484 627.41329634189617 3375.480070074595 69.205930431683882 16.050000000000004
decision_type=10 8 2 10 10 2 10 8 10 10 2 10 10 10
left_child=1 2 6 -4 5 -5 -1 8 12 -9 11 -11 -3 -14
right_child=-2 7 3 4 -6 -7 -8 9 -10 10 -12 -13 13 -15
leaf_value=0.012509213937338046 -0.058787833646350034 0.040731485333335052 0.070853677361491299 -0.6237310909090743 -0.5644187974032614 0.25063349288576692 -0.22975791688481262 -0.18625726913804869 0.23579304522997557 0.274557568057896 -0.0051513405313550467 -0.028890617017375116 -0.17815832940842846 0.035679270886499879
leaf_weight=536 262 638 67 83 77 52 95 67 99 201 1239 83 174 124
leaf_count=536 262 638 67 83 77 52 95 67 99 201 1239 83 174 124
internal_value=-5.52923e-05 0.000296946 -0.00204171 -0.00632143 -0.00985915 -0.00507353 -0.000142405 0.00110815 0.00304054 -0.000150849 0.000334646 0.00526316 0.00185699 -0.00220736
internal_weight=3797 3535 910 279 212 135 631 2625 1035 1590 1523 284 936 298
internal_count=3797 3535 910 279 212 135 631 2625 1035 1590 1523 284 936 298
is_linear=0
shrinkage=0.03


Tree=418
num_leaves=15
num_cat=0
split_feature=5 0 14 41 49 28 35 34 26 35 23 52 27 3
split_gain=7.16913 8.63594 7.9274 10.1513 9.13529 8.65153 8.36168 9.39062 8.56647 7.01147 10.8735 13.0801 11.9723 14.5995
threshold=68.534242630004897 409.00000000000006 248.97566214264006 120.8123598098755 6.5000000000000009 185.50000000000003 0.161830131445905 0.084523809523809543 71.500000000000014 14.198214285714288 5.9433181285858163 84.73128199577333 0.91217864205669097 21.125000000000004
decision_type=8 2 8 10 10 2 8 10 2 8 10 10 10 2
left_child=1 9 3 5 -5 -2 -4 8 -8 -1 11 -11 13 -12
right_child=2 -3 6 4 -6 -7 7 -9 -10 10 12 -13 -14 -15
leaf_value=-0.016192870081267755 0.24065238115918974 1.2257553000698107 0.068140035453641445 -0.16757912479285395 0.20371255806037139 -0.020437465461373171 -0.014302046175822163 -0.10266689694267299 0.17472039166052084 0.079994944869016996 -0.0002970571540203866 -0.016956598314898451 -0.13655994028385626 1.077540072122376
leaf_weight=1018 132 43 151 79 41 110 89 641 42 586 538 163 125 45
leaf_count=1018 132 43 151 79 41 110 89 641 42 586 538 163 125 45
internal_value=0.000212934 0.00114331 -0.00160964 0.00214876 -0.00495868 0.00567901 -0.00308442 -0.0043467 0.00295455 0.000908724 0.0022428 0.00476 -0.000423131 0.00138699
internal_weight=3803 2518 1285 362 120 242 923 772 131 2475 1457 749 708 583
internal_count=3803 2518 1285 362 120 242 923 772 131 2475 1457 749 708 583
is_linear=0
shrinkage=0.03


Tree=419
num_leaves=15
num_cat=0
split_feature=30 14 77 48 66 37 81 42 46 61 27 83 27 71
split_gain=4.91603 8.22968 7.04859 7.01914 5.31061 10.1831 8.81632 13.751 14.4964 13.255 12.0878 8.82091 8.36883 9.58559
threshold=58.350000000000009 309.24468765594889 -293.80850327014917 140.19411953290304 -215.17771553993222 2585.3596173827668 5175.3435243368158 70.651929140090957 810.00000000000011 0.70522637192078563 0.91880905295539461 -175.32100319862363 0.98561076604554876 13.500000000000002
decision_type=8 8 10 10 10 8 8 10 8 8 10 8 10 8
left_child=4 -2 -3 -4 12 6 7 8 9 -6 -9 -8 -1 -14
right_child=1 2 3 -5 5 -7 11 10 -10 -11 -12 -13 13 -15
leaf_value=0.016959886102902857 -0.18743618940060267 0.032250336657610713 -0.20319683362730923 0.0073310873256300186 -0.038761283114463724 0.12962799922815904 -0.34056269670516542 0.84871941298170983 -0.70714671833458953 0.22005009507493856 0.18999050742444396 -0.020375993679360303 -0.239539578622669 -0.0047626144414196856
leaf_weight=1681 41 49 44 47 248 63 47 85 45 84 116 1002 50 216
leaf_count=1681 41 49 44 47 248 63 47 85 45 84 116 1002 50 216
internal_value=3.14218e-05 -0.00478022 -0.0012766 -0.00619565 0.000272128 -0.000958013 -0.00141892 0.0015544 -0.0018254 0.00036036 0.00787129 -0.00305714 0.00133984 -0.00359551
internal_weight=3818 181 140 91 3637 1690 1627 578 377 332 201 1049 1947 266
internal_count=3818 181 140 91 3637 1690 1627 578 377 332 201 1049 1947 266
is_linear=0
shrinkage=0.03


Tree=420
num_leaves=15
num_cat=0
split_feature=64 31 71 3 83 3 42 28 36 65 83 80 68 85
split_gain=7.33418 9.84137 8.8541 12.4234 10.8818 10.2461 11.8616 11.0955 17.6235 10.8715 9.12748 17.2228 8.39997 8.55311
threshold=4.4334419921958697 6.3557692307692308 13.500000000000002 5.6250000000000009 103.39340400695802 7.7916666666569663 61.327618241310127 287.50000000000006 0.33793300342596122 0.96410614614914136 69.476742744445815 156.61385095119479 -0.16865542931208519 23.737472534179691
decision_type=8 8 10 2 8 2 8 2 10 8 10 10 10 10
left_child=1 -1 3 4 -2 6 -5 9 -9 -7 -4 -12 13 -3
right_child=2 12 10 5 -6 7 -8 8 -10 -11 11 -13 -14 -15
leaf_value=-0.41549299605918283 -0.55707745149550469 -0.033733497754819194 0.059046477599529829 -0.0014458868152028258 -0.008952895737337152 0.38310168204672457 1.1148689186363794 -0.0021735850032940005 -1.0674040826821312 0.0016540860519544864 -0.087148471258999785 0.15709449951634952 -0.0053393050068586941 -0.69731091188028449
leaf_weight=43 45 60 823 70 130 94 65 128 52 1212 75 48 929 42
leaf_count=43 45 60 823 70 130 94 65 128 52 1212 75 48 929 42
internal_value=0.000314383 -0.00178605 0.00113744 -0.000100167 -0.00767045 0.000721332 0.00860294 0 -0.00696133 0.00096404 0.00348469 -0.0041129 -0.00119186 -0.00932039
internal_weight=3816 1074 2742 1796 175 1621 135 1486 180 1306 946 123 1031 102
internal_count=3816 1074 2742 1796 175 1621 135 1486 180 1306 946 123 1031 102
is_linear=0
shrinkage=0.03


Tree=421
num_leaves=15
num_cat=0
split_feature=61 65 61 33 80 61 26 65 26 25 16 65 33 64
split_gain=8.47493 7.48324 7.47583 9.37175 8.42605 15.5962 16.9492 7.34962 6.87616 6.74088 9.87514 7.47164 11.0917 7.72321
threshold=0.0065828563247955635 1.117639230353231 0.29250303394340005 26.560442890442893 -95.134021878242478 0.82184868614241735 89.500000000000014 0.99444332305378291 111.50000000000001 0.89528508771929838 9.5000000000000018 1.0806644976826278 18.010686600221486 3.9736556326604684
decision_type=8 8 8 10 8 8 2 10 2 10 2 10 10 10
left_child=1 7 3 9 5 6 -4 -1 -3 10 -2 12 13 -11
right_child=2 8 4 -5 -6 -7 -8 -9 -10 11 -12 -13 -14 -15
leaf_value=0.21309794536496121 0.16699891666120723 0.012694101499362488 -0.58923518142077058 -0.46590729519509633 -0.00091208138276869014 0.20074872010241498 0.24191372114895621 -0.098726635158046028 0.42802289936419619 -0.023932810538278202 -0.012703780653483888 -0.3331966332465231 0.1309026154418822 -0.23676030031481077
leaf_weight=94 134 78 51 61 2287 147 77 61 93 261 251 61 73 93
leaf_count=94 134 78 51 61 2287 147 77 61 93 261 251 61 73 93
internal_value=-3.1389e-05 0.00458716 -0.000463254 -0.00275936 0.000374561 0.00532609 -0.00232558 -0.000192308 0.00889535 -0.00195652 0.00101036 -0.00429448 -0.00287383 -0.00507042
internal_weight=3822 326 3496 934 2562 275 128 155 171 873 385 488 427 354
internal_count=3822 326 3496 934 2562 275 128 155 171 873 385 488 427 354
is_linear=0
shrinkage=0.03


Tree=422
num_leaves=15
num_cat=0
split_feature=10 83 16 62 15 27 28 35 50 76 59 32 59 8
split_gain=5.23139 12.784 5.09142 6.50305 5.97333 5.7333 15.3268 14.6489 12.996 12.0324 9.01168 11.1542 9.00977 9.28987
threshold=1.5000000000000002 -109.08922314643858 1.0000000180025095e-35 -0.088958174254261668 20.500000000000004 0.96828988005458605 120.50000000000001 1.0000000180025095e-35 2336.9026728868489 1954.6799905300143 585.41130781173717 0.45643939393939398 355.93281006813055 0.63150081989989304
decision_type=2 10 2 8 2 10 2 8 10 8 8 10 10 8
left_child=2 -2 3 -1 -5 7 -7 -4 12 -8 11 -11 13 -9
right_child=1 -3 5 4 -6 6 9 8 -10 10 -12 -13 -14 -15
leaf_value=-0.82169089012346941 0.060049042390380621 -0.54184166039628068 0.46277876303730903 -0.2755405846460372 0.12223780512788263 -0.79467589772931202 -0.16657910428018041 -0.25115095949497407 -0.19083266439010119 -0.016360003867854005 -0.31088007094659897 0.38185177383145202 0.38037826104837741 0.0039961023140915805
leaf_weight=42 44 44 53 51 52 40 84 101 64 108 86 131 78 2845
leaf_count=42 44 44 53 51 52 40 84 101 64 108 86 131 78 2845
internal_value=-0.00022751 -0.00741573 -5.62099e-05 -0.00554795 -0.00144231 0.000167084 -0.003 0.000620624 0.000349628 -0.0012439 0.00138037 0.004375 0.000634711 0.000366474
internal_weight=3823 88 3735 145 103 3590 449 3141 3088 409 325 239 3024 2946
internal_count=3823 88 3735 145 103 3590 449 3141 3088 409 325 239 3024 2946
is_linear=0
shrinkage=0.03


Tree=423
num_leaves=15
num_cat=0
split_feature=76 45 85 3 17 66 80 29 82 79 14 84 68 32
split_gain=6.627 6.17325 9.86335 7.36074 6.10852 12.7595 11.5473 13.2873 11.5404 11.1268 9.969 10.7833 15.8321 10.2879
threshold=-36.556874513626092 17.500000000000004 137.42886225382492 10.875000000000002 35.000000000000007 618.84322929382336 252.25129950046542 0.76230699993076245 -101.69394946098326 5.995209485427897 803.86820059012734 -132.62350094318387 -0.13709970557503828 0.13423423423423428
decision_type=8 10 8 2 2 10 10 10 8 8 10 10 8 8
left_child=-1 4 -3 -4 6 10 7 -2 -9 -10 11 12 -6 -13
right_child=1 2 3 -5 5 -7 -8 8 9 -11 -12 13 -14 -15
leaf_value=0.16185111314702147 0.18633146442665455 0.13553375005893209 0.046333620620129745 -0.066398490241553032 0.50046490895072893 -0.6833845328608632 0.87140021448162042 0.1153388862065023 -0.23104575313060818 0.0014613001689801307 0.30084871759413601 0.038444956911815799 -0.081256531914608868 -0.013536433761484331
leaf_weight=43 66 53 42 41 62 58 93 98 227 1222 81 310 556 848
leaf_count=43 66 53 42 41 62 58 93 98 227 1222 81 310 556 848
internal_value=1.57853e-05 -0.000119745 0.00613139 -0.000357143 -0.000356157 -0.00151879 0.000949033 0.00035316 -0.000213178 -0.000889655 -0.00108181 -0.00155318 -0.0047496 0.000155306
internal_weight=3800 3757 136 83 3621 1915 1706 1613 1547 1449 1857 1776 618 1158
internal_count=3800 3757 136 83 3621 1915 1706 1613 1547 1449 1857 1776 618 1158
is_linear=0
shrinkage=0.03


Tree=424
num_leaves=15
num_cat=0
split_feature=78 80 3 40 3 4 3 3 0 8 39 3 3 36
split_gain=6.23723 17.1765 12.9576 12.2961 10.7741 12.3335 11.0996 8.98113 10.3972 9.7114 11.2218 11.0875 11.5509 8.23947
threshold=0.70833333333333337 -46.537706136703484 23.458333333343038 43.884955955166269 0.70833333334303472 9.5000000000000018 18.625000000000004 7.8750000000000009 304.50000000000006 5.7159521581546002 3538.2880213821177 20.875000000000004 15.625000000000002 0.18210405946255007
decision_type=10 10 2 10 2 2 2 2 2 10 10 2 2 10
left_child=1 3 4 -1 -2 7 -7 -6 9 10 -9 12 -11 -3
right_child=2 13 -4 -5 5 6 -8 8 -10 11 -12 -13 -14 -15
leaf_value=0.26015500134455366 -0.15195288140914065 -0.00059535250895848435 -0.52160873744974467 -0.0029250730362122288 0.16397767914084055 0.1226196344307288 1.0532072022841419 0.0047688941806017836 0.46258287835775203 0.033951979544592302 -0.35177010212526655 -0.3973574381421045 0.80738132124048478 -0.22100033063686744
leaf_weight=132 74 100 44 1025 177 62 42 1595 81 74 116 41 61 198
leaf_count=132 74 100 44 1025 177 62 42 1595 81 74 116 41 61 198
internal_value=0.000329584 -0.00121566 0.00127956 0.000440415 0.00158778 0.00196 0.012 0.00146785 0.000883697 0.000429025 -0.00026285 0.00711864 0.01125 -0.00762542
internal_weight=3822 1455 2367 1157 2323 2249 104 2145 1968 1887 1711 176 135 298
internal_count=3822 1455 2367 1157 2323 2249 104 2145 1968 1887 1711 176 135 298
is_linear=0
shrinkage=0.03


Tree=425
num_leaves=15
num_cat=0
split_feature=80 83 64 31 39 0 66 46 68 3 30 43 67 84
split_gain=6.94869 8.66302 5.66257 10.6533 10.2586 16.3597 10.8828 10.5795 10.1906 10.66 10.9118 9.76183 9.50191 9.30746
threshold=-203.66100168228147 -161.53003680706021 4.2023019591365616 6.9558441558441562 1546.7600317339788 90.500000000000014 454.23080527782446 930.00000000000011 -0.3149045922101707 5.9583333333430355 32.350000000000001 523.83430045476905 -30.78714227676387 6.2300515572230024
decision_type=8 8 8 10 10 2 8 10 8 2 10 10 10 8
left_child=1 -1 3 -2 5 -5 7 13 -4 10 12 -8 -10 -6
right_child=2 -3 8 4 6 -7 11 -9 9 -11 -12 -13 -14 -15
leaf_value=0.49834401292011121 -0.49578325956920621 -0.019916486890008328 0.10173340268986208 -0.003035834717333472 0.0018171593999021241 0.45461125262976076 0.4168110421857889 -1.5492733444894624 -0.053827116191804664 0.0070791238555203539 0.0021628107298445796 -0.071277137935078658 -0.52698372388059611 -0.296013657057492
leaf_weight=76 45 45 44 206 187 74 52 44 178 2468 119 86 53 186
leaf_count=76 45 45 44 206 187 74 52 44 178 2468 119 86 53 186
internal_value=8.54037e-05 0.00713115 -0.000144269 -0.00224745 -0.00147129 0.00320285 -0.00383094 -0.00624402 0.000502969 0.000276694 -0.00461538 0.00345324 -0.00840517 -0.00457219
internal_weight=3863 121 3742 880 835 280 555 417 2862 2818 350 138 231 373
internal_count=3863 121 3742 880 835 280 555 417 2862 2818 350 138 231 373
is_linear=0
shrinkage=0.03


Tree=426
num_leaves=15
num_cat=0
split_feature=4 33 79 66 63 27 83 30 58 40 80 80 14 25
split_gain=7.2957 13.4771 10.0251 13.803 9.72828 8.79877 14.4151 11.3968 10.392 10.2153 8.62692 9.95889 11.3007 13.5955
threshold=6.5000000000000009 26.796781250000006 8.0736065343797012 252.83480751514438 -15.159997759968698 0.87815482502651132 -526.7074908018111 1.0000000180025095e-35 430.74656772613531 495.98686278789825 -126.84077084064482 -98.655865430831895 360.21335510520356 0.86984754376058737
decision_type=2 10 10 8 10 8 10 10 10 10 8 8 10 8
left_child=2 10 3 4 -1 6 -4 8 -7 -8 -2 -12 13 -13
right_child=1 -3 5 -5 -6 7 9 -9 -10 -11 11 12 -14 -15
leaf_value=-0.077415303618743422 -0.060059925942379931 -0.17546559728573932 0.017123159695495802 -0.024600835333399271 -0.67713269846863455 -0.06903311272141209 -1.24124327591735 0.13456247260083543 0.15796537614708264 -0.016642525526155225 0.42626305045117185 0.087170791109316303 0.046141170948806619 -0.042789560994167739
leaf_weight=46 162 137 84 360 68 204 51 239 77 47 88 234 1182 832
leaf_count=46 162 137 84 360 68 204 51 239 77 47 88 234 1182 832
internal_value=-0.000228227 0.00064871 -0.00219201 -0.00555789 -0.0146087 8.53485e-05 -0.00557377 0.00207294 -0.00202128 -0.0133333 0.00115246 0.00161746 0.00122721 -0.00101218
internal_weight=3811 2635 1176 474 114 702 182 520 281 98 2498 2336 2248 1066
internal_count=3811 2635 1176 474 114 702 182 520 281 98 2498 2336 2248 1066
is_linear=0
shrinkage=0.03


Tree=427
num_leaves=15
num_cat=0
split_feature=6 45 77 26 65 81 85 36 37 77 79 64 23 79
split_gain=7.73397 8.48933 9.44873 7.42481 6.98869 6.04997 9.53921 8.89289 16.2663 9.77263 8.28475 7.39081 12.9239 8.96883
threshold=690.00000000000011 5.5000000000000009 -254.95557320117948 210.50000000000003 0.96002024461939983 3905.7969937324528 158.24280198415121 0.24217986314760512 1892.1050697495969 10.787631750106813 6.4472905684273458 4.3148947322195417 5.0054835081100473 15.190675172892931
decision_type=8 8 10 2 10 8 10 10 10 10 8 8 10 8
left_child=1 2 -1 5 -5 6 -3 8 10 -10 -7 -12 -13 -14
right_child=-2 3 -4 4 -6 7 -8 -9 9 -11 11 12 13 -15
leaf_value=0.0088823567723047194 -0.0056320199318912762 0.024627173473974862 -0.82552240433820834 0.44209021556280814 0.013186831344587755 0.63484104998714252 1.0357552674962236 -0.023623073953325718 -0.087619517326301521 0.050802128736707357 -0.056274646593438997 0.58925387834877685 -0.11544802514878577 0.032535221500227918
leaf_weight=42 2452 241 43 51 42 48 40 472 78 52 85 60 44 109
leaf_count=42 2452 241 43 51 42 48 40 472 78 52 85 60 44 109
internal_value=3.88601e-05 0.00181108 -0.00732558 0.00240363 0.0105319 0.00178049 0.0056383 0.000632244 0.00352201 -0.00549618 0.00691643 0.00501672 0.00799065 0.00331169
internal_weight=3859 1407 85 1322 93 1229 281 948 476 130 346 298 213 153
internal_count=3859 1407 85 1322 93 1229 281 948 476 130 346 298 213 153
is_linear=0
shrinkage=0.03


Tree=428
num_leaves=15
num_cat=0
split_feature=32 77 62 84 32 68 41 37 31 37 30 31 83 8
split_gain=7.30965 12.9422 7.936 9.57661 9.44036 11.4214 10.7042 9.49968 8.35573 8.00828 7.85967 8.31972 8.35117 7.67889
threshold=0.096006144393241177 36.790439248085029 -0.12541305495146673 58.91614758968354 0.15504807692307696 -0.090159765240607953 182.05654788017276 1426.2789059785089 22.363888888888894 1554.8582646349835 4.2500000000000009 16.414215686274513 -133.56410682201383 6.4334458331929634
decision_type=8 10 8 10 8 8 8 10 8 8 10 10 10 10
left_child=1 -1 3 8 5 -4 7 -7 10 -5 -2 12 -12 -6
right_child=2 -3 4 9 13 6 -8 -9 -10 -11 11 -13 -14 -15
leaf_value=0.034573346063256377 0.57307472444135188 -0.19197652860396919 -0.66076895362072741 -0.16822163838015164 -0.007177445851258994 0.032864964914116827 0.32777703537254066 -0.332193765322157 -0.18388856056848774 0.10377641473877876 0.22348830095492744 0.53441646425036327 -0.043628098677134373 0.053977920787297934
leaf_weight=498 121 56 44 102 2187 93 51 182 41 54 58 73 125 143
leaf_count=498 121 56 44 102 2187 93 51 182 41 54 58 73 125 143
internal_value=-0.000156699 0.00302703 -0.000696183 0.00250435 -0.00137727 -0.0058221 -0.00385321 -0.00619565 0.00486874 -0.00382166 0.00626984 0.00326848 -0.000163043 -0.000669241
internal_weight=3828 554 3274 574 2700 370 326 275 418 156 377 256 183 2330
internal_count=3828 554 3274 574 2700 370 326 275 418 156 377 256 183 2330
is_linear=0
shrinkage=0.03


Tree=429
num_leaves=15
num_cat=0
split_feature=38 71 71 29 70 71 8 30 82 69 29 43 69 26
split_gain=6.87714 15.709 13.6179 11.852 10.4305 9.66127 9.37265 10.2589 15.4358 9.11677 8.92363 8.82524 8.5199 8.30636
threshold=2940.5795227696012 12.500000000000002 7.5000000000000009 0.82407814723767647 0.73030303030303034 8.5000000000000018 6.3194778224721082 27.250000000000004 167.52266955375674 -246.36992301137263 0.21427763641504102 462.0207920421114 -13.717030002056449 138.50000000000003
decision_type=10 8 10 10 10 10 10 8 8 10 10 10 10 2
left_child=6 2 -2 4 -3 -4 7 -1 12 -5 -8 -7 -9 -11
right_child=1 3 5 9 -6 11 10 8 -10 13 -12 -13 -14 -15
leaf_value=-0.0056443868155205256 0.22257908449537886 0.015333097938228063 -0.25674063420220933 0.52255288531178734 -0.34974185299103211 0.039646755276132241 -0.034497068439746453 -1.0580819844184517 0.0052392495276691381 0.017373514214626625 0.83324689809653474 -0.063792194095242921 -0.11009276309662056 0.19096140017728447
leaf_weight=1858 96 68 62 92 47 186 40 82 138 471 81 235 82 250
leaf_count=1858 96 68 62 92 47 186 40 82 138 471 81 235 82 250
internal_value=7.91766e-05 0.00165119 -0.00222414 0.00406889 -0.00491379 -0.00427686 -0.000959684 -0.00141601 -0.00653465 0.00534398 0.00713115 -0.00263033 -0.0127273 0.00419668
internal_weight=3788 1507 579 928 115 483 2281 2160 302 813 121 421 164 721
internal_count=3788 1507 579 928 115 483 2281 2160 302 813 121 421 164 721
is_linear=0
shrinkage=0.03


Tree=430
num_leaves=15
num_cat=0
split_feature=35 82 17 75 28 17 76 80 70 82 38 38 29 35
split_gain=6.10534 7.76478 7.45268 6.62335 6.26825 9.94924 10.6834 10.4195 8.1197 15.5829 14.502 9.07245 8.98876 14.9996
threshold=0.161830131445905 43.433822194735221 3.5000000000000004 2038.1435635089877 220.50000000000003 21.500000000000004 146.78363847732547 -42.96464014053344 0.91987179487179505 -15.64113014936447 3265.5886395022267 620.6043858729995 0.88536888379204903 21.041277248400998
decision_type=8 10 2 10 2 2 10 8 10 8 8 8 10 8
left_child=1 3 -2 -1 8 6 -6 -7 9 10 -4 -11 13 -10
right_child=2 -3 4 -5 5 7 -8 -9 12 11 -12 -13 -14 -15
leaf_value=0.041932194611943349 -0.42172621620235751 0.37276752024820042 0.59283318563219312 -0.17963490199497972 0.95377310888304423 0.13965683743924201 0.0045356899656885828 -0.0080405066339484209 0.050205172466344261 -0.24832054274761148 -0.0019747564273026176 0.002555953622415751 -0.078264215495964712 -0.036239676604987621
leaf_weight=95 80 107 61 45 70 246 64 997 319 113 53 748 771 82
leaf_count=95 80 107 61 45 70 246 64 997 319 113 53 748 771 82
internal_value=-0.000319315 0.00423387 -0.000632455 -0.000425532 -0.000425532 0.00115385 0.00888889 0.000313505 -0.00143855 0.000584016 0.0109565 -0.000800464 -0.0031202 0.000522388
internal_weight=3851 247 3604 140 3524 1377 134 1243 2147 975 114 861 1172 401
internal_count=3851 247 3604 140 3524 1377 134 1243 2147 975 114 861 1172 401
is_linear=0
shrinkage=0.03


Tree=431
num_leaves=15
num_cat=0
split_feature=75 76 84 41 43 3 82 3 77 82 82 39 43 17
split_gain=10.6998 8.01442 8.86334 9.70019 10.9558 9.7282 9.72863 9.30324 7.98281 11.1332 9.98295 9.69164 7.85547 7.61769
threshold=3280.4414849281316 1867.9489187002184 -261.4524353345235 -70.736657738685594 605.77801138740358 13.208333333343036 -187.17055660486218 15.125000000000002 -84.791746497154222 19.397353808085125 -56.8056052327156 2396.2808199483848 81.38246659827773 5.0000000000000009
decision_type=10 10 8 10 8 2 10 2 8 8 10 10 10 2
left_child=1 2 -1 4 8 6 -6 -7 9 10 -4 -10 -3 -5
right_child=-2 12 3 13 5 7 -8 -9 11 -11 -12 -13 -14 -15
leaf_value=0.12033718902177398 -0.26085204934419726 0.32747355265044648 -0.0034813382286764494 -0.51270482113519689 -0.0033561970311380986 -0.94265072159596996 0.37064102941660931 -0.013476347401154918 0.78984854077113109 -0.042407513700099028 0.21422370661294399 0.019697519090084086 -2.5155660098334919e-05 -0.0072475244295731756
leaf_weight=117 77 77 61 80 146 47 45 101 106 123 70 63 69 2676
leaf_count=117 77 77 61 80 146 47 45 101 106 123 70 63 69 2676
internal_value=-0.000155481 7.13908e-05 -0.000206271 -0.000477408 0.00251638 -0.0015 0.00296875 -0.00724832 0.00573113 0.00235294 0.00840909 0.0107647 0.00693878 -0.00130577
internal_weight=3858 3781 3635 3518 762 339 191 148 423 254 131 169 146 2756
internal_count=3858 3781 3635 3518 762 339 191 148 423 254 131 169 146 2756
is_linear=0
shrinkage=0.03


Tree=432
num_leaves=15
num_cat=0
split_feature=30 85 61 32 24 50 40 8 30 40 42 42 42 24
split_gain=4.77855 7.51477 5.93465 5.91844 7.0005 5.40201 5.81822 6.05366 5.24182 5.11565 4.98222 17.8608 15.3901 13.6222
threshold=30.450000000000003 -28.389277736345928 0.8620218770226139 0.040064102564102567 75.500000000000014 23.281450629234318 3819.2470744421603 3.0183536200427388 88.500000000000014 495.98686278789825 37.93373095989228 48.624633669853218 20.666925191879276 43.500000000000007
decision_type=8 8 8 8 2 10 10 10 10 10 10 10 10 2
left_child=10 2 -2 8 5 9 7 -7 -3 -5 12 -12 -1 -13
right_child=1 3 -4 4 -6 6 -8 -9 -10 -11 11 13 -14 -15
leaf_value=0.00072755335453962284 -0.2699537371296637 0.17007962224341155 -0.53744510849161786 -0.019803629627259765 0.084345157387472891 0.059138376820383538 0.0045230098146665587 -0.44454700025287713 -0.061737681148170909 0.010851212067777512 0.81682784158652078 0.027613975179574802 -0.17345619857305555 -0.077003549697732862
leaf_weight=1555 61 74 49 55 47 44 43 175 47 105 100 971 191 313
leaf_count=1555 61 74 49 55 47 44 43 175 47 105 100 971 191 313
internal_value=-0.000328896 -0.00256776 -0.00972973 -0.00121827 -0.00274468 -0.00397163 -0.00661597 -0.00859091 0.00467213 0.000372671 0.000172469 0.00151625 -0.000892959 0.000560311
internal_weight=3830 700 110 590 469 422 262 219 121 160 3130 1384 1746 1284
internal_count=3830 700 110 590 469 422 262 219 121 160 3130 1384 1746 1284
is_linear=0
shrinkage=0.03


Tree=433
num_leaves=15
num_cat=0
split_feature=26 81 81 62 33 36 73 31 14 31 66 44 24 25
split_gain=8.30778 8.72723 10.9014 9.24994 16.8355 20.1846 11.6144 9.81972 9.37876 9.31488 8.62161 8.19362 7.54245 6.85351
threshold=137.50000000000003 4577.3540856838235 4937.5465606451044 -0.04581856748032203 17.449264705882356 0.20284787676092028 23.296514153480533 29.244047619047624 586.88981655742157 11.77277777777778 -325.7490980625152 90.422564268112197 47.500000000000007 0.93861852433281012
decision_type=2 8 8 8 8 10 8 8 10 8 8 10 2 10
left_child=10 -2 -3 6 9 7 13 -6 11 -5 -1 -8 -12 -4
right_child=1 2 3 4 5 -7 8 -9 -10 -11 12 -13 -14 -15
leaf_value=-0.38243736145834017 0.71639812556520022 -0.4896520929539882 1.8038013665405617 0.0021761248587373761 -0.22504194789062068 0.54003304181602796 -0.41022238439009356 0.0065136357218363652 0.43609355666024496 -0.34037723408397419 -0.0042524643531586821 0.057247013620726678 -0.11380322352781384 0.11676518832958802
leaf_weight=43 64 62 48 54 45 81 61 86 57 84 2896 44 131 41
leaf_count=43 64 62 48 54 45 81 61 86 57 84 2896 44 131 41
internal_value=-0.000450237 0.00243132 0.0014006 0.0026412 -0.000512821 0.00478873 0.00702381 -0.0025 0.00220859 -0.00863309 -0.00113318 -0.00311321 -0.000941215 0.0156667
internal_weight=3797 727 663 601 350 212 251 131 162 138 3070 105 3027 89
internal_count=3797 727 663 601 350 212 251 131 162 138 3070 105 3027 89
is_linear=0
shrinkage=0.03


Tree=434
num_leaves=15
num_cat=0
split_feature=6 41 0 37 23 70 38 77 72 66 22 33 44 85
split_gain=6.53639 7.50672 9.08321 8.91232 7.98096 7.91863 9.48972 6.42149 6.40783 6.34219 5.53178 5.38772 7.04487 8.34762
threshold=690.00000000000011 -86.6054172515869 -53.499999999999993 1871.5589769507733 0.13032472133636477 0.92582417582417598 2300.8897658976653 -147.89309221506116 -117.78074395656584 -236.16468656063077 3.2584303617477421 21.84489144316731 96.10749721527101 -13.475594679514563
decision_type=8 8 2 10 8 10 10 8 8 8 2 10 10 10
left_child=11 3 10 5 -4 7 -7 -2 -8 -6 -3 -1 13 -13
right_child=1 2 4 -5 9 6 8 -9 -10 -11 -12 12 -14 -15
leaf_value=0.01693106506817119 0.11609589729335004 -0.53807996695193794 0.082967976181804029 -0.18294038417577271 0.075578595234903581 -0.16167677936472055 -0.045905968082280993 0.47161310394348965 0.21739392642978542 -0.015200480620998257 -0.035029274079471692 0.37751491930174957 -0.24566370345176039 -0.032190873458646248
leaf_weight=1214 40 43 84 46 42 48 65 55 75 1891 61 72 52 64
leaf_count=1214 40 43 84 46 42 48 65 55 75 1891 61 72 52 64
internal_value=-9.34337e-05 -0.00102815 -0.00168238 0.00318182 -0.00123389 0.00517606 0.0015873 0.0121875 0.00553191 -0.00162875 -0.0102857 0.00153956 -0.0031746 0.000437956
internal_weight=3852 2450 2121 329 2017 283 188 95 140 1933 104 1402 188 136
internal_count=3852 2450 2121 329 2017 283 188 95 140 1933 104 1402 188 136
is_linear=0
shrinkage=0.03


Tree=435
num_leaves=15
num_cat=0
split_feature=73 13 0 16 29 29 77 39 0 77 45 37 81 67
split_gain=5.75113 9.71274 8.96417 10.0173 12.4449 14.5582 16.8439 21.4377 15.6167 12.2039 10.1646 10.7927 8.6884 8.4497
threshold=-9.5863378047943097 210.00000000000003 89.500000000000014 20.500000000000004 0.71222498962225 0.93800051252482552 131.09564304351809 3616.6430389380507 162.50000000000003 50.850534498691566 8.5000000000000018 1143.2456427982759 3656.6889895200734 288.48126481970149
decision_type=8 10 2 2 10 10 8 10 2 8 8 10 8 8
left_child=1 -1 -2 4 -4 6 7 10 -9 -7 -6 -12 -5 -14
right_child=2 -3 3 12 5 9 -8 8 -10 -11 11 -13 13 -15
leaf_value=0.0039197999590153644 -0.01480840226757362 0.24229631876702462 1.5574272404276017 -0.64475878283721222 -0.019502151311376052 0.8900599543881631 0.4234667643790675 0.0099127493425674364 -0.68873024114897619 -0.018473242094055226 -0.038338790661167792 0.73494996923686184 0.34531856018281137 -0.04656802930786412
leaf_weight=307 2341 44 40 40 188 96 103 64 105 40 73 115 66 251
leaf_count=307 2341 44 40 40 188 96 103 64 105 40 73 115 66 251
internal_value=-0.000673722 0.00298295 -0.00103889 0.00109137 0.00290909 0.00206369 0.0001849 -0.00192308 -0.0107647 0.0109489 0.00206897 0.00698413 -0.00310056 -0.00141509
internal_weight=3873 351 3522 1181 824 784 648 545 169 136 376 188 357 317
internal_count=3873 351 3522 1181 824 784 648 545 169 136 376 188 357 317
is_linear=0
shrinkage=0.03


Tree=436
num_leaves=15
num_cat=0
split_feature=26 68 66 58 42 42 66 52 52 73 14 31 78 77
split_gain=6.36117 9.35198 9.57365 9.70413 7.37493 6.65685 5.84269 7.56082 8.33942 7.50007 8.36826 10.287 6.90647 9.38766
threshold=217.50000000000003 0.0685278732435365 -63.108381152153008 36.175300478935249 -257.1919234991073 -186.15465748310086 -207.34775412082669 18.17780697345734 24.864433765411381 29.539971947669986 236.07087302292169 25.017933723196887 0.70833333333333337 -144.97388792037961
decision_type=2 10 8 10 8 8 8 8 8 10 8 10 10 10
left_child=4 2 -2 -4 -1 -6 -7 -8 12 10 11 -10 -9 -14
right_child=1 -3 3 -5 5 6 7 8 9 -11 -12 -13 13 -15
leaf_value=1.3768631406892964 -0.016630579748114976 -0.096751504349007852 0.45336468908053534 0.026293367665394019 -0.42583095017115946 0.062134864137904665 -0.063997603613385079 -0.044592506487342726 0.0097400210254258469 -0.067498425876068982 -0.0066430262745798526 1.0794248325863995 0.76939795681894396 0.27735632505557095
leaf_weight=41 61 47 52 60 78 169 319 65 583 156 2057 54 54 51
leaf_count=41 61 47 52 60 78 169 319 65 583 156 2057 54 54 51
internal_value=-5.45738e-05 0.00488688 0.00810345 0.0132743 -0.000355568 -0.000501812 -0.00030778 -0.000583832 -0.000119166 -0.000505086 -0.000133581 0.00286834 0.00631579 0.0110377
internal_weight=3847 220 173 112 3627 3586 3508 3339 3020 2850 2694 637 170 105
internal_count=3847 220 173 112 3627 3586 3508 3339 3020 2850 2694 637 170 105
is_linear=0
shrinkage=0.03


Tree=437
num_leaves=15
num_cat=0
split_feature=43 3 68 3 4 69 15 42 60 0 3 29 70 85
split_gain=9.44201 7.39283 7.0832 7.01836 19.1274 12.1459 6.67075 6.24093 11.0267 9.50948 6.77956 6.18045 5.32537 11.8808
threshold=8.0753449450342316 23.125000000000004 0.016010125256051781 21.041666666656969 7.5000000000000009 336.14198412209419 22.500000000000004 311.64459013938909 493.56062042713171 293.50000000000006 16.958333333343038 0.91675784099197677 0.91287878787878796 -156.509482383728
decision_type=8 2 8 2 2 8 2 10 8 2 2 10 8 10
left_child=-1 3 -3 7 11 6 -6 9 -9 12 -10 -5 13 -2
right_child=1 2 -4 4 5 -7 -8 8 10 -11 -12 -13 -14 -15
leaf_value=0.23292075456232683 -0.0081039696647100343 0.034564935552185427 -0.3666714081607535 -0.56272990160901948 -0.03270974479010455 1.769037825267727 0.76148107326793424 -0.35074549212800205 0.039835331953460187 0.35796498787446379 -0.049143090842510992 0.071825314417024777 -0.0093638740115590483 0.058684766782576371
leaf_weight=44 371 41 76 43 44 56 53 91 63 76 42 48 2367 425
leaf_count=44 371 41 76 43 44 56 53 91 63 76 42 48 2367 425
internal_value=-0.00032804 -0.00048986 -0.00788136 -0.000252717 0.00465306 0.0111039 0.00459184 -0.000602445 -0.0057868 -0.000287037 0.000849057 -0.00619565 -0.000540455 0.00158093
internal_weight=3840 3796 117 3679 244 153 97 3435 196 3239 105 91 3163 796
internal_count=3840 3796 117 3679 244 153 97 3435 196 3239 105 91 3163 796
is_linear=0
shrinkage=0.03


Tree=438
num_leaves=15
num_cat=0
split_feature=56 84 80 48 77 63 39 26 68 67 68 80 24 66
split_gain=8.48963 7.94324 8.6271 12.2968 9.12555 13.7515 12.32 7.8174 15.3296 15.0527 12.1431 10.3274 15.0884 12.3411
threshold=379.69196009635931 62.365854303042106 7.2814961671829233 -48.872342427571603 15.967813551425936 -17.032158446298748 3122.1144633354111 143.50000000000003 0.028742615615011551 -74.402537147204043 -0.14848381177132944 74.198228836059585 43.500000000000007 -269.19951641559595
decision_type=10 10 10 10 10 8 10 2 10 8 10 10 2 8
left_child=1 7 3 -3 5 -4 -6 11 9 -9 -11 13 -13 -1
right_child=-2 2 4 -5 6 -7 -8 8 -10 10 -12 12 -14 -15
leaf_value=-0.7071124331919203 -0.087758989513819385 0.40801025806631841 -0.31594687736523885 -0.057626775513812747 0.95476115163695707 -0.051194377413174119 -0.080550162814333595 -0.075176809275262352 -0.060091755443074213 0.011115172090612049 0.67889063279230799 0.079929784036581492 -0.37240452738640967 -0.0045254552230965927
leaf_weight=65 77 68 140 44 47 318 58 88 181 120 136 401 61 2017
leaf_count=65 77 68 140 44 47 318 58 88 181 120 136 401 61 2017
internal_value=-0.000588697 -0.000384513 -0.0033284 0.00424779 -0.00484043 -0.00666667 0.00311321 0.000263844 0.00359316 0.00730435 0.0109728 -0.000424361 0.00362851 -0.00132501
internal_weight=3821 3744 675 112 563 458 105 3069 525 344 256 2544 462 2082
internal_count=3821 3744 675 112 563 458 105 3069 525 344 256 2544 462 2082
is_linear=0
shrinkage=0.03


Tree=439
num_leaves=15
num_cat=0
split_feature=39 38 7 61 0 33 43 84 17 7 82 13 33 31
split_gain=5.11783 17.0776 12.0868 11.2895 15.1252 10.6565 9.35769 9.08562 8.05917 10.3165 10.5799 10.2631 11.5719 11.5468
threshold=2396.2808199483848 3968.7319088716904 2680.9915164199633 0.025519044153806941 115.50000000000001 7.7284121621621624 462.0207920421114 43.338574687639884 39.500000000000007 3013.2838415674601 -6.381268183390298 90.000000000000014 11.018333333333336 16.350793650793651
decision_type=8 10 8 10 2 8 8 8 2 8 8 8 10 8
left_child=1 2 -1 4 -2 -5 -3 -6 11 -10 -11 13 -13 -4
right_child=3 6 8 5 7 -7 -8 -9 9 10 -12 12 -14 -15
leaf_value=-0.014563764905310491 -0.0085989146402183358 0.3454586209354002 0.66835703042344408 0.24612681917215026 0.94204673746642564 -0.083347211769603427 0.010901471811017274 0.04866769342660969 0.071164599946880999 0.23633397136613779 -0.097975817446997127 -0.12256582527977811 0.20074217716042994 -0.034617983906509338
leaf_weight=1422 497 91 119 43 64 812 79 108 141 52 153 96 119 41
leaf_count=1422 497 91 119 43 64 812 79 108 141 52 153 96 119 41
internal_value=-0.000539343 0.000350043 -0.000377799 -0.00188852 0.00102985 -0.00417056 0.00947368 0.00867052 0.00278393 -0.000518732 -0.00480583 0.00582447 0.00152778 0.0115528
internal_weight=3837 2313 2143 1524 669 855 170 172 721 346 205 375 215 160
internal_count=3837 2313 2143 1524 669 855 170 172 721 346 205 375 215 160
is_linear=0
shrinkage=0.03


Tree=440
num_leaves=15
num_cat=0
split_feature=15 83 37 64 34 83 77 77 28 66 41 77 22 66
split_gain=7.41132 8.70704 12.0997 11.1904 8.88949 8.82087 8.86302 8.7417 12.0911 9.4637 8.55283 14.2617 10.1851 9.9087
threshold=25.500000000000004 29.727196931838993 2112.098610445239 6.1065302508021171 0.1202409638554217 3.1215480566024785 -108.47597461938857 -291.74999999999994 279.50000000000006 -99.017157077789292 -73.799732804298387 -50.444788813590996 6.0054835081100473 -88.968615293502793
decision_type=2 8 10 10 10 10 10 10 2 10 8 8 2 8
left_child=10 2 4 7 -2 6 -6 9 -9 -3 11 12 -1 -12
right_child=1 3 -4 -5 5 -7 -8 8 -10 -11 13 -13 -14 -15
leaf_value=-0.0272579859149603 0.36939706786400667 -0.0086216451482108974 -0.37839180497074382 0.055607553839021107 0.16074844561529891 0.48897619186529501 -0.13627590462394373 -0.0423882664531108 0.26615958204466311 -0.3486847980604445 -0.26778315928285767 0.76537822073053652 0.062142486321398849 -0.010209361534271495
leaf_weight=180 72 96 42 104 172 57 43 172 42 88 156 103 117 2412
leaf_count=180 72 96 42 104 172 57 43 172 42 88 156 103 117 2412
internal_value=-0.000513352 0.00188976 0.00527132 -0.000715706 0.00713043 0.00461538 0.00180556 -0.00300752 0.00111628 -0.00778378 -0.00123274 0.00284289 -0.000503356 -0.00186843
internal_weight=3856 888 386 502 344 272 215 398 214 184 2968 400 297 2568
internal_count=3856 888 386 502 344 272 215 398 214 184 2968 400 297 2568
is_linear=0
shrinkage=0.03


Tree=441
num_leaves=15
num_cat=0
split_feature=27 27 66 7 65 39 0 51 14 8 81 38 14 16
split_gain=6.98639 11.1897 11.0209 9.67351 9.15582 9.4845 10.7452 17.2241 11.7219 9.02812 10.9407 10.1505 14.7376 12.1584
threshold=0.94466316710411202 0.9376765536723165 474.65835654735571 1.0000000180025095e-35 0.87900892898136551 1989.6167487749428 42.500000000000007 36.718549370765693 595.44629279962362 0.28473235164725946 2871.5226068496709 3011.0612762949486 709.64936023968005 17.500000000000004
decision_type=10 8 8 10 8 10 2 8 8 10 8 8 10 2
left_child=1 3 -3 -1 -2 -6 7 -7 -9 -5 -11 12 -12 -13
right_child=4 2 -4 9 5 6 -8 8 -10 10 11 13 -14 -15
leaf_value=0.32388012237509861 -0.19784348840037991 -0.018935137153308829 0.4865256428366575 -0.3846053601534013 -0.044329771639914736 -0.16807009212159774 0.74745716477474489 -0.077903117986637654 0.44195432201560625 0.24768164651967911 -0.017698873612744342 -0.0073006504669104449 -0.46123168536978459 0.031594479776784937
leaf_weight=64 53 62 93 53 504 66 118 43 40 120 1134 927 119 458
leaf_count=64 53 62 93 53 504 66 118 43 40 120 1134 927 119 458
internal_value=-0.000607004 5.93863e-05 0.00788462 -0.00036509 -0.00305455 -0.00221503 0.00235075 -0.003 0.00607143 -0.000629445 -0.000391446 -0.000795756 -0.0027512 0.000974026
internal_weight=3854 3030 155 2875 824 771 267 149 83 2811 2758 2638 1253 1385
internal_count=3854 3030 155 2875 824 771 267 149 83 2811 2758 2638 1253 1385
is_linear=0
shrinkage=0.03


Tree=442
num_leaves=15
num_cat=0
split_feature=20 64 16 29 3 3 69 45 56 60 0 3 3 69
split_gain=7.93935 7.04188 8.7228 14.5266 8.56089 10.7725 13.4525 12.1384 10.7367 10.8053 11.4385 7.88368 10.6028 11.6427
threshold=55.9328100681305 4.4334419921958697 18.500000000000004 0.88075158786167973 12.375000000000002 14.041666666656967 -190.61696147297161 9.5000000000000018 76.814218640327468 9.1268948316574114 -19.499999999999996 14.791666666656967 13.958333333343036 -130.90644647878915
decision_type=8 8 2 10 2 2 8 10 10 10 2 2 2 8
left_child=-1 2 3 -2 -5 -6 -7 8 9 10 -8 12 13 -3
right_child=1 11 -4 4 5 6 7 -9 -10 -11 -12 -13 -14 -15
leaf_value=-0.48796462691010511 0.35603519539511674 0.11207833753206423 -0.094832559902484487 -0.17110357587185343 0.20799767434496025 -0.42113982118012633 0.032178361217282257 0.69471992849672115 -0.47133204010883456 0.6341679999631642 -0.34389357476901522 0.022539872582717137 -0.33714565643905547 -0.0062956627494124362
leaf_weight=50 99 250 314 258 57 42 60 73 63 67 41 1141 141 1135
leaf_count=50 99 250 314 258 57 42 60 73 63 67 41 1141 141 1135
internal_value=-7.91139e-06 0.000152325 -0.00189767 -0.000157687 -0.00176737 0.000965347 -0.00103746 0.00118033 -0.00219828 0.00177515 -0.00441176 0.000978261 -0.00043222 0.000367965
internal_weight=3791 3741 1074 760 661 403 346 304 231 168 101 2667 1526 1385
internal_count=3791 3741 1074 760 661 403 346 304 231 168 101 2667 1526 1385
is_linear=0
shrinkage=0.03


Tree=443
num_leaves=15
num_cat=0
split_feature=38 17 76 16 37 17 23 68 63 70 39 28 28 59
split_gain=7.09185 12.5358 16.734 14.2482 13.1573 11.1165 16.6097 19.9589 10.4199 9.82368 11.1934 9.25977 9.19674 11.0104
threshold=2920.4361101566824 24.500000000000004 154.58470845222476 34.500000000000007 2163.5370812377541 21.500000000000004 6.1203634738922128 0.12175648047250329 -139.55759365815751 0.89181286549707617 2647.8386175246928 311.50000000000006 221.50000000000003 148.91311836242679
decision_type=10 2 10 2 10 2 10 10 10 8 8 2 2 8
left_child=5 4 -3 -4 -2 6 7 8 -1 -7 12 -6 13 -11
right_child=1 2 3 -5 11 9 -8 -9 -10 10 -12 -13 -14 -15
leaf_value=-0.006619642771125785 -0.093348476028065439 0.011740792426637744 2.23928457823542 0.011816671932860956 0.038485388937129321 0.0041039430034229959 0.22309563771927352 0.36057602972689723 -0.39609732162701633 -0.10135227232907937 -0.29134650477694224 -0.058766942751558485 0.035702593247787316 0.06593193921688105
leaf_weight=70 288 1012 64 54 134 518 182 48 64 585 299 55 309 214
leaf_count=70 288 1012 64 54 134 518 182 48 64 585 299 55 309 214
internal_value=-0.000277136 0.00125 0.00297082 0.0136134 -0.00282427 -0.00134934 0.00345205 -0.00295082 -0.00888889 -0.00225857 -0.00355824 0.00331579 -0.00216411 -0.0038625
internal_weight=3896 1607 1130 118 477 2289 364 182 134 1925 1407 189 1108 799
internal_count=3896 1607 1130 118 477 2289 364 182 134 1925 1407 189 1108 799
is_linear=0
shrinkage=0.03


Tree=444
num_leaves=15
num_cat=0
split_feature=43 38 56 28 28 0 79 39 17 77 3 22 3 28
split_gain=8.34338 6.10237 9.64914 10.1949 18.8619 17.8703 17.1811 14.9083 11.2718 12.7926 12.0636 10.4218 10.3803 10.2131
threshold=8.0753449450342316 2928.6112716480852 287.82414170106262 177.50000000000003 202.50000000000003 129.50000000000003 321.64098502364351 2256.8327613916181 29.000000000000004 -60.501989483833306 9.7916666666569672 10.034242630004885 15.041666666656967 278.50000000000006
decision_type=8 8 8 2 2 2 8 8 2 8 2 2 2 2
left_child=-1 2 3 5 12 6 7 8 9 -2 -10 -9 -5 -6
right_child=1 -3 -4 4 13 -7 -8 11 10 -11 -12 -13 -14 -15
leaf_value=0.23118981280822171 -0.28143709140068263 0.0015564866055838406 -0.20013927437242371 -0.08396921981374493 0.018624690687897783 0.44497922459887135 -0.28459193824357176 -0.20213669235302859 -0.077704413566668074 0.37867599570604304 0.53422148447078488 0.084100832722810048 -0.84446377959727525 -0.1481375054799188
leaf_weight=42 88 1814 179 153 581 149 104 138 79 50 188 40 103 149
leaf_count=42 88 1814 179 153 581 149 104 138 79 50 188 40 103 149
internal_value=-0.000583204 -0.000731132 -0.00187313 -0.00121777 -0.00328267 0.00121864 -0.000828488 0.00118151 0.00435961 -0.00258993 0.00794776 -0.00603352 -0.0102724 -0.000820793
internal_weight=3857 3815 2001 1822 986 836 687 583 405 138 267 178 256 730
internal_count=3857 3815 2001 1822 986 836 687 583 405 138 267 178 256 730
is_linear=0
shrinkage=0.03


Tree=445
num_leaves=15
num_cat=0
split_feature=73 62 14 31 17 84 42 85 31 79 34 56 85 35
split_gain=6.14094 8.51452 6.21558 8.96071 6.53389 11.0618 5.86328 12.4252 12.5441 12.1575 15.6264 12.2928 11.2514 10.3253
threshold=-9.5863378047943097 0.063364932227955015 351.48642561004436 11.625757575757577 42.500000000000007 -85.82039634386696 39.35622692108155 226.30659417311352 18.69148550724638 611.86425605948011 0.2228132387706856 67.592612663904845 59.66149830818177 22.865336879432625
decision_type=8 10 10 8 2 10 8 10 10 10 10 8 8 10
left_child=1 2 3 -1 5 -4 7 8 -2 10 -8 -12 -10 -11
right_child=6 -3 4 -5 -6 -7 9 -9 12 13 11 -13 -14 -15
leaf_value=0.062205518524021002 -0.0033371584862715051 -0.089521699605868907 0.064123400115384047 0.56816517403101585 0.48769896299768306 -0.59695203216506443 0.026072379449601186 -0.68341921698344876 -0.04279228516691367 -0.46039890940530687 0.12697975049903718 -0.049735922064897901 -0.33194047027274831 0.011460984548611781
leaf_weight=90 1291 54 43 62 43 53 739 48 206 60 252 733 144 44
leaf_count=90 1291 54 43 62 43 53 739 48 206 60 252 733 144 44
internal_value=-0.000605747 0.00320809 0.00523973 0.00941176 0.000642857 -0.00371134 -0.000980671 -0.00225444 -0.00180877 0.000196829 0.0008 -0.00167343 -0.00683761 -0.00971429
internal_weight=3862 345 291 152 139 96 3517 1689 1641 1828 1724 985 350 104
internal_count=3862 345 291 152 139 96 3517 1689 1641 1828 1724 985 350 104
is_linear=0
shrinkage=0.03


Tree=446
num_leaves=15
num_cat=0
split_feature=71 64 64 35 64 22 85 11 0 27 35 72 77 59
split_gain=6.92367 14.4096 10.4903 9.56291 9.20172 10.2095 10.0522 13.7344 10.7183 9.6059 10.3227 9.15784 8.94245 8.67616
threshold=13.500000000000002 5.679453871472357 6.2811925567240587 22.070837320574167 4.4641757520933742 3.7453938722610478 -1.0691810448964387 450.00000000000006 24.500000000000004 0.92483376070233392 16.151631514234374 -28.900499224662777 -102.66239511966704 27.413296341896061
decision_type=10 10 10 10 8 2 8 2 2 10 8 8 8 10
left_child=1 -1 -3 -4 5 -2 7 8 -6 10 13 -7 -12 -8
right_child=4 2 3 -5 6 11 9 -9 -10 -11 12 -13 -14 -15
leaf_value=-0.0031476021752594361 0.025290208066113137 -0.93988735233924947 0.10354776855097213 -0.55958150232953041 0.17753129577817284 -0.6685213929649988 -0.23600730732454961 -0.022954407560176263 0.89007250431992191 0.10693377783254078 0.083074645694582047 -0.040007794651100423 -0.0082143869885093323 0.037423786876687917
leaf_weight=2262 205 69 41 78 148 56 96 87 63 157 99 185 245 50
leaf_count=2262 205 69 41 78 148 56 96 87 63 157 99 185 245 50
internal_value=-0.000288912 -0.00124847 -0.00920635 -0.00375 0.00140086 -0.00214765 0.00307611 0.00762542 0.0117453 0.000972222 -0.0010998 -0.00632231 0.00173913 -0.0077551
internal_weight=3841 2450 188 119 1391 446 945 298 211 647 490 241 344 146
internal_count=3841 2450 188 119 1391 446 945 298 211 647 490 241 344 146
is_linear=0
shrinkage=0.03


Tree=447
num_leaves=15
num_cat=0
split_feature=67 66 3 29 81 38 85 23 52 44 43 56 80 43
split_gain=7.65145 8.44786 8.20332 8.14305 7.86089 7.86552 8.0251 7.31022 6.85936 10.7568 10.7418 16.1487 9.20688 10.2364
threshold=758.43548120771152 768.49949610233318 6.0416666666569663 0.93201941747572825 17718.926158666614 3724.1880012631832 -38.244549314180993 2.3092839717864995 18.17780697345734 21.425276994705204 778.86957671483674 45.484399199485786 252.25129950046542 366.39048502441261
decision_type=10 10 2 10 10 10 10 10 8 8 10 8 10 10
left_child=1 2 3 -1 8 6 -6 -5 10 -10 11 -4 -11 -14
right_child=-2 -3 4 7 5 -7 -8 -9 9 12 -12 -13 13 -15
leaf_value=-0.0035976973493725469 0.30219989541680947 -0.38365843666990734 0.00034385157415890434 -0.38819792460357921 -0.072787881696184942 0.17691693529888342 -0.61100722383646999 -0.065135620915953596 0.31156101405658959 0.00065946230872327761 0.26330420319283093 -0.44469084886780524 0.005655570745411182 0.7040473959168968
leaf_weight=261 75 57 166 48 81 44 68 92 169 2501 45 108 65 44
leaf_count=261 75 57 166 48 81 44 68 92 169 2501 45 108 65 44
internal_value=-0.000345098 -0.000536 -0.000357433 -0.00440299 0.000136695 -0.00572165 -0.009 -0.0102128 0.000503388 0.000982014 -0.00365625 -0.00589091 0.000505553 0.009
internal_weight=3824 3749 3692 401 3291 193 149 140 3098 2779 319 274 2610 109
internal_count=3824 3749 3692 401 3291 193 149 140 3098 2779 319 274 2610 109
is_linear=0
shrinkage=0.03


Tree=448
num_leaves=15
num_cat=0
split_feature=17 82 58 60 58 48 0 58 0 40 43 79 42 57
split_gain=6.94496 9.21447 6.38301 7.79639 6.91952 8.01937 6.77672 6.82662 8.73325 6.80377 13.4368 9.91055 9.1283 9.09173
threshold=5.0000000000000009 -101.69394946098326 1553.4712911844256 64.58538925647737 1114.5714374780657 391.50983031590789 389.50000000000006 272.586703658104 285.50000000000006 1152.6552103302899 754.06807785443436 5.7493161464114992 262.22274780273443 8.5000000000000018
decision_type=2 10 10 10 10 10 2 10 2 10 10 10 10 8
left_child=1 -1 4 -4 5 6 7 8 9 10 12 13 -2 -11
right_child=2 -3 3 -5 -6 -7 -8 -9 -10 11 -12 -13 -14 -15
leaf_value=-0.013300853692400768 -0.00030077571023497286 -0.93750802149026657 -0.070106542205300201 0.012688932014829209 0.076744920787776227 -0.50737071203321804 1.2319819476314884 -0.050988266952628862 0.30480809354405647 -0.19470102583647353 -0.24175066067559006 0.25359370797417013 0.53559634932590394 0.013598116866451911
leaf_weight=59 2419 40 135 84 80 40 46 269 96 74 166 166 47 103
leaf_count=59 2419 40 135 84 80 40 46 269 96 74 166 166 47 103
internal_value=-0.000298039 -0.0081 -8.85668e-05 -0.00504545 0.000222412 1.7508e-05 0.000177148 1.79587e-05 0.000419922 0.000131048 -0.000387391 0.00409884 0.000170247 -0.000842697
internal_weight=3824 99 3725 219 3506 3426 3386 3340 3071 2975 2632 343 2466 177
internal_count=3824 99 3725 219 3506 3426 3386 3340 3071 2975 2632 343 2466 177
is_linear=0
shrinkage=0.03


Tree=449
num_leaves=15
num_cat=0
split_feature=33 35 77 82 66 16 62 65 3 31 66 77 81 64
split_gain=6.23835 5.72594 10.7696 12.9644 11.0626 9.10946 20.1974 13.9579 13.6999 8.98147 7.87961 8.29117 14.3503 10.3226
threshold=31.098916576381367 17.39231761238025 -137.25192815065381 -17.067970554033913 -35.981236696243279 2.5000000000000004 0.16221737705717931 1.1347892233020838 10.625000000000002 18.963571428571431 223.58971846103671 -102.10408639907835 6034.1083370447168 3.3565693426810852
decision_type=10 10 8 8 8 2 8 8 2 8 10 8 8 10
left_child=1 5 3 -3 -5 6 7 8 -1 -4 -7 12 -12 -14
right_child=-2 2 9 4 -6 10 -8 -9 -10 -11 11 -13 13 -15
leaf_value=-0.11653761563473035 -0.041553657549155382 -0.68397227426778273 0.13800271351054319 -0.11063270427805058 0.059478973994944846 -0.0061467561419311775 0.68023161781668751 -0.92009321377840148 0.40203279727278596 0.0064375600127818443 0.11233546171636302 -0.32832562162123025 -0.81425391302708616 -0.0038229023468603174
leaf_weight=41 140 49 253 40 113 2317 68 64 91 355 85 147 44 48
leaf_count=41 140 49 253 40 113 2317 68 64 91 355 85 147 44 48
internal_value=-0.000614627 -0.00037944 0.00184957 -0.00413793 0.000194805 -0.00100138 0.00430189 -0.000609137 0.00496241 0.00384236 -0.00153293 -0.00590769 -0.00151685 -0.00967742
internal_weight=3855 3715 810 202 153 2905 264 196 132 608 2641 324 177 92
internal_count=3855 3715 810 202 153 2905 264 196 132 608 2641 324 177 92
is_linear=0
shrinkage=0.03


Tree=450
num_leaves=15
num_cat=0
split_feature=62 28 17 28 33 81 81 17 79 75 25 85 23 28
split_gain=5.2769 9.95898 11.7903 9.87579 11.5832 11.4579 11.7455 9.81651 11.4339 7.54703 10.1813 7.28406 9.88777 7.3403
threshold=-0.11737446102444794 153.50000000000003 5.0000000000000009 146.50000000000003 27.599119496855348 18475.278392434124 9736.4718060493487 21.500000000000004 5.6360845727393754 464.50000000000006 0.89915254237288156 253.26425194740298 7.4260786771774301 138.50000000000003
decision_type=10 2 2 2 10 10 10 2 10 8 10 8 10 2
left_child=3 11 -3 5 -5 6 9 8 -4 10 -1 12 -2 -13
right_child=1 2 7 4 -6 -7 -8 -9 -10 -11 -12 13 -14 -15
leaf_value=-0.0069245282862038775 -0.098494735523060734 -0.6108926095276187 -0.14696774573756166 0.033458047933933789 -0.1413640558388963 -0.38347411509292839 0.26848062165479875 -0.024426888175621889 0.25964735902901082 -0.025259954753413971 0.19882438387112186 0.01131669694981733 0.067033329040561251 0.091425560685671411
leaf_weight=56 125 52 63 933 48 55 80 1540 118 468 47 71 84 85
leaf_count=56 125 52 63 933 48 55 80 1540 118 468 47 71 84 85
internal_value=7.84109e-06 -0.000981767 -0.00191094 0.00126185 0.00320774 -0.00144272 -0.000322086 -0.00148084 0.00510989 -0.00183566 0.00548077 0.00352459 -0.000142857 0.00840764
internal_weight=3825 2138 1773 1687 981 706 651 1721 181 571 103 365 209 156
internal_count=3825 2138 1773 1687 981 706 651 1721 181 571 103 365 209 156
is_linear=0
shrinkage=0.03


Tree=451
num_leaves=15
num_cat=0
split_feature=80 33 50 16 40 67 3 83 3 77 8 83 8 50
split_gain=6.33525 7.33219 5.73398 6.70588 6.14402 5.81398 5.31235 11.4924 9.19776 16.9846 14.5836 6.27925 6.55624 6.68831
threshold=-226.06687355041501 13.546920821114371 3164.9433181285863 50.500000000000007 930.01953368398824 758.43548120771152 23.125000000000004 78.644024014472976 21.125000000000004 12.140736043453218 3.6520137755815365 -326.85508012771601 0.058434300942676563 1636.1904779672625
decision_type=8 10 10 2 10 10 2 8 2 8 10 8 8 10
left_child=1 -1 3 5 -5 6 8 -8 11 10 -10 -2 -13 -14
right_child=2 -3 -4 4 -6 -7 7 -9 9 -11 -12 12 13 -15
leaf_value=-0.0054547699670527547 -0.28242055133203881 1.0643641020549719 -0.0452292535369083 0.25749049971276539 -0.0010699911195687797 0.21838586546021715 -0.44766580085750007 0.0057533515128365305 -0.04251983402824324 -0.23156125766687297 1.1277994747341304 0.1545626183815402 -0.0027483949920041081 -0.07022360312731403
leaf_weight=52 41 42 103 41 40 74 41 73 49 55 94 61 2951 88
leaf_count=52 41 42 103 41 40 74 41 73 49 55 94 61 2951 88
internal_value=-7.09406e-05 0.00757895 -0.000266703 -6.65004e-05 0.00841463 -0.000263605 -0.000442965 -0.00678261 -0.000224551 0.00603015 0.0114583 -0.000620624 -0.000464366 -0.000661184
internal_weight=3805 94 3711 3608 81 3527 3453 114 3339 198 143 3141 3100 3039
internal_count=3805 94 3711 3608 81 3527 3453 114 3339 198 143 3141 3100 3039
is_linear=0
shrinkage=0.03


Tree=452
num_leaves=15
num_cat=0
split_feature=16 5 30 68 14 36 36 80 48 27 14 70 0 36
split_gain=6.517 7.13117 10.7309 20.0344 13.8827 12.1593 11.6382 10.1585 8.95237 12.6634 8.68933 9.45618 12.137 8.8027
threshold=50.500000000000007 73.694479584693923 6.2500000000000009 -0.066036255243363123 296.6507547109357 0.11145617667356798 0.15133897110641301 -36.62875580787658 102.53900170326234 0.9842509920634922 360.21335510520356 0.8973684210526317 -11.499999999999998 0.20080645161290325
decision_type=2 8 8 8 8 8 10 8 10 10 8 8 2 8
left_child=1 10 3 -3 8 -4 -7 -6 9 -5 -1 12 -12 -14
right_child=-2 2 5 4 7 6 -8 -9 -10 -11 11 -13 13 -15
leaf_value=-0.013282472565285558 0.027960645135856881 0.35319488744868061 0.0492314437818294 0.3513877463197419 -0.29005438692381502 -0.35105237875378986 -0.12053944465517485 -0.050749140688428493 -0.043872375930801011 -0.11575958616677152 -0.063362410877110531 0.00058669935431765908 0.0010540334346356773 0.13722663732070428
leaf_weight=1195 104 108 67 126 59 65 352 302 93 54 98 851 99 226
leaf_count=1195 104 108 67 126 59 65 352 302 93 54 98 851 99 226
internal_value=-0.000513158 -0.000722403 -0.00259169 -0.000323015 -0.0023622 -0.00606186 -0.00796651 -0.00621547 0.00273723 0.00662983 0.000206478 0.00192941 0.00558962 0.00837423
internal_weight=3799 3695 1226 742 634 484 417 361 273 180 2469 1274 423 325
internal_count=3799 3695 1226 742 634 484 417 361 273 180 2469 1274 423 325
is_linear=0
shrinkage=0.03


Tree=453
num_leaves=15
num_cat=0
split_feature=67 64 50 85 77 3 80 85 29 1 48 25 40 43
split_gain=6.30488 7.97329 6.14052 5.65879 10.489 8.4721 8.86501 8.32504 8.06205 7.47718 10.8444 7.48657 10.5324 7.43294
threshold=758.43548120771152 2.6469680483948723 3196.8798408508305 97.019600232442244 -144.97388792037961 9.6250000000000018 159.56312286853793 230.42798066139224 0.91335958005249351 659.08346462249767 232.16206983725235 0.88126566416040109 495.98686278789825 180.77732791119919
decision_type=10 8 10 10 10 2 10 10 10 2 10 10 10 10
left_child=1 -1 3 -3 5 -5 8 -8 -7 11 -11 -6 -13 -10
right_child=-2 2 -4 4 9 6 7 -9 13 10 -12 12 -14 -15
leaf_value=-0.3282022268671565 0.2660231703171958 0.0021993889866695308 -0.049148728025395806 -0.84466943781622217 0.085620627403588889 -0.083039909027130251 1.552546694784996 0.4381881750183666 0.69801914459974945 -0.30509705038914398 0.0068335347001577769 0.19973198443064982 -0.35687773664525285 -0.059406725783059784
leaf_weight=41 70 2867 100 46 55 80 48 47 46 176 58 58 90 56
leaf_count=41 70 2867 100 46 55 80 48 47 46 176 58 58 90 56
internal_value=-0.000406356 -0.000573096 -0.000426502 -0.000223264 -0.002523 0.00157407 0.00356115 0.0109375 -0.000327869 -0.00554795 -0.00919149 -0.00132353 -0.00483221 0.00524272
internal_weight=3838 3768 3727 3627 760 323 277 95 182 437 234 203 148 102
internal_count=3838 3768 3727 3627 760 323 277 95 182 437 234 203 148 102
is_linear=0
shrinkage=0.03


Tree=454
num_leaves=15
num_cat=0
split_feature=3 0 69 66 15 17 3 7 77 53 46 7 16 85
split_gain=6.27019 6.83072 6.28216 6.78973 6.08969 10.4813 9.92154 16.8944 12.9397 14.3847 16.5241 15.3349 16.1042 10.7942
threshold=23.625000000000004 427.50000000000006 -355.67234735843971 -334.47856473922724 19.500000000000004 37.500000000000007 20.875000000000004 2625.7880105301506 -195.47115206718442 8.5000000000000018 810.00000000000011 2673.3798137340277 16.500000000000004 23.737472534179691
decision_type=2 2 8 8 2 2 2 10 10 8 8 8 2 10
left_child=1 2 -1 -4 5 6 8 -8 9 11 -11 12 -5 -10
right_child=-2 -3 3 4 -6 -7 7 -9 13 10 -12 -13 -14 -15
leaf_value=0.17118821020588312 -0.22379644974299381 0.57782457527687492 -0.38302172393688633 -0.011600540063609301 0.010593727835181629 -0.041143621497456609 -0.030869491795514035 1.97827105405014 -0.00027761322833600664 -0.72266101340933753 0.024770189938923711 0.56037529845922429 0.50662549300162363 -0.13946309316369396
leaf_weight=71 57 41 51 104 1206 795 44 42 643 45 228 81 79 290
leaf_count=71 57 41 51 104 1206 795 44 42 643 45 228 81 79 290
internal_value=-3.97035e-05 0.000112873 -2.44565e-05 -0.000199501 -4.21585e-05 -0.000931122 0.000500963 0.0103448 -8.15772e-05 0.00362454 -0.00120438 0.00860377 0.00375 -0.00221627
internal_weight=3777 3720 3679 3608 3557 2351 1556 86 1470 537 273 264 183 933
internal_count=3777 3720 3679 3608 3557 2351 1556 86 1470 537 273 264 183 933
is_linear=0
shrinkage=0.03


Tree=455
num_leaves=15
num_cat=0
split_feature=7 3 82 74 60 82 60 40 82 29 79 65 79 31
split_gain=7.48347 11.689 15.4715 12.2063 12.9905 10.9058 12.4724 10.0503 8.84335 11.1468 9.73538 13.6831 8.81209 8.4503
threshold=2713.8932026441257 17.625000000000004 -113.03075238068897 1351.7745044950573 -107.04284620285033 -164.44167923927304 40.442266583442695 1207.9853058364151 48.429217994213111 0.96730499053203844 9.444052045400932 0.91487119084686785 99.002573979710448 11.469210526315793
decision_type=10 2 8 10 8 10 10 8 10 10 10 10 8 8
left_child=1 2 -1 4 -4 6 -3 8 10 -10 -6 -12 -5 -2
right_child=13 5 3 12 7 -7 -8 -9 9 -11 11 -13 -14 -15
leaf_value=0.41951579432350822 0.11121743081200791 -0.1421438906801418 -0.54259063601223723 -0.73280573407242144 -0.10620576551212657 -0.13253044903867489 0.20064477855045659 0.17997929714509267 0.14246135243342281 -0.29489353587079131 -0.0095924486106799198 0.29567023247567148 -0.0099852433194642827 -0.00017104671344649879
leaf_weight=80 474 47 41 46 352 419 45 69 277 62 286 59 55 1512
leaf_count=80 474 47 41 46 352 419 45 69 277 62 286 59 55 1512
internal_value=-0.000219608 -0.00159869 -0.000112952 -0.0009375 -5.23104e-05 -0.00544922 0.00387097 0.00056962 -0.000173578 0.00379412 -0.00210602 0.00147399 -0.0108824 0.00105687
internal_weight=3824 1838 1327 1247 1146 511 92 1105 1036 339 697 345 101 1986
internal_count=3824 1838 1327 1247 1146 511 92 1105 1036 339 697 345 101 1986
is_linear=0
shrinkage=0.03


Tree=456
num_leaves=15
num_cat=0
split_feature=3 62 13 13 1 44 70 57 13 22 35 65 13 83
split_gain=7.79266 6.66104 6.59171 8.49991 6.04481 10.2086 5.77098 10.5309 9.47454 7.7292 6.38323 10.238 6.32483 6.0631
threshold=23.125000000000004 0.025903682046346656 4890.0000000000009 1800.0000000000002 837.52777552604687 88.209543108940139 0.74166666666666681 3.5000000000000004 150.00000000000003 4.0054835081100473 16.428207547169816 1.0404434526854049 90.000000000000014 48.450216054916389
decision_type=2 8 8 10 2 10 8 10 10 2 10 10 10 10
left_child=2 -2 3 4 6 -6 7 9 10 12 -9 -12 -1 -8
right_child=1 -3 -4 -5 5 -7 13 8 -10 -11 11 -13 -14 -15
leaf_value=0.005273010754888602 0.01385886704624177 -0.58712694220808537 -0.22407863871976771 0.1426265428805028 0.043720042662348031 -0.34132476335754058 0.0014174012426614268 -0.086504571941353567 0.24462676581372969 0.013714386379223561 0.51975167924048271 -0.0032446793141454261 -0.26794295281185554 -0.035579239005597514
leaf_weight=46 44 73 43 46 42 45 2237 53 52 246 46 54 78 684
leaf_count=46 44 73 43 46 42 45 2237 53 52 246 46 54 78 684
internal_value=-0.000292876 -0.00788136 -4.90063e-05 9.09091e-05 -7.53348e-05 -0.00784091 0.000120103 0.00286458 0.00830097 -0.000161725 0.00448052 0.00891089 -0.00624 -0.000420945
internal_weight=3789 117 3672 3629 3583 87 3496 575 205 370 153 100 124 2921
internal_count=3789 117 3672 3629 3583 87 3496 575 205 370 153 100 124 2921
is_linear=0
shrinkage=0.03


Tree=457
num_leaves=15
num_cat=0
split_feature=74 36 42 0 59 42 53 84 62 42 36 81 37 79
split_gain=6.35158 9.17515 6.07799 15.4695 14.8736 10.0943 10.8279 9.17276 8.86515 8.11954 9.75313 10.249 12.6883 9.99263
threshold=2565.38992771937 0.12392463562033418 37.93373095989228 11.500000000000002 115.93281006813051 48.624633669853218 22.500000000000004 267.0370135903359 -0.15578489115893449 -34.309117436408989 0.2242184982275218 3259.223057866097 1439.8378026909606 9.5579601852469214
decision_type=10 8 10 2 10 10 10 8 8 10 8 10 8 10
left_child=2 -2 3 9 8 -4 -7 -6 -5 -1 13 -12 -13 -11
right_child=1 -3 5 4 7 6 -8 -9 -10 10 11 12 -14 -15
leaf_value=-0.0030126381069604025 0.019846952028702437 -0.060307120755375324 0.40473820903891461 -0.41172848054234568 -0.018931662060075495 0.0038652714017140964 0.25678533470654763 0.73703456241414012 -0.086552267049913312 0.0065096853819250101 0.25941781074580605 0.028696907511544269 -0.35328323267773926 0.41960398625778145
leaf_weight=1010 55 95 118 73 75 1495 43 48 426 95 75 94 71 64
leaf_count=1010 55 95 118 73 75 1495 43 48 426 95 75 94 71 64
internal_value=7.03491e-05 -0.00596026 0.000317245 -0.00078248 -0.0047191 0.00166566 0.00101365 0.00459677 -0.00702 0.000957447 0.004575 0.000746888 -0.00343373 0.0103125
internal_weight=3837 150 3687 2031 622 1656 1538 123 499 1409 399 240 165 159
internal_count=3837 150 3687 2031 622 1656 1538 123 499 1409 399 240 165 159
is_linear=0
shrinkage=0.03


Tree=458
num_leaves=15
num_cat=0
split_feature=79 69 79 67 15 77 81 82 27 17 27 3 82 42
split_gain=7.34372 9.62981 6.73697 9.40663 16.4178 12.2684 13.0474 13.7004 11.7617 9.46007 9.885 9.05615 8.93503 8.91893
threshold=1089.513089851014 320.48042051172325 8.9557193095525172 -130.11797775768093 17.500000000000004 -244.4408195018768 4225.8326207399377 124.496683994929 0.9842509920634922 37.500000000000007 0.94466316710411202 15.875000000000002 -84.89019378026326 -20.119911670684811
decision_type=10 8 10 10 2 8 8 10 10 2 10 2 8 10
left_child=2 -2 3 8 9 -6 -7 -8 12 10 11 -5 -1 -4
right_child=1 -3 13 4 5 6 7 -9 -10 -11 -12 -13 -14 -15
leaf_value=0.2070506005679133 -0.00048530534733977278 -0.53592690334490845 -0.017132921600515928 -0.69937411001891359 -0.23673448530373178 0.84312631520843129 7.0566952275399325e-05 -0.34126845131162448 -0.21038544284357599 -1.0996410132412486 0.069858482330307572 0.0034635985101368759 0.0044112896983122592 0.02707691194880554
leaf_weight=81 66 41 624 111 73 91 427 44 150 48 42 45 797 1204
leaf_count=81 66 41 624 111 73 91 427 44 150 48 42 45 797 1204
internal_value=-0.000343303 -0.00805556 -0.000120385 -0.00136649 -0.00363946 -0.00108491 0.000426288 -0.00158898 0.00058309 -0.0102024 -0.00723618 -0.0107006 0.00191126 0.00118097
internal_weight=3844 107 3737 1909 881 635 562 471 1028 246 198 156 878 1828
internal_count=3844 107 3737 1909 881 635 562 471 1028 246 198 156 878 1828
is_linear=0
shrinkage=0.03


Tree=459
num_leaves=15
num_cat=0
split_feature=27 35 58 59 31 80 27 80 40 76 11 74 81 68
split_gain=5.59899 10.6255 10.9907 7.79082 8.63654 9.69678 9.02013 7.22507 6.45029 6.43473 7.51186 9.87 10.8028 9.44357
threshold=0.96828988005458605 1.0000000180025095e-35 1524.7034965753558 245.53867006301883 19.063145161290326 152.83603918552402 0.98399897593445995 48.1667287349701 33.261743227453174 1137.8203582763674 570.00000000000011 163.98126253366712 4668.6520421504983 -0.06287171498902018
decision_type=10 8 10 8 8 10 10 8 10 10 2 8 8 8
left_child=1 -1 9 4 5 6 -2 -8 -5 10 11 12 -3 -12
right_child=3 2 -4 8 -6 -7 7 -9 -10 -11 13 -13 -14 -15
leaf_value=0.45429897091696209 -0.041162022785099416 1.1997884879954273 -0.074099117860656899 -0.02880246352586056 -0.052200431022872557 -0.26722776051045122 0.016454974777143694 0.28712352886144266 -0.43916570686584311 0.41022619543180766 0.074645204609488758 0.0025550418787722152 0.020778784351691133 -0.22542326990430622
leaf_weight=60 66 55 126 71 47 44 65 80 100 51 41 2819 73 180
leaf_count=60 66 55 126 71 47 44 65 80 100 51 41 2819 73 180
internal_value=-4.64037e-05 0.000378743 0.000152421 -0.00310127 -0.00019802 0.00199219 0.00466981 0.00883562 -0.00819767 0.000493789 0.000321868 0.000722524 0.00883721 -0.005
internal_weight=3878 3405 3345 473 302 255 211 145 171 3219 3168 2947 128 221
internal_count=3878 3405 3345 473 302 255 211 145 171 3219 3168 2947 128 221
is_linear=0
shrinkage=0.03


Tree=460
num_leaves=15
num_cat=0
split_feature=43 39 63 44 3 68 44 34 64 83 83 27 34 60
split_gain=6.03225 9.14467 10.8661 7.92059 10.7349 11.1426 9.07632 10.7536 9.37894 8.73913 8.60569 8.9494 9.74325 10.5472
threshold=18.457749234729985 166.38796533469593 -41.752000567003627 52.292776107788093 16.041666666656969 -0.18924861085024233 55.737202763557441 0.1645447219983884 3.174353032854786 177.53569090366366 29.727196931838993 0.93666428953467651 0.16035714285714289 11.203838229179384
decision_type=10 10 8 8 2 8 10 10 8 10 10 10 10 10
left_child=1 -1 -3 4 5 -2 7 -5 -8 -10 11 12 13 -7
right_child=3 2 -4 6 -6 10 8 -9 9 -11 -12 -13 -14 -15
leaf_value=-0.29728326835104779 0.085085361105093044 -0.062792194793383188 0.15441170289252049 -0.0033935798477351272 0.0036377817118865606 -0.46739414474980617 -0.26605090773461909 0.37778726922270151 0.0036359799942941606 -0.1160120978031243 -0.26133601871386175 0.11775379876419054 -0.34486400977355203 0.11760265719421398
leaf_weight=41 88 51 193 77 443 40 80 69 2007 151 154 84 275 59
leaf_count=41 88 51 193 77 443 40 80 69 2007 151 154 84 275 59
internal_value=-0.000519276 0.00367133 0.00587755 -0.000858844 -0.00291084 -0.00522111 0.000125786 0.00734694 -0.00034837 2.77906e-05 -0.00665579 -0.00457516 -0.00656 0.0015
internal_weight=3812 285 244 3527 1143 700 2384 146 2238 2158 612 458 374 99
internal_count=3812 285 244 3527 1143 700 2384 146 2238 2158 612 458 374 99
is_linear=0
shrinkage=0.03


Tree=461
num_leaves=15
num_cat=0
split_feature=3 39 3 14 62 60 7 14 36 78 3 8 81 81
split_gain=9.38449 5.64892 10.4486 10.9899 10.443 8.90876 8.50175 7.96507 12.3943 7.87753 7.6822 10.9695 12.2021 12.5451
threshold=23.708333333343038 2396.2808199483848 15.625000000000002 378.1611256061833 -0.22587659593283352 284.95545959472662 4484.0249221317981 349.5295189180934 0.1861605107159143 0.70833333333333337 18.875000000000004 5.3846020429125003 8466.2391763925571 5024.683819413186
decision_type=2 10 2 8 8 10 8 10 8 10 2 10 8 10
left_child=1 4 3 6 -1 -5 7 8 -3 -10 11 12 13 -4
right_child=-2 2 10 5 -6 -7 -8 -9 9 -11 -12 -13 -14 -15
leaf_value=0.19734733170085375 -0.46097770469934385 0.03663612268550228 0.038479526944419293 0.00041390491925341166 0.0021378377914578195 -0.53982996627948199 0.029623208603647058 -0.73161496131295845 -0.37143355055774502 -0.12227743566143293 -0.018164750565371719 0.66163194216528165 0.19622095528355252 -0.06982473237413174
leaf_weight=113 45 58 60 553 2148 50 43 58 99 91 343 69 47 56
leaf_count=113 45 58 60 553 2148 50 43 58 99 91 343 69 47 56
internal_value=-0.000226917 -6.33413e-05 -0.00147251 -0.00339979 0.000888594 -0.000943709 -0.00762857 -0.00938111 -0.00698795 -0.0106806 0.00171875 0.00592275 0.00164634 -0.00358974
internal_weight=3833 3788 1527 952 2261 603 349 306 248 190 575 232 163 116
internal_count=3833 3788 1527 952 2261 603 349 306 248 190 575 232 163 116
is_linear=0
shrinkage=0.03


Tree=462
num_leaves=15
num_cat=0
split_feature=6 14 14 25 61 84 82 65 24 79 14 45 33 33
split_gain=5.82261 5.96174 8.24325 8.9619 9.52064 8.80559 9.74973 8.20232 9.83116 8.79774 8.02697 7.84121 11.485 10.1702
threshold=5730.0000000000009 360.21335510520356 453.56805916832906 0.91507392715470626 0.38108417766532193 -73.466993987560258 83.641108314196273 1.0420026933350108 49.500000000000007 11.772956129706225 639.79101955892645 8.5000000000000018 20.983012820512826 19.020937500000006
decision_type=10 10 10 8 10 10 8 8 2 8 10 10 10 10
left_child=1 -1 11 4 5 6 -4 9 -9 10 -5 13 -13 -3
right_child=-2 2 3 7 -6 -7 -8 8 -10 -11 -12 12 -14 -15
leaf_value=-0.012825356420409176 -0.06806355432326977 -0.010945533787831323 0.098096182340128346 -0.0027411402003733086 -0.1884196639508014 -0.066635198053794018 -0.0041691432026749456 0.0095986587916398487 0.30235670736289205 0.03285658142252533 -0.4269486943388035 0.31134775068439041 -0.03449088764176729 0.20607524721634563
leaf_weight=1910 50 336 86 50 194 190 187 263 114 115 44 239 46 53
leaf_count=1910 50 336 86 50 194 190 187 263 114 115 44 239 46 53
internal_value=-0.000518308 -0.000384013 0.000797706 -0.000651125 -0.00305471 -0.000711207 0.00273723 0.00204429 0.00468254 -0.00271429 -0.00947368 0.00346667 0.00723776 0.000692308
internal_weight=3877 3827 1917 1243 657 463 273 586 377 209 94 674 285 389
internal_count=3877 3827 1917 1243 657 463 273 586 377 209 94 674 285 389
is_linear=0
shrinkage=0.03


Tree=463
num_leaves=15
num_cat=0
split_feature=82 1 0 39 72 82 65 61 78 79 1 31 33 0
split_gain=5.32351 12.9728 5.27195 9.85656 6.71179 7.44854 6.76407 4.54167 8.542 5.30692 8.98583 7.38439 8.02592 8.41195
threshold=-164.44167923927304 717.02162611484539 -165.49999999999997 1140.3846097126461 -164.17924082279202 -129.07393074035642 1.0836408434704146 0.99981487465806562 0.87500000000000011 9.0247594863629867 743.82469952106487 17.30714285714286 16.48153594771242 285.50000000000006
decision_type=8 2 2 8 8 8 8 10 10 8 2 8 10 2
left_child=1 -1 3 -2 -4 6 -6 9 -9 10 11 12 13 -7
right_child=2 -3 4 -5 5 7 -8 8 -10 -11 -12 -13 -14 -15
leaf_value=0.25296205189116561 0.72203477757672674 -0.036203960649667334 0.16166052950718102 -0.46470047548760945 -0.36187653187553215 -0.024203648751096409 -0.0027515335203778333 -0.033315681036992638 0.243957056959306 0.0048681104249075876 -0.73394682750811635 -0.12133918786182285 0.18866771330258164 0.38343130437585443
leaf_weight=50 41 58 53 49 43 601 40 48 67 2406 42 239 69 41
leaf_count=50 41 58 53 49 43 601 40 48 67 2406 42 239 69 41
internal_value=7.01663e-05 0.0066055 -0.000120321 -0.00725275 5.75342e-05 -0.000100083 -0.00892857 0.000110985 0.00594828 -8.82613e-05 -0.00193353 -0.00132492 0.000210674 -0.000839813
internal_weight=3847 108 3739 90 3649 3596 83 3513 115 3398 992 950 711 642
internal_count=3847 108 3739 90 3649 3596 83 3513 115 3398 992 950 711 642
is_linear=0
shrinkage=0.03


Tree=464
num_leaves=15
num_cat=0
split_feature=51 60 81 60 41 81 83 62 68 36 43 33 41 26
split_gain=7.59272 6.90964 13.1087 6.92916 5.79791 5.70521 7.60309 6.83026 14.4964 14.2248 14.0678 13.2224 12.5074 10.4256
threshold=-3536.902672886848 493.56062042713171 8466.2391763925571 399.84055447578436 82.898200035095229 26965.108477473263 -38.046280741691582 0.029102754341497793 0.028742615615011551 0.10507913139492088 535.81628550991888 11.763145161290323 -68.474479436874375 83.500000000000014
decision_type=8 10 8 10 10 10 10 8 10 8 10 10 10 2
left_child=-1 3 4 5 -3 7 -7 8 9 13 12 -12 -11 -2
right_child=1 2 -4 -5 -6 6 -8 -9 -10 10 11 -13 -14 -15
leaf_value=-0.060075774783213513 0.008252171427099152 0.28348141364813961 0.35287346973867251 -0.67825793905221843 -0.13540404115135771 0.06773434881686477 -0.27198545259437312 0.009117473908556939 -0.49668558721145756 0.15811571191239404 -0.40065918229084968 -0.024093771775565074 -0.020980783566639898 0.6931776649610617
leaf_weight=75 63 40 46 47 62 42 66 1837 85 228 59 347 747 57
leaf_count=75 63 40 46 47 62 42 66 1837 85 228 59 347 747 57
internal_value=-0.000481326 -0.000289777 0.00604027 -0.000553227 0 -0.000399207 -0.00715596 -0.000183995 -0.00162571 -0.000938748 -0.00180174 -0.00648649 0.000153689 0.00892562
internal_weight=3801 3726 148 3578 102 3531 108 3423 1586 1501 1381 406 975 120
internal_count=3801 3726 148 3578 102 3531 108 3423 1586 1501 1381 406 975 120
is_linear=0
shrinkage=0.03


Tree=465
num_leaves=15
num_cat=0
split_feature=42 79 77 40 72 42 26 29 79 15 80 15 84 60
split_gain=7.27964 10.5491 12.2167 11.5704 10.2892 9.5619 11.9508 10.2312 11.7124 8.97052 10.3959 9.55031 8.37267 8.03797
threshold=-20.119911670684811 10.934302744559231 -202.1419001817703 581.85951553005577 -114.75392067432402 -78.127854824066148 133.50000000000003 0.89716955941255017 8.3472263017980808 7.5000000000000009 -59.347553133964531 18.500000000000004 1.0000000180025095e-35 -100.84871685504912
decision_type=8 10 8 10 10 10 2 10 10 2 10 2 10 10
left_child=1 3 4 5 -3 7 9 8 13 -7 -11 -12 -4 -1
right_child=-2 2 12 -5 -6 6 -8 -9 -10 10 11 -13 -14 -15
leaf_value=-0.38351803927357347 0.0017471826716745475 -0.066764006933262149 -0.056979024768762834 -0.17863052647298952 0.1723569793996981 0.035795213523878149 0.21024227998783315 0.18232046664131685 0.48240375415614706 -0.69581612441832341 -0.3476549008335863 0.14250185298213411 -0.29893234913842986 0.016127424454096512
leaf_weight=72 2663 65 205 100 71 41 56 164 40 61 65 41 152 41
leaf_count=72 2663 65 205 100 71 41 56 164 40 61 65 41 152 41
internal_value=-0.000586243 -0.00255319 -0.00589069 -0.000131965 0.00175182 0.00149485 -0.00271698 0.005 -0.000584416 -0.00602871 -0.00910714 -0.00336449 -0.00879888 -0.00552632
internal_weight=3837 1174 493 681 136 581 264 317 153 208 167 106 357 113
internal_count=3837 1174 493 681 136 581 264 317 153 208 167 106 357 113
is_linear=0
shrinkage=0.03


Tree=466
num_leaves=15
num_cat=0
split_feature=16 66 60 5 5 85 36 68 83 74 32 31 69 31
split_gain=6.92888 8.03209 6.31793 6.19259 8.64566 9.99047 17.363 8.14433 8.15491 7.97886 7.62395 7.9716 6.87931 6.77729
threshold=1.0000000180025095e-35 44.99130582809449 45.979116678237922 34.926844000816352 76.801017284393325 132.69242783387503 0.14916102716232504 -0.21158629448186397 -26.45753979682922 1442.9936929534053 0.067816091954023008 10.583974358974361 -226.12236981617102 18.69148550724638
decision_type=2 10 10 10 10 8 8 8 10 8 10 10 8 10
left_child=1 2 -1 7 5 10 -7 8 -2 -8 -5 -12 -6 -11
right_child=3 -3 -4 4 12 6 9 -9 -10 13 11 -13 -14 -15
leaf_value=-0.038777273589093539 0.025273587095835808 0.051029692662058687 -0.76231055285597671 0.11387540728979852 0.04335226253937996 -0.088237733579830863 0.31468564146330164 -0.0062952968194294277 -0.38855090887699439 0.039933058542140874 0.48526532737530198 0.030539826723949073 -0.018825756617759735 -0.34410694724278806
leaf_weight=66 41 42 40 84 87 88 41 1510 63 219 101 304 1047 75
leaf_count=66 41 42 40 84 87 88 41 1510 63 219 101 304 1047 75
internal_value=-0.000504069 -0.00684564 -0.011215 -0.000245834 0.000850024 0.003023 -0.000353774 -0.00163467 -0.00971429 0.00276786 0.00593878 0.00421182 -0.000898678 0.00101695
internal_weight=3808 148 106 3660 2046 912 423 1614 104 335 489 405 1134 294
internal_count=3808 148 106 3660 2046 912 423 1614 104 335 489 405 1134 294
is_linear=0
shrinkage=0.03


Tree=467
num_leaves=15
num_cat=0
split_feature=28 26 83 72 70 77 81 66 26 81 70 28 26 70
split_gain=5.11834 5.37334 5.95236 8.72103 7.82733 6.92646 9.93273 8.11044 9.03833 11.8099 8.64978 9.66658 14.7715 12.4205
threshold=469.50000000000006 227.50000000000003 224.61117970943454 -65.612006783485398 0.85164835164835173 57.194347918033607 6970.4694567918787 -207.34775412082669 83.500000000000014 5930.6890372037897 0.90454545454545465 131.50000000000003 65.500000000000014 1.0000000180025095e-35
decision_type=2 2 10 10 10 10 8 8 2 10 10 2 2 8
left_child=1 2 5 4 -4 7 -7 8 -1 -10 11 12 13 -9
right_child=-2 -3 3 -5 -6 6 -8 10 9 -11 -12 -13 -14 -15
leaf_value=-0.011289207582060866 -0.11135139274221713 0.06433442206643597 -0.022931201869399582 0.29042114905766842 -0.4019943274797429 -0.47370295642981897 -0.0034622394093717168 -0.031894588047091783 0.015642216887757136 0.33641072511563691 -0.0070151791168801478 0.056716379386628678 -0.3536194974785774 0.077102262367629446
leaf_weight=59 64 79 40 42 65 41 209 86 78 69 1955 678 90 280
leaf_count=59 64 79 40 42 65 41 209 86 78 69 1955 678 90 280
internal_value=3.91032e-05 0.000182927 1.6247e-05 -0.00587838 -0.0104717 0.000262267 -0.00454183 0.000628034 0.00637681 0.0103378 0.000242718 0.00232599 -0.00105033 0.00163488
internal_weight=3835 3771 3692 147 105 3545 250 3295 206 147 3089 1134 456 366
internal_count=3835 3771 3692 147 105 3545 250 3295 206 147 3089 1134 456 366
is_linear=0
shrinkage=0.03


Tree=468
num_leaves=15
num_cat=0
split_feature=28 1 3 3 3 28 17 57 63 61 37 24 26 1
split_gain=6.09124 5.03835 7.34185 4.64791 4.64225 10.8919 13.2699 11.2584 7.86712 6.65072 6.62685 10.4172 5.19804 10.4492
threshold=469.50000000000006 823.1989827156068 11.875000000000002 23.708333333343038 21.125000000000004 138.50000000000003 35.000000000000007 9.5000000000000018 49.412746811258621 0.9383358852641267 1623.8469968243087 26.500000000000004 62.500000000000007 655.93281006813061
decision_type=2 2 2 2 2 2 2 10 10 10 10 2 2 2
left_child=1 3 -3 4 9 -6 -7 -8 -9 12 11 -11 13 -1
right_child=-2 2 -4 -5 5 6 7 8 -10 10 -12 -13 -14 -15
leaf_value=-0.19487005946466557 -0.21921479410286812 0.0079465313368684946 -0.29935669233999379 -0.45047280670503448 0.71331228949514369 0.45834996636148007 -0.29651433955148243 0.74110197015625234 -0.31430363741363759 -0.017632513620895338 -0.010571031124525336 0.25130393292451253 0.00033521596240613274 2.2107435558953447e-05
leaf_weight=115 64 59 81 44 80 57 68 53 50 59 51 94 2748 205
leaf_count=115 64 59 81 44 80 57 68 53 50 59 51 94 2748 205
internal_value=-0.000125359 3.18725e-05 -0.00553191 0.000248276 0.000368612 0.0038835 0.000524017 -0.00366279 0.00259615 3.66636e-05 0.00526829 0.00837662 -0.000312805 -0.00392523
internal_weight=3828 3764 140 3624 3580 308 228 171 103 3272 204 153 3068 320
internal_count=3828 3764 140 3624 3580 308 228 171 103 3272 204 153 3068 320
is_linear=0
shrinkage=0.03


Tree=469
num_leaves=15
num_cat=0
split_feature=77 1 40 69 14 57 60 44 16 81 35 30 25 1
split_gain=11.0924 8.49657 9.92638 9.31921 6.38022 5.92515 9.123 5.73623 6.75201 6.07163 10.3468 5.48049 5.48019 9.93539
threshold=121.64101433753969 609.24851906299602 676.1313073610205 37.516639669968285 1263.9800423174158 7.5000000000000009 116.01381134986879 2613.1123039722447 26.500000000000004 7275.1010299921045 0.91485507246376829 9.7500000000000018 0.96449579831932786 663.98848116397869
decision_type=10 2 10 8 10 8 10 8 2 10 8 10 8 2
left_child=1 2 3 -1 7 6 -2 -3 12 10 -10 -5 -9 -14
right_child=5 4 -4 11 -6 -7 -8 8 9 -11 -12 -13 13 -15
leaf_value=0.08465491593113221 -0.023181221876384238 -0.0037868356057020945 0.25260690486712634 0.024096448800112177 0.10105971380311551 -0.00092840985659762502 -0.52113842972641244 -0.17360105327723777 -0.12553234044398356 0.56025763302580722 0.14065914170718724 -0.24995311200957435 0.27393414830722385 -0.063051072982934289
leaf_weight=97 66 2979 89 62 76 71 42 44 40 48 50 40 56 45
leaf_count=97 66 2979 89 62 76 71 42 44 40 48 50 40 56 45
internal_value=0.00010247 0.000463193 0.00539792 0.00165 3.59389e-05 -0.00716667 -0.0115596 -0.000165492 0.00390845 0.00863309 0.00395604 -0.00466019 -0.000616438 0.00323529
internal_weight=3805 3626 288 199 3338 179 108 3262 283 138 90 102 145 101
internal_count=3805 3626 288 199 3338 179 108 3262 283 138 90 102 145 101
is_linear=0
shrinkage=0.03


Tree=470
num_leaves=15
num_cat=0
split_feature=44 60 81 39 16 37 80 78 5 77 16 39 57 7
split_gain=5.10069 5.47922 12.7503 10.3912 14.4647 11.6036 8.93685 11.8258 10.3096 13.363 9.41148 10.25 17.7948 13.5572
threshold=6223.4558562040338 493.56062042713171 7381.426011443139 4636.8601474955876 16.500000000000004 179.24015606342175 -65.404178261756883 0.87500000000000011 64.067189931869521 -156.58510196208951 26.500000000000004 1546.7600317339788 6.5000000000000009 2553.505151239925
decision_type=10 8 10 10 2 10 8 10 10 10 2 10 8 10
left_child=1 6 -3 4 -4 -6 7 -1 9 -9 11 12 13 -8
right_child=-2 2 3 -5 5 -7 10 8 -10 -11 -12 -13 -14 -15
leaf_value=0.040475909341630541 -0.082105875997198721 0.00040846609765717652 -0.044105972032159539 0.48291151620133688 -0.066659191400763831 0.93893527755202966 -0.58833384679783418 0.017193205919646244 -0.54818067711562091 -0.2599990305035183 -0.040403081178361271 -0.0012836947873393 0.20699460711063691 0.072089693696693061
leaf_weight=114 45 907 85 49 48 117 60 147 95 119 376 1197 457 45
leaf_count=114 45 907 85 49 48 117 60 147 95 119 376 1197 457 45
internal_value=0.000147592 0.000267226 0.00193869 0.0073 0.00478088 0.00993976 -0.000505553 -0.00422269 -0.00687845 -0.00382022 0.000323034 0.00124432 0.00458259 -0.00650943
internal_weight=3861 3816 1206 299 250 165 2610 475 361 266 2135 1759 562 105
internal_count=3861 3816 1206 299 250 165 2610 475 361 266 2135 1759 562 105
is_linear=0
shrinkage=0.03


Tree=471
num_leaves=15
num_cat=0
split_feature=0 48 40 0 83 81 39 79 48 39 39 31 29 16
split_gain=5.26365 14.3779 8.32214 7.29698 5.88644 7.98619 5.55198 4.97766 7.82524 12.5767 12.689 8.64374 12.1951 11.9628
threshold=-130.49999999999997 -129.20345064004258 458.40702113181447 -157.49999999999997 244.03442275524142 7642.4991779327402 2091.511228083843 11.573522876300274 64.438601970672622 148.32460876185021 947.84758667239669 12.538516746411485 0.90250156347717336 1.5000000000000002
decision_type=2 8 10 2 10 10 10 8 8 8 10 8 10 2
left_child=2 6 3 -1 7 -6 -2 -3 11 -10 -11 12 -9 -13
right_child=1 4 -4 -5 5 -7 -8 8 9 10 -12 13 -14 -15
leaf_value=0.10709932876007598 0.018122330553435973 -0.015284849083227669 -0.3621714059279787 -0.10474747264454688 0.01018079959777495 -0.38300571771487296 0.46529042874244081 0.42509935661904702 -0.19437371003613596 0.17067878806454406 0.011531982205074183 -0.27315626338264165 -0.0066308007391446466 -0.012482216162323798
leaf_weight=77 50 1426 56 60 61 54 42 115 84 132 853 66 238 551
leaf_count=77 50 1426 56 60 61 54 42 115 84 132 853 66 238 551
internal_value=-0.000287118 -3.26708e-05 -0.00510309 -0.00108696 -0.000335102 -0.00698276 0.0116129 -0.000112522 0.000838235 0.00260748 0.00355984 -0.00111226 0.00262712 -0.00325243
internal_weight=3865 3672 193 137 3580 115 92 3465 2039 1069 985 970 353 617
internal_count=3865 3672 193 137 3580 115 92 3465 2039 1069 985 970 353 617
is_linear=0
shrinkage=0.03


Tree=472
num_leaves=15
num_cat=0
split_feature=73 82 73 0 71 65 67 31 7 36 28 36 28 36
split_gain=6.18365 8.10704 8.14821 6.58095 13.7143 9.80621 9.09166 13.3729 10.7439 11.4024 10.9918 10.014 12.0705 9.11254
threshold=-9.5863378047943097 -2.6643025080362954 -21.08808863162994 94.500000000000014 6.5000000000000009 0.79983789530170046 448.47620174288755 8.0321428571428584 4397.7792452706681 0.95293466223698797 176.50000000000003 0.17416582406471184 204.50000000000003 0.23294573643410857
decision_type=8 8 10 2 8 8 8 8 10 8 2 8 2 8
left_child=1 2 -1 5 -5 -2 7 -6 9 10 -8 -9 13 -13
right_child=3 -3 -4 4 6 -7 8 11 -10 -11 -12 12 -14 -15
leaf_value=0.30318218881391812 -0.33553614176392316 0.009526171647135654 -0.04934589223159648 0.35274608771570864 -0.45420374648785328 -0.0055041402995044892 0.088452049432524299 -0.061037884219637663 0.60788831337614113 -0.33210823344941792 -0.0018786429544202575 0.32667264496676779 0.09925504133912301 -1.1024973348132228
leaf_weight=69 45 235 42 88 46 2341 163 96 52 43 328 40 176 76
leaf_count=69 45 235 42 88 46 2341 163 96 52 43 328 40 176 76
internal_value=-1.56209e-05 0.00380403 0.0104464 -0.00039485 0.00151488 -0.00128194 0.000528893 -0.00275862 0.00296422 0.00168224 0.0029878 -0.00092545 0.001843 -0.00564103
internal_weight=3840 346 111 3494 1108 2386 1020 434 586 534 491 388 292 116
internal_count=3840 346 111 3494 1108 2386 1020 434 586 534 491 388 292 116
is_linear=0
shrinkage=0.03


Tree=473
num_leaves=15
num_cat=0
split_feature=1 82 27 32 16 85 24 70 0 0 33 0 16 42
split_gain=6.62019 5.73348 8.6297 6.17111 10.5703 11.8718 8.70534 6.5237 8.8145 11.4336 14.6706 10.301 9.95589 9.76906
threshold=847.54545378685009 -150.37561261653897 0.89254528397199984 0.065591397849462371 9.5000000000000018 -182.08251611391699 36.500000000000007 0.90454545454545465 98.500000000000014 17.500000000000004 22.434583333333336 -16.499999999999996 20.500000000000004 37.93373095989228
decision_type=2 8 10 8 2 10 2 8 2 2 8 2 2 10
left_child=1 2 -1 4 5 -3 -6 8 9 11 13 -5 -10 -11
right_child=-2 3 -4 7 6 -7 -8 -9 12 10 -12 -13 -14 -15
leaf_value=-0.051962340610825011 -0.16894012163424732 0.0091035486236142951 0.28173785831680437 -0.043227113887731261 -0.10181622379280245 0.39487041934165479 0.091914470095132539 -0.012315911427589542 0.41821366928414205 -0.13759681830300771 -0.26850085335010404 0.030177607377470019 -0.009010019471047688 0.18461937375263573
leaf_weight=59 70 96 74 159 124 86 66 2437 138 56 51 245 84 53
leaf_count=59 70 96 74 159 124 86 66 2437 138 56 51 245 84 53
internal_value=-0.000221111 -4.82703e-05 0.00604478 -0.000275306 0.00337802 0.00852459 -0.00157068 -0.000697891 0.00167726 -0.000318584 -0.00708075 0.00237037 0.00672646 -0.000818182
internal_weight=3798 3728 133 3595 372 182 190 3223 786 564 160 404 222 109
internal_count=3798 3728 133 3595 372 182 190 3223 786 564 160 404 222 109
is_linear=0
shrinkage=0.03


Tree=474
num_leaves=15
num_cat=0
split_feature=16 42 31 34 40 3 68 31 81 31 20 80 14 34
split_gain=9.17355 10.9722 13.6757 12.8687 13.4311 13.8144 10.1718 15.2292 12.249 19.8627 9.596 10.263 9.31377 14.1177
threshold=24.500000000000004 55.080978512763984 20.415476190476195 0.21388443017656503 792.73859353692058 10.625000000000002 0.022787172224568639 20.27525252525253 9736.4718060493487 7.7816666666666672 308.56582868099218 33.236309289932258 372.16899721145455 0.14371772805507746
decision_type=2 8 8 10 10 2 10 10 10 8 10 10 10 8
left_child=1 2 -1 4 -3 -6 8 -8 -2 -10 -5 -12 13 -4
right_child=6 3 12 10 5 -7 7 -9 9 -11 11 -13 -14 -15
leaf_value=0.005495268567994884 -0.010988344877082001 0.33986863462077849 -0.012798174379892089 0.048306700725240147 0.095798132746800102 -0.011749929932535911 -0.21137110274733117 0.12558710847601529 0.70881941668202808 -0.050317338567925592 -0.0076437662818998574 -0.38021301677576369 -0.022527786211106522 -0.36699764827504677
leaf_weight=1183 688 159 69 563 149 212 200 42 61 72 129 43 197 75
leaf_count=1183 688 159 69 563 149 212 200 42 61 72 129 43 197 75
internal_value=-0.000140515 0.000766187 -0.000944262 0.00284236 0.00644914 0.00323204 -0.0025094 -0.00790123 -0.000912409 0.00738806 0.000285326 -0.00589595 -0.00622807 -0.012
internal_weight=3842 2779 1524 1255 520 361 1063 242 821 133 735 172 341 144
internal_count=3842 2779 1524 1255 520 361 1063 242 821 133 735 172 341 144
is_linear=0
shrinkage=0.03


Tree=475
num_leaves=15
num_cat=0
split_feature=51 22 1 8 1 43 72 6 50 22 73 77 81 42
split_gain=7.68968 6.56929 6.17263 8.62857 9.4662 9.76063 7.7379 8.17582 8.7074 7.41271 9.83449 11.9517 8.94282 8.48437
threshold=-3536.902672886848 7.1142140626907358 666.52870881557476 4.4274824289109782 687.41329634189617 736.55988410204748 73.469976782798781 2970.0000000000005 1976.5686182975771 1.0054835081100466 15.494112730026247 11.784121215343477 6509.7285230159769 111.40837574005128
decision_type=8 2 2 10 2 8 10 10 10 2 10 10 8 10
left_child=1 -1 6 4 -4 9 7 8 -2 12 11 13 -6 -11
right_child=2 -3 3 -5 5 -7 -8 -9 -10 10 -12 -13 -14 -15
leaf_value=-0.063183326016504282 0.0055703367325970988 -0.00063765570175192468 -0.28304247374626867 0.018056853733523004 -0.0089226612553575529 -0.097147922628640776 -0.40577199214910037 0.30138766572908787 -0.22972423820577448 0.0019559341703767785 -0.24951228913321769 0.23459863247449286 0.26532880870491082 -0.38316205512026863
leaf_weight=44 2197 41 145 382 47 190 65 47 57 331 86 54 46 90
leaf_count=44 2197 41 145 382 47 190 65 47 57 331 86 54 46 90
internal_value=-0.000549307 -0.0094186 -0.000345104 -0.00194606 -0.00342424 -0.00220118 0.000583016 0.000873154 0.000611973 -0.000458015 -0.00176157 -6.30252e-05 0.00734043 -0.00177725
internal_weight=3822 85 3737 1371 989 844 2366 2301 2254 654 561 475 93 421
internal_count=3822 85 3737 1371 989 844 2366 2301 2254 654 561 475 93 421
is_linear=0
shrinkage=0.03


Tree=476
num_leaves=15
num_cat=0
split_feature=50 85 16 40 1 34 79 70 67 39 15 33 34 7
split_gain=5.94508 8.15691 6.57324 12.2726 6.18895 8.48658 5.43411 10.955 10.7254 9.92184 11.2872 8.51256 12.1404 8.87076
threshold=3164.9433181285863 12.213870803515116 47.500000000000007 1132.1144101624566 838.02790760993969 0.25658350658350665 8.9557193095525172 0.2752525252525253 -113.84174698193866 1743.9984505066507 19.500000000000004 10.719985775248935 0.27346041055718479 2467.6096048272352
decision_type=10 10 2 10 2 8 8 8 10 10 2 10 10 10
left_child=2 -2 4 -4 6 -6 7 -1 -9 11 -11 -10 13 -13
right_child=1 -3 3 -5 5 -7 -8 8 9 10 -12 12 -14 -15
leaf_value=0.23236492157729394 -0.19903436366267868 0.091707338089954821 0.1972099176698609 -0.031924510185705524 0.0077053943165797988 -0.34637605905841273 0.0036699719492358437 0.0055668464632187839 -0.59439272160371104 -0.53652235203866117 -0.035954539942696255 -0.099814613253073142 0.67566295123940534 0.21538642922925125
leaf_weight=50 59 40 58 41 43 52 2431 541 44 142 176 49 59 57
leaf_count=50 59 40 58 41 43 52 2431 541 44 142 176 49 59 57
internal_value=-0.00028103 -0.0075 -8.8141e-05 0.0075 -0.000296296 -0.0078125 -9.29577e-05 -0.00182306 -0.0024696 -0.00551136 -0.00884013 -0.000428571 0.00271084 -0.00336449
internal_weight=3842 99 3743 99 3644 95 3549 1118 1068 527 318 209 165 106
internal_count=3842 99 3743 99 3644 95 3549 1118 1068 527 318 209 165 106
is_linear=0
shrinkage=0.03


Tree=477
num_leaves=15
num_cat=0
split_feature=84 16 24 50 81 16 35 38 58 46 72 84 1 65
split_gain=6.29288 4.80588 7.48225 5.55964 5.33633 5.06386 5.5687 5.82219 5.67845 7.78019 6.50506 6.49904 8.48546 6.49873
threshold=255.52683063348135 47.500000000000007 81.500000000000014 3196.8798408508305 4169.4065548181543 43.500000000000007 1.0000000180025095e-35 517.35026444997891 1631.0654165744784 2790.0000000000005 11.597105622291567 -84.765677094459519 655.93281006813061 1.0068004957899068
decision_type=10 2 2 10 10 2 8 10 10 10 10 10 2 10
left_child=1 2 3 5 -3 6 7 -1 9 10 -8 12 -12 -13
right_child=-2 4 -4 -5 -6 -7 8 -9 -10 -11 11 13 -14 -15
leaf_value=0.25693221480723605 -0.17528738978208891 0.00061666735307022008 -0.15620957397018298 -0.082895247591031521 0.29889026411913328 -0.18969820619205374 0.0026109715270083811 -0.1030432515860005 -0.061438029657738653 1.4154464739815455 -0.3786834841380281 0.065810785444578856 -0.039838956063253494 -0.11678249601157178
leaf_weight=109 74 84 74 72 40 52 2928 43 51 40 50 100 78 42
leaf_count=109 74 84 74 72 40 52 2928 43 51 40 50 100 78 42
internal_value=-0.000195414 -2.39107e-05 -0.000222527 -2.52384e-05 0.00576 0.000145965 0.000287623 0.00588235 2.73556e-05 0.000185242 1.87559e-05 -0.00442804 -0.00930233 0
internal_weight=3837 3763 3639 3565 124 3493 3441 152 3289 3238 3198 270 128 142
internal_count=3837 3763 3639 3565 124 3493 3441 152 3289 3238 3198 270 128 142
is_linear=0
shrinkage=0.03


Tree=478
num_leaves=15
num_cat=0
split_feature=27 77 13 4 28 38 16 25 28 68 43 80 70 83
split_gain=5.19734 9.69741 7.80046 8.49406 12.6114 9.81027 21.5409 12.205 11.1904 9.73123 7.64956 13.3897 9.73944 11.6619
threshold=0.95706605222734276 -153.83024227619168 930.00000000000011 8.5000000000000018 290.50000000000006 2094.9073063351784 20.500000000000004 0.91864313292884736 171.50000000000003 0.026890010693932955 490.42671549149583 243.51602375507358 0.51470588235294124 116.34154176712038
decision_type=10 8 8 2 2 8 2 10 2 8 10 10 8 10
left_child=2 -2 3 10 5 6 -5 -7 -8 -6 12 -12 -1 -14
right_child=1 -3 -4 4 9 7 8 -9 -10 -11 11 -13 13 -15
leaf_value=0.20900224486431263 0.12768698222887997 -0.030543745014309245 0.24543578628672957 1.1131360534135113 0.74469728673079139 0.028478967641819359 0.64932461948428821 -0.12623624389628049 -0.14122661763820982 0.020568420901622329 -0.023325036711881457 0.62681570361205374 0.0073845438937765089 -0.13841529057616309
leaf_weight=98 130 478 53 57 71 390 40 119 64 61 854 62 1241 143
leaf_count=98 130 478 53 57 71 390 40 119 64 61 854 62 1241 143
internal_value=-0.00011652 -0.0026601 0.000359557 0.000168697 0.00283935 0.00116244 0.00759259 -0.000882353 -0.000571429 0.0112782 -0.000725302 -0.00287895 0.000606878 -4.33213e-05
internal_weight=3861 608 3253 3200 802 670 161 509 104 132 2398 916 1482 1384
internal_count=3861 608 3253 3200 802 670 161 509 104 132 2398 916 1482 1384
is_linear=0
shrinkage=0.03


Tree=479
num_leaves=15
num_cat=0
split_feature=79 81 70 70 80 81 82 39 23 17 57 31 39 36
split_gain=7.55531 12.1723 5.50319 5.34504 10.7763 12.1697 10.1069 9.05235 12.7212 9.73323 10.4193 9.48871 9.38718 9.09576
threshold=396.46469057803557 35967.689931035049 0.91987179487179505 0.8973684210526317 -134.41663193702695 8156.3452718257913 -15.64113014936447 3254.5773866147051 2.726701140403748 48.000000000000007 9.5000000000000018 12.889444444444447 5183.2154480122563 0.34296141814389997
decision_type=10 8 10 8 10 8 10 10 10 2 8 10 10 10
left_child=3 -2 -3 4 5 -1 -6 9 12 -5 11 -11 13 -9
right_child=1 2 -4 7 6 -7 -8 8 -10 10 -12 -13 -14 -15
leaf_value=-0.29350447264848278 -0.69910686235166319 -0.018160817219427392 0.076295223743869503 -0.0027866635424525299 0.26641304845454361 -0.00024361060442038541 0.019483907688396265 0.037721103819503908 -0.150394870467112 0.12326761218474476 0.40405538257042894 -0.09182110763545448 0.7496126236784536 -0.66528885362495638
leaf_weight=40 44 65 42 2130 84 291 446 88 312 53 66 64 45 41
leaf_count=40 44 65 42 2130 84 291 446 88 312 53 66 64 45 41
internal_value=-0.000354145 -0.00690789 -0.00138889 -8.19448e-05 0.00198376 -0.00225904 0.00463277 -0.000717857 -0.00443532 6.48228e-05 0.00668478 0.00127119 0.00205714 -0.00207692
internal_weight=3811 151 107 3660 861 331 530 2799 486 2313 183 117 174 129
internal_count=3811 151 107 3660 861 331 530 2799 486 2313 183 117 174 129
is_linear=0
shrinkage=0.03


Tree=480
num_leaves=15
num_cat=0
split_feature=27 7 24 45 79 81 65 66 32 25 27 62 81 0
split_gain=7.07689 7.63123 12.7921 8.68731 10.0345 9.60044 9.20207 9.12677 8.96015 8.93944 13.489 14.6861 13.6255 13.1408
threshold=0.9546596619460942 1.0000000180025095e-35 22.500000000000004 5.5000000000000009 30.851612822748645 4632.2083827257165 1.037003507127104 -215.17771553993222 0.17712418300653598 0.87915297553851779 0.91974706272688256 -0.024310107149634181 5907.5514587163934 224.50000000000003
decision_type=10 10 2 8 10 8 10 8 10 10 10 8 8 2
left_child=1 2 -1 4 -3 6 8 -7 -5 -9 12 -12 -11 -14
right_child=-2 3 -4 5 -6 7 -8 9 -10 10 11 -13 13 -15
leaf_value=-0.012432262397350331 -0.020051602777935162 -0.18536804021212866 0.63793126904753694 -0.0040008208414871104 0.11968720320685446 0.16267647424787063 -0.043562992531070252 0.004325549967275682 0.1648721293164935 -0.64660654391050809 0.37238738824039197 -0.033608994660007878 -0.026462028731193212 -0.78168559829444062
leaf_weight=40 665 243 41 186 46 128 148 794 481 45 127 287 523 81
leaf_count=40 665 243 41 186 46 128 148 794 481 45 127 287 523 81
internal_value=-0.000477059 0.000113529 0.00914634 -0.000126214 -0.00506897 0.000385577 0.003125 -0.000740181 0.00462575 -0.00127557 -0.00307331 0.00115663 -0.00576923 -0.00456198
internal_weight=3835 3170 81 3089 289 2800 815 1985 667 1857 1063 414 649 604
internal_count=3835 3170 81 3089 289 2800 815 1985 667 1857 1063 414 649 604
is_linear=0
shrinkage=0.03


Tree=481
num_leaves=15
num_cat=0
split_feature=7 7 81 84 7 29 35 66 72 72 81 61 8 48
split_gain=7.05347 12.1798 11.6372 9.98712 9.54322 17.4634 8.61897 8.71685 10.0245 16.7273 9.9336 8.30012 8.04771 7.70876
threshold=2713.8932026441257 2606.7558994982614 3616.6289366483693 -11.256462574005125 3073.3838402806182 0.93885340395700279 23.03714483714484 -301.5292574167251 -72.484111905097947 -55.762485027313225 4709.7794868946085 0.61967698614307898 4.1462990685532128 317.55255977312726
decision_type=10 10 8 10 10 10 10 8 8 8 10 8 10 10
left_child=1 6 -3 -4 5 -2 7 -1 10 -10 -9 -7 -6 -11
right_child=4 2 3 -5 12 11 -8 8 9 13 -12 -13 -14 -15
leaf_value=-0.62830818113464226 0.068005741782334941 0.35112594390145335 -0.065381419057795903 -0.94299947983317822 -0.13291696422204854 -0.24157530103659411 0.23210926903560958 0.7275418495399737 -0.41448262576168676 -0.0029853613476071186 0.005977436374908063 0.0077066015910143542 0.0018727251270561579 -0.20946288739781563
leaf_weight=43 471 42 124 40 119 65 73 63 40 1244 99 51 1274 69
leaf_count=43 471 42 124 40 119 65 73 63 40 1244 99 51 1274 69
internal_value=-0.000212153 -0.0015506 -0.0084058 -0.012 0.00102978 0.00423469 -0.000680147 -0.00115459 -0.000771768 -0.00161743 0.00625767 -0.00615385 -0.000322812 -0.0010274
internal_weight=3817 1837 206 164 1980 587 1631 1558 1515 1353 162 116 1393 1313
internal_count=3817 1837 206 164 1980 587 1631 1558 1515 1353 162 116 1393 1313
is_linear=0
shrinkage=0.03


Tree=482
num_leaves=15
num_cat=0
split_feature=77 65 77 52 62 16 66 65 3 37 3 16 64 62
split_gain=8.6578 13.1802 10.5207 9.8543 8.06493 7.74628 11.1317 10.9531 7.79808 7.71022 7.46722 15.6306 13.362 9.81217
threshold=15.967813551425936 0.87319254788516354 34.815876245498664 74.222493290901198 0.23543948596322736 3.5000000000000004 -40.040669322013848 0.92746073753046998 14.291666666656967 1272.1686672088051 17.291666666656969 10.500000000000002 5.6004576792300798 -0.1602186320006723
decision_type=8 8 8 10 10 2 8 8 2 10 2 2 10 8
left_child=1 3 -2 9 -4 6 -3 -8 -9 -1 12 -12 -7 -13
right_child=2 5 4 -5 -6 10 7 8 -10 -11 11 13 -14 -15
leaf_value=0.6302269879519713 0.16027177876209045 0.022907839954336352 0.0084924467849311746 -0.042972430010023571 -0.32034483197913105 0.0069702292093848234 0.1169197877573469 -0.7177706262980359 -0.04360382070399222 0.034028895282379491 0.038959746727630175 -0.18093233265609002 -0.27333136321291168 -0.085070959475331026
leaf_weight=73 141 90 1130 87 96 1121 40 83 106 101 165 57 84 431
leaf_count=73 141 90 1130 87 96 1121 40 83 106 101 165 57 84 431
internal_value=-0.000133999 -0.00120541 0.00177632 0.00515267 0.000880196 -0.0019697 -0.00628125 -0.00978261 -0.0127895 0.00925714 -0.00122647 -0.00380734 0.000174129 -0.00650307
internal_weight=3805 2438 1367 261 1226 2177 319 229 189 174 1858 653 1205 488
internal_count=3805 2438 1367 261 1226 2177 319 229 189 174 1858 653 1205 488
is_linear=0
shrinkage=0.03


Tree=483
num_leaves=15
num_cat=0
split_feature=1 70 3 37 31 83 69 39 39 67 38 82 17 83
split_gain=4.85263 5.25306 16.4851 11.0576 13.8403 11.9426 13.5769 10.8997 10.476 13.9595 10.2829 10.4483 9.81538 9.42652
threshold=837.52777552604687 0.90454545454545465 5.6250000000000009 2253.7379144897664 13.295833333333336 -119.14851403236388 -69.705393714907515 2303.5626772213145 1743.9984505066507 -155.61108865235977 1917.6573002865055 106.90746714671455 39.500000000000007 82.38591039180757
decision_type=2 10 2 8 8 10 8 10 10 8 10 10 2 10
left_child=1 2 7 4 5 6 -3 -1 -6 -10 -7 -12 -8 -13
right_child=-2 3 -4 -5 8 10 12 -9 9 -11 11 13 -14 -15
leaf_value=-0.38367261555753018 -0.095148294968196656 1.0366339823960906 0.019732064798181258 0.11227155313624279 -0.0056942663502717065 -0.19681607489037059 0.12430519074852629 -0.0046493879728197515 0.060758466971493799 -0.16035034982807517 -0.013984435481342884 0.64880068162376647 -0.061115355276531953 0.005336266900969857
leaf_weight=50 121 92 1176 203 424 204 239 126 74 538 316 54 96 70
leaf_count=50 121 92 1176 203 424 204 239 126 74 538 316 54 96 70
internal_value=-0.000261628 -6.55201e-05 0.00141907 -0.00093466 -0.0015797 0.000811567 0.00469626 -0.00711864 -0.00405014 -0.00655791 -0.00176744 0.000816327 0.001875 0.00816
internal_weight=3783 3662 1352 2310 2107 1071 427 176 1036 612 644 440 335 124
internal_count=3783 3662 1352 2310 2107 1071 427 176 1036 612 644 440 335 124
is_linear=0
shrinkage=0.03


Tree=484
num_leaves=15
num_cat=0
split_feature=4 29 74 3 3 42 66 39 66 8 80 35 8 50
split_gain=6.98263 12.0497 15.9026 11.6218 11.3736 9.66369 11.5474 10.6189 10.5113 13.3526 10.2624 10.0865 9.60656 9.60476
threshold=7.5000000000000009 0.94598433660933667 1979.9099778219422 9.5416666666569672 17.041666666656969 82.417303442955031 126.87829232215883 3330.2521821177465 -207.34775412082669 4.1462990685532128 60.570403456687934 15.626679104477613 5.0810954811165594 4344.8655530214319
decision_type=2 10 10 2 2 10 8 10 10 10 10 10 10 10
left_child=13 2 5 -3 -5 7 -7 8 10 -10 -2 -8 -6 -1
right_child=1 3 -4 4 12 6 11 -9 9 -11 -12 -13 -14 -15
leaf_value=-0.0026352579523834011 0.014321813947171691 -0.30200378628140967 -0.3293898276116255 0.20254427260960023 -0.26867916658240221 0.98603629328693465 0.34651786804437168 -0.032058253676887173 -0.066213721602181544 0.07968541211902426 0.61307898248371717 -0.030885797208172503 0.36159061233841133 -0.26747294058331239
leaf_weight=1962 252 99 42 80 72 78 184 249 235 252 111 128 40 52
leaf_count=1962 252 99 42 80 72 78 184 249 235 252 111 128 40 52
internal_value=0.000234558 0.00157981 0.0026436 -0.00400685 0.000310881 0.00316107 0.00721228 0.00171818 0.00331375 0.000430328 0.00717033 0.00460064 -0.00584071 -0.00098263
internal_weight=3836 1822 1531 291 192 1489 390 1099 850 487 363 312 112 2014
internal_count=3836 1822 1531 291 192 1489 390 1099 850 487 363 312 112 2014
is_linear=0
shrinkage=0.03


Tree=485
num_leaves=15
num_cat=0
split_feature=75 76 77 8 31 61 3 85 82 27 34 3 83 64
split_gain=7.99694 12.173 6.6504 9.87091 12.0913 11.9898 11.436 16.2302 16.6851 11.6593 14.3858 9.50466 12.0462 11.1849
threshold=2038.1435635089877 2410.3431358337407 -3.0912309288978572 4.1462990685532128 25.61964285714286 0.99981487465806562 17.625000000000004 -1.0000000180025095e-35 -70.419214248657212 0.93156539046950015 0.24626532887402455 10.291666666656967 -119.14851403236388 4.4425835345467828
decision_type=10 10 8 10 10 8 2 8 10 10 10 2 8 10
left_child=1 2 3 6 -5 -6 11 8 -8 10 -9 13 -13 -1
right_child=-2 -3 -4 4 5 -7 7 9 -10 -11 -12 12 -14 -15
leaf_value=-0.4109933687101382 -0.13500176652672266 0.24098988119679232 0.0066486473899358333 0.02556441030856476 -0.71754619645269258 0.017262564249335633 -0.56971209402450085 -0.22052635828509934 0.038946052643842606 -0.37742514461050752 0.082538343890221022 0.40698164692481692 -0.0023935177807436502 0.0081555720372232972
leaf_weight=148 126 59 1450 719 68 65 74 91 129 88 41 120 563 59
leaf_count=148 126 59 1450 719 68 65 74 91 129 88 41 120 563 59
internal_value=-0.000157853 9.79592e-05 -0.000124447 -0.00117729 0.00133646 -0.0069403 -0.00280822 -0.00686321 -0.000735294 -0.0124887 -0.00676692 -0.000875421 0.000833333 -0.00649038
internal_weight=3800 3674 3615 2165 852 133 1313 423 203 220 132 890 683 207
internal_count=3800 3674 3615 2165 852 133 1313 423 203 220 132 890 683 207
is_linear=0
shrinkage=0.03


Tree=486
num_leaves=15
num_cat=0
split_feature=78 82 40 59 27 28 42 22 40 62 62 3 4 3
split_gain=6.4248 18.6969 11.9484 10.7263 11.7859 8.03991 6.99272 6.61091 6.42994 8.06052 6.00716 5.99704 7.61941 8.84715
threshold=0.70833333333333337 1.0000000180025095e-35 42.651475380322445 23.824699521064762 0.90779352226720655 245.50000000000003 158.50302875041965 9.7453938722610491 15.790313484718842 -0.078816743514469725 -0.10983545226752429 23.625000000000004 9.5000000000000018 6.7916666666569663
decision_type=8 10 10 10 10 2 10 2 8 10 10 2 2 2
left_child=1 2 -1 4 6 -6 -4 -3 9 -2 -5 12 -10 -14
right_child=8 7 3 10 5 -7 -8 -9 11 -11 -12 -13 13 -15
leaf_value=0.24210891815537067 0.001669102721131317 -0.074810454510575747 0.0016687955461680004 -0.46432889127662424 0.30572683344519719 0.0085648648387345351 -0.10419337761223069 -0.43076496192847996 0.0048730405002581165 -0.33109801943728362 -0.014814240643161138 -0.41918128598239396 -0.0045857921581845297 0.52301561751787917
leaf_weight=74 78 190 153 47 47 47 57 60 2736 47 69 45 87 110
leaf_count=74 78 190 153 47 47 47 57 60 2736 47 69 45 87 110
internal_value=8.57588e-05 -0.00241611 0.000969697 -0.000997625 0.00196721 0.0107368 -0.00199052 -0.00908367 0.000686211 -0.00595238 -0.00871795 0.000966767 0.00113497 0.00681818
internal_weight=3847 744 494 420 304 94 210 250 3103 125 116 2978 2933 197
internal_count=3847 744 494 420 304 94 210 250 3103 125 116 2978 2933 197
is_linear=0
shrinkage=0.03


Tree=487
num_leaves=15
num_cat=0
split_feature=16 16 79 13 15 17 17 85 23 42 33 24 63 29
split_gain=8.69214 7.9156 8.41986 8.71866 9.29299 11.8507 16.6216 15.7245 12.3366 10.5255 9.08208 6.8932 7.24281 8.36884
threshold=14.500000000000002 47.500000000000007 477.38247493318715 3330.0000000000005 4.5000000000000009 44.000000000000007 24.500000000000004 -104.35373508930205 7.833202838897706 -191.88510501384732 2.6601818181818184 15.500000000000002 280.10846666466358 0.88536888379204903
decision_type=2 2 10 8 2 2 2 10 10 8 10 2 8 10
left_child=11 2 3 4 5 6 -2 8 -8 -6 -9 -1 13 -13
right_child=1 -3 -4 -5 9 -7 7 10 -10 -11 -12 12 -14 -15
leaf_value=-0.027018858528814728 -0.035810635972926656 0.023340840330559231 -0.65768429967732744 -0.27420333009846964 0.94836916566611074 -0.29767615867799163 0.79276860250269721 0.21237523984352891 0.0073430117265138499 -0.037110033672996603 -0.12028957165748436 0.041618713239905257 0.08018931298711382 -0.004574093461781956
leaf_weight=68 172 129 68 41 48 52 115 51 59 1170 81 336 440 982
leaf_count=68 172 129 68 41 48 52 115 51 59 1170 81 336 440 982
internal_value=-1.57356e-05 -0.00138903 -0.00188913 -0.00149162 -0.00116638 0.00214689 0.00363257 0.00781759 0.0137143 -0.0026087 0 0.00147783 0.00184196 0.000727824
internal_weight=3812 1986 1857 1789 1748 530 478 306 174 1218 132 1826 1758 1318
internal_count=3812 1986 1857 1789 1748 530 478 306 174 1218 132 1826 1758 1318
is_linear=0
shrinkage=0.03


Tree=488
num_leaves=15
num_cat=0
split_feature=14 14 3 48 74 45 40 79 79 83 39 82 35 67
split_gain=8.94469 9.98533 6.76903 6.37209 8.25958 6.28823 12.2557 9.62056 9.29333 8.21939 6.46953 13.8362 15.4749 12.7625
threshold=51.094293393301065 96.809017533079938 23.625000000000004 97.622194449106871 181.69295447457918 7.5000000000000009 1303.4685303339368 33.487318697916308 24.084247776707322 -170.81070125102994 3254.5773866147051 146.06118218104049 14.313817663817664 360.1249606504162
decision_type=8 8 2 8 10 8 10 10 10 8 10 10 8 10
left_child=3 -2 5 -1 -5 6 7 8 9 -3 -7 12 -12 -14
right_child=1 2 -4 4 -6 10 -8 -9 -10 -11 11 -13 13 -15
leaf_value=0.13923540673357429 -0.2415973927572628 -0.4817116546106624 -0.38144113244406935 -0.21082016635959802 0.046847556003993915 0.015620507373941805 0.094345888153152008 0.14811622730392623 -0.22115912638539234 -0.010922258593438271 -0.23081823420181422 -0.25248836109611528 0.0064023273825398515 0.18368741370843053
leaf_weight=206 81 102 53 57 67 1484 47 63 42 853 167 91 493 57
leaf_count=206 81 102 53 57 67 1484 47 63 42 853 167 91 493 57
internal_value=0.000178571 -0.000263158 -1.73762e-05 0.00489426 -0.00048 0.00015 -0.00170578 -0.00237512 -0.00309619 -0.00247908 0.00104666 -0.00111248 0.000292479 0.00272232
internal_weight=3863 3533 3452 330 124 3399 1107 1060 997 955 2292 808 717 550
internal_count=3863 3533 3452 330 124 3399 1107 1060 997 955 2292 808 717 550
is_linear=0
shrinkage=0.03


Tree=489
num_leaves=15
num_cat=0
split_feature=54 80 72 73 72 0 72 20 81 3 9 83 14 80
split_gain=8.59551 10.7402 7.25024 5.18937 5.15543 11.8899 8.80982 8.45676 8.27528 7.89669 14.9835 11.8338 8.48103 8.00074
threshold=570.00000000000011 -3.9866006374359126 -90.776152610778794 3.770610094070435 -86.462260842323289 -28.499999999999996 -109.36178445816039 297.02162611484533 4577.3540856838235 13.541666666656967 150.00000000000003 50.283302903175361 310.81481067560577 -50.899998784065239
decision_type=8 8 8 10 8 2 10 10 10 2 2 8 10 10
left_child=1 3 -3 -1 6 9 7 8 -2 10 -6 12 -11 -12
right_child=4 2 -4 -5 5 -7 -8 -9 -10 11 13 -13 -14 -15
leaf_value=0.053127092263402176 0.43757099379493519 -0.64513047559927794 -0.006280046341972394 -0.021558250916819757 -0.23434947097454512 0.0059136997527116358 0.2185046550032595 -0.25425961124253044 -0.0393130012318696 -0.35486057295058415 -0.0040164045711902924 -0.36684397474968844 0.17860921056370863 0.23206335261100794
leaf_weight=45 56 59 40 47 71 2917 103 40 88 61 73 111 72 65
leaf_count=45 56 59 40 47 71 2917 103 40 88 61 73 111 72 65
internal_value=9.35308e-05 -0.00609375 -0.0129 0.00129032 0.000418261 8.89944e-05 0.00427083 0.000324324 0.00372414 -0.00442731 -0.000142857 -0.00808163 -0.00201493 0.00561151
internal_weight=3848 191 99 92 3657 3370 287 184 144 453 209 244 133 138
internal_count=3848 191 99 92 3657 3370 287 184 144 453 209 244 133 138
is_linear=0
shrinkage=0.03


Tree=490
num_leaves=15
num_cat=0
split_feature=73 3 80 77 79 68 56 48 48 73 41 80 42 43
split_gain=6.88704 9.08095 9.32163 9.19381 6.83828 6.58361 6.28454 7.70774 10.0553 7.5185 5.99851 17.9984 8.60665 8.28528
threshold=-10.377029776573179 12.958333333343036 20.279813051223758 -234.00628936290738 7.969280621501535 -0.087830874633507819 -149.64801724751786 -129.20345064004258 -119.66698348522185 11.214294195175173 -73.799732804298387 -124.6540319919586 -50.331292748451226 545.41794117912934
decision_type=8 2 10 10 10 10 8 8 8 8 8 10 8 10
left_child=1 3 5 -1 -5 -3 9 -8 -9 -2 11 -10 13 -12
right_child=6 2 -4 4 -6 -7 7 8 10 -11 12 -13 -14 -15
leaf_value=0.0059920448887324437 -0.62457048066331422 0.3273016328685755 -0.32844148977686788 0.056529640241693352 0.52308444166343848 -0.0033437493168465659 0.13358026239129692 -0.49165177893591788 -0.12593151856558379 -0.020911503389314988 -0.031162193529913697 0.092797724462754014 -0.00083446270750190614 -0.53088972993640104
leaf_weight=58 43 53 82 43 51 48 54 41 89 85 178 226 2746 54
leaf_count=58 43 53 82 43 51 48 54 41 89 85 178 226 2746 54
internal_value=-8.56698e-05 0.00401786 -0.00048913 0.00941176 0.0151579 0.00558824 -0.00047768 -0.000230156 -0.000413793 -0.00697674 -0.000227687 0.00370253 -0.000644512 -0.00618026
internal_weight=3851 335 183 152 94 101 3516 3388 3334 128 3293 315 2978 232
internal_count=3851 335 183 152 94 101 3516 3388 3334 128 3293 315 2978 232
is_linear=0
shrinkage=0.03


Tree=491
num_leaves=15
num_cat=0
split_feature=42 56 79 81 83 38 62 15 81 25 76 60 68 0
split_gain=8.13927 9.04681 12.8252 12.9971 12.7537 9.31267 8.84351 10.4881 8.41594 11.8427 9.58015 8.44586 8.21629 8.15705
threshold=42.311617016792304 67.592612663904845 477.38247493318715 9736.4718060493487 -326.85508012771601 903.17923035024398 -0.0014180991972718479 17.500000000000004 8635.6329511404056 0.88416815742397148 1309.0265550613406 -176.05197918415067 0.09198894904523866 11.500000000000002
decision_type=10 8 8 8 8 8 10 2 10 10 8 10 10 2
left_child=8 2 3 5 -3 -2 7 -7 13 -10 -11 -12 -8 -1
right_child=1 4 -4 -5 -6 6 12 -9 9 10 11 -13 -14 -15
leaf_value=0.0080140511412277772 -0.099543607023111547 -0.28928512229891246 -0.15873008886176479 1.0184028135922991 0.0085228134446722441 0.93145641496504816 -0.1652492294737187 0.0068899594569889182 -0.41976875022457999 0.28071734016707872 -0.36289588975579712 -0.0030703299089171665 0.16724526983732785 -0.063816881784429985
leaf_weight=1121 58 48 73 82 1256 50 56 40 136 69 50 152 74 554
leaf_count=1121 58 48 73 82 1256 50 56 40 136 69 50 152 74 554
internal_value=5.49738e-05 0.00157077 0.00532258 0.00764543 0.000321839 0.00451613 0.00733032 0.0145055 -0.00120979 -0.00507353 -0.00143382 -0.00472906 0.00229008 -0.000268496
internal_weight=3819 1737 433 360 1304 278 220 90 2082 407 271 202 130 1675
internal_count=3819 1737 433 360 1304 278 220 90 2082 407 271 202 130 1675
is_linear=0
shrinkage=0.03


Tree=492
num_leaves=15
num_cat=0
split_feature=1 72 29 34 44 68 31 3 72 81 3 48 0 17
split_gain=7.0473 13.4421 7.40321 6.6467 13.8517 9.86338 9.46349 8.28474 8.50983 10.9831 9.35391 10.1718 11.6648 9.13109
threshold=666.52870881557476 45.423985242843635 0.9950824029771399 0.23310502283105025 116.39329397678377 0.17640135322929967 11.77277777777778 19.541666666656969 -70.722244024276719 9342.8996037244815 16.041666666656969 -24.175622026125584 11.500000000000002 37.500000000000007
decision_type=2 10 10 8 10 8 10 2 8 8 2 8 2 2
left_child=2 -2 3 4 5 6 -1 8 9 13 11 -10 -13 -5
right_child=1 -3 -4 7 -6 -7 -8 -9 10 -11 -12 12 -14 -15
leaf_value=0.56224435385010907 -0.016326216684839519 0.18098064477971285 0.22644186453240106 0.20621635008152189 -0.021746449906857191 0.37861166701802446 0.020173044933899851 -0.11828335419300316 -0.11974531201944202 0.64082398761654413 0.037127265000676549 0.03716872147817353 -0.059172327616943715 -0.082743025526123684
leaf_weight=69 1310 69 75 42 192 86 584 229 161 44 250 203 466 57
leaf_count=69 1310 69 75 42 192 86 584 229 161 44 250 203 466 57
internal_value=0.000476811 -0.00123913 0.00143961 0.00114513 0.00312232 0.00498649 0.0037156 -0.000123882 0.000857843 0.00770833 -5.55042e-05 -0.00158845 4.47761e-05 0.0021
internal_weight=3837 1379 2458 2383 931 739 653 1452 1223 143 1080 830 669 99
internal_count=3837 1379 2458 2383 931 739 653 1452 1223 143 1080 830 669 99
is_linear=0
shrinkage=0.03


Tree=493
num_leaves=15
num_cat=0
split_feature=42 76 5 3 5 82 41 64 76 49 24 62 79 85
split_gain=7.16794 9.3125 15.3941 12.3151 10.2998 14.7625 11.3155 10.1414 8.46368 7.81525 9.90091 11.2363 7.77841 7.57421
threshold=-33.71646058559417 404.83978223800665 88.628312587738051 5.7916666666569663 18.156389236450199 102.96407943964006 -32.085991859436028 4.3858562359547344 146.78363847732547 10.500000000000002 39.500000000000007 -0.05821777678109321 11.692218224598408 -101.05052995681761
decision_type=8 8 10 2 8 10 8 10 8 10 2 10 10 10
left_child=1 2 -1 -3 7 6 9 -5 12 10 13 -12 -2 -6
right_child=8 3 -4 4 5 -7 -8 -9 -10 -11 11 -13 -14 -15
leaf_value=0.36459464047057349 -0.0018392213595520522 0.22861184647070043 -0.27160030870397589 -0.19519181870335783 -0.17263104417923222 0.03708413645638927 -0.58434820692846567 -0.014301492045370878 0.0058237725691077736 -0.28199541188028326 0.47060518262482953 -0.095044291955535432 -0.45461239117009167 0.058819194717447086
leaf_weight=101 93 48 41 173 180 91 47 92 2590 78 51 55 60 95
leaf_count=101 93 48 41 173 180 91 47 92 2590 78 51 55 60 95
internal_value=-0.000403056 -0.00250712 0.00461538 -0.00362239 -0.00444959 -0.00225753 -0.00426036 -0.0093609 0.000404519 -0.00280435 -0.00102094 0.00672897 -0.00642857 -0.00402174
internal_weight=3795 1052 142 910 862 597 506 265 2743 459 381 106 153 275
internal_count=3795 1052 142 910 862 597 506 265 2743 459 381 106 153 275
is_linear=0
shrinkage=0.03


Tree=494
num_leaves=15
num_cat=0
split_feature=28 81 17 35 7 22 71 64 81 67 73 15 17 31
split_gain=8.68385 5.0645 10.9629 9.36848 8.50651 7.18853 8.27005 12.1377 10.5891 11.5419 10.6056 9.47425 9.12202 8.98038
threshold=485.00000000000006 3259.223057866097 21.500000000000004 6.248682598039216 2621.89257627495 12.075762271881105 13.500000000000002 3.7364123932352693 7275.1010299921045 211.55950678719415 -19.341217637062069 27.500000000000004 39.500000000000007 7.7816666666666672
decision_type=2 8 2 8 10 2 10 8 8 10 8 2 2 8
left_child=1 2 -1 -4 -5 6 8 11 9 -3 -10 -8 -12 -14
right_child=-2 5 3 4 -6 -7 7 -9 10 -11 12 -13 13 -15
leaf_value=0.82936848906943006 -0.41709646908918213 -0.069292272753364872 -0.56681776072061174 0.092139221800005555 -0.1098288675079106 -0.024244759277267106 -0.87219249165021073 0.02321628755249323 0.28257923786370714 0.10691643943318496 0.021362358280740599 0.026155722116197242 0.23587777809293106 -0.032822077070774822
leaf_weight=107 54 689 45 84 55 375 40 996 78 83 716 40 79 346
leaf_count=107 54 689 45 84 55 375 40 996 78 83 716 40 79 346
internal_value=-0.000166315 8.03428e-06 0.00380137 -0.000648649 0.00321429 -0.00031368 0.000166232 0.00228412 -0.000978916 -0.00372574 0.000762295 -0.00888889 2.62697e-05 -0.0034507
internal_weight=3787 3733 291 184 139 3442 3067 1076 1991 772 1219 80 1141 425
internal_count=3787 3733 291 184 139 3442 3067 1076 1991 772 1219 80 1141 425
is_linear=0
shrinkage=0.03


Tree=495
num_leaves=15
num_cat=0
split_feature=1 1 83 8 77 0 77 79 74 60 24 3 83 80
split_gain=7.39699 11.687 8.78457 9.55726 8.79152 12.8955 10.5983 8.73903 8.118 7.76235 7.43718 7.03148 8.63564 6.74745
threshold=679.7200324535371 686.5180026292802 -104.92020332813262 3.5847987196485303 -204.02106446027753 45.500000000000007 -289.75356954336161 4.8055489050512383 28.416394703614372 76.401085972785964 38.500000000000007 16.791666666656969 -149.89635086059567 -16.649368524551388
decision_type=2 2 8 10 10 2 8 10 10 8 2 2 10 10
left_child=-1 9 11 8 6 7 -5 -6 10 -2 -4 12 -3 -10
right_child=1 2 3 4 5 -7 -8 -9 13 -11 -12 -13 -14 -15
leaf_value=0.0038652759948892166 -0.056888288512403858 0.046392715490980549 -0.098800312815499031 -0.11181579302891458 0.13025440220431686 0.0745113800877268 0.10188446532527135 -0.43497323557691014 -0.037651090701189667 -0.64845848117052107 -0.45445003811512202 -0.01046656911366476 0.7379576385668376 0.065702986240923383
leaf_weight=2543 44 82 141 40 44 133 166 120 167 41 58 93 42 93
leaf_count=2543 44 82 141 40 44 133 166 120 167 41 58 93 42 93
internal_value=-0.000354517 -0.00222925 -0.00144915 -0.00267913 0.000178571 -0.00312081 0.00492754 -0.00872727 -0.00580435 -0.012907 -0.01035 0.00399083 0.00864 -0.00229885
internal_weight=3807 1264 1179 962 503 297 206 164 459 85 199 217 124 260
internal_count=3807 1264 1179 962 503 297 206 164 459 85 199 217 124 260
is_linear=0
shrinkage=0.03


Tree=496
num_leaves=15
num_cat=0
split_feature=64 13 64 62 59 80 61 43 14 43 48 67 67 53
split_gain=7.81676 10.7877 14.0942 10.0804 12.4742 13.3517 12.6413 9.64593 8.60632 11.2443 10.1812 10.4038 8.65288 7.65149
threshold=4.4334419921958697 90.000000000000014 4.5415129195689952 0.0063135547722613259 148.91311836242679 -66.827454328536973 1.0000000180025095e-35 261.66019297403756 415.2261600801807 614.27774298932388 -70.005078633626297 1.0000000180025095e-35 76.587013371008723 2.5000000000000004
decision_type=8 8 8 10 10 8 10 10 10 10 10 10 8 8
left_child=3 -2 -3 8 5 7 -7 -5 10 -10 -1 -12 -13 -4
right_child=1 2 13 4 -6 6 -8 -9 9 -11 11 12 -14 -15
leaf_value=0.0010355731883595354 0.023905066660580454 0.52204362881787403 0.11131848534231512 0.0030596324001469022 0.39363606766570836 -0.39433697255044536 0.032965100189370822 -0.55395760732697163 0.023216972196545668 -0.22550046472035604 -0.81405872072685925 0.041156349350596422 -0.35536578254717693 -0.013199941016980077
leaf_weight=74 996 41 112 42 43 57 410 56 153 50 83 51 81 1557
leaf_count=74 996 41 112 42 43 57 410 56 153 50 83 51 81 1557
internal_value=-0.000157604 0.000709272 -0.000736411 -0.00228883 0.000295567 -0.00090106 0.00121795 -0.0109091 -0.00547667 -0.000735294 -0.0087931 -0.0120833 -0.00676692 -0.00116766
internal_weight=3806 2706 1710 1100 608 565 467 98 492 203 289 215 132 1669
internal_count=3806 2706 1710 1100 608 565 467 98 492 203 289 215 132 1669
is_linear=0
shrinkage=0.03


Tree=497
num_leaves=15
num_cat=0
split_feature=24 1 29 35 82 29 28 26 73 51 71 14 73 38
split_gain=7.99136 6.63459 9.89165 8.04532 7.0826 7.259 6.62961 10.2953 5.98179 13.7161 7.77567 7.79774 9.49704 6.60728
threshold=13.500000000000002 794.27329885959637 0.91632632649319057 13.756447368421055 -164.44167923927304 0.88910093299406279 485.00000000000006 228.50000000000003 0.77058696746826183 267.41329634189611 8.5000000000000018 322.96122070216484 -15.044428229331968 167.75414073125583
decision_type=2 2 10 10 8 10 2 2 8 10 8 10 10 8
left_child=-1 4 3 -3 5 -2 7 8 9 10 -6 -12 -13 -10
right_child=1 2 -4 -5 6 -7 -8 -9 13 -11 11 12 -14 -15
leaf_value=-0.048694703799078969 0.0052094991237551722 0.063014744653878269 -0.4214334526176528 -0.055419592010602314 -0.090335508738015588 0.50818646994310168 -0.42481345781933794 0.081830627527588851 0.10015739785948163 -0.30352723256186126 0.42568712762858241 -0.0049207738627966074 0.13149521733097116 -0.0026900021836695487
leaf_weight=55 40 41 77 41 41 41 45 77 89 64 139 100 79 2915
leaf_count=55 40 41 77 41 41 41 45 77 89 64 139 100 79 2915
internal_value=0 0.000166227 -0.0058125 0.00144578 0.000429634 0.00914634 0.000228169 0.000376605 0.000131272 0.00346698 0.00575 0.00733542 0.00316667 -0.000339434
internal_weight=3844 3789 159 82 3630 81 3549 3504 3427 423 359 318 179 3004
internal_count=3844 3789 159 82 3630 81 3549 3504 3427 423 359 318 179 3004
is_linear=0
shrinkage=0.03


Tree=498
num_leaves=15
num_cat=0
split_feature=23 38 64 81 23 78 42 25 79 82 31 57 50 4
split_gain=5.2949 12.3636 8.55733 7.70603 7.51604 6.73278 9.45797 9.62888 6.58131 10.8711 11.4636 8.20974 12.6577 7.84794
threshold=11.130324721336367 3120.4216586427474 4.0637225796594754 7865.4075578451166 14.114214062690737 0.87500000000000011 160.99353528022769 0.89377820760799487 8.4154251434675285 -5.0961254437764483 16.62895833333334 8.5000000000000018 182.47222447395328 6.5000000000000009
decision_type=10 10 10 8 10 10 10 10 8 10 10 10 10 2
left_child=8 2 5 -3 -5 6 7 -2 9 13 11 12 -11 -1
right_child=1 3 -4 4 -6 -7 -8 -9 -10 10 -12 -13 -14 -15
leaf_value=-0.059328351722564156 0.0025242329046841405 -0.31240423721064453 0.47037398727259788 -0.15298784411939279 0.0046683508903132172 0.025819546168973622 -0.98224547153810526 -0.26616193154336854 0.010967356452355409 -0.42555075242747803 -0.36045282767027809 0.10192334845337203 0.17521993945499756 0.055340852725869173
leaf_weight=112 202 40 69 56 74 264 49 59 2082 189 124 146 84 232
leaf_count=112 202 40 69 56 74 264 49 59 2082 189 124 146 84 232
internal_value=0.000190325 -0.00195332 -4.65839e-05 -0.00912281 -0.00549618 -0.00125217 -0.00424437 -0.00194656 0.000777778 -0.00138514 -0.00402574 -0.00164286 -0.00470803 0.00278261
internal_weight=3782 813 643 170 130 574 310 261 2969 887 543 419 273 344
internal_count=3782 813 643 170 130 574 310 261 2969 887 543 419 273 344
is_linear=0
shrinkage=0.03


Tree=499
num_leaves=15
num_cat=0
split_feature=15 80 80 6 64 78 64 3 40 83 59 14 83 62
split_gain=7.31574 12.8793 9.93659 10.8783 8.61377 8.01009 10.4733 7.69253 10.1556 9.76635 7.66536 7.60476 7.51154 13.7731
threshold=27.500000000000004 -167.86078178882596 -66.827454328536973 690.00000000000011 4.2786077335587605 0.70833333333333337 6.1065302508021171 14.208333333343036 458.40702113181447 52.272177577018745 122.44134294986726 595.90852971531433 -87.896295189857469 -0.11737446102444794
decision_type=2 8 10 10 8 10 8 2 10 8 8 10 10 10
left_child=10 -2 3 4 -3 -4 7 -7 9 -9 -1 -5 -12 -14
right_child=1 2 5 11 -6 6 -8 8 -10 -11 12 -13 13 -15
leaf_value=-0.011649937793009144 0.33049946031745819 -0.094872516102864915 -0.028501449373849155 -0.19467497097588363 0.048958784928677015 0.1847873728552123 0.68173945278051284 0.66205227064609751 -0.22217159137774872 -0.052728261787994959 0.074733037925805518 0.044313263470003791 0.053105866556258263 -0.29361951129314368
leaf_weight=2379 40 55 64 127 102 100 45 61 54 58 362 45 183 112
leaf_count=2379 40 55 64 127 102 100 45 61 54 58 362 45 183 112
internal_value=2.37592e-05 0.00267287 0.00172753 -0.00209091 0.00360759 0.00501305 0.00695925 0.00470803 0.000862069 0.00575 -0.000632203 -0.00728324 0.00223404 -0.00131757
internal_weight=3787 751 711 329 157 382 318 273 173 119 3036 172 657 295
internal_count=3787 751 711 329 157 382 318 273 173 119 3036 172 657 295
is_linear=0
shrinkage=0.03


end of trees

feature_importances:
hour=346
hist_tripstart_delay=279
cur_dev_s=270
hist_tgt_age=242
n_pkt_30m=218
hist_tgt_delay=189
hist_tgt_delay_mean3=177
valid_share_30m=168
tgt_to_trip_end=154
hist_gain=148
hist_tgt_dmin=134
det_plus_hist_gain=134
dist_to_tgt=129
valid_share_15m=128
plan_rate_extrap=128
detw_delay=124
det_speed_route=120
plan_path_speed=119
pos_delay=117
plan_path_m=116
det_plan_rate=111
detw_slope=110
trip_len=109
speed_mean_2m=107
n_stops_plan=105
hist_gain_mean=102
detw_delay_mean3=98
n_pkt_15m=96
dist_to_last_plan=94
tgt_dist_prev=93
phys_delay=91
det_delay=90
det_slope=90
speed_mean_10m=86
lead_s=83
stop_share_10m=79
detw_extrap=77
detw_stops_to_tgt=75
det_rate_recent=75
layover_slack_s=75
tgt_pos_in_trip=74
stop_share_5m=73
dist_to_next_plan=73
det_stops_to_tgt=69
pos_u=69
det_delay_mean3=68
moved_10m=66
speed_mean_5m=65
moved_5m=63
valid_share_5m=61
speed_last=56
n_plan_recent=55
cur_minus_det_last=55
dist_to_layover_stop=54
n_pkt_5m=52
age_last_valid=50
stop_share_2m=50
since_last_plan=45
det_extrap=44
det_at_last_plan=43
age_last_pkt=40
det_lb=39
plan_path_s=38
detw_next_plan_minus_T=34
tgt_gap_prev=33
det_age=33
detw_n15m=33
max_gap_path=31
detw_lb=30
at_terminal_s=29
layover_end_minus_T=28
detw_age=26
hist_tgt_det_share=26
det_next_plan_minus_T=25
det_n15m=20
layover_path_s=18
det_plan_to_tgt=14
cur_dev_is0=11
detw_plan_to_tgt=11
tgt_after_layover_s=6
n_trip_starts_path=4

parameters:
[boosting: gbdt]
[objective: regression_l1]
[metric: l1]
[tree_learner: serial]
[device_type: cpu]
[data_sample_strategy: bagging]
[data: ]
[valid: ]
[num_iterations: 500]
[learning_rate: 0.03]
[num_leaves: 15]
[num_threads: 8]
[seed: 4]
[deterministic: 0]
[force_col_wise: 0]
[force_row_wise: 0]
[histogram_pool_size: -1]
[max_depth: -1]
[min_data_in_leaf: 40]
[min_sum_hessian_in_leaf: 0.001]
[bagging_fraction: 0.8]
[pos_bagging_fraction: 1]
[neg_bagging_fraction: 1]
[bagging_freq: 1]
[bagging_seed: 17945]
[bagging_by_query: 0]
[feature_fraction: 0.7]
[feature_fraction_bynode: 1]
[feature_fraction_seed: 386]
[extra_trees: 0]
[extra_seed: 27504]
[early_stopping_round: 0]
[early_stopping_min_delta: 0]
[first_metric_only: 0]
[max_delta_step: 0]
[lambda_l1: 0]
[lambda_l2: 1]
[linear_lambda: 0]
[min_gain_to_split: 0]
[drop_rate: 0.1]
[max_drop: 50]
[skip_drop: 0.5]
[xgboost_dart_mode: 0]
[uniform_drop: 0]
[drop_seed: 27159]
[top_rate: 0.2]
[other_rate: 0.1]
[min_data_per_group: 100]
[max_cat_threshold: 32]
[cat_l2: 10]
[cat_smooth: 10]
[max_cat_to_onehot: 4]
[top_k: 20]
[monotone_constraints: ]
[monotone_constraints_method: basic]
[monotone_penalty: 0]
[feature_contri: ]
[forcedsplits_filename: ]
[refit_decay_rate: 0.9]
[cegb_tradeoff: 1]
[cegb_penalty_split: 0]
[cegb_penalty_feature_lazy: ]
[cegb_penalty_feature_coupled: ]
[path_smooth: 0]
[interaction_constraints: ]
[verbosity: -1]
[saved_feature_importance_type: 0]
[use_quantized_grad: 0]
[num_grad_quant_bins: 4]
[quant_train_renew_leaf: 0]
[stochastic_rounding: 1]
[linear_tree: 0]
[max_bin: 255]
[max_bin_by_feature: ]
[min_data_in_bin: 3]
[bin_construct_sample_cnt: 200000]
[data_random_seed: 51]
[is_enable_sparse: 1]
[enable_bundle: 1]
[use_missing: 1]
[zero_as_missing: 0]
[feature_pre_filter: 1]
[pre_partition: 0]
[two_round: 0]
[header: 0]
[label_column: ]
[weight_column: ]
[group_column: ]
[ignore_column: ]
[categorical_feature: ]
[forcedbins_filename: ]
[precise_float_parser: 0]
[parser_config_file: ]
[objective_seed: 17345]
[num_class: 1]
[is_unbalance: 0]
[scale_pos_weight: 1]
[sigmoid: 1]
[boost_from_average: 1]
[reg_sqrt: 0]
[alpha: 0.9]
[fair_c: 1]
[poisson_max_delta_step: 0.7]
[tweedie_variance_power: 1.5]
[lambdarank_truncation_level: 30]
[lambdarank_norm: 1]
[label_gain: ]
[lambdarank_position_bias_regularization: 0]
[eval_at: ]
[multi_error_top_k: 1]
[auc_mu_weights: ]
[num_machines: 1]
[local_listen_port: 12400]
[time_out: 120]
[machine_list_filename: ]
[machines: ]
[gpu_platform_id: -1]
[gpu_device_id: -1]
[gpu_device_id_list: ]
[gpu_use_dp: 0]
[num_gpu: 1]

end of parameters

pandas_categorical:[]
