tree
version=v4
num_class=1
num_tree_per_iteration=1
label_index=0
max_feature_idx=8
objective=huber
feature_names=cur_dev_s det_plus_hist_gain hist_tgt_delay det_stops_to_tgt plan_path_speed layover_slack_s speed_mean_5m valid_share_30m hour
monotone_constraints=1 1 1 0 0 -1 0 0 0
feature_infos=[-404:661] [-620.86606168746948:1195.8801209926605] [-300:799.38736510276794] [1:49] [0:10.803044886087546] [-297.29506731033325:14913.388998508453] [0:110.14999999999999] [0:1] [0:23.916666666686069]
tree_sizes=726 743 749 744 740 741 742 744 753 747 743 742 744 746 749 746 737 747 747 741 748 747 748 744 736 744 740 742 737 742 734 738 736 744 744 742 739 744 745 744 742 746 749 741 744 742 744 739 749 749 737 747 739 744 742 743 743 752 746 747 742 745 741 747 740 749 743 741 745 745 748 745 737 742 748 754 742 744 740 742 743 745 744 741 747 745 744 740 741 744 745 736 744 743 740 744 741 743 748 742 749 746 749 739 738 749 744 750 747 741 747 743 747 740 752 745 742 743 745 742 755 734 749 743 751 747 746 755 747 749 741 745 739 740 746 746 743 745 739 746 736 745 747 745 747 744 743 735 745 745 750 743 740 755 742 751 748 748 750 746 747 754 749 747 747 746 742 744 749 736 742 745 747 743 735 740 746 751 747 747 743 742 746 751 738 754 746 744 741 745 744 740 742 731 735 743 742 738 738 748 748 749 734 739 738 746 744 738 744 742 744 736 747 740 735 734 744 745 734 747 745 746 737 745 749 744 750 741 744 742 750 745 746 745 742 739 732 741 736 742 745 751 750 754 741 747 747 739 746 740 728 736 744 744 742 741 747 741 747 749 747 737 748 740 740 745 745 751 746 746 737 750 751 742 733 742 750 740 744 739 740 733 738 751 738 752 751 738 741 738 740 746 745 741 736 748 745 746 737 737

Tree=0
num_leaves=7
num_cat=0
split_feature=1 1 8 3 5 2
split_gain=1.19294e+06 489434 237927 120134 89895.6 86659.2
threshold=68.954903562863691 -2.4213190674781795 20.708333333343038 8.5000000000000018 6435.0517374277124 18.117109894752506
decision_type=10 8 2 10 8 10
left_child=1 3 5 4 -1 -3
right_child=-2 2 -4 -5 -6 -7
leaf_value=48.601146468247883 50.024914643949515 48.924504863683204 50.024914643949515 48.924504863683204 47.966815526312928 49.445551939916648
leaf_weight=311 998 1206 165 254 594 346
leaf_count=311 998 1206 165 254 594 346
internal_value=49.1317 48.8216 49.1434 48.3455 48.1837 49.026
internal_weight=3874 2876 1717 1159 905 1552
internal_count=3874 2876 1717 1159 905 1552
is_linear=0
shrinkage=1


Tree=1
num_leaves=7
num_cat=0
split_feature=0 1 7 5 0 7
split_gain=1.70877e+06 414673 320176 220533 264442 126544
threshold=26.500000000000004 13.517310698827108 0.90591147350029133 -42.405506014823906 148.50000000000003 0.91056453326334486
decision_type=2 8 10 10 2 10
left_child=2 -2 -1 4 -3 -5
right_child=1 3 -4 5 -6 -7
leaf_value=-1.232018058972391 -0.4951674437505193 0.41368096362880391 -0.4951674437505193 -0.4951674437505193 1.348598993337607 0.41368096362880391
leaf_weight=1104 399 643 775 167 473 262
leaf_count=1104 399 643 775 167 473 262
internal_value=-0.257356 0.366125 -0.902256 0.588732 0.810785 0.0105425
internal_weight=3823 1944 1879 1545 1116 429
internal_count=3823 1944 1879 1545 1116 429
is_linear=0
shrinkage=0.03


Tree=2
num_leaves=7
num_cat=0
split_feature=0 1 5 0 1 2
split_gain=1.69322e+06 438122 242100 222813 196611 178599
threshold=26.500000000000004 13.517310698827108 -42.405506014823906 155.50000000000003 1.0000000180025095e-35 43.877347111701972
decision_type=2 8 10 2 10 10
left_child=4 -2 3 -3 -1 -4
right_child=1 2 5 -5 -6 -7
leaf_value=-1.042308657795568 -0.52040836054225292 0.49503120617738977 -0.45369290825653402 1.3588708661278088 -0.52040836054225292 0.49503120617738977
leaf_weight=1500 386 672 292 449 457 154
leaf_count=1500 386 672 292 449 457 154
internal_value=-0.240901 0.383946 0.606906 0.841932 -0.864349 0.0156155
internal_weight=3910 1953 1567 1121 1957 446
internal_count=3910 1953 1567 1121 1957 446
is_linear=0
shrinkage=0.03


Tree=3
num_leaves=7
num_cat=0
split_feature=0 3 7 0 4 7
split_gain=1.73237e+06 361825 308700 219489 178502 106760
threshold=26.500000000000004 9.5000000000000018 0.91191304565478581 151.50000000000003 4.3339587165264906 0.86599660814046298
decision_type=2 10 10 2 10 10
left_child=2 4 -1 5 -2 -3
right_child=1 3 -4 -5 -6 -7
leaf_value=-1.1689848560886342 -0.14138381920226378 -0.37407791594492978 -0.37407791594492978 1.4471836729709069 0.68027967264482725 0.66098767439735695
leaf_weight=1202 873 67 695 366 326 281
leaf_count=1202 873 67 695 366 326 281
internal_value=-0.235932 0.400998 -0.878107 0.935145 0.0824017 0.394018
internal_weight=3810 1913 1897 714 1199 348
internal_count=3810 1913 1897 714 1199 348
is_linear=0
shrinkage=0.03


Tree=4
num_leaves=7
num_cat=0
split_feature=0 1 7 4 7 0
split_gain=1.63141e+06 420459 309265 214138 209065 139890
threshold=26.500000000000004 13.517310698827108 0.90423493926795484 4.3339587165264906 0.90536031911422665 169.50000000000003
decision_type=2 8 10 10 10 2
left_child=2 -2 -1 4 -3 -5
right_child=1 3 -4 5 -6 -7
leaf_value=-1.1812120187823121 -0.5011301618094568 -0.34508312459959056 -0.5011301618094568 0.66507842058897015 0.6201964480146166 1.5829280441786562
leaf_weight=1092 384 293 827 374 645 251
leaf_count=1092 384 293 827 374 645 251
internal_value=-0.224385 0.387351 -0.844926 0.605815 0.318629 1.03563
internal_weight=3866 1947 1919 1563 938 625
internal_count=3866 1947 1919 1563 938 625
is_linear=0
shrinkage=0.03


Tree=5
num_leaves=7
num_cat=0
split_feature=0 3 2 2 0 4
split_gain=1.51761e+06 414002 242801 194871 194658 126844
threshold=26.500000000000004 8.5000000000000018 67.693006038665786 -15.897557258605955 169.50000000000003 3.6919725040660381
decision_type=2 10 10 8 2 10
left_child=3 2 -2 -1 -3 -6
right_child=1 4 -4 -5 5 -7
leaf_value=-1.2858265180845807 -0.45577280900932687 0.42621336242002911 0.73766595952752712 -0.61956782445851921 0.44060292747887697 1.5541699653301599
leaf_weight=558 592 688 206 1364 131 317
leaf_count=558 592 688 206 1364 131 317
internal_value=-0.216753 0.37647 -0.147154 -0.813566 0.744104 1.23026
internal_weight=3856 1934 798 1922 1136 448
internal_count=3856 1934 798 1922 1136 448
is_linear=0
shrinkage=0.03


Tree=6
num_leaves=7
num_cat=0
split_feature=0 3 2 7 0 7
split_gain=1.46732e+06 428125 328848 283477 186767 132925
threshold=26.500000000000004 9.5000000000000018 74.198228836059585 0.90630852059925104 155.50000000000003 0.94518338488731779
decision_type=2 10 10 10 2 8
left_child=3 2 5 -1 -3 -2
right_child=1 4 -4 -5 -6 -7
leaf_value=-1.1114306284265314 -0.36609584336875339 0.44519148334774167 0.82273188176195644 -0.36609584336875339 1.4201148235571124 0.49844016403661057
leaf_weight=1127 724 343 337 777 367 169
leaf_count=1127 724 343 337 777 367 169
internal_value=-0.216181 0.3644 0.0256312 -0.80762 0.950419 -0.275762
internal_weight=3844 1940 1230 1904 710 893
internal_count=3844 1940 1230 1904 710 893
is_linear=0
shrinkage=0.03


Tree=7
num_leaves=7
num_cat=0
split_feature=0 3 7 0 7 2
split_gain=1.4473e+06 383237 282467 216769 194412 133771
threshold=26.500000000000004 8.5000000000000018 0.91163137398077165 155.50000000000003 0.94518338488731779 97.505323648452773
decision_type=2 10 10 2 10 10
left_child=2 4 -1 -3 5 -2
right_child=1 3 -4 -5 -6 -7
leaf_value=-1.0770989873801329 -0.31484789854959944 0.36547526846185163 -0.31484789854959944 1.2112083554094397 0.7536852907004592 0.74181390874976405
leaf_weight=1197 551 633 691 480 181 108
leaf_count=1197 551 633 691 480 181 108
internal_value=-0.206354 0.366135 -0.798433 0.730972 -0.117568 -0.314848
internal_weight=3841 1953 1888 1113 840 659
internal_count=3841 1953 1888 1113 840 659
is_linear=0
shrinkage=0.03


Tree=8
num_leaves=7
num_cat=0
split_feature=0 1 4 7 0 1
split_gain=1.36773e+06 397686 343852 241905 137132 81385.2
threshold=26.500000000000004 70.983317057291671 4.012505536383606 0.91163137398077165 106.50000000000001 1.0000000180025095e-35
decision_type=2 10 10 10 2 10
left_child=3 2 -2 5 -4 -1
right_child=1 -3 4 -5 -6 -7
leaf_value=-1.1776277571921188 -0.45767394865355421 0.88238063284220725 0.072683752796970869 -0.45767394865355421 0.88238063284220725 -0.51602470568661551
leaf_weight=969 654 751 259 718 250 205
leaf_count=969 654 751 259 718 250 205
internal_value=-0.220604 0.344745 -0.00288915 -0.792408 0.581203 -1.06264
internal_weight=3806 1914 1163 1892 509 1174
internal_count=3806 1914 1163 1892 509 1174
is_linear=0
shrinkage=0.03


Tree=9
num_leaves=7
num_cat=0
split_feature=1 6 1 3 2 8
split_gain=1.03845e+06 541084 343249 199980 102825 73735.5
threshold=-2.4213190674781795 36.767633928571435 109.43419903516771 9.5000000000000018 -15.897557258605955 20.375000000000004
decision_type=8 8 10 10 10 2
left_child=-1 2 3 4 5 -2
right_child=1 -3 -4 -5 -6 -7
leaf_value=-0.96220546165663956 -0.47407351549518739 -0.96220546165663956 0.83158248300890103 0.58709482264151125 0.19557094158593169 0.19557094158593169
leaf_weight=1110 683 318 712 453 482 87
leaf_count=1110 683 318 712 453 482 87
internal_value=-0.18875 0.125393 0.278848 0.0476765 -0.147809 -0.362731
internal_weight=3845 2735 2417 1705 1252 770
internal_count=3845 2735 2417 1705 1252 770
is_linear=0
shrinkage=0.03


Tree=10
num_leaves=7
num_cat=0
split_feature=0 4 7 2 0 2
split_gain=1.34846e+06 389713 302293 256573 229061 115239
threshold=36.500000000000007 4.012505536383606 0.90345893141945788 97.505323648452773 169.50000000000003 -34.518487572669976
decision_type=2 10 10 10 2 8
left_child=2 3 -1 -2 -3 -4
right_child=1 4 5 -5 -6 -7
leaf_value=-1.0494522546976321 -0.27301111160612246 0.48341601133599121 -1.0667263180552842 0.89364951797991721 1.5074142217213751 -0.27301111160612246
leaf_weight=1155 764 530 166 217 313 722
leaf_count=1155 764 530 166 217 313 722
internal_value=-0.200463 0.39232 -0.729636 -0.0142952 0.864955 -0.312946
internal_weight=3867 1824 2043 981 843 888
internal_count=3867 1824 2043 981 843 888
is_linear=0
shrinkage=0.03


Tree=11
num_leaves=7
num_cat=0
split_feature=0 3 2 2 0 6
split_gain=1.33409e+06 388829 304211 211143 202005 150248
threshold=26.500000000000004 9.5000000000000018 74.198228836059585 -15.897557258605955 151.50000000000003 13.755136268343817
decision_type=2 10 10 8 2 8
left_child=3 2 -2 -1 -3 -5
right_child=1 4 -4 5 -6 -7
leaf_value=-1.2506395325568214 -0.26756948211706949 0.37988868559418287 0.7925634777625995 -0.26756948211706949 1.3947000192374479 -0.83453479361897376
leaf_weight=579 892 343 334 547 365 783
leaf_count=579 892 343 334 547 365 783
internal_value=-0.210184 0.34507 0.0216538 -0.772596 0.90429 -0.563702
internal_weight=3843 1934 1226 1909 708 1330
internal_count=3843 1934 1226 1909 708 1330
is_linear=0
shrinkage=0.03


Tree=12
num_leaves=7
num_cat=0
split_feature=0 3 7 0 2 7
split_gain=1.32451e+06 390707 241579 233775 175598 112391
threshold=26.500000000000004 8.5000000000000018 0.91191304565478581 155.50000000000003 95.561455726623549 0.9445213911972915
decision_type=2 8 10 2 10 10
left_child=2 4 -1 -3 5 -2
right_child=1 3 -4 -5 -6 -7
leaf_value=-1.0268470713815161 -0.32732144289610671 0.32914475889410821 -0.32732144289610671 1.2008861768847827 0.76926592123939797 0.56258342160041941
leaf_weight=1195 537 639 709 489 151 128
leaf_count=1195 537 639 709 489 151 128
internal_value=-0.204462 0.34629 -0.766671 0.707783 -0.153676 -0.327321
internal_weight=3848 1944 1904 1128 816 665
internal_count=3848 1944 1904 1128 816 665
is_linear=0
shrinkage=0.03


Tree=13
num_leaves=7
num_cat=0
split_feature=0 4 1 0 1 6
split_gain=1.21287e+06 439874 261645 246955 141607 134443
threshold=36.500000000000007 3.6695120983618983 17.156591018040981 132.50000000000003 68.954903562863691 3.7884242424242429
decision_type=2 10 10 2 10 8
left_child=2 4 5 -3 -2 -1
right_child=1 3 -4 -5 -6 -7
leaf_value=-0.22829308906399395 -0.14264213608412801 0.36760779467977095 -0.14264213608412801 1.3186184316990932 0.52848437578012586 -0.98714517014528269
leaf_weight=250 507 534 434 456 282 1340
leaf_count=250 507 534 434 456 282 1340
internal_value=-0.185619 0.385726 -0.687745 0.806538 -0.142642 -0.868047
internal_weight=3803 1779 2024 990 789 1590
internal_count=3803 1779 2024 990 789 1590
is_linear=0
shrinkage=0.03


Tree=14
num_leaves=7
num_cat=0
split_feature=0 7 1 7 0 1
split_gain=1.2268e+06 348264 257232 150166 124403 111390
threshold=56.500000000000007 0.90591147350029133 12.213870803515116 0.86599660814046298 243.50000000000003 10.45848514636358
decision_type=2 10 8 10 2 10
left_child=1 5 -2 -4 -5 -1
right_child=2 -3 3 4 -6 -7
leaf_value=-1.0963872532017307 -0.20928239775758523 -0.20928239775758523 -0.20928239775758523 0.56682153246520706 1.2830406892542936 -0.36853569503204942
leaf_weight=1038 290 974 131 863 293 233
leaf_count=1038 290 974 131 863 293 233
internal_value=-0.186079 -0.636435 0.455042 0.639523 0.749307 -0.963352
internal_weight=3822 2245 1577 1287 1156 1271
internal_count=3822 2245 1577 1287 1156 1271
is_linear=0
shrinkage=0.03


Tree=15
num_leaves=7
num_cat=0
split_feature=0 1 7 5 0 7
split_gain=1.25123e+06 363663 250319 249665 223535 105195
threshold=26.500000000000004 21.114725351333622 0.90842932168233381 -42.405506014823906 164.50000000000003 0.90536031911422665
decision_type=2 8 10 10 2 10
left_child=2 -2 -1 4 -3 -5
right_child=1 3 -4 5 -6 -7
leaf_value=-1.0096132005915974 -0.42668162744176585 0.474295142097858 -0.42668162744176585 -0.42668162744176585 1.353064616839369 0.33058223091686761
leaf_weight=1138 412 668 755 153 428 287
leaf_count=1138 412 668 755 153 428 287
internal_value=-0.16967 0.364008 -0.718757 0.576234 0.818385 -0.0274308
internal_weight=3841 1948 1893 1536 1096 440
internal_count=3841 1948 1893 1536 1096 440
is_linear=0
shrinkage=0.03


Tree=16
num_leaves=7
num_cat=0
split_feature=0 3 0 6 4 4
split_gain=1.18798e+06 404883 229542 161320 110480 104512
threshold=26.500000000000004 8.5000000000000018 192.50000000000003 4.9875000000000007 3.6919725040660381 5.8923942482609677
decision_type=2 8 2 8 10 10
left_child=3 5 -3 -1 -4 -2
right_child=1 2 4 -5 -6 -7
leaf_value=-0.17704772206905642 -0.17704772206905642 0.40237139246809867 0.5466309952808589 -0.8390192691461873 1.6443929138508708 1.1309161373051728
leaf_weight=352 743 774 122 1561 263 54
leaf_count=352 743 774 122 1561 263 54
internal_value=-0.176461 0.343336 0.701029 -0.707844 1.29885 -0.177048
internal_weight=3869 1956 1159 1913 385 797
internal_count=3869 1956 1159 1913 385 797
is_linear=0
shrinkage=0.03


Tree=17
num_leaves=7
num_cat=0
split_feature=0 4 2 7 0 2
split_gain=1.10278e+06 344648 260550 224274 198248 93810.1
threshold=26.500000000000004 4.3339587165264906 67.693006038665786 0.90591147350029133 167.50000000000003 -34.518487572669976
decision_type=2 10 10 10 2 8
left_child=3 2 -2 -1 -3 -5
right_child=1 4 -4 5 -6 -7
leaf_value=-0.95385760096251648 -0.27191793495335737 0.46472971649359396 0.68035365085152377 -1.0422122593954779 1.4937901788022783 -0.27191793495335737
leaf_weight=1133 837 452 373 142 269 640
leaf_count=1133 837 452 373 142 269 640
internal_value=-0.174325 0.331486 0.021953 -0.684268 0.850202 -0.292955
internal_weight=3846 1931 1210 1915 721 782
internal_count=3846 1931 1210 1915 721 782
is_linear=0
shrinkage=0.03


Tree=18
num_leaves=7
num_cat=0
split_feature=7 3 2 3 6 2
split_gain=762302 392381 280512 254624 137448 110152
threshold=0.90591147350029133 9.5000000000000018 -3.9866006374359126 8.5000000000000018 30.002806122448984 95.561455726623549
decision_type=10 10 8 10 8 10
left_child=3 2 -2 -1 -5 -4
right_child=1 -3 5 4 -6 -7
leaf_value=-0.95719331655950113 -0.72477171146624497 0.92422357658249621 0.014868604032051461 0.075237836127611382 -0.74865306282557298 0.65171518019200392
leaf_weight=984 388 520 816 490 289 348
leaf_count=984 388 520 816 490 289 348
internal_value=-0.178264 0.211857 -0.0272633 -0.636623 -0.230984 0.205662
internal_weight=3835 2072 1552 1763 779 1164
internal_count=3835 2072 1552 1763 779 1164
is_linear=0
shrinkage=0.03


Tree=19
num_leaves=7
num_cat=0
split_feature=0 3 2 0 5 6
split_gain=1.09366e+06 350342 218800 181820 154180 137777
threshold=36.500000000000007 8.5000000000000018 -15.897557258605955 155.50000000000003 -100.69896233081816 13.393583495776481
decision_type=2 8 8 2 10 8
left_child=2 -2 -1 -3 -5 -4
right_child=1 3 5 4 -6 -7
leaf_value=-1.1400076525624672 -0.15799174840495428 0.34374640198915946 -0.15799174840495428 1.3722485136612352 0.34374640198915946 -0.70062095281367798
leaf_weight=596 712 594 578 414 78 849
leaf_count=596 712 594 578 414 78 849
internal_value=-0.179175 0.359088 -0.657512 0.697927 1.12397 -0.455337
internal_weight=3821 1798 2023 1086 492 1427
internal_count=3821 1798 2023 1086 492 1427
is_linear=0
shrinkage=0.03


Tree=20
num_leaves=7
num_cat=0
split_feature=0 1 1 2 7 7
split_gain=1.12775e+06 325667 212046 181314 119583 105180
threshold=26.500000000000004 111.17522950967155 -10.688115278879801 72.573922872543349 0.87679442269386643 0.90630852059925104
decision_type=2 10 8 8 10 10
left_child=2 3 -1 -2 -5 -4
right_child=1 -3 5 4 -6 -7
leaf_value=-1.0501680400574536 -0.27317106640314265 0.96207246085375586 -0.70075993849750895 -0.27317106640314265 0.61624773327608473 -0.27317106640314265
leaf_weight=761 604 580 622 136 589 516
leaf_count=761 604 580 622 136 589 516
internal_value=-0.145237 0.36959 -0.662698 0.110491 0.430058 -0.402896
internal_weight=3808 1909 1899 1329 725 1138
internal_count=3808 1909 1899 1329 725 1138
is_linear=0
shrinkage=0.03


Tree=21
num_leaves=7
num_cat=0
split_feature=0 1 1 5 0 5
split_gain=958233 308796 217933 214418 205112 90751.3
threshold=32.500000000000007 12.213870803515116 -1.0000000180025095e-35 -42.405506014823906 155.50000000000003 5064.9385610818872
decision_type=2 8 8 10 2 8
left_child=2 -2 5 4 -3 -1
right_child=1 3 -4 -5 -6 -7
leaf_value=-0.46280422902769508 -0.44930030524730685 0.4022574148827085 -0.44930030524730685 -0.060799124968176389 1.2531000526052796 -1.1797129200022844
leaf_weight=215 365 626 1158 406 431 629
leaf_count=215 365 626 1158 406 431 629
internal_value=-0.166069 0.330435 -0.619359 0.525143 0.750052 -0.997852
internal_weight=3830 1828 2002 1463 1057 844
internal_count=3830 1828 2002 1463 1057 844
is_linear=0
shrinkage=0.03


Tree=22
num_leaves=7
num_cat=0
split_feature=0 1 7 1 3 5
split_gain=1.01978e+06 371549 188511 176370 146850 101959
threshold=26.500000000000004 5.0967040061950692 0.89675666199158488 -10.688115278879801 9.5000000000000018 133.59285902976993
decision_type=2 8 10 8 8 10
left_child=3 -2 5 -1 -4 -3
right_child=1 2 4 -5 -6 -7
leaf_value=-1.0276036862836349 -0.53651526797408888 0.26741668197015916 0.44223172837762997 -0.53651526797408888 1.1200212224228308 -0.53651526797408888
leaf_weight=757 362 287 724 1117 479 103
leaf_count=757 362 287 724 1117 479 103
internal_value=-0.149255 0.330008 0.527133 -0.649143 0.712814 -0.0459785
internal_weight=3829 1955 1593 1874 1203 390
internal_count=3829 1955 1593 1874 1203 390
is_linear=0
shrinkage=0.03


Tree=23
num_leaves=7
num_cat=0
split_feature=1 7 3 2 3 1
split_gain=893402 551364 237764 142912 137295 78973.5
threshold=-2.4213190674781795 0.89866353137278254 9.5000000000000018 95.561455726623549 7.5000000000000009 92.729625066121443
decision_type=8 10 10 10 10 10
left_child=4 5 3 -3 -1 -2
right_child=1 2 -4 -5 -6 -7
leaf_value=-1.1592599078970895 -0.4893408541079679 0.031583246831272255 0.99423778562199316 0.77679478612675024 -0.4893408541079679 0.094196365699509149
leaf_weight=638 775 883 522 313 488 220
leaf_count=638 775 883 522 313 488 220
internal_value=-0.159632 0.135249 0.460628 0.227095 -0.869614 -0.426458
internal_weight=3839 2713 1718 1196 1126 995
internal_count=3839 2713 1718 1196 1126 995
is_linear=0
shrinkage=0.03


Tree=24
num_leaves=7
num_cat=0
split_feature=1 7 8 6 4 2
split_gain=885894 560007 181903 122001 121333 83415.8
threshold=-2.4213190674781795 0.89537316337452577 13.375000000000002 7.885504201680674 4.3339587165264906 85.216893911361709
decision_type=8 10 2 10 10 10
left_child=3 -2 -3 -1 5 -4
right_child=1 2 4 -5 -6 -7
leaf_value=-0.43521857258251734 -0.43521857258251734 0.17569645972922443 0.25774536106341739 -1.0214032046192187 1.278199241760434 1.0275434290010903
leaf_weight=253 944 919 368 872 293 193
leaf_count=253 944 919 368 872 293 193
internal_value=-0.138426 0.154747 0.468931 -0.845979 0.783909 0.523935
internal_weight=3842 2717 1773 1125 854 561
internal_count=3842 2717 1773 1125 854 561
is_linear=0
shrinkage=0.03


Tree=25
num_leaves=7
num_cat=0
split_feature=0 5 7 0 2 7
split_gain=943390 379707 303071 197875 89214.2 83566.2
threshold=77.500000000000014 -42.405506014823906 0.90591147350029133 169.50000000000003 -11.492262601852415 0.96171709987499476
decision_type=2 10 10 2 8 10
left_child=2 3 4 -2 -1 -3
right_child=1 5 -4 -5 -6 -7
leaf_value=-1.1519143579630244 0.43233716168312897 -0.24662503085966878 -0.24662503085966878 1.3266508693487016 -0.62896211208144126 0.43233716168312897
leaf_weight=446 472 338 1206 423 875 71
leaf_count=446 472 338 1206 423 875 71
internal_value=-0.144853 0.510252 -0.482973 0.856022 -0.806261 -0.246625
internal_weight=3831 1304 2527 895 1321 409
internal_count=3831 1304 2527 895 1321 409
is_linear=0
shrinkage=0.03


Tree=26
num_leaves=7
num_cat=0
split_feature=0 4 2 7 0 2
split_gain=892361 334595 238248 200740 182824 77079.4
threshold=26.500000000000004 4.3339587165264906 74.198228836059585 0.91191304565478581 169.50000000000003 74.198228836059585
decision_type=2 10 10 10 2 10
left_child=3 2 -2 -1 5 -3
right_child=1 4 -4 -5 -6 -7
leaf_value=-0.84114432727001531 -0.24529239484173862 0.16096882299638129 0.67115449000337268 -0.24529239484173862 1.4461476352767031 1.0162407933081781
leaf_weight=1192 889 283 357 689 271 142
leaf_count=1192 889 283 357 689 271 142
internal_value=-0.138943 0.31207 0.0176127 -0.604501 0.838436 0.448445
internal_weight=3823 1942 1246 1881 696 425
internal_count=3823 1942 1246 1881 696 425
is_linear=0
shrinkage=0.03


Tree=27
num_leaves=7
num_cat=0
split_feature=1 6 3 1 3 8
split_gain=786670 344595 319511 170784 90030.8 83756.2
threshold=5.0967040061950692 36.767633928571435 9.5000000000000018 115.31298512220384 7.5000000000000009 5.9583333333430355
decision_type=8 8 10 10 10 2
left_child=4 2 3 -2 -1 -4
right_child=1 -3 5 -5 -6 -7
leaf_value=-1.101594903191391 -0.14422388404533451 -0.74474732103992414 -0.057541264257123394 0.58172918743727264 -0.74474732103992414 0.90962891937743706
leaf_weight=661 1202 344 92 384 509 642
leaf_count=661 1202 344 92 384 509 642
internal_value=-0.144834 0.139987 0.271437 0.0317986 -0.792915 0.78849
internal_weight=3834 2664 2320 1586 1170 734
internal_count=3834 2664 2320 1586 1170 734
is_linear=0
shrinkage=0.03


Tree=28
num_leaves=7
num_cat=0
split_feature=0 1 7 1 0 5
split_gain=890231 315869 194252 189033 136820 107684
threshold=26.500000000000004 70.050521771113097 0.87631637290766007 -10.688115278879801 243.50000000000003 6435.0517374277124
decision_type=2 8 10 8 2 8
left_child=3 -2 -3 5 -4 -1
right_child=1 2 4 -5 -6 -7
leaf_value=-0.35542128157259811 -0.248227779777522 -0.248227779777522 0.54383694474473376 -0.3452558701949614 1.3105415818459696 -1.1690632861287844
leaf_weight=200 590 179 864 1161 277 557
leaf_count=200 590 179 864 1161 277 557
internal_value=-0.129832 0.328539 0.586329 -0.586224 0.730954 -0.954851
internal_weight=3828 1910 1320 1918 1141 757
internal_count=3828 1910 1320 1918 1141 757
is_linear=0
shrinkage=0.03


Tree=29
num_leaves=7
num_cat=0
split_feature=0 4 1 0 7 2
split_gain=885948 320274 290067 217889 163291 114787
threshold=56.500000000000007 3.646927792402987 -3.8093678951263423 192.50000000000003 0.90250156347717336 105.73080992698671
decision_type=2 10 8 2 10 10
left_child=2 5 -1 -3 -4 -2
right_child=1 3 4 -5 -6 -7
leaf_value=-0.95013501282123958 -0.073820589105772078 0.45483748061989898 -0.61397901645470099 1.4718103251721657 -0.073820589105772078 0.80754022493846433
leaf_weight=883 565 575 658 283 729 132
leaf_count=883 565 575 658 283 729 132
internal_value=-0.147598 0.403891 -0.52539 0.791595 -0.254497 -0.0738206
internal_weight=3825 1555 2270 858 1387 697
internal_count=3825 1555 2270 858 1387 697
is_linear=0
shrinkage=0.03


Tree=30
num_leaves=7
num_cat=0
split_feature=0 3 0 1 1 5
split_gain=865671 321810 236420 198446 175934 137048
threshold=26.500000000000004 8.5000000000000018 155.50000000000003 -10.688115278879801 70.983317057291671 -100.69896233081816
decision_type=2 10 2 8 10 10
left_child=3 4 -3 -1 -2 -4
right_child=1 2 5 -5 -6 -7
leaf_value=-0.98254614993004685 -0.357700864390539 0.24078234269709503 1.3494490777312254 -0.357700864390539 0.55111248351217856 0.24078234269709503
leaf_weight=756 587 618 409 1161 232 76
leaf_count=756 587 618 409 1161 232 76
internal_value=-0.153573 0.296265 0.630542 -0.604503 -0.154147 1.12567
internal_weight=3839 1922 1103 1917 819 485
internal_count=3839 1922 1103 1917 819 485
is_linear=0
shrinkage=0.03


Tree=31
num_leaves=7
num_cat=0
split_feature=0 4 0 1 1 5
split_gain=789506 307880 288346 202830 157651 105657
threshold=26.500000000000004 3.6695120983618983 192.50000000000003 65.85157845417659 -10.688115278879801 6435.0517374277124
decision_type=2 10 2 10 8 8
left_child=4 3 -3 -2 5 -1
right_child=1 2 -4 -5 -6 -7
leaf_value=-0.49372858610613779 -0.49372858610613779 0.3285791786361969 1.4721253100373692 0.46100865765448129 -0.49372858610613779 -1.1613152280245955
leaf_weight=212 549 785 265 314 1148 569
leaf_count=212 549 785 265 314 1148 569
internal_value=-0.158263 0.273519 0.618315 -0.146219 -0.586383 -0.944216
internal_weight=3842 1913 1050 863 1929 781
internal_count=3842 1913 1050 863 1929 781
is_linear=0
shrinkage=0.03


Tree=32
num_leaves=7
num_cat=0
split_feature=0 3 2 2 0 5
split_gain=788411 344550 220511 202126 200820 115837
threshold=26.500000000000004 9.5000000000000018 -15.897557258605955 97.505323648452773 155.50000000000003 -100.69896233081816
decision_type=2 10 8 10 2 10
left_child=2 3 -1 -2 -3 -6
right_child=1 4 -4 -5 5 -7
leaf_value=-1.0528045337984437 -0.2260938902190624 0.30612466868609184 -0.3468284286358162 0.70522837045756015 1.5145860130633784 0.30612466868609184
leaf_weight=569 904 349 1327 272 326 43
leaf_count=569 904 349 1327 272 326 43
internal_value=-0.126819 0.306025 -0.559139 -0.0102699 0.823372 1.31044
internal_weight=3790 1894 1896 1176 718 369
internal_count=3790 1894 1896 1176 718 369
is_linear=0
shrinkage=0.03


Tree=33
num_leaves=7
num_cat=0
split_feature=0 5 0 2 7 2
split_gain=860332 270393 278534 258014 144498 87709.9
threshold=56.500000000000007 -42.405506014823906 169.50000000000003 3.1373730897903447 0.87187304565353363 59.623676061630256
decision_type=2 10 2 8 10 8
left_child=3 2 5 -1 -5 -2
right_child=1 -3 -4 4 -6 -7
leaf_value=-0.94390932140701622 -0.1526877658730022 -0.15538552808613817 1.2896137984653637 -0.72075229453277534 -0.15538552808613817 0.56983486334001754
leaf_weight=732 238 483 430 456 1060 412
leaf_count=732 238 483 430 456 1060 412
internal_value=-0.105968 0.434441 0.698125 -0.481732 -0.258095 0.305452
internal_weight=3811 1563 1080 2248 1516 650
internal_count=3811 1563 1080 2248 1516 650
is_linear=0
shrinkage=0.03


Tree=34
num_leaves=7
num_cat=0
split_feature=1 0 5 0 7 2
split_gain=836918 417881 235607 171385 133751 66793.5
threshold=5.0967040061950692 53.500000000000007 -42.405506014823906 243.50000000000003 0.90039077406847723 16.336725234985355
decision_type=8 2 10 2 10 10
left_child=-1 4 3 -3 -2 -4
right_child=1 2 5 -5 -6 -7
leaf_value=-0.7730681874340275 -0.53740399597363386 0.57670884986434656 -0.080440177561992648 1.504905340240783 -0.080440177561992648 0.57670884986434656
leaf_weight=1180 654 734 237 237 676 138
leaf_count=1180 654 734 237 237 676 138
internal_value=-0.107847 0.185666 0.558131 0.804577 -0.191417 -0.0804402
internal_weight=3856 2676 1346 971 1330 375
internal_count=3856 2676 1346 971 1330 375
is_linear=0
shrinkage=0.03


Tree=35
num_leaves=7
num_cat=0
split_feature=7 3 2 3 8 8
split_gain=591115 347637 238499 217922 130789 109497
threshold=0.90591147350029133 8.5000000000000018 -14.513577699661253 7.5000000000000009 14.791666666656967 21.125000000000004
decision_type=10 10 8 8 2 2
left_child=3 2 -2 -1 -3 -5
right_child=1 4 -4 5 -6 -7
leaf_value=-0.96417457056514855 -0.8795399467241638 0.33681089440414708 0.12747966209368314 -0.36158388410839443 1.0517569263357864 0.66978917788056758
leaf_weight=634 282 516 839 1017 417 101
leaf_count=634 282 516 839 1017 417 101
internal_value=-0.115599 0.229654 -0.126405 -0.520265 0.657137 -0.267894
internal_weight=3806 2054 1121 1752 933 1118
internal_count=3806 2054 1121 1752 933 1118
is_linear=0
shrinkage=0.03


Tree=36
num_leaves=7
num_cat=0
split_feature=1 0 7 5 6 1
split_gain=772845 395240 242202 202596 118423 78905.6
threshold=-2.4213190674781795 169.50000000000003 0.90303869722152286 -100.69896233081816 7.885504201680674 151.11073911190036
decision_type=8 2 10 10 10 8
left_child=4 2 -2 5 -1 -3
right_child=1 3 -4 -5 -6 -7
leaf_value=-0.40413623903840107 -0.40413623903840107 0.55029852740764607 0.24598873716278222 0.24598873716278222 -0.9397235703953476 1.5461646604973034
leaf_weight=243 883 99 1237 186 902 273
leaf_count=243 883 99 1237 186 902 273
internal_value=-0.116695 0.162244 -0.0248573 0.871867 -0.768669 1.28332
internal_weight=3823 2678 2120 558 1145 372
internal_count=3823 2678 2120 558 1145 372
is_linear=0
shrinkage=0.03


Tree=37
num_leaves=7
num_cat=0
split_feature=1 0 3 5 0 2
split_gain=730256 394364 172663 165847 229882 128064
threshold=-2.4213190674781795 26.500000000000004 7.5000000000000009 -42.405506014823906 169.50000000000003 16.336725234985355
decision_type=8 2 10 10 2 10
left_child=2 -2 -1 4 -3 -5
right_child=1 3 -4 5 -6 -7
leaf_value=-1.0533127830282056 -0.27314969796673838 0.34263542952763043 -0.30446704258453994 -0.27314969796673838 1.2302264552956144 0.34263542952763043
leaf_weight=662 1101 747 478 267 405 196
leaf_count=662 1101 747 478 267 405 196
internal_value=-0.102974 0.164525 -0.739865 0.462887 0.655475 -0.0166767
internal_weight=3856 2716 1140 1615 1152 463
internal_count=3856 2716 1140 1615 1152 463
is_linear=0
shrinkage=0.03


Tree=38
num_leaves=7
num_cat=0
split_feature=1 7 3 3 2 5
split_gain=738730 385556 210936 166512 133724 60181.2
threshold=-2.4213190674781795 0.89716955941255017 9.5000000000000018 7.5000000000000009 95.561455726623549 5161.3217740058908
decision_type=8 10 10 10 10 8
left_child=3 -2 4 5 -3 -1
right_child=1 2 -4 -5 -6 -7
leaf_value=-0.71535748696327217 -0.33651463093103046 0.0029833272461067227 0.90431819209144171 -0.33651463093103046 0.72723030078675477 -1.3013637988476601
leaf_weight=269 951 883 543 484 309 398
leaf_count=269 951 883 543 484 309 398
internal_value=-0.123783 0.148741 0.414763 -0.759327 0.191181 -1.06645
internal_weight=3837 2686 1735 1151 1192 667
internal_count=3837 2686 1735 1151 1192 667
is_linear=0
shrinkage=0.03


Tree=39
num_leaves=7
num_cat=0
split_feature=1 6 3 1 8 3
split_gain=688785 282229 260964 118529 99741.1 73800.1
threshold=-2.4213190674781795 36.767633928571435 9.5000000000000018 88.509832739830031 15.208333333343036 7.5000000000000009
decision_type=8 8 10 10 2 10
left_child=5 2 3 -2 -4 -1
right_child=1 -3 4 -5 -6 -7
leaf_value=-0.99773881457383429 -0.11565672331933492 -0.65980732230376726 0.43277513948174157 0.43849856876451482 1.1350702920099036 -0.65980732230376726
leaf_weight=636 1153 340 440 496 312 494
leaf_count=636 1153 340 440 496 312 494
internal_value=-0.109052 0.147922 0.26253 0.0511915 0.725273 -0.731963
internal_weight=3871 2741 2401 1649 752 1130
internal_count=3871 2741 2401 1649 752 1130
is_linear=0
shrinkage=0.03


Tree=40
num_leaves=7
num_cat=0
split_feature=1 7 3 3 1 8
split_gain=764382 399375 257811 145156 119251 78014.3
threshold=3.4420584440231301 0.873455848711301 9.5000000000000018 7.5000000000000009 115.31298512220384 15.708333333343036
decision_type=8 10 10 10 10 2
left_child=3 -2 4 -1 -3 -4
right_child=1 2 5 -5 -6 -7
leaf_value=-1.0511621008598415 -0.48374133061687896 -0.025089384275599425 0.59956836402124758 -0.48374133061687896 0.62046485223199077 1.2676780345462837
leaf_weight=661 635 1007 408 505 345 259
leaf_count=661 635 1007 408 505 345 259
internal_value=-0.109349 0.171959 0.378322 -0.749249 0.139978 0.860509
internal_weight=3820 2654 2019 1166 1352 667
internal_count=3820 2654 2019 1166 1352 667
is_linear=0
shrinkage=0.03


Tree=41
num_leaves=7
num_cat=0
split_feature=0 4 7 0 3 6
split_gain=705452 286789 281713 161677 96262.7 91755.6
threshold=77.500000000000014 3.6695120983618983 0.90591147350029133 194.50000000000003 8.5000000000000018 3.4942099567099576
decision_type=2 10 10 2 8 8
left_child=2 -2 4 -3 5 -1
right_child=1 3 -4 -5 -6 -7
leaf_value=-0.0075790088348090656 -0.0075790088348090656 0.5179194544946446 -0.049208337167898818 1.4539771194544706 -0.39589354757585543 -0.99671586685155467
leaf_weight=40 599 424 1178 274 583 709
leaf_count=40 599 424 1178 274 583 709
internal_value=-0.0937577 0.474123 -0.387273 0.886923 -0.68599 -0.910964
internal_weight=3807 1297 2510 698 1332 749
internal_count=3807 1297 2510 698 1332 749
is_linear=0
shrinkage=0.03


Tree=42
num_leaves=7
num_cat=0
split_feature=0 4 1 0 7 1
split_gain=668244 292556 280229 195679 105031 74903.3
threshold=64.500000000000014 3.646927792402987 -1.0000000180025095e-35 202.50000000000003 0.90250156347717336 68.954903562863691
decision_type=2 10 8 2 10 10
left_child=2 5 -1 -3 -4 -2
right_child=1 3 4 -5 -6 -7
leaf_value=-0.81400500050543967 -0.061215171508111024 0.46915049479084003 -0.44850151643982494 1.4758354244268999 -0.061215171508111024 0.45296323312030118
leaf_weight=926 392 533 703 258 768 254
leaf_count=926 392 533 703 258 768 254
internal_value=-0.0988616 0.412491 -0.405461 0.798949 -0.147903 -0.0612152
internal_weight=3834 1437 2397 791 1471 646
internal_count=3834 1437 2397 791 1471 646
is_linear=0
shrinkage=0.03


Tree=43
num_leaves=7
num_cat=0
split_feature=3 2 6 6 3 2
split_gain=557344 347709 243980 135037 119443 94172.2
threshold=8.5000000000000018 -14.513577699661253 27.599119496855348 13.948008534850642 9.5000000000000018 141.08551847934726
decision_type=10 8 8 8 10 10
left_child=1 -1 4 5 -2 -3
right_child=2 3 -4 -5 -6 -7
leaf_value=-1.0019396519609121 0.14076836220958688 -0.059367543762275043 -0.4105418502514766 -0.48172173658837664 0.71279236864293694 0.82080693994249609
leaf_weight=689 578 616 362 704 762 132
leaf_count=689 578 616 362 704 762 132
internal_value=-0.12541 -0.447439 0.279706 -0.18381 0.466343 0.0968459
internal_weight=3843 2141 1702 1452 1340 748
internal_count=3843 2141 1702 1452 1340 748
is_linear=0
shrinkage=0.03


Tree=44
num_leaves=7
num_cat=0
split_feature=0 2 5 0 2 7
split_gain=681151 250538 190670 251430 173202 49815.3
threshold=27.500000000000004 97.505323648452773 -42.405506014823906 164.50000000000003 -15.897557258605955 0.94518338488731779
decision_type=2 10 10 2 8 10
left_child=4 2 3 -2 -1 -4
right_child=1 -3 5 -5 -6 -7
leaf_value=-0.94398782237437617 -0.012915072179724029 0.86842468655144667 -0.39031666845094731 0.86842468655144667 -0.39031666845094731 -0.012915072179724029
leaf_weight=590 613 506 394 299 1314 91
leaf_count=590 613 506 394 299 1314 91
internal_value=-0.10414 0.297174 0.0897912 0.34526 -0.50519 -0.390317
internal_weight=3807 1903 1397 912 1904 485
internal_count=3807 1903 1397 912 1904 485
is_linear=0
shrinkage=0.03


Tree=45
num_leaves=7
num_cat=0
split_feature=0 4 6 3 0 5
split_gain=616681 329570 163141 178888 148362 60374.2
threshold=77.500000000000014 3.6695120983618983 11.595511583011586 7.5000000000000009 169.50000000000003 596.36172044277203
decision_type=2 10 8 8 2 8
left_child=2 -2 -1 5 -3 -4
right_child=1 4 3 -5 -6 -7
leaf_value=-0.072036157071738688 -0.072036157071738688 0.46310286100850045 -0.3792765385570197 -0.29579004335789716 1.3455391616212675 -1.0796740335890971
leaf_weight=780 602 358 144 1110 331 501
leaf_count=780 602 358 144 1110 331 501
internal_value=-0.0926804 0.440817 -0.364441 -0.527115 0.888367 -0.924135
internal_weight=3826 1291 2535 1755 689 645
internal_count=3826 1291 2535 1755 689 645
is_linear=0
shrinkage=0.03


Tree=46
num_leaves=7
num_cat=0
split_feature=3 2 7 8 7 2
split_gain=484485 323414 311917 146114 139001 90902.4
threshold=8.5000000000000018 -16.649368524551388 0.89537316337452577 14.708333333343036 0.91056453326334486 123.29665410518648
decision_type=8 8 10 2 10 10
left_child=1 -1 -2 -4 5 -3
right_child=2 4 3 -5 -6 -7
leaf_value=-0.98399421961429545 -0.22622470556985586 -0.71555058847189967 0.27653714847287414 0.97189358070797838 0.1125760549645166 0.19701880985357631
leaf_weight=634 749 439 660 463 739 126
leaf_count=634 749 439 660 463 739 126
internal_value=-0.096371 -0.428752 0.247774 0.563834 -0.158249 -0.512051
internal_weight=3810 1938 1872 1123 1304 565
internal_count=3810 1938 1872 1123 1304 565
is_linear=0
shrinkage=0.03


Tree=47
num_leaves=7
num_cat=0
split_feature=1 3 0 5 2 0
split_gain=610047 307456 239995 163271 131808 102675
threshold=65.85157845417659 8.5000000000000018 86.500000000000014 7744.4415795803079 -3.3904068470001216 262.50000000000006
decision_type=10 8 2 8 8 2
left_child=1 3 -3 4 -1 -2
right_child=5 2 -4 -5 -6 -7
leaf_value=-0.78909934242875657 0.54259358326089913 -0.24757475280497201 0.54259358326089913 -0.86006281385509364 0.064446658525574074 1.3651836298504014
leaf_weight=256 868 844 383 897 444 136
leaf_count=256 868 844 383 897 444 136
internal_value=-0.092225 -0.31803 0.0391043 -0.592275 -0.248388 0.542594
internal_weight=3828 2824 1227 1597 700 1004
internal_count=3828 2824 1227 1597 700 1004
is_linear=0
shrinkage=0.03


Tree=48
num_leaves=7
num_cat=0
split_feature=1 1 6 3 2 3
split_gain=639594 244643 144763 121930 103993 88638.3
threshold=-2.4213190674781795 156.58271821339929 36.767633928571435 9.5000000000000018 -14.513577699661253 7.5000000000000009
decision_type=8 10 8 8 10 10
left_child=5 2 3 4 -2 -1
right_child=1 -3 -4 -5 -6 -7
leaf_value=-0.96632589315630002 -0.29338176890194678 0.75080009681935955 -0.58956045650398814 0.48125747140251141 0.24285690596426163 -0.58956045650398814
leaf_weight=641 683 520 295 590 620 465
leaf_count=641 683 520 295 590 620 465
internal_value=-0.0817374 0.166564 0.0274346 0.123846 -0.0382354 -0.689295
internal_weight=3814 2708 2188 1893 1303 1106
internal_count=3814 2708 2188 1893 1303 1106
is_linear=0
shrinkage=0.03


Tree=49
num_leaves=7
num_cat=0
split_feature=7 2 2 4 6 8
split_gain=489515 184391 155965 140845 92187.4 79483.7
threshold=0.90591147350029133 88.33819687366487 3.1373730897903447 5.7495117148593602 20.704554554554559 20.875000000000004
decision_type=10 10 8 10 8 2
left_child=2 3 -1 5 -4 -2
right_child=1 -3 4 -5 -6 -7
leaf_value=-0.81948285722426162 -0.11595929620176673 0.69267116643265803 0.012729104446066963 0.69267116643265803 -0.5310973162870658 0.68374588071573073
leaf_weight=641 1234 568 619 159 512 122
leaf_count=641 1234 568 619 159 512 122
internal_value=-0.0795522 0.232205 -0.44595 0.0592253 -0.233711 -0.0435586
internal_weight=3855 2083 1772 1515 1131 1356
internal_count=3855 2083 1772 1515 1131 1356
is_linear=0
shrinkage=0.03


Tree=50
num_leaves=7
num_cat=0
split_feature=0 4 1 0 1 5
split_gain=633561 273010 219032 191304 141373 86748
threshold=56.500000000000007 4.012505536383606 -28.389277736345928 164.50000000000003 68.954903562863691 5064.9385610818872
decision_type=2 10 8 2 10 8
left_child=2 4 5 -3 -2 -1
right_child=1 3 -4 -5 -6 -7
leaf_value=-0.30405055437026157 -0.20137140654491506 0.36803766612753719 -0.20137140654491506 1.3640955498984677 0.49882404984454426 -1.0191397799538251
leaf_weight=211 519 395 1477 310 337 562
leaf_count=211 519 395 1477 310 337 562
internal_value=-0.0936431 0.370611 -0.415754 0.807332 0.0104054 -0.824592
internal_weight=3811 1561 2250 705 856 773
internal_count=3811 1561 2250 705 856 773
is_linear=0
shrinkage=0.03


Tree=51
num_leaves=7
num_cat=0
split_feature=1 7 1 8 6 8
split_gain=630202 293989 185144 98279.3 68611.9 49807.7
threshold=-2.4213190674781795 0.873455848711301 172.67275679111484 20.958333333343038 7.3434285714285723 5.9583333333430355
decision_type=8 10 10 2 10 2
left_child=4 -2 3 5 -1 -3
right_child=1 2 -4 -5 -6 -7
leaf_value=-0.38721506087539287 -0.38721506087539287 -0.29930829177501844 0.96991651130574086 0.88198605142655917 -0.80099619191639204 0.21172042290929807
leaf_weight=216 623 196 363 182 872 1338
leaf_count=216 623 196 363 182 872 1338
internal_value=-0.0614947 0.184003 0.35528 0.224772 -0.670787 0.146274
internal_weight=3790 2702 2079 1716 1088 1534
internal_count=3790 2702 2079 1716 1088 1534
is_linear=0
shrinkage=0.03


Tree=52
num_leaves=7
num_cat=0
split_feature=0 4 0 2 2 6
split_gain=576367 279527 175333 164151 152956 78950
threshold=26.500000000000004 4.3339587165264906 167.50000000000003 -30.380624413490292 95.561455726623549 14.803610930383867
decision_type=2 8 2 8 10 8
left_child=3 4 -3 -1 -2 -5
right_child=1 2 -4 5 -6 -7
leaf_value=-0.8984267313959281 -0.16466265253440032 0.41111584074769902 1.4049651327551831 -0.16466265253440032 0.61444499250726403 -0.50850649482376831
leaf_weight=518 948 440 251 670 297 744
leaf_count=518 948 440 251 670 297 744
internal_value=-0.0755174 0.290239 0.773632 -0.441992 0.0215407 -0.274266
internal_weight=3868 1936 691 1932 1245 1414
internal_count=3868 1936 691 1932 1245 1414
is_linear=0
shrinkage=0.03


Tree=53
num_leaves=7
num_cat=0
split_feature=1 0 4 7 6 1
split_gain=570985 327494 178687 175057 108918 63612.9
threshold=10.45848514636358 169.50000000000003 3.6919725040660381 0.90536031911422665 7.885504201680674 -38.244549314180993
decision_type=8 2 10 10 10 10
left_child=4 3 -3 -2 -1 -6
right_child=1 2 -4 -5 5 -7
leaf_value=-0.32005327616282159 -0.32005327616282159 0.21671783980497947 1.2754480739108549 0.21671783980497947 -0.93263478514617848 -0.39047400832068618
leaf_weight=273 885 259 322 1147 679 276
leaf_count=273 885 259 322 1147 679 276
internal_value=-0.0735293 0.17723 0.804667 -0.00247787 -0.606817 -0.77652
internal_weight=3841 2613 581 2032 1228 955
internal_count=3841 2613 581 2032 1228 955
is_linear=0
shrinkage=0.03


Tree=54
num_leaves=7
num_cat=0
split_feature=1 7 1 3 3 4
split_gain=592925 286702 228373 149908 117494 53834
threshold=-2.4213190674781795 0.873455848711301 156.58271821339929 7.5000000000000009 9.5000000000000018 4.4274824289109782
decision_type=8 10 10 10 10 8
left_child=3 -2 4 -1 5 -3
right_child=1 2 -4 -5 -6 -7
leaf_value=-0.96704898305764664 -0.40634762233096783 -0.11534454378123452 0.94881715062132299 -0.40634762233096783 0.57985043868788388 0.32405640336675651
leaf_weight=663 634 867 417 496 447 352
leaf_count=663 634 867 417 496 447 352
internal_value=-0.0905529 0.15181 0.32181 -0.658357 0.164395 0.0116991
internal_weight=3876 2717 2083 1159 1666 1219
internal_count=3876 2717 2083 1159 1666 1219
is_linear=0
shrinkage=0.03


Tree=55
num_leaves=7
num_cat=0
split_feature=1 0 7 3 5 1
split_gain=539586 331385 158944 141209 138406 64885.6
threshold=-2.4213190674781795 187.50000000000003 0.90250156347717336 7.5000000000000009 -100.69896233081816 169.55085607369745
decision_type=8 2 10 10 10 8
left_child=3 2 -2 -1 5 -3
right_child=1 4 -4 -5 -6 -7
leaf_value=-0.92829742245761482 -0.31413429113549812 0.54518872167170052 0.20567603093170353 -0.31413429113549812 0.20567603093170353 1.4669538618336204
leaf_weight=637 895 99 1293 480 159 237
leaf_count=637 895 99 1293 480 159 237
internal_value=-0.0789721 0.151712 -0.00699842 -0.632708 0.851842 1.19779
internal_weight=3800 2683 2188 1117 495 336
internal_count=3800 2683 2188 1117 495 336
is_linear=0
shrinkage=0.03


Tree=56
num_leaves=7
num_cat=0
split_feature=0 1 3 3 7 0
split_gain=559702 316805 214968 133695 80164.7 67184.4
threshold=164.50000000000003 17.156591018040981 9.5000000000000018 8.5000000000000018 0.91218821253368354 84.500000000000014
decision_type=2 10 10 8 10 2
left_child=1 3 -2 4 -1 -5
right_child=2 -3 -4 5 -6 -7
leaf_value=-0.81449093645827753 0.21845527348774943 0.21845527348774943 1.2355744917162557 -0.27717273460009595 -0.34192688961477452 0.21845527348774943
leaf_weight=803 313 948 346 733 544 152
leaf_count=803 313 948 346 733 544 152
internal_value=-0.0759052 -0.240842 0.719157 -0.435931 -0.624036 -0.149247
internal_weight=3839 3180 659 2232 1347 885
internal_count=3839 3180 659 2232 1347 885
is_linear=0
shrinkage=0.03


Tree=57
num_leaves=7
num_cat=0
split_feature=1 3 2 5 8 1
split_gain=459504 246099 127504 127627 101560 48982.7
threshold=68.954903562863691 8.5000000000000018 -23.468756794929501 12242.460267901422 20.958333333343038 -8.1164813041686994
decision_type=10 8 8 8 2 8
left_child=1 2 -1 -4 -3 -5
right_child=-2 4 3 5 -6 -7
leaf_value=-0.84876359906481047 0.48648881930658394 -0.048584702246261935 0.064623466206851748 -0.84876359906481047 0.48648881930658394 -0.36115313461150278
leaf_weight=592 1026 1104 474 221 144 316
leaf_count=592 1026 1104 474 221 144 316
internal_value=-0.0576493 -0.253572 -0.499388 -0.294172 0.0623142 -0.610405
internal_weight=3877 2851 1603 1011 1248 537
internal_count=3877 2851 1603 1011 1248 537
is_linear=0
shrinkage=0.03


Tree=58
num_leaves=7
num_cat=0
split_feature=0 1 5 2 1 1
split_gain=576940 303500 241926 81603.3 76333.4 45379.8
threshold=169.50000000000003 5.0967040061950692 -100.69896233081816 88.33819687366487 172.67275679111484 -69.510727941989884
decision_type=2 8 10 10 8 10
left_child=1 3 4 5 -2 -1
right_child=2 -3 -4 -5 -6 -7
leaf_value=-0.91926081503448742 0.63051179265566903 -0.026025493259149979 -0.026025493259149979 -0.026025493259149979 1.4798713510164192 -0.49587123362390134
leaf_weight=559 152 2077 212 159 265 392
leaf_count=559 152 2077 212 159 265 392
internal_value=-0.0762013 -0.24012 0.753402 -0.640344 1.17252 -0.745445
internal_weight=3816 3187 629 1110 417 951
internal_count=3816 3187 629 1110 417 951
is_linear=0
shrinkage=0.03


Tree=59
num_leaves=7
num_cat=0
split_feature=1 7 1 8 6 1
split_gain=452150 280829 148039 97096.7 63834.5 52518.6
threshold=-2.4213190674781795 0.873455848711301 116.61309587955476 20.958333333343038 7.3434285714285723 -69.510727941989884
decision_type=8 10 10 2 10 10
left_child=4 -2 3 -3 -1 -6
right_child=1 2 -4 -5 5 -7
leaf_value=-0.4174105867658412 -0.4174105867658412 0.068515138275392809 0.71651251162345309 0.71651251162345309 -0.90943029237161199 -0.44236051142094579
leaf_weight=242 612 1310 587 141 538 368
leaf_count=242 612 1310 587 141 538 368
internal_value=-0.069759 0.145701 0.314922 0.152077 -0.566812 -0.720412
internal_weight=3798 2650 2038 1451 1148 906
internal_count=3798 2650 2038 1451 1148 906
is_linear=0
shrinkage=0.03


Tree=60
num_leaves=7
num_cat=0
split_feature=1 0 3 6 3 6
split_gain=531265 314884 142829 136406 133563 53905.6
threshold=-2.4213190674781795 169.50000000000003 7.5000000000000009 14.145489130434788 9.5000000000000018 7.5587251828631148
decision_type=8 2 10 8 10 8
left_child=2 3 5 -2 -3 -1
right_child=1 4 -4 -5 -6 -7
leaf_value=-0.31928913352489469 0.25551590848905442 0.26631236659629004 -0.19917274410404215 -0.19917274410404215 1.187709113113377 -1.0154938958167703
leaf_weight=124 992 251 458 1127 326 545
leaf_count=124 992 251 458 1127 326 545
internal_value=-0.061287 0.167382 -0.607971 -0.00191606 0.788048 -0.887121
internal_weight=3823 2696 1127 2119 577 669
internal_count=3823 2696 1127 2119 577 669
is_linear=0
shrinkage=0.03


Tree=61
num_leaves=7
num_cat=0
split_feature=1 7 1 8 6 1
split_gain=520246 253810 189578 86256 83538.6 46664.9
threshold=-2.4213190674781795 0.873455848711301 156.58271821339929 20.958333333343038 7.885504201680674 -38.244549314180993
decision_type=8 10 10 2 10 10
left_child=4 -2 3 -3 -1 -6
right_child=1 2 -4 -5 5 -7
leaf_value=-0.35070950083883268 -0.35070950083883268 0.1110343433743783 0.88848393613130461 0.81805464421451124 -0.86632619477269857 -0.35710622369415229
leaf_weight=247 630 1450 440 173 682 215
leaf_count=247 630 1450 440 173 682 215
internal_value=-0.0517541 0.175938 0.336857 0.186855 -0.587431 -0.744806
internal_weight=3837 2693 2063 1623 1144 897
internal_count=3837 2693 2063 1623 1144 897
is_linear=0
shrinkage=0.03


Tree=62
num_leaves=7
num_cat=0
split_feature=0 5 7 3 3 6
split_gain=521234 270414 181724 149334 77241.3 56045.1
threshold=169.50000000000003 -42.405506014823906 0.90591147350029133 7.5000000000000009 9.5000000000000018 8.1660618279569928
decision_type=2 10 10 8 10 8
left_child=2 4 3 5 -2 -1
right_child=1 -3 -4 -5 -6 -7
leaf_value=-0.15730896988280221 0.46484057946785079 -0.15730896988280221 -0.15730896988280221 -0.26998575263625874 1.394292285751765 -0.97450841720585668
leaf_weight=53 110 212 1631 989 313 523
leaf_count=53 110 212 1631 989 313 523
internal_value=-0.0675522 0.716821 -0.223572 -0.494086 1.15426 -0.877734
internal_weight=3831 635 3196 1565 423 576
internal_count=3831 635 3196 1565 423 576
is_linear=0
shrinkage=0.03


Tree=63
num_leaves=7
num_cat=0
split_feature=0 1 5 7 1 2
split_gain=484964 270512 240875 85982.4 84600.1 53305.3
threshold=164.50000000000003 -24.627312620480854 -100.69896233081816 0.89763239002521722 192.86940999825799 49.95072531700135
decision_type=2 8 10 10 8 10
left_child=1 5 4 -3 -2 -1
right_child=2 3 -4 -5 -6 -7
leaf_value=-0.7873632039773617 0.57676210606789713 -0.34540809007683032 -0.051849152313953054 -0.051849152313953054 1.4312940651739345 -0.34540809007683032
leaf_weight=717 180 897 228 1368 254 202
leaf_count=717 180 897 228 1368 254 202
internal_value=-0.0744371 -0.228079 0.663757 -0.0518492 1.07902 -0.661891
internal_weight=3846 3184 662 2265 434 919
internal_count=3846 3184 662 2265 434 919
is_linear=0
shrinkage=0.03


Tree=64
num_leaves=7
num_cat=0
split_feature=0 4 2 2 0 7
split_gain=501397 272333 156849 139556 100835 65947.8
threshold=56.500000000000007 4.3339587165264906 -15.897557258605955 83.849930524826064 192.50000000000003 0.90303869722152286
decision_type=2 10 8 10 2 10
left_child=2 3 -1 -2 -3 -4
right_child=1 4 5 -5 -6 -7
leaf_value=-0.72352667538944726 -0.15503038871585084 0.56027603689486982 -0.4289822453068774 0.64537872438980304 1.3706763390676162 -0.15503038871585084
leaf_weight=653 722 355 797 268 228 821
leaf_count=653 722 355 797 268 228 821
internal_value=-0.046326 0.365224 -0.33142 0.0620786 0.879012 -0.172823
internal_weight=3844 1573 2271 990 583 1618
internal_count=3844 1573 2271 990 583 1618
is_linear=0
shrinkage=0.03


Tree=65
num_leaves=7
num_cat=0
split_feature=1 7 3 3 2 6
split_gain=424833 209362 179915 120539 117824 74160.2
threshold=5.0967040061950692 0.86809371184371198 9.5000000000000018 7.5000000000000009 95.561455726623549 7.3434285714285723
decision_type=8 10 10 10 10 8
left_child=3 -2 4 5 -3 -1
right_child=1 2 -4 -5 -6 -7
leaf_value=-0.36072913038635723 -0.36072913038635723 -0.06875808144067401 0.68706947026976328 -0.36072913038635723 0.55565828723252797 -0.99062436739912385
leaf_weight=116 580 1058 672 517 365 538
leaf_count=116 580 1058 672 517 365 538
internal_value=-0.0653651 0.143262 0.282898 -0.541664 0.0916827 -0.834441
internal_weight=3846 2675 2095 1171 1423 654
internal_count=3846 2675 2095 1171 1423 654
is_linear=0
shrinkage=0.03


Tree=66
num_leaves=7
num_cat=0
split_feature=0 1 5 3 1 5
split_gain=493060 302436 199758 87064.7 73326.2 60807.7
threshold=169.50000000000003 -2.4213190674781795 -85.565303683280931 7.5000000000000009 172.67275679111484 6435.0517374277124
decision_type=2 8 10 10 8 8
left_child=1 3 4 5 -2 -1
right_child=2 -3 -4 -5 -6 -7
leaf_value=-0.44978911145493899 0.57324628337311578 0.020019130365677085 0.020019130365677085 -0.28769719273865735 1.4130082192905802 -1.0716339045131207
leaf_weight=231 147 2127 199 462 267 374
leaf_count=231 147 2127 199 462 267 374
internal_value=-0.0371782 -0.186797 0.741437 -0.598706 1.11693 -0.835336
internal_weight=3807 3194 613 1067 414 605
internal_count=3807 3194 613 1067 414 605
is_linear=0
shrinkage=0.03


Tree=67
num_leaves=7
num_cat=0
split_feature=3 2 7 6 3 7
split_gain=375034 221958 194308 106104 104517 71102.6
threshold=8.5000000000000018 -17.863368153572079 0.87533783783783792 11.530197444831591 10.500000000000002 0.96171709987499476
decision_type=8 8 10 8 10 10
left_child=1 -1 -2 -3 -4 -5
right_child=2 3 4 5 -6 -7
leaf_value=-0.79092242213853881 -0.20687298391885789 0.2137906717345617 0.29569238263135089 -0.39573196875470962 0.8981937556884475 0.88780463654820507
leaf_weight=641 559 537 945 762 357 40
leaf_count=641 559 537 945 762 357 40
internal_value=-0.044994 -0.332305 0.260703 -0.112331 0.461457 -0.330689
internal_weight=3841 1980 1861 1339 1302 802
internal_count=3841 1980 1861 1339 1302 802
is_linear=0
shrinkage=0.03


Tree=68
num_leaves=7
num_cat=0
split_feature=1 7 3 8 3 6
split_gain=419736 219231 174894 136681 133445 73789.6
threshold=-2.4213190674781795 0.89380237430167608 10.500000000000002 13.375000000000002 7.5000000000000009 7.5587251828631148
decision_type=8 10 10 2 10 8
left_child=4 -2 3 -3 5 -1
right_child=1 2 -4 -5 -6 -7
leaf_value=-0.21962574394148285 -0.21962574394148285 -0.037980376549445798 1.017981641638279 0.53060228977031865 -0.21962574394148285 -0.96321459180575908
leaf_weight=111 884 821 299 708 475 523
leaf_count=111 884 821 299 708 475 523
internal_value=-0.0329967 0.168081 0.355589 0.225475 -0.524429 -0.812594
internal_weight=3821 2712 1828 1529 1109 634
internal_count=3821 2712 1828 1529 1109 634
is_linear=0
shrinkage=0.03


Tree=69
num_leaves=7
num_cat=0
split_feature=1 0 5 3 3 2
split_gain=431664 277322 174958 112508 65205.1 62647.7
threshold=-24.627312620480854 192.50000000000003 -100.69896233081816 7.5000000000000009 9.5000000000000018 -19.12726259231567
decision_type=8 2 10 10 10 10
left_child=3 5 4 -1 -3 -2
right_child=1 2 -4 -5 -6 -7
leaf_value=-0.86251738133521316 -0.19812380477962524 0.43343947500186525 0.0030861024837588601 -0.19812380477962524 1.455790268710897 0.0030861024837588601
leaf_weight=583 1199 75 150 379 236 1179
leaf_count=583 1199 75 150 379 236 1179
internal_value=-0.0523755 0.133756 0.806329 -0.601243 1.21142 0.0030861
internal_weight=3801 2839 461 962 311 2378
internal_count=3801 2839 461 962 311 2378
is_linear=0
shrinkage=0.03


Tree=70
num_leaves=7
num_cat=0
split_feature=1 7 3 3 2 6
split_gain=386617 227414 156604 144117 98834.5 77480.9
threshold=17.156591018040981 0.89537316337452577 9.5000000000000018 7.5000000000000009 95.561455726623549 7.3434285714285723
decision_type=8 10 10 10 10 8
left_child=3 -2 4 5 -3 -1
right_child=1 2 -4 -5 -6 -7
leaf_value=-0.23260632642814372 -0.23260632642814372 -0.0046544995389922834 0.78281818233003453 -0.23260632642814372 0.6195043593069044 -0.93808983711259708
leaf_weight=114 880 844 540 578 312 559
leaf_count=114 880 844 540 578 312 559
internal_value=-0.0515954 0.158537 0.361506 -0.484071 0.164193 -0.789368
internal_weight=3827 2576 1696 1251 1156 673
internal_count=3827 2576 1696 1251 1156 673
is_linear=0
shrinkage=0.03


Tree=71
num_leaves=7
num_cat=0
split_feature=0 4 0 2 2 6
split_gain=495415 259129 151511 138065 97913.5 50792.7
threshold=26.500000000000004 4.3339587165264906 164.50000000000003 75.468877673149123 -50.899998784065239 14.803610930383867
decision_type=2 10 2 10 8 10
left_child=4 3 -3 -2 -1 -6
right_child=1 2 -4 -5 5 -7
leaf_value=-0.78659134272344389 -0.16896089261057881 0.40204513956122789 1.3012106759573823 0.53495592878239684 -0.16896089261057881 -0.48967365352408143
leaf_weight=420 865 430 278 352 888 582
leaf_count=420 865 430 278 352 888 582
internal_value=-0.0381301 0.300539 0.756445 0.0349091 -0.383048 -0.267293
internal_weight=3815 1925 708 1217 1890 1470
internal_count=3815 1925 708 1217 1890 1470
is_linear=0
shrinkage=0.03


Tree=72
num_leaves=7
num_cat=0
split_feature=0 5 1 1 3 5
split_gain=447669 288678 157706 67821.6 67458.6 48193.6
threshold=169.50000000000003 -100.69896233081816 -38.244549314180993 156.58271821339929 7.5000000000000009 5161.3217740058908
decision_type=2 10 8 8 10 8
left_child=2 3 4 -2 5 -1
right_child=1 -3 -4 -5 -6 -7
leaf_value=-0.4410357832195656 0.54384347383819875 -0.18667773050150657 -0.18667773050150657 1.3823662765368969 -0.23909528476840788 -1.0285705548634223
leaf_weight=208 125 209 2370 298 302 326
leaf_count=208 125 209 2370 298 302 326
internal_value=-0.04278 0.686324 -0.186678 1.13644 -0.598524 -0.80097
internal_weight=3838 632 3206 423 836 534
internal_count=3838 632 3206 423 836 534
is_linear=0
shrinkage=0.03


Tree=73
num_leaves=7
num_cat=0
split_feature=0 4 1 3 2 6
split_gain=442404 253889 229263 116114 77752 77439.8
threshold=169.50000000000003 3.6919725040660381 -2.4213190674781795 7.5000000000000009 107.45434272289278 7.5587251828631148
decision_type=2 10 8 10 10 8
left_child=2 4 3 5 -2 -1
right_child=1 -3 -4 -5 -6 -7
leaf_value=-0.064772175313237132 -0.0054250432758339061 1.2601640708477302 -0.0054250432758339061 -0.17900274302842822 1.118843249157071 -0.95890249672996652
leaf_weight=105 239 328 2134 459 55 517
leaf_count=105 239 328 2134 459 55 517
internal_value=-0.0440563 0.687662 -0.18579 -0.541514 0.0468447 -0.80831
internal_weight=3837 622 3215 1081 294 622
internal_count=3837 622 3215 1081 294 622
is_linear=0
shrinkage=0.03


Tree=74
num_leaves=7
num_cat=0
split_feature=3 8 6 1 1 6
split_gain=334489 177844 170462 117375 71900.8 64465.7
threshold=7.5000000000000009 21.041666666656969 9.7432126696832579 162.27294830481213 -54.293093601862587 1.0571428571428576
decision_type=8 2 8 10 8 10
left_child=2 3 -1 -2 -4 -5
right_child=1 -3 4 5 -6 -7
leaf_value=0.074328890868049668 -0.0099001149822544442 0.86854272735529925 -0.96836474656434579 -0.0099001149822544442 -0.42314931875275963 0.85264896134453372
leaf_weight=423 1869 289 381 48 513 241
leaf_count=423 1869 289 381 48 513 241
internal_value=-0.0364646 0.171001 -0.421774 0.0772265 -0.656329 0.638776
internal_weight=3764 2447 1317 2158 894 289
internal_count=3764 2447 1317 2158 894 289
is_linear=0
shrinkage=0.03


Tree=75
num_leaves=7
num_cat=0
split_feature=1 2 8 7 7 6
split_gain=352947 181111 127782 71736.5 65489.7 38855.8
threshold=67.603314538796766 11.971826672554018 20.375000000000004 0.90630852059925104 0.83906286790675788 11.530197444831591
decision_type=10 8 2 10 10 8
left_child=1 3 5 4 -1 -3
right_child=-2 2 -4 -5 -6 -7
leaf_value=-0.11204341244967082 0.45710884803956325 0.15569909476606389 0.45710884803956325 -0.23427316906244541 -0.90018369494894745 -0.11204341244967082
leaf_weight=109 1000 487 190 447 458 1123
leaf_count=109 1000 487 190 447 458 1123
internal_value=-0.0267298 -0.198771 -0.0180635 -0.51922 -0.743052 -0.112043
internal_weight=3814 2814 1800 1014 567 1610
internal_count=3814 2814 1800 1014 567 1610
is_linear=0
shrinkage=0.03


Tree=76
num_leaves=7
num_cat=0
split_feature=0 4 0 2 2 3
split_gain=410488 202701 144235 111237 108162 95653.5
threshold=26.500000000000004 4.3339587165264906 202.50000000000003 -15.897557258605955 74.198228836059585 9.5000000000000018
decision_type=2 10 2 8 10 10
left_child=3 4 -3 -1 5 -2
right_child=1 2 -4 -5 -6 -7
leaf_value=-0.68497676927823248 -0.19145521209239133 0.41241975641695555 1.3711020631456015 -0.19145521209239133 0.4901268288023492 0.45921360816274365
leaf_weight=590 661 498 197 1354 348 209
leaf_count=590 661 498 197 1354 348 209
internal_value=-0.0345873 0.277328 0.685741 -0.341513 0.0439126 -0.134931
internal_weight=3857 1913 695 1944 1218 870
internal_count=3857 1913 695 1944 1218 870
is_linear=0
shrinkage=0.03


Tree=77
num_leaves=7
num_cat=0
split_feature=0 4 0 0 5 2
split_gain=405847 257945 151140 106185 102209 77893.2
threshold=77.500000000000014 4.0060458972791624 -20.499999999999996 248.50000000000003 7744.4415795803079 107.45434272289278
decision_type=2 10 2 2 8 10
left_child=2 5 4 -3 -1 -2
right_child=1 3 -4 -5 -6 -7
leaf_value=-0.095920769842724268 -0.078830871343996661 0.59569390077037943 -0.078830871343996661 1.4790119300826767 -0.77574145665863825 0.67093581783368172
leaf_weight=291 585 456 1590 168 631 132
leaf_count=291 585 456 1590 168 631 132
internal_value=-0.031213 0.390017 -0.256147 0.835496 -0.561514 0.00169524
internal_weight=3853 1341 2512 624 922 717
internal_count=3853 1341 2512 624 922 717
is_linear=0
shrinkage=0.03


Tree=78
num_leaves=7
num_cat=0
split_feature=1 0 4 3 6 6
split_gain=409939 291404 133407 120963 92008.5 61391.8
threshold=-24.627312620480854 243.50000000000003 3.6919725040660381 7.5000000000000009 13.948008534850642 8.680614973262033
decision_type=8 2 10 10 8 8
left_child=3 4 -3 5 -2 -1
right_child=1 2 -4 -5 -6 -7
leaf_value=-0.224077302262187 0.24494708142233856 0.29468511751357546 1.5190735783463432 -0.13392919913640147 -0.11580492880518407 -0.97649128168251864
leaf_weight=124 1179 140 188 379 1380 470
leaf_count=124 1179 140 188 379 1380 470
internal_value=-0.0209955 0.158506 0.998953 -0.553214 0.050434 -0.820062
internal_weight=3860 2887 328 973 2559 594
internal_count=3860 2887 328 973 2559 594
is_linear=0
shrinkage=0.03


Tree=79
num_leaves=7
num_cat=0
split_feature=0 1 5 0 5 1
split_gain=393504 231810 207397 125129 130879 78123.3
threshold=169.50000000000003 -2.4213190674781795 -100.69896233081816 -23.499999999999996 7744.4415795803079 184.4075035254161
decision_type=2 10 10 2 8 8
left_child=1 3 5 4 -1 -2
right_child=2 -3 -4 -5 -6 -7
leaf_value=-0.18014197303066382 0.53586242077427526 0.18932350279099794 0.18932350279099794 -0.18014197303066382 -0.95000238553330785 1.3943440023582414
leaf_weight=226 154 1105 228 1371 487 258
leaf_count=226 154 1105 228 1371 487 258
internal_value=-0.0255376 -0.161824 0.652745 -0.348015 -0.670106 1.07553
internal_weight=3829 3189 640 2084 713 412
internal_count=3829 3189 640 2084 713 412
is_linear=0
shrinkage=0.03


Tree=80
num_leaves=7
num_cat=0
split_feature=0 3 1 6 2 3
split_gain=373075 212591 192909 95625 56750.2 56276.8
threshold=138.50000000000003 9.5000000000000018 -69.510727941989884 8.5294540229885083 95.561455726623549 7.5000000000000009
decision_type=2 10 8 10 10 10
left_child=2 4 3 -1 -2 -5
right_child=1 -3 -4 5 -6 -7
leaf_value=-0.040549103823518125 -0.040549103823518125 1.0468964176480449 -0.040549103823518125 -1.0354156656800344 0.74702046547247014 -0.31761601713921522
leaf_weight=161 325 401 2320 351 91 138
leaf_count=161 325 401 2320 351 91 138
internal_value=-0.0124237 0.554904 -0.168621 -0.624974 0.0792794 -0.833908
internal_weight=3787 817 2970 650 416 489
internal_count=3787 817 2970 650 416 489
is_linear=0
shrinkage=0.03


Tree=81
num_leaves=7
num_cat=0
split_feature=3 2 6 6 2 3
split_gain=313204 214029 152438 121643 92475.3 71916.4
threshold=8.5000000000000018 -15.897557258605955 28.038684210526323 13.948008534850642 75.468877673149123 10.500000000000002
decision_type=8 8 8 8 10 10
left_child=1 -1 4 -3 5 -2
right_child=2 3 -4 -5 -6 -7
leaf_value=-0.72854599049170266 0.075739522279540367 0.2133657169684669 -0.25331490587805794 -0.36959341821532704 0.74079302734080343 0.64489092990756025
leaf_weight=656 725 678 415 612 476 275
leaf_count=656 725 678 415 612 476 275
internal_value=-0.0206837 -0.287797 0.254205 -0.063273 0.396977 0.232744
internal_weight=3837 1946 1891 1290 1476 1000
internal_count=3837 1946 1891 1290 1476 1000
is_linear=0
shrinkage=0.03


Tree=82
num_leaves=7
num_cat=0
split_feature=3 7 1 1 7 8
split_gain=350305 196740 182604 107283 78882 71803.7
threshold=8.5000000000000018 0.87533783783783792 13.517310698827108 172.67275679111484 0.90744819709577429 5.9583333333430355
decision_type=8 10 8 10 10 2
left_child=2 -2 -1 5 -4 -3
right_child=1 3 4 -5 -6 -7
leaf_value=-0.59735889314126001 -0.19383887415049181 -0.32232973058556402 -0.36747436564110342 1.0221782723214776 0.18549464090508738 0.43458573318856364
leaf_weight=951 561 128 365 260 634 910
leaf_count=951 561 128 365 260 634 910
internal_value=-0.0192163 0.275365 -0.300047 0.478149 -0.0167065 0.341027
internal_weight=3809 1859 1950 1298 999 1038
internal_count=3809 1859 1950 1298 999 1038
is_linear=0
shrinkage=0.03


Tree=83
num_leaves=7
num_cat=0
split_feature=0 5 0 7 0 7
split_gain=376530 241481 115042 117578 82051.3 53041.6
threshold=169.50000000000003 -100.69896233081816 -20.499999999999996 0.90744819709577429 243.50000000000003 0.96228506881981357
decision_type=2 10 2 10 2 10
left_child=2 4 3 -1 -2 -3
right_child=1 5 -4 -5 -6 -7
leaf_value=-0.74365348888564353 0.63628408031948536 -0.14123543675476907 -0.14123543675476907 -0.14123543675476907 1.5176811168898998 0.63628408031948536
leaf_weight=576 176 160 2266 372 212 50
leaf_count=576 176 160 2266 372 212 50
internal_value=-0.0126311 0.677943 -0.141291 -0.471573 1.12054 -0.141235
internal_weight=3812 598 3214 948 388 210
internal_count=3812 598 3214 948 388 210
is_linear=0
shrinkage=0.03


Tree=84
num_leaves=7
num_cat=0
split_feature=3 2 1 3 7 4
split_gain=312055 157510 138095 83924.6 109941 54449.8
threshold=7.5000000000000009 79.979851722717299 -38.244549314180993 9.5000000000000018 0.89716955941255017 4.4274824289109782
decision_type=8 10 8 10 10 8
left_child=2 3 -1 5 -5 -2
right_child=1 -3 -4 4 -6 -7
leaf_value=-0.74099737569901647 -0.3086672359899123 0.59005207725914355 -0.12346753697196276 -0.061025424246328425 0.59005207725914355 0.13755467655042009
leaf_weight=544 613 662 812 414 384 410
leaf_count=544 613 662 812 414 384 410
internal_value=-0.00572533 0.194137 -0.371572 0.0499632 0.280375 -0.12987
internal_weight=3839 2483 1356 1821 798 1023
internal_count=3839 2483 1356 1821 798 1023
is_linear=0
shrinkage=0.03


Tree=85
num_leaves=7
num_cat=0
split_feature=3 2 8 6 6 1
split_gain=289843 185107 147090 116117 100928 90570.5
threshold=8.5000000000000018 -16.649368524551388 21.041666666656969 28.038684210526323 13.899220272904484 162.27294830481213
decision_type=8 8 2 8 8 10
left_child=1 -1 3 5 -3 -2
right_child=2 4 -4 -5 -6 -7
leaf_value=-0.69255327168649816 0.15316537532453997 0.1676070903739045 0.89311107543043111 -0.31879989655033641 -0.35755162782314109 0.82942506576463371
leaf_weight=662 1002 703 263 393 618 216
leaf_count=662 1002 703 263 393 618 216
internal_value=-0.0307692 -0.283514 0.236685 0.129034 -0.0781612 0.273675
internal_weight=3857 1983 1874 1611 1321 1218
internal_count=3857 1983 1874 1611 1321 1218
is_linear=0
shrinkage=0.03


Tree=86
num_leaves=7
num_cat=0
split_feature=0 5 1 6 1 7
split_gain=399018 210019 161195 83519.8 74301.2 47249.4
threshold=164.50000000000003 -100.69896233081816 -38.244549314180993 8.0435606060606073 165.59136895338696 0.96228506881981357
decision_type=2 10 8 10 8 10
left_child=2 4 3 -1 -2 -3
right_child=1 5 -4 -5 -6 -7
leaf_value=-0.097030595886819768 0.48705726477786576 -0.097030595886819768 -0.097030595886819768 -0.6990164072558982 1.3483860196963973 0.48705726477786576
leaf_weight=187 136 165 2319 639 276 46
leaf_count=187 136 165 2319 639 276 46
internal_value=-0.0204756 0.672531 -0.157925 -0.532394 1.06593 -0.0970306
internal_weight=3768 623 3145 826 412 211
internal_count=3768 623 3145 826 412 211
is_linear=0
shrinkage=0.03


Tree=87
num_leaves=7
num_cat=0
split_feature=1 0 5 6 1 0
split_gain=361347 225435 191359 104112 71413.8 48156.6
threshold=-24.627312620480854 169.50000000000003 -100.69896233081816 5.9107954545454549 169.55085607369745 -22.499999999999996
decision_type=8 2 10 10 8 2
left_child=3 -2 4 -1 -3 -5
right_child=1 2 -4 5 -6 -7
leaf_value=0.023989425961646542 0.023989425961646542 0.45955385882102073 0.023989425961646542 -0.88717454029201281 1.3423620431485228 -0.42108338750749824
leaf_weight=190 2286 121 188 405 268 399
leaf_count=190 2286 121 188 405 268 399
internal_value=-0.0132763 0.157836 0.687158 -0.50579 1.06964 -0.656679
internal_weight=3857 2863 577 994 389 804
internal_count=3857 2863 577 994 389 804
is_linear=0
shrinkage=0.03


Tree=88
num_leaves=7
num_cat=0
split_feature=1 8 1 6 4 2
split_gain=293155 154636 117427 59880.6 44297 29315.3
threshold=68.954903562863691 20.958333333343038 -66.459028601646409 7.885504201680674 5.4029275616594861 123.29665410518648
decision_type=10 2 8 10 8 10
left_child=1 2 3 -1 -4 -5
right_child=-2 -3 4 5 -6 -7
leaf_value=-0.1219817890118932 0.42424590522050859 0.42424590522050859 -0.1219817890118932 -0.82156875004310836 0.20457118924607567 -0.1219817890118932
leaf_weight=159 1004 222 1542 453 373 42
leaf_count=159 1004 222 1542 453 373 42
internal_value=-0.015122 -0.17327 -0.240651 -0.587415 -0.121982 -0.750278
internal_weight=3795 2791 2569 654 1915 495
internal_count=3795 2791 2569 654 1915 495
is_linear=0
shrinkage=0.03


Tree=89
num_leaves=7
num_cat=0
split_feature=1 1 3 8 2 5
split_gain=304117 172600 123106 102064 68873.2 49790.5
threshold=-20.851303875446316 172.67275679111484 7.5000000000000009 20.875000000000004 1.4507950544357302 14903.351793289186
decision_type=8 10 10 2 8 8
left_child=2 3 5 -2 -5 -1
right_child=1 -3 -4 4 -6 -7
leaf_value=-0.41694533086971813 -0.030683256797079731 0.67797111151984368 -0.058114871510932607 -0.058114871510932607 0.67797111151984368 -0.97206509977872113
leaf_weight=250 2165 441 386 51 174 355
leaf_count=250 2165 441 386 51 174 355
internal_value=-0.0249846 0.133363 -0.477015 0.0326305 0.63929 -0.743743
internal_weight=3822 2831 991 2390 225 605
internal_count=3822 2831 991 2390 225 605
is_linear=0
shrinkage=0.03


Tree=90
num_leaves=7
num_cat=0
split_feature=3 2 7 8 5 2
split_gain=310154 169991 142112 120532 106518 67228.7
threshold=8.5000000000000018 -15.897557258605955 0.89426985616010024 14.708333333343036 12242.460267901422 141.08551847934726
decision_type=8 8 10 2 8 10
left_child=1 -1 -2 -4 5 -3
right_child=2 4 3 -5 -6 -7
leaf_value=-0.65554818216906141 -0.053000125841194977 0.082921129610682626 0.21819195956322882 0.83060515628555631 -0.32336327485840416 0.92205182419239895
leaf_weight=649 720 520 674 507 668 102
leaf_count=649 720 520 674 507 668 102
internal_value=0.00696454 -0.259929 0.279187 0.48158 -0.0605397 0.221787
internal_weight=3840 1939 1901 1181 1290 622
internal_count=3840 1939 1901 1181 1290 622
is_linear=0
shrinkage=0.03


Tree=91
num_leaves=7
num_cat=0
split_feature=0 5 1 6 0 5
split_gain=367718 229384 127220 79622.6 70224.5 51518.4
threshold=164.50000000000003 -42.405506014823906 -79.220352927843706 7.885504201680674 299.50000000000006 503.77627515792852
decision_type=2 10 8 10 2 8
left_child=2 4 3 -1 -2 -5
right_child=1 -3 -4 5 -6 -7
leaf_value=-0.15142984091521502 0.7350640336871147 -0.15142984091521502 -0.15142984091521502 -0.1820572331760611 1.5311344352306104 -0.96530764203868868
leaf_weight=157 299 205 2580 97 152 350
leaf_count=157 299 205 2580 97 152 350
internal_value=-0.0181351 0.628078 -0.15143 -0.586505 1.00616 -0.796126
internal_weight=3840 656 3184 604 451 447
internal_count=3840 656 3184 604 451 447
is_linear=0
shrinkage=0.03


Tree=92
num_leaves=7
num_cat=0
split_feature=0 5 0 5 1 0
split_gain=350316 186552 139646 82116.1 78601.5 65963.1
threshold=187.50000000000003 -100.69896233081816 -20.499999999999996 7744.4415795803079 -137.83129515250522 299.50000000000006
decision_type=2 10 2 8 8 2
left_child=2 5 3 -1 -5 -2
right_child=1 -3 -4 4 -6 -7
leaf_value=-0.065844153145328155 0.72945009387390947 -0.065844153145328155 -0.065844153145328155 -1.2574445078036929 -0.46726771757866919 1.5611625936746596
leaf_weight=293 209 199 2324 148 484 149
leaf_count=293 209 199 2324 148 484 149
internal_value=-0.0238435 0.670592 -0.143065 -0.461645 -0.654003 1.07899
internal_weight=3806 557 3249 925 632 358
internal_count=3806 557 3249 925 632 358
is_linear=0
shrinkage=0.03


Tree=93
num_leaves=7
num_cat=0
split_feature=0 4 0 2 4 0
split_gain=306951 219959 160845 72269.4 74491.4 50210.4
threshold=164.50000000000003 3.6919725040660381 -20.499999999999996 -34.518487572669976 4.566588214287103 243.50000000000003
decision_type=2 10 2 8 10 2
left_child=2 -2 3 -1 -5 -3
right_child=1 5 -4 4 -6 -7
leaf_value=-0.8626674973464652 -0.016208066557542963 0.66752266280881811 -0.016208066557542963 -0.099067474725715643 -0.82311991590329181 1.3993159237868931
leaf_weight=297 312 154 2226 469 175 195
leaf_count=297 312 154 2226 469 175 195
internal_value=-0.0245944 0.562929 -0.147358 -0.476121 -0.296792 1.07923
internal_weight=3828 661 3167 941 644 349
internal_count=3828 661 3167 941 644 349
is_linear=0
shrinkage=0.03


Tree=94
num_leaves=7
num_cat=0
split_feature=0 4 0 1 0 5
split_gain=304956 197176 120606 106678 63447.5 76017.4
threshold=26.500000000000004 4.3339587165264906 219.50000000000003 67.603314538796766 -20.499999999999996 7204.6986665725717
decision_type=2 10 2 10 2 8
left_child=4 3 -3 -2 5 -1
right_child=1 2 -4 -5 -6 -7
leaf_value=-0.21055299246676354 -0.21055299246676354 0.411579528118653 1.3220410279410226 0.36960447098089777 -0.21055299246676354 -0.68651644530994516
leaf_weight=283 758 527 174 456 966 619
leaf_count=283 758 527 174 456 966 619
internal_value=-0.0270459 0.23892 0.639133 0.00748932 -0.299686 -0.492917
internal_weight=3783 1915 701 1214 1868 902
internal_count=3783 1915 701 1214 1868 902
is_linear=0
shrinkage=0.03


Tree=95
num_leaves=7
num_cat=0
split_feature=0 5 1 6 0 7
split_gain=343000 190914 143315 78472.4 58330.4 39630.8
threshold=202.50000000000003 -42.405506014823906 -38.244549314180993 8.0435606060606073 252.50000000000003 0.9640503166329214
decision_type=2 10 8 10 2 10
left_child=2 4 3 -1 -2 -3
right_child=1 5 -4 -5 -6 -7
leaf_value=-0.099981517906648568 0.56157201889583042 -0.099981517906648568 -0.099981517906648568 -0.65265695208692087 1.4324265355116701 0.56157201889583042
leaf_weight=190 104 119 2455 658 218 46
leaf_count=190 104 119 2455 658 218 46
internal_value=-0.0127636 0.729651 -0.122414 -0.492275 1.15377 -0.0999815
internal_weight=3790 487 3303 848 322 165
internal_count=3790 487 3303 848 322 165
is_linear=0
shrinkage=0.03


Tree=96
num_leaves=7
num_cat=0
split_feature=2 3 0 7 0 6
split_gain=315708 194933 146994 131955 94783 49865.7
threshold=88.33819687366487 9.5000000000000018 106.50000000000001 0.91056453326334486 216.50000000000003 23.957739082365954
decision_type=10 8 2 10 2 10
left_child=1 3 -3 -1 -2 -5
right_child=4 2 -4 5 -6 -7
leaf_value=-0.55957493389736124 0.49573191912909226 -0.090764489196814027 0.49573191912909226 -0.13405520543719676 1.3365818322788585 0.49573191912909226
leaf_weight=1021 746 610 315 960 120 62
leaf_count=1021 746 610 315 960 120 62
internal_value=-0.00791016 -0.15498 0.206192 -0.318527 0.495732 -0.0774026
internal_weight=3834 2968 925 2043 866 1022
internal_count=3834 2968 925 2043 866 1022
is_linear=0
shrinkage=0.03


Tree=97
num_leaves=7
num_cat=0
split_feature=0 5 0 7 3 7
split_gain=325888 203033 101284 80403.7 77213.1 37802.6
threshold=169.50000000000003 -100.69896233081816 -20.499999999999996 0.90744819709577429 9.5000000000000018 0.96228506881981357
decision_type=2 10 2 10 10 10
left_child=2 4 3 -1 -2 -3
right_child=1 5 -4 -5 -6 -7
leaf_value=-0.68114564034637515 0.36940421311184762 -0.13383158956061708 -0.13383158956061708 -0.13383158956061708 1.257916812573449 0.36940421311184762
leaf_weight=545 127 166 2282 365 294 53
leaf_count=545 127 166 2282 365 294 53
internal_value=-0.0105583 0.606749 -0.134481 -0.450189 0.991396 -0.133832
internal_weight=3832 640 3192 910 421 219
internal_count=3832 640 3192 910 421 219
is_linear=0
shrinkage=0.03


Tree=98
num_leaves=7
num_cat=0
split_feature=0 4 7 0 0 3
split_gain=299103 234941 113145 76602.6 76491 45261.2
threshold=77.500000000000014 4.0060458972791624 0.90591147350029133 248.50000000000003 -26.499999999999996 9.5000000000000018
decision_type=2 10 10 2 2 10
left_child=2 5 4 -3 -1 -2
right_child=1 3 -4 -5 -6 -7
leaf_value=-0.67364794662720717 0.0015626562761321457 0.59225881237528366 0.0015626562761321457 1.3499582182337719 -0.20340900687319682 0.44199024687920296
leaf_weight=496 520 448 1191 165 837 209
leaf_count=496 520 448 1191 165 837 209
internal_value=0.00399115 0.365717 -0.188406 0.798074 -0.378755 0.00156266
internal_weight=3866 1342 2524 613 1333 729
internal_count=3866 1342 2524 613 1333 729
is_linear=0
shrinkage=0.03


Tree=99
num_leaves=7
num_cat=0
split_feature=0 5 3 6 3 2
split_gain=287865 189216 96992.1 110858 55939.5 41006.9
threshold=202.50000000000003 -42.405506014823906 7.5000000000000009 9.0650735294117677 9.5000000000000018 123.29665410518648
decision_type=2 10 8 8 10 8
left_child=2 4 3 -1 -2 -5
right_child=1 -3 -4 5 -6 -7
leaf_value=-0.10538817449996557 0.40426587618314297 -0.10538817449996557 -0.10538817449996557 -0.70468162742123674 1.3417799585491796 -0.26663217251951044
leaf_weight=379 77 162 2078 602 236 285
leaf_count=379 77 162 2078 602 236 285
internal_value=-0.00716259 0.683114 -0.105388 -0.367888 1.11317 -0.564392
internal_weight=3819 475 3344 1266 313 887
internal_count=3819 475 3344 1266 313 887
is_linear=0
shrinkage=0.03


Tree=100
num_leaves=7
num_cat=0
split_feature=0 1 5 0 5 0
split_gain=308499 182278 145287 85595.7 90364.8 74257.6
threshold=181.50000000000003 1.0000000180025095e-35 -100.69896233081816 -23.499999999999996 7744.4415795803079 252.50000000000003
decision_type=2 10 10 2 8 2
left_child=1 3 5 4 -1 -2
right_child=2 -3 -4 -5 -6 -7
leaf_value=-0.14975682013504157 0.50558388624191286 0.18703028658974735 0.18703028658974735 -0.14975682013504157 -0.77777129707227188 1.3898508834086576
leaf_weight=217 149 1117 195 1402 501 205
leaf_count=217 149 1117 195 1402 501 205
internal_value=-0.0114237 -0.123001 0.645481 -0.286363 -0.552527 1.02013
internal_weight=3786 3237 549 2120 718 354
internal_count=3786 3237 549 2120 718 354
is_linear=0
shrinkage=0.03


Tree=101
num_leaves=7
num_cat=0
split_feature=0 5 0 5 3 0
split_gain=288357 191992 101375 71241.2 69552.7 55795.2
threshold=202.50000000000003 -100.69896233081816 -23.499999999999996 7744.4415795803079 7.5000000000000009 299.50000000000006
decision_type=2 10 2 8 10 2
left_child=2 5 3 -1 -5 -2
right_child=1 -3 -4 4 -6 -7
leaf_value=-0.096569355661482448 0.74642791883441906 -0.096569355661482448 -0.096569355661482448 -0.87589821539373469 -0.23089093297047722 1.5515445780641819
leaf_weight=283 173 169 2462 350 265 145
leaf_count=283 173 169 2462 350 265 145
internal_value=0.0023749 0.683828 -0.0965694 -0.415158 -0.598794 1.11725
internal_weight=3847 487 3360 898 615 318
internal_count=3847 487 3360 898 615 318
is_linear=0
shrinkage=0.03


Tree=102
num_leaves=7
num_cat=0
split_feature=2 1 8 3 3 6
split_gain=278220 189219 90455.8 83885.9 36800.3 50439
threshold=88.33819687366487 -24.627312620480854 20.958333333343038 7.5000000000000009 9.5000000000000018 28.038684210526323
decision_type=10 8 2 10 8 8
left_child=1 3 4 -1 -3 -6
right_child=-2 2 -4 -5 5 -7
leaf_value=-0.78133125285327321 0.45613294321240827 -0.15270952406297289 0.45613294321240827 -0.15270952406297289 0.29589495951615485 -0.15270952406297289
leaf_weight=502 876 1172 199 309 456 287
leaf_count=502 876 1172 199 309 456 287
internal_value=-0.0125646 -0.153041 -0.00352233 -0.542302 -0.069058 0.0974275
internal_weight=3801 2925 2114 811 1915 743
internal_count=3801 2925 2114 811 1915 743
is_linear=0
shrinkage=0.03


Tree=103
num_leaves=7
num_cat=0
split_feature=0 4 1 6 8 8
split_gain=264362 187929 112550 69617.5 50206.9 47223.9
threshold=169.50000000000003 3.6919725040660381 -38.244549314180993 5.9107954545454549 16.375000000000004 10.708333333343036
decision_type=2 10 8 10 2 2
left_child=2 -2 3 -1 5 -3
right_child=1 4 -4 -5 -6 -7
leaf_value=-0.01046889493006008 -0.001578573754407706 1.0966415674664149 -0.01046889493006008 -0.55576936834338875 1.4190321239233015 0.12777616821974516
leaf_weight=149 297 106 2352 669 159 79
leaf_count=149 297 106 2352 669 159 79
internal_value=-0.00354444 0.551616 -0.115941 -0.418822 1.02785 0.685821
internal_weight=3811 641 3170 818 344 185
internal_count=3811 641 3170 818 344 185
is_linear=0
shrinkage=0.03


Tree=104
num_leaves=7
num_cat=0
split_feature=0 5 0 0 5 4
split_gain=283839 196102 108723 77961 76289.4 39786.2
threshold=169.50000000000003 -42.405506014823906 -23.499999999999996 299.50000000000006 7744.4415795803079 3.646927792402987
decision_type=2 10 2 2 8 10
left_child=2 3 4 5 -1 -2
right_child=1 -3 -4 -5 -6 -7
leaf_value=-0.10667156807661866 0.076310982942581165 -0.10667156807661866 -0.10667156807661866 1.4962190942466258 -0.63350743174590163 0.86869816035113245
leaf_weight=270 79 214 2317 151 599 206
leaf_count=270 79 214 2317 151 599 206
internal_value=0.00993259 0.580758 -0.106672 0.945883 -0.442059 0.650089
internal_weight=3836 650 3186 436 869 285
internal_count=3836 650 3186 436 869 285
is_linear=0
shrinkage=0.03


Tree=105
num_leaves=7
num_cat=0
split_feature=0 5 0 7 8 8
split_gain=290808 224622 83189.7 79199.2 28387.4 39554.3
threshold=243.50000000000003 -42.405506014823906 -20.499999999999996 0.90744819709577429 9.2083333333430364 15.208333333343036
decision_type=2 10 2 10 2 2
left_child=2 -2 3 4 -1 -6
right_child=1 -3 -4 -5 5 -7
leaf_value=-0.18001006569593181 1.3278464914194072 -0.077857976331122861 -0.077857976331122861 -0.077857976331122861 -1.0345552693469369 -0.45677847860878656
leaf_weight=123 248 123 2534 359 183 261
leaf_count=123 248 123 2534 359 183 261
internal_value=0.00781352 0.80486 -0.077858 -0.362064 -0.585133 -0.696706
internal_weight=3831 371 3460 926 567 444
internal_count=3831 371 3460 926 567 444
is_linear=0
shrinkage=0.03


Tree=106
num_leaves=7
num_cat=0
split_feature=3 1 1 8 6 6
split_gain=271993 129148 120696 77102.5 64941.2 38045.2
threshold=7.5000000000000009 -55.911314805348709 130.35103189945224 21.041666666656969 9.6475806451612929 14.912474120082818
decision_type=8 8 10 2 8 8
left_child=1 -1 3 5 -3 -2
right_child=2 4 -4 -5 -6 -7
leaf_value=-0.70773781149553316 0.18489150552349234 0.23474856258938004 0.61447339468839746 0.61447339468839746 -0.30158893334550141 -0.098558545887918403
leaf_weight=500 785 322 510 190 547 930
leaf_count=500 785 322 510 190 547 930
internal_value=0.013573 -0.324105 0.205049 0.0951739 -0.102813 0.031216
internal_weight=3784 1369 2415 1905 869 1715
internal_count=3784 1369 2415 1905 869 1715
is_linear=0
shrinkage=0.03


Tree=107
num_leaves=7
num_cat=0
split_feature=0 2 4 7 3 7
split_gain=322214 159958 142732 88268.2 95090.8 43429.7
threshold=169.50000000000003 85.216893911361709 3.6919725040660381 0.90630852059925104 7.5000000000000009 0.86179029034912435
decision_type=2 10 10 10 8 10
left_child=1 3 -2 4 -1 -3
right_child=2 5 -4 -5 -6 -7
leaf_value=-0.71486988751470226 0.28656717888229966 -0.038362523542749452 1.0532728208251623 -0.038362523542749452 -0.19250201312557372 0.28656717888229966
leaf_weight=508 279 132 344 1208 820 573
leaf_count=508 279 132 344 1208 820 573
internal_value=0.0072725 -0.112886 0.631546 -0.224002 -0.392711 0.286567
internal_weight=3864 3241 623 2536 1328 705
internal_count=3864 3241 623 2536 1328 705
is_linear=0
shrinkage=0.03


Tree=108
num_leaves=7
num_cat=0
split_feature=2 3 7 7 8 8
split_gain=242114 190454 142503 84679.9 63450.2 46159.3
threshold=88.33819687366487 9.5000000000000018 0.91056453326334486 0.87631637290766007 9.1250000000000018 5.6250000000000009
decision_type=10 8 10 10 2 2
left_child=1 2 4 -3 -1 -5
right_child=-2 3 -4 5 -6 -7
leaf_value=-0.095325413056923644 0.46314287734224519 -0.092095442873421057 -0.021320167384917047 -0.40364423888070244 -0.65307423515515473 0.46314287734224519
leaf_weight=240 849 393 1015 55 785 486
leaf_count=240 849 393 1015 55 785 486
internal_value=0.0166178 -0.110966 -0.273371 0.243664 -0.5227 0.463143
internal_weight=3823 2974 2040 934 1025 541
internal_count=3823 2974 2040 934 1025 541
is_linear=0
shrinkage=0.03


Tree=109
num_leaves=7
num_cat=0
split_feature=3 6 2 7 7 2
split_gain=250909 125554 113035 69118.2 80947.8 55388
threshold=7.5000000000000009 9.7432126696832579 59.623676061630256 0.95611144904028122 0.873455848711301 -3.9866006374359126
decision_type=8 8 10 10 10 8
left_child=1 5 -2 4 -4 -1
right_child=2 -3 3 -5 -6 -7
leaf_value=-0.47449367842613122 0.044827032937042745 -0.52342674914060605 0.044827032937042745 0.044827032937042745 0.76550158008878588 0.28376314106983924
leaf_weight=116 1674 921 136 95 546 334
leaf_count=116 1674 921 136 95 546 334
internal_value=0.0019401 -0.322926 0.183716 0.482502 0.600961 0.0876827
internal_weight=3822 1371 2451 777 682 450
internal_count=3822 1371 2451 777 682 450
is_linear=0
shrinkage=0.03


Tree=110
num_leaves=7
num_cat=0
split_feature=0 5 1 5 0 7
split_gain=254336 183045 93831.7 46024.8 56638.9 31585.2
threshold=243.50000000000003 -100.69896233081816 -69.510727941989884 5161.3217740058908 -41.499999999999993 0.87431563201196727
decision_type=2 10 8 8 2 10
left_child=2 -2 3 -1 5 -5
right_child=1 -3 -4 4 -6 -7
leaf_value=-0.10687060292825659 1.2873509975256423 -0.084332117751613783 -0.084332117751613783 -1.498348167994443 -0.25983551644926584 -0.71361641475614512
leaf_weight=240 220 115 2802 67 202 158
leaf_count=240 220 115 2802 67 202 158
internal_value=-0.00802175 0.780088 -0.0843321 -0.439903 -0.6264 -0.952888
internal_weight=3804 335 3469 667 427 225
internal_count=3804 335 3469 667 427 225
is_linear=0
shrinkage=0.03


Tree=111
num_leaves=7
num_cat=0
split_feature=0 5 1 3 5 3
split_gain=258697 174149 93680 65771.3 48760 23516.5
threshold=243.50000000000003 -36.556874513626092 -59.037913560867302 7.5000000000000009 5064.9385610818872 9.5000000000000018
decision_type=2 10 8 10 8 10
left_child=2 5 3 4 -1 -2
right_child=1 -3 -4 -5 -6 -7
leaf_value=-0.27411950486462289 0.58341021664937343 -0.074699623866186365 -0.074699623866186365 -0.074699623866186365 -0.89101638835989849 1.3693510825010997
leaf_weight=204 44 112 2737 274 268 198
leaf_count=204 44 112 2737 274 268 198
internal_value=0.00391228 0.775405 -0.0746996 -0.410668 -0.625535 1.22944
internal_weight=3837 354 3483 746 472 242
internal_count=3837 354 3483 746 472 242
is_linear=0
shrinkage=0.03


Tree=112
num_leaves=7
num_cat=0
split_feature=2 1 7 6 7 7
split_gain=186083 146095 76943.5 46825.8 61227.2 39338.8
threshold=85.216893911361709 -38.244549314180993 0.91218821253368354 13.696428571428571 0.95657137184832253 0.89938967660302949
decision_type=10 8 10 8 10 10
left_child=1 -1 -3 4 5 -2
right_child=3 2 -4 -5 -6 -7
leaf_value=-0.47044555293861773 0.20052448572632803 -0.15281454333778877 0.20052448572632803 0.20052448572632803 0.20052448572632803 0.98642673824462024
leaf_weight=736 72 1153 1067 422 109 267
leaf_count=736 72 1153 1067 422 109 267
internal_value=0.0090561 -0.104466 0.0170248 0.394448 0.609059 0.819069
internal_weight=3826 2956 2220 870 448 339
internal_count=3826 2956 2220 870 448 339
is_linear=0
shrinkage=0.03


Tree=113
num_leaves=7
num_cat=0
split_feature=0 3 5 0 7 7
split_gain=233952 155594 99085.6 115548 44245.6 40498.2
threshold=56.500000000000007 9.5000000000000018 -36.556874513626092 252.50000000000003 0.93800051252482552 0.86599660814046298
decision_type=2 8 10 2 10 10
left_child=-1 4 3 5 -2 -3
right_child=1 2 -4 -5 -6 -7
leaf_value=-0.19520495935154289 -0.090034797537509051 -0.19520495935154289 -0.19520495935154289 1.3802088688465364 0.38767553450339853 0.58680637354261411
leaf_weight=2247 694 47 70 186 232 355
leaf_count=2247 694 47 70 186 232 355
internal_value=0.00159826 0.280723 0.633067 0.763458 0.0299398 0.475379
internal_weight=3831 1584 658 588 926 402
internal_count=3831 1584 658 588 926 402
is_linear=0
shrinkage=0.03


Tree=114
num_leaves=7
num_cat=0
split_feature=0 4 1 3 1 5
split_gain=233494 159862 125313 49088.8 30547.9 26669.6
threshold=202.50000000000003 3.6919725040660381 -24.627312620480854 7.5000000000000009 12.213870803515116 5161.3217740058908
decision_type=2 10 8 10 10 8
left_child=2 -2 3 5 -4 -1
right_child=1 -3 4 -5 -6 -7
leaf_value=-0.29385611248588978 0.049538590161559676 1.1308425849059531 -0.094671624626363748 -0.096323831054374101 0.049538590161559676 -0.71453291373419681
leaf_weight=228 233 260 1345 352 1088 342
leaf_count=228 233 260 1345 352 1088 342
internal_value=0.0119957 0.620935 -0.0776432 -0.375276 0.0352545 -0.547072
internal_weight=3848 493 3355 922 2433 570
internal_count=3848 493 3355 922 2433 570
is_linear=0
shrinkage=0.03


Tree=115
num_leaves=7
num_cat=0
split_feature=3 1 8 7 8 1
split_gain=241026 126479 104239 78063.8 71523.1 57492.3
threshold=8.5000000000000018 -55.911314805348709 20.958333333343038 0.87631637290766007 5.9583333333430355 181.13150274753573
decision_type=8 8 2 10 2 8
left_child=1 -1 3 -2 -5 -4
right_child=2 -3 5 4 -6 -7
leaf_value=-0.5698722625938244 -0.15759148948752519 -0.056487452128054783 0.31659041897572099 -0.32202392568259403 0.39507781476781173 1.150913431807103
leaf_weight=639 494 1329 140 144 924 160
leaf_count=639 494 1329 140 144 924 160
internal_value=0.00804894 -0.223386 0.252647 0.154028 0.298179 0.763908
internal_weight=3830 1968 1862 1562 1068 300
internal_count=3830 1968 1862 1562 1068 300
is_linear=0
shrinkage=0.03


Tree=116
num_leaves=7
num_cat=0
split_feature=0 7 3 3 2 6
split_gain=235690 160919 140950 116053 39757.6 32725.8
threshold=194.50000000000003 0.90591147350029133 9.5000000000000018 7.5000000000000009 42.192313551902778 6.9250948766603431
decision_type=2 10 10 8 8 8
left_child=1 3 -2 5 -3 -1
right_child=2 4 -4 -5 -6 -7
leaf_value=0.11822125149432682 0.11822125149432682 -0.12342838966280076 1.0708668495487907 -0.10483482921585743 0.11822125149432682 -0.69779168100698907
leaf_weight=40 231 612 275 1006 1111 543
leaf_count=40 231 612 275 1006 1111 543
internal_value=0.009617 -0.0825691 0.61199 -0.300229 0.118221 -0.636637
internal_weight=3818 3312 506 1589 1723 583
internal_count=3818 3312 506 1589 1723 583
is_linear=0
shrinkage=0.03


Tree=117
num_leaves=7
num_cat=0
split_feature=0 5 0 5 1 2
split_gain=235005 149019 92387.5 79904.7 76552.9 29255.2
threshold=243.50000000000003 -100.69896233081816 -23.499999999999996 7744.4415795803079 -69.510727941989884 -2.68707263469696
decision_type=2 10 2 8 10 10
left_child=2 -2 3 -1 -5 -3
right_child=1 5 -4 4 -6 -7
leaf_value=-0.060873020579299851 1.1967880679923912 -0.060873020579299851 -0.060873020579299851 -0.82287045996170494 -0.12729289531315627 0.7340580381665911
leaf_weight=277 231 80 2612 383 227 41
leaf_count=277 231 80 2612 383 227 41
internal_value=0.0135375 0.751281 -0.060873 -0.36688 -0.564656 -0.060873
internal_weight=3851 352 3499 887 610 121
internal_count=3851 352 3499 887 610 121
is_linear=0
shrinkage=0.03


Tree=118
num_leaves=7
num_cat=0
split_feature=2 3 7 6 7 5
split_gain=203281 133651 90727.8 72296.7 52972.5 43895.6
threshold=74.198228836059585 9.5000000000000018 0.91218821253368354 14.803610930383867 0.95761545572971396 133.59285902976993
decision_type=10 8 10 8 10 10
left_child=1 2 -1 4 -2 -3
right_child=3 5 -4 -5 -6 -7
leaf_value=-0.44378870741853071 0.78037432487993807 0.18773103429069762 -0.036159707270233238 0.18773103429069762 0.18773103429069762 -0.46432318598993366
leaf_weight=1039 432 821 932 437 110 92
leaf_count=1039 432 821 932 437 110 92
internal_value=0.0146106 -0.112198 -0.251155 0.387905 0.626149 0.187731
internal_weight=3863 2884 1971 979 542 913
internal_count=3863 2884 1971 979 542 913
is_linear=0
shrinkage=0.03


Tree=119
num_leaves=7
num_cat=0
split_feature=3 2 8 5 2 2
split_gain=213052 129784 112922 89404.7 87374 59977.1
threshold=7.5000000000000009 -34.518487572669976 20.708333333343038 12242.460267901422 83.849930524826064 3.1373730897903447
decision_type=8 8 2 8 10 8
left_child=1 -1 4 -3 -2 -4
right_child=2 3 5 -5 -6 -7
leaf_value=-0.74577961251416269 -0.019552480251014338 0.13993624560075124 0.064067010012539949 -0.4519320777505636 0.42003595701573754 0.94877486809992639
leaf_weight=403 1589 558 98 389 546 233
leaf_count=403 1589 558 98 389 546 233
internal_value=0.00725781 -0.295577 0.173096 -0.103406 0.0930109 0.687819
internal_weight=3816 1350 2466 947 2135 331
internal_count=3816 1350 2466 947 2135 331
is_linear=0
shrinkage=0.03


Tree=120
num_leaves=7
num_cat=0
split_feature=0 7 0 1 8 8
split_gain=250145 143758 92985.7 80843.5 59800.9 49425.9
threshold=202.50000000000003 0.91056453326334486 -29.499999999999996 156.58271821339929 20.375000000000004 18.041666666656969
decision_type=2 10 2 10 2 2
left_child=1 2 -1 4 5 -3
right_child=-2 3 -4 -5 -6 -7
leaf_value=-0.59300002042079503 0.6398212326438244 0.042821074660212573 -0.12070354433701772 0.63811680748683064 0.57301169745175229 -0.51172474155734693
leaf_weight=537 501 1040 1242 237 165 167
leaf_count=537 501 1040 1242 237 165 167
internal_value=0.0148382 -0.0777426 -0.263522 0.127701 0.039131 -0.0342657
internal_weight=3889 3388 1779 1609 1372 1207
internal_count=3889 3388 1779 1609 1372 1207
is_linear=0
shrinkage=0.03


Tree=121
num_leaves=7
num_cat=0
split_feature=3 6 1 6 1 2
split_gain=194620 118808 95024.4 74924 59061.2 38570.3
threshold=7.5000000000000009 7.3434285714285723 162.27294830481213 27.599119496855348 -50.510957360267632 118.91316413879396
decision_type=8 8 10 8 8 10
left_child=1 5 -2 -4 -3 -1
right_child=2 4 3 -5 -6 -7
leaf_value=0.073399111622414623 0.1040539774503772 -0.70240730037899568 0.81263230610760451 0.1040539774503772 -0.23308133441008641 0.99057135145714936
leaf_weight=340 2053 424 336 52 562 46
leaf_count=340 2053 424 336 52 562 46
internal_value=0.0249083 -0.260861 0.18557 0.615515 -0.435408 0.184977
internal_weight=3813 1372 2441 388 986 386
internal_count=3813 1372 2441 388 986 386
is_linear=0
shrinkage=0.03


Tree=122
num_leaves=7
num_cat=0
split_feature=0 5 1 0 5 0
split_gain=240729 165553 81995.8 62213.4 59184.9 47957.4
threshold=192.50000000000003 -100.69896233081816 -66.459028601646409 271.50000000000006 5161.3217740058908 -41.499999999999993
decision_type=2 10 8 2 8 2
left_child=2 3 4 -2 -1 -6
right_child=1 -3 -4 -5 5 -7
leaf_value=-0.091219940963135446 0.55114949071552688 -0.091219940963135446 -0.091219940963135446 1.3615936857364748 -0.90788291392612219 -0.27721229426788557
leaf_weight=237 163 181 2649 183 244 197
leaf_count=237 163 181 2649 183 244 197
internal_value=0.00319608 0.598297 -0.0912199 0.982483 -0.420911 -0.627419
internal_weight=3854 527 3327 346 678 441
internal_count=3854 527 3327 346 678 441
is_linear=0
shrinkage=0.03


Tree=123
num_leaves=7
num_cat=0
split_feature=0 5 3 6 8 3
split_gain=197061 162215 68293.4 83461.9 37165.2 31008
threshold=243.50000000000003 -100.69896233081816 7.5000000000000009 9.0650735294117677 11.625000000000002 9.5000000000000018
decision_type=2 10 8 8 2 10
left_child=2 5 3 -1 -5 -2
right_child=1 -3 -4 4 -6 -7
leaf_value=-0.034517974907104225 0.44734173132614652 -0.034517974907104225 -0.034517974907104225 -0.13786499994914783 -0.55265843473973753 1.3549105297365496
leaf_weight=376 43 124 2190 284 621 185
leaf_count=376 43 124 2190 284 621 185
internal_value=0.0341512 0.709463 -0.034518 -0.253481 -0.422787 1.18645
internal_weight=3823 352 3471 1281 905 228
internal_count=3823 352 3471 1281 905 228
is_linear=0
shrinkage=0.03


Tree=124
num_leaves=7
num_cat=0
split_feature=2 3 1 5 4 8
split_gain=189485 137707 85391.8 57635.1 51557.6 45807.4
threshold=105.73080992698671 9.5000000000000018 -69.510727941989884 -85.565303683280931 5.8239750526340188 5.7916666666569663
decision_type=10 8 8 10 10 2
left_child=1 2 -1 5 -4 -3
right_child=-2 3 4 -5 -6 -7
leaf_value=-0.55652460001368342 0.43490995352201284 -0.15236088281192561 -0.16976732115564247 -0.35367238852278937 0.43490995352201284 0.40734349453558116
leaf_weight=548 747 164 1416 144 113 656
leaf_count=548 747 164 1416 144 113 656
internal_value=0.00713482 -0.0980535 -0.235554 0.198137 -0.120228 0.295353
internal_weight=3788 3041 2077 964 1529 820
internal_count=3788 3041 2077 964 1529 820
is_linear=0
shrinkage=0.03


Tree=125
num_leaves=7
num_cat=0
split_feature=0 5 0 0 5 1
split_gain=199738 183607 80611.3 70734.3 63215.2 62731.7
threshold=169.50000000000003 -42.405506014823906 299.50000000000006 -29.499999999999996 7204.6986665725717 -97.214665134747804
decision_type=2 10 2 2 8 10
left_child=3 2 -2 4 -1 -6
right_child=1 -3 -4 -5 5 -7
leaf_value=-0.083376242583669685 0.5742338158538306 -0.083376242583669685 1.4658812093048645 -0.083376242583669685 -0.83748676427843272 -0.18522972980545738
leaf_weight=252 273 206 138 2422 306 235
leaf_count=252 273 206 138 2422 306 235
internal_value=0.0115477 0.505502 0.87645 -0.0833762 -0.366548 -0.555023
internal_weight=3832 617 411 3215 793 541
internal_count=3832 617 411 3215 793 541
is_linear=0
shrinkage=0.03


Tree=126
num_leaves=7
num_cat=0
split_feature=3 8 1 6 8 1
split_gain=199736 105864 97622.8 76129.6 67472.8 56412.8
threshold=8.5000000000000018 20.958333333343038 -55.911314805348709 27.599119496855348 5.9583333333430355 181.13150274753573
decision_type=8 2 8 8 2 8
left_child=2 3 -1 4 -2 -3
right_child=1 5 -4 -5 -6 -7
leaf_value=-0.49615323545783752 -0.26693779698348941 0.30279841845727151 -0.04479151786324706 -0.21967432336497852 0.35130984534947129 1.1496299081814438
leaf_weight=639 186 130 1323 392 1063 157
leaf_count=639 186 130 1323 392 1063 157
internal_value=0.0210769 0.237871 -0.191973 0.144668 0.259101 0.768431
internal_weight=3890 1928 1962 1641 1249 287
internal_count=3890 1928 1962 1641 1249 287
is_linear=0
shrinkage=0.03


Tree=127
num_leaves=7
num_cat=0
split_feature=7 8 1 7 1 8
split_gain=188152 104089 105004 104072 72249.8 47683.3
threshold=0.90591147350029133 20.208333333343038 75.743351300557464 0.95611144904028122 -50.510957360267632 17.958333333343038
decision_type=10 2 10 10 8 2
left_child=4 2 5 -4 -1 -2
right_child=1 -3 3 -5 -6 -7
leaf_value=-0.5338782310539737 -0.035408562083461111 0.70559528270088201 0.70748317769256186 -0.035408562083461111 -0.098393379538697368 -0.57757720947929037
leaf_weight=469 1083 318 413 110 1270 145
leaf_count=469 1083 318 413 110 1270 145
internal_value=0.0138675 0.207151 0.116277 0.471821 -0.216081 -0.0354086
internal_weight=3808 2069 1751 523 1739 1228
internal_count=3808 2069 1751 523 1739 1228
is_linear=0
shrinkage=0.03


Tree=128
num_leaves=7
num_cat=0
split_feature=0 5 0 5 2 6
split_gain=201101 169129 77288.6 68872.5 31108.6 36692.9
threshold=243.50000000000003 -100.69896233081816 -20.499999999999996 7744.4415795803079 -126.84077084064482 15.851925925925928
decision_type=2 10 2 8 8 10
left_child=2 -2 3 -1 -5 -6
right_child=1 -3 -4 4 5 -7
leaf_value=-0.051821872977378135 1.1907712635554764 -0.051821872977378135 -0.051821872977378135 -1.140011711404437 -0.24082217592459457 -0.73036712235401036
leaf_weight=311 227 135 2537 62 350 228
leaf_count=311 227 135 2537 62 350 228
internal_value=0.0181008 0.690117 -0.0518219 -0.322136 -0.504841 -0.434858
internal_weight=3850 362 3488 951 640 578
internal_count=3850 362 3488 951 640 578
is_linear=0
shrinkage=0.03


Tree=129
num_leaves=7
num_cat=0
split_feature=0 3 7 0 5 1
split_gain=196497 123498 112211 88864.2 46870.5 41372.4
threshold=202.50000000000003 9.5000000000000018 0.90591147350029133 -37.499999999999993 -176.05895972251889 -137.83129515250522
decision_type=2 10 10 2 10 8
left_child=2 -2 3 5 -3 -1
right_child=1 4 -4 -5 -6 -7
leaf_value=-1.0185135980972222 0.069240245454841184 1.1951969013196126 0.069240245454841184 -0.089447904774463974 0.081138757728948824 -0.38932064949455902
leaf_weight=139 215 231 1759 1153 40 294
leaf_count=139 215 231 1759 1153 40 294
internal_value=0.0438985 0.606916 -0.0380602 -0.227262 1.03166 -0.593183
internal_weight=3831 486 3345 1586 271 433
internal_count=3831 486 3345 1586 271 433
is_linear=0
shrinkage=0.03


Tree=130
num_leaves=7
num_cat=0
split_feature=2 7 3 6 7 7
split_gain=191508 134563 121012 46660.2 57472 45116.4
threshold=85.216893911361709 0.93435318435318448 9.5000000000000018 15.944222222222225 0.95657137184832253 0.91909827760891594
decision_type=10 10 8 8 10 10
left_child=1 2 -1 4 5 -2
right_child=3 -3 -4 -5 -6 -7
leaf_value=-0.35951303030030002 0.45244202194245237 0.25653612768285128 0.11766740137415936 0.25653612768285128 0.25653612768285128 1.0534124379215981
leaf_weight=1540 227 734 693 345 116 227
leaf_count=1540 227 734 693 345 116 227
internal_value=0.0214161 -0.095618 -0.211436 0.400604 0.583578 0.754582
internal_weight=3882 2967 2233 915 570 454
internal_count=3882 2967 2233 915 570 454
is_linear=0
shrinkage=0.03


Tree=131
num_leaves=7
num_cat=0
split_feature=0 5 2 3 0 2
split_gain=194799 173792 75984.4 62296.2 27946.2 26415.5
threshold=243.50000000000003 -100.69896233081816 -54.200379490852349 7.5000000000000009 -28.499999999999996 43.877347111701972
decision_type=2 10 8 10 2 8
left_child=2 5 3 4 -1 -2
right_child=1 -3 -4 -5 -6 -7
leaf_value=-0.93534553150417954 0.64265645486574907 -0.043856349921007121 -0.043856349921007121 -0.051275490274857047 -0.39258281080042506 1.3734645046895011
leaf_weight=158 64 132 2805 300 190 170
leaf_count=158 64 132 2805 300 190 170
internal_value=0.0259735 0.683103 -0.0438563 -0.36847 -0.640984 1.17717
internal_weight=3819 366 3453 648 348 234
internal_count=3819 366 3453 648 348 234
is_linear=0
shrinkage=0.03


Tree=132
num_leaves=7
num_cat=0
split_feature=0 5 2 3 3 7
split_gain=201372 149001 85740.4 60043.8 38321.7 14661.2
threshold=243.50000000000003 -42.405506014823906 -23.468756794929501 7.5000000000000009 10.500000000000002 0.92357745942400082
decision_type=2 10 8 10 10 10
left_child=2 4 3 -1 5 -2
right_child=1 -3 -4 -5 -6 -7
leaf_value=-0.58095414308652493 0.22983233897582342 -0.035628135136618229 -0.035628135136618229 -0.082555231204436669 1.4080837214442918 1.0066505938565189
leaf_weight=437 45 120 2554 433 158 43
leaf_count=437 45 120 2554 433 158 43
internal_value=0.0359447 0.703794 -0.0356281 -0.33328 1.12854 0.61646
internal_weight=3790 366 3424 870 246 88
internal_count=3790 366 3424 870 246 88
is_linear=0
shrinkage=0.03


Tree=133
num_leaves=7
num_cat=0
split_feature=2 1 8 2 4 6
split_gain=163897 114107 62863.8 47529.5 32426.4 27182
threshold=105.73080992698671 -38.244549314180993 20.375000000000004 -41.911122083663933 4.441831023352365 13.44089026915114
decision_type=10 8 2 8 8 8
left_child=1 -1 4 -4 -3 -2
right_child=5 2 3 -5 -6 -7
leaf_value=-0.40749954758206891 0.6574248822831682 -0.12363590321136396 -0.40749954758206891 0.40676643578009203 0.12518781799639836 0.40676643578009203
leaf_weight=733 391 1323 55 212 731 384
leaf_count=733 391 1323 55 212 731 384
internal_value=0.0174338 -0.0814662 0.0216302 0.406766 -0.035064 0.406766
internal_weight=3829 3054 2321 267 2054 775
internal_count=3829 3054 2321 267 2054 775
is_linear=0
shrinkage=0.03


Tree=134
num_leaves=7
num_cat=0
split_feature=3 8 2 6 6 2
split_gain=162926 111969 105904 78793.4 51530.7 51696.2
threshold=8.5000000000000018 20.958333333343038 -14.513577699661253 13.948008534850642 28.038684210526323 75.468877673149123
decision_type=8 2 8 8 8 10
left_child=2 4 -1 -4 5 -2
right_child=1 -3 3 -5 -6 -7
leaf_value=-0.48273791036318892 0.08358187839549075 0.77821440060349067 0.20391216766335366 -0.26656251128424296 -0.19091024153035233 0.51083142728181885
leaf_weight=669 836 271 680 604 369 366
leaf_count=669 836 271 680 604 369 366
internal_value=0.0138646 0.216208 -0.176991 -0.0174367 0.118827 0.213993
internal_weight=3795 1842 1953 1284 1571 1202
internal_count=3795 1842 1953 1284 1571 1202
is_linear=0
shrinkage=0.03


Tree=135
num_leaves=7
num_cat=0
split_feature=0 5 1 3 7 3
split_gain=203528 157329 56712.8 44080.5 36345.2 26556.7
threshold=243.50000000000003 -100.69896233081816 -59.037913560867302 7.5000000000000009 0.90345893141945788 10.500000000000002
decision_type=2 10 8 10 10 10
left_child=2 5 3 4 -1 -2
right_child=1 -3 -4 -5 -6 -7
leaf_value=-0.69524188708989543 0.74937274453404179 -0.040179968462305531 -0.040179968462305531 -0.040179968462305531 -0.15397717294845989 1.4206248280895899
leaf_weight=281 90 136 2756 251 186 145
leaf_count=281 90 136 2756 251 186 145
internal_value=0.0312231 0.698143 -0.04018 -0.306623 -0.480453 1.16781
internal_weight=3845 371 3474 718 467 235
internal_count=3845 371 3474 718 467 235
is_linear=0
shrinkage=0.03


Tree=136
num_leaves=7
num_cat=0
split_feature=0 5 0 5 2 3
split_gain=202735 103786 79345.2 61289.8 47859.4 40424.6
threshold=243.50000000000003 -42.405506014823906 -29.499999999999996 7204.6986665725717 45.720177531242378 6.5000000000000009
decision_type=2 10 2 8 8 8
left_child=2 4 3 -1 -2 -5
right_child=1 -3 -4 5 -6 -7
leaf_value=-0.030480823263657832 0.41968196198344226 -0.030480823263657832 -0.030480823263657832 -0.89380334082402679 1.3590369807535949 -0.33661978978693013
leaf_weight=261 71 112 2672 170 164 380
leaf_count=261 71 112 2672 170 164 380
internal_value=0.0308761 0.721304 -0.0380963 -0.327456 1.07821 -0.51015
internal_weight=3830 347 3483 811 235 550
internal_count=3830 347 3483 811 235 550
is_linear=0
shrinkage=0.03


Tree=137
num_leaves=7
num_cat=0
split_feature=3 8 6 2 6 2
split_gain=136616 87221.9 82960.6 52775.5 53992.6 52341.6
threshold=7.5000000000000009 20.958333333343038 7.5587251828631148 59.623676061630256 15.944222222222225 118.91316413879396
decision_type=8 2 8 10 8 10
left_child=2 3 5 -2 -5 -1
right_child=1 -3 -4 4 -6 -7
leaf_value=0.013558407352033969 -0.013256534304717177 0.62101615020261403 -0.36728672225393133 0.51528115058759982 -0.013256534304717177 1.0359918667487082
leaf_weight=338 1490 312 983 416 223 51
leaf_count=338 1490 312 983 416 223 51
internal_value=0.0187838 0.153392 -0.220643 0.0846036 0.312455 0.149918
internal_weight=3813 2441 1372 2129 639 389
internal_count=3813 2441 1372 2129 639 389
is_linear=0
shrinkage=0.03


Tree=138
num_leaves=7
num_cat=0
split_feature=2 1 0 0 6 8
split_gain=163231 106588 87810 49194.7 44768.7 50037.1
threshold=107.45434272289278 -24.627312620480854 187.50000000000003 202.50000000000003 13.696428571428571 10.458333333343036
decision_type=10 8 2 2 8 2
left_child=1 -1 4 -3 5 -2
right_child=2 3 -4 -5 -6 -7
leaf_value=-0.35562839785139877 0.038063451678479819 -0.023567264821869636 1.1006961966710431 0.26742084215993855 0.038063451678479819 0.75508252314133273
leaf_weight=850 80 1933 139 336 307 228
leaf_count=850 80 1933 139 336 307 228
internal_value=0.0264824 -0.0693063 0.42229 0.0380635 0.267421 0.523108
internal_weight=3873 3119 754 2269 615 308
internal_count=3873 3119 754 2269 615 308
is_linear=0
shrinkage=0.03


Tree=139
num_leaves=7
num_cat=0
split_feature=1 8 2 6 8 4
split_gain=167564 104371 71431.9 47071.6 45720.5 31325.3
threshold=115.31298512220384 20.958333333343038 -56.016805171966546 14.912474120082818 19.375000000000004 6.0433030104753334
decision_type=10 2 8 8 2 8
left_child=1 2 4 -4 -1 -5
right_child=-2 -3 3 5 -6 -7
leaf_value=-0.30692549815829495 0.43356106598403404 0.43356106598403404 0.089348824162243851 -0.2571273686743617 -1.055641233674411 0.14949153540326218
leaf_weight=482 739 254 1147 931 86 208
leaf_count=482 739 254 1147 931 86 208
internal_value=0.0278422 -0.0687354 -0.12116 -0.0462731 -0.421943 -0.182806
internal_weight=3847 3108 2854 2286 568 1139
internal_count=3847 3108 2854 2286 568 1139
is_linear=0
shrinkage=0.03


Tree=140
num_leaves=7
num_cat=0
split_feature=0 2 4 1 8 8
split_gain=201933 97204.5 90864.1 83241.2 37963.2 26864.3
threshold=243.50000000000003 97.505323648452773 3.6919725040660381 -76.931830128033951 10.041666666656967 16.125000000000004
decision_type=2 10 10 8 2 2
left_child=1 3 -2 -1 -3 -4
right_child=2 4 5 -5 -6 -7
leaf_value=-0.45248081258408646 0.26849447426350409 -0.0432104014990808 0.76697561081949173 -0.0432104014990808 0.26849447426350409 1.4986702284336091
leaf_weight=561 163 155 90 2192 547 99
leaf_count=561 163 155 90 2192 547 99
internal_value=0.0234327 -0.046384 0.706897 -0.126745 0.268494 1.15611
internal_weight=3807 3455 352 2753 702 189
internal_count=3807 3455 352 2753 702 189
is_linear=0
shrinkage=0.03


Tree=141
num_leaves=7
num_cat=0
split_feature=0 5 0 5 3 7
split_gain=209827 160646 74697.1 69038 45037.7 42083.2
threshold=243.50000000000003 -100.69896233081816 -22.499999999999996 7744.4415795803079 6.5000000000000009 0.87679442269386643
decision_type=2 10 2 8 8 8
left_child=2 -2 3 -1 5 -5
right_child=1 -3 -4 4 -6 -7
leaf_value=-0.047558402590109176 1.1601718629096165 -0.047558402590109176 -0.047558402590109176 -1.5436728807687758 -0.32928480889116013 -0.58131936189902089
leaf_weight=304 241 122 2582 59 433 136
leaf_count=304 241 122 2582 59 433 136
internal_value=0.0234513 0.709099 -0.0475584 -0.315994 -0.501066 -0.878883
internal_weight=3877 363 3514 932 628 195
internal_count=3877 363 3514 932 628 195
is_linear=0
shrinkage=0.03


Tree=142
num_leaves=7
num_cat=0
split_feature=3 6 6 3 2 2
split_gain=161653 89565.5 63155.3 97878.6 49960.7 45520.2
threshold=7.5000000000000009 7.3434285714285723 27.599119496855348 10.500000000000002 41.021534562110908 -63.927437663078301
decision_type=8 8 8 10 10 8
left_child=1 -1 3 4 -2 -3
right_child=2 5 -4 -5 -6 -7
leaf_value=0.16849354420185086 0.010678787134401888 -0.69865648112398515 -0.14607923305260204 0.67231612035110588 0.35265106773189908 -0.24725809488356199
leaf_weight=374 961 281 435 399 640 708
leaf_count=374 961 281 435 399 640 708
internal_value=0.0348555 -0.226644 0.181264 0.252498 0.147517 -0.376088
internal_weight=3798 1363 2435 2000 1601 989
internal_count=3798 1363 2435 2000 1601 989
is_linear=0
shrinkage=0.03


Tree=143
num_leaves=7
num_cat=0
split_feature=0 5 3 6 0 2
split_gain=190813 145307 68170.4 72020.6 38432.7 41191.1
threshold=252.50000000000003 -42.405506014823906 7.5000000000000009 6.4589285714285731 -4.4999999999999991 -124.6540319919586
decision_type=2 10 8 8 2 8
left_child=2 -2 3 -1 5 -5
right_child=1 -3 -4 4 -6 -7
leaf_value=-0.02563080854107961 1.1525539335686226 -0.02563080854107961 -0.02563080854107961 -1.1692771088665928 -0.19768547199313172 -0.44513309221150293
leaf_weight=325 229 113 2224 86 484 395
leaf_count=325 229 113 2224 86 484 395
internal_value=0.0402864 0.715676 -0.0256308 -0.243632 -0.387037 -0.576763
internal_weight=3856 342 3514 1290 965 481
internal_count=3856 342 3514 1290 965 481
is_linear=0
shrinkage=0.03


Tree=144
num_leaves=7
num_cat=0
split_feature=0 3 7 0 2 8
split_gain=153697 152175 57702.1 58086.2 32820.8 34854.3
threshold=164.50000000000003 9.5000000000000018 0.90591147350029133 -26.499999999999996 4.8254847526550302 16.125000000000004
decision_type=2 10 10 2 8 2
left_child=2 -2 3 -1 -3 -6
right_child=1 4 -4 -5 5 -7
leaf_value=-0.48709477257111977 -0.043187822682570806 0.27170288479846455 -0.043187822682570806 -0.099807277535647304 0.64532208528227475 1.3269492268002272
leaf_weight=521 315 68 1605 1051 130 148
leaf_count=521 315 68 1605 1051 130 148
internal_value=0.0182229 0.434068 -0.0684063 -0.228392 0.867436 1.01166
internal_weight=3838 661 3177 1572 346 278
internal_count=3838 661 3177 1572 346 278
is_linear=0
shrinkage=0.03


Tree=145
num_leaves=7
num_cat=0
split_feature=3 8 7 8 7 8
split_gain=135624 104182 67750.3 66631 93128.2 58383.5
threshold=7.5000000000000009 20.958333333343038 0.91264255734090827 5.9583333333430355 0.91943786203264877 11.541666666656967
decision_type=8 2 10 2 10 2
left_child=2 3 -1 -2 5 -5
right_child=1 -3 -4 4 -6 -7
leaf_value=-0.41029808806800244 -0.2989298693636166 0.67923497985516268 0.0114358894955622 0.2529855510158544 0.42580087537640876 -0.19278581577705264
leaf_weight=717 335 307 656 442 720 655
leaf_count=717 335 307 656 442 720 655
internal_value=0.0298176 0.163159 -0.208938 0.0892555 0.16095 -0.0131101
internal_weight=3832 2459 1373 2152 1817 1097
internal_count=3832 2459 1373 2152 1817 1097
is_linear=0
shrinkage=0.03


Tree=146
num_leaves=7
num_cat=0
split_feature=0 5 2 3 7 0
split_gain=147071 140746 62594.3 44220.4 35472.4 34906.7
threshold=243.50000000000003 -147.05795419216153 -15.897557258605955 6.5000000000000009 0.9278478740319025 355.00000000000006
decision_type=2 10 8 10 8 2
left_child=2 5 3 4 -1 -2
right_child=1 -3 -4 -5 -6 -7
leaf_value=-0.82747508975592521 0.76619321640631921 -0.046339255326758776 -0.046339255326758776 -0.15411088455203625 -0.087495226136275694 1.5562634778905797
leaf_weight=197 145 136 2538 611 83 80
leaf_count=197 145 136 2538 611 83 80
internal_value=0.0143603 0.589457 -0.0463393 -0.297652 -0.609216 1.05275
internal_weight=3790 361 3429 891 280 225
internal_count=3790 361 3429 891 280 225
is_linear=0
shrinkage=0.03


Tree=147
num_leaves=7
num_cat=0
split_feature=2 3 0 0 4 2
split_gain=163503 111298 91706.4 63837 50588.2 39956
threshold=88.33819687366487 8.5000000000000018 106.50000000000001 169.50000000000003 6.161102029410034 -30.380624413490292
decision_type=10 8 2 2 8 8
left_child=1 4 -3 -2 5 -1
right_child=3 2 -4 -5 -6 -7
leaf_value=-0.45705879279412326 0.40908328976426356 -0.035880630813293402 0.40908328976426356 0.9845424121335663 0.40908328976426356 -0.14173162688656907
leaf_weight=599 694 909 439 173 63 914
leaf_count=599 694 909 439 173 63 914
internal_value=0.0475201 -0.0597907 0.140283 0.409083 -0.2309 -0.26679
internal_weight=3791 2924 1348 867 1576 1513
internal_count=3791 2924 1348 867 1576 1513
is_linear=0
shrinkage=0.03


Tree=148
num_leaves=7
num_cat=0
split_feature=0 5 0 1 1 6
split_gain=169343 152301 78695.5 47932 45552.7 44217.9
threshold=158.50000000000003 -100.69896233081816 331.00000000000006 -59.037913560867302 139.13374008735022 8.5294540229885083
decision_type=2 10 2 8 8 10
left_child=3 2 4 5 -2 -1
right_child=1 -3 -4 -5 -6 -7
leaf_value=-0.048038451379312917 0.043152929541663589 -0.048038451379312917 1.4713609988171121 -0.048038451379312917 0.78982221537482189 -0.44214186320646426
leaf_weight=175 106 241 114 2415 240 533
leaf_count=175 106 241 114 2415 240 533
internal_value=0.0465863 0.467613 0.789959 -0.0480385 0.561857 -0.294712
internal_weight=3824 701 460 3123 346 708
internal_count=3824 701 460 3123 346 708
is_linear=0
shrinkage=0.03


Tree=149
num_leaves=7
num_cat=0
split_feature=0 5 0 7 2 2
split_gain=178419 156813 47235.9 45232.8 33271.3 28471.5
threshold=243.50000000000003 -100.69896233081816 -23.499999999999996 0.90670953912111474 45.720177531242378 -50.899998784065239
decision_type=2 10 2 8 8 10
left_child=2 4 3 5 -2 -1
right_child=1 -3 -4 -5 -6 -7
leaf_value=-0.66051472943762068 0.5334809844984727 -0.033258697483389728 -0.033258697483389728 -0.033258697483389728 1.330758279348639 -0.21755700857426127
leaf_weight=252 67 137 2590 343 175 273
leaf_count=252 67 137 2590 343 175 273
internal_value=0.0345379 0.651575 -0.0332587 -0.254442 1.11313 -0.431028
internal_weight=3837 379 3458 868 242 525
internal_count=3837 379 3458 868 242 525
is_linear=0
shrinkage=0.03


Tree=150
num_leaves=7
num_cat=0
split_feature=0 5 0 6 1 5
split_gain=141608 132548 51502.9 63223.7 34896.6 34942.6
threshold=243.50000000000003 -100.69896233081816 -23.499999999999996 13.492027243589746 -20.851303875446316 395.23195803165441
decision_type=2 10 2 10 10 8
left_child=2 -2 3 -1 5 -5
right_child=1 -3 -4 4 -6 -7
leaf_value=-0.036149271417797162 1.0262941947644171 -0.036149271417797162 -0.036149271417797162 -0.036149271417797162 -0.036149271417797162 -0.76581905915186954
leaf_weight=456 229 128 2637 54 84 311
leaf_count=456 229 128 2637 54 84 311
internal_value=0.0213121 0.589927 -0.0361493 -0.262342 -0.515168 -0.642727
internal_weight=3899 357 3542 905 449 365
internal_count=3899 357 3542 905 449 365
is_linear=0
shrinkage=0.03


Tree=151
num_leaves=7
num_cat=0
split_feature=7 0 3 2 7 6
split_gain=140015 112116 76548.6 56439.2 81356 51126.4
threshold=0.90591147350029133 243.50000000000003 7.5000000000000009 105.73080992698671 0.95611144904028122 4.9875000000000007
decision_type=10 2 8 10 10 8
left_child=2 3 5 -2 -5 -1
right_child=1 -3 -4 4 -6 -7
leaf_value=0.53279297403667281 0.028631788470960012 0.8402367814400229 -0.020930179579405007 0.6826438074860135 0.028631788470960012 -0.50791587401682814
leaf_weight=45 1430 216 1134 325 108 586
leaf_count=45 1430 216 1134 325 108 586
internal_value=0.0280526 0.194835 -0.1684 0.119595 0.419245 -0.432972
internal_weight=3844 2079 1765 1863 433 631
internal_count=3844 2079 1765 1863 433 631
is_linear=0
shrinkage=0.03


Tree=152
num_leaves=7
num_cat=0
split_feature=0 4 7 0 4 8
split_gain=147531 115101 78023.3 51502.1 32133.8 27775.6
threshold=243.50000000000003 3.6919725040660381 0.89825433878006711 -29.499999999999996 4.1507830371045387 16.791666666656969
decision_type=2 10 10 2 8 2
left_child=2 -2 3 -1 -5 -3
right_child=1 5 -4 4 -6 -7
leaf_value=-0.5005252551084215 0.018486889513527473 0.72262195300114773 0.018486889513527473 -0.28502723922174944 0.018486889513527473 1.4597051475485976
leaf_weight=417 163 94 2051 473 519 97
leaf_count=417 163 94 2051 473 519 97
internal_value=0.0224522 0.604879 -0.0372947 -0.22118 -0.103367 1.10261
internal_weight=3814 354 3460 1409 992 191
internal_count=3814 354 3460 1409 992 191
is_linear=0
shrinkage=0.03


Tree=153
num_leaves=7
num_cat=0
split_feature=7 3 2 7 3 2
split_gain=159429 133840 74213.2 69621.9 65201.3 50269.4
threshold=0.89763239002521722 10.500000000000002 107.45434272289278 0.95611144904028122 7.5000000000000009 -124.6540319919586
decision_type=10 10 10 10 8 8
left_child=4 2 -2 -4 5 -1
right_child=1 -3 3 -5 -6 -7
leaf_value=-1.0750887524741037 -0.0025112505962548311 0.75818334277600619 0.65065461875360875 -0.0025112505962548311 -0.072923494957320992 -0.33653648932443725
leaf_weight=104 1599 313 346 98 1008 404
leaf_count=104 1599 313 346 98 1008 404
internal_value=0.0271347 0.181525 0.0928496 0.435511 -0.212763 -0.489551
internal_weight=3872 2356 2043 444 1516 508
internal_count=3872 2356 2043 444 1516 508
is_linear=0
shrinkage=0.03


Tree=154
num_leaves=7
num_cat=0
split_feature=0 3 3 6 2 8
split_gain=150493 89618 66744.9 77212.3 50460.9 38076.4
threshold=169.50000000000003 9.5000000000000018 7.5000000000000009 9.0650735294117677 38.590087890625007 5.9583333333430355
decision_type=2 10 8 8 8 2
left_child=2 -2 3 -1 -3 -4
right_child=1 4 5 -5 -6 -7
leaf_value=0.060779019139812027 0.060779019139812027 0.14325100464993212 -0.28114251538358553 -0.39892533557042209 1.0045265147998566 0.060779019139812027
leaf_weight=361 283 82 296 836 245 1663
leaf_count=361 283 82 296 836 245 1663
internal_value=0.0211923 0.452152 -0.0622215 -0.238618 0.789644 0.045628
internal_weight=3766 610 3156 1197 327 1959
internal_count=3766 610 3156 1197 327 1959
is_linear=0
shrinkage=0.03


Tree=155
num_leaves=7
num_cat=0
split_feature=0 4 7 8 0 8
split_gain=143376 97574.1 84628.6 50613.7 43680.7 51191.6
threshold=243.50000000000003 3.6919725040660381 0.90591147350029133 9.2916666666569672 -28.499999999999996 15.208333333343036
decision_type=2 10 10 2 2 2
left_child=2 -2 3 -1 5 -5
right_child=1 -3 -4 4 -6 -7
leaf_value=0.080917417052425916 0.085018860119545528 1.0861469333594844 0.085018860119545528 -0.94864517589167852 -0.15385462671818595 -0.25581395906590398
leaf_weight=473 166 185 1800 163 762 234
leaf_count=473 166 185 1800 163 762 234
internal_value=0.0376498 0.614266 -0.021484 -0.180484 -0.287142 -0.541945
internal_weight=3783 351 3432 1632 1159 397
internal_count=3783 351 3432 1632 1159 397
is_linear=0
shrinkage=0.03


Tree=156
num_leaves=7
num_cat=0
split_feature=7 3 8 3 1 1
split_gain=127399 114042 77026.4 68771 54026.7 43312.2
threshold=0.89763239002521722 9.5000000000000018 1.8750000000000002 7.5000000000000009 154.05477013190591 -66.459028601646409
decision_type=10 10 2 8 10 8
left_child=3 4 -3 5 -2 -1
right_child=1 2 -4 -5 -6 -7
leaf_value=-0.75531927391334819 -0.010295831404519793 -0.67409640077501531 0.63412732514147696 -0.035886715559157033 0.50818231367774125 -0.20171680858193169
leaf_weight=242 1537 43 537 981 204 269
leaf_count=242 1537 43 537 981 204 269
internal_value=0.0331924 0.172198 0.536145 -0.183019 0.0507132 -0.464856
internal_weight=3813 2321 580 1492 1741 511
internal_count=3813 2321 580 1492 1741 511
is_linear=0
shrinkage=0.03


Tree=157
num_leaves=7
num_cat=0
split_feature=2 7 8 6 7 3
split_gain=125119 85540.1 76612.1 64016.5 68932.7 55904.3
threshold=105.73080992698671 0.90591147350029133 9.6250000000000018 14.803610930383867 0.95657137184832253 6.5000000000000009
decision_type=10 10 2 8 10 10
left_child=1 2 -1 4 -2 -4
right_child=3 -3 5 -5 -6 -7
leaf_value=0.11154592031266837 0.80271217971793873 0.10395125158506296 -0.75182710285412102 0.11154592031266837 0.11154592031266837 -0.23335524894848145
leaf_weight=451 362 1548 245 327 88 790
leaf_count=451 362 1548 245 327 88 790
internal_value=0.0349274 -0.0520904 -0.214603 0.374341 0.608448 -0.356693
internal_weight=3811 3034 1486 777 450 1035
internal_count=3811 3034 1486 777 450 1035
is_linear=0
shrinkage=0.03


Tree=158
num_leaves=7
num_cat=0
split_feature=2 7 3 4 8 1
split_gain=163747 95580.5 83091.9 42768.9 61074.1 41612.9
threshold=87.083806753158584 0.93552544063851018 9.5000000000000018 4.6976593661439443 5.9583333333430355 -38.244549314180993
decision_type=10 10 8 10 2 10
left_child=1 2 5 4 -3 -1
right_child=-2 3 -4 -5 -6 -7
leaf_value=-0.38574935734845123 0.40325420876733398 -0.81326401866850306 0.11846695398654916 0.40325420876733398 0.19528724770568595 -0.059620554725942985
leaf_weight=1039 892 60 695 163 473 533
leaf_count=1039 892 60 695 163 473 533
internal_value=0.0471432 -0.0601625 -0.15457 0.247119 0.0804439 -0.275281
internal_weight=3855 2963 2267 696 533 1572
internal_count=3855 2963 2267 696 533 1572
is_linear=0
shrinkage=0.03


Tree=159
num_leaves=7
num_cat=0
split_feature=7 8 2 8 3 7
split_gain=119114 96041.4 94783.3 69797.4 62917.3 45201.6
threshold=0.90591147350029133 15.375000000000002 87.083806753158584 18.041666666656969 7.5000000000000009 0.91858571320354521
decision_type=10 2 8 2 8 10
left_child=4 -2 3 5 -1 -3
right_child=1 2 -4 -5 -6 -7
leaf_value=-0.39112139382697825 0.026431636071991029 -0.26695983179410293 0.77925252469663087 -0.19861078131564283 -0.011944692344755255 0.77925252469663087
leaf_weight=608 1258 44 393 244 1115 141
leaf_count=608 1258 44 393 244 1115 141
internal_value=0.0385298 0.191298 0.443272 0.13439 -0.145895 0.572297
internal_weight=3803 2080 822 429 1723 185
internal_count=3803 2080 822 429 1723 185
is_linear=0
shrinkage=0.03


Tree=160
num_leaves=7
num_cat=0
split_feature=2 4 1 3 8 8
split_gain=137898 94284.7 51049.1 40654.1 27835.9 18949.6
threshold=88.33819687366487 6.0433030104753334 -25.279912968476609 7.5000000000000009 9.6250000000000018 14.875000000000002
decision_type=10 8 8 10 2 2
left_child=1 2 3 4 -1 -2
right_child=5 -3 -4 -5 -6 -7
leaf_value=-0.035543377284043651 0.37136977412398448 0.37136977412398448 -0.035543377284043651 -0.049248690025782894 -0.56231167605997801 0.57132643460395716
leaf_weight=40 426 374 1748 303 463 429
leaf_count=40 426 374 1748 303 463 429
internal_value=0.0364193 -0.0614824 -0.126679 -0.324039 -0.489143 0.37137
internal_weight=3783 2928 2554 806 503 855
internal_count=3783 2928 2554 806 503 855
is_linear=0
shrinkage=0.03


Tree=161
num_leaves=7
num_cat=0
split_feature=2 3 7 7 1 4
split_gain=124409 109885 59507.6 54571.4 41539.2 27014.2
threshold=97.505323648452773 9.5000000000000018 0.98147353668826065 0.89825433878006711 -69.510727941989884 4.5117053425751559
decision_type=10 8 10 10 8 10
left_child=1 2 4 -3 -1 -6
right_child=-2 3 -4 -5 5 -7
leaf_value=-0.4578980356732813 0.35149041809673814 -0.024431221998029228 0.35149041809673814 0.35149041809673814 -0.21373234237386576 0.10528439165132442
leaf_weight=519 839 490 136 455 1080 306
leaf_count=519 839 490 136 455 1080 306
internal_value=0.0289479 -0.0617668 -0.185576 0.205549 -0.229186 -0.143275
internal_weight=3825 2986 2041 945 1905 1386
internal_count=3825 2986 2041 945 1905 1386
is_linear=0
shrinkage=0.03


Tree=162
num_leaves=7
num_cat=0
split_feature=8 2 3 3 8 6
split_gain=133976 95609.2 71986.5 61740.2 75253.6 66800.8
threshold=20.958333333343038 88.33819687366487 10.500000000000002 7.5000000000000009 9.1250000000000018 9.0650735294117677
decision_type=2 10 10 8 2 10
left_child=1 3 -2 4 -1 -6
right_child=2 -3 -4 -5 5 -7
leaf_value=0.25264051692139722 0.21852400068013417 0.26693005850816487 1.0381062146402753 -0.0023125890806381996 -0.020582972843568404 -0.58584137045420126
leaf_weight=185 247 733 158 1612 272 610
leaf_count=185 247 733 158 1612 272 610
internal_value=0.0248487 -0.0364432 0.540032 -0.119518 -0.29642 -0.411742
internal_weight=3817 3412 405 2679 1067 882
internal_count=3817 3412 405 2679 1067 882
is_linear=0
shrinkage=0.03


Tree=163
num_leaves=7
num_cat=0
split_feature=0 5 0 5 1 0
split_gain=171931 144820 42244.6 50378.7 55922.9 23422.4
threshold=243.50000000000003 -100.69896233081816 -23.499999999999996 7204.6986665725717 -135.62698262929914 331.00000000000006
decision_type=2 10 2 8 8 2
left_child=2 5 3 -1 -5 -2
right_child=1 -3 -4 4 -6 -7
leaf_value=-0.032391557736019136 0.79543565173234254 -0.032391557736019136 -0.032391557736019136 -0.91650793425840871 -0.24025075257021861 1.4213848788188448
leaf_weight=283 111 124 2566 145 452 115
leaf_count=283 111 124 2566 145 452 115
internal_value=0.0320271 0.664561 -0.0323916 -0.240134 -0.405759 1.11881
internal_weight=3796 350 3446 880 597 226
internal_count=3796 350 3446 880 597 226
is_linear=0
shrinkage=0.03


Tree=164
num_leaves=7
num_cat=0
split_feature=0 5 2 2 7 7
split_gain=172398 136678 52492.6 31239.2 27194.6 39120.1
threshold=243.50000000000003 -100.69896233081816 -56.016805171966546 63.682977080345161 0.90185482483802548 0.85203430031016247
decision_type=2 10 8 8 10 10
left_child=2 3 4 -2 5 -1
right_child=1 -3 -4 -5 -6 -7
leaf_value=-0.029267274656053603 0.53010227994485337 -0.029267274656053603 -0.029267274656053603 1.318013957580888 -0.069162618170798038 -0.67556012000757104
leaf_weight=112 65 119 2835 165 261 254
leaf_count=112 65 119 2835 165 261 254
internal_value=0.0348722 0.669387 -0.0292673 1.0986 -0.303547 -0.470047
internal_weight=3811 349 3462 230 627 366
internal_count=3811 349 3462 230 627 366
is_linear=0
shrinkage=0.03


Tree=165
num_leaves=7
num_cat=0
split_feature=3 8 1 5 1 6
split_gain=114922 71188.1 79012.7 50057.2 57586.1 48610.5
threshold=8.5000000000000018 20.541666666656969 181.13150274753573 13002.256563663484 -166.46159539620081 26.560442890442893
decision_type=8 2 8 8 8 8
left_child=3 5 -3 -1 -5 -2
right_child=1 2 -4 4 -6 -7
leaf_value=0.024367399053738206 0.20808935450592192 0.051193286340067708 1.0467027009889751 -0.93127761928601693 -0.20538346936971677 -0.17808694667761413
leaf_weight=888 1132 126 166 109 942 395
leaf_count=888 1132 126 166 109 942 395
internal_value=0.0191778 0.190409 0.618774 -0.141471 -0.28148 0.108143
internal_weight=3758 1819 292 1939 1051 1527
internal_count=3758 1819 292 1939 1051 1527
is_linear=0
shrinkage=0.03


Tree=166
num_leaves=7
num_cat=0
split_feature=0 5 0 5 2 2
split_gain=125901 148157 41493.4 55293.1 33535.2 32112.5
threshold=252.50000000000003 -100.69896233081816 -23.499999999999996 7744.4415795803079 43.877347111701972 -126.84077084064482
decision_type=2 10 2 8 8 8
left_child=2 4 3 -1 -2 -5
right_child=1 -3 -4 5 -6 -7
leaf_value=-0.013630928916955403 0.44953254576240265 -0.013630928916955403 -0.013630928916955403 -1.0232653437182306 1.3236267338015815 -0.31260383209587456
leaf_weight=281 55 120 2615 63 153 567
leaf_count=281 55 120 2615 63 153 567
internal_value=0.0387349 0.599998 -0.0136309 -0.215986 1.09575 -0.385179
internal_weight=3854 328 3526 911 208 630
internal_count=3854 328 3526 911 208 630
is_linear=0
shrinkage=0.03


Tree=167
num_leaves=7
num_cat=0
split_feature=0 5 2 2 0 6
split_gain=113403 138612 47816.8 46216.6 20778.1 40125.5
threshold=252.50000000000003 -100.69896233081816 -33.165536522865288 43.877347111701972 -33.499999999999993 13.492027243589746
decision_type=2 10 8 8 2 10
left_child=2 3 4 -2 5 -1
right_child=1 -3 -4 -5 -6 -7
leaf_value=-0.15746791162251911 0.32488596595823765 -0.025575544896859339 -0.025575544896859339 1.2949190292050761 -0.15746791162251911 -0.86252638244690993
leaf_weight=113 63 115 2677 154 579 125
leaf_count=113 63 115 2677 154 579 125
internal_value=0.0248329 0.55382 -0.0255755 1.01608 -0.254946 -0.490438
internal_weight=3826 332 3494 217 817 238
internal_count=3826 332 3494 217 817 238
is_linear=0
shrinkage=0.03


Tree=168
num_leaves=7
num_cat=0
split_feature=3 7 8 7 6 8
split_gain=113071 88987.8 84879.5 73485.1 51296.3 50601
threshold=9.5000000000000018 0.90591147350029133 20.708333333343038 0.87915775499668125 0.69532608695652176 12.708333333343036
decision_type=10 8 2 10 8 2
left_child=1 4 3 -2 -1 -6
right_child=2 -3 -4 -5 5 -7
leaf_value=0.60275840416036797 -0.17663481867801742 0.075222351135911081 0.82925457523485113 0.37840961824929781 -0.086642652085980404 -0.4889117925480948
leaf_weight=57 356 1555 208 538 502 641
leaf_count=57 356 1555 208 538 502 641
internal_value=0.0281912 -0.0745489 0.284876 0.157435 -0.268528 -0.312467
internal_weight=3857 2755 1102 894 1200 1143
internal_count=3857 2755 1102 894 1200 1143
is_linear=0
shrinkage=0.03


Tree=169
num_leaves=7
num_cat=0
split_feature=0 4 2 3 3 4
split_gain=130077 121566 43381.8 49461 28728.6 27557.8
threshold=243.50000000000003 3.7023196081384389 -33.165536522865288 6.5000000000000009 11.500000000000002 5.0810954811165594
decision_type=2 10 8 10 10 10
left_child=2 -2 3 -1 5 -3
right_child=1 4 -4 -5 -6 -7
leaf_value=-0.58612526201320525 -0.023296562961391279 1.2751449929966645 -0.023296562961391279 -0.084631974954360326 1.4995715767996651 0.33302338600158687
leaf_weight=256 158 50 2674 570 83 64
leaf_count=256 158 50 2674 570 83 64
internal_value=0.0322673 0.578607 -0.0232966 -0.240579 1.07395 0.75373
internal_weight=3855 355 3500 826 197 114
internal_count=3855 355 3500 826 197 114
is_linear=0
shrinkage=0.03


Tree=170
num_leaves=7
num_cat=0
split_feature=0 5 2 3 2 6
split_gain=145556 153204 47355.3 50929.6 31819.8 24448.4
threshold=248.50000000000003 -100.69896233081816 -33.165536522865288 6.5000000000000009 63.682977080345161 9.6475806451612929
decision_type=2 10 8 10 8 8
left_child=2 4 3 5 -2 -1
right_child=1 -3 -4 -5 -6 -7
leaf_value=-0.080789238227928273 0.52545231152664529 -0.025924969392679662 -0.025924969392679662 -0.095420456210040958 1.325224259484489 -0.77645078181128224
leaf_weight=60 65 119 2700 556 158 190
leaf_count=60 65 119 2700 556 158 190
internal_value=0.0317714 0.621595 -0.025925 -0.255737 1.09549 -0.610479
internal_weight=3848 342 3506 806 223 250
internal_count=3848 342 3506 806 223 250
is_linear=0
shrinkage=0.03


Tree=171
num_leaves=7
num_cat=0
split_feature=2 3 6 7 7 8
split_gain=100362 76605.7 56697.7 74409.4 56622.7 38032.1
threshold=107.45434272289278 9.5000000000000018 13.44089026915114 0.95761545572971396 0.91056453326334486 9.2083333333430364
decision_type=10 8 8 10 8 2
left_child=1 4 3 -2 5 -1
right_child=2 -3 -4 -5 -6 -7
leaf_value=0.03133853745302842 0.87731698963365756 0.18378173755800223 0.18378173755800223 0.18378173755800223 0.015028818457369815 -0.40072519917305433
leaf_weight=240 288 976 381 93 1059 774
leaf_count=240 288 976 381 93 1059 774
internal_value=0.0417392 -0.0352538 0.349455 0.617939 -0.138418 -0.298531
internal_weight=3811 3049 762 381 2073 1014
internal_count=3811 3049 762 381 2073 1014
is_linear=0
shrinkage=0.03


Tree=172
num_leaves=7
num_cat=0
split_feature=0 4 0 7 2 4
split_gain=134426 107022 63411.2 70473.3 26574.6 30001.7
threshold=252.50000000000003 3.6919725040660381 -24.499999999999996 0.87631637290766007 -67.940669178962693 3.2412356837525409
decision_type=2 10 2 8 10 10
left_child=2 -2 3 -1 5 -5
right_child=1 -3 -4 4 -6 -7
leaf_value=-0.68160848126735218 0.020746984357957715 1.0946716564699359 0.020746984357957715 0.020746984357957715 0.020746984357957715 -0.56558022719300438
leaf_weight=242 153 183 2619 82 385 166
leaf_count=242 153 183 2619 82 385 166
internal_value=0.0349579 0.607165 -0.0202263 -0.247296 -0.080442 -0.328718
internal_weight=3830 336 3494 875 633 248
internal_count=3830 336 3494 875 633 248
is_linear=0
shrinkage=0.03


Tree=173
num_leaves=7
num_cat=0
split_feature=0 4 0 7 8 1
split_gain=117661 93813.1 49271.2 55732.4 36063.1 33388.4
threshold=248.50000000000003 3.7023196081384389 -23.499999999999996 0.87631637290766007 16.125000000000004 -57.62300914525985
decision_type=2 10 2 8 2 8
left_child=2 -2 3 5 -3 -1
right_child=1 4 -4 -5 -6 -7
leaf_value=-0.9265357751526484 0.036780579147501762 0.57215616750193166 0.036780579147501762 -0.048549653394499993 1.404731997315166 -0.24079114616245909
leaf_weight=122 160 90 2573 660 102 135
leaf_count=122 160 90 2573 660 102 135
internal_value=0.0522022 0.574151 -0.000590748 -0.194774 1.01945 -0.568649
internal_weight=3842 352 3490 917 192 257
internal_count=3842 352 3490 917 192 257
is_linear=0
shrinkage=0.03


Tree=174
num_leaves=7
num_cat=0
split_feature=0 4 0 8 6 1
split_gain=122950 94426.8 57941.5 39726 39495.8 26780
threshold=255.00000000000003 3.6919725040660381 -20.499999999999996 16.125000000000004 14.688820422535214 -166.46159539620081
decision_type=2 10 2 2 8 8
left_child=2 -2 4 -3 -1 -6
right_child=1 3 -4 -5 5 -7
leaf_value=-0.045051320968195793 0.018349758241682834 0.53916122339665884 0.018349758241682834 1.4517568210399512 -0.90433765495761054 -0.32004861963634756
leaf_weight=479 145 79 2573 98 88 354
leaf_count=479 145 79 2573 98 88 354
internal_value=0.0268019 0.586798 -0.0249593 1.04976 -0.233978 -0.438156
internal_weight=3816 322 3494 177 921 442
internal_count=3816 322 3494 177 921 442
is_linear=0
shrinkage=0.03


Tree=175
num_leaves=7
num_cat=0
split_feature=7 3 2 7 0 6
split_gain=135705 109272 63938.2 67756.9 58915 53248
threshold=0.89763239002521722 10.500000000000002 107.45434272289278 0.95611144904028122 243.50000000000003 13.948008534850642
decision_type=10 10 10 10 2 10
left_child=-1 2 -2 5 -3 -4
right_child=1 4 3 -5 -6 -7
leaf_value=-0.19248418968827385 0.005994115181255583 0.3702674820070917 0.95024523834487296 0.005994115181255583 1.2142893166384421 0.19124874919036339
leaf_weight=1463 1594 197 198 99 120 144
leaf_count=1463 1594 197 198 99 120 144
internal_value=0.0343028 0.175392 0.0945257 0.413787 0.692585 0.632157
internal_weight=3815 2352 2035 441 317 342
internal_count=3815 2352 2035 441 317 342
is_linear=0
shrinkage=0.03


Tree=176
num_leaves=7
num_cat=0
split_feature=0 4 8 7 3 8
split_gain=105028 123943 41460.8 39792.5 41147.4 37785.4
threshold=164.50000000000003 3.8833298171836903 16.125000000000004 0.90185482483802548 7.5000000000000009 10.958333333343036
decision_type=2 10 2 8 8 2
left_child=3 -2 5 4 -1 -3
right_child=1 2 -4 -5 -6 -7
leaf_value=-0.36504411209708276 0.0056558601224216921 0.83794533166620466 1.1971360420131563 0.0056558601224216921 -0.032145758563373969 0.0056558601224216921
leaf_weight=535 347 107 146 1732 888 59
leaf_count=535 347 107 146 1732 888 59
internal_value=0.0519675 0.396124 0.828989 -0.0200208 -0.157473 0.499967
internal_weight=3814 659 312 3155 1423 166
internal_count=3814 659 312 3155 1423 166
is_linear=0
shrinkage=0.03


Tree=177
num_leaves=7
num_cat=0
split_feature=7 3 1 8 4 3
split_gain=91771.8 80499.6 48046.8 75293.3 55949.3 41894
threshold=0.90071280521712771 10.500000000000002 51.447394728660591 13.375000000000002 4.4673222072876362 7.5000000000000009
decision_type=10 10 8 2 10 8
left_child=5 2 -2 -4 -5 -1
right_child=1 -3 3 4 -6 -7
leaf_value=-0.34526466953633456 -0.089166857970228761 0.62999882978292143 -0.0080733076518490193 0.29216542138311175 0.98062794401620812 -0.019512300420217107
leaf_weight=541 758 293 629 411 143 1032
leaf_count=541 758 293 629 411 143 1032
internal_value=0.0437891 0.167355 0.097229 0.216635 0.47132 -0.131696
internal_weight=3807 2234 1941 1183 554 1573
internal_count=3807 2234 1941 1183 554 1573
is_linear=0
shrinkage=0.03


Tree=178
num_leaves=7
num_cat=0
split_feature=8 2 7 7 2 8
split_gain=118585 69940.2 55736.7 71276.2 52161.1 35796.7
threshold=20.958333333343038 85.216893911361709 0.95657137184832253 0.85995556577032117 -3.3904068470001216 2.3750000000000004
decision_type=2 10 10 10 8 2
left_child=1 -1 3 -3 -2 -5
right_child=4 2 -4 5 -6 -7
leaf_value=-0.087230100955938528 -0.061726607902731628 -0.087230100955938528 -0.087230100955938528 -0.087230100955938528 0.72951154819770947 0.616226352773379
leaf_weight=2694 100 129 106 41 297 457
leaf_count=2694 100 129 106 41 297 457
internal_value=0.0403939 -0.0165266 0.243095 0.368206 0.530553 0.53696
internal_weight=3824 3427 733 627 397 498
internal_count=3824 3427 733 627 397 498
is_linear=0
shrinkage=0.03


Tree=179
num_leaves=7
num_cat=0
split_feature=7 8 3 6 0 8
split_gain=113690 87536 57144.3 57286.3 50381.1 49602.5
threshold=0.90591147350029133 15.375000000000002 7.5000000000000009 3.4942099567099576 276.50000000000006 21.208333333343038
decision_type=10 2 8 8 2 2
left_child=2 4 3 -1 -2 -4
right_child=1 -3 5 -5 -6 -7
leaf_value=0.7190735395361737 -0.019172504109534326 0.42812872577592304 -0.072529302485308908 -0.44238988512858379 0.7546000600744176 0.61798118764914356
leaf_weight=40 1164 835 1028 585 80 102
leaf_count=40 1164 835 1028 585 80 102
internal_value=0.0406684 0.190722 -0.137095 -0.367026 0.0311539 -0.00970874
internal_weight=3834 2079 1755 625 1244 1130
internal_count=3834 2079 1755 625 1244 1130
is_linear=0
shrinkage=0.03


Tree=180
num_leaves=7
num_cat=0
split_feature=0 5 0 6 3 0
split_gain=108096 108376 34762.2 46368.7 50915.6 31538.9
threshold=243.50000000000003 -100.69896233081816 -20.499999999999996 15.851925925925928 6.5000000000000009 355.00000000000006
decision_type=2 10 2 10 10 2
left_child=2 5 3 -1 -5 -2
right_child=1 -3 -4 4 -6 -7
leaf_value=-0.055267246838622879 0.6302762389434895 -0.024361897365684386 -0.024361897365684386 -1.0789115579053759 -0.25088614644482732 1.3586137115160624
leaf_weight=617 141 122 2576 95 223 89
leaf_count=617 141 122 2576 95 223 89
internal_value=0.0259441 0.526366 -0.0243619 -0.207189 -0.500859 0.916773
internal_weight=3863 352 3511 935 318 230
internal_count=3863 352 3511 935 318 230
is_linear=0
shrinkage=0.03


Tree=181
num_leaves=7
num_cat=0
split_feature=0 4 0 1 2 2
split_gain=131007 93903.7 44532.4 34541.8 33918.5 30504.2
threshold=243.50000000000003 3.6919725040660381 -23.499999999999996 -69.510727941989884 63.682977080345161 45.098634958267219
decision_type=2 10 2 8 8 10
left_child=2 5 3 -1 -3 -2
right_child=1 4 -4 -5 -6 -7
leaf_value=-0.41226945551679622 0.054715114724090866 0.31539289321037045 0.054715114724090866 -0.033583553810078604 1.2549977957487106 0.85402154794959129
leaf_weight=370 123 46 2590 522 149 42
leaf_count=370 123 46 2590 522 149 42
internal_value=0.0481427 0.592138 -0.00825418 -0.190948 1.03609 0.0643892
internal_weight=3842 360 3482 892 195 165
internal_count=3842 360 3482 892 195 165
is_linear=0
shrinkage=0.03


Tree=182
num_leaves=7
num_cat=0
split_feature=0 5 7 3 0 5
split_gain=109116 109780 33354.7 42311.4 29594.4 24815.3
threshold=252.50000000000003 -36.556874513626092 0.89763239002521722 7.5000000000000009 355.00000000000006 1601.4635349512102
decision_type=2 10 10 8 2 8
left_child=2 4 3 5 -2 -1
right_child=1 -3 -4 -5 -6 -7
leaf_value=-0.092175573147147707 0.6473383144871161 -0.02275646754162294 -0.02275646754162294 -0.048547388165203445 1.3589103628198305 -0.54781276797720058
leaf_weight=162 136 120 2118 906 89 322
leaf_count=162 136 120 2118 906 89 322
internal_value=0.0273695 0.535649 -0.0227565 -0.169663 0.933572 -0.395811
internal_weight=3853 345 3508 1390 225 484
internal_count=3853 345 3508 1390 225 484
is_linear=0
shrinkage=0.03


Tree=183
num_leaves=7
num_cat=0
split_feature=0 5 0 7 3 6
split_gain=102346 124426 31563.9 31268.1 39029.1 25796.7
threshold=252.50000000000003 -42.405506014823906 307.50000000000006 0.91056453326334486 7.5000000000000009 3.4942099567099576
decision_type=2 10 2 8 8 8
left_child=3 2 -2 4 5 -1
right_child=1 -3 -4 -5 -6 -7
leaf_value=-0.0022829397036769803 0.51199181759798962 -0.0022829397036769803 1.2739071610884534 -0.0022829397036769803 -0.021636506724373443 -0.3791327941343926
leaf_weight=41 80 119 134 1726 1128 605
leaf_count=41 80 119 134 1726 1128 605
internal_value=0.0455981 0.547352 0.992785 -0.00228294 -0.128197 -0.313943
internal_weight=3833 333 214 3500 1774 646
internal_count=3833 333 214 3500 1774 646
is_linear=0
shrinkage=0.03


Tree=184
num_leaves=7
num_cat=0
split_feature=0 3 7 3 8 6
split_gain=103351 85223 60375.5 40534.9 32221.8 30059.5
threshold=252.50000000000003 10.500000000000002 0.90591147350029133 7.5000000000000009 16.708333333343038 18.143297101449281
decision_type=2 10 8 8 2 10
left_child=2 -2 3 -1 -3 -5
right_child=1 4 -4 5 -6 -7
leaf_value=-0.3398238487770357 0.082343769686182122 0.61327491175427162 0.082343769686182122 0.081877085688424639 1.4700843154327778 -0.26664321596438928
leaf_weight=605 178 84 1853 693 78 327
leaf_count=605 178 84 1853 693 78 327
internal_value=0.038255 0.53667 -0.010609 -0.145492 1.0323 -0.0300061
internal_weight=3818 340 3478 1625 162 1020
internal_count=3818 340 3478 1625 162 1020
is_linear=0
shrinkage=0.03


Tree=185
num_leaves=7
num_cat=0
split_feature=0 5 0 7 6 1
split_gain=107794 119162 58387.9 36683 27909.6 25886.8
threshold=202.50000000000003 -100.69896233081816 285.50000000000006 0.90185482483802548 13.755136268343817 -69.510727941989884
decision_type=2 10 2 8 10 10
left_child=3 2 -2 4 -1 -6
right_child=1 -3 -4 -5 5 -7
leaf_value=-0.017561820657904615 0.39801858103355847 -0.0094663582476961997 1.2301780282706021 -0.0094663582476961997 -0.42022401822726974 -0.071533773320931776
leaf_weight=678 147 165 159 1883 474 322
leaf_count=678 147 165 159 1883 474 322
internal_value=0.0502168 0.474721 0.833014 -0.00946636 -0.159075 -0.279438
internal_weight=3828 471 306 3357 1474 796
internal_count=3828 471 306 3357 1474 796
is_linear=0
shrinkage=0.03


Tree=186
num_leaves=7
num_cat=0
split_feature=0 5 0 2 4 7
split_gain=96350.1 116154 38698.8 31430.5 34566 18895.1
threshold=252.50000000000003 -100.69896233081816 325.50000000000006 -26.472220659255978 3.7863555240364533 0.91316158042164242
decision_type=2 10 2 8 10 8
left_child=3 2 -2 4 5 -1
right_child=1 -3 -4 -5 -6 -7
leaf_value=-0.53721125248191959 0.48800214319787127 -0.019725698650560345 1.3144024693359762 -0.019725698650560345 -0.019725698650560345 -0.13840930486634626
leaf_weight=275 93 117 117 2634 393 176
leaf_count=275 93 117 117 2634 393 176
internal_value=0.0266225 0.518143 0.952472 -0.0197257 -0.202692 -0.382232
internal_weight=3805 327 210 3478 844 451
internal_count=3805 327 210 3478 844 451
is_linear=0
shrinkage=0.03


Tree=187
num_leaves=7
num_cat=0
split_feature=0 4 2 2 2 4
split_gain=120512 105268 63729.3 35752.7 29745.1 23824.9
threshold=164.50000000000003 3.8833298171836903 38.590087890625007 113.70059084892274 -56.016805171966546 3.7863555240364533
decision_type=2 10 8 10 8 10
left_child=4 3 -3 -2 5 -1
right_child=1 2 -4 -5 -6 -7
leaf_value=-0.42989818329858304 -0.031350426188201816 -0.0014414591789245605 1.0284295310497285 0.73829579579202753 -0.031350426188201816 -0.04863121583851563
leaf_weight=302 269 69 249 56 2603 288
leaf_count=302 269 69 249 56 2603 288
internal_value=0.0441465 0.418515 0.805663 0.038396 -0.0313504 -0.244185
internal_weight=3836 643 318 325 3193 590
internal_count=3836 643 318 325 3193 590
is_linear=0
shrinkage=0.03


Tree=188
num_leaves=7
num_cat=0
split_feature=0 4 2 2 1 6
split_gain=93714.6 103755 61313.7 33293 31260 34091.6
threshold=164.50000000000003 4.0060458972791624 2.2342927455902104 131.12371706962588 -69.510727941989884 7.885504201680674
decision_type=2 10 8 10 8 10
left_child=4 3 -3 -2 5 -1
right_child=1 2 -4 -5 -6 -7
leaf_value=-0.028379210148643974 -0.028379210148643974 -0.028379210148643974 0.9896775610757319 0.68969389879855059 -0.028379210148643974 -0.36831481450374559
leaf_weight=152 282 64 240 58 2478 508
leaf_count=152 282 64 240 58 2478 508
internal_value=0.0393076 0.368656 0.770388 0.00825432 -0.0283792 -0.23469
internal_weight=3782 644 304 340 3138 660
internal_count=3782 644 304 340 3138 660
is_linear=0
shrinkage=0.03


Tree=189
num_leaves=7
num_cat=0
split_feature=8 3 2 6 1 8
split_gain=106280 77090.3 64345 72755.1 48286.5 44409.1
threshold=20.958333333343038 10.500000000000002 115.43888473510744 13.696428571428571 -69.510727941989884 10.291666666656967
decision_type=2 10 10 8 8 2
left_child=2 -2 4 5 -1 -4
right_child=1 -3 3 -5 -6 -7
leaf_value=-0.34253658489468169 0.17925718090579479 1.0554170350395904 -0.014828875992033216 -0.069263584286964427 -0.069263584286964427 0.80651197965207855
leaf_weight=581 236 146 80 272 2278 227
leaf_count=581 236 146 80 272 2278 227
internal_value=0.0419682 0.516006 -0.0108374 0.277283 -0.0692636 0.593129
internal_weight=3820 382 3438 579 2859 307
internal_count=3820 382 3438 579 2859 307
is_linear=0
shrinkage=0.03


Tree=190
num_leaves=7
num_cat=0
split_feature=8 6 0 0 8 8
split_gain=103594 49389.8 54168.1 38787 35116.4 51895
threshold=21.041666666656969 14.803610930383867 -4.4999999999999991 307.50000000000006 11.541666666656967 15.625000000000002
decision_type=2 8 2 2 2 2
left_child=1 -1 4 -2 -3 -6
right_child=3 2 -4 -5 5 -7
leaf_value=0.098441149759156396 0.36657933374181245 -0.060022353115322669 -0.011359440463850293 1.147575422609356 -0.97696834922621112 -0.21659455140020165
leaf_weight=1822 306 192 1123 70 151 174
leaf_count=1822 306 192 1123 70 151 174
internal_value=0.0423861 -0.00903764 -0.128431 0.514636 -0.382215 -0.571789
internal_weight=3838 3462 1640 376 517 325
internal_count=3838 3462 1640 376 517 325
is_linear=0
shrinkage=0.03


Tree=191
num_leaves=7
num_cat=0
split_feature=0 5 2 0 7 0
split_gain=95747 105269 39491.9 38750.5 50953 31411.6
threshold=252.50000000000003 -42.405506014823906 43.877347111701972 -23.499999999999996 0.87631637290766007 304.50000000000006
decision_type=2 10 8 2 10 2
left_child=3 2 -2 4 -1 -4
right_child=1 -3 5 -5 -6 -7
leaf_value=-0.57033266371390856 0.24021735404768296 -0.0031163073160734504 0.58221527894337965 -0.0031163073160734504 -0.061688769173765409 1.4425180462740976
leaf_weight=243 61 110 62 2649 649 108
leaf_count=243 61 110 62 2649 649 108
internal_value=0.0431795 0.522527 0.900032 -0.00311631 -0.200738 1.134
internal_weight=3882 341 231 3541 892 170
internal_count=3882 341 231 3541 892 170
is_linear=0
shrinkage=0.03


Tree=192
num_leaves=7
num_cat=0
split_feature=8 3 2 5 2 1
split_gain=86610.2 69096.8 65449.3 64814.5 41155.3 40388.8
threshold=20.958333333343038 12.500000000000002 87.083806753158584 1362.0650701522829 212.94893181324008 91.558447837829604
decision_type=2 10 10 8 8 10
left_child=2 4 -1 -4 -2 -5
right_child=1 -3 3 5 -6 -7
leaf_value=-0.070223742049660795 0.018746481617830071 1.3600055857438309 0.85259643363318482 -0.070223742049660795 0.69540270733833309 0.33456336441585854
leaf_weight=2714 202 64 130 265 134 355
leaf_count=2714 202 64 130 265 134 355
internal_value=0.0466576 0.464053 -0.00166049 0.24621 0.289866 0.117897
internal_weight=3864 400 3464 750 336 620
internal_count=3864 400 3464 750 336 620
is_linear=0
shrinkage=0.03


Tree=193
num_leaves=7
num_cat=0
split_feature=8 2 8 2 5 8
split_gain=96932.2 69965.1 63595 56453.8 48682.2 38153.9
threshold=20.958333333343038 115.43888473510744 10.458333333343036 74.198228836059585 1362.0650701522829 22.125000000000004
decision_type=2 10 2 8 8 2
left_child=1 -1 -3 -2 -4 -5
right_child=3 2 4 5 -6 -7
leaf_value=-0.068671782142134305 0.06097297240071501 -0.068671782142134305 1.185347952934412 1.2895913910454717 0.34569365500268479 0.4866670437172676
leaf_weight=2846 162 183 77 86 314 143
leaf_count=2846 162 183 77 86 314 143
internal_value=0.0435026 -0.00771158 0.294134 0.49034 0.51365 0.792498
internal_weight=3811 3420 574 391 391 229
internal_count=3811 3420 574 391 391 229
is_linear=0
shrinkage=0.03


Tree=194
num_leaves=7
num_cat=0
split_feature=0 3 6 2 5 0
split_gain=99886.7 88976.9 42185.7 41918.8 33238.1 40491
threshold=155.50000000000003 9.5000000000000018 13.899220272904484 37.163431167602546 -176.05895972251889 307.50000000000006
decision_type=2 10 8 8 10 2
left_child=2 -2 -1 -3 5 -5
right_child=1 3 -4 4 -6 -7
leaf_value=0.030823279329782259 0.030823279329782259 0.10971963201250348 -0.13250256023984466 0.73543337549717147 0.10971963201250348 1.5781195028011614
leaf_weight=1392 346 83 1717 162 40 77
leaf_count=1392 346 83 1717 162 40 77
internal_value=0.0538216 0.375147 -0.0194497 0.703261 0.878811 1.01237
internal_weight=3817 708 3109 362 279 239
internal_count=3817 708 3109 362 279 239
is_linear=0
shrinkage=0.03


Tree=195
num_leaves=7
num_cat=0
split_feature=8 2 7 7 2 5
split_gain=97049.7 65755.8 71252.6 69689.8 37397.9 33934.4
threshold=21.041666666656969 115.43888473510744 0.93960780598711646 0.77875644060715798 -14.513577699661253 5656.803584575654
decision_type=2 10 10 10 8 8
left_child=1 -1 3 -3 -2 -5
right_child=4 2 -4 5 -6 -7
leaf_value=-0.070207775469189312 -0.040356667088240053 -0.070207775469189312 -0.070207775469189312 1.1691566029671701 0.66760373979806897 0.49816198754647995
leaf_weight=2905 88 96 130 92 281 264
leaf_count=2905 88 96 130 92 281 264
internal_value=0.0371393 -0.0118768 0.278898 0.476073 0.499115 0.674354
internal_weight=3856 3487 582 452 369 356
internal_count=3856 3487 582 452 369 356
is_linear=0
shrinkage=0.03


Tree=196
num_leaves=7
num_cat=0
split_feature=0 4 0 1 6 4
split_gain=103032 117347 28655.7 22067.6 27775.6 38904.2
threshold=202.50000000000003 3.646927792402987 355.00000000000006 -79.220352927843706 7.885504201680674 5.1320944737147736
decision_type=2 10 2 8 10 10
left_child=3 -2 -3 4 -1 -6
right_child=1 2 -4 -5 5 -7
leaf_value=-0.015317188957771651 -0.015317188957771651 0.69574445041020716 1.4185851372337677 -0.015317188957771651 -0.20070322259896453 -0.93045350972232943
leaf_weight=151 208 179 70 2675 398 78
leaf_count=151 208 179 70 2675 398 78
internal_value=0.0431649 0.464831 0.903814 -0.0153172 -0.193154 -0.321984
internal_weight=3759 457 249 3302 627 476
internal_count=3759 457 249 3302 627 476
is_linear=0
shrinkage=0.03


Tree=197
num_leaves=7
num_cat=0
split_feature=0 5 2 2 8 8
split_gain=91007.9 110893 30482.2 27434.3 19892.1 19177.9
threshold=252.50000000000003 -100.69896233081816 -20.287330508232113 92.32829320430757 18.458333333343038 15.208333333343036
decision_type=2 10 8 8 2 2
left_child=2 3 5 -2 -5 -1
right_child=1 -3 -4 4 -6 -7
leaf_value=-0.3576890811059471 0.48481959560249421 -0.0048027395815827675 -0.0048027395815827675 0.77007134646177289 1.5317257934570312 -0.069422791657153135
leaf_weight=340 78 115 2592 59 74 533
leaf_count=340 78 115 2592 59 74 533
internal_value=0.040345 0.51876 -0.00480274 0.940493 1.20212 -0.181972
internal_weight=3791 326 3465 211 133 873
internal_count=3791 326 3465 211 133 873
is_linear=0
shrinkage=0.03


Tree=198
num_leaves=7
num_cat=0
split_feature=3 0 6 5 0 1
split_gain=76030.5 72222.7 56167.3 54680.7 104292 44652.2
threshold=7.5000000000000009 98.500000000000014 8.7567073170731717 -100.69896233081816 355.00000000000006 211.63554978370669
decision_type=8 2 8 10 2 8
left_child=2 -2 -1 4 5 -3
right_child=1 3 -4 -5 -6 -7
leaf_value=0.14672619195513031 0.025272099000956515 0.12397294185346616 -0.26466938950038316 0.025272099000956515 1.5321438343493969 0.64735228324048921
leaf_weight=432 1646 330 963 148 76 264
leaf_count=432 1646 330 963 148 76 264
internal_value=0.039658 0.139833 -0.137256 0.370043 0.492636 0.357283
internal_weight=3859 2464 1395 818 670 594
internal_count=3859 2464 1395 818 670 594
is_linear=0
shrinkage=0.03


Tree=199
num_leaves=7
num_cat=0
split_feature=0 5 0 1 3 4
split_gain=88431.4 79561.5 32939.9 31308.5 28232.8 34636.9
threshold=243.50000000000003 -147.05795419216153 355.00000000000006 -25.279912968476609 7.5000000000000009 4.8440375778244009
decision_type=2 10 2 8 10 10
left_child=3 2 -2 4 5 -1
right_child=1 -3 -4 -5 -6 -7
leaf_value=-0.21563746527609665 0.5304506878260995 -0.0033368039578135209 1.2674133542309636 -0.0033368039578135209 -0.0033368039578135209 -0.89340355579611619
leaf_weight=491 141 125 91 2546 367 78
leaf_count=491 141 125 91 2546 367 78
internal_value=0.0428244 0.491809 0.823717 -0.0033368 -0.17675 -0.309952
internal_weight=3839 357 232 3482 936 569
internal_count=3839 357 232 3482 936 569
is_linear=0
shrinkage=0.03


Tree=200
num_leaves=7
num_cat=0
split_feature=8 7 3 6 8 8
split_gain=82378.4 60334.3 59877.4 46733.5 44487.3 43706.2
threshold=21.125000000000004 0.91389144142716827 12.500000000000002 0.69532608695652176 9.2083333333430364 13.291666666656967
decision_type=2 8 10 8 2 2
left_child=1 3 -2 -1 -5 -3
right_child=2 5 -4 4 -6 -7
leaf_value=0.54563640052272422 0.30801014907834046 -0.0093577183604098679 1.3537262035628497 0.084882182155907482 -0.24102553303461541 0.30450647558297339
leaf_weight=92 306 840 58 536 1266 760
leaf_count=92 306 840 58 536 1266 760
internal_value=0.0490373 0.00423638 0.477888 -0.110318 -0.144092 0.139825
internal_weight=3858 3494 364 1894 1802 1600
internal_count=3858 3494 364 1894 1802 1600
is_linear=0
shrinkage=0.03


Tree=201
num_leaves=7
num_cat=0
split_feature=2 7 5 4 6 2
split_gain=75274.1 52033.1 42279 38663.9 46512.5 31912.5
threshold=123.29665410518648 0.90591147350029133 817.12641394138348 3.7863555240364533 13.811317073170734 -46.537706136703484
decision_type=10 10 8 8 10 8
left_child=1 3 -2 5 -5 -1
right_child=2 -3 -4 4 -6 -7
leaf_value=-0.60354848788814108 0.94995352069536843 0.10753384513099676 0.24850058089636823 0.24850058089636823 -0.18561522959622712 -0.16012507913697827
leaf_weight=219 89 1657 561 343 504 438
leaf_count=219 89 1657 561 343 504 438
internal_value=0.0520994 -0.00839671 0.345857 -0.136107 -0.00208248 -0.308625
internal_weight=3811 3161 650 1504 847 657
internal_count=3811 3161 650 1504 847 657
is_linear=0
shrinkage=0.03


Tree=202
num_leaves=7
num_cat=0
split_feature=2 6 8 8 6 1
split_gain=80994.2 60413 43931.5 36419.6 30978.7 23917.5
threshold=95.561455726623549 14.803610930383867 10.125000000000002 11.708333333343036 10.05302702702703 -29.287706613540646
decision_type=10 8 2 2 10 8
left_child=5 2 -2 -4 -5 -1
right_child=1 -3 3 4 -6 -7
leaf_value=-0.17991474219003512 -0.015467972537350796 0.02214290658959505 1.354511591366359 0.28955895954164967 0.89979134571307628 -0.015467972537350796
leaf_weight=795 95 345 62 173 133 2197
leaf_count=795 95 345 62 173 133 2197
internal_value=0.056537 0.322859 0.546404 0.694552 0.556858 -0.015468
internal_weight=3800 808 463 368 306 2992
internal_count=3800 808 463 368 306 2992
is_linear=0
shrinkage=0.03


Tree=203
num_leaves=7
num_cat=0
split_feature=8 2 8 2 4 8
split_gain=87769.5 66929.4 43745.6 42765.3 42838.4 39459.5
threshold=20.958333333343038 115.43888473510744 10.041666666656967 107.45434272289278 3.6919725040660381 23.125000000000004
decision_type=2 10 2 8 10 2
left_child=1 -1 -3 4 -2 -5
right_child=3 2 -4 5 -6 -7
leaf_value=-0.055720778154252387 -0.58056984145686308 -0.055720778154252387 0.45965092069347718 1.1391712828460803 0.45193779722640387 0.45193779722640387
leaf_weight=2806 52 148 420 120 113 90
leaf_count=2806 52 148 420 120 113 90
internal_value=0.0528724 0.00442052 0.301103 0.487639 0.125004 0.770623
internal_weight=3749 3374 568 375 165 210
internal_count=3749 3374 568 375 165 210
is_linear=0
shrinkage=0.03


Tree=204
num_leaves=7
num_cat=0
split_feature=8 2 6 2 8 8
split_gain=92576.4 58061.3 50572.2 48097 50394.9 46555.2
threshold=20.958333333343038 115.43888473510744 13.696428571428571 74.198228836059585 22.125000000000004 10.458333333343036
decision_type=2 10 8 8 2 2
left_child=1 -1 5 -2 -5 -3
right_child=3 2 -4 4 -6 -7
leaf_value=-0.080515476801462774 0.056378209720242697 -0.080515476801462774 -0.048382414867625616 1.2920174306631087 0.38294570949776419 0.73945712940775754
leaf_weight=2876 158 84 273 89 144 222
leaf_count=2876 158 84 273 89 144 222
internal_value=0.0242441 -0.0253199 0.248513 0.461155 0.734225 0.512684
internal_weight=3846 3455 579 391 233 306
internal_count=3846 3455 579 391 233 306
is_linear=0
shrinkage=0.03


Tree=205
num_leaves=7
num_cat=0
split_feature=2 3 0 0 2 5
split_gain=90971.9 45813.3 50863.9 37867.2 30504.9 29166.1
threshold=107.45434272289278 9.5000000000000018 108.50000000000001 219.50000000000003 -33.165536522865288 -36.556874513626092
decision_type=10 8 2 2 8 10
left_child=1 4 -3 -2 -1 -4
right_child=3 2 5 -5 -6 -7
leaf_value=-0.28143125803248414 0.32784977757511957 -0.032343271675524018 0.32784977757511957 0.88282671404851443 -0.035880802509787584 -0.032343271675524018
leaf_weight=675 664 638 293 110 1396 45
leaf_count=675 664 638 293 110 1396 45
internal_value=0.0376358 -0.0361678 0.133197 0.32785 -0.11601 0.32785
internal_weight=3821 3047 976 774 2071 338
internal_count=3821 3047 976 774 2071 338
is_linear=0
shrinkage=0.03


Tree=206
num_leaves=7
num_cat=0
split_feature=8 7 8 8 7 8
split_gain=82108 44452.9 37705.9 32083.1 32539.7 30948
threshold=21.041666666656969 0.89763239002521722 9.4583333333430364 14.875000000000002 0.67407669933761893 5.2083333333430355
decision_type=2 10 2 2 10 2
left_child=1 2 5 4 -4 -1
right_child=-2 -3 3 -5 -6 -7
leaf_value=-0.21289599293874481 0.47944600764200213 0.09365212756613607 -0.93110108409743553 -0.094057132285343889 -0.2842302259980895 0.29294256773517324
leaf_weight=176 362 2071 94 582 272 282
leaf_count=176 362 2071 94 582 272 282
internal_value=0.0501098 0.00528539 -0.12485 -0.232755 -0.452451 0.0985189
internal_weight=3839 3477 1406 948 366 458
internal_count=3839 3477 1406 948 366 458
is_linear=0
shrinkage=0.03


Tree=207
num_leaves=7
num_cat=0
split_feature=8 2 5 8 2 1
split_gain=92587.2 57910.2 46347.6 43695.7 43985.7 36008.7
threshold=20.958333333343038 85.216893911361709 1362.0650701522829 22.125000000000004 74.198228836059585 91.558447837829604
decision_type=2 10 8 2 8 10
left_child=1 -1 -3 4 -2 -4
right_child=3 2 5 -5 -6 -7
leaf_value=-0.076185100240178119 0.28961077740658886 0.72389724423889723 -0.076185100240178119 0.21913614882541096 1.3133883503387713 0.31600147806107998
leaf_weight=2690 68 135 257 241 86 347
leaf_count=2690 68 135 257 241 86 347
internal_value=0.0385988 -0.0115564 0.223481 0.472926 0.866116 0.110621
internal_weight=3824 3429 739 395 154 604
internal_count=3824 3429 739 395 154 604
is_linear=0
shrinkage=0.03


Tree=208
num_leaves=7
num_cat=0
split_feature=2 8 6 3 8 2
split_gain=72040.1 59889 54707.2 52411.5 50779.9 57948.5
threshold=-17.863368153572079 21.041666666656969 14.803610930383867 6.5000000000000009 10.291666666656967 127.00085854530336
decision_type=8 2 8 10 2 8
left_child=3 2 4 -1 -2 -6
right_child=1 -3 -4 -5 5 -7
leaf_value=-0.51262961450925804 -0.024102445424857115 0.54411190874423843 -0.063369468196122727 -0.063369468196122727 0.1536348354696408 0.66142127406349527
leaf_weight=290 504 280 1214 655 508 336
leaf_count=290 504 280 1214 655 508 336
internal_value=0.05288 0.128325 0.0826896 -0.173911 0.214179 0.35633
internal_weight=3787 2842 2562 945 1348 844
internal_count=3787 2842 2562 945 1348 844
is_linear=0
shrinkage=0.03


Tree=209
num_leaves=7
num_cat=0
split_feature=8 3 7 2 5 8
split_gain=75905.2 76136.5 65964.8 43828.2 63316.2 37722.1
threshold=20.958333333343038 10.500000000000002 0.90630852059925104 127.00085854530336 1362.0650701522829 14.125000000000002
decision_type=2 10 10 10 8 2
left_child=3 2 -2 -1 -5 -6
right_child=1 -3 -4 4 5 -7
leaf_value=-0.056992265598171624 -0.67143943167908093 0.95786774975377198 0.4128201024962323 0.97432261834683065 -0.056992265598171624 0.42340793091901308
leaf_weight=2888 70 150 174 87 256 190
leaf_count=2888 70 150 174 87 256 190
internal_value=0.0346184 0.428378 0.100291 -0.0108433 0.238848 0.0935226
internal_weight=3815 394 244 3421 533 446
internal_count=3815 394 244 3421 533 446
is_linear=0
shrinkage=0.03


Tree=210
num_leaves=7
num_cat=0
split_feature=0 5 2 0 7 3
split_gain=76860.2 113179 35747.1 32076.2 46643.4 27795.5
threshold=248.50000000000003 -100.69896233081816 43.877347111701972 -23.499999999999996 0.87631637290766007 8.5000000000000018
decision_type=2 10 8 2 8 8
left_child=3 2 -2 4 5 -1
right_child=1 -3 -4 -5 -6 -7
leaf_value=-0.76405670651793478 0.2664802821477254 0.0022448309139063995 1.1159514013974063 0.0022448309139063995 -0.044503888918222032 -0.07812412526872424
leaf_weight=159 62 126 165 2583 633 80
leaf_count=159 62 126 165 2583 633 80
internal_value=0.0453819 0.466389 0.886124 0.00224483 -0.179602 -0.535738
internal_weight=3808 353 227 3455 872 239
internal_count=3808 353 227 3455 872 239
is_linear=0
shrinkage=0.03


Tree=211
num_leaves=7
num_cat=0
split_feature=3 8 0 3 6 2
split_gain=71344 75774.6 54234.7 49930.9 44055.8 27032.1
threshold=7.5000000000000009 5.9583333333430355 252.50000000000003 10.500000000000002 6.1913043478260876 118.91316413879396
decision_type=8 2 2 10 8 10
left_child=4 -2 -3 -4 5 -1
right_child=1 2 3 -5 -6 -7
leaf_value=0.052918491681543778 -0.28777762199101226 0.1463464599925047 0.1463464599925047 1.0160459662838417 -0.23823365308003858 0.85548404216766349
leaf_weight=312 331 1870 99 131 1011 42
leaf_count=312 331 1870 99 131 1011 42
internal_value=0.0360629 0.133501 0.200008 0.633775 -0.13744 0.15028
internal_weight=3796 2431 2100 230 1365 354
internal_count=3796 2431 2100 230 1365 354
is_linear=0
shrinkage=0.03


Tree=212
num_leaves=7
num_cat=0
split_feature=0 4 8 2 4 8
split_gain=82838.4 86520.8 48691.4 25466.7 34039 25324.9
threshold=255.00000000000003 3.6919725040660381 17.875000000000004 -33.165536522865288 3.7863555240364533 17.625000000000004
decision_type=2 10 2 8 10 2
left_child=3 -2 -3 4 5 -1
right_child=1 2 -4 -5 -6 -7
leaf_value=-0.18912496234987167 -0.0020085079638909186 0.41938472986221315 1.4196932819293391 -0.0020085079638909186 -0.0020085079638909186 -0.67605795473676833
leaf_weight=285 153 85 92 2687 408 145
leaf_count=285 153 85 92 2687 408 145
internal_value=0.0406001 0.494368 0.944374 -0.00200851 -0.167291 -0.354511
internal_weight=3855 330 177 3525 838 430
internal_count=3855 330 177 3525 838 430
is_linear=0
shrinkage=0.03


Tree=213
num_leaves=7
num_cat=0
split_feature=0 5 2 0 2 4
split_gain=84493.9 108873 33701.1 30983.2 22443.8 20100.6
threshold=252.50000000000003 -42.405506014823906 43.076737761497505 304.50000000000006 -33.165536522865288 3.7863555240364533
decision_type=2 10 8 2 8 10
left_child=4 2 -2 -4 5 -1
right_child=1 -3 3 -5 -6 -7
leaf_value=-0.29900793171382317 0.30401518939964228 0.0015023595183728765 0.525866924366861 1.4331470509555853 0.0015023595183728765 0.0015023595183728765
leaf_weight=423 61 113 52 106 2669 373
leaf_count=423 61 113 52 106 2669 373
internal_value=0.0453687 0.501811 0.909394 1.13973 0.00150236 -0.157697
internal_weight=3797 332 219 158 3465 796
internal_count=3797 332 219 158 3465 796
is_linear=0
shrinkage=0.03


Tree=214
num_leaves=7
num_cat=0
split_feature=2 8 8 6 5 0
split_gain=67102.1 56503.6 48316.4 37825.4 25578.5 24679.9
threshold=105.73080992698671 10.375000000000002 11.541666666656967 14.565349264705885 874.15166389942181 8.5000000000000018
decision_type=10 2 2 8 10 2
left_child=-1 -2 -3 4 -4 -5
right_child=1 2 3 5 -6 -7
leaf_value=-0.020492022685621947 -0.020492022685621947 1.2575159971714018 0.71567461220117712 -0.020492022685621947 -0.020492022685621947 0.3694127649406217
leaf_weight=3068 194 59 233 73 43 158
leaf_count=3068 194 59 233 73 43 158
internal_value=0.0420492 0.294213 0.451329 0.355222 0.591639 0.071416
internal_weight=3828 760 566 507 276 231
internal_count=3828 760 566 507 276 231
is_linear=0
shrinkage=0.03


Tree=215
num_leaves=7
num_cat=0
split_feature=0 5 2 0 6 0
split_gain=52427.9 101432 35234.3 29345.1 28709 30231
threshold=255.00000000000003 -147.05795419216153 43.877347111701972 304.50000000000006 14.803610930383867 -4.4999999999999991
decision_type=2 10 8 2 10 2
left_child=4 2 -2 -4 -1 -6
right_child=1 -3 3 -5 5 -7
leaf_value=0.018965870016849313 0.18738983108447146 0.018965870016849313 0.54735621769513398 1.4400975505860296 -0.30732375361484299 -0.016549766148979728
leaf_weight=2079 51 123 55 90 486 949
leaf_count=2079 51 123 55 90 486 949
internal_value=0.0524487 0.420073 0.87028 1.10754 0.0189659 -0.115173
internal_weight=3833 319 196 145 3514 1435
internal_count=3833 319 196 145 3514 1435
is_linear=0
shrinkage=0.03


Tree=216
num_leaves=7
num_cat=0
split_feature=8 3 7 2 7 6
split_gain=81792.7 56365.4 61656.1 49466 59971.6 71121.1
threshold=20.958333333343038 10.500000000000002 0.90630852059925104 105.73080992698671 0.95657137184832253 13.696428571428571
decision_type=2 10 10 10 10 8
left_child=3 2 -2 -1 5 -5
right_child=1 -3 -4 4 -6 -7
leaf_value=-0.063314480795230291 -0.61469055893746283 0.91651407201608559 0.46505012734940171 0.71974179434432017 -0.063314480795230291 0.037289574059256675
leaf_weight=2843 65 145 170 276 96 273
leaf_count=2843 65 145 170 276 96 273
internal_value=0.0360971 0.453452 0.165059 -0.00948853 0.227494 0.381065
internal_weight=3868 380 235 3488 645 549
internal_count=3868 380 235 3488 645 549
is_linear=0
shrinkage=0.03


Tree=217
num_leaves=7
num_cat=0
split_feature=0 5 2 7 0 4
split_gain=81779.6 99092.5 41495.5 48715.9 26060.8 43122
threshold=255.00000000000003 -42.405506014823906 185.38843464851382 0.92407888788426773 -24.499999999999996 4.8440375778244009
decision_type=2 10 8 10 2 10
left_child=4 2 3 -2 5 -1
right_child=1 -3 -4 -5 -6 -7
leaf_value=-0.060764890399171614 0.0079254540831372282 0.0079254540831372282 1.3342066185264025 1.0730369981697627 0.0079254540831372282 -0.62247275406645763
leaf_weight=730 53 111 101 62 2614 147
leaf_count=730 53 111 101 62 2614 147
internal_value=0.0504808 0.503386 0.892251 0.495944 0.00792545 -0.155518
internal_weight=3818 327 216 115 3491 877
internal_count=3818 327 216 115 3491 877
is_linear=0
shrinkage=0.03


Tree=218
num_leaves=7
num_cat=0
split_feature=8 1 4 7 1 6
split_gain=57435.4 42320 37762 57142.1 51589.4 75995.3
threshold=20.958333333343038 -24.627312620480854 3.7778498503170108 0.91280560524746579 239.11364448070529 14.75841514726508
decision_type=2 8 10 10 8 10
left_child=1 -1 3 -2 5 -4
right_child=2 -3 4 -5 -6 -7
leaf_value=-0.18452388918224993 -0.92839452201669859 0.055265283192657361 1.0373509130477905 0.42691599578052369 1.0450219520269812 -0.33251206871001954
leaf_weight=894 43 2548 59 76 117 92
leaf_count=894 43 2548 59 76 117 92
internal_value=0.0319518 -0.00705131 0.377972 -0.0664736 0.574833 0.206036
internal_weight=3829 3442 387 119 268 151
internal_count=3829 3442 387 119 268 151
is_linear=0
shrinkage=0.03


Tree=219
num_leaves=7
num_cat=0
split_feature=2 0 5 8 8 0
split_gain=52875.4 74015.3 58796.8 45444.8 41015.1 23963.9
threshold=3.1373730897903447 138.50000000000003 -100.69896233081816 20.375000000000004 11.458333333343036 -35.499999999999993
decision_type=8 2 10 2 2 2
left_child=-1 5 3 4 -3 -2
right_child=1 2 -4 -5 -6 -7
leaf_value=-0.12049557566256387 -0.12049557566256387 0.72390035006764442 0.037545515412998061 1.0725687494740557 0.037545515412998061 0.037545515412998061
leaf_weight=1156 416 154 193 133 124 1682
leaf_count=1156 416 154 193 133 124 1682
internal_value=0.0492327 0.121866 0.414206 0.617869 0.397269 0.0375455
internal_weight=3858 2702 604 411 278 2098
internal_count=3858 2702 604 411 278 2098
is_linear=0
shrinkage=0.03


Tree=220
num_leaves=7
num_cat=0
split_feature=7 3 6 3 5 2
split_gain=53423 49448 46876.8 46542.9 50553.9 63022.9
threshold=0.90591147350029133 10.500000000000002 28.578525641025646 6.5000000000000009 1601.4635349512102 -14.513577699661253
decision_type=8 10 10 8 8 8
left_child=3 2 -2 4 5 -1
right_child=1 -3 -4 -5 -6 -7
leaf_value=-0.73675296242317456 0.071262627731290357 0.52815442044656358 1.0625763494318181 0.002241342423564587 -0.73675296242317456 0.46195912851691245
leaf_weight=59 1783 272 43 1433 177 99
leaf_count=59 1783 272 43 1433 177 99
internal_value=0.0491923 0.151535 0.0951756 -0.0722699 -0.390058 0.000519291
internal_weight=3866 2098 1826 1768 335 158
internal_count=3866 2098 1826 1768 335 158
is_linear=0
shrinkage=0.03


Tree=221
num_leaves=7
num_cat=0
split_feature=0 4 7 3 7 6
split_gain=78848.2 89358.2 23975.5 33870.1 42737.2 26541.6
threshold=307.50000000000006 3.0064986257851589 0.90185482483802548 6.5000000000000009 0.67407669933761893 11.36923076923077
decision_type=2 10 8 8 10 10
left_child=2 -2 3 4 -1 -6
right_child=1 -3 -4 -5 5 -7
leaf_value=-1.2361114805539448 0.019705087988357347 1.1001709188733781 0.019705087988357347 -0.028623260488007094 0.019705087988357347 -0.4307225349381566
leaf_weight=44 65 132 2093 1227 61 199
leaf_count=44 65 132 2093 1227 61 199
internal_value=0.0515607 0.634515 0.0197051 -0.0989755 -0.381905 -0.233165
internal_weight=3821 197 3624 1531 304 260
internal_count=3821 197 3624 1531 304 260
is_linear=0
shrinkage=0.03


Tree=222
num_leaves=7
num_cat=0
split_feature=0 4 0 6 0 2
split_gain=61690.3 56970.3 23919.1 32474.7 22773.1 20188.8
threshold=248.50000000000003 3.6919725040660381 -23.499999999999996 15.851925925925928 362.50000000000006 20.279813051223758
decision_type=2 10 2 10 2 10
left_child=2 5 3 -1 -3 -2
right_child=1 4 -4 -5 -6 -7
leaf_value=-0.014518259790219716 0.014785204309705213 0.5403354847882138 0.014785204309705213 -0.40216980560634374 1.251510019302368 0.60611658660265111
leaf_weight=595 94 113 2616 288 65 51
leaf_count=595 94 113 2616 288 65 51
internal_value=0.051461 0.447491 0.0147852 -0.141267 0.805575 0.0147852
internal_weight=3822 323 3499 883 178 145
internal_count=3822 323 3499 883 178 145
is_linear=0
shrinkage=0.03


Tree=223
num_leaves=7
num_cat=0
split_feature=3 0 5 0 1 5
split_gain=56895.3 70441.4 56528.2 66101.8 36906.2 34808.7
threshold=8.5000000000000018 103.50000000000001 -100.69896233081816 362.50000000000006 721.71563804149639 12242.460267901422
decision_type=8 2 10 2 8 8
left_child=5 -2 3 4 -3 -1
right_child=1 2 -4 -5 -6 -7
leaf_value=0.040817375025718201 -0.010153591207211295 0.21162018222570417 -0.010153591207211295 1.3269619700431823 0.76437151155301497 -0.21130889546610856
leaf_weight=893 1183 374 106 74 153 1098
leaf_count=893 1183 374 106 74 153 1098
internal_value=0.0136281 0.131487 0.368169 0.492679 0.37324 -0.0982619
internal_weight=3881 1890 707 601 527 1991
internal_count=3881 1890 707 601 527 1991
is_linear=0
shrinkage=0.03


Tree=224
num_leaves=7
num_cat=0
split_feature=7 8 2 8 4 0
split_gain=68258.7 57604.6 64802.9 61380.8 47823.9 69110.3
threshold=0.91056453326334486 15.375000000000002 338.75734591484076 17.875000000000004 3.7184856092209198 205.50000000000003
decision_type=10 2 8 2 8 2
left_child=4 -2 3 -3 -1 -6
right_child=1 2 -4 -5 5 -7
leaf_value=-0.26950205390645937 0.019795648253560064 0.60569151730477055 0.91798811113374346 -0.0027182883909433191 -0.037537713129178002 0.83050832635164262
leaf_weight=816 1124 236 148 403 996 89
leaf_count=816 1124 236 148 403 996 89
internal_value=0.0311142 0.157689 0.354354 0.222579 -0.0961422 0.0343652
internal_weight=3812 1911 787 639 1901 1085
internal_count=3812 1911 787 639 1901 1085
is_linear=0
shrinkage=0.03


Tree=225
num_leaves=7
num_cat=0
split_feature=8 3 1 8 8 2
split_gain=73908.9 62673.2 37377.8 47071.8 32891.6 41629.6
threshold=20.958333333343038 10.500000000000002 -28.389277736345928 5.9583333333430355 8.4583333333430364 22.649709224700931
decision_type=2 10 8 2 2 10
left_child=2 -2 -1 -4 5 -5
right_child=1 -3 3 4 -6 -7
leaf_value=-0.16133225410276752 0.13186544299759762 0.91034071596207156 -0.16133225410276752 0.23408510150906461 0.063309880309014077 1.0844618604710843
leaf_weight=889 234 154 365 351 1797 60
leaf_count=889 234 154 365 351 1797 60
internal_value=0.0503166 0.442394 0.00625985 0.064205 0.118778 0.360559
internal_weight=3850 388 3462 2573 2208 411
internal_count=3850 388 3462 2573 2208 411
is_linear=0
shrinkage=0.03


Tree=226
num_leaves=7
num_cat=0
split_feature=0 5 3 1 3 4
split_gain=59644.9 92766.6 33825.3 17266.3 23374.3 34877.6
threshold=252.50000000000003 -100.69896233081816 11.500000000000002 -60.917475740114845 7.5000000000000009 4.8440375778244009
decision_type=2 10 10 8 10 10
left_child=3 2 -2 4 5 -1
right_child=1 -3 -4 -5 -6 -7
leaf_value=-0.18093838286118216 0.49959260453538196 -0.0095393491322925475 1.2919802824560418 -0.0095393491322925475 -0.0095393491322925475 -0.9144838312136776
leaf_weight=417 122 115 82 2770 274 67
leaf_count=417 122 115 82 2770 274 67
internal_value=0.0260294 0.418205 0.82285 -0.00953935 -0.152627 -0.284159
internal_weight=3847 319 204 3528 758 484
internal_count=3847 319 204 3528 758 484
is_linear=0
shrinkage=0.03


Tree=227
num_leaves=7
num_cat=0
split_feature=8 2 7 6 2 8
split_gain=62843.2 40334.5 56135.7 61785.8 38199.1 37079.6
threshold=20.958333333343038 105.73080992698671 0.95761545572971396 13.393583495776481 66.349470496177688 23.125000000000004
decision_type=2 10 10 8 8 2
left_child=1 -1 3 -3 -2 -6
right_child=4 2 -4 -5 5 -7
leaf_value=-0.039155442099404754 0.046818934723734849 0.72254869433436464 -0.039155442099404754 0.076503306433769083 0.94867230939042979 0.18383159864693879
leaf_weight=2777 159 252 88 282 144 95
leaf_count=2777 159 252 88 282 144 95
internal_value=0.0515861 0.00977286 0.227932 0.382159 0.40776 0.646689
internal_weight=3797 3399 622 534 398 239
internal_count=3797 3399 622 534 398 239
is_linear=0
shrinkage=0.03


Tree=228
num_leaves=7
num_cat=0
split_feature=2 7 7 6 3 4
split_gain=61772.3 56997.6 72278.2 54752.1 24904.2 33463.3
threshold=105.73080992698671 0.93697240547634253 0.92502927400468404 8.0435606060606073 5.5000000000000009 2.3006239827787138
decision_type=10 10 10 8 8 10
left_child=4 2 3 -2 5 -1
right_child=1 -3 -4 -5 -6 -7
leaf_value=-0.095176074410997222 0.98951057205200188 -0.01154922037409961 1.0250451710306363 0.098980745068151646 -0.01154922037409961 -0.72355452924063712
leaf_weight=334 74 192 144 364 2601 98
leaf_count=334 74 192 144 364 2601 98
internal_value=0.049525 0.288557 0.444207 0.251347 -0.0115492 -0.239067
internal_weight=3807 774 582 438 3033 432
internal_count=3807 774 582 438 3033 432
is_linear=0
shrinkage=0.03


Tree=229
num_leaves=7
num_cat=0
split_feature=2 8 6 8 3 2
split_gain=63706.7 51779.4 48968.6 27049.8 20904.2 29588.7
threshold=105.73080992698671 10.375000000000002 15.788285229202039 11.708333333343036 5.5000000000000009 -30.380624413490292
decision_type=10 2 8 2 8 8
left_child=4 -2 3 -3 5 -1
right_child=1 2 -4 -5 -6 -7
leaf_value=-0.55074659944378901 -0.031013982012199143 1.260546294248329 0.052185144316459042 0.52240840636146746 -0.031013982012199143 -0.046276802817980446
leaf_weight=167 196 52 206 316 2587 278
leaf_count=167 196 52 206 316 2587 278
internal_value=0.0308938 0.27439 0.422982 0.629844 -0.031014 -0.236405
internal_weight=3802 770 574 368 3032 445
internal_count=3802 770 574 368 3032 445
is_linear=0
shrinkage=0.03


Tree=230
num_leaves=7
num_cat=0
split_feature=0 5 0 8 0 7
split_gain=74888.2 98208.9 40141.5 29517.3 23111.8 35993
threshold=248.50000000000003 -100.69896233081816 325.50000000000006 16.875000000000004 -4.4999999999999991 0.87533783783783792
decision_type=2 10 2 2 2 8
left_child=4 2 3 -2 5 -1
right_child=1 -3 -4 -5 -6 -7
leaf_value=-0.39216074298506903 -0.0090967299720896844 -0.0090967299720896844 1.2406541019496711 0.90185208554701368 -0.0090967299720896844 -0.033738579940801164
leaf_weight=358 49 134 114 54 2295 848
leaf_count=358 49 134 114 54 2295 848
internal_value=0.0328383 0.449951 0.854444 0.419169 -0.00909673 -0.140373
internal_weight=3852 351 217 103 3501 1206
internal_count=3852 351 217 103 3501 1206
is_linear=0
shrinkage=0.03


Tree=231
num_leaves=7
num_cat=0
split_feature=7 0 4 7 4 6
split_gain=55642.3 52591.3 41920.3 32326.9 26093.6 55856.2
threshold=0.89763239002521722 276.50000000000006 0.89590706602817338 0.93465694485499407 3.7184856092209198 13.755136268343817
decision_type=8 2 10 10 8 10
left_child=4 -2 -3 -4 -1 -6
right_child=1 2 3 -5 5 -7
leaf_value=-0.26267739259491496 0.080257073987975755 0.080257073987975755 0.49461329043250185 1.369899420261383 0.28364308784653741 -0.19499082378353724
leaf_weight=597 2201 40 109 59 359 561
leaf_count=597 2201 40 109 59 359 561
internal_value=0.0338772 0.123481 0.578298 0.808292 -0.108402 -0.00811437
internal_weight=3926 2409 208 168 1517 920
internal_count=3926 2409 208 168 1517 920
is_linear=0
shrinkage=0.03


Tree=232
num_leaves=7
num_cat=0
split_feature=3 8 2 6 8 2
split_gain=61410.8 66459.8 47571.5 55059.5 49997.3 38457.3
threshold=10.500000000000002 20.791666666656969 -20.287330508232113 14.803610930383867 10.291666666656967 113.70059084892274
decision_type=10 2 8 8 2 8
left_child=2 -2 -1 4 -4 -6
right_child=1 -3 3 -5 5 -7
leaf_value=-0.21855024979321583 0.13157496617912356 0.84096614991917329 -0.089866314834519595 -0.12333073811409107 0.12311419571936129 0.52007530740648511
leaf_weight=827 535 152 437 985 489 399
leaf_count=827 535 152 437 985 489 399
internal_value=0.0328426 0.289523 -0.0234446 0.0464693 0.172696 0.301863
internal_weight=3824 687 3137 2310 1325 888
internal_count=3824 687 3137 2310 1325 888
is_linear=0
shrinkage=0.03


Tree=233
num_leaves=7
num_cat=0
split_feature=0 5 0 0 7 1
split_gain=82178.2 88423.2 41437.5 19890 37275.8 36595.9
threshold=243.50000000000003 -85.565303683280931 362.50000000000006 -18.499999999999996 0.87631637290766007 -68.10181740919748
decision_type=2 10 2 2 8 8
left_child=3 2 -2 4 5 -1
right_child=1 -3 -4 -5 -6 -7
leaf_value=-0.88259082100123432 0.50447150768010651 -0.022244955430111086 1.3399027177265712 -0.022244955430111086 -0.041801299701599119 -0.16847355629531494
leaf_weight=108 153 129 83 2539 687 160
leaf_count=108 153 129 83 2539 687 160
internal_value=0.0225495 0.450239 0.802702 -0.022245 -0.159086 -0.458463
internal_weight=3859 365 236 3494 955 268
internal_count=3859 365 236 3494 955 268
is_linear=0
shrinkage=0.03


Tree=234
num_leaves=7
num_cat=0
split_feature=7 8 2 8 8 0
split_gain=61364.7 68729 57960.5 56818.1 47980.7 44974.1
threshold=0.91389144142716827 13.291666666656967 107.45434272289278 11.625000000000002 18.291666666656969 181.50000000000003
decision_type=8 2 8 2 2 2
left_child=-1 3 4 5 -3 -2
right_child=1 2 -4 -5 -6 -7
leaf_value=-0.060809028870014561 -0.021935298837669783 0.37722061245130889 0.62691189724914731 -0.60442468056455256 -0.17566163691190573 0.63993716348843144
leaf_weight=2013 577 356 399 127 233 109
leaf_count=2013 577 356 399 127 233 109
internal_value=0.053003 0.180175 0.348157 -0.0241424 0.158581 0.0840094
internal_weight=3814 1801 988 813 589 686
internal_count=3814 1801 988 813 589 686
is_linear=0
shrinkage=0.03


Tree=235
num_leaves=7
num_cat=0
split_feature=0 4 2 2 0 8
split_gain=55668.6 78400.4 40056.1 32224.2 18053 17518.5
threshold=164.50000000000003 4.0060458972791624 2.2342927455902104 132.87796092033389 346.50000000000006 5.9583333333430355
decision_type=2 10 8 10 2 2
left_child=5 3 -3 -2 -4 -1
right_child=1 2 4 -5 -6 -7
leaf_value=-0.22683417928218841 -0.017556484300519069 -0.017556484300519069 0.65948240855878049 0.69017594344657041 1.2902639782097605 -0.017556484300519069
leaf_weight=359 280 60 197 57 53 2836
leaf_count=359 280 60 197 57 53 2836
internal_value=0.0338595 0.287396 0.631019 -0.0175565 0.797816 -0.0175565
internal_weight=3842 647 310 337 250 3195
internal_count=3842 647 310 337 250 3195
is_linear=0
shrinkage=0.03


Tree=236
num_leaves=7
num_cat=0
split_feature=8 3 0 5 0 8
split_gain=60138 58599.9 32170.1 31957.8 32300.5 25515.3
threshold=20.958333333343038 12.500000000000002 238.50000000000003 -176.05895972251889 362.50000000000006 16.291666666656969
decision_type=2 10 2 10 2 2
left_child=2 -2 -1 4 5 -4
right_child=1 -3 3 -5 -6 -7
leaf_value=-0.028536456913154689 0.2317740079340028 1.2463479620511413 -0.028536456913154689 -0.028536456913154689 1.17543986008384 0.85105020897729056
leaf_weight=3213 325 60 63 115 54 41
leaf_count=3213 325 60 63 115 54 41
internal_value=0.0374064 0.392709 -0.00193519 0.310103 0.586701 0.272726
internal_weight=3871 385 3486 273 158 104
internal_count=3871 385 3486 273 158 104
is_linear=0
shrinkage=0.03


Tree=237
num_leaves=7
num_cat=0
split_feature=2 6 1 5 3 5
split_gain=48454.3 36456.7 32555.1 26230.9 25046.8 17143.8
threshold=105.73080992698671 14.803610930383867 -60.917475740114845 684.8845672607423 7.5000000000000009 1601.4635349512102
decision_type=10 8 8 8 10 10
left_child=2 3 4 -2 -1 -5
right_child=1 -3 -4 5 -6 -7
leaf_value=-0.333617055039931 0.97487889708791453 0.022767618011344564 0.022767618011344564 0.43036733968411717 0.022767618011344564 0.022767618011344564
leaf_weight=428 69 329 2437 309 220 53
leaf_count=428 69 329 2437 309 220 53
internal_value=0.0463786 0.260775 -0.00650614 0.441983 -0.199091 0.338004
internal_weight=3845 760 3085 431 648 362
internal_count=3845 760 3085 431 648 362
is_linear=0
shrinkage=0.03


Tree=238
num_leaves=7
num_cat=0
split_feature=0 5 2 8 3 5
split_gain=61290.9 75935.9 35053.4 36560.4 21330.1 51728.4
threshold=252.50000000000003 -36.556874513626092 63.682977080345161 18.208333333343038 5.5000000000000009 7744.4415795803079
decision_type=2 10 8 2 8 8
left_child=4 2 -2 -4 5 -1
right_child=1 -3 3 -5 -6 -7
leaf_value=-0.036663216494952647 0.21412912607192994 0.0044854168900007032 0.48115874606630071 1.420035439071984 0.0044854168900007032 -0.81064203369374177
leaf_weight=376 74 111 68 86 3035 97
leaf_count=376 74 111 68 86 3035 97
internal_value=0.0417612 0.426346 0.754597 1.01125 0.00448542 -0.196762
internal_weight=3847 339 228 154 3508 473
internal_count=3847 339 228 154 3508 473
is_linear=0
shrinkage=0.03


Tree=239
num_leaves=7
num_cat=0
split_feature=8 3 6 1 8 8
split_gain=70614.3 66925 44094.8 32825.3 31183.7 30489.7
threshold=20.958333333343038 11.500000000000002 13.948008534850642 111.17522950967155 17.208333333343038 20.208333333343038
decision_type=2 10 8 10 2 2
left_child=2 -2 3 4 -1 -6
right_child=1 -3 -4 -5 5 -7
leaf_value=0.13534898955107269 0.20676402877286537 1.1078101384162902 -0.091016089659427979 0.37895650468348113 -0.37293710654397971 0.32847378260468779
leaf_weight=1001 290 99 1787 355 237 72
leaf_count=1001 290 99 1787 355 237 72
internal_value=0.0556898 0.438332 0.0124561 0.123498 0.0540345 -0.208969
internal_weight=3841 389 3452 1665 1310 309
internal_count=3841 389 3452 1665 1310 309
is_linear=0
shrinkage=0.03


Tree=240
num_leaves=7
num_cat=0
split_feature=0 5 2 3 8 2
split_gain=50237.4 74492.6 43796.5 25863.6 19246.3 15110.2
threshold=255.00000000000003 -100.69896233081816 252.25129950046542 11.500000000000002 5.9583333333430355 -33.165536522865288
decision_type=2 10 8 10 2 8
left_child=4 2 3 -2 -1 -6
right_child=1 -3 -4 -5 5 -7
leaf_value=-0.20052214983415784 0.038143891331396604 0.0091536184996647493 1.2718016011139441 0.93624603821876196 -0.13358108198767069 0.0091536184996647493
leaf_weight=393 75 116 86 46 775 2311
leaf_count=393 75 116 86 46 775 2311
internal_value=0.0424312 0.399726 0.757448 0.384447 0.00915362 0.00915362
internal_weight=3802 323 207 121 3479 3086
internal_count=3802 323 207 121 3479 3086
is_linear=0
shrinkage=0.03


Tree=241
num_leaves=7
num_cat=0
split_feature=0 4 3 6 0 7
split_gain=54814.2 46669 21547.5 21308.4 29270.2 38558.4
threshold=243.50000000000003 3.7023196081384389 11.500000000000002 14.803610930383867 -37.499999999999993 0.87631637290766007
decision_type=2 10 10 8 2 10
left_child=3 -2 -3 -1 5 -5
right_child=1 2 -4 4 -6 -7
leaf_value=0.017901020617019838 0.017901020617019838 0.42103276550222973 1.0663931558500317 -0.78156097948551173 -0.030557341563943734 -0.098420445955739233
leaf_weight=1797 163 108 84 117 1310 202
leaf_count=1797 163 108 84 117 1310 202
internal_value=0.0374709 0.391775 0.70744 0.000654522 -0.0934136 -0.350636
internal_weight=3781 355 192 3426 1629 319
internal_count=3781 355 192 3426 1629 319
is_linear=0
shrinkage=0.03


Tree=242
num_leaves=7
num_cat=0
split_feature=3 7 7 7 1 5
split_gain=74379.5 46074.6 36393.5 64737.1 58878.3 42182.1
threshold=7.5000000000000009 0.96012662963170803 0.92023057097329619 0.95314652203856765 127.4343680938085 920.09738314151775
decision_type=8 8 10 10 8 8
left_child=1 -1 -2 4 5 -4
right_child=2 -3 3 -5 -6 -7
leaf_value=-0.20549203363919141 0.051375999335837343 0.26947242812751088 0.70683259633402729 -0.078592491108997187 0.70683259633402729 0.0053061815078409621
leaf_weight=1146 1471 218 48 305 366 283
leaf_count=1146 1471 218 48 305 366 283
internal_value=0.0483518 -0.129439 0.146427 0.285776 0.445105 0.154444
internal_weight=3837 1364 2473 1002 697 331
internal_count=3837 1364 2473 1002 697 331
is_linear=0
shrinkage=0.03


Tree=243
num_leaves=7
num_cat=0
split_feature=3 7 7 6 2 6
split_gain=44503.8 49362.8 34544.1 35573.5 32823.9 31091.8
threshold=10.500000000000002 0.89675666199158488 0.90591147350029133 29.35431818181819 -124.6540319919586 19.969927536231886
decision_type=10 10 10 8 8 8
left_child=2 -2 4 -4 -1 -6
right_child=1 -3 3 -5 5 -7
leaf_value=-0.53058399192017047 0.030687450991672638 0.54044070615776274 0.052541103098699797 0.93603345053536546 0.034494859419265105 -0.30052108374761788
leaf_weight=160 391 303 1764 41 777 366
leaf_count=160 391 303 1764 41 777 366
internal_value=0.0366799 0.253703 -0.0118462 0.0731165 -0.129508 -0.0729495
internal_weight=3802 694 3108 1805 1303 1143
internal_count=3802 694 3108 1805 1303 1143
is_linear=0
shrinkage=0.03


Tree=244
num_leaves=7
num_cat=0
split_feature=0 5 0 2 2 1
split_gain=47996.5 67889.5 65358.4 33977.3 30630.9 22170.2
threshold=164.50000000000003 -42.405506014823906 307.50000000000006 95.561455726623549 167.08415758609775 -69.510727941989884
decision_type=2 10 2 8 8 8
left_child=5 2 3 -2 -4 -1
right_child=1 -3 4 -5 -6 -7
leaf_value=-0.19526056862766841 -0.021647448738224918 -0.021647448738224918 0.55167163568816768 0.49619380252747919 1.4333353120894046 -0.021647448738224918
leaf_weight=661 119 217 72 184 73 2538
leaf_count=661 119 217 72 184 73 2538
internal_value=0.0265831 0.258282 0.480661 0.228546 1.00232 -0.0216474
internal_weight=3864 665 448 303 145 3199
internal_count=3864 665 448 303 145 3199
is_linear=0
shrinkage=0.03


Tree=245
num_leaves=7
num_cat=0
split_feature=7 3 0 8 2 8
split_gain=55163.8 64533.8 64420.5 36180.6 48095.3 42350.1
threshold=0.89763239002521722 10.500000000000002 58.500000000000007 13.291666666656967 127.00085854530336 18.041666666656969
decision_type=8 10 2 2 8 2
left_child=-1 3 -3 -2 5 -5
right_child=1 2 -4 4 -6 -7
leaf_value=-0.11112071338083972 -0.069718611346529943 -0.49096116222441188 0.70698314518529648 0.23364915775526188 0.48152852135302443 -0.22661511654310887
leaf_weight=1521 1004 47 262 442 330 302
leaf_count=1521 1004 47 262 442 330 302
internal_value=0.0300347 0.119988 0.523776 0.0597215 0.180677 0.046768
internal_weight=3908 2387 309 2078 1074 744
internal_count=3908 2387 309 2078 1074 744
is_linear=0
shrinkage=0.03


Tree=246
num_leaves=7
num_cat=0
split_feature=2 3 7 7 6 1
split_gain=62843.2 48064.7 40472.4 45953.9 56726.7 37999.1
threshold=123.29665410518648 7.5000000000000009 0.93697240547634253 0.92502927400468404 4.6478260869565222 -55.911314805348709
decision_type=10 8 10 10 8 8
left_child=1 5 3 4 -2 -1
right_child=2 -3 -4 -5 -6 -7
leaf_value=-0.37875877065560282 1.2299039821063769 0.073017430399132208 0.073017430399132208 0.98489047833391141 0.15901127141546195 -0.036052645490574013
leaf_weight=469 50 1937 161 110 354 766
leaf_count=469 50 1937 161 110 354 766
internal_value=0.0357408 -0.020221 0.298361 0.443683 0.294257 -0.166399
internal_weight=3847 3172 675 514 404 1235
internal_count=3847 3172 675 514 404 1235
is_linear=0
shrinkage=0.03


Tree=247
num_leaves=7
num_cat=0
split_feature=0 5 8 7 0 0
split_gain=57078.8 103449 16861.6 24165.5 34135.1 16724.7
threshold=307.50000000000006 -85.565303683280931 5.9583333333430355 0.93885340395700279 60.500000000000007 389.50000000000006
decision_type=2 10 2 10 2 2
left_child=2 5 3 -1 -5 -2
right_child=1 -3 -4 4 -6 -7
leaf_value=-0.038033888728538752 0.72546890264955066 0.0068102208444809631 0.0068102208444809631 -0.94533560316304899 0.0068102208444809631 1.3947402529442896
leaf_weight=277 86 60 3260 73 41 60
leaf_count=277 86 60 3260 73 41 60
internal_value=0.0342883 0.518905 0.00681022 -0.189946 -0.555525 1.00813
internal_weight=3857 206 3651 391 114 146
internal_count=3857 206 3651 391 114 146
is_linear=0
shrinkage=0.03


Tree=248
num_leaves=7
num_cat=0
split_feature=7 4 3 3 2 3
split_gain=47137.2 42900 42549.8 30515.1 25720.3 20467.5
threshold=0.91389144142716827 4.5117053425751559 7.5000000000000009 10.500000000000002 243.51602375507358 2.5000000000000004
decision_type=10 8 8 10 10 10
left_child=1 5 -3 -2 -4 -1
right_child=3 2 4 -5 -6 -7
leaf_value=0.29023754646892769 0.076762275292935542 -0.45401070917808772 0.14427960611425353 0.44409685996862558 0.86270135281037308 -0.21400907840357408
leaf_weight=76 1569 103 540 233 48 1264
leaf_count=76 1569 103 540 233 48 1264
internal_value=0.0128254 -0.0862513 0.105651 0.124479 0.204291 -0.185215
internal_weight=3833 2031 691 1802 588 1340
internal_count=3833 2031 691 1802 588 1340
is_linear=0
shrinkage=0.03


Tree=249
num_leaves=7
num_cat=0
split_feature=8 3 1 8 7 4
split_gain=41446.9 53860.1 32285.2 27129.1 39195 23702.9
threshold=20.958333333343038 12.500000000000002 -25.279912968476609 23.125000000000004 0.89426985616010024 4.5117053425751559
decision_type=2 10 8 2 10 8
left_child=2 3 -1 4 -2 -4
right_child=1 -3 5 -5 -6 -7
leaf_value=-0.13612600772306321 -0.28112671506815945 1.1481371356759753 0.0071478092328294725 -0.18321352207660674 0.63343911259037666 0.20040482935234882
leaf_weight=899 57 62 1678 114 156 865
leaf_count=899 57 62 1678 114 156 865
internal_value=0.0515256 0.344635 0.0183091 0.189253 0.388526 0.072937
internal_weight=3831 389 3442 327 213 2543
internal_count=3831 389 3442 327 213 2543
is_linear=0
shrinkage=0.03


Tree=250
num_leaves=7
num_cat=0
split_feature=8 3 7 4 8 3
split_gain=59295.9 51453 35535.8 34640 29216.5 28804
threshold=21.041666666656969 12.500000000000002 0.9143500643500645 3.7863555240364533 22.125000000000004 7.5000000000000009
decision_type=2 10 10 10 2 8
left_child=5 2 3 -2 -4 -1
right_child=1 -3 4 -5 -6 -7
leaf_value=-0.11467622373184119 -0.8713421201705932 1.2289323282555529 1.0198239855095743 0.21109561902127769 0.23008677715127626 0.064020937093123412
leaf_weight=1295 40 56 63 75 126 2172
leaf_count=1295 40 56 63 75 126 2172
internal_value=0.035359 0.401266 0.245272 -0.16967 0.497315 -0.00274016
internal_weight=3827 360 304 115 189 3467
internal_count=3827 360 304 115 189 3467
is_linear=0
shrinkage=0.03


Tree=251
num_leaves=7
num_cat=0
split_feature=1 6 8 4 8 8
split_gain=43605.5 60026.8 20634.5 26588.3 22689 17713.5
threshold=172.67275679111484 0.22954545454545458 20.291666666656969 3.7497138108583985 22.625000000000004 5.9583333333430355
decision_type=10 10 2 10 2 2
left_child=5 -2 3 -3 -4 -1
right_child=1 2 4 -5 -6 -7
leaf_value=-0.20295932413695694 0.0005305261140707984 0.81504579243452657 1.4600559606784727 0.17495098065196368 0.43992465403021835 0.0005305261140707984
leaf_weight=384 105 91 40 162 40 3021
leaf_count=384 105 91 40 162 40 3021
internal_value=0.0368113 0.318213 0.543115 0.407485 0.961719 0.000530526
internal_weight=3843 438 333 253 80 3405
internal_count=3843 438 333 253 80 3405
is_linear=0
shrinkage=0.03


Tree=252
num_leaves=7
num_cat=0
split_feature=0 5 0 2 6 3
split_gain=50177.7 88848.4 40445.7 28417.5 13715.5 24130.2
threshold=252.50000000000003 -42.405506014823906 355.00000000000006 92.32829320430757 14.803610930383867 7.5000000000000009
decision_type=2 10 2 8 8 8
left_child=4 2 3 -2 -1 -6
right_child=1 -3 -4 -5 5 -7
leaf_value=0.004249259776950334 0.004249259776950334 0.004249259776950334 1.2531418826717595 0.74201833035919695 -0.25195961842482739 -0.0060093253552058372
leaf_weight=1784 43 112 90 90 516 1175
leaf_count=1784 43 112 90 90 516 1175
internal_value=0.0380998 0.388178 0.764566 0.427067 0.00424926 -0.0811644
internal_weight=3810 335 223 133 3475 1691
internal_count=3810 335 223 133 3475 1691
is_linear=0
shrinkage=0.03


Tree=253
num_leaves=7
num_cat=0
split_feature=0 2 0 7 1 1
split_gain=42403.6 48645.8 19016.7 35611.7 27496.1 18433.2
threshold=252.50000000000003 66.349470496177688 -35.499999999999993 0.87631637290766007 -68.10181740919748 141.30845952033999
decision_type=2 8 2 10 8 10
left_child=2 -2 3 4 -1 -3
right_child=1 5 -4 -5 -6 -7
leaf_value=-0.8710345323624149 0.0017720117910449799 0.44009833568095286 0.0017720117910449799 -0.023709030196182711 -0.15918011492490766 1.0488751079206882
leaf_weight=92 111 136 2778 531 104 68
leaf_count=92 111 136 2778 531 104 68
internal_value=0.0317803 0.36462 0.00177201 -0.151557 -0.496041 0.647151
internal_weight=3820 315 3505 727 196 204
internal_count=3820 315 3505 727 196 204
is_linear=0
shrinkage=0.03


Tree=254
num_leaves=7
num_cat=0
split_feature=8 2 8 2 7 7
split_gain=48813 35730.7 33031.4 29408.2 50608.3 56833.8
threshold=21.041666666656969 -14.513577699661253 23.125000000000004 115.43888473510744 0.93697240547634253 0.92283454408320442
decision_type=2 8 2 10 10 10
left_child=3 -2 -3 -1 5 -5
right_child=1 2 -4 4 -6 -7
leaf_value=-0.051503514723137529 -0.18161698497574905 0.76673191256143824 0.093405758108732834 0.1711366580172283 -0.051503514723137529 0.96289475512801914
leaf_weight=2863 86 175 105 327 132 108
leaf_count=2863 86 175 105 327 132 108
internal_value=0.0227826 0.351622 0.515466 -0.0123986 0.1848 0.369469
internal_weight=3796 366 280 3430 567 435
internal_count=3796 366 280 3430 567 435
is_linear=0
shrinkage=0.03


Tree=255
num_leaves=7
num_cat=0
split_feature=8 3 7 0 7 8
split_gain=50978.2 40771.4 79617.4 33994.5 27551.8 55377
threshold=20.375000000000004 10.500000000000002 0.8649477698557454 290.50000000000006 0.91389144142716827 9.0416666666569672
decision_type=2 10 10 2 10 2
left_child=4 2 -2 -3 5 -1
right_child=1 3 -4 -5 -6 -7
leaf_value=0.16343797084890507 -1.0885089799336023 0.40452613801342768 0.30487851170047386 1.3596564211564905 0.087728678283204228 -0.19624913341964462
leaf_weight=554 41 102 304 50 1491 1259
leaf_count=554 41 102 304 50 1491 1259
internal_value=0.0348776 0.31783 0.13662 0.725547 -0.00776843 -0.0863097
internal_weight=3801 497 345 152 3304 1813
internal_count=3801 497 345 152 3304 1813
is_linear=0
shrinkage=0.03


Tree=256
num_leaves=7
num_cat=0
split_feature=8 0 6 8 6 0
split_gain=43103.3 36664.9 27600.2 37679.7 25675.5 36264.1
threshold=20.458333333343038 307.50000000000006 14.75841514726508 23.041666666656969 14.803610930383867 -44.499999999999993
decision_type=2 2 8 2 8 2
left_child=4 2 3 -2 -1 -6
right_child=1 -3 -4 -5 5 -7
leaf_value=0.076086768385731349 0.72264699181527581 0.88781555074453355 -0.043613271402986084 -0.25552382658938971 -0.41891758533678658 -0.028160646419246975
leaf_weight=1750 130 79 218 48 253 1350
leaf_count=1750 130 79 218 48 253 1350
internal_value=0.0345777 0.301723 0.182858 0.458917 -0.00334591 -0.0900562
internal_weight=3828 475 396 178 3353 1603
internal_count=3828 475 396 178 3353 1603
is_linear=0
shrinkage=0.03


Tree=257
num_leaves=7
num_cat=0
split_feature=2 5 0 7 4 4
split_gain=40362.3 35183.1 29567.8 26839 31107.6 25614.7
threshold=141.08551847934726 817.12641394138348 238.50000000000003 0.91163137398077165 3.7184856092209198 3.6151617922609574
decision_type=10 8 2 8 8 10
left_child=3 -2 -3 4 5 -1
right_child=1 2 -4 -5 -6 -7
leaf_value=-0.1633808900533654 0.85197134121162132 0.090141947534046113 0.76303839704569643 0.090141947534046113 0.037410634939298276 -0.74832327842712398
leaf_weight=676 81 436 67 1543 932 74
leaf_count=676 81 436 67 1543 932 74
internal_value=0.0461907 0.275453 0.181108 0.00460203 -0.0783298 -0.222015
internal_weight=3809 584 503 3225 1682 750
internal_count=3809 584 503 3225 1682 750
is_linear=0
shrinkage=0.03


Tree=258
num_leaves=7
num_cat=0
split_feature=7 8 8 8 3 2
split_gain=47676.8 86073.9 50717.1 45920.1 45131.3 44653.7
threshold=0.91389144142716827 13.291666666656967 9.2083333333430364 11.625000000000002 4.5000000000000009 366.11366200447088
decision_type=8 2 2 2 10 8
left_child=2 3 -1 -2 -3 -6
right_child=1 4 -4 -5 5 -7
leaf_value=0.16224408114780428 0.0075850963138409614 -0.20119649413973092 -0.17328424995682637 -0.58596694834688878 0.31026906989037906 0.9207195726502686
leaf_weight=556 698 127 1490 140 702 127
leaf_count=556 698 127 1490 140 702 127
internal_value=0.0168971 0.129749 -0.0820698 -0.0921566 0.324157 0.404785
internal_weight=3840 1794 2046 838 956 829
internal_count=3840 1794 2046 838 956 829
is_linear=0
shrinkage=0.03


Tree=259
num_leaves=7
num_cat=0
split_feature=3 8 7 8 1 8
split_gain=40896.8 54232.1 48214.7 47047.9 46494.2 45541.9
threshold=7.5000000000000009 5.9583333333430355 0.91909827760891594 9.2083333333430364 165.59136895338696 7.8750000000000009
decision_type=8 2 10 2 8 2
left_child=3 -2 5 -1 -4 -3
right_child=1 2 4 -5 -6 -7
leaf_value=0.27871615296974778 -0.25579422749443487 0.47862623756491268 0.11556688239862178 -0.18408853367556927 0.54808215776896141 -0.03873030677346407
leaf_weight=239 329 178 463 1122 433 1059
leaf_count=239 329 178 463 1122 433 1059
internal_value=0.0292518 0.102192 0.157503 -0.102672 0.324962 0.036042
internal_weight=3823 2462 2133 1361 896 1237
internal_count=3823 2462 2133 1361 896 1237
is_linear=0
shrinkage=0.03


Tree=260
num_leaves=7
num_cat=0
split_feature=8 2 2 5 2 4
split_gain=43352.7 69853.6 26831.8 37658.1 58414.9 30857
threshold=20.458333333343038 120.73725020885469 -20.287330508232113 1313.5663189888003 148.012978553772 3.7603653694087691
decision_type=2 8 10 8 10 8
left_child=2 -2 5 4 -4 -1
right_child=1 -3 3 -5 -6 -7
leaf_value=-0.23834075991260376 -0.08136813370870942 0.64073376031797757 0.16834644186447378 -0.0061231956786417206 1.199751278936863 -0.0061231956786417206
leaf_weight=797 237 244 283 1233 59 972
leaf_count=797 237 244 283 1233 59 972
internal_value=0.0195148 0.285507 -0.0188193 0.0712179 0.349258 -0.0989775
internal_weight=3825 481 3344 1575 342 1769
internal_count=3825 481 3344 1575 342 1769
is_linear=0
shrinkage=0.03


Tree=261
num_leaves=7
num_cat=0
split_feature=8 2 8 8 8 2
split_gain=54895.2 55464.2 29981.4 25216.6 58434.9 44783
threshold=20.458333333343038 107.45434272289278 23.125000000000004 5.6250000000000009 8.3750000000000018 18.117109894752506
decision_type=2 8 2 2 2 10
left_child=3 -2 -3 -1 5 -5
right_child=1 2 -4 4 -6 -7
leaf_value=-0.23675509813795348 0.00658567941442449 0.89238205477043431 0.20902626273424726 0.20397640735910866 -0.03178075910707464 1.0007123698234557
leaf_weight=364 234 161 91 420 2489 74
leaf_count=364 234 161 91 420 2489 74
internal_value=0.0419201 0.339515 0.647416 -0.00138059 0.0274107 0.325106
internal_weight=3833 486 252 3347 2983 494
internal_count=3833 486 252 3347 2983 494
is_linear=0
shrinkage=0.03


Tree=262
num_leaves=7
num_cat=0
split_feature=0 5 3 4 6 0
split_gain=48424 64170.8 37024.5 16631 14842.3 27100.9
threshold=243.50000000000003 -147.05795419216153 11.500000000000002 5.0810954811165594 14.803610930383867 -41.499999999999993
decision_type=2 10 10 10 8 2
left_child=4 2 3 -2 -1 -6
right_child=1 -3 -4 -5 5 -7
leaf_value=-0.00035543165794902715 0.66785301508726891 -0.00035543165794902715 1.1710382640639017 0.02322842628102411 -0.3441933714583903 -0.031975004597703652
leaf_weight=1771 80 128 85 65 307 1335
leaf_count=1771 80 128 85 65 307 1335
internal_value=0.0345058 0.365932 0.67679 0.381022 -0.000355432 -0.0905235
internal_weight=3771 358 230 145 3413 1642
internal_count=3771 358 230 145 3413 1642
is_linear=0
shrinkage=0.03


Tree=263
num_leaves=7
num_cat=0
split_feature=8 2 8 4 2 5
split_gain=35462.7 32578.6 34394 27750.5 22052.4 48030.7
threshold=20.958333333343038 107.45434272289278 22.041666666656969 3.7863555240364533 87.083806753158584 1362.0650701522829
decision_type=2 8 2 10 10 8
left_child=4 3 -3 -2 -1 -6
right_child=1 2 -4 -5 5 -7
leaf_value=-0.039573197660858254 -0.51629703133336957 1.0767799141145731 0.27636680641952827 0.27354619167547306 0.64547995295482019 0.028902489078496588
leaf_weight=2705 61 72 146 112 139 606
leaf_count=2705 61 72 146 112 139 606
internal_value=0.0309623 0.301355 0.544433 -0.00632009 0.000239331 0.144653
internal_weight=3841 391 218 173 3450 745
internal_count=3841 391 218 173 3450 745
is_linear=0
shrinkage=0.03


Tree=264
num_leaves=7
num_cat=0
split_feature=7 8 0 3 1 8
split_gain=46695.6 58868.7 45066.1 43500.6 38930.7 60297.9
threshold=0.91389144142716827 13.291666666656967 224.50000000000003 4.5000000000000009 156.58271821339929 17.958333333343038
decision_type=8 2 2 10 8 2
left_child=-1 2 -2 -3 5 -5
right_child=1 3 -4 4 -6 -7
leaf_value=-0.057452788919477846 -0.10450301316019797 -0.20904775779162132 0.63192934474313123 0.52256030198147418 0.6488404324026027 -0.12461287301878968
leaf_weight=2019 755 125 82 284 321 237
leaf_count=2019 755 125 82 284 321 237
internal_value=0.0416448 0.152523 -0.0316875 0.311837 0.389322 0.22849
internal_weight=3823 1804 837 967 842 521
internal_count=3823 1804 837 967 842 521
is_linear=0
shrinkage=0.03


Tree=265
num_leaves=7
num_cat=0
split_feature=3 0 8 6 2 8
split_gain=39398 65391.9 43563.1 35319.6 47322.5 40873.4
threshold=10.500000000000002 84.500000000000014 18.541666666656969 13.948008534850642 -3.9866006374359126 10.375000000000002
decision_type=8 2 2 8 8 2
left_child=3 -2 -3 4 -1 -6
right_child=1 2 -4 -5 5 -7
leaf_value=-0.16172744406788031 0.0066972360541267635 0.26989748156026883 0.9736120759985829 -0.11844606204653496 -0.077467625060838138 0.32264082709289527
leaf_weight=473 510 203 130 1442 333 738
leaf_count=473 510 203 130 1442 333 738
internal_value=0.039427 0.220408 0.546713 -0.0117238 0.0879602 0.198281
internal_weight=3829 843 333 2986 1544 1071
internal_count=3829 843 333 2986 1544 1071
is_linear=0
shrinkage=0.03


Tree=266
num_leaves=7
num_cat=0
split_feature=0 5 0 4 8 1
split_gain=34873.3 93421.3 17234 27995.5 32960.2 23388
threshold=276.50000000000006 -100.69896233081816 -35.499999999999993 4.8440375778244009 12.958333333343036 -145.48938655853269
decision_type=2 10 2 10 2 10
left_child=2 -2 3 5 -5 -1
right_child=1 -3 -4 4 -6 -7
leaf_value=-0.296912575559796 0.83860690012574191 0.0012710173369047204 0.0012710173369047204 0.0012710173369047204 -0.90841804199102449 0.0012710173369047204
leaf_weight=264 167 98 2838 40 81 368
leaf_count=264 167 98 2838 40 81 368
internal_value=0.0258228 0.357267 0.00127102 -0.142155 -0.558249 -0.0617355
internal_weight=3856 265 3591 753 121 632
internal_count=3856 265 3591 753 121 632
is_linear=0
shrinkage=0.03


Tree=267
num_leaves=7
num_cat=0
split_feature=8 3 7 7 8 0
split_gain=52906.3 57307.2 38462.1 33890.5 47347.9 34140.7
threshold=20.958333333343038 11.500000000000002 0.90630852059925104 0.91056453326334486 9.2083333333430364 55.500000000000007
decision_type=2 10 10 8 2 2
left_child=3 2 -2 4 5 -1
right_child=1 -3 -4 -5 -6 -7
leaf_value=-0.020004612136185169 -0.35660593834329157 0.95948919458209347 0.38115472782081755 0.091665059994533657 -0.19976491170949096 0.49909263506168272
leaf_weight=374 93 105 196 1699 1217 163
leaf_count=374 93 105 196 1699 1217 163
internal_value=0.0338198 0.362715 0.143333 -0.00380243 -0.0962759 0.138196
internal_weight=3847 394 289 3453 1754 537
internal_count=3847 394 289 3453 1754 537
is_linear=0
shrinkage=0.03


Tree=268
num_leaves=7
num_cat=0
split_feature=8 2 8 8 2 0
split_gain=38299 45926.7 41963.3 26741.6 23411.1 21621.9
threshold=20.458333333343038 120.73725020885469 22.958333333343038 19.375000000000004 -59.347553133964531 -20.499999999999996
decision_type=2 8 2 2 8 2
left_child=3 -2 -3 5 -5 -1
right_child=1 2 -4 4 -6 -7
leaf_value=-0.12199055072256124 -0.00042603274986147875 0.93988282148619651 0.12010940723419188 -0.82419711023569109 -0.13235949530364563 0.062787845355524369
leaf_weight=753 249 130 99 60 160 2334
leaf_count=753 249 130 99 60 160 2334
internal_value=0.0311865 0.281898 0.587546 -0.00512611 -0.323918 0.0176907
internal_weight=3785 478 229 3307 220 3087
internal_count=3785 478 229 3307 220 3087
is_linear=0
shrinkage=0.03


Tree=269
num_leaves=7
num_cat=0
split_feature=0 4 8 7 8 7
split_gain=42080.2 63326.8 49035.2 27991.4 15769.5 21308.5
threshold=248.50000000000003 3.6919725040660381 18.458333333343038 0.92096477151565426 5.9583333333430355 0.93697240547634253
decision_type=2 10 2 10 2 10
left_child=4 -2 3 -3 5 -1
right_child=1 2 -4 -5 -6 -7
leaf_value=-0.046446648434224261 -0.0054469753837774739 -0.0054469753837774739 1.232225483408135 0.86181327717644829 -0.0054469753837774739 -0.51436621438799879
leaf_weight=283 160 55 88 41 3091 126
leaf_count=283 160 55 88 41 3091 126
internal_value=0.0257108 0.341819 0.724599 0.251369 -0.00544698 -0.191501
internal_weight=3844 344 184 96 3500 409
internal_count=3844 344 184 96 3500 409
is_linear=0
shrinkage=0.03


Tree=270
num_leaves=7
num_cat=0
split_feature=8 3 7 8 3 8
split_gain=53524.2 52561.1 39831.1 31993.5 28155 48703.9
threshold=20.958333333343038 11.500000000000002 0.90185482483802548 23.125000000000004 7.5000000000000009 5.8750000000000009
decision_type=2 10 10 2 8 2
left_child=4 2 -2 -4 -1 -6
right_child=1 -3 3 -5 5 -7
leaf_value=-0.10684974832180995 -0.41066607815878731 0.9895129826696295 0.683140012929216 -0.077844648651960419 -0.26053859146427261 0.13119706661106059
leaf_weight=1307 76 94 127 81 338 1815
leaf_count=1307 76 94 127 81 338 1815
internal_value=0.0400138 0.378473 0.173464 0.38784 0.00293898 0.069606
internal_weight=3838 378 284 208 3460 2153
internal_count=3838 378 284 208 3460 2153
is_linear=0
shrinkage=0.03


Tree=271
num_leaves=7
num_cat=0
split_feature=0 5 1 8 0 5
split_gain=38925.8 41770.7 54658.7 50166.7 23290.2 77497.9
threshold=-23.499999999999996 7744.4415795803079 -137.83129515250522 11.375000000000002 307.50000000000006 -85.565303683280931
decision_type=2 8 10 2 2 10
left_child=1 -1 3 -3 -2 -6
right_child=4 2 -4 -5 5 -7
leaf_value=0.088970672375050644 0.088970672375050644 -0.093393813972087472 -0.039069988028264384 -0.95365812446225062 0.90274388951106666 0.088970672375050644
leaf_weight=279 2708 101 354 154 136 62
leaf_count=279 2708 101 354 154 136 62
internal_value=0.0358534 -0.137879 -0.280677 -0.614622 0.0889707 0.413582
internal_weight=3794 888 609 255 2906 198
internal_count=3794 888 609 255 2906 198
is_linear=0
shrinkage=0.03


Tree=272
num_leaves=7
num_cat=0
split_feature=7 6 3 5 6 2
split_gain=32611.9 43952.2 23161.1 24921.7 20987 20456.8
threshold=0.91389144142716827 0.69532608695652176 7.5000000000000009 121.54489421844484 29.35431818181819 -124.6540319919586
decision_type=8 8 8 10 10 8
left_child=1 -1 5 -4 -2 -3
right_child=4 2 3 -5 -6 -7
leaf_value=0.60271203795601347 0.095175575816956487 -0.61836097882172769 0.034373769618983953 -0.36482538726318764 0.75144907315572096 -0.16436248876042867
leaf_weight=84 1769 106 1072 161 44 550
leaf_count=84 1769 106 1072 161 44 550
internal_value=0.0196883 -0.0646993 -0.094681 -0.0180054 0.111508 -0.238552
internal_weight=3786 1973 1889 1233 1813 656
internal_count=3786 1973 1889 1233 1813 656
is_linear=0
shrinkage=0.03


Tree=273
num_leaves=7
num_cat=0
split_feature=2 7 7 6 4 3
split_gain=44489.3 51871.5 54203.4 53344.8 28189.3 19264.8
threshold=105.73080992698671 0.93697240547634253 0.92502927400468404 6.1913043478260876 4.4056636968576113 5.5000000000000009
decision_type=10 10 10 8 10 8
left_child=5 2 3 -2 -4 -1
right_child=1 -3 4 -5 -6 -7
leaf_value=-0.20335762918287631 1.000301269428006 -0.0090014137061292104 1.2474253597042777 0.095852293359940166 0.30862804639339447 -0.0090014137061292104
leaf_weight=458 69 191 87 365 44 2603
leaf_count=458 69 191 87 365 44 2603
internal_value=0.0419226 0.24785 0.404178 0.241616 0.936831 -0.00900141
internal_weight=3817 756 565 434 131 3061
internal_count=3817 756 565 434 131 3061
is_linear=0
shrinkage=0.03


Tree=274
num_leaves=7
num_cat=0
split_feature=2 7 6 7 6 1
split_gain=41477.3 56046.1 66373.6 13739.8 21495.5 20427.4
threshold=105.73080992698671 0.95657137184832253 15.788285229202039 0.92502927400468404 2.0145000000000004 156.58271821339929
decision_type=10 10 8 10 10 10
left_child=-1 2 3 4 -2 -5
right_child=1 -3 -4 5 -6 -7
leaf_value=-0.02264707550130942 1.0774693100086667 -0.02264707550130942 0.021116399926358255 0.46642157777031851 0.33537159428725366 1.1992362316658622
leaf_weight=3051 43 111 289 66 184 75
leaf_count=3051 43 111 289 66 184 75
internal_value=0.026975 0.22388 0.361654 0.628305 0.480054 0.861917
internal_weight=3819 768 657 368 227 141
internal_count=3819 768 657 368 227 141
is_linear=0
shrinkage=0.03


Tree=275
num_leaves=7
num_cat=0
split_feature=8 4 6 1 1 4
split_gain=31682.8 27905.6 44098 42725 19191.1 24671.8
threshold=20.958333333343038 3.7778498503170108 15.48193548387097 239.11364448070529 -25.279912968476609 5.0279504622049824
decision_type=2 10 10 8 8 10
left_child=4 -2 -3 -4 5 -1
right_child=1 2 3 -5 -6 -7
leaf_value=-0.059054025371329782 -0.079588532242923976 0.87833808217869425 -0.34770727899016401 0.71103556588544681 0.040089912447034727 -0.52192082116007799
leaf_weight=763 127 121 81 58 2569 119
leaf_count=763 127 121 81 58 2569 119
internal_value=0.0275312 0.284559 0.462055 0.0959936 -0.00136637 -0.122025
internal_weight=3838 387 260 139 3451 882
internal_count=3838 387 260 139 3451 882
is_linear=0
shrinkage=0.03


Tree=276
num_leaves=7
num_cat=0
split_feature=3 8 7 7 8 1
split_gain=32292 33379.4 38818.8 32677.5 32485.9 31890
threshold=7.5000000000000009 5.9583333333430355 0.93885340395700279 0.92023057097329619 8.3750000000000018 115.31298512220384
decision_type=8 2 10 10 2 8
left_child=-1 2 -2 4 -3 -5
right_child=1 3 -4 5 -6 -7
leaf_value=-0.088364721300793828 -0.0013580150756894087 0.36139236505560834 -0.7624882548004388 0.059668371548592031 -0.031323640957517815 0.43004419524171977
leaf_weight=1341 245 231 79 353 1036 514
leaf_count=1341 245 231 79 353 1036 514
internal_value=0.0300098 0.0946005 -0.188717 0.137684 0.0405051 0.279488
internal_weight=3799 2458 324 2134 1267 867
internal_count=3799 2458 324 2134 1267 867
is_linear=0
shrinkage=0.03


Tree=277
num_leaves=7
num_cat=0
split_feature=0 4 8 2 2 8
split_gain=44787.1 49045 55513 19716.8 16043.3 20016.7
threshold=248.50000000000003 3.6919725040660381 18.458333333343038 45.098634958267219 -33.165536522865288 19.458333333343038
decision_type=2 10 2 10 8 2
left_child=4 3 -3 -2 5 -1
right_child=1 2 -4 -5 -6 -7
leaf_value=-0.050024920957462277 0.0062832225647915917 0.19663972420976139 1.2100260011995991 0.63819217658042904 0.0062832225647915917 -0.41550458919060856
leaf_weight=640 116 103 92 44 2678 170
leaf_count=640 116 103 92 44 2678 170
internal_value=0.0389997 0.35953 0.678484 0.00628322 0.00628322 -0.127148
internal_weight=3843 355 195 160 3488 810
internal_count=3843 355 195 160 3488 810
is_linear=0
shrinkage=0.03


Tree=278
num_leaves=7
num_cat=0
split_feature=8 4 0 8 8 6
split_gain=36082.4 87488.6 61452.8 50488.7 40111.6 38212.7
threshold=15.708333333343036 3.9831726414110644 113.50000000000001 17.458333333343038 11.625000000000002 20.101851851851855
decision_type=2 10 2 2 2 10
left_child=4 3 -3 -2 -1 -5
right_child=1 2 -4 5 -6 -7
leaf_value=0.043655040347354998 0.31880588465416593 0.19958833934158901 0.81834549229485654 -0.28181034029176821 -0.21489884431316847 0.60119124785065647
leaf_weight=1505 220 466 209 552 841 47
leaf_count=1505 220 466 209 552 841 47
internal_value=0.0242989 0.139487 0.392101 -0.0689364 -0.0490841 -0.21164
internal_weight=3840 1494 675 819 2346 599
internal_count=3840 1494 675 819 2346 599
is_linear=0
shrinkage=0.03


Tree=279
num_leaves=7
num_cat=0
split_feature=7 0 5 7 4 3
split_gain=36592.3 34242.6 37386.2 29898.8 29909.6 20210.9
threshold=0.89763239002521722 276.50000000000006 -20.011215209960934 0.9400460829493088 4.8680216566702512 17.500000000000004
decision_type=8 2 10 10 10 8
left_child=5 -2 3 4 -3 -1
right_child=1 2 -4 -5 -6 -7
leaf_value=-0.11179189912184215 0.089987618855601109 1.1156191999737808 0.089987618855601109 1.4387384199541668 0.089987618855601109 0.2012616852185595
leaf_weight=1250 2104 40 61 42 62 217
leaf_count=1250 2104 40 61 42 62 217
internal_value=0.0517586 0.126177 0.495363 0.772314 0.486599 -0.0653792
internal_weight=3776 2309 205 144 102 1467
internal_count=3776 2309 205 144 102 1467
is_linear=0
shrinkage=0.03


Tree=280
num_leaves=7
num_cat=0
split_feature=2 0 3 7 3 4
split_gain=35058 51045.5 27749.3 25596.4 39270.4 56694.9
threshold=127.00085854530336 248.50000000000003 10.500000000000002 0.87533783783783792 6.5000000000000009 2.6891704798051523
decision_type=10 2 8 8 10 10
left_child=2 -2 3 4 5 -1
right_child=1 -3 -4 -5 -6 -7
leaf_value=0.096253923765298996 0.11798697128411262 0.90759704020794696 0.11798697128411262 -0.02416951130886863 -0.10494720944569956 -1.285677621449743
leaf_weight=43 557 84 693 2091 309 69
leaf_count=43 557 84 693 2091 309 69
internal_value=0.0203642 0.222714 -0.0201626 -0.067194 -0.280322 -0.758958
internal_weight=3846 641 3205 2512 421 112
internal_count=3846 641 3205 2512 421 112
is_linear=0
shrinkage=0.03


Tree=281
num_leaves=7
num_cat=0
split_feature=8 3 7 4 1 8
split_gain=36819.9 33721 25608.2 49436.9 35606.2 21552
threshold=21.041666666656969 12.500000000000002 0.98790302912053074 2.2424006315976475 181.13150274753573 8.3750000000000018
decision_type=2 10 10 10 10 2
left_child=5 2 3 -2 -5 -1
right_child=1 -3 -4 4 -6 -7
leaf_value=0.13937535122131414 -0.86262150994368958 0.97149525491893285 0.85799053605397535 0.071315701660957742 1.003442263227442 -0.036734997945675897
leaf_weight=827 41 59 44 187 45 2555
leaf_count=827 41 59 44 187 45 2555
internal_value=0.0377076 0.318925 0.194796 0.0851664 0.255647 0.00635771
internal_weight=3758 376 317 273 232 3382
internal_count=3758 376 317 273 232 3382
is_linear=0
shrinkage=0.03


Tree=282
num_leaves=7
num_cat=0
split_feature=0 5 6 0 7 6
split_gain=46229.1 72207.1 30736.1 17461 48671.4 20316.6
threshold=271.50000000000006 -85.565303683280931 12.818891402714934 -35.499999999999993 0.82992629675983876 11.235299934080425
decision_type=2 10 8 2 10 10
left_child=3 2 -2 4 5 -1
right_child=1 -3 -4 -5 -6 -7
leaf_value=-0.29749932162645382 0.3002083761041815 0.0030242863934669389 1.0885153514710633 0.0030242863934669389 -0.052789054614679774 -1.2226613762974738
leaf_weight=40 76 98 110 2830 638 47
leaf_count=40 76 98 110 2830 638 47
internal_value=0.0324976 0.400128 0.769739 0.00302429 -0.144101 -0.805514
internal_weight=3839 284 186 3555 725 87
internal_count=3839 284 186 3555 725 87
is_linear=0
shrinkage=0.03


Tree=283
num_leaves=7
num_cat=0
split_feature=3 0 1 7 7 1
split_gain=27748.2 46873.4 32119 29952.6 34951.6 35185.7
threshold=7.5000000000000009 389.50000000000006 -247.79132628440854 0.95314652203856765 0.91909827760891594 88.509832739830031
decision_type=8 2 8 10 10 8
left_child=2 3 -1 4 -2 -6
right_child=1 -3 -4 -5 5 -7
leaf_value=-0.69964070444305726 0.017964899095389099 0.83988928953806552 -0.048530624818787185 -0.20974821052664799 0.01137400593691402 0.45107535119023984
leaf_weight=71 1398 71 1292 314 269 418
leaf_count=71 1398 71 1292 314 269 418
internal_value=0.0256864 0.0856357 -0.0829357 0.0629724 0.104125 0.279174
internal_weight=3833 2470 1363 2399 2085 687
internal_count=3833 2470 1363 2399 2085 687
is_linear=0
shrinkage=0.03


Tree=284
num_leaves=7
num_cat=0
split_feature=8 3 7 8 2 8
split_gain=38751.4 47961.6 68759.3 27452.9 34583.4 21822.3
threshold=20.458333333343038 10.500000000000002 0.86305102858669536 23.125000000000004 128.97343146800998 19.375000000000004
decision_type=2 10 10 2 8 2
left_child=5 2 -2 4 -4 -1
right_child=1 -3 3 -5 -6 -7
leaf_value=0.024814301915825909 -1.0657748972497336 0.72107413486070637 0.11061555751862416 -0.25996658280491824 0.89262001412255421 -0.28837453763975507
leaf_weight=3111 40 157 130 71 83 213
leaf_count=3111 40 157 130 71 83 213
internal_value=0.0411182 0.292502 0.0832503 0.248257 0.418087 0.00466465
internal_weight=3805 481 324 284 213 3324
internal_count=3805 481 324 284 213 3324
is_linear=0
shrinkage=0.03


Tree=285
num_leaves=7
num_cat=0
split_feature=2 7 6 6 7 1
split_gain=40241.4 46860.2 66078.6 14268.5 25171.1 14141.5
threshold=105.73080992698671 0.95611144904028122 14.803610930383867 18.804523809523811 0.85203430031016247 -38.244549314180993
decision_type=10 10 8 10 10 8
left_child=5 2 -2 -4 -5 -1
right_child=1 -3 3 4 -6 -7
leaf_value=-0.14799887310935503 0.64099665957051299 -0.019598424970095785 -0.019598424970095785 -0.019598424970095785 0.55487860375159492 -0.019598424970095785
leaf_weight=771 333 115 167 47 110 2330
leaf_count=771 333 115 167 47 110 2330
internal_value=0.0286699 0.222331 0.344893 0.0395286 0.277841 -0.0195984
internal_weight=3873 772 657 324 157 3101
internal_count=3873 772 657 324 157 3101
is_linear=0
shrinkage=0.03


Tree=286
num_leaves=7
num_cat=0
split_feature=0 4 2 6 3 0
split_gain=28183.5 75988.4 52670.5 17170.2 21058.3 24190.7
threshold=138.50000000000003 3.7401529001659646 35.707800388336189 14.256776556776559 5.5000000000000009 -27.499999999999996
decision_type=2 10 8 10 8 2
left_child=3 -2 -3 -1 5 -5
right_child=1 2 -4 4 -6 -7
leaf_value=-0.021314793888088622 -0.021314793888088622 -0.021314793888088622 0.65803226685134042 -0.97986852592892104 -0.092648455362601828 -0.099241180822253222
leaf_weight=1720 413 106 320 53 1217 59
leaf_count=1720 413 106 320 53 1217 59
internal_value=0.0210683 0.174934 0.46441 -0.0213148 -0.129108 -0.52095
internal_weight=3888 839 426 3049 1329 112
internal_count=3888 839 426 3049 1329 112
is_linear=0
shrinkage=0.03


Tree=287
num_leaves=7
num_cat=0
split_feature=0 3 8 0 7 3
split_gain=31468.4 51746.8 15305.9 18060 36194.2 13922.7
threshold=371.50000000000006 10.500000000000002 6.0416666666569663 53.500000000000007 0.93885340395700279 5.5000000000000009
decision_type=2 10 2 2 10 8
left_child=2 -2 3 4 -1 -4
right_child=1 -3 5 -5 -6 -7
leaf_value=-0.099828429988741321 0.02174038925605961 1.0773052809518926 -0.15245398851135411 0.02174038925605961 -0.85612059859486367 0.02174038925605961
leaf_weight=220 46 67 467 104 76 2838
leaf_count=220 46 67 467 104 76 2838
internal_value=0.0368521 0.527793 0.0217404 -0.163606 -0.29624 0.0217404
internal_weight=3818 113 3705 400 296 3305
internal_count=3818 113 3705 400 296 3305
is_linear=0
shrinkage=0.03


Tree=288
num_leaves=7
num_cat=0
split_feature=7 8 2 0 8 6
split_gain=42287 53754.4 60975.4 59113.6 39453 36853.2
threshold=0.91389144142716827 13.291666666656967 107.45434272289278 181.50000000000003 18.125000000000004 0.59069264069264082
decision_type=8 2 8 2 2 8
left_child=5 3 4 -2 -3 -1
right_child=1 2 -4 -5 -6 -7
leaf_value=0.58540951278805731 -0.12818573450041787 0.31657174008797451 0.58689987576907809 0.58404061172066668 -0.18838249729201195 -0.071526725857634671
leaf_weight=79 711 331 403 122 239 1957
leaf_count=79 711 331 403 122 239 1957
internal_value=0.0479703 0.153606 0.304926 -0.0232989 0.104886 -0.0457617
internal_weight=3842 1806 973 833 570 2036
internal_count=3842 1806 973 833 570 2036
is_linear=0
shrinkage=0.03


Tree=289
num_leaves=7
num_cat=0
split_feature=8 3 7 8 8 6
split_gain=32107.1 44005.4 42084.3 32681.8 30538.4 22529.6
threshold=21.041666666656969 10.500000000000002 0.90630852059925104 21.875000000000004 23.041666666656969 14.256776556776559
decision_type=2 10 10 2 2 8
left_child=5 2 -2 -4 -3 -1
right_child=1 4 3 -5 -6 -7
leaf_value=0.083202287297196226 -0.55225507155673137 1.0663094943556293 0.97208729967474927 0.043224569338710363 0.15985200207148281 -0.06930048949029978
leaf_weight=1766 72 86 47 118 55 1720
leaf_count=1766 72 86 47 118 55 1720
internal_value=0.0364715 0.298707 0.0482743 0.312072 0.716343 0.00795879
internal_weight=3864 378 237 165 141 3486
internal_count=3864 378 237 165 141 3486
is_linear=0
shrinkage=0.03


Tree=290
num_leaves=7
num_cat=0
split_feature=0 5 0 6 7 0
split_gain=25048.6 63566.1 38354.7 19367.3 18987.8 11114.8
threshold=252.50000000000003 -100.69896233081816 389.50000000000006 19.108427815570678 0.92747102796345382 -23.499999999999996
decision_type=2 10 2 10 10 2
left_child=5 2 3 4 -2 -1
right_child=1 -3 -4 -5 -6 -7
leaf_value=-0.12622122069839284 -0.021083789131405944 -0.021083789131405944 1.3117480329906239 0.87260516925733911 0.65871127367019655 -0.021083789131405944
leaf_weight=904 76 124 50 48 45 2624
leaf_count=904 76 124 50 48 45 2624
internal_value=0.00273697 0.2471 0.589248 0.369032 0.163753 -0.0210838
internal_weight=3871 343 219 169 121 3528
internal_count=3871 343 219 169 121 3528
is_linear=0
shrinkage=0.03


Tree=291
num_leaves=7
num_cat=0
split_feature=0 4 0 6 0 7
split_gain=30282.8 48762.1 22305.5 16303.3 24741.5 21558.4
threshold=325.50000000000006 2.803013235928129 401.50000000000006 14.803610930383867 -4.4999999999999991 0.77875644060715798
decision_type=2 10 2 10 2 10
left_child=3 -2 -3 -1 5 -5
right_child=1 2 -4 4 -6 -7
leaf_value=0.0024407409879943875 0.0024407409879943875 0.45615957559509712 1.2884176138242085 -0.81798631245719977 -0.013080571302648126 -0.19957570546623052
leaf_weight=2172 45 87 44 57 1013 417
leaf_count=2172 45 87 44 57 1013 417
internal_value=0.0209804 0.404224 0.74334 0.00244074 -0.0968613 -0.275507
internal_weight=3835 176 131 3659 1487 474
internal_count=3835 176 131 3659 1487 474
is_linear=0
shrinkage=0.03


Tree=292
num_leaves=7
num_cat=0
split_feature=8 2 8 8 2 8
split_gain=47845.4 25504.1 30777.4 25252.6 25454.8 24844.2
threshold=20.458333333343038 107.45434272289278 23.125000000000004 19.458333333343038 -36.62875580787658 15.708333333343036
decision_type=2 8 2 2 8 2
left_child=3 -2 -3 5 -5 -1
right_child=1 2 -4 4 -6 -7
leaf_value=-0.030034380475699063 0.089778322561027163 0.78818827983256312 0.098982491330096581 -0.74626271619732609 -0.064864974313772708 0.16500313623080134
leaf_weight=2348 230 154 94 78 132 783
leaf_count=2348 230 154 94 78 132 783
internal_value=0.0375762 0.317978 0.528404 -0.00262421 -0.320293 0.0187777
internal_weight=3819 478 248 3341 210 3131
internal_count=3819 478 248 3341 210 3131
is_linear=0
shrinkage=0.03


Tree=293
num_leaves=7
num_cat=0
split_feature=2 7 6 0 7 6
split_gain=44416.4 49199.4 54741.8 22484.3 20872.2 27417.7
threshold=107.45434272289278 0.95657137184832253 14.803610930383867 155.50000000000003 0.92747102796345382 8.5294540229885083
decision_type=10 10 8 2 10 10
left_child=-1 2 4 -4 5 -2
right_child=1 -3 3 -5 -6 -7
leaf_value=-0.025023255913583852 0.86983691117849693 -0.025023255913583852 -0.025023255913583852 0.58924525380134585 0.93447786516830567 0.17619249596430436
leaf_weight=3071 82 106 244 59 121 136
leaf_count=3071 82 106 244 59 121 136
internal_value=0.0254889 0.232629 0.357329 0.0638857 0.61865 0.439885
internal_weight=3819 748 642 303 339 218
internal_count=3819 748 642 303 339 218
is_linear=0
shrinkage=0.03


Tree=294
num_leaves=7
num_cat=0
split_feature=8 3 8 8 8 2
split_gain=40249.6 32521.6 32171.4 21976.6 66843.8 40587.7
threshold=20.875000000000004 10.500000000000002 23.041666666656969 5.9583333333430355 8.3750000000000018 35.707800388336189
decision_type=2 10 2 2 2 10
left_child=3 -2 -3 -1 5 -5
right_child=1 2 -4 4 -6 -7
leaf_value=-0.22405632748404836 0.091270041103376942 1.0276628614026446 0.14080950157208874 0.23434723522218448 -0.04886526553849066 1.0638859465622132
leaf_weight=409 256 85 65 377 2539 61
leaf_count=409 256 85 65 377 2539 61
internal_value=0.0157375 0.297614 0.646837 -0.018139 0.0102171 0.352037
internal_weight=3792 406 150 3386 2977 438
internal_count=3792 406 150 3386 2977 438
is_linear=0
shrinkage=0.03


Tree=295
num_leaves=7
num_cat=0
split_feature=8 7 8 1 6 8
split_gain=38238.7 57322.5 64612.7 53470.8 49809.5 36880.9
threshold=15.708333333343036 0.91727056311155464 17.791666666656969 127.4343680938085 9.0650735294117677 11.625000000000002
decision_type=2 10 2 8 10 2
left_child=5 -2 -3 -4 -5 -1
right_child=1 2 3 4 -6 -7
leaf_value=0.040724141287665147 -0.023751423987090882 0.83514227434087185 -0.14824641981154435 -0.044785323663822652 0.80521819013583507 -0.20647735433007133
leaf_weight=1520 813 180 241 102 157 844
leaf_count=1520 813 180 241 102 157 844
internal_value=0.0274834 0.146294 0.349334 0.173126 0.471583 -0.0475822
internal_weight=3857 1493 680 500 259 2364
internal_count=3857 1493 680 500 259 2364
is_linear=0
shrinkage=0.03


Tree=296
num_leaves=7
num_cat=0
split_feature=0 5 2 6 0 7
split_gain=46997.4 84586.8 23038.8 16384.9 22251.7 36535.2
threshold=304.50000000000006 -85.565303683280931 43.076737761497505 14.803610930383867 -58.499999999999993 0.86707031535816215
decision_type=2 10 8 10 2 10
left_child=3 2 -2 -1 5 -5
right_child=1 -3 -4 4 -6 -7
leaf_value=-0.011900678771678169 0.31822198850767952 -0.011900678771678169 1.1763309528501993 -1.1382080207987035 -0.065683267913077159 -0.18024800217190345
leaf_weight=2174 41 66 96 46 1267 153
leaf_count=2174 41 66 96 46 1267 153
internal_value=0.0129292 0.45603 0.923691 -0.0119007 -0.112161 -0.40627
internal_weight=3843 203 137 3640 1466 199
internal_count=3843 203 137 3640 1466 199
is_linear=0
shrinkage=0.03


Tree=297
num_leaves=7
num_cat=0
split_feature=7 8 4 0 4 8
split_gain=23565.3 41510.1 26721.6 48873 26050.5 54089.9
threshold=0.89763239002521722 6.0416666666569663 3.7184856092209198 202.50000000000003 4.5117053425751559 15.958333333343036
decision_type=8 2 8 2 8 2
left_child=2 -2 -1 -4 -3 -6
right_child=1 4 3 -5 5 -7
leaf_value=-0.22552717621587998 -0.30906972527400484 0.064508958462836594 -0.019586031343046338 0.90305730082771996 0.047115193049355249 0.63545610791517171
leaf_weight=571 215 1589 853 54 327 246
leaf_count=571 215 1589 853 54 327 246
internal_value=0.0290876 0.0875617 -0.0649492 0.0362794 0.127129 0.300368
internal_weight=3855 2377 1478 907 2162 573
internal_count=3855 2377 1478 907 2162 573
is_linear=0
shrinkage=0.03


Tree=298
num_leaves=7
num_cat=0
split_feature=2 7 6 7 6 6
split_gain=41727.7 46387.2 51471.8 18196.9 26713.7 23999.8
threshold=99.379082083702102 0.95611144904028122 14.565349264705885 0.92713891197683462 9.9607692307692322 5.5620634920634924
decision_type=10 10 8 10 10 10
left_child=-1 2 3 5 -5 -2
right_child=1 -3 -4 4 -6 -7
leaf_value=-0.021626533573773275 0.8797172362901069 -0.021626533573773275 0.076813071552057591 0.40015420614608699 1.3088109541489528 0.22085560859969028
leaf_weight=3040 73 118 343 55 64 155
leaf_count=3040 73 118 343 55 64 155
internal_value=0.0293229 0.220803 0.337855 0.594925 0.895678 0.434727
internal_weight=3848 808 690 347 119 228
internal_count=3848 808 690 347 119 228
is_linear=0
shrinkage=0.03


Tree=299
num_leaves=7
num_cat=0
split_feature=8 3 8 1 8 2
split_gain=36314.9 40710.9 39614.3 26625.3 21660 22823
threshold=20.458333333343038 9.5000000000000018 23.125000000000004 176.55637625853225 19.458333333343038 -30.380624413490292
decision_type=2 10 2 10 2 8
left_child=4 -2 3 -3 -1 -6
right_child=1 2 -4 -5 5 -7
leaf_value=0.025927909452408904 0.025360267900529948 0.55835136668397745 -0.021548069211798655 1.3951851773720521 -0.67922417261978474 -0.039752014704788001
leaf_weight=3170 260 108 70 51 81 130
leaf_count=3170 260 108 70 51 81 130
internal_value=0.0412846 0.282651 0.573391 0.833812 0.00630204 -0.287283
internal_weight=3870 489 229 159 3381 211
internal_count=3870 489 229 159 3381 211
is_linear=0
shrinkage=0.03


end of trees

feature_importances:
cur_dev_s=327
hist_tgt_delay=234
hour=226
valid_share_30m=218
det_stops_to_tgt=210
det_plus_hist_gain=186
speed_mean_5m=149
layover_slack_s=147
plan_path_speed=103

parameters:
[boosting: gbdt]
[objective: huber]
[metric: huber]
[tree_learner: serial]
[device_type: cpu]
[data_sample_strategy: bagging]
[data: ]
[valid: ]
[num_iterations: 300]
[learning_rate: 0.03]
[num_leaves: 7]
[num_threads: 8]
[seed: 0]
[deterministic: 0]
[force_col_wise: 0]
[force_row_wise: 0]
[histogram_pool_size: -1]
[max_depth: -1]
[min_data_in_leaf: 40]
[min_sum_hessian_in_leaf: 0.001]
[bagging_fraction: 0.8]
[pos_bagging_fraction: 1]
[neg_bagging_fraction: 1]
[bagging_freq: 1]
[bagging_seed: 7719]
[bagging_by_query: 0]
[feature_fraction: 0.7]
[feature_fraction_bynode: 1]
[feature_fraction_seed: 2437]
[extra_trees: 0]
[extra_seed: 11797]
[early_stopping_round: 0]
[early_stopping_min_delta: 0]
[first_metric_only: 0]
[max_delta_step: 0]
[lambda_l1: 0]
[lambda_l2: 1]
[linear_lambda: 0]
[min_gain_to_split: 0]
[drop_rate: 0.1]
[max_drop: 50]
[skip_drop: 0.5]
[xgboost_dart_mode: 0]
[uniform_drop: 0]
[drop_seed: 21238]
[top_rate: 0.2]
[other_rate: 0.1]
[min_data_per_group: 100]
[max_cat_threshold: 32]
[cat_l2: 10]
[cat_smooth: 10]
[max_cat_to_onehot: 4]
[top_k: 20]
[monotone_constraints: 1,1,1,0,0,-1,0,0,0]
[monotone_constraints_method: intermediate]
[monotone_penalty: 0]
[feature_contri: ]
[forcedsplits_filename: ]
[refit_decay_rate: 0.9]
[cegb_tradeoff: 1]
[cegb_penalty_split: 0]
[cegb_penalty_feature_lazy: ]
[cegb_penalty_feature_coupled: ]
[path_smooth: 0]
[interaction_constraints: ]
[verbosity: -1]
[saved_feature_importance_type: 0]
[use_quantized_grad: 0]
[num_grad_quant_bins: 4]
[quant_train_renew_leaf: 0]
[stochastic_rounding: 1]
[linear_tree: 0]
[max_bin: 255]
[max_bin_by_feature: ]
[min_data_in_bin: 3]
[bin_construct_sample_cnt: 200000]
[data_random_seed: 38]
[is_enable_sparse: 1]
[enable_bundle: 1]
[use_missing: 1]
[zero_as_missing: 0]
[feature_pre_filter: 1]
[pre_partition: 0]
[two_round: 0]
[header: 0]
[label_column: ]
[weight_column: ]
[group_column: ]
[ignore_column: ]
[categorical_feature: ]
[forcedbins_filename: ]
[precise_float_parser: 0]
[parser_config_file: ]
[objective_seed: 8855]
[num_class: 1]
[is_unbalance: 0]
[scale_pos_weight: 1]
[sigmoid: 1]
[boost_from_average: 1]
[reg_sqrt: 0]
[alpha: 60]
[fair_c: 1]
[poisson_max_delta_step: 0.7]
[tweedie_variance_power: 1.5]
[lambdarank_truncation_level: 30]
[lambdarank_norm: 1]
[label_gain: ]
[lambdarank_position_bias_regularization: 0]
[eval_at: ]
[multi_error_top_k: 1]
[auc_mu_weights: ]
[num_machines: 1]
[local_listen_port: 12400]
[time_out: 120]
[machine_list_filename: ]
[machines: ]
[gpu_platform_id: -1]
[gpu_device_id: -1]
[gpu_device_id_list: ]
[gpu_use_dp: 0]
[num_gpu: 1]

end of parameters

pandas_categorical:[]
