sample_id,tr_id,split,is_synthetic,y,cur_dev_s,oof
122048_1767665400,122048,train,False,-25.0,0.0,24.703223903484556
122048_1767665700,122048,train,False,0.0,0.0,46.974996756469956
122048_1767666000,122048,train,False,0.0,0.0,36.67078059394423
122048_1767666300,122048,train,False,0.0,0.0,-3.460091567137419
122048_1767666600,122048,train,False,0.0,0.0,-21.59504394120626
133957_1767666600,133957,train,False,-32.0,0.0,61.72011266264319
129964_1767666600,129964,train,False,44.0,-97.0,-12.648949978318504
133957_1767666900,133957,train,False,-32.0,0.0,56.222389743127366
132430_1767666900,132430,train,False,46.0,5.0,11.729813309915189
122048_1767666900,122048,train,False,0.0,0.0,16.730060958252658
129964_1767666900,129964,train,False,16.0,-51.0,-24.05538074405565
133957_1767667200,133957,train,False,17.0,0.0,55.18040614560024
132430_1767667200,132430,train,False,102.0,22.0,17.226589580301003
122048_1767667200,122048,train,False,0.0,0.0,7.767226146181869
129964_1767667200,129964,train,False,-27.0,5.0,-7.517999367480616
132430_1767667500,132430,train,False,-23.0,28.0,17.35183000568924
122048_1767667500,122048,train,False,0.0,0.0,31.934836010241114
129964_1767667500,129964,train,False,2.0,46.0,63.5648222432433
133957_1767667500,133957,train,False,-66.0,-32.0,59.50945597668478
122048_1767667800,122048,train,False,0.0,0.0,20.065524445587208
133957_1767667800,133957,train,False,-74.0,24.0,58.510701785363835
132430_1767667800,132430,train,False,-2.0,93.0,76.13022479082309
129964_1767667800,129964,train,False,-70.0,6.0,-8.670013301561553
134040_1767667800,134040,train,False,20.0,0.0,1.2946997340974287
129964_1767668100,129964,train,False,-76.0,-7.0,-29.326459645565876
132430_1767668100,132430,train,False,27.0,40.0,45.97622066440806
122048_1767668100,122048,train,False,0.0,0.0,20.390473214543682
133957_1767668100,133957,train,False,-61.0,-7.0,60.38131253093178
134040_1767668100,134040,train,False,93.0,0.0,7.78179921353908
132430_1767668400,132430,train,False,22.0,25.0,45.33541973142952
122048_1767668400,122048,train,False,0.0,0.0,6.019837659962723
133957_1767668400,133957,train,False,-34.0,-109.0,70.47590136685943
122048_1767668700,122048,train,False,0.0,0.0,-0.18536575297238972
132430_1767668700,132430,train,False,74.0,10.0,45.411862519099145
122048_1767669000,122048,train,False,0.0,0.0,-0.9498715195888527
132430_1767669000,132430,train,False,1.0,20.0,62.0756911847272
133957_1767669300,133957,train,False,46.0,-34.0,12.469491439070516
132430_1767669300,132430,train,False,4.0,136.0,136.18648760883002
122048_1767669300,122048,train,False,0.0,0.0,-0.879475076826249
122048_1767669600,122048,train,False,0.0,0.0,2.4889038368637437
133957_1767669600,133957,train,False,58.0,-34.0,48.304081450954726
132430_1767669600,132430,train,False,84.0,11.0,74.78254699043461
133957_1767669900,133957,train,False,40.0,-34.0,52.623386205850885
122048_1767669900,122048,train,False,0.0,0.0,4.54018563553239
132430_1767669900,132430,train,False,58.0,-8.0,59.17036093824761
133957_1767670200,133957,train,False,133.0,21.0,66.33016476472969
134040_1767670200,134040,train,False,110.0,135.0,27.658694798080557
129964_1767670200,129964,train,False,74.0,28.0,62.41854250565335
135081_1767670200,135081,train,False,14.0,0.0,2.7350512609612885
122048_1767670200,122048,train,False,0.0,0.0,8.412639841564161
122048_1767670500,122048,train,False,0.0,0.0,11.702485270477698
129964_1767670500,129964,train,False,61.0,-13.0,48.485259820663956
133957_1767670500,133957,train,False,55.0,36.0,53.582952407902376
134040_1767670500,134040,train,False,129.0,125.0,56.81749480391365
135081_1767670500,135081,train,False,63.0,0.0,11.483098503700724
132430_1767670500,132430,train,False,215.0,99.0,-2.2732478457319276
135081_1767670800,135081,train,False,54.0,0.0,28.056040892273373
129964_1767670800,129964,train,False,-16.0,103.0,59.33781371279485
133957_1767670800,133957,train,False,-10.0,112.0,138.5031670625363
122048_1767670800,122048,train,False,0.0,0.0,18.985412523684182
134040_1767670800,134040,train,False,132.0,111.0,86.48635935517132
132430_1767670800,132430,train,False,162.0,58.0,15.792262974658147
134040_1767671100,134040,train,False,60.0,179.0,130.19459129022425
133957_1767671100,133957,train,False,-86.0,82.0,34.982957341958645
129964_1767671100,129964,train,False,-55.0,75.0,36.30583035918867
132430_1767671100,132430,train,False,137.0,58.0,45.09819913852333
122048_1767671100,122048,train,False,0.0,0.0,-8.985353983690873
135081_1767671100,135081,train,False,45.0,59.0,29.699466082417892
122048_1767671400,122048,train,False,0.0,0.0,-2.1001023901845315
129964_1767671400,129964,train,False,22.0,4.0,38.05809058697449
132430_1767671400,132430,train,False,244.0,215.0,168.6705833306909
134040_1767671400,134040,train,False,43.0,140.0,55.39223305986514
133957_1767671400,133957,train,False,-86.0,19.0,41.8009508023916
135081_1767671400,135081,train,False,84.0,73.0,79.67698039923584
135081_1767671700,135081,train,False,104.0,29.0,36.15426063236603
132430_1767671700,132430,train,False,324.0,143.0,135.65956910079927
133957_1767671700,133957,train,False,-40.0,-64.0,117.55462711464847
134040_1767671700,134040,train,False,-29.0,146.0,18.580530946442334
122048_1767671700,122048,train,False,0.0,0.0,2.9667935378850503
129964_1767671700,129964,train,False,-50.0,-25.0,13.93723038325386
135081_1767672000,135081,train,False,-33.0,47.0,13.537039674087358
132430_1767672000,132430,train,False,364.0,215.0,133.04847171100556
129964_1767672000,129964,train,False,-7.0,60.0,-29.115398842155244
133957_1767672000,133957,train,False,-29.0,-86.0,11.205844500652244
135081_1767672300,135081,train,False,-40.0,41.0,-2.8495648830122935
133957_1767672300,133957,train,False,-51.0,-118.0,-49.52848324127668
122048_1767672300,122048,train,False,66.0,0.0,7.381041879190439
132430_1767672300,132430,train,False,275.0,276.0,175.7771765295942
129964_1767672300,129964,train,False,-9.0,-37.0,-4.511190486375266
133957_1767672600,133957,train,False,-8.0,-14.0,7.515887239548459
135081_1767672600,135081,train,False,-145.0,49.0,-29.716236477679352
122048_1767672600,122048,train,False,66.0,0.0,-8.761951681252448
132430_1767672600,132430,train,False,322.0,319.0,257.2740225013183
133957_1767672900,133957,train,False,-34.0,-41.0,21.586497775314747
122048_1767672900,122048,train,False,170.0,0.0,23.236362099441127
132430_1767672900,132430,train,False,130.0,242.0,114.06231995560825
130238_1767672900,130238,train,False,-23.0,0.0,72.8154097186395
135081_1767672900,135081,train,False,-98.0,-32.0,-18.125432667272236
129964_1767672900,129964,train,False,-29.0,7.0,34.73179415521086
129964_1767673200,129964,train,False,-57.0,-9.0,52.45984080176113
130238_1767673200,130238,train,False,39.0,0.0,69.30068854997626
122048_1767673200,122048,train,False,41.0,66.0,42.89363042665358
132430_1767673200,132430,train,False,129.0,310.0,212.2963447165773
135081_1767673200,135081,train,False,71.0,-103.0,-10.51023158966491
129964_1767673500,129964,train,False,19.0,-9.0,86.73299241411327
122048_1767673500,122048,train,False,25.0,169.0,56.993903463989966
132430_1767673500,132430,train,False,265.0,229.0,204.88619536240174
130238_1767673500,130238,train,False,26.0,0.0,63.36078157642315
135081_1767673500,135081,train,False,64.0,-120.0,15.620002446197425
130238_1767673800,130238,train,False,10.0,90.0,142.4027070622745
131672_1767673800,131672,train,False,-73.0,-6.0,3.7291902885859773
133957_1767673800,133957,train,False,32.0,-4.0,0.011781648044459914
129964_1767673800,129964,train,False,-15.0,-64.0,-38.40443127877082
135081_1767673800,135081,train,False,111.0,-96.0,29.736428647660798
129964_1767674100,129964,train,False,72.0,34.0,60.80062741765968
130238_1767674100,130238,train,False,131.0,39.0,77.59482267764503
135081_1767674100,135081,train,False,80.0,71.0,58.165280930811676
131672_1767674100,131672,train,False,121.0,0.0,-10.882872824684389
133957_1767674100,133957,train,False,43.0,-4.0,29.875969374083923
133957_1767674400,133957,train,False,74.0,-4.0,41.52288237610041
135081_1767674400,135081,train,False,122.0,133.0,88.3011785620488
129964_1767674400,129964,train,False,95.0,3.0,28.404519544510727
131672_1767674400,131672,train,False,145.0,-31.0,-27.132688839505327
130238_1767674400,130238,train,False,168.0,-42.0,39.72954120307442
130238_1767674700,130238,train,False,240.0,139.0,116.01463095797595
131672_1767674700,131672,train,False,125.0,-73.0,62.0136953235145
133957_1767674700,133957,train,False,171.0,48.0,108.76679067302524
135081_1767674700,135081,train,False,94.0,82.0,34.52777270933472
129964_1767674700,129964,train,False,46.0,2.0,-4.343753499153915
130238_1767675000,130238,train,False,233.0,179.0,180.48162733771443
135081_1767675000,135081,train,False,53.0,161.0,38.451248439857984
129964_1767675000,129964,train,False,38.0,38.0,-20.95096325789264
131672_1767675000,131672,train,False,166.0,146.0,114.15486809344225
133300_1767675000,133300,train,False,99.0,0.0,12.437812076332007
133957_1767675000,133957,train,False,92.0,61.0,79.19854397292005
135081_1767675300,135081,train,False,208.0,114.0,46.643903853099836
133300_1767675300,133300,train,False,99.0,0.0,16.793383551023286
131672_1767675300,131672,train,False,88.0,108.0,139.89564995983073
129964_1767675300,129964,train,False,105.0,46.0,18.9177231499344
133957_1767675300,133957,train,False,5.0,123.0,143.99541278745784
133957_1767675600,133957,train,False,-10.0,67.0,64.33435038754254
122048_1767675600,122048,train,False,-68.0,2.0,-30.98756357765682
133300_1767675600,133300,train,False,180.0,0.0,26.210771944706053
129964_1767675600,129964,train,False,46.0,28.0,6.249062120537147
135081_1767675600,135081,train,False,299.0,61.0,42.134113911799105
133300_1767675900,133300,train,False,135.0,99.0,53.500302188738154
122048_1767675900,122048,train,False,-86.0,-51.0,-32.65633468801468
129964_1767675900,129964,train,False,20.0,84.0,52.59837260077319
133957_1767675900,133957,train,False,-32.0,35.0,33.076829499298604
135081_1767675900,135081,train,False,224.0,214.0,154.92952002475727
133300_1767676200,133300,train,False,170.0,253.0,153.73718239651623
129964_1767676200,129964,train,False,91.0,109.0,44.191653628123404
135081_1767676200,135081,train,False,126.0,320.0,294.0636462483332
133957_1767676200,133957,train,False,95.0,19.0,90.5686035200832
122048_1767676200,122048,train,False,25.0,-80.0,-7.026149949722138
135081_1767676500,135081,train,False,-30.0,236.0,79.57077138163196
122048_1767676500,122048,train,False,-41.0,-19.0,-4.372794872159655
133300_1767676500,133300,train,False,169.0,156.0,123.9652008822032
133957_1767676500,133957,train,False,61.0,-32.0,47.97597736985409
133300_1767676800,133300,train,False,289.0,137.0,88.54221611335558
122048_1767676800,122048,train,False,-163.0,-56.0,28.90931028260762
133957_1767676800,133957,train,False,7.0,-39.0,-19.31109661867458
122048_1767677100,122048,train,False,-177.0,17.0,5.610904546547198
133957_1767677100,133957,train,False,-94.0,111.0,121.72605130808434
122048_1767677400,122048,train,False,-65.0,-113.0,4.059617122653683
133957_1767677400,133957,train,False,-91.0,26.0,54.44497255690044
133300_1767677400,133300,train,False,87.0,296.0,37.93188741946517
130238_1767677400,130238,train,False,-50.0,12.0,47.45521184047175
134040_1767677400,134040,train,False,71.0,189.0,72.92470704494168
122048_1767677700,122048,train,False,12.0,-203.0,2.5010204637216273
134040_1767677700,134040,train,False,174.0,120.0,107.41070867802343
133300_1767677700,133300,train,False,87.0,284.0,74.71657258338895
130238_1767677700,130238,train,False,-47.0,18.0,22.976626664285632
130238_1767678000,130238,train,False,-45.0,57.0,62.52773671339972
133300_1767678000,133300,train,False,108.0,284.0,103.47077804492845
134040_1767678000,134040,train,False,-25.0,71.0,17.76725383216651
122048_1767678000,122048,train,False,47.0,-78.0,1.2696640532543035
133300_1767678300,133300,train,False,59.0,87.0,124.39097628536555
130238_1767678300,130238,train,False,-142.0,-49.0,-40.62449278892753
122048_1767678300,122048,train,False,124.0,-46.0,2.942892879961159
133300_1767678600,133300,train,False,40.0,178.0,158.5655903265399
122048_1767678600,122048,train,False,172.0,7.0,-4.454968321349703
133300_1767678900,133300,train,False,-2.0,76.0,72.86440988182812
122048_1767678900,122048,train,False,140.0,83.0,21.63760217573411
133957_1767679500,133957,train,False,49.0,-16.0,34.6511316027428
130238_1767679500,130238,train,False,0.0,-52.0,-12.595313468817313
130238_1767679800,130238,train,False,0.0,-52.0,-16.88492679283266
133957_1767679800,133957,train,False,71.0,-16.0,63.12283120469784
132430_1767679800,132430,train,False,73.0,0.0,-0.29424545889901665
134040_1767679800,134040,train,False,23.0,-25.0,53.45529752234574
132430_1767680100,132430,train,False,73.0,0.0,33.06118856779299
134040_1767680100,134040,train,False,26.0,-25.0,41.81563694686297
133957_1767680100,133957,train,False,111.0,-16.0,62.417467300702725
130238_1767680100,130238,train,False,0.0,-52.0,-17.21329370715778
134040_1767680400,134040,train,False,-52.0,-25.0,71.24866024929231
133957_1767680400,133957,train,False,18.0,58.0,63.65715927821619
130238_1767680400,130238,train,False,0.0,0.0,1.083013089443325
132430_1767680400,132430,train,False,-15.0,0.0,17.99858928074908
129964_1767680400,129964,train,False,-51.0,122.0,93.44264654349291
134040_1767680700,134040,train,False,-87.0,32.0,57.56224291895321
132430_1767680700,132430,train,False,-42.0,73.0,66.938882108999
133957_1767680700,133957,train,False,39.0,99.0,47.331078037634455
130238_1767680700,130238,train,False,0.0,0.0,17.326001558380664
129964_1767680700,129964,train,False,-106.0,122.0,81.27173892875236
133957_1767681000,133957,train,False,-30.0,75.0,30.10541714027947
129964_1767681000,129964,train,False,7.0,122.0,138.1340244296606
132430_1767681000,132430,train,False,32.0,73.0,72.20787026737473
130238_1767681000,130238,train,False,0.0,0.0,34.4127380713776
122658_1767681000,122658,train,False,181.0,246.0,229.65464193846745
133300_1767681000,133300,train,False,12.0,36.0,45.89949329013946
134040_1767681000,134040,train,False,-111.0,-7.0,37.39187605464957
134040_1767681300,134040,train,False,-75.0,-72.0,-70.47614590187365
129964_1767681300,129964,train,False,47.0,-51.0,-5.269525507164242
132430_1767681300,132430,train,False,126.0,-11.0,48.41618870541508
133300_1767681300,133300,train,False,-61.0,44.0,51.94526486010908
122658_1767681300,122658,train,False,0.0,181.0,52.46071020811581
130238_1767681300,130238,train,False,0.0,0.0,49.73796858436475
133957_1767681300,133957,train,False,-59.0,25.0,37.30634840987912
130238_1767681600,130238,train,False,0.0,0.0,45.70031378494806
133300_1767681600,133300,train,False,159.0,-10.0,35.23820157789023
134040_1767681600,134040,train,False,1.0,-94.0,-32.96587418059412
133957_1767681600,133957,train,False,-30.0,-5.0,43.28233461018536
132430_1767681600,132430,train,False,65.0,-39.0,0.3014059646808116
122658_1767681600,122658,train,False,0.0,181.0,-1.3171900505648786
129964_1767681600,129964,train,False,39.0,-38.0,-19.23621245253502
131672_1767681900,131672,train,False,37.0,13.0,22.059216277005405
133300_1767681900,133300,train,False,79.0,-41.0,5.508196531046506
130238_1767681900,130238,train,False,0.0,0.0,-3.408752639149741
134040_1767681900,134040,train,False,-38.0,-79.0,-32.0925059302064
129964_1767681900,129964,train,False,148.0,-4.0,25.755571245405733
122658_1767681900,122658,train,False,0.0,181.0,37.28360636150637
133957_1767681900,133957,train,False,-58.0,-1.0,-4.807685025211994
132430_1767681900,132430,train,False,-62.0,60.0,95.36415116551706
133957_1767682200,133957,train,False,-19.0,-57.0,-14.812114581797125
133300_1767682200,133300,train,False,79.0,107.0,63.16092110392608
131672_1767682200,131672,train,False,13.0,13.0,52.28696779304166
134040_1767682200,134040,train,False,-71.0,-45.0,-35.68679137346183
129964_1767682200,129964,train,False,188.0,68.0,46.44292521206846
132430_1767682200,132430,train,False,-16.0,104.0,140.49430417909852
122658_1767682200,122658,train,False,0.0,0.0,12.048560960100682
129964_1767682500,129964,train,False,84.0,102.0,21.70668867685743
132430_1767682500,132430,train,False,248.0,5.0,28.984081849454977
133300_1767682500,133300,train,False,173.0,158.0,70.83912175382281
131672_1767682500,131672,train,False,16.0,13.0,85.53400082903303
133957_1767682500,133957,train,False,-45.0,-12.0,52.19953192346331
122658_1767682500,122658,train,False,0.0,0.0,8.490230222749288
134040_1767682500,134040,train,False,46.0,-31.0,-9.730577633481793
133957_1767682800,133957,train,False,-74.0,-58.0,19.996364623855683
132430_1767682800,132430,train,False,267.0,-16.0,39.84680679843457
122658_1767682800,122658,train,False,0.0,0.0,5.059060882703786
133300_1767682800,133300,train,False,135.0,79.0,69.89692824433645
131672_1767682800,131672,train,False,-48.0,47.0,63.9998863251659
129964_1767682800,129964,train,False,70.0,194.0,89.4948493283548
133957_1767683100,133957,train,False,-8.0,-37.0,47.761327757878874
133300_1767683100,133300,train,False,169.0,252.0,190.9682080447048
131672_1767683100,131672,train,False,-52.0,20.0,36.13742170315328
132430_1767683100,132430,train,False,408.0,-53.0,72.54372780335014
129964_1767683100,129964,train,False,154.0,124.0,146.34870595233383
122658_1767683100,122658,train,False,0.0,0.0,1.5120880720905965
129964_1767683400,129964,train,False,81.0,78.0,67.13630149312924
131672_1767683400,131672,train,False,-178.0,24.0,-27.67134322313862
122658_1767683400,122658,train,False,-11.0,0.0,17.50642274583812
132430_1767683400,132430,train,False,270.0,291.0,275.68009788561915
133300_1767683400,133300,train,False,166.0,155.0,95.78561515675936
129964_1767683700,129964,train,False,145.0,193.0,123.38868371483417
133300_1767683700,133300,train,False,240.0,148.0,136.42798516442065
133957_1767683700,133957,train,False,10.0,-8.0,19.201380970804973
122658_1767683700,122658,train,False,96.0,0.0,57.8107763997142
132430_1767683700,132430,train,False,163.0,388.0,327.7849874462482
131672_1767683700,131672,train,False,-200.0,-31.0,-47.42026637908792
122658_1767684000,122658,train,False,58.0,0.0,75.79221392853695
131672_1767684000,131672,train,False,-74.0,-52.0,-20.438514711557623
133957_1767684000,133957,train,False,33.0,-8.0,18.71178227145688
133300_1767684000,133300,train,False,116.0,172.0,34.17569083643807
129964_1767684000,129964,train,False,134.0,90.0,100.54408170145105
132430_1767684000,132430,train,False,246.0,300.0,266.97114776606156
133300_1767684300,133300,train,False,116.0,250.0,52.57470783299422
122658_1767684300,122658,train,False,118.0,33.0,13.992128120354463
132430_1767684300,132430,train,False,230.0,200.0,167.92835778987552
130238_1767684300,130238,train,False,16.0,0.0,25.577606629244094
133957_1767684300,133957,train,False,71.0,-8.0,20.51793680606303
131672_1767684300,131672,train,False,24.0,-170.0,26.59279347521737
131672_1767684600,131672,train,False,-63.0,-7.0,0.9333790339674062
129964_1767684600,129964,train,False,-29.0,156.0,46.247785324085456
122658_1767684600,122658,train,False,97.0,102.0,35.18681124244003
135081_1767684600,135081,train,False,-78.0,-81.0,-91.30968157151383
132430_1767684600,132430,train,False,215.0,175.0,141.2310128877587
122048_1767684600,122048,train,False,350.0,436.0,269.91606635315617
133300_1767684600,133300,train,False,214.0,281.0,96.97164984286637
131672_1767684900,131672,train,False,-96.0,5.0,16.45307396132066
135081_1767684900,135081,train,False,-28.0,-91.0,-67.29928939373183
122048_1767684900,122048,train,False,304.0,466.0,240.8020140935502
129964_1767684900,129964,train,False,-70.0,134.0,27.528561105502927
132430_1767684900,132430,train,False,183.0,234.0,200.78851471883837
133300_1767684900,133300,train,False,244.0,116.0,130.0018470929488
122658_1767684900,122658,train,False,97.0,188.0,105.88989693562688
135081_1767685200,135081,train,False,59.0,-83.0,-2.7611184023130875
122048_1767685200,122048,train,False,183.0,415.0,236.3340702454597
133300_1767685200,133300,train,False,255.0,263.0,223.36952430825352
122658_1767685200,122658,train,False,0.0,98.0,-52.086702533652094
131672_1767685200,131672,train,False,-126.0,7.0,-10.768652609541759
129964_1767685200,129964,train,False,-34.0,134.0,98.00230191695401
122048_1767685500,122048,train,False,141.0,347.0,271.5755196848726
129964_1767685500,129964,train,False,-4.0,-89.0,-25.193803391673796
132430_1767685500,132430,train,False,167.0,183.0,-16.589993990581057
135081_1767685500,135081,train,False,275.0,-85.0,-20.41656946732046
122658_1767685500,122658,train,False,0.0,97.0,-28.08090857422219
133300_1767685500,133300,train,False,286.0,265.0,215.35273993799606
135081_1767685800,135081,train,False,288.0,18.0,55.65225863998536
133300_1767685800,133300,train,False,404.0,244.0,236.96299854435688
132430_1767685800,132430,train,False,64.0,183.0,8.77086064298111
129964_1767685800,129964,train,False,17.0,-51.0,-2.5771531095724507
122048_1767685800,122048,train,False,45.0,228.0,146.09128238182066
122658_1767685800,122658,train,False,0.0,97.0,-6.132735130980509
135081_1767686100,135081,train,False,247.0,254.0,212.37227797394343
132430_1767686100,132430,train,False,53.0,183.0,4.255796333589106
122048_1767686100,122048,train,False,-35.0,188.0,65.05160218017285
122658_1767686100,122658,train,False,0.0,0.0,-4.405642643893408
129964_1767686100,129964,train,False,162.0,-2.0,68.1619641197011
133300_1767686400,133300,train,False,-26.0,408.0,47.45013679470662
132430_1767686400,132430,train,False,30.0,167.0,111.7042495549858
130238_1767686400,130238,train,False,107.0,233.0,154.98027157859522
129964_1767686400,129964,train,False,97.0,8.0,-2.091858366730012
122048_1767686400,122048,train,False,-43.0,101.0,30.18092602154517
130238_1767686700,130238,train,False,1.0,202.0,101.66482822610556
122048_1767686700,122048,train,False,-49.0,38.0,12.971977597133161
132430_1767686700,132430,train,False,53.0,64.0,76.3221630971857
129964_1767686700,129964,train,False,64.0,124.0,73.45054761140784
122048_1767687000,122048,train,False,104.0,18.0,4.768673973779041
132430_1767687000,132430,train,False,42.0,24.0,64.52984256763685
129964_1767687000,129964,train,False,42.0,109.0,107.10717898582111
132430_1767687300,132430,train,False,-108.0,74.0,46.52232001596499
122048_1767687300,122048,train,False,99.0,-2.0,39.42481697049897
129964_1767687300,129964,train,False,108.0,42.0,101.14981769638973
132430_1767687600,132430,train,False,-132.0,52.0,8.689152796099735
122048_1767687600,122048,train,False,49.0,133.0,72.22370115814579
129964_1767687600,129964,train,False,8.0,-4.0,26.5455938377532
129964_1767687900,129964,train,False,95.0,88.0,49.33794831717893
132430_1767687900,132430,train,False,-101.0,-50.0,-53.23344522208762
122048_1767687900,122048,train,False,80.0,146.0,91.76844026233192
122658_1767688200,122658,train,False,137.0,33.0,40.76622769728575
131672_1767688200,131672,train,False,16.0,-126.0,24.035422555334424
130238_1767688200,130238,train,False,27.0,40.0,79.54303492792927
132430_1767688200,132430,train,False,194.0,-161.0,32.272383979518686
122048_1767688200,122048,train,False,68.0,46.0,29.763855240823098
134040_1767688200,134040,train,False,154.0,-13.0,95.58835735049425
122048_1767688500,122048,train,False,49.0,125.0,59.262751213252656
122658_1767688500,122658,train,False,-33.0,24.0,-4.67913705657838
134040_1767688500,134040,train,False,141.0,105.0,120.95778021831771
131672_1767688500,131672,train,False,20.0,-126.0,9.915295625701953
130238_1767688500,130238,train,False,-8.0,40.0,103.62948445935956
132430_1767688500,132430,train,False,268.0,-84.0,117.92748543209294
122048_1767688800,122048,train,False,76.0,98.0,58.2928467950758
134040_1767688800,134040,train,False,128.0,142.0,102.34820580465413
132430_1767688800,132430,train,False,284.0,257.0,238.02902934212926
131672_1767688800,131672,train,False,-17.0,-126.0,17.329346444545124
122658_1767688800,122658,train,False,-34.0,153.0,36.4443000161856
130238_1767688800,130238,train,False,-92.0,40.0,102.2681676860277
131672_1767689100,131672,train,False,17.0,16.0,55.34091877738678
122658_1767689100,122658,train,False,-34.0,-10.0,-67.88950330028749
134040_1767689100,134040,train,False,26.0,187.0,78.21730712607241
122048_1767689100,122048,train,False,94.0,29.0,48.6335432100917
132430_1767689100,132430,train,False,163.0,257.0,223.58141435841617
130238_1767689100,130238,train,False,-120.0,20.0,51.2263269158593
122658_1767689400,122658,train,False,-34.0,-34.0,-40.22080851070976
131672_1767689400,131672,train,False,-72.0,17.0,30.269413858102673
130238_1767689400,130238,train,False,37.0,-82.0,2.5505035255406474
133300_1767689400,133300,train,False,9.0,-26.0,11.669302784840248
134040_1767689400,134040,train,False,94.0,141.0,-5.861657867926198
132430_1767689400,132430,train,False,85.0,380.0,279.6837127192084
122048_1767689400,122048,train,False,121.0,58.0,35.51636303793257
130238_1767689700,130238,train,False,57.0,-52.0,-30.27568970126627
122658_1767689700,122658,train,False,-34.0,-34.0,-20.87154487741312
122613_1767689700,122613,train,False,49.0,0.0,3.9378124024587438
122048_1767689700,122048,train,False,116.0,64.0,-1.5450946209854601
132430_1767689700,132430,train,False,7.0,215.0,201.92565541092566
134040_1767689700,134040,train,False,46.0,144.0,38.33489122396957
133300_1767689700,133300,train,False,9.0,-26.0,23.127342853793646
131672_1767689700,131672,train,False,-222.0,56.0,-40.29636617157085
122048_1767690000,122048,train,False,73.0,89.0,26.313554485251586
134040_1767690000,134040,train,False,159.0,102.0,55.61741436057765
122658_1767690000,122658,train,False,-34.0,-34.0,-19.32074357121635
129964_1767690000,129964,train,False,65.0,0.0,23.95500339619428
131672_1767690000,131672,train,False,-208.0,26.0,-51.17292389202124
130238_1767690000,130238,train,False,40.0,-7.0,-12.994349070162535
133300_1767690000,133300,train,False,68.0,-26.0,30.745749709269575
133957_1767690000,133957,train,False,-116.0,-9.0,0.21904427440424712
122048_1767690300,122048,train,False,-33.0,133.0,10.46623042223253
129964_1767690300,129964,train,False,66.0,26.0,53.38730527329348
130238_1767690300,130238,train,False,49.0,84.0,55.802814401015496
133300_1767690300,133300,train,False,69.0,9.0,55.327889707961276
122658_1767690300,122658,train,False,-34.0,-34.0,3.25011297314086
134040_1767690300,134040,train,False,-28.0,94.0,-2.531467599410006
131672_1767690300,131672,train,False,-157.0,-62.0,-64.07918150909582
133957_1767690300,133957,train,False,-68.0,-49.0,-29.716238257950014
130238_1767690600,130238,train,False,57.0,64.0,47.95335581196703
133300_1767690600,133300,train,False,59.0,70.0,82.23373101507137
131672_1767690600,131672,train,False,-39.0,-222.0,-51.27438975404341
122658_1767690600,122658,train,False,-34.0,-34.0,-5.0310231440422895
129964_1767690600,129964,train,False,79.0,79.0,65.76845700766164
133957_1767690600,133957,train,False,-88.0,-114.0,-80.35414255457451
122658_1767690900,122658,train,False,-34.0,-34.0,11.09144684954919
133300_1767690900,133300,train,False,62.0,43.0,67.36080567753267
133957_1767690900,133957,train,False,-111.0,-88.0,-82.78971940585203
131672_1767690900,131672,train,False,-68.0,-224.0,11.309465058224518
129964_1767690900,129964,train,False,58.0,119.0,35.45041781575142
131672_1767691200,131672,train,False,-65.0,-76.0,-80.30725077062634
129964_1767691200,129964,train,False,64.0,90.0,17.813245145869733
133957_1767691200,133957,train,False,9.0,-101.0,-46.29386878154424
130238_1767691200,130238,train,False,0.0,31.0,-44.69678260772365
133300_1767691200,133300,train,False,135.0,60.0,104.71437716003331
129964_1767691500,129964,train,False,94.0,72.0,74.72173381936997
131672_1767691500,131672,train,False,-10.0,-17.0,-12.304659632800652
130238_1767691500,130238,train,False,0.0,38.0,-46.578247145638514
133957_1767691800,133957,train,False,48.0,9.0,17.52778290289003
129964_1767691800,129964,train,False,42.0,57.0,56.92056714251536
122048_1767691800,122048,train,False,233.0,35.0,-30.175830255494162
130238_1767691800,130238,train,False,0.0,38.0,-8.485730796473895
130238_1767692100,130238,train,False,0.0,0.0,3.736152535046707
133957_1767692100,133957,train,False,50.0,9.0,-24.39121330083217
129964_1767692100,129964,train,False,16.0,78.0,31.60889777747152
122048_1767692100,122048,train,False,200.0,35.0,59.15299486496487
129964_1767692400,129964,train,False,106.0,100.0,85.94796750496943
130238_1767692400,130238,train,False,0.0,0.0,18.805545721396083
133957_1767692400,133957,train,False,223.0,9.0,104.97464694890377
122048_1767692400,122048,train,False,91.0,35.0,55.21436746602871
130238_1767692700,130238,train,False,0.0,0.0,13.833703633701381
122048_1767692700,122048,train,False,-63.0,204.0,106.2858718734731
133957_1767692700,133957,train,False,191.0,40.0,73.83812856531173
130238_1767693000,130238,train,False,0.0,0.0,-56.60649467167053
122048_1767693000,122048,train,False,-67.0,98.0,69.00105161851974
133957_1767693000,133957,train,False,80.0,208.0,91.0608483350987
130238_1767693300,130238,train,False,0.0,0.0,-82.61956184905424
132430_1767693300,132430,train,False,132.0,-212.0,-11.35449526244869
133957_1767693300,133957,train,False,23.0,142.0,96.47102638086234
122048_1767693300,122048,train,False,-115.0,-96.0,5.761931743704752
122613_1767693600,122613,train,False,-180.0,-157.0,2.4988530502309807
122048_1767693600,122048,train,False,-142.0,-59.0,-9.182292841245562
133300_1767693600,133300,train,False,168.0,-17.0,52.80469429308968
132430_1767693600,132430,train,False,132.0,-212.0,-18.579999765392703
133957_1767693600,133957,train,False,-24.0,132.0,23.905404350321145
122613_1767693900,122613,train,False,-108.0,-191.0,-9.430685835723803
122048_1767693900,122048,train,False,-110.0,-81.0,-40.550346336484836
133957_1767693900,133957,train,False,13.0,29.0,61.70823099837983
132430_1767693900,132430,train,False,33.0,-212.0,-34.89140119216623
133300_1767694200,133300,train,False,-63.0,104.0,41.59367504893107
122613_1767694200,122613,train,False,-140.0,-181.0,8.72214966779666
122048_1767694200,122048,train,False,-50.0,-91.0,-43.107458796805275
132430_1767694200,132430,train,False,90.0,132.0,71.32939439900122
133957_1767694200,133957,train,False,21.0,45.0,3.0430540932096903
122613_1767694500,122613,train,False,-70.0,-185.0,29.24766439431775
132430_1767694500,132430,train,False,144.0,132.0,48.62581698624902
133957_1767694500,133957,train,False,-22.0,-21.0,-51.02867218241599
122048_1767694500,122048,train,False,-184.0,-104.0,-17.219600670471948
133300_1767694500,133300,train,False,-63.0,183.0,36.757956935347636
132430_1767694800,132430,train,False,233.0,36.0,64.65516286742252
133957_1767694800,133957,train,False,24.0,42.0,18.461656231804568
122048_1767694800,122048,train,False,-250.0,-106.0,-67.26075037398215
122613_1767694800,122613,train,False,-38.0,-108.0,5.986776702698956
133300_1767694800,133300,train,False,54.0,183.0,35.647493709254576
122613_1767695100,122613,train,False,30.0,-99.0,56.234778008866556
122048_1767695100,122048,train,False,-359.0,-136.0,-134.32663861567218
133300_1767695100,133300,train,False,90.0,-63.0,43.28216461971543
132430_1767695100,132430,train,False,116.0,106.0,85.96795920975121
133957_1767695100,133957,train,False,-17.0,-15.0,-32.43364577535272
132430_1767695400,132430,train,False,26.0,188.0,95.90827339165033
129964_1767695400,129964,train,False,-51.0,90.0,67.17551014013073
130238_1767695400,130238,train,False,-12.0,0.0,40.92353366781848
122613_1767695400,122613,train,False,123.0,-122.0,62.92612215204507
133957_1767695400,133957,train,False,28.0,-1.0,-17.080362370854395
129964_1767695700,129964,train,False,-51.0,90.0,75.08126825391817
132430_1767695700,132430,train,False,30.0,217.0,117.98480189056606
130238_1767695700,130238,train,False,2.0,0.0,69.18229102418056
122613_1767695700,122613,train,False,61.0,5.0,68.29454664566882
129964_1767696000,129964,train,False,-11.0,90.0,91.2697414650493
133957_1767696000,133957,train,False,138.0,-7.0,2.0097209719835387
132430_1767696000,132430,train,False,-71.0,-5.0,-14.094688759733632
130238_1767696000,130238,train,False,-34.0,16.0,18.068426919246146
132430_1767696300,132430,train,False,221.0,14.0,87.0192762417621
129964_1767696300,129964,train,False,73.0,-51.0,39.54989781383924
133957_1767696300,133957,train,False,156.0,107.0,-20.05245116823384
130238_1767696300,130238,train,False,10.0,-13.0,43.61835829370387
132430_1767696600,132430,train,False,264.0,48.0,124.8118912781718
129964_1767696600,129964,train,False,111.0,-10.0,35.28236532903994
133957_1767696600,133957,train,False,185.0,107.0,52.41105856320269
130238_1767696600,130238,train,False,46.0,16.0,14.630364978264149
129964_1767696900,129964,train,False,140.0,107.0,104.1224056344596
122613_1767696900,122613,train,False,0.0,31.0,32.83965070279065
133957_1767696900,133957,train,False,111.0,155.0,162.8138597007731
132430_1767696900,132430,train,False,113.0,237.0,253.9746371360559
130238_1767696900,130238,train,False,29.0,-74.0,-18.584915184899042
132430_1767697200,132430,train,False,17.0,267.0,250.22667203883213
133300_1767697200,133300,train,False,49.0,243.0,31.445138169900304
133957_1767697200,133957,train,False,64.0,167.0,118.93036628692514
129964_1767697200,129964,train,False,133.0,120.0,110.34758016897982
130238_1767697200,130238,train,False,40.0,39.0,78.11011333196936
129964_1767697500,129964,train,False,75.0,169.0,60.54164107324548
133957_1767697500,133957,train,False,3.0,161.0,89.02089862606422
132430_1767697500,132430,train,False,86.0,159.0,173.52978325607728
130238_1767697500,130238,train,False,32.0,41.0,16.881422256940798
133300_1767697500,133300,train,False,77.0,-52.0,45.16182974024548
133957_1767697800,133957,train,False,18.0,86.0,50.80703968030114
135081_1767697800,135081,train,False,77.0,277.0,42.2656664081675
132430_1767697800,132430,train,False,70.0,62.0,61.957252684318824
133300_1767697800,133300,train,False,65.0,12.0,75.87376315188757
129964_1767697800,129964,train,False,26.0,138.0,74.12303352115546
135081_1767698100,135081,train,False,95.0,277.0,33.39575428497892
133300_1767698100,133300,train,False,151.0,28.0,61.861261226473985
132430_1767698100,132430,train,False,49.0,55.0,95.13116624245782
133957_1767698100,133957,train,False,-47.0,21.0,-15.84364198495711
131672_1767698100,131672,train,False,27.0,-92.0,43.35570600120954
129964_1767698100,129964,train,False,10.0,86.0,47.223465989745506
135081_1767698400,135081,train,False,135.0,277.0,52.30413788709099
129964_1767698400,129964,train,False,14.0,12.0,30.77808877843347
132430_1767698400,132430,train,False,49.0,96.0,140.96250004685962
131672_1767698400,131672,train,False,60.0,-92.0,47.419869498155265
133957_1767698400,133957,train,False,-69.0,36.0,3.988727369038763
133300_1767698400,133300,train,False,225.0,60.0,122.62407252086396
131672_1767698700,131672,train,False,82.0,-92.0,77.3008017101962
129964_1767698700,129964,train,False,0.0,-27.0,-13.31384740590745
135081_1767698700,135081,train,False,126.0,77.0,73.42898076271385
133957_1767698700,133957,train,False,-145.0,-27.0,-92.78631593098027
133957_1767699000,133957,train,False,-96.0,-78.0,-48.04189908375119
129964_1767699000,129964,train,False,80.0,19.0,-9.323164039108367
132430_1767699000,132430,train,False,14.0,49.0,-0.9185040270638463
135081_1767699000,135081,train,False,28.0,242.0,147.11714171505503
122613_1767699000,122613,train,False,0.0,0.0,29.51454371782922
131672_1767699000,131672,train,False,4.0,59.0,69.74249461115203
132430_1767699300,132430,train,False,14.0,49.0,63.434107763313975
122613_1767699300,122613,train,False,0.0,0.0,-6.746283827227359
129964_1767699300,129964,train,False,49.0,-49.0,14.959917510141112
133957_1767699300,133957,train,False,-249.0,-169.0,-53.055649399869615
131672_1767699300,131672,train,False,40.0,30.0,54.65413565387264
135081_1767699300,135081,train,False,45.0,132.0,95.43454125030254
131672_1767699600,131672,train,False,-28.0,114.0,-46.5041982259973
133957_1767699600,133957,train,False,-254.0,-150.0,-109.00063137553312
135081_1767699600,135081,train,False,55.0,50.0,61.55429471885687
132430_1767699600,132430,train,False,-87.0,49.0,45.53593143907628
122613_1767699600,122613,train,False,-145.0,0.0,-34.367400692308564
135081_1767699900,135081,train,False,36.0,54.0,-15.83803685954902
129964_1767699900,129964,train,False,-53.0,53.0,-5.687985129275585
132430_1767699900,132430,train,False,-110.0,14.0,93.2546629330983
131672_1767699900,131672,train,False,-29.0,14.0,-50.1564897255671
133957_1767699900,133957,train,False,-158.0,-181.0,-70.7589188705577
122613_1767699900,122613,train,False,-230.0,0.0,-49.24314693883652
131672_1767700200,131672,train,False,-23.0,53.0,-20.73671625881564
129964_1767700200,129964,train,False,-73.0,49.0,8.050789026358382
133957_1767700200,133957,train,False,80.0,-288.0,46.25549342599589
135081_1767700200,135081,train,False,-24.0,36.0,-56.67226490872025
132430_1767700200,132430,train,False,-136.0,14.0,17.776139133905478
122613_1767700200,122613,train,False,-116.0,-25.0,-23.49853552788381
129964_1767700500,129964,train,False,90.0,49.0,93.021242373151
132430_1767700500,132430,train,False,-6.0,-115.0,23.294090468592483
133957_1767700500,133957,train,False,42.0,-158.0,10.367298216472328
131672_1767700500,131672,train,False,-47.0,-13.0,13.210177363427183
122613_1767700500,122613,train,False,-79.0,-265.0,-78.84891354115243
135081_1767700500,135081,train,False,-98.0,-18.0,-83.10636165950804
122048_1767700800,122048,train,False,374.0,-314.0,150.3190595394459
131672_1767700800,131672,train,False,-105.0,-70.0,-16.987770682773554
133300_1767700800,133300,train,False,260.0,16.0,88.98952783674655
122613_1767700800,122613,train,False,-50.0,-114.0,-22.928556196732547
122658_1767700800,122658,train,False,143.0,50.0,44.26253739505618
122048_1767701100,122048,train,False,312.0,294.0,104.7291167112046
122658_1767701100,122658,train,False,121.0,216.0,170.246999229201
122613_1767701100,122613,train,False,-155.0,-156.0,-15.957827501552297
131672_1767701100,131672,train,False,-83.0,-83.0,-36.014730842512584
122613_1767701400,122613,train,False,-175.0,-83.0,-7.0161487331606285
122048_1767701400,122048,train,False,354.0,432.0,142.783019308128
133300_1767701400,133300,train,False,-7.0,140.0,18.930119754064712
131672_1767701400,131672,train,False,-207.0,-31.0,-49.39091968888803
133300_1767701700,133300,train,False,-7.0,295.0,26.941939857160637
122658_1767701700,122658,train,False,0.0,121.0,-36.67820553374102
122048_1767701700,122048,train,False,273.0,427.0,246.74036095908156
122613_1767701700,122613,train,False,-47.0,-71.0,16.743686315218362
122658_1767702000,122658,train,False,0.0,121.0,-33.032994908091894
133300_1767702000,133300,train,False,132.0,295.0,43.86032361867732
122613_1767702000,122613,train,False,-61.0,-155.0,-6.384569658789994
122048_1767702000,122048,train,False,252.0,345.0,243.39071010153773
122658_1767702300,122658,train,False,0.0,121.0,12.19303412394544
122048_1767702300,122048,train,False,158.0,320.0,175.2760033788119
122613_1767702300,122613,train,False,66.0,-90.0,59.93804219955105
133300_1767702300,133300,train,False,114.0,-7.0,67.08873313151136
133957_1767702600,133957,train,False,172.0,65.0,40.02953258651801
133300_1767702600,133300,train,False,47.0,60.0,102.32615326212508
132430_1767702600,132430,train,False,-64.0,101.0,178.15665872579117
122658_1767702600,122658,train,False,0.0,0.0,-18.82848205420194
122048_1767702600,122048,train,False,144.0,228.0,158.30238786536526
135081_1767702600,135081,train,False,-131.0,-51.0,-74.30873772677826
135081_1767702900,135081,train,False,-144.0,-36.0,-71.09903998168278
133300_1767702900,133300,train,False,95.0,51.0,87.62392964518445
122658_1767702900,122658,train,False,0.0,0.0,-7.817304566493852
122048_1767702900,122048,train,False,138.0,207.0,172.4859602089703
133957_1767702900,133957,train,False,97.0,143.0,-10.340011939739743
132430_1767702900,132430,train,False,-181.0,104.0,41.77846303413715
134040_1767703200,134040,train,False,-35.0,-28.0,-73.98803611487918
122658_1767703200,122658,train,False,0.0,0.0,-20.187410851031615
131672_1767703200,131672,train,False,17.0,-207.0,69.64283406816682
132430_1767703200,132430,train,False,-100.0,0.0,7.820119528277473
122048_1767703200,122048,train,False,87.0,175.0,78.44063561597567
133957_1767703200,133957,train,False,101.0,157.0,14.265293357255139
133300_1767703200,133300,train,False,322.0,59.0,132.3264598427198
135081_1767703200,135081,train,False,-171.0,-60.0,-67.48451660974558
133957_1767703500,133957,train,False,161.0,164.0,77.74837292863046
132430_1767703500,132430,train,False,-75.0,-120.0,-95.92092916258754
134040_1767703500,134040,train,False,-35.0,-28.0,-11.412639281555183
122658_1767703500,122658,train,False,0.0,0.0,2.353150342412345
131672_1767703500,131672,train,False,76.0,-207.0,85.36104192023247
122048_1767703500,122048,train,False,84.0,197.0,61.39650966837753
135081_1767703500,135081,train,False,-72.0,-131.0,-86.76979041453995
132430_1767703800,132430,train,False,-58.0,-140.0,-0.9593058215933397
122658_1767703800,122658,train,False,103.0,0.0,-3.241039046970686
135081_1767703800,135081,train,False,-16.0,-171.0,-57.47087061333007
131672_1767703800,131672,train,False,53.0,-207.0,73.10697355607374
134040_1767703800,134040,train,False,52.0,-28.0,7.928569926218847
133957_1767703800,133957,train,False,40.0,77.0,19.201341572939466
133300_1767703800,133300,train,False,-25.0,158.0,37.929680713986954
122048_1767703800,122048,train,False,84.0,98.0,-17.520546137237965
131672_1767704100,131672,train,False,192.0,53.0,116.54451614640686
132430_1767704100,132430,train,False,-74.0,-120.0,64.07925287270771
133957_1767704100,133957,train,False,139.0,170.0,48.88825079501086
135081_1767704100,135081,train,False,-27.0,-93.0,6.6768960479868795
122658_1767704100,122658,train,False,252.0,0.0,35.34429983328849
134040_1767704100,134040,train,False,87.0,-35.0,34.795098947637065
122048_1767704100,122048,train,False,0.0,84.0,59.245238838714464
122048_1767704400,122048,train,False,0.0,84.0,59.02933986114195
134040_1767704400,134040,train,False,91.0,78.0,8.902307070456242
135081_1767704400,135081,train,False,11.0,6.0,15.117473813896442
122658_1767704400,122658,train,False,289.0,0.0,72.51128134819001
129964_1767704400,129964,train,False,-106.0,-57.0,10.133681210502395
122048_1767704700,122048,train,False,0.0,84.0,30.247497193619974
132430_1767704700,132430,train,False,16.0,-74.0,-7.274074987075634
134040_1767704700,134040,train,False,-7.0,76.0,36.78301735022748
122658_1767704700,122658,train,False,321.0,148.0,135.3433081077227
129964_1767704700,129964,train,False,-150.0,-57.0,61.54371679000252
134040_1767705000,134040,train,False,47.0,83.0,55.94085089799218
122658_1767705000,122658,train,False,406.0,319.0,303.92711695377886
122048_1767705000,122048,train,False,0.0,0.0,24.648846564267174
129964_1767705000,129964,train,False,-165.0,-106.0,6.058085439387355
132430_1767705000,132430,train,False,16.0,-74.0,-9.441273366859251
132430_1767705300,132430,train,False,17.0,-74.0,-5.271045917240489
122048_1767705300,122048,train,False,0.0,0.0,19.31774372858383
129964_1767705300,129964,train,False,-95.0,-157.0,-38.565121792107824
134040_1767705300,134040,train,False,84.0,-16.0,58.54683241361015
132430_1767705600,132430,train,False,77.0,16.0,27.38637148885017
133957_1767705600,133957,train,False,113.0,139.0,66.24693895931853
129964_1767705600,129964,train,False,11.0,-129.0,-38.30317485530267
122658_1767705600,122658,train,False,0.0,413.0,37.89685400670093
122048_1767705600,122048,train,False,0.0,0.0,24.470438396888657
134040_1767705600,134040,train,False,113.0,27.0,12.622551491662735
122613_1767705900,122613,train,False,0.0,64.0,-51.760570149843694
133957_1767705900,133957,train,False,123.0,139.0,97.91360161209738
132430_1767705900,132430,train,False,57.0,16.0,19.938301400048935
129964_1767705900,129964,train,False,-32.0,-135.0,-82.38080199682999
122658_1767705900,122658,train,False,0.0,406.0,11.944829441607164
134040_1767705900,134040,train,False,37.0,62.0,14.427077549843807
122048_1767705900,122048,train,False,0.0,0.0,28.857266056850296
135081_1767705900,135081,train,False,79.0,9.0,11.988565813526817
122048_1767706200,122048,train,False,0.0,0.0,22.928027774628326
131672_1767706200,131672,train,False,37.0,11.0,-33.05692162983068
129964_1767706200,129964,train,False,-50.0,-20.0,-77.96780538849693
132430_1767706200,132430,train,False,196.0,31.0,88.92375809466783
134040_1767706200,134040,train,False,123.0,112.0,2.802197828695114
134040_1767706500,134040,train,False,172.0,75.0,83.76130311059042
132430_1767706500,132430,train,False,103.0,83.0,107.37428107588843
131672_1767706500,131672,train,False,131.0,82.0,44.431922160988464
122048_1767706500,122048,train,False,0.0,0.0,25.182071299330126
129964_1767706500,129964,train,False,-51.0,26.0,-25.8228498972769
129964_1767706800,129964,train,False,-34.0,-73.0,-20.262247068045045
134040_1767706800,134040,train,False,317.0,123.0,136.6704390224979
122048_1767706800,122048,train,False,0.0,0.0,32.637288005105425
132430_1767706800,132430,train,False,53.0,125.0,78.01101851845718
134040_1767707100,134040,train,False,231.0,109.0,146.55902109851542
129964_1767707100,129964,train,False,25.0,-133.0,-0.6692664187160879
122048_1767707100,122048,train,False,0.0,0.0,7.185255989302654
132430_1767707100,132430,train,False,78.0,165.0,99.99791576950211
122048_1767707400,122048,train,False,0.0,0.0,18.55611573070477
134040_1767707400,134040,train,False,234.0,231.0,181.4994860001002
129964_1767707400,129964,train,False,-62.0,-88.0,-38.754607800481196
132430_1767707400,132430,train,False,39.0,32.0,50.14899544006147
122048_1767707700,122048,train,False,0.0,0.0,8.933193086388473
134040_1767707700,134040,train,False,200.0,290.0,132.69455369185485
132430_1767707700,132430,train,False,58.0,74.0,141.33334280203792
129964_1767707700,129964,train,False,5.0,13.0,-6.825852973113914
133957_1767708000,133957,train,False,253.0,251.0,151.84573236964536
132430_1767708000,132430,train,False,192.0,119.0,160.03730102435912
129964_1767708000,129964,train,False,-6.0,-29.0,-11.604253645802673
122613_1767708000,122613,train,False,0.0,0.0,-0.9578262395818573
135081_1767708000,135081,train,False,19.0,285.0,184.18106990711175
133957_1767708300,133957,train,False,180.0,262.0,100.5969374926868
122613_1767708300,122613,train,False,0.0,0.0,-69.26311009679048
132430_1767708300,132430,train,False,68.0,44.0,115.88941619095215
135081_1767708300,135081,train,False,-36.0,174.0,74.37040933893125
129964_1767708600,129964,train,False,-114.0,-29.0,-34.81439492519612
122613_1767708600,122613,train,False,-77.0,0.0,-49.76462613688282
135081_1767708600,135081,train,False,-19.0,39.0,16.957806040003156
131672_1767708600,131672,train,False,60.0,51.0,33.71236939661696
132430_1767708600,132430,train,False,-7.0,146.0,66.68147066748557
133957_1767708600,133957,train,False,238.0,222.0,91.16206611375073
131672_1767708900,131672,train,False,90.0,51.0,40.09375347948361
132430_1767708900,132430,train,False,115.0,98.0,81.58524294062877
122613_1767708900,122613,train,False,0.0,0.0,-15.948485625556437
135081_1767708900,135081,train,False,-17.0,-1.0,-23.558483715351507
129964_1767708900,129964,train,False,-106.0,-6.0,3.0987564169328365
133957_1767708900,133957,train,False,170.0,225.0,94.92861167880045
132430_1767709200,132430,train,False,98.0,31.0,63.18354862396202
122613_1767709200,122613,train,False,0.0,0.0,7.2292819864404905
135081_1767709200,135081,train,False,-17.0,-85.0,-27.731012448706345
133957_1767709200,133957,train,False,81.0,219.0,57.07881739320884
131672_1767709200,131672,train,False,91.0,51.0,27.86938447429959
129964_1767709200,129964,train,False,-77.0,-6.0,59.15587377918703
131672_1767709500,131672,train,False,115.0,81.0,94.52452869135729
132430_1767709500,132430,train,False,158.0,93.0,131.5528637652039
122613_1767709500,122613,train,False,0.0,0.0,12.07148610795316
135081_1767709500,135081,train,False,-102.0,-82.0,-13.168421030055882
129964_1767709500,129964,train,False,-93.0,-188.0,-33.176111497644534
122613_1767709800,122613,train,False,0.0,0.0,35.42335030987254
135081_1767709800,135081,train,False,-84.0,-13.0,-13.029232103342856
134040_1767709800,134040,train,False,79.0,63.0,40.653097857688124
132430_1767709800,132430,train,False,137.0,119.0,162.87457572190138
129964_1767709800,129964,train,False,-69.0,-75.0,-27.31489215104595
122613_1767710100,122613,train,False,0.0,0.0,-15.328433497329714
129964_1767710100,129964,train,False,-42.0,-84.0,-8.800200195157613
135081_1767710100,135081,train,False,-126.0,-35.0,-34.82968147283854
134040_1767710100,134040,train,False,4.0,31.0,-9.768035240969576
122613_1767710400,122613,train,False,0.0,0.0,2.471370885992499
132430_1767710400,132430,train,False,23.0,137.0,-6.24103733438689
134040_1767710400,134040,train,False,68.0,69.0,52.497448861139794
129964_1767710400,129964,train,False,-145.0,-85.0,-96.60734226622913
135081_1767710400,135081,train,False,-128.0,-50.0,-89.41306632186846
135081_1767710700,135081,train,False,-145.0,-80.0,-182.36613963315682
122613_1767710700,122613,train,False,0.0,0.0,23.580688812743418
134040_1767710700,134040,train,False,87.0,68.0,70.6085737329105
132430_1767710700,132430,train,False,23.0,137.0,5.141903734513002
129964_1767710700,129964,train,False,-127.0,-53.0,-91.08733795855316
134040_1767711000,134040,train,False,187.0,76.0,114.21865820878497
129964_1767711000,129964,train,False,-207.0,-116.0,-105.46666941228821
132430_1767711000,132430,train,False,47.0,137.0,23.57517506773476
122613_1767711000,122613,train,False,0.0,0.0,8.3670443646689
135081_1767711000,135081,train,False,-175.0,-59.0,-150.2914493605823
134040_1767711300,134040,train,False,267.0,78.0,110.34995502606105
129964_1767711300,129964,train,False,-66.0,-142.0,-24.438542693034712
122613_1767711300,122613,train,False,0.0,0.0,80.5323493803917
132430_1767711300,132430,train,False,33.0,23.0,38.32428444744479
135081_1767711300,135081,train,False,-168.0,-197.0,-130.211038044983
135081_1767711600,135081,train,False,11.0,-140.0,-38.78578611996751
131672_1767711600,131672,train,False,-47.0,-71.0,-26.69227095169765
133957_1767711600,133957,train,False,26.0,187.0,159.70516396909468
132430_1767711600,132430,train,False,171.0,23.0,62.44017421470514
134040_1767711600,134040,train,False,199.0,174.0,13.256040035459055
133957_1767711900,133957,train,False,17.0,149.0,97.03383049373065
134040_1767711900,134040,train,False,181.0,241.0,116.9549157122754
131672_1767711900,131672,train,False,-52.0,-35.0,-17.61963483297562
132430_1767711900,132430,train,False,384.0,56.0,132.98340158476998
135081_1767711900,135081,train,False,-12.0,-156.0,-8.492712517037273
132430_1767712200,132430,train,False,291.0,132.0,131.0207127806776
135081_1767712200,135081,train,False,-28.0,22.0,42.27858147110607
133300_1767712200,133300,train,False,-35.0,-25.0,12.871880477297942
134040_1767712200,134040,train,False,202.0,230.0,189.51223534371468
133957_1767712200,133957,train,False,28.0,47.0,96.56265772512441
133957_1767712500,133957,train,False,-36.0,61.0,61.59397332890811
135081_1767712500,135081,train,False,59.0,-40.0,4.3622071156475
133300_1767712500,133300,train,False,-35.0,-25.0,19.270619542958013
132430_1767712500,132430,train,False,226.0,277.0,210.37579103000374
134040_1767712500,134040,train,False,199.0,194.0,233.82581338338517
130238_1767712500,130238,train,False,10.0,-28.0,24.942359977558024
134040_1767712800,134040,train,False,183.0,175.0,162.72012260372222
130238_1767712800,130238,train,False,-40.0,-28.0,45.034002875792964
132430_1767712800,132430,train,False,258.0,377.0,297.42637014517413
133300_1767712800,133300,train,False,36.0,-25.0,49.915424447389356
133957_1767712800,133957,train,False,-93.0,23.0,-32.80607856598104
134040_1767713100,134040,train,False,91.0,250.0,214.6630993535217
130238_1767713100,130238,train,False,-124.0,-28.0,47.59906811212984
132430_1767713100,132430,train,False,199.0,237.0,216.61690342367405
133300_1767713100,133300,train,False,-9.0,-35.0,67.31197874703923
133957_1767713100,133957,train,False,74.0,-16.0,25.975770243695052
122658_1767713100,122658,train,False,27.0,0.0,-16.88099165844227
122613_1767713400,122613,train,False,0.0,0.0,-7.919637132219943
122658_1767713400,122658,train,False,86.0,0.0,80.19217393949641
131672_1767713400,131672,train,False,12.0,-93.0,50.37671228305658
130238_1767713400,130238,train,False,-99.0,10.0,18.940096881678592
133957_1767713400,133957,train,False,75.0,-71.0,-29.22270428532037
122048_1767713400,122048,train,False,0.0,36.0,23.34756920891933
129964_1767713400,129964,train,False,-129.0,290.0,37.147882123707205
122613_1767713700,122613,train,False,0.0,0.0,-11.23658763273055
131672_1767713700,131672,train,False,86.0,-93.0,88.99022374671729
129964_1767713700,129964,train,False,-33.0,-108.0,-55.84145702351104
133957_1767713700,133957,train,False,-11.0,5.0,-37.380111335601185
122658_1767713700,122658,train,False,159.0,0.0,8.654499868338501
122048_1767713700,122048,train,False,0.0,45.0,26.778140828470526
130238_1767713700,130238,train,False,-47.0,-119.0,1.8806407767446656
122613_1767714000,122613,train,False,0.0,0.0,-4.261817484061112
131672_1767714000,131672,train,False,67.0,-93.0,79.56859894865059
122048_1767714000,122048,train,False,0.0,37.0,-2.0800688968506393
130238_1767714000,130238,train,False,-41.0,-98.0,-86.93684002576171
122658_1767714000,122658,train,False,225.0,83.0,94.19634043889589
129964_1767714000,129964,train,False,25.0,-124.0,-21.707203714496647
122613_1767714300,122613,train,False,0.0,0.0,-10.416608606142795
130238_1767714300,130238,train,False,-45.0,-130.0,-69.69349262440292
129964_1767714300,129964,train,False,8.0,9.0,35.064839302278884
122048_1767714300,122048,train,False,0.0,0.0,28.310179492050164
131672_1767714300,131672,train,False,70.0,59.0,108.28447107920381
122658_1767714300,122658,train,False,348.0,82.0,30.246350892675835
122048_1767714600,122048,train,False,0.0,0.0,2.221199281461487
129964_1767714600,129964,train,False,-49.0,26.0,-31.5353007001275
122613_1767714600,122613,train,False,0.0,0.0,-9.571129320761319
130238_1767714600,130238,train,False,-30.0,-37.0,-114.09331414920018
122658_1767714600,122658,train,False,362.0,150.0,80.56256409416096
131672_1767714600,131672,train,False,13.0,40.0,62.054845184820834
122613_1767714900,122613,train,False,0.0,0.0,6.116287603784641
130238_1767714900,130238,train,False,-78.0,-6.0,-32.3835003702233
122658_1767714900,122658,train,False,2.0,154.0,40.443102389881645
129964_1767714900,129964,train,False,-82.0,70.0,-37.545151751383486
122048_1767714900,122048,train,False,0.0,0.0,9.525810077495445
131672_1767714900,131672,train,False,-150.0,59.0,-35.99463333267046
122048_1767715200,122048,train,False,0.0,0.0,-7.706115917328962
122658_1767715200,122658,train,False,0.0,362.0,23.579549080117914
132430_1767715200,132430,train,False,485.0,301.0,306.11968868867183
122613_1767715200,122613,train,False,0.0,0.0,-9.001301114611412
133300_1767715200,133300,train,False,22.0,66.0,44.00619034827102
129964_1767715200,129964,train,False,-134.0,15.0,-54.24543278644303
130238_1767715200,130238,train,False,-97.0,-66.0,-52.14017560774434
122658_1767715500,122658,train,False,0.0,362.0,30.600156305722173
132430_1767715500,132430,train,False,483.0,356.0,299.2379544888135
122048_1767715500,122048,train,False,0.0,0.0,12.02805304622063
129964_1767715500,129964,train,False,-115.0,-86.0,-58.660218644799265
122613_1767715500,122613,train,False,0.0,0.0,-35.252948448660916
133300_1767715500,133300,train,False,-24.0,-7.0,59.63967046191321
122613_1767715800,122613,train,False,-18.0,0.0,15.7919003398114
133300_1767715800,133300,train,False,-87.0,-14.0,34.48410240889959
122048_1767715800,122048,train,False,0.0,0.0,36.257071034870194
122658_1767715800,122658,train,False,0.0,2.0,-0.7245305071151638
129964_1767715800,129964,train,False,-2.0,-148.0,-48.273998545657506
133300_1767716100,133300,train,False,-38.0,-61.0,-4.515713481598172
122613_1767716100,122613,train,False,11.0,0.0,45.89348255792457
129964_1767716100,129964,train,False,-46.0,-162.0,-69.61547624104931
122048_1767716100,122048,train,False,0.0,0.0,9.717406590884904
122658_1767716100,122658,train,False,0.0,0.0,-20.38636513941309
133300_1767716400,133300,train,False,207.0,-79.0,28.75036879992016
122048_1767716400,122048,train,False,0.0,0.0,14.127125576857251
129964_1767716400,129964,train,False,-13.0,-23.0,-48.68067628618867
133957_1767716400,133957,train,False,115.0,66.0,72.49168365938722
122613_1767716400,122613,train,False,-88.0,-35.0,13.199655174145434
130238_1767716400,130238,train,False,98.0,-97.0,4.117222777906453
122658_1767716400,122658,train,False,0.0,0.0,-4.6832128785439435
122613_1767716700,122613,train,False,-27.0,70.0,68.67746971925274
133957_1767716700,133957,train,False,104.0,66.0,81.85455442768782
130238_1767716700,130238,train,False,9.0,-97.0,56.722888286574424
122048_1767716700,122048,train,False,0.0,0.0,-13.50798526045892
129964_1767716700,129964,train,False,303.0,-44.0,20.639917757025273
122658_1767716700,122658,train,False,0.0,0.0,-20.138985831730878
122658_1767717000,122658,train,False,0.0,0.0,2.4068826702700905
130238_1767717000,130238,train,False,-55.0,-97.0,98.1975367209321
135081_1767717000,135081,train,False,92.0,114.0,108.16879297898782
122613_1767717000,122613,train,False,-62.0,-48.0,11.712816515811973
129964_1767717300,129964,train,False,-111.0,-26.0,-20.670117002096617
135081_1767717300,135081,train,False,-22.0,150.0,27.49729137785388
130238_1767717300,130238,train,False,-41.0,67.0,127.40700672615503
122613_1767717300,122613,train,False,-54.0,-15.0,38.71888653127649
122613_1767717600,122613,train,False,-11.0,-33.0,15.480859359531056
130238_1767717600,130238,train,False,-57.0,-45.0,-8.699121202167163
135081_1767717600,135081,train,False,-133.0,153.0,27.220676967262172
129964_1767717600,129964,train,False,-126.0,-19.0,-8.572323830911449
122658_1767717600,122658,train,False,-46.0,0.0,-14.524750955764205
135081_1767717900,135081,train,False,-127.0,24.0,-51.68545014140991
122613_1767717900,122613,train,False,55.0,-90.0,33.01828801378631
122658_1767717900,122658,train,False,38.0,0.0,59.963524555945106
129964_1767717900,129964,train,False,38.0,-19.0,33.07203647260919
130238_1767717900,130238,train,False,-92.0,-76.0,-6.4623052792548465
129964_1767718200,129964,train,False,57.0,-175.0,-39.47172829039981
130238_1767718200,130238,train,False,-38.0,-43.0,-52.16152151479919
122613_1767718200,122613,train,False,72.0,31.0,74.46663123131962
122658_1767718200,122658,train,False,39.0,0.0,39.65580308497626
135081_1767718200,135081,train,False,-51.0,-121.0,-84.62498539840612
122658_1767718500,122658,train,False,63.0,23.0,74.82924110457091
122613_1767718500,122613,train,False,72.0,-11.0,110.40971141556037
129964_1767718500,129964,train,False,71.0,22.0,35.08982499635417
135081_1767718500,135081,train,False,-77.0,-93.0,4.042902588269246
130238_1767718500,130238,train,False,-3.0,-74.0,-37.29822920916205
130238_1767718800,130238,train,False,-85.0,-49.0,31.577714961551116
133957_1767718800,133957,train,False,-35.0,13.0,-23.029707478978345
122658_1767718800,122658,train,False,107.0,-28.0,-27.67892549208625
129964_1767718800,129964,train,False,39.0,80.0,83.31293714118202
135081_1767718800,135081,train,False,-153.0,-73.0,-27.231645748559238
133300_1767718800,133300,train,False,231.0,16.0,88.69176162942082
129964_1767719100,129964,train,False,-44.0,54.0,-19.962582117442388
135081_1767719100,135081,train,False,-144.0,-77.0,-0.29070581197885215
130238_1767719100,130238,train,False,99.0,-16.0,-112.14091521727704
133957_1767719100,133957,train,False,-113.0,-35.0,-98.7096592342125
122658_1767719100,122658,train,False,88.0,90.0,45.20637746176994
122658_1767719400,122658,train,False,0.0,169.0,81.45393841136323
135081_1767719400,135081,train,False,-123.0,-101.0,-15.063257894787146
133957_1767719400,133957,train,False,-174.0,-8.0,38.90121039199997
130238_1767719400,130238,train,False,160.0,-85.0,-69.85026252693007
133300_1767719400,133300,train,False,-24.0,195.0,54.72459674860315
129964_1767719400,129964,train,False,-130.0,32.0,-44.54726107978007
135081_1767719700,135081,train,False,-137.0,-152.0,-115.3800283873554
122658_1767719700,122658,train,False,0.0,88.0,-20.939671328699195
130238_1767719700,130238,train,False,134.0,-85.0,-49.25507502688389
129964_1767719700,129964,train,False,-135.0,7.0,-45.83677028368864
133957_1767719700,133957,train,False,-173.0,-78.0,-33.26059291448767
133300_1767719700,133300,train,False,22.0,231.0,35.915146461671554
133300_1767720000,133300,train,False,-46.0,231.0,43.67480992970855
122048_1767720000,122048,train,False,-336.0,0.0,-28.526514840664195
133957_1767720000,133957,train,False,-218.0,-107.0,-130.7412707782269
130238_1767720000,130238,train,False,35.0,145.0,63.49000597552224
122658_1767720000,122658,train,False,0.0,88.0,9.358479644339493
129964_1767720000,129964,train,False,-14.0,-78.0,-13.79947758221865
135081_1767720000,135081,train,False,-199.0,-138.0,-138.11604691917398
133300_1767720300,133300,train,False,-26.0,13.0,47.62914121308765
129964_1767720300,129964,train,False,-105.0,-109.0,-56.7946444881107
135081_1767720300,135081,train,False,-231.0,-71.0,-156.865347679918
122048_1767720300,122048,train,False,-130.0,0.0,62.17355004738734
130238_1767720300,130238,train,False,41.0,84.0,125.14877582318556
122658_1767720300,122658,train,False,0.0,0.0,16.33193783947984
122048_1767720600,122048,train,False,-32.0,0.0,5.808555330664067
129964_1767720600,129964,train,False,-10.0,-46.0,-30.793360071831906
122658_1767720600,122658,train,False,0.0,0.0,27.461704428632512
135081_1767720600,135081,train,False,-180.0,-222.0,-129.77402583215962
130238_1767720600,130238,train,False,-64.0,67.0,42.754277599567395
122048_1767720900,122048,train,False,-32.0,-196.0,3.6910503094653535
135081_1767720900,135081,train,False,-34.0,-190.0,-123.62701566706741
133957_1767720900,133957,train,False,67.0,-39.0,54.2050365293601
130238_1767720900,130238,train,False,-125.0,47.0,-5.477801270512593
122658_1767720900,122658,train,False,0.0,0.0,-6.02097754513718
129964_1767720900,129964,train,False,49.0,-49.0,-52.45532493833705
130238_1767721200,130238,train,False,-103.0,64.0,-68.65293106382015
133957_1767721200,133957,train,False,28.0,-39.0,35.74764094911188
122048_1767721200,122048,train,False,-108.0,79.0,30.697738702214668
122658_1767721200,122658,train,False,0.0,0.0,16.34831758658432
135081_1767721200,135081,train,False,4.0,-232.0,-70.87901039167608
135081_1767721500,135081,train,False,12.0,-54.0,-6.803388530246072
122048_1767721500,122048,train,False,-141.0,-9.0,-28.802883496413614
130238_1767721500,130238,train,False,-170.0,-59.0,-79.78211320033404
133957_1767721500,133957,train,False,83.0,-39.0,111.69496341737025
122048_1767721800,122048,train,False,-174.0,-68.0,-30.07230131645722
133957_1767721800,133957,train,False,-28.0,18.0,64.31810160746844
135081_1767721800,135081,train,False,48.0,18.0,24.413949927905946
122048_1767722100,122048,train,False,-157.0,-119.0,-23.67812687853143
133957_1767722100,133957,train,False,-73.0,52.0,25.00378286233684
132430_1767722400,132430,train,False,380.0,320.0,374.08005908926606
133300_1767722400,133300,train,False,310.0,-28.0,120.06830064680776
134040_1767722400,134040,train,False,107.0,50.0,85.84250956410031
122048_1767722400,122048,train,False,-146.0,-183.0,-15.522822732841668
134040_1767722700,134040,train,False,295.0,80.0,104.79158381336924
133300_1767722700,133300,train,False,406.0,190.0,236.99400724404217
122048_1767722700,122048,train,False,-104.0,-139.0,-62.9909220276305
132430_1767722700,132430,train,False,324.0,385.0,402.08064110941655
133300_1767723000,133300,train,False,580.0,296.0,320.0717132027587
134040_1767723000,134040,train,False,407.0,132.0,126.8315707413856
122048_1767723000,122048,train,False,-70.0,-126.0,-44.92600366968467
132430_1767723000,132430,train,False,452.0,425.0,418.60739676121204
132430_1767723300,132430,train,False,333.0,340.0,274.64745916313973
122048_1767723300,122048,train,False,48.0,-73.0,85.27899986181978
134040_1767723300,134040,train,False,342.0,181.0,165.86011996037362
122048_1767723600,122048,train,False,66.0,-70.0,120.06507719731383
134040_1767723600,134040,train,False,401.0,389.0,277.6324037779111
132430_1767723600,132430,train,False,310.0,452.0,383.3314411924423
133300_1767723600,133300,train,False,-5.0,457.0,74.50383254857381
122048_1767723900,122048,train,False,50.0,51.0,163.41525672818614
132430_1767723900,132430,train,False,285.0,389.0,368.99488977507497
134040_1767723900,134040,train,False,487.0,314.0,130.92659089750202
132430_1767724200,132430,train,False,309.0,256.0,340.2865100209176
134040_1767724200,134040,train,False,465.0,383.0,167.80098730079968
122048_1767724200,122048,train,False,35.0,50.0,171.09401254996584
131672_1767724200,131672,train,False,368.0,295.0,236.35449844807056
131672_1767724500,131672,train,False,365.0,317.0,236.09028725737832
122048_1767724500,122048,train,False,133.0,53.0,47.061050538497796
134040_1767724500,134040,train,False,409.0,438.0,198.37011670656563
132430_1767724500,132430,train,False,299.0,309.0,350.37378019795983
132430_1767724800,132430,train,False,45.0,329.0,151.53751483676035
122048_1767724800,122048,train,False,250.0,13.0,40.46873480988772
132430_1767725100,132430,train,False,45.0,304.0,76.29303397783518
122048_1767725100,122048,train,False,274.0,124.0,86.23458977995912
132430_1767725400,132430,train,False,-1.0,260.0,68.7092898157845
122048_1767725400,122048,train,False,356.0,292.0,145.5435692887799
122048_1767725700,122048,train,False,417.0,270.0,223.92425943575665
132430_1767725700,132430,train,False,27.0,45.0,90.61179504204549
122048_1767726000,122048,train,False,481.0,351.0,268.27411693845585
135081_1767726000,135081,train,False,311.0,197.0,286.22906111787825
122048_1767726300,122048,train,False,523.0,399.0,262.3821466139201
135081_1767726300,135081,train,False,146.0,282.0,286.39173469008585
135081_1767726600,135081,train,False,53.0,299.0,237.56099618155446
131672_1767726900,131672,train,False,-3.0,346.0,73.87306255122043
135081_1767726900,135081,train,False,-68.0,229.0,131.42853299666982
131672_1767727200,131672,train,False,-9.0,346.0,118.07152197655263
122048_1767727200,122048,train,False,-54.0,606.0,-12.188175101748644
135081_1767727200,135081,train,False,-32.0,104.0,82.92261517348368
135081_1767727500,135081,train,False,-15.0,-22.0,-7.78313009006046
131672_1767727500,131672,train,False,163.0,346.0,181.7055698431665
131672_1767727800,131672,train,False,302.0,-3.0,113.08230674592907
131672_1767728100,131672,train,False,382.0,100.0,224.4926059551487
131672_1767728400,131672,train,False,359.0,260.0,265.24045894046634
122048_1767728700,122048,train,False,-348.0,-54.0,-2.6172719269330473
131672_1767728700,131672,train,False,492.0,359.0,246.24288863044194
133957_1767729000,133957,train,False,39.0,211.0,37.86315279478227
122048_1767729000,122048,train,False,-142.0,-54.0,71.52293985153604
131672_1767729000,131672,train,False,533.0,376.0,309.69251031468093
122048_1767729300,122048,train,False,36.0,-54.0,36.077141979148095
131672_1767729300,131672,train,False,478.0,432.0,356.2755588326007
133957_1767729300,133957,train,False,171.0,211.0,40.114804814381046
131672_1767729600,131672,train,False,557.0,541.0,373.716152384861
133957_1767729600,133957,train,False,141.0,211.0,83.79287016728576
122048_1767729600,122048,train,False,41.0,-208.0,37.19416589076977
132430_1767729600,132430,train,False,21.0,35.0,145.55438504280863
122048_1767729900,122048,train,False,93.0,68.0,77.01339137710309
133957_1767729900,133957,train,False,126.0,198.0,207.7194621882867
132430_1767729900,132430,train,False,177.0,74.0,52.89894364644969
122048_1767730200,122048,train,False,99.0,85.0,99.84573232372051
130072_1767730200,130072,train,False,60.0,0.0,58.61785231814122
133957_1767730200,133957,train,False,83.0,189.0,226.37676192522318
132430_1767730200,132430,train,False,173.0,21.0,31.714725304062167
133957_1767730500,133957,train,False,53.0,142.0,179.4350761146609
122048_1767730500,122048,train,False,-3.0,104.0,53.88923165810277
132430_1767730500,132430,train,False,146.0,21.0,77.77000844399218
130072_1767730500,130072,train,False,60.0,0.0,78.66177306547789
130072_1767730800,130072,train,False,106.0,0.0,90.96514046614021
122048_1767730800,122048,train,False,25.0,103.0,101.96095334555646
133957_1767730800,133957,train,False,38.0,58.0,141.15950873065975
132430_1767730800,132430,train,False,234.0,177.0,221.4118033109979
133957_1767731100,133957,train,False,59.0,51.0,95.07130644972867
130072_1767731100,130072,train,False,22.0,60.0,128.20318273238342
122048_1767731100,122048,train,False,4.0,49.0,49.33576611171932
132430_1767731100,132430,train,False,277.0,174.0,231.4680453492536
132430_1767731400,132430,train,False,192.0,219.0,247.98313825183237
133957_1767731400,133957,train,False,46.0,16.0,52.07854346439057
130072_1767731400,130072,train,False,49.0,92.0,154.83862454911832
133957_1767731700,133957,train,False,116.0,96.0,118.74124727929171
130072_1767731700,130072,train,False,78.0,3.0,61.16025678868358
132430_1767731700,132430,train,False,201.0,268.0,300.6669133544895
131672_1767732000,131672,train,False,32.0,606.0,103.83556490823567
132430_1767732000,132430,train,False,167.0,235.0,281.19014989375694
130072_1767732000,130072,train,False,158.0,58.0,45.23825112620127
133957_1767732000,133957,train,False,129.0,29.0,149.1168979422444
130072_1767732300,130072,train,False,161.0,31.0,26.56685918637188
132430_1767732300,132430,train,False,337.0,163.0,101.63751537904233
131672_1767732300,131672,train,False,16.0,606.0,115.23262594923662
132430_1767732600,132430,train,False,338.0,194.0,206.59383406940242
133957_1767732600,133957,train,False,39.0,121.0,18.035875575398048
131672_1767732600,131672,train,False,34.0,606.0,177.59217447292647
135081_1767732600,135081,train,False,79.0,234.0,11.60620664127666
130072_1767732600,130072,train,False,226.0,204.0,186.24475951926289
131672_1767732900,131672,train,False,41.0,32.0,165.7199099655407
133957_1767732900,133957,train,False,-49.0,108.0,75.85656612063612
130072_1767732900,130072,train,False,187.0,170.0,190.1502463340247
132430_1767732900,132430,train,False,238.0,346.0,233.71757172869795
135081_1767732900,135081,train,False,136.0,234.0,91.40453822475911
130072_1767733200,130072,train,False,125.0,206.0,79.33610989625596
135081_1767733200,135081,train,False,40.0,234.0,71.3407297267099
133957_1767733200,133957,train,False,59.0,108.0,91.77835489612059
122048_1767733200,122048,train,False,0.0,0.0,5.094361021257113
132430_1767733200,132430,train,False,153.0,327.0,208.12835412329014
130072_1767733500,130072,train,False,125.0,194.0,58.25686591099914
122048_1767733500,122048,train,False,0.0,0.0,10.484977981032301
132430_1767733500,132430,train,False,168.0,306.0,258.5611536258681
133957_1767733500,133957,train,False,28.0,-19.0,4.682900159116181
135081_1767733500,135081,train,False,44.0,176.0,93.54008591787846
130072_1767733800,130072,train,False,168.0,182.0,42.468086342771194
135081_1767733800,135081,train,False,51.0,82.0,103.25459075818414
133957_1767733800,133957,train,False,15.0,4.0,17.12272927403194
122048_1767733800,122048,train,False,0.0,0.0,24.46194151264594
132430_1767733800,132430,train,False,179.0,181.0,156.98311756238596
135081_1767734100,135081,train,False,-16.0,-32.0,33.902985782111585
133957_1767734100,133957,train,False,45.0,44.0,59.807702740074156
130072_1767734100,130072,train,False,195.0,113.0,37.55360889752445
122048_1767734100,122048,train,False,0.0,0.0,-0.7373747910204387
132430_1767734100,132430,train,False,96.0,200.0,140.23148822558835
133957_1767734400,133957,train,False,7.0,3.0,73.19681759332194
135081_1767734400,135081,train,False,-59.0,71.0,30.504643976014165
122048_1767734400,122048,train,False,0.0,0.0,3.8064092717734734
130072_1767734400,130072,train,False,163.0,93.0,41.38288594045183
135081_1767734700,135081,train,False,-170.0,55.0,-59.489900654231526
130072_1767734700,130072,train,False,0.0,181.0,42.81446438419014
122048_1767734700,122048,train,False,0.0,0.0,15.526991115538667
133957_1767734700,133957,train,False,65.0,51.0,59.19761492593299
134040_1767735000,134040,train,False,434.0,434.0,258.8991094414953
133957_1767735000,133957,train,False,21.0,-41.0,19.793292564975168
130072_1767735000,130072,train,False,0.0,163.0,59.22287413537268
130072_1767735300,130072,train,False,0.0,163.0,78.72482912688027
134040_1767735300,134040,train,False,434.0,434.0,222.7026251553244
133957_1767735300,133957,train,False,50.0,57.0,94.32385212046765
133957_1767735600,133957,train,False,77.0,21.0,94.8593797835834
130072_1767735600,130072,train,False,0.0,0.0,-9.303801092708467
134040_1767735900,134040,train,False,0.0,434.0,25.998054030954247
130072_1767735900,130072,train,False,0.0,0.0,-5.4654319522806425
134040_1767736200,134040,train,False,0.0,434.0,30.774592513803626
130072_1767736200,130072,train,False,0.0,0.0,1.8547988474685582
134040_1767736500,134040,train,False,0.0,434.0,40.72924519927949
130072_1767736500,130072,train,False,0.0,0.0,2.5923952964440544
134040_1767736800,134040,train,False,0.0,0.0,-7.767158139694401
135081_1767736800,135081,train,False,-98.0,-159.0,-141.4980249189592
133957_1767736800,133957,train,False,32.0,180.0,-30.803960523448485
133957_1767737100,133957,train,False,-8.0,180.0,12.853820964174142
135081_1767737100,135081,train,False,37.0,-207.0,-131.65701826477323
134040_1767737100,134040,train,False,0.0,0.0,-13.239449849604851
133957_1767737400,133957,train,False,27.0,180.0,103.89456436291854
135081_1767737400,135081,train,False,13.0,-68.0,-84.26004364676336
134040_1767737400,134040,train,False,0.0,0.0,-9.143883672659406
133957_1767737700,133957,train,False,-22.0,26.0,37.66065378241085
135081_1767737700,135081,train,False,172.0,49.0,43.02977463367299
134040_1767737700,134040,train,False,0.0,0.0,-9.523496073081375
134040_1767738000,134040,train,False,0.0,0.0,1.115527793822856
134494_1767738000,134494,train,False,0.0,0.0,-0.298605161036525
132430_1767738000,132430,train,False,90.0,96.0,26.44151333599997
135081_1767738000,135081,train,False,87.0,19.0,59.55001111946571
133957_1767738000,133957,train,False,-77.0,20.0,34.26570306818378
135081_1767738300,135081,train,False,73.0,90.0,127.47763142668649
134040_1767738300,134040,train,False,0.0,0.0,1.6574772008386098
132430_1767738300,132430,train,False,108.0,96.0,45.891734978499116
134494_1767738300,134494,train,False,0.0,0.0,5.273972253594162
134494_1767738600,134494,train,False,0.0,0.0,6.0120688493138745
134040_1767738600,134040,train,False,0.0,0.0,-10.06984762456426
134494_1767738900,134494,train,False,0.0,0.0,-2.3488319031823246
134040_1767738900,134040,train,False,0.0,0.0,-15.61846170645982
134494_1767739200,134494,train,False,0.0,0.0,-6.187441439125658
134040_1767739200,134040,train,False,0.0,0.0,-10.086485806528131
134040_1767739500,134040,train,False,0.0,0.0,35.893473807444096
134494_1767739500,134494,train,False,0.0,0.0,-7.061073315890953
134040_1767739800,134040,train,False,0.0,0.0,34.22060167326901
134494_1767739800,134494,train,False,0.0,0.0,-9.123874842561465
134494_1767740100,134494,train,False,0.0,0.0,-3.8355728185572886
134040_1767740100,134040,train,False,0.0,0.0,47.84946340280452
134040_1767740400,134040,train,False,0.0,0.0,25.540991360023064
132430_1767740400,132430,train,False,151.0,19.0,10.110772050631038
130072_1767740700,130072,train,False,0.0,0.0,32.23187951100104
132430_1767740700,132430,train,False,124.0,-13.0,-13.781110428839762
134040_1767740700,134040,train,False,0.0,0.0,23.99921031808458
132430_1767741000,132430,train,False,60.0,168.0,112.52616582575115
130072_1767741000,130072,train,False,0.0,0.0,33.879350330800904
130072_1767741300,130072,train,False,0.0,0.0,56.35012707589628
132430_1767741300,132430,train,False,85.0,127.0,100.76466087920099
132430_1767741600,132430,train,False,189.0,99.0,61.865463729523256
130072_1767741600,130072,train,False,0.0,0.0,35.36934783390944
132430_1767741900,132430,train,False,160.0,29.0,62.01340757201216
130072_1767741900,130072,train,False,0.0,0.0,11.111072850548203
132430_1767742200,132430,train,False,74.0,147.0,121.16882486168765
134494_1767742200,134494,train,False,0.0,0.0,-4.868919042742793
134494_1767742500,134494,train,False,0.0,0.0,-1.2714314767647963
134494_1767742800,134494,train,False,0.0,0.0,-0.5351273637667339
134494_1767743100,134494,train,False,0.0,0.0,-7.824863426174729
132430_1767743400,132430,train,False,91.0,74.0,28.78503891882121
132430_1767743700,132430,train,False,154.0,74.0,65.63724523549908
9000000_1767666600,9000000,train,True,5.0,0.0,
9000000_1767666900,9000000,train,True,-22.0,0.0,
9000000_1767667200,9000000,train,True,6.0,0.0,
9000000_1767667500,9000000,train,True,17.0,-13.0,
9000000_1767667800,9000000,train,True,-7.0,4.0,
9000000_1767668100,9000000,train,True,27.0,-3.0,
9000000_1767668400,9000000,train,True,1.0,-31.0,
9000000_1767668700,9000000,train,True,40.0,-16.0,
9000000_1767669000,9000000,train,True,-24.0,1.0,
9000000_1767669300,9000000,train,True,4.0,-16.0,
9000000_1767669600,9000000,train,True,31.0,-1.0,
9000000_1767669900,9000000,train,True,19.0,-2.0,
9000000_1767670200,9000000,train,True,32.0,-7.0,
9000000_1767670500,9000000,train,True,-13.0,-18.0,
9000000_1767670800,9000000,train,True,-29.0,-23.0,
9000000_1767671100,9000000,train,True,-1.0,-19.0,
9000000_1767671400,9000000,train,True,39.0,-15.0,
9000000_1767671700,9000000,train,True,-2.0,-37.0,
9000000_1767672000,9000000,train,True,21.0,-26.0,
9000000_1767672300,9000000,train,True,3.0,-2.0,
9000000_1767672600,9000000,train,True,1.0,-6.0,
9000000_1767672900,9000000,train,True,-30.0,19.0,
9000000_1767673200,9000000,train,True,15.0,21.0,
9000000_1767673800,9000000,train,True,58.0,-21.0,
9000000_1767674100,9000000,train,True,180.0,15.0,
9000000_1767674400,9000000,train,True,45.0,15.0,
9000000_1767674700,9000000,train,True,107.0,123.0,
9000000_1767675000,9000000,train,True,26.0,185.0,
9000000_1767675300,9000000,train,True,-66.0,102.0,
9000000_1767675600,9000000,train,True,-26.0,3.0,
9000000_1767675900,9000000,train,True,-28.0,-64.0,
9000000_1767676200,9000000,train,True,19.0,-64.0,
9000000_1767676500,9000000,train,True,-34.0,-28.0,
9000000_1767676800,9000000,train,True,-79.0,-41.0,
9000000_1767677100,9000000,train,True,-24.0,-52.0,
9000000_1767677400,9000000,train,True,23.0,-37.0,
9000000_1767677700,9000000,train,True,40.0,-35.0,
9000000_1767678000,9000000,train,True,-106.0,-53.0,
9000000_1767678300,9000000,train,True,-205.0,-1.0,
9000000_1767678600,9000000,train,True,-83.0,-83.0,
9000000_1767678900,9000000,train,True,33.0,-152.0,
9000000_1767679200,9000000,train,True,17.0,-113.0,
9000000_1767679500,9000000,train,True,59.0,-37.0,
9000000_1767679800,9000000,train,True,148.0,48.0,
9000000_1767680100,9000000,train,True,165.0,39.0,
9000000_1767680400,9000000,train,True,124.0,128.0,
9000000_1767680700,9000000,train,True,107.0,188.0,
9000000_1767681000,9000000,train,True,32.0,147.0,
9000000_1767684300,9000000,train,True,557.0,29.0,
9000000_1767684600,9000000,train,True,619.0,29.0,
9000000_1767684900,9000000,train,True,565.0,29.0,
9000000_1767685200,9000000,train,True,436.0,523.0,
9000000_1767685500,9000000,train,True,488.0,630.0,
9000000_1767685800,9000000,train,True,395.0,468.0,
9000000_1767686100,9000000,train,True,338.0,415.0,
9000000_1767686400,9000000,train,True,259.0,376.0,
9000000_1767686700,9000000,train,True,202.0,354.0,
9000000_1767687000,9000000,train,True,60.0,244.0,
9000000_1767687300,9000000,train,True,10.0,147.0,
9000000_1767687600,9000000,train,True,51.0,145.0,
9000000_1767687900,9000000,train,True,-63.0,26.0,
9000000_1767688200,9000000,train,True,127.0,-60.0,
9000000_1767688500,9000000,train,True,156.0,5.0,
9000000_1767688800,9000000,train,True,34.0,113.0,
9000000_1767689100,9000000,train,True,148.0,127.0,
9000000_1767689400,9000000,train,True,82.0,92.0,
9000000_1767689700,9000000,train,True,17.0,134.0,
9000000_1767690000,9000000,train,True,43.0,76.0,
9000000_1767690300,9000000,train,True,23.0,45.0,
9000000_1767690600,9000000,train,True,67.0,80.0,
9000000_1767690900,9000000,train,True,135.0,42.0,
9000000_1767691200,9000000,train,True,10.0,84.0,
9000000_1767691500,9000000,train,True,-31.0,111.0,
9000000_1767691800,9000000,train,True,41.0,123.0,
9000000_1767693000,9000000,train,True,259.0,67.0,
9000000_1767693300,9000000,train,True,229.0,67.0,
9000000_1767693600,9000000,train,True,110.0,67.0,
9000000_1767693900,9000000,train,True,-124.0,259.0,
9000000_1767694200,9000000,train,True,-62.0,175.0,
9000000_1767694500,9000000,train,True,-85.0,111.0,
9000000_1767694800,9000000,train,True,-102.0,-69.0,
9000000_1767695100,9000000,train,True,-68.0,-33.0,
9000000_1767695400,9000000,train,True,-103.0,-133.0,
9000000_1767695700,9000000,train,True,-151.0,-141.0,
9000000_1767696000,9000000,train,True,-196.0,-65.0,
9000000_1767696300,9000000,train,True,-225.0,-77.0,
9000000_1767696600,9000000,train,True,-308.0,-209.0,
9000000_1767696900,9000000,train,True,32.0,-212.0,
9000000_1767697200,9000000,train,True,21.0,-363.0,
9000000_1767697500,9000000,train,True,-82.0,-311.0,
9000000_1767697800,9000000,train,True,-148.0,32.0,
9000000_1767698100,9000000,train,True,-233.0,-42.0,
9000000_1767698400,9000000,train,True,-62.0,-85.0,
9000000_1767698700,9000000,train,True,-105.0,-192.0,
9000000_1767699000,9000000,train,True,-123.0,-79.0,
9000000_1767699300,9000000,train,True,-203.0,-118.0,
9000000_1767699600,9000000,train,True,-222.0,-159.0,
9000000_1767699900,9000000,train,True,-145.0,-115.0,
9000000_1767700200,9000000,train,True,-215.0,-182.0,
9000000_1767700500,9000000,train,True,-214.0,-241.0,
9000000_1767700800,9000000,train,True,-336.0,-214.0,
9000000_1767701100,9000000,train,True,-317.0,-199.0,
9000000_1767701700,9000000,train,True,325.0,-318.0,
9000000_1767702000,9000000,train,True,423.0,-297.0,
9000000_1767702300,9000000,train,True,297.0,-297.0,
9000000_1767702600,9000000,train,True,359.0,393.0,
9000000_1767702900,9000000,train,True,332.0,411.0,
9000000_1767703200,9000000,train,True,231.0,346.0,
9000000_1767703500,9000000,train,True,233.0,362.0,
9000000_1767703800,9000000,train,True,180.0,277.0,
9000000_1767704100,9000000,train,True,228.0,212.0,
9000000_1767704400,9000000,train,True,101.0,202.0,
9000000_1767704700,9000000,train,True,94.0,176.0,
9000000_1767705000,9000000,train,True,48.0,159.0,
9000000_1767705300,9000000,train,True,77.0,65.0,
9000000_1767705600,9000000,train,True,-9.0,88.0,
9000000_1767705900,9000000,train,True,16.0,63.0,
9000000_1767706200,9000000,train,True,21.0,87.0,
9000000_1767706500,9000000,train,True,-13.0,20.0,
9000000_1767706800,9000000,train,True,-12.0,30.0,
9000000_1767707100,9000000,train,True,8.0,3.0,
9000000_1767707400,9000000,train,True,12.0,-4.0,
9000000_1767707700,9000000,train,True,18.0,3.0,
9000000_1767708000,9000000,train,True,-25.0,14.0,
9000000_1767708300,9000000,train,True,-18.0,-44.0,
9000000_1767708600,9000000,train,True,-17.0,1.0,
9000000_1767708900,9000000,train,True,14.0,4.0,
9000000_1767709200,9000000,train,True,-44.0,7.0,
9000000_1767709500,9000000,train,True,-4.0,25.0,
9000000_1767710700,9000000,train,True,-242.0,-38.0,
9000000_1767711000,9000000,train,True,-257.0,-38.0,
9000000_1767711300,9000000,train,True,-44.0,-38.0,
9000000_1767711600,9000000,train,True,36.0,-242.0,
9000000_1767711900,9000000,train,True,23.0,-83.0,
9000000_1767712200,9000000,train,True,41.0,128.0,
9000000_1767712500,9000000,train,True,53.0,40.0,
9000000_1767712800,9000000,train,True,105.0,-40.0,
9000000_1767713100,9000000,train,True,141.0,33.0,
9000000_1767713400,9000000,train,True,137.0,84.0,
9000000_1767713700,9000000,train,True,49.0,132.0,
9000000_1767714000,9000000,train,True,85.0,148.0,
9000000_1767714300,9000000,train,True,-29.0,56.0,
9000000_1767714600,9000000,train,True,54.0,74.0,
9000000_1767714900,9000000,train,True,-23.0,-1.0,
9000000_1767715200,9000000,train,True,-2.0,66.0,
9000000_1767715500,9000000,train,True,46.0,90.0,
9000000_1767715800,9000000,train,True,-3.0,-15.0,
9000000_1767716100,9000000,train,True,-23.0,23.0,
9000000_1767716400,9000000,train,True,2.0,-29.0,
9000000_1767716700,9000000,train,True,-11.0,-8.0,
9000000_1767717000,9000000,train,True,15.0,11.0,
9000000_1767717300,9000000,train,True,-15.0,24.0,
9000000_1767717600,9000000,train,True,-26.0,-5.0,
9000000_1767717900,9000000,train,True,-9.0,0.0,
9000000_1767718200,9000000,train,True,1.0,-21.0,
9000000_1767718500,9000000,train,True,12.0,9.0,
9000000_1767718800,9000000,train,True,23.0,26.0,
9000000_1767721200,9000000,train,True,-331.0,-11.0,
9000000_1767721500,9000000,train,True,-309.0,-11.0,
9000000_1767721800,9000000,train,True,-52.0,-11.0,
9000000_1767722100,9000000,train,True,-40.0,-319.0,
9000000_1767722400,9000000,train,True,-60.0,-72.0,
9000000_1767722700,9000000,train,True,-154.0,63.0,
9000000_1767723000,9000000,train,True,-216.0,-14.0,
9000000_1767723300,9000000,train,True,-141.0,-63.0,
9000000_1767723600,9000000,train,True,-173.0,-147.0,
9000000_1767723900,9000000,train,True,-61.0,-150.0,
9000000_1767724200,9000000,train,True,-50.0,-187.0,
9000000_1767724500,9000000,train,True,15.0,-101.0,
9000000_1767724800,9000000,train,True,95.0,-95.0,
9000000_1767725100,9000000,train,True,76.0,-45.0,
9000000_1767725400,9000000,train,True,-9.0,122.0,
9000000_1767725700,9000000,train,True,124.0,91.0,
9000000_1767726000,9000000,train,True,308.0,-2.0,
9000000_1767726300,9000000,train,True,246.0,129.0,
9000000_1767726600,9000000,train,True,331.0,165.0,
9000000_1767726900,9000000,train,True,374.0,238.0,
9000000_1767727200,9000000,train,True,407.0,275.0,
9000000_1767727500,9000000,train,True,497.0,410.0,
9000000_1767727800,9000000,train,True,617.0,394.0,
9000000_1767728400,9000000,train,True,-47.0,602.0,
9000000_1767729900,9000000,train,True,-330.0,-47.0,
9000000_1767730200,9000000,train,True,-311.0,-47.0,
9000000_1767730500,9000000,train,True,-34.0,-47.0,
9000000_1767730800,9000000,train,True,106.0,-330.0,
9000000_1767731100,9000000,train,True,109.0,-123.0,
9000000_1767731400,9000000,train,True,88.0,54.0,
9000000_1767731700,9000000,train,True,45.0,58.0,
9000000_1767732000,9000000,train,True,18.0,95.0,
9000000_1767732300,9000000,train,True,46.0,87.0,
9000000_1767732600,9000000,train,True,17.0,36.0,
9000000_1767732900,9000000,train,True,21.0,12.0,
9000000_1767733200,9000000,train,True,7.0,49.0,
9000000_1767733500,9000000,train,True,14.0,64.0,
9000000_1767733800,9000000,train,True,4.0,-4.0,
9000000_1767734100,9000000,train,True,-17.0,5.0,
9000000_1767734400,9000000,train,True,-9.0,-13.0,
9000000_1767734700,9000000,train,True,30.0,-10.0,
9000000_1767735000,9000000,train,True,18.0,5.0,
9000000_1767735300,9000000,train,True,-5.0,15.0,
9000000_1767735600,9000000,train,True,-33.0,-5.0,
9000000_1767735900,9000000,train,True,1.0,45.0,
9000000_1767736200,9000000,train,True,-23.0,28.0,
9000001_1767665400,9000001,train,True,31.0,0.0,
9000001_1767665700,9000001,train,True,-12.0,0.0,
9000001_1767666000,9000001,train,True,-16.0,0.0,
9000001_1767666300,9000001,train,True,-24.0,19.0,
9000001_1767666600,9000001,train,True,31.0,-8.0,
9000001_1767666900,9000001,train,True,-28.0,20.0,
9000001_1767667200,9000001,train,True,0.0,8.0,
9000001_1767667500,9000001,train,True,-31.0,19.0,
9000001_1767667800,9000001,train,True,25.0,7.0,
9000001_1767668100,9000001,train,True,4.0,0.0,
9000001_1767668400,9000001,train,True,5.0,-26.0,
9000001_1767668700,9000001,train,True,-15.0,-33.0,
9000001_1767669000,9000001,train,True,9.0,1.0,
9000001_1767669300,9000001,train,True,-23.0,-4.0,
9000001_1767669600,9000001,train,True,17.0,11.0,
9000001_1767669900,9000001,train,True,0.0,-7.0,
9000001_1767670200,9000001,train,True,-41.0,20.0,
9000001_1767670500,9000001,train,True,29.0,-11.0,
9000001_1767670800,9000001,train,True,-5.0,-20.0,
9000001_1767671100,9000001,train,True,-33.0,-2.0,
9000001_1767671400,9000001,train,True,52.0,-14.0,
9000001_1767671700,9000001,train,True,-22.0,17.0,
9000001_1767672000,9000001,train,True,18.0,-5.0,
9000001_1767672600,9000001,train,True,109.0,11.0,
9000001_1767672900,9000001,train,True,136.0,18.0,
9000001_1767673200,9000001,train,True,33.0,18.0,
9000001_1767673500,9000001,train,True,70.0,140.0,
9000001_1767673800,9000001,train,True,11.0,207.0,
9000001_1767674100,9000001,train,True,-76.0,96.0,
9000001_1767674400,9000001,train,True,-22.0,-13.0,
9000001_1767674700,9000001,train,True,-19.0,-41.0,
9000001_1767675000,9000001,train,True,-2.0,-105.0,
9000001_1767675300,9000001,train,True,-44.0,14.0,
9000001_1767675600,9000001,train,True,-59.0,-10.0,
9000001_1767675900,9000001,train,True,-27.0,-5.0,
9000001_1767676200,9000001,train,True,29.0,-35.0,
9000001_1767676500,9000001,train,True,33.0,42.0,
9000001_1767676800,9000001,train,True,-83.0,-40.0,
9000001_1767677100,9000001,train,True,-203.0,22.0,
9000001_1767677400,9000001,train,True,-87.0,-61.0,
9000001_1767677700,9000001,train,True,12.0,-141.0,
9000001_1767678000,9000001,train,True,5.0,-99.0,
9000001_1767678300,9000001,train,True,68.0,-2.0,
9000001_1767678600,9000001,train,True,116.0,5.0,
9000001_1767678900,9000001,train,True,149.0,41.0,
9000001_1767679200,9000001,train,True,163.0,133.0,
9000001_1767679500,9000001,train,True,107.0,173.0,
9000001_1767679800,9000001,train,True,58.0,74.0,
9000001_1767683100,9000001,train,True,536.0,33.0,
9000001_1767683400,9000001,train,True,587.0,33.0,
9000001_1767683700,9000001,train,True,554.0,33.0,
9000001_1767684000,9000001,train,True,415.0,543.0,
9000001_1767684300,9000001,train,True,481.0,581.0,
9000001_1767684600,9000001,train,True,405.0,452.0,
9000001_1767684900,9000001,train,True,322.0,408.0,
9000001_1767685200,9000001,train,True,248.0,412.0,
9000001_1767685500,9000001,train,True,165.0,346.0,
9000001_1767685800,9000001,train,True,110.0,304.0,
9000001_1767686100,9000001,train,True,-49.0,133.0,
9000001_1767686400,9000001,train,True,26.0,165.0,
9000001_1767686700,9000001,train,True,-18.0,39.0,
9000001_1767687000,9000001,train,True,148.0,-50.0,
9000001_1767687300,9000001,train,True,174.0,-18.0,
9000001_1767687600,9000001,train,True,83.0,160.0,
9000001_1767687900,9000001,train,True,149.0,172.0,
9000001_1767688200,9000001,train,True,60.0,129.0,
9000001_1767688500,9000001,train,True,19.0,88.0,
9000001_1767688800,9000001,train,True,64.0,84.0,
9000001_1767689100,9000001,train,True,78.0,87.0,
9000001_1767689400,9000001,train,True,98.0,68.0,
9000001_1767689700,9000001,train,True,175.0,77.0,
9000001_1767690000,9000001,train,True,-13.0,66.0,
9000001_1767690300,9000001,train,True,-43.0,124.0,
9000001_1767690600,9000001,train,True,62.0,119.0,
9000001_1767691800,9000001,train,True,179.0,27.0,
9000001_1767692100,9000001,train,True,254.0,27.0,
9000001_1767692400,9000001,train,True,87.0,27.0,
9000001_1767692700,9000001,train,True,-130.0,179.0,
9000001_1767693000,9000001,train,True,-81.0,146.0,
9000001_1767693300,9000001,train,True,-101.0,67.0,
9000001_1767693600,9000001,train,True,-116.0,-88.0,
9000001_1767693900,9000001,train,True,-65.0,-61.0,
9000001_1767694200,9000001,train,True,-76.0,-135.0,
9000001_1767694500,9000001,train,True,-144.0,-109.0,
9000001_1767694800,9000001,train,True,-164.0,-37.0,
9000001_1767695100,9000001,train,True,-260.0,-87.0,
9000001_1767695400,9000001,train,True,-298.0,-198.0,
9000001_1767695700,9000001,train,True,98.0,-234.0,
9000001_1767696000,9000001,train,True,10.0,-404.0,
9000001_1767696300,9000001,train,True,-94.0,-339.0,
9000001_1767696600,9000001,train,True,-158.0,98.0,
9000001_1767696900,9000001,train,True,-232.0,-19.0,
9000001_1767697200,9000001,train,True,-102.0,-82.0,
9000001_1767697500,9000001,train,True,-99.0,-204.0,
9000001_1767697800,9000001,train,True,-113.0,-55.0,
9000001_1767698100,9000001,train,True,-206.0,-61.0,
9000001_1767698400,9000001,train,True,-183.0,-102.0,
9000001_1767698700,9000001,train,True,-189.0,-83.0,
9000001_1767699000,9000001,train,True,-172.0,-159.0,
9000001_1767699300,9000001,train,True,-264.0,-163.0,
9000001_1767699600,9000001,train,True,-318.0,-189.0,
9000001_1767699900,9000001,train,True,-339.0,-189.0,
9000001_1767700500,9000001,train,True,300.0,-276.0,
9000001_1767700800,9000001,train,True,449.0,-325.0,
9000001_1767701100,9000001,train,True,335.0,-325.0,
9000001_1767701400,9000001,train,True,367.0,438.0,
9000001_1767701700,9000001,train,True,297.0,428.0,
9000001_1767702000,9000001,train,True,232.0,380.0,
9000001_1767702300,9000001,train,True,229.0,317.0,
9000001_1767702600,9000001,train,True,160.0,315.0,
9000001_1767702900,9000001,train,True,240.0,208.0,
9000001_1767703200,9000001,train,True,95.0,177.0,
9000001_1767703500,9000001,train,True,112.0,143.0,
9000001_1767703800,9000001,train,True,101.0,116.0,
9000001_1767704100,9000001,train,True,80.0,120.0,
9000001_1767704400,9000001,train,True,-33.0,90.0,
9000001_1767704700,9000001,train,True,37.0,77.0,
9000001_1767705000,9000001,train,True,15.0,98.0,
9000001_1767705300,9000001,train,True,-1.0,7.0,
9000001_1767705600,9000001,train,True,-11.0,-15.0,
9000001_1767705900,9000001,train,True,17.0,10.0,
9000001_1767706200,9000001,train,True,24.0,16.0,
9000001_1767706500,9000001,train,True,-7.0,-21.0,
9000001_1767706800,9000001,train,True,23.0,-13.0,
9000001_1767707100,9000001,train,True,21.0,12.0,
9000001_1767707400,9000001,train,True,-14.0,-17.0,
9000001_1767707700,9000001,train,True,3.0,23.0,
9000001_1767708000,9000001,train,True,-6.0,-15.0,
9000001_1767708300,9000001,train,True,-34.0,-31.0,
9000001_1767709500,9000001,train,True,-256.0,27.0,
9000001_1767709800,9000001,train,True,-257.0,27.0,
9000001_1767710100,9000001,train,True,-92.0,27.0,
9000001_1767710400,9000001,train,True,-38.0,-256.0,
9000001_1767710700,9000001,train,True,23.0,-48.0,
9000001_1767711000,9000001,train,True,-10.0,147.0,
9000001_1767711300,9000001,train,True,103.0,6.0,
9000001_1767711600,9000001,train,True,121.0,-4.0,
9000001_1767711900,9000001,train,True,132.0,51.0,
9000001_1767712200,9000001,train,True,133.0,50.0,
9000001_1767712500,9000001,train,True,54.0,129.0,
9000001_1767712800,9000001,train,True,47.0,166.0,
9000001_1767713100,9000001,train,True,-3.0,36.0,
9000001_1767713400,9000001,train,True,51.0,64.0,
9000001_1767713700,9000001,train,True,-8.0,14.0,
9000001_1767714000,9000001,train,True,-24.0,97.0,
9000001_1767714300,9000001,train,True,-31.0,65.0,
9000001_1767714600,9000001,train,True,1.0,-34.0,
9000001_1767714900,9000001,train,True,6.0,-8.0,
9000001_1767715200,9000001,train,True,-15.0,2.0,
9000001_1767715500,9000001,train,True,20.0,24.0,
9000001_1767715800,9000001,train,True,5.0,-3.0,
9000001_1767716100,9000001,train,True,-20.0,-16.0,
9000001_1767716400,9000001,train,True,49.0,26.0,
9000001_1767716700,9000001,train,True,15.0,1.0,
9000001_1767717000,9000001,train,True,-3.0,34.0,
9000001_1767717300,9000001,train,True,14.0,30.0,
9000001_1767717600,9000001,train,True,13.0,-36.0,
9000001_1767720000,9000001,train,True,-372.0,25.0,
9000001_1767720300,9000001,train,True,-322.0,25.0,
9000001_1767720600,9000001,train,True,19.0,25.0,
9000001_1767720900,9000001,train,True,-12.0,-344.0,
9000001_1767721200,9000001,train,True,-52.0,-100.0,
9000001_1767721500,9000001,train,True,-176.0,74.0,
9000001_1767721800,9000001,train,True,-182.0,-34.0,
9000001_1767722100,9000001,train,True,-177.0,-82.0,
9000001_1767722400,9000001,train,True,-207.0,-167.0,
9000001_1767722700,9000001,train,True,-96.0,-167.0,
9000001_1767723000,9000001,train,True,-71.0,-194.0,
9000001_1767723300,9000001,train,True,31.0,-118.0,
9000001_1767723600,9000001,train,True,86.0,-115.0,
9000001_1767723900,9000001,train,True,42.0,-74.0,
9000001_1767724200,9000001,train,True,23.0,106.0,
9000001_1767724500,9000001,train,True,123.0,81.0,
9000001_1767724800,9000001,train,True,297.0,47.0,
9000001_1767725100,9000001,train,True,292.0,133.0,
9000001_1767725400,9000001,train,True,360.0,141.0,
9000001_1767725700,9000001,train,True,382.0,224.0,
9000001_1767726000,9000001,train,True,447.0,244.0,
9000001_1767726300,9000001,train,True,493.0,402.0,
9000001_1767726600,9000001,train,True,590.0,407.0,
9000001_1767727200,9000001,train,True,-58.0,581.0,
9000001_1767728700,9000001,train,True,-329.0,-58.0,
9000001_1767729000,9000001,train,True,-336.0,-58.0,
9000001_1767729300,9000001,train,True,-72.0,-58.0,
9000001_1767729600,9000001,train,True,80.0,-329.0,
9000001_1767729900,9000001,train,True,113.0,-136.0,
9000001_1767730200,9000001,train,True,95.0,94.0,
9000001_1767730500,9000001,train,True,83.0,40.0,
9000001_1767730800,9000001,train,True,30.0,97.0,
9000001_1767731100,9000001,train,True,26.0,67.0,
9000001_1767731400,9000001,train,True,53.0,34.0,
9000001_1767731700,9000001,train,True,15.0,50.0,
9000001_1767732000,9000001,train,True,-16.0,5.0,
9000001_1767732300,9000001,train,True,14.0,47.0,
9000001_1767732600,9000001,train,True,0.0,23.0,
9000001_1767732900,9000001,train,True,1.0,-12.0,
9000001_1767733200,9000001,train,True,19.0,-27.0,
9000001_1767733500,9000001,train,True,26.0,-36.0,
9000001_1767733800,9000001,train,True,20.0,19.0,
9000001_1767734100,9000001,train,True,14.0,-21.0,
9000001_1767734400,9000001,train,True,8.0,4.0,
9000001_1767734700,9000001,train,True,-18.0,-16.0,
9000001_1767735000,9000001,train,True,9.0,-13.0,
9000002_1767690000,9000002,train,True,36.0,0.0,
9000002_1767690300,9000002,train,True,57.0,0.0,
9000002_1767690600,9000002,train,True,107.0,0.0,
9000002_1767690900,9000002,train,True,131.0,35.0,
9000002_1767691200,9000002,train,True,118.0,104.0,
9000002_1767691500,9000002,train,True,42.0,147.0,
9000002_1767691800,9000002,train,True,53.0,110.0,
9000002_1767692100,9000002,train,True,82.0,5.0,
9000002_1767692400,9000002,train,True,-28.0,75.0,
9000002_1767692700,9000002,train,True,-43.0,123.0,
9000002_1767693000,9000002,train,True,-168.0,32.0,
9000002_1767693300,9000002,train,True,-155.0,-62.0,
9000002_1767693600,9000002,train,True,-174.0,-112.0,
9000002_1767693900,9000002,train,True,-190.0,-139.0,
9000002_1767694200,9000002,train,True,-116.0,-185.0,
9000002_1767694500,9000002,train,True,-133.0,-169.0,
9000002_1767694800,9000002,train,True,-59.0,-192.0,
9000002_1767695100,9000002,train,True,-77.0,-116.0,
9000002_1767695400,9000002,train,True,50.0,-113.0,
9000002_1767695700,9000002,train,True,102.0,-163.0,
9000002_1767696000,9000002,train,True,95.0,19.0,
9000002_1767697200,9000002,train,True,-33.0,23.0,
9000002_1767697500,9000002,train,True,-4.0,23.0,
9000002_1767697800,9000002,train,True,16.0,23.0,
9000002_1767698100,9000002,train,True,10.0,12.0,
9000002_1767698400,9000002,train,True,37.0,10.0,
9000002_1767698700,9000002,train,True,30.0,-1.0,
9000002_1767699000,9000002,train,True,-1.0,30.0,
9000002_1767699300,9000002,train,True,-6.0,-17.0,
9000002_1767699600,9000002,train,True,20.0,-39.0,
9000002_1767699900,9000002,train,True,-154.0,12.0,
9000002_1767700200,9000002,train,True,-239.0,-34.0,
9000002_1767700500,9000002,train,True,-89.0,-33.0,
9000002_1767700800,9000002,train,True,-60.0,-262.0,
9000002_1767701100,9000002,train,True,-37.0,-120.0,
9000002_1767701400,9000002,train,True,-128.0,-147.0,
9000002_1767701700,9000002,train,True,-233.0,-113.0,
9000002_1767702000,9000002,train,True,-31.0,-55.0,
9000002_1767702300,9000002,train,True,-11.0,-128.0,
9000002_1767702600,9000002,train,True,63.0,-98.0,
9000002_1767702900,9000002,train,True,66.0,-72.0,
9000002_1767703200,9000002,train,True,77.0,46.0,
9000002_1767706200,9000002,train,True,-34.0,49.0,
9000002_1767706500,9000002,train,True,18.0,49.0,
9000002_1767706800,9000002,train,True,-10.0,49.0,
9000002_1767707100,9000002,train,True,-19.0,30.0,
9000002_1767707400,9000002,train,True,3.0,-36.0,
9000002_1767707700,9000002,train,True,20.0,7.0,
9000002_1767708000,9000002,train,True,-27.0,-10.0,
9000002_1767708300,9000002,train,True,19.0,6.0,
9000002_1767708600,9000002,train,True,-5.0,-31.0,
9000002_1767708900,9000002,train,True,-96.0,-14.0,
9000002_1767709200,9000002,train,True,-12.0,41.0,
9000002_1767709500,9000002,train,True,-22.0,24.0,
9000002_1767709800,9000002,train,True,6.0,24.0,
9000002_1767710100,9000002,train,True,-17.0,0.0,
9000002_1767710400,9000002,train,True,-29.0,-15.0,
9000002_1767710700,9000002,train,True,0.0,-20.0,
9000002_1767711000,9000002,train,True,8.0,21.0,
9000002_1767711300,9000002,train,True,15.0,-29.0,
9000002_1767711600,9000002,train,True,2.0,0.0,
9000002_1767711900,9000002,train,True,-10.0,-17.0,
9000002_1767712200,9000002,train,True,24.0,-15.0,
9000002_1767712800,9000002,train,True,18.0,29.0,
9000002_1767713100,9000002,train,True,-23.0,-1.0,
9000002_1767713400,9000002,train,True,1.0,-1.0,
9000002_1767713700,9000002,train,True,7.0,18.0,
9000002_1767714000,9000002,train,True,14.0,11.0,
9000002_1767714300,9000002,train,True,16.0,-10.0,
9000002_1767714600,9000002,train,True,33.0,-17.0,
9000002_1767714900,9000002,train,True,-14.0,-11.0,
9000002_1767715200,9000002,train,True,-14.0,-15.0,
9000002_1767715500,9000002,train,True,2.0,-28.0,
9000002_1767715800,9000002,train,True,3.0,36.0,
9000002_1767716100,9000002,train,True,-24.0,-13.0,
9000002_1767716400,9000002,train,True,7.0,-1.0,
9000002_1767716700,9000002,train,True,-82.0,-66.0,
9000002_1767717000,9000002,train,True,-57.0,61.0,
9000002_1767717300,9000002,train,True,-55.0,-52.0,
9000002_1767717600,9000002,train,True,-68.0,-19.0,
9000002_1767717900,9000002,train,True,-50.0,-72.0,
9000002_1767718200,9000002,train,True,29.0,-77.0,
9000002_1767718500,9000002,train,True,71.0,29.0,
9000002_1767718800,9000002,train,True,97.0,-50.0,
9000002_1767719100,9000002,train,True,94.0,58.0,
9000003_1767688800,9000003,train,True,58.0,0.0,
9000003_1767689100,9000003,train,True,66.0,0.0,
9000003_1767689400,9000003,train,True,54.0,0.0,
9000003_1767689700,9000003,train,True,144.0,58.0,
9000003_1767690000,9000003,train,True,127.0,21.0,
9000003_1767690300,9000003,train,True,-1.0,93.0,
9000003_1767690600,9000003,train,True,16.0,144.0,
9000003_1767690900,9000003,train,True,30.0,125.0,
9000003_1767691200,9000003,train,True,79.0,15.0,
9000003_1767691500,9000003,train,True,-50.0,102.0,
9000003_1767691800,9000003,train,True,-96.0,120.0,
9000003_1767692100,9000003,train,True,-149.0,-3.0,
9000003_1767692400,9000003,train,True,-193.0,-10.0,
9000003_1767692700,9000003,train,True,-195.0,-179.0,
9000003_1767693000,9000003,train,True,-210.0,-179.0,
9000003_1767693300,9000003,train,True,-88.0,-159.0,
9000003_1767693600,9000003,train,True,-142.0,-221.0,
9000003_1767693900,9000003,train,True,-116.0,-220.0,
9000003_1767694200,9000003,train,True,-44.0,-130.0,
9000003_1767694500,9000003,train,True,79.0,-64.0,
9000003_1767694800,9000003,train,True,160.0,-116.0,
9000003_1767695100,9000003,train,True,63.0,33.0,
9000003_1767696000,9000003,train,True,-5.0,3.0,
9000003_1767696300,9000003,train,True,15.0,3.0,
9000003_1767696600,9000003,train,True,46.0,3.0,
9000003_1767696900,9000003,train,True,18.0,-5.0,
9000003_1767697200,9000003,train,True,13.0,-7.0,
9000003_1767697500,9000003,train,True,3.0,15.0,
9000003_1767697800,9000003,train,True,-4.0,17.0,
9000003_1767698100,9000003,train,True,-26.0,-2.0,
9000003_1767698400,9000003,train,True,12.0,-7.0,
9000003_1767698700,9000003,train,True,-3.0,4.0,
9000003_1767699000,9000003,train,True,-176.0,4.0,
9000003_1767699300,9000003,train,True,-188.0,33.0,
9000003_1767699600,9000003,train,True,-152.0,-25.0,
9000003_1767699900,9000003,train,True,-75.0,-244.0,
9000003_1767700200,9000003,train,True,-37.0,-99.0,
9000003_1767700500,9000003,train,True,-195.0,-100.0,
9000003_1767700800,9000003,train,True,-137.0,-29.0,
9000003_1767701100,9000003,train,True,-101.0,-72.0,
9000003_1767701400,9000003,train,True,-7.0,-202.0,
9000003_1767701700,9000003,train,True,17.0,-49.0,
9000003_1767702000,9000003,train,True,46.0,-101.0,
9000003_1767702300,9000003,train,True,55.0,56.0,
9000003_1767705000,9000003,train,True,8.0,91.0,
9000003_1767705300,9000003,train,True,28.0,91.0,
9000003_1767705600,9000003,train,True,24.0,91.0,
9000003_1767705900,9000003,train,True,18.0,8.0,
9000003_1767706200,9000003,train,True,-25.0,12.0,
9000003_1767706500,9000003,train,True,0.0,-17.0,
9000003_1767706800,9000003,train,True,-10.0,6.0,
9000003_1767707100,9000003,train,True,45.0,-19.0,
9000003_1767707400,9000003,train,True,1.0,-11.0,
9000003_1767707700,9000003,train,True,-34.0,-4.0,
9000003_1767708000,9000003,train,True,-71.0,-13.0,
9000003_1767708300,9000003,train,True,-12.0,11.0,
9000003_1767708600,9000003,train,True,-5.0,-20.0,
9000003_1767708900,9000003,train,True,-21.0,-7.0,
9000003_1767709200,9000003,train,True,5.0,42.0,
9000003_1767709500,9000003,train,True,-9.0,8.0,
9000003_1767709800,9000003,train,True,-2.0,-17.0,
9000003_1767710100,9000003,train,True,-24.0,-11.0,
9000003_1767710400,9000003,train,True,5.0,46.0,
9000003_1767710700,9000003,train,True,14.0,-8.0,
9000003_1767711000,9000003,train,True,32.0,-24.0,
9000003_1767711300,9000003,train,True,14.0,0.0,
9000003_1767711900,9000003,train,True,-12.0,-5.0,
9000003_1767712200,9000003,train,True,25.0,-27.0,
9000003_1767712500,9000003,train,True,16.0,-27.0,
9000003_1767712800,9000003,train,True,16.0,3.0,
9000003_1767713100,9000003,train,True,24.0,-17.0,
9000003_1767713400,9000003,train,True,38.0,-5.0,
9000003_1767713700,9000003,train,True,-12.0,5.0,
9000003_1767714000,9000003,train,True,41.0,-1.0,
9000003_1767714300,9000003,train,True,13.0,-4.0,
9000003_1767714600,9000003,train,True,1.0,-14.0,
9000003_1767714900,9000003,train,True,-37.0,9.0,
9000003_1767715200,9000003,train,True,67.0,10.0,
9000003_1767715500,9000003,train,True,30.0,29.0,
9000003_1767715800,9000003,train,True,-108.0,-18.0,
9000003_1767716100,9000003,train,True,-37.0,60.0,
9000003_1767716400,9000003,train,True,-76.0,-31.0,
9000003_1767716700,9000003,train,True,-49.0,-19.0,
9000003_1767717000,9000003,train,True,-10.0,-3.0,
9000003_1767717300,9000003,train,True,22.0,-96.0,
9000003_1767717600,9000003,train,True,57.0,41.0,
9000003_1767717900,9000003,train,True,102.0,76.0,
9000004_1767678000,9000004,train,True,24.0,0.0,
9000004_1767678300,9000004,train,True,68.0,0.0,
9000004_1767678600,9000004,train,True,155.0,0.0,
9000004_1767678900,9000004,train,True,168.0,125.0,
9000004_1767679200,9000004,train,True,195.0,195.0,
9000004_1767679500,9000004,train,True,197.0,228.0,
9000004_1767679800,9000004,train,True,-5.0,219.0,
9000004_1767680100,9000004,train,True,-19.0,152.0,
9000004_1767680400,9000004,train,True,-1.0,197.0,
9000004_1767680700,9000004,train,True,14.0,-11.0,
9000004_1767681000,9000004,train,True,38.0,-19.0,
9000004_1767681300,9000004,train,True,14.0,-29.0,
9000004_1767681600,9000004,train,True,10.0,-9.0,
9000004_1767681900,9000004,train,True,-18.0,21.0,
9000004_1767682200,9000004,train,True,15.0,22.0,
9000004_1767682500,9000004,train,True,59.0,22.0,
9000004_1767682800,9000004,train,True,93.0,142.0,
9000004_1767683100,9000004,train,True,151.0,126.0,
9000004_1767683400,9000004,train,True,82.0,209.0,
9000004_1767683700,9000004,train,True,-11.0,60.0,
9000004_1767684000,9000004,train,True,2.0,97.0,
9000004_1767684300,9000004,train,True,-6.0,82.0,
9000004_1767684600,9000004,train,True,2.0,-11.0,
9000004_1767684900,9000004,train,True,-4.0,9.0,
9000004_1767685200,9000004,train,True,12.0,9.0,
9000004_1767685500,9000004,train,True,-11.0,-11.0,
9000004_1767685800,9000004,train,True,34.0,8.0,
9000004_1767686100,9000004,train,True,8.0,21.0,
9000004_1767686400,9000004,train,True,108.0,27.0,
9000004_1767686700,9000004,train,True,148.0,57.0,
9000004_1767687000,9000004,train,True,-16.0,10.0,
9000004_1767687300,9000004,train,True,-41.0,15.0,
9000004_1767687600,9000004,train,True,-43.0,25.0,
9000004_1767687900,9000004,train,True,-68.0,-30.0,
9000004_1767688200,9000004,train,True,-21.0,-38.0,
9000004_1767688500,9000004,train,True,-52.0,-43.0,
9000004_1767688800,9000004,train,True,-59.0,-32.0,
9000004_1767689100,9000004,train,True,-64.0,-48.0,
9000004_1767689400,9000004,train,True,-31.0,-17.0,
9000004_1767689700,9000004,train,True,-10.0,-59.0,
9000004_1767694200,9000004,train,True,-43.0,-10.0,
9000004_1767694500,9000004,train,True,86.0,-10.0,
9000004_1767694800,9000004,train,True,222.0,-10.0,
9000004_1767695100,9000004,train,True,257.0,-55.0,
9000004_1767695400,9000004,train,True,329.0,77.0,
9000004_1767695700,9000004,train,True,353.0,281.0,
9000004_1767696300,9000004,train,True,9.0,305.0,
9000004_1767696600,9000004,train,True,20.0,385.0,
9000004_1767696900,9000004,train,True,6.0,385.0,
9000004_1767697200,9000004,train,True,-23.0,-8.0,
9000004_1767697500,9000004,train,True,15.0,-24.0,
9000004_1767697800,9000004,train,True,-33.0,-9.0,
9000004_1767698100,9000004,train,True,-17.0,-23.0,
9000004_1767698400,9000004,train,True,-6.0,-40.0,
9000004_1767698700,9000004,train,True,192.0,-15.0,
9000004_1767699000,9000004,train,True,192.0,10.0,
9000004_1767699300,9000004,train,True,184.0,62.0,
9000004_1767699600,9000004,train,True,109.0,196.0,
9000004_1767699900,9000004,train,True,146.0,261.0,
9000004_1767700200,9000004,train,True,16.0,112.0,
9000004_1767700500,9000004,train,True,10.0,119.0,
9000004_1767700800,9000004,train,True,-3.0,146.0,
9000004_1767701100,9000004,train,True,-2.0,-26.0,
9000004_1767701400,9000004,train,True,6.0,-16.0,
9000004_1767701700,9000004,train,True,7.0,-3.0,
9000004_1767702000,9000004,train,True,-16.0,-2.0,
9000004_1767702300,9000004,train,True,86.0,-34.0,
9000004_1767702600,9000004,train,True,124.0,19.0,
9000004_1767702900,9000004,train,True,308.0,-4.0,
9000004_1767703200,9000004,train,True,306.0,215.0,
9000004_1767703500,9000004,train,True,429.0,320.0,
9000004_1767704100,9000004,train,True,27.0,343.0,
9000004_1767704400,9000004,train,True,5.0,386.0,
9000004_1767704700,9000004,train,True,-15.0,386.0,
9000004_1767705000,9000004,train,True,-8.0,-6.0,
9000004_1767705300,9000004,train,True,40.0,-32.0,
9000004_1767705600,9000004,train,True,29.0,-16.0,
9000004_1767705900,9000004,train,True,2.0,8.0,
9000004_1767711600,9000004,train,True,63.0,-17.0,
9000004_1767711900,9000004,train,True,64.0,-17.0,
9000004_1767712200,9000004,train,True,54.0,-17.0,
9000004_1767712500,9000004,train,True,153.0,25.0,
9000004_1767712800,9000004,train,True,372.0,59.0,
9000004_1767713100,9000004,train,True,399.0,180.0,
9000004_1767713700,9000004,train,True,14.0,365.0,
9000004_1767714000,9000004,train,True,5.0,387.0,
9000004_1767714300,9000004,train,True,-2.0,387.0,
9000004_1767714600,9000004,train,True,24.0,-2.0,
9000004_1767714900,9000004,train,True,-3.0,-20.0,
9000004_1767715200,9000004,train,True,-6.0,11.0,
9000004_1767715500,9000004,train,True,13.0,24.0,
9000004_1767716400,9000004,train,True,-25.0,-33.0,
9000004_1767716700,9000004,train,True,34.0,-33.0,
9000004_1767717000,9000004,train,True,56.0,-33.0,
9000004_1767717300,9000004,train,True,166.0,-12.0,
9000004_1767717600,9000004,train,True,82.0,67.0,
9000004_1767718200,9000004,train,True,15.0,59.0,
9000004_1767718500,9000004,train,True,35.0,116.0,
9000004_1767718800,9000004,train,True,26.0,116.0,
9000004_1767719100,9000004,train,True,5.0,19.0,
9000004_1767719400,9000004,train,True,35.0,-4.0,
9000004_1767719700,9000004,train,True,6.0,10.0,
9000005_1767680700,9000005,train,True,5.0,0.0,
9000005_1767681000,9000005,train,True,50.0,0.0,
9000005_1767681300,9000005,train,True,118.0,0.0,
9000005_1767681600,9000005,train,True,159.0,-11.0,
9000005_1767681900,9000005,train,True,170.0,65.0,
9000005_1767682200,9000005,train,True,201.0,160.0,
9000005_1767682800,9000005,train,True,0.0,158.0,
9000005_1767683100,9000005,train,True,34.0,190.0,
9000005_1767683400,9000005,train,True,5.0,190.0,
9000005_1767683700,9000005,train,True,-30.0,-4.0,
9000005_1767684000,9000005,train,True,8.0,-25.0,
9000005_1767684300,9000005,train,True,-3.0,-19.0,
9000005_1767684600,9000005,train,True,-40.0,-30.0,
9000005_1767684900,9000005,train,True,97.0,-21.0,
9000005_1767685200,9000005,train,True,107.0,0.0,
9000005_1767685500,9000005,train,True,91.0,-30.0,
9000005_1767685800,9000005,train,True,93.0,36.0,
9000005_1767686100,9000005,train,True,109.0,109.0,
9000005_1767686700,9000005,train,True,-54.0,115.0,
9000005_1767687000,9000005,train,True,3.0,107.0,
9000005_1767687300,9000005,train,True,11.0,107.0,
9000005_1767687600,9000005,train,True,-39.0,23.0,
9000005_1767687900,9000005,train,True,-17.0,3.0,
9000005_1767688200,9000005,train,True,7.0,-7.0,
9000005_1767688500,9000005,train,True,0.0,-31.0,
9000005_1767688800,9000005,train,True,-9.0,0.0,
9000005_1767689100,9000005,train,True,-17.0,-5.0,
9000005_1767689400,9000005,train,True,20.0,-15.0,
9000005_1767689700,9000005,train,True,78.0,61.0,
9000005_1767690000,9000005,train,True,-35.0,75.0,
9000005_1767690300,9000005,train,True,-18.0,132.0,
9000005_1767690600,9000005,train,True,-39.0,3.0,
9000005_1767690900,9000005,train,True,-31.0,-42.0,
9000005_1767691200,9000005,train,True,-33.0,-18.0,
9000005_1767691500,9000005,train,True,-5.0,-41.0,
9000005_1767691800,9000005,train,True,-48.0,-5.0,
9000005_1767692100,9000005,train,True,-28.0,-21.0,
9000005_1767692400,9000005,train,True,-29.0,-5.0,
9000005_1767697200,9000005,train,True,16.0,-45.0,
9000005_1767697500,9000005,train,True,64.0,-45.0,
9000005_1767697800,9000005,train,True,259.0,-45.0,
9000005_1767698100,9000005,train,True,433.0,90.0,
9000005_1767698400,9000005,train,True,300.0,232.0,
9000005_1767698700,9000005,train,True,359.0,378.0,
9000005_1767699000,9000005,train,True,30.0,302.0,
9000005_1767699300,9000005,train,True,-14.0,321.0,
9000005_1767699600,9000005,train,True,13.0,359.0,
9000005_1767699900,9000005,train,True,-8.0,-3.0,
9000005_1767700200,9000005,train,True,5.0,23.0,
9000005_1767700500,9000005,train,True,-4.0,-5.0,
9000005_1767700800,9000005,train,True,-10.0,-3.0,
9000005_1767701100,9000005,train,True,62.0,9.0,
9000005_1767701400,9000005,train,True,85.0,9.0,
9000005_1767701700,9000005,train,True,213.0,24.0,
9000005_1767702000,9000005,train,True,276.0,69.0,
9000005_1767702300,9000005,train,True,152.0,204.0,
9000005_1767702600,9000005,train,True,139.0,232.0,
9000005_1767702900,9000005,train,True,-7.0,192.0,
9000005_1767703200,9000005,train,True,9.0,139.0,
9000005_1767703500,9000005,train,True,19.0,123.0,
9000005_1767703800,9000005,train,True,4.0,-7.0,
9000005_1767704100,9000005,train,True,-31.0,9.0,
9000005_1767704400,9000005,train,True,12.0,-21.0,
9000005_1767704700,9000005,train,True,-29.0,-5.0,
9000005_1767705000,9000005,train,True,-6.0,-31.0,
9000005_1767705300,9000005,train,True,162.0,11.0,
9000005_1767705600,9000005,train,True,251.0,-9.0,
9000005_1767705900,9000005,train,True,290.0,76.0,
9000005_1767706200,9000005,train,True,376.0,139.0,
9000005_1767706500,9000005,train,True,380.0,307.0,
9000005_1767707100,9000005,train,True,11.0,390.0,
9000005_1767707400,9000005,train,True,-37.0,385.0,
9000005_1767707700,9000005,train,True,-15.0,385.0,
9000005_1767708000,9000005,train,True,-6.0,-5.0,
9000005_1767708300,9000005,train,True,-14.0,-26.0,
9000005_1767708600,9000005,train,True,4.0,-7.0,
9000005_1767708900,9000005,train,True,11.0,-6.0,
9000005_1767714600,9000005,train,True,0.0,-26.0,
9000005_1767714900,9000005,train,True,53.0,-26.0,
9000005_1767715200,9000005,train,True,126.0,-26.0,
9000005_1767715500,9000005,train,True,227.0,77.0,
9000005_1767715800,9000005,train,True,365.0,92.0,
9000005_1767716100,9000005,train,True,360.0,261.0,
9000005_1767716400,9000005,train,True,27.0,326.0,
9000005_1767716700,9000005,train,True,10.0,363.0,
9000005_1767717000,9000005,train,True,-24.0,368.0,
9000005_1767717300,9000005,train,True,-40.0,27.0,
9000005_1767717600,9000005,train,True,6.0,3.0,
9000005_1767717900,9000005,train,True,17.0,14.0,
9000005_1767718200,9000005,train,True,-21.0,-23.0,
9000005_1767719100,9000005,train,True,-65.0,31.0,
9000005_1767719400,9000005,train,True,29.0,31.0,
9000005_1767719700,9000005,train,True,111.0,31.0,
9000005_1767720000,9000005,train,True,213.0,54.0,
9000005_1767720300,9000005,train,True,86.0,26.0,
9000005_1767720600,9000005,train,True,67.0,75.0,
9000005_1767720900,9000005,train,True,25.0,192.0,
9000005_1767721200,9000005,train,True,7.0,110.0,
9000005_1767721500,9000005,train,True,-9.0,71.0,
9000005_1767721800,9000005,train,True,14.0,25.0,
9000005_1767722100,9000005,train,True,22.0,6.0,
9000005_1767722400,9000005,train,True,35.0,-12.0,
9000005_1767722700,9000005,train,True,23.0,2.0,
9000006_1767666900,9000006,train,True,-58.0,0.0,
9000006_1767667200,9000006,train,True,-70.0,0.0,
9000006_1767667500,9000006,train,True,-61.0,0.0,
9000006_1767667800,9000006,train,True,-69.0,-44.0,
9000006_1767668100,9000006,train,True,-23.0,-7.0,
9000006_1767668400,9000006,train,True,51.0,-111.0,
9000006_1767668700,9000006,train,True,27.0,15.0,
9000006_1767669000,9000006,train,True,-76.0,24.0,
9000006_1767669300,9000006,train,True,57.0,-4.0,
9000006_1767669600,9000006,train,True,-63.0,15.0,
9000006_1767669900,9000006,train,True,-62.0,-19.0,
9000006_1767670200,9000006,train,True,8.0,-9.0,
9000006_1767670500,9000006,train,True,-16.0,-69.0,
9000006_1767670800,9000006,train,True,-52.0,-22.0,
9000006_1767671100,9000006,train,True,-9.0,-32.0,
9000006_1767671400,9000006,train,True,-32.0,-16.0,
9000006_1767671700,9000006,train,True,81.0,-18.0,
9000006_1767672000,9000006,train,True,26.0,21.0,
9000006_1767672300,9000006,train,True,14.0,-16.0,
9000006_1767672600,9000006,train,True,-47.0,57.0,
9000006_1767672900,9000006,train,True,-43.0,99.0,
9000006_1767673200,9000006,train,True,-1.0,-19.0,
9000006_1767673500,9000006,train,True,-42.0,-43.0,
9000006_1767673800,9000006,train,True,0.0,49.0,
9000006_1767674100,9000006,train,True,-21.0,-34.0,
9000006_1767674400,9000006,train,True,-48.0,17.0,
9000006_1767674700,9000006,train,True,-43.0,-7.0,
9000006_1767675000,9000006,train,True,-58.0,-21.0,
9000006_1767675300,9000006,train,True,-40.0,-48.0,
9000006_1767675600,9000006,train,True,16.0,-80.0,
9000006_1767675900,9000006,train,True,43.0,41.0,
9000006_1767676200,9000006,train,True,17.0,56.0,
9000006_1767676500,9000006,train,True,65.0,86.0,
9000006_1767676800,9000006,train,True,36.0,95.0,
9000006_1767677100,9000006,train,True,156.0,20.0,
9000006_1767677400,9000006,train,True,35.0,14.0,
9000006_1767677700,9000006,train,True,-22.0,103.0,
9000006_1767678000,9000006,train,True,138.0,83.0,
9000006_1767682200,9000006,train,True,-67.0,140.0,
9000006_1767682500,9000006,train,True,-57.0,140.0,
9000006_1767682800,9000006,train,True,17.0,140.0,
9000006_1767683100,9000006,train,True,39.0,-77.0,
9000006_1767683400,9000006,train,True,31.0,18.0,
9000006_1767683700,9000006,train,True,271.0,-18.0,
9000006_1767684000,9000006,train,True,164.0,53.0,
9000006_1767684300,9000006,train,True,131.0,162.0,
9000006_1767684600,9000006,train,True,93.0,198.0,
9000006_1767684900,9000006,train,True,160.0,107.0,
9000006_1767685200,9000006,train,True,80.0,88.0,
9000006_1767685500,9000006,train,True,142.0,166.0,
9000006_1767685800,9000006,train,True,131.0,106.0,
9000006_1767686400,9000006,train,True,-17.0,111.0,
9000006_1767686700,9000006,train,True,-43.0,131.0,
9000006_1767687000,9000006,train,True,4.0,131.0,
9000006_1767687300,9000006,train,True,52.0,-71.0,
9000006_1767687600,9000006,train,True,39.0,-55.0,
9000006_1767687900,9000006,train,True,135.0,-4.0,
9000006_1767688200,9000006,train,True,112.0,44.0,
9000006_1767688500,9000006,train,True,73.0,105.0,
9000006_1767688800,9000006,train,True,71.0,33.0,
9000006_1767689100,9000006,train,True,53.0,70.0,
9000006_1767689400,9000006,train,True,0.0,47.0,
9000006_1767689700,9000006,train,True,109.0,99.0,
9000006_1767690600,9000006,train,True,-35.0,192.0,
9000006_1767690900,9000006,train,True,-25.0,192.0,
9000006_1767691200,9000006,train,True,37.0,192.0,
9000006_1767691500,9000006,train,True,65.0,-70.0,
9000006_1767691800,9000006,train,True,106.0,14.0,
9000006_1767692100,9000006,train,True,80.0,54.0,
9000006_1767692400,9000006,train,True,72.0,91.0,
9000006_1767692700,9000006,train,True,96.0,121.0,
9000006_1767693000,9000006,train,True,0.0,96.0,
9000006_1767693300,9000006,train,True,136.0,83.0,
9000006_1767693600,9000006,train,True,29.0,70.0,
9000006_1767693900,9000006,train,True,101.0,78.0,
9000006_1767694200,9000006,train,True,67.0,101.0,
9000006_1767697200,9000006,train,True,-69.0,101.0,
9000006_1767697500,9000006,train,True,-119.0,101.0,
9000006_1767697800,9000006,train,True,37.0,101.0,
9000006_1767698100,9000006,train,True,89.0,-3.0,
9000006_1767698400,9000006,train,True,78.0,-7.0,
9000006_1767698700,9000006,train,True,190.0,108.0,
9000006_1767699000,9000006,train,True,129.0,103.0,
9000006_1767699300,9000006,train,True,48.0,188.0,
9000006_1767699600,9000006,train,True,31.0,102.0,
9000006_1767699900,9000006,train,True,34.0,126.0,
9000006_1767700200,9000006,train,True,-53.0,34.0,
9000006_1767700500,9000006,train,True,17.0,30.0,
9000006_1767700800,9000006,train,True,37.0,5.0,
9000006_1767701100,9000006,train,True,46.0,-17.0,
9000006_1767701700,9000006,train,True,-28.0,50.0,
9000006_1767702000,9000006,train,True,-34.0,46.0,
9000006_1767702300,9000006,train,True,113.0,46.0,
9000006_1767702600,9000006,train,True,133.0,-78.0,
9000006_1767702900,9000006,train,True,159.0,71.0,
9000006_1767703200,9000006,train,True,9.0,124.0,
9000006_1767703500,9000006,train,True,-3.0,113.0,
9000006_1767703800,9000006,train,True,-93.0,67.0,
9000006_1767704100,9000006,train,True,-71.0,-18.0,
9000006_1767704400,9000006,train,True,-23.0,-46.0,
9000006_1767704700,9000006,train,True,-100.0,-14.0,
9000006_1767705000,9000006,train,True,-85.0,-4.0,
9000006_1767705300,9000006,train,True,-104.0,-51.0,
9000006_1767705900,9000006,train,True,-99.0,-36.0,
9000006_1767706200,9000006,train,True,-198.0,-54.0,
9000006_1767706500,9000006,train,True,-166.0,-54.0,
9000006_1767706800,9000006,train,True,-162.0,-107.0,
9000006_1767707100,9000006,train,True,-121.0,-132.0,
9000006_1767707400,9000006,train,True,-15.0,-128.0,
9000006_1767707700,9000006,train,True,-74.0,-115.0,
9000006_1767708000,9000006,train,True,-48.0,7.0,
9000006_1767708300,9000006,train,True,-2.0,57.0,
9000006_1767708600,9000006,train,True,8.0,-70.0,
9000006_1767708900,9000006,train,True,-13.0,-61.0,
9000006_1767709200,9000006,train,True,-37.0,-32.0,
9000006_1767709500,9000006,train,True,38.0,45.0,
9000006_1767709800,9000006,train,True,16.0,-71.0,
9000006_1767710400,9000006,train,True,-118.0,-9.0,
9000006_1767710700,9000006,train,True,-136.0,16.0,
9000006_1767711000,9000006,train,True,-85.0,16.0,
9000006_1767711300,9000006,train,True,-139.0,-114.0,
9000006_1767711600,9000006,train,True,-2.0,-74.0,
9000006_1767711900,9000006,train,True,-130.0,-97.0,
9000006_1767712200,9000006,train,True,-157.0,-95.0,
9000006_1767712500,9000006,train,True,-158.0,-63.0,
9000006_1767712800,9000006,train,True,-212.0,-142.0,
9000006_1767713100,9000006,train,True,-93.0,-123.0,
9000006_1767713400,9000006,train,True,-133.0,-120.0,
9000006_1767713700,9000006,train,True,32.0,-74.0,
9000006_1767714000,9000006,train,True,4.0,-166.0,
9000006_1767714600,9000006,train,True,-110.0,64.0,
9000006_1767714900,9000006,train,True,-160.0,301.0,
9000006_1767715200,9000006,train,True,-44.0,301.0,
9000006_1767715500,9000006,train,True,-7.0,-114.0,
9000006_1767715800,9000006,train,True,16.0,-124.0,
9000006_1767716100,9000006,train,True,2.0,-18.0,
9000006_1767716400,9000006,train,True,-42.0,61.0,
9000006_1767716700,9000006,train,True,-106.0,81.0,
9000006_1767717000,9000006,train,True,-145.0,-3.0,
9000006_1767717300,9000006,train,True,-81.0,-62.0,
9000006_1767717600,9000006,train,True,-77.0,-97.0,
9000006_1767717900,9000006,train,True,-74.0,-101.0,
9000006_1767718200,9000006,train,True,1.0,18.0,
9000006_1767718500,9000006,train,True,12.0,-62.0,
9000006_1767719100,9000006,train,True,-87.0,299.0,
9000006_1767719400,9000006,train,True,-108.0,12.0,
9000006_1767719700,9000006,train,True,35.0,12.0,
9000006_1767720000,9000006,train,True,45.0,-151.0,
9000006_1767720300,9000006,train,True,104.0,1.0,
9000006_1767720600,9000006,train,True,0.0,47.0,
9000006_1767720900,9000006,train,True,-90.0,55.0,
9000006_1767721200,9000006,train,True,-76.0,23.0,
9000006_1767721500,9000006,train,True,-136.0,-39.0,
9000006_1767721800,9000006,train,True,-94.0,-151.0,
9000006_1767722100,9000006,train,True,-129.0,-85.0,
9000006_1767722400,9000006,train,True,-21.0,17.0,
9000006_1767722700,9000006,train,True,12.0,-138.0,
9000007_1767666000,9000007,train,True,-53.0,0.0,
9000007_1767666300,9000007,train,True,-50.0,0.0,
9000007_1767666600,9000007,train,True,-126.0,0.0,
9000007_1767666900,9000007,train,True,-84.0,-59.0,
9000007_1767667200,9000007,train,True,14.0,-35.0,
9000007_1767667500,9000007,train,True,46.0,-151.0,
9000007_1767667800,9000007,train,True,-19.0,-4.0,
9000007_1767668100,9000007,train,True,-88.0,44.0,
9000007_1767668400,9000007,train,True,17.0,10.0,
9000007_1767668700,9000007,train,True,-93.0,-22.0,
9000007_1767669000,9000007,train,True,-55.0,54.0,
9000007_1767669300,9000007,train,True,-24.0,-47.0,
9000007_1767669600,9000007,train,True,-66.0,-74.0,
9000007_1767669900,9000007,train,True,-39.0,-27.0,
9000007_1767670200,9000007,train,True,23.0,-36.0,
9000007_1767670500,9000007,train,True,22.0,-39.0,
9000007_1767670800,9000007,train,True,73.0,59.0,
9000007_1767671100,9000007,train,True,71.0,-19.0,
9000007_1767671400,9000007,train,True,31.0,52.0,
9000007_1767671700,9000007,train,True,13.0,65.0,
9000007_1767672000,9000007,train,True,47.0,65.0,
9000007_1767672300,9000007,train,True,-12.0,-22.0,
9000007_1767672600,9000007,train,True,14.0,23.0,
9000007_1767672900,9000007,train,True,8.0,20.0,
9000007_1767673500,9000007,train,True,-52.0,-7.0,
9000007_1767673800,9000007,train,True,-106.0,-9.0,
9000007_1767674100,9000007,train,True,0.0,-9.0,
9000007_1767674400,9000007,train,True,-46.0,-5.0,
9000007_1767674700,9000007,train,True,0.0,-63.0,
9000007_1767675000,9000007,train,True,66.0,-3.0,
9000007_1767675300,9000007,train,True,73.0,-1.0,
9000007_1767675600,9000007,train,True,83.0,31.0,
9000007_1767675900,9000007,train,True,-1.0,134.0,
9000007_1767676200,9000007,train,True,131.0,37.0,
9000007_1767676500,9000007,train,True,65.0,41.0,
9000007_1767676800,9000007,train,True,66.0,156.0,
9000007_1767677100,9000007,train,True,145.0,59.0,
9000007_1767681300,9000007,train,True,-39.0,128.0,
9000007_1767681600,9000007,train,True,-57.0,128.0,
9000007_1767681900,9000007,train,True,45.0,128.0,
9000007_1767682200,9000007,train,True,104.0,-3.0,
9000007_1767682500,9000007,train,True,100.0,48.0,
9000007_1767682800,9000007,train,True,281.0,66.0,
9000007_1767683100,9000007,train,True,209.0,25.0,
9000007_1767683400,9000007,train,True,44.0,136.0,
9000007_1767683700,9000007,train,True,152.0,173.0,
9000007_1767684000,9000007,train,True,95.0,67.0,
9000007_1767684300,9000007,train,True,93.0,85.0,
9000007_1767684600,9000007,train,True,147.0,150.0,
9000007_1767685200,9000007,train,True,-28.0,137.0,
9000007_1767685500,9000007,train,True,-16.0,111.0,
9000007_1767685800,9000007,train,True,-72.0,111.0,
9000007_1767686100,9000007,train,True,-69.0,-28.0,
9000007_1767686400,9000007,train,True,5.0,-103.0,
9000007_1767686700,9000007,train,True,92.0,-20.0,
9000007_1767687000,9000007,train,True,103.0,-9.0,
9000007_1767687300,9000007,train,True,85.0,42.0,
9000007_1767687600,9000007,train,True,69.0,180.0,
9000007_1767687900,9000007,train,True,71.0,138.0,
9000007_1767688200,9000007,train,True,46.0,34.0,
9000007_1767688500,9000007,train,True,0.0,92.0,
9000007_1767688800,9000007,train,True,242.0,108.0,
9000007_1767689700,9000007,train,True,-54.0,225.0,
9000007_1767690000,9000007,train,True,-62.0,225.0,
9000007_1767690300,9000007,train,True,74.0,225.0,
9000007_1767690600,9000007,train,True,28.0,-25.0,
9000007_1767690900,9000007,train,True,93.0,35.0,
9000007_1767691200,9000007,train,True,47.0,65.0,
9000007_1767691500,9000007,train,True,53.0,94.0,
9000007_1767691800,9000007,train,True,62.0,100.0,
9000007_1767692100,9000007,train,True,-16.0,95.0,
9000007_1767692400,9000007,train,True,74.0,42.0,
9000007_1767692700,9000007,train,True,7.0,64.0,
9000007_1767693000,9000007,train,True,87.0,157.0,
9000007_1767693300,9000007,train,True,53.0,48.0,
9000007_1767696300,9000007,train,True,-35.0,77.0,
9000007_1767696600,9000007,train,True,-88.0,77.0,
9000007_1767696900,9000007,train,True,87.0,77.0,
9000007_1767697200,9000007,train,True,99.0,-59.0,
9000007_1767697500,9000007,train,True,75.0,9.0,
9000007_1767697800,9000007,train,True,124.0,91.0,
9000007_1767698100,9000007,train,True,53.0,101.0,
9000007_1767698400,9000007,train,True,-26.0,164.0,
9000007_1767698700,9000007,train,True,13.0,120.0,
9000007_1767699000,9000007,train,True,2.0,56.0,
9000007_1767699300,9000007,train,True,-18.0,7.0,
9000007_1767699600,9000007,train,True,21.0,22.0,
9000007_1767699900,9000007,train,True,73.0,-3.0,
9000007_1767700500,9000007,train,True,-36.0,98.0,
9000007_1767700800,9000007,train,True,-40.0,88.0,
9000007_1767701100,9000007,train,True,-70.0,88.0,
9000007_1767701400,9000007,train,True,51.0,-36.0,
9000007_1767701700,9000007,train,True,117.0,-93.0,
9000007_1767702000,9000007,train,True,31.0,74.0,
9000007_1767702300,9000007,train,True,15.0,42.0,
9000007_1767702600,9000007,train,True,-6.0,134.0,
9000007_1767702900,9000007,train,True,-54.0,62.0,
9000007_1767703200,9000007,train,True,-72.0,-41.0,
9000007_1767703500,9000007,train,True,-38.0,-85.0,
9000007_1767703800,9000007,train,True,-65.0,-117.0,
9000007_1767704100,9000007,train,True,-87.0,-11.0,
9000007_1767704400,9000007,train,True,-97.0,-37.0,
9000007_1767705000,9000007,train,True,-80.0,-94.0,
9000007_1767705300,9000007,train,True,-144.0,-57.0,
9000007_1767705600,9000007,train,True,-123.0,-57.0,
9000007_1767705900,9000007,train,True,-123.0,-116.0,
9000007_1767706200,9000007,train,True,-92.0,-138.0,
9000007_1767706500,9000007,train,True,23.0,-160.0,
9000007_1767706800,9000007,train,True,-63.0,-77.0,
9000007_1767707100,9000007,train,True,-122.0,6.0,
9000007_1767707400,9000007,train,True,6.0,-32.0,
9000007_1767707700,9000007,train,True,57.0,-75.0,
9000007_1767708000,9000007,train,True,-11.0,-53.0,
9000007_1767708300,9000007,train,True,-4.0,-21.0,
9000007_1767708600,9000007,train,True,-2.0,-2.0,
9000007_1767709200,9000007,train,True,-120.0,30.0,
9000007_1767709500,9000007,train,True,-71.0,5.0,
9000007_1767709800,9000007,train,True,-136.0,5.0,
9000007_1767710100,9000007,train,True,-88.0,-120.0,
9000007_1767710400,9000007,train,True,-40.0,-92.0,
9000007_1767710700,9000007,train,True,-90.0,-92.0,
9000007_1767711000,9000007,train,True,-148.0,-67.0,
9000007_1767711300,9000007,train,True,-122.0,-9.0,
9000007_1767711600,9000007,train,True,-159.0,-78.0,
9000007_1767711900,9000007,train,True,-141.0,-152.0,
9000007_1767712200,9000007,train,True,-71.0,-156.0,
9000007_1767712500,9000007,train,True,-133.0,-202.0,
9000007_1767712800,9000007,train,True,10.0,-63.0,
9000007_1767713100,9000007,train,True,299.0,-142.0,
9000007_1767713700,9000007,train,True,-108.0,24.0,
9000007_1767714000,9000007,train,True,-185.0,293.0,
9000007_1767714300,9000007,train,True,5.0,293.0,
9000007_1767714600,9000007,train,True,15.0,-114.0,
9000007_1767714900,9000007,train,True,23.0,0.0,
9000007_1767715200,9000007,train,True,24.0,-53.0,
9000007_1767715500,9000007,train,True,-96.0,31.0,
9000007_1767715800,9000007,train,True,-129.0,53.0,
9000007_1767716100,9000007,train,True,-153.0,-42.0,
9000007_1767716400,9000007,train,True,-79.0,-134.0,
9000007_1767716700,9000007,train,True,-13.0,-155.0,
9000007_1767717000,9000007,train,True,-56.0,-67.0,
9000007_1767717300,9000007,train,True,22.0,12.0,
9000007_1767717900,9000007,train,True,-119.0,21.0,
9000007_1767718200,9000007,train,True,-125.0,8.0,
9000007_1767718500,9000007,train,True,-101.0,8.0,
9000007_1767718800,9000007,train,True,22.0,-119.0,
9000007_1767719100,9000007,train,True,54.0,-111.0,
9000007_1767719400,9000007,train,True,27.0,20.0,
9000007_1767719700,9000007,train,True,16.0,62.0,
9000007_1767720000,9000007,train,True,-64.0,81.0,
9000007_1767720300,9000007,train,True,-162.0,55.0,
9000007_1767720600,9000007,train,True,-88.0,-29.0,
9000007_1767720900,9000007,train,True,-60.0,-141.0,
9000007_1767721200,9000007,train,True,-119.0,-116.0,
9000007_1767721500,9000007,train,True,18.0,-61.0,
9000007_1767721800,9000007,train,True,44.0,-96.0,
9000008_1767731700,9000008,train,True,85.0,0.0,
9000008_1767732000,9000008,train,True,85.0,0.0,
9000008_1767732300,9000008,train,True,-4.0,0.0,
9000008_1767732600,9000008,train,True,104.0,118.0,
9000008_1767732900,9000008,train,True,57.0,86.0,
9000008_1767733200,9000008,train,True,190.0,43.0,
9000008_1767733500,9000008,train,True,175.0,28.0,
9000008_1767733800,9000008,train,True,173.0,211.0,
9000008_1767734100,9000008,train,True,195.0,123.0,
9000008_1767734400,9000008,train,True,205.0,184.0,
9000008_1767734700,9000008,train,True,122.0,213.0,
9000008_1767735000,9000008,train,True,60.0,219.0,
9000008_1767735300,9000008,train,True,159.0,205.0,
9000008_1767735600,9000008,train,True,131.0,153.0,
9000008_1767736200,9000008,train,True,-7.0,204.0,
9000008_1767736500,9000008,train,True,-16.0,158.0,
9000008_1767736800,9000008,train,True,2.0,158.0,
9000008_1767737100,9000008,train,True,11.0,20.0,
9000008_1767737400,9000008,train,True,-8.0,-3.0,
9000008_1767737700,9000008,train,True,1.0,34.0,
9000008_1767738000,9000008,train,True,23.0,-12.0,
9000008_1767738300,9000008,train,True,-17.0,-28.0,
9000008_1767738600,9000008,train,True,-36.0,1.0,
9000008_1767738900,9000008,train,True,-7.0,8.0,
9000008_1767739200,9000008,train,True,-5.0,24.0,
9000008_1767739500,9000008,train,True,-2.0,27.0,
9000008_1767739800,9000008,train,True,-15.0,36.0,
9000008_1767740100,9000008,train,True,12.0,36.0,
9000008_1767740400,9000008,train,True,-21.0,9.0,
9000008_1767742200,9000008,train,True,9.0,-21.0,
9000008_1767742500,9000008,train,True,6.0,-21.0,
9000008_1767742800,9000008,train,True,4.0,-21.0,
9000008_1767743100,9000008,train,True,37.0,0.0,
9000008_1767743400,9000008,train,True,13.0,16.0,
9000008_1767743700,9000008,train,True,-27.0,-6.0,
9000008_1767744000,9000008,train,True,11.0,35.0,
9000008_1767744300,9000008,train,True,9.0,-2.0,
9000008_1767744600,9000008,train,True,23.0,-1.0,
9000008_1767744900,9000008,train,True,-5.0,-46.0,
9000008_1767745200,9000008,train,True,4.0,-24.0,
9000009_1767729600,9000009,train,True,67.0,0.0,
9000009_1767729900,9000009,train,True,95.0,0.0,
9000009_1767730200,9000009,train,True,41.0,0.0,
9000009_1767730500,9000009,train,True,10.0,58.0,
9000009_1767730800,9000009,train,True,39.0,64.0,
9000009_1767731100,9000009,train,True,176.0,-2.0,
9000009_1767731400,9000009,train,True,165.0,55.0,
9000009_1767731700,9000009,train,True,152.0,61.0,
9000009_1767732000,9000009,train,True,157.0,245.0,
9000009_1767732300,9000009,train,True,202.0,144.0,
9000009_1767732600,9000009,train,True,141.0,251.0,
9000009_1767732900,9000009,train,True,111.0,181.0,
9000009_1767733200,9000009,train,True,170.0,207.0,
9000009_1767733500,9000009,train,True,164.0,107.0,
9000009_1767733800,9000009,train,True,172.0,81.0,
9000009_1767734100,9000009,train,True,-9.0,179.0,
9000009_1767734400,9000009,train,True,21.0,119.0,
9000009_1767734700,9000009,train,True,-17.0,157.0,
9000009_1767735000,9000009,train,True,9.0,30.0,
9000009_1767735300,9000009,train,True,-2.0,-22.0,
9000009_1767735600,9000009,train,True,21.0,2.0,
9000009_1767735900,9000009,train,True,-7.0,9.0,
9000009_1767736200,9000009,train,True,-22.0,-34.0,
9000009_1767736500,9000009,train,True,-31.0,21.0,
9000009_1767736800,9000009,train,True,-30.0,0.0,
9000009_1767737100,9000009,train,True,-6.0,-16.0,
9000009_1767737400,9000009,train,True,-24.0,8.0,
9000009_1767737700,9000009,train,True,7.0,-22.0,
9000009_1767738000,9000009,train,True,-22.0,0.0,
9000009_1767738300,9000009,train,True,17.0,-26.0,
9000009_1767740100,9000009,train,True,-6.0,-2.0,
9000009_1767740400,9000009,train,True,34.0,-2.0,
9000009_1767740700,9000009,train,True,-26.0,-2.0,
9000009_1767741000,9000009,train,True,26.0,7.0,
9000009_1767741300,9000009,train,True,17.0,-20.0,
9000009_1767741600,9000009,train,True,5.0,16.0,
9000009_1767741900,9000009,train,True,13.0,-7.0,
9000009_1767742200,9000009,train,True,14.0,-16.0,
9000009_1767742500,9000009,train,True,20.0,5.0,
9000009_1767742800,9000009,train,True,-12.0,-3.0,
9000009_1767743100,9000009,train,True,-57.0,24.0,
9000010_1767674400,9000010,train,True,-2.0,0.0,
9000010_1767674700,9000010,train,True,98.0,0.0,
9000010_1767675000,9000010,train,True,46.0,0.0,
9000010_1767675300,9000010,train,True,1.0,26.0,
9000010_1767675600,9000010,train,True,24.0,63.0,
9000010_1767675900,9000010,train,True,212.0,-9.0,
9000010_1767676200,9000010,train,True,125.0,20.0,
9000010_1767676500,9000010,train,True,212.0,248.0,
9000010_1767676800,9000010,train,True,259.0,151.0,
9000010_1767677700,9000010,train,True,17.0,259.0,
9000010_1767678000,9000010,train,True,52.0,259.0,
9000010_1767678300,9000010,train,True,25.0,259.0,
9000010_1767678600,9000010,train,True,-14.0,71.0,
9000010_1767678900,9000010,train,True,62.0,79.0,
9000010_1767679200,9000010,train,True,4.0,-35.0,
9000010_1767679500,9000010,train,True,-146.0,75.0,
9000010_1767679800,9000010,train,True,-95.0,8.0,
9000010_1767680100,9000010,train,True,-136.0,-43.0,
9000010_1767681300,9000010,train,True,31.0,-26.0,
9000010_1767681600,9000010,train,True,-20.0,-26.0,
9000010_1767681900,9000010,train,True,-20.0,-26.0,
9000010_1767682200,9000010,train,True,-45.0,18.0,
9000010_1767682500,9000010,train,True,-11.0,6.0,
9000010_1767682800,9000010,train,True,-26.0,-11.0,
9000010_1767683100,9000010,train,True,-7.0,9.0,
9000010_1767683400,9000010,train,True,20.0,13.0,
9000010_1767686100,9000010,train,True,29.0,24.0,
9000010_1767686400,9000010,train,True,38.0,24.0,
9000010_1767686700,9000010,train,True,124.0,24.0,
9000010_1767687000,9000010,train,True,99.0,40.0,
9000010_1767687300,9000010,train,True,258.0,74.0,
9000010_1767687600,9000010,train,True,85.0,93.0,
9000010_1767687900,9000010,train,True,157.0,173.0,
9000010_1767688200,9000010,train,True,128.0,142.0,
9000010_1767688500,9000010,train,True,7.0,182.0,
9000010_1767690000,9000010,train,True,19.0,80.0,
9000010_1767690300,9000010,train,True,-92.0,80.0,
9000010_1767690600,9000010,train,True,-82.0,80.0,
9000010_1767690900,9000010,train,True,-78.0,-21.0,
9000010_1767691200,9000010,train,True,99.0,-111.0,
9000010_1767691500,9000010,train,True,15.0,-133.0,
9000010_1767691800,9000010,train,True,37.0,46.0,
9000010_1767692100,9000010,train,True,52.0,32.0,
9000010_1767692400,9000010,train,True,34.0,69.0,
9000010_1767692700,9000010,train,True,8.0,59.0,
9000010_1767693000,9000010,train,True,-17.0,62.0,
9000010_1767693300,9000010,train,True,-4.0,34.0,
9000010_1767693600,9000010,train,True,5.0,8.0,
9000010_1767693900,9000010,train,True,-16.0,59.0,
9000010_1767694200,9000010,train,True,2.0,2.0,
9000010_1767694500,9000010,train,True,3.0,-5.0,
9000010_1767694800,9000010,train,True,-4.0,15.0,
9000010_1767695100,9000010,train,True,-29.0,-12.0,
9000010_1767695400,9000010,train,True,-19.0,5.0,
9000010_1767696600,9000010,train,True,-69.0,33.0,
9000010_1767696900,9000010,train,True,-4.0,33.0,
9000010_1767697200,9000010,train,True,30.0,33.0,
9000010_1767697500,9000010,train,True,10.0,41.0,
9000010_1767697800,9000010,train,True,-50.0,-20.0,
9000010_1767698100,9000010,train,True,89.0,13.0,
9000010_1767698400,9000010,train,True,-40.0,21.0,
9000010_1767698700,9000010,train,True,34.0,10.0,
9000010_1767699000,9000010,train,True,0.0,45.0,
9000010_1767699300,9000010,train,True,-41.0,61.0,
9000010_1767714300,9000010,train,True,25.0,-41.0,
9000010_1767714600,9000010,train,True,-63.0,-41.0,
9000010_1767714900,9000010,train,True,-53.0,-41.0,
9000010_1767715200,9000010,train,True,-51.0,-58.0,
9000010_1767715500,9000010,train,True,-29.0,-138.0,
9000010_1767715800,9000010,train,True,-21.0,-128.0,
9000010_1767716100,9000010,train,True,-41.0,-69.0,
9000010_1767716400,9000010,train,True,-85.0,-57.0,
9000010_1767716700,9000010,train,True,-143.0,-30.0,
9000010_1767717900,9000010,train,True,109.0,-86.0,
9000010_1767718200,9000010,train,True,86.0,-86.0,
9000010_1767718500,9000010,train,True,-37.0,-86.0,
9000010_1767718800,9000010,train,True,-45.0,-63.0,
9000010_1767719100,9000010,train,True,-87.0,-49.0,
9000010_1767719400,9000010,train,True,-51.0,-40.0,
9000010_1767719700,9000010,train,True,-86.0,-13.0,
9000010_1767720000,9000010,train,True,-39.0,-54.0,
9000010_1767720300,9000010,train,True,-46.0,-121.0,
9000010_1767720600,9000010,train,True,108.0,-47.0,
9000010_1767720900,9000010,train,True,133.0,4.0,
9000010_1767721200,9000010,train,True,75.0,-28.0,
9000010_1767721500,9000010,train,True,105.0,108.0,
9000010_1767721800,9000010,train,True,-4.0,169.0,
9000010_1767722100,9000010,train,True,70.0,149.0,
9000010_1767722400,9000010,train,True,-137.0,36.0,
9000010_1767722700,9000010,train,True,-54.0,76.0,
9000010_1767723000,9000010,train,True,-102.0,-87.0,
9000010_1767723300,9000010,train,True,-167.0,-89.0,
9000011_1767675000,9000011,train,True,-34.0,0.0,
9000011_1767675300,9000011,train,True,41.0,0.0,
9000011_1767675600,9000011,train,True,15.0,0.0,
9000011_1767675900,9000011,train,True,12.0,39.0,
9000011_1767676200,9000011,train,True,132.0,28.0,
9000011_1767676500,9000011,train,True,145.0,-5.0,
9000011_1767676800,9000011,train,True,211.0,155.0,
9000011_1767677100,9000011,train,True,256.0,238.0,
9000011_1767678000,9000011,train,True,36.0,202.0,
9000011_1767678300,9000011,train,True,37.0,202.0,
9000011_1767678600,9000011,train,True,40.0,202.0,
9000011_1767678900,9000011,train,True,-57.0,28.0,
9000011_1767679200,9000011,train,True,50.0,62.0,
9000011_1767679500,9000011,train,True,-29.0,-3.0,
9000011_1767679800,9000011,train,True,-97.0,34.0,
9000011_1767680100,9000011,train,True,-34.0,-59.0,
9000011_1767680400,9000011,train,True,-185.0,-17.0,
9000011_1767681600,9000011,train,True,-27.0,-60.0,
9000011_1767681900,9000011,train,True,-14.0,-60.0,
9000011_1767682200,9000011,train,True,9.0,-60.0,
9000011_1767682500,9000011,train,True,-28.0,15.0,
9000011_1767682800,9000011,train,True,7.0,-1.0,
9000011_1767683100,9000011,train,True,12.0,3.0,
9000011_1767683400,9000011,train,True,4.0,-12.0,
9000011_1767683700,9000011,train,True,3.0,-27.0,
9000011_1767686400,9000011,train,True,29.0,-4.0,
9000011_1767686700,9000011,train,True,51.0,-4.0,
9000011_1767687000,9000011,train,True,55.0,-4.0,
9000011_1767687300,9000011,train,True,157.0,-10.0,
9000011_1767687600,9000011,train,True,176.0,60.0,
9000011_1767687900,9000011,train,True,124.0,149.0,
9000011_1767688200,9000011,train,True,170.0,184.0,
9000011_1767688500,9000011,train,True,132.0,243.0,
9000011_1767688800,9000011,train,True,-20.0,138.0,
9000011_1767690300,9000011,train,True,59.0,29.0,
9000011_1767690600,9000011,train,True,-35.0,29.0,
9000011_1767690900,9000011,train,True,-93.0,29.0,
9000011_1767691200,9000011,train,True,-165.0,-5.0,
9000011_1767691500,9000011,train,True,58.0,-133.0,
9000011_1767691800,9000011,train,True,47.0,-61.0,
9000011_1767692100,9000011,train,True,53.0,33.0,
9000011_1767692400,9000011,train,True,19.0,35.0,
9000011_1767692700,9000011,train,True,42.0,47.0,
9000011_1767693300,9000011,train,True,-33.0,77.0,
9000011_1767693600,9000011,train,True,-36.0,42.0,
9000011_1767693900,9000011,train,True,11.0,42.0,
9000011_1767694200,9000011,train,True,0.0,-11.0,
9000011_1767694500,9000011,train,True,-3.0,-5.0,
9000011_1767694800,9000011,train,True,21.0,0.0,
9000011_1767695100,9000011,train,True,-17.0,15.0,
9000011_1767695400,9000011,train,True,-14.0,13.0,
9000011_1767695700,9000011,train,True,15.0,-3.0,
9000011_1767697200,9000011,train,True,-30.0,-5.0,
9000011_1767697500,9000011,train,True,0.0,-5.0,
9000011_1767697800,9000011,train,True,33.0,-5.0,
9000011_1767698100,9000011,train,True,8.0,43.0,
9000011_1767698400,9000011,train,True,78.0,22.0,
9000011_1767698700,9000011,train,True,45.0,-40.0,
9000011_1767699000,9000011,train,True,51.0,0.0,
9000011_1767699300,9000011,train,True,60.0,42.0,
9000011_1767699600,9000011,train,True,-44.0,38.0,
9000011_1767714600,9000011,train,True,-9.0,-44.0,
9000011_1767714900,9000011,train,True,-78.0,-44.0,
9000011_1767715200,9000011,train,True,-81.0,-44.0,
9000011_1767715500,9000011,train,True,-135.0,-74.0,
9000011_1767715800,9000011,train,True,-47.0,-95.0,
9000011_1767716100,9000011,train,True,-43.0,-106.0,
9000011_1767716400,9000011,train,True,-8.0,-45.0,
9000011_1767716700,9000011,train,True,-27.0,-23.0,
9000011_1767717000,9000011,train,True,-132.0,26.0,
9000011_1767718200,9000011,train,True,112.0,-90.0,
9000011_1767718500,9000011,train,True,76.0,-90.0,
9000011_1767718800,9000011,train,True,-14.0,-90.0,
9000011_1767719100,9000011,train,True,-68.0,-73.0,
9000011_1767719400,9000011,train,True,-70.0,12.0,
9000011_1767719700,9000011,train,True,0.0,-26.0,
9000011_1767720000,9000011,train,True,-70.0,-43.0,
9000011_1767720300,9000011,train,True,3.0,-50.0,
9000011_1767720600,9000011,train,True,-45.0,-106.0,
9000011_1767720900,9000011,train,True,-94.0,-65.0,
9000011_1767721200,9000011,train,True,109.0,-25.0,
9000011_1767721500,9000011,train,True,178.0,-94.0,
9000011_1767721800,9000011,train,True,134.0,-94.0,
9000011_1767722100,9000011,train,True,-28.0,123.0,
9000011_1767722400,9000011,train,True,63.0,57.0,
9000011_1767722700,9000011,train,True,-97.0,-4.0,
9000011_1767723000,9000011,train,True,-102.0,90.0,
9000011_1767723300,9000011,train,True,-45.0,-57.0,
9000011_1767723600,9000011,train,True,-138.0,-122.0,
9000012_1767668700,9000012,train,True,85.0,0.0,
9000012_1767669000,9000012,train,True,226.0,0.0,
9000012_1767669300,9000012,train,True,232.0,0.0,
9000012_1767669600,9000012,train,True,294.0,158.0,
9000012_1767669900,9000012,train,True,229.0,179.0,
9000012_1767670200,9000012,train,True,308.0,373.0,
9000012_1767670500,9000012,train,True,394.0,295.0,
9000012_1767670800,9000012,train,True,367.0,206.0,
9000012_1767671100,9000012,train,True,276.0,394.0,
9000012_1767671400,9000012,train,True,316.0,377.0,
9000012_1767672300,9000012,train,True,69.0,259.0,
9000012_1767672600,9000012,train,True,154.0,259.0,
9000012_1767672900,9000012,train,True,230.0,259.0,
9000012_1767673200,9000012,train,True,263.0,57.0,
9000012_1767673500,9000012,train,True,74.0,146.0,
9000012_1767673800,9000012,train,True,3.0,217.0,
9000012_1767674100,9000012,train,True,29.0,218.0,
9000012_1767674400,9000012,train,True,-39.0,25.0,
9000012_1767674700,9000012,train,True,0.0,-29.0,
9000012_1767675000,9000012,train,True,49.0,-57.0,
9000012_1767675300,9000012,train,True,-67.0,34.0,
9000012_1767675600,9000012,train,True,104.0,-19.0,
9000012_1767675900,9000012,train,True,123.0,-73.0,
9000012_1767676200,9000012,train,True,119.0,-106.0,
9000012_1767676500,9000012,train,True,181.0,104.0,
9000012_1767676800,9000012,train,True,51.0,96.0,
9000012_1767677400,9000012,train,True,-63.0,165.0,
9000012_1767677700,9000012,train,True,-41.0,118.0,
9000012_1767678000,9000012,train,True,-3.0,118.0,
9000012_1767678300,9000012,train,True,90.0,-114.0,
9000012_1767678600,9000012,train,True,24.0,-11.0,
9000012_1767678900,9000012,train,True,49.0,113.0,
9000012_1767679200,9000012,train,True,-4.0,1.0,
9000012_1767683400,9000012,train,True,17.0,27.0,
9000012_1767683700,9000012,train,True,27.0,27.0,
9000012_1767684000,9000012,train,True,60.0,27.0,
9000012_1767684300,9000012,train,True,-10.0,79.0,
9000012_1767684600,9000012,train,True,-73.0,12.0,
9000012_1767684900,9000012,train,True,-178.0,8.0,
9000012_1767685200,9000012,train,True,-162.0,-21.0,
9000012_1767685500,9000012,train,True,-77.0,-55.0,
9000012_1767685800,9000012,train,True,-86.0,-178.0,
9000012_1767686100,9000012,train,True,-74.0,-185.0,
9000012_1767686400,9000012,train,True,-90.0,-30.0,
9000012_1767686700,9000012,train,True,-65.0,-2.0,
9000012_1767690000,9000012,train,True,20.0,-143.0,
9000012_1767690300,9000012,train,True,4.0,-143.0,
9000012_1767690600,9000012,train,True,60.0,-143.0,
9000012_1767690900,9000012,train,True,-81.0,13.0,
9000012_1767691200,9000012,train,True,-41.0,3.0,
9000012_1767691500,9000012,train,True,-220.0,52.0,
9000012_1767691800,9000012,train,True,-279.0,-46.0,
9000012_1767692100,9000012,train,True,-30.0,-41.0,
9000012_1767692400,9000012,train,True,-7.0,-205.0,
9000012_1767692700,9000012,train,True,-62.0,-45.0,
9000012_1767693000,9000012,train,True,-84.0,-60.0,
9000012_1767693300,9000012,train,True,-97.0,-12.0,
9000012_1767699600,9000012,train,True,34.0,-63.0,
9000012_1767699900,9000012,train,True,85.0,-63.0,
9000012_1767700200,9000012,train,True,24.0,-63.0,
9000012_1767700500,9000012,train,True,123.0,34.0,
9000012_1767700800,9000012,train,True,0.0,36.0,
9000012_1767701100,9000012,train,True,3.0,133.0,
9000012_1767701400,9000012,train,True,-30.0,89.0,
9000012_1767701700,9000012,train,True,-72.0,10.0,
9000012_1767702000,9000012,train,True,-13.0,3.0,
9000012_1767702300,9000012,train,True,-131.0,-51.0,
9000012_1767702600,9000012,train,True,-130.0,-33.0,
9000012_1767702900,9000012,train,True,-115.0,15.0,
9000012_1767703200,9000012,train,True,-228.0,-131.0,
9000012_1767704700,9000012,train,True,23.0,-228.0,
9000012_1767705000,9000012,train,True,-1.0,-228.0,
9000012_1767705300,9000012,train,True,83.0,-228.0,
9000012_1767705600,9000012,train,True,167.0,23.0,
9000012_1767705900,9000012,train,True,95.0,61.0,
9000012_1767706500,9000012,train,True,-7.0,178.0,
9000012_1767706800,9000012,train,True,-27.0,63.0,
9000012_1767707100,9000012,train,True,15.0,63.0,
9000012_1767707400,9000012,train,True,59.0,-23.0,
9000012_1767707700,9000012,train,True,57.0,23.0,
9000012_1767708000,9000012,train,True,106.0,115.0,
9000012_1767708300,9000012,train,True,29.0,55.0,
9000012_1767710100,9000012,train,True,40.0,55.0,
9000012_1767710400,9000012,train,True,69.0,55.0,
9000012_1767710700,9000012,train,True,144.0,55.0,
9000012_1767711000,9000012,train,True,88.0,40.0,
9000012_1767711300,9000012,train,True,85.0,110.0,
9000012_1767711900,9000012,train,True,-51.0,135.0,
9000012_1767712200,9000012,train,True,-118.0,45.0,
9000012_1767712500,9000012,train,True,-31.0,45.0,
9000012_1767712800,9000012,train,True,-29.0,-66.0,
9000012_1767713100,9000012,train,True,-108.0,-68.0,
9000012_1767713400,9000012,train,True,-60.0,-29.0,
9000012_1767713700,9000012,train,True,-125.0,-96.0,
9000012_1767714900,9000012,train,True,1.0,-68.0,
9000012_1767715200,9000012,train,True,-1.0,-68.0,
9000012_1767715500,9000012,train,True,17.0,-68.0,
9000012_1767715800,9000012,train,True,46.0,1.0,
9000012_1767716100,9000012,train,True,13.0,54.0,
9000012_1767716700,9000012,train,True,-110.0,69.0,
9000012_1767717000,9000012,train,True,-74.0,-21.0,
9000012_1767717300,9000012,train,True,-49.0,-21.0,
9000012_1767717600,9000012,train,True,0.0,-78.0,
9000012_1767717900,9000012,train,True,-60.0,-37.0,
9000012_1767718200,9000012,train,True,-65.0,-9.0,
9000012_1767718500,9000012,train,True,-154.0,-94.0,
9000012_1767723600,9000012,train,True,49.0,-140.0,
9000012_1767723900,9000012,train,True,106.0,-140.0,
9000012_1767724200,9000012,train,True,250.0,-140.0,
9000012_1767724500,9000012,train,True,341.0,119.0,
9000012_1767724800,9000012,train,True,316.0,258.0,
9000012_1767725100,9000012,train,True,318.0,357.0,
9000012_1767725400,9000012,train,True,333.0,341.0,
9000012_1767725700,9000012,train,True,372.0,208.0,
9000012_1767726000,9000012,train,True,395.0,292.0,
9000012_1767728700,9000012,train,True,-3.0,306.0,
9000012_1767729000,9000012,train,True,35.0,306.0,
9000012_1767729300,9000012,train,True,260.0,306.0,
9000012_1767729600,9000012,train,True,392.0,53.0,
9000012_1767729900,9000012,train,True,364.0,233.0,
9000012_1767730200,9000012,train,True,432.0,336.0,
9000012_1767730500,9000012,train,True,521.0,392.0,
9000012_1767730800,9000012,train,True,526.0,348.0,
9000012_1767731100,9000012,train,True,540.0,548.0,
9000012_1767733800,9000012,train,True,52.0,629.0,
9000012_1767734100,9000012,train,True,16.0,629.0,
9000012_1767734400,9000012,train,True,-32.0,629.0,
9000012_1767734700,9000012,train,True,8.0,17.0,
9000012_1767735000,9000012,train,True,-38.0,23.0,
9000012_1767735300,9000012,train,True,-47.0,53.0,
9000012_1767735600,9000012,train,True,10.0,8.0,
9000012_1767735900,9000012,train,True,25.0,-65.0,
9000012_1767736200,9000012,train,True,41.0,32.0,
9000013_1767666900,9000013,train,True,49.0,0.0,
9000013_1767667200,9000013,train,True,147.0,0.0,
9000013_1767667500,9000013,train,True,214.0,0.0,
9000013_1767667800,9000013,train,True,335.0,50.0,
9000013_1767668100,9000013,train,True,305.0,193.0,
9000013_1767668400,9000013,train,True,234.0,275.0,
9000013_1767668700,9000013,train,True,416.0,372.0,
9000013_1767669000,9000013,train,True,390.0,227.0,
9000013_1767669300,9000013,train,True,276.0,396.0,
9000013_1767669600,9000013,train,True,254.0,384.0,
9000013_1767670500,9000013,train,True,96.0,288.0,
9000013_1767670800,9000013,train,True,72.0,288.0,
9000013_1767671100,9000013,train,True,186.0,288.0,
9000013_1767671400,9000013,train,True,230.0,59.0,
9000013_1767671700,9000013,train,True,61.0,132.0,
9000013_1767672000,9000013,train,True,29.0,176.0,
9000013_1767672300,9000013,train,True,-36.0,272.0,
9000013_1767672600,9000013,train,True,-26.0,61.0,
9000013_1767672900,9000013,train,True,30.0,4.0,
9000013_1767673200,9000013,train,True,-27.0,19.0,
9000013_1767673500,9000013,train,True,-58.0,41.0,
9000013_1767673800,9000013,train,True,-76.0,30.0,
9000013_1767674100,9000013,train,True,111.0,-52.0,
9000013_1767674400,9000013,train,True,116.0,-120.0,
9000013_1767674700,9000013,train,True,145.0,-76.0,
9000013_1767675000,9000013,train,True,60.0,129.0,
9000013_1767675300,9000013,train,True,83.0,131.0,
9000013_1767675600,9000013,train,True,-53.0,158.0,
9000013_1767675900,9000013,train,True,-84.0,87.0,
9000013_1767676200,9000013,train,True,-16.0,75.0,
9000013_1767676500,9000013,train,True,80.0,-58.0,
9000013_1767676800,9000013,train,True,33.0,-56.0,
9000013_1767677100,9000013,train,True,79.0,87.0,
9000013_1767677400,9000013,train,True,30.0,144.0,
9000013_1767681600,9000013,train,True,30.0,12.0,
9000013_1767681900,9000013,train,True,53.0,12.0,
9000013_1767682200,9000013,train,True,15.0,12.0,
9000013_1767682500,9000013,train,True,28.0,30.0,
9000013_1767682800,9000013,train,True,-53.0,12.0,
9000013_1767683400,9000013,train,True,-195.0,21.0,
9000013_1767683700,9000013,train,True,-92.0,-38.0,
9000013_1767684000,9000013,train,True,-80.0,-38.0,
9000013_1767684300,9000013,train,True,0.0,-206.0,
9000013_1767684600,9000013,train,True,-46.0,-30.0,
9000013_1767684900,9000013,train,True,-130.0,55.0,
9000013_1767685200,9000013,train,True,-146.0,-77.0,
9000013_1767688200,9000013,train,True,-12.0,-113.0,
9000013_1767688500,9000013,train,True,21.0,-113.0,
9000013_1767688800,9000013,train,True,-33.0,-113.0,
9000013_1767689100,9000013,train,True,-30.0,17.0,
9000013_1767689400,9000013,train,True,-39.0,-1.0,
9000013_1767689700,9000013,train,True,-206.0,5.0,
9000013_1767690000,9000013,train,True,-197.0,-52.0,
9000013_1767690300,9000013,train,True,-180.0,-42.0,
9000013_1767690600,9000013,train,True,-18.0,-206.0,
9000013_1767690900,9000013,train,True,-65.0,-233.0,
9000013_1767691200,9000013,train,True,-81.0,-50.0,
9000013_1767691500,9000013,train,True,-3.0,-66.0,
9000013_1767698100,9000013,train,True,5.0,-74.0,
9000013_1767698400,9000013,train,True,72.0,-74.0,
9000013_1767698700,9000013,train,True,106.0,-74.0,
9000013_1767699000,9000013,train,True,20.0,54.0,
9000013_1767699300,9000013,train,True,29.0,76.0,
9000013_1767699600,9000013,train,True,-31.0,129.0,
9000013_1767699900,9000013,train,True,-13.0,6.0,
9000013_1767700200,9000013,train,True,-39.0,29.0,
9000013_1767700500,9000013,train,True,-54.0,24.0,
9000013_1767700800,9000013,train,True,-101.0,2.0,
9000013_1767701100,9000013,train,True,-142.0,-28.0,
9000013_1767701400,9000013,train,True,-215.0,-27.0,
9000013_1767703200,9000013,train,True,3.0,-196.0,
9000013_1767703500,9000013,train,True,94.0,-196.0,
9000013_1767703800,9000013,train,True,87.0,-196.0,
9000013_1767704100,9000013,train,True,75.0,99.0,
9000013_1767704400,9000013,train,True,75.0,63.0,
9000013_1767704700,9000013,train,True,2.0,188.0,
9000013_1767705000,9000013,train,True,-10.0,120.0,
9000013_1767705300,9000013,train,True,-43.0,42.0,
9000013_1767705600,9000013,train,True,81.0,-14.0,
9000013_1767705900,9000013,train,True,37.0,-52.0,
9000013_1767706200,9000013,train,True,106.0,93.0,
9000013_1767706500,9000013,train,True,54.0,99.0,
9000013_1767708600,9000013,train,True,74.0,63.0,
9000013_1767708900,9000013,train,True,103.0,63.0,
9000013_1767709200,9000013,train,True,130.0,63.0,
9000013_1767709500,9000013,train,True,75.0,110.0,
9000013_1767709800,9000013,train,True,52.0,87.0,
9000013_1767710100,9000013,train,True,-106.0,110.0,
9000013_1767710400,9000013,train,True,-99.0,41.0,
9000013_1767710700,9000013,train,True,-72.0,32.0,
9000013_1767711000,9000013,train,True,-16.0,-102.0,
9000013_1767711300,9000013,train,True,-74.0,-158.0,
9000013_1767711600,9000013,train,True,-5.0,-157.0,
9000013_1767711900,9000013,train,True,-68.0,-21.0,
9000013_1767713400,9000013,train,True,14.0,-95.0,
9000013_1767713700,9000013,train,True,12.0,-95.0,
9000013_1767714000,9000013,train,True,59.0,-95.0,
9000013_1767714300,9000013,train,True,-12.0,91.0,
9000013_1767714600,9000013,train,True,32.0,62.0,
9000013_1767714900,9000013,train,True,-139.0,55.0,
9000013_1767715200,9000013,train,True,-102.0,-2.0,
9000013_1767715500,9000013,train,True,-46.0,3.0,
9000013_1767715800,9000013,train,True,-8.0,-132.0,
9000013_1767716100,9000013,train,True,-83.0,-75.0,
9000013_1767716400,9000013,train,True,-42.0,-4.0,
9000013_1767716700,9000013,train,True,-141.0,26.0,
9000013_1767721800,9000013,train,True,0.0,-138.0,
9000013_1767722100,9000013,train,True,91.0,-138.0,
9000013_1767722400,9000013,train,True,136.0,-138.0,
9000013_1767722700,9000013,train,True,372.0,50.0,
9000013_1767723000,9000013,train,True,302.0,167.0,
9000013_1767723300,9000013,train,True,217.0,319.0,
9000013_1767723600,9000013,train,True,257.0,303.0,
9000013_1767723900,9000013,train,True,295.0,286.0,
9000013_1767724200,9000013,train,True,391.0,292.0,
9000013_1767724500,9000013,train,True,415.0,327.0,
9000013_1767726900,9000013,train,True,0.0,371.0,
9000013_1767727200,9000013,train,True,5.0,371.0,
9000013_1767727500,9000013,train,True,219.0,371.0,
9000013_1767727800,9000013,train,True,386.0,-28.0,
9000013_1767728100,9000013,train,True,354.0,141.0,
9000013_1767728400,9000013,train,True,375.0,361.0,
9000013_1767728700,9000013,train,True,491.0,344.0,
9000013_1767729000,9000013,train,True,529.0,333.0,
9000013_1767729300,9000013,train,True,526.0,447.0,
9000013_1767729600,9000013,train,True,549.0,536.0,
9000013_1767732000,9000013,train,True,11.0,602.0,
9000013_1767732300,9000013,train,True,-1.0,602.0,
9000013_1767732600,9000013,train,True,31.0,602.0,
9000013_1767732900,9000013,train,True,42.0,-15.0,
9000013_1767733200,9000013,train,True,-38.0,54.0,
9000013_1767733500,9000013,train,True,-89.0,54.0,
9000013_1767733800,9000013,train,True,-16.0,33.0,
9000013_1767734100,9000013,train,True,-5.0,-49.0,
9000013_1767734400,9000013,train,True,87.0,-29.0,
9000013_1767734700,9000013,train,True,60.0,25.0,
9000014_1767665400,9000014,train,True,7.0,0.0,
9000014_1767665700,9000014,train,True,49.0,-20.0,
9000014_1767666000,9000014,train,True,71.0,7.0,
9000014_1767666300,9000014,train,True,-35.0,68.0,
9000014_1767666600,9000014,train,True,9.0,44.0,
9000014_1767666900,9000014,train,True,45.0,61.0,
9000014_1767667200,9000014,train,True,133.0,-13.0,
9000014_1767667500,9000014,train,True,37.0,10.0,
9000014_1767667800,9000014,train,True,9.0,1.0,
9000014_1767668100,9000014,train,True,-52.0,149.0,
9000014_1767668400,9000014,train,True,92.0,-28.0,
9000014_1767668700,9000014,train,True,69.0,8.0,
9000014_1767669300,9000014,train,True,182.0,82.0,
9000014_1767669600,9000014,train,True,186.0,42.0,
9000014_1767669900,9000014,train,True,124.0,42.0,
9000014_1767670200,9000014,train,True,274.0,232.0,
9000014_1767670500,9000014,train,True,305.0,113.0,
9000014_1767670800,9000014,train,True,301.0,279.0,
9000014_1767671100,9000014,train,True,296.0,327.0,
9000014_1767671400,9000014,train,True,367.0,366.0,
9000014_1767671700,9000014,train,True,120.0,216.0,
9000014_1767672000,9000014,train,True,139.0,306.0,
9000014_1767672300,9000014,train,True,203.0,188.0,
9000014_1767672600,9000014,train,True,112.0,112.0,
9000014_1767672900,9000014,train,True,53.0,265.0,
9000014_1767673200,9000014,train,True,149.0,142.0,
9000014_1767673500,9000014,train,True,98.0,59.0,
9000014_1767673800,9000014,train,True,107.0,147.0,
9000014_1767678600,9000014,train,True,53.0,22.0,
9000014_1767678900,9000014,train,True,76.0,22.0,
9000014_1767679200,9000014,train,True,-11.0,22.0,
9000014_1767679500,9000014,train,True,-40.0,53.0,
9000014_1767679800,9000014,train,True,7.0,76.0,
9000014_1767680100,9000014,train,True,107.0,-57.0,
9000014_1767680400,9000014,train,True,69.0,-39.0,
9000014_1767680700,9000014,train,True,-102.0,53.0,
9000014_1767681000,9000014,train,True,-4.0,122.0,
9000014_1767681300,9000014,train,True,302.0,-48.0,
9000014_1767681600,9000014,train,True,277.0,-37.0,
9000014_1767681900,9000014,train,True,406.0,250.0,
9000014_1767682200,9000014,train,True,306.0,249.0,
9000014_1767682500,9000014,train,True,131.0,431.0,
9000014_1767682800,9000014,train,True,210.0,301.0,
9000014_1767683100,9000014,train,True,220.0,188.0,
9000014_1767683400,9000014,train,True,203.0,249.0,
9000014_1767683700,9000014,train,True,171.0,219.0,
9000014_1767684300,9000014,train,True,164.0,151.0,
9000014_1767684600,9000014,train,True,39.0,171.0,
9000014_1767684900,9000014,train,True,19.0,171.0,
9000014_1767685200,9000014,train,True,60.0,155.0,
9000014_1767685500,9000014,train,True,31.0,54.0,
9000014_1767685800,9000014,train,True,-34.0,45.0,
9000014_1767686100,9000014,train,True,-179.0,56.0,
9000014_1767686400,9000014,train,True,-170.0,49.0,
9000014_1767686700,9000014,train,True,269.0,-126.0,
9000014_1767687000,9000014,train,True,201.0,-93.0,
9000014_1767687300,9000014,train,True,314.0,-114.0,
9000014_1767687600,9000014,train,True,302.0,193.0,
9000014_1767687900,9000014,train,True,134.0,282.0,
9000014_1767688200,9000014,train,True,103.0,395.0,
9000014_1767688500,9000014,train,True,1.0,120.0,
9000014_1767688800,9000014,train,True,-68.0,77.0,
9000014_1767689100,9000014,train,True,-165.0,8.0,
9000014_1767692100,9000014,train,True,127.0,-215.0,
9000014_1767692400,9000014,train,True,15.0,-215.0,
9000014_1767692700,9000014,train,True,54.0,-215.0,
9000014_1767693000,9000014,train,True,64.0,142.0,
9000014_1767693300,9000014,train,True,117.0,15.0,
9000014_1767693600,9000014,train,True,226.0,47.0,
9000014_1767693900,9000014,train,True,67.0,137.0,
9000014_1767694200,9000014,train,True,33.0,243.0,
9000014_1767694500,9000014,train,True,24.0,133.0,
9000014_1767694800,9000014,train,True,226.0,-5.0,
9000014_1767695100,9000014,train,True,194.0,5.0,
9000014_1767695400,9000014,train,True,255.0,-101.0,
9000014_1767695700,9000014,train,True,136.0,226.0,
9000014_1767696000,9000014,train,True,6.0,241.0,
9000014_1767696300,9000014,train,True,92.0,156.0,
9000014_1767696600,9000014,train,True,55.0,10.0,
9000014_1767696900,9000014,train,True,30.0,59.0,
9000014_1767697200,9000014,train,True,103.0,90.0,
9000014_1767697800,9000014,train,True,9.0,54.0,
9000014_1767698100,9000014,train,True,-75.0,103.0,
9000014_1767698400,9000014,train,True,-45.0,103.0,
9000014_1767698700,9000014,train,True,-86.0,-12.0,
9000014_1767699000,9000014,train,True,-99.0,-75.0,
9000014_1767699300,9000014,train,True,-15.0,-94.0,
9000014_1767699600,9000014,train,True,-237.0,-130.0,
9000014_1767699900,9000014,train,True,-272.0,-33.0,
9000014_1767700200,9000014,train,True,-274.0,-177.0,
9000014_1767700500,9000014,train,True,104.0,-262.0,
9000014_1767700800,9000014,train,True,76.0,-284.0,
9000014_1767701100,9000014,train,True,92.0,97.0,
9000014_1767701400,9000014,train,True,-73.0,75.0,
9000014_1767701700,9000014,train,True,-199.0,113.0,
9000014_1767702000,9000014,train,True,-135.0,29.0,
9000014_1767702300,9000014,train,True,-75.0,-186.0,
9000014_1767702600,9000014,train,True,-121.0,-89.0,
9000014_1767702900,9000014,train,True,-92.0,-70.0,
9000014_1767703500,9000014,train,True,39.0,-106.0,
9000014_1767703800,9000014,train,True,-43.0,-92.0,
9000014_1767704100,9000014,train,True,69.0,-92.0,
9000014_1767704400,9000014,train,True,90.0,-5.0,
9000014_1767704700,9000014,train,True,84.0,-43.0,
9000014_1767705000,9000014,train,True,184.0,1.0,
9000014_1767705300,9000014,train,True,107.0,75.0,
9000014_1767705600,9000014,train,True,59.0,219.0,
9000014_1767705900,9000014,train,True,133.0,84.0,
9000014_1767706200,9000014,train,True,94.0,42.0,
9000014_1767706500,9000014,train,True,46.0,73.0,
9000014_1767706800,9000014,train,True,182.0,28.0,
9000014_1767707100,9000014,train,True,67.0,37.0,
9000014_1767707400,9000014,train,True,28.0,89.0,
9000014_1767707700,9000014,train,True,139.0,66.0,
9000014_1767708000,9000014,train,True,108.0,26.0,
9000014_1767708300,9000014,train,True,152.0,139.0,
9000014_1767708600,9000014,train,True,150.0,48.0,
9000014_1767709200,9000014,train,True,16.0,150.0,
9000014_1767709500,9000014,train,True,15.0,150.0,
9000014_1767709800,9000014,train,True,57.0,150.0,
9000014_1767710100,9000014,train,True,93.0,16.0,
9000014_1767710400,9000014,train,True,228.0,15.0,
9000014_1767710700,9000014,train,True,360.0,37.0,
9000014_1767711000,9000014,train,True,309.0,123.0,
9000014_1767711300,9000014,train,True,265.0,263.0,
9000014_1767711600,9000014,train,True,268.0,349.0,
9000014_1767711900,9000014,train,True,194.0,182.0,
9000014_1767712200,9000014,train,True,240.0,253.0,
9000014_1767712500,9000014,train,True,388.0,346.0,
9000014_1767712800,9000014,train,True,229.0,272.0,
9000014_1767713100,9000014,train,True,239.0,354.0,
9000014_1767713400,9000014,train,True,377.0,292.0,
9000014_1767713700,9000014,train,True,482.0,286.0,
9000014_1767714000,9000014,train,True,506.0,293.0,
9000014_1767714300,9000014,train,True,425.0,458.0,
9000014_1767718500,9000014,train,True,65.0,425.0,
9000014_1767718800,9000014,train,True,52.0,425.0,
9000014_1767719100,9000014,train,True,41.0,425.0,
9000014_1767719400,9000014,train,True,126.0,65.0,
9000014_1767719700,9000014,train,True,219.0,52.0,
9000014_1767720000,9000014,train,True,351.0,164.0,
9000014_1767720300,9000014,train,True,331.0,208.0,
9000014_1767720600,9000014,train,True,313.0,269.0,
9000014_1767720900,9000014,train,True,381.0,389.0,
9000014_1767721200,9000014,train,True,397.0,323.0,
9000014_1767721500,9000014,train,True,363.0,394.0,
9000014_1767721800,9000014,train,True,472.0,461.0,
9000014_1767722100,9000014,train,True,294.0,313.0,
9000014_1767722400,9000014,train,True,329.0,458.0,
9000014_1767722700,9000014,train,True,346.0,314.0,
9000014_1767723000,9000014,train,True,317.0,257.0,
9000014_1767723300,9000014,train,True,280.0,283.0,
9000014_1767723600,9000014,train,True,62.0,324.0,
9000014_1767723900,9000014,train,True,21.0,293.0,
9000014_1767724200,9000014,train,True,4.0,248.0,
9000014_1767724500,9000014,train,True,37.0,62.0,
9000014_1767724800,9000014,train,True,168.0,21.0,
9000014_1767725100,9000014,train,True,126.0,28.0,
9000014_1767725400,9000014,train,True,59.0,152.0,
9000014_1767725700,9000014,train,True,114.0,143.0,
9000014_1767726000,9000014,train,True,203.0,88.0,
9000014_1767726300,9000014,train,True,273.0,37.0,
9000014_1767726600,9000014,train,True,320.0,194.0,
9000014_1767726900,9000014,train,True,135.0,269.0,
9000014_1767727200,9000014,train,True,62.0,192.0,
9000014_1767727500,9000014,train,True,41.0,259.0,
9000014_1767727800,9000014,train,True,61.0,106.0,
9000014_1767728100,9000014,train,True,98.0,93.0,
9000014_1767728400,9000014,train,True,47.0,29.0,
9000014_1767728700,9000014,train,True,132.0,69.0,
9000014_1767729000,9000014,train,True,215.0,13.0,
9000014_1767729300,9000014,train,True,227.0,47.0,
9000014_1767729600,9000014,train,True,197.0,171.0,
9000014_1767729900,9000014,train,True,284.0,101.0,
9000014_1767730200,9000014,train,True,180.0,279.0,
9000014_1767730500,9000014,train,True,179.0,247.0,
9000014_1767730800,9000014,train,True,72.0,139.0,
9000014_1767731100,9000014,train,True,310.0,203.0,
9000014_1767731400,9000014,train,True,357.0,175.0,
9000014_1767731700,9000014,train,True,239.0,364.0,
9000014_1767732000,9000014,train,True,156.0,321.0,
9000014_1767732300,9000014,train,True,255.0,314.0,
9000014_1767732600,9000014,train,True,156.0,149.0,
9000014_1767732900,9000014,train,True,97.0,215.0,
9000014_1767736500,9000014,train,True,103.0,75.0,
9000014_1767736800,9000014,train,True,110.0,75.0,
9000014_1767737100,9000014,train,True,89.0,75.0,
9000014_1767737400,9000014,train,True,110.0,103.0,
9000014_1767737700,9000014,train,True,143.0,107.0,
9000014_1767738000,9000014,train,True,30.0,100.0,
9000014_1767738300,9000014,train,True,-8.0,114.0,
9000014_1767738600,9000014,train,True,22.0,68.0,
9000014_1767738900,9000014,train,True,158.0,0.0,
9000014_1767739200,9000014,train,True,101.0,-3.0,
9000014_1767739500,9000014,train,True,126.0,-16.0,
9000014_1767739800,9000014,train,True,71.0,133.0,
9000014_1767740100,9000014,train,True,72.0,113.0,
9000014_1767740400,9000014,train,True,179.0,65.0,
9000014_1767740700,9000014,train,True,139.0,-1.0,
9000014_1767741000,9000014,train,True,62.0,187.0,
9000014_1767741900,9000014,train,True,115.0,62.0,
9000014_1767742200,9000014,train,True,103.0,62.0,
9000014_1767742500,9000014,train,True,176.0,62.0,
9000015_1767668400,9000015,train,True,16.0,-6.0,
9000015_1767668700,9000015,train,True,82.0,43.0,
9000015_1767669000,9000015,train,True,72.0,-2.0,
9000015_1767669300,9000015,train,True,-11.0,20.0,
9000015_1767669600,9000015,train,True,6.0,134.0,
9000015_1767669900,9000015,train,True,38.0,-50.0,
9000015_1767670200,9000015,train,True,140.0,18.0,
9000015_1767670500,9000015,train,True,-49.0,-8.0,
9000015_1767670800,9000015,train,True,-81.0,132.0,
9000015_1767671100,9000015,train,True,39.0,33.0,
9000015_1767671400,9000015,train,True,79.0,2.0,
9000015_1767671700,9000015,train,True,67.0,81.0,
9000015_1767672000,9000015,train,True,212.0,69.0,
9000015_1767672300,9000015,train,True,226.0,73.0,
9000015_1767672600,9000015,train,True,143.0,67.0,
9000015_1767672900,9000015,train,True,232.0,212.0,
9000015_1767673200,9000015,train,True,251.0,159.0,
9000015_1767673500,9000015,train,True,372.0,196.0,
9000015_1767673800,9000015,train,True,197.0,216.0,
9000015_1767674100,9000015,train,True,286.0,309.0,
9000015_1767674400,9000015,train,True,219.0,325.0,
9000015_1767674700,9000015,train,True,116.0,271.0,
9000015_1767675000,9000015,train,True,232.0,337.0,
9000015_1767675300,9000015,train,True,208.0,150.0,
9000015_1767675600,9000015,train,True,77.0,162.0,
9000015_1767675900,9000015,train,True,47.0,292.0,
9000015_1767676200,9000015,train,True,190.0,113.0,
9000015_1767676500,9000015,train,True,86.0,56.0,
9000015_1767676800,9000015,train,True,72.0,149.0,
9000015_1767681600,9000015,train,True,53.0,25.0,
9000015_1767681900,9000015,train,True,-40.0,25.0,
9000015_1767682200,9000015,train,True,-27.0,25.0,
9000015_1767682500,9000015,train,True,-72.0,71.0,
9000015_1767682800,9000015,train,True,45.0,-40.0,
9000015_1767683100,9000015,train,True,124.0,-30.0,
9000015_1767683400,9000015,train,True,-1.0,64.0,
9000015_1767683700,9000015,train,True,11.0,108.0,
9000015_1767684000,9000015,train,True,-40.0,51.0,
9000015_1767684300,9000015,train,True,329.0,-93.0,
9000015_1767684600,9000015,train,True,318.0,-56.0,
9000015_1767684900,9000015,train,True,325.0,253.0,
9000015_1767685200,9000015,train,True,188.0,303.0,
9000015_1767685500,9000015,train,True,129.0,383.0,
9000015_1767685800,9000015,train,True,233.0,260.0,
9000015_1767686100,9000015,train,True,197.0,165.0,
9000015_1767686400,9000015,train,True,211.0,166.0,
9000015_1767687000,9000015,train,True,161.0,231.0,
9000015_1767687300,9000015,train,True,135.0,149.0,
9000015_1767687600,9000015,train,True,70.0,149.0,
9000015_1767687900,9000015,train,True,20.0,161.0,
9000015_1767688200,9000015,train,True,21.0,135.0,
9000015_1767688500,9000015,train,True,57.0,33.0,
9000015_1767688800,9000015,train,True,-69.0,65.0,
9000015_1767689100,9000015,train,True,-133.0,48.0,
9000015_1767689400,9000015,train,True,-116.0,56.0,
9000015_1767689700,9000015,train,True,169.0,-158.0,
9000015_1767690000,9000015,train,True,237.0,-168.0,
9000015_1767690300,9000015,train,True,378.0,249.0,
9000015_1767690600,9000015,train,True,204.0,193.0,
9000015_1767690900,9000015,train,True,112.0,318.0,
9000015_1767691200,9000015,train,True,93.0,294.0,
9000015_1767691500,9000015,train,True,-35.0,124.0,
9000015_1767691800,9000015,train,True,-33.0,80.0,
9000015_1767692100,9000015,train,True,-225.0,-15.0,
9000015_1767695100,9000015,train,True,114.0,-225.0,
9000015_1767695400,9000015,train,True,48.0,-225.0,
9000015_1767695700,9000015,train,True,17.0,-225.0,
9000015_1767696000,9000015,train,True,129.0,112.0,
9000015_1767696300,9000015,train,True,200.0,71.0,
9000015_1767696600,9000015,train,True,124.0,102.0,
9000015_1767696900,9000015,train,True,-28.0,149.0,
9000015_1767697200,9000015,train,True,-27.0,194.0,
9000015_1767697500,9000015,train,True,83.0,75.0,
9000015_1767697800,9000015,train,True,250.0,11.0,
9000015_1767698100,9000015,train,True,245.0,74.0,
9000015_1767698400,9000015,train,True,157.0,-78.0,
9000015_1767698700,9000015,train,True,48.0,228.0,
9000015_1767699000,9000015,train,True,55.0,296.0,
9000015_1767699300,9000015,train,True,116.0,112.0,
9000015_1767699600,9000015,train,True,49.0,33.0,
9000015_1767699900,9000015,train,True,63.0,51.0,
9000015_1767700800,9000015,train,True,29.0,76.0,
9000015_1767701100,9000015,train,True,-85.0,76.0,
9000015_1767701400,9000015,train,True,-75.0,76.0,
9000015_1767701700,9000015,train,True,-141.0,7.0,
9000015_1767702000,9000015,train,True,-96.0,-118.0,
9000015_1767702300,9000015,train,True,-193.0,-123.0,
9000015_1767702600,9000015,train,True,-237.0,-117.0,
9000015_1767702900,9000015,train,True,-265.0,-38.0,
9000015_1767703200,9000015,train,True,32.0,-216.0,
9000015_1767703500,9000015,train,True,93.0,-264.0,
9000015_1767703800,9000015,train,True,88.0,-249.0,
9000015_1767704100,9000015,train,True,23.0,55.0,
9000015_1767704400,9000015,train,True,-100.0,103.0,
9000015_1767704700,9000015,train,True,-128.0,82.0,
9000015_1767705000,9000015,train,True,-92.0,-41.0,
9000015_1767705300,9000015,train,True,-57.0,-183.0,
9000015_1767705600,9000015,train,True,-78.0,-148.0,
9000015_1767706500,9000015,train,True,26.0,-99.0,
9000015_1767706800,9000015,train,True,12.0,-99.0,
9000015_1767707100,9000015,train,True,24.0,-99.0,
9000015_1767707400,9000015,train,True,60.0,20.0,
9000015_1767707700,9000015,train,True,165.0,43.0,
9000015_1767708000,9000015,train,True,129.0,73.0,
9000015_1767708300,9000015,train,True,23.0,77.0,
9000015_1767708600,9000015,train,True,46.0,179.0,
9000015_1767708900,9000015,train,True,128.0,56.0,
9000015_1767709200,9000015,train,True,53.0,59.0,
9000015_1767709500,9000015,train,True,142.0,139.0,
9000015_1767709800,9000015,train,True,72.0,4.0,
9000015_1767710100,9000015,train,True,18.0,47.0,
9000015_1767710400,9000015,train,True,53.0,182.0,
9000015_1767710700,9000015,train,True,139.0,44.0,
9000015_1767711000,9000015,train,True,131.0,48.0,
9000015_1767711300,9000015,train,True,147.0,103.0,
9000015_1767712200,9000015,train,True,0.0,169.0,
9000015_1767712500,9000015,train,True,78.0,169.0,
9000015_1767712800,9000015,train,True,84.0,169.0,
9000015_1767713100,9000015,train,True,116.0,-4.0,
9000015_1767713400,9000015,train,True,270.0,78.0,
9000015_1767713700,9000015,train,True,410.0,119.0,
9000015_1767714000,9000015,train,True,264.0,285.0,
9000015_1767714300,9000015,train,True,280.0,416.0,
9000015_1767714600,9000015,train,True,381.0,328.0,
9000015_1767714900,9000015,train,True,305.0,259.0,
9000015_1767715200,9000015,train,True,287.0,356.0,
9000015_1767715500,9000015,train,True,243.0,185.0,
9000015_1767715800,9000015,train,True,291.0,262.0,
9000015_1767716100,9000015,train,True,337.0,385.0,
9000015_1767716400,9000015,train,True,347.0,257.0,
9000015_1767716700,9000015,train,True,491.0,257.0,
9000015_1767717000,9000015,train,True,504.0,345.0,
9000015_1767721500,9000015,train,True,51.0,461.0,
9000015_1767721800,9000015,train,True,84.0,461.0,
9000015_1767722100,9000015,train,True,113.0,461.0,
9000015_1767722400,9000015,train,True,129.0,93.0,
9000015_1767722700,9000015,train,True,225.0,84.0,
9000015_1767723000,9000015,train,True,372.0,144.0,
9000015_1767723300,9000015,train,True,368.0,197.0,
9000015_1767723600,9000015,train,True,314.0,373.0,
9000015_1767723900,9000015,train,True,427.0,341.0,
9000015_1767724200,9000015,train,True,360.0,302.0,
9000015_1767724500,9000015,train,True,383.0,408.0,
9000015_1767724800,9000015,train,True,361.0,383.0,
9000015_1767725100,9000015,train,True,279.0,395.0,
9000015_1767725400,9000015,train,True,334.0,463.0,
9000015_1767725700,9000015,train,True,367.0,282.0,
9000015_1767726000,9000015,train,True,297.0,281.0,
9000015_1767726300,9000015,train,True,287.0,358.0,
9000015_1767726600,9000015,train,True,66.0,276.0,
9000015_1767726900,9000015,train,True,28.0,253.0,
9000015_1767727200,9000015,train,True,43.0,287.0,
9000015_1767727500,9000015,train,True,51.0,33.0,
9000015_1767727800,9000015,train,True,168.0,28.0,
9000015_1767728100,9000015,train,True,108.0,43.0,
9000015_1767728400,9000015,train,True,27.0,140.0,
9000015_1767728700,9000015,train,True,154.0,126.0,
9000015_1767729000,9000015,train,True,266.0,45.0,
9000015_1767729300,9000015,train,True,221.0,138.0,
9000015_1767729600,9000015,train,True,282.0,188.0,
9000015_1767729900,9000015,train,True,116.0,226.0,
9000015_1767730200,9000015,train,True,99.0,292.0,
9000015_1767730500,9000015,train,True,51.0,163.0,
9000015_1767730800,9000015,train,True,91.0,61.0,
9000015_1767731100,9000015,train,True,68.0,-6.0,
9000015_1767731400,9000015,train,True,198.0,26.0,
9000015_1767731700,9000015,train,True,168.0,82.0,
9000015_1767732000,9000015,train,True,198.0,32.0,
9000015_1767732300,9000015,train,True,230.0,147.0,
9000015_1767732600,9000015,train,True,289.0,168.0,
9000015_1767732900,9000015,train,True,252.0,229.0,
9000015_1767733200,9000015,train,True,147.0,273.0,
9000015_1767733500,9000015,train,True,185.0,272.0,
9000015_1767733800,9000015,train,True,341.0,140.0,
9000015_1767734100,9000015,train,True,363.0,227.0,
9000015_1767734400,9000015,train,True,309.0,54.0,
9000015_1767734700,9000015,train,True,180.0,346.0,
9000015_1767735000,9000015,train,True,186.0,349.0,
9000015_1767735300,9000015,train,True,183.0,211.0,
9000015_1767735600,9000015,train,True,125.0,159.0,
9000015_1767735900,9000015,train,True,86.0,162.0,
9000015_1767739500,9000015,train,True,75.0,86.0,
9000015_1767739800,9000015,train,True,132.0,86.0,
9000015_1767740100,9000015,train,True,87.0,86.0,
9000015_1767740400,9000015,train,True,155.0,61.0,
9000015_1767740700,9000015,train,True,84.0,66.0,
9000015_1767741000,9000015,train,True,14.0,127.0,
9000015_1767741300,9000015,train,True,-43.0,129.0,
9000015_1767741600,9000015,train,True,15.0,67.0,
9000015_1767741900,9000015,train,True,186.0,-23.0,
9000015_1767742200,9000015,train,True,139.0,15.0,
9000015_1767742500,9000015,train,True,79.0,178.0,
9000015_1767742800,9000015,train,True,38.0,143.0,
9000015_1767743100,9000015,train,True,174.0,116.0,
9000015_1767743400,9000015,train,True,188.0,85.0,
9000015_1767743700,9000015,train,True,115.0,136.0,
9000015_1767744900,9000015,train,True,98.0,108.0,
9000015_1767745200,9000015,train,True,146.0,108.0,
9000015_1767745500,9000015,train,True,159.0,108.0,
9000016_1767677100,9000016,train,True,118.0,0.0,
9000016_1767677400,9000016,train,True,237.0,0.0,
9000016_1767677700,9000016,train,True,142.0,0.0,
9000016_1767678000,9000016,train,True,129.0,188.0,
9000016_1767678300,9000016,train,True,174.0,161.0,
9000016_1767678600,9000016,train,True,301.0,163.0,
9000016_1767679500,9000016,train,True,76.0,285.0,
9000016_1767679800,9000016,train,True,203.0,285.0,
9000016_1767680100,9000016,train,True,74.0,285.0,
9000016_1767680400,9000016,train,True,58.0,137.0,
9000016_1767680700,9000016,train,True,-8.0,73.0,
9000016_1767681000,9000016,train,True,63.0,36.0,
9000016_1767681900,9000016,train,True,-53.0,109.0,
9000016_1767682200,9000016,train,True,36.0,109.0,
9000016_1767682500,9000016,train,True,55.0,109.0,
9000016_1767682800,9000016,train,True,-11.0,38.0,
9000016_1767683100,9000016,train,True,-22.0,18.0,
9000016_1767683400,9000016,train,True,98.0,20.0,
9000016_1767684000,9000016,train,True,71.0,-12.0,
9000016_1767684300,9000016,train,True,247.0,190.0,
9000016_1767684600,9000016,train,True,172.0,190.0,
9000016_1767684900,9000016,train,True,149.0,194.0,
9000016_1767685200,9000016,train,True,172.0,113.0,
9000016_1767685500,9000016,train,True,254.0,138.0,
9000016_1767686100,9000016,train,True,128.0,271.0,
9000016_1767686400,9000016,train,True,230.0,273.0,
9000016_1767686700,9000016,train,True,245.0,273.0,
9000016_1767687000,9000016,train,True,222.0,224.0,
9000016_1767687300,9000016,train,True,310.0,270.0,
9000016_1767687600,9000016,train,True,392.0,227.0,
9000016_1767688200,9000016,train,True,0.0,367.0,
9000016_1767691500,9000016,train,True,48.0,0.0,
9000016_1767691800,9000016,train,True,54.0,0.0,
9000016_1767692100,9000016,train,True,24.0,0.0,
9000016_1767692400,9000016,train,True,28.0,-6.0,
9000016_1767692700,9000016,train,True,64.0,-8.0,
9000016_1767693000,9000016,train,True,121.0,104.0,
9000016_1767693300,9000016,train,True,171.0,130.0,
9000016_1767693900,9000016,train,True,-73.0,141.0,
9000016_1767694200,9000016,train,True,-35.0,171.0,
9000016_1767694500,9000016,train,True,-84.0,171.0,
9000016_1767694800,9000016,train,True,-22.0,-104.0,
9000016_1767695100,9000016,train,True,83.0,-108.0,
9000016_1767695400,9000016,train,True,162.0,47.0,
9000016_1767695700,9000016,train,True,185.0,-10.0,
9000016_1767696300,9000016,train,True,-57.0,173.0,
9000016_1767696600,9000016,train,True,13.0,185.0,
9000016_1767696900,9000016,train,True,9.0,185.0,
9000016_1767697200,9000016,train,True,-16.0,-36.0,
9000016_1767697500,9000016,train,True,60.0,-6.0,
9000016_1767697800,9000016,train,True,202.0,82.0,
9000016_1767698100,9000016,train,True,253.0,92.0,
9000016_1767698700,9000016,train,True,-36.0,204.0,
9000016_1767699000,9000016,train,True,-29.0,253.0,
9000016_1767699300,9000016,train,True,35.0,253.0,
9000016_1767699600,9000016,train,True,63.0,34.0,
9000016_1767699900,9000016,train,True,185.0,1.0,
9000016_1767700200,9000016,train,True,223.0,120.0,
9000016_1767700500,9000016,train,True,276.0,108.0,
9000016_1767701100,9000016,train,True,18.0,261.0,
9000016_1767701400,9000016,train,True,58.0,276.0,
9000016_1767701700,9000016,train,True,11.0,276.0,
9000016_1767702000,9000016,train,True,19.0,29.0,
9000016_1767702300,9000016,train,True,116.0,-8.0,
9000016_1767702600,9000016,train,True,249.0,96.0,
9000016_1767702900,9000016,train,True,265.0,100.0,
9000016_1767703500,9000016,train,True,-41.0,273.0,
9000016_1767703800,9000016,train,True,58.0,265.0,
9000016_1767704100,9000016,train,True,80.0,265.0,
9000016_1767704400,9000016,train,True,48.0,29.0,
9000016_1767704700,9000016,train,True,107.0,102.0,
9000016_1767705000,9000016,train,True,297.0,102.0,
9000016_1767705600,9000016,train,True,-36.0,181.0,
9000016_1767714300,9000016,train,True,-52.0,-36.0,
9000016_1767714600,9000016,train,True,-63.0,-36.0,
9000016_1767714900,9000016,train,True,-86.0,-36.0,
9000016_1767715200,9000016,train,True,-23.0,-37.0,
9000016_1767715500,9000016,train,True,37.0,-38.0,
9000016_1767715800,9000016,train,True,29.0,17.0,
9000016_1767716100,9000016,train,True,60.0,-87.0,
9000016_1767716700,9000016,train,True,-30.0,91.0,
9000016_1767717000,9000016,train,True,-17.0,60.0,
9000016_1767717300,9000016,train,True,-95.0,60.0,
9000016_1767717600,9000016,train,True,-71.0,15.0,
9000016_1767717900,9000016,train,True,-40.0,-29.0,
9000016_1767718200,9000016,train,True,209.0,-43.0,
9000016_1767718500,9000016,train,True,138.0,-106.0,
9000016_1767718800,9000016,train,True,-29.0,114.0,
9000016_1767719100,9000016,train,True,-6.0,129.0,
9000016_1767719400,9000016,train,True,-52.0,138.0,
9000016_1767719700,9000016,train,True,-32.0,-29.0,
9000016_1767720000,9000016,train,True,31.0,34.0,
9000016_1767720300,9000016,train,True,30.0,-29.0,
9000016_1767720600,9000016,train,True,188.0,10.0,
9000016_1767721200,9000016,train,True,-12.0,165.0,
9000016_1767721500,9000016,train,True,30.0,243.0,
9000016_1767721800,9000016,train,True,-48.0,243.0,
9000016_1767722100,9000016,train,True,-24.0,49.0,
9000016_1767722400,9000016,train,True,65.0,39.0,
9000016_1767722700,9000016,train,True,154.0,18.0,
9000016_1767723000,9000016,train,True,136.0,6.0,
9000016_1767723600,9000016,train,True,-21.0,150.0,
9000016_1767723900,9000016,train,True,179.0,128.0,
9000016_1767724200,9000016,train,True,324.0,128.0,
9000016_1767724500,9000016,train,True,332.0,96.0,
9000016_1767724800,9000016,train,True,590.0,312.0,
9000016_1767725700,9000016,train,True,17.0,661.0,
9000017_1767675000,9000017,train,True,64.0,0.0,
9000017_1767675300,9000017,train,True,128.0,0.0,
9000017_1767675600,9000017,train,True,184.0,0.0,
9000017_1767675900,9000017,train,True,181.0,64.0,
9000017_1767676200,9000017,train,True,225.0,278.0,
9000017_1767676500,9000017,train,True,229.0,141.0,
9000017_1767676800,9000017,train,True,298.0,181.0,
9000017_1767677400,9000017,train,True,103.0,258.0,
9000017_1767677700,9000017,train,True,104.0,313.0,
9000017_1767678000,9000017,train,True,106.0,313.0,
9000017_1767678300,9000017,train,True,37.0,103.0,
9000017_1767678600,9000017,train,True,23.0,169.0,
9000017_1767678900,9000017,train,True,44.0,51.0,
9000017_1767679200,9000017,train,True,143.0,61.0,
9000017_1767679800,9000017,train,True,-22.0,39.0,
9000017_1767680100,9000017,train,True,-1.0,138.0,
9000017_1767680400,9000017,train,True,-56.0,138.0,
9000017_1767680700,9000017,train,True,48.0,-22.0,
9000017_1767681000,9000017,train,True,17.0,38.0,
9000017_1767681300,9000017,train,True,-16.0,13.0,
9000017_1767681600,9000017,train,True,169.0,36.0,
9000017_1767681900,9000017,train,True,92.0,-52.0,
9000017_1767682200,9000017,train,True,94.0,121.0,
9000017_1767682500,9000017,train,True,195.0,133.0,
9000017_1767682800,9000017,train,True,181.0,92.0,
9000017_1767683100,9000017,train,True,217.0,247.0,
9000017_1767683400,9000017,train,True,236.0,125.0,
9000017_1767683700,9000017,train,True,255.0,192.0,
9000017_1767684000,9000017,train,True,82.0,192.0,
9000017_1767684300,9000017,train,True,122.0,239.0,
9000017_1767684600,9000017,train,True,240.0,324.0,
9000017_1767684900,9000017,train,True,287.0,82.0,
9000017_1767685200,9000017,train,True,319.0,265.0,
9000017_1767685500,9000017,train,True,312.0,269.0,
9000017_1767685800,9000017,train,True,445.0,254.0,
9000017_1767686400,9000017,train,True,-18.0,400.0,
9000017_1767689400,9000017,train,True,63.0,-18.0,
9000017_1767689700,9000017,train,True,11.0,-18.0,
9000017_1767690000,9000017,train,True,29.0,-18.0,
9000017_1767690300,9000017,train,True,33.0,63.0,
9000017_1767690600,9000017,train,True,100.0,74.0,
9000017_1767690900,9000017,train,True,78.0,83.0,
9000017_1767691200,9000017,train,True,95.0,49.0,
9000017_1767691800,9000017,train,True,-49.0,133.0,
9000017_1767692100,9000017,train,True,-28.0,149.0,
9000017_1767692400,9000017,train,True,-99.0,149.0,
9000017_1767692700,9000017,train,True,-34.0,-49.0,
9000017_1767693000,9000017,train,True,5.0,-12.0,
9000017_1767693300,9000017,train,True,73.0,-23.0,
9000017_1767693600,9000017,train,True,143.0,-32.0,
9000017_1767694200,9000017,train,True,-52.0,162.0,
9000017_1767694500,9000017,train,True,-95.0,193.0,
9000017_1767694800,9000017,train,True,-5.0,193.0,
9000017_1767695100,9000017,train,True,108.0,-52.0,
9000017_1767695400,9000017,train,True,109.0,9.0,
9000017_1767695700,9000017,train,True,95.0,68.0,
9000017_1767696000,9000017,train,True,182.0,43.0,
9000017_1767696600,9000017,train,True,-43.0,189.0,
9000017_1767696900,9000017,train,True,-69.0,261.0,
9000017_1767697200,9000017,train,True,-20.0,261.0,
9000017_1767697500,9000017,train,True,63.0,-43.0,
9000017_1767697800,9000017,train,True,123.0,51.0,
9000017_1767698100,9000017,train,True,220.0,82.0,
9000017_1767698400,9000017,train,True,253.0,81.0,
9000017_1767699000,9000017,train,True,-1.0,212.0,
9000017_1767699300,9000017,train,True,-36.0,252.0,
9000017_1767699600,9000017,train,True,-16.0,252.0,
9000017_1767699900,9000017,train,True,85.0,-1.0,
9000017_1767700200,9000017,train,True,34.0,53.0,
9000017_1767700500,9000017,train,True,122.0,52.0,
9000017_1767700800,9000017,train,True,251.0,-9.0,
9000017_1767701400,9000017,train,True,16.0,259.0,
9000017_1767701700,9000017,train,True,24.0,315.0,
9000017_1767702000,9000017,train,True,86.0,315.0,
9000017_1767702300,9000017,train,True,113.0,16.0,
9000017_1767702600,9000017,train,True,100.0,148.0,
9000017_1767702900,9000017,train,True,67.0,117.0,
9000017_1767703200,9000017,train,True,361.0,-6.0,
9000017_1767703500,9000017,train,True,-23.0,72.0,
9000017_1767712200,9000017,train,True,-52.0,-23.0,
9000017_1767712500,9000017,train,True,-38.0,-23.0,
9000017_1767712800,9000017,train,True,7.0,-23.0,
9000017_1767713100,9000017,train,True,-27.0,-52.0,
9000017_1767713400,9000017,train,True,-10.0,53.0,
9000017_1767713700,9000017,train,True,-14.0,-1.0,
9000017_1767714000,9000017,train,True,72.0,-72.0,
9000017_1767714600,9000017,train,True,9.0,12.0,
9000017_1767714900,9000017,train,True,-4.0,75.0,
9000017_1767715200,9000017,train,True,-32.0,75.0,
9000017_1767715500,9000017,train,True,-42.0,9.0,
9000017_1767715800,9000017,train,True,-61.0,13.0,
9000017_1767716100,9000017,train,True,166.0,-34.0,
9000017_1767716400,9000017,train,True,213.0,-56.0,
9000017_1767717000,9000017,train,True,12.0,196.0,
9000017_1767717300,9000017,train,True,-1.0,120.0,
9000017_1767717600,9000017,train,True,-29.0,120.0,
9000017_1767717900,9000017,train,True,-13.0,-29.0,
9000017_1767718200,9000017,train,True,64.0,-59.0,
9000017_1767718500,9000017,train,True,96.0,4.0,
9000017_1767718800,9000017,train,True,202.0,35.0,
9000017_1767719100,9000017,train,True,-12.0,21.0,
9000017_1767719400,9000017,train,True,-62.0,226.0,
9000017_1767719700,9000017,train,True,75.0,234.0,
9000017_1767720000,9000017,train,True,7.0,-12.0,
9000017_1767720300,9000017,train,True,2.0,15.0,
9000017_1767720600,9000017,train,True,118.0,-66.0,
9000017_1767720900,9000017,train,True,159.0,-61.0,
9000017_1767721500,9000017,train,True,-23.0,139.0,
9000017_1767721800,9000017,train,True,-28.0,106.0,
9000017_1767722100,9000017,train,True,290.0,106.0,
9000017_1767722400,9000017,train,True,316.0,-23.0,
9000017_1767722700,9000017,train,True,469.0,196.0,
9000017_1767723000,9000017,train,True,672.0,328.0,
9000017_1767723600,9000017,train,True,-11.0,580.0,
9000018_1767666600,9000018,train,True,-26.0,0.0,
9000018_1767666900,9000018,train,True,12.0,0.0,
9000018_1767667200,9000018,train,True,19.0,0.0,
9000018_1767667500,9000018,train,True,-85.0,-21.0,
9000018_1767667800,9000018,train,True,-55.0,4.0,
9000018_1767668100,9000018,train,True,-14.0,-91.0,
9000018_1767669300,9000018,train,True,9.0,-35.0,
9000018_1767669600,9000018,train,True,50.0,-35.0,
9000018_1767669900,9000018,train,True,103.0,-35.0,
9000018_1767670200,9000018,train,True,81.0,80.0,
9000018_1767670500,9000018,train,True,10.0,68.0,
9000018_1767670800,9000018,train,True,-14.0,129.0,
9000018_1767671100,9000018,train,True,-68.0,24.0,
9000018_1767671400,9000018,train,True,-105.0,8.0,
9000018_1767671700,9000018,train,True,-4.0,-81.0,
9000018_1767672000,9000018,train,True,-108.0,-46.0,
9000018_1767672300,9000018,train,True,-71.0,-26.0,
9000018_1767672600,9000018,train,True,-64.0,-27.0,
9000018_1767672900,9000018,train,True,-12.0,-15.0,
9000018_1767673800,9000018,train,True,47.0,-34.0,
9000018_1767674100,9000018,train,True,80.0,-34.0,
9000018_1767674400,9000018,train,True,133.0,-34.0,
9000018_1767674700,9000018,train,True,66.0,63.0,
9000018_1767675000,9000018,train,True,73.0,105.0,
9000018_1767675300,9000018,train,True,-1.0,162.0,
9000018_1767675600,9000018,train,True,-33.0,73.0,
9000018_1767675900,9000018,train,True,17.0,24.0,
9000018_1767676200,9000018,train,True,132.0,-9.0,
9000018_1767676500,9000018,train,True,-14.0,-8.0,
9000018_1767676800,9000018,train,True,-54.0,115.0,
9000018_1767677100,9000018,train,True,-185.0,51.0,
9000018_1767677400,9000018,train,True,-29.0,18.0,
9000018_1767679500,9000018,train,True,37.0,1.0,
9000018_1767679800,9000018,train,True,50.0,1.0,
9000018_1767680100,9000018,train,True,18.0,1.0,
9000018_1767680400,9000018,train,True,-36.0,92.0,
9000018_1767680700,9000018,train,True,42.0,143.0,
9000018_1767681000,9000018,train,True,-14.0,-5.0,
9000018_1767681300,9000018,train,True,-62.0,26.0,
9000018_1767681600,9000018,train,True,-8.0,14.0,
9000018_1767681900,9000018,train,True,-54.0,-36.0,
9000018_1767682200,9000018,train,True,-41.0,-34.0,
9000018_1767682500,9000018,train,True,11.0,-54.0,
9000018_1767682800,9000018,train,True,34.0,-35.0,
9000018_1767683400,9000018,train,True,-14.0,-11.0,
9000018_1767683700,9000018,train,True,46.0,-10.0,
9000018_1767684000,9000018,train,True,97.0,-10.0,
9000018_1767684300,9000018,train,True,-7.0,30.0,
9000018_1767684600,9000018,train,True,-30.0,105.0,
9000018_1767684900,9000018,train,True,-114.0,125.0,
9000018_1767685200,9000018,train,True,-99.0,29.0,
9000018_1767685500,9000018,train,True,-77.0,-120.0,
9000018_1767685800,9000018,train,True,-34.0,-54.0,
9000018_1767686100,9000018,train,True,-58.0,-88.0,
9000018_1767686400,9000018,train,True,-12.0,-8.0,
9000018_1767686700,9000018,train,True,-102.0,-31.0,
9000018_1767687000,9000018,train,True,121.0,-19.0,
9000018_1767687300,9000018,train,True,94.0,-62.0,
9000018_1767687600,9000018,train,True,102.0,26.0,
9000018_1767687900,9000018,train,True,209.0,87.0,
9000018_1767688200,9000018,train,True,172.0,84.0,
9000018_1767688500,9000018,train,True,184.0,162.0,
9000018_1767688800,9000018,train,True,161.0,183.0,
9000018_1767689100,9000018,train,True,-35.0,197.0,
9000018_1767689400,9000018,train,True,-66.0,121.0,
9000018_1767689700,9000018,train,True,-43.0,168.0,
9000018_1767690000,9000018,train,True,-123.0,27.0,
9000018_1767690300,9000018,train,True,-118.0,-50.0,
9000018_1767690600,9000018,train,True,-111.0,-136.0,
9000018_1767690900,9000018,train,True,-77.0,-55.0,
9000018_1767691500,9000018,train,True,23.0,-85.0,
9000018_1767691800,9000018,train,True,23.0,-7.0,
9000018_1767692100,9000018,train,True,36.0,-7.0,
9000018_1767692400,9000018,train,True,208.0,67.0,
9000018_1767692700,9000018,train,True,129.0,45.0,
9000018_1767693000,9000018,train,True,80.0,220.0,
9000018_1767693300,9000018,train,True,28.0,216.0,
9000018_1767693600,9000018,train,True,-7.0,98.0,
9000018_1767693900,9000018,train,True,24.0,6.0,
9000018_1767694200,9000018,train,True,-26.0,-59.0,
9000018_1767694500,9000018,train,True,-1.0,-23.0,
9000018_1767694800,9000018,train,True,36.0,33.0,
9000018_1767695100,9000018,train,True,21.0,-21.0,
9000018_1767695400,9000018,train,True,99.0,7.0,
9000018_1767696000,9000018,train,True,108.0,37.0,
9000018_1767696300,9000018,train,True,151.0,85.0,
9000018_1767696600,9000018,train,True,136.0,85.0,
9000018_1767696900,9000018,train,True,148.0,182.0,
9000018_1767697200,9000018,train,True,3.0,202.0,
9000018_1767697500,9000018,train,True,5.0,91.0,
9000018_1767697800,9000018,train,True,-20.0,33.0,
9000018_1767698100,9000018,train,True,-66.0,6.0,
9000018_1767698400,9000018,train,True,-82.0,8.0,
9000018_1767698700,9000018,train,True,-156.0,-38.0,
9000018_1767699000,9000018,train,True,-185.0,-51.0,
9000018_1767699300,9000018,train,True,-273.0,-141.0,
9000018_1767699600,9000018,train,True,-242.0,-122.0,
9000018_1767700200,9000018,train,True,62.0,-272.0,
9000018_1767700500,9000018,train,True,20.0,-145.0,
9000018_1767700800,9000018,train,True,71.0,-145.0,
9000018_1767701100,9000018,train,True,151.0,60.0,
9000018_1767701400,9000018,train,True,145.0,57.0,
9000018_1767701700,9000018,train,True,83.0,218.0,
9000018_1767702000,9000018,train,True,120.0,174.0,
9000018_1767702300,9000018,train,True,178.0,140.0,
9000018_1767702600,9000018,train,True,247.0,166.0,
9000018_1767702900,9000018,train,True,89.0,137.0,
9000018_1767703200,9000018,train,True,113.0,181.0,
9000018_1767703500,9000018,train,True,134.0,131.0,
9000018_1767703800,9000018,train,True,43.0,87.0,
9000018_1767704100,9000018,train,True,99.0,156.0,
9000018_1767705300,9000018,train,True,134.0,99.0,
9000018_1767705600,9000018,train,True,102.0,99.0,
9000018_1767705900,9000018,train,True,135.0,99.0,
9000018_1767706200,9000018,train,True,356.0,89.0,
9000018_1767706500,9000018,train,True,310.0,130.0,
9000018_1767706800,9000018,train,True,268.0,248.0,
9000018_1767707100,9000018,train,True,262.0,307.0,
9000018_1767707400,9000018,train,True,288.0,286.0,
9000018_1767707700,9000018,train,True,200.0,176.0,
9000018_1767708000,9000018,train,True,231.0,281.0,
9000018_1767708300,9000018,train,True,243.0,243.0,
9000018_1767708600,9000018,train,True,216.0,246.0,
9000018_1767708900,9000018,train,True,116.0,189.0,
9000018_1767709200,9000018,train,True,128.0,244.0,
9000018_1767709800,9000018,train,True,119.0,82.0,
9000018_1767710100,9000018,train,True,80.0,116.0,
9000018_1767710400,9000018,train,True,137.0,116.0,
9000018_1767710700,9000018,train,True,170.0,55.0,
9000018_1767711000,9000018,train,True,139.0,83.0,
9000018_1767711300,9000018,train,True,59.0,147.0,
9000018_1767711600,9000018,train,True,70.0,110.0,
9000018_1767711900,9000018,train,True,1.0,132.0,
9000018_1767712200,9000018,train,True,-32.0,0.0,
9000018_1767712500,9000018,train,True,-64.0,-5.0,
9000018_1767712800,9000018,train,True,-50.0,46.0,
9000018_1767713100,9000018,train,True,70.0,-56.0,
9000018_1767713400,9000018,train,True,11.0,-89.0,
9000018_1767713700,9000018,train,True,97.0,78.0,
9000018_1767716100,9000018,train,True,103.0,66.0,
9000018_1767716400,9000018,train,True,85.0,66.0,
9000018_1767716700,9000018,train,True,45.0,66.0,
9000018_1767717000,9000018,train,True,92.0,73.0,
9000018_1767717300,9000018,train,True,82.0,110.0,
9000018_1767717600,9000018,train,True,23.0,136.0,
9000018_1767717900,9000018,train,True,4.0,93.0,
9000018_1767718200,9000018,train,True,-57.0,63.0,
9000018_1767718500,9000018,train,True,-58.0,-37.0,
9000018_1767718800,9000018,train,True,-65.0,-54.0,
9000018_1767719100,9000018,train,True,-108.0,-5.0,
9000018_1767719400,9000018,train,True,-143.0,-31.0,
9000018_1767719700,9000018,train,True,-237.0,-125.0,
9000018_1767720000,9000018,train,True,-48.0,-166.0,
9000018_1767720600,9000018,train,True,59.0,-192.0,
9000018_1767720900,9000018,train,True,-4.0,-45.0,
9000018_1767721200,9000018,train,True,14.0,-45.0,
9000018_1767721500,9000018,train,True,56.0,18.0,
9000018_1767721800,9000018,train,True,-12.0,21.0,
9000018_1767722100,9000018,train,True,-26.0,83.0,
9000018_1767722400,9000018,train,True,-6.0,-25.0,
9000018_1767722700,9000018,train,True,27.0,-68.0,
9000018_1767723000,9000018,train,True,53.0,27.0,
9000018_1767723300,9000018,train,True,124.0,4.0,
9000018_1767723600,9000018,train,True,160.0,68.0,
9000018_1767723900,9000018,train,True,249.0,82.0,
9000018_1767728700,9000018,train,True,29.0,230.0,
9000018_1767729000,9000018,train,True,212.0,230.0,
9000018_1767729300,9000018,train,True,145.0,230.0,
9000018_1767729600,9000018,train,True,159.0,-1.0,
9000018_1767729900,9000018,train,True,110.0,194.0,
9000018_1767730200,9000018,train,True,67.0,113.0,
9000018_1767730500,9000018,train,True,-25.0,141.0,
9000018_1767730800,9000018,train,True,70.0,45.0,
9000018_1767731100,9000018,train,True,113.0,42.0,
9000018_1767731400,9000018,train,True,80.0,39.0,
9000018_1767731700,9000018,train,True,102.0,87.0,
9000018_1767732000,9000018,train,True,125.0,115.0,
9000018_1767732300,9000018,train,True,53.0,133.0,
9000018_1767732600,9000018,train,True,-23.0,131.0,
9000018_1767732900,9000018,train,True,-66.0,108.0,
9000018_1767733200,9000018,train,True,56.0,-3.0,
9000018_1767733500,9000018,train,True,9.0,-74.0,
9000018_1767733800,9000018,train,True,19.0,63.0,
9000018_1767734100,9000018,train,True,-41.0,12.0,
9000018_1767734400,9000018,train,True,50.0,-13.0,
9000018_1767734700,9000018,train,True,48.0,37.0,
9000018_1767735000,9000018,train,True,40.0,-13.0,
9000018_1767735300,9000018,train,True,44.0,86.0,
9000018_1767735600,9000018,train,True,198.0,64.0,
9000018_1767736500,9000018,train,True,16.0,146.0,
9000018_1767736800,9000018,train,True,11.0,146.0,
9000018_1767737100,9000018,train,True,-17.0,146.0,
9000018_1767737400,9000018,train,True,-2.0,57.0,
9000018_1767737700,9000018,train,True,-103.0,-30.0,
9000018_1767738000,9000018,train,True,-42.0,19.0,
9000019_1767666900,9000019,train,True,-28.0,0.0,
9000019_1767667200,9000019,train,True,4.0,0.0,
9000019_1767667500,9000019,train,True,-2.0,0.0,
9000019_1767667800,9000019,train,True,-26.0,8.0,
9000019_1767668100,9000019,train,True,-89.0,-23.0,
9000019_1767668400,9000019,train,True,-32.0,-120.0,
9000019_1767669600,9000019,train,True,60.0,-40.0,
9000019_1767669900,9000019,train,True,26.0,-40.0,
9000019_1767670200,9000019,train,True,96.0,-40.0,
9000019_1767670500,9000019,train,True,63.0,52.0,
9000019_1767670800,9000019,train,True,-34.0,111.0,
9000019_1767671100,9000019,train,True,-77.0,75.0,
9000019_1767671400,9000019,train,True,-75.0,8.0,
9000019_1767671700,9000019,train,True,-122.0,-28.0,
9000019_1767672000,9000019,train,True,-30.0,-77.0,
9000019_1767672300,9000019,train,True,-97.0,-110.0,
9000019_1767672600,9000019,train,True,-96.0,9.0,
9000019_1767672900,9000019,train,True,-59.0,-56.0,
9000019_1767673200,9000019,train,True,40.0,9.0,
9000019_1767674100,9000019,train,True,30.0,-11.0,
9000019_1767674400,9000019,train,True,65.0,-11.0,
9000019_1767674700,9000019,train,True,160.0,-11.0,
9000019_1767675000,9000019,train,True,85.0,113.0,
9000019_1767675300,9000019,train,True,47.0,144.0,
9000019_1767675600,9000019,train,True,1.0,88.0,
9000019_1767675900,9000019,train,True,-40.0,73.0,
9000019_1767676200,9000019,train,True,-41.0,1.0,
9000019_1767676500,9000019,train,True,52.0,-36.0,
9000019_1767676800,9000019,train,True,17.0,-48.0,
9000019_1767677100,9000019,train,True,-54.0,108.0,
9000019_1767677400,9000019,train,True,-149.0,64.0,
9000019_1767677700,9000019,train,True,-3.0,-52.0,
9000019_1767679500,9000019,train,True,30.0,-2.0,
9000019_1767679800,9000019,train,True,81.0,-2.0,
9000019_1767680100,9000019,train,True,71.0,-2.0,
9000019_1767680400,9000019,train,True,55.0,68.0,
9000019_1767680700,9000019,train,True,4.0,94.0,
9000019_1767681000,9000019,train,True,-19.0,61.0,
9000019_1767681300,9000019,train,True,-21.0,-8.0,
9000019_1767681600,9000019,train,True,-75.0,12.0,
9000019_1767681900,9000019,train,True,-11.0,1.0,
9000019_1767682200,9000019,train,True,-75.0,-52.0,
9000019_1767682500,9000019,train,True,-43.0,-2.0,
9000019_1767682800,9000019,train,True,-89.0,-54.0,
9000019_1767683100,9000019,train,True,-13.0,-34.0,
9000019_1767683700,9000019,train,True,-12.0,-63.0,
9000019_1767684000,9000019,train,True,47.0,1.0,
9000019_1767684300,9000019,train,True,97.0,1.0,
9000019_1767684600,9000019,train,True,-6.0,72.0,
9000019_1767684900,9000019,train,True,-17.0,60.0,
9000019_1767685200,9000019,train,True,-78.0,121.0,
9000019_1767685500,9000019,train,True,-79.0,-30.0,
9000019_1767685800,9000019,train,True,-21.0,-57.0,
9000019_1767686100,9000019,train,True,-71.0,-59.0,
9000019_1767686400,9000019,train,True,-33.0,-150.0,
9000019_1767686700,9000019,train,True,-24.0,-44.0,
9000019_1767687000,9000019,train,True,-79.0,-83.0,
9000019_1767687300,9000019,train,True,100.0,-8.0,
9000019_1767687600,9000019,train,True,87.0,-94.0,
9000019_1767687900,9000019,train,True,77.0,65.0,
9000019_1767688200,9000019,train,True,213.0,100.0,
9000019_1767688500,9000019,train,True,150.0,97.0,
9000019_1767688800,9000019,train,True,133.0,169.0,
9000019_1767689100,9000019,train,True,104.0,208.0,
9000019_1767689400,9000019,train,True,12.0,151.0,
9000019_1767689700,9000019,train,True,-78.0,175.0,
9000019_1767690000,9000019,train,True,-100.0,-10.0,
9000019_1767690300,9000019,train,True,-98.0,-21.0,
9000019_1767690600,9000019,train,True,-81.0,-104.0,
9000019_1767690900,9000019,train,True,-142.0,-81.0,
9000019_1767691200,9000019,train,True,7.0,-116.0,
9000019_1767691800,9000019,train,True,37.0,-117.0,
9000019_1767692100,9000019,train,True,12.0,47.0,
9000019_1767692400,9000019,train,True,143.0,47.0,
9000019_1767692700,9000019,train,True,134.0,30.0,
9000019_1767693000,9000019,train,True,114.0,79.0,
9000019_1767693300,9000019,train,True,48.0,220.0,
9000019_1767693600,9000019,train,True,20.0,148.0,
9000019_1767693900,9000019,train,True,-12.0,75.0,
9000019_1767694200,9000019,train,True,61.0,98.0,
9000019_1767694500,9000019,train,True,-22.0,-49.0,
9000019_1767694800,9000019,train,True,5.0,10.0,
9000019_1767695100,9000019,train,True,6.0,-63.0,
9000019_1767695400,9000019,train,True,-19.0,-45.0,
9000019_1767695700,9000019,train,True,74.0,37.0,
9000019_1767696000,9000019,train,True,175.0,1.0,
9000019_1767696300,9000019,train,True,191.0,121.0,
9000019_1767696600,9000019,train,True,161.0,74.0,
9000019_1767696900,9000019,train,True,147.0,162.0,
9000019_1767697200,9000019,train,True,90.0,182.0,
9000019_1767697500,9000019,train,True,23.0,209.0,
9000019_1767697800,9000019,train,True,36.0,86.0,
9000019_1767698100,9000019,train,True,-12.0,56.0,
9000019_1767698400,9000019,train,True,-64.0,-5.0,
9000019_1767698700,9000019,train,True,-181.0,-6.0,
9000019_1767699000,9000019,train,True,-138.0,-19.0,
9000019_1767699300,9000019,train,True,-161.0,-135.0,
9000019_1767699600,9000019,train,True,-327.0,-151.0,
9000019_1767699900,9000019,train,True,-159.0,-219.0,
9000019_1767700500,9000019,train,True,81.0,-245.0,
9000019_1767700800,9000019,train,True,49.0,-158.0,
9000019_1767701100,9000019,train,True,130.0,-158.0,
9000019_1767701400,9000019,train,True,120.0,49.0,
9000019_1767701700,9000019,train,True,157.0,72.0,
9000019_1767702000,9000019,train,True,97.0,239.0,
9000019_1767702300,9000019,train,True,147.0,135.0,
9000019_1767702600,9000019,train,True,158.0,68.0,
9000019_1767702900,9000019,train,True,156.0,187.0,
9000019_1767703200,9000019,train,True,95.0,203.0,
9000019_1767703500,9000019,train,True,181.0,176.0,
9000019_1767703800,9000019,train,True,123.0,107.0,
9000019_1767704100,9000019,train,True,23.0,110.0,
9000019_1767705600,9000019,train,True,120.0,160.0,
9000019_1767705900,9000019,train,True,53.0,160.0,
9000019_1767706200,9000019,train,True,99.0,160.0,
9000019_1767706500,9000019,train,True,374.0,74.0,
9000019_1767706800,9000019,train,True,296.0,93.0,
9000019_1767707100,9000019,train,True,253.0,357.0,
9000019_1767707400,9000019,train,True,232.0,334.0,
9000019_1767707700,9000019,train,True,289.0,254.0,
9000019_1767708000,9000019,train,True,206.0,240.0,
9000019_1767708300,9000019,train,True,209.0,336.0,
9000019_1767708600,9000019,train,True,240.0,258.0,
9000019_1767708900,9000019,train,True,126.0,236.0,
9000019_1767709200,9000019,train,True,113.0,200.0,
9000019_1767709500,9000019,train,True,112.0,207.0,
9000019_1767710100,9000019,train,True,83.0,108.0,
9000019_1767710400,9000019,train,True,76.0,114.0,
9000019_1767710700,9000019,train,True,101.0,114.0,
9000019_1767711000,9000019,train,True,178.0,63.0,
9000019_1767711300,9000019,train,True,95.0,127.0,
9000019_1767711600,9000019,train,True,73.0,169.0,
9000019_1767711900,9000019,train,True,99.0,163.0,
9000019_1767712200,9000019,train,True,25.0,45.0,
9000019_1767712500,9000019,train,True,-26.0,83.0,
9000019_1767712800,9000019,train,True,-76.0,3.0,
9000019_1767713100,9000019,train,True,-116.0,2.0,
9000019_1767713400,9000019,train,True,81.0,-60.0,
9000019_1767713700,9000019,train,True,-24.0,-29.0,
9000019_1767714000,9000019,train,True,68.0,122.0,
9000019_1767716400,9000019,train,True,64.0,88.0,
9000019_1767716700,9000019,train,True,108.0,88.0,
9000019_1767717000,9000019,train,True,45.0,88.0,
9000019_1767717300,9000019,train,True,132.0,79.0,
9000019_1767717600,9000019,train,True,41.0,82.0,
9000019_1767717900,9000019,train,True,57.0,107.0,
9000019_1767718200,9000019,train,True,5.0,100.0,
9000019_1767718500,9000019,train,True,-45.0,18.0,
9000019_1767718800,9000019,train,True,-40.0,-19.0,
9000019_1767719100,9000019,train,True,-81.0,-55.0,
9000019_1767719400,9000019,train,True,-100.0,-37.0,
9000019_1767719700,9000019,train,True,-173.0,-39.0,
9000019_1767720000,9000019,train,True,-211.0,-79.0,
9000019_1767720300,9000019,train,True,-55.0,-161.0,
9000019_1767720900,9000019,train,True,56.0,-183.0,
9000019_1767721200,9000019,train,True,49.0,-36.0,
9000019_1767721500,9000019,train,True,21.0,-36.0,
9000019_1767721800,9000019,train,True,27.0,39.0,
9000019_1767722100,9000019,train,True,-48.0,6.0,
9000019_1767722400,9000019,train,True,-26.0,62.0,
9000019_1767722700,9000019,train,True,-93.0,-61.0,
9000019_1767723000,9000019,train,True,56.0,-30.0,
9000019_1767723300,9000019,train,True,62.0,-19.0,
9000019_1767723600,9000019,train,True,118.0,32.0,
9000019_1767723900,9000019,train,True,158.0,34.0,
9000019_1767724200,9000019,train,True,227.0,102.0,
9000019_1767729000,9000019,train,True,45.0,191.0,
9000019_1767729300,9000019,train,True,179.0,191.0,
9000019_1767729600,9000019,train,True,156.0,191.0,
9000019_1767729900,9000019,train,True,178.0,9.0,
9000019_1767730200,9000019,train,True,76.0,190.0,
9000019_1767730500,9000019,train,True,111.0,136.0,
9000019_1767730800,9000019,train,True,-12.0,97.0,
9000019_1767731100,9000019,train,True,103.0,52.0,
9000019_1767731400,9000019,train,True,41.0,5.0,
9000019_1767731700,9000019,train,True,92.0,65.0,
9000019_1767732000,9000019,train,True,101.0,70.0,
9000019_1767732300,9000019,train,True,163.0,80.0,
9000019_1767732600,9000019,train,True,60.0,90.0,
9000019_1767732900,9000019,train,True,-7.0,89.0,
9000019_1767733200,9000019,train,True,7.0,163.0,
9000019_1767733500,9000019,train,True,78.0,3.0,
9000019_1767733800,9000019,train,True,-3.0,-63.0,
9000019_1767734100,9000019,train,True,73.0,58.0,
9000019_1767734400,9000019,train,True,-4.0,12.0,
9000019_1767734700,9000019,train,True,61.0,6.0,
9000019_1767735000,9000019,train,True,36.0,-21.0,
9000019_1767735300,9000019,train,True,55.0,60.0,
9000019_1767735600,9000019,train,True,45.0,74.0,
9000019_1767735900,9000019,train,True,159.0,68.0,
9000019_1767736800,9000019,train,True,44.0,159.0,
9000019_1767737100,9000019,train,True,18.0,159.0,
9000019_1767737400,9000019,train,True,32.0,159.0,
9000019_1767737700,9000019,train,True,15.0,20.0,
9000019_1767738000,9000019,train,True,-85.0,-20.0,
9000019_1767738300,9000019,train,True,-22.0,-18.0,
9000020_1767666300,9000020,train,True,28.0,0.0,
9000020_1767666600,9000020,train,True,94.0,0.0,
9000020_1767666900,9000020,train,True,33.0,0.0,
9000020_1767667200,9000020,train,True,95.0,92.0,
9000020_1767667500,9000020,train,True,105.0,70.0,
9000020_1767667800,9000020,train,True,150.0,165.0,
9000020_1767668100,9000020,train,True,118.0,120.0,
9000020_1767668400,9000020,train,True,104.0,159.0,
9000020_1767668700,9000020,train,True,127.0,162.0,
9000020_1767669000,9000020,train,True,169.0,96.0,
9000020_1767669300,9000020,train,True,149.0,131.0,
9000020_1767669600,9000020,train,True,146.0,110.0,
9000020_1767669900,9000020,train,True,15.0,90.0,
9000020_1767670200,9000020,train,True,3.0,122.0,
9000020_1767670500,9000020,train,True,-5.0,74.0,
9000020_1767670800,9000020,train,True,114.0,56.0,
9000020_1767671100,9000020,train,True,57.0,-23.0,
9000020_1767671400,9000020,train,True,93.0,75.0,
9000020_1767671700,9000020,train,True,140.0,107.0,
9000020_1767672000,9000020,train,True,248.0,77.0,
9000020_1767672300,9000020,train,True,344.0,108.0,
9000020_1767672600,9000020,train,True,340.0,171.0,
9000020_1767672900,9000020,train,True,365.0,374.0,
9000020_1767673200,9000020,train,True,377.0,387.0,
9000020_1767673500,9000020,train,True,285.0,377.0,
9000020_1767673800,9000020,train,True,83.0,373.0,
9000020_1767674100,9000020,train,True,106.0,250.0,
9000020_1767674400,9000020,train,True,144.0,224.0,
9000020_1767674700,9000020,train,True,212.0,83.0,
9000020_1767675000,9000020,train,True,161.0,143.0,
9000020_1767675300,9000020,train,True,165.0,133.0,
9000020_1767675600,9000020,train,True,132.0,214.0,
9000020_1767675900,9000020,train,True,76.0,143.0,
9000020_1767676200,9000020,train,True,199.0,154.0,
9000020_1767676500,9000020,train,True,-55.0,103.0,
9000020_1767678300,9000020,train,True,31.0,-55.0,
9000020_1767678600,9000020,train,True,40.0,-55.0,
9000020_1767678900,9000020,train,True,-85.0,-55.0,
9000020_1767679200,9000020,train,True,-77.0,43.0,
9000020_1767679500,9000020,train,True,-103.0,-17.0,
9000020_1767679800,9000020,train,True,-93.0,-71.0,
9000020_1767680100,9000020,train,True,-70.0,-95.0,
9000020_1767680400,9000020,train,True,-42.0,-105.0,
9000020_1767680700,9000020,train,True,-52.0,-28.0,
9000020_1767681000,9000020,train,True,27.0,47.0,
9000020_1767681300,9000020,train,True,47.0,-54.0,
9000020_1767681600,9000020,train,True,139.0,60.0,
9000020_1767681900,9000020,train,True,-2.0,0.0,
9000020_1767682200,9000020,train,True,40.0,70.0,
9000020_1767682500,9000020,train,True,-47.0,130.0,
9000020_1767682800,9000020,train,True,108.0,40.0,
9000020_1767683100,9000020,train,True,129.0,-52.0,
9000020_1767683400,9000020,train,True,38.0,13.0,
9000020_1767683700,9000020,train,True,65.0,75.0,
9000020_1767684000,9000020,train,True,108.0,71.0,
9000020_1767684300,9000020,train,True,160.0,38.0,
9000020_1767684600,9000020,train,True,114.0,95.0,
9000020_1767684900,9000020,train,True,54.0,135.0,
9000020_1767685200,9000020,train,True,35.0,164.0,
9000020_1767685500,9000020,train,True,30.0,61.0,
9000020_1767685800,9000020,train,True,45.0,35.0,
9000020_1767686100,9000020,train,True,104.0,107.0,
9000020_1767686400,9000020,train,True,149.0,28.0,
9000020_1767686700,9000020,train,True,108.0,-33.0,
9000020_1767687000,9000020,train,True,162.0,88.0,
9000020_1767687300,9000020,train,True,128.0,164.0,
9000020_1767687600,9000020,train,True,10.0,174.0,
9000020_1767687900,9000020,train,True,114.0,157.0,
9000020_1767688200,9000020,train,True,67.0,151.0,
9000020_1767688500,9000020,train,True,144.0,-27.0,
9000020_1767688800,9000020,train,True,-55.0,94.0,
9000020_1767702000,9000020,train,True,-58.0,-55.0,
9000020_1767702300,9000020,train,True,38.0,-55.0,
9000020_1767702600,9000020,train,True,65.0,-55.0,
9000020_1767702900,9000020,train,True,86.0,79.0,
9000020_1767703200,9000020,train,True,8.0,17.0,
9000020_1767703500,9000020,train,True,29.0,116.0,
9000020_1767703800,9000020,train,True,91.0,-12.0,
9000020_1767704100,9000020,train,True,116.0,32.0,
9000020_1767704400,9000020,train,True,48.0,68.0,
9000020_1767704700,9000020,train,True,114.0,63.0,
9000020_1767705000,9000020,train,True,112.0,39.0,
9000020_1767705300,9000020,train,True,263.0,38.0,
9000020_1767705600,9000020,train,True,220.0,149.0,
9000020_1767705900,9000020,train,True,240.0,174.0,
9000020_1767706200,9000020,train,True,188.0,328.0,
9000020_1767706500,9000020,train,True,53.0,232.0,
9000020_1767706800,9000020,train,True,27.0,240.0,
9000020_1767707100,9000020,train,True,74.0,108.0,
9000020_1767707400,9000020,train,True,52.0,55.0,
9000020_1767707700,9000020,train,True,48.0,94.0,
9000020_1767708000,9000020,train,True,43.0,57.0,
9000020_1767708300,9000020,train,True,76.0,56.0,
9000020_1767708600,9000020,train,True,-36.0,85.0,
9000020_1767708900,9000020,train,True,65.0,62.0,
9000020_1767709200,9000020,train,True,68.0,70.0,
9000020_1767709500,9000020,train,True,168.0,-17.0,
9000020_1767709800,9000020,train,True,298.0,89.0,
9000020_1767710100,9000020,train,True,181.0,204.0,
9000020_1767710400,9000020,train,True,178.0,225.0,
9000020_1767710700,9000020,train,True,166.0,214.0,
9000020_1767711000,9000020,train,True,216.0,178.0,
9000020_1767711300,9000020,train,True,160.0,200.0,
9000020_1767711600,9000020,train,True,132.0,267.0,
9000020_1767711900,9000020,train,True,31.0,212.0,
9000020_1767712200,9000020,train,True,17.0,241.0,
9000020_1767712500,9000020,train,True,153.0,105.0,
9000020_1767712800,9000020,train,True,-53.0,69.0,
9000020_1767720000,9000020,train,True,49.0,-53.0,
9000020_1767720300,9000020,train,True,104.0,-53.0,
9000020_1767720600,9000020,train,True,90.0,-53.0,
9000020_1767720900,9000020,train,True,109.0,43.0,
9000020_1767721200,9000020,train,True,165.0,103.0,
9000020_1767721500,9000020,train,True,394.0,119.0,
9000020_1767721800,9000020,train,True,326.0,184.0,
9000020_1767722100,9000020,train,True,397.0,327.0,
9000020_1767722400,9000020,train,True,495.0,378.0,
9000020_1767722700,9000020,train,True,416.0,341.0,
9000020_1767723000,9000020,train,True,425.0,418.0,
9000020_1767729300,9000020,train,True,109.0,401.0,
9000020_1767729600,9000020,train,True,141.0,401.0,
9000020_1767729900,9000020,train,True,266.0,401.0,
9000020_1767730200,9000020,train,True,194.0,176.0,
9000020_1767730500,9000020,train,True,135.0,87.0,
9000020_1767730800,9000020,train,True,165.0,207.0,
9000020_1767731100,9000020,train,True,279.0,132.0,
9000020_1767731400,9000020,train,True,313.0,205.0,
9000020_1767731700,9000020,train,True,372.0,220.0,
9000020_1767732000,9000020,train,True,417.0,308.0,
9000020_1767732300,9000020,train,True,410.0,368.0,
9000020_1767732600,9000020,train,True,435.0,400.0,
9000020_1767732900,9000020,train,True,444.0,418.0,
9000020_1767733200,9000020,train,True,463.0,400.0,
9000020_1767733500,9000020,train,True,396.0,419.0,
9000020_1767733800,9000020,train,True,413.0,458.0,
9000020_1767734100,9000020,train,True,441.0,449.0,
9000020_1767734700,9000020,train,True,12.0,428.0,
9000020_1767735000,9000020,train,True,17.0,441.0,
9000020_1767735300,9000020,train,True,-16.0,441.0,
9000020_1767735600,9000020,train,True,18.0,22.0,
9000020_1767735900,9000020,train,True,5.0,1.0,
9000020_1767736200,9000020,train,True,8.0,7.0,
9000020_1767736500,9000020,train,True,-17.0,52.0,
9000020_1767736800,9000020,train,True,-6.0,7.0,
9000020_1767737100,9000020,train,True,40.0,-16.0,
9000020_1767737400,9000020,train,True,19.0,-22.0,
9000020_1767737700,9000020,train,True,9.0,10.0,
9000020_1767738000,9000020,train,True,-10.0,2.0,
9000020_1767738300,9000020,train,True,-30.0,18.0,
9000020_1767738600,9000020,train,True,-29.0,-23.0,
9000020_1767738900,9000020,train,True,-52.0,29.0,
9000020_1767739200,9000020,train,True,-8.0,-30.0,
9000020_1767739500,9000020,train,True,3.0,6.0,
9000021_1767665700,9000021,train,True,36.0,0.0,
9000021_1767666000,9000021,train,True,64.0,0.0,
9000021_1767666300,9000021,train,True,89.0,0.0,
9000021_1767666600,9000021,train,True,174.0,43.0,
9000021_1767666900,9000021,train,True,86.0,64.0,
9000021_1767667200,9000021,train,True,157.0,172.0,
9000021_1767667500,9000021,train,True,102.0,125.0,
9000021_1767667800,9000021,train,True,107.0,136.0,
9000021_1767668100,9000021,train,True,67.0,177.0,
9000021_1767668400,9000021,train,True,195.0,88.0,
9000021_1767668700,9000021,train,True,182.0,90.0,
9000021_1767669000,9000021,train,True,143.0,102.0,
9000021_1767669300,9000021,train,True,73.0,123.0,
9000021_1767669600,9000021,train,True,-25.0,151.0,
9000021_1767669900,9000021,train,True,-15.0,75.0,
9000021_1767670200,9000021,train,True,75.0,50.0,
9000021_1767670500,9000021,train,True,96.0,-12.0,
9000021_1767670800,9000021,train,True,64.0,42.0,
9000021_1767671100,9000021,train,True,139.0,85.0,
9000021_1767671400,9000021,train,True,267.0,47.0,
9000021_1767671700,9000021,train,True,347.0,88.0,
9000021_1767672000,9000021,train,True,356.0,216.0,
9000021_1767672300,9000021,train,True,347.0,402.0,
9000021_1767672600,9000021,train,True,378.0,379.0,
9000021_1767672900,9000021,train,True,266.0,346.0,
9000021_1767673200,9000021,train,True,100.0,349.0,
9000021_1767673500,9000021,train,True,103.0,234.0,
9000021_1767673800,9000021,train,True,118.0,167.0,
9000021_1767674100,9000021,train,True,216.0,100.0,
9000021_1767674400,9000021,train,True,192.0,100.0,
9000021_1767674700,9000021,train,True,186.0,110.0,
9000021_1767675000,9000021,train,True,122.0,193.0,
9000021_1767675300,9000021,train,True,48.0,107.0,
9000021_1767675600,9000021,train,True,232.0,91.0,
9000021_1767675900,9000021,train,True,-19.0,63.0,
9000021_1767677700,9000021,train,True,-3.0,-19.0,
9000021_1767678000,9000021,train,True,40.0,-19.0,
9000021_1767678300,9000021,train,True,-45.0,-19.0,
9000021_1767678600,9000021,train,True,-57.0,-4.0,
9000021_1767678900,9000021,train,True,-101.0,2.0,
9000021_1767679200,9000021,train,True,-59.0,-46.0,
9000021_1767679500,9000021,train,True,-81.0,-101.0,
9000021_1767679800,9000021,train,True,-75.0,-91.0,
9000021_1767680100,9000021,train,True,-29.0,-25.0,
9000021_1767680400,9000021,train,True,42.0,11.0,
9000021_1767680700,9000021,train,True,59.0,-20.0,
9000021_1767681000,9000021,train,True,113.0,43.0,
9000021_1767681300,9000021,train,True,36.0,-18.0,
9000021_1767681600,9000021,train,True,43.0,84.0,
9000021_1767681900,9000021,train,True,-76.0,161.0,
9000021_1767682200,9000021,train,True,79.0,1.0,
9000021_1767682500,9000021,train,True,125.0,-92.0,
9000021_1767682800,9000021,train,True,56.0,7.0,
9000021_1767683100,9000021,train,True,61.0,83.0,
9000021_1767683400,9000021,train,True,78.0,103.0,
9000021_1767683700,9000021,train,True,177.0,56.0,
9000021_1767684000,9000021,train,True,119.0,109.0,
9000021_1767684300,9000021,train,True,38.0,75.0,
9000021_1767684600,9000021,train,True,38.0,122.0,
9000021_1767684900,9000021,train,True,68.0,67.0,
9000021_1767685200,9000021,train,True,6.0,0.0,
9000021_1767685500,9000021,train,True,108.0,100.0,
9000021_1767685800,9000021,train,True,134.0,28.0,
9000021_1767686100,9000021,train,True,142.0,-14.0,
9000021_1767686400,9000021,train,True,193.0,90.0,
9000021_1767686700,9000021,train,True,158.0,147.0,
9000021_1767687000,9000021,train,True,23.0,142.0,
9000021_1767687300,9000021,train,True,94.0,150.0,
9000021_1767687600,9000021,train,True,47.0,142.0,
9000021_1767687900,9000021,train,True,168.0,37.0,
9000021_1767688200,9000021,train,True,-46.0,115.0,
9000021_1767701400,9000021,train,True,-48.0,-46.0,
9000021_1767701700,9000021,train,True,75.0,-46.0,
9000021_1767702000,9000021,train,True,73.0,-46.0,
9000021_1767702300,9000021,train,True,73.0,83.0,
9000021_1767702600,9000021,train,True,23.0,51.0,
9000021_1767702900,9000021,train,True,38.0,78.0,
9000021_1767703200,9000021,train,True,110.0,-22.0,
9000021_1767703500,9000021,train,True,125.0,10.0,
9000021_1767703800,9000021,train,True,53.0,60.0,
9000021_1767704100,9000021,train,True,104.0,89.0,
9000021_1767704400,9000021,train,True,94.0,98.0,
9000021_1767704700,9000021,train,True,221.0,42.0,
9000021_1767705000,9000021,train,True,247.0,135.0,
9000021_1767705300,9000021,train,True,254.0,157.0,
9000021_1767705600,9000021,train,True,195.0,276.0,
9000021_1767705900,9000021,train,True,58.0,212.0,
9000021_1767706200,9000021,train,True,30.0,254.0,
9000021_1767706500,9000021,train,True,36.0,113.0,
9000021_1767706800,9000021,train,True,82.0,44.0,
9000021_1767707100,9000021,train,True,67.0,32.0,
9000021_1767707400,9000021,train,True,18.0,58.0,
9000021_1767707700,9000021,train,True,83.0,77.0,
9000021_1767708000,9000021,train,True,24.0,42.0,
9000021_1767708300,9000021,train,True,96.0,22.0,
9000021_1767708600,9000021,train,True,76.0,50.0,
9000021_1767708900,9000021,train,True,147.0,71.0,
9000021_1767709200,9000021,train,True,297.0,93.0,
9000021_1767709500,9000021,train,True,224.0,150.0,
9000021_1767709800,9000021,train,True,187.0,224.0,
9000021_1767710100,9000021,train,True,144.0,244.0,
9000021_1767710400,9000021,train,True,258.0,183.0,
9000021_1767710700,9000021,train,True,165.0,189.0,
9000021_1767711000,9000021,train,True,90.0,216.0,
9000021_1767711300,9000021,train,True,66.0,201.0,
9000021_1767711600,9000021,train,True,20.0,151.0,
9000021_1767711900,9000021,train,True,186.0,62.0,
9000021_1767712200,9000021,train,True,-29.0,84.0,
9000021_1767719400,9000021,train,True,6.0,-29.0,
9000021_1767719700,9000021,train,True,96.0,-29.0,
9000021_1767720000,9000021,train,True,63.0,-29.0,
9000021_1767720300,9000021,train,True,104.0,33.0,
9000021_1767720600,9000021,train,True,175.0,122.0,
9000021_1767720900,9000021,train,True,410.0,119.0,
9000021_1767721200,9000021,train,True,364.0,202.0,
9000021_1767721500,9000021,train,True,384.0,343.0,
9000021_1767721800,9000021,train,True,489.0,406.0,
9000021_1767722100,9000021,train,True,443.0,338.0,
9000021_1767722400,9000021,train,True,395.0,445.0,
9000021_1767728700,9000021,train,True,90.0,375.0,
9000021_1767729000,9000021,train,True,147.0,375.0,
9000021_1767729300,9000021,train,True,264.0,375.0,
9000021_1767729600,9000021,train,True,136.0,214.0,
9000021_1767729900,9000021,train,True,98.0,91.0,
9000021_1767730200,9000021,train,True,182.0,188.0,
9000021_1767730500,9000021,train,True,279.0,146.0,
9000021_1767730800,9000021,train,True,309.0,190.0,
9000021_1767731100,9000021,train,True,327.0,202.0,
9000021_1767731400,9000021,train,True,405.0,257.0,
9000021_1767731700,9000021,train,True,401.0,346.0,
9000021_1767732000,9000021,train,True,463.0,404.0,
9000021_1767732300,9000021,train,True,418.0,436.0,
9000021_1767732600,9000021,train,True,436.0,458.0,
9000021_1767732900,9000021,train,True,469.0,437.0,
9000021_1767733200,9000021,train,True,425.0,445.0,
9000021_1767733500,9000021,train,True,423.0,436.0,
9000021_1767734100,9000021,train,True,31.0,422.0,
9000021_1767734400,9000021,train,True,13.0,423.0,
9000021_1767734700,9000021,train,True,-26.0,423.0,
9000021_1767735000,9000021,train,True,-6.0,15.0,
9000021_1767735300,9000021,train,True,10.0,-25.0,
9000021_1767735600,9000021,train,True,6.0,3.0,
9000021_1767735900,9000021,train,True,2.0,-11.0,
9000021_1767736200,9000021,train,True,-7.0,16.0,
9000021_1767736500,9000021,train,True,-15.0,51.0,
9000021_1767736800,9000021,train,True,-18.0,-5.0,
9000021_1767737100,9000021,train,True,-3.0,5.0,
9000021_1767737400,9000021,train,True,-11.0,11.0,
9000021_1767737700,9000021,train,True,-54.0,-4.0,
9000021_1767738000,9000021,train,True,-15.0,3.0,
9000021_1767738300,9000021,train,True,-21.0,-26.0,
9000021_1767738600,9000021,train,True,22.0,-17.0,
9000021_1767738900,9000021,train,True,8.0,-9.0,
9000022_1767739200,9000022,train,True,15.0,0.0,
9000022_1767739500,9000022,train,True,-3.0,0.0,
9000022_1767739800,9000022,train,True,15.0,0.0,
9000022_1767740100,9000022,train,True,-17.0,-21.0,
9000022_1767740400,9000022,train,True,27.0,2.0,
9000022_1767740700,9000022,train,True,-25.0,-7.0,
9000022_1767741000,9000022,train,True,-16.0,-44.0,
9000022_1767741300,9000022,train,True,-1.0,8.0,
9000022_1767741600,9000022,train,True,-18.0,-20.0,
9000022_1767741900,9000022,train,True,-1.0,-3.0,
9000022_1767742200,9000022,train,True,9.0,8.0,
9000022_1767742500,9000022,train,True,20.0,10.0,
9000022_1767742800,9000022,train,True,-7.0,31.0,
9000022_1767743100,9000022,train,True,-15.0,-6.0,
9000022_1767743400,9000022,train,True,-8.0,-20.0,
9000022_1767743700,9000022,train,True,-4.0,34.0,
9000022_1767744000,9000022,train,True,36.0,5.0,
9000022_1767744900,9000022,train,True,-2.0,0.0,
9000023_1767738900,9000023,train,True,13.0,0.0,
9000023_1767739200,9000023,train,True,9.0,0.0,
9000023_1767739500,9000023,train,True,17.0,0.0,
9000023_1767739800,9000023,train,True,1.0,-22.0,
9000023_1767740100,9000023,train,True,-14.0,19.0,
9000023_1767740400,9000023,train,True,9.0,-19.0,
9000023_1767740700,9000023,train,True,-34.0,-8.0,
9000023_1767741000,9000023,train,True,-6.0,-11.0,
9000023_1767741300,9000023,train,True,-33.0,10.0,
9000023_1767741600,9000023,train,True,33.0,14.0,
9000023_1767741900,9000023,train,True,61.0,9.0,
9000023_1767742200,9000023,train,True,-12.0,20.0,
9000023_1767742500,9000023,train,True,-28.0,-9.0,
9000023_1767742800,9000023,train,True,13.0,4.0,
9000023_1767743100,9000023,train,True,5.0,10.0,
9000023_1767743400,9000023,train,True,13.0,57.0,
9000023_1767743700,9000023,train,True,16.0,-22.0,
9000023_1767744600,9000023,train,True,-14.0,-4.0,
9000024_1767669600,9000024,train,True,55.0,0.0,
9000024_1767669900,9000024,train,True,51.0,0.0,
9000024_1767670200,9000024,train,True,92.0,0.0,
9000024_1767670500,9000024,train,True,25.0,12.0,
9000024_1767670800,9000024,train,True,81.0,92.0,
9000024_1767671100,9000024,train,True,40.0,51.0,
9000024_1767671400,9000024,train,True,83.0,50.0,
9000024_1767671700,9000024,train,True,-15.0,89.0,
9000024_1767672000,9000024,train,True,-136.0,47.0,
9000024_1767672300,9000024,train,True,-112.0,-61.0,
9000024_1767672600,9000024,train,True,-146.0,-74.0,
9000024_1767672900,9000024,train,True,42.0,-155.0,
9000024_1767673200,9000024,train,True,159.0,-71.0,
9000024_1767673500,9000024,train,True,54.0,77.0,
9000024_1767673800,9000024,train,True,160.0,165.0,
9000024_1767674100,9000024,train,True,110.0,137.0,
9000024_1767674400,9000024,train,True,64.0,106.0,
9000024_1767674700,9000024,train,True,108.0,91.0,
9000024_1767675000,9000024,train,True,315.0,131.0,
9000024_1767675300,9000024,train,True,229.0,62.0,
9000024_1767675600,9000024,train,True,182.0,304.0,
9000024_1767675900,9000024,train,True,-36.0,296.0,
9000024_1767679500,9000024,train,True,3.0,-36.0,
9000024_1767679800,9000024,train,True,66.0,-36.0,
9000024_1767680100,9000024,train,True,-33.0,-36.0,
9000024_1767680400,9000024,train,True,34.0,71.0,
9000024_1767680700,9000024,train,True,63.0,-46.0,
9000024_1767681000,9000024,train,True,-7.0,-5.0,
9000024_1767681300,9000024,train,True,-131.0,94.0,
9000024_1767681600,9000024,train,True,-89.0,75.0,
9000024_1767681900,9000024,train,True,-153.0,-55.0,
9000024_1767682200,9000024,train,True,-161.0,-44.0,
9000024_1767682500,9000024,train,True,-235.0,-120.0,
9000024_1767682800,9000024,train,True,-178.0,-200.0,
9000024_1767683100,9000024,train,True,-75.0,-116.0,
9000024_1767683400,9000024,train,True,-68.0,-235.0,
9000024_1767683700,9000024,train,True,-108.0,-64.0,
9000024_1767684000,9000024,train,True,-85.0,-93.0,
9000024_1767684300,9000024,train,True,-71.0,-72.0,
9000024_1767684600,9000024,train,True,-27.0,-32.0,
9000024_1767684900,9000024,train,True,254.0,-91.0,
9000024_1767685200,9000024,train,True,274.0,-35.0,
9000024_1767685500,9000024,train,True,218.0,110.0,
9000024_1767685800,9000024,train,True,282.0,263.0,
9000024_1767697500,9000024,train,True,88.0,282.0,
9000024_1767697800,9000024,train,True,162.0,282.0,
9000024_1767698100,9000024,train,True,126.0,282.0,
9000024_1767698400,9000024,train,True,60.0,252.0,
9000024_1767698700,9000024,train,True,64.0,124.0,
9000024_1767699000,9000024,train,True,35.0,90.0,
9000024_1767699300,9000024,train,True,-20.0,20.0,
9000024_1767699600,9000024,train,True,-20.0,-3.0,
9000024_1767699900,9000024,train,True,-47.0,-23.0,
9000024_1767700200,9000024,train,True,-111.0,66.0,
9000024_1767700500,9000024,train,True,-105.0,-62.0,
9000024_1767700800,9000024,train,True,-158.0,-90.0,
9000024_1767701100,9000024,train,True,-164.0,-147.0,
9000024_1767701400,9000024,train,True,-59.0,-96.0,
9000024_1767701700,9000024,train,True,-47.0,-118.0,
9000024_1767702000,9000024,train,True,-78.0,16.0,
9000024_1767702300,9000024,train,True,-123.0,15.0,
9000024_1767702600,9000024,train,True,-176.0,-24.0,
9000024_1767702900,9000024,train,True,-178.0,-135.0,
9000024_1767703200,9000024,train,True,-26.0,-170.0,
9000024_1767703500,9000024,train,True,47.0,-141.0,
9000024_1767703800,9000024,train,True,21.0,2.0,
9000024_1767704100,9000024,train,True,38.0,1.0,
9000024_1767705300,9000024,train,True,57.0,-19.0,
9000024_1767705600,9000024,train,True,121.0,-19.0,
9000024_1767705900,9000024,train,True,218.0,-19.0,
9000024_1767706200,9000024,train,True,164.0,109.0,
9000024_1767706500,9000024,train,True,84.0,146.0,
9000024_1767706800,9000024,train,True,314.0,174.0,
9000024_1767707100,9000024,train,True,203.0,77.0,
9000024_1767707400,9000024,train,True,33.0,267.0,
9000024_1767707700,9000024,train,True,-5.0,218.0,
9000024_1767708000,9000024,train,True,-82.0,121.0,
9000024_1767708300,9000024,train,True,-100.0,20.0,
9000024_1767708600,9000024,train,True,-44.0,-30.0,
9000024_1767708900,9000024,train,True,-51.0,-75.0,
9000024_1767709200,9000024,train,True,-8.0,-47.0,
9000024_1767709500,9000024,train,True,-84.0,-44.0,
9000024_1767709800,9000024,train,True,-80.0,-26.0,
9000024_1767710100,9000024,train,True,-191.0,-67.0,
9000024_1767710400,9000024,train,True,-140.0,-102.0,
9000024_1767710700,9000024,train,True,-152.0,-130.0,
9000024_1767711000,9000024,train,True,-19.0,-136.0,
9000024_1767711300,9000024,train,True,-41.0,-125.0,
9000024_1767711600,9000024,train,True,-2.0,-38.0,
9000024_1767711900,9000024,train,True,38.0,50.0,
9000024_1767714600,9000024,train,True,87.0,55.0,
9000024_1767714900,9000024,train,True,150.0,55.0,
9000024_1767715200,9000024,train,True,43.0,55.0,
9000024_1767715500,9000024,train,True,67.0,114.0,
9000024_1767715800,9000024,train,True,65.0,66.0,
9000024_1767716100,9000024,train,True,150.0,90.0,
9000024_1767716400,9000024,train,True,139.0,115.0,
9000024_1767716700,9000024,train,True,-10.0,103.0,
9000024_1767717000,9000024,train,True,-76.0,218.0,
9000024_1767717300,9000024,train,True,-201.0,99.0,
9000024_1767717600,9000024,train,True,-136.0,-89.0,
9000024_1767717900,9000024,train,True,-80.0,-162.0,
9000024_1767718200,9000024,train,True,-116.0,-113.0,
9000024_1767718500,9000024,train,True,-179.0,-7.0,
9000024_1767718800,9000024,train,True,-140.0,-77.0,
9000024_1767719100,9000024,train,True,-76.0,-130.0,
9000024_1767719400,9000024,train,True,-194.0,-111.0,
9000024_1767719700,9000024,train,True,-191.0,-119.0,
9000024_1767720000,9000024,train,True,-234.0,-122.0,
9000024_1767720300,9000024,train,True,-48.0,-165.0,
9000024_1767720600,9000024,train,True,8.0,-185.0,
9000024_1767720900,9000024,train,True,5.0,-130.0,
9000024_1767721200,9000024,train,True,41.0,66.0,
9000024_1767723900,9000024,train,True,126.0,30.0,
9000024_1767724200,9000024,train,True,113.0,30.0,
9000024_1767724500,9000024,train,True,210.0,30.0,
9000024_1767724800,9000024,train,True,217.0,115.0,
9000024_1767725100,9000024,train,True,265.0,225.0,
9000024_1767725400,9000024,train,True,330.0,170.0,
9000024_1767725700,9000024,train,True,188.0,224.0,
9000024_1767726000,9000024,train,True,116.0,332.0,
9000024_1767726300,9000024,train,True,-9.0,286.0,
9000024_1767726600,9000024,train,True,-11.0,153.0,
9000024_1767726900,9000024,train,True,8.0,13.0,
9000024_1767727200,9000024,train,True,-8.0,4.0,
9000024_1767727500,9000024,train,True,12.0,3.0,
9000024_1767727800,9000024,train,True,16.0,-15.0,
9000024_1767728100,9000024,train,True,38.0,60.0,
9000024_1767728400,9000024,train,True,-87.0,65.0,
9000024_1767728700,9000024,train,True,-109.0,57.0,
9000024_1767729000,9000024,train,True,18.0,12.0,
9000024_1767729300,9000024,train,True,243.0,-52.0,
9000024_1767729600,9000024,train,True,188.0,-7.0,
9000024_1767729900,9000024,train,True,204.0,108.0,
9000024_1767732000,9000024,train,True,80.0,206.0,
9000024_1767732300,9000024,train,True,165.0,206.0,
9000024_1767732600,9000024,train,True,86.0,206.0,
9000024_1767732900,9000024,train,True,-13.0,65.0,
9000024_1767733200,9000024,train,True,72.0,52.0,
9000024_1767733500,9000024,train,True,24.0,45.0,
9000024_1767733800,9000024,train,True,-79.0,27.0,
9000024_1767734100,9000024,train,True,-89.0,48.0,
9000024_1767734400,9000024,train,True,-236.0,-45.0,
9000024_1767734700,9000024,train,True,-125.0,-81.0,
9000024_1767735000,9000024,train,True,-88.0,-157.0,
9000024_1767735300,9000024,train,True,-111.0,-122.0,
9000024_1767735600,9000024,train,True,-148.0,-30.0,
9000024_1767735900,9000024,train,True,-209.0,-88.0,
9000024_1767736200,9000024,train,True,-96.0,-150.0,
9000024_1767736500,9000024,train,True,75.0,-141.0,
9000024_1767736800,9000024,train,True,29.0,-118.0,
9000024_1767737100,9000024,train,True,130.0,-74.0,
9000024_1767737400,9000024,train,True,78.0,-27.0,
9000024_1767737700,9000024,train,True,59.0,107.0,
9000024_1767738000,9000024,train,True,81.0,101.0,
9000025_1767668700,9000025,train,True,10.0,0.0,
9000025_1767669000,9000025,train,True,67.0,0.0,
9000025_1767669300,9000025,train,True,80.0,0.0,
9000025_1767669600,9000025,train,True,24.0,52.0,
9000025_1767669900,9000025,train,True,55.0,82.0,
9000025_1767670200,9000025,train,True,41.0,16.0,
9000025_1767670500,9000025,train,True,-34.0,38.0,
9000025_1767670800,9000025,train,True,-45.0,53.0,
9000025_1767671100,9000025,train,True,-157.0,22.0,
9000025_1767671400,9000025,train,True,-88.0,-38.0,
9000025_1767671700,9000025,train,True,75.0,-72.0,
9000025_1767672000,9000025,train,True,88.0,-104.0,
9000025_1767672300,9000025,train,True,138.0,-95.0,
9000025_1767672600,9000025,train,True,61.0,75.0,
9000025_1767672900,9000025,train,True,161.0,137.0,
9000025_1767673200,9000025,train,True,135.0,152.0,
9000025_1767673500,9000025,train,True,28.0,174.0,
9000025_1767673800,9000025,train,True,210.0,106.0,
9000025_1767674100,9000025,train,True,293.0,62.0,
9000025_1767674400,9000025,train,True,228.0,141.0,
9000025_1767674700,9000025,train,True,160.0,342.0,
9000025_1767675000,9000025,train,True,-52.0,251.0,
9000025_1767678300,9000025,train,True,4.0,-52.0,
9000025_1767678600,9000025,train,True,30.0,-52.0,
9000025_1767678900,9000025,train,True,18.0,-52.0,
9000025_1767679200,9000025,train,True,-60.0,4.0,
9000025_1767679500,9000025,train,True,23.0,43.0,
9000025_1767679800,9000025,train,True,37.0,-21.0,
9000025_1767680100,9000025,train,True,-38.0,-9.0,
9000025_1767680400,9000025,train,True,-94.0,63.0,
9000025_1767680700,9000025,train,True,-111.0,42.0,
9000025_1767681000,9000025,train,True,-178.0,-43.0,
9000025_1767681300,9000025,train,True,-169.0,-86.0,
9000025_1767681600,9000025,train,True,-190.0,-157.0,
9000025_1767681900,9000025,train,True,-145.0,-175.0,
9000025_1767682200,9000025,train,True,-131.0,-105.0,
9000025_1767682500,9000025,train,True,-177.0,-165.0,
9000025_1767682800,9000025,train,True,-101.0,-71.0,
9000025_1767683100,9000025,train,True,-108.0,-108.0,
9000025_1767683400,9000025,train,True,-78.0,-60.0,
9000025_1767683700,9000025,train,True,30.0,-66.0,
9000025_1767684000,9000025,train,True,269.0,-68.0,
9000025_1767684300,9000025,train,True,280.0,-10.0,
9000025_1767684600,9000025,train,True,213.0,263.0,
9000025_1767696600,9000025,train,True,95.0,307.0,
9000025_1767696900,9000025,train,True,142.0,307.0,
9000025_1767697200,9000025,train,True,141.0,307.0,
9000025_1767697500,9000025,train,True,33.0,260.0,
9000025_1767697800,9000025,train,True,13.0,113.0,
9000025_1767698100,9000025,train,True,38.0,122.0,
9000025_1767698400,9000025,train,True,-55.0,75.0,
9000025_1767698700,9000025,train,True,-28.0,54.0,
9000025_1767699000,9000025,train,True,-79.0,-1.0,
9000025_1767699300,9000025,train,True,-89.0,48.0,
9000025_1767699600,9000025,train,True,-74.0,-94.0,
9000025_1767699900,9000025,train,True,-76.0,-78.0,
9000025_1767700200,9000025,train,True,-148.0,-72.0,
9000025_1767700500,9000025,train,True,-23.0,-127.0,
9000025_1767700800,9000025,train,True,-37.0,-76.0,
9000025_1767701100,9000025,train,True,-106.0,-51.0,
9000025_1767701400,9000025,train,True,-156.0,-61.0,
9000025_1767701700,9000025,train,True,-150.0,0.0,
9000025_1767702000,9000025,train,True,-112.0,-162.0,
9000025_1767702300,9000025,train,True,-7.0,-117.0,
9000025_1767702600,9000025,train,True,25.0,-148.0,
9000025_1767702900,9000025,train,True,4.0,-10.0,
9000025_1767703200,9000025,train,True,-18.0,-13.0,
9000025_1767704400,9000025,train,True,73.0,-18.0,
9000025_1767704700,9000025,train,True,166.0,-18.0,
9000025_1767705000,9000025,train,True,159.0,-18.0,
9000025_1767705300,9000025,train,True,117.0,119.0,
9000025_1767705600,9000025,train,True,102.0,168.0,
9000025_1767705900,9000025,train,True,280.0,177.0,
9000025_1767706200,9000025,train,True,155.0,109.0,
9000025_1767706500,9000025,train,True,14.0,285.0,
9000025_1767706800,9000025,train,True,-43.0,236.0,
9000025_1767707100,9000025,train,True,-74.0,128.0,
9000025_1767707400,9000025,train,True,-86.0,-16.0,
9000025_1767707700,9000025,train,True,12.0,-54.0,
9000025_1767708000,9000025,train,True,-18.0,-100.0,
9000025_1767708300,9000025,train,True,-81.0,-17.0,
9000025_1767708600,9000025,train,True,-117.0,-36.0,
9000025_1767708900,9000025,train,True,-71.0,-39.0,
9000025_1767709200,9000025,train,True,-206.0,-80.0,
9000025_1767709500,9000025,train,True,-120.0,-111.0,
9000025_1767709800,9000025,train,True,-148.0,-120.0,
9000025_1767710100,9000025,train,True,-5.0,-150.0,
9000025_1767710400,9000025,train,True,-40.0,-145.0,
9000025_1767710700,9000025,train,True,-22.0,-12.0,
9000025_1767711000,9000025,train,True,-5.0,-19.0,
9000025_1767713700,9000025,train,True,82.0,90.0,
9000025_1767714000,9000025,train,True,72.0,90.0,
9000025_1767714300,9000025,train,True,34.0,90.0,
9000025_1767714600,9000025,train,True,41.0,161.0,
9000025_1767714900,9000025,train,True,138.0,47.0,
9000025_1767715200,9000025,train,True,169.0,62.0,
9000025_1767715500,9000025,train,True,90.0,114.0,
9000025_1767715800,9000025,train,True,-45.0,125.0,
9000025_1767716100,9000025,train,True,-109.0,163.0,
9000025_1767716400,9000025,train,True,-107.0,22.0,
9000025_1767716700,9000025,train,True,-70.0,-83.0,
9000025_1767717000,9000025,train,True,-88.0,-182.0,
9000025_1767717300,9000025,train,True,-197.0,-147.0,
9000025_1767717600,9000025,train,True,-175.0,-58.0,
9000025_1767717900,9000025,train,True,-126.0,-119.0,
9000025_1767718200,9000025,train,True,-129.0,-130.0,
9000025_1767718500,9000025,train,True,-213.0,-45.0,
9000025_1767718800,9000025,train,True,-230.0,-53.0,
9000025_1767719100,9000025,train,True,-239.0,-209.0,
9000025_1767719400,9000025,train,True,5.0,-164.0,
9000025_1767719700,9000025,train,True,9.0,-236.0,
9000025_1767720000,9000025,train,True,2.0,-58.0,
9000025_1767720300,9000025,train,True,67.0,14.0,
9000025_1767723000,9000025,train,True,141.0,27.0,
9000025_1767723300,9000025,train,True,217.0,27.0,
9000025_1767723600,9000025,train,True,209.0,27.0,
9000025_1767723900,9000025,train,True,213.0,168.0,
9000025_1767724200,9000025,train,True,268.0,172.0,
9000025_1767724500,9000025,train,True,322.0,167.0,
9000025_1767724800,9000025,train,True,147.0,266.0,
9000025_1767725100,9000025,train,True,47.0,330.0,
9000025_1767725400,9000025,train,True,-48.0,235.0,
9000025_1767725700,9000025,train,True,-61.0,114.0,
9000025_1767726000,9000025,train,True,13.0,-42.0,
9000025_1767726300,9000025,train,True,-29.0,1.0,
9000025_1767726600,9000025,train,True,68.0,10.0,
9000025_1767726900,9000025,train,True,25.0,13.0,
9000025_1767727200,9000025,train,True,5.0,95.0,
9000025_1767727500,9000025,train,True,-20.0,97.0,
9000025_1767727800,9000025,train,True,-77.0,43.0,
9000025_1767728100,9000025,train,True,21.0,-12.0,
9000025_1767728400,9000025,train,True,236.0,-96.0,
9000025_1767728700,9000025,train,True,156.0,32.0,
9000025_1767729000,9000025,train,True,215.0,253.0,
9000025_1767731100,9000025,train,True,55.0,201.0,
9000025_1767731400,9000025,train,True,118.0,201.0,
9000025_1767731700,9000025,train,True,39.0,201.0,
9000025_1767732000,9000025,train,True,25.0,186.0,
9000025_1767732300,9000025,train,True,77.0,76.0,
9000025_1767732600,9000025,train,True,47.0,-22.0,
9000025_1767732900,9000025,train,True,-68.0,59.0,
9000025_1767733200,9000025,train,True,-111.0,8.0,
9000025_1767733500,9000025,train,True,-195.0,-42.0,
9000025_1767733800,9000025,train,True,-12.0,-115.0,
9000025_1767734100,9000025,train,True,-89.0,-180.0,
9000025_1767734400,9000025,train,True,-139.0,-110.0,
9000025_1767734700,9000025,train,True,-182.0,-84.0,
9000025_1767735000,9000025,train,True,-156.0,-139.0,
9000025_1767735300,9000025,train,True,-82.0,-144.0,
9000025_1767735600,9000025,train,True,39.0,-220.0,
9000025_1767735900,9000025,train,True,18.0,-63.0,
9000025_1767736200,9000025,train,True,122.0,54.0,
9000025_1767736500,9000025,train,True,77.0,-3.0,
9000025_1767736800,9000025,train,True,55.0,89.0,
9000025_1767737100,9000025,train,True,71.0,114.0,
129964_1767665100,129964,test,False,-45.0,0.0,35.95296786215698
129964_1767665400,129964,test,False,-37.0,0.0,57.01747153111193
129964_1767665700,129964,test,False,-63.0,0.0,54.97539226157932
129964_1767666000,129964,test,False,-113.0,-58.0,13.284056750654724
129964_1767666300,129964,test,False,-3.0,-49.0,20.474815508788055
131672_1767666900,131672,test,False,79.0,0.0,-0.36244950138609866
131672_1767667200,131672,test,False,79.0,0.0,12.09591729317033
131672_1767667500,131672,test,False,212.0,0.0,13.771984986608608
131672_1767667800,131672,test,False,312.0,79.0,45.89049158379558
131672_1767668100,131672,test,False,273.0,212.0,126.2293677903795
129964_1767668400,129964,test,False,-26.0,-21.0,-33.67735842141907
131672_1767668400,131672,test,False,220.0,266.0,201.46877896838535
134040_1767668400,134040,test,False,71.0,0.0,16.94229400327872
134040_1767668700,134040,test,False,136.0,77.0,29.290225363345684
131672_1767668700,131672,test,False,407.0,317.0,169.61556473657552
129964_1767669000,129964,test,False,-51.0,-86.0,32.483045127251486
134040_1767669000,134040,test,False,119.0,71.0,-5.518106513425746
131672_1767669000,131672,test,False,408.0,241.0,227.55882809177564
129964_1767669300,129964,test,False,-40.0,-39.0,28.94352888649079
134040_1767669300,134040,test,False,151.0,149.0,76.7450222289396
131672_1767669300,131672,test,False,322.0,374.0,227.11422788677254
131672_1767669600,131672,test,False,294.0,412.0,247.74815897357317
134040_1767669600,134040,test,False,128.0,113.0,66.8747322915041
129964_1767669600,129964,test,False,-21.0,-39.0,49.68926659629084
129964_1767669900,129964,test,False,10.0,-42.0,19.10636515306807
134040_1767669900,134040,test,False,158.0,149.0,65.94423949940634
131672_1767672000,131672,test,False,72.0,207.0,-1.365145770901488
131672_1767672300,131672,test,False,-66.0,236.0,-2.676517988503483
131672_1767672600,131672,test,False,10.0,236.0,21.94701882015127
131672_1767672900,131672,test,False,27.0,24.0,41.138368817652335
131672_1767673200,131672,test,False,-43.0,18.0,-18.28281682513299
131672_1767673500,131672,test,False,-31.0,20.0,-13.514519253376374
132430_1767673800,132430,test,False,137.0,116.0,164.2087053929885
134040_1767673800,134040,test,False,332.0,116.0,102.68959731967337
132430_1767674100,132430,test,False,35.0,238.0,189.01991466303085
134040_1767674100,134040,test,False,369.0,179.0,85.72438628703779
132430_1767674400,132430,test,False,161.0,176.0,159.80867728835346
134040_1767674400,134040,test,False,362.0,350.0,279.16710955799675
134040_1767674700,134040,test,False,317.0,362.0,305.5214561249298
132430_1767674700,132430,test,False,145.0,40.0,112.91253264541325
134040_1767675000,134040,test,False,253.0,357.0,346.0250444014218
132430_1767675000,132430,test,False,118.0,182.0,201.89405176940934
132430_1767675300,132430,test,False,0.0,138.0,159.71263180278567
134040_1767675300,134040,test,False,100.0,375.0,22.856624986151317
134040_1767675600,134040,test,False,83.0,278.0,18.77505082064603
130238_1767675900,130238,test,False,37.0,233.0,9.693380252612728
134040_1767675900,134040,test,False,117.0,195.0,37.00722739622347
130238_1767676200,130238,test,False,56.0,233.0,70.53726581929075
134040_1767676200,134040,test,False,188.0,100.0,44.61692716141831
130238_1767676500,130238,test,False,76.0,233.0,96.00455603034011
134040_1767676500,134040,test,False,165.0,101.0,50.971234862720095
134040_1767676800,134040,test,False,116.0,212.0,33.66059369335696
130238_1767676800,130238,test,False,-9.0,37.0,81.21334293052445
130238_1767677100,130238,test,False,38.0,76.0,130.7920921880163
134040_1767677100,134040,test,False,112.0,212.0,59.13203086686139
131672_1767677400,131672,test,False,86.0,87.0,73.81928080007549
122048_1767679200,122048,test,False,154.0,179.0,101.4425433165169
133300_1767679200,133300,test,False,65.0,12.0,58.33054903457841
122048_1767679500,122048,test,False,55.0,184.0,86.4048346798818
133300_1767679800,133300,test,False,-49.0,63.0,40.67576738415629
122048_1767679800,122048,test,False,59.0,142.0,60.646016827308685
135081_1767679800,135081,test,False,6.0,-30.0,20.76977269354114
135081_1767680100,135081,test,False,42.0,-30.0,24.57519116969028
133300_1767680100,133300,test,False,-49.0,89.0,16.571897843548747
133300_1767680400,133300,test,False,-42.0,89.0,63.63012999233548
135081_1767680400,135081,test,False,-2.0,-30.0,29.603016425922178
133300_1767680700,133300,test,False,26.0,-49.0,60.8728659151154
135081_1767680700,135081,test,False,-23.0,6.0,33.940004820660164
135081_1767681000,135081,test,False,20.0,23.0,29.714097333057424
135081_1767681300,135081,test,False,71.0,-50.0,-36.181264759705925
135081_1767681600,135081,test,False,-36.0,18.0,19.89749724093893
135081_1767681900,135081,test,False,-25.0,62.0,-34.595355723828334
135081_1767682200,135081,test,False,-113.0,9.0,-57.30694119585283
135081_1767682500,135081,test,False,-145.0,-118.0,-72.80715073162213
122048_1767682800,122048,test,False,542.0,59.0,-23.727728338911398
134040_1767682800,134040,test,False,72.0,-56.0,-6.082839567493201
135081_1767682800,135081,test,False,-127.0,-58.0,-89.14450190289013
122048_1767683100,122048,test,False,542.0,59.0,44.982862511804576
135081_1767683100,135081,test,False,-186.0,-157.0,-42.90798025756142
134040_1767683100,134040,test,False,131.0,45.0,41.57313225234728
135081_1767683400,135081,test,False,-182.0,-159.0,26.50115054107547
122048_1767683400,122048,test,False,578.0,59.0,80.85913151657722
134040_1767683400,134040,test,False,29.0,-4.0,2.4845633097719926
135081_1767683700,135081,test,False,-134.0,-84.0,47.60425740905689
134040_1767683700,134040,test,False,-62.0,133.0,26.189488108680937
122048_1767683700,122048,test,False,446.0,542.0,135.47514657732899
134040_1767684000,134040,test,False,48.0,143.0,35.5882130009836
122048_1767684000,122048,test,False,415.0,599.0,146.50862582919544
135081_1767684000,135081,test,False,-142.0,-135.0,-21.720699056060482
134040_1767684300,134040,test,False,86.0,48.0,-0.0007640173685032892
122048_1767684300,122048,test,False,408.0,559.0,183.07066159463966
135081_1767684300,135081,test,False,-79.0,-91.0,-34.743343475508865
133957_1767684600,133957,test,False,22.0,53.0,49.422427847238474
133957_1767684900,133957,test,False,-55.0,75.0,45.37938606783642
133957_1767685200,133957,test,False,-36.0,21.0,16.744365703833605
133957_1767685500,133957,test,False,-95.0,-46.0,-48.11131721835665
133957_1767685800,133957,test,False,7.0,-66.0,4.398642458218533
133957_1767686100,133957,test,False,-55.0,-95.0,-91.285542392637
133957_1767686400,133957,test,False,9.0,-18.0,-30.12979596075997
134040_1767686400,134040,test,False,43.0,192.0,104.5891404642961
134040_1767686700,134040,test,False,6.0,127.0,102.31278696970244
133957_1767686700,133957,test,False,-42.0,-58.0,13.505115512599826
134040_1767687000,134040,test,False,24.0,38.0,56.89971408733227
133957_1767687000,133957,test,False,3.0,-23.0,18.09872777259578
134040_1767687300,134040,test,False,37.0,33.0,9.873442957184176
133957_1767687300,133957,test,False,79.0,-24.0,37.611868147645055
133957_1767687600,133957,test,False,45.0,-43.0,51.874309301369735
134040_1767687600,134040,test,False,113.0,78.0,8.322747419253329
134040_1767687900,134040,test,False,149.0,37.0,54.642778972768824
133957_1767687900,133957,test,False,104.0,91.0,116.90795663470769
129964_1767688200,129964,test,False,221.0,47.0,58.160152408316364
133957_1767688200,133957,test,False,173.0,60.0,106.17544561103347
133957_1767688500,133957,test,False,190.0,63.0,88.91256803854822
133957_1767688800,133957,test,False,103.0,221.0,156.34679912128428
129964_1767688800,129964,test,False,-54.0,221.0,53.359180035996815
133957_1767689100,133957,test,False,-9.0,150.0,81.62504730689531
129964_1767689100,129964,test,False,-78.0,221.0,1.9950196414488133
129964_1767689400,129964,test,False,36.0,221.0,60.66851694272502
133957_1767689400,133957,test,False,-23.0,118.0,79.35596243274117
133957_1767689700,133957,test,False,-32.0,103.0,105.05242539916031
129964_1767689700,129964,test,False,81.0,-54.0,13.396195691002665
132430_1767690000,132430,test,False,-66.0,95.0,96.56753554574352
132430_1767690300,132430,test,False,-139.0,31.0,44.32419685161402
122613_1767691800,122613,test,False,69.0,1.0,-5.0267568262713676
131672_1767691800,131672,test,False,-92.0,-68.0,-44.39778207967038
133300_1767691800,133300,test,False,-58.0,108.0,50.078426222669464
133300_1767692100,133300,test,False,-58.0,161.0,44.232869487378586
122613_1767692100,122613,test,False,-16.0,99.0,46.968689468176116
122613_1767692400,122613,test,False,-87.0,120.0,58.540314033094816
133300_1767692400,133300,test,False,-31.0,161.0,67.31516818164758
122613_1767692700,122613,test,False,-160.0,3.0,32.36276211069185
133300_1767692700,133300,test,False,-41.0,-58.0,57.919826502970864
122613_1767693000,122613,test,False,-147.0,-29.0,56.936935967795996
133300_1767693000,133300,test,False,-24.0,-51.0,36.78401463630168
133300_1767693300,133300,test,False,47.0,-73.0,5.476098068733457
122613_1767693300,122613,test,False,-146.0,-133.0,-4.418492199438717
130238_1767693600,130238,test,False,0.0,0.0,-36.10779575302544
130238_1767695100,130238,test,False,-47.0,0.0,42.403344207664006
133300_1767695400,133300,test,False,33.0,-16.0,48.12023187891101
133300_1767695700,133300,test,False,50.0,33.0,79.97499136885159
122658_1767695700,122658,test,False,9.0,-34.0,42.40410136800394
122658_1767696000,122658,test,False,100.0,-34.0,44.99905588025509
133300_1767696000,133300,test,False,197.0,36.0,116.09163257494106
122658_1767696300,122658,test,False,271.0,-34.0,3.9441213690563472
122658_1767696600,122658,test,False,376.0,57.0,67.10448061518474
133300_1767696600,133300,test,False,-52.0,97.0,43.168167033729674
133300_1767696900,133300,test,False,-52.0,243.0,33.40311009200714
122658_1767696900,122658,test,False,318.0,217.0,83.62247171016364
122613_1767697200,122613,test,False,0.0,31.0,-3.0144918600404775
122658_1767697200,122658,test,False,352.0,247.0,224.52707532384446
122048_1767697200,122048,test,False,-68.0,-136.0,10.723941457107939
122613_1767697500,122613,test,False,0.0,31.0,1.2523236011190413
122048_1767697500,122048,test,False,-129.0,-186.0,29.72706863193663
122658_1767697500,122658,test,False,0.0,372.0,102.1821729896098
122613_1767697800,122613,test,False,0.0,0.0,-4.9804359906404985
122658_1767697800,122658,test,False,0.0,316.0,97.49661308111847
122048_1767697800,122048,test,False,-129.0,-53.0,-5.01548139958278
122658_1767698100,122658,test,False,0.0,352.0,29.720904948643962
122048_1767698100,122048,test,False,-181.0,-108.0,-35.46407872097473
122613_1767698100,122613,test,False,0.0,0.0,-25.764994019360085
122613_1767698400,122613,test,False,0.0,0.0,-26.664984577343734
122048_1767698400,122048,test,False,-194.0,-146.0,-17.97912248297053
122658_1767698400,122658,test,False,0.0,-8.0,-6.435525630668723
122658_1767698700,122658,test,False,0.0,0.0,-10.259875486714812
122048_1767698700,122048,test,False,-216.0,-196.0,-45.00550977159133
122613_1767698700,122613,test,False,0.0,0.0,0.8858162967584136
122658_1767699000,122658,test,False,0.0,0.0,-9.786587735580598
122658_1767699300,122658,test,False,0.0,0.0,-15.766141877183102
122658_1767699600,122658,test,False,0.0,0.0,7.753435706928089
122658_1767699900,122658,test,False,72.0,0.0,45.436389737765055
122658_1767700200,122658,test,False,183.0,0.0,29.645584040212526
122658_1767700500,122658,test,False,192.0,-2.0,60.383870501445486
129964_1767700800,129964,test,False,77.0,-106.0,15.993398100384532
135081_1767700800,135081,test,False,-128.0,-7.0,-67.11548399015955
132430_1767700800,132430,test,False,-169.0,-103.0,-52.448506800084985
135081_1767701100,135081,test,False,-93.0,-93.0,-43.421184086979565
132430_1767701100,132430,test,False,-262.0,-91.0,-39.28678547280183
129964_1767701100,129964,test,False,80.0,62.0,98.8130351096472
129964_1767701400,129964,test,False,61.0,82.0,108.91606936411125
132430_1767701400,132430,test,False,-258.0,-51.0,-180.24855962514144
135081_1767701400,135081,test,False,-122.0,-89.0,-18.981304017876365
129964_1767701700,129964,test,False,-43.0,67.0,45.02721971969728
135081_1767701700,135081,test,False,19.0,-92.0,-15.473126294089315
132430_1767701700,132430,test,False,84.0,-260.0,-176.0805909808063
129964_1767702000,129964,test,False,-38.0,56.0,2.632013010096989
135081_1767702000,135081,test,False,9.0,-122.0,14.675247411091764
132430_1767702000,132430,test,False,87.0,-276.0,78.10037881058987
132430_1767702300,132430,test,False,90.0,33.0,133.43877025710918
135081_1767702300,135081,test,False,-39.0,-151.0,1.838765597631684
129964_1767702300,129964,test,False,-108.0,4.0,-44.06862254531795
122613_1767702600,122613,test,False,64.0,-105.0,92.13467589095416
122613_1767702900,122613,test,False,64.0,49.0,108.91870643189151
131672_1767704400,131672,test,False,94.0,84.0,86.62309784548827
131672_1767704700,131672,test,False,13.0,161.0,-25.880335297005693
131672_1767705000,131672,test,False,7.0,101.0,-33.76002090463303
131672_1767705300,131672,test,False,-23.0,78.0,-39.238433826044115
131672_1767705600,131672,test,False,24.0,13.0,-31.75896033617269
131672_1767705900,131672,test,False,9.0,5.0,5.7245535554931575
135081_1767706200,135081,test,False,155.0,9.0,40.183215462210185
122613_1767706200,122613,test,False,0.0,64.0,-37.953988659585534
133957_1767706200,133957,test,False,222.0,139.0,115.74416422543388
135081_1767706500,135081,test,False,156.0,9.0,67.90839508605562
122613_1767706500,122613,test,False,0.0,64.0,-4.047588898219208
133957_1767706500,133957,test,False,296.0,97.0,103.00294403973757
133957_1767706800,133957,test,False,294.0,161.0,110.57317940306855
135081_1767706800,135081,test,False,113.0,174.0,98.9327242211739
122613_1767706800,122613,test,False,0.0,0.0,-20.25582458348257
133957_1767707100,133957,test,False,182.0,385.0,267.27713241852337
122613_1767707100,122613,test,False,0.0,0.0,-13.250203419485718
135081_1767707100,135081,test,False,130.0,161.0,110.73011975695844
122613_1767707400,122613,test,False,0.0,0.0,-11.152813929024562
135081_1767707400,135081,test,False,247.0,181.0,146.20936389045517
133957_1767707400,133957,test,False,292.0,308.0,251.7759096832769
133957_1767707700,133957,test,False,252.0,205.0,205.7354574781753
135081_1767707700,135081,test,False,113.0,103.0,85.43933250383832
122613_1767707700,122613,test,False,0.0,0.0,-5.65299016448169
134040_1767708000,134040,test,False,60.0,218.0,104.48446698328299
122048_1767708000,122048,test,False,0.0,0.0,12.439151724792094
134040_1767708300,134040,test,False,25.0,201.0,74.06844436061067
122048_1767708300,122048,test,False,0.0,0.0,5.412498050642106
134040_1767708600,134040,test,False,61.0,82.0,93.0504496803249
134040_1767708900,134040,test,False,61.0,64.0,30.82280311326398
134040_1767709200,134040,test,False,81.0,66.0,97.0905206442396
134040_1767709500,134040,test,False,56.0,56.0,68.1718691403094
122048_1767709500,122048,test,False,-276.0,0.0,-10.271077261481985
133957_1767710100,133957,test,False,102.0,140.0,27.770057753571493
133957_1767710400,133957,test,False,98.0,140.0,60.39831323323661
133957_1767710700,133957,test,False,157.0,140.0,93.4223790357087
133957_1767711000,133957,test,False,144.0,93.0,123.47109868892372
133957_1767711300,133957,test,False,104.0,139.0,109.32475726627911
122048_1767711600,122048,test,False,106.0,14.0,-23.22172148979909
122613_1767711600,122613,test,False,0.0,0.0,96.07896604133904
129964_1767711600,129964,test,False,-143.0,-145.0,-97.34022193325552
129964_1767711900,129964,test,False,-3.0,-99.0,-70.70982828039195
122613_1767711900,122613,test,False,0.0,0.0,38.68557350374646
122048_1767711900,122048,test,False,85.0,98.0,29.45151259772118
129964_1767712200,129964,test,False,17.0,-96.0,-129.76112035067578
122048_1767712200,122048,test,False,83.0,68.0,43.49775112490906
122048_1767712500,122048,test,False,57.0,116.0,13.946203434825396
122613_1767712500,122613,test,False,0.0,0.0,-5.122443281871795
129964_1767712800,129964,test,False,-108.0,21.0,-20.66275934535166
122048_1767712800,122048,test,False,-8.0,139.0,7.14565048792616
122613_1767712800,122613,test,False,0.0,0.0,-4.81906708051338
122613_1767713100,122613,test,False,0.0,0.0,-14.684710807476968
122048_1767713100,122048,test,False,92.0,70.0,-28.10228413325436
129964_1767713100,129964,test,False,-108.0,290.0,-14.760682425437983
134040_1767713400,134040,test,False,36.0,199.0,117.34307399674861
134040_1767713700,134040,test,False,21.0,203.0,41.48529848365167
134040_1767714000,134040,test,False,108.0,101.0,46.11803454167094
134040_1767714300,134040,test,False,-44.0,21.0,45.28355314522524
131672_1767715200,131672,test,False,-130.0,13.0,-33.727666412947315
135081_1767715200,135081,test,False,100.0,59.0,26.992892908414518
131672_1767715500,131672,test,False,-99.0,-17.0,-35.22372988040833
135081_1767715500,135081,test,False,74.0,59.0,80.24338995362488
135081_1767715800,135081,test,False,82.0,59.0,85.70607990796682
131672_1767715800,131672,test,False,-59.0,-150.0,-63.96766333272796
135081_1767716100,135081,test,False,47.0,167.0,99.9811268197631
131672_1767716100,131672,test,False,-53.0,-104.0,-27.32340181167652
135081_1767716400,135081,test,False,118.0,60.0,78.07429404441665
131672_1767716400,131672,test,False,-55.0,-42.0,-17.482738861829812
131672_1767716700,131672,test,False,-74.0,30.0,73.715857122996
135081_1767716700,135081,test,False,137.0,73.0,84.239515081102
133300_1767717000,133300,test,False,-12.0,128.0,87.43014776055483
133957_1767717000,133957,test,False,134.0,66.0,93.87776691146098
133957_1767717300,133957,test,False,71.0,107.0,108.83210928857608
133300_1767717300,133300,test,False,-28.0,122.0,97.78966648728183
133957_1767717600,133957,test,False,37.0,85.0,47.60252696214807
133300_1767717600,133300,test,False,-46.0,122.0,33.005257804410725
133957_1767717900,133957,test,False,-25.0,159.0,68.08851661072295
133300_1767717900,133300,test,False,25.0,-12.0,75.79085387102586
133957_1767718200,133957,test,False,-42.0,88.0,35.749057886649105
133300_1767718200,133300,test,False,26.0,32.0,72.9380192385123
133300_1767718500,133300,test,False,129.0,-20.0,74.32785153949328
133957_1767718500,133957,test,False,-28.0,-14.0,67.91823404126964
132430_1767720600,132430,test,False,141.0,440.0,41.21963513988182
133300_1767720600,133300,test,False,99.0,1.0,35.54854704925747
132430_1767720900,132430,test,False,216.0,65.0,79.2735585876971
133300_1767720900,133300,test,False,154.0,11.0,89.7547304645089
133300_1767721200,133300,test,False,113.0,41.0,64.15161794620718
132430_1767721200,132430,test,False,309.0,137.0,149.18455307837908
132430_1767721500,132430,test,False,359.0,191.0,174.43293943289922
134040_1767721500,134040,test,False,7.0,-44.0,94.3871138587213
133300_1767721500,133300,test,False,-28.0,128.0,32.811820357218394
132430_1767721800,132430,test,False,295.0,279.0,275.4604152419697
133300_1767721800,133300,test,False,-28.0,113.0,26.736518744877564
134040_1767721800,134040,test,False,78.0,-44.0,91.94664175233405
131672_1767721800,131672,test,False,21.0,-118.0,55.74814106643191
131672_1767722100,131672,test,False,47.0,-118.0,74.69896118389093
132430_1767722100,132430,test,False,393.0,371.0,338.67530925313736
134040_1767722100,134040,test,False,106.0,-44.0,97.88661443422147
133300_1767722100,133300,test,False,193.0,113.0,31.75885291822801
133957_1767722400,133957,test,False,0.0,51.0,67.60073680409278
133957_1767722700,133957,test,False,-74.0,-48.0,-1.2754937085847238
133957_1767723000,133957,test,False,100.0,-23.0,66.1350341850241
133957_1767723300,133957,test,False,89.0,-74.0,-41.80443283487716
133957_1767723600,133957,test,False,114.0,90.0,73.20203031798856
133957_1767723900,133957,test,False,163.0,70.0,101.13824318344197
135081_1767724500,135081,test,False,112.0,48.0,32.54821224638984
135081_1767724800,135081,test,False,246.0,48.0,75.85792437278066
135081_1767725100,135081,test,False,166.0,48.0,102.56582244894653
135081_1767725400,135081,test,False,241.0,215.0,182.44781306824603
135081_1767725700,135081,test,False,313.0,188.0,278.16210895110123
132430_1767726000,132430,test,False,156.0,45.0,172.75186910292672
132430_1767726300,132430,test,False,141.0,50.0,164.2965456924103
132430_1767726600,132430,test,False,46.0,46.0,128.29818686663725
132430_1767726900,132430,test,False,10.0,152.0,197.7827219895665
132430_1767727200,132430,test,False,217.0,99.0,172.33718796237343
132430_1767727500,132430,test,False,260.0,18.0,59.32614875801404
135081_1767727800,135081,test,False,-58.0,-23.0,-8.838673443774429
135081_1767728100,135081,test,False,58.0,-10.0,8.842009128327003
135081_1767728400,135081,test,False,40.0,-15.0,22.295889765060757
135081_1767728700,135081,test,False,-16.0,56.0,41.59434936292268
135081_1767729000,135081,test,False,-62.0,24.0,26.251645133309875
135081_1767729300,135081,test,False,-45.0,14.0,-2.2418167372986613
135081_1767729600,135081,test,False,24.0,-49.0,26.770933190076246
135081_1767729900,135081,test,False,206.0,-82.0,38.755949719697284
135081_1767730200,135081,test,False,197.0,27.0,60.53384720010557
135081_1767730500,135081,test,False,234.0,222.0,184.867406963237
134040_1767730500,134040,test,False,121.0,393.0,66.87988070652713
134040_1767730800,134040,test,False,191.0,393.0,94.44033874704874
134040_1767731100,134040,test,False,150.0,393.0,131.13473837907407
134040_1767731400,134040,test,False,214.0,148.0,99.1374924482961
134040_1767731700,134040,test,False,152.0,195.0,201.01613373783198
134040_1767732000,134040,test,False,152.0,239.0,197.84415087257247
134040_1767732300,134040,test,False,181.0,178.0,176.69654216301424
134040_1767732600,134040,test,False,230.0,135.0,125.42897204117354
134040_1767732900,134040,test,False,315.0,192.0,165.29019959403934
131672_1767733200,131672,test,False,-15.0,-15.0,34.02223646795509
131672_1767733500,131672,test,False,-60.0,17.0,7.539107222161833
131672_1767733800,131672,test,False,-24.0,34.0,26.41261637359543
131672_1767734100,131672,test,False,-1.0,-30.0,15.432213190260079
131672_1767734400,131672,test,False,26.0,-31.0,-26.350686769680188
131672_1767734700,131672,test,False,12.0,19.0,16.461766030007198
135081_1767735000,135081,test,False,-184.0,-23.0,-89.77085471041322
135081_1767735300,135081,test,False,-69.0,-136.0,-83.71534248707155
135081_1767735600,135081,test,False,-88.0,-197.0,-29.768613230702815
135081_1767735900,135081,test,False,-130.0,-61.0,-18.039356071158068
135081_1767736200,135081,test,False,-161.0,-63.0,19.93282915354413
135081_1767736500,135081,test,False,-191.0,-131.0,-19.074201264085684
132430_1767738600,132430,test,False,110.0,96.0,36.38070949605256
130072_1767738600,130072,test,False,0.0,0.0,59.825858644067466
132430_1767738900,132430,test,False,112.0,90.0,75.34153744829749
130072_1767738900,130072,test,False,0.0,0.0,126.55720827712477
132430_1767739200,132430,test,False,81.0,52.0,57.256058458419915
132430_1767739500,132430,test,False,-2.0,147.0,68.42003920263576
132430_1767739800,132430,test,False,8.0,89.0,64.9145049772059
132430_1767740100,132430,test,False,175.0,25.0,9.89490804096297
134494_1767740400,134494,test,False,0.0,0.0,-3.5361192197616518
134494_1767740700,134494,test,False,0.0,0.0,-6.279636142460827
134494_1767741000,134494,test,False,0.0,0.0,-2.5708072282901817
134494_1767741300,134494,test,False,0.0,0.0,-2.2556171319791782
134494_1767741600,134494,test,False,0.0,0.0,-1.5801051739015386
134494_1767741900,134494,test,False,0.0,0.0,-2.05755240271312
