tree
version=v4
num_class=1
num_tree_per_iteration=1
label_index=0
max_feature_idx=8
objective=huber
feature_names=cur_dev_s det_plus_hist_gain hist_tgt_delay det_stops_to_tgt plan_path_speed layover_slack_s speed_mean_5m valid_share_30m hour
monotone_constraints=1 1 1 0 0 -1 0 0 0
feature_infos=[-344:661] [-620.86606168746948:1195.8801209926605] [-300:799.38736510276794] [1:49] [0:9.5758953725388984] [-297.29506731033325:14913.388998508453] [0:105.93555555555554] [0:1] [0:23.916666666686069]
tree_sizes=718 741 744 742 756 737 745 746 737 735 742 740 740 740 741 738 741 736 741 731 740 736 738 742 741 738 737 739 740 738 740 737 735 738 738 740 738 740 742 743 743 740 742 747 742 742 734 740 734 745 736 745 743 741 742 748 741 748 742 741 747 737 741 755 734 747 736 739 742 738 740 743 741 740 744 742 742 744 738 740 742 740 747 743 747 744 740 741 747 743 738 741 738 743 743 733 751 746 743 737 747 741 747 742 744 740 750 742 748 747 743 740 744 741 750 748 744 742 753 739 748 745 737 745 759 741 744 743 738 742 748 742 739 742 743 742 749 744 744 743 743 739 748 739 744 745 740 744 747 738 745 747 742 747 743 742 745 751 739 744 744 751 742 743 742 743 740 740 745 744 734 741 744 737 736 743 755 749 750 748 740 749 738 737 738 737 745 744 744 743 754 732 742 751 745 744 736 746 741 740 744 743 747 735 739 739 742 751 745 731 750 743 741 740 742 735 746 740 745 732 748 747 754 744 737 739 740 747 740 744 738 741 742 748 740 734 749 743 741 748 737 748 748 741 739 741 748 742 742 746 742 733 743 738 741 743 729 735 747 737 739 739 742 738 737 739 736 743 734 744 740 750 752 737 747 732 745 744 738 729 736 745 755 752 736 749 749 752 739 745 732 749 738 742 736 738 750 746 742 733

Tree=0
num_leaves=7
num_cat=0
split_feature=1 1 8 3 3 2
split_gain=1.08761e+06 423275 151428 107969 92862.8 76663
threshold=66.87958395481111 -2.3699429035186763 20.541666666656969 7.5000000000000009 13.500000000000002 107.78255677223207
decision_type=10 8 2 10 8 8
left_child=1 3 4 -1 -3 -4
right_child=-2 2 5 -5 -6 -7
leaf_value=43.962499672860801 45.961824931239818 45.07586682531911 44.719346550176226 44.602132378906454 44.602132378906454 45.961824931239818
leaf_weight=558 855 1036 44 420 248 101
leaf_count=558 855 1036 44 420 248 101
internal_value=45.0432 44.7168 45.0462 44.2362 44.9423 45.9618
internal_weight=3262 2407 1429 978 1284 145
internal_count=3262 2407 1429 978 1284 145
is_linear=0
shrinkage=1


Tree=1
num_leaves=7
num_cat=0
split_feature=0 1 7 5 0 7
split_gain=1.28369e+06 327882 268056 171430 182848 123879
threshold=26.500000000000004 11.20891324679056 0.91142536919831241 -87.972833991050706 147.50000000000003 0.94810004810004822
decision_type=2 8 10 10 2 10
left_child=2 -2 -1 4 -3 -5
right_child=1 3 -4 5 -6 -7
leaf_value=-1.1100265820478157 -0.43176749593610764 0.4816054735254604 -0.43176749593610764 -0.3207994001792438 1.3655235154632073 0.4816054735254604
leaf_weight=1024 343 514 611 267 358 113
leaf_count=1024 343 514 611 267 358 113
internal_value=-0.216325 0.389083 -0.806798 0.61413 0.845647 0.0820342
internal_weight=3230 1595 1635 1252 872 380
internal_count=3230 1595 1635 1252 872 380
is_linear=0
shrinkage=0.03


Tree=2
num_leaves=7
num_cat=0
split_feature=0 1 1 1 5 6
split_gain=1.3072e+06 438435 220082 163783 114519 107476
threshold=26.500000000000004 11.20891324679056 -1.0000000180025095e-35 115.54499077796937 -42.405506014823906 36.014611486486494
decision_type=2 8 8 10 10 8
left_child=2 -2 -1 4 -3 -4
right_child=1 3 5 -5 -6 -7
leaf_value=-1.2333257629713985 -0.58222548602379709 0.59134483711110597 -0.58222548602379709 1.0556134946570415 -0.19210003931492692 -1.2333257629713985
leaf_weight=711 346 555 737 483 240 223
leaf_count=711 346 555 737 483 240 223
internal_value=-0.242097 0.363924 -0.830938 0.620335 0.354889 -0.582225
internal_weight=3295 1624 1671 1278 795 960
internal_count=3295 1624 1671 1278 795 960
is_linear=0
shrinkage=0.03


Tree=3
num_leaves=7
num_cat=0
split_feature=0 3 7 7 0 4
split_gain=1.12871e+06 274639 228622 149429 145383 111529
threshold=26.500000000000004 9.5000000000000018 0.9121009631698469 0.94614089614089625 151.50000000000003 4.012505536383622
decision_type=2 10 10 10 2 10
left_child=2 3 -1 5 -3 -2
right_child=1 4 -4 -5 -6 -7
leaf_value=-1.061696364965742 -0.32532925954779696 0.3911153984360316 -0.32532925954779696 0.74105968675384781 1.3731509811350846 0.35921631274187432
leaf_weight=1037 547 276 600 218 268 273
leaf_count=1037 547 276 600 218 268 273
internal_value=-0.240143 0.331208 -0.792163 0.0448373 0.876544 -0.140933
internal_weight=3219 1582 1637 1038 544 820
internal_count=3219 1582 1637 1038 544 820
is_linear=0
shrinkage=0.03


Tree=4
num_leaves=7
num_cat=0
split_feature=0 1 7 7 1 1
split_gain=1.28445e+06 362630 228451 128524 91163.5 83307.6
threshold=26.500000000000004 66.87958395481111 0.91180174840717154 0.86264915342168569 1.0000000180025095e-35 -9.1749881505966169
decision_type=2 8 10 10 10 8
left_child=2 -2 4 -3 -1 -4
right_child=1 3 5 -5 -6 -7
leaf_value=-1.2066451971775229 -0.27327167791197332 -0.27327167791197332 -0.90699058241524533 0.79248835100706672 -0.47927430356722417 -0.27327167791197332
leaf_weight=848 516 107 192 1010 192 408
leaf_count=848 516 107 192 1010 192 408
internal_value=-0.211349 0.384118 -0.804148 0.687773 -1.07295 -0.337213
internal_weight=3273 1633 1640 1117 1040 600
internal_count=3273 1633 1640 1117 1040 600
is_linear=0
shrinkage=0.03


Tree=5
num_leaves=7
num_cat=0
split_feature=0 1 2 1 4 0
split_gain=1.19209e+06 346603 235162 135547 105109 88246.4
threshold=26.500000000000004 11.20891324679056 -9.8624203205108625 115.54499077796937 3.686284661887544 132.50000000000003
decision_type=2 8 8 10 10 2
left_child=2 -2 -1 4 -3 -6
right_child=1 3 -4 -5 5 -7
leaf_value=-1.2754561581829233 -0.47117197621816437 -0.054073111309669915 -0.51522449606798626 1.0080209575487034 0.3034102602620074 1.0080209575487034
leaf_weight=550 339 319 1100 475 281 187
leaf_count=550 339 319 1100 475 281 187
internal_value=-0.2036 0.379483 -0.769254 0.60818 0.365879 0.651634
internal_weight=3251 1601 1650 1262 787 468
internal_count=3251 1601 1650 1262 787 468
is_linear=0
shrinkage=0.03


Tree=6
num_leaves=7
num_cat=0
split_feature=0 2 4 2 0 7
split_gain=1.09685e+06 318792 283232 226419 136614 133862
threshold=26.500000000000004 76.870798945426955 4.012505536383622 11.736441016197206 76.500000000000014 0.84893959832134314
decision_type=2 10 10 8 2 10
left_child=3 2 -2 -1 -4 -5
right_child=1 -3 4 5 -6 -7
leaf_value=-1.1999657272607511 -0.34209491375266854 0.98616715104850505 -0.068377188426291868 -1.0451616524377327 0.98616715104850505 -0.34209491375266854
leaf_weight=632 643 488 166 280 306 736
leaf_count=632 643 488 166 280 306 736
internal_value=-0.211104 0.347522 0.0673746 -0.754357 0.624734 -0.47626
internal_weight=3251 1603 1115 1648 472 1016
internal_count=3251 1603 1115 1648 472 1016
is_linear=0
shrinkage=0.03


Tree=7
num_leaves=7
num_cat=0
split_feature=0 2 2 0 2 7
split_gain=1.16814e+06 262448 220991 197888 117925 111338
threshold=26.500000000000004 -23.979537367820736 -16.252665519714352 147.50000000000003 76.870798945426955 0.90250156347717336
decision_type=2 8 8 2 10 10
left_child=2 -2 -1 4 -3 -4
right_child=1 3 5 -5 -6 -7
leaf_value=-1.290116919035732 -0.41651020029101504 -0.031653586255512685 -0.86951026916921448 1.0276581284418085 0.71491903486569375 -0.41651020029101504
leaf_weight=517 312 486 570 488 312 545
leaf_count=517 312 486 570 488 312 545
internal_value=-0.213403 0.363047 -0.777721 0.552354 0.260769 -0.539191
internal_weight=3230 1598 1632 1286 798 1115
internal_count=3230 1598 1632 1286 798 1115
is_linear=0
shrinkage=0.03


Tree=8
num_leaves=7
num_cat=0
split_feature=0 1 1 4 0 1
split_gain=1.08513e+06 341168 232793 145750 164859 118424
threshold=26.500000000000004 11.20891324679056 -2.3699429035186763 3.686284661887544 155.50000000000003 81.962457239627852
decision_type=2 8 8 10 2 10
left_child=2 -2 -1 5 -5 -3
right_child=1 3 -4 4 -6 -7
leaf_value=-1.1537813841426114 -0.48184044277563121 -0.21419920214978824 -0.48184044277563121 0.52642646312713626 1.4713400179927165 0.66746144814944974
leaf_weight=694 340 280 955 466 259 267
leaf_count=694 340 280 955 466 259 267
internal_value=-0.192094 0.361297 -0.732959 0.586865 0.86555 0.216587
internal_weight=3261 1612 1649 1272 725 547
internal_count=3261 1612 1649 1272 725 547
is_linear=0
shrinkage=0.03


Tree=9
num_leaves=7
num_cat=0
split_feature=1 2 6 3 8 1
split_gain=883284 379072 181605 159701 70676.1 58074.2
threshold=11.20891324679056 54.152870297431953 51.158333333333339 9.5000000000000018 20.291666666656969 167.90077380339309
decision_type=10 8 8 10 2 10
left_child=1 -1 3 4 -3 -2
right_child=5 2 -4 -5 -6 -7
leaf_value=-1.0001893587469961 0.48186863924586965 -0.36892778302276552 -1.0001893587469961 0.48186863924586965 0.48186863924586965 0.85454314244171925
leaf_weight=963 738 618 193 244 87 377
leaf_count=963 738 618 193 244 87 377
internal_value=-0.200559 -0.562091 -0.19211 -0.0210305 -0.25585 0.481869
internal_weight=3220 2105 1142 949 705 1115
internal_count=3220 2105 1142 949 705 1115
is_linear=0
shrinkage=0.03


Tree=10
num_leaves=7
num_cat=0
split_feature=0 2 7 5 0 7
split_gain=1.02682e+06 267849 225114 134299 142388 92385.9
threshold=26.500000000000004 54.152870297431953 0.9121009631698469 -87.972833991050706 155.50000000000003 0.94810004810004822
decision_type=2 8 10 10 2 10
left_child=2 -2 -1 4 -3 -5
right_child=1 3 -4 5 -6 -7
leaf_value=-0.98361049558014535 -0.13505883305600494 0.55387029262689447 -0.25678416910266777 -0.13505883305600494 1.444574046521973 0.55387029262689447
leaf_weight=1039 627 441 609 196 256 91
leaf_count=1039 627 441 609 196 256 91
internal_value=-0.189048 0.349439 -0.715339 0.657982 0.882616 0.111272
internal_weight=3259 1611 1648 984 697 287
internal_count=3259 1611 1648 984 697 287
is_linear=0
shrinkage=0.03


Tree=11
num_leaves=7
num_cat=0
split_feature=0 3 2 2 0 6
split_gain=945010 311224 240480 224675 141630 109914
threshold=26.500000000000004 9.5000000000000018 76.870798945426955 -16.252665519714352 151.50000000000003 14.790491118077325
decision_type=2 10 10 8 2 8
left_child=3 2 -2 -1 -3 -5
right_child=1 4 -4 5 -6 -7
leaf_value=-1.2084313290708666 -0.25550781639187864 0.42521845589116058 0.77108034005302439 -0.25550781639187864 1.3782792630384293 -0.74690386460531477
leaf_weight=522 762 286 280 531 277 595
leaf_count=522 762 286 280 531 277 595
internal_value=-0.189941 0.328095 0.0208256 -0.694353 0.895743 -0.455172
internal_weight=3253 1605 1042 1648 563 1126
internal_count=3253 1605 1042 1648 563 1126
is_linear=0
shrinkage=0.03


Tree=12
num_leaves=7
num_cat=0
split_feature=0 7 4 2 0 2
split_gain=922584 280445 263601 160323 106227 104713
threshold=56.500000000000007 0.91062641150600265 4.3418887368256929 84.457507848739638 155.50000000000003 -0.67900657653808583
decision_type=2 10 10 10 2 10
left_child=1 5 3 -2 -4 -1
right_child=2 -3 4 -5 -6 -7
leaf_value=-1.0966031516031147 -0.13586102347824017 -0.16974515784087885 0.56521939780519515 0.82901631187485614 1.4928903657599937 -0.47829055374879959
leaf_weight=808 616 771 234 206 214 358
leaf_count=808 616 771 234 206 214 358
internal_value=-0.202096 -0.613984 0.426104 0.106659 1.01069 -0.907334
internal_weight=3207 1937 1270 822 448 1166
internal_count=3207 1937 1270 822 448 1166
is_linear=0
shrinkage=0.03


Tree=13
num_leaves=7
num_cat=0
split_feature=0 1 1 5 0 6
split_gain=1.02568e+06 337829 216994 172671 152264 63048.4
threshold=26.500000000000004 11.20891324679056 -2.3699429035186763 -42.405506014823906 147.50000000000003 36.014611486486494
decision_type=2 8 8 10 2 8
left_child=2 -2 -1 4 -3 -4
right_child=1 3 5 -5 -6 -7
leaf_value=-1.1107270631698125 -0.48124832383145577 0.494765115819155 -0.48124832383145577 0.049757263135185553 1.2923036951063618 -1.0145645893335342
leaf_weight=679 325 519 724 361 370 224
leaf_count=679 325 519 724 361 370 224
internal_value=-0.166258 0.379345 -0.694333 0.603305 0.827778 -0.481248
internal_weight=3202 1575 1627 1250 889 948
internal_count=3202 1575 1627 1250 889 948
is_linear=0
shrinkage=0.03


Tree=14
num_leaves=7
num_cat=0
split_feature=0 1 2 2 0 7
split_gain=890599 288283 230551 129817 87420.8 57226.1
threshold=26.500000000000004 11.20891324679056 -3.917413473129272 88.505683779716506 140.50000000000003 0.84223489758879966
decision_type=2 8 8 10 2 10
left_child=2 -2 -1 4 -3 -4
right_child=1 3 5 -5 -6 -7
leaf_value=-1.1677845920885621 -0.46885879952369663 0.03640754334430292 -0.89956830176348623 0.97897231810015406 0.64356252921352308 -0.46885879952369663
leaf_weight=565 327 454 295 396 402 792
leaf_count=565 327 454 295 396 402 792
internal_value=-0.186078 0.323283 -0.672832 0.530386 0.321962 -0.468859
internal_weight=3231 1579 1652 1252 856 1087
internal_count=3231 1579 1652 1252 856 1087
is_linear=0
shrinkage=0.03


Tree=15
num_leaves=7
num_cat=0
split_feature=1 0 5 0 6 7
split_gain=963707 495201 167912 180607 124917 88777.4
threshold=-2.3699429035186763 26.500000000000004 -87.972833991050706 147.50000000000003 7.8771822849807451 0.94810004810004822
decision_type=8 2 10 2 10 10
left_child=4 -2 3 -3 -1 -4
right_child=1 2 5 -5 -6 -7
leaf_value=-0.33339746852635954 -0.33339746852635954 0.43616800857488919 -0.26487411436281705 1.2827262242542681 -1.0939812783147647 0.43616800857488919
leaf_weight=200 932 552 284 386 794 104
leaf_count=200 932 552 284 386 794 104
internal_value=-0.146372 0.196318 0.568607 0.785534 -0.92425 0.0435098
internal_weight=3252 2258 1326 938 994 388
internal_count=3252 2258 1326 938 994 388
is_linear=0
shrinkage=0.03


Tree=16
num_leaves=7
num_cat=0
split_feature=0 3 6 0 4 3
split_gain=891361 269047 162555 157507 123156 97757.2
threshold=26.500000000000004 9.5000000000000018 2.5050000000000003 155.50000000000003 4.3418887368256929 7.5000000000000009
decision_type=2 10 8 2 10 8
left_child=2 4 -1 -3 -2 -4
right_child=1 3 5 -5 -6 -7
leaf_value=0.0070181756739726691 0.0070181756739726691 0.37425101331705324 -1.0899112654632193 1.3709807046643354 0.65220388505333926 -0.57183908500393521
leaf_weight=280 774 292 562 280 271 797
leaf_count=280 774 292 562 280 271 797
internal_value=-0.158367 0.34127 -0.651205 0.863702 0.0547545 -0.786726
internal_weight=3256 1617 1639 572 1045 1359
internal_count=3256 1617 1639 572 1045 1359
is_linear=0
shrinkage=0.03


Tree=17
num_leaves=7
num_cat=0
split_feature=0 4 0 7 2 2
split_gain=896637 291805 216889 214085 142780 70294.2
threshold=31.500000000000004 3.686284661887544 170.50000000000003 0.91180174840717154 96.175280570983901 -9.8624203205108625
decision_type=2 10 2 10 10 8
left_child=3 4 -3 5 -2 -1
right_child=1 2 -4 -5 -6 -7
leaf_value=-1.2181143317355976 -0.2274736832211246 0.38374771458848478 1.412646574548629 -0.2274736832211246 0.72772012960910792 -0.71802752698743144
leaf_weight=428 551 590 268 646 149 636
leaf_count=428 551 590 268 646 149 636
internal_value=-0.18461 0.335882 0.706399 -0.658755 -0.118627 -0.920145
internal_weight=3268 1558 858 1710 700 1064
internal_count=3268 1558 858 1710 700 1064
is_linear=0
shrinkage=0.03


Tree=18
num_leaves=7
num_cat=0
split_feature=7 3 2 3 2 2
split_gain=583475 321444 251063 213532 123228 104844
threshold=0.90303869722152286 9.5000000000000018 4.6990513801574716 7.5000000000000009 42.813683986663825 96.175280570983901
decision_type=10 10 8 8 10 10
left_child=3 2 -2 -1 -5 -4
right_child=1 -3 5 4 -6 -7
leaf_value=-1.1299794099069371 -0.6875823947059464 0.86972611004062983 0.0087066342789610292 -0.55646291921378799 0.25118724847269369 0.67884113320480544
leaf_weight=489 388 465 696 662 228 300
leaf_count=489 388 465 696 662 228 300
internal_value=-0.160074 0.188228 -0.0412057 -0.626886 -0.34951 0.211033
internal_weight=3228 1849 1384 1379 890 996
internal_count=3228 1849 1384 1379 890 996
is_linear=0
shrinkage=0.03


Tree=19
num_leaves=7
num_cat=0
split_feature=0 2 3 6 2 0
split_gain=806756 258872 234745 145240 116528 114783
threshold=56.500000000000007 2.1256424188613896 9.5000000000000018 13.747340425531917 96.175280570983901 151.50000000000003
decision_type=2 8 8 8 10 2
left_child=1 -1 4 -3 -2 -4
right_child=2 3 5 -5 -6 -7
leaf_value=-1.0276033575905479 0.059796058546579392 0.059796058546579392 0.4098347737200661 -0.5861506420943482 0.82450762391749011 1.33582647162935
leaf_weight=676 608 561 216 708 180 275
leaf_count=676 608 561 216 708 180 275
internal_value=-0.169065 -0.553784 0.41596 -0.300768 0.0948114 0.930127
internal_weight=3224 1945 1279 1269 788 491
internal_count=3224 1945 1279 1269 788 491
is_linear=0
shrinkage=0.03


Tree=20
num_leaves=7
num_cat=0
split_feature=1 0 1 7 0 5
split_gain=885102 427324 143960 101876 73909.2 102772
threshold=-2.3699429035186763 26.500000000000004 115.54499077796937 0.91180174840717154 140.50000000000003 -87.972833991050706
decision_type=8 2 10 10 2 10
left_child=-1 3 4 -2 -3 -6
right_child=1 2 -4 -5 5 -7
leaf_value=-0.8963383997634311 -0.56733265947160205 0.090426371667448796 0.98041594777636387 0.066898209108253018 0.98041594777636387 0.090426371667448796
leaf_weight=978 543 523 440 392 212 112
leaf_count=978 543 523 440 392 212 112
internal_value=-0.144776 0.186274 0.540704 -0.301643 0.311395 0.666706
internal_weight=3200 2222 1287 935 847 324
internal_count=3200 2222 1287 935 847 324
is_linear=0
shrinkage=0.03


Tree=21
num_leaves=7
num_cat=0
split_feature=1 0 5 0 6 7
split_gain=803547 413969 158105 140159 130586 84804.7
threshold=-2.3699429035186763 54.500000000000007 -87.972833991050706 241.50000000000003 7.8771822849807451 0.96176012042363324
decision_type=8 2 10 2 10 10
left_child=4 -2 3 -3 -1 -4
right_child=1 2 5 -5 -6 -7
leaf_value=-0.23285460891110643 -0.23285460891110643 0.59852351684662697 -0.23285460891110643 1.5780965101930515 -1.0458008666077889 0.59852351684662697
leaf_weight=192 1160 605 264 168 771 69
leaf_count=192 1160 605 264 168 771 69
internal_value=-0.145561 0.163 0.578017 0.813183 -0.871041 0.0313218
internal_weight=3229 2266 1106 773 963 333
internal_count=3229 2266 1106 773 963 333
is_linear=0
shrinkage=0.03


Tree=22
num_leaves=7
num_cat=0
split_feature=0 1 1 3 7 5
split_gain=810113 261407 236235 166482 112085 91039
threshold=26.500000000000004 70.519954562187209 -20.527457396189373 9.5000000000000018 0.94884608574183027 -42.405506014823906
decision_type=2 10 8 8 10 10
left_child=2 3 -1 4 -2 -5
right_child=1 -3 -4 5 -6 -7
leaf_value=-1.086834789707678 -0.34259292806332203 0.82037124329354871 -0.34259292806332203 0.81897863318222863 0.62663657408175255 -0.34259292806332203
leaf_weight=617 555 601 1017 264 114 44
leaf_count=617 555 601 1017 264 114 44
internal_value=-0.156091 0.328628 -0.624112 0.0256026 -0.240102 0.601642
internal_weight=3212 1578 1634 977 669 308
internal_count=3212 1578 1634 977 669 308
is_linear=0
shrinkage=0.03


Tree=23
num_leaves=7
num_cat=0
split_feature=1 7 3 2 3 7
split_gain=754414 348572 240554 176271 102393 70938.3
threshold=-2.3699429035186763 0.86797241643520751 9.5000000000000018 86.263955950737014 7.5000000000000009 0.91062641150600265
decision_type=8 10 10 10 10 10
left_child=4 -2 3 5 -1 -3
right_child=1 2 -4 -5 -6 -7
leaf_value=-1.1103737325889875 -0.5689327659833483 -0.50465328015360156 0.87494014895981576 0.69491944109075121 -0.5689327659833483 0.072285125594644339
leaf_weight=564 475 276 537 341 428 623
leaf_count=564 475 276 537 341 428 623
internal_value=-0.151492 0.152191 0.345162 0.115213 -0.84036 -0.105203
internal_weight=3244 2252 1777 1240 992 899
internal_count=3244 2252 1777 1240 992 899
is_linear=0
shrinkage=0.03


Tree=24
num_leaves=7
num_cat=0
split_feature=1 7 1 4 6 7
split_gain=801732 390275 196206 99224.6 91522.4 53556.7
threshold=-2.3699429035186763 0.87041834580694688 66.87958395481111 4.8431055827699572 7.2235380116959078 0.89682317346481411
decision_type=8 10 10 10 10 10
left_child=4 -2 3 -3 -1 -5
right_child=1 2 -4 5 -6 -7
leaf_value=-0.60180356670557456 -0.60180356670557456 -0.059511464238166806 0.7388882557511206 -0.38418407068019961 -1.0371987761649188 0.7388882557511206
leaf_weight=194 481 816 728 40 800 204
leaf_count=194 481 816 728 40 800 204
internal_value=-0.155331 0.15596 0.360033 0.0993873 -0.865356 0.62886
internal_weight=3263 2269 1788 1060 994 244
internal_count=3263 2269 1788 1060 994 244
is_linear=0
shrinkage=0.03


Tree=25
num_leaves=7
num_cat=0
split_feature=0 3 2 7 0 4
split_gain=801138 265624 185395 173450 151187 96877.5
threshold=26.500000000000004 9.5000000000000018 79.257094025611892 0.91180174840717154 155.50000000000003 5.7487499001689715
decision_type=2 8 10 10 2 10
left_child=3 2 5 -1 -3 -2
right_child=1 4 -4 -5 -6 -7
leaf_value=-0.82984541829878478 -0.18765141883570896 0.3833909337284449 0.71500593275990165 -0.18765141883570896 1.3607358735999171 0.71500593275990165
leaf_weight=1031 666 288 282 597 283 74
leaf_count=1031 666 288 282 597 283 74
internal_value=-0.126531 0.35166 0.0618739 -0.594371 0.869316 -0.187651
internal_weight=3221 1593 1022 1628 571 740
internal_count=3221 1593 1022 1628 571 740
is_linear=0
shrinkage=0.03


Tree=26
num_leaves=7
num_cat=0
split_feature=0 2 2 0 5 4
split_gain=675274 255645 201679 154951 100973 82158.9
threshold=26.500000000000004 5.8047277927398691 -9.8624203205108625 175.50000000000003 -87.972833991050706 5.7126443927270589
decision_type=2 8 8 2 10 10
left_child=2 5 -1 -3 -5 -2
right_child=1 3 -4 4 -6 -7
leaf_value=-1.0452804948995402 -0.34331416969392314 0.29069297202074756 -0.34331416969392314 1.3910272753387689 0.31289023930743587 0.29069297202074756
leaf_weight=545 367 831 1101 239 117 55
leaf_count=545 367 831 1101 239 117 55
internal_value=-0.146645 0.290312 -0.573697 0.515677 1.03856 -0.343314
internal_weight=3255 1609 1646 1187 356 422
internal_count=3255 1609 1646 1187 356 422
is_linear=0
shrinkage=0.03


Tree=27
num_leaves=7
num_cat=0
split_feature=1 1 6 3 4 8
split_gain=706481 288738 121070 113334 73283.9 73277.6
threshold=-2.3699429035186763 70.519954562187209 51.158333333333339 9.5000000000000018 7.0287522104789604 5.6250000000000009
decision_type=8 10 8 8 10 2
left_child=-1 2 3 4 -2 -5
right_child=1 -3 -4 5 -6 -7
leaf_value=-0.79941310949693223 -0.23575629790476263 0.61891259931869813 -0.74504463491305495 -0.42208240171273548 0.61891259931869813 0.61891259931869813
leaf_weight=962 806 822 212 71 40 325
leaf_count=962 806 822 212 71 40 325
internal_value=-0.118254 0.169878 -0.0842295 0.0290753 -0.166989 0.447305
internal_weight=3238 2276 1454 1242 846 396
internal_count=3238 2276 1454 1242 846 396
is_linear=0
shrinkage=0.03


Tree=28
num_leaves=7
num_cat=0
split_feature=1 0 5 6 0 7
split_gain=734695 360946 207545 131054 107059 63039.5
threshold=-2.3699429035186763 76.500000000000014 -87.972833991050706 36.014611486486494 244.50000000000003 0.96176012042363324
decision_type=8 2 10 8 2 10
left_child=-1 3 4 -2 -3 -4
right_child=1 2 5 -5 -6 -7
leaf_value=-0.81782886084965023 -0.036027092354724538 0.69808402072276976 -0.036027092354724538 -0.7908958085700869 1.606278647108923 0.69808402072276976
leaf_weight=996 1089 463 231 239 157 64
leaf_count=996 1089 463 231 239 157 64
internal_value=-0.140222 0.160898 0.619038 -0.154991 0.930279 -0.0360271
internal_weight=3239 2243 915 1328 620 295
internal_count=3239 2243 915 1328 620 295
is_linear=0
shrinkage=0.03


Tree=29
num_leaves=7
num_cat=0
split_feature=1 0 2 4 6 0
split_gain=751166 373113 182507 162707 99895.6 79734.1
threshold=-2.3699429035186763 76.500000000000014 -5.4778224229812613 3.3913292989343922 7.7058704453441313 193.50000000000003
decision_type=8 2 10 10 10 2
left_child=4 2 -2 -3 -1 -5
right_child=1 3 -4 5 -6 -7
leaf_value=-0.45250871281240268 -0.45250871281240268 0.26133419068156682 0.26133419068156682 0.6733710521537789 -0.98496379475002094 1.3960549613464195
leaf_weight=204 748 317 565 361 781 225
leaf_count=204 748 317 565 361 781 225
internal_value=-0.128966 0.177463 -0.145368 0.646514 -0.817832 0.952758
internal_weight=3201 2216 1313 903 985 586
internal_count=3201 2216 1313 903 985 586
is_linear=0
shrinkage=0.03


Tree=30
num_leaves=7
num_cat=0
split_feature=0 1 3 6 5 0
split_gain=710847 282429 239378 132133 111736 97030.8
threshold=58.500000000000007 1.0000000180025095e-35 9.5000000000000018 2.5050000000000003 -87.972833991050706 149.50000000000003
decision_type=2 10 8 8 10 2
left_child=1 3 -2 -1 5 -4
right_child=2 -3 4 -5 -6 -7
leaf_value=-0.015466821761626118 0.10547730902718523 0.10547730902718523 0.56911124752371356 -0.82754482375430882 0.10547730902718523 1.4829648282565175
leaf_weight=211 774 519 180 1241 65 255
leaf_count=211 774 519 180 1241 65 255
internal_value=-0.13817 -0.495051 0.413916 -0.709628 0.925325 1.10699
internal_weight=3245 1971 1274 1452 500 435
internal_count=3245 1971 1274 1452 500 435
is_linear=0
shrinkage=0.03


Tree=31
num_leaves=7
num_cat=0
split_feature=0 4 1 0 6 1
split_gain=625635 299777 256615 142355 85254.2 75391.1
threshold=58.500000000000007 3.539544439227519 -28.305369377136227 201.50000000000003 3.2587643678160925 82.907288233439132
decision_type=2 10 8 2 8 10
left_child=2 5 4 -3 -1 -2
right_child=1 3 -4 -5 -6 -7
leaf_value=-0.23942134357852543 -0.23942134357852543 0.49503054536741598 -0.23942134357852543 1.4139684755734676 -1.0852824824585301 0.33974576400007522
leaf_weight=64 332 541 1311 211 591 209
leaf_count=64 332 541 1311 211 591 209
internal_value=-0.145028 0.367346 -0.482022 0.754406 -0.966488 -0.171074
internal_weight=3259 1293 1966 752 655 541
internal_count=3259 1293 1966 752 655 541
is_linear=0
shrinkage=0.03


Tree=32
num_leaves=7
num_cat=0
split_feature=0 3 1 2 0 5
split_gain=674943 237932 209299 192225 161419 77509.7
threshold=26.500000000000004 9.5000000000000018 -12.614224632581076 96.175280570983901 155.50000000000003 -127.6802064180374
decision_type=2 10 8 10 2 10
left_child=2 3 -1 -2 -3 -6
right_child=1 4 -4 -5 5 -7
leaf_value=-0.96586351245584567 -0.18998614603460606 0.30429579997840134 -0.2745975154872749 0.78346936181373117 1.5356058551371097 0.30429579997840134
leaf_weight=651 752 275 1000 240 239 40
leaf_count=651 752 275 1000 240 239 40
internal_value=-0.125937 0.324414 -0.547588 0.0460791 0.821824 1.32902
internal_weight=3197 1546 1651 992 554 279
internal_count=3197 1546 1651 992 554 279
is_linear=0
shrinkage=0.03


Tree=33
num_leaves=7
num_cat=0
split_feature=0 1 5 0 6 2
split_gain=678573 283431 255327 151937 91211.5 85930.5
threshold=76.500000000000014 -28.305369377136227 -87.972833991050706 244.50000000000003 1.2928571428571431 79.257094025611892
decision_type=2 8 10 2 10 8
left_child=1 4 3 5 -1 -2
right_child=2 -3 -4 -5 -6 -7
leaf_value=-0.18717415448203217 0.12364395597355854 -0.18717415448203217 -0.16745612450767172 1.5875319745200021 -1.0485137152623747 0.88301388729953223
leaf_weight=72 228 1440 352 174 619 326
leaf_count=72 228 1440 352 174 619 326
internal_value=-0.116695 -0.427106 0.495621 0.816019 -0.926116 0.571279
internal_weight=3211 2131 1080 728 691 554
internal_count=3211 2131 1080 728 691 554
is_linear=0
shrinkage=0.03


Tree=34
num_leaves=7
num_cat=0
split_feature=1 7 0 2 2 5
split_gain=680597 293252 125053 109361 90485.7 73139
threshold=4.2184129556020098 0.89682317346481411 244.50000000000003 43.771090507507331 73.61736369132997 -42.405506014823906
decision_type=8 10 2 10 10 10
left_child=4 -2 3 -3 -1 -4
right_child=1 2 5 -5 -6 -7
leaf_value=-0.87959278351783243 -0.29325226004519983 0.081550370957228835 1.5626833081201914 0.64179871841948077 -0.29325226004519983 0.64179871841948077
leaf_weight=844 742 707 136 563 165 56
leaf_count=844 742 707 136 563 165 56
internal_value=-0.103218 0.192232 0.438659 0.330222 -0.748131 1.15049
internal_weight=3213 2204 1462 1270 1009 192
internal_count=3213 2204 1462 1270 1009 192
is_linear=0
shrinkage=0.03


Tree=35
num_leaves=7
num_cat=0
split_feature=2 7 3 3 2 8
split_gain=465473 301618 178260 154330 101244 72460.4
threshold=-23.979537367820736 0.90042391909611841 9.5000000000000018 7.5000000000000009 88.505683779716506 21.291666666656969
decision_type=8 10 10 10 10 2
left_child=3 5 4 -1 -3 -2
right_child=1 2 -4 -5 -6 -7
leaf_value=-1.1361528421854621 -0.32827748040721266 -0.032731241177455836 0.88314290437603671 -0.32827748040721266 0.5968747478732529 0.91883481332233974
leaf_weight=408 861 752 427 401 330 41
leaf_count=408 861 752 427 401 330 41
internal_value=-0.103492 0.105501 0.364837 -0.725699 0.159667 -0.328277
internal_weight=3220 2411 1509 809 1082 902
internal_count=3220 2411 1509 809 1082 902
is_linear=0
shrinkage=0.03


Tree=36
num_leaves=7
num_cat=0
split_feature=1 0 5 6 0 7
split_gain=636878 316197 187586 111919 100675 70878
threshold=-2.3699429035186763 76.500000000000014 -42.405506014823906 36.014611486486494 297.50000000000006 0.96176012042363324
decision_type=8 2 10 8 2 10
left_child=-1 3 4 -2 -3 -4
right_child=1 2 5 -5 -6 -7
leaf_value=-0.75534132289256584 -0.060684458684404835 0.70440236921330068 -0.060684458684404835 -0.72120010642792842 1.711041255262163 0.70440236921330068
leaf_weight=950 1089 545 208 243 107 68
leaf_count=950 1089 545 208 243 107 68
internal_value=-0.104007 0.169997 0.594819 -0.126199 0.87197 -0.0606845
internal_weight=3210 2260 928 1332 652 276
internal_count=3210 2260 928 1332 652 276
is_linear=0
shrinkage=0.03


Tree=37
num_leaves=7
num_cat=0
split_feature=0 3 1 2 0 2
split_gain=573002 267293 245466 118845 104280 88125.6
threshold=65.500000000000014 9.5000000000000018 -28.305369377136227 -16.252665519714352 204.50000000000003 96.175280570983901
decision_type=2 8 8 10 2 10
left_child=2 5 -1 -4 -3 -2
right_child=1 4 3 -5 -6 -7
leaf_value=-0.89609952172899954 0.041993105484098806 0.5733887314116547 -0.44873160412479574 0.041993105484098806 1.4934344453444848 0.73115119557359265
leaf_weight=679 564 262 771 595 194 166
leaf_count=679 564 262 771 595 194 166
internal_value=-0.126154 0.398246 -0.430327 -0.198318 0.967223 0.0419931
internal_weight=3231 1186 2045 1366 456 730
internal_count=3231 1186 2045 1366 456 730
is_linear=0
shrinkage=0.03


Tree=38
num_leaves=7
num_cat=0
split_feature=1 7 3 3 2 4
split_gain=609817 257538 168638 127072 107428 65209.2
threshold=-2.3699429035186763 0.89682317346481411 9.5000000000000018 7.5000000000000009 96.175280570983901 5.7487499001689715
decision_type=8 10 10 10 10 10
left_child=3 -2 4 -1 5 -3
right_child=1 2 -4 -5 -6 -7
leaf_value=-1.0331992841478217 -0.30008973871295158 -0.097938177684416705 0.86332607256318794 -0.34294626229800856 0.69152163845571601 0.69152163845571601
leaf_weight=573 758 707 450 415 263 71
leaf_count=573 758 707 450 415 263 71
internal_value=-0.123053 0.1499 0.378716 -0.743905 0.168603 -0.00882874
internal_weight=3237 2249 1491 988 1041 778
internal_count=3237 2249 1491 988 1041 778
is_linear=0
shrinkage=0.03


Tree=39
num_leaves=7
num_cat=0
split_feature=1 6 3 1 8 3
split_gain=607727 242014 178350 103458 68772.5 64728.3
threshold=-2.3699429035186763 51.158333333333339 9.5000000000000018 157.82154148817065 20.625000000000004 7.5000000000000009
decision_type=8 8 10 10 2 10
left_child=5 2 3 -2 -4 -1
right_child=1 -3 4 -5 -6 -7
leaf_value=-1.0083132334808642 -0.017623221998082816 -0.67553558809723668 0.54249248523947213 0.70557840645598446 1.3405417975978771 -0.67553558809723668
leaf_weight=554 1201 272 496 208 121 427
leaf_count=554 1201 272 496 208 121 427
internal_value=-0.103753 0.163126 0.275998 0.0895623 0.700914 -0.728448
internal_weight=3279 2298 2026 1409 617 981
internal_count=3279 2298 2026 1409 617 981
is_linear=0
shrinkage=0.03


Tree=40
num_leaves=7
num_cat=0
split_feature=1 7 3 6 3 8
split_gain=592975 229835 170212 103004 81173.2 80086.7
threshold=-2.3699429035186763 0.8942053317053319 10.500000000000002 7.8771822849807451 7.5000000000000009 13.375000000000002
decision_type=8 10 10 10 10 2
left_child=3 -2 5 -1 -5 -3
right_child=1 2 -4 4 -6 -7
leaf_value=-0.27251895185333591 -0.27251895185333591 0.020289882851756497 1.1102226193398237 -1.1449552692306626 -0.51773720677192359 0.49583959543822226
leaf_weight=197 723 692 239 447 322 590
leaf_count=197 723 692 239 447 322 590
internal_value=-0.0999585 0.167595 0.376843 -0.721012 -0.883336 0.239363
internal_weight=3210 2244 1521 966 769 1282
internal_count=3210 2244 1521 966 769 1282
is_linear=0
shrinkage=0.03


Tree=41
num_leaves=7
num_cat=0
split_feature=0 4 7 0 3 6
split_gain=562777 234981 187765 179115 79877.1 58765.1
threshold=58.500000000000007 3.491507242804738 0.91062641150600265 170.50000000000003 7.5000000000000009 6.5843750000000005
decision_type=2 10 10 2 8 8
left_child=2 -2 4 -3 5 -1
right_child=1 3 -4 -5 -6 -7
leaf_value=-0.091572699998720336 -0.091572699998720336 0.37052481529353554 -0.091572699998720336 1.3072755299262702 -0.4432760515173399 -1.0658023063103919
leaf_weight=40 519 477 790 299 646 425
leaf_count=40 519 477 790 299 646 425
internal_value=-0.079618 0.402528 -0.408104 0.732681 -0.660209 -0.959985
internal_weight=3196 1295 1901 776 1111 465
internal_count=3196 1295 1901 776 1111 465
is_linear=0
shrinkage=0.03


Tree=42
num_leaves=7
num_cat=0
split_feature=1 0 4 0 7 3
split_gain=565147 266035 147134 114606 91779.2 85521.5
threshold=-2.3699429035186763 54.500000000000007 3.5445354456074054 170.50000000000003 0.91062641150600265 7.5000000000000009
decision_type=8 2 10 2 10 10
left_child=5 4 -3 -4 -2 -1
right_child=1 2 3 -5 -6 -7
leaf_value=-0.92556827933291763 -0.38722728724004163 0.083495149757367826 0.48232937465158948 1.2898131380401232 0.083495149757367826 -0.38722728724004163
leaf_weight=556 627 436 417 256 516 424
leaf_count=556 627 436 417 256 516 424
internal_value=-0.0793954 0.18232 0.513138 0.790943 -0.138825 -0.68038
internal_weight=3232 2252 1109 673 1143 980
internal_count=3232 2252 1109 673 1143 980
is_linear=0
shrinkage=0.03


Tree=43
num_leaves=7
num_cat=0
split_feature=2 3 2 6 3 5
split_gain=428740 259887 194935 90474.2 79786.2 61557.6
threshold=88.505683779716506 8.5000000000000018 -23.979537367820736 27.955371315192746 9.5000000000000018 12242.460267901422
decision_type=10 10 8 8 10 8
left_child=1 2 -1 4 -3 -4
right_child=-2 3 5 -5 -6 -7
leaf_value=-0.9740108622729936 0.55365965606043466 -0.088205869916178611 0.0022656992217190831 -0.43613211213391223 0.51444281395977343 -0.48136927237564869
leaf_weight=567 696 367 416 232 427 549
leaf_count=567 696 367 416 232 427 549
internal_value=-0.106004 -0.285636 -0.532972 0.0838393 0.236128 -0.273093
internal_weight=3254 2558 1532 1026 794 965
internal_count=3254 2558 1532 1026 794 965
is_linear=0
shrinkage=0.03


Tree=44
num_leaves=7
num_cat=0
split_feature=0 2 5 0 2 7
split_gain=510023 212991 178258 219081 84442.8 66079.7
threshold=56.500000000000007 -0.67900657653808583 -87.972833991050706 219.50000000000003 84.457507848739638 0.84893959832134314
decision_type=2 8 10 2 8 10
left_child=1 -1 3 4 -2 -3
right_child=2 5 -4 -5 -6 -7
leaf_value=-0.84956643368061202 -0.0285088827586014 -0.56955782054037574 -0.13535701146909407 1.4726141622487237 0.65140255244205825 -0.13535701146909407
leaf_weight=644 297 327 428 203 367 928
leaf_count=644 297 327 428 203 367 928
internal_value=-0.0934954 -0.406465 0.365406 0.612481 0.3477 -0.178593
internal_weight=3194 1899 1295 867 664 1255
internal_count=3194 1899 1295 867 664 1255
is_linear=0
shrinkage=0.03


Tree=45
num_leaves=7
num_cat=0
split_feature=0 4 0 6 3 3
split_gain=505845 198062 136760 109124 124972 74800.5
threshold=26.500000000000004 4.3418887368256929 168.50000000000003 8.0451190476190497 7.5000000000000009 9.5000000000000018
decision_type=2 10 2 8 8 10
left_child=3 5 -3 -1 -5 -2
right_child=1 2 -4 4 -6 -7
leaf_value=0.035576259764897471 0.035576259764897471 0.42338095601115905 1.4186917198268989 -0.92170025555098922 -0.32295090864310622 0.53308585375005546
leaf_weight=339 758 363 189 532 767 274
leaf_count=339 758 363 189 532 767 274
internal_value=-0.0741671 0.307985 0.766116 -0.443683 -0.568687 0.0624336
internal_weight=3222 1584 552 1638 1299 1032
internal_count=3222 1584 552 1638 1299 1032
is_linear=0
shrinkage=0.03


Tree=46
num_leaves=7
num_cat=0
split_feature=2 7 3 3 8 2
split_gain=422455 257183 167993 127570 101856 68107.9
threshold=-3.917413473129272 0.90388814242526039 8.5000000000000018 10.500000000000002 21.458333333343038 96.175280570983901
decision_type=8 10 10 10 2 10
left_child=2 4 -1 5 -2 -3
right_child=1 3 -4 -5 -6 -7
leaf_value=-0.92618267340657223 -0.26316846632489327 0.11711102784148439 -0.26316846632489327 1.0959365062096287 1.232680204292623 0.6026087205817825
leaf_weight=623 863 826 298 195 40 379
leaf_count=623 863 826 298 195 40 379
internal_value=-0.0858023 0.131398 -0.628475 0.3859 -0.263168 0.270184
internal_weight=3224 2303 921 1400 903 1205
internal_count=3224 2303 921 1400 903 1205
is_linear=0
shrinkage=0.03


Tree=47
num_leaves=7
num_cat=0
split_feature=1 0 2 5 3 7
split_gain=537858 284898 167771 148784 101779 58639.5
threshold=-24.437620202700291 175.50000000000003 32.503791093826301 -87.972833991050706 7.5000000000000009 0.93295013005362715
decision_type=8 2 10 10 10 10
left_child=4 2 5 -3 -1 -2
right_child=1 3 -4 -5 -6 -7
leaf_value=-1.0208677399362343 -0.34333487955516723 1.2354639597761219 0.3228549610893981 0.3228549610893981 -0.34333487955516723 0.098490216085396765
leaf_weight=507 872 289 755 153 331 326
leaf_count=507 872 289 755 153 331 326
internal_value=-0.1003 0.128639 -0.0271496 0.815505 -0.753979 -0.247814
internal_weight=3233 2395 1953 442 838 1198
internal_count=3233 2395 1953 442 838 1198
is_linear=0
shrinkage=0.03


Tree=48
num_leaves=7
num_cat=0
split_feature=1 1 6 3 6 3
split_gain=495666 212544 123379 82546.2 77237.2 55328.6
threshold=-2.3699429035186763 68.514469424883529 7.7058704453441313 7.5000000000000009 28.530833333333337 9.5000000000000018
decision_type=8 10 10 10 8 10
left_child=2 -2 -1 -4 5 -3
right_child=1 4 3 -5 -6 -7
leaf_value=-0.056140989811979 -0.056140989811979 0.43483566081472513 -1.0864493840328744 -0.45439322185195408 -0.056140989811979 0.96030701137007668
leaf_weight=204 1446 463 443 324 71 298
leaf_count=204 1446 463 443 324 71 298
internal_value=-0.0782286 0.163715 -0.645422 -0.820392 0.54543 0.641595
internal_weight=3249 2278 971 767 832 761
internal_count=3249 2278 971 767 832 761
is_linear=0
shrinkage=0.03


Tree=49
num_leaves=7
num_cat=0
split_feature=2 7 8 2 7 7
split_gain=403951 205725 132422 82775.6 78054 74447
threshold=-1.0000000180025095e-35 0.90042391909611841 20.291666666656969 88.505683779716506 0.90660995630875163 0.95788509735878169
decision_type=8 10 2 10 10 10
left_child=4 -2 3 -3 -1 -5
right_child=1 2 -4 5 -6 -7
leaf_value=-0.81698628863358824 -0.24464464371071923 0.049070647420990196 1.0008568323978895 0.78644286777756423 -0.27172591929071643 0.049070647420990196
leaf_weight=571 809 808 236 329 405 81
leaf_count=571 809 808 236 329 405 81
internal_value=-0.0814121 0.138632 0.351906 0.225448 -0.591235 0.572075
internal_weight=3239 2263 1454 1218 976 410
internal_count=3239 2263 1454 1218 976 410
is_linear=0
shrinkage=0.03


Tree=50
num_leaves=7
num_cat=0
split_feature=0 4 1 0 2 2
split_gain=489575 219114 171317 152177 152106 55465.7
threshold=26.500000000000004 4.012505536383622 68.514469424883529 162.50000000000003 -50.899998784065239 126.3981422185898
decision_type=2 10 10 2 8 10
left_child=4 2 -2 -3 -1 -4
right_child=1 3 5 -5 -6 -7
leaf_value=-0.99045457778601198 -0.3512928531897197 0.36095103438851533 0.19548979771088495 1.3036755563941183 -0.3512928531897197 0.97396671374638866
leaf_weight=380 553 444 213 236 1239 134
leaf_count=380 553 444 213 236 1239 134
internal_value=-0.092039 0.283554 -0.0236359 0.689566 -0.458533 0.498047
internal_weight=3199 1580 900 680 1619 347
internal_count=3199 1580 900 680 1619 347
is_linear=0
shrinkage=0.03


Tree=51
num_leaves=7
num_cat=0
split_feature=1 1 7 6 4 8
split_gain=495103 201048 106634 84024.8 78319.2 43301.5
threshold=-24.437620202700291 115.54499077796937 0.89763239002521722 8.0451190476190497 5.4794621040289622 20.625000000000004
decision_type=8 10 10 10 10 2
left_child=3 2 -2 -1 5 -4
right_child=1 -3 4 -5 -6 -7
leaf_value=-0.31132594655351542 -0.31132594655351542 0.62089471570335986 -0.009961053652239869 -0.86542224540281187 0.62089471570335986 0.62089471570335986
leaf_weight=193 667 605 837 653 149 109
leaf_count=193 667 605 837 653 149 109
internal_value=-0.073136 0.149541 -0.0125628 -0.6956 0.169542 0.063569
internal_weight=3213 2367 1762 846 1095 946
internal_count=3213 2367 1762 846 1095 946
is_linear=0
shrinkage=0.03


Tree=52
num_leaves=7
num_cat=0
split_feature=0 4 2 2 0 7
split_gain=452836 231885 152050 126655 123600 54567.4
threshold=26.500000000000004 4.3418887368256929 -42.405185461044304 76.870798945426955 162.50000000000003 0.93451081305884809
decision_type=2 10 8 10 2 10
left_child=2 3 -1 5 -3 -2
right_child=1 4 -4 -5 -6 -7
leaf_value=-0.9221628277548658 -0.25054641869971084 0.44207920999086198 -0.25054641869971084 0.52140398264848264 1.3646078338760594 0.26735582893376519
leaf_weight=401 535 356 1242 324 207 192
leaf_count=401 535 356 1242 324 207 192
internal_value=-0.0644465 0.292367 -0.414926 0.0290031 0.783086 -0.190859
internal_weight=3257 1614 1643 1051 563 727
internal_count=3257 1614 1643 1051 563 727
is_linear=0
shrinkage=0.03


Tree=53
num_leaves=7
num_cat=0
split_feature=1 0 4 2 6 0
split_gain=523857 273654 162042 148819 95040.6 40390.9
threshold=-24.437620202700291 155.50000000000003 3.6240006369055453 -18.17902851104736 8.0451190476190497 -19.499999999999996
decision_type=8 2 10 10 10 2
left_child=4 3 -3 -2 -1 -6
right_child=1 2 -4 -5 5 -7
leaf_value=-0.27142329896262835 -0.27142329896262835 0.19568094907928321 1.2574163116201449 0.19568094907928321 -1.0788011429189632 -0.61190276893835793
leaf_weight=190 921 235 288 899 356 324
leaf_count=190 921 235 288 899 356 324
internal_value=-0.0559312 0.177523 0.78163 0.00359123 -0.684129 -0.857563
internal_weight=3213 2343 523 1820 870 680
internal_count=3213 2343 523 1820 870 680
is_linear=0
shrinkage=0.03


Tree=54
num_leaves=7
num_cat=0
split_feature=1 7 3 3 2 8
split_gain=489342 185429 140676 126930 93780.3 70180.2
threshold=-2.3699429035186763 0.89682317346481411 7.5000000000000009 9.5000000000000018 96.175280570983901 15.625000000000002
decision_type=8 10 10 10 10 2
left_child=2 -2 -1 4 -3 -5
right_child=1 3 -4 5 -6 -7
leaf_value=-0.94370761758943966 -0.21622163319229451 0.010036686232689853 -0.22241029787333272 0.47888897899551253 0.66225498138009598 1.240687190766415
leaf_weight=562 756 781 430 286 265 177
leaf_count=562 756 781 430 286 265 177
internal_value=-0.0762904 0.167084 -0.631587 0.359134 0.175748 0.772163
internal_weight=3257 2265 992 1509 1046 463
internal_count=3257 2265 992 1509 1046 463
is_linear=0
shrinkage=0.03


Tree=55
num_leaves=7
num_cat=0
split_feature=1 0 5 3 3 7
split_gain=467685 284623 188002 97431.1 82163.2 60103.1
threshold=-24.437620202700291 155.50000000000003 -87.972833991050706 7.5000000000000009 9.5000000000000018 0.87041834580694688
decision_type=8 2 10 10 10 10
left_child=3 5 4 -1 -3 -2
right_child=1 2 -4 -5 -6 -7
leaf_value=-0.95762333098319496 -0.28923605970669691 0.43730200203440406 -0.046297043598075391 -0.28923605970669691 1.4284251025922241 -0.046297043598075391
leaf_weight=504 451 109 174 323 251 1389
leaf_count=504 451 109 174 323 251 1389
internal_value=-0.0833038 0.130768 0.739825 -0.697237 1.13038 -0.046297
internal_weight=3201 2374 534 827 360 1840
internal_count=3201 2374 534 827 360 1840
is_linear=0
shrinkage=0.03


Tree=56
num_leaves=7
num_cat=0
split_feature=0 1 3 2 3 7
split_gain=442529 245665 171302 116980 75404.2 48442.2
threshold=138.50000000000003 -24.437620202700291 9.5000000000000018 32.503791093826301 7.5000000000000009 0.96176012042363324
decision_type=2 8 10 10 10 10
left_child=1 4 5 -3 -1 -2
right_child=2 3 -4 -5 -6 -7
leaf_value=-0.92694354092994147 0.16317280528204781 -0.2535124319535868 1.1344508563020785 0.16317280528204781 -0.32217787862093633 1.0230563837794935
leaf_weight=484 291 1114 307 674 303 58
leaf_count=484 291 1114 307 674 303 58
internal_value=-0.0762661 -0.253499 0.618754 -0.0589735 -0.694809 0.163173
internal_weight=3231 2575 656 1788 787 349
internal_count=3231 2575 656 1788 787 349
is_linear=0
shrinkage=0.03


Tree=57
num_leaves=7
num_cat=0
split_feature=1 2 3 8 4 4
split_gain=441985 159917 100687 85157.4 51171.6 47043.7
threshold=-2.3699429035186763 88.505683779716506 7.5000000000000009 20.958333333343038 5.4249768937485987 0.62145682310328654
decision_type=8 10 10 2 8 10
left_child=2 3 5 4 -2 -1
right_child=1 -3 -4 -5 -6 -7
leaf_value=-0.19117752583963529 -0.14241938109479302 0.59529658676480357 -0.24534253647130341 0.59529658676480357 0.27705737650194273 -0.96685789487871121
leaf_weight=83 1196 581 433 159 334 483
leaf_count=83 1196 581 433 159 334 483
internal_value=-0.0649892 0.166439 -0.590497 0.0186506 -0.0507262 -0.853648
internal_weight=3269 2270 999 1689 1530 566
internal_count=3269 2270 999 1689 1530 566
is_linear=0
shrinkage=0.03


Tree=58
num_leaves=7
num_cat=0
split_feature=1 0 2 4 2 8
split_gain=451653 236936 159610 128107 71760.3 44900.4
threshold=4.2184129556020098 147.50000000000003 32.503791093826301 3.6947734443158482 79.257094025611892 13.375000000000002
decision_type=8 2 10 10 10 2
left_child=4 2 5 -3 -1 -2
right_child=1 3 -4 -5 -6 -7
leaf_value=-0.71245029645311675 -0.38175530141099057 0.3573361436144033 0.3573361436144033 1.1914287968111388 -0.23605815411488837 0.035239781935454746
leaf_weight=858 664 240 678 271 141 357
leaf_count=858 664 240 678 271 141 357
internal_value=-0.0680091 0.171295 0.000811652 0.737019 -0.597042 -0.236058
internal_weight=3209 2210 1699 511 999 1021
internal_count=3209 2210 1699 511 999 1021
is_linear=0
shrinkage=0.03


Tree=59
num_leaves=7
num_cat=0
split_feature=1 7 8 6 4 1
split_gain=417000 192169 106688 105348 93696.3 51194
threshold=4.2184129556020098 0.89682317346481411 15.875000000000002 7.8771822849807451 4.3418887368256929 -47.893285314242043
decision_type=8 10 2 10 10 10
left_child=3 -2 -3 -1 -4 -5
right_child=1 2 4 5 -6 -7
leaf_value=-0.21276110027150419 -0.21276110027150419 0.19136999541556737 0.44958529669932651 -0.89086914043542265 1.3277968319477857 -0.37790664791547018
leaf_weight=220 744 939 342 550 161 260
leaf_count=220 744 939 342 550 161 260
internal_value=-0.0558533 0.178643 0.380595 -0.553222 0.73276 -0.726884
internal_weight=3216 2186 1442 1030 503 810
internal_count=3216 2186 1442 1030 503 810
is_linear=0
shrinkage=0.03


Tree=60
num_leaves=7
num_cat=0
split_feature=0 1 3 7 3 7
split_gain=453262 277392 167257 105725 74598.3 47672.3
threshold=155.50000000000003 -24.437620202700291 9.5000000000000018 0.89863308008469311 7.5000000000000009 0.91615700167816538
decision_type=2 8 10 10 10 10
left_child=1 4 -2 -3 5 -1
right_child=2 3 -4 -5 -6 -7
leaf_value=-1.1036173548667054 0.18028454257496471 -0.31188468722434937 1.1990503961950132 0.15118659491419159 -0.32540319790105215 -0.45169704684366779
leaf_weight=360 289 728 291 1133 308 143
leaf_count=360 289 728 291 1133 308 143
internal_value=-0.0668653 -0.231919 0.692608 -0.0300313 -0.694581 -0.919544
internal_weight=3252 2672 580 1861 811 503
internal_count=3252 2672 580 1861 811 503
is_linear=0
shrinkage=0.03


Tree=61
num_leaves=7
num_cat=0
split_feature=1 7 8 6 2 8
split_gain=394667 161683 126011 91964.3 81272.7 83236.6
threshold=-2.3699429035186763 0.89682317346481411 15.875000000000002 7.8771822849807451 196.3329191207886 17.875000000000004
decision_type=8 10 2 10 8 2
left_child=3 -2 -3 -1 5 -4
right_child=1 2 4 -5 -6 -7
leaf_value=-0.20009119805688788 -0.20009119805688788 0.13679154082927053 1.0339848555907729 -0.7245383806143928 1.2030805364051429 0.028183327584119979
leaf_weight=195 769 977 120 784 193 191
leaf_count=195 769 977 120 784 193 191
internal_value=-0.0661367 0.152658 0.335832 -0.568627 0.720636 0.418344
internal_weight=3229 2250 1481 979 504 311
internal_count=3229 2250 1481 979 504 311
is_linear=0
shrinkage=0.03


Tree=62
num_leaves=7
num_cat=0
split_feature=0 5 0 3 7 5
split_gain=383754 207262 155458 92790.6 92517.1 31139
threshold=155.50000000000003 -87.972833991050706 -20.499999999999996 9.5000000000000018 0.90842932168233381 13948.583534121515
decision_type=2 10 2 10 10 8
left_child=2 3 4 -2 -1 -6
right_child=1 -3 -4 -5 5 -7
leaf_value=-0.85695908682493815 0.3836224563646316 -0.16271063379943371 -0.16271063379943371 1.3961495640956694 -0.16271063379943371 -0.55303582818750396
leaf_weight=484 124 191 1883 242 135 186
leaf_count=484 124 191 1883 242 135 186
internal_value=-0.0780325 0.637951 -0.226579 1.05509 -0.595412 -0.199617
internal_weight=3245 557 2688 366 805 321
internal_count=3245 557 2688 366 805 321
is_linear=0
shrinkage=0.03


Tree=63
num_leaves=7
num_cat=0
split_feature=0 1 5 1 2 7
split_gain=400348 243816 153991 78356.4 77857.6 48291.3
threshold=173.50000000000003 -24.437620202700291 -87.972833991050706 170.08622070153555 -23.979537367820736 0.93295013005362715
decision_type=2 8 10 8 10 10
left_child=1 -1 3 -2 5 -3
right_child=2 4 -4 -5 -6 -7
leaf_value=-0.67224312175406953 0.50993975173081119 -0.40576514777140454 -4.2525989383292596e-05 1.4877451506162944 -4.2525989383292596e-05 -4.2525989383292596e-05
leaf_weight=784 123 713 178 189 970 254
leaf_count=784 123 713 178 189 970 254
internal_value=-0.0840355 -0.226237 0.704474 1.10512 -0.0454632 -0.276662
internal_weight=3211 2721 490 312 1937 967
internal_count=3211 2721 490 312 1937 967
is_linear=0
shrinkage=0.03


Tree=64
num_leaves=7
num_cat=0
split_feature=0 4 2 0 2 7
split_gain=382226 191784 152688 114927 112662 54033.5
threshold=26.500000000000004 4.3418887368256929 75.218312025070205 170.50000000000003 -50.899998784065239 0.97701115678214923
decision_type=2 10 10 2 8 10
left_child=4 2 5 -3 -1 -2
right_child=1 3 -4 -5 -6 -7
leaf_value=-0.79696328232417235 -0.221520083803183 0.41381063333792939 0.5986566429278708 1.314985142167489 -0.221520083803183 0.5986566429278708
leaf_weight=406 678 358 315 198 1242 54
leaf_count=406 678 358 315 198 1242 54
internal_value=-0.0429716 0.286764 0.0474521 0.736517 -0.363683 -0.19024
internal_weight=3251 1603 1047 556 1648 732
internal_count=3251 1603 1047 556 1648 732
is_linear=0
shrinkage=0.03


Tree=65
num_leaves=7
num_cat=0
split_feature=1 7 3 3 2 6
split_gain=361767 149403 161560 117375 65840.9 55473.5
threshold=-2.3699429035186763 0.89682317346481411 9.5000000000000018 7.5000000000000009 111.1434214115143 8.0451190476190497
decision_type=8 10 10 10 10 8
left_child=3 -2 4 5 -3 -1
right_child=1 2 -4 -5 -6 -7
leaf_value=-0.18385643747351899 -0.18385643747351899 -0.0055619275897797124 0.79915867396314499 -0.18385643747351899 0.57332166696106801 -0.95884140982347366
leaf_weight=102 765 800 459 421 226 458
leaf_count=102 765 800 459 421 226 458
internal_value=-0.0530391 0.156583 0.331966 -0.533493 0.122385 -0.818164
internal_weight=3231 2250 1485 981 1026 560
internal_count=3231 2250 1485 981 1026 560
is_linear=0
shrinkage=0.03


Tree=66
num_leaves=7
num_cat=0
split_feature=0 4 1 0 2 5
split_gain=378971 249220 176259 101144 62677.4 57987.5
threshold=77.500000000000014 3.686284661887544 -79.860591351985917 244.50000000000003 106.58587884902956 14903.351793289186
decision_type=2 10 8 2 10 8
left_child=2 4 5 -3 -2 -1
right_child=1 3 -4 -5 -6 -7
leaf_value=-0.30047785530549398 -0.12162035501511627 0.62284745567229005 -0.12162035501511627 1.556025232212884 0.65215743653476232 -0.99994031335355338
leaf_weight=160 421 425 1661 139 97 326
leaf_count=160 421 425 1661 139 97 326
internal_value=-0.0381588 0.419425 -0.26885 0.85518 -0.055759 -0.770754
internal_weight=3229 1082 2147 564 518 486
internal_count=3229 1082 2147 564 518 486
is_linear=0
shrinkage=0.03


Tree=67
num_leaves=7
num_cat=0
split_feature=2 8 3 2 6 7
split_gain=282571 169123 130536 116561 59718.7 62086.2
threshold=-23.979537367820736 21.041666666656969 7.5000000000000009 88.505683779716506 26.658333333333335 0.95788509735878169
decision_type=8 2 10 10 8 10
left_child=2 3 -1 -2 5 -5
right_child=1 -3 -4 4 -6 -7
leaf_value=-0.91975077637955538 -0.10185760755469767 0.8784292181489316 -0.1509329929481957 0.64229387960694972 -0.10185760755469767 -0.10185760755469767
leaf_weight=399 1606 234 396 458 56 92
leaf_count=399 1606 234 396 458 56 92
internal_value=-0.0464865 0.113245 -0.537463 0.0319388 0.386105 0.498034
internal_weight=3241 2446 795 2212 606 550
internal_count=3241 2446 795 2212 606 550
is_linear=0
shrinkage=0.03


Tree=68
num_leaves=7
num_cat=0
split_feature=1 3 7 8 6 7
split_gain=356247 183199 125367 75269.2 61520 57853.8
threshold=70.519954562187209 8.5000000000000018 0.9121009631698469 21.041666666656969 3.5855000000000001 0.8756909451824707
decision_type=10 8 10 2 8 10
left_child=1 2 4 5 -1 -3
right_child=-2 3 -4 -5 -6 -7
leaf_value=0.36165204519921162 0.51704031691947328 -0.32024194007686202 -0.11509523580231501 0.51704031691947328 -0.76313788322652432 0.16479417226608359
leaf_weight=46 795 349 591 105 726 601
leaf_count=46 795 349 591 105 726 601
internal_value=-0.0334839 -0.214626 -0.444238 0.0821577 -0.695736 -0.0135422
internal_weight=3213 2418 1363 1055 772 950
internal_count=3213 2418 1363 1055 772 950
is_linear=0
shrinkage=0.03


Tree=69
num_leaves=7
num_cat=0
split_feature=1 0 5 6 1 3
split_gain=329113 192792 130360 92162.5 62465.4 51661.6
threshold=-2.3699429035186763 182.50000000000003 -87.972833991050706 7.7058704453441313 167.90077380339309 7.5000000000000009
decision_type=8 2 10 10 8 10
left_child=3 -2 4 -1 -3 -5
right_child=1 2 -4 5 -6 -7
leaf_value=0.030128955991928639 0.030128955991928639 0.49260813426064409 0.030128955991928639 -0.85496373627670508 1.4672954171390855 -0.35195635668005043
leaf_weight=190 1849 91 139 454 176 312
leaf_count=190 1849 91 139 454 176 312
internal_value=-0.0375062 0.16026 0.75137 -0.503674 1.13818 -0.650809
internal_weight=3211 2255 406 956 267 766
internal_count=3211 2255 406 956 267 766
is_linear=0
shrinkage=0.03


Tree=70
num_leaves=7
num_cat=0
split_feature=1 1 6 7 3 5
split_gain=368366 155002 95524.1 61283.4 60124.5 31678.8
threshold=-24.437620202700291 161.56275671720508 7.8771822849807451 0.88265533611351543 7.5000000000000009 253.17496502399447
decision_type=8 10 10 10 10 10
left_child=2 -2 -1 -3 -4 -5
right_child=1 3 4 5 -6 -7
leaf_value=0.025708883620296927 0.025708883620296927 0.025708883620296927 -0.98371112716289744 1.027467578219043 -0.39283901260212239 0.32021245563185058
leaf_weight=168 2004 74 413 242 251 76
leaf_count=168 2004 74 413 242 251 76
internal_value=-0.0563276 0.132554 -0.599778 0.67732 -0.761281 0.859972
internal_weight=3228 2396 832 392 664 318
internal_count=3228 2396 832 392 664 318
is_linear=0
shrinkage=0.03


Tree=71
num_leaves=7
num_cat=0
split_feature=0 4 2 0 2 7
split_gain=344234 227378 137387 114057 84467.1 37619.3
threshold=26.500000000000004 4.3418887368256929 80.349183440208449 162.50000000000003 -50.899998784065239 0.97701115678214923
decision_type=2 10 10 2 8 10
left_child=4 2 5 -3 -1 -2
right_child=1 3 -4 -5 -6 -7
leaf_value=-0.75474791463843827 -0.24460188427358684 0.40897956796198581 0.53434056984216483 1.2906392386541545 -0.24460188427358684 0.53434056984216483
leaf_weight=382 680 357 294 210 1239 46
leaf_count=382 680 357 294 210 1239 46
internal_value=-0.0578348 0.256161 -0.0117107 0.737218 -0.365213 -0.23327
internal_weight=3208 1587 1020 567 1621 726
internal_count=3208 1587 1020 567 1621 726
is_linear=0
shrinkage=0.03


Tree=72
num_leaves=7
num_cat=0
split_feature=0 5 1 3 3 7
split_gain=360067 219432 150287 105624 49310.8 39634.4
threshold=147.50000000000003 -42.405506014823906 -77.547613501548753 9.5000000000000018 7.5000000000000009 0.91615700167816538
decision_type=2 10 8 10 10 10
left_child=2 3 4 -2 5 -1
right_child=1 -3 -4 -5 -6 -7
leaf_value=-1.0970419804285851 0.33283859427992279 -0.19298171550891044 -0.19298171550891044 1.3439367327507394 -0.26391580298731598 -0.3724978002999958
leaf_weight=258 142 208 2120 273 157 94
leaf_count=258 142 208 2120 273 157 94
internal_value=-0.0461239 0.601765 -0.199826 0.999602 -0.708274 -0.905159
internal_weight=3252 623 2629 415 509 352
internal_count=3252 623 2629 415 509 352
is_linear=0
shrinkage=0.03


Tree=73
num_leaves=7
num_cat=0
split_feature=0 4 1 6 0 2
split_gain=369980 273842 134246 86980.7 84949.2 66172.4
threshold=76.500000000000014 3.686284661887544 -28.305369377136227 4.2305194805194812 193.50000000000003 128.57249844074252
decision_type=2 10 8 10 2 10
left_child=2 5 3 -1 -3 -2
right_child=1 4 -4 -5 -6 -7
leaf_value=-0.11841641395271602 -0.11841641395271602 0.57381482975001208 -0.11841641395271602 -0.78057971939260828 1.3382054090845412 0.74192699057084543
leaf_weight=97 457 364 1456 582 206 80
leaf_count=97 457 364 1456 582 206 80
internal_value=-0.0503072 0.394547 -0.281041 -0.629076 0.851928 -0.0916227
internal_weight=3242 1107 2135 679 570 537
internal_count=3242 1107 2135 679 570 537
is_linear=0
shrinkage=0.03


Tree=74
num_leaves=7
num_cat=0
split_feature=1 1 3 8 6 4
split_gain=311500 160528 100587 90032.4 32793.8 27949.4
threshold=-37.67125626405079 70.519954562187209 7.5000000000000009 20.625000000000004 1.5045454545454549 7.5073120484126461
decision_type=8 10 10 2 8 10
left_child=2 3 4 5 -1 -2
right_child=1 -3 -4 -5 -6 -7
leaf_value=-0.13006731724900697 -0.13006731724900697 0.46187595197658859 -0.14423154633163141 0.46187595197658859 -0.95140347521579061 0.46187595197658859
leaf_weight=46 1438 800 282 152 408 50
leaf_count=46 1438 800 282 152 408 50
internal_value=-0.0494565 0.113761 -0.589978 -0.0562291 -0.865926 -0.130067
internal_weight=3176 2440 736 1640 454 1488
internal_count=3176 2440 736 1640 454 1488
is_linear=0
shrinkage=0.03


Tree=75
num_leaves=7
num_cat=0
split_feature=1 7 8 6 7 2
split_gain=316157 141008 89592.1 75668 55956.2 52601.5
threshold=-24.437620202700291 0.91105906843611772 13.375000000000002 7.8771822849807451 0.92808106456011674 104.32182550430299
decision_type=8 10 2 10 10 8
left_child=3 -2 4 -1 -3 -4
right_child=1 2 5 -5 -6 -7
leaf_value=-0.10828713080248401 -0.10828713080248401 0.45563632107264285 0.32310788688508923 -0.6864830333468589 -0.10828713080248401 0.87398237538592116
leaf_weight=183 1095 258 301 659 406 327
leaf_count=183 1095 258 301 659 406 327
internal_value=-0.034199 0.142131 0.354287 -0.533657 0.111049 0.610882
internal_weight=3229 2387 1292 842 664 628
internal_count=3229 2387 1292 842 664 628
is_linear=0
shrinkage=0.03


Tree=76
num_leaves=7
num_cat=0
split_feature=0 2 4 7 3 0
split_gain=330683 175826 169640 88278 81559.9 52103.7
threshold=138.50000000000003 3.1373730897903447 3.5445354456074054 0.90660995630875163 8.5000000000000018 244.50000000000003
decision_type=2 10 10 10 8 2
left_child=1 3 -2 4 -1 -4
right_child=2 -3 5 -5 -6 -7
leaf_value=-0.86563947255879037 0.090474692292006331 0.090474692292006331 0.68293604730514645 -0.14224531240191809 -0.28024931660685976 1.4191644138918849
leaf_weight=489 304 1061 220 627 383 146
leaf_count=489 304 1061 220 627 383 146
internal_value=-0.0496952 -0.205008 0.543159 -0.414073 -0.60914 0.979689
internal_weight=3230 2560 670 1499 872 366
internal_count=3230 2560 670 1499 872 366
is_linear=0
shrinkage=0.03


Tree=77
num_leaves=7
num_cat=0
split_feature=0 4 2 6 0 4
split_gain=334784 180613 163214 84240.1 57634.5 53752.8
threshold=138.50000000000003 3.6947734443158482 -56.006471157073968 13.881112054329373 244.50000000000003 4.3158731852913208
decision_type=2 10 8 8 2 10
left_child=2 -2 5 -4 -3 -1
right_child=1 4 3 -5 -6 -7
leaf_value=-0.86011399278194123 0.059274291512342765 0.70549346737201934 0.059274291512342765 -0.25149811351532486 1.4865019315719603 -0.25149811351532486
leaf_weight=358 326 205 966 1081 149 155
leaf_count=358 326 205 966 1081 149 155
internal_value=-0.0219047 0.569295 -0.179103 -0.0590627 1.03748 -0.657047
internal_weight=3240 680 2560 2047 354 513
internal_count=3240 680 2560 2047 354 513
is_linear=0
shrinkage=0.03


Tree=78
num_leaves=7
num_cat=0
split_feature=0 4 1 0 6 1
split_gain=357572 233912 157484 99489.9 78568.6 36795
threshold=76.500000000000014 3.686284661887544 -28.305369377136227 244.50000000000003 3.5855000000000001 161.56275671720508
decision_type=2 10 8 2 10 8
left_child=2 -2 4 5 -1 -3
right_child=1 3 -4 -5 -6 -7
leaf_value=-0.080557831766399607 -0.059229400324833203 0.2813273746189997 -0.080557831766399607 1.495881210033958 -0.76227402412713163 0.84140700119960155
leaf_weight=89 507 193 1456 147 601 236
leaf_count=89 507 193 1456 147 601 236
internal_value=-0.0333805 0.410787 -0.257621 0.823885 -0.630592 0.590677
internal_weight=3229 1083 2146 576 690 429
internal_count=3229 1083 2146 576 690 429
is_linear=0
shrinkage=0.03


Tree=79
num_leaves=7
num_cat=0
split_feature=0 1 5 6 1 7
split_gain=345641 198347 161311 78482.6 64315.6 42091.4
threshold=173.50000000000003 -59.155317544937127 -42.405506014823906 8.7567073170731717 217.34335881471637 0.96417878528656986
decision_type=2 8 10 10 8 10
left_child=1 3 4 -1 -2 -4
right_child=2 -3 5 -5 -6 -7
leaf_value=-0.01481874603506839 0.66122544677169226 -0.01481874603506839 -0.01481874603506839 -0.80596090007542442 1.5088407900947296 0.66122544677169226
leaf_weight=136 161 2100 115 481 166 50
leaf_count=136 161 2100 115 481 166 50
internal_value=-0.021298 -0.153851 0.709537 -0.626268 1.0948 -0.0148187
internal_weight=3209 2717 492 617 327 165
internal_count=3209 2717 492 617 327 165
is_linear=0
shrinkage=0.03


Tree=80
num_leaves=7
num_cat=0
split_feature=0 1 3 3 6 0
split_gain=299640 173183 163165 95050 95920.2 49438.8
threshold=162.50000000000003 14.367599427700045 9.5000000000000018 7.5000000000000009 8.8908791208791218 88.500000000000014
decision_type=2 10 10 8 8 2
left_child=1 3 -2 4 -1 -5
right_child=2 -3 -4 5 -6 -7
leaf_value=-0.00044076231165001025 0.21420459737057082 0.21420459737057082 1.1489801739106758 -0.21365411499971973 -0.74875573406304352 0.21420459737057082
leaf_weight=207 261 798 270 892 603 146
leaf_count=207 261 798 270 892 603 146
internal_value=-0.0243874 -0.154953 0.625298 -0.314392 -0.557756 -0.12413
internal_weight=3177 2646 531 1848 810 1038
internal_count=3177 2646 531 1848 810 1038
is_linear=0
shrinkage=0.03


Tree=81
num_leaves=7
num_cat=0
split_feature=2 8 3 2 5 5
split_gain=264837 165591 115458 111558 61490.1 54895.6
threshold=-20.592756152153012 20.958333333343038 7.5000000000000009 88.505683779716506 1337.7128226757052 -42.405506014823906
decision_type=8 2 10 10 8 10
left_child=2 3 -1 -2 -5 -3
right_child=1 5 -4 4 -6 -7
leaf_value=-0.83817301625784701 -0.086037728139986641 1.1934271252155304 -0.13213930733665061 1.0207416348119751 0.24663799281379109 0.18003380170890262
leaf_weight=424 1590 161 410 112 512 69
leaf_count=424 1590 161 410 112 512 69
internal_value=-0.0303788 0.127166 -0.491656 0.0473964 0.386991 0.891505
internal_weight=3278 2444 834 2214 624 230
internal_count=3278 2444 834 2214 624 230
is_linear=0
shrinkage=0.03


Tree=82
num_leaves=7
num_cat=0
split_feature=1 3 6 7 8 1
split_gain=256407 161894 110405 69898 50684.7 44456.9
threshold=70.519954562187209 8.5000000000000018 8.0451190476190497 0.95958284613797384 20.958333333343038 -51.042915701866143
decision_type=10 8 8 10 2 10
left_child=1 2 -1 5 -3 -4
right_child=-2 4 3 -5 -6 -7
leaf_value=0.10175928641621484 0.42957517776987364 0.0055731742374663202 -0.73934568589021787 0.36939460395276541 0.42957517776987364 -0.2980706561533446
leaf_weight=298 778 927 721 69 106 290
leaf_count=298 778 927 721 69 106 290
internal_value=-0.0436381 -0.196453 -0.409182 -0.550128 0.0874449 -0.613188
internal_weight=3189 2411 1378 1080 1033 1011
internal_count=3189 2411 1378 1080 1033 1011
is_linear=0
shrinkage=0.03


Tree=83
num_leaves=7
num_cat=0
split_feature=0 5 0 5 3 3
split_gain=309468 196670 105679 92936.1 89559.5 54821.7
threshold=147.50000000000003 -87.972833991050706 -24.499999999999996 7744.7163704633722 9.5000000000000018 8.5000000000000018
decision_type=2 10 2 8 10 10
left_child=2 4 3 -1 -2 -5
right_child=1 -3 -4 5 -6 -7
leaf_value=-0.18742693788683601 0.33204423990429321 -0.18742693788683601 -0.18742693788683601 -0.93256352254182751 1.2888275096011022 -0.18742693788683601
leaf_weight=233 135 199 1875 410 257 108
leaf_count=233 135 199 1875 410 257 108
internal_value=-0.0478045 0.571851 -0.187427 -0.54313 0.961006 -0.774415
internal_weight=3217 591 2626 751 392 518
internal_count=3217 591 2626 751 392 518
is_linear=0
shrinkage=0.03


Tree=84
num_leaves=7
num_cat=0
split_feature=1 1 3 7 5 5
split_gain=286435 135849 103548 77869.6 57315.2 45099.9
threshold=-24.437620202700291 164.96339726448062 7.5000000000000009 0.91180174840717154 143.72657382488254 5065.0851300954828
decision_type=8 10 10 10 10 8
left_child=2 3 5 -2 -3 -1
right_child=1 4 -4 -5 -6 -7
leaf_value=-0.42134588216980023 -0.067895153620609869 0.90812759625694961 -0.067895153620609869 0.24309585294838945 0.24309585294838945 -0.99192530136144286
leaf_weight=218 984 274 324 1042 116 298
leaf_count=218 984 274 324 1042 116 298
internal_value=-0.011751 0.15418 -0.488616 0.0553461 0.666155 -0.752148
internal_weight=3256 2416 840 2026 390 516
internal_count=3256 2416 840 2026 390 516
is_linear=0
shrinkage=0.03


Tree=85
num_leaves=7
num_cat=0
split_feature=1 1 3 8 2 6
split_gain=300196 139874 86553.4 60675.7 72423.9 53201.1
threshold=-24.437620202700291 167.90077380339309 7.5000000000000009 20.375000000000004 -26.520166635513302 13.967799539170509
decision_type=8 10 10 2 8 8
left_child=2 3 -1 5 -5 -2
right_child=1 -3 -4 4 -6 -7
leaf_value=-0.76502093545977889 0.15320436351269268 0.66156073494089962 -0.14672557786814536 -0.14672557786814536 0.66156073494089962 -0.14672557786814536
leaf_weight=519 833 377 336 41 176 973
leaf_count=519 833 377 336 41 176 973
internal_value=-0.0401452 0.131839 -0.522497 0.0328433 0.50562 -0.0242116
internal_weight=3255 2400 855 2023 217 1806
internal_count=3255 2400 855 2023 217 1806
is_linear=0
shrinkage=0.03


Tree=86
num_leaves=7
num_cat=0
split_feature=0 4 0 1 1 5
split_gain=272616 154881 104206 98281 79578.6 51563
threshold=26.500000000000004 4.3418887368256929 162.50000000000003 115.54499077796937 -79.860591351985917 5065.0851300954828
decision_type=2 10 2 10 8 8
left_child=4 3 -3 -2 5 -1
right_child=1 2 -4 -5 -6 -7
leaf_value=-0.17258699709635708 -0.14276218753277772 0.34574469175156958 1.210312023818493 0.52436314712716814 -0.17258699709635708 -0.85394806743051466
leaf_weight=124 737 340 199 271 1188 310
leaf_count=124 737 340 199 271 1188 310
internal_value=-0.0282225 0.256608 0.666595 0.0369359 -0.299874 -0.647101
internal_weight=3169 1547 539 1008 1622 434
internal_count=3169 1547 539 1008 1622 434
is_linear=0
shrinkage=0.03


Tree=87
num_leaves=7
num_cat=0
split_feature=0 1 5 6 0 0
split_gain=289630 151415 140787 79514.1 86377.6 59056.7
threshold=168.50000000000003 5.5738976399103821 -87.972833991050706 8.158645161290325 -22.499999999999996 244.50000000000003
decision_type=2 10 10 8 2 2
left_child=1 3 5 -1 -5 -2
right_child=2 -3 -4 4 -6 -7
leaf_value=0.098733221131083085 0.61904883758337403 0.17674687602936964 0.17674687602936964 -0.70112563638568615 -0.22075582599119642 1.4346623358493897
leaf_weight=373 161 931 179 522 951 163
leaf_count=373 161 931 179 522 951 163
internal_value=-0.0150244 -0.135059 0.646625 -0.292324 -0.391349 1.03252
internal_weight=3280 2777 503 1846 1473 324
internal_count=3280 2777 503 1846 1473 324
is_linear=0
shrinkage=0.03


Tree=88
num_leaves=7
num_cat=0
split_feature=2 1 8 4 2 8
split_gain=232897 168348 74372.8 43163.7 40588.7 34596.2
threshold=88.505683779716506 -25.190319259961445 20.375000000000004 5.4249768937485987 -33.04264044761657 6.0416666666569663
decision_type=10 8 2 8 8 2
left_child=1 -1 3 -3 -4 -5
right_child=-2 2 4 5 -6 -7
leaf_value=-0.54865461167711582 0.45358592237218875 -0.15512882288123639 -0.47794545049017123 -0.16364108900147034 0.45358592237218875 0.45358592237218875
leaf_weight=726 703 1271 43 120 160 194
leaf_count=726 703 1271 43 120 160 194
internal_value=-0.0287332 -0.163733 -0.00721967 -0.0773135 0.453586 0.237158
internal_weight=3217 2514 1788 1585 203 314
internal_count=3217 2514 1788 1585 203 314
is_linear=0
shrinkage=0.03


Tree=89
num_leaves=7
num_cat=0
split_feature=3 2 8 5 1 4
split_gain=232081 148584 110803 83031.2 81118.9 54391.3
threshold=8.5000000000000018 -20.592756152153012 21.041666666656969 12242.460267901422 14.367599427700045 7.5658312946160917
decision_type=10 8 2 8 10 8
left_child=1 -1 -2 -3 5 -5
right_child=2 3 -4 4 -6 -7
leaf_value=-0.62089966358498117 0.18587541017389703 0.23324215153247266 0.98150205246322064 -0.6084666571787839 0.23324215153247266 0.21497721156274729
leaf_weight=579 1222 556 180 411 210 87
leaf_count=579 1222 556 180 411 210 87
internal_value=-0.0021206 -0.223352 0.288651 -0.0409005 -0.256213 -0.464469
internal_weight=3245 1843 1402 1264 708 498
internal_count=3245 1843 1402 1264 708 498
is_linear=0
shrinkage=0.03


Tree=90
num_leaves=7
num_cat=0
split_feature=2 8 3 2 3 5
split_gain=218307 137631 105250 59219 58922.7 58617.4
threshold=-20.592756152153012 20.958333333343038 8.5000000000000018 88.505683779716506 9.5000000000000018 1337.7128226757052
decision_type=8 2 10 10 10 8
left_child=2 3 -1 -2 -3 -5
right_child=1 4 -4 5 -6 -7
leaf_value=-0.67223546180327032 0.043745035253213195 0.31275225655410599 0.043745035253213195 0.94994700945978572 1.2649843272615651 0.19710361157532647
leaf_weight=571 1580 114 248 114 121 493
leaf_count=571 1580 114 248 114 121 493
internal_value=-0.0251587 0.118039 -0.44826 0.043745 0.806333 0.339824
internal_weight=3241 2422 819 2187 235 607
internal_count=3241 2422 819 2187 235 607
is_linear=0
shrinkage=0.03


Tree=91
num_leaves=7
num_cat=0
split_feature=0 1 4 6 6 7
split_gain=268849 145041 122477 72917.6 51187.8 46409.6
threshold=182.50000000000003 3.3370394110679631 3.6947734443158482 13.967799539170509 8.0451190476190497 0.90388814242526039
decision_type=2 8 10 8 10 10
left_child=1 4 -2 -3 -1 -5
right_child=2 3 -4 5 -6 -7
leaf_value=-0.14955153869563828 0.15662722704507584 0.15662722704507584 1.1546417737883394 -0.32910405223007483 -0.5391166594776452 0.087658518256870571
leaf_weight=192 214 835 229 557 764 422
leaf_count=192 214 835 229 557 764 422
internal_value=-0.0113831 -0.121194 0.67397 0.0364342 -0.420016 -0.149552
internal_weight=3213 2770 443 1814 956 979
internal_count=3213 2770 443 1814 956 979
is_linear=0
shrinkage=0.03


Tree=92
num_leaves=7
num_cat=0
split_feature=0 3 1 6 2 6
split_gain=275952 150772 100932 68249.3 67766.7 61832.9
threshold=76.500000000000014 10.500000000000002 -69.079851746559129 27.472049689440997 59.126608848571784 4.2305194805194812
decision_type=2 8 8 8 8 10
left_child=2 4 5 -3 -2 -1
right_child=1 3 -4 -5 -6 -7
leaf_value=-0.10478275517307374 -0.10478275517307374 1.1817495421416571 -0.10478275517307374 -0.10478275517307374 0.39190420430919909 -0.75482051907093706
leaf_weight=83 333 229 1611 40 490 412
leaf_count=83 333 229 1611 40 490 412
internal_value=-0.0194214 0.367384 -0.220066 0.982607 0.165348 -0.594294
internal_weight=3198 1092 2106 269 823 495
internal_count=3198 1092 2106 269 823 495
is_linear=0
shrinkage=0.03


Tree=93
num_leaves=7
num_cat=0
split_feature=0 4 0 2 2 0
split_gain=281032 171030 126156 101144 78480.2 52642.8
threshold=31.500000000000004 4.012505536383622 162.50000000000003 75.218312025070205 -50.899998784065239 -22.499999999999996
decision_type=2 10 2 10 8 2
left_child=4 3 -3 -2 5 -1
right_child=1 2 -4 -5 -6 -7
leaf_value=-0.95920995054438762 -0.22617761555551691 0.32298283792830801 1.1804700539830852 0.48669926740842706 -0.22617761555551691 -0.26748886369285835
leaf_weight=232 601 443 237 254 1282 174
leaf_count=232 601 443 237 254 1282 174
internal_value=-0.0252458 0.268428 0.623137 -0.0140778 -0.292302 -0.664144
internal_weight=3223 1535 680 855 1688 406
internal_count=3223 1535 680 855 1688 406
is_linear=0
shrinkage=0.03


Tree=94
num_leaves=7
num_cat=0
split_feature=0 1 4 0 5 8
split_gain=239095 149202 120356 77845 92763.4 34744.3
threshold=204.50000000000003 -24.437620202700291 3.7023196081384389 -20.499999999999996 7744.7163704633722 20.875000000000004
decision_type=2 10 10 2 8 2
left_child=1 3 -2 4 -1 -5
right_child=2 -3 -4 5 -6 -7
leaf_value=-0.13245424534583572 0.16191629755022249 0.16191629755022249 1.227711074259132 -0.13245424534583572 -0.82370152384098339 0.16191629755022249
leaf_weight=197 176 1129 191 1025 401 67
leaf_count=197 176 1129 191 1025 401 67
internal_value=-0.0111777 -0.105027 0.708023 -0.283348 -0.558211 -0.132454
internal_weight=3186 2819 367 1690 598 1092
internal_count=3186 2819 367 1690 598 1092
is_linear=0
shrinkage=0.03


Tree=95
num_leaves=7
num_cat=0
split_feature=0 5 1 0 6 1
split_gain=269755 169746 107185 66211.3 57291.8 43935.8
threshold=155.50000000000003 -87.972833991050706 -75.990353802839891 244.50000000000003 8.158645161290325 212.464155515035
decision_type=2 10 8 2 10 8
left_child=2 3 4 5 -1 -2
right_child=1 -3 -4 -5 -6 -7
leaf_value=-0.13884426785150758 0.18672056637312234 -0.13884426785150758 -0.13884426785150758 1.3913830771813025 -0.73244212227167826 1.0856769641925548
leaf_weight=121 113 196 2102 168 420 86
leaf_count=121 113 196 2102 168 420 86
internal_value=-0.0220044 0.573637 -0.149054 0.953489 -0.561367 0.5787
internal_weight=3206 563 2643 367 541 199
internal_count=3206 563 2643 367 541 199
is_linear=0
shrinkage=0.03


Tree=96
num_leaves=7
num_cat=0
split_feature=0 3 0 2 4 2
split_gain=232728 156703 115264 64370.6 67264.6 45096.4
threshold=149.50000000000003 9.5000000000000018 -23.499999999999996 -66.19492137432097 4.3745403007207093 54.152870297431953
decision_type=2 10 2 8 10 10
left_child=2 -2 3 -1 -5 -4
right_child=1 -3 5 4 -6 -7
leaf_value=-0.92933950294236667 0.063941009719539615 1.0411435335622707 -0.069230580999518274 -0.069230580999518274 -0.7832663243585789 0.063941009719539615
leaf_weight=182 308 283 1308 400 168 581
leaf_count=182 308 283 1308 400 168 581
internal_value=-0.00474947 0.532842 -0.125299 -0.439684 -0.28143 -0.000309766
internal_weight=3230 591 2639 750 568 1889
internal_count=3230 591 2639 750 568 1889
is_linear=0
shrinkage=0.03


Tree=97
num_leaves=7
num_cat=0
split_feature=0 7 4 0 8 3
split_gain=255654 171849 132148 98969.3 38487.5 31605.2
threshold=204.50000000000003 0.91062641150600265 3.6947734443158482 -26.499999999999996 13.291666666656967 7.5000000000000009
decision_type=2 10 10 2 2 8
left_child=1 3 -2 -1 -3 -5
right_child=2 4 -4 5 -6 -7
leaf_value=-0.70779326792610309 0.12560570632957893 -0.0993177638510718 1.2546025319631935 -0.44071083588836091 0.12560570632957893 -0.068880842657010083
leaf_weight=455 175 684 196 287 695 722
leaf_count=455 175 684 196 287 695 722
internal_value=-0.0179455 -0.114678 0.721637 -0.340942 0.125606 -0.174976
internal_weight=3214 2843 371 1464 1379 1009
internal_count=3214 2843 371 1464 1379 1009
is_linear=0
shrinkage=0.03


Tree=98
num_leaves=7
num_cat=0
split_feature=0 4 0 7 4 7
split_gain=194932 129419 123671 65836.9 36963.1 31196.7
threshold=204.50000000000003 3.6947734443158482 -20.499999999999996 0.90842932168233381 4.0843675692498751 0.91943786203264877
decision_type=2 10 2 10 8 10
left_child=2 5 3 -1 -4 -2
right_child=1 -3 4 -5 -6 -7
leaf_value=-0.66427826218892649 0.010444849452647034 1.1596342731546609 -0.1045990289637336 -0.1045990289637336 0.054933565568705503 0.50360456865185343
leaf_weight=457 74 191 1105 323 953 116
leaf_count=457 74 191 1105 323 953 116
internal_value=-0.0259259 0.61032 -0.111526 -0.432944 0.0104448 0.0549336
internal_weight=3219 381 2838 780 2058 190
internal_count=3219 381 2838 780 2058 190
is_linear=0
shrinkage=0.03


Tree=99
num_leaves=7
num_cat=0
split_feature=0 5 3 2 3 8
split_gain=226763 169280 88590.9 71869.7 66046 28152.8
threshold=173.50000000000003 -42.405506014823906 9.5000000000000018 -56.006471157073968 7.5000000000000009 18.041666666656969
decision_type=2 10 10 8 10 2
left_child=3 2 -2 4 5 -1
right_child=1 -3 -4 -5 -6 -7
leaf_value=-0.57100059328114461 0.19971983820199965 -0.12704960390596703 1.2911070551742678 -0.12704960390596703 -0.12704960390596703 -1.2063538656463013
leaf_weight=202 95 163 229 2195 229 93
leaf_count=202 95 163 229 2195 229 93
internal_value=-0.0202202 0.575264 0.972701 -0.12705 -0.478099 -0.774697
internal_weight=3206 487 324 2719 524 295
internal_count=3206 487 324 2719 524 295
is_linear=0
shrinkage=0.03


Tree=100
num_leaves=7
num_cat=0
split_feature=0 5 1 1 7 7
split_gain=214102 138094 82939.2 58536.5 36822.2 29777.3
threshold=175.50000000000003 -87.972833991050706 -51.042915701866143 217.34335881471637 0.90660995630875163 0.96417878528656986
decision_type=2 10 8 8 10 10
left_child=2 3 4 -2 -1 -3
right_child=1 5 -4 -5 -6 -7
leaf_value=-0.61225075265364859 0.5440247093751126 -0.096101651951203973 -0.096101651951203973 1.3829245085441149 -0.14896187390381166 0.5440247093751126
leaf_weight=401 148 120 2092 155 252 41
leaf_count=401 148 120 2092 155 252 41
internal_value=0.00470613 0.600004 -0.0961017 0.976302 -0.433964 -0.0961017
internal_weight=3209 464 2745 303 653 161
internal_count=3209 464 2745 303 653 161
is_linear=0
shrinkage=0.03


Tree=101
num_leaves=7
num_cat=0
split_feature=3 0 7 5 3 2
split_gain=225077 191094 126900 69308.1 70338.9 58048.5
threshold=7.5000000000000009 160.50000000000003 0.90951303598362432 -87.972833991050706 9.5000000000000018 -31.490810036659237
decision_type=8 2 10 10 10 8
left_child=2 -2 5 4 -3 -1
right_child=1 3 -4 -5 -6 -7
leaf_value=-1.0030269490752148 0.029697246468953182 0.23240768311485166 -0.03659779038127154 0.029697246468953182 1.2098736751178079 -0.39329874604870346
leaf_weight=254 1664 92 583 84 241 318
leaf_count=254 1664 92 583 84 241 318
internal_value=-0.0126123 0.173766 -0.348276 0.747214 0.941327 -0.66533
internal_weight=3236 2081 1155 417 333 572
internal_count=3236 2081 1155 417 333 572
is_linear=0
shrinkage=0.03


Tree=102
num_leaves=7
num_cat=0
split_feature=2 1 3 6 3 8
split_gain=190701 151243 59112.8 88349.7 43328.6 36409.7
threshold=88.505683779716506 -35.397384524345391 9.5000000000000018 27.955371315192746 7.5000000000000009 22.791666666656969
decision_type=10 8 10 8 10 2
left_child=1 4 5 -4 -1 -3
right_child=-2 2 3 -5 -6 -7
leaf_value=-0.7079820035345904 0.42528509109782897 -0.14716402450211291 0.42528509109782897 -0.28977225885112234 -0.28977225885112234 0.42528509109782897
leaf_weight=428 693 1208 388 187 246 58
leaf_count=428 693 1208 388 187 246 58
internal_value=-0.0149913 -0.136429 0.00440949 0.256393 -0.520559 -0.11015
internal_weight=3208 2515 1841 575 674 1266
internal_count=3208 2515 1841 575 674 1266
is_linear=0
shrinkage=0.03


Tree=103
num_leaves=7
num_cat=0
split_feature=0 0 4 7 7 7
split_gain=195733 124476 105127 83822 40583 27804.6
threshold=-20.499999999999996 244.50000000000003 3.6947734443158482 0.90660995630875163 0.91105906843611772 0.90660995630875163
decision_type=2 2 10 10 10 10
left_child=3 4 5 -1 -2 -3
right_child=1 2 -4 -5 -6 -7
leaf_value=-0.68862522683849858 -0.065681977267969746 0.10854336877079571 1.282734816258507 -0.065681977267969746 0.10854336877079571 0.63306247268404281
leaf_weight=475 1026 45 139 329 1128 90
leaf_count=475 1026 45 139 329 1128 90
internal_value=-0.0287061 0.105662 0.706708 -0.434113 0.0289138 0.108543
internal_weight=3232 2428 274 804 2154 135
internal_count=3232 2428 274 804 2154 135
is_linear=0
shrinkage=0.03


Tree=104
num_leaves=7
num_cat=0
split_feature=0 7 5 0 0 4
split_gain=199621 136389 121706 99756.3 61090.4 53211.9
threshold=170.50000000000003 0.90612981654755775 -42.405506014823906 -29.499999999999996 244.50000000000003 4.103933004722145
decision_type=2 10 10 2 2 8
left_child=1 3 4 -1 -2 -5
right_child=2 -3 -4 5 -6 -7
leaf_value=-0.7034965774555032 0.48306554728639345 0.11003823682012299 0.11003823682012299 -0.36729078230028367 1.2967952012700192 0.087148581231375796
leaf_weight=409 166 1397 181 465 169 461
leaf_count=409 166 1397 181 465 169 461
internal_value=0.00511794 -0.0971442 0.545693 -0.313869 0.896212 -0.141203
internal_weight=3248 2732 516 1335 335 926
internal_count=3248 2732 516 1335 335 926
is_linear=0
shrinkage=0.03


Tree=105
num_leaves=7
num_cat=0
split_feature=0 4 7 0 8 8
split_gain=226769 131072 98291.5 54058.7 49206.4 47402.4
threshold=162.50000000000003 3.4451258835938594 0.90612981654755775 -23.499999999999996 16.375000000000004 10.708333333343036
decision_type=2 10 10 2 2 2
left_child=2 -2 3 -1 5 -3
right_child=1 4 -4 -5 -6 -7
leaf_value=-0.57556964104717723 0.024715794764268093 1.090886139790217 0.024715794764268093 -0.16236218842057509 1.3763948943064761 0.092513972764991848
leaf_weight=422 233 89 1380 877 142 82
leaf_count=422 233 89 1380 877 142 82
internal_value=0.00726948 0.563924 -0.106349 -0.296938 0.963958 0.615456
internal_weight=3225 546 2679 1299 313 171
internal_count=3225 546 2679 1299 313 171
is_linear=0
shrinkage=0.03


Tree=106
num_leaves=7
num_cat=0
split_feature=1 1 3 8 4 6
split_gain=209727 86003.8 83398.1 63946.1 32526.8 31052.2
threshold=-20.527457396189373 115.54499077796937 7.5000000000000009 20.375000000000004 7.5073120484126461 1.0571428571428576
decision_type=8 10 10 2 10 8
left_child=2 3 5 4 -2 -1
right_child=1 -3 -4 -5 -6 -7
leaf_value=-0.035623142508208187 -0.035623142508208187 0.44749206275237025 -0.035623142508208187 0.44749206275237025 0.44749206275237025 -0.73149464817200938
leaf_weight=49 1516 593 316 199 44 464
leaf_count=49 1516 593 316 199 44 464
internal_value=-0.0092535 0.13538 -0.419268 0.0299646 -0.0356231 -0.655059
internal_weight=3181 2352 829 1759 1560 513
internal_count=3181 2352 829 1759 1560 513
is_linear=0
shrinkage=0.03


Tree=107
num_leaves=7
num_cat=0
split_feature=0 2 4 6 3 2
split_gain=248010 132126 116743 101255 44923.3 36790.3
threshold=204.50000000000003 -33.04264044761657 3.7023196081384389 14.890813464235624 7.5000000000000009 92.602999925613418
decision_type=2 8 10 8 10 10
left_child=1 4 5 -3 -1 -2
right_child=2 3 -4 -5 -6 -7
leaf_value=-0.69832545694717074 0.13492424922256635 0.13492424922256635 1.1940310827813496 -0.21356754756235077 -0.21867154500301864 1.0230671780450002
leaf_weight=360 132 1141 204 1039 345 41
leaf_count=360 132 1141 204 1039 345 41
internal_value=-0.0129144 -0.107551 0.709665 0.00796107 -0.464243 0.134924
internal_weight=3262 2885 377 2180 705 173
internal_count=3262 2885 377 2180 705 173
is_linear=0
shrinkage=0.03


Tree=108
num_leaves=7
num_cat=0
split_feature=3 8 7 7 2 3
split_gain=204836 109958 108262 89741.4 56897.1 51186.2
threshold=8.5000000000000018 21.041666666656969 0.91062641150600265 0.87282772476142656 -11.2928249835968 10.500000000000002
decision_type=8 2 10 10 10 10
left_child=2 3 4 -2 -1 -5
right_child=1 -3 -4 5 -6 -7
leaf_value=-0.67173354693861431 -0.24833727379702975 0.86373040231438558 -0.00072656218079764393 0.17008359237368326 -0.15569800540067183 0.69119661655954334
leaf_weight=532 393 214 825 746 302 219
leaf_count=532 393 214 825 746 302 219
internal_value=-0.0120166 0.233295 -0.244464 0.133385 -0.485282 0.28894
internal_weight=3231 1572 1659 1358 834 965
internal_count=3231 1572 1659 1358 834 965
is_linear=0
shrinkage=0.03


Tree=109
num_leaves=7
num_cat=0
split_feature=3 7 2 7 7 2
split_gain=168291 130223 125006 98945.3 52495.8 44228.6
threshold=9.5000000000000018 0.87631637290766007 -3.917413473129272 0.93423329083955575 0.95595043572984761 75.218312025070205
decision_type=8 10 10 10 10 8
left_child=2 -2 3 -1 5 -3
right_child=1 4 -4 -5 -6 -7
leaf_value=-0.49944059177081912 -0.1107403596399622 0.33913759669216959 0.10281529096104093 0.10281529096104093 0.057062532488447032 0.92554666791950257
leaf_weight=918 392 180 1006 260 136 332
leaf_count=918 392 180 1006 260 136 332
internal_value=0.00681845 0.320737 -0.142745 -0.352361 0.581523 0.72045
internal_weight=3224 1040 2184 1178 648 512
internal_count=3224 1040 2184 1178 648 512
is_linear=0
shrinkage=0.03


Tree=110
num_leaves=7
num_cat=0
split_feature=0 5 1 0 0 5
split_gain=194779 129728 72961.2 53333.3 40842.8 40459.5
threshold=182.50000000000003 -87.972833991050706 -60.797981182734169 244.50000000000003 -22.499999999999996 4966.2904113531122
decision_type=2 10 8 2 2 8
left_child=2 3 4 -2 5 -1
right_child=1 -3 -4 -5 -6 -7
leaf_value=-0.15478217295735427 0.46884017790938098 -0.10048897708076296 -0.10048897708076296 1.2967139855186853 -0.15478217295735427 -0.82968835029108767
leaf_weight=79 123 150 2138 167 275 260
leaf_count=79 123 150 2138 167 275 260
internal_value=-0.0067259 0.578618 -0.100489 0.948399 -0.427275 -0.647218
internal_weight=3192 440 2752 290 614 339
internal_count=3192 440 2752 290 614 339
is_linear=0
shrinkage=0.03


Tree=111
num_leaves=7
num_cat=0
split_feature=0 3 1 5 6 7
split_gain=204644 118352 96956.4 70777.8 58251.9 47318.6
threshold=147.50000000000003 9.5000000000000018 -69.079851746559129 -127.6802064180374 4.2305194805194812 0.96999234613479823
decision_type=2 10 8 10 10 10
left_child=2 5 4 -3 -1 -2
right_child=1 3 -4 -5 -6 -7
leaf_value=-0.01783882633597374 -0.01783882633597374 1.1063268993038395 -0.01783882633597374 -0.01783882633597374 -0.60938271303519564 1.0037104597416793
leaf_weight=99 267 259 2082 40 466 43
leaf_count=99 267 259 2082 40 466 43
internal_value=0.00162071 0.497001 -0.112497 0.921796 -0.460661 0.0856333
internal_weight=3256 609 2647 299 565 310
internal_count=3256 609 2647 299 565 310
is_linear=0
shrinkage=0.03


Tree=112
num_leaves=7
num_cat=0
split_feature=2 1 7 7 7 6
split_gain=175568 108918 44785.3 49226.2 41444.4 34745.7
threshold=-20.592756152153012 115.54499077796937 0.95657137184832253 0.91386663799437318 0.93295013005362715 4.4241883116883125
decision_type=8 10 10 10 10 10
left_child=4 -2 3 -3 5 -1
right_child=1 2 -4 -5 -6 -7
leaf_value=0.026857013223520198 0.026857013223520198 0.27017982377749128 0.026857013223520198 0.91100411563366646 0.026857013223520198 -0.55354567093078533
leaf_weight=82 1877 189 91 254 144 593
leaf_count=82 1877 189 91 254 144 593
internal_value=0.00558006 0.1345 0.512107 0.638829 -0.373641 -0.472888
internal_weight=3230 2411 534 443 819 675
internal_count=3230 2411 534 443 819 675
is_linear=0
shrinkage=0.03


Tree=113
num_leaves=7
num_cat=0
split_feature=0 7 3 3 6 8
split_gain=192455 107722 90875.4 86878 48523.4 46177
threshold=182.50000000000003 0.91062641150600265 7.5000000000000009 9.5000000000000018 3.5855000000000001 13.291666666656967
decision_type=2 10 8 10 8 2
left_child=1 2 4 -2 -1 -3
right_child=3 5 -4 -5 -6 -7
leaf_value=0.12878520838265281 0.12878520838265281 -0.12579080377306256 -0.082242599204569833 0.97045985961705439 -0.65408999828013015 0.12878520838265281
leaf_weight=41 205 650 913 239 510 674
leaf_count=41 205 650 913 239 510 674
internal_value=0.00363731 -0.0888063 -0.266062 0.583012 -0.569947 0.107245
internal_weight=3232 2788 1464 444 551 1324
internal_count=3232 2788 1464 444 551 1324
is_linear=0
shrinkage=0.03


Tree=114
num_leaves=7
num_cat=0
split_feature=0 4 1 3 8 5
split_gain=181896 116941 101637 51682.6 27709.7 27637.6
threshold=204.50000000000003 3.6947734443158482 -24.437620202700291 7.5000000000000009 13.291666666656967 5065.0851300954828
decision_type=2 10 8 10 2 8
left_child=2 -2 3 5 -4 -1
right_child=1 -3 4 -5 -6 -7
leaf_value=-0.27303697093878637 0.072050716080542268 1.1519522987471686 -0.052318454873993205 -0.052318454873993205 0.072050716080542268 -0.72818227984475303
leaf_weight=201 173 188 1152 303 882 304
leaf_count=201 173 188 1152 303 882 304
internal_value=0.00270329 0.636066 -0.0779439 -0.362366 0.0351643 -0.547923
internal_weight=3203 361 2842 808 2034 505
internal_count=3203 361 2842 808 2034 505
is_linear=0
shrinkage=0.03


Tree=115
num_leaves=7
num_cat=0
split_feature=1 3 5 1 8 4
split_gain=147465 96564.3 79835.2 45027.1 44846.6 46322.9
threshold=69.785464366277083 8.5000000000000018 11484.694914460184 -133.57774962981537 5.9583333333430355 5.4024573128230342
decision_type=10 8 8 8 2 8
left_child=1 2 -1 -4 -3 -6
right_child=-2 4 3 -5 5 -7
leaf_value=-0.015001555615940045 0.35509354236413659 -0.28780427806750292 -0.93928343028406935 -0.36435901365191931 0.042314826206359957 0.35509354236413659
leaf_weight=581 823 210 154 602 633 216
leaf_count=581 823 210 154 602 633 216
internal_value=0.00888564 -0.110132 -0.279543 -0.482559 0.103814 0.200906
internal_weight=3219 2396 1337 756 1059 849
internal_count=3219 2396 1337 756 1059 849
is_linear=0
shrinkage=0.03


Tree=116
num_leaves=7
num_cat=0
split_feature=0 3 3 6 2 0
split_gain=181548 105382 104947 97579.8 31674.2 34584.2
threshold=204.50000000000003 9.5000000000000018 7.5000000000000009 9.1858957219251351 -66.19492137432097 -32.499999999999993
decision_type=2 10 8 8 8 2
left_child=2 -2 3 -1 5 -5
right_child=1 -3 -4 4 -6 -7
leaf_value=0.062317783939912455 0.062317783939912455 1.0900677307989539 0.062317783939912455 -1.1743531300004468 -0.36089789695184649 -0.4388123788115546
leaf_weight=328 160 204 1756 108 523 126
leaf_count=328 160 204 1756 108 523 126
internal_value=0.00987695 0.639718 -0.0710174 -0.30306 -0.491879 -0.781845
internal_weight=3205 364 2841 1085 757 234
internal_count=3205 364 2841 1085 757 234
is_linear=0
shrinkage=0.03


Tree=117
num_leaves=7
num_cat=0
split_feature=0 2 1 4 6 6
split_gain=182111 105014 87808.3 82420.7 41875.9 37865.3
threshold=204.50000000000003 84.457507848739638 -75.990353802839891 3.6497954001963042 6.5843750000000005 26.333695652173919
decision_type=2 10 8 10 10 8
left_child=1 2 4 -2 -1 -3
right_child=3 5 -4 -5 -6 -7
leaf_value=-0.062842076295976296 0.27903296560478896 0.27903296560478896 -0.062842076295976296 1.075144114010036 -0.65387287412092765 -0.062842076295976296
leaf_weight=90 190 548 1779 191 395 75
leaf_count=90 190 548 1779 191 395 75
internal_value=0.015833 -0.0655953 -0.16051 0.631406 -0.517895 0.279033
internal_weight=3268 2887 2264 381 485 623
internal_count=3268 2887 2264 381 485 623
is_linear=0
shrinkage=0.03


Tree=118
num_leaves=7
num_cat=0
split_feature=2 7 3 3 6 4
split_gain=161330 98575.1 66115.7 58045.2 30486.2 29220.1
threshold=88.505683779716506 0.91180174840717154 7.5000000000000009 9.5000000000000018 11.082407407407411 3.7770626591232297
decision_type=10 10 8 10 8 8
left_child=1 2 4 -3 -1 -4
right_child=-2 3 5 -5 -6 -7
leaf_value=-0.085850995628535751 0.40887659162373674 -0.018476465186134713 -0.38047363727509309 0.40887659162373674 -0.67553379424538795 -0.0029941858189316472
leaf_weight=99 697 914 268 252 394 588
leaf_count=99 697 914 268 252 394 588
internal_value=0.00534152 -0.106611 -0.281135 0.0953714 -0.557532 -0.121483
internal_weight=3212 2515 1349 1166 493 856
internal_count=3212 2515 1349 1166 493 856
is_linear=0
shrinkage=0.03


Tree=119
num_leaves=7
num_cat=0
split_feature=2 8 2 3 5 2
split_gain=173273 91516.5 79347.4 74400.7 60701 41213.1
threshold=-31.490810036659237 20.958333333343038 96.175280570983901 7.5000000000000009 1337.7128226757052 149.51875150203708
decision_type=8 2 10 10 8 10
left_child=3 2 -2 -1 5 -4
right_child=1 -3 4 -5 -6 -7
leaf_value=-0.69768095867713087 -0.054776396733786009 0.68121595613266295 0.4135752120870968 -0.10508857611347647 0.20277136504400689 1.5800960567262436
leaf_weight=390 1661 227 57 373 462 53
leaf_count=390 1661 227 57 373 462 53
internal_value=-0.0138405 0.108685 0.0502047 -0.408503 0.354617 0.984798
internal_weight=3223 2460 2233 763 572 110
internal_count=3223 2460 2233 763 572 110
is_linear=0
shrinkage=0.03


Tree=120
num_leaves=7
num_cat=0
split_feature=0 7 8 0 1 8
split_gain=159377 103845 91180.6 76059.3 66204.2 57965.6
threshold=188.50000000000003 0.91062641150600265 13.291666666656967 -21.499999999999996 37.402390758196518 18.041666666656969
decision_type=2 10 2 2 8 2
left_child=1 3 -3 -1 5 -4
right_child=-2 2 4 -5 -6 -7
leaf_value=-0.55677900344988351 0.54535212172888903 -0.13778673311018891 0.36694557365349362 -0.099403641901192163 0.54535212172888903 -0.47310295636765659
leaf_weight=487 426 668 174 995 396 127
leaf_count=487 426 668 174 995 396 127
internal_value=0.00486794 -0.0761684 0.112582 -0.249976 0.352386 0.0121136
internal_weight=3273 2847 1365 1482 697 301
internal_count=3273 2847 1365 1482 697 301
is_linear=0
shrinkage=0.03


Tree=121
num_leaves=7
num_cat=0
split_feature=1 6 3 2 6 4
split_gain=150941 68950.6 95671.8 53277.6 39133 29179.6
threshold=-37.67125626405079 36.014611486486494 10.500000000000002 -16.252665519714352 13.967799539170509 7.3849503977046416
decision_type=8 8 10 8 10 8
left_child=-1 2 3 -2 -5 -6
right_child=1 -3 -4 4 5 -7
leaf_value=-0.3769200337591006 -0.28116822240911177 -0.32227808626178572 0.64020494214575219 0.29003166306894751 -0.064370652157987387 0.76112301070515698
leaf_weight=751 301 293 326 853 641 40
leaf_count=751 301 293 326 853 641 40
internal_value=-0.00505062 0.10886 0.167438 0.0831451 0.154767 -0.0148386
internal_weight=3205 2454 2161 1835 1534 681
internal_count=3205 2454 2161 1835 1534 681
is_linear=0
shrinkage=0.03


Tree=122
num_leaves=7
num_cat=0
split_feature=0 4 1 2 2 5
split_gain=173732 98989.7 95805.9 44736 32825 31795.9
threshold=204.50000000000003 3.6947734443158482 -37.67125626405079 -33.04264044761657 92.602999925613418 5065.0851300954828
decision_type=2 10 8 10 10 8
left_child=2 4 5 -4 -2 -1
right_child=1 -3 3 -5 -6 -7
leaf_value=-0.11685817225031038 0.1050533545708788 1.0777578507408949 -0.11685817225031038 0.1050533545708788 0.9438952192238399 -0.50036400555521243
leaf_weight=242 139 197 1040 1083 41 499
leaf_count=242 139 197 1040 1083 41 499
internal_value=0.010335 0.614843 -0.0694257 0.0331203 0.105053 -0.362873
internal_weight=3241 377 2864 2123 180 741
internal_count=3241 377 2864 2123 180 741
is_linear=0
shrinkage=0.03


Tree=123
num_leaves=7
num_cat=0
split_feature=0 5 3 6 8 3
split_gain=143722 106269 56425.3 77248.7 34467.3 27146.5
threshold=244.50000000000003 -87.972833991050706 7.5000000000000009 8.5086206896551744 8.8750000000000018 10.500000000000002
decision_type=2 10 8 8 2 10
left_child=2 5 3 -1 -5 -2
right_child=1 -3 -4 4 -6 -7
leaf_value=-0.064781778033900173 0.6250659256600416 -0.064781778033900173 -0.064781778033900173 -0.064781778033900173 -0.53075412421552748 1.4279296571363524
leaf_weight=334 64 90 1880 110 696 102
leaf_count=334 64 90 1880 110 696 102
internal_value=-0.00684501 0.67422 -0.0647818 -0.275758 -0.450902 1.12399
internal_weight=3276 256 3020 1140 806 166
internal_count=3276 256 3020 1140 806 166
is_linear=0
shrinkage=0.03


Tree=124
num_leaves=7
num_cat=0
split_feature=2 1 4 2 8 3
split_gain=160027 131772 70711.9 37619.4 47619.7 24815.6
threshold=88.505683779716506 -75.990353802839891 5.4794621040289622 -39.107591271400445 20.375000000000004 7.5000000000000009
decision_type=10 8 10 8 2 10
left_child=1 5 3 -3 -5 -1
right_child=-2 2 -4 4 -6 -7
leaf_value=-0.70404230325891248 0.39423228837988261 -0.3627470048653656 0.39423228837988261 -0.072625037727579653 0.39423228837988261 -0.3627470048653656
leaf_weight=341 721 337 302 1206 147 156
leaf_count=341 721 337 302 1206 147 156
internal_value=0.000989673 -0.113035 -0.00391343 -0.0796425 -0.00891215 -0.549515
internal_weight=3210 2489 1992 1690 1353 497
internal_count=3210 2489 1992 1690 1353 497
is_linear=0
shrinkage=0.03


Tree=125
num_leaves=7
num_cat=0
split_feature=0 0 5 1 5 1
split_gain=151453 98543 131085 46853 53650.4 27296.8
threshold=-20.499999999999996 244.50000000000003 -87.972833991050706 -59.155317544937127 7744.7163704633722 -135.1711645523707
decision_type=2 2 10 10 8 8
left_child=3 -2 -3 4 -1 -6
right_child=1 2 -4 -5 5 -7
leaf_value=-0.068840491226741241 0.061277886212342932 1.1817150460631516 0.061277886212342932 -0.003629083602887685 -1.0706908771705628 -0.52187976874680397
leaf_weight=174 2247 172 93 243 124 248
leaf_count=174 2247 172 93 243 124 248
internal_value=0.0120465 0.125943 0.671962 -0.350275 -0.504262 -0.707197
internal_weight=3301 2512 265 789 546 372
internal_count=3301 2512 265 789 546 372
is_linear=0
shrinkage=0.03


Tree=126
num_leaves=7
num_cat=0
split_feature=1 8 4 1 6 6
split_gain=127057 67307.5 69488.5 58258.1 50107.6 37653
threshold=-37.67125626405079 20.958333333343038 3.7913332120952323 115.54499077796937 8.7567073170731717 30.030931122448983
decision_type=8 2 10 10 10 8
left_child=4 3 -3 -2 -1 -5
right_child=1 2 -4 5 -6 -7
leaf_value=-0.06348961758613586 -0.035069563624335283 -0.06348961758613586 0.94834716320037837 0.43220089993934124 -0.49430863042053796 -0.035069563624335283
leaf_weight=185 1726 99 158 465 561 42
leaf_count=185 1726 99 158 465 561 42
internal_value=-0.00185669 0.101053 0.559838 0.0480241 -0.345026 0.330415
internal_weight=3236 2490 257 2233 746 507
internal_count=3236 2490 257 2233 746 507
is_linear=0
shrinkage=0.03


Tree=127
num_leaves=7
num_cat=0
split_feature=7 1 8 2 8 8
split_gain=139433 65846.1 61922.1 76714.7 130998 47931.6
threshold=0.90345893141945788 -92.866196453571305 15.875000000000002 196.3329191207886 17.958333333343038 20.458333333343038
decision_type=10 8 2 8 2 2
left_child=1 -1 -2 4 -4 -6
right_child=2 -3 3 -5 5 -7
leaf_value=-0.60858887891904956 0.05122079403778463 -0.10617966642557433 0.83553118702721474 0.93240103485122794 -0.52402944294221565 0.2421403335902228
leaf_weight=298 1146 1096 186 185 162 133
leaf_count=298 1146 1096 186 185 162 133
internal_value=0.0115385 -0.213941 0.185025 0.414844 0.214262 -0.178953
internal_weight=3206 1394 1812 666 481 295
internal_count=3206 1394 1812 666 481 295
is_linear=0
shrinkage=0.03


Tree=128
num_leaves=7
num_cat=0
split_feature=0 5 0 5 0 2
split_gain=148368 111191 56564.4 59396 56530 33257.8
threshold=188.50000000000003 -87.972833991050706 -23.499999999999996 7744.7163704633722 306.50000000000006 94.737863421440139
decision_type=2 10 2 8 2 8
left_child=2 4 3 -1 5 -2
right_child=1 -3 -4 -5 -6 -7
leaf_value=-0.083086080170083232 0.088033072516322128 -0.083086080170083232 -0.083086080170083232 -0.5289735119053296 1.4495265892334281 0.90921673325931318
leaf_weight=244 79 161 2044 524 98 101
leaf_count=244 79 161 2044 524 98 101
internal_value=-0.0029578 0.509324 -0.0830861 -0.340398 0.871992 0.551286
internal_weight=3251 439 2812 768 278 180
internal_count=3251 439 2812 768 278 180
is_linear=0
shrinkage=0.03


Tree=129
num_leaves=7
num_cat=0
split_feature=0 5 2 3 2 0
split_gain=151604 129807 76874.8 36463.6 36205.6 22265.5
threshold=244.50000000000003 -87.972833991050706 -56.006471157073968 6.5000000000000009 43.771090507507331 -49.499999999999993
decision_type=2 10 8 10 8 2
left_child=2 4 3 -1 -2 -5
right_child=1 -3 -4 5 -6 -7
leaf_value=-0.73554689176228572 0.49408177313804624 -0.054810297700510435 -0.054810297700510435 -0.65485117738387166 1.4744439575494814 -0.10134618645527428
leaf_weight=195 49 93 2381 84 120 286
leaf_count=195 49 93 2381 84 120 286
internal_value=0.00678198 0.696918 -0.0548103 -0.404445 1.19478 -0.228433
internal_weight=3208 262 2946 565 169 370
internal_count=3208 262 2946 565 169 370
is_linear=0
shrinkage=0.03


Tree=130
num_leaves=7
num_cat=0
split_feature=3 7 6 2 8 2
split_gain=143017 107586 102004 71650.3 49826.9 67696.6
threshold=9.5000000000000018 0.91062641150600265 26.658333333333335 -16.252665519714352 13.291666666656967 114.58627951145174
decision_type=8 10 8 10 2 8
left_child=1 3 -2 -1 -3 -6
right_child=2 4 -4 -5 5 -7
leaf_value=-0.54526373276233397 0.50869091660448229 -0.14142640916127111 -0.13041565485705028 -0.037529986484659661 0.036966755185953597 0.68782022176258195
leaf_weight=627 706 528 329 416 439 213
leaf_count=627 706 528 329 416 439 213
internal_value=0.0144756 -0.121147 0.305606 -0.342984 0.0750587 0.25032
internal_weight=3258 2223 1035 1043 1180 652
internal_count=3258 2223 1035 1043 1180 652
is_linear=0
shrinkage=0.03


Tree=131
num_leaves=7
num_cat=0
split_feature=0 4 2 3 6 2
split_gain=178369 95300.3 70247.9 44193.6 48325.8 22317.1
threshold=204.50000000000003 3.7023196081384389 54.152870297431953 8.5000000000000018 8.0451190476190497 68.124216675758376
decision_type=2 10 10 8 8 10
left_child=2 5 3 4 -1 -2
right_child=1 -3 -4 -5 -6 -7
leaf_value=0.1008172093995479 0.11580596217330087 1.0804801220527971 0.11580596217330087 0.0017403146155699509 -0.38048089105648342 0.78411764176686605
leaf_weight=237 126 201 789 900 896 44
leaf_count=237 126 201 789 900 896 44
internal_value=0.0224632 0.639946 -0.0589134 -0.155226 -0.279803 0.115806
internal_weight=3193 371 2822 2033 1133 170
internal_count=3193 371 2822 2033 1133 170
is_linear=0
shrinkage=0.03


Tree=132
num_leaves=7
num_cat=0
split_feature=0 5 2 3 7 3
split_gain=136687 153159 57102.9 51607.8 21016.1 18174.4
threshold=244.50000000000003 -87.972833991050706 -23.979537367820736 6.5000000000000009 0.92778780585639808 10.500000000000002
decision_type=2 10 8 10 8 10
left_child=2 5 3 4 -1 -2
right_child=1 -3 -4 -5 -6 -7
leaf_value=-0.83044333562932227 0.79399199111121044 -0.03637558619537893 -0.03637558619537893 -0.12861347057481928 -0.18458521207173664 1.4626149030253632
leaf_weight=175 62 94 2173 516 62 108
leaf_count=175 62 94 2173 516 62 108
internal_value=0.0227014 0.675138 -0.0363756 -0.297454 -0.66297 1.22483
internal_weight=3190 264 2926 753 237 170
internal_count=3190 264 2926 753 237 170
is_linear=0
shrinkage=0.03


Tree=133
num_leaves=7
num_cat=0
split_feature=2 8 6 8 2 8
split_gain=130350 103675 99165.6 75132.9 60307.3 49877.2
threshold=-23.979537367820736 21.041666666656969 13.967799539170509 10.291666666656967 126.3981422185898 8.7083333333430364
decision_type=8 2 8 2 10 2
left_child=-1 2 3 5 -5 -2
right_child=1 -3 -4 4 -6 -7
leaf_value=-0.30919684434955536 0.21889861431282029 0.76122285380131671 -0.12214134844529785 0.29744017042504467 0.93449129222689753 -0.30919684434955536
leaf_weight=792 252 215 1139 496 183 136
leaf_count=792 252 215 1139 496 183 136
internal_value=0.02465 0.133946 0.0724939 0.280183 0.470256 -0.0527992
internal_weight=3213 2421 2206 1067 679 388
internal_count=3213 2421 2206 1067 679 388
is_linear=0
shrinkage=0.03


Tree=134
num_leaves=7
num_cat=0
split_feature=1 8 2 3 1 6
split_gain=117812 75413.4 93296.1 52325.9 52298.4 43839.5
threshold=-37.67125626405079 20.458333333343038 107.78255677223207 7.5000000000000009 70.519954562187209 7.7058704453441313
decision_type=8 2 8 10 10 10
left_child=3 4 -3 -1 -2 -4
right_child=1 2 5 -5 -6 -7
leaf_value=-0.50482334830444686 -0.051109273874650418 -0.08189638857850591 0.21429757919576431 -0.08189638857850591 0.26555128081200213 1.2300290507917673
leaf_weight=489 1472 130 53 270 688 141
leaf_count=489 1472 130 53 270 688 141
internal_value=0.0139975 0.113959 0.540024 -0.312869 0.0498292 0.955057
internal_weight=3243 2484 324 759 2160 194
internal_count=3243 2484 324 759 2160 194
is_linear=0
shrinkage=0.03


Tree=135
num_leaves=7
num_cat=0
split_feature=0 5 0 5 1 0
split_gain=135810 130026 46387.7 49099.7 45944.5 23598.5
threshold=244.50000000000003 -42.405506014823906 -23.499999999999996 7744.7163704633722 -98.126835783322633 306.50000000000006
decision_type=2 10 2 8 10 2
left_child=2 5 3 -1 -5 -2
right_child=1 -3 -4 4 -6 -7
leaf_value=-0.039505784231190375 0.76310648860158148 -0.039505784231190375 -0.039505784231190375 -0.70836960297038121 -0.12502942105030845 1.5024281912281157
leaf_weight=240 73 92 2232 280 215 93
leaf_count=240 73 92 2232 280 215 93
internal_value=0.0179916 0.676811 -0.0395058 -0.277678 -0.455763 1.18382
internal_weight=3225 258 2967 735 495 166
internal_count=3225 258 2967 735 495 166
is_linear=0
shrinkage=0.03


Tree=136
num_leaves=7
num_cat=0
split_feature=0 4 3 5 2 8
split_gain=149479 108142 81296.7 57911.9 54708.1 37379.1
threshold=204.50000000000003 3.6947734443158482 7.5000000000000009 14903.351793289186 -18.17902851104736 5.9583333333430355
decision_type=2 10 8 8 8 2
left_child=2 -2 3 4 -1 -4
right_child=1 -3 5 -5 -6 -7
leaf_value=-0.48622532773820476 0.066815602476479566 1.0931079270024882 -0.28719252805616774 -0.48622532773820476 0.066815602476479566 0.066815602476479566
leaf_weight=159 182 187 268 517 410 1505
leaf_count=159 182 187 268 517 410 1505
internal_value=0.0210652 0.588464 -0.0523469 -0.256721 -0.0477032 0.0668156
internal_weight=3228 369 2859 1086 569 1773
internal_count=3228 369 2859 1086 569 1773
is_linear=0
shrinkage=0.03


Tree=137
num_leaves=7
num_cat=0
split_feature=2 3 6 5 8 4
split_gain=105408 88141 53796.2 46766.8 45456.7 43179.3
threshold=84.457507848739638 9.5000000000000018 2.9272486772486777 -103.43204391002654 5.6250000000000009 5.8239750526340188
decision_type=10 8 8 10 2 10
left_child=1 2 -1 4 -3 -4
right_child=-2 3 5 -5 -6 -7
leaf_value=0.22470337044172248 0.35111865628399058 -0.216989047893069 -0.28948080759716693 -0.36535279658707703 0.35111865628399058 0.35065107389407996
leaf_weight=256 733 131 1380 109 535 101
leaf_count=256 733 131 1380 109 535 101
internal_value=0.0348517 -0.0575379 -0.176213 0.208331 0.30263 -0.245618
internal_weight=3245 2512 1737 775 666 1481
internal_count=3245 2512 1737 775 666 1481
is_linear=0
shrinkage=0.03


Tree=138
num_leaves=7
num_cat=0
split_feature=0 5 0 5 0 1
split_gain=122755 104961 50445.2 54059.6 42859.3 38239.2
threshold=204.50000000000003 -87.972833991050706 -23.499999999999996 7744.7163704633722 297.50000000000006 -135.1711645523707
decision_type=2 10 2 8 2 8
left_child=2 4 3 -1 -2 -5
right_child=1 -3 -4 5 -6 -7
leaf_value=-0.045028261717984443 0.54975035570916675 -0.045028261717984443 -0.045028261717984443 -0.94928028923170316 1.3795515430995395 -0.33071303225547366
leaf_weight=239 125 143 2148 115 104 411
leaf_count=239 125 143 2148 115 104 411
internal_value=0.02057 0.53299 -0.0450283 -0.288488 0.930963 -0.467496
internal_weight=3285 372 2913 765 229 526
internal_count=3285 372 2913 765 229 526
is_linear=0
shrinkage=0.03


Tree=139
num_leaves=7
num_cat=0
split_feature=2 8 6 8 2 8
split_gain=116908 116328 74336.6 68731.3 79487.2 62316
threshold=-16.252665519714352 21.041666666656969 13.967799539170509 10.291666666656967 114.58627951145174 11.541666666656967
decision_type=8 2 8 2 8 2
left_child=-1 2 3 -2 -5 -4
right_child=1 -3 5 4 -6 -7
leaf_value=-0.30673604457122489 -0.09621897964766532 0.75068749463663687 0.07896809392571448 0.11205263093677727 0.77680109754153193 -0.30673604457122489
leaf_weight=848 395 225 599 369 288 519
leaf_count=848 395 225 599 369 288 519
internal_value=-0.00423733 0.102952 0.0354757 0.216384 0.404187 -0.134794
internal_weight=3243 2395 2170 1052 657 1118
internal_count=3243 2395 2170 1052 657 1118
is_linear=0
shrinkage=0.03


Tree=140
num_leaves=7
num_cat=0
split_feature=0 4 1 2 3 4
split_gain=136520 107337 62615.5 42854.7 31410.7 39122.7
threshold=162.50000000000003 3.6497954001963042 -51.042915701866143 109.08612716197969 7.5000000000000009 4.9962871909592899
decision_type=2 10 8 10 10 10
left_child=2 3 4 -2 5 -1
right_child=1 -3 -4 -5 -6 -7
leaf_value=-0.34748238072083498 0.033198663901984685 0.89462801090963595 0.033198663901984685 0.96946753751147874 -0.024989527158344849 -1.2293324694266685
leaf_weight=366 206 272 2024 43 236 51
leaf_count=366 206 272 2024 43 236 51
internal_value=0.0399616 0.48378 -0.0465631 0.0331987 -0.301795 -0.458018
internal_weight=3198 521 2677 249 653 417
internal_count=3198 521 2677 249 653 417
is_linear=0
shrinkage=0.03


Tree=141
num_leaves=7
num_cat=0
split_feature=3 0 7 3 5 0
split_gain=123282 119235 71883.9 60869.8 46553.6 34886.2
threshold=7.5000000000000009 136.50000000000003 0.90388814242526039 9.5000000000000018 -127.6802064180374 241.50000000000003
decision_type=8 2 10 10 10 2
left_child=2 -2 -1 -3 5 -5
right_child=1 3 -4 4 -6 -7
leaf_value=-0.5072323427830544 0.022282992145463601 0.1258172816342237 -0.030410146086408324 0.60102905290702291 0.022282992145463601 1.2741058765820095
leaf_weight=496 1607 195 666 144 40 139
leaf_count=496 1607 195 666 144 40 139
internal_value=0.014133 0.149975 -0.234203 0.545311 0.797396 0.934944
internal_weight=3287 2125 1162 518 323 283
internal_count=3287 2125 1162 518 323 283
is_linear=0
shrinkage=0.03


Tree=142
num_leaves=7
num_cat=0
split_feature=3 6 3 2 5 1
split_gain=103185 68579.3 66832.8 58091.5 47754.3 46236.1
threshold=8.5000000000000018 27.955371315192746 10.500000000000002 -56.006471157073968 12242.460267901422 19.840946396191917
decision_type=8 8 10 8 8 10
left_child=3 2 -2 -1 -5 -6
right_child=1 -3 -4 4 5 -7
leaf_value=-0.44664103634238844 0.16678325737477409 -0.18688526486938542 0.67027832476531757 0.15404107359933711 -0.38900688356053481 0.15404107359933711
leaf_weight=424 898 330 322 592 442 192
leaf_count=424 898 330 322 592 442 192
internal_value=0.0206759 0.196376 0.300113 -0.144395 -0.0395869 -0.220346
internal_weight=3200 1550 1220 1650 1226 634
internal_count=3200 1550 1220 1650 1226 634
is_linear=0
shrinkage=0.03


Tree=143
num_leaves=7
num_cat=0
split_feature=0 5 0 2 2 0
split_gain=155131 129558 103504 53728.5 28862.9 56453.8
threshold=76.500000000000014 -42.405506014823906 253.50000000000003 100.49009132385255 -126.17252719402312 -38.499999999999993
decision_type=2 10 2 8 8 2
left_child=4 2 3 -2 5 -1
right_child=1 -3 -4 -5 -6 -7
leaf_value=-1.1202420313541706 0.034756621159479126 -0.12784995270496119 1.1851554257103374 0.60434270512439514 -0.12784995270496119 -0.12784995270496119
leaf_weight=77 277 352 167 322 1946 135
leaf_count=77 277 352 167 322 1946 135
internal_value=0.0207347 0.307396 0.52669 0.341442 -0.12785 -0.477182
internal_weight=3276 1118 766 599 2158 212
internal_count=3276 1118 766 599 2158 212
is_linear=0
shrinkage=0.03


Tree=144
num_leaves=7
num_cat=0
split_feature=0 3 0 2 4 3
split_gain=117952 100694 54263.9 40083.2 36596 26150.5
threshold=204.50000000000003 9.5000000000000018 -23.499999999999996 -126.17252719402312 4.3745403007207093 7.5000000000000009
decision_type=2 10 2 8 10 10
left_child=2 -2 3 -1 -5 -6
right_child=1 -3 -4 4 5 -7
leaf_value=-0.89138245735226607 0.0054051398133838566 0.98091322405680781 0.0054051398133838566 -0.047607907599173716 -0.89138245735226607 -0.21969484257630326
leaf_weight=81 181 200 2112 482 87 109
leaf_count=81 181 200 2112 482 87 109
internal_value=0.0234638 0.51871 -0.0424163 -0.264599 -0.188515 -0.53303
internal_weight=3252 381 2871 759 678 196
internal_count=3252 381 2871 759 678 196
is_linear=0
shrinkage=0.03


Tree=145
num_leaves=7
num_cat=0
split_feature=7 3 3 8 8 2
split_gain=118682 73841.8 71041.2 66351.3 47580.9 47475.7
threshold=0.90612981654755775 7.5000000000000009 10.500000000000002 13.291666666656967 21.208333333343038 258.04068112373358
decision_type=10 8 10 2 2 8
left_child=1 -1 3 -2 -3 -5
right_child=2 4 -4 5 -6 -7
leaf_value=-0.45294107269817485 -0.07231648883135644 -0.074160956338786152 0.73796261220866322 0.20440143752458861 0.67723874752780033 0.77972604592641193
leaf_weight=520 745 879 195 642 82 161
leaf_count=520 745 879 195 642 82 161
internal_value=0.0320636 -0.165339 0.199793 0.131567 -0.00940834 0.320579
internal_weight=3224 1481 1743 1548 961 803
internal_count=3224 1481 1743 1548 961 803
is_linear=0
shrinkage=0.03


Tree=146
num_leaves=7
num_cat=0
split_feature=0 5 0 2 2 0
split_gain=118064 90401.1 53631.3 41942.8 37967.1 32103.8
threshold=170.50000000000003 -87.972833991050706 306.50000000000006 -126.17252719402312 96.175280570983901 -33.499999999999993
decision_type=2 10 2 8 8 2
left_child=3 2 4 5 -2 -1
right_child=1 -3 -4 -5 -6 -7
leaf_value=-0.98428947736819583 0.035826815901970378 -0.054738902838450648 1.3238003021478653 -0.054738902838450648 0.82180582957385584 -0.22020305546897428
leaf_weight=71 97 177 99 2449 128 161
leaf_count=71 97 177 99 2449 128 161
internal_value=0.0243033 0.446548 0.74432 -0.0547389 0.484619 -0.457261
internal_weight=3182 501 324 2681 225 232
internal_count=3182 501 324 2681 225 232
is_linear=0
shrinkage=0.03


Tree=147
num_leaves=7
num_cat=0
split_feature=2 3 0 0 1 4
split_gain=118064 84026.6 66671.3 43830 42286.7 39277.5
threshold=88.505683779716506 9.5000000000000018 108.50000000000001 182.50000000000003 -75.990353802839891 5.8239750526340188
decision_type=10 8 2 2 8 10
left_child=1 4 -3 -2 -1 -6
right_child=3 2 -4 -5 5 -7
leaf_value=-0.43295089526630648 0.37249584362168109 -0.027688877099575491 0.37249584362168109 0.92645116292460017 -0.1440639544248386 0.37249584362168109
leaf_weight=457 566 538 241 128 1185 90
leaf_count=457 566 538 241 128 1185 90
internal_value=0.0264451 -0.069308 0.189302 0.372496 -0.185665 -0.0967601
internal_weight=3205 2511 779 694 1732 1275
internal_count=3205 2511 779 694 1732 1275
is_linear=0
shrinkage=0.03


Tree=148
num_leaves=7
num_cat=0
split_feature=7 0 0 4 0 1
split_gain=119707 67208.6 47833.2 49314.5 54059.5 37992.3
threshold=0.90660995630875163 241.50000000000003 -32.499999999999993 4.103933004722145 207.50000000000003 155.93003547191623
decision_type=10 2 2 8 2 10
left_child=2 5 -1 -4 -5 -2
right_child=1 -3 3 4 -6 -7
leaf_value=-0.46806720604803315 0.056680025051090134 0.71903000359866698 -0.27806251344791449 0.024470047990574777 1.0345791494621421 0.47796595407625037
leaf_weight=393 1343 186 560 476 52 224
leaf_count=393 1343 186 560 476 52 224
internal_value=0.0136854 0.181402 -0.184822 -0.0821746 0.125718 0.117169
internal_weight=3234 1753 1481 1088 528 1567
internal_count=3234 1753 1481 1088 528 1567
is_linear=0
shrinkage=0.03


Tree=149
num_leaves=7
num_cat=0
split_feature=3 0 5 0 2 2
split_gain=108493 106700 61437.9 77801.3 68377.9 57730
threshold=8.5000000000000018 90.500000000000014 -87.972833991050706 306.50000000000006 31.782647967338566 -23.979537367820736
decision_type=8 2 10 2 8 8
left_child=5 -2 3 4 -3 -1
right_child=1 2 -4 -5 -6 -7
leaf_value=-0.38593316744160655 0.012484971804195083 0.012484971804195083 0.012484971804195083 1.4334225460353651 0.72400151804489576 -0.013623270372764571
leaf_weight=565 959 114 91 94 297 1110
leaf_count=565 959 114 91 94 297 1110
internal_value=0.0281226 0.208508 0.523371 0.658411 0.478109 -0.139364
internal_weight=3230 1555 596 505 411 1675
internal_count=3230 1555 596 505 411 1675
is_linear=0
shrinkage=0.03


Tree=150
num_leaves=7
num_cat=0
split_feature=0 2 4 6 0 2
split_gain=95921.1 85941.9 79334.7 46696.5 46643.7 29516
threshold=-18.499999999999996 88.505683779716506 4.1462990685532128 16.090010683760685 76.500000000000014 -126.17252719402312
decision_type=2 10 8 10 2 8
left_child=3 2 -2 5 -4 -1
right_child=1 -3 4 -5 -6 -7
leaf_value=-0.86046010167975173 -0.16033322655811486 0.42238394841247673 0.051731156401394175 -0.60554868986979982 0.42238394841247673 -0.16033322655811486
leaf_weight=56 1083 587 513 260 285 500
leaf_count=56 1083 587 513 260 285 500
internal_value=0.0125797 0.105814 0.0068513 -0.269194 0.233661 -0.160333
internal_weight=3284 2468 1881 816 798 556
internal_count=3284 2468 1881 816 798 556
is_linear=0
shrinkage=0.03


Tree=151
num_leaves=7
num_cat=0
split_feature=7 3 3 6 2 7
split_gain=120442 68549.2 65759.8 50357.9 40657.8 53087.7
threshold=0.90612981654755775 10.500000000000002 7.5000000000000009 8.8908791208791218 88.505683779716506 0.93717046238785384
decision_type=10 10 8 8 10 10
left_child=2 4 3 -1 -2 -6
right_child=1 -3 -4 -5 5 -7
leaf_value=0.37777692264010165 0.021328573233324339 0.6913152571405683 -0.039535803012549879 -0.56243963566211896 0.66576454404454954 0.021328573233324339
leaf_weight=57 1129 209 976 459 233 161
leaf_count=57 1129 209 976 459 233 161
internal_value=0.013009 0.183146 -0.184486 -0.458049 0.113002 0.374972
internal_weight=3224 1732 1492 516 1523 394
internal_count=3224 1732 1492 516 1523 394
is_linear=0
shrinkage=0.03


Tree=152
num_leaves=7
num_cat=0
split_feature=0 4 8 7 0 7
split_gain=125714 107625 51195.3 43225.3 36877.4 34220.6
threshold=162.50000000000003 3.6947734443158482 16.375000000000004 0.90612981654755775 -29.499999999999996 0.97115317939116574
decision_type=2 10 2 10 2 10
left_child=3 5 -3 4 -1 -2
right_child=1 2 -4 -5 -6 -7
leaf_value=-0.42033558986984632 0.0100644324526532 0.49396102873201403 1.3347288471561367 0.0100644324526532 -0.080834735586280917 0.87677503422992986
leaf_weight=424 221 150 117 1378 895 40
leaf_count=424 221 150 117 1378 895 40
internal_value=0.0208471 0.443711 0.865993 -0.062072 -0.190205 0.0100644
internal_weight=3225 528 267 2697 1319 261
internal_count=3225 528 267 2697 1319 261
is_linear=0
shrinkage=0.03


Tree=153
num_leaves=7
num_cat=0
split_feature=7 3 3 2 4 2
split_gain=130224 80848.9 68475.4 37155.8 38499.8 36034.7
threshold=0.90581334893091581 7.5000000000000009 10.500000000000002 -126.17252719402312 4.8265514516464005 258.04068112373358
decision_type=10 8 10 8 10 10
left_child=1 3 5 -1 -5 -2
right_child=2 -3 -4 4 -6 -7
leaf_value=-0.9412491626849695 0.099970039105470712 -0.013898105050895605 0.69977546206889074 -0.22841257927909089 -0.9412491626849695 0.79202944636344907
leaf_weight=118 1479 968 217 369 50 70
leaf_count=118 1479 968 217 369 50 70
internal_value=0.0272005 -0.177783 0.201891 -0.472627 -0.338726 0.131735
internal_weight=3271 1505 1766 537 419 1549
internal_count=3271 1505 1766 537 419 1549
is_linear=0
shrinkage=0.03


Tree=154
num_leaves=7
num_cat=0
split_feature=0 3 7 3 8 7
split_gain=113395 80339 45957.6 40930.3 25982.3 36756.1
threshold=170.50000000000003 9.5000000000000018 0.90388814242526039 7.5000000000000009 15.875000000000002 0.91982127219170462
decision_type=2 10 10 8 2 10
left_child=2 -2 3 -1 5 -3
right_child=1 4 -4 -5 -6 -7
leaf_value=-0.41228007552016654 0.042471859022265385 0.046936336863040919 0.042471859022265385 -0.057907441819956863 1.1250763139078173 0.99315435531977059
leaf_weight=471 251 74 1422 776 117 73
leaf_count=471 251 74 1422 776 117 73
internal_value=0.0201603 0.427278 -0.0585262 -0.191979 0.791595 0.520362
internal_weight=3184 515 2669 1247 264 147
internal_count=3184 515 2669 1247 264 147
is_linear=0
shrinkage=0.03


Tree=155
num_leaves=7
num_cat=0
split_feature=0 4 7 0 8 2
split_gain=106358 59171.5 57645.9 46445.9 32619.2 32398.9
threshold=244.50000000000003 3.6947734443158482 0.91062641150600265 -33.499999999999993 16.125000000000004 -124.28492760658263
decision_type=2 10 10 2 2 8
left_child=2 -2 3 5 -3 -1
right_child=1 4 -4 -5 -6 -7
leaf_value=-1.0316837810936259 0.10577248785439437 0.51686237828957071 0.10577248785439437 -0.051675416793589807 1.4049731063246726 -0.30885737944319197
leaf_weight=66 126 73 1428 1058 79 346
leaf_count=66 126 73 1428 1058 79 346
internal_value=0.0286641 0.588096 -0.0251855 -0.15705 0.984612 -0.426868
internal_weight=3176 278 2898 1470 152 412
internal_count=3176 278 2898 1470 152 412
is_linear=0
shrinkage=0.03


Tree=156
num_leaves=7
num_cat=0
split_feature=3 8 7 7 8 1
split_gain=105164 83478.3 70112.6 48318.2 88320.7 60401.2
threshold=7.5000000000000009 21.041666666656969 0.95958284613797384 0.91897362949994543 9.6250000000000018 126.37161429723106
decision_type=8 2 10 10 2 8
left_child=2 3 -1 -2 -5 -6
right_child=1 -3 -4 4 5 -7
leaf_value=-0.30567758406854961 -0.043612038235436253 0.70815856812832256 0.33684593737454704 -0.18096676997038033 0.22009192770882829 0.88873192187717975
leaf_weight=986 1086 215 180 259 291 209
leaf_count=986 1086 215 180 259 291 209
internal_value=0.02128 0.150124 -0.206285 0.084747 0.268223 0.500799
internal_weight=3226 2060 1166 1845 759 500
internal_count=3226 2060 1166 1845 759 500
is_linear=0
shrinkage=0.03


Tree=157
num_leaves=7
num_cat=0
split_feature=2 7 8 7 7 3
split_gain=97788.8 67870.6 52145.6 46369.9 82067.1 45574.6
threshold=88.505683779716506 0.91142536919831241 9.2083333333430364 0.93960780598711646 0.91982127219170462 7.5000000000000009
decision_type=10 10 2 10 10 10
left_child=1 2 -1 4 -2 -4
right_child=3 -3 5 -5 -6 -7
leaf_value=0.086034682047768291 0.22080280837259794 0.11543961832886246 -0.54263403956816614 0.11543961832886246 0.99843341587101597 -0.13081702794076988
leaf_weight=415 341 1152 437 165 190 542
leaf_count=415 341 1152 437 165 190 542
internal_value=0.0312804 -0.054894 -0.195639 0.346137 0.500405 -0.315008
internal_weight=3242 2546 1394 696 531 979
internal_count=3242 2546 1394 696 531 979
is_linear=0
shrinkage=0.03


Tree=158
num_leaves=7
num_cat=0
split_feature=2 3 7 7 7 1
split_gain=111204 64518 68270.2 36091 45996.2 33643.7
threshold=88.505683779716506 9.5000000000000018 0.93451081305884809 0.93717046238785384 0.91852892218060767 90.684253791968032
decision_type=10 8 10 10 10 10
left_child=1 2 -1 4 -2 -6
right_child=3 -3 -4 -5 5 -7
leaf_value=-0.28726843552501774 0.26636823991688413 0.1425530895193621 0.15183873682501212 0.15183873682501212 0.31196231815644671 1.1407771209656723
leaf_weight=1343 322 793 417 184 69 126
leaf_count=1343 322 793 417 184 69 126
internal_value=0.00991858 -0.082002 -0.183203 0.344328 0.48794 0.850592
internal_weight=3254 2553 1760 701 517 195
internal_count=3254 2553 1760 701 517 195
is_linear=0
shrinkage=0.03


Tree=159
num_leaves=7
num_cat=0
split_feature=3 6 7 8 8 2
split_gain=81959.8 79126.7 53296.7 48597.1 65298.9 71491
threshold=9.5000000000000018 26.019235159817356 0.91062641150600265 15.708333333343036 17.875000000000004 320.95108258724218
decision_type=10 8 10 2 2 8
left_child=2 -2 -1 -4 -5 -6
right_child=1 -3 3 4 5 -7
leaf_value=-0.22912091851607963 0.45113737663607029 -0.16334210870202875 -0.089347263899539148 0.7766726426331394 -0.22099642863700483 0.88679113763220174
leaf_weight=1116 606 273 763 165 228 67
leaf_count=1116 606 273 763 165 228 67
internal_value=0.0135187 0.260323 -0.0793026 0.0574836 0.300697 0.0327487
internal_weight=3218 879 2339 1223 460 295
internal_count=3218 879 2339 1223 460 295
is_linear=0
shrinkage=0.03


Tree=160
num_leaves=7
num_cat=0
split_feature=2 8 6 2 8 3
split_gain=98588.6 66971.3 46280.3 42786.3 53035.2 42305.2
threshold=-66.19492137432097 21.041666666656969 14.890813464235624 126.3981422185898 10.458333333343036 9.5000000000000018
decision_type=8 2 8 10 2 10
left_child=-1 2 3 -2 -5 -3
right_child=1 5 -4 4 -6 -7
leaf_value=-0.34887107479706991 0.085447728975007797 0.19195257096994117 -0.093341154789976663 0.085447728975007797 0.7919579825550318 1.0011569776049758
leaf_weight=530 1075 121 1087 75 191 112
leaf_count=530 1075 121 1087 75 191 112
internal_value=0.024381 0.0988259 0.0520896 0.169956 0.509884 0.583543
internal_weight=3191 2661 2428 1341 266 233
internal_count=3191 2661 2428 1341 266 233
is_linear=0
shrinkage=0.03


Tree=161
num_leaves=7
num_cat=0
split_feature=3 5 2 1 7 4
split_gain=95537.4 62408.1 57789.7 55601.3 30882.9 38214.1
threshold=7.5000000000000009 13002.256563663484 -15.587019085884092 266.28998843828839 0.91897362949994543 4.103933004722145
decision_type=8 8 8 10 10 8
left_child=1 2 -1 4 5 -2
right_child=3 -3 -4 -5 -6 -7
leaf_value=-0.4441106854323576 -0.21913078729259339 -0.4441106854323576 0.18080348697077533 0.75485621850998674 0.23564532835376012 0.13614985986454536
leaf_weight=181 455 535 445 121 811 676
leaf_count=181 455 535 445 121 811 676
internal_value=0.0110757 -0.206512 -0.00306842 0.133569 0.0944899 -0.00684645
internal_weight=3224 1161 626 2063 1942 1131
internal_count=3224 1161 626 2063 1942 1131
is_linear=0
shrinkage=0.03


Tree=162
num_leaves=7
num_cat=0
split_feature=2 3 1 8 6 3
split_gain=97584.8 56792.2 35624.6 35540.6 26857.4 27955.9
threshold=88.505683779716506 8.5000000000000018 -69.079851746559129 10.125000000000002 15.773460410557187 10.500000000000002
decision_type=10 8 8 2 8 10
left_child=1 2 -1 -2 5 -5
right_child=3 -3 -4 4 -6 -7
leaf_value=-0.40783393054853445 0.10011080286299535 0.10011080286299535 -0.078091303238701268 0.50777371039800345 0.17027625828500717 1.2696905685873592
leaf_weight=439 164 1160 896 319 185 50
leaf_count=439 164 1160 896 319 185 50
internal_value=0.0353279 -0.0533919 -0.186748 0.343269 0.46651 0.614167
internal_weight=3213 2495 1335 718 554 369
internal_count=3213 2495 1335 718 554 369
is_linear=0
shrinkage=0.03


Tree=163
num_leaves=7
num_cat=0
split_feature=0 5 0 6 5 1
split_gain=96613.7 134952 39268.4 48494.2 25048.3 19524.5
threshold=244.50000000000003 -87.972833991050706 -23.499999999999996 14.563822115384619 403.87935519218451 -145.01925462484357
decision_type=2 10 2 8 8 8
left_child=2 -2 3 -1 -5 -6
right_child=1 -3 -4 4 5 -7
leaf_value=-0.021820968128918424 1.1257965365713234 -0.021820968128918424 -0.021820968128918424 -0.021820968128918424 -1.0121574157718065 -0.45236354535794354
leaf_weight=371 163 92 2200 41 73 250
leaf_count=371 163 92 2200 41 73 250
internal_value=0.0269238 0.58586 -0.021821 -0.240953 -0.487013 -0.581614
internal_weight=3190 255 2935 735 364 323
internal_count=3190 255 2935 735 364 323
is_linear=0
shrinkage=0.03


Tree=164
num_leaves=7
num_cat=0
split_feature=0 5 2 0 5 2
split_gain=97584.3 98643.5 44166.2 23119.1 25745.5 23020.2
threshold=244.50000000000003 -87.972833991050706 -56.006471157073968 -22.499999999999996 292.15996217727667 252.31206059455874
decision_type=2 10 8 2 10 8
left_child=2 5 3 -1 -5 -2
right_child=1 -3 -4 4 -6 -7
leaf_value=-0.53302717764701868 0.71755665815237801 -0.035392831506220794 -0.035392831506220794 -0.035392831506220794 -0.53302717764701868 1.4554320812937038
leaf_weight=226 98 95 2376 286 72 66
leaf_count=226 98 95 2376 286 72 66
internal_value=0.0135423 0.570787 -0.0353928 -0.296065 -0.145407 1.02153
internal_weight=3219 259 2960 584 358 164
internal_count=3219 259 2960 584 358 164
is_linear=0
shrinkage=0.03


Tree=165
num_leaves=7
num_cat=0
split_feature=1 6 8 4 4 8
split_gain=65499.6 49160.2 42639.6 59536.5 31858.2 26429.3
threshold=-25.190319259961445 4.2305194805194812 20.541666666656969 3.8522713910714725 5.1320944737147736 23.125000000000004
decision_type=8 10 2 10 10 2
left_child=1 -1 -2 -4 -3 -5
right_child=2 4 3 5 -6 -7
leaf_value=0.084920552445495012 0.084920552445495012 -0.26307282704887358 0.084920552445495012 1.0873566630012108 -0.89744095429226201 0.24209067713165158
leaf_weight=124 2064 611 132 113 80 48
leaf_count=124 2064 611 132 113 80 48
internal_value=0.00475233 -0.226916 0.0849206 0.446243 -0.337707 0.838402
internal_weight=3172 815 2357 293 691 161
internal_count=3172 815 2357 293 691 161
is_linear=0
shrinkage=0.03


Tree=166
num_leaves=7
num_cat=0
split_feature=2 0 6 8 2 8
split_gain=75960 68796.6 49413.4 35209.9 27721.6 25687.2
threshold=86.263955950737014 219.50000000000003 17.170929118773952 10.125000000000002 -63.616809844970696 15.708333333343036
decision_type=10 2 8 2 8 2
left_child=4 2 3 -2 5 -1
right_child=1 -3 -4 -5 -6 -7
leaf_value=-0.51557829998255422 -0.061092884707155334 1.0542220239276472 -0.061092884707155334 0.49778049303749422 -0.061092884707155334 -0.1024289218996124
leaf_weight=229 97 91 180 357 1945 331
leaf_count=229 97 91 180 357 1945 331
internal_value=0.0171935 0.287398 0.175847 0.358548 -0.0610929 -0.271995
internal_weight=3230 725 634 454 2505 560
internal_count=3230 725 634 454 2505 560
is_linear=0
shrinkage=0.03


Tree=167
num_leaves=7
num_cat=0
split_feature=0 4 2 1 2 0
split_gain=83200.8 147924 49615 33083.6 27919.9 13881.4
threshold=76.500000000000014 3.9932676226249129 31.782647967338566 -203.65580137570697 122.11666083335878 188.50000000000003
decision_type=2 10 8 8 10 2
left_child=3 4 -3 -1 -2 -6
right_child=1 2 -4 -5 5 -7
leaf_value=-0.56752731874071316 -0.059495895028948975 0.1598215590119362 0.83057039649818432 -0.059495895028948975 0.12703789949417116 0.82920519415537508
leaf_weight=115 503 139 351 1990 59 44
leaf_count=115 503 139 351 1990 59 44
internal_value=0.0421439 0.253985 0.64101 -0.0682227 -0.0594959 0.432082
internal_weight=3201 1096 490 2105 606 103
internal_count=3201 1096 490 2105 606 103
is_linear=0
shrinkage=0.03


Tree=168
num_leaves=7
num_cat=0
split_feature=7 8 2 8 8 3
split_gain=65894.5 50427.9 67604.6 67579.9 53666.9 49124.6
threshold=0.90660995630875163 13.291666666656967 242.87387955188754 17.875000000000004 15.875000000000002 7.5000000000000009
decision_type=10 2 8 2 2 8
left_child=5 -2 3 4 -3 -1
right_child=1 2 -4 -5 -6 -7
leaf_value=-0.35392934336851944 -0.023031477907626451 0.10763181067325851 0.80383098459906044 -0.16778844973493004 0.80383098459906044 -0.00031264446502857803
leaf_weight=549 848 219 188 309 178 990
leaf_count=549 848 219 188 309 178 990
internal_value=0.0163885 0.142718 0.29979 0.164622 0.423121 -0.126605
internal_weight=3281 1742 894 706 397 1539
internal_count=3281 1742 894 706 397 1539
is_linear=0
shrinkage=0.03


Tree=169
num_leaves=7
num_cat=0
split_feature=0 3 0 2 4 2
split_gain=87325.4 78831.2 31076.7 37791.9 38925.4 20612.4
threshold=244.50000000000003 9.5000000000000018 -20.499999999999996 -126.17252719402312 4.3594874644842294 39.17251908779145
decision_type=2 10 2 8 10 10
left_child=2 -2 3 -1 -5 -3
right_child=1 5 -4 4 -6 -7
leaf_value=-0.82283804928555215 -0.037040728077235983 0.66383679219654623 -0.037040728077235983 -0.037040728077235983 -0.48593646946266222 1.3725760048627853
leaf_weight=84 111 97 2171 487 220 63
leaf_count=84 111 97 2171 487 220 63
internal_value=0.0101876 0.524626 -0.0370407 -0.224967 -0.152871 0.949695
internal_weight=3233 271 2962 791 707 160
internal_count=3233 271 2962 791 707 160
is_linear=0
shrinkage=0.03


Tree=170
num_leaves=7
num_cat=0
split_feature=0 5 2 0 2 5
split_gain=78802 105963 41703.5 38513.6 42758 29499.6
threshold=244.50000000000003 -87.972833991050706 252.31206059455874 -41.499999999999993 -118.41833865642546 7204.6986665725717
decision_type=2 10 8 2 10 8
left_child=3 2 -2 4 5 -1
right_child=1 -3 -4 -5 -6 -7
leaf_value=-0.15368626671247795 0.56388578882217399 -0.033950005315863195 1.5225352768832818 -0.033950005315863195 -0.11544027436902557 -0.99050029696737008
leaf_weight=60 99 94 71 2383 413 104
leaf_count=60 99 94 71 2383 413 104
internal_value=0.0104102 0.506033 0.970825 -0.03395 -0.27884 -0.687136
internal_weight=3224 264 170 2960 577 164
internal_count=3224 264 170 2960 577 164
is_linear=0
shrinkage=0.03


Tree=171
num_leaves=7
num_cat=0
split_feature=3 6 8 7 7 8
split_gain=81235.6 59552.9 49568.9 46395.3 44576.3 42253.9
threshold=7.5000000000000009 8.8908791208791218 5.9583333333430355 0.91897362949994543 0.95958284613797384 14.708333333343036
decision_type=8 8 2 10 10 2
left_child=1 -1 -2 -4 -3 -5
right_child=2 4 3 5 -6 -7
leaf_value=0.1400718396241645 -0.22842492944871384 -0.39332122566054267 0.0632014636542685 0.15455392867326737 0.42808500285332018 0.604980639466148
leaf_weight=360 287 719 1009 385 64 366
leaf_count=360 287 719 1009 385 64 366
internal_value=0.0234826 -0.179021 0.136588 0.196206 -0.325722 0.374582
internal_weight=3190 1143 2047 1760 783 751
internal_count=3190 1143 2047 1760 783 751
is_linear=0
shrinkage=0.03


Tree=172
num_leaves=7
num_cat=0
split_feature=0 4 2 0 7 4
split_gain=77328.7 86588.5 26865.6 25000.4 20652.5 34701.2
threshold=241.50000000000003 3.6947734443158482 -63.616809844970696 -22.499999999999996 0.91943786203264877 0.8992632441833569
decision_type=2 10 8 2 10 10
left_child=2 4 3 -1 -2 -6
right_child=1 -3 -4 -5 5 -7
leaf_value=-0.51452444445055256 -0.03024561775776289 0.99033975239541072 -0.03024561775776289 -0.084275052083455593 -0.03024561775776289 0.97972877142380699
leaf_weight=194 45 147 2431 324 40 48
leaf_count=194 45 147 2431 324 40 48
internal_value=0.0150557 0.490585 -0.0302456 -0.246092 -0.0302456 0.428752
internal_weight=3229 280 2949 518 133 88
internal_count=3229 280 2949 518 133 88
is_linear=0
shrinkage=0.03


Tree=173
num_leaves=7
num_cat=0
split_feature=8 2 1 8 8 0
split_gain=71899.3 48220.3 47666.5 45030.1 41360.5 38270.1
threshold=20.958333333343038 73.61736369132997 70.519954562187209 23.125000000000004 8.9583333333430364 261.50000000000006
decision_type=2 8 10 2 2 2
left_child=2 -2 4 -3 -1 -4
right_child=1 3 5 -5 -6 -7
leaf_value=0.10190087401331437 0.015093763855307602 1.1651789459781112 0.11816915477842989 0.17493620402139168 -0.17788858181517805 0.88308072319397557
leaf_weight=678 128 106 630 68 1587 64
leaf_count=678 128 106 630 68 1587 64
internal_value=0.0175844 0.457729 -0.0274768 0.781399 -0.094129 0.189878
internal_weight=3261 302 2959 174 2265 694
internal_count=3261 302 2959 174 2265 694
is_linear=0
shrinkage=0.03


Tree=174
num_leaves=7
num_cat=0
split_feature=4 2 0 8 6 8
split_gain=64253.3 58208.5 55754.2 29577.7 36148.6 23081
threshold=7.7119058433441703 88.505683779716506 241.50000000000003 10.125000000000002 17.170929118773952 11.708333333343036
decision_type=10 10 2 2 8 2
left_child=1 -1 3 -3 5 -5
right_child=-2 2 -4 4 -6 -7
leaf_value=-0.072047804810492902 0.91412239245006011 -0.072047804810492902 1.0012657813805264 0.99961050978573884 -0.072047804810492902 0.3253094784335086
leaf_weight=2488 69 139 76 54 128 284
leaf_count=2488 69 139 76 54 128 284
internal_value=0.0150895 -0.00476771 0.240782 0.143756 0.270656 0.435669
internal_weight=3238 3169 681 605 466 338
internal_count=3238 3169 681 605 466 338
is_linear=0
shrinkage=0.03


Tree=175
num_leaves=7
num_cat=0
split_feature=0 5 3 2 2 3
split_gain=89555.1 94434.8 71280.2 35835.8 32537.6 32758.7
threshold=168.50000000000003 -87.972833991050706 9.5000000000000018 11.736441016197206 -23.979537367820736 7.5000000000000009
decision_type=2 10 10 8 8 10
left_child=4 2 -2 -4 5 -1
right_child=1 -3 3 -5 -6 -7
leaf_value=-0.43843795948223141 0.03790607228279113 -0.036071484058541957 0.27906660661697386 1.2026375769053474 -0.036071484058541957 -0.036071484058541957
leaf_weight=362 99 182 49 176 2023 320
leaf_count=362 99 182 49 176 2023 320
internal_value=0.032496 0.398395 0.709572 1.00363 -0.0360715 -0.243139
internal_weight=3211 506 324 225 2705 682
internal_count=3211 506 324 225 2705 682
is_linear=0
shrinkage=0.03


Tree=176
num_leaves=7
num_cat=0
split_feature=0 5 0 5 3 7
split_gain=77539.4 90040.8 30771.5 43336.8 32329.8 29148.4
threshold=306.50000000000006 1.0000000180025095e-35 -23.499999999999996 7744.7163704633722 8.5000000000000018 0.87631637290766007
decision_type=2 10 2 8 10 8
left_child=2 -2 3 -1 5 -5
right_child=1 -3 -4 4 -6 -7
leaf_value=-0.0087953649588777862 1.2578389625810087 -0.0087953649588777862 -0.0087953649588777862 -0.95428093137239145 -0.0087953649588777862 -0.35199965497435604
leaf_weight=245 95 44 2298 94 105 314
leaf_count=245 95 44 2298 94 105 314
internal_value=0.0228294 0.713216 -0.00879536 -0.199814 -0.36902 -0.492754
internal_weight=3195 139 3056 758 513 408
internal_count=3195 139 3056 758 513 408
is_linear=0
shrinkage=0.03


Tree=177
num_leaves=7
num_cat=0
split_feature=7 3 3 8 7 4
split_gain=62510.7 51443.1 45306.9 37875.2 39387.2 30876.4
threshold=0.90148142742465165 10.500000000000002 7.5000000000000009 13.291666666656967 0.91335958005249351 4.8265514516464005
decision_type=10 10 8 2 10 10
left_child=2 3 5 -2 -5 -1
right_child=1 -3 -4 4 -6 -7
leaf_value=-0.28409775576541124 -0.059708624222480196 0.56843943524809015 0.0028659337356078383 -0.24212664840287632 0.31787964460986018 -1.1295786716771681
leaf_weight=425 815 225 881 134 700 42
leaf_count=425 815 225 881 134 700 42
internal_value=0.0319025 0.143942 -0.123847 0.0857117 0.22772 -0.362388
internal_weight=3222 1874 1348 1649 834 467
internal_count=3222 1874 1348 1649 834 467
is_linear=0
shrinkage=0.03


Tree=178
num_leaves=7
num_cat=0
split_feature=1 2 0 4 8 8
split_gain=70021.8 45240.2 60735.9 26380.9 23039 20351.2
threshold=164.96339726448062 -20.592756152153012 178.50000000000003 3.7913332120952323 17.625000000000004 21.125000000000004
decision_type=10 8 2 10 2 2
left_child=1 3 5 4 -1 -3
right_child=-2 2 -4 -5 -6 -7
leaf_value=-0.2133004021633346 0.40063141581126283 -0.024824378795788755 0.40063141581126283 -0.024824378795788755 -0.68021288263797752 0.40063141581126283
leaf_weight=264 400 1724 257 335 149 80
leaf_count=264 400 1724 257 335 149 80
internal_value=0.0297878 -0.0231439 0.0494002 -0.222827 -0.382987 -0.0132537
internal_weight=3209 2809 2061 748 413 1804
internal_count=3209 2809 2061 748 413 1804
is_linear=0
shrinkage=0.03


Tree=179
num_leaves=7
num_cat=0
split_feature=0 3 7 0 8 1
split_gain=89458.9 46719.7 44370.6 32983.2 27342.4 20928.7
threshold=306.50000000000006 10.500000000000002 0.90191497159611522 -20.499999999999996 15.375000000000002 -105.27708464860915
decision_type=2 10 10 2 2 8
left_child=2 -2 3 5 -4 -1
right_child=1 -3 4 -5 -6 -7
leaf_value=-0.60172355143157807 0.14883723304552188 1.2163208429497407 -0.019178085394400267 -0.03628110557621253 0.14883723304552188 -0.17849892222114344
leaf_weight=180 67 82 1098 891 669 254
leaf_count=180 67 82 1098 891 669 254
internal_value=0.0250181 0.740504 -0.00968857 -0.140869 0.088702 -0.35501
internal_weight=3241 149 3092 1325 1767 434
internal_count=3241 149 3092 1325 1767 434
is_linear=0
shrinkage=0.03


Tree=180
num_leaves=7
num_cat=0
split_feature=3 0 5 6 7 3
split_gain=76763.8 71846.3 65963.6 49772.9 45009.3 23000.3
threshold=7.5000000000000009 244.50000000000003 -87.972833991050706 9.1858957219251351 0.95958284613797384 10.500000000000002
decision_type=8 2 10 8 10 10
left_child=3 -2 5 -1 -5 -3
right_child=1 2 -4 4 -6 -7
leaf_value=0.11732842033688683 0.073741573452297551 0.48759478781182891 0.073741573452297551 -0.37254088762674942 0.42457536322729927 1.2472619560621316
leaf_weight=369 1896 58 50 732 69 102
leaf_count=369 1896 58 50 732 69 102
internal_value=0.0240018 0.132223 0.657378 -0.170744 -0.303432 0.976622
internal_weight=3276 2106 210 1170 801 160
internal_count=3276 2106 210 1170 801 160
is_linear=0
shrinkage=0.03


Tree=181
num_leaves=7
num_cat=0
split_feature=2 0 3 4 6 3
split_gain=72504.7 59938.9 57349.4 27953.6 31884.1 23216.1
threshold=88.505683779716506 219.50000000000003 9.5000000000000018 5.8239750526340188 2.9272486772486777 6.5000000000000009
decision_type=10 2 8 10 8 10
left_child=2 -2 3 4 -1 -6
right_child=1 -3 -4 -5 5 -7
leaf_value=0.12300580879052478 0.16924509341697222 0.94901314165729733 0.15309362537355212 0.16924509341697222 -0.42882012174909601 -0.16224451442559559
leaf_weight=251 609 103 787 104 424 962
leaf_count=251 609 103 787 104 424 962
internal_value=0.0160313 0.283221 -0.0593038 -0.155349 -0.187724 -0.244045
internal_weight=3240 712 2528 1741 1637 1386
internal_count=3240 712 2528 1741 1637 1386
is_linear=0
shrinkage=0.03


Tree=182
num_leaves=7
num_cat=0
split_feature=0 5 3 1 4 3
split_gain=68364.6 98378.4 26312.6 19081.9 30733.7 30680.5
threshold=244.50000000000003 -87.972833991050706 10.500000000000002 -56.382850527763367 5.1819630587194832 7.5000000000000009
decision_type=2 10 10 8 10 10
left_child=3 2 -2 4 -1 -6
right_child=1 -3 -4 -5 5 -7
leaf_value=-0.10127122018544067 0.43165324609158401 -0.018313648319906659 1.2370706822512285 -0.018313648319906659 -1.275625929631466 -0.12523114698273796
leaf_weight=579 58 94 105 2361 42 41
leaf_count=579 58 94 105 2361 42 41
internal_value=0.0216864 0.490439 0.95486 -0.0183136 -0.179259 -0.715615
internal_weight=3280 257 163 3023 662 83
internal_count=3280 257 163 3023 662 83
is_linear=0
shrinkage=0.03


Tree=183
num_leaves=7
num_cat=0
split_feature=0 5 0 1 3 6
split_gain=65606.6 94060.3 71637.4 48078.4 20620 20283.2
threshold=147.50000000000003 -87.972833991050706 346.50000000000006 212.464155515035 9.5000000000000018 14.222500000000002
decision_type=2 10 2 8 10 8
left_child=5 2 3 4 -2 -1
right_child=1 -3 -4 -5 -6 -7
leaf_value=-0.031074642891611867 -0.031074642891611867 -0.031074642891611867 1.5102056895952958 0.80934361130773247 0.4487159546302712 -0.14689145385233643
leaf_weight=1231 91 230 64 153 91 1360
leaf_count=1231 91 230 64 153 91 1360
internal_value=0.035677 0.310256 0.597523 0.419185 0.0885634 -0.0310746
internal_weight=3220 629 399 335 182 2591
internal_count=3220 629 399 335 182 2591
is_linear=0
shrinkage=0.03


Tree=184
num_leaves=7
num_cat=0
split_feature=0 3 7 0 8 7
split_gain=68703 54110.4 43931.1 39289.5 24188.1 23325.9
threshold=261.50000000000006 10.500000000000002 0.90660995630875163 -26.499999999999996 16.708333333343038 0.91531942633637564
decision_type=2 10 10 2 2 10
left_child=2 5 3 -1 -3 -2
right_child=1 4 -4 -5 -6 -7
leaf_value=-0.36295614253048997 0.10082527162469923 0.56887297359563527 0.10082527162469923 -0.016006920951252036 1.4634399148334156 0.6132152146386215
leaf_weight=415 45 58 1584 1000 54 79
leaf_count=415 45 58 1584 1000 54 79
internal_value=0.0426917 0.534413 0.00383153 -0.117947 1.00932 0.100825
internal_weight=3235 236 2999 1415 112 124
internal_count=3235 236 2999 1415 112 124
is_linear=0
shrinkage=0.03


Tree=185
num_leaves=7
num_cat=0
split_feature=0 5 2 7 0 5
split_gain=79914.2 119851 31576.3 30542.3 28413 42439.8
threshold=244.50000000000003 -87.972833991050706 242.87387955188754 0.92357745942400082 -23.499999999999996 7744.7163704633722
decision_type=2 10 8 10 2 8
left_child=4 2 3 -2 5 -1
right_child=1 -3 -4 -5 -6 -7
leaf_value=-0.0032362114856389389 0.13836363571531632 -0.0032362114856389389 1.4917185636256869 1.190084874522686 -0.0032362114856389389 -0.35683811313867131
leaf_weight=245 50 89 75 49 2222 509
leaf_count=245 50 89 75 49 2222 509
internal_value=0.0411385 0.541375 1.02818 0.665608 -0.00323621 -0.187274
internal_weight=3239 263 174 99 2976 754
internal_count=3239 263 174 99 2976 754
is_linear=0
shrinkage=0.03


Tree=186
num_leaves=7
num_cat=0
split_feature=0 5 2 4 7 7
split_gain=58638.5 110204 26316.8 27022 23052.1 28494
threshold=306.50000000000006 -42.405506014823906 -23.979537367820736 3.7913332120952323 0.9121009631698469 0.86264915342168569
decision_type=2 10 8 10 8 10
left_child=2 -2 3 4 5 -1
right_child=1 -3 -4 -5 -6 -7
leaf_value=-0.014250099415242138 1.2350207245711124 -0.014250099415242138 -0.014250099415242138 -0.014250099415242138 -0.066146257712233869 -0.69628089333524801
leaf_weight=62 98 49 2279 362 160 201
leaf_count=62 98 49 2279 362 160 201
internal_value=0.0139169 0.597146 -0.0142501 -0.187841 -0.350732 -0.522957
internal_weight=3211 147 3064 785 423 263
internal_count=3211 147 3064 785 423 263
is_linear=0
shrinkage=0.03


Tree=187
num_leaves=7
num_cat=0
split_feature=2 7 7 7 2 2
split_gain=56943.9 46482.7 57723.5 28002.8 34061 20187.9
threshold=88.505683779716506 0.93717046238785384 0.92316915698210678 0.72609591056193012 258.04068112373358 -64.976182818412767
decision_type=10 10 10 10 10 8
left_child=5 2 3 -2 -5 -1
right_child=1 -3 -4 4 -6 -7
leaf_value=-0.212075028329128 -0.031784675357680127 -0.031784675357680127 0.93701851421678573 0.20424347586291175 0.95630139980997353 -0.031784675357680127
leaf_weight=558 72 183 141 244 69 1973
leaf_count=558 72 183 141 244 69 1973
internal_value=0.0348056 0.272231 0.419773 0.228403 0.37255 -0.0317847
internal_weight=3240 709 526 385 313 2531
internal_count=3240 709 526 385 313 2531
is_linear=0
shrinkage=0.03


Tree=188
num_leaves=7
num_cat=0
split_feature=7 0 0 4 2 0
split_gain=67986 50622.5 35103.7 45392.7 40999.7 45365.1
threshold=0.90612981654755775 253.50000000000003 -26.499999999999996 4.103933004722145 2.1256424188613896 108.50000000000001
decision_type=10 2 2 8 10 2
left_child=2 -2 -1 -4 -5 -6
right_child=1 -3 3 4 5 -7
leaf_value=-0.35807526440301723 0.10233027581085032 0.67766128705037354 -0.23120959165466201 -0.035016962828273636 0.26441873672912863 1.3776322100883305
leaf_weight=417 1564 150 513 327 144 42
leaf_count=417 1564 150 513 327 144 42
internal_value=0.0253483 0.153046 -0.126332 -0.0318874 0.167497 0.521812
internal_weight=3157 1714 1443 1026 513 186
internal_count=3157 1714 1443 1026 513 186
is_linear=0
shrinkage=0.03


Tree=189
num_leaves=7
num_cat=0
split_feature=8 2 2 8 3 8
split_gain=61108.9 73140.3 46672.9 45244.8 40680.6 38112.8
threshold=20.458333333343038 72.045233011245742 -23.979537367820736 23.125000000000004 8.5000000000000018 19.458333333343038
decision_type=2 8 10 2 8 2
left_child=2 -2 5 4 -3 -1
right_child=1 3 -4 -5 -6 -7
leaf_value=-0.088150795220932596 -0.076827783912420275 0.31039575226452887 0.11476349290283216 0.12755232936627156 1.3757428593080019 -0.69212159934020279
leaf_weight=1372 174 48 1345 73 102 100
leaf_count=1372 174 48 1345 73 102 100
internal_value=0.0362181 0.384183 -0.0129396 0.742633 1.03915 -0.129623
internal_weight=3214 397 2817 223 150 1472
internal_count=3214 397 2817 223 150 1472
is_linear=0
shrinkage=0.03


Tree=190
num_leaves=7
num_cat=0
split_feature=0 5 6 0 6 7
split_gain=75221.9 99082.8 19869.3 34415.1 22913.3 9666.56
threshold=306.50000000000006 -73.287923455238328 14.790491118077325 -29.499999999999996 15.417666666666671 0.87631637290766007
decision_type=2 10 8 2 8 10
left_child=2 -2 -1 5 -5 -4
right_child=1 -3 3 4 -6 -7
leaf_value=-0.015876417002337065 1.2751656144112347 -0.015876417002337065 -0.69751679069787542 -0.40417223001519836 -0.015876417002337065 -0.40417223001519836
leaf_weight=1619 95 47 102 76 1076 212
leaf_count=1619 95 47 102 76 1076 212
internal_value=0.0152978 0.687945 -0.0158764 -0.126284 -0.0502558 -0.404172
internal_weight=3227 142 3085 1466 1152 314
internal_count=3227 142 3085 1466 1152 314
is_linear=0
shrinkage=0.03


Tree=191
num_leaves=7
num_cat=0
split_feature=2 7 7 6 7 0
split_gain=57109.4 40580.4 59603 25644 29081.8 21063.2
threshold=88.505683779716506 0.71014198782961468 0.93717046238785384 5.750706521739132 0.93057746232036465 162.50000000000003
decision_type=10 10 10 10 10 2
left_child=-1 -2 3 -3 5 -5
right_child=1 2 -4 4 -6 -7
leaf_value=-0.040711589499482295 -0.040711589499482295 1.0024333002560595 -0.040711589499482295 0.19445017861604691 1.1134772138236737 0.77841302971045179
leaf_weight=2524 73 88 181 249 48 71
leaf_count=2524 73 88 181 249 48 71
internal_value=0.0261736 0.263669 0.359908 0.543622 0.431487 0.326038
internal_weight=3234 710 637 456 368 320
internal_count=3234 710 637 456 368 320
is_linear=0
shrinkage=0.03


Tree=192
num_leaves=7
num_cat=0
split_feature=3 8 6 8 3 8
split_gain=50335 57699.3 47272.7 39439.3 50287.7 38131.7
threshold=7.5000000000000009 5.9583333333430355 8.8908791208791218 20.875000000000004 10.500000000000002 17.958333333343038
decision_type=8 2 8 2 10 2
left_child=2 -2 -1 5 -5 -3
right_child=1 3 -4 4 -6 -7
leaf_value=0.15672345037637531 -0.26521325503852855 0.19837183576473252 -0.25263414747626695 0.13930072583777958 1.0152380222407253 -0.19156751453387041
leaf_weight=369 298 1283 809 128 109 273
leaf_count=369 298 1283 809 128 109 273
internal_value=0.0323918 0.12073 -0.124382 0.184987 0.544731 0.129878
internal_weight=3269 2091 1178 1793 237 1556
internal_count=3269 2091 1178 1793 237 1556
is_linear=0
shrinkage=0.03


Tree=193
num_leaves=7
num_cat=0
split_feature=2 7 7 1 4 7
split_gain=66863.2 55595.3 63658.5 32669.2 28368.2 24048.7
threshold=96.175280570983901 0.93717046238785384 0.8942053317053319 -59.155317544937127 5.3491877543399529 0.92316915698210678
decision_type=10 10 10 8 10 10
left_child=3 2 -2 -1 5 -4
right_child=1 -3 4 -5 -6 -7
leaf_value=-0.27920131285626193 -0.0093847148251115231 -0.052864456231283496 0.59143488495349883 -0.052864456231283496 0.091976946422031955 1.1881019529865848
leaf_weight=573 170 178 149 2006 55 107
leaf_count=573 170 178 149 2006 55 107
internal_value=0.0160701 0.285517 0.457627 -0.0528645 0.712118 0.844476
internal_weight=3238 659 481 2579 311 256
internal_count=3238 659 481 2579 311 256
is_linear=0
shrinkage=0.03


Tree=194
num_leaves=7
num_cat=0
split_feature=0 5 0 5 1 2
split_gain=73655.2 82552 40923.7 33762.6 47229.8 23270.8
threshold=306.50000000000006 -73.287923455238328 -23.499999999999996 7744.7163704633722 -101.66677916049956 174.20591855049136
decision_type=2 10 2 8 10 8
left_child=2 5 3 -1 -5 -2
right_child=1 -3 -4 4 -6 -7
leaf_value=-0.0018720869176353933 0.70073359732725182 -0.0018720869176353933 -0.0018720869176353933 -0.64016512787074187 -0.063689540502603961 1.6422493127676157
leaf_weight=222 48 48 2311 266 246 51
leaf_count=222 48 48 2311 266 246 51
internal_value=0.0298932 0.683455 -0.00187209 -0.225726 -0.363851 1.19733
internal_weight=3192 147 3045 734 512 99
internal_count=3192 147 3045 734 512 99
is_linear=0
shrinkage=0.03


Tree=195
num_leaves=7
num_cat=0
split_feature=7 8 4 8 8 8
split_gain=57344.3 52115.8 53291.3 52700.7 50524.5 31477.4
threshold=0.90612981654755775 15.375000000000002 4.4598949866308217 17.958333333343038 20.208333333343038 21.375000000000004
decision_type=8 2 10 2 2 2
left_child=5 -2 3 -3 -5 -1
right_child=1 2 -4 4 -6 -7
leaf_value=-0.14425630578952003 0.017252944064591456 0.59869233057383564 0.81435563858444171 -0.44558823665794062 0.31185720926215654 0.42320411073400616
leaf_weight=1381 1089 185 168 146 171 93
leaf_count=1381 1089 185 168 146 171 93
internal_value=0.0297914 0.145413 0.353384 0.197803 -0.037302 -0.108191
internal_weight=3233 1759 670 502 317 1474
internal_count=3233 1759 670 502 317 1474
is_linear=0
shrinkage=0.03


Tree=196
num_leaves=7
num_cat=0
split_feature=3 8 0 3 6 8
split_gain=45362.6 60729.1 50698.6 49923.1 38752 26228.3
threshold=7.5000000000000009 5.9583333333430355 253.50000000000003 10.500000000000002 9.6530100334448168 9.1250000000000018
decision_type=8 2 2 10 8 2
left_child=4 -2 -3 -4 -1 -6
right_child=1 2 3 -5 5 -7
leaf_value=0.12293349231171305 -0.29645327954850298 0.12357089089660728 0.12357089089660728 1.1071395653305631 0.1726725133087324 -0.31912687493562014
leaf_weight=383 281 1572 79 98 114 655
leaf_count=383 281 1572 79 98 114 655
internal_value=0.0268949 0.112206 0.177994 0.657937 -0.123403 -0.246091
internal_weight=3182 2030 1749 177 1152 769
internal_count=3182 2030 1749 177 1152 769
is_linear=0
shrinkage=0.03


Tree=197
num_leaves=7
num_cat=0
split_feature=0 5 0 0 6 2
split_gain=68220 61989.6 48593.6 26014.7 36695.9 31412.4
threshold=204.50000000000003 -42.405506014823906 306.50000000000006 -39.499999999999993 17.918155111633379 -126.17252719402312
decision_type=2 10 2 2 8 8
left_child=3 2 -2 4 5 -1
right_child=1 -3 -4 -5 -6 -7
leaf_value=-0.71712252000406862 0.33748940282190837 -0.019949915777508678 1.2005370948102214 -0.019949915777508678 -0.63558406031380099 -0.019949915777508678
leaf_weight=61 143 121 100 2239 143 385
leaf_count=61 143 121 100 2239 143 385
internal_value=0.029861 0.415848 0.696118 -0.0199499 -0.219158 -0.0845176
internal_weight=3192 364 243 2828 589 446
internal_count=3192 364 243 2828 589 446
is_linear=0
shrinkage=0.03


Tree=198
num_leaves=7
num_cat=0
split_feature=3 0 6 7 5 1
split_gain=61239.9 58270.7 46896.2 51961.5 34752.7 75663.4
threshold=7.5000000000000009 129.50000000000003 7.7058704453441313 0.95958284613797384 -87.972833991050706 266.28998843828839
decision_type=8 2 8 10 10 8
left_child=2 -2 -1 -4 5 -3
right_child=1 4 3 -5 -6 -7
leaf_value=0.16677663679899915 0.042452925759722891 0.17535170916973028 -0.32185031075199044 0.49972592297353241 0.042452925759722891 0.98737182883636365
leaf_weight=335 1551 235 795 75 98 184
leaf_count=335 1551 235 795 75 98 184
internal_value=0.0354559 0.13449 -0.134475 -0.250532 0.409985 0.533445
internal_weight=3273 2068 1205 870 517 419
internal_count=3273 2068 1205 870 517 419
is_linear=0
shrinkage=0.03


Tree=199
num_leaves=7
num_cat=0
split_feature=3 0 5 0 1 7
split_gain=58334.4 69364.7 39017.3 46672.8 38839.3 42938
threshold=9.5000000000000018 108.50000000000001 -87.972833991050706 357.50000000000006 -25.190319259961445 0.95958284613797384
decision_type=8 2 10 2 10 8
left_child=4 -2 3 -3 5 -1
right_child=1 2 -4 -5 -6 -7
leaf_value=-0.24069998649368143 0.021576201846779778 0.49731052319516 0.021576201846779778 1.4706101852093103 0.08829497043782536 0.08829497043782536
leaf_weight=1141 644 288 42 52 915 168
leaf_count=1141 644 288 42 52 915 168
internal_value=0.0247318 0.211745 0.531451 0.650044 -0.0615997 -0.166365
internal_weight=3250 1026 382 340 2224 1309
internal_count=3250 1026 382 340 2224 1309
is_linear=0
shrinkage=0.03


Tree=200
num_leaves=7
num_cat=0
split_feature=8 3 7 8 8 7
split_gain=42900.5 58354 51595.8 37421.6 57003.8 66856.8
threshold=21.041666666656969 10.500000000000002 0.90612981654755775 18.708333333343038 15.625000000000002 0.91852892218060767
decision_type=2 10 10 2 2 10
left_child=3 2 -2 4 -1 -6
right_child=1 -3 -4 -5 5 -7
leaf_value=-0.028993664853534881 -0.5961827975160936 0.94954023177283153 0.43665520130048602 -0.26284424055657052 0.02217211646027863 0.69332667487435751
leaf_weight=1983 67 104 120 411 303 238
leaf_count=1983 67 104 120 411 303 238
internal_value=0.0367607 0.38355 0.0653981 0.00225822 0.0455137 0.318165
internal_weight=3226 291 187 2935 2524 541
internal_count=3226 291 187 2935 2524 541
is_linear=0
shrinkage=0.03


Tree=201
num_leaves=7
num_cat=0
split_feature=0 5 2 7 2 0
split_gain=52175.2 73747.5 35605.4 41923.6 16835.3 29657.5
threshold=244.50000000000003 -87.972833991050706 252.31206059455874 0.92357745942400082 -126.17252719402312 -48.499999999999993
decision_type=2 10 8 10 8 2
left_child=4 2 3 -2 5 -1
right_child=1 -3 -4 -5 -6 -7
leaf_value=-0.78333545439383556 -0.0034135819978417794 -0.0034135819978417794 1.3391709103186926 1.0490431586595683 -0.0034135819978417794 -0.053446134791010985
leaf_weight=67 45 99 71 51 2675 191
leaf_count=67 45 99 71 51 2675 191
internal_value=0.0331344 0.434628 0.833264 0.449154 -0.00341358 -0.245284
internal_weight=3199 266 167 96 2933 258
internal_count=3199 266 167 96 2933 258
is_linear=0
shrinkage=0.03


Tree=202
num_leaves=7
num_cat=0
split_feature=4 2 8 6 2 4
split_gain=57666.8 55787.8 41948 41480.2 25296.1 17027.7
threshold=7.7119058433441703 96.175280570983901 10.125000000000002 14.890813464235624 114.58627951145174 3.6947734443158482
decision_type=10 10 2 8 10 8
left_child=1 5 -3 4 -4 -1
right_child=-2 2 3 -5 -6 -7
leaf_value=-0.17569732845426392 0.86345630670587215 -0.059536298892485233 -0.015729427205191718 0.030606754847715814 0.69934228443012769 -0.059536298892485233
leaf_weight=1135 71 134 53 193 276 1376
leaf_count=1135 71 134 53 193 276 1376
internal_value=0.0239259 0.00483806 0.250962 0.380126 0.58445 -0.0595363
internal_weight=3238 3167 656 522 329 2511
internal_count=3238 3167 656 522 329 2511
is_linear=0
shrinkage=0.03


Tree=203
num_leaves=7
num_cat=0
split_feature=8 2 5 2 2 8
split_gain=52995.2 42958.8 48380.1 52928.5 37819.2 38882.5
threshold=20.875000000000004 14.02430033683777 1337.7128226757052 149.51875150203708 242.87387955188754 23.125000000000004
decision_type=2 10 8 10 8 2
left_child=1 -1 3 -3 -2 -6
right_child=4 2 -4 -5 5 -7
leaf_value=-0.090748529475094569 0.16590837379296622 0.30628810674501089 0.045422701660794297 1.4437552194232526 1.3039050702137105 0.17040119678416149
leaf_weight=1740 206 189 876 45 67 46
leaf_count=1740 206 189 876 45 67 46
internal_value=0.0433651 0.00226236 0.148014 0.530245 0.409429 0.848021
internal_weight=3169 2850 1110 234 319 113
internal_count=3169 2850 1110 234 319 113
is_linear=0
shrinkage=0.03


Tree=204
num_leaves=7
num_cat=0
split_feature=2 4 0 0 6 4
split_gain=56810.2 45034.7 36708.1 27608.4 20509 24836
threshold=96.175280570983901 5.4794621040289622 241.50000000000003 -29.499999999999996 11.198958333333335 3.686284661887544
decision_type=10 8 2 2 8 10
left_child=1 4 -2 -3 -1 -6
right_child=2 3 -4 -5 5 -7
leaf_value=0.034050934470862104 0.22796394506074777 -0.47772068066596984 0.88705174403694953 0.22796394506074777 -0.3034972170754931 -0.057288782280847335
leaf_weight=658 583 49 77 389 664 829
leaf_count=658 583 49 77 389 664 829
internal_value=0.0143784 -0.0489805 0.262616 0.227964 -0.105453 -0.166918
internal_weight=3249 2589 660 438 2151 1493
internal_count=3249 2589 660 438 2151 1493
is_linear=0
shrinkage=0.03


Tree=205
num_leaves=7
num_cat=0
split_feature=2 0 3 5 1 6
split_gain=54522.5 48153.8 37521.4 24877.2 23948.5 19573.2
threshold=96.175280570983901 219.50000000000003 7.5000000000000009 1337.7128226757052 -56.382850527763367 16.059846547314581
decision_type=10 2 8 8 8 8
left_child=2 3 4 -2 5 -1
right_child=1 -3 -4 -5 -6 -7
leaf_value=-0.21368333410848731 0.57276860387995843 0.900894089110436 0.050908664060296129 0.066097871522345628 -0.066448603910825896 -0.66910449290093565
leaf_weight=246 107 92 1601 455 592 130
leaf_count=246 107 92 1601 455 592 130
internal_value=0.0240391 0.268371 -0.0382416 0.16341 -0.18559 -0.3725
internal_weight=3223 654 2569 562 968 376
internal_count=3223 654 2569 562 968 376
is_linear=0
shrinkage=0.03


Tree=206
num_leaves=7
num_cat=0
split_feature=8 7 8 8 7 6
split_gain=55219.7 37460.2 43939 35191.2 35590.8 31303
threshold=20.958333333343038 0.91062641150600265 9.1250000000000018 23.125000000000004 0.90148142742465165 1.5045454545454549
decision_type=2 10 2 2 10 8
left_child=1 2 -1 4 -2 -4
right_child=3 -3 5 -5 -6 -7
leaf_value=0.13784598646689555 0.18475908384090514 0.10578420278096261 0.58911661182131081 -0.047662703346821572 1.0145455770879177 -0.24734815145187594
leaf_weight=456 81 1439 41 92 110 1014
leaf_count=456 81 1439 41 92 110 1014
internal_value=0.0347377 -0.00372437 -0.108016 0.434268 0.665442 -0.214314
internal_weight=3233 2950 1511 283 191 1055
internal_count=3233 2950 1511 283 191 1055
is_linear=0
shrinkage=0.03


Tree=207
num_leaves=7
num_cat=0
split_feature=8 2 8 6 8 2
split_gain=53342.6 41442.3 55443.5 29875.7 39882.6 32115.6
threshold=20.958333333343038 73.61736369132997 23.125000000000004 14.890813464235624 19.375000000000004 106.58587884902956
decision_type=2 8 2 8 2 10
left_child=3 -2 -3 5 -5 -1
right_child=1 2 -4 4 -6 -7
leaf_value=0.0023570790802333371 -0.0065111989866603508 1.1056262188666577 0.0023135867985812101 -0.069031141271563248 -0.62740129077059081 0.33785744392908873
leaf_weight=1268 131 110 65 1236 126 321
leaf_count=1268 131 110 65 1236 126 321
internal_value=0.021095 0.397452 0.698166 -0.0180523 -0.121109 0.0703027
internal_weight=3257 306 175 2951 1362 1589
internal_count=3257 306 175 2951 1362 1589
is_linear=0
shrinkage=0.03


Tree=208
num_leaves=7
num_cat=0
split_feature=3 8 6 2 7 6
split_gain=54171.1 58326.8 44174.9 41983.4 43332.9 44544.8
threshold=7.5000000000000009 5.8750000000000009 9.1858957219251351 43.771090507507331 0.95595043572984761 14.890813464235624
decision_type=8 2 8 10 10 8
left_child=2 -2 -1 -3 5 -5
right_child=1 3 -4 4 -6 -7
leaf_value=0.13791607950026818 -0.30984153970896477 0.073823406240590292 -0.26252851880448613 0.74079497466981414 0.073823406240590292 0.19693326929569244
leaf_weight=361 248 1173 787 299 82 249
leaf_count=361 248 1173 787 299 82 249
internal_value=0.0283426 0.120684 -0.136594 0.180041 0.377377 0.494484
internal_weight=3199 2051 1148 1803 630 548
internal_count=3199 2051 1148 1803 630 548
is_linear=0
shrinkage=0.03


Tree=209
num_leaves=7
num_cat=0
split_feature=8 3 7 1 8 7
split_gain=53252.8 71431.1 57977.3 31956 26818.8 26801.7
threshold=20.958333333343038 10.500000000000002 0.91280560524746579 66.87958395481111 22.875000000000004 0.8300721884498482
decision_type=2 10 10 10 2 10
left_child=3 2 -2 -1 -3 -5
right_child=1 4 -4 5 -6 -7
leaf_value=-0.045113754532391845 -0.5581082855900632 1.344886105186061 0.48019025010108951 -0.045113754532391845 0.3730338191986084 0.26968259640014214
leaf_weight=2218 78 75 124 80 40 625
leaf_count=2218 78 75 124 80 40 625
internal_value=0.0509354 0.419619 0.0784888 0.0108218 1.01298 0.186615
internal_weight=3240 317 202 2923 115 705
internal_count=3240 317 202 2923 115 705
is_linear=0
shrinkage=0.03


Tree=210
num_leaves=7
num_cat=0
split_feature=3 0 3 5 2 7
split_gain=44003.9 42453.9 57744.1 42016.8 53780.7 31712.6
threshold=7.5000000000000009 129.50000000000003 10.500000000000002 12242.460267901422 -20.592756152153012 0.96023386373087616
decision_type=8 2 10 8 8 10
left_child=3 5 -3 4 -1 -2
right_child=1 2 -4 -5 -6 -7
leaf_value=-0.31136717074849346 0.086271425706105659 0.094334696126473216 0.73228456396539254 -0.31136717074849346 0.21996531842992856 -0.34048738221243274
leaf_weight=170 1367 322 211 526 467 176
leaf_count=170 1367 322 211 526 467 176
internal_value=0.0344768 0.117221 0.34778 -0.113198 0.0506705 0.0374048
internal_weight=3239 2076 533 1163 637 1543
internal_count=3239 2076 533 1163 637 1543
is_linear=0
shrinkage=0.03


Tree=211
num_leaves=7
num_cat=0
split_feature=0 4 2 8 8 8
split_gain=54583.2 56783.4 22073.2 36693.7 34860.9 20199.2
threshold=244.50000000000003 3.1063731902191711 -56.006471157073968 19.375000000000004 15.708333333343036 16.625000000000004
decision_type=2 10 8 2 2 2
left_child=2 -2 3 4 -1 -3
right_child=1 5 -4 -5 -6 -7
leaf_value=-0.40174994103157002 -0.022704274066057302 0.44473522778521191 -0.022704274066057302 -0.68154975419011665 -0.022704274066057302 1.1010762832782888
leaf_weight=229 92 93 2403 117 205 80
leaf_count=229 92 93 2403 117 205 80
internal_value=0.0143527 0.425966 -0.0227043 -0.212414 -0.0846659 0.752829
internal_weight=3219 265 2954 551 434 173
internal_count=3219 265 2954 551 434 173
is_linear=0
shrinkage=0.03


Tree=212
num_leaves=7
num_cat=0
split_feature=8 2 0 2 6 7
split_gain=51364.8 73235.6 52401.1 41630.5 38237 55970.2
threshold=20.458333333343038 120.22161948680879 97.500000000000014 14.02430033683777 13.747340425531917 0.95788509735878169
decision_type=2 8 2 10 8 10
left_child=3 -2 -3 -1 5 -5
right_child=1 2 -4 4 -6 -7
leaf_value=-0.11398389615213625 -0.042852020354932574 0.1261308023123674 1.1674799883725313 0.42223391082343154 -0.078390059040719551 -0.11398389615213625
leaf_weight=1732 208 70 115 507 492 129
leaf_count=1732 208 70 115 507 492 129
internal_value=0.0225919 0.343723 0.776253 -0.0216403 0.120125 0.273576
internal_weight=3253 393 185 2860 1128 636
internal_count=3253 393 185 2860 1128 636
is_linear=0
shrinkage=0.03


Tree=213
num_leaves=7
num_cat=0
split_feature=0 5 8 4 0 5
split_gain=54629.3 72514.6 32902.6 21104.6 20121.6 29346
threshold=244.50000000000003 -87.972833991050706 18.958333333343038 5.1099871837090509 -29.499999999999996 7204.6986665725717
decision_type=2 10 2 10 2 8
left_child=4 2 3 -2 5 -1
right_child=1 -3 -4 -5 -6 -7
leaf_value=-0.003740321569271652 0.86773404708930413 -0.003740321569271652 1.3232593039391745 0.0054620112478733062 -0.003740321569271652 -0.31552086888279718
leaf_weight=211 55 97 70 47 2266 457
leaf_count=211 55 97 70 47 2266 457
internal_value=0.0338369 0.44219 0.825472 0.474323 -0.00374032 -0.168268
internal_weight=3203 269 172 102 2934 668
internal_count=3203 269 172 102 2934 668
is_linear=0
shrinkage=0.03


Tree=214
num_leaves=7
num_cat=0
split_feature=0 5 0 2 0 5
split_gain=58411.6 81437.7 29972.6 20670.8 16212.2 30562.9
threshold=244.50000000000003 -87.972833991050706 357.50000000000006 92.602999925613418 -23.499999999999996 7744.7163704633722
decision_type=2 10 2 8 2 8
left_child=4 2 3 -2 5 -1
right_child=1 -3 -4 -5 -6 -7
leaf_value=-0.0082347518286770126 0.03780179563377585 -0.0082347518286770126 1.442422009901567 0.87077788004508383 -0.0082347518286770126 -0.29497878059381039
leaf_weight=238 41 88 54 77 2198 511
leaf_count=238 41 88 54 77 2198 511
internal_value=0.0298589 0.460013 0.860356 0.584104 -0.00823475 -0.147715
internal_weight=3207 260 172 118 2947 749
internal_count=3207 260 172 118 2947 749
is_linear=0
shrinkage=0.03


Tree=215
num_leaves=7
num_cat=0
split_feature=0 5 2 0 7 1
split_gain=51775.2 79793.6 43807 18904.1 37805.1 17040.9
threshold=306.50000000000006 -73.287923455238328 174.20591855049136 -41.499999999999993 0.88910093299406279 -95.737798611323015
decision_type=2 10 8 2 10 8
left_child=3 2 -2 4 5 -1
right_child=1 -3 -4 -5 -6 -7
leaf_value=-0.69941390272818116 0.47400089119059535 0.027369345531446793 1.7243267242725078 0.027369345531446793 0.027369345531446793 -0.19202227945555933
leaf_weight=113 51 46 51 2483 331 127
leaf_count=113 51 46 51 2483 331 127
internal_value=0.0540202 0.60009 1.10984 0.0273693 -0.1451 -0.43283
internal_weight=3202 148 102 3054 571 240
internal_count=3202 148 102 3054 571 240
is_linear=0
shrinkage=0.03


Tree=216
num_leaves=7
num_cat=0
split_feature=0 3 2 3 8 7
split_gain=56080.6 68859.2 24304.7 26750.5 23271.8 20955.9
threshold=244.50000000000003 10.500000000000002 -31.490810036659237 6.5000000000000009 16.958333333343038 0.93246094195461293
decision_type=2 10 8 10 2 8
left_child=2 -2 3 5 -3 -1
right_child=1 4 -4 -5 -6 -7
leaf_value=-0.59467328879621717 -0.009169123476215171 0.56355650679705893 -0.009169123476215171 -0.055151323882989919 1.3812107495130119 -0.009169123476215171
leaf_weight=185 143 72 2265 494 58 55
leaf_count=185 143 72 2265 494 58 55
internal_value=0.0283633 0.439199 -0.00916912 -0.181683 0.936115 -0.440818
internal_weight=3272 273 2999 734 130 240
internal_count=3272 273 2999 734 130 240
is_linear=0
shrinkage=0.03


Tree=217
num_leaves=7
num_cat=0
split_feature=0 5 2 7 0 4
split_gain=52965 61169.3 37303.5 41423.1 17044.8 27346.2
threshold=244.50000000000003 -127.6802064180374 185.33028006553653 0.92407888788426773 -23.499999999999996 4.8431055827699572
decision_type=2 10 8 10 2 10
left_child=4 2 3 -2 5 -1
right_child=1 -3 -4 -5 -6 -7
leaf_value=-0.067272876514025692 -0.0021606364281940918 -0.0021606364281940918 1.3040860431258741 1.0795219919898291 -0.0021606364281940918 -0.5663547161603586
leaf_weight=638 48 93 73 43 2194 116
leaf_count=638 48 93 73 43 2194 116
internal_value=0.0339115 0.446092 0.80272 0.390723 -0.00216064 -0.144703
internal_weight=3205 257 164 91 2948 754
internal_count=3205 257 164 91 2948 754
is_linear=0
shrinkage=0.03


Tree=218
num_leaves=7
num_cat=0
split_feature=4 1 6 7 8 8
split_gain=38244.1 34684.5 32603.1 17207.2 26079.6 17019.9
threshold=7.7119058433441703 164.96339726448062 0.22363636363636366 0.92016994234099159 17.125000000000004 5.9583333333430355
decision_type=10 10 10 10 2 2
left_child=1 5 -3 4 -4 -1
right_child=-2 2 3 -5 -6 -7
leaf_value=-0.26497668756071918 0.7415150507046625 -0.030655577517628086 -0.030655577517628086 0.67133407665454603 0.76159055557250976 -0.030655577517628086
leaf_weight=278 64 93 92 146 49 2485
leaf_count=278 64 93 92 146 49 2485
internal_value=0.0212335 0.00633543 0.274673 0.443916 0.205364 -0.0306556
internal_weight=3207 3143 380 287 141 2763
internal_count=3207 3143 380 287 141 2763
is_linear=0
shrinkage=0.03


Tree=219
num_leaves=7
num_cat=0
split_feature=2 8 7 8 2 5
split_gain=46364.5 43414.2 41577.7 32161.5 27207 19801
threshold=96.175280570983901 10.041666666656967 0.72609591056193012 11.375000000000002 258.04068112373358 1337.7128226757052
decision_type=10 2 10 2 10 8
left_child=-1 -2 -3 -4 5 -5
right_child=1 2 3 4 -6 -7
leaf_value=-0.0086760593263844402 -0.0086760593263844402 -0.0086760593263844402 1.0884870556238535 0.74218810929916801 0.86507217619816468 0.14958883946478368
leaf_weight=2603 143 47 73 63 89 249
leaf_count=2603 143 47 73 63 89 249
internal_value=0.0484352 0.271998 0.409906 0.512214 0.40486 0.271237
internal_weight=3267 664 521 474 401 312
internal_count=3267 664 521 474 401 312
is_linear=0
shrinkage=0.03


Tree=220
num_leaves=7
num_cat=0
split_feature=7 3 1 6 2 6
split_gain=39196.8 61607 35122.8 32612.1 32187.3 27791.2
threshold=0.90079490252980887 10.500000000000002 -92.866196453571305 23.998000000000005 320.95108258724218 27.955371315192746
decision_type=8 10 8 10 8 8
left_child=2 3 -1 -2 -5 -4
right_child=1 -3 5 4 -6 -7
leaf_value=-0.40002254706162671 0.01784083156412478 0.58286161536384096 0.086235165424593557 -0.022394781042547784 0.99657263926097317 -0.2434928934294896
leaf_weight=272 1572 223 724 50 62 336
leaf_count=272 1572 223 724 50 62 336
internal_value=0.0282481 0.115444 -0.0965812 0.0532377 0.545504 -0.0184134
internal_weight=3239 1907 1332 1684 112 1060
internal_count=3239 1907 1332 1684 112 1060
is_linear=0
shrinkage=0.03


Tree=221
num_leaves=7
num_cat=0
split_feature=0 3 7 0 6 7
split_gain=41310.1 65147.4 13097.1 12930.1 33020.4 14606.7
threshold=253.50000000000003 10.500000000000002 0.9384930643127366 -41.499999999999993 17.918155111633379 0.88910093299406279
decision_type=2 10 10 2 10 10
left_child=3 2 -2 4 5 -1
right_child=1 -3 -4 -5 -6 -7
leaf_value=-0.25224040566059536 0.011034620909827533 0.94188258447145157 0.56057708074406876 0.011034620909827533 -0.60973077516967678 0.011034620909827533
leaf_weight=196 83 113 40 2407 105 263
leaf_count=196 83 113 40 2407 105 263
internal_value=0.0414441 0.422606 0.0110346 0.0110346 -0.132481 -0.0222183
internal_weight=3207 236 123 2971 564 459
internal_count=3207 236 123 2971 564 459
is_linear=0
shrinkage=0.03


Tree=222
num_leaves=7
num_cat=0
split_feature=0 6 2 7 0 4
split_gain=45197.1 38185.2 52467.6 32698.7 25119.3 22762.8
threshold=306.50000000000006 14.790491118077325 126.3981422185898 0.96852869806368547 -29.499999999999996 7.7119058433441703
decision_type=2 8 10 10 2 8
left_child=1 2 -1 -4 -3 -6
right_child=-2 4 3 -5 5 -7
leaf_value=0.013708830561474808 0.53533283452192937 -0.35519110236949514 0.53533283452192937 0.013708830561474808 -0.087237854640930895 0.47870084808153263
leaf_weight=1324 143 317 223 56 1079 67
leaf_count=1324 143 317 223 56 1079 67
internal_value=0.0159003 -0.00849297 0.0926235 0.465728 -0.119273 -0.0537622
internal_weight=3209 3066 1603 279 1463 1146
internal_count=3209 3066 1603 279 1463 1146
is_linear=0
shrinkage=0.03


Tree=223
num_leaves=7
num_cat=0
split_feature=3 0 3 5 8 7
split_gain=49625.2 44115.1 45132 29709.5 30608.7 25979.5
threshold=7.5000000000000009 115.50000000000001 12.500000000000002 13002.256563663484 16.791666666656969 0.91897362949994543
decision_type=8 2 10 8 2 10
left_child=3 -2 5 -1 -5 -3
right_child=1 2 -4 4 -6 -7
leaf_value=-0.0073521419782792367 0.013514641674011139 0.013514641674011139 1.0250247456816337 -0.50186288535787216 -0.037748612467556779 0.42382868700852505
leaf_weight=650 1477 243 71 309 218 271
leaf_count=650 1477 243 71 309 218 271
internal_value=0.0122035 0.100906 0.321152 -0.14315 -0.310311 0.222123
internal_weight=3239 2062 585 1177 527 514
internal_count=3239 2062 585 1177 527 514
is_linear=0
shrinkage=0.03


Tree=224
num_leaves=7
num_cat=0
split_feature=2 8 8 3 4 8
split_gain=44364 47289.9 56699.2 44806.1 26933.5 34351.6
threshold=-23.979537367820736 21.041666666656969 23.208333333343038 8.5000000000000018 7.7900058994247265 5.9583333333430355
decision_type=8 2 2 10 10 2
left_child=-1 4 3 -3 5 -2
right_child=1 2 -4 -5 -6 -7
leaf_value=-0.16749678152384637 -0.16749678152384637 0.067009995073773129 -0.1192013269221341 1.2453673458013095 0.78457973319021135 0.08613187466091865
leaf_weight=789 305 42 80 94 43 1854
leaf_count=789 305 42 80 94 43 1854
internal_value=0.0277031 0.0914402 0.513991 0.884608 0.0497766 0.0347854
internal_weight=3207 2418 216 136 2202 2159
internal_count=3207 2418 216 136 2202 2159
is_linear=0
shrinkage=0.03


Tree=225
num_leaves=7
num_cat=0
split_feature=0 5 2 8 2 8
split_gain=46531.8 90705.9 34707.4 18175.2 16657.5 26960.5
threshold=306.50000000000006 -73.287923455238328 174.20591855049136 5.9583333333430355 -66.19492137432097 19.375000000000004
decision_type=2 10 8 2 8 2
left_child=3 2 -2 -1 5 -5
right_child=1 -3 -4 4 -6 -7
leaf_value=-0.20842932394455072 0.5755062305075781 0.006835985995876169 1.6897973687308174 -0.057555088626626165 0.006835985995876169 -0.581209820571153
leaf_weight=352 55 54 48 385 2235 114
leaf_count=352 55 54 48 385 2235 114
internal_value=0.0325473 0.534688 1.10604 0.00683599 0.00683599 -0.178111
internal_weight=3243 157 103 3086 2734 499
internal_count=3243 157 103 3086 2734 499
is_linear=0
shrinkage=0.03


Tree=226
num_leaves=7
num_cat=0
split_feature=4 6 0 4 0 1
split_gain=41608.1 38349.3 34085 30131.9 32466.5 23393
threshold=7.7119058433441703 14.890813464235624 271.50000000000006 4.3158731852913208 90.500000000000014 68.514469424883529
decision_type=10 8 2 10 2 8
left_child=1 3 -3 5 -5 -1
right_child=-2 2 -4 4 -6 -7
leaf_value=-0.096877752241708373 0.7514381495999618 -0.13252435850979979 0.47337674206897112 0.1293214593202103 0.67592907148276926 0.15905251240644319
leaf_weight=592 70 1373 88 261 156 701
leaf_count=592 70 1373 88 261 156 701
internal_value=0.0331905 0.0171032 -0.0957305 0.113506 0.334936 0.0418905
internal_weight=3241 3171 1461 1710 417 1293
internal_count=3241 3171 1461 1710 417 1293
is_linear=0
shrinkage=0.03


Tree=227
num_leaves=7
num_cat=0
split_feature=0 6 2 7 7 2
split_gain=39607.3 28434.8 26801.9 19493.5 28934.9 19228.3
threshold=306.50000000000006 11.900914149443564 -23.979537367820736 0.80744827586206902 0.89537316337452577 -61.883032679557793
decision_type=2 10 8 10 10 10
left_child=2 -2 3 -1 5 -5
right_child=1 -3 -4 4 -6 -7
leaf_value=0.044971775907865712 0.044971775907865712 0.85583298975771116 0.044971775907865712 -0.58493750630138075 -0.048107139085851063 -0.023605904960632324
leaf_weight=98 70 87 2278 213 409 74
leaf_count=98 70 87 2278 213 409 74
internal_value=0.0336524 0.496875 0.00982455 -0.14243 -0.210432 -0.440788
internal_weight=3229 157 3072 794 696 287
internal_count=3229 157 3072 794 696 287
is_linear=0
shrinkage=0.03


Tree=228
num_leaves=7
num_cat=0
split_feature=8 3 7 8 2 8
split_gain=53340 59143.5 38321.2 41668.7 28970.4 28868
threshold=20.958333333343038 10.500000000000002 0.90345893141945788 23.208333333343038 -64.976182818412767 17.875000000000004
decision_type=2 10 10 2 10 2
left_child=4 2 -2 -4 -1 -6
right_child=1 -3 3 -5 5 -7
leaf_value=-0.1059949841816195 -0.57729906479517623 0.97840846817427818 0.83432985259906245 -0.2202748395282714 0.15135838412156541 -0.1059949841816195
leaf_weight=1288 53 108 75 60 1286 353
leaf_count=1288 53 108 75 60 1286 353
internal_value=0.0392982 0.422373 0.0994611 0.367443 0.000427792 0.0840732
internal_weight=3223 296 188 135 2927 1639
internal_count=3223 296 188 135 2927 1639
is_linear=0
shrinkage=0.03


Tree=229
num_leaves=7
num_cat=0
split_feature=8 2 8 8 8 7
split_gain=42659.7 58196.3 44706.8 43811.5 43369.1 50886.4
threshold=20.458333333343038 120.22161948680879 23.125000000000004 19.375000000000004 15.708333333343036 0.91852892218060767
decision_type=2 8 2 2 2 10
left_child=3 -2 -3 4 -1 -6
right_child=1 2 -4 -5 5 -7
leaf_value=-0.051776614655036385 -0.025926903283180192 1.0222051990219927 0.06342175009057803 -0.4505901087319944 0.0075836671282268446 0.54191216714277413
leaf_weight=1967 214 126 67 191 387 273
leaf_count=1967 214 126 67 191 387 273
internal_value=0.0283866 0.315094 0.691406 -0.0131193 0.018847 0.229087
internal_weight=3225 407 193 2818 2627 660
internal_count=3225 407 193 2818 2627 660
is_linear=0
shrinkage=0.03


Tree=230
num_leaves=7
num_cat=0
split_feature=0 5 0 8 0 4
split_gain=47621.3 91575.8 33805.5 29548 10900.5 28452.4
threshold=244.50000000000003 -87.972833991050706 357.50000000000006 16.625000000000004 -23.499999999999996 4.9453540648246426
decision_type=2 10 2 2 2 10
left_child=4 2 3 -2 5 -1
right_child=1 -3 -4 -5 -6 -7
leaf_value=-0.051515477323890627 0.066349623491024134 -0.010464792986670322 1.4442066551467119 1.0423060899756171 -0.010464792986670322 -0.58751131544956592
leaf_weight=664 57 97 58 54 2204 102
leaf_count=664 57 97 58 54 2204 102
internal_value=0.0240324 0.407805 0.861078 0.546206 -0.0104648 -0.123561
internal_weight=3236 266 169 111 2970 766
internal_count=3236 266 169 111 2970 766
is_linear=0
shrinkage=0.03


Tree=231
num_leaves=7
num_cat=0
split_feature=4 0 4 7 0 6
split_gain=40344.3 35088.7 54750.6 17562.5 15794.5 14531.2
threshold=7.7119058433441703 244.50000000000003 3.7023196081384389 0.93807416772018548 357.50000000000006 14.790491118077325
decision_type=10 2 10 10 2 8
left_child=1 5 3 -3 -4 -1
right_child=-2 2 4 -5 -6 -7
leaf_value=-0.015649777599269506 0.72227868420046726 -0.015649777599269506 0.53254202390870742 0.58231079616445169 1.2310708023707071 -0.11209562823499632
leaf_weight=1572 73 83 92 46 44 1405
leaf_count=1572 73 83 92 46 44 1405
internal_value=0.0296561 0.0138424 0.34397 -0.0156498 0.765873 -0.0156498
internal_weight=3315 3242 265 129 136 2977
internal_count=3315 3242 265 129 136 2977
is_linear=0
shrinkage=0.03


Tree=232
num_leaves=7
num_cat=0
split_feature=2 8 8 6 2 3
split_gain=46334 51602.9 50044.8 24726.8 15255 23512.6
threshold=116.73400104045869 10.041666666656967 11.625000000000002 14.563822115384619 -126.17252719402312 6.5000000000000009
decision_type=10 2 2 8 8 10
left_child=4 -2 -3 -4 5 -1
right_child=1 2 3 -5 -6 -7
leaf_value=-0.61481992638226857 -0.032799276348206216 1.2035556018535907 0.51736276399976799 0.031493346019272214 -0.032799276348206216 -0.036236365688118062
leaf_weight=102 116 64 211 170 2399 164
leaf_count=102 116 64 211 170 2399 164
internal_value=0.0193916 0.266939 0.433402 0.301221 -0.0327993 -0.259571
internal_weight=3226 561 445 381 2665 266
internal_count=3226 561 445 381 2665 266
is_linear=0
shrinkage=0.03


Tree=233
num_leaves=7
num_cat=0
split_feature=3 0 5 5 1 7
split_gain=41106.4 37832.3 49327.1 26981.2 35008.6 27620.8
threshold=8.5000000000000018 241.50000000000003 -87.972833991050706 12242.460267901422 -135.1711645523707 0.92051594668735637
decision_type=8 2 10 8 10 8
left_child=3 -2 -3 -1 5 -5
right_child=1 2 -4 4 -6 -7
leaf_value=0.064449310452919295 0.087583184583422583 0.80172754434550675 0.087583184583422583 -0.60750041544469946 -0.046707823731945437 -0.046707823731945437
leaf_weight=761 1357 163 42 228 625 81
leaf_count=761 1357 163 42 228 625 81
internal_value=0.0341837 0.145161 0.52402 -0.0681107 -0.176071 -0.436733
internal_weight=3257 1562 205 1695 934 309
internal_count=3257 1562 205 1695 934 309
is_linear=0
shrinkage=0.03


Tree=234
num_leaves=7
num_cat=0
split_feature=8 3 7 2 7 8
split_gain=41141.6 58115.8 38029.8 29340.8 25321.1 31295.8
threshold=20.958333333343038 10.500000000000002 0.91280560524746579 65.219546675682082 0.89483923817325428 9.2916666666569672
decision_type=2 10 10 8 8 2
left_child=4 2 -2 -3 5 -1
right_child=1 3 -4 -5 -6 -7
leaf_value=0.1427966974672551 -0.46704875068118173 0.28109000374631188 0.39859361199617382 1.3030448008049278 0.098172934450973609 -0.20046566939478469
leaf_weight=359 71 40 124 71 1841 711
leaf_count=359 71 40 124 71 1841 711
internal_value=0.0655843 0.395898 0.0826362 0.940571 0.0307383 -0.0852705
internal_weight=3217 306 195 111 2911 1070
internal_count=3217 306 195 111 2911 1070
is_linear=0
shrinkage=0.03


Tree=235
num_leaves=7
num_cat=0
split_feature=2 7 7 0 5 4
split_gain=43303.1 47813.2 62709.1 30754.5 24894.2 13035.1
threshold=96.175280570983901 0.93717046238785384 0.92316915698210678 132.50000000000003 1337.7128226757052 4.1116967280546719
decision_type=10 10 10 2 8 10
left_child=-1 2 3 4 -2 -4
right_child=1 -3 5 -5 -6 -7
leaf_value=-0.024075420693339823 0.5876158670336008 -0.024075420693339823 1.18705648133334 0.73581768438816064 -0.024075420693339823 0.56487897411832266
leaf_weight=2572 63 177 84 74 213 52
leaf_count=2572 63 177 84 74 213 52
internal_value=0.0316759 0.247665 0.410715 0.197094 0.0505187 0.955025
internal_weight=3235 663 486 350 276 136
internal_count=3235 663 486 350 276 136
is_linear=0
shrinkage=0.03


Tree=236
num_leaves=7
num_cat=0
split_feature=8 3 4 3 8 6
split_gain=53487.1 70907 24334.4 22614.2 36198.7 22590.8
threshold=20.958333333343038 10.500000000000002 7.7900058994247265 7.5000000000000009 5.9583333333430355 2.9272486772486777
decision_type=2 10 10 8 2 8
left_child=2 -2 3 5 -5 -1
right_child=1 -3 -4 4 -6 -7
leaf_value=0.12378804783995558 0.043308175166921786 0.98081740639977544 0.64395395232439046 -0.28302802431662721 0.097899271842595864 -0.20220253920855205
leaf_weight=245 189 117 49 262 1534 863
leaf_count=245 189 117 49 262 1534 863
internal_value=0.0269174 0.403795 -0.0122595 -0.0235498 0.0422031 -0.130073
internal_weight=3259 306 2953 2904 1796 1108
internal_count=3259 306 2953 2904 1796 1108
is_linear=0
shrinkage=0.03


Tree=237
num_leaves=7
num_cat=0
split_feature=2 6 2 1 3 1
split_gain=28744.7 29749.9 25648.7 18270.8 27262.3 16242
threshold=84.457507848739638 14.790491118077325 215.24772834777835 -69.079851746559129 7.5000000000000009 147.26153222719833
decision_type=10 8 10 8 10 10
left_child=3 2 -2 4 -1 -4
right_child=1 -3 5 -5 -6 -7
leaf_value=-0.36068952055163467 0.21598657332316529 -0.016538194527837266 0.24100982365084855 -0.016538194527837266 -0.016538194527837266 0.99712175607681264
leaf_weight=345 336 289 40 1981 174 74
leaf_count=345 336 289 40 1981 174 74
internal_value=0.0320708 0.196313 0.34912 -0.0165382 -0.194367 0.736222
internal_weight=3239 739 450 2500 519 114
internal_count=3239 739 450 2500 519 114
is_linear=0
shrinkage=0.03


Tree=238
num_leaves=7
num_cat=0
split_feature=0 5 2 0 5 3
split_gain=31364.5 82248.3 26781.6 13382.3 35409.3 32484.7
threshold=244.50000000000003 -87.972833991050706 185.33028006553653 -23.499999999999996 7744.7163704633722 5.5000000000000009
decision_type=2 10 8 2 8 10
left_child=3 2 -2 4 -1 -6
right_child=1 -3 -4 -5 5 -7
leaf_value=0.0011674355771791125 0.43492841579516722 0.0011674355771791125 1.2069465517378473 0.0011674355771791125 -0.91349612764336841 -0.19935009509725954
leaf_weight=228 89 99 76 2220 65 445
leaf_count=228 89 99 76 2220 65 445
internal_value=0.0291792 0.34185 0.795653 0.00116744 -0.126495 -0.291978
internal_weight=3222 264 165 2958 738 510
internal_count=3222 264 165 2958 738 510
is_linear=0
shrinkage=0.03


Tree=239
num_leaves=7
num_cat=0
split_feature=8 3 6 8 0 8
split_gain=29235.7 55229.5 24936.6 31150.1 44166.9 27572.7
threshold=20.958333333343038 10.500000000000002 14.222500000000002 10.541666666656967 79.500000000000014 5.9583333333430355
decision_type=2 10 8 2 2 2
left_child=2 -2 -1 4 -4 -6
right_child=1 -3 3 -5 5 -7
leaf_value=0.082742576935450299 0.0068529644401110314 0.86449850007891649 -0.076551629925825607 -0.20353856564081804 -0.076551629925825607 0.7805465661476706
leaf_weight=1456 193 103 427 891 44 106
leaf_count=1456 193 103 427 891 44 106
internal_value=0.0236048 0.307196 -0.0051987 -0.0924181 0.0792288 0.520254
internal_weight=3220 296 2924 1468 577 150
internal_count=3220 296 2924 1468 577 150
is_linear=0
shrinkage=0.03


Tree=240
num_leaves=7
num_cat=0
split_feature=8 3 8 2 5 2
split_gain=43394.7 43380.4 30423.4 20275.1 49800.7 47449.7
threshold=21.041666666656969 10.500000000000002 22.875000000000004 14.02430033683777 1337.7128226757052 149.51875150203708
decision_type=2 10 2 10 8 10
left_child=3 -2 -3 -1 5 -5
right_child=1 2 -4 4 -6 -7
leaf_value=-0.069919502641923259 0.10583087034739595 1.3218708585480512 0.24288202085146088 0.24952387552510233 -0.011396859525127357 1.2685183363140753
leaf_weight=1807 180 58 40 187 889 52
leaf_count=1807 180 58 40 187 889 52
internal_value=0.0263498 0.383885 0.888369 -0.00763478 0.0921158 0.475592
internal_weight=3213 278 98 2935 1128 239
internal_count=3213 278 98 2935 1128 239
is_linear=0
shrinkage=0.03


Tree=241
num_leaves=7
num_cat=0
split_feature=3 0 3 7 4 7
split_gain=35020.9 31828.1 25601.7 23684.7 25359.7 18004.6
threshold=7.5000000000000009 170.50000000000003 11.500000000000002 0.89537316337452577 4.8265514516464005 0.91982127219170462
decision_type=8 2 10 8 10 10
left_child=3 -2 5 4 -1 -3
right_child=1 2 -4 -5 -6 -7
leaf_value=-0.19163037193274235 0.062442456331785488 0.062442456331785488 0.74677841188633343 0.010301922333665132 -0.96456431100534834 0.45458911962594306
leaf_weight=352 1639 122 112 757 42 139
leaf_count=352 1639 122 112 757 42 139
internal_value=0.0439875 0.119468 0.369208 -0.0879453 -0.276258 0.204953
internal_weight=3163 2012 373 1151 394 261
internal_count=3163 2012 373 1151 394 261
is_linear=0
shrinkage=0.03


Tree=242
num_leaves=7
num_cat=0
split_feature=3 7 7 2 7 2
split_gain=32309.7 39358.8 36173.4 23896.5 22839.6 17108.6
threshold=10.500000000000002 0.89682317346481411 0.97115317939116574 73.61736369132997 0.91386663799437318 -126.17252719402312
decision_type=8 10 10 8 8 10
left_child=4 -2 3 -3 5 -1
right_child=1 2 -4 -5 -6 -7
leaf_value=-0.26820212187409836 0.018991254345511559 0.21175361733436585 -0.12941346266995304 0.87196715345277498 0.071234406137094475 -0.032178838690081486
leaf_weight=407 400 74 68 152 1285 858
leaf_count=407 400 74 68 152 1285 858
internal_value=0.0315925 0.212919 0.475807 0.657676 -0.0178207 -0.108269
internal_weight=3244 694 294 226 2550 1265
internal_count=3244 694 294 226 2550 1265
is_linear=0
shrinkage=0.03


Tree=243
num_leaves=7
num_cat=0
split_feature=3 6 7 2 6 4
split_gain=34532.6 33346.2 28206.9 28096.9 25967.5 23247
threshold=7.5000000000000009 9.1858957219251351 0.95958284613797384 114.58627951145174 27.955371315192746 5.4024573128230342
decision_type=8 8 10 10 10 10
left_child=1 3 5 -1 -2 -3
right_child=4 2 -4 -5 -6 -7
leaf_value=0.022245864652369808 0.11961977510315153 -0.23294824773207642 0.36806907355785368 0.82186456839243571 -0.29550031758334538 -0.8988045367072609
leaf_weight=327 1916 664 65 44 145 50
leaf_count=327 1916 664 65 44 145 50
internal_value=0.0168093 -0.114836 -0.226227 0.119034 0.0902852 -0.280769
internal_weight=3211 1150 779 371 2061 714
internal_count=3211 1150 779 371 2061 714
is_linear=0
shrinkage=0.03


Tree=244
num_leaves=7
num_cat=0
split_feature=0 5 2 0 6 8
split_gain=48854 76077.7 28623.2 17917.1 29756.8 16426.4
threshold=306.50000000000006 -73.287923455238328 174.20591855049136 -23.499999999999996 15.955011655011656 11.541666666656967
decision_type=2 10 8 2 8 2
left_child=3 2 -2 4 -1 -6
right_child=1 -3 -4 -5 5 -7
leaf_value=0.0064706981455600714 0.53382946750696969 0.0077232907118607447 1.5507720864044043 0.0077232907118607447 -0.072248242306709287 -0.55369844770480914
leaf_weight=473 50 47 52 2375 99 180
leaf_count=473 50 47 52 2375 99 180
internal_value=0.0330954 0.561969 1.06229 0.00772329 -0.138615 -0.383729
internal_weight=3276 149 102 3127 752 279
internal_count=3276 149 102 3127 752 279
is_linear=0
shrinkage=0.03


Tree=245
num_leaves=7
num_cat=0
split_feature=8 4 0 8 7 8
split_gain=37971.1 51741.6 71769.5 44973 39932.9 32362.6
threshold=15.708333333343036 4.4274824289109782 -28.499999999999996 17.291666666656969 0.87204651162790714 11.625000000000002
decision_type=2 8 2 2 10 2
left_child=5 3 -3 4 -2 -1
right_child=1 2 -4 -5 -6 -7
leaf_value=0.049677931595020569 -0.31899965727294327 -0.40211919772624966 0.6661291241398285 -0.076948549535914915 0.64245178212305742 -0.1964560654950798
leaf_weight=1299 50 69 300 675 166 762
leaf_count=1299 50 69 300 675 166 762
internal_value=0.0379425 0.167613 0.465828 0.0437256 0.419449 -0.0413747
internal_weight=3321 1260 369 891 216 2061
internal_count=3321 1260 369 891 216 2061
is_linear=0
shrinkage=0.03


Tree=246
num_leaves=7
num_cat=0
split_feature=7 2 2 7 1 3
split_gain=37347.3 34000.2 31296.5 32059.9 50231.1 48748.1
threshold=0.89763239002521722 -80.45726633071898 88.505683779716506 0.96730499053203844 89.314145922660842 9.5000000000000018
decision_type=8 8 8 10 10 8
left_child=1 -1 -2 4 5 -4
right_child=2 -3 3 -5 -6 -7
leaf_value=-0.40745989806134747 -0.016938558962879581 -0.023443113023936282 -0.016938558962879581 -0.016938558962879581 0.6274446582246429 0.57190372450829108
leaf_weight=264 991 957 372 209 286 161
leaf_count=264 991 957 372 209 286 161
internal_value=0.0241829 -0.106739 0.103372 0.219257 0.3074 0.134815
internal_weight=3240 1221 2019 1028 819 533
internal_count=3240 1221 2019 1028 819 533
is_linear=0
shrinkage=0.03


Tree=247
num_leaves=7
num_cat=0
split_feature=3 8 0 7 7 8
split_gain=34606.4 37600.3 34653.9 37643 32167.8 28063.9
threshold=7.5000000000000009 5.9583333333430355 306.50000000000006 0.92051594668735637 0.93773606419520827 8.7083333333430364
decision_type=8 2 2 10 10 2
left_child=5 4 -3 -4 -2 -1
right_child=1 2 3 -5 -6 -7
leaf_value=0.25449998683958164 -0.047861597548710971 0.11182859097287792 0.13292776657329475 1.2272333463033041 -0.79971495792047298 -0.16615222768139989
leaf_weight=165 218 1686 60 53 66 1021
leaf_count=165 218 1686 60 53 66 1021
internal_value=0.0218382 0.0954757 0.14613 0.652449 -0.224781 -0.107465
internal_weight=3269 2083 1799 113 284 1186
internal_count=3269 2083 1799 113 284 1186
is_linear=0
shrinkage=0.03


Tree=248
num_leaves=7
num_cat=0
split_feature=4 7 4 4 6 6
split_gain=33451.6 22182.9 26628.2 41315.5 29521 20272.6
threshold=7.7119058433441703 0.91425346662366991 3.7184856092209198 3.5445354456074054 20.409673659673661 23.998000000000005
decision_type=10 10 8 10 10 10
left_child=1 2 3 -1 -4 -3
right_child=-2 5 4 -5 -6 -7
leaf_value=-0.11700308499535234 0.656692300169049 0.067864765793960377 0.1316381259608301 -0.81765161687551546 -0.26577288395118548 0.5349660625886381
leaf_weight=640 73 1395 736 85 217 88
leaf_count=640 73 1395 736 85 217 88
internal_value=0.0261849 0.0114209 -0.0632747 -0.200161 0.0409631 0.095924
internal_weight=3234 3161 1678 725 953 1483
internal_count=3234 3161 1678 725 953 1483
is_linear=0
shrinkage=0.03


Tree=249
num_leaves=7
num_cat=0
split_feature=8 8 3 7 4 7
split_gain=29689.1 59528.8 66053.8 39233.3 47195.3 37288.9
threshold=15.708333333343036 17.458333333343038 10.500000000000002 0.91335958005249351 4.5229040216952088 0.92357745942400082
decision_type=2 2 10 10 10 10
left_child=-1 5 3 -3 -5 -2
right_child=1 2 -4 4 -6 -7
leaf_value=-0.05906807443241531 0.23783910519220458 -0.34442400845869031 0.50253248468511991 -0.086166093631957971 0.73360015259848699 0.91044446008879198
leaf_weight=2000 212 366 189 287 80 114
leaf_count=2000 212 366 189 287 80 114
internal_value=0.0125728 0.127337 0.00399062 -0.125065 0.0940374 0.47511
internal_weight=3248 1248 922 733 367 326
internal_count=3248 1248 922 733 367 326
is_linear=0
shrinkage=0.03


Tree=250
num_leaves=7
num_cat=0
split_feature=8 3 7 8 7 8
split_gain=44235.8 45946.1 41901.5 25917.3 24859.7 38906.4
threshold=21.041666666656969 10.500000000000002 0.90612981654755775 22.875000000000004 0.90660995630875163 15.708333333343036
decision_type=2 10 10 2 10 2
left_child=4 2 -2 -3 -1 -6
right_child=1 3 -4 -5 5 -7
leaf_value=-0.10000281692028259 -0.56054604291915888 1.3212867849751522 0.39692252122413585 0.33553872963244263 -0.023793900387744378 0.30230144307729168
leaf_weight=1389 58 56 135 43 1094 470
leaf_count=1389 58 56 135 43 1094 470
internal_value=0.0272064 0.378793 0.10778 0.900771 -0.00767578 0.0743321
internal_weight=3245 292 193 99 2953 1564
internal_count=3245 292 193 99 2953 1564
is_linear=0
shrinkage=0.03


Tree=251
num_leaves=7
num_cat=0
split_feature=8 4 7 1 6 4
split_gain=38950.2 34773.7 34087.9 33470.2 41572.8 21649.6
threshold=20.958333333343038 3.7812589189398098 0.91493668705314846 242.23689432938895 14.73066666666667 7.7119058433441703
decision_type=2 10 10 8 10 10
left_child=5 2 -2 4 -3 -1
right_child=1 3 -4 -5 -6 -7
leaf_value=-0.028202337204951543 -0.67610071739067834 0.90088197046396679 0.35566668444233279 1.0499544008572896 -0.26116032287478447 0.56739386241155443
leaf_weight=2869 48 48 69 80 63 55
leaf_count=2869 48 48 69 80 63 55
internal_value=0.0170357 0.337356 -0.069765 0.585809 0.244901 -0.0168091
internal_weight=3232 308 117 191 111 2924
internal_count=3232 308 117 191 111 2924
is_linear=0
shrinkage=0.03


Tree=252
num_leaves=7
num_cat=0
split_feature=2 7 7 6 0 3
split_gain=42444.9 40101.1 59448.8 39077.2 24637.4 13118.8
threshold=96.175280570983901 0.93626474494180145 0.92316915698210678 8.0451190476190497 132.50000000000003 7.5000000000000009
decision_type=10 10 10 8 2 8
left_child=5 2 3 -2 -5 -1
right_child=1 -3 -4 4 -6 -7
leaf_value=-0.13640521170422656 0.90941564308969591 -0.02849470019500315 0.9576983763710144 -0.02849470019500315 0.6035194240510463 -0.02849470019500315
leaf_weight=1013 56 175 123 231 59 1562
leaf_count=1013 56 175 123 231 59 1562
internal_value=0.0260075 0.243638 0.393905 0.191299 0.0499792 -0.0284947
internal_weight=3219 644 469 346 290 2575
internal_count=3219 644 469 346 290 2575
is_linear=0
shrinkage=0.03


Tree=253
num_leaves=7
num_cat=0
split_feature=2 7 7 6 0 3
split_gain=44815.2 38450.5 48375.9 24622.1 19487 16799.6
threshold=126.3981422185898 0.93451081305884809 0.92316915698210678 8.0451190476190497 162.50000000000003 5.5000000000000009
decision_type=10 10 10 8 2 8
left_child=5 2 3 -2 -5 -1
right_child=1 -3 -4 4 -6 -7
leaf_value=-0.21820720171326485 0.91280337061200822 -0.025225386314743747 1.0328194584846495 -0.0096347304847505342 0.69823929972426835 -0.025225386314743747
leaf_weight=405 41 147 94 188 42 2289
leaf_count=405 41 147 94 188 42 2289
internal_value=0.0237034 0.2807 0.449888 0.244636 0.122092 -0.0252254
internal_weight=3206 512 365 271 230 2694
internal_count=3206 512 365 271 230 2694
is_linear=0
shrinkage=0.03


Tree=254
num_leaves=7
num_cat=0
split_feature=8 2 8 8 8 7
split_gain=42662 69152.4 42029.9 27682.6 68080.6 52190.6
threshold=20.458333333343038 73.61736369132997 23.458333333343038 17.875000000000004 15.708333333343036 0.91943786203264877
decision_type=2 8 2 2 2 10
left_child=3 -2 -3 4 -1 -6
right_child=1 2 -4 -5 5 -7
leaf_value=-0.049628914677602075 -0.13025265456250543 0.88189141610573074 -0.11068718900084495 -0.23159664844731231 0.069145073242690591 0.762567836052916
leaf_weight=1975 177 173 49 461 217 177
leaf_count=1975 177 173 49 461 217 177
internal_value=0.0218192 0.311824 0.663295 -0.0191641 0.0222548 0.381799
internal_weight=3229 399 222 2830 2369 394
internal_count=3229 399 222 2830 2369 394
is_linear=0
shrinkage=0.03


Tree=255
num_leaves=7
num_cat=0
split_feature=3 8 7 0 3 7
split_gain=33013.9 37573.1 37570.8 31415.3 43956.1 27192.2
threshold=7.5000000000000009 6.0416666666569663 0.95958284613797384 306.50000000000006 11.500000000000002 0.93773606419520827
decision_type=8 2 10 2 10 10
left_child=2 5 -1 -3 -5 -2
right_child=1 3 -4 4 -6 -7
leaf_value=-0.18499044312688956 -0.064260543132370174 0.10739820472860279 0.28378363391415018 0.11950452518463134 1.2895900145530701 -0.74756778276484936
leaf_weight=968 219 1663 182 69 49 68
leaf_count=968 219 1663 182 69 49 68
internal_value=0.0181773 0.0898192 -0.11062 0.141165 0.612141 -0.228193
internal_weight=3218 2068 1150 1781 118 287
internal_count=3218 2068 1150 1781 118 287
is_linear=0
shrinkage=0.03


Tree=256
num_leaves=7
num_cat=0
split_feature=8 8 6 0 4 1
split_gain=40551.6 30877.9 25996 24709.1 53674.5 23354.7
threshold=20.958333333343038 23.125000000000004 14.890813464235624 66.500000000000014 3.6530335266702783 310.25014607111615
decision_type=2 2 8 2 10 8
left_child=2 3 -1 -2 -5 -3
right_child=1 5 -4 4 -6 -7
leaf_value=0.067240453090115337 0.18049689088178716 -0.59877818107604974 -0.11197563954877768 0.18049689088178716 1.3389258822557086 0.37927391804928001
leaf_weight=1569 91 44 1358 42 73 42
leaf_count=1569 91 44 1358 42 73 42
internal_value=0.0177606 0.354254 -0.0159178 0.552815 0.843336 -0.122256
internal_weight=3219 292 2927 206 115 86
internal_count=3219 292 2927 206 115 86
is_linear=0
shrinkage=0.03


Tree=257
num_leaves=7
num_cat=0
split_feature=0 5 2 2 4 7
split_gain=30300 78179.9 27233.8 13736 17711.4 11575.4
threshold=306.50000000000006 -73.287923455238328 174.20591855049136 -31.490810036659237 3.7913332120952323 0.86153950216450237
decision_type=2 10 8 8 10 10
left_child=3 2 -2 4 5 -1
right_child=1 -3 -4 -5 -6 -7
leaf_value=0.0066007034233644402 0.49501440037380562 0.0066007034233644402 1.5566089229380831 0.0066007034233644402 0.0066007034233644402 -0.32841246583138378
leaf_weight=61 43 54 46 2347 335 344
leaf_count=61 43 54 46 2347 335 344
internal_value=0.0264449 0.45181 1.0549 0.0066007 -0.122564 -0.257428
internal_weight=3230 143 89 3087 740 405
internal_count=3230 143 89 3087 740 405
is_linear=0
shrinkage=0.03


Tree=258
num_leaves=7
num_cat=0
split_feature=8 3 7 8 8 8
split_gain=28199.5 52868.4 53327.2 28738.9 28393.3 32219.3
threshold=20.458333333343038 10.500000000000002 0.90660995630875163 23.208333333343038 19.375000000000004 15.708333333343036
decision_type=2 10 10 2 2 2
left_child=4 2 -2 -4 5 -1
right_child=1 -3 3 -5 -6 -7
leaf_value=-0.051614107700948271 -0.48570437662303445 0.78042133579484552 0.59726366775242368 -0.20124481883645057 -0.36396515284351366 0.19431883212815546
leaf_weight=1985 111 118 126 59 198 631
leaf_count=1985 111 118 126 59 198 631
internal_value=0.015523 0.246383 0.0315788 0.342891 -0.0185169 0.00775846
internal_weight=3228 414 296 185 2814 2616
internal_count=3228 414 296 185 2814 2616
is_linear=0
shrinkage=0.03


Tree=259
num_leaves=7
num_cat=0
split_feature=3 8 8 4 2 7
split_gain=29525.8 39355.2 49849.8 29164.4 29202 29012.1
threshold=10.500000000000002 20.791666666656969 23.041666666656969 7.4387500938752931 86.263955950737014 0.95788509735878169
decision_type=8 2 2 10 10 10
left_child=3 -2 -3 4 -1 -6
right_child=1 2 -4 -5 5 -7
leaf_value=-0.10666570453922734 0.075942112250043672 1.0789700227975845 -0.13344918362796307 0.68973831478430292 0.24246738385026839 -0.10666570453922734
leaf_weight=1896 567 85 47 48 496 93
leaf_count=1896 567 85 47 48 496 93
internal_value=0.0125663 0.18503 0.649518 -0.0350806 -0.0493529 0.135006
internal_weight=3232 699 132 2533 2485 589
internal_count=3232 699 132 2533 2485 589
is_linear=0
shrinkage=0.03


Tree=260
num_leaves=7
num_cat=0
split_feature=8 2 3 2 5 8
split_gain=44752.5 56576.3 31002.7 21896.9 70724.8 18025
threshold=20.958333333343038 252.31206059455874 11.500000000000002 126.3981422185898 1337.7128226757052 8.9583333333430364
decision_type=2 8 10 10 8 2
left_child=3 2 -2 5 -5 -1
right_child=1 -3 -4 4 -6 -7
leaf_value=0.01527864844898957 -0.14083835378289222 0.88700969368724503 0.76902312722317001 1.0550419564146389 0.01527864844898957 -0.10042385554892788
leaf_weight=680 155 117 42 70 345 1831
leaf_count=680 155 117 42 70 345 1831
internal_value=0.0277457 0.367506 0.0560465 -0.00882832 0.192775 -0.0422113
internal_weight=3240 314 197 2926 415 2511
internal_count=3240 314 197 2926 415 2511
is_linear=0
shrinkage=0.03


Tree=261
num_leaves=7
num_cat=0
split_feature=3 8 8 6 2 5
split_gain=29464.6 44239.7 45939.1 24815.9 34964.2 30152.4
threshold=10.500000000000002 20.541666666656969 23.041666666656969 14.890813464235624 215.24772834777835 500.1004359722138
decision_type=8 2 2 8 10 8
left_child=3 -2 -3 4 -1 -5
right_child=1 2 -4 5 -6 -7
leaf_value=0.012789752315729855 0.072761363129436443 1.0529996956548382 -0.11231383603552113 0.2090961240634725 0.61351336546482571 -0.21235007959887359
leaf_weight=1399 564 92 45 184 92 880
leaf_count=1399 564 92 45 184 92 880
internal_value=0.0185562 0.190702 0.672192 -0.0287305 0.0502429 -0.139341
internal_weight=3256 701 137 2555 1491 1064
internal_count=3256 701 137 2555 1491 1064
is_linear=0
shrinkage=0.03


Tree=262
num_leaves=7
num_cat=0
split_feature=0 5 4 6 0 5
split_gain=33238 52289.7 33900.1 13407.9 24650.6 23066
threshold=271.50000000000006 -73.287923455238328 5.1099871837090509 14.790491118077325 -4.4999999999999991 387.81674873828894
decision_type=2 10 10 10 2 8
left_child=3 2 -2 -1 5 -5
right_child=1 -3 -4 4 -6 -7
leaf_value=0.0076156672322610563 1.2474601854296292 0.0076156672322610563 0.28365768475966019 0.0049218586635188339 0.0049218586635188339 -0.3897899765988817
leaf_weight=1804 67 75 65 58 790 348
leaf_count=1804 67 75 65 58 790 348
internal_value=0.0330451 0.399779 0.778562 0.00761567 -0.0927893 -0.282462
internal_weight=3207 207 132 3000 1196 406
internal_count=3207 207 132 3000 1196 406
is_linear=0
shrinkage=0.03


Tree=263
num_leaves=7
num_cat=0
split_feature=2 8 8 2 8 8
split_gain=26642.8 35990.8 46732 25078.6 21980.1 32791.5
threshold=-23.979537367820736 21.041666666656969 23.125000000000004 73.61736369132997 6.0416666666569663 8.4583333333430364
decision_type=8 2 2 8 2 2
left_child=-1 4 3 -3 -2 -6
right_child=1 2 -4 -5 5 -7
leaf_value=-0.12886540973537988 -0.12886540973537988 0.13350707431172215 -0.12886540973537988 1.0068262288466241 0.34734043859692693 0.018077189156493943
leaf_weight=796 330 42 83 102 328 1578
leaf_count=796 330 42 83 102 328 1578
internal_value=0.021917 0.0706798 0.429745 0.754786 0.0340516 0.0748919
internal_weight=3259 2463 227 144 2236 1906
internal_count=3259 2463 227 144 2236 1906
is_linear=0
shrinkage=0.03


Tree=264
num_leaves=7
num_cat=0
split_feature=0 5 8 7 7 3
split_gain=34789.2 51482.3 37919.9 23791.1 8364.76 19671.8
threshold=244.50000000000003 -87.972833991050706 17.125000000000004 0.92316915698210678 0.99190270128507751 2.5000000000000004
decision_type=2 10 2 10 10 10
left_child=4 2 3 -2 -1 -6
right_child=1 -3 -4 -5 5 -7
leaf_value=0.0099526351586158735 0.0099526351586158735 0.0099526351586158735 1.2155379951816716 0.79782316476106641 -0.65539444176774275 0.0099526351586158735
leaf_weight=2824 49 86 72 47 56 65
leaf_count=2824 49 86 72 47 56 65
internal_value=0.039063 0.37522 0.699504 0.303937 0.00995264 -0.238459
internal_weight=3199 254 168 96 2945 121
internal_count=3199 254 168 96 2945 121
is_linear=0
shrinkage=0.03


Tree=265
num_leaves=7
num_cat=0
split_feature=3 8 6 0 2 2
split_gain=31642.4 65180.5 28711.8 36869 21504.3 19947.1
threshold=10.500000000000002 20.791666666656969 27.955371315192746 47.500000000000007 96.175280570983901 -16.252665519714352
decision_type=10 2 8 2 8 10
left_child=5 2 3 -2 -3 -1
right_child=1 4 -4 -5 -6 -7
leaf_value=-0.080490651100319124 -0.30950018107891081 0.35079205166548488 -0.17646967858005805 0.54555930271381292 1.1814789452778829 0.083628538832189278
leaf_weight=1409 62 47 211 163 73 1263
leaf_count=1409 62 47 211 163 73 1263
internal_value=0.039964 0.245654 0.0745118 0.309616 0.861715 -0.00291259
internal_weight=3228 556 436 225 120 2672
internal_count=3228 556 436 225 120 2672
is_linear=0
shrinkage=0.03


Tree=266
num_leaves=7
num_cat=0
split_feature=0 5 4 8 4 3
split_gain=26760.2 80206 27714 14095.1 17548.6 10702.5
threshold=306.50000000000006 -73.287923455238328 5.1099871837090509 1.7083333333430348 4.1462990685532128 9.5000000000000018
decision_type=2 10 10 2 8 10
left_child=3 2 -2 4 -1 -6
right_child=1 -3 -4 -5 5 -7
leaf_value=-0.68916389594312566 1.4617844778636717 -0.0086477407612078946 0.41646252177482423 -0.0086477407612078946 -0.0086477407612078946 -0.47680109453201291
leaf_weight=60 52 54 42 2940 66 44
leaf_count=60 52 54 42 2940 66 44
internal_value=0.0101659 0.402912 1.00403 -0.00864774 -0.281017 -0.0541882
internal_weight=3258 148 94 3110 170 110
internal_count=3258 148 94 3110 170 110
is_linear=0
shrinkage=0.03


Tree=267
num_leaves=7
num_cat=0
split_feature=4 3 8 7 7 0
split_gain=31922.8 27865.5 38409.5 45614.2 32023 50880.6
threshold=7.7119058433441703 7.5000000000000009 5.9583333333430355 0.93885340395700279 0.91813906058146566 286.50000000000006
decision_type=10 8 2 10 10 2
left_child=1 -1 3 -3 -4 -6
right_child=-2 2 4 -5 5 -7
leaf_value=-0.080648023622778398 0.66914424412054552 -0.005630289499461651 0.042236801171415594 -0.91065795336196664 0.22498026179612027 1.103893413910499
leaf_weight=1187 72 199 1003 66 688 64
leaf_count=1187 72 199 1003 66 688 64
internal_value=0.0488011 0.0346696 0.102439 -0.23361 0.153286 0.301148
internal_weight=3279 3207 2020 265 1755 752
internal_count=3279 3207 2020 265 1755 752
is_linear=0
shrinkage=0.03


Tree=268
num_leaves=7
num_cat=0
split_feature=0 4 8 8 2 6
split_gain=33091.2 64080 51816.9 34861.4 34644 26886.6
threshold=58.500000000000007 4.3418887368256929 16.125000000000004 11.625000000000002 35.838282465934761 8.6755244755244778
decision_type=2 10 2 2 8 10
left_child=-1 3 5 -2 -4 -3
right_child=1 2 4 -5 -6 -7
leaf_value=-0.05345032301262842 0.27974110558528348 0.85983349720637003 0.094155847793672143 -0.05345032301262842 1.1140375485185716 0.059357515384879288
leaf_weight=1923 295 44 40 538 121 236
leaf_count=1923 295 44 40 538 121 236
internal_value=0.0251042 0.143625 0.435595 -0.0112849 0.862796 0.187759
internal_weight=3197 1274 441 833 161 280
internal_count=3197 1274 441 833 161 280
is_linear=0
shrinkage=0.03


Tree=269
num_leaves=7
num_cat=0
split_feature=8 8 2 6 2 8
split_gain=39504.5 38342.2 49578.1 27380.9 30593.7 24168.9
threshold=21.041666666656969 23.125000000000004 73.61736369132997 14.222500000000002 183.26741921901706 19.458333333343038
decision_type=2 2 8 8 10 2
left_child=3 2 -2 4 -1 -5
right_child=1 -3 -4 5 -6 -7
leaf_value=0.057346626246225163 0.11290812386964495 -0.15195073707852252 1.0715709406462046 -0.045256713784602061 0.55968666207546192 -0.45652119312487854
leaf_weight=1318 94 85 100 1367 118 141
leaf_count=1318 94 85 100 1367 118 141
internal_value=0.0376529 0.378168 0.610025 0.0052651 0.098986 -0.0839875
internal_weight=3223 279 194 2944 1436 1508
internal_count=3223 279 194 2944 1436 1508
is_linear=0
shrinkage=0.03


Tree=270
num_leaves=7
num_cat=0
split_feature=8 8 3 7 0 7
split_gain=29420.9 47841.7 50892.9 46581.9 38051.2 34876.8
threshold=15.708333333343036 17.625000000000004 10.500000000000002 0.91852892218060767 122.50000000000001 0.98479065463798299
decision_type=2 2 10 10 2 10
left_child=-1 3 5 -2 -4 -3
right_child=1 2 4 -5 -6 -7
leaf_value=-0.045069604560609787 0.1242833485935933 -0.15647386386599016 0.052347523891231387 0.84092836008965965 0.88729917108385181 0.56757146745920184
leaf_weight=1997 180 646 102 149 94 65
leaf_count=1997 180 646 102 149 94 65
internal_value=0.0261261 0.1411 0.0285312 0.450408 0.455255 -0.0895771
internal_weight=3233 1236 907 329 196 711
internal_count=3233 1236 907 329 196 711
is_linear=0
shrinkage=0.03


Tree=271
num_leaves=7
num_cat=0
split_feature=8 3 7 8 8 7
split_gain=25285.6 52407.1 44372.7 31248.5 33552.4 39432
threshold=20.458333333343038 10.500000000000002 0.90660995630875163 19.375000000000004 15.708333333343036 0.91769798828622362
decision_type=2 10 10 2 2 10
left_child=3 2 -2 4 -1 -6
right_child=1 -3 -4 -5 5 -7
leaf_value=-0.038672741271097648 -0.46982651486992832 0.76016743652343755 0.31956167555676246 -0.37244324875927959 0.010135200997749267 0.48647294582476036
leaf_weight=1948 103 124 166 192 370 270
leaf_count=1948 103 124 166 192 370 270
internal_value=0.0276829 0.252603 0.0166846 -0.00419288 0.0232604 0.211536
internal_weight=3173 393 269 2780 2588 640
internal_count=3173 393 269 2780 2588 640
is_linear=0
shrinkage=0.03


Tree=272
num_leaves=7
num_cat=0
split_feature=3 7 6 2 7 5
split_gain=25192.9 30295.5 26521 35746.5 45788.5 25172.2
threshold=10.500000000000002 0.89682317346481411 13.747340425531917 128.57249844074252 0.96023386373087616 500.1004359722138
decision_type=10 10 8 10 10 8
left_child=2 -2 3 -1 -5 -4
right_child=1 -3 5 4 -6 -7
leaf_value=0.024693928962924817 0.019140260753572964 0.46700991667261937 0.19611762362545077 0.74920354715542292 0.024693928962924817 -0.15573506838171391
leaf_weight=1128 304 245 218 150 55 1115
leaf_count=1128 304 245 218 150 55 1115
internal_value=0.0346313 0.219495 -0.00350503 0.0910815 0.454482 -0.0980889
internal_weight=3215 549 2666 1333 205 1333
internal_count=3215 549 2666 1333 205 1333
is_linear=0
shrinkage=0.03


Tree=273
num_leaves=7
num_cat=0
split_feature=2 7 7 6 4 7
split_gain=25911.7 40773.9 54669.9 44295.7 20375.1 9972.63
threshold=88.505683779716506 0.93717046238785384 0.92502927400468404 1.9732954545454546 4.103933004722145 0.50888991960420549
decision_type=10 10 10 8 10 10
left_child=-1 2 3 -2 -4 -5
right_child=1 -3 4 5 -6 -7
leaf_value=-0.017044721610101739 1.0912654195513045 -0.017044721610101739 1.1766142728924751 -0.017044721610101739 0.35574862604791468 0.17077868252852052
leaf_weight=2518 41 178 79 44 43 317
leaf_count=2518 41 178 79 44 43 317
internal_value=0.0279085 0.188946 0.338929 0.169121 0.892537 0.0616643
internal_weight=3220 702 524 402 122 361
internal_count=3220 702 524 402 122 361
is_linear=0
shrinkage=0.03


Tree=274
num_leaves=7
num_cat=0
split_feature=2 7 7 6 2 1
split_gain=26163.5 31496 51664.8 24400.8 9498.05 11645.5
threshold=100.49009132385255 0.93717046238785384 0.92316915698210678 8.0451190476190497 -66.19492137432097 -219.21171855926511
decision_type=10 10 10 8 8 10
left_child=4 2 3 -2 5 -1
right_child=1 -3 -4 -5 -6 -7
leaf_value=-0.45958571586203062 0.67006261327791783 -0.029599544143537694 0.84840283068214972 0.019196170665779892 -0.029599544143537694 -0.091074762255021577
leaf_weight=93 62 175 122 293 2031 436
leaf_count=93 62 175 122 293 2031 436
internal_value=0.0136262 0.183132 0.318433 0.134432 -0.0295995 -0.156605
internal_weight=3212 652 477 355 2560 529
internal_count=3212 652 477 355 2560 529
is_linear=0
shrinkage=0.03


Tree=275
num_leaves=7
num_cat=0
split_feature=4 8 0 5 8 4
split_gain=26535.1 30685.6 25542.2 74710.8 18962.3 15320.4
threshold=7.7119058433441703 0.5416666666569655 306.50000000000006 -73.287923455238328 5.7083333333430355 5.0570072514145572
decision_type=8 2 2 10 2 10
left_child=1 -1 -3 5 -2 -4
right_child=4 2 3 -5 -6 -7
leaf_value=-0.60785409256390166 0.07700344040989876 0.0075477142103121311 1.3268275419871012 0.0075477142103121311 0.76449640554350773 0.53085698460660324
leaf_weight=69 71 2839 53 54 73 40
leaf_count=69 71 2839 53 54 73 40
internal_value=0.0318593 0.0130343 0.0275804 0.411805 0.428393 0.993764
internal_weight=3199 3055 2986 147 144 93
internal_count=3199 3055 2986 147 144 93
is_linear=0
shrinkage=0.03


Tree=276
num_leaves=7
num_cat=0
split_feature=3 6 7 8 8 1
split_gain=25228.4 27361 30316.7 37699.7 29039.7 28774.9
threshold=9.5000000000000018 14.790491118077325 0.96023386373087616 19.458333333343038 15.791666666656967 -10.47158839305242
decision_type=8 8 8 2 2 10
left_child=1 -1 3 4 5 -3
right_child=-2 2 -4 -5 -6 -7
leaf_value=0.067646133487946111 0.15695231163847009 -0.35441589141792473 0.56375066210241875 -0.62190287894010543 0.24155973542914835 0.10847624692004486
leaf_weight=1253 1024 373 50 149 171 178
leaf_count=1253 1024 373 50 149 171 178
internal_value=0.0342558 -0.0235825 -0.147636 -0.189073 -0.0990125 -0.204953
internal_weight=3198 2174 921 871 722 551
internal_count=3198 2174 921 871 722 551
is_linear=0
shrinkage=0.03


Tree=277
num_leaves=7
num_cat=0
split_feature=0 4 8 1 0 4
split_gain=33005.8 41497.8 39157.7 13614.8 10461.8 20036.4
threshold=244.50000000000003 3.7023196081384389 17.125000000000004 -243.5269594788551 -23.499999999999996 4.9453540648246426
decision_type=2 10 2 8 2 10
left_child=3 -2 -3 -1 5 -5
right_child=1 2 -4 4 -6 -7
leaf_value=-0.41053063056136985 -0.016691740918469315 0.22523176905396694 1.2360862549580633 -0.066764512333273879 -0.016691740918469315 -0.41053063056136985
leaf_weight=78 124 76 63 599 2180 95
leaf_count=78 124 76 63 599 2180 95
internal_value=0.0120438 0.333422 0.688945 -0.0166917 -0.0166917 -0.135153
internal_weight=3215 263 139 2952 2874 694
internal_count=3215 263 139 2952 2874 694
is_linear=0
shrinkage=0.03


Tree=278
num_leaves=7
num_cat=0
split_feature=4 8 0 4 8 7
split_gain=27121.2 26867 28588.4 40377.1 21722.5 15472.1
threshold=7.7119058433441703 0.62500000000000011 244.50000000000003 3.6947734443158482 18.208333333343038 0.93026373215287739
decision_type=10 2 2 10 2 10
left_child=1 -1 -3 5 -5 -4
right_child=-2 2 3 4 -6 -7
leaf_value=-0.57387993688452732 0.59619742201074311 -0.018310457209389005 -0.018310457209389005 0.33325587111459648 1.129131195921647 0.4992382666965326
leaf_weight=72 68 2837 63 70 56 53
leaf_count=72 68 2837 63 70 56 53
internal_value=0.00783137 -0.00505095 0.00843267 0.320731 0.693084 -0.0183105
internal_weight=3219 3151 3079 242 126 116
internal_count=3219 3151 3079 242 126 116
is_linear=0
shrinkage=0.03


Tree=279
num_leaves=7
num_cat=0
split_feature=0 5 4 0 7 3
split_gain=27367 77256.5 27135.6 23791.1 11132.8 14259.9
threshold=253.50000000000003 -87.972833991050706 5.0822380112426382 339.00000000000006 0.99190270128507751 2.5000000000000004
decision_type=2 10 10 2 10 10
left_child=4 2 3 -2 -1 -6
right_child=1 -3 -4 -5 5 -7
leaf_value=0.037620654474884586 0.66652640770782123 0.037620654474884586 0.36615746866572985 1.6905152720074321 -0.61296601679590001 0.037620654474884586
leaf_weight=2831 43 89 65 42 53 68
leaf_count=2831 43 89 65 42 53 68
internal_value=0.0626808 0.370764 0.835667 1.18627 0.0376207 -0.248978
internal_weight=3191 239 150 85 2952 121
internal_count=3191 239 150 85 2952 121
is_linear=0
shrinkage=0.03


Tree=280
num_leaves=7
num_cat=0
split_feature=2 4 0 3 2 4
split_gain=26046.5 29349.5 23017 26488.1 21577 16755.4
threshold=-50.899998784065239 3.6947734443158482 253.50000000000003 10.500000000000002 20.526997685432438 3.3070967370679583
decision_type=8 10 2 10 10 10
left_child=1 5 -2 -4 -5 -1
right_child=2 -3 3 4 -6 -7
leaf_value=-0.18669919527965051 0.072949631252144806 0.072949631252144806 0.077409774035215387 0.36567117661237719 1.2709825201732357 -0.64503504079249174
leaf_weight=218 2399 297 119 59 40 107
leaf_count=218 2399 297 119 59 40 107
internal_value=0.0317986 -0.142555 0.073277 0.380547 0.740506 -0.339113
internal_weight=3239 622 2617 218 99 325
internal_count=3239 622 2617 218 99 325
is_linear=0
shrinkage=0.03


Tree=281
num_leaves=7
num_cat=0
split_feature=8 8 3 7 7 4
split_gain=34979.8 48444.3 60614.9 43094.1 38082.1 36451.7
threshold=15.708333333343036 17.458333333343038 10.500000000000002 0.91852892218060767 0.98479065463798299 4.1462990685532128
decision_type=2 2 10 10 10 10
left_child=-1 3 4 -2 5 -3
right_child=1 2 -4 -5 -6 -7
leaf_value=-0.062688806207855413 0.13307548492490737 -0.31249146095653457 0.50657800001467712 0.82449331949415949 0.6189343524318669 0.15466295560201007
leaf_weight=1924 175 453 190 151 61 224
leaf_count=1924 175 453 190 151 61 224
internal_value=0.0176555 0.140879 0.0302028 0.454875 -0.0929608 -0.157923
internal_weight=3178 1254 928 326 738 677
internal_count=3178 1254 928 326 738 677
is_linear=0
shrinkage=0.03


Tree=282
num_leaves=7
num_cat=0
split_feature=0 5 4 6 6 0
split_gain=33175.7 71005.7 12989.4 5534.06 20318.7 16859.6
threshold=306.50000000000006 -73.287923455238328 5.2063717788134083 14.790491118077325 15.417666666666671 -29.499999999999996
decision_type=2 10 10 8 8 2
left_child=3 2 -2 -1 -5 -6
right_child=1 -3 -4 4 5 -7
leaf_value=0.00063542236749732518 1.2685957074165344 0.00063542236749732518 0.55823112142356957 -0.45181632058951288 -0.24421804366501731 0.00063542236749732518
leaf_weight=1622 57 51 43 108 268 1080
leaf_count=1622 57 51 43 108 268 1080
internal_value=0.0220013 0.454657 0.97169 0.000635422 -0.0578319 -0.0259549
internal_weight=3229 151 100 3078 1456 1348
internal_count=3229 151 100 3078 1456 1348
is_linear=0
shrinkage=0.03


Tree=283
num_leaves=7
num_cat=0
split_feature=3 1 7 7 1 7
split_gain=22259.9 23985.9 21572.9 31250.4 31266.7 30215.5
threshold=7.5000000000000009 -203.65580137570697 0.96300322061191634 0.91943786203264877 89.314145922660842 0.93885340395700279
decision_type=8 8 10 10 8 10
left_child=1 -1 3 -2 5 -5
right_child=2 -3 -4 4 -6 -7
leaf_value=-0.53409937873031155 0.018246184049306141 -0.045491764857398184 -0.22399861768502549 0.2513759237229824 0.45452031759023664 -0.41099253882532533
leaf_weight=98 1213 1047 193 189 374 91
leaf_count=98 1213 1047 193 189 374 91
internal_value=0.0182593 -0.087741 0.0771909 0.108429 0.275413 0.0354097
internal_weight=3205 1145 2060 1867 654 280
internal_count=3205 1145 2060 1867 654 280
is_linear=0
shrinkage=0.03


Tree=284
num_leaves=7
num_cat=0
split_feature=8 3 7 8 3 2
split_gain=25936.8 40931.5 72438.7 31846.8 20110.3 26750
threshold=20.458333333343038 11.500000000000002 0.86264915342168569 19.375000000000004 4.5000000000000009 -33.980303406715386
decision_type=2 10 10 2 10 8
left_child=3 2 -2 -1 -4 -6
right_child=1 -3 4 -5 5 -7
leaf_value=0.018171769699465684 -1.0701578936406544 0.8292004657969918 -0.34348648388211317 -0.37734479028863954 -0.19296298723135677 0.56419171998493889
leaf_weight=2619 41 85 40 196 55 171
leaf_count=2619 41 85 40 196 55 171
internal_value=0.0223784 0.250679 0.0883295 -0.00949108 0.270233 0.37989
internal_weight=3207 392 307 2815 266 226
internal_count=3207 392 307 2815 266 226
is_linear=0
shrinkage=0.03


Tree=285
num_leaves=7
num_cat=0
split_feature=8 2 8 6 8 2
split_gain=30310.3 47291.5 57159.3 23043.6 25737.7 25467.7
threshold=20.458333333343038 120.22161948680879 23.125000000000004 14.890813464235624 19.875000000000004 183.26741921901706
decision_type=2 8 2 8 2 10
left_child=3 -2 -3 5 -5 -1
right_child=1 2 -4 4 -6 -7
leaf_value=0.041969885391201139 -0.036083469733309281 0.99969968442955326 -0.036083469733309281 -0.0673949171065307 -0.7613272051334381 0.50275380927018631
leaf_weight=1400 207 123 66 1280 49 116
leaf_count=1400 207 123 66 1280 49 116
internal_value=0.0318839 0.277443 0.619212 -0.00238132 -0.0935333 0.0775359
internal_weight=3241 396 189 2845 1329 1516
internal_count=3241 396 189 2845 1329 1516
is_linear=0
shrinkage=0.03


Tree=286
num_leaves=7
num_cat=0
split_feature=4 3 0 2 6 2
split_gain=24622.5 24267.2 47962.2 38468.1 19353.8 19450.7
threshold=7.7119058433441703 10.500000000000002 113.50000000000001 42.107160091400154 14.222500000000002 -31.490810036659237
decision_type=10 10 2 8 8 8
left_child=1 4 -3 -4 5 -1
right_child=-2 2 3 -5 -6 -7
leaf_value=-0.13864785622285547 0.58661002871766688 -0.042646941945790065 -0.042646941945790065 0.78066154775244223 -0.10444974934065314 0.12090784785720612
leaf_weight=343 69 303 63 161 1258 1062
leaf_count=343 69 303 63 161 1258 1062
internal_value=0.0300293 0.0178104 0.203608 0.535421 -0.019021 0.0574895
internal_weight=3259 3190 527 224 2663 1405
internal_count=3259 3190 527 224 2663 1405
is_linear=0
shrinkage=0.03


Tree=287
num_leaves=7
num_cat=0
split_feature=0 3 1 7 8 0
split_gain=24717.1 45179.8 9565.77 6094.99 17960.6 5028.79
threshold=306.50000000000006 10.500000000000002 -264.84100000063569 0.99190270128507751 13.208333333343036 -23.499999999999996
decision_type=2 10 8 10 2 2
left_child=2 -2 -1 5 -5 -4
right_child=1 -3 3 4 -6 -7
leaf_value=-0.39925611138343808 -0.010616945063007723 0.92534184603658443 -0.098285157604881643 -0.39925611138343808 -0.010616945063007723 -0.010616945063007723
leaf_weight=56 70 72 695 64 59 2178
leaf_count=56 70 72 695 64 59 2178
internal_value=0.00744139 0.392929 -0.0106169 -0.0106169 -0.224066 -0.0106169
internal_weight=3194 142 3052 2996 123 2873
internal_count=3194 142 3052 2996 123 2873
is_linear=0
shrinkage=0.03


Tree=288
num_leaves=7
num_cat=0
split_feature=8 2 8 0 8 8
split_gain=29037 39998.2 53132.5 45463.8 28372.7 35325.8
threshold=20.458333333343038 107.78255677223207 23.125000000000004 79.500000000000014 19.375000000000004 15.708333333343036
decision_type=2 8 2 2 2 2
left_child=4 -2 3 -3 5 -1
right_child=1 2 -4 -5 -6 -7
leaf_value=-0.043185958355944645 -0.034485253849625586 0.17968637116101321 -0.034485253849625586 1.3412890830848898 -0.35572351416515319 0.21094033762204273
leaf_weight=1972 199 48 70 83 193 655
leaf_count=1972 199 48 70 83 193 655
internal_value=0.0283496 0.267216 0.564606 0.920249 -0.00561482 0.0202325
internal_weight=3220 400 201 131 2820 2627
internal_count=3220 400 201 131 2820 2627
is_linear=0
shrinkage=0.03


Tree=289
num_leaves=7
num_cat=0
split_feature=3 8 8 7 8 8
split_gain=26089.5 49183.3 27536.4 36214.3 43956.1 39280.5
threshold=7.5000000000000009 6.0416666666569663 8.4583333333430364 0.92316915698210678 9.6250000000000018 23.125000000000004
decision_type=8 2 2 10 2 2
left_child=-1 -2 -3 -4 -5 -6
right_child=1 2 3 4 5 -7
leaf_value=-0.078603994425459359 -0.26525167222300261 0.43355563614679421 -0.015189293276906282 -0.52305560556325048 0.44931304743783851 -0.41901642200465383
leaf_weight=1170 286 275 883 54 495 51
leaf_count=1170 286 275 883 54 495 51
internal_value=0.0343278 0.0989776 0.158349 0.107059 0.286693 0.367588
internal_weight=3214 2044 1758 1483 600 546
internal_count=3214 2044 1758 1483 600 546
is_linear=0
shrinkage=0.03


Tree=290
num_leaves=7
num_cat=0
split_feature=4 6 3 0 3 6
split_gain=15641 20093 30195.8 35599.5 21381.9 17915.3
threshold=7.7119058433441703 26.333695652173919 11.500000000000002 339.00000000000006 15.500000000000002 0.42928571428571433
decision_type=8 8 8 2 8 8
left_child=1 2 -1 -4 -3 -2
right_child=5 4 3 -5 -6 -7
leaf_value=0.0098256963535990876 -0.18958310964495637 -0.37233106630338614 0.16839895804914143 1.198733160572081 0.055816746063290103 0.54507905775904664
leaf_weight=2541 42 241 116 40 185 99
leaf_count=2541 42 241 116 40 185 99
internal_value=0.018518 0.00451519 0.0347767 0.43854 -0.186703 0.32645
internal_weight=3264 3123 2697 156 426 141
internal_count=3264 3123 2697 156 426 141
is_linear=0
shrinkage=0.03


Tree=291
num_leaves=7
num_cat=0
split_feature=0 4 7 6 6 1
split_gain=33175.3 34046.7 14436.7 9306.8 22241.4 31577.7
threshold=306.50000000000006 3.1063731902191711 0.92118697346913125 14.222500000000002 19.122073039742219 -151.75053393840787
decision_type=2 10 10 10 10 10
left_child=3 -2 -3 -1 5 -5
right_child=1 2 -4 4 -6 -7
leaf_value=0.0097651171439275056 0.0097651171439275056 0.43672426509857176 1.1421589264422654 -0.46571809656090202 0.0097651171439275056 -0.050575630068200303
leaf_weight=1765 53 59 49 242 580 514
leaf_count=1765 53 59 49 242 580 514
internal_value=0.0316322 0.45015 0.764325 0.00976512 -0.0693862 -0.183905
internal_weight=3262 161 108 3101 1336 756
internal_count=3262 161 108 3101 1336 756
is_linear=0
shrinkage=0.03


Tree=292
num_leaves=7
num_cat=0
split_feature=8 2 8 6 8 8
split_gain=23453.6 37279.7 48076.3 27856.8 24615.2 21835.2
threshold=20.458333333343038 120.22161948680879 23.125000000000004 14.890813464235624 19.458333333343038 15.708333333343036
decision_type=2 8 2 8 2 2
left_child=4 -2 3 -3 5 -1
right_child=1 2 -4 -5 -6 -7
leaf_value=-0.012054328421480772 -0.018892575746629295 1.3839599294349794 -0.018892575746629295 0.44987368901228081 -0.32723263676581754 0.18629319814774375
leaf_weight=2016 204 60 70 57 177 663
leaf_count=2016 204 60 70 57 177 663
internal_value=0.0442704 0.261869 0.566625 0.936561 0.0143989 0.037084
internal_weight=3247 391 187 117 2856 2679
internal_count=3247 391 187 117 2856 2679
is_linear=0
shrinkage=0.03


Tree=293
num_leaves=7
num_cat=0
split_feature=0 3 7 3 2 0
split_gain=40765 39711 11546.2 10807.9 11787.4 8332.37
threshold=306.50000000000006 10.500000000000002 0.9679449541284405 7.5000000000000009 242.87387955188754 -41.499999999999993
decision_type=2 10 10 8 8 2
left_child=2 -2 5 -4 -5 -1
right_child=1 -3 3 4 -6 -7
leaf_value=-0.1396218801545647 -0.011951561711400806 0.95758108151109911 -0.011951561711400806 -0.63400995412155192 -0.12978667182043979 -0.011951561711400806
leaf_weight=529 73 78 131 75 94 2216
leaf_count=529 73 78 131 75 94 2216
internal_value=0.0119789 0.491454 -0.0119516 -0.197758 -0.355968 -0.0119516
internal_weight=3196 151 3045 300 169 2745
internal_count=3196 151 3045 300 169 2745
is_linear=0
shrinkage=0.03


Tree=294
num_leaves=7
num_cat=0
split_feature=4 8 2 8 8 6
split_gain=30284.8 27042 38498.1 34990.2 43425.9 26826.4
threshold=7.7119058433441703 0.62500000000000011 126.3981422185898 10.041666666656967 11.541666666656967 14.563822115384619
decision_type=10 2 10 2 2 8
left_child=1 -1 -3 -4 -5 -6
right_child=-2 2 3 4 5 -7
leaf_value=-0.54041948229074477 0.6349985980306353 -0.027129125376178193 -0.027129125376178193 1.1371905134544997 0.51851405891976998 -0.01755633223056793
leaf_weight=79 69 2597 78 60 177 159
leaf_count=79 69 2597 78 60 177 159
internal_value=0.0178178 0.00410141 0.0182803 0.266608 0.400139 0.265539
internal_weight=3219 3150 3071 474 396 336
internal_count=3219 3150 3071 474 396 336
is_linear=0
shrinkage=0.03


Tree=295
num_leaves=7
num_cat=0
split_feature=8 8 1 5 0 7
split_gain=22033.1 46450.4 43335.8 84766.9 40289 33314.4
threshold=15.708333333343036 17.291666666656969 172.79586005210879 -58.807886481285088 258.50000000000006 0.91852892218060767
decision_type=2 2 8 10 2 10
left_child=-1 5 -3 4 -4 -2
right_child=1 2 3 -5 -6 -7
leaf_value=-0.01352623060234447 0.16643682602429535 -0.10284820546095554 0.43182415346304576 -0.10284820546095554 1.3730726170876333 0.78836890331000686
leaf_weight=2009 163 625 125 126 61 148
leaf_count=2009 163 625 125 126 61 148
internal_value=0.0479814 0.146927 0.0413099 0.329494 0.746205 0.463983
internal_weight=3257 1248 937 312 186 311
internal_count=3257 1248 937 312 186 311
is_linear=0
shrinkage=0.03


Tree=296
num_leaves=7
num_cat=0
split_feature=6 2 2 0 5 3
split_gain=21067.8 43048.9 28595.2 21631.9 28157.6 38815.9
threshold=14.222500000000002 -31.490810036659237 242.87387955188754 271.50000000000006 500.1004359722138 6.5000000000000009
decision_type=8 8 10 2 8 8
left_child=1 -1 -3 4 -2 -6
right_child=3 2 -4 -5 5 -7
leaf_value=-0.18495924777616329 0.21544161415681606 0.14860611602557833 0.76925705147880907 0.39388027415327403 -0.5707256240966897 -0.073689007489417688
leaf_weight=368 245 1157 70 91 160 1166
leaf_count=368 245 1157 70 91 160 1166
internal_value=0.0214263 0.0992814 0.184612 -0.053305 -0.0794423 -0.134048
internal_weight=3257 1595 1227 1662 1571 1326
internal_count=3257 1595 1227 1662 1571 1326
is_linear=0
shrinkage=0.03


Tree=297
num_leaves=7
num_cat=0
split_feature=0 5 1 8 1 0
split_gain=23077.8 75016.9 12289.9 7038.11 8476.94 4945.75
threshold=339.00000000000006 -73.287923455238328 -264.84100000063569 23.125000000000004 266.28998843828839 -23.499999999999996
decision_type=2 10 8 2 8 2
left_child=2 -2 -1 5 -5 -4
right_child=1 -3 3 4 -6 -7
leaf_value=-0.41569231220654079 1.0858694987391169 0.0033186566732636515 -0.081351333605314838 -0.41569231220654079 0.0033186566732636515 0.0033186566732636515
leaf_weight=62 75 42 737 41 44 2257
leaf_count=62 75 42 737 41 44 2257
internal_value=0.018793 0.430672 0.00331866 0.00331866 -0.272879 0.00331866
internal_weight=3258 117 3141 3079 85 2994
internal_count=3258 117 3141 3079 85 2994
is_linear=0
shrinkage=0.03


Tree=298
num_leaves=7
num_cat=0
split_feature=8 2 8 8 8 7
split_gain=20773 46671.6 33120.7 20304.1 42729.4 46447.3
threshold=20.458333333343038 73.61736369132997 23.125000000000004 17.708333333343038 15.708333333343036 0.8756909451824707
decision_type=2 8 2 2 2 10
left_child=3 -2 -3 4 -1 -6
right_child=1 2 -4 -5 5 -7
leaf_value=-0.029045374599284014 -0.13335858214096943 0.76843566521702189 -0.026219574349267142 -0.1850978189634408 -0.20934574469784709 0.53092320534108739
leaf_weight=1982 182 148 69 493 106 267
leaf_count=1982 182 148 69 493 106 267
internal_value=0.0181986 0.220642 0.516796 -0.0102309 0.0264391 0.320555
internal_weight=3247 399 217 2848 2355 373
internal_count=3247 399 217 2848 2355 373
is_linear=0
shrinkage=0.03


Tree=299
num_leaves=7
num_cat=0
split_feature=2 8 8 0 8 8
split_gain=24322.2 40823.3 33138.7 17582.1 20281.2 20356.8
threshold=126.3981422185898 10.041666666656967 11.625000000000002 8.5000000000000018 14.125000000000002 22.791666666656969
decision_type=10 2 2 2 2 2
left_child=-1 -2 -3 -4 -5 -6
right_child=1 2 3 4 5 -7
leaf_value=0.0073761358081583846 0.0073761358081583846 1.0145675334063444 0.0073761358081583846 0.0073761358081583846 0.7385199386626482 0.0073761358081583846
leaf_weight=2746 108 65 97 63 145 41
leaf_count=2746 108 65 97 63 145 41
internal_value=0.0430048 0.231137 0.397724 0.279253 0.414675 0.572523
internal_weight=3265 519 411 346 249 186
internal_count=3265 519 411 346 249 186
is_linear=0
shrinkage=0.03


end of trees

feature_importances:
cur_dev_s=309
hist_tgt_delay=253
hour=238
valid_share_30m=225
det_stops_to_tgt=214
det_plus_hist_gain=163
speed_mean_5m=138
plan_path_speed=135
layover_slack_s=125

parameters:
[boosting: gbdt]
[objective: huber]
[metric: huber]
[tree_learner: serial]
[device_type: cpu]
[data_sample_strategy: bagging]
[data: ]
[valid: ]
[num_iterations: 300]
[learning_rate: 0.03]
[num_leaves: 7]
[num_threads: 8]
[seed: 0]
[deterministic: 0]
[force_col_wise: 0]
[force_row_wise: 0]
[histogram_pool_size: -1]
[max_depth: -1]
[min_data_in_leaf: 40]
[min_sum_hessian_in_leaf: 0.001]
[bagging_fraction: 0.8]
[pos_bagging_fraction: 1]
[neg_bagging_fraction: 1]
[bagging_freq: 1]
[bagging_seed: 7719]
[bagging_by_query: 0]
[feature_fraction: 0.7]
[feature_fraction_bynode: 1]
[feature_fraction_seed: 2437]
[extra_trees: 0]
[extra_seed: 11797]
[early_stopping_round: 0]
[early_stopping_min_delta: 0]
[first_metric_only: 0]
[max_delta_step: 0]
[lambda_l1: 0]
[lambda_l2: 1]
[linear_lambda: 0]
[min_gain_to_split: 0]
[drop_rate: 0.1]
[max_drop: 50]
[skip_drop: 0.5]
[xgboost_dart_mode: 0]
[uniform_drop: 0]
[drop_seed: 21238]
[top_rate: 0.2]
[other_rate: 0.1]
[min_data_per_group: 100]
[max_cat_threshold: 32]
[cat_l2: 10]
[cat_smooth: 10]
[max_cat_to_onehot: 4]
[top_k: 20]
[monotone_constraints: 1,1,1,0,0,-1,0,0,0]
[monotone_constraints_method: intermediate]
[monotone_penalty: 0]
[feature_contri: ]
[forcedsplits_filename: ]
[refit_decay_rate: 0.9]
[cegb_tradeoff: 1]
[cegb_penalty_split: 0]
[cegb_penalty_feature_lazy: ]
[cegb_penalty_feature_coupled: ]
[path_smooth: 0]
[interaction_constraints: ]
[verbosity: -1]
[saved_feature_importance_type: 0]
[use_quantized_grad: 0]
[num_grad_quant_bins: 4]
[quant_train_renew_leaf: 0]
[stochastic_rounding: 1]
[linear_tree: 0]
[max_bin: 255]
[max_bin_by_feature: ]
[min_data_in_bin: 3]
[bin_construct_sample_cnt: 200000]
[data_random_seed: 38]
[is_enable_sparse: 1]
[enable_bundle: 1]
[use_missing: 1]
[zero_as_missing: 0]
[feature_pre_filter: 1]
[pre_partition: 0]
[two_round: 0]
[header: 0]
[label_column: ]
[weight_column: ]
[group_column: ]
[ignore_column: ]
[categorical_feature: ]
[forcedbins_filename: ]
[precise_float_parser: 0]
[parser_config_file: ]
[objective_seed: 8855]
[num_class: 1]
[is_unbalance: 0]
[scale_pos_weight: 1]
[sigmoid: 1]
[boost_from_average: 1]
[reg_sqrt: 0]
[alpha: 60]
[fair_c: 1]
[poisson_max_delta_step: 0.7]
[tweedie_variance_power: 1.5]
[lambdarank_truncation_level: 30]
[lambdarank_norm: 1]
[label_gain: ]
[lambdarank_position_bias_regularization: 0]
[eval_at: ]
[multi_error_top_k: 1]
[auc_mu_weights: ]
[num_machines: 1]
[local_listen_port: 12400]
[time_out: 120]
[machine_list_filename: ]
[machines: ]
[gpu_platform_id: -1]
[gpu_device_id: -1]
[gpu_device_id_list: ]
[gpu_use_dp: 0]
[num_gpu: 1]

end of parameters

pandas_categorical:[]
